:020000040800F2
:100000006807002089460008893100088B31000804
:100010008F3100089331000897310008000000007C
:100020000000000000000000000000009B310008FC
:100030009D310008000000009F310008A131000838
:10004000A3460008A3460008A3460008A3460008EC
:10005000A3460008A3460008A3460008434500083D
:10006000A3460008A3460008A3460008A3460008CC
:10007000A3460008A3460008A3460008A3460008BC
:10008000A3460008A3460008A3460008A3460008AC
:10009000A3460008A3460008A3460008A34600089C
:1000A000A3460008A5440008A3460008A34600088C
:1000B000A34600083528000845280008A346000884
:1000C000A3460008A3460008A3460008A34600086C
:1000D000A3460008A3460008A3460008A34600085C
:1000E000A3460008A3460008A3460008DFF80CD08A
:1000F00007F036FE00480047812600086807002008
:1001000031490143314A1160704770B50021002325
:100110000F22C47804B32D4C246804F4E064C4F5C1
:10012000E064210AC1F10403CA40447804FA03F1EF
:100130008478144021430901254C0678A1550478A0
:1001400004F01F050124AC4005786D11AD0005F1E8
:10015000E025C5F8004109E0047804F01F050124FA
:10016000AC401C4D0678761145F8264070BD1A4A01
:100170000A400243154B1B1F1A60704739B1134ADE
:10018000121D12680243114B1B1D1A6006E00F4A34
:10019000121D126882430D4B1B1D1A607047042804
:1001A00008D14FF0E021096941F004014FF0E0224D
:1001B000116107E04FF0E021096921F004014FF0DF
:1001C000E0221161704700000000FA050CED00E02C
:1001D00000E400E080E100E080FFFF1F00204449D0
:1001E0000860091D0860091D0860091D0860414874
:1001F0003F4914310860704700213D498279002A47
:100200003AD00A46126803689A430B461A600A1DE0
:10021000126803689A430B1D1A60027911440A6838
:1002200003681A430A60324A0832126803689A4324
:100230002F4B08331A601A1D126803689A432C4B1F
:100240000C331A604279102A0ED11A1F1268036803
:100250001A43274B08331A601A1D126803681A43A1
:10026000234B0C331A600DE02149427911440A688E
:1002700003681A430A6005E0027911440A680368BA
:100280009A430A6070470021016001710C2141719D
:100290000021817170471649103109680143144AE1
:1002A00010321160704701460020114A1432126862
:1002B0000A400AB1012000E0002070470C491431C7
:1002C00008607047014600200022094B1B6803EAC2
:1002D0000102074B14331B680B4013B10AB1012014
:1002E00000E00020704702491431086070470000A8
:1002F00000040140FFFF0F0010B50446CC488442C3
:1003000008D10121042000F02DFB0021042000F081
:1003100029FB46E0C748844208D10121082000F0AB
:1003200021FB0021082000F01DFB3AE0C248844276
:1003300008D10121102000F015FB0021102000F051
:1003400011FB2EE0BD48844208D10121202000F09D
:1003500009FB0021202000F005FB22E0B848844280
:1003600008D10121402000F0FDFA0021402000F0DA
:10037000F9FA16E0B348844208D10121802000F048
:10038000F1FA0021802000F0EDFA0AE0AE48844244
:1003900007D10121801500F0E5FA0021A01500F039
:1003A000E1FA10BD10B50121084600F0DBFA00218A
:1003B000012000F0D7FA10BD2DE9F04102460025DA
:1003C0000026002000230024002791F803C00CF031
:1003D0000F0591F803C00CF0100CBCF1000F03D016
:1003E00091F802C04CEA050591F800C0BCF1000F7D
:1003F00031D0146800202BE04FF0010C0CFA00F310
:10040000B1F800C00CEA03069E4220D183004FF0F1
:100410000F0C0CFA03F7BC4305FA03FC4CEA040486
:1004200091F803C0BCF1280F06D14FF0010C0CFA73
:1004300000FCC2F814C00AE091F803C0BCF1480FF8
:1004400005D14FF0010C0CFA00FCC2F810C0401CA2
:100450000828D1D31460B1F800C0BCF1FF0F34DD1F
:10046000546800202EE000F1080C4FF0010808FA53
:100470000CF3B1F800C00CEA03069E4221D18300C0
:100480004FF00F0C0CFA03F7BC4305FA03FC4CEADF
:10049000040491F803C0BCF1280F05D100F1080C49
:1004A00008FA0CF8C2F8148091F803C0BCF1480FA8
:1004B00007D100F1080C4FF0010808FA0CF8C2F857
:1004C0001080401C0828CED35460BDE8F0814FF660
:1004D000FF710180022181700421C17070470246C2
:1004E000002093680B400BB1012000E00020704712
:1004F0000146886880B2704702460020D3680B40EE
:100500000BB1012000E0002070470146C86880B2AE
:10051000704701617047416170470AB1016100E0B5
:1005200041617047C16070474FF480320A43826175
:100530008161826182698269704702460020434B73
:1005400018684FF68073184040EA021008433F4B8A
:10055000186070473E49C8617047F0B50A460023ED
:1005600000240021002500F00046B6F1004F02D122
:10057000364EF16901E0354E7168C0F3034583B230
:1005800000F44016B6F5401F08D121F070612F4EDF
:10059000766826F070662D4F7E6012E000F48016BB
:1005A000B6F5801F06D1032606FA05F4A14341F0F3
:1005B000706106E0460D360103FA06F6B14341F0DC
:1005C000706122B1460D360103FA06F6314300F0A0
:1005D0000046B6F1004F02D11C4EF16101E01B4E06
:1005E0007160F0BD30B500228B071C0F0F2303FA9A
:1005F00004F2164B08338C1053F824309343134CF9
:1006000008348D1044F8253023468C1053F82430DC
:100610008C07240F00FA04F423430C4C08348D108B
:1006200044F8253030BD0A49DC31086070470000CD
:1006300000080140000C014000100140001401407E
:1006400000180140001C0140002001400000014052
:1006500000002042DF48006840F00100DD490860EA
:1006600008464068DC490840DA49486008460068A6
:10067000DA490840D74908600846006820F480201D
:1006800008600846406820F4FE0048604FF41F00F0
:1006900088607047CF49096821F48031CD4A1160E4
:1006A0001146096821F480211160B0F5803F03D024
:1006B000B0F5802F0ED106E0C649096841F48031BB
:1006C000C44A116007E0C349096841F4A021C14A46
:1006D000116000E000BF00BF704710B50146002266
:1006E000002300204A11012A02D1BA4C236806E0F7
:1006F000022A02D1B74C236A01E0B64C636A01F0CA
:100700001F02012494401C400CB1012000E0002095
:1007100010BD38B5002000900024002500BF312016
:10072000FFF7DBFF05460098401C00900098B0F5ED
:10073000A06F01D0002DF2D03120FFF7CEFF08B11D
:10074000012400E00024204638BD01460020A14AD3
:10075000106820F0F80040EAC10010607047A0491E
:1007600008607047024600209A4B586820F47C10BD
:1007700042EA01031843974B58607047984908664E
:10078000704701460020934A506820F00300084358
:10079000506070478F48406800F00C007047014679
:1007A00000208C4A506820F0F000084350607047E9
:1007B00001460020874A506820F4E06008435060FA
:1007C000704701460020834A506820F4605040EA98
:1007D000C1005060704729B17E4A527A02437D4B76
:1007E0005A7204E07B4A527A82437A4B5A727047BB
:1007F0007B49D8310860704701460020754A50682F
:1008000020F440400843506070470021714A203274
:100810001170704A82F82010012802D004280AD1F1
:1008200004E001216B4A2032117005E00521694A7C
:100830002032117000E000BF00BF704769490860B6
:1008400070476449096A0143624A11627047654909
:1008500044390860704730B500210022002400238D
:100860005C4D6D6805F00C0121B1042905D0082903
:1008700023D105E05C4D056022E05B4D05601FE083
:10088000544D6D6805F47012524D6D6805F4803456
:10089000022505EB92421CB9544D554305600BE00F
:1008A0004C4D6D6805F400351DB1504D5543056044
:1008B00002E04D4D5543056002E04B4D056000BF21
:1008C00000BF444D6D6805F0F0010909484D6B5CAF
:1008D0000568DD4045603F4D6D6805F4E061090A3B
:1008E000434D6B5C4568DD4085603A4D6D6805F4AD
:1008F0006051C90A3E4D6B5C4568DD40C560354DB1
:100900006D6805F44041890B3A4D6B5CC568B5FBD9
:10091000F3F5056130BD29B12E4A526902432D4BD2
:100920005A6104E02B4A526982432A4B5A6170474C
:1009300029B1284A92690243264B9A6104E0254A6C
:1009400092698243234B9A61704729B1214AD26947
:100950000243204BDA6104E01E4AD26982431D4BF8
:10096000DA61704729B11B4AD2680243194BDA6039
:1009700004E0184AD2688243164BDA60704729B106
:10098000144A12690243134B1A6104E0114A1269B6
:100990008243104B1A617047124940390860704712
:1009A0000F49C86470470B49C87170470948406ACD
:1009B00040F0807007494862704701460020054AB0
:1009C00092680A400AB1012000E000207047014906
:1009D00088727047001002400000FFF8FFFFF6FE2B
:1009E000000042428004424200127A0000093D00A9
:1009F000000000201000002010B50446FE4884428C
:100A000008D10121C014FFF7ADFF0021E014FFF76A
:100A1000A9FFC4E0B4F1804F08D101210846FFF7D7
:100A2000AEFF00210120FFF7AAFFB8E0F34884429F
:100A300008D101210220FFF7A2FF00210220FFF7C9
:100A40009EFFACE0EE48844208D101210420FFF76C
:100A500096FF00210420FFF792FFA0E0E9488442BE
:100A600008D101210820FFF78AFF00210820FFF7A5
:100A700086FF94E0E448844208D101211020FFF76A
:100A80007EFF00211020FFF77AFF88E0DF488442D4
:100A900008D101212020FFF772FF00212020FFF75D
:100AA0006EFF7CE0DA48844208D101214014FFF750
:100AB00059FF00216014FFF755FF70E0D5488442CC
:100AC00009D10121C804FFF74DFF00214FF4002098
:100AD000FFF748FF63E0D048844209D101210805AF
:100AE000FFF740FF00214FF48010FFF73BFF56E077
:100AF000CA48844209D101214805FFF733FF00218C
:100B00004FF40010FFF72EFF49E0C548844208D19A
:100B100001214020FFF733FF00214020FFF72FFF86
:100B20003DE0C048844208D101218020FFF727FF23
:100B300000218020FFF723FF31E0BB48844208D129
:100B400001218015FFF71BFF0021A015FFF717FFFC
:100B500025E0B648844209D101210804FFF702FFCD
:100B600000214FF48030FFF7FDFE18E0B0488442CA
:100B700009D101214804FFF7F5FE00214FF40030B0
:100B8000FFF7F0FE0BE0AB48844208D10121880456
:100B9000FFF7E8FE00214FF48020FFF7E3FE10BDD1
:100BA00000220288944B98420ED0994B98420BD069
:100BB000B0F1804F08D0914B984205D0904B9842AD
:100BC00002D0904B984204D14FF68F731A404B8855
:100BD0001A438D4B984207D08C4B984204D04FF665
:100BE000FF431A40CB881A4302808B8883850B8889
:100BF0000385814B98420BD0854B984208D08B4B94
:100C0000984205D08A4B984202D08A4B984201D133
:100C10000B7A038601238382704770B5002400227B
:100C20000023058C4FF6FE7635400584028C8388C0
:100C3000048B4FF68F752C40B51E2C400D882C432D
:100C4000751E2A400D892A434D882A436A4DA842C1
:100C50000BD06F4DA84208D0744DA84205D0744DFA
:100C6000A84202D0734DA84213D14FF6F7752A401F
:100C70004D892A434FF6FB752A408D882A434FF64B
:100C8000FF652B404FF6FF552B408D892B43CD89B7
:100C90002B4383800483CD888586028470BD70B524
:100CA000002400220023058C4FF6EF7635400584A2
:100CB000028C8388048B48F6FF752C404FF6FF4565
:100CC0002C400D884FF6FF7606EA05252C434FF69B
:100CD000DF752A400D8906EA05152A434D8806EA84
:100CE00005152A43444DA84202D0494DA8421DD1C2
:100CF0004FF67F752A404D894FF6FF7606EA0515B7
:100D00002A434FF6BF752A408D8806EA05152A4307
:100D10004FF6FF352B404FF2FF752B408D8906EAC9
:100D200085052B43CD8906EA85052B438380048303
:100D3000CD880587028470BD70B500240022002391
:100D4000058C4FF6FF6635400584028C8388848BC2
:100D50004FF68F752C404FF6FC752C400D882C43B8
:100D60004FF6FF552A400D894FF6FF7606EA052516
:100D70002A434D8806EA05252A431F4DA84202D082
:100D8000234DA8421DD14FF2FF752A404D894FF6E1
:100D9000FF7606EA05252A434FF6FF352A408D885F
:100DA00006EA05252A434EF6FF752B404DF6FF75E2
:100DB0002B408D8906EA05152B43CD8906EA0515DA
:100DC0002B4383808483CD888587028470BD70B572
:100DD000002200230024058C4EF6FF763540058462
:100DE000038C8488828B48F6FF752A404FF6FF45B6
:100DF0002A400D8820E00000002C01400004004043
:100E000000080040000C00400010004000140040AA
:100E100000340140004C01400050014000540140AA
:100E200000180040001C004000200040004001402D
:100E300000440140004801404FF6FF7606EA0525D0
:100E40002A434DF6FF752B400D8906EA05352B43E5
:100E50004D8806EA05352B43FA4DA84202D0FA4DDB
:100E6000A84208D14BF6FF752C408D894FF6FF76CE
:100E700006EA85152C4384808283CD88A0F84050F3
:100E8000038470BD828B4FF2FF331A408283828BC2
:100E90004FF6FF7303EA01231A4382837047F0B5CC
:100EA0000C461546002200210026078C4EF6FF7CDA
:100EB00007EA0C070784828B018C4FF6FF7707EA5D
:100EC000043640F6FF473A404FF6FF7707EA05271A
:100ED0003A434FF6FF7707EA03373A43D94FB84210
:100EE0000ED0D94FB8420BD0B0F1804F08D0D74FB9
:100EF000B84205D0D64FB84202D0D64FB84206D13C
:100F00004DF6FF77394046F48057394305E047F600
:100F1000FF57394044F48057394382830184F0BD40
:100F2000828B4FF6F3731A408283828B0A4382834B
:100F30007047F0B50C461546002200210026078CAC
:100F40004FF6FF6C07EA0C070784828B018C4FF683
:100F5000FF7707EA04264FF60C773A404FF6FF7703
:100F600007EA03172F433A43B64FB8420ED0B64FA5
:100F7000B8420BD0B0F1804F08D0B44FB84205D082
:100F8000B34FB84202D0B34FB84206D14FF6FF5725
:100F9000394046F48077394305E04FF2FF57394036
:100FA00044F48077394382830184F0BD028B4FF291
:100FB000FF331A400283028B4FF6FF7303EA0123CB
:100FC0001A4302837047F0B50C46154600220021F3
:100FD0000026078C4FF6EF7C07EA0C070784028B8C
:100FE000018C4FF6FF7707EA041640F6FF473A40B8
:100FF0004FF6FF7707EA03373A434FF6FF7707EAE2
:1010000005273A438F4FB8420ED08F4FB8420BD0CE
:10101000B0F1804F08D08D4FB84205D08C4FB84208
:1010200002D08C4FB84206D14FF6DF77394046F0F8
:101030001007394305E04FF65F77394044F0100759
:10104000394302830184F0BD028B4FF6F3731A40DB
:101050000283028B0A4302837047F0B50C461546A3
:1010600000220021068C4FF6FE773E400684028B5C
:10107000018C4FF60C7632407E1C06EA03162E4396
:101080003243704EB0420ED06F4EB0420BD0B0F132
:10109000804F08D06D4EB04205D06D4EB04202D0A8
:1010A0006C4EB04206D14FF6FD76314044F0010659
:1010B000314305E04FF6F576314044F00106314307
:1010C00002830184F0BD70B505460C465D4885423B
:1010D0000ED05D4885420BD0B5F1804F08D05B48FB
:1010E000854205D05A48854202D05A48854200D1EF
:1010F00000E000BF208850B92389A2886188284673
:10110000FFF7ABFFE1882846FFF79EFF25E0208828
:1011100004280AD12389A28861882846FFF753FF53
:10112000E1882846FFF742FF17E0208808280AD107
:101130002389A28861882846FFF7FBFEE1882846BC
:10114000FFF7EEFE09E02389A28861882846FFF7B1
:10115000A6FEE1882846FFF795FE70BD2DE9F04117
:1011600005460C4600260127608808B9022600E0E3
:101170000026A088012801D1022700E0012720884D
:10118000A0B92389A28861882846FFF766FFE18815
:101190002846FFF759FF23893A4631462846FFF78C
:1011A00012FFE1882846FFF701FF13E02389A28898
:1011B00061882846FFF707FFE1882846FFF7F6FE1B
:1011C00023893A4631462846FFF747FFE1882846FB
:1011D000FFF73AFFBDE8F0810A884B881A438B88F5
:1011E0001A43CB881A430B891A434B891A438B89BC
:1011F0001A43A0F8442070474FF6FF718180002108
:101200000180C180418001727047002101804180CE
:101210008180C180018141818181C181704700212C
:1012200001804180012181800021C18001817047BE
:101230000021018041808180C180018141818181C3
:1012400070470000002C01400034014000040040C1
:1012500000080040000C004021B1028842F0010269
:10126000028004E002884FF6FE731A400280704745
:1012700031B1B0F8442042F40042A0F8442005E027
:10128000B0F84420C2F30E02A0F8442070471AB10F
:1012900083890B43838102E083898B438381704779
:1012A0008182704741EA0203A0F8483070471AB1C2
:1012B00083890B43838102E083898B438381704759
:1012C00001894FF6F8721140018170470A460021EA
:1012D00001894FF68F73194011430181704730B572
:1012E00004460D4629462046FFF7F0FF208940F0CE
:1012F0000700208130BD2DE9F04104460D46164619
:101300001F46602D06D13B46012231462046FFF79D
:101310005AFE05E03B46012231462046FFF79DFE7E
:1013200029462046FFF7D2FF208940F007002081A0
:10133000BDE8F08130B50C4600210189C9B24FF6F5
:10134000FF7505EA0325154325432943018130BD77
:101350002DE9F04105460E461746984600244346BF
:101360003A4631462846FFF7E5FF2C894FF6F870DC
:10137000044044F007044FF68F70044044F07004BA
:101380002C81BDE8F081F0B504460D4616461F4697
:101390003B46324629462046FFF7CCFF208940F4E1
:1013A00080402081F0BD0185828270470A4600217D
:1013B00001884FF68F731940114301807047F0B5D3
:1013C0000C4615461E460021002200230189028B8F
:1013D000038C4FF6F877394021434FF6FC473A40EB
:1013E00040F201173A434FF6DD773B404FF6FF7767
:1013F00007EA06172F433B43018102830384F0BDB4
:101400000A460021018B4FF68F7319401143018367
:1014100070470A460021018B48F6FF7319404FF6CA
:10142000FF7303EA02231943018370470A46002130
:10143000818B4FF68F7319401143818370470A46A1
:101440000021818B48F6FF7319404FF6FF7303EAC2
:10145000022319438183704721B1028842F0800240
:10146000028004E002884FF67F731A4002807047C2
:1014700021B1828842F00402828004E082884FF623
:10148000FB731A408280704721B1828842F00802C3
:10149000828004E082884FF6F7731A40828070479A
:1014A00021B1828842F00102828004E082884FF6F6
:1014B000FE731A40828070470A460021018B4FF666
:1014C000F77319401143018370470A460021018BCD
:1014D0004FF2FF7319404FF6FF7303EA02231943DB
:1014E000018370470A460021818B4FF6F77319403C
:1014F0001143818370470A460021818B4FF2FF73AD
:1015000019404FF6FF7303EA0223194381837047A2
:101510000A460021018B4FF6FB73194011430183EA
:1015200070470A460021018B4FF6FF3319404FF6F2
:10153000FF7303EA02231943018370470A4600211F
:10154000818B4FF6FB7319401143818370470A4624
:101550000021818B4FF6FF3319404FF6FF7303EAEA
:1015600002231943818370470A460021018B4FF6FD
:101570007F7319401143018370470A460021018B94
:10158000C1F30E014FF6FF7303EA022319430183EF
:1015900070470A460021818B4FF67F731940114333
:1015A000818370470A460021818BC1F30E014FF6FB
:1015B000FF7303EA02231943818370470A4600211F
:1015C000018C4FF6FD7319401143018470470A46A0
:1015D0000021018C4FF6F7731940114301847047C5
:1015E0000A460021018C4FF6DF7319404FF6FF7356
:1015F00003EA02131943018470470A460021018C53
:101600004FF67F7319404FF6FF7303EA0213194335
:10161000018470470A460021018C4FF6FF531940A0
:101620004FF6FF7303EA02231943018470470A4609
:101630000021018C4FF2FF7319404FF6FF7303EA4C
:1016400002231943018470470A460021018C4DF69C
:10165000FF7319404FF6FF7303EA02331943018405
:10166000704730B5002301248C40A3B2048C9C4306
:101670000484048C02FA01F5ADB22C43048430BD1D
:1016800030B5002304248C40A3B2048C9C43048412
:10169000048C02FA01F5ADB22C43048430BD70B560
:1016A0000346002000241846183001258D40ACB2B6
:1016B0001D8CA5431D8409B1082909D100EB6100E7
:1016C000056825F0700505600568154305600EE0A6
:1016D0000D1FC5F34E052844056825F4E045056057
:1016E00005684FF6FF7606EA02263543056070BDB1
:1016F00021B1028842F00202028004E002884FF623
:10170000FD731A400280704721B1028842F0040242
:10171000028004E002884FF6FB731A400280704793
:1017200021B1828842F08002828004E082884FF6F4
:101730007F731A408280704702884FF6F7731A4011
:10174000028002880A430280704782884FF68F73B6
:101750001A40828082880A438280704702894FF64D
:10176000F8731A40028102890A4302817047028994
:101770004FF67F731A40028102890A430281704743
:1017800081847047818570478186704701877047E3
:1017900081877047A0F84010704702884FF6FF43DA
:1017A0001A40028002880A43028070470146888EF0
:1017B00070470146088F70470146888F7047014681
:1017C000B1F8400070470146888C70470146088D8B
:1017D000704702460020138A0B400BB1012000E045
:1017E00000207047CA430282704730B5024600208D
:1017F00000230024158A05EA0103958905EA0104FE
:1018000013B10CB1012000E0002030BDCA430282B8
:101810007047000010B50446FB48844209D10121FD
:101820008803FFF79FF800214FF48040FFF79AF8F4
:1018300032E0F648844209D101214804FFF79FF8BD
:1018400000214FF40030FFF79AF825E0F048844279
:1018500009D101218804FFF792F800214FF480207C
:10186000FFF78DF818E0EB48844209D10121C80444
:10187000FFF785F800214FF40020FFF780F80BE018
:10188000E548844208D101210805FFF778F80021D6
:101890004FF48010FFF773F810BD2DE9F04786B0C4
:1018A00005460E460024A24600BFA1460027B08987
:1018B00000B100BF2F462C8A4CF6FF700440F08820
:1018C00004432C82AC894EF6F3100440B088318971
:1018D0000843718908430443AC81AC8A4FF6FF404A
:1018E0000440B0890443AC8201A8FEF7B4FFC648A7
:1018F000874202D1DDF810A001E0DDF80CA0A88934
:1019000000F4004040B10AEBCA0000EB0A10316855
:101910004900B0FBF1F807E00AEBCA0000EB0A103F
:1019200031688900B0FBF1F86420B8FBF0F00401E5
:101930002009642101FB1089A88900F4004040B10E
:10194000322000EBC900B0FBF1F000F007000443C7
:1019500008E0322000EB09106421B0FBF1F000F048
:101960000F0004432C8106B0BDE8F0874FF41651F8
:10197000016000218180C18001810C214181002111
:101980008181704710B502460020108A4FF2FF0394
:1019900018400B884C8823438C882343CC882343EE
:1019A0001843108210BD0021018041808180C180D8
:1019B000704721B1828942F40052828104E0828919
:1019C0004DF6FF731A4082817047F0B5034600243C
:1019D00000260025002040F66A17B94200D100BF5A
:1019E0001846C1F3421401F01F06012707FA06F555
:1019F000012C01D10C3004E0022C01D1103000E0A8
:101A000014301AB107682F43076002E00768AF433C
:101A10000760F0BD1AB1838A0B43838202E0838A98
:101A20008B4383827047028A4FF6F0731A4002821A
:101A3000028A0A430282704782894FF2FF731A407A
:101A4000828182890A438281704721B1828942F072
:101A50000202828104E082894FF6FD731A4082817E
:101A60007047028A4FF6DF731A400282028A0A43E5
:101A70000282704721B1028A42F48042028204E06D
:101A8000028A4BF6FF731A4002827047C1F30802C4
:101A90008280704701468888C0F3080070478189BA
:101AA00041F0010181817047028BD2B20283028B27
:101AB00042EA012202837047028B02F47F420283D2
:101AC000028B0A430283704721B1828A42F02002CE
:101AD000828204E0828A4FF6DF731A408282704766
:101AE00021B1828A42F01002828204E0828A4FF69B
:101AF000EF731A408282704721B1828A42F0080255
:101B0000828204E0828A4FF6F7731A40828270471D
:101B100021B1828942F40042828103E08289C2F3CA
:101B20000E028281704721B1828A42F40062828271
:101B300004E0828A4FF2FF731A4082827047828AE1
:101B40004FF6FB731A408282828A0A438282704770
:101B500021B1828A42F00202828204E0828A4FF638
:101B6000FD731A408282704702460020B1F5007F63
:101B700000D100BF13880B400BB1012000E0002012
:101B8000704701F40072B2F5007F00D100BFCA4374
:101B90000280704770B50246002400230025002013
:101BA00040F66A16B14200D100BFC1F3421501F000
:101BB0001F03012606FA03F3012D02D19689334053
:101BC00006E0022D02D1168A334001E0968A3340A6
:101BD0000C12012606FA04F41688344013B10CB135
:101BE000012000E0002070BD10B50022002340F667
:101BF0006A14A14200D100BF0A1201249440A3B28A
:101C0000DC43048010BD0000003801400044004067
:101C100000480040004C00400050004010B5044611
:101C2000FA48844208D101214015FEF79BFE0021AD
:101C30006015FEF797FE17E0F548844208D10121B0
:101C40000015FEF78FFE00212015FEF78BFE0BE03E
:101C5000F048844208D10121C803FEF783FE002129
:101C60004FF40040FEF77EFE10BD30B50246002066
:101C700000235068E84C20400D790C6844EA0524A4
:101C8000204350609068E54C2040D1E902542C4339
:101C90004D7944EA450420439060D06A20F47000F6
:101CA0000C7C641EE4B2234340EA0350D06230BD92
:101CB00000210160017141718160C16001210174E5
:101CC000704721B1826842F00102826003E08268BD
:101CD00022F001028260704721B1826842F4807272
:101CE000826003E0826822F480728260704710B5DF
:101CF0000023CBB21AB144681C43446002E044683C
:101D00009C43446010BD816841F0080181607047C8
:101D1000014600208A6802F008020AB1012000E0B2
:101D200000207047816841F00401816070470146DE
:101D300000208A6802F004020AB1012000E00020BD
:101D4000704721B1826842F4A002826003E0826899
:101D500022F4A00282607047014600208A6802F4E3
:101D600080020AB1012000E00020704710B50A4649
:101D700000210023416821F46041531E41EA4331B0
:101D8000416010BD21B1426842F40062426003E04C
:101D9000426822F4006242607047F0B504460D4686
:101DA00000200021092D11DDE068A5F10A0606EBEF
:101DB0004607072606FA07F18843A5F10A0606EB4F
:101DC000460603FA06F10843E0600CE0206905EBE3
:101DD0004507072606FA07F1884305EB450603FA8F
:101DE00006F108432061072A0FDA606B561E06EBE6
:101DF00086071F2606FA07F18843561E06EB86065D
:101E000005FA06F10843606322E00D2A0FDA206B21
:101E1000D61F06EB86071F2606FA07F18843D61F52
:101E200006EB860605FA06F10843206310E0E06A37
:101E3000A2F10D0606EB86071F2606FA07F1884376
:101E4000A2F10D0606EB860605FA06F10843E062EC
:101E5000F0BD21B1826842F48012826003E08268A2
:101E600022F48012826070470146C86C80B27047CD
:101E700066484C300068704721B1426842F4806285
:101E8000426003E0426822F480624260704721B100
:101E9000426842F48052426003E0426822F4805279
:101EA000426070470A460021816821F4E0411143F5
:101EB0008160704721B1826842F40042826003E091
:101EC000826822F400428260704721B1826842F445
:101ED0000212826003E0826822F40212826070477C
:101EE000014600208A6802F400120AB1012000E0D5
:101EF00000207047F0B50446154600200022002659
:101F0000092911DDE068A1F10A0707EB470C072753
:101F100007FA0CF29043A1F10A0707EB470703FA0F
:101F200007F21043E0600CE0206901EB410C072749
:101F300007FA0CF2904301EB410703FA07F2104352
:101F40002061A06BC0F30156EF1C06F1010CA7EB5A
:101F50000C0707EB870C1F2707FA0CF29043EF1CC6
:101F600006F1010CA7EB0C0707EB870701FA07F254
:101F70001043A063F0BD10B50A4600210023816B19
:101F800021F44011531E41EA0351816310BD08B58D
:101F9000002300930090009B0B440093009B1A6069
:101FA00008BD08B5024600200090009201F128000B
:101FB000009B184400900098006880B208BD0A4653
:101FC00000214168164B194011434160704741623E
:101FD000826270470A460021416821F01F011143C7
:101FE0004160704740B109490831096841F4000176
:101FF000064A0832116007E004490831096821F4F3
:102000000001024A083211607047000000240140BC
:1020100000280140003C0140FFFEF0FFFDF7F1FF0A
:10202000FFFD3FFF0246002013680B400BB101206B
:1020300000E000207047CA430260704770B5024656
:102040000020002300240B125568CEB205EA0604D6
:1020500015681D4015B10CB1012000E0002070BDD5
:1020600000220A12D3430360704700000CB5002021
:10207000019000906C48006840F480306A49086024
:1020800000BF6948006800F4003000900198401CCF
:102090000190009818B90198B0F5A06FF1D162488D
:1020A000006800F4003010B10120009001E0002031
:1020B00000900098012843D15C48006840F010006F
:1020C0005A4908600846006820F003000860084686
:1020D000006840F002000860534840685249486078
:1020E0000846406848600846406840F480604860A0
:1020F0000846406820F47C1048600846406840F478
:10210000E81048600846006840F08070086000BF32
:102110004548006800F000700028F9D04248406847
:1021200020F00300404948600846406840F0020043
:10213000486000BF3C48406800F00C000828F9D116
:102140000CBD10B5FFF792FF10BD10B53648006802
:1021500040F00100344908600846406834490840AE
:102160003149486008460068324908402E490860F5
:102170000846006820F4802008600846406820F483
:10218000FE0048604FF41F008860FFF7DAFF4FF051
:1021900000602949086010BD10B500210020002210
:1021A000214B5B6803F00C0121B1042906D00829FA
:1021B00028D107E0214B224C236027E01F4B204C05
:1021C000236023E0184B5B6803F47010164B5B68C8
:1021D00003F48032022303EB904022B9194B4343AE
:1021E000174C23600DE0104B5B6803F4003323B100
:1021F000144B4343124C236003E0104B4343104CF9
:10220000236003E00D4B0E4C236000BF00BF064B64
:102210005B68C3F303130C4CE15C094B1B68CB40B8
:10222000074C236010BD0000001002400020024057
:102230000000FFF8FFFFF6FE08ED00E000127A0054
:102240001400002000093D0018000020014605E0B0
:10225000002001E0421CD0B20A28FBDB0A1EA1F1DB
:102260000101F5D1704710B5044603E04FF47A70D0
:10227000FFF7ECFF201EA4F10104F7D110BD704759
:1022800008B50720009002E00098401E00900098DA
:102290000028F9D108BD10B54FF40070E649086078
:1022A00040100860FFF7ECFFE3480838006808B901
:1022B000012000E0002000F4007008B1002010BDF3
:1022C0004FF40070DC49091D0860FFF7D9FFDA48B8
:1022D0000838006800F4007008B10020EFE74FF400
:1022E0000070D549091D0860FFF7CAFF0120E6E725
:1022F00010B54FF48070D049091D0860FFF7C0FF8A
:102300004FF40070CC49091D0860FFF7B9FF4FF486
:102310008070C9490860FFF7B3FF4FF40070C649E9
:102320000860FFF7ADFF10BD10B54FF48070C249D3
:10233000091D0860FFF7A4FF4FF40070BE49091D96
:102340000860FFF79DFF4FF48070BB490860FFF7FE
:1023500097FF4FF48070B849091D0860FFF790FFA0
:1023600010BD10B54FF48070B349091D0860FFF728
:1023700087FF4FF40070B0490860FFF781FF4FF40A
:102380008070AD490860FFF77BFF4FF48070AA4969
:10239000091D0860FFF774FF10BD10B54FF4807081
:1023A000A549091D0860FFF76BFF4FF40070A249B3
:1023B0000860FFF765FF4FF480709F490860FFF7E2
:1023C0005FFF9D480838006800F4007030B14FF49A
:1023D00080709949091D0860002010BD4FF480707D
:1023E0009549091D08600120F7E770B504460825E6
:1023F0001DE04FF480709049091D0860FFF740FF11
:1024000004F0800020B14FF400708B49086004E0B4
:102410004FF400708849091D08606006040EFFF73C
:102420002FFF4FF4807084490860FFF729FF281EB2
:10243000A5F10101CDB2DCD14FF480707E49091DB8
:10244000086070BD70B508250024A8017A490860AD
:1024500016E06006040E4FF480707749091D08608D
:10246000FFF70EFF4FF4807073490860FFF708FF15
:1024700071480838006800F4007008B144F00104A5
:10248000281EA5F10101CDB2E3D14FF480706A4955
:10249000091D0860204670BD08B501210820FEF71F
:1024A00047FA4FF44070ADF8000002208DF80200AA
:1024B00014208DF8030069465F481038FDF77CFF53
:1024C00008BD2DE9F04105460E4617469846FFF730
:1024D000E2FE10B90020BDE8F081002141EA45018B
:1024E000C8B2FFF782FFFFF758FF18B9FFF700FFE8
:1024F0000020F0E73046FFF778FFFFF74EFF00249B
:102500000BE018F80400FFF770FFFFF746FF18B95B
:10251000FFF7EEFE0020DEE7641CBC42F1DBFFF7B4
:10252000E7FE0120D7E72DE9F04104460D461646A7
:102530001F463B46324629462046FFF7C2FF10B1F0
:102540000020BDE8F0814FF0FF30FAE72DE9F041BF
:1025500005460F4614461E46FFF79DFE10B90020A3
:10256000BDE8F081002141EA4501C8B2FFF73DFF17
:10257000FFF713FF18B9FFF7BBFE0020F0E738465E
:10258000FFF733FFFFF709FFFFF785FE012101EB9E
:102590004501C8B2FFF729FFFFF7FFFE0CE0FFF788
:1025A00051FF3070012C02D1FFF7DBFE01E0FFF795
:1025B000BBFE761C601EC4B2002CF0D1FFF798FE63
:1025C0000120CDE72DE9F04104460D4616461F4691
:1025D0003B46324629462046FFF7B8FF10B100209F
:1025E000BDE8F0814FF0FF30FAE770B504460D46C4
:1025F0001646FFF750FE08B9002070BD002141EAE1
:102600004401C8B2FFF7F1FEFFF7C7FE18B9FFF7A4
:102610006FFE0020F1E72846FFF7E7FEFFF7BDFE5B
:102620003046FFF7E2FEFFF7B8FEFFF761FE01203C
:10263000E3E7002070470000100C014008B50121BD
:102640001120FEF775F901210B48FDF786FF4FF4C5
:10265000C040ADF8000003208DF8020010208DF876
:10266000030069460548FDF7A7FE4FF4C041034843
:10267000FDF74FFF08BD00000002300000100140D0
:10268000FFF763FD41F61F4141F2883001F0DCFEA7
:1026900001F016FF01F046FD00F0C6F800F028F842
:1026A000FFF7CCFF01F092FF00F0D4F800F03BF907
:1026B000FFF7F2FE0A2000F013FE00F047FA00F0E8
:1026C000B7FD00F02AFE094800F01AFE4FF0E020A6
:1026D000006940F001004FF0E021086105E000F0E2
:1026E000A5FA01F09CFC01F0B8FBF8E700005C43A0
:1026F00008B501210820FEF71BF94FF47040ADF832
:10270000000010208DF8030003208DF802006946B8
:10271000FE48FDF751FE4FF47041FC48FDF7F9FE0D
:1027200008BD08B501210846FEF70FF90121042074
:10273000FEF7FEF80C20ADF8000018208DF803001D
:1027400003208DF802006946F148FDF735FE08BD0B
:1027500030B587B00025002440F2E730ADF8140012
:102760000020ADF81000ADF81600ADF8120004A975
:102770004FF08040FEF714FA6020ADF80000012011
:10278000ADF80200ADF806500020ADF8080069462B
:102790004FF08040FEF7D0FA0821C806FEF7A2FEEF
:1027A0000120ADF80200ADF806400020ADF80800A9
:1027B00069464FF08040FEF70AFB0821C806FEF785
:1027C0009AFE01218807FEF747FE01218807FEF7E0
:1027D00043FD07B030BD2DE9FF4104460D462746B5
:1027E0002E466020ADF800000120ADF80200ADF8E3
:1027F00006700020ADF8080069464FF08040FEF7F3
:102800009BFA0821C806FEF76DFE0120ADF8020014
:10281000ADF8066069468007FEF7D9FA0821C806B8
:10282000FEF769FEBDE8FF8110B5FFF77AFFFFF7FD
:102830008FFF10BDB7490888098821F00101B54A0A
:1028400011807047B4490888098821F00101B24A13
:102850001180704700B589B001210220FEF775F89C
:1028600001210420FEF764F801A8FDF730FEC02026
:10287000ADF8040004208DF8070003208DF8060051
:1028800001A9A348FDF798FD4FF4A060FDF738FCBF
:102890001D208DF8080001208DF8090003208DF817
:1028A0000A0001208DF80B0002A8FDF72EFC9948C4
:1028B0001038FEF7A1F806A8FEF79EFC0020ADF840
:1028C00018004FF6FF70ADF81C000020ADF81E0098
:1028D000ADF81A0006A98F481038FEF761F90A23EF
:1028E0001A4603218B481038FEF769FD03A8FEF74E
:1028F00096FC0620ADF8140003A986481038FEF7B0
:10290000E2FB012183481038FEF76CFF01221146DB
:1029100080481038FEF7BBFC01217E481038FEF7D6
:102920009BFC09B000BD00B589B001210420FEF771
:102930000CF801210820FDF7FBFF01A8FDF7C7FDFA
:10294000C020ADF8040004208DF8070003208DF8A6
:10295000060001A96D48FDF72FFD4FF4A060FDF7BB
:10296000CFFB1E208DF8080001208DF80900032000
:102970008DF80A0001208DF80B0002A8FDF7C5FBB9
:1029800065481038FEF738F806A8FEF735FC002039
:10299000ADF818004FF6FF70ADF81C000020ADF840
:1029A0001E00ADF81A0006A95B481038FEF7F8F8CB
:1029B0000A231A46032158481038FEF700FD03A8E1
:1029C000FEF72DFC0620ADF8140003A9524810387C
:1029D000FEF779FB012150481038FEF703FF012272
:1029E00011464D481038FEF752FC01214A48103874
:1029F000FEF732FC09B000BD00B585B0012104200E
:102A0000FDF796FF01210220FDF79FFF8020ADF822
:102A1000100004208DF8130003208DF8120004A983
:102A20003B48FDF7C9FC4FF4A060FDF769FB1D2092
:102A30008DF8000001208DF8010003208DF80200C0
:102A400001208DF803006846FDF75FFB3148103820
:102A5000FDF7D2FF4FF6FF70ADF808000020ADF88B
:102A60000400ADF80A00ADF8060001A929481038A5
:102A7000FEF796F800231A46602126481038FEF724
:102A80003AFC002123481038FEF77AFE0121214844
:102A90001038FEF7E1FB05B000BD00B585B001219F
:102AA0000820FDF745FF01210420FDF74EFF80209F
:102AB000ADF8100004208DF8130003208DF81200EB
:102AC00004A91248FDF778FC4FF4A060FDF718FB4D
:102AD0001E208DF8000001208DF8010003208DF8E4
:102AE000020001208DF803006846FDF70EFB0A483E
:102AF0001038FDF781FF4FF6FF70ADF80800002099
:102B0000ADF80400ADF80A0008E00000000C014038
:102B1000000801401004004010080040ADF8060015
:102B200001A90948FEF73CF800231A46602106482F
:102B3000FEF7E1FB00210448FEF722FE01210248D6
:102B4000FEF78AFB05B000BD0008004070B5002408
:102B500002F007FA0446002C60D17CA001F05FFC73
:102B6000782001F060FE18B981A001F058FC02E065
:102B700087A001F054FC782002F042F818B98FA029
:102B800001F04DFC02E096A001F049FC642002F047
:102B900018F918B99EA001F042FC02E0A6A001F0CD
:102BA0003EFC03F0CFFC18B9ACA001F038FC02E009
:102BB000B7A001F034FCC54804F0A0FB054603F0C3
:102BC000CBFC18B9C2A001F02AFC02E0CAA001F0B7
:102BD00026FC40F2731004F000F918B9D2A001F0FD
:102BE0001EFC02E0D9A001F01AFC642003F06EFE86
:102BF00018B9E2A001F013FC02E0E9A001F00FFC1B
:102C000004F090FB012003F0E3F918B9EFA001F004
:102C100006FC0AE0F6A001F002FC06E04FF40051C9
:102C2000FE48FDF778FC00BFFEE770BD2DE9F04FD0
:102C300089B0FB48FB49FC4BFC4ACDE90010FC493C
:102C4000FC4804F029FAF748008800F48070002856
:102C50007AD0F649086804F097FE04464FF09D418B
:102C600004F0CCFCF4490860F049486804F08CFE9C
:102C700004464FF09D4104F0C1FCF0490860EB4967
:102C8000886804F081FE04464FF09D4104F0B6FCD4
:102C9000EB490860E549C86804F076FE04464FF049
:102CA0009D4104F0ABFCE7490860E34801684FF040
:102CB000804004F071FC0690E1480168069804F039
:102CC0006BFC8246DD4801684FF0404004F064FC34
:102CD0000690DC480168069804F05EFC8346514685
:102CE00004F002FC079004F09BFE064606F0C0F8D4
:102CF00080464FF06632D44B04F065FD044604F084
:102D0000BBFED2490860CE4801684FF0804004F015
:102D100043FC0390CA480168039804F03DFC8246D6
:102D2000C64801684FF0404004F036FC0390C348A9
:102D30000168039804F030FC8346514604F026FCF9
:102D400081464FF07E5183E10CE200006D707520EA
:102D5000696E697469616C697A6174696F6E206308
:102D60006F6D706C6574652E2E2E2E2E2E0A20002F
:102D70006D70755F7365745F73656E736F722063DA
:102D80006F6D706C657465202E2E2E2E2E2E0A000F
:102D90006D70755F7365745F73656E736F722063BA
:102DA0006F6D65206163726F7373206572726F72ED
:102DB000202E2E2E2E2E2E0A000000006D70755F24
:102DC000636F6E6669677572655F6669666F2063BB
:102DD0006F6D706C657465202E2E2E2E2E2E0A00BF
:102DE0006D70755F636F6E6669677572655F666942
:102DF000666F20636F6D65206163726F737320650A
:102E000072726F72202E2E2E2E2E2E0A00000000BF
:102E10006D70755F7365745F73616D706C655F7203
:102E200061746520636F6D706C657465202E2E2E45
:102E30002E2E2E0A000000006D70755F7365745FA2
:102E400073616D706C655F72617465206572726F1D
:102E500072202E2E2E2E2E2E0A000000646D705F22
:102E60006C6F61645F6D6F74696F6E5F64726976B9
:102E700065725F6669726D7761726520636F6D70F0
:102E80006C657465202E2E2E2E2E2E0A000000005A
:102E9000646D705F6C6F61645F6D6F74696F6E5F9E
:102EA0006472697665725F6669726D7761726520BA
:102EB000636F6D65206163726F7373206572726FEB
:102EC00072202E2E2E2E2E2E0A000000280000200A
:102ED000646D705F7365745F6F7269656E74617441
:102EE000696F6E20636F6D706C657465202E2E2E79
:102EF0002E2E2E0A00000000646D705F7365745FF3
:102F00006F7269656E746174696F6E20636F6D6551
:102F1000206163726F7373206572726F72202E2E40
:102F20002E2E2E2E0A000000646D705F656E6162A9
:102F30006C655F6665617475726520636F6D706C3A
:102F4000657465202E2E2E2E2E2E0A00646D705F65
:102F5000656E61626C655F6665617475726520633C
:102F60006F6D65206163726F7373206572726F722B
:102F7000202E2E2E2E2E2E0A00000000646D705F73
:102F80007365745F6669666F5F7261746520636FF5
:102F90006D706C657465202E2E2E2E2E2E0A00006C
:102FA000646D705F7365745F6669666F5F7261748C
:102FB0006520636F6D65206163726F737320657246
:102FC000726F72202E2E2E2E2E2E0A006D70755FBF
:102FD0007365745F646D705F737461746520636F93
:102FE0006D706C657465202E2E2E2E2E2E0A00001C
:102FF0006D70755F7365745F646D705F7374617419
:103000006520636F6D65206163726F7373206572F5
:10301000726F72202E2E2E2E2E2E0A0000100140CE
:10302000620000206000002050000020E00100202D
:103030005A000020540000203400002038000020F6
:103040003C0000204000002066A64C4044000020C8
:1030500004F04AFA044604F0E3FCCDE904014348D5
:1030600001684FF0804004F097FA834640480168B9
:10307000584604F091FA81463E4801684FF080407E
:1030800004F08AFA83463C480168584604F084FA02
:103090008246494604F028FA044604F0C1FC07467B
:1030A000DDE9042306F02CF94FF06632334BCDE90D
:1030B000060104F088FB054604F0DEFC3049086098
:1030C0002D480168006804F067FA039029480168F8
:1030D000006804F061FA029025480168006804F075
:1030E0005BFA834621480168006804F055FA5946A6
:1030F000019004F0F9F98246029904F047FA8146FA
:10310000039904F043FA044604F08AFCCDE9040173
:10311000194801681548006804F03EFA82461548CF
:1031200001681348006804F037FA8346514604F0FA
:10313000DBF981464FF0804104F02EFA044604F09A
:103140006FFC0746DDE9042306F0DAF84FF066323B
:103150000A4BCDE9060104F036FB054604F08CFC71
:103160000849086009B0BDE8F08F00003400002075
:10317000380000203C0000204000002066A64C40A3
:10318000480000204C000020704700BFFEE700BF51
:10319000FEE700BFFEE700BFFEE7704770477047DD
:1031A00010B51D480078401C1B4908701B4800786A
:1031B000401C1A4908701A480078401C18490870C9
:1031C00000F018FB17480078401C16490870164894
:1031D0000078401C1449087014480078401C1349BA
:1031E00008700E480078022806DB01F0DAF900F0DA
:1031F00013FC00200949087009480078082806DBFC
:1032000000F025FB0020064908700649087000F010
:1032100018F900F034FA10BD980000209D0000203D
:10322000990000209A0000209B0000209C000020B4
:1032300030B527480068C822B0FBF2F1B1F1807FB9
:1032400001D301201DE021F07F40401E4FF0E0221D
:10325000506150170F22002807DA13071D0E1D4B6F
:1032600000F00F04241F1D5503E013071C0E1A4B1A
:103270001C5400BF00204FF0E02290610720106135
:10328000002008B100BFFEE74FF0E020006920F009
:1032900001004FF0E021086130BD01B50F490098F1
:1032A00008604FF0E020006940F001004FF0E0219D
:1032B000086100BF094800680028FBD108BD074825
:1032C000006820B105480068401E04490860704746
:1032D0001400002018ED00E000E400E0640000208D
:1032E000002107E042F6E06100BF0A1EA1F10103E0
:1032F00099B2FAD1021EA0F1010398B2F2D170473F
:103300000021FE4A1170FE490860FE490978FE4A14
:1033100011700021FD4A1160704700B50020FC4982
:103320000880FC490880FC490860FC490860FC49A9
:103330000860FC490860FC490860FC490860FC49D9
:103340000860FC490860FC490860FC490860FC49C9
:103350000860FC490860FC490860FC490860FC49B9
:103360000860FC490860FC490860E6490870FB49B0
:103370000870FB490870E3480078E34908700020B2
:10338000E2490860F748FFF7BBFF0020F6490860F4
:1033900000BD2DE9F041F548006804F041FB04460A
:1033A000F348D0E900633246204604F04DFB07D0D5
:1033B000EF48D0E90021104604F05EFBEB490860BD
:1033C000EC48006804F02CFB0446E948D0E90263AD
:1033D0003246204604F038FB07D0E549D1E9022106
:1033E000104604F049FBE3490860E348006804F034
:1033F00017FB0446DE48D0E904633246204604F059
:1034000023FB07D0DA48D0E90421104604F034FB4E
:10341000D9490860D948006804F002FB0446D44842
:10342000D0E906633246204604F00EFB07D0D048B0
:10343000D0E90621104604F01FFBD0490860BDE822
:10344000F0812DE9F041CE480068012810D100201C
:10345000C6490860CB48006804F0A4FA064600227A
:10346000C94B04F0B0F9044604F006FBBF490860FC
:10347000C3480068022812D10020BE490860C34931
:103480000968A1F1400004F08DFA06460022C04B05
:1034900004F099F9044604F0EFFAB6490860BD4912
:1034A000B1F9040004F070FABB490860BB49B1F9F6
:1034B000040004F069FABA4908600021B9480068BC
:1034C00004F0F6FA0BD0B849B648006804F0F0FAF8
:1034D00005D3B649B348006804F0F4FA05D24FF4B6
:1034E0000051B348FDF717F804E04FF40051B0481D
:1034F000FDF70FF80021AF48006804F047F88B494A
:103500000860A649B1F9000004F03EFA0646994861
:103510000168304604F040F8044685480168834855
:10352000006804F033F8064690480168304604F01D
:1035300033F80546214603F0D7FF80490860BDE80F
:10354000F0812DE9F04104460D46002C0CDA4FF4D1
:1035500080419948FCF7DDFF4FF400419648FCF7A5
:10356000DAFF604204B20AE04FF400419248FCF7EF
:10357000D0FF4FF480419048FCF7CDFF00BF002DF5
:103580000CDA4FF400518C48FCF7C3FF4FF4805124
:103590008948FCF7C0FF684205B20AE04FF4805149
:1035A0008548FCF7B6FF4FF400518348FCF7B3FFA2
:1035B00000BFAFB2A6B231464FF08040FEF7E8F848
:1035C00039464FF08040FEF7E5F87C4975480068C1
:1035D00004F078FA23D37A497248006804F068FA54
:1035E00002D24FF0010801E04FF0000800215948D5
:1035F000006804F05DFA01D1012000E0002008EA33
:10360000000800215448006804F052FA01D101205A
:1036100000E0002008EA0008B8F1000F0DD00021FA
:103620004FF08040FEF7B4F800214FF08040FEF7E5
:10363000B1F801206349086002E000206149086098
:1036400061493A48006804F03DFA05D35F493748BC
:10365000006804F02DFA0DD200214FF08040FEF7F3
:1036600097F800214FF08040FEF794F8012055496B
:10367000086002E0002053490860BDE8F08170B5A1
:103680002C4801682D48006803F02EFF2D49086082
:10369000284801682948006803F078FF2849086035
:1036A0002848006804F08FF900B2B0F57A7F02DD97
:1036B0004748244908602348006804F084F900B2B0
:1036C00010F57A7F02DA43481E4908601C480068FA
:1036D00004F079F900B2B0F57A7F02DD3C48184970
:1036E00008601748006804F06EF900B210F57A7FA0
:1036F00002DA38481249086011486DE07500002070
:103700008C00002098000020740000207000002031
:10371000E6000020E4000020F4000020F00000207B
:10372000FC000020F800002000010020C000002064
:10373000B00000201C010020A4000020B4000020E4
:10374000BC000020B8000020180100205C0100200F
:1037500058010020240100202001002099000020B1
:103760009A00002000005C4310010020D0000020DF
:1037700008960008D4000020D8000020DC000020BB
:1037800040010020300100200080FB3F3401002078
:103790000000C43F5A0000205001002054000020C7
:1037A00054010020440000200000A0C10000A041FE
:1037B0000010014048000020000C014000002041A2
:1037C000000020C10C01002000004842000048C257
:1037D00000007A4400007AC4006804F0F4F804B2EF
:1037E000F548006804F0EFF805B221462846FFF7D7
:1037F000A8FE70BD70B5F148FDF7E5FF0446F0483E
:10380000FDF7E1FF0546EF480460EF480560002141
:10381000EA48FDF7B5FF0021E948FDF7B1FF20B206
:10382000EA490880684200B2E9490880E94800682E
:10383000E649B1F900100844E6490860E648006826
:10384000E349B1F900100844E349086070BD2DE96F
:10385000F05FE0490968E04A1268881804F094F8BB
:10386000DE4908600020DC490860DA490860DC486D
:10387000006804F0D5F806464FF06632D94B03F0E5
:10388000A2FF044604F0F8F8D5490860D348006860
:1038900004F0C6F880464FF03332D34B03F093FF69
:1038A00004460D46CE48006804F0BAF806462246A3
:1038B0002B4603F0E1FE824604F0DEF8C8490860BA
:1038C00008460168C948006803F00EFEC749086051
:1038D000C7480168C548006803F006FEC349086090
:1038E000C4480168C148006803F0FEFDBF49086094
:1038F000C1480068012801D100200860BB48006869
:1039000004F061F8B0F5FA5F02DDBC48B749086021
:10391000B648006804F057F810F5FA5F02DAB848C4
:10392000B2490860B7480068032812D10020B649A0
:103930000860B6490968A1F1800004F033F8064632
:103940000022B34B03F03FFF044604F095F8AE4964
:103950000860AC480068042812D10020AD49086016
:10396000AD490968A1F1C00004F01CF80646002228
:10397000AA4B03F028FF044604F07EF8A54908602E
:1039800000219A48006803F001FE0646A14801683C
:10399000304603F001FE044600219148006803F020
:1039A000F5FD064698480168304603F0F5FD0546EA
:1039B000214603F099FD9A4908609A499A4800689F
:1039C00004F080F805D399499748006804F070F82E
:1039D0000BD29348006880F0004493480168204669
:1039E00003F00CFE9249086002E000209049086054
:1039F00090498F48006804F065F802D28D488C49E0
:103A000008608D498A48006804F052F802D28A485A
:103A100087490860BDE8F09F2DE9F04187480068BC
:103A2000002846D18648FDF7CEFE00EB800000EB73
:103A300000104400204603F0B5FF05460022814BEC
:103A400003F033FF074604F017F87F4908607F480A
:103A5000007820B9002067490860BDE8F0817A4805
:103A6000006803F0DDFF04460022794B03F0ECFF11
:103A700003D878485F4908601BE0774972480068BE
:103A800004F020F801D8012400E000244FF0824126
:103A90006D48006804F00CF801D8012000E0002017
:103AA00004401CB16D485349086002E000205149B0
:103AB000086000BFD1E72DE9FC5F69480068012874
:103AC00078D13D48D0F800B066480068019066485B
:103AD000B0F902906548B0F900A05B480468484618
:103AE00003F052FF06464FF08D4103F087FD054677
:103AF0005F4903F051FD5F490860504603F044FF01
:103B000006465D4903F042FD05465C4903F076FD3B
:103B10005B490860584603F083FF0746594A5A4BF1
:103B200003F0C3FE054603F0A7FF8346019803F0A8
:103B300077FF0546534A544B03F0B7FE074603F0A0
:103B40009BFF01905021514803F0AAFC4F4850A11F
:103B5000096801600A214F4803F0A2FC4E48002189
:103B60000160416001810A214C4803F099FC4C48F6
:103B700000210160416001810A214A4803F090FC64
:103B8000494800210160416001814849584603F0DD
:103B90008FFF10D84649584603F094FF0BD858467B
:103BA00003F03EFF05462A460B4642A1394804F081
:103BB000A1F985E04FE181E0B80000200004004059
:103BC000000800400401002008010020E40000205B
:103BD000E6000020F0000020F4000020F8000020A3
:103BE000FC0000206666E63F3333D33F000100202F
:103BF00018010020100100200C0100200000FA45EF
:103C00000000FAC540010020D80000203801002043
:103C10000000DE3FDC0000203C0100200000C43F2B
:103C2000AC0000206F12833AD00000206F1283BADC
:103C3000B000002000002041000020C12801002029
:103C4000002C014000006940140100207500002094
:103C500000001040000096C30000A0400000FA439E
:103C600044010020BC0000205A0000205400002025
:103C7000CDCC1C41500100209A19004300000343A1
:103C80005401002048E17A14AE470F40F0010020B3
:103C9000244C560008030020120300201C030020BF
:103CA00026030020300300203A03002000007A445D
:103CB00000007AC425332E3266000000BDE8FC9F68
:103CC000E749019803F0F4FE10D8E649019803F0A3
:103CD000F9FE0BD8019803F0A3FE05462A460B46D1
:103CE000AFF23001E04804F005F900E0E6E7DF4913
:103CF000DF48006803F0E6FE12D2DE49DC480068C7
:103D000003F0D6FE0CD2DA48006803F089FE0546BF
:103D10002A460B46AFF26401D74804F0EBF800E006
:103D2000CCE7D649D648006803F0CCFE12D2D5497C
:103D3000D348006803F0BCFE0CD2D148006803F001
:103D40006FFE05462A460B46AFF29801CE4804F0B6
:103D5000D1F800E0B2E70021204603F0B3FE10D80E
:103D6000CA49204603F0A4FE0BD2204603F058FEB9
:103D700005462A460B46AFF2C401C54804F0BAF81E
:103D800000E09BE7002000F063FC0090009803F047
:103D900004FE0746BF4903F0FFFB06464FF08B4188
:103DA00003F02CFC0546BC4903F0F0FBBB4908605E
:103DB0000021BA48006803F085FE12D8AD49B74823
:103DC000006803F075FE0CD2B448006803F028FECA
:103DD00005462A460B46AFF22411B14804F08AF892
:103DE00000E06BE7AF49B04803F065FBAFA1AE4818
:103DF00003F061FB9C49AC4803F05DFBACA1AA4811
:103E000003F059FB9C49A84803F055FBA9A1A6481B
:103E100003F051FB9C49A44803F04DFBA6A1A24826
:103E200003F049FB9A49A04803F045FBA4A19E4832
:103E300003F041FB9A499C4803F03DFBA1A19A483D
:103E400003F039FB5021A04803F02AFB5022964989
:103E50009D4803F00CFB00BF30E710B59B4800689D
:103E6000401E9A4908609A480068012807D1084610
:103E7000006820B9FFF71FFE934800F0C4FA93488A
:103E8000006818B941F288309049086010BD2DE9EA
:103E9000F04180460D4614461E46069F8D49204639
:103EA00003F006FE00D28B4C0021384603F000FEE2
:103EB00000D200278849384603F004FE00D2864F1E
:103EC0008648C0F8008045608460C66007610120B4
:103ED000834908708348007883490870002083492B
:103EE0000860BDE8F08102227D4B1A70804A1060A4
:103EF000804A11607B4A12787B4B1A7000227B4B00
:103F00001A60704710B57C4804687C497C4800689A
:103F100003F0D8FD13D27B497948006803F0C8FD4F
:103F200001D8794C0BE079497548006803F0C0FD71
:103F300005D869497048006803F02EFB04467448B0
:103F40000460002073490860734908607349086081
:103F500010BD2DE9FF5F6348047863480078201A9C
:103F6000C0B2039060480470604801680398084438
:103F70005E4908600846006803F00FFD074668497F
:103F800003F00AFB064655488168304603F004FBFF
:103F900005465248C168284603F0A6FA81464946BC
:103FA0004FF0804003F0F8FA009003F039FD054629
:103FB00005F066FA074603F05FFD8346474801694E
:103FC000584603F0E9FA8246444801694FF07E50B2
:103FD00003F0DCFA5146019003F086FA02903F4963
:103FE0000868029903F0D8FA49490860484603F086
:103FF00017FD074605F092FA054603F03DFD82469F
:1040000036484168504603F0C7FA4249086001202B
:1040100041490860002041490860BDE8FF9F10B594
:104020002F480078B8B1012802D0022812D102E04E
:10403000FFF78FFF12E02E480068354908602D48D1
:104040000068344908600120334908600020334982
:10405000086003E000BFFFF755FF00BF00BF10BDC1
:1040600000007A4400007AC4120300200000A0C1BE
:10407000500100200000A0411C03002000803BC52F
:104080005401002000803B452603002000401C46D0
:1040900030030020CDCC5441CDCC4C3EA0000020BC
:1040A0003A03002008030020F00100202C525600A3
:1040B0002C4143002C4759002C4353420000000080
:1040C0002C5654002300000040020020480100202C
:1040D00044010020CDCCCC3D6666E63E7800002051
:1040E000750000209800002074000020700000205F
:1040F00090000020940000208C0000200AD7233C70
:1041000014010020000090410000F0C20000F041C6
:10411000180100201C0100202801002010010020AF
:104120000AD7A33B00B585B0012144F20400FCF797
:10413000FFFB4FF40070ADF8100018208DF813004D
:1041400003208DF8120004A9BB48FCF735F94FF4A1
:104150008060ADF8100004208DF8130004A9B64863
:10416000FCF72AF94FF4E13000900020ADF804008C
:10417000ADF80600ADF80800ADF80C000C20ADF865
:104180000A006946AD48FDF788FB0121AB48FDF701
:1041900010FC05B000BD08B54FF48060FBF7B0FF20
:1041A00027208DF8000004208DF8010001208DF8F3
:1041B00002008DF803006846FBF7A7FF08BD00B5B5
:1041C00085B001218804FCF7C0FB01210820FCF721
:1041D000AFFB4FF48060ADF8100018208DF813008D
:1041E00003208DF8120004A99548FCF7E5F84FF478
:1041F0000060ADF8100004208DF8130004A9904869
:10420000FCF7DAF8FFF7C7FF4FF4165000900020D4
:10421000ADF80400ADF80600ADF80800ADF80C00EC
:104220000C20ADF80A0069468648FDF736FB0122EE
:1042300040F225518348FDF7C8FB01218148FDF775
:10424000B8FB05B000BD70B504460D46E1B27B4831
:10425000FDF71CFC00BF40217848FDF785FC0128D4
:10426000F9D1204670BDF0B503460D46164600272D
:1042700029460A2E03D0002008702846F0BD33B925
:10428000302001F8010B002008702846F6E7002BCB
:1042900003DA2D2001F8010B5B4242F210720DE0AF
:1042A00093FBF2F404B937B104F1300001F8010BCB
:1042B00004FB123301270A2092FBF0F2002AEFDC04
:1042C000002008702846D9E70FB470B586B00646BE
:1042D0000CA8019073E00B9800785C281CD10B9817
:1042E000401C0B9000786E2809D072280FD10D2148
:1042F0003046FDF7CBFB0B98401C0B900BE00A21DE
:104300003046FDF7C3FB0B98401C0B9003E00B9865
:10431000401C0B9000BF4BE00B980078252840D143
:104320000B98401C0B900078642818D0732833D168
:10433000019810C801900BE021783046FDF7A6FBEC
:1043400000BF40213046FDF70FFC0028F9D0641C67
:1043500020780028F0D10B98401C0B9020E00198A9
:1043600020C801900A2202A92846FFF77CFF02AC70
:104370000BE021783046FDF789FB00BF4021304635
:10438000FDF7F2FB0028F9D0641C20780028F0D15A
:104390000B98401C0B9003E00B98401C0B9000BF47
:1043A00006E00B9810F8011B0B903046FDF76EFBF2
:1043B00000BF40213046FDF7D7FB0028F9D00B980D
:1043C0000078002887D106B070BC5DF814FB10B5EA
:1043D000044621461948FDF759FB00BF4021174804
:1043E000FDF7C2FB0128F9D110BD10B504462146E6
:1043F0001448FDF74BFB00BF40211248FDF7B4FB0A
:104400000128F9D110BD70B505462C4603E020788F
:10441000FFF7EBFF641C20780028F8D170BD70B561
:1044200005462C4603E02078FFF7D1FF641C207876
:104430000028F8D170BD000000080140003801409C
:10444000000C0140004800407FB504460D460121A4
:10445000C802FCF76DFA41F28830ADF8080041F669
:104460001F40ADF804000120ADF80A000020ADF8AF
:10447000060001A91148FCF793FB012241210F48D6
:10448000FCF705FF19208DF8000003208DF80100CE
:1044900000208DF8020001208DF803006846FBF72C
:1044A00034FE7FBD10B501210448FDF79EF918B117
:1044B00001210248FDF7AAF910BD0000002C0140BF
:1044C0001FB501213D48FCF748F801210920FCF700
:1044D0002FFA0120ADF80C0010208DF80F000320FA
:1044E0008DF80E0003A93648FBF766FF0220ADF8F1
:1044F0000C0028208DF80F0003A93148FBF75CFF62
:1045000001210846FCF76EF80220019000208DF88A
:10451000080008208DF8090001208DF80A0001A884
:10452000FBF76AFE07208DF8000003208DF80100DC
:1045300001208DF802008DF803006846FBF7E5FDC9
:104540001FBD10B50220FBF7BDFE48B300211D487A
:10455000FDF716F901211B48FCF77EFE01201A49E0
:10456000086012E01748FDF72EF90A2807DB002142
:104570001448FCF771FE00201349086005E0022191
:104580000F48FBF7ACFF104908600F48006800288F
:10459000E8D100210B48FCF75FFE0220FBF7A3FEE9
:1045A00010BD10B501210648FBF7B3FF0C20FDF745
:1045B0004DFE01210248FBF7AEFF10BD00023000A6
:1045C000000C0140002C0140AC01002000B587B078
:1045D00001214FF40170FCF7ABF94FF40040FCF7F8
:1045E0000BF90120ADF8040000208DF8070001A9A7
:1045F0002348FBF7E1FE2348FDF710FB0020029063
:104600008DF80C008DF80D004FF460200490002010
:10461000059001208DF8180002A91A48FDF725FB26
:1046200001211848FDF74DFB1648FDF76CFB00BF54
:104630001448FDF76DFB0028FAD11248FDF772FB14
:1046400000BF1048FDF773FB0028FAD107B000BD8A
:1046500010B504460723012221460A48FDF79DFBB9
:1046600001210848FDF76DFB00BF02210548FDF759
:10467000D9FC0028F9D00348FDF7F6FB10BD000077
:1046800000080140002401400648804706480047D2
:10469000FEE7FEE7FEE7FEE7FEE7FEE7FEE7FEE7F2
:1046A000FEE7FEE74B210008ED00000838B50446A0
:1046B000FB4890F82400C0B114B10220009001E042
:1046C00000200090F64A1268D17BF54A52681078B3
:1046D0006B460122FDF727FF10B14FF0FF3038BDC8
:1046E0009DF80010EE48417423E0ED48807A10B93F
:1046F0004FF0FF30F3E724B1E948407C08B10020D7
:10470000EDE714B10120009001E000200090E44AA0
:104710001268D17BE24A526810786B460122FDF79D
:1047200002FF10B14FF0FF30D9E79DF80010DC48D0
:1047300041740020D3E738B5002419E0D848006858
:10474000C07AA04204D0D6480068407DA04200D183
:104750000CE0D349496808786B4601222146FDF7F1
:1047600031FF10B14FF0FF3038BD00BF601CC4B244
:10477000CB4840680079A042E0DC0020F4E770B547
:1047800004460D46C6480068C07AA04204D0C4481A
:104790000068407DA04202D14FF0FF3070BDC0489C
:1047A00040680079A04202DC4FF0FF30F6E7BC49D8
:1047B000496808782B4601222146FDF703FFEDE703
:1047C00038B50446B64890F82300A04201D1002035
:1047D00038BD14B13020009001E000200090B048B6
:1047E000807C20B19DF8000040F002000090AC48B1
:1047F00090F8220020B19DF8000040F08000009069
:10480000A74A1268117DA64A526810786B460122A9
:10481000FDF789FE10B14FF0FF30D9E7A04880F8CE
:1048200023400020D4E738B5044604F0700010B1EE
:104830000120009005E014B10020009001E040202C
:104840000090974A1268917C954A526810786B469E
:104850000122FDF768FE20B1002191488172481EB7
:1048600038BD9DF8000020F040018D480173002004
:10487000009004F0400020B99DF8000040F00400D2
:10488000009004F0200020B99DF8000040F00200E4
:10489000009004F0100020B99DF8000040F00100E5
:1048A000009004F0080020B99DF8000040F03800A6
:1048B00000907B4A1268D17C794A526810786B4626
:1048C0000122FDF730FE20B1002175488172481E9B
:1048D000C6E724B1082C02D00020FFF771FF704812
:1048E0008472002101753220FDF7BDFC0020B7E77E
:1048F00038B504466A48807CA04201D1002038BD0A
:10490000002C46D0664A12681179654A52681078C0
:104910006B460122FDF756FE10B14FF0FF30EEE777
:104920009DF8000020F0200000905D4A1268117987
:104930005B4A526810786B460122FDF7F4FD10B116
:104940004FF0FF30DBE70320FDF78DFC02200090E5
:10495000534890F8220020B19DF8000040F08000FC
:1049600000904F4890F8230020B19DF8000040F0DF
:10497000300000904A4A1268117D494A5268107806
:104980006B460122FDF7CFFD002851D04FF0FF30DC
:10499000B5E7434A12681179414A526810786B466C
:1049A0000122FDF70FFE10B14FF0FF30A7E73C48A2
:1049B000807A00F0010028B19DF8000040F020004E
:1049C000009004E09DF8000020F020000090344AA0
:1049D00012681179324A526810786B460122FDF74D
:1049E000A2FD10B14FF0FF3089E70320FDF73BFC3B
:1049F0002B4890F8220010B18020009001E00020A8
:104A00000090274890F8230020B19DF8000040F066
:104A100030000090224A1268117D214A52681078B5
:104A20006B460122FDF77FFD10B14FF0FF3066E7C6
:104A30001B488474002062E708B51948807A10B9D1
:104A40004FF0FF3008BD00200090154A1268D17B5E
:104A5000134A526810786B460122FDF764FD10B1CD
:104A60004FF0FF30EEE70E4A126851790C4A526857
:104A700010786B460122FDF756FD10B14FF0FF3064
:104A8000E0E7074A12681179054A526810786B46C8
:104A90000122FDF748FD28B14FF0FF30D2E70000BA
:104AA000B0010020F74890F82400002853D00C20D3
:104AB0000090F44A12681179F24A526810786B46F5
:104AC0000122FDF730FD10B14FF0FF30BAE7322080
:104AD000FDF7C9FBC0200090EA48807A00F0010091
:104AE00020B19DF8000040F020000090E54A1268D7
:104AF0001179E44A526810786B460122FDF713FDE4
:104B000010B14FF0FF309DE7DE48407C10B102202D
:104B1000009001E000200090DA4A1268D17BD94A67
:104B2000526810786B460122FDF7FDFC10B14FF082
:104B3000FF3087E700200090D24A12685179D14AAD
:104B4000526810786B460122FDF7EDFC002855D025
:104B50004FF0FF3076E704200090CA4A12681179BE
:104B6000C84A526810786B460122FDF7DCFC10B190
:104B70004FF0FF3066E7C348807C20B9C148807A97
:104B800000F0010010B94020009001E0602000908A
:104B9000BC4A12681179BB4A526810786B460122F0
:104BA000FDF7C1FC10B14FF0FF304BE73220FDF7AD
:104BB0005AFBB448407C10B10120009001E0002075
:104BC0000090B04A1268D17BAE4A526810786B46AA
:104BD0000122FDF7A8FC10B14FF0FF3032E7A94ADF
:104BE00012685179A74A52681078A64B10330122F7
:104BF000FDF799FC10B14FF0FF3023E7002021E7CB
:104C000070B50446002624F001049E4890F8240064
:104C100008B1002070BD9B48807A10B94FF0FF307A
:104C2000F8E79848057C807A204096490874084641
:104C3000007CA04202D04FF0FF3600E0002614B9FD
:104C40009048007D18B10120FFF730FD02E0002000
:104C5000FFF72CFD3CB1FFF7EFFE20B1894805744A
:104C60004FF0FF30D6E73046D4E738B504468548E4
:104C7000807A10B94FF0FF3038BDBC2C02DB012028
:104C8000009015E0622C02DB0220009010E02A2C3C
:104C900002DB032000900BE0142C02DB04200090C8
:104CA00006E00A2C02DB0520009001E006200090BF
:104CB0007448C07A9DF80010884201D10020DBE7DB
:104CC000704A126891786F4A526810786B460122D8
:104CD000FDF729FC10B14FF0FF30CDE79DF8001033
:104CE0006848C1720020C7E738B50446282C02DDA9
:104CF0004FF0FF3038BDDCB90020FFF761FD002028
:104D00008DF8000007208DF801005E4A1268917C42
:104D10005C4A526810786B460222FDF704FC10B121
:104D20004FF0FF30E6E70021564801750020E1E72B
:104D30000120FFF745FD20208DF80000012C06D151
:104D400000208DF801000520FFF78FFF17E0052CEC
:104D500006DC01208DF801000520FFF786FF0EE03C
:104D6000142C06DC02208DF801000A20FFF77DFFDD
:104D700005E003208DF801001420FFF776FF9DF871
:104D80000100072101EB8010C0B28DF801003D4AFF
:104D90001268917C3B4A526810786B460222FDF7FC
:104DA000C2FB10B14FF0FF30A4E7082135488172F3
:104DB00000210173012101750020FFF721FF002070
:104DC00098E738B504462F48807A10B94FF0FF3085
:104DD00038BD2C4890F8240010B14FF0FF30F7E7B1
:104DE0002848007D50B134B1282C04DCE0B2FFF734
:104DF0007BFF0020ECE70020FFF776FF042C01DAB0
:104E0000042404E0B4F57A7F01DD4FF47A744FF4A2
:104E10007A7090FBF4F0401EC0B20090194A1268FC
:104E20005178184A526810786B460122FDF77BFBD7
:104E300010B14FF0FF30CBE79DF80000401C4FF45D
:104E40007A7191FBF0F081B20E48C1810146C989A7
:104E50004810FFF70AFF0020BAE738B504460948B2
:104E6000807A10B94FF0FF3038BD022C06D0042CE8
:104E70000AD0082C0BD0102C0FD10BE00020009092
:104E80000EE00000B00100200820009008E0102093
:104E9000009005E01820009002E04FF0FF30E3E7BB
:104EA00000BFF848407A9DF80010B0EBE10F01D147
:104EB0000020D9E7F34A1268D179F24A5268107893
:104EC0006B460122FDF72FFB10B14FF0FF30CBE70F
:104ED0009DF80000C110EB4841720020C4E738B5CE
:104EE0000446E848807A10B94FF0FF3038BDFA2CFC
:104EF00009D0B4F5FA7F09D0B4F57A7F09D0B4F5BA
:104F0000FA6F0CD108E0002000900BE00820009020
:104F100008E01020009005E01820009002E04FF01B
:104F2000FF30E3E700BFD748007A9DF80010B0EBF0
:104F3000E10F01D10020D9E7D24A12689179D14A14
:104F4000526810786B460122FDF7EDFA10B14FF070
:104F5000FF30CBE79DF80000C010CA49087200205E
:104F6000C4E71CB580208DF80000C64A1268917C09
:104F7000C44A526810786B460122FDF7D4FA10B18A
:104F80004FF0FF301CBD6420FDF76DF900208DF857
:104F90000000BC4A1268917CBA4A526810786B468D
:104FA0000122FDF7C0FA10B14FF0FF30EAE7B54A31
:104FB0001268917DB34A526810786B460622FDF75D
:104FC00001FB10B14FF0FF30DCE79DF80500C00792
:104FD000400F9DF8031001F0010140EA41009DF8E7
:104FE000011001F0010140EA01048CB1012C03D150
:104FF0000121A448C17430E0022C03D10021A14852
:10500000C1742AE0A0A0FFF70AFA4FF0FF30B9E719
:105010009C4A1268D1789B4A526810786B460122EC
:10502000FDF7D0FA10B14FF0FF30ABE79DF800006C
:1050300000F00F042CB99E48FFF7F1F94FF0FF3054
:10504000A0E7042C06D19BA0FFF7E9F901218D48C8
:10505000C17402E000218B48C174FF21894881722C
:10506000FF2088490872FF2186484172C1724FF6BD
:10507000FF71C181FF21017481740121017380F8E6
:105080002210002180F8231041750175163001604F
:1050900041608160163880F8241080F82510C184A2
:1050A0004FF4FA60FFF71BFF10B14FF0FF3069E7D4
:1050B0000220FFF7D2FE10B14FF0FF3062E72A2046
:1050C000FFF7D3FD10B14FF0FF305BE73220FFF761
:1050D00078FE10B14FF0FF3054E70020FFF790FD4D
:1050E00010B14FF0FF304DE70020FFF701FC10B189
:1050F0004FF0FF3046E70020FFF795FB002041E727
:105100007CB504460D465F48807A00F0700010B907
:105110004FF0FF307CBD5B4A1268117B594A5268E0
:1051200010786B460622FDF74DFA10B14FF0FF30B4
:10513000F0E79DF801009DF8001040EA012000B260
:1051400020809DF803009DF8021040EA012000B283
:1051500060809DF805009DF8041040EA012000B22F
:10516000A08015B12846FDF78AF80020D2E77CB56B
:1051700004460D464348807A00F0080010B94FF00D
:10518000FF307CBD3F4A1268517B3E4A526810781E
:105190006B460622FDF716FA10B14FF0FF30F0E72C
:1051A0009DF801009DF8001040EA012000B2208027
:1051B0009DF803009DF8021040EA012000B26080D3
:1051C0009DF805009DF8041040EA012000B2A0807F
:1051D00015B12846FDF753F80020D2E72DE9FE4F20
:1051E00005460C462748807A18B94FF0FF30BDE8D5
:1051F000FE8F244A1268917B224A5268107802ABD3
:105200000222FDF7DFF910B14FF0FF30EFE79DF814
:1052100009009DF8081040EA012006B214B12046AA
:10522000FDF72DF817494968C88802F0B6FB154903
:1052300001904968B1F9080002F0A6FB83463046A8
:1052400002F0A2FB5946009002F0A0F982460199B3
:1052500002F0D4F981461F4902F046F980464FF02A
:105260008F4102F099F9074602F0ADFB286000205B
:10527000BDE710B588B004461CB94FF0FF3008B048
:1052800010BD29E0B0010020556E737570706F720B
:1052900074656420736F6674776172652070726FD5
:1052A00064756374207265762025642E0A00000000
:1052B00080A4000848616C662073656E7369746928
:1052C00076697479207061727420666F756E642ED1
:1052D0000A00000000000C42206830B9606820B964
:1052E000A06810B9002008B010BDFA4949680878D4
:1052F00006AB03221146FDF765F910B14FF0FF3000
:10530000F1E79DF81800082101EB201000F00F00D4
:10531000ADF800009DF8190001EB201000F00F001F
:10532000ADF802009DF81A0001EB201000F00F000C
:10533000ADF8040020684100BDF90000403091FB49
:10534000F0F000B2ADF8100060684100BDF9020055
:10535000403091FBF0F000B2ADF81200A0684100BF
:10536000BDF90400403091FBF0F000B2ADF814003C
:10537000D8494968087806AB06221146FDF722F99C
:1053800010B14FF0FF30AEE79DF819009DF81810EE
:1053900040EA012000B2ADF808009DF81B009DF81E
:1053A0001A1040EA012000B2ADF80A009DF81D0075
:1053B0009DF81C1040EA012000B2ADF80C00BDF8C9
:1053C0001000BDF80810084400B2ADF81000BDF898
:1053D0001200BDF80A10084400B2ADF81200BDF882
:1053E0001400BDF80C10084400B2ADF81400BDF86C
:1053F0001000000A8DF81800BDF81000C0B28DF83A
:105400001900BDF81200000A8DF81A00BDF812004C
:10541000C0B28DF81B00BDF81400000A8DF81C0006
:10542000BDF81400C0B28DF81D00AA49496808787B
:1054300006AB06221146FDF776F810B14FF0FF30AB
:1054400051E700204FE70146A248007A30B1012819
:1054500007D0022809D003280FD10AE0FA200880DB
:105460000EE04FF4FA7008800AE04FF47A7008807A
:1054700006E04FF4FA60088002E00020088000BFD8
:1054800000BF0020704701469248407A30B10128A1
:1054900007D0022808D003280CD108E002200870A9
:1054A0000BE00420087008E00820087005E01020D8
:1054B000087002E04FF0FF30704700BF8548C07CA5
:1054C00018B108784006000E08700020F4E7014685
:1054D0008048C07A082817D2DFE800F01704070ACE
:1054E0000D101318BC20088013E06220088010E023
:1054F0002A2008800DE0142008800AE00A20088095
:1055000007E00520088004E000BF00BF00200880FD
:1055100000BF00BF0020704701466E4890F824008D
:1055200010B14FF0FF3070476A48C08908800020F2
:10553000F9E7014600200880401E704701464FF001
:10554000FF30704701466348007A30B1012807D028
:10555000022808D003280CD108E05F4808600BE05F
:105560005E48086008E05E48086005E05D48086045
:1055700002E04FF0FF30704700BF0020FBE701461C
:105580005448407A30B1012808D002280AD00328B4
:1055900010D10BE04FF4804008800EE041F69C7083
:1055A00008800AE04FF48050088006E04FF4006065
:1055B000088002E04FF0FF30704700BF4548C07CD4
:1055C00010B10888401008800020F5E701464148E6
:1055D000007C08700020704701463E48807A10B178
:1055E0000120087001E0002008700020704738B5E5
:1055F00004463848807A10B94FF0FF3038BD354A3C
:105600001268117C334A526810786B460222FCF70C
:10561000D9FF10B14FF0FF30F0E79DF801009DF881
:10562000001040EA012000B220800020E6E72DE9CA
:10563000FE4F0746884692461D46DDF830B00026EC
:105640000024244890F8240010B1601EBDE8FE8FAD
:10565000002028701F48807A10B94FF0FF30F5E71E
:105660001C48007C10B94FF0FF30EFE71948007C70
:1056700000F0400008B1B01CC6B21648007C00F033
:10568000200008B1B01CC6B21248007C00F0100027
:1056900008B1B01CC6B20F48007C00F0080008B189
:1056A000B01DC6B20B4A1268917A0A4A5268107845
:1056B0006B460222FCF786FF10B14FF0FF30C5E7C2
:1056C0009DF801009DF8001040EA0129B1450BDA70
:1056D0000020BBE7B001002000000343000083422C
:1056E0003333034233338341FC4840684088B9EB8D
:1056F000600F17DDF94A1268517CF84A5268107839
:105700006B460122FCF75EFF10B14FF0FF309DE7C2
:105710009DF8000000F0100020B1FFF78DF96FF048
:10572000010093E75046FCF7AAFDEC4A1268D17AD3
:10573000EA4A526810786B463246FCF743FF10B1D4
:105740004FF0FF3082E799FBF6F0401E8BF8000027
:1057500000202870B4422AD0E048007C00F0080005
:1057600028B3601C1DF800001DF8041040EA012059
:1057700000B2A8F80000E01C1DF80010A01C1DF8E5
:10578000000041EA002000B2A8F80200601D1DF8E8
:105790000010201D1DF8000041EA002000B2A8F80A
:1057A0000400287840F008002870A01D84B2B4429C
:1057B00013D0CA48007C00F0400070B1601C1DF896
:1057C00000001DF8041040EA012000B2388028785B
:1057D00040F040002870A01C84B2B44213D0BF48EF
:1057E000007C00F0200070B1601C1DF800001DF866
:1057F000041040EA012000B27880287840F02000B0
:105800002870A01C84B2B44213D0B448007C00F0CD
:10581000100070B1601C1DF800001DF8041040EA73
:10582000012000B2B880287840F010002870A01C39
:1058300084B200200AE7F8B504460F461646A7488A
:1058400090F8240010B94FF0FF30F8BDA348807ADB
:1058500010B94FF0FF30F8E7A04A1268917A9F4ADA
:10586000526810786B460222FCF7ACFE10B14FF084
:10587000FF30EAE79DF801009DF8001040EA01259D
:10588000A54203DA00203070401EDEE793484068EE
:105890004088B5EB600F17DD904A1268517C8F4A43
:1058A000526810786B460122FCF78CFE10B14FF065
:1058B000FF30CAE79DF8000000F0100020B1FFF7AC
:1058C000BBF86FF00100C0E7E2B2844B1B68D97AE5
:1058D000824B5B6818783B46FCF774FE10B14FF0C2
:1058E000FF30B2E795FBF4F0401E30700020ACE7CB
:1058F00001467A4880F82210002070477CB50546A2
:1059000076494968087801AB04220D21FCF75AFE5C
:1059100008B107207CBD9DF80700C0F301109DF879
:10592000041001F0E00140EAE1008DF800009DF86C
:105930000700C0F381009DF8051001F0E00140EA86
:10594000E1008DF801009DF8070000F003009DF8CC
:10595000061001F0E00140EAE1008DF802000024A9
:105960001CE01DF8040018B9002045F8240013E0DD
:105970005B4845F8240006E055F82400594901F039
:105980000BFE45F824001DF80400401EC0B20DF8BF
:1059900004000028F0D100BF601CC4B2032CE0DB7F
:1059A0000020B7E72DE9FE4F06460F460025684662
:1059B000FFF7A4FF002442E056F8240057F8241013
:1059C000A0EB010ABAF1000F01DB514601E0CAF178
:1059D0000001084601F0D8FF83464FF08F4101F0E7
:1059E0000DFE80465DF82400002102F061F816D01B
:1059F0005DF82410404601F001FE82464FF07E51D2
:105A000001F0C4FD814629F0004A3748416A5046FA
:105A100002F058F812D20120A04005430EE03248AF
:105A2000C169404602F044F805D32F48016A404658
:105A300002F048F802D20120A0400543641C032C68
:105A4000BADB2846BDE8FE8F2DE9FC5F06460F460F
:105A5000002522494968087801AB03220D21FCF793
:105A6000B1FD10B10720BDE8FC9F9DF8040000F0D7
:105A70001F008DF804009DF8050000F01F008DF850
:105A800005009DF8060000F01F008DF806000024B8
:105A900062E056F8240057F82410A0EB010BBBF18C
:105AA000000F01DB594601E0CBF10001084601F08F
:105AB0006BFF4FF08F41009001F0A0FD814601A8DF
:105AC000005DC0B30849086801F067FF8346594686
:105AD000064801F093FD80460FE00000B001002071
:105AE0007B14AE3E1D5A843F5096000800B04C45D2
:105AF000FE49404601F050FD804601A8005D401E71
:105B0000C0B201A908550028F2D14146484601F02B
:105B100075FD83464FF07E5101F038FD82462AF034
:105B2000004BF3488169584601F0CCFF13D20120A5
:105B3000A04005430FE0FFE7ED480169484601F04A
:105B4000B7FF05D3EA484169484601F0BBFF02D2DE
:105B50000120A0400543641C032C9ADB284682E701
:105B60002DE9F04F87B005460C46914601208DF88F
:105B7000100000208DF81100DE4A1268917CDD4A89
:105B80005268107804AB0222FCF7CDFC20B14FF034
:105B9000FF3007B0BDE8F08FC820FCF764FB0020A1
:105BA0008DF81000D34A1268D17BD24A526810781F
:105BB00004AB0122FCF7B7FC10B14FF0FF30E8E76F
:105BC000CC4A12685179CB4A5268107804AB012252
:105BD000FCF7A9FC10B14FF0FF30DAE7C54A1268B4
:105BE000917CC44A5268107804AB0122FCF79BFCFC
:105BF00010B14FF0FF30CCE7BE4A1268D17DBD4AEC
:105C00005268107804AB0122FCF78DFC10B14FF004
:105C1000FF30BEE7B74A12681179B64A5268107869
:105C200004AB0122FCF77FFC10B14FF0FF30B0E76E
:105C30000C208DF81000AF4A12681179AD4A5268F5
:105C4000107804AB0122FCF76EFC10B14FF0FF306E
:105C50009FE70F20FCF707FBA648806A407A8DF883
:105C60001000A44A12689178A24A5268107804ABD6
:105C70000122FCF758FC10B14FF0FF3089E79D4836
:105C8000806A007A8DF810009A4A12685178994A11
:105C90005268107804AB0122FCF745FC10B14FF0BC
:105CA000FF3076E7B9F1000F07D09248806A807A1A
:105CB00040F0E0008DF8100004E08E48806A807AA1
:105CC0008DF810008B4A126891798A4A52681078D0
:105CD00004AB0122FCF727FC10B14FF0FF3058E76E
:105CE000B9F1000F07D08348806AC07A40F0E00025
:105CF0008DF8100003E07E48C07A8DF810007D4AD0
:105D00001268D1797B4A5268107804AB0122FCF703
:105D10000AFC10B14FF0FF303BE7B9F1000F02D0A1
:105D2000C820FCF7A0FA40208DF81000714A1268D4
:105D30001179704A5268107804AB0122FCF7F3FB2A
:105D400010B14FF0FF3024E778208DF81000694A39
:105D500012685179674A5268107804AB0122FCF747
:105D6000E2FB10B14FF0FF3013E761498889FCF77F
:105D70007AFA00208DF810005E4A126851795D4A67
:105D80005268107804AB0122FCF7CDFB10B14FF044
:105D9000FF30FEE6574A1268917A564A52681078E8
:105DA00004AB0222FCF70EFC10B14FF0FF30F0E61E
:105DB0009DF811009DF8101040EA012B0C209BFB70
:105DC000F0F0C6B20020A86068602860A060606043
:105DD0002060824665E0474A1268D17A454A526897
:105DE000107804AB0C22FCF7EDFB10B14FF0FF3044
:105DF000CFE69DF811009DF8101040EA012000B296
:105E0000ADF808009DF813009DF8121040EA01203B
:105E100000B2ADF80A009DF815009DF8141040EA94
:105E2000012000B2ADF80C00BDF90810206808444C
:105E30002060BDF90A10606808446060BDF90C106C
:105E4000A0680844A0609DF817009DF8161040EA6D
:105E5000012000B2ADF800009DF819009DF818105F
:105E600040EA012000B2ADF802009DF81B009DF849
:105E70001A1040EA012000B2ADF80400BDF900108C
:105E8000286808442860BDF9021068680844686002
:105E9000BDF90410A8680844A8600AF1010000F0E8
:105EA000FF0AB24597DB1248D0F800C02868C11736
:105EB000090441EA1041070462460023384601F014
:105EC000A5FA32460023CDE9020101F09FFA2860CD
:105ED0000748D0F800C06868C117090441EA1041BA
:105EE000070462460023384606E0000054E3853F7D
:105EF00050960008B001002001F088FA32460023D5
:105F0000CDE9020101F082FA6860FE48D0F800C0D5
:105F1000A868C117090441EA10410704624600233A
:105F2000384601F073FA32460023CDE9020101F050
:105F30006DFAA860F348D0F804C02168C8170004BF
:105F400040EA11480F04624600233846414601F0FA
:105F50005DFA32460023CDE9020101F057FA2060D4
:105F6000E848D0F804C06068C117090441EA10414C
:105F7000070462460023384601F048FA32460023FF
:105F8000CDE9020101F042FA6060DE48D0F804C0B9
:105F9000A068C117090441EA1041070462460023C2
:105FA000384601F033FA32460023CDE9020101F010
:105FB0002DFAA060A068002804DDA068A0F580305C
:105FC000A06003E0A06800F58030A0600020E0E55C
:105FD00038B50446CC4890F82400A04201D10020F6
:105FE00038BD24B3C84890F8250010B94FF0FF30F1
:105FF000F6E70020FEF75AFB0020FEF779FCC249C5
:10600000C88CFEF7DEFE00200090BF494968087882
:106010006B4601222321FCF786FA0121BA4880F859
:1060200024100120FEF742FBFEF706FD13E00020DE
:10603000FEF73CFBB448007C0090B34949680878FF
:106040006B4601222321FCF76EFA0021AE4880F84E
:106050002410FEF7F1FC0020C2E72DE9F04F8DB0CF
:1060600083460F4602200C90A74890F8240020B1E8
:106070000020FFF7ADFF012600E0002603A8FFF790
:10608000E2F905A8FFF7FFF901A8FFF720FA02A837
:10609000FFF742FA9C4890F80AA004A8FFF796FA86
:1060A000002407E0002239465846FFF759FD00B9A1
:1060B00002E0641C022CF5DB00BF022C01D100259C
:1060C00028E0002407E0012206A909A8FFF748FDFF
:1060D00000B902E0641C022CF5DB00BF022C01D1E8
:1060E000002517E006A93846FFF75CFC00F0FF0822
:1060F00009A95846FFF7A8FC00F0FF090025B9F1EF
:10610000000F01D145F00105B8F1000F01D145F0B4
:10611000020500BFFF207C490872FF217A484172C6
:10612000C1724FF6FF71C181FF218172017401219B
:106130000173BDF80C00FEF7D2FE9DF81400FEF7C7
:106140008CFEBDF80400FEF790FDBDF80800FEF7D8
:1061500038FE5046FEF767FB9DF81000FEF750FD35
:1061600016B10120FFF734FF28460DB0BDE8F08FCF
:10617000F8B504460D46164616B94FF0FF30F8BD87
:106180006148807A10B94FF0FF30F8E720128DF89F
:106190000000E0B28DF801009DF8010028445A4942
:1061A00049684989884202DD4FF0FF30E7E7564AE7
:1061B0001268117E544A526810786B460222FCF72E
:1061C000B2F910B14FF0FF30D9E7EAB24E4B1B687D
:1061D000597D4D4B5B6818783346FCF7A4F910B134
:1061E0004FF0FF30CBE70020C9E7F8B504460D4675
:1061F000164616B94FF0FF30F8BD4348807A10B903
:106200004FF0FF30F8E720128DF80000E0B28DF873
:1062100001009DF8010028443B49496849898842AA
:1062200002DD4FF0FF30E7E7374A1268117E364A49
:10623000526810786B460222FCF775F910B14FF0E6
:10624000FF30D9E7EAB2304B1B68597D2E4B5B68B3
:1062500018783346FCF7B6F910B14FF0FF30CBE7B2
:106260000020C9E72DE9F04385B005460E4690466B
:106270009946254890F8250020B14FF0FF3005B031
:10628000BDE8F08316B94FF0FF30F8E7002423E0B3
:10629000281B102801DD102000E0281B87B23219CE
:1062A00039462046FFF764FF10B14FF0FF30E6E7B4
:1062B00001AA39462046FFF798FF10B14FF0FF3092
:1062C000DDE730193A4601A901F001F910B16FF08C
:1062D0000100D4E7E01984B2AC42D9DB4FEA2820B0
:1062E0008DF8000008F0FF008DF80100064A1268E2
:1062F000917E054A526810786B460222FCF713F92A
:1063000038B103E050960008B00100204FF0FF3094
:10631000B5E701218A4880F82510A0F826900020D2
:10632000ADE70146864890F82400087000207047C9
:1063300002464FF0FF30704701464FF0FF30704784
:10634000F8B505460F461446002C70D0B5F5FF5F32
:1063500001DDFF2605E0202D01DA012601E0C5F36D
:10636000471607B90127282C02DD4FF0FF30F8BD92
:106370007348407D28BB724890F8240038B1002053
:10638000FFF726FE01216E4880F8201003E000216F
:106390006B4880F820106A481630FFF754F86848B8
:1063A0001830FFF770F866481A30FFF790F8644825
:1063B0001C30FFF7B1F86248817A81771F30FFF710
:1063C00005F90020FEF772F90020FEF78DFC002091
:1063D0008DF800005A4A12689178594A526810782C
:1063E0006B460122FCF79FF810B14FF0FF30BEE77B
:1063F00040208DF80000524A1268D17B504A526802
:1064000010786B460122FCF78EF800B165E08DF83C
:1064100000608DF801704A4A1268117A484A526841
:1064200010786B460222FCF77EF808B155E047E091
:106430000520FBF718FF4248407A072101EBC00016
:10644000C0B28DF800003E4A1268D1793C4A5268C9
:1064500010786B460122FCF766F800B13DE0202081
:106460008DF80000012C03D100208DF801000EE012
:10647000052C03DC01208DF8010008E0142C03DC5E
:1064800002208DF8010002E003208DF801009DF844
:106490000100072101EB8010C0B28DF80100284AED
:1064A0001268917C264A526810786B460222FCF7EB
:1064B0003AF800B111E0012121484175002056E76A
:1064C0001F4A1632002103E0505C00B105E0491C70
:1064D0000C29F9D34FF0FF3049E7FF201849087223
:1064E000FF2117484172C1724FF6FF71C181FF2130
:1064F00081720174012101730146887FFEF793F9CF
:106500000F49C88AFEF7EBFC0D49087EFEF7A5FC93
:106510000B49488BFEF7A9FB0949888BFEF751FC14
:106520000749C87FFEF76CFB054890F8200010B1C2
:106530000120FFF74DFD002101484175002016E7BD
:10654000B001002010B5C8234FF48062F74940F62F
:10655000F630FFF787FE10BD10B586B00446F4A0F4
:1065600000680390F3A000680290F3A00068019017
:10657000F2A00068009004F0030003A9085C8DF805
:10658000140003A8C4F3C101405C8DF8150003A8F2
:10659000C4F38111405C8DF8160004F0030002A9D9
:1065A000085C8DF8100002A8C4F3C101405C8DF8AE
:1065B000110002A8C4F38111405C8DF8120005AAF5
:1065C000032140F22640FFF7D3FD18B14FF0FF3012
:1065D00006B010BD04AA032140F22A40FFF7C8FD0F
:1065E00010B14FF0FF30F3E7019805900098049048
:1065F00004F0040058B19DF8140040F001008DF83B
:1066000014009DF8100040F001008DF8100004F017
:10661000200058B19DF8150040F001008DF81500DC
:106620009DF8110040F001008DF8110004F4807015
:1066300058B19DF8160040F001008DF816009DF845
:10664000120040F001008DF8120005AA03214FF45A
:106650008860FFF78DFD10B14FF0FF30B8E704AA56
:10666000032140F23140FFF783FD10B14FF0FF30BE
:10667000AEE7B34804810020AAE71FB50446B0483E
:10668000007A00F0030054F820000190AC48007A32
:1066900000F0040010B1019840420190A848007A2F
:1066A000C0F3C10054F820000290A548007A00F021
:1066B000200010B1029840420290A148007AC0F335
:1066C000811054F8200003909D48008900F48070E8
:1066D00010B10398404203909A49019880FB010150
:1066E000800F40EA810001909649029880FB0110DA
:1066F000820042EA917002909249039880FB011057
:10670000820042EA917003900198000E8DF800001B
:106710000198000C8DF801000198000A8DF8020024
:106720000198C0B28DF803006A4604214FF47470DA
:10673000FFF71EFD18B14FF0FF3004B010BD0298F6
:10674000000E8DF800000298000C8DF801000298F0
:10675000000A8DF802000298C0B28DF803006A4664
:1067600004214FF47570FFF703FD10B14FF0FF30B7
:10677000E3E70398000E8DF800000398000C8DF8F5
:1067800001000398000A8DF802000398C0B28DF84A
:1067900003006A4604214FF47670FFF7E9FCCCE76A
:1067A00070B588B0064601A8FEF7E9FEBDF8040002
:1067B0000021C90341EA5045C4036148007A00F052
:1067C000030056F8200005905D48007A00F00400B0
:1067D00010B10598404205905948007AC0F3C100B5
:1067E00056F8200006905648007A00F0200010B1BC
:1067F0000698404206905248007AC0F3811056F83D
:10680000200007904E48008900F4807010B107986E
:10681000404207900598C117A0FB042301FB0431F7
:1068200000FB0510810041EA927005900698C1179F
:10683000A0FB042301FB043100FB0510810041EAA9
:10684000927006900798C117A0FB042301FB043146
:1068500000FB0510810041EA927007900598000E38
:106860008DF808000598000C8DF809000598000ABD
:106870008DF80A000598C0B28DF80B000698000E3E
:106880008DF80C000698000C8DF80D000698000A93
:106890008DF80E000698C0B28DF80F000798000E14
:1068A0008DF810000798000C8DF811000798000A69
:1068B0008DF812000798C0B28DF8130002AA0C21BF
:1068C0004FF42570FFF754FC08B070BD30B585B0AB
:1068D00004461DA207CA02AB07C3C82C03DD4FF054
:1068E000FF3005B030BDC82090FBF4F0401E85B2EB
:1068F000280A8DF80000E8B28DF801006A460221EE
:1069000040F21620FFF734FC10B14FF0FF30E8E7FB
:1069100002AA0C2140F6C120FFF72AFC10B14FF06B
:10692000FF30DEE7064884810020DAE77896000829
:106930004CCD6C000CC92C003656760026466600FD
:106940005403002009E3CA02FEF2ABC4AAF1DFDF60
:10695000BBAFDFDF0146FC4880890880002070471C
:106960002DE9FC4706460F4606F0070010B1B7F5C3
:10697000C86F03DD4FF0FF30BDE8FC87384601F0FB
:106980000CF88146F14900F039FE80466846FEF772
:106990007AFD9DF80000022806D0042816D00828A9
:1069A00026D0102848D135E04FF08D41404600F008
:1069B000F3FD814601F020F884B2E549404600F03D
:1069C000EBFD814601F018F885B238E04FF08C41BC
:1069D000404600F0E1FD814601F00EF884B2DD4949
:1069E000404600F0D9FD814601F006F885B226E068
:1069F0004FF08B41404600F0CFFD814600F0FCFF98
:106A000084B2D549404600F0C7FD814600F0F4FF4E
:106A100085B214E04FF08A41404600F0BDFD81464A
:106A200000F0EAFF84B2CD49404600F0B5FD814652
:106A300000F0E2FF85B202E04FF0FF309CE700BFBC
:106A400020128DF80400E0B28DF8050028128DF8B0
:106A50000600E8B28DF8070006F00100A0B101AA17
:106A600002214FF4EA70FFF783FB10B14FF0FF30C3
:106A700082E70DF1060202214FF49270FFF778FBD6
:106A800010B14FF0FF3077E706F00200A0B101AA85
:106A900002214FF4EC70FFF76BFB10B14FF0FF30A9
:106AA0006AE70DF1060202214FF49470FFF760FBD4
:106AB00010B14FF0FF305FE706F00400A0B101AA6B
:106AC00002214FF4EE70FFF753FB10B14FF0FF308F
:106AD00052E70DF1060202214FF49670FFF748FBD2
:106AE00010B14FF0FF3047E7002045E738B50446C6
:106AF0000020009004F0010020B19DF8000040F05B
:106B00003000009004F0020020B19DF8000040F039
:106B10000C00009004F0040020B19DF8000040F04B
:106B2000030000906A4601214FF4A470FFF720FB98
:106B300038BD38B50446012C01DA012402E0042CEA
:106B400000DD0424601EC0B200906A46012140F2BC
:106B50004F10FFF70DFB38BD38B50446052094FBF8
:106B6000F0F085B228128DF80000E8B28DF801002F
:106B70006A4602214FF4EF70FFF7FAFA38BD38B5D4
:106B80000446052094FBF0F085B228128DF8000031
:106B9000E8B28DF801006A4602214FF4ED70FFF76C
:106BA000E7FA38BDF8B505460E464FF47A7095FB06
:106BB000F0F000FB06F4200E8DF80000200C8DF89C
:106BC0000100200A8DF80200E0B28DF803006A4649
:106BD00004214FF4AE70FFF7CBFAF8BD38B5044688
:106BE000052094FBF0F084B220128DF80000E0B292
:106BF0008DF801006A4602214FF4AD70FFF7B8FA34
:106C000038BD38B50446052094FBF0F084B220125C
:106C10008DF80000E0B28DF801006A4602214FF4C1
:106C2000AC70FFF7A5FA38BD38B5044614B94FF07B
:106C3000FF3038BD6A4604214FF45870FFF7D5FA8B
:106C400010B14FF0FF30F4E79DF8000000069DF80A
:106C5000011040EA01409DF8021040EA01209DF831
:106C60000310084320600020E3E738B50446200EF7
:106C70008DF80000200C8DF80100200A8DF802002C
:106C8000E0B28DF803006A4604214FF45870FFF714
:106C90006FFA38BD38B5044614B94FF0FF3038BD2F
:106CA0006A4604214FF47170FFF79FFA10B14FF05C
:106CB000FF30F4E79DF8000000069DF8011040EA5F
:106CC00001409DF8021040EA01209DF8031008439E
:106CD00000EB8000800020600020E0E738B504462B
:106CE0001420B4FBF0F4200E8DF80000200C8DF879
:106CF0000100200A8DF80200E0B28DF803006A4618
:106D000004214FF47170FFF733FA38BD38B50446EB
:106D100064B120208DF8000028208DF8010030207B
:106D20008DF8020038208DF8030004E0A32204212E
:106D3000684600F0AEFB6A46042140F69E20FFF74D
:106D400017FAFDF779FE38BD5403002000004843D0
:106D5000000040460000C045000040450000C0441F
:106D600038B5044664B1C0208DF80000C2208DF80B
:106D70000100C4208DF80200C6208DF8030004E055
:106D80008B220421684600F084FB6A46042140F609
:106D90009820FFF7EDF9FDF74FFE38BD3EB50446EC
:106DA0006CB1FDA1D1E900208968CDE900200291F4
:106DB0006A4609214FF49760FFF7DAF93EBDF9A260
:106DC000D2E900109268CDE9010200916A460921DA
:106DD0004FF49760FFF7CCF9F0E73EB50446022088
:106DE0008DF80000CA208DF80100E3208DF8020024
:106DF00009208DF803006A4604216820FFF7B8F9DE
:106E0000A3208DF8000004F0400048B1C0208DF8A8
:106E10000100C8208DF80200C2208DF8030006E0B2
:106E2000A3208DF801008DF802008DF8030004F412
:106E3000C07048B1C4208DF80400CC208DF8050046
:106E4000C6208DF8060006E0A3208DF804008DF81A
:106E500005008DF80600A3208DF807008DF80800C6
:106E60008DF809006A460A2140F6A720FFF780F94D
:106E700004F0030018B120208DF8000002E0D820B3
:106E80008DF800006A46012140F6B620FFF770F940
:106E900004F0200018B10120FFF780FF02E000207D
:106EA000FFF77CFF04F4C07008B304F4807060B195
:106EB000B2208DF800008B208DF80100B6208DF8EF
:106EC00002009B208DF803000BE0B0208DF800003D
:106ED00080208DF80100B4208DF8020090208DF8FC
:106EE00003006A46042140F6A220FFF741F904F0AE
:106EF000010020B3F8208DF800006A4601214FF40C
:106F00000B60FFF735F9FA210720FFF729FD07206D
:106F1000FFF7ECFD0120FFF70CFE6420FFF71CFEDD
:106F20004FF4FA70FFF72BFEC821A148FFF73AFE95
:106F30002820FFF753FE0A20FFF763FE08E0D82061
:106F40008DF800006A4601214FF40B60FFF710F93D
:106F500004F0020018B1D9208DF8000002E0D8201A
:106F60008DF800006A46012140F23D70FFF700F9FC
:106F700004F0040018B10120FFF7F2FE02E0002047
:106F8000FFF7EEFE04F0100018B10120FFF7BEFE7F
:106F900002E00020FFF7BAFE44F00800854948816E
:106FA000FDF74AFD00208349887304F0400018B1C2
:106FB0000846807B801D887304F4C07020B17D4832
:106FC000807B801D7B49887304F0140020B17948D0
:106FD000807B10307749887304F0030020B1754836
:106FE000807B001D7349887300203EBD01467148B7
:106FF00040890880002070472DE9F0410446E07880
:1070000000F0C006E07800F03F05607800F0010075
:1070100098B1EF102846E91705EB5171C910A5EB9F
:10702000C101491C01F0FF086248006820B16148B5
:10703000414602683846904700BF607800F008007B
:1070400030B15C48406818B1B0115A4A516888475D
:107050000020BDE8F08110B586B0044656A207CAEC
:1070600003AB07C357A207CA8DE80700012C09D05C
:10707000022C0ED103AA0B2140F68220FFF778F8EC
:1070800006B010BD6A460B2140F68220FFF770F86B
:10709000F6E74FF0FF30F3E72DE9F04F8DB00746EC
:1070A000884615469946DDE9166B0024002030809D
:1070B0004049887B5A4605A9FEF7BDFB18B1601E02
:1070C0000DB0BDE8F08F3B48807A00F01400002836
:1070D00061D09DF8140000069DF8151040EA0140AB
:1070E0009DF8161040EA01209DF81710084328600B
:1070F0009DF8180000069DF8191040EA01409DF81F
:107100001A1040EA01209DF81B10084368609DF8A2
:107110001C0000069DF81D1040EA01409DF81E105D
:1071200040EA01209DF81F100843A8609DF8200048
:1071300000069DF8211040EA01409DF8221040EA27
:1071400001209DF823100843E86004F11000C4B248
:10715000286800140190686800140290A868001460
:107160000390E8680014049001984043029901FBE1
:107170000100039901FB0100049901FB010ABAF126
:10718000706F02DBBAF1885F22DDFDF755FC00204D
:107190003080401E94E721E0B8AAB38DB4980D3535
:1071A0005D000000B8AAAAAAB088C3C5C700000045
:1071B00009E3CA0254030020D8B1B9F38BA391B6F6
:1071C00009B4D900DAB1B9F38BA391B6DAB4DA0015
:1071D000B6F9000040F48070308000BF7848807AB3
:1071E00000F0400020B305A9601C085C095D40EA7E
:1071F000012000B2A8F8000005A9E01C095C05AA5E
:10720000A01C105C41EA002000B2A8F8020005A909
:10721000601D095C201D105C41EA002000B2A8F846
:107220000400A01DC4B2B6F9000040F00800308090
:107230006348408900F4C07008B305A9601C085C6D
:10724000095D40EA012000B2388005A9E01C095C14
:1072500005AAA01C105C41EA002000B2788005A9B4
:10726000601D095C201D105C41EA002000B2B8805E
:10727000A01DC4B2B6F9000040F070003080504844
:10728000807A00F0030018B105A90819FFF7B4FED1
:107290004846FAF7F4FF002012E70146484801602B
:1072A0000020704701464648416000207047014673
:1072B00091F90020002A01DD00201EE091F9002054
:1072C000002A01DA042018E091F90120002A01DDEA
:1072D000012012E091F90120002A01DA05200CE0DA
:1072E00091F90220002A01DD022006E091F9022036
:1072F000002A01DA062000E00720704770B5054635
:107300002846FFF7D4FF0446E81CFFF7D0FF44EA05
:10731000C00084B2A81DFFF7CAFF44EA801084B2FF
:10732000204670BD70B588B002A905A8FEF795FE8D
:107330000446032C3FD101A8FEF704F9059800F09C
:1073400023FB0646019900F027F9054600F03BFBB8
:107350000590069800F018FB0646019900F01CF90C
:10736000054600F030FB0690079800F00DFB06463E
:10737000019900F011F9054600F025FB079005A8DA
:10738000FFF77BF96846FEF7FAF8BDF8001002989F
:1073900048430290BDF80010039848430390BDF89D
:1073A000001004984843049002A8FFF7F9F905A0DB
:1073B000FDF735F802E00CA0FDF731F808B070BD1C
:1073C0005403002073657474696E67206269617389
:1073D0002073756363657366756C6C79202E2E2E31
:1073E0002E2E2E0A0000000062696173206861730E
:1073F000206E6F74206265656E206D6F64696669CA
:107400006564202E2E2E2E2E2E0A00002DE9F0412E
:107410000024061B254671F1000605DA0124002729
:10742000D0EB070067EB0101161E73F1000605DAC9
:107430000027D2EB0702012567EB030300F062FB94
:1074400086460E4617469C46AC4204D00025D0EB3B
:10745000050E65EB010624B10020D2EB000760EBBE
:10746000030C704631463A466346BDE8F08140EA77
:1074700001039B0703D009E008C9121F08C0042AB2
:10748000FAD203E011F8013B00F8013B521EF9D299
:107490007047D2B201E000F8012B491EFBD27047C1
:1074A0000022F6E710B513460A4604461946FFF7D0
:1074B000F0FF204610BD421E12F8013F002BFBD109
:1074C00011F8013B02F8013B002BF9D1704730B5B0
:1074D00004460020034600E05B1C934203D2E05CBC
:1074E000CD5C401BF8D030BDF0B480EA0102D40F6F
:1074F0004200B2EB410F02D20246084611464A0052
:1075000042D0C30DDDB2C1F3C752AD1A202D35DA1A
:10751000C1F3160141F4000204B15242C5F1200644
:1075200002FA06F12A411044B3EBD05F23D0C4B174
:10753000012DA0EBC35009DCF0BC4FF0004202EA81
:10754000C352DBB200F5000000F037BB400000F191
:10755000807000EBC350A0F1807040EAD170490008
:1075600009E0490841EAC071A0EBC35000F50000F2
:10757000400800EBC350F0BC00F016BB6142012292
:1075800002EB4101001BF6E7F0BC704781F00041BF
:10759000AAE780F00040A7E780EA010210B502F0F8
:1075A0000043400022D04A001FD0010E01EB1261BF
:1075B000C0F35600C2F3560240F4000042F4000249
:1075C000A0FB022000047F39140400D0401C50EAC4
:1075D000124001D44000491EC2B20C0604EBD01088
:1075E000401C4008802A02D003E0002010BD20F09B
:1075F0000100002900DA0020184310BD30B480EAF1
:10760000010202F0004530F0004221F0004013D0AA
:1076100090B1C30DD40DC2F31601C0F31600E41AE5
:1076200041F4000140F400027D34914201D3641C16
:1076300000E04900002C02DA30BC002070474FF413
:1076400000000023914201D3891A034340084FEA06
:107650004101F7D151B1914202D14FF0004105E013
:1076600002D24FF0010101E06FF0010103EBC450C1
:10767000284430BC00F098BA2DE9FE4F804681EADC
:107680000300C00F0C46009021F0004123F000459C
:10769000B8EB0200A94105D24046214690461C465F
:1076A0000B46024623F00040104347D0270DC7F396
:1076B0000A00C3F30A510290401A019040286BDA85
:1076C000C3F3130040F4801B0098924620B10023BE
:1076D000D2EB030A63EB0B0B01985946C0F1400251
:1076E000504600F040FA06460D4650465946019A6B
:1076F00000F048FA10EB08006141002487EA1152BB
:1077000084EAE7731A4340D0009A62B3019A012ACF
:107710004FEA075215DC001B61EB02014FF00042FB
:1077200002EA0752CDE90042001C41F580113246C1
:107730002B4600F07FFA03B0BDE8F08F40462146AB
:10774000F9E7001B61EB0201001C41F580130018F2
:107750005B412018A2F5001747EB030140EAD57002
:10776000B6196D4111E06D084FEA360645EAC0755D
:107770004FEA0752001B61EB0201001C41F580112A
:1077800049084FEA30000019514132462B4603B0F8
:10779000BDE8F04F00F03FBA0098012240000023FE
:1077A000D0EB020263EBE073009821464FEAE074ED
:1077B000B8EB000061EB0401E9E783F000435BE70D
:1077C00081F0004158E72DE9FE4F81EA030404F0FF
:1077D000004421F0004100944FF0000B23F00043DF
:1077E00050EA01045ED052EA03045BD0C3F30A54AA
:1077F000C1F30A552C44A4F2F3340194A0FB0254C3
:10780000C1F3130141F48011C3F3130343F4801354
:1078100001FB024400FB034E840A970A44EA8154A8
:1078200047EA8357A4FB076802958D0A05FB078585
:107830004FEA932C04FB0C542705029D4FEA06588F
:1078400047EA1637B5EB08056EEB070C870E920E6C
:1078500047EA811742EA8312A7FB0201B6EB0B014C
:1078600064EB00042B0D43EA0C335E1844EB1C5010
:10787000DA465146E7FB0201C5F313044FEA0B3326
:1078800043EA14534FEA0432019C43EA0603A4F18D
:107890000C040294009CCDE900B400F0CBF903B0D5
:1078A000BDE8F08F00200146F9E72DE9F04D81EAAF
:1078B000030404F0004B21F0004514464FF0000A89
:1078C00023F0004150EA050220D054EA01021DD005
:1078D000C5F30A570246C5F31303C1F31300C1F3FE
:1078E0000A5640F4801543F48013A7EB0608101BDA
:1078F000D64608F2FD3873EB050002D308F1010803
:1079000001E092185B41B8F1000F03DA0020014654
:10791000BDE8F08D00204FF48011064684460EE04D
:10792000171B73EB050705D3121B63EB0503064317
:107930004CEA010C49084FEA300092185B4150EACA
:107940000107EDD152EA030012D082EA040083EA73
:107950000501084305D0101BAB4106D201220023CC
:1079600006E000224FF0004302E06FF001025310E6
:107970001AEB06004CEB085110EB0A0041EB0B012F
:10798000BDE8F04D00F047B9C10F80EAE07008444F
:10799000CA079623002100F010B996230022114651
:1079A00000F00BB90EB5C10F80EAE0700844CA07B9
:1079B000002140F233438DE80E000A460B4600F0EA
:1079C00039F903B000BD00F0004220F00040C10DC5
:1079D000C0F3160040F400007F2901DA0020704750
:1079E000962903DCC1F19601C84001E09639884030
:1079F000002AF4D04042704720F00040C10DC0F38F
:107A0000160040F400007F2901DA00207047962913
:107A100003DCC1F19601C840704796398840704731
:107A200000F0004230F000400AD0C10D01F5607155
:107A3000C0F3160042EA0151C208400711437047E3
:107A4000002001467047000030B5041E71F10004AB
:107A500004DB4FF00044404264EB0101141E73F15B
:107A6000000405DB1C464FF00043524263EB040365
:107A70008B4208BF824230BD01F0004330B421F098
:107A8000004150EA010206D00A0DA2F56072C1F36E
:107A90001301002A02DC30BC00207047440F44EA86
:107AA000C104C100E01830BC00EBC25000F07CB84B
:107AB000002801DBC0F10040002901DBC1F10041D9
:107AC00081427047002801DBC0F10040002901DB42
:107AD000C1F100418842704730B50B460146002095
:107AE0002022012409E021FA02F59D4205D303FA80
:107AF00002F5491B04FA02F52844151EA2F1010201
:107B0000F1DC30BD2DE9F05F0546002092469B4632
:107B100088460646814640241BE0284641464746A3
:107B2000224600F02FF953465A46C01A914110D30D
:107B300011461846224600F016F82D1A67EB010888
:107B40004F4622460120002100F00DF817EB0009F6
:107B50004E41201EA4F10104DFDC484631462A468E
:107B60004346BDE8F09F202A04DB203A00FA02F1E8
:107B7000002070479140C2F1200320FA03F319431B
:107B800090407047202A06DBCB17203A41FA02F0DA
:107B900043EAE07306E041FA02F3D040C2F120026A
:107BA00091400843194670470029A8BF7047401C00
:107BB000490008BF20F00100704710B4B0FA80FC03
:107BC00000FA0CF050EA010404BF10BC704749B140
:107BD000CCF1200421FA04F411FA0CF118BF0121B0
:107BE00021430843A3EB0C01CB1D4FEA00614FEA90
:107BF000102042BF002010BC704700EBC35010445F
:107C00000029A4BF10BC7047401C490008BF20F0E9
:107C1000010010BC704710B5141E73F1000408DA9F
:107C2000401C41F1000192185B411A4301D120F040
:107C3000010010BD2DE9F04D92469B4611B1B1FAFD
:107C400081F202E0B0FA80F220329046FFF78BFF1B
:107C500004460F4640EA0A0041EA0B0153465A46E1
:107C6000084313D0114653EA010019D0C8F140026D
:107C7000504600F087F805460E46504659464246A3
:107C8000FFF771FF084305D0012004E02046394684
:107C9000BDE8F08D0020054346EAE0762C433743EB
:107CA0000A986305E40AA0EB08000022FD0A44EAF2
:107CB00047540A3002D500200146E9E701051019B2
:107CC0006941DDE9084500196941BDE8F04DA2E7C9
:107CD00070B521F0004303430CD0C1F30A550024D2
:107CE000D5EB040564EB0403D617AD1AB34102DBF0
:107CF0000020014670BD201841EB025170BDC1F358
:107D00000A52C1F3130140F2FF3341F480119A4249
:107D100002DA00200146704740F233439A42A2F251
:107D2000334202DC524200F02DB8FFF71CBF0000C6
:107D300030B5041E71F1000404DB4FF000444042F2
:107D400064EB0101141E73F1000405DB1C464FF0C7
:107D50000043524263EB0403994208BF904230BD96
:107D6000064C074D06E0E06840F0010394E8070088
:107D700098471034AC42F6D3F8F7BCF9D0A4000809
:107D8000F0A40008202A04DB203A21FA02F00021A6
:107D9000704721FA02F3D040C2F12002914008431B
:107DA000194670472DE9F04D00231A461B1A8A41E7
:107DB00003DB00200146BDE8F08DC1F30A52C1F398
:107DC000130141F480154FF0000BD10702D10018C8
:107DD0006D41521E0027044640F2FF11384601EB68
:107DE000620A3E468046024600204FF48011FFF7AB
:107DF000C9FFC2197141BB1846EB0100B4EB030C7B
:107E000075EB000C04D3E41A65EB000517460E462B
:107E1000241908F101006D4180463428E3DDF91989
:107E200046EB0600091BA84103D24FF0FF32134670
:107E300001E0002213461BEB070046EB0A51BDE8A8
:107E4000F04DFFF7E8BE0EB540F23341029100213C
:107E5000CDE900110A460B46FFF7ECFE03B000BD6A
:107E600070B5C1F30A5201F000450024C1F31301BB
:107E700040F2FF3341F480119A4201DA002070BDD4
:107E800040F233439A42A2F2334203DC5242FFF7FC
:107E900079FF00E090402C43F1D0404270BD70B5B6
:107EA0008C1810F8015B15F0070301D110F8013BA5
:107EB0002A1106D110F8012B03E010F8016B01F82C
:107EC000016B5B1EF9D12B0705D40023521E0DD484
:107ED00001F8013BFAE710F8013BCB1A921C03E0D2
:107EE00013F8015B01F8015B521EF9D5A142D8D30A
:107EF000002070BD0FB4084B10B504A902AA039866
:107F000000F01AFC044602A9002000F0ACFF204655
:107F100010BC5DF814FB0000678E0008490050EAB1
:107F2000C12018BF04204A0D18BF40F0010040F2E4
:107F3000FF72B2EB515F08BF40F00200012808BF9A
:107F4000052070472DE9F74F144694B00021C4E98D
:107F500002111599079121F00045C9498D4206DCAF
:107F60001599C4E9000117B00020BDE8F08FC5499C
:107F7000DFF814A3A9423CDD0799C44E0029C44F81
:107F8000C44A1599534619DDFFF717FC554506D02D
:107F9000C14AC24BFFF711FCC4E900010AE04FF0EF
:107FA000D352BE4BFFF709FC32463B46FFF705FCB8
:107FB000C4E9000117B00120BDE8F08FFFF75CFBBA
:107FC000554506D0B44AB54BFFF756FBC4E900014E
:107FD0000AE04FF0D352B14BFFF74EFB32463B461F
:107FE000FFF74AFBC4E9000117B04FF0FF30BDE8CE
:107FF000F08FAB49A942159978DB21F00041834607
:108000008846A84AA84BFFF7DEFB0022A74BFFF7E4
:1080100033FBFFF725FF0990FFF7C4FC06460F4628
:108020009C4A5346FFF7CFFB43465A46FFF7C8FB2F
:1080300080468A46984A994B30463946FFF7C3FB3B
:108040002A0D01250B9242465346FFF7B9FB032D3B
:10805000C4E9000139D00B98C1F30A51401A05EB6D
:1080600045111139814230DA9148C346784400EB1A
:108070000510CDF80CA00C90D0E90023304639460D
:10808000FFF7A1FB02460B46049106905846039960
:10809000FFF793FB80468A4602460B4658460399F3
:1080A000FFF78BFB049B069AFFF787FB83460C9830
:1080B00003913946D0E902233046FFF784FB5A4644
:1080C000039BFFF77AFB6D1CBDE707980028A2BF52
:1080D000099817B0BDE8F08F616881F000416160D8
:1080E000099817B04042BDE8F08FFFE78446159825
:1080F000C1F31301C0F30A50A0F2F5304FEA601843
:1081000000F01F06C6F12000139000200690079093
:1081100041F4801E05206D4676B1664A08EB0001E9
:108120007A4452F8213002EB8101B3404A68139936
:1081300022FA01F1194305E05F4908EB0002794496
:1081400051F82210A1FB0E27A1FB0C131A449A42EE
:1081500034BF0123002303EB070A05EB8003D3E9B7
:1081600001B70F448F4234BF0121002193448B4457
:1081700011B1934502D903E0934501D2012100E0FA
:108180000021C3E901B7514445F82010011EA0F1B8
:108190000100C1DC0298059F00F10050800F129091
:1081A0000298DDE903568000FFF7FCFB8346284672
:1081B0000D91FFF748FE6FF01D02FFF789FDCDE935
:1081C0000E013046FFF73FFE6FF03D02FFF780FDE6
:1081D00080468A463846FFF736FE6FF05D02FFF7AD
:1081E00077FD0746424653461191FFF745FADDE910
:1081F0000E23FFF741FA5A460D9BFFF73DFA002583
:108200000E465A4628460D9BFFF7D7FADDE90E23A6
:10821000FFF7D3FA42465346FFF7CFFA3A46119B8F
:10822000FFF7CEFADFF898A0244A5346FFF7CBFABF
:1082300007468846234A244B31462846FFF7C3FAAF
:108240003A464346FFF718FA074688464FF0A842D9
:10825000534631462846FFF7B6FA3A464346FFF7FB
:108260000BFA159A12F0004F04D0129A81F00041D7
:1082700052421292C4E90001129817B0BDE8F08F83
:10828000FB21E93F7CD90240FB21F93F7370032EAB
:108290008A19A33B000040543163621A61B4D03D97
:1082A000FB21394183C8C96D305FE43F0000E03FE6
:1082B000202300009C2200007E220000182D445440
:1082C000FB21F93D3326A611460B113C2DE9FF4D4C
:1082D00021F0004807460C46B8F1795F08DAFFF74D
:1082E000BFFD002801BF0020324904B0BDE8F08D79
:1082F0003A46234610461946FFF765FA05460246F8
:108300002D480E460B460621784400F05DF82A46BB
:108310003346FFF758FADDE9022382468B4638469A
:108320002146FFF750FA04460F4652465B46284660
:108330003146FFF748FA22463B46FFF73EFA07462A
:108340008A464FF0FF3228463146FFF7C1FC1B4AF0
:1083500090450ADA3A465346FFF72FFA04B0002256
:10836000BDE8F04D134BFFF72BBA154A4245A8BFA5
:10837000A8F500154FF00004B8BF124D22462B4659
:10838000FFF71BFA0646884622462B46002009497D
:10839000FFF713FA04460D463A4653463046414627
:1083A000FFF70BFA04B022462B46BDE8F04DFFF76D
:1083B00007BA00000000F03F4C2000003333D33FE9
:1083C0000000E93F0000D23F2DE9F0414F1E00EBD5
:1083D000C7010446D1E9000115461E4637F00602E2
:1083E0000DD02A463346FFF7EEF97F1E04EBC70394
:1083F000D3E90023FFF740F937F00602F1D1022F4D
:1084000025D0042F13D0062F18BFBDE8F0812A46CF
:108410003346FFF7D8F9D4E90A23FFF72DF92A46A6
:108420003346FFF7D0F9D4E90823FFF725F92A46A8
:108430003346FFF7C8F9D4E90623FFF71DF92A46AA
:108440003346FFF7C0F9D4E90423FFF715F92A46AC
:108450003346FFF7B8F9D4E90223FFF70DF92A46AE
:108460003346FFF7B0F9D4E90023BDE8F041FFF748
:1084700003B900002DE9FF4D054621F0004084B00E
:108480000C46B0F1795F0BDA2846FFF747FD042868
:1084900008BF00F071F8284608B02146BDE8F08D0D
:1084A0002A460B461046FFF78EF906460F462A4627
:1084B0002346FFF788F9804626488A4632463B46DF
:1084C00005217844FFF780FF83461098029160B33E
:1084D000214A224B40465146FFF775F9CDE900018C
:1084E0005A4640465146029BFFF76DF98246884640
:1084F000DDE906014FF0FF32FFF7EAFB5246434643
:10850000FFF75BF932463B46FFF75DF9DDE90623ED
:10851000FFF753F9DDE90023FFF74FF908B02A46CA
:108520002346BDE8F04DFFF74BB90B465A4630469F
:108530003946FFF748F9084A084BFFF79DF84246CD
:108540005346FFF740F908B02A462346BDE8F04DF0
:10855000FFF792B8921F0000495555555555C5BFB4
:108560000122FFF7B5BBFFF787B80022134610467C
:108570001146FFF79AB90000024A00201107FFF7E1
:10858000A7BB000001FDFFFF02E008C8121F08C1E1
:10859000002AFAD170477047002001E001C1121F84
:1085A000002AFBD1704700000149086070470000B5
:1085B000DC0100202DE9FF5F82B00021DDE90430FD
:1085C000020DDDF840B0034318D044F61050A2F27B
:1085D000FF3242431514119801281FD0A5EB0B0060
:1085E000401C5FEA000A4FF000064E4FDFF838915A
:1085F000B046504615D5CAF1000413E01198012485
:108600004AA3012801D16FEA0B010298119AC0E92F
:108610000031C0E9024206B0BDE8F09FCBF1000096
:10862000DFE704460021404A491842EB0450CDE9F7
:10863000001012E0E00707D032463B46404649466C
:10864000FFF7C1F88046894632463B461046194638
:10865000FFF7B9F806460F466410002CEAD1DDE9B1
:108660000401DDE90023BAF1000F06DAFFF7ABF8E9
:1086700042464B46FFF7A7F805E0FFF716F94246DA
:108680004B46FFF712F904460E460022284BFFF72F
:108690004FFB03D84FF0FF30014607E00022254B87
:1086A00020463146FEF7E8FFFFF729FB102409E0DA
:1086B000002C0ADB0A220023FFF724FA039B303246
:1086C0001A55641E50EA0102F2D1641C039AC4F1E7
:1086D00011031444119A012A03D0012208430DD139
:1086E0000AE0084304D000204FF0110B119072E70C
:1086F000A3EB0B056D1E0DE05B4504DD4FF00002A2
:1087000005F1010504E003DA4FF00002A5F10105CF
:10871000002AECD002981199C0E90231C0E9004565
:1087200079E70000000014400000F03F3000000036
:108730000000F0430000E03F2DE9FF4F95B09B465D
:108740008946064600250FE2252877D100242746D2
:10875000F84A0121059400E0044316F8013F203B4C
:1087600001FA03F01042F7D130782A2811D06FF0C7
:108770002F033078A0F13002092A16D8059A44F068
:10878000020402EB820203EB42021044761C0590C5
:10879000EFE759F8042B0592002A03DA504244F41B
:1087A0000054059044F00204761C30782E2816D12F
:1087B00016F8010F44F004042A280DD06FF02F02A0
:1087C0003078A0F13003092B09D807EB870302EBBF
:1087D0004303C718761CF3E759F8047B761C3078FE
:1087E0006C280FD006DC4C2817D068280DD06A28DA
:1087F00014D104E0742810D07A280FD10DE044F48D
:1088000000140AE044F4801401E044F44014727847
:10881000824202D104F58014761C761C30786628DA
:108820000BD013DC582877D009DC002875D04528F8
:10883000F6D04628F4D047281AD19DE118E06328E5
:1088400035D0642879D0652812D195E1702873D08D
:1088500008DC6728F1D069286FD06E280DD06F280A
:1088600006D1B5E073282CD0752875D0782874D03F
:108870005A46179990476D1C75E1C4F302500228BF
:1088800009D003280DD0D9F8001004280DD00D60B0
:1088900009F1040967E1D9F80010EA17C1E90052AB
:1088A000F6E7D9F800100D80F2E70D70F0E719F83F
:1088B000041B8DF8001000208DF80100EA4601200D
:1088C00003E059F804AB4FF0FF3061074FF00001AF
:1088D00002D40DE008F101018846B9420FDA804563
:1088E000F8DB1AF808100029F4D108E008F10101BA
:1088F00088468142FADB1AF808100029F6D105985B
:108900005B46A0EB080721463846179A00F094FA18
:10891000284400EB080507E04DE029E10DE01AF8D6
:10892000010B5A4617999047B8F10108F7D25B46F8
:1089300021463846179A13E142E00A220092C4F316
:1089400002524FF0000A022A08D059F804CB032A39
:108950004FEAEC710AD00DE029E02AE009F10701A5
:1089600021F00702F2E802C1914609E00FFA8CFCFF
:108970004FEAEC71042A03D14FFA8CFC4FEAEC71F8
:10898000002907DA0A460021DCF1000C61EB020144
:108990002D2202E0220504D52B228DF8042001228D
:1089A00003E0E20701D02022F7E7904659E00A21D0
:1089B00002E010220DE010214FF0000A00910BE0C0
:1089C00010224FF0000A44F004040827009203E04C
:1089D00008224FF0000A0092C4F30252022A05D086
:1089E00059F804CB0021032A08D009E009F1070156
:1089F00021F00702F2E802C1914605E01FFA8CFC63
:108A0000042A01D10CF0FF0C4FF00008220728D5F2
:108A1000702806D0009B83F0100353EA0A0305D0A8
:108A20000EE040228DF80420012208E05CEA0102F9
:108A300006D030228DF804208DF8050002229046E1
:108A4000009B83F0080353EA0A030AD15CEA01029F
:108A500001D1620705D530228DF804204FF00108BE
:108A60007F1E582804D034A003900EA802900DE079
:108A700036A0F9E753466046009AFFF743F884466C
:108A80000398825C0298401E029002705CEA01002A
:108A9000F0D1029806A9081A00F1200A600702D551
:108AA00024F4803400E00127574502DDA7EB0A00DB
:108AB00000E0002000EB0A01009005984144401AB4
:108AC0000590E00306D45B462146179A059800F00E
:108AD000B3F90544002706E001A85A46C05D17997E
:108AE00090476D1C7F1C4745F6DBE0030CD55B46C9
:108AF0002146179A059800F09FF9054404E03020BC
:108B00005A46179990476D1C0099481E00900029FD
:108B1000F5DC08E0029802995A460078491C029157
:108B2000179990476D1CBAF10001AAF1010AF1DC16
:108B300065E1000009280100303132333435363721
:108B40003839616263646566000000003031323399
:108B50003435363738394142434445460000000039
:108B600000F058F90544761C307800287FF4ECAD0D
:108B700019B02846BDE8F08F620700D4062709F136
:108B8000070222F0070CFCE80223E14603F000484C
:108B90005FEA080C02D00FF2702C0DE05FEA045C73
:108BA00002D50FF2682C07E05FEAC47C02D00FF216
:108BB000602C01E0AFF2700C4FF0FF3823F000435F
:108BC000CDF850C065280CD006DC452809D04628D1
:108BD0001DD047283DD13DE0662818D067287ED1BA
:108BE00038E00021112F01DB112000E0781CCDE9D5
:108BF000000106A90EA8FFF7DDFCDDE90F010E9AC2
:108C000003910021009207F1010A04914DE04FF019
:108C100000400097CDE9011006A90EA8FFF7CAFC95
:108C2000DDE90F0203920E9B11990022DDF80CA0E2
:108C30000093049211B9791C00EB010AB7EB0A000A
:108C400004D4C0F1FF3007F1010A0490AAEB070039
:108C5000019044E0012F00DA01270021112F01DDEE
:108C6000112000E03846CDE9000106A90EA8FFF763
:108C7000A1FCDDE90F010E9A0391002104910092FD
:108C8000BA4621070CD40399514500DA8A46BAF155
:108C9000010F05DD009AAAF10101515C302908D0CD
:108CA000B84202DA10F1040F06DA0121CDE9011011
:108CB00015E0AAF10101E9E7002805DC0499014467
:108CC0000491AAEB000102E0411C514500DD8A46F7
:108CD0000499401A401C01904FF000400290200778
:108CE00004D40198504501DBCDF8048000208DF8B4
:108CF0004F0002980DF14F07B0F1004F25D02B2007
:108D00000E9002984FF0020800280CDA40420290C0
:108D10002D200E9007E00A210298FEF7DDFE30318B
:108D2000029007F8011DB8F10001A8F10108F2DC7A
:108D300002980028EFD1791E0E980870307800F064
:108D4000200040F0450007F8020D12A8C01B00F1FA
:108D500007081498007800B1012000EB0A0101987F
:108D600001EBE07105984144401A401E0590E00374
:108D700006D45B462146179A059800F05DF8054435
:108D80001498007818B15A46179990476D1CE00363
:108D900024D55B462146179A059800F04DF8054406
:108DA0001CE00498002807DBDDE90301884203DDAD
:108DB0000098405C179901E0179930205A46904777
:108DC000049805F10105401C04900198401E019093
:108DD00004D12E205A46179990476D1CBAF1000114
:108DE000AAF1010ADDDC05E017F8010B5A461799D4
:108DF00090476D1CB8F10001A8F10108F4DC5B4656
:108E00002146179A0598ABE62D0000002B000000C4
:108E1000200000002DE9F041044600251E461746BB
:108E2000880404D405E039462020B0476D1C641E38
:108E3000F9D52846BDE8F0812DE9F041044600252A
:108E40001E469046C80301D5302700E0202788043D
:108E500004D505E041463846B0476D1C641EF9D57F
:108E60002846BDE8F0810A68531C0B6010707047FB
:108E70002DE9F04D8D4F21F0004A86B005460C4695
:108E8000BA452ADBAAEB070028430AD08848824566
:108E900001DC1AD1CDB106B02846BDE8F04DFFF790
:108EA0005FBB844A844B2846FEF78DFC07460E467E
:108EB000824A834B28462146FEF785FC06B03A4697
:108EC0003346BDE8F04DFEF7D7BB0120FFF76CFB42
:108ED00006B0BDE8F04DFFF748BB7A48824542DA5C
:108EE000BAF1795F0BDA2846FFF718F8042808BFB3
:108EF000FFF742FB284606B02146BDE8F08D2A4622
:108F00000B461046FEF75FFC834602466E480E464F
:108F10000B4606217844FFF757FA5A463346FEF7C8
:108F200052FC804669488A465A46334604217844B2
:108F3000FFF74AFA5A463346FEF745FC00223B4605
:108F4000FEF79AFB02460B4640465146FEF7ADFC43
:108F50002A462346FEF737FC06B02A462346BDE8DC
:108F6000F04DFEF789BB284624F0004100223D4623
:108F70003B46FEF725FC4FF0FF32FEF7A9FE064602
:108F8000024653480F460B4606217844FFF71CFA69
:108F900032463B46FEF717FCCDE900014D4832460C
:108FA0003B4604217844FFF70FFA32463B46FEF772
:108FB0000AFC00222B46FEF75FFB834602913046F7
:108FC000394600F0FBFA804643480D46504517DC11
:108FD000DDE900015A46029BFEF767FC42462B463C
:108FE000FEF7F1FB42462B46FEF746FB0122FEF759
:108FF0006FFE304A304BFEF7E0FB304A304B4CE01E
:109000004FF0000A52460B464046FEF735FBCDE9CD
:10901000031052462B4610461946FEF7D4FB324643
:109020003B46FEF7CDFBDDE90332FEF73EFC06468C
:109030000F46DDE900015A46029BFEF736FC8346E7
:109040000091012230463946FEF742FE194A1A4B7A
:10905000FEF7B6FB06460F46012240462946FEF7BC
:1090600037FE5A46009BFEF7AEFB32463B46FEF704
:10907000A4FB06460F46012250462946FEF728FE6D
:109080000E4DDFF858802A464346FEF799FB3246DC
:109090003B46FEF795FB2A464346FEF791FB002C24
:1090A000D8BF81F0004106B0BDE8F08D0000F03F70
:1090B0000000F07F075C143326A6913C182D445421
:1090C000FB21F93F0000E03F581300006E13000041
:1090D000E2120000F81200003333EF3FFB21E93FBA
:1090E0002DE9F84F04460D4621F0004000917349E8
:1090F000814211DC7249884201DC06D12CB1204644
:109100002946BDE8F84FFFF72BBA6E48002DCCBFBB
:109110006D496E49BDE8F88F6D49814211DD6D4999
:109120008142D8BF4FF0FF366DDD20462946FEF75D
:10913000F5FE042808BFFFF71FFA20462946BDE8C0
:10914000F88F6549654F25F00045814233DD64495C
:10915000814219DD002632464FF0804320462946E1
:10916000FEF78AFA80468A46012220462946FEF703
:10917000AFFD00223B46FEF720FB42465346FEF77A
:1091800094FB04460D463EE001260022BA463B46CB
:1091900020462946FEF770FA80460F4600225346C5
:1091A00020462946FEF709FB42463B46FEF77DFB7B
:1091B00004460D4627E04B4981421BDDDFF828A11C
:1091C00002260022534620462946FEF7FCFA0022DA
:1091D0003B46FEF751FA80460F4600225346204692
:1091E0002946FEF7EAFA42463B46FEF75EFB044696
:1091F0000D4608E0032622462B4600203B49FEF799
:1092000054FB04460D4622462B4610461946FEF7EF
:10921000DAFA8B46824602460B46FEF7D4FA074638
:109220000246334888460B4606217844FFF7CCF8BF
:1092300052465B46FEF7C7FA82462E488B463A46B0
:10924000434605217844FFF7BFF83A464346FEF708
:10925000BAFA02460B46002E504659460CDAFEF783
:109260000BFA22462B46FEF7AEFA01B022462B46F9
:10927000BDE8F04FFEF7A4BAFEF7FEF922462B46F2
:10928000FEF7A1FA1C4A7A4402EBC603D3E9002395
:10929000FEF793FA22462B46FEF78FFA174A7A44D6
:1092A00002EBC603D3E90023FEF78AFA009A002AEC
:1092B000B8BF81F00041BDE8F88F00000000104405
:1092C0000000F07F182D4454FB21F93FFB21F9BF2A
:1092D0000000DC3F0000203E0000F33F0000F03FB4
:1092E0000000E63F008003400000F83F0000F0BFB0
:1092F000FA100000B8100000561000001E10000008
:109300002DE9F04D9446CCF1000423F000464CEAE0
:109310000404524F46EAD4749A46884621F000422B
:10932000BC4206D8454240EA050442EAD474BC4235
:1093300004D9BDE8F04D6246FFF715B9AAF14055D2
:10934000A5F17F6555EA0C040BD0022404EAAA7447
:10935000434DDFF810E144EAD87452EA000B04D020
:109360000CE0BDE8F04DFFF7BBBE002C14BF012C94
:10937000BDE8F08D022C30D0032C32D056EA0C0B15
:109380000AD0BE4220D1BA4209D126F0804622F04E
:1093900080423346114617E000291ADB25E0DFF84A
:1093A000C8B0FB44002C04BFDBE90001BDE8F08D30
:1093B000012C02BFDBE9000181F00041BDE8F08D26
:1093C000022C0AD0032C0CD0BA4212D1B8F1000FF3
:1093D0000BDA23482549BDE8F08D28462449BDE82D
:1093E000F08D28467146BDE8F08D1D482149BDE845
:1093F000F08D921B12153C2AC4BF19481D490EDC82
:10940000BAF1000FBEBF12F13C0F0020014606DB8F
:109410006246FEF74AFA21F00041FFF761FE002C98
:1094200008BFBDE8F08D012C04BF81F00041BDE80C
:10943000F08D114A114B022C07D0FEF7BEF92A46D7
:10944000BDE8F04D0A4BFEF7B8B9FEF7B6F92A466B
:10945000BDE8F04D064BFEF7B3B900000000F07F09
:10946000182D4454FB2109C0E20F0000FB21F9BF75
:10947000FB210940FB21F93F075C143326A6A13CE0
:1094800000B5244B21F0004287B09A42DCBF002295
:10949000134629DD204B9A4208D140B94FF0010014
:1094A000FFF782F8FFF761F807B000BD03DBFFF7B5
:1094B00057F807B000BD02AAFEF744FD10F0030103
:1094C00004BF0DF1080C9CE80F000DD0012001290C
:1094D0000ED0022914D00DF1080C00909CE80F006A
:1094E000FEF7C8FF07B000BDFEF7F0FE07B000BDF5
:1094F0000DF1080C00909CE80F00FEF7BBFF05E0A3
:109500000DF1080C9CE80F00FEF7E0FE07B081F0BB
:10951000004100BDFB21E93F0000F07F00B5254B75
:1095200021F0004287B09A4203DC002213460092E9
:109530002BE0214B9A4208D140B94FF00100FFF7D0
:1095400033F8FFF712F807B000BD03DBFFF708F8A8
:1095500007B000BD02AAFEF7F5FC10F003014FF0C2
:1095600001000DD0012914D002291AD00DF1080CE8
:109570009CE80F00FEF7AAFE07B081F0004100BD95
:109580000DF1080C00909CE80F00FEF773FF07B088
:1095900000BD0DF1080C9CE80F00FEF797FE07B028
:1095A00000BD0DF1080C00909CE80F00FEF762FF73
:1095B000E2E70000FB21E93F0000F07F2DE9F041E8
:1095C00006460F46FEF7EEFB041E0D4618BF0120AF
:1095D000284320F00040C0F17F6000F1E040C00F60
:1095E0000ED0301C18BF0120384320F00040C0F1DD
:1095F0007F6000F1E040C00F04BF0120FEF7D4FF00
:1096000020462946BDE8F0819A99999999E96740E1
:10961000E17A14AE47E1CA3F00000000000020409C
:109620009A9999999999D93F680000047600540154
:10963000F7FD000175191A0C6A231B1C1F20727498
:10964000433B4138393A6B6C376F06246D6E7000BE
:10965000830000000008000000010018320005002F
:10966000000020410000D242295C0F3E9A99993EA9
:109670003333733F295C0F3E00007000000000246C
:10968000000000020003000000650054FFEF00002E
:10969000FA80000B12820001030C30C30E8C8CE99F
:1096A00014D5400213710F8E3883F8833000F8838D
:1096B000258EF8833000F883FFFFFFFF0FFEA9D649
:1096C000240004001A8279A10000003CFFFF000082
:1096D0000010000038836FA2003E033040000000FD
:1096E00002CAE3093E8000002000000000000000E4
:1096F0004000000060000000000C0000000C186E2C
:10970000000006920A16C0DFFFFF0256FD8CD377D9
:10971000FFE1C496E0C5BEAA00000000FFFF0B2BCE
:1097200000001657000003594000000000001DFA19
:1097300000026C1D000000003FFFDFEB003EB3B6EF
:10974000000D227800002F3C00000000001942B5F7
:10975000000039A20000B365D90E9FC91DCF4C345B
:1097600030000000500000003BB67AE800640000C2
:1097700000C8000000000000100000001000FA9275
:109780001000225E000D229F000100000032000048
:10979000FF46000063D400001000000004D6000063
:1097A00004CC000004CC0000000010720000004057
:1097B0000000000000000000000600020005000795
:1097C0000000000000640000000000000000000530
:1097D0000005006400200000000000000000000000
:1097E000000040000000030000000032F898000074
:1097F000FF650000830F0000FF9BFC0000000000DD
:109800000000000000000000000000000000000058
:109810000000000000000000000000000000000048
:1098200000000000000010004000000000000006E2
:109830000000B26A000200000001FB830068000023
:1098400000D9FC007CF1FF830000000000650000EF
:10985000006403E800640028000000250000000008
:1098600016A000000000100000001000002F0000F3
:10987000000001F40000100000280000FFFF4581F7
:10988000FFFFFA7200000000000000000044000525
:109890000005BAC6004778A20000000100000000E1
:1098A00000000600000000140000254D002F706D20
:1098B000000005AE000C02D0000000000000000017
:1098C0000000000000000000001B0000000000007D
:1098D000000000000000000000640000000800001C
:1098E0000000000000000000000000000000000078
:1098F0000000000000000000000000000000000068
:109900000000000000000000000000000000000057
:109910000000000000000000000000000000000047
:109920000000000000000000000000000000000037
:109930000000000000000000001B0000000000000C
:1099400000000000000E000E00000AC70004000026
:1099500000000032FFFFFF9C00000B2B0000000204
:109960000000000100000064FFE5000000000000AE
:1099700000000000000000000000000100000000E6
:1099800000010000000000000001800000018000D4
:1099900000018000002426D3000000000000000029
:1099A000000600100096003C0000000000000000CF
:1099B00000000000000000000C0A4E68CDCF7709BF
:1099C00050166759C619CE82000000000000000042
:1099D0000000000000000000000000000000000087
:1099E00017D7840003000000000000000000000002
:1099F000C7938F9D1E1B1C19000000000000000073
:109A00000000000000000000000000000000000056
:109A1000020318850000400000000003000000035E
:109A200000000000000000004000000000000000F6
:109A30000000000000000000000000000000000026
:109A40000000000000000000000000000000000016
:109A5000000000000000000000000000677DDF7EC5
:109A600072902E554CF6E6880000000000000000C1
:109A70000000000000000000D8DCB4B8B0D8B9ABDA
:109A8000F3F8FAB3B7BB8E9EAEF132F51BF1B4B862
:109A9000B08097F1A9DFDFDFAADFDFDFF2AAC5CD53
:109AA000C7A90CC92C97F1A989264666B28999A93C
:109AB0002D557DB0B08AA896365676F1BAA3B4B2C9
:109AC00080C0B8A89711B28398BAA3F024084410B4
:109AD0006418B2B9B49883F1A329557DBAB5B1A37E
:109AE0008393F0002850F5B2B6AA839328547CF1F2
:109AF000B9A3829361BAA2DADEDFDB819AB9AEF54F
:109B0000606870F1DABAA2DFD9BAA2FAB9A3829278
:109B1000DB31BAA2D9BAA2F8DF85A4D0C1BBAD832C
:109B2000C2C5C7B8A2DFDFDFBAA0DFDFDFD8D8F158
:109B3000B8AAB38DB4980D355DB2B6BAAF8C96198C
:109B40008F9FA70E161EB49AB8AA872C547CBAA46D
:109B5000B08AB691325676B28494A4C808CDD8B8EB
:109B6000B4B0F19982A82D557D98A80E161EA22C8E
:109B7000547C92A4F02C5078F184A898C4CDFCD8E1
:109B80000DDBA8FC2DF3D9BAA6F8DABAA6DED8BA4E
:109B9000B2B68696A6D0F3C841DAA6C8F8D8B0B453
:109BA000B882A892F52C548898F135D9F418D8F1D8
:109BB000A2D0F8F9A884D9C7DFF8F883C5DADF693D
:109BC000DF83C1D8F40114F1A8824EA884F311D127
:109BD00082F5D992289788F109F41C1CD884A8F33F
:109BE000C0F9D1D99782F129F40DD8F3F9F9D1D977
:109BF00082F4C203D8DEDF1AD8F1A2FAF9A8849859
:109C0000D9C7DFF8F8F883C7DADF69DFF883C3D88C
:109C1000F40114F198A8822EA884F311D182F5D909
:109C200092509788F109F41CD884A8F3C0F8F9D1B0
:109C3000D99782F149F40DD8F3F9F9D1D982F4C456
:109C400003D8DEDFD8F1AD8898CCA809F9D9829283
:109C5000A8F57CF1883ACF944A6E98DB6931DAAD89
:109C6000F2DEF9D88795A8F221D1DAA5F9F417D94F
:109C7000F1AE8ED0C0C3AE82C684C3A88595C8A5F8
:109C800088F2C0F1F4010EF18E9EA8C63E56F5543E
:109C9000F18872F40115F19845856EF58E9E048861
:109CA000F142985A8E9E068869F4011CF1981E11A3
:109CB00008D0F504F11E970202983625DBF9D98504
:109CC000A5F3C1DA85A5F3DFD88595A8F309DAA550
:109CD000FAD88292A8F578F1881A849F268898216C
:109CE000DAF41DF3D8879F39D1AFD9DFDFFBF9F460
:109CF0000CF3D8FAD0F8DAF9F9D0DFD9F9D8F40BA7
:109D0000D8F3879F39D1AFD9DFDFF41DF3D8FAFC40
:109D1000A869F9F9AFD0DADEFAD9F88F9FA8F1CCAB
:109D2000F398DB45D9AFDFD0F8D8F18F9FA8CAF3FD
:109D30008809DAAF8FCBF8D8F2AD978D0CD9A5DFB3
:109D4000F9BAA6F3FAF412F2D8950DD1D9BAA6F35E
:109D5000FADAA5F2C1BAA6F3DFD8F1BAB2B686969E
:109D6000A6D0CAF349DAA6CBF8D8B0B4B8D8AD8437
:109D7000F2C0DFF18FCBC3A8B2B68696C8C1CBC301
:109D8000F3B0B48898A821DB718D9D71859521D998
:109D9000ADF2FAD88597A828D9F408D8F28D29DA37
:109DA000F405D9F285A4C2F2D8A88D9401D1D9F4D2
:109DB00011F2D88721D8F40AD8F28498A8C801D122
:109DC000D9F411D8F3A4C8BBAFD0F2DEF8F8F8F894
:109DD000F8F8F8F8D8F1B8F6B5B9B08A95A3DE3C32
:109DE000A3D9F8D85CA3D9F8D87CA3D9F8D8F8F9C6
:109DF000D1A5D9DFDAFAD8B18530F7D9DED8F83075
:109E0000ADDADED8F2B48C99A32D557DA083DFDFC7
:109E1000DFB591A0F629D9FBD8A0FC29D9FAD8A0A2
:109E2000D051D9F8D8FC51D9F9D879D9FBD8A0D0DC
:109E3000FC79D9FAD8A1F9F9F9F9F9A0DADFDFDF6D
:109E4000D8A1F8F8F8F8F8ACDEF8ADDE8393AC2CC6
:109E5000547CF1A8DFDFDFF69D2CDAA0DFD9FADB36
:109E60002DF8D8A850DAA0D0DED9D0F8F8F8DB5514
:109E7000F8D8A878DAA0D0DFD9D0FAF8F8F8F8DB6B
:109E80007DF8D89CA88CF530DB38D9D0DEDFA0D0A7
:109E9000DEDFD8A848DB58D9DFD0DEA0DFD0DED89F
:109EA000A868DB70D9DFDFA0DFDFD8F1A888902CAD
:109EB000547C98A8D05C38D1DAF2AE8CDFF9D8B0F7
:109EC00087A8C1C1B188A8C6F9F9DA36D8A8F9DAE5
:109ED00036D8A8F9DA36D8A8F9DA36D8A8F9DA36B1
:109EE000D8F78D9DADF818DAF2AEDFD8F7ADFA30BD
:109EF000D9A4DEF9D8F2AEDEFAF983A7D9C3C5C773
:109F0000F1889BA77AADF7DEDFA4F8849408A797C1
:109F1000F300AEF29819A488C6A39488F632DFF253
:109F20008393DB09D9F2AADFD8D8AEF8F9D1DAF3F6
:109F3000A4DEA7F1889B7AD8F38494AE19F9DAAA43
:109F4000F1DFD8A881C0C3C5C7A39283F628ADDED0
:109F5000D9F8D8A350ADD9F8D8A378ADD9F8D8F8A6
:109F6000F9D1A1DADEC3C5C7D8A18194F818F2B03F
:109F700089ACC3C5C7F1D8B8B4B09786A8319B06E1
:109F80009907AB9728889BF00C201440B0B4B8F028
:109F9000A88A9A285078B79BA829517924705944E7
:109FA0006938644831F1BBAB88002C547CF0B38B2A
:109FB000B8A804285078F1B088B49726A85998BB5F
:109FC000ABB38B02264666B0B8F08A9CA8295179BB
:109FD0008B2951798A2470598B2058718A446938A9
:109FE0008B3940688A6448318B30496088F1AC0015
:109FF0002C547CF08CA804285078F1889726A85916
:10A0000098AC8C02264666F0899CA8295179247068
:10A0100059446938644831A98809205970AB11380E
:10A020004069A8193148608CA83C415C207C00F153
:10A0300087981986A86E767EA999882D557DD8B106
:10A04000B5B9A3DFDFDFAED0DFAAD0DEF2ABF8F91F
:10A05000D9B087C4AAF1DFDFBBAFDFDFB9D8B1F178
:10A06000A3978E60DFB084F2C8F8F9D9DED8938563
:10A07000F14AB183A308B5839A0810B79F10D8F1AD
:10A08000B0BAAEB08AC2B2B68E9EF1FBD9F41DD87A
:10A09000F9D90CF1D8F8F8AD61D9AEFBD8F40CF1D0
:10A0A000D8F8F8AD19D9AEFBDFD8F416F1D8F8AD71
:10A0B0008D61D9F4F4ACF59C9C8DDF2BBAB6AEFA69
:10A0C000F8F40BD8F1AED0F8AD51DAAEFAF8F1D819
:10A0D000B9B1B6A3839C08B9B1839AB5AAC0FD30C3
:10A0E00083B79F10B58B93F20202D1ABDADED8F1C1
:10A0F000B080BAABC0C3B284C1C3D8B1B9F38BA32B
:10A1000091B609B4D9ABDEB0879CB9A3DDF1B38BAE
:10A110008B8B8B8BB087A3A3A3A3B28BB69BF2A32D
:10A12000A3A3A3A3A3A3A3A3A3F1B087B59AA3F367
:10A130009BA3A3DCBAACDFB9A3A3A3A3A3A3A3A34C
:10A14000A3A3A3A3A3A3A3A3D8D8D8BBB3B7F1AAAF
:10A15000F9DAFFD9809AAA28B48098A720B7978700
:10A16000A86688F07951F1902C870CA781976293AB
:10A17000F071716085940129517990A5F1284C6C9A
:10A18000870C95188578A38390284C6C886CD8F33D
:10A19000A28200F210A8921980A2F2D926D8F188E2
:10A1A000A84DD948D896A83980D93CD89580A839E7
:10A1B000A68698D92CDA87A72CD8A8899519A980C2
:10A1C000D938D8A88939A980DA3CD8A82EA83990DE
:10A1D000D90CD8A8953198D90CD8A809D9FFD8019D
:10A1E000DAFFD89539A9DA26FFD890A80D8999A861
:10A1F00010809821DA2ED88999A83180DA2ED8A833
:10A2000086963180DA2ED8A8873180DA2ED8A882B7
:10A2100092F34180F1D92ED8A882F31980F1D92E7A
:10A22000D882ACF3C0A28022F1A62EA72EA9229834
:10A23000A829DAACDEFFD8A2F22AF1A92E8292A8D0
:10A24000F23180A696F1D900AC8C9C0C30ACDED0FB
:10A25000DEFFD88C9CACD010ACDE8092A2F24C8297
:10A26000A8F1CAF235F19688A6D900D8F1FF00000E
:10A27000555555555555C53F7D6FEB0312D6D4BF87
:10A280005544880E55C1C93F3B8F68B52882A4BF8D
:10A2900088B20175E0EF493F09F7FD0DE13D023F4E
:10A2A0004B2D8A1C273A03C0C88A599CE52A0040D6
:10A2B00059018D1B6C06E6BF82922EB1C5B8B33F23
:10A2C0004FBB610567ACDD3F182D4454FB21E93FCE
:10A2D0009BF681D20B73EF3F182D4454FB21F93FBD
:10A2E000E2652F227F2B7A3C075C143326A6813C43
:10A2F000BDCBF07A8807703C075C143326A6913CEE
:10A30000C4EB98999999C9BF711623FEC671BCBF59
:10A310006D9A74AFF2B0B3BF9AFDDE522DDEADBFC1
:10A320002F6C6A2C44B4A2BF0D5555555555D53FD9
:10A33000FF8300922449C23F6E204CC5CD45B73FF4
:10A34000513DD0A0660DB13FEB0D76244B7BA93F6C
:10A3500011DA22E33AAD903F4C5555555555A53F7E
:10A360007751C1166CC156BF9015CB19A001FA3EAA
:10A37000AD529C804F7E92BEC4B1B4BD9EEE213ED4
:10A38000D43888BEE9FAA8BD000000000000000033
:10A3900000004054FB21F93F3163621A61B4D03DA3
:10A3A0000000601A61B4D03D7370032E8A19A33B7C
:10A3B0000000002E8A19A33BC14920259A837B39CE
:10A3C00000000000000000006E83F9A22915444E31
:10A3D000D15727FCC0DD34F5999562DB4190433CB1
:10A3E000AB6351FE61C5BBDE3A6E24B7E0D24D428D
:10A3F000EA2E49061C92D1091CEB1DFE3EA729B18D
:10A40000F53582E88444BB2E26709CE9417E5FB41A
:10A4100039D69139F43953838B5F849C3B28F9BD3D
:10A42000FF97F81F0F9805DE8B112FEF1F6D0A5A4B
:10A43000CF7E366DB709CB27663F464F2DEA5F9E2C
:10A44000C7BA27757BF1E5EBF739073DEA92528AE7
:10A45000B15FFB6B085D8D1FA6F810111111813FD4
:10A46000D561C119A0012ABF7DFEB157E31DC73ECA
:10A47000EB9C2B8AE6E55ABE7CD5CF5A3AD9E53D0E
:10A480002050726F64756374204944207265616462
:10A49000206173203020696E646963617465732084
:10A4A000646576696365206973206569746865729F
:10A4B00020696E636F6D70617469626C65206F7284
:10A4C00020616E204D5055333035302E0A0000008B
:10A4D000F0A4000800000020E00100009E7E0008BB
:10A4E0006CA50008E00100208805000098850008A0
:10A4F000412D01020304041009060708090204069D
:10A500000884A24A04691832FF29045201034280D8
:10A510003F234843200FC8429A99993FDA0FC93F19
:10A520009A99193E1A5C140110032C40411808CD69
:10A530004C3F433D0A574C112D41CDCCCC08016511
:10A540000316881323200330096F12833AA69B4415
:10A550003B07293F0AD7A33B01EB803F0C133496FE
:0CA560001B08280401205A5024000000B1
:04000005080000ED02
:00000001FF
