:020000040800F2
:10000000B807002009500008C5310008C7310008B2
:10001000CB310008CF310008D331000800000000C8
:10002000000000000000000000000000D7310008C0
:10003000D931000800000000DB310008DD31000884
:1000400023500008235000082350000823500008C4
:10005000235000082350000823500008C34E000816
:1000600023500008235000082350000823500008A4
:100070002350000823500008235000082350000894
:100080002350000823500008235000082350000884
:100090002350000823500008235000082350000874
:1000A00023500008254E0008235000082350000864
:1000B00023500008712800088128000823500008F8
:1000C0002350000823500008235000082350000844
:1000D0002350000823500008235000082350000834
:1000E000235000082350000823500008DFF80CD0EC
:1000F00008F0F6FA0048004781260008B8070020FB
:1001000031490143314A1160704770B50021002325
:100110000F22C47804B32D4C246804F4E064C4F5C1
:10012000E064210AC1F10403CA40447804FA03F1EF
:100130008478144021430901254C0678A1550478A0
:1001400004F01F050124AC4005786D11AD0005F1E8
:10015000E025C5F8004109E0047804F01F050124FA
:10016000AC401C4D0678761145F8264070BD1A4A01
:100170000A400243154B1B1F1A60704739B1134ADE
:10018000121D12680243114B1B1D1A6006E00F4A34
:10019000121D126882430D4B1B1D1A607047042804
:1001A00008D14FF0E021096941F004014FF0E0224D
:1001B000116107E04FF0E021096921F004014FF0DF
:1001C000E0221161704700000000FA050CED00E02C
:1001D00000E400E080E100E080FFFF1F00204449D0
:1001E0000860091D0860091D0860091D0860414874
:1001F0003F4914310860704700213D498279002A47
:100200003AD00A46126803689A430B461A600A1DE0
:10021000126803689A430B1D1A60027911440A6838
:1002200003681A430A60324A0832126803689A4324
:100230002F4B08331A601A1D126803689A432C4B1F
:100240000C331A604279102A0ED11A1F1268036803
:100250001A43274B08331A601A1D126803681A43A1
:10026000234B0C331A600DE02149427911440A688E
:1002700003681A430A6005E0027911440A680368BA
:100280009A430A6070470021016001710C2141719D
:100290000021817170471649103109680143144AE1
:1002A00010321160704701460020114A1432126862
:1002B0000A400AB1012000E0002070470C491431C7
:1002C00008607047014600200022094B1B6803EAC2
:1002D0000102074B14331B680B4013B10AB1012014
:1002E00000E00020704702491431086070470000A8
:1002F00000040140FFFF0F0010B50446CC488442C3
:1003000008D10121042000F02DFB0021042000F081
:1003100029FB46E0C748844208D10121082000F0AB
:1003200021FB0021082000F01DFB3AE0C248844276
:1003300008D10121102000F015FB0021102000F051
:1003400011FB2EE0BD48844208D10121202000F09D
:1003500009FB0021202000F005FB22E0B848844280
:1003600008D10121402000F0FDFA0021402000F0DA
:10037000F9FA16E0B348844208D10121802000F048
:10038000F1FA0021802000F0EDFA0AE0AE48844244
:1003900007D10121801500F0E5FA0021A01500F039
:1003A000E1FA10BD10B50121084600F0DBFA00218A
:1003B000012000F0D7FA10BD2DE9F04102460025DA
:1003C0000026002000230024002791F803C00CF031
:1003D0000F0591F803C00CF0100CBCF1000F03D016
:1003E00091F802C04CEA050591F800C0BCF1000F7D
:1003F00031D0146800202BE04FF0010C0CFA00F310
:10040000B1F800C00CEA03069E4220D183004FF0F1
:100410000F0C0CFA03F7BC4305FA03FC4CEA040486
:1004200091F803C0BCF1280F06D14FF0010C0CFA73
:1004300000FCC2F814C00AE091F803C0BCF1480FF8
:1004400005D14FF0010C0CFA00FCC2F810C0401CA2
:100450000828D1D31460B1F800C0BCF1FF0F34DD1F
:10046000546800202EE000F1080C4FF0010808FA53
:100470000CF3B1F800C00CEA03069E4221D18300C0
:100480004FF00F0C0CFA03F7BC4305FA03FC4CEADF
:10049000040491F803C0BCF1280F05D100F1080C49
:1004A00008FA0CF8C2F8148091F803C0BCF1480FA8
:1004B00007D100F1080C4FF0010808FA0CF8C2F857
:1004C0001080401C0828CED35460BDE8F0814FF660
:1004D000FF710180022181700421C17070470246C2
:1004E000002093680B400BB1012000E00020704712
:1004F0000146886880B2704702460020D3680B40EE
:100500000BB1012000E0002070470146C86880B2AE
:10051000704701617047416170470AB1016100E0B5
:1005200041617047C16070474FF480320A43826175
:100530008161826182698269704702460020434B73
:1005400018684FF68073184040EA021008433F4B8A
:10055000186070473E49C8617047F0B50A460023ED
:1005600000240021002500F00046B6F1004F02D122
:10057000364EF16901E0354E7168C0F3034583B230
:1005800000F44016B6F5401F08D121F070612F4EDF
:10059000766826F070662D4F7E6012E000F48016BB
:1005A000B6F5801F06D1032606FA05F4A14341F0F3
:1005B000706106E0460D360103FA06F6B14341F0DC
:1005C000706122B1460D360103FA06F6314300F0A0
:1005D0000046B6F1004F02D11C4EF16101E01B4E06
:1005E0007160F0BD30B500228B071C0F0F2303FA9A
:1005F00004F2164B08338C1053F824309343134CF9
:1006000008348D1044F8253023468C1053F82430DC
:100610008C07240F00FA04F423430C4C08348D108B
:1006200044F8253030BD0A49DC31086070470000CD
:1006300000080140000C014000100140001401407E
:1006400000180140001C0140002001400000014052
:1006500000002042DF48006840F00100DD490860EA
:1006600008464068DC490840DA49486008460068A6
:10067000DA490840D74908600846006820F480201D
:1006800008600846406820F4FE0048604FF41F00F0
:1006900088607047CF49096821F48031CD4A1160E4
:1006A0001146096821F480211160B0F5803F03D024
:1006B000B0F5802F0ED106E0C649096841F48031BB
:1006C000C44A116007E0C349096841F4A021C14A46
:1006D000116000E000BF00BF704710B50146002266
:1006E000002300204A11012A02D1BA4C236806E0F7
:1006F000022A02D1B74C236A01E0B64C636A01F0CA
:100700001F02012494401C400CB1012000E0002095
:1007100010BD38B5002000900024002500BF312016
:10072000FFF7DBFF05460098401C00900098B0F5ED
:10073000A06F01D0002DF2D03120FFF7CEFF08B11D
:10074000012400E00024204638BD01460020A14AD3
:10075000106820F0F80040EAC10010607047A0491E
:1007600008607047024600209A4B586820F47C10BD
:1007700042EA01031843974B58607047984908664E
:10078000704701460020934A506820F00300084358
:10079000506070478F48406800F00C007047014679
:1007A00000208C4A506820F0F000084350607047E9
:1007B00001460020874A506820F4E06008435060FA
:1007C000704701460020834A506820F4605040EA98
:1007D000C1005060704729B17E4A527A02437D4B76
:1007E0005A7204E07B4A527A82437A4B5A727047BB
:1007F0007B49D8310860704701460020754A50682F
:1008000020F440400843506070470021714A203274
:100810001170704A82F82010012802D004280AD1F1
:1008200004E001216B4A2032117005E00521694A7C
:100830002032117000E000BF00BF704769490860B6
:1008400070476449096A0143624A11627047654909
:1008500044390860704730B500210022002400238D
:100860005C4D6D6805F00C0121B1042905D0082903
:1008700023D105E05C4D056022E05B4D05601FE083
:10088000544D6D6805F47012524D6D6805F4803456
:10089000022505EB92421CB9544D554305600BE00F
:1008A0004C4D6D6805F400351DB1504D5543056044
:1008B00002E04D4D5543056002E04B4D056000BF21
:1008C00000BF444D6D6805F0F0010909484D6B5CAF
:1008D0000568DD4045603F4D6D6805F4E061090A3B
:1008E000434D6B5C4568DD4085603A4D6D6805F4AD
:1008F0006051C90A3E4D6B5C4568DD40C560354DB1
:100900006D6805F44041890B3A4D6B5CC568B5FBD9
:10091000F3F5056130BD29B12E4A526902432D4BD2
:100920005A6104E02B4A526982432A4B5A6170474C
:1009300029B1284A92690243264B9A6104E0254A6C
:1009400092698243234B9A61704729B1214AD26947
:100950000243204BDA6104E01E4AD26982431D4BF8
:10096000DA61704729B11B4AD2680243194BDA6039
:1009700004E0184AD2688243164BDA60704729B106
:10098000144A12690243134B1A6104E0114A1269B6
:100990008243104B1A617047124940390860704712
:1009A0000F49C86470470B49C87170470948406ACD
:1009B00040F0807007494862704701460020054AB0
:1009C00092680A400AB1012000E000207047014906
:1009D00088727047001002400000FFF8FFFFF6FE2B
:1009E000000042428004424200127A0000093D00A9
:1009F000000000201000002010B50446FE4884428C
:100A000008D10121C014FFF7ADFF0021E014FFF76A
:100A1000A9FFC4E0B4F1804F08D101210846FFF7D7
:100A2000AEFF00210120FFF7AAFFB8E0F34884429F
:100A300008D101210220FFF7A2FF00210220FFF7C9
:100A40009EFFACE0EE48844208D101210420FFF76C
:100A500096FF00210420FFF792FFA0E0E9488442BE
:100A600008D101210820FFF78AFF00210820FFF7A5
:100A700086FF94E0E448844208D101211020FFF76A
:100A80007EFF00211020FFF77AFF88E0DF488442D4
:100A900008D101212020FFF772FF00212020FFF75D
:100AA0006EFF7CE0DA48844208D101214014FFF750
:100AB00059FF00216014FFF755FF70E0D5488442CC
:100AC00009D10121C804FFF74DFF00214FF4002098
:100AD000FFF748FF63E0D048844209D101210805AF
:100AE000FFF740FF00214FF48010FFF73BFF56E077
:100AF000CA48844209D101214805FFF733FF00218C
:100B00004FF40010FFF72EFF49E0C548844208D19A
:100B100001214020FFF733FF00214020FFF72FFF86
:100B20003DE0C048844208D101218020FFF727FF23
:100B300000218020FFF723FF31E0BB48844208D129
:100B400001218015FFF71BFF0021A015FFF717FFFC
:100B500025E0B648844209D101210804FFF702FFCD
:100B600000214FF48030FFF7FDFE18E0B0488442CA
:100B700009D101214804FFF7F5FE00214FF40030B0
:100B8000FFF7F0FE0BE0AB48844208D10121880456
:100B9000FFF7E8FE00214FF48020FFF7E3FE10BDD1
:100BA00000220288944B98420ED0994B98420BD069
:100BB000B0F1804F08D0914B984205D0904B9842AD
:100BC00002D0904B984204D14FF68F731A404B8855
:100BD0001A438D4B984207D08C4B984204D04FF665
:100BE000FF431A40CB881A4302808B8883850B8889
:100BF0000385814B98420BD0854B984208D08B4B94
:100C0000984205D08A4B984202D08A4B984201D133
:100C10000B7A038601238382704770B5002400227B
:100C20000023058C4FF6FE7635400584028C8388C0
:100C3000048B4FF68F752C40B51E2C400D882C432D
:100C4000751E2A400D892A434D882A436A4DA842C1
:100C50000BD06F4DA84208D0744DA84205D0744DFA
:100C6000A84202D0734DA84213D14FF6F7752A401F
:100C70004D892A434FF6FB752A408D882A434FF64B
:100C8000FF652B404FF6FF552B408D892B43CD89B7
:100C90002B4383800483CD888586028470BD70B524
:100CA000002400220023058C4FF6EF7635400584A2
:100CB000028C8388048B48F6FF752C404FF6FF4565
:100CC0002C400D884FF6FF7606EA05252C434FF69B
:100CD000DF752A400D8906EA05152A434D8806EA84
:100CE00005152A43444DA84202D0494DA8421DD1C2
:100CF0004FF67F752A404D894FF6FF7606EA0515B7
:100D00002A434FF6BF752A408D8806EA05152A4307
:100D10004FF6FF352B404FF2FF752B408D8906EAC9
:100D200085052B43CD8906EA85052B438380048303
:100D3000CD880587028470BD70B500240022002391
:100D4000058C4FF6FF6635400584028C8388848BC2
:100D50004FF68F752C404FF6FC752C400D882C43B8
:100D60004FF6FF552A400D894FF6FF7606EA052516
:100D70002A434D8806EA05252A431F4DA84202D082
:100D8000234DA8421DD14FF2FF752A404D894FF6E1
:100D9000FF7606EA05252A434FF6FF352A408D885F
:100DA00006EA05252A434EF6FF752B404DF6FF75E2
:100DB0002B408D8906EA05152B43CD8906EA0515DA
:100DC0002B4383808483CD888587028470BD70B572
:100DD000002200230024058C4EF6FF763540058462
:100DE000038C8488828B48F6FF752A404FF6FF45B6
:100DF0002A400D8820E00000002C01400004004043
:100E000000080040000C00400010004000140040AA
:100E100000340140004C01400050014000540140AA
:100E200000180040001C004000200040004001402D
:100E300000440140004801404FF6FF7606EA0525D0
:100E40002A434DF6FF752B400D8906EA05352B43E5
:100E50004D8806EA05352B43FA4DA84202D0FA4DDB
:100E6000A84208D14BF6FF752C408D894FF6FF76CE
:100E700006EA85152C4384808283CD88A0F84050F3
:100E8000038470BD828B4FF2FF331A408283828BC2
:100E90004FF6FF7303EA01231A4382837047F0B5CC
:100EA0000C461546002200210026078C4EF6FF7CDA
:100EB00007EA0C070784828B018C4FF6FF7707EA5D
:100EC000043640F6FF473A404FF6FF7707EA05271A
:100ED0003A434FF6FF7707EA03373A43D94FB84210
:100EE0000ED0D94FB8420BD0B0F1804F08D0D74FB9
:100EF000B84205D0D64FB84202D0D64FB84206D13C
:100F00004DF6FF77394046F48057394305E047F600
:100F1000FF57394044F48057394382830184F0BD40
:100F2000828B4FF6F3731A408283828B0A4382834B
:100F30007047F0B50C461546002200210026078CAC
:100F40004FF6FF6C07EA0C070784828B018C4FF683
:100F5000FF7707EA04264FF60C773A404FF6FF7703
:100F600007EA03172F433A43B64FB8420ED0B64FA5
:100F7000B8420BD0B0F1804F08D0B44FB84205D082
:100F8000B34FB84202D0B34FB84206D14FF6FF5725
:100F9000394046F48077394305E04FF2FF57394036
:100FA00044F48077394382830184F0BD028B4FF291
:100FB000FF331A400283028B4FF6FF7303EA0123CB
:100FC0001A4302837047F0B50C46154600220021F3
:100FD0000026078C4FF6EF7C07EA0C070784028B8C
:100FE000018C4FF6FF7707EA041640F6FF473A40B8
:100FF0004FF6FF7707EA03373A434FF6FF7707EAE2
:1010000005273A438F4FB8420ED08F4FB8420BD0CE
:10101000B0F1804F08D08D4FB84205D08C4FB84208
:1010200002D08C4FB84206D14FF6DF77394046F0F8
:101030001007394305E04FF65F77394044F0100759
:10104000394302830184F0BD028B4FF6F3731A40DB
:101050000283028B0A4302837047F0B50C461546A3
:1010600000220021068C4FF6FE773E400684028B5C
:10107000018C4FF60C7632407E1C06EA03162E4396
:101080003243704EB0420ED06F4EB0420BD0B0F132
:10109000804F08D06D4EB04205D06D4EB04202D0A8
:1010A0006C4EB04206D14FF6FD76314044F0010659
:1010B000314305E04FF6F576314044F00106314307
:1010C00002830184F0BD70B505460C465D4885423B
:1010D0000ED05D4885420BD0B5F1804F08D05B48FB
:1010E000854205D05A48854202D05A48854200D1EF
:1010F00000E000BF208850B92389A2886188284673
:10110000FFF7ABFFE1882846FFF79EFF25E0208828
:1011100004280AD12389A28861882846FFF753FF53
:10112000E1882846FFF742FF17E0208808280AD107
:101130002389A28861882846FFF7FBFEE1882846BC
:10114000FFF7EEFE09E02389A28861882846FFF7B1
:10115000A6FEE1882846FFF795FE70BD2DE9F04117
:1011600005460C4600260127608808B9022600E0E3
:101170000026A088012801D1022700E0012720884D
:10118000A0B92389A28861882846FFF766FFE18815
:101190002846FFF759FF23893A4631462846FFF78C
:1011A00012FFE1882846FFF701FF13E02389A28898
:1011B00061882846FFF707FFE1882846FFF7F6FE1B
:1011C00023893A4631462846FFF747FFE1882846FB
:1011D000FFF73AFFBDE8F0810A884B881A438B88F5
:1011E0001A43CB881A430B891A434B891A438B89BC
:1011F0001A43A0F8442070474FF6FF718180002108
:101200000180C180418001727047002101804180CE
:101210008180C180018141818181C181704700212C
:1012200001804180012181800021C18001817047BE
:101230000021018041808180C180018141818181C3
:1012400070470000002C01400034014000040040C1
:1012500000080040000C004021B1028842F0010269
:10126000028004E002884FF6FE731A400280704745
:1012700031B1B0F8442042F40042A0F8442005E027
:10128000B0F84420C2F30E02A0F8442070471AB10F
:1012900083890B43838102E083898B438381704779
:1012A0008182704741EA0203A0F8483070471AB1C2
:1012B00083890B43838102E083898B438381704759
:1012C00001894FF6F8721140018170470A460021EA
:1012D00001894FF68F73194011430181704730B572
:1012E00004460D4629462046FFF7F0FF208940F0CE
:1012F0000700208130BD2DE9F04104460D46164619
:101300001F46602D06D13B46012231462046FFF79D
:101310005AFE05E03B46012231462046FFF79DFE7E
:1013200029462046FFF7D2FF208940F007002081A0
:10133000BDE8F08130B50C4600210189C9B24FF6F5
:10134000FF7505EA0325154325432943018130BD77
:101350002DE9F04105460E461746984600244346BF
:101360003A4631462846FFF7E5FF2C894FF6F870DC
:10137000044044F007044FF68F70044044F07004BA
:101380002C81BDE8F081F0B504460D4616461F4697
:101390003B46324629462046FFF7CCFF208940F4E1
:1013A00080402081F0BD0185828270470A4600217D
:1013B00001884FF68F731940114301807047F0B5D3
:1013C0000C4615461E460021002200230189028B8F
:1013D000038C4FF6F877394021434FF6FC473A40EB
:1013E00040F201173A434FF6DD773B404FF6FF7767
:1013F00007EA06172F433B43018102830384F0BDB4
:101400000A460021018B4FF68F7319401143018367
:1014100070470A460021018B48F6FF7319404FF6CA
:10142000FF7303EA02231943018370470A46002130
:10143000818B4FF68F7319401143818370470A46A1
:101440000021818B48F6FF7319404FF6FF7303EAC2
:10145000022319438183704721B1028842F0800240
:10146000028004E002884FF67F731A4002807047C2
:1014700021B1828842F00402828004E082884FF623
:10148000FB731A408280704721B1828842F00802C3
:10149000828004E082884FF6F7731A40828070479A
:1014A00021B1828842F00102828004E082884FF6F6
:1014B000FE731A40828070470A460021018B4FF666
:1014C000F77319401143018370470A460021018BCD
:1014D0004FF2FF7319404FF6FF7303EA02231943DB
:1014E000018370470A460021818B4FF6F77319403C
:1014F0001143818370470A460021818B4FF2FF73AD
:1015000019404FF6FF7303EA0223194381837047A2
:101510000A460021018B4FF6FB73194011430183EA
:1015200070470A460021018B4FF6FF3319404FF6F2
:10153000FF7303EA02231943018370470A4600211F
:10154000818B4FF6FB7319401143818370470A4624
:101550000021818B4FF6FF3319404FF6FF7303EAEA
:1015600002231943818370470A460021018B4FF6FD
:101570007F7319401143018370470A460021018B94
:10158000C1F30E014FF6FF7303EA022319430183EF
:1015900070470A460021818B4FF67F731940114333
:1015A000818370470A460021818BC1F30E014FF6FB
:1015B000FF7303EA02231943818370470A4600211F
:1015C000018C4FF6FD7319401143018470470A46A0
:1015D0000021018C4FF6F7731940114301847047C5
:1015E0000A460021018C4FF6DF7319404FF6FF7356
:1015F00003EA02131943018470470A460021018C53
:101600004FF67F7319404FF6FF7303EA0213194335
:10161000018470470A460021018C4FF6FF531940A0
:101620004FF6FF7303EA02231943018470470A4609
:101630000021018C4FF2FF7319404FF6FF7303EA4C
:1016400002231943018470470A460021018C4DF69C
:10165000FF7319404FF6FF7303EA02331943018405
:10166000704730B5002301248C40A3B2048C9C4306
:101670000484048C02FA01F5ADB22C43048430BD1D
:1016800030B5002304248C40A3B2048C9C43048412
:10169000048C02FA01F5ADB22C43048430BD70B560
:1016A0000346002000241846183001258D40ACB2B6
:1016B0001D8CA5431D8409B1082909D100EB6100E7
:1016C000056825F0700505600568154305600EE0A6
:1016D0000D1FC5F34E052844056825F4E045056057
:1016E00005684FF6FF7606EA02263543056070BDB1
:1016F00021B1028842F00202028004E002884FF623
:10170000FD731A400280704721B1028842F0040242
:10171000028004E002884FF6FB731A400280704793
:1017200021B1828842F08002828004E082884FF6F4
:101730007F731A408280704702884FF6F7731A4011
:10174000028002880A430280704782884FF68F73B6
:101750001A40828082880A438280704702894FF64D
:10176000F8731A40028102890A4302817047028994
:101770004FF67F731A40028102890A430281704743
:1017800081847047818570478186704701877047E3
:1017900081877047A0F84010704702884FF6FF43DA
:1017A0001A40028002880A43028070470146888EF0
:1017B00070470146088F70470146888F7047014681
:1017C000B1F8400070470146888C70470146088D8B
:1017D000704702460020138A0B400BB1012000E045
:1017E00000207047CA430282704730B5024600208D
:1017F00000230024158A05EA0103958905EA0104FE
:1018000013B10CB1012000E0002030BDCA430282B8
:101810007047000010B50446FB48844209D10121FD
:101820008803FFF79FF800214FF48040FFF79AF8F4
:1018300032E0F648844209D101214804FFF79FF8BD
:1018400000214FF40030FFF79AF825E0F048844279
:1018500009D101218804FFF792F800214FF480207C
:10186000FFF78DF818E0EB48844209D10121C80444
:10187000FFF785F800214FF40020FFF780F80BE018
:10188000E548844208D101210805FFF778F80021D6
:101890004FF48010FFF773F810BD2DE9F04786B0C4
:1018A00005460E460024A24600BFA1460027B08987
:1018B00000B100BF2F462C8A4CF6FF700440F08820
:1018C00004432C82AC894EF6F3100440B088318971
:1018D0000843718908430443AC81AC8A4FF6FF404A
:1018E0000440B0890443AC8201A8FEF7B4FFC648A7
:1018F000874202D1DDF810A001E0DDF80CA0A88934
:1019000000F4004040B10AEBCA0000EB0A10316855
:101910004900B0FBF1F807E00AEBCA0000EB0A103F
:1019200031688900B0FBF1F86420B8FBF0F00401E5
:101930002009642101FB1089A88900F4004040B10E
:10194000322000EBC900B0FBF1F000F007000443C7
:1019500008E0322000EB09106421B0FBF1F000F048
:101960000F0004432C8106B0BDE8F0874FF41651F8
:10197000016000218180C18001810C214181002111
:101980008181704710B502460020108A4FF2FF0394
:1019900018400B884C8823438C882343CC882343EE
:1019A0001843108210BD0021018041808180C180D8
:1019B000704721B1828942F40052828104E0828919
:1019C0004DF6FF731A4082817047F0B5034600243C
:1019D00000260025002040F66A17B94200D100BF5A
:1019E0001846C1F3421401F01F06012707FA06F555
:1019F000012C01D10C3004E0022C01D1103000E0A8
:101A000014301AB107682F43076002E00768AF433C
:101A10000760F0BD1AB1838A0B43838202E0838A98
:101A20008B4383827047028A4FF6F0731A4002821A
:101A3000028A0A430282704782894FF2FF731A407A
:101A4000828182890A438281704721B1828942F072
:101A50000202828104E082894FF6FD731A4082817E
:101A60007047028A4FF6DF731A400282028A0A43E5
:101A70000282704721B1028A42F48042028204E06D
:101A8000028A4BF6FF731A4002827047C1F30802C4
:101A90008280704701468888C0F3080070478189BA
:101AA00041F0010181817047028BD2B20283028B27
:101AB00042EA012202837047028B02F47F420283D2
:101AC000028B0A430283704721B1828A42F02002CE
:101AD000828204E0828A4FF6DF731A408282704766
:101AE00021B1828A42F01002828204E0828A4FF69B
:101AF000EF731A408282704721B1828A42F0080255
:101B0000828204E0828A4FF6F7731A40828270471D
:101B100021B1828942F40042828103E08289C2F3CA
:101B20000E028281704721B1828A42F40062828271
:101B300004E0828A4FF2FF731A4082827047828AE1
:101B40004FF6FB731A408282828A0A438282704770
:101B500021B1828A42F00202828204E0828A4FF638
:101B6000FD731A408282704702460020B1F5007F63
:101B700000D100BF13880B400BB1012000E0002012
:101B8000704701F40072B2F5007F00D100BFCA4374
:101B90000280704770B50246002400230025002013
:101BA00040F66A16B14200D100BFC1F3421501F000
:101BB0001F03012606FA03F3012D02D19689334053
:101BC00006E0022D02D1168A334001E0968A3340A6
:101BD0000C12012606FA04F41688344013B10CB135
:101BE000012000E0002070BD10B50022002340F667
:101BF0006A14A14200D100BF0A1201249440A3B28A
:101C0000DC43048010BD0000003801400044004067
:101C100000480040004C00400050004010B5044611
:101C2000FA48844208D101214015FEF79BFE0021AD
:101C30006015FEF797FE17E0F548844208D10121B0
:101C40000015FEF78FFE00212015FEF78BFE0BE03E
:101C5000F048844208D10121C803FEF783FE002129
:101C60004FF40040FEF77EFE10BD30B50246002066
:101C700000235068E84C20400D790C6844EA0524A4
:101C8000204350609068E54C2040D1E902542C4339
:101C90004D7944EA450420439060D06A20F47000F6
:101CA0000C7C641EE4B2234340EA0350D06230BD92
:101CB00000210160017141718160C16001210174E5
:101CC000704721B1826842F00102826003E08268BD
:101CD00022F001028260704721B1826842F4807272
:101CE000826003E0826822F480728260704710B5DF
:101CF0000023CBB21AB144681C43446002E044683C
:101D00009C43446010BD816841F0080181607047C8
:101D1000014600208A6802F008020AB1012000E0B2
:101D200000207047816841F00401816070470146DE
:101D300000208A6802F004020AB1012000E00020BD
:101D4000704721B1826842F4A002826003E0826899
:101D500022F4A00282607047014600208A6802F4E3
:101D600080020AB1012000E00020704710B50A4649
:101D700000210023416821F46041531E41EA4331B0
:101D8000416010BD21B1426842F40062426003E04C
:101D9000426822F4006242607047F0B504460D4686
:101DA00000200021092D11DDE068A5F10A0606EBEF
:101DB0004607072606FA07F18843A5F10A0606EB4F
:101DC000460603FA06F10843E0600CE0206905EBE3
:101DD0004507072606FA07F1884305EB450603FA8F
:101DE00006F108432061072A0FDA606B561E06EBE6
:101DF00086071F2606FA07F18843561E06EB86065D
:101E000005FA06F10843606322E00D2A0FDA206B21
:101E1000D61F06EB86071F2606FA07F18843D61F52
:101E200006EB860605FA06F10843206310E0E06A37
:101E3000A2F10D0606EB86071F2606FA07F1884376
:101E4000A2F10D0606EB860605FA06F10843E062EC
:101E5000F0BD21B1826842F48012826003E08268A2
:101E600022F48012826070470146C86C80B27047CD
:101E700066484C300068704721B1426842F4806285
:101E8000426003E0426822F480624260704721B100
:101E9000426842F48052426003E0426822F4805279
:101EA000426070470A460021816821F4E0411143F5
:101EB0008160704721B1826842F40042826003E091
:101EC000826822F400428260704721B1826842F445
:101ED0000212826003E0826822F40212826070477C
:101EE000014600208A6802F400120AB1012000E0D5
:101EF00000207047F0B50446154600200022002659
:101F0000092911DDE068A1F10A0707EB470C072753
:101F100007FA0CF29043A1F10A0707EB470703FA0F
:101F200007F21043E0600CE0206901EB410C072749
:101F300007FA0CF2904301EB410703FA07F2104352
:101F40002061A06BC0F30156EF1C06F1010CA7EB5A
:101F50000C0707EB870C1F2707FA0CF29043EF1CC6
:101F600006F1010CA7EB0C0707EB870701FA07F254
:101F70001043A063F0BD10B50A4600210023816B19
:101F800021F44011531E41EA0351816310BD08B58D
:101F9000002300930090009B0B440093009B1A6069
:101FA00008BD08B5024600200090009201F128000B
:101FB000009B184400900098006880B208BD0A4653
:101FC00000214168164B194011434160704741623E
:101FD000826270470A460021416821F01F011143C7
:101FE0004160704740B109490831096841F4000176
:101FF000064A0832116007E004490831096821F4F3
:102000000001024A083211607047000000240140BC
:1020100000280140003C0140FFFEF0FFFDF7F1FF0A
:10202000FFFD3FFF0246002013680B400BB101206B
:1020300000E000207047CA430260704770B5024656
:102040000020002300240B125568CEB205EA0604D6
:1020500015681D4015B10CB1012000E0002070BDD5
:1020600000220A12D3430360704700000CB5002021
:10207000019000906C48006840F480306A49086024
:1020800000BF6948006800F4003000900198401CCF
:102090000190009818B90198B0F5A06FF1D162488D
:1020A000006800F4003010B10120009001E0002031
:1020B00000900098012843D15C48006840F010006F
:1020C0005A4908600846006820F003000860084686
:1020D000006840F002000860534840685249486078
:1020E0000846406848600846406840F480604860A0
:1020F0000846406820F47C1048600846406840F478
:10210000E81048600846006840F08070086000BF32
:102110004548006800F000700028F9D04248406847
:1021200020F00300404948600846406840F0020043
:10213000486000BF3C48406800F00C000828F9D116
:102140000CBD10B5FFF792FF10BD10B53648006802
:1021500040F00100344908600846406834490840AE
:102160003149486008460068324908402E490860F5
:102170000846006820F4802008600846406820F483
:10218000FE0048604FF41F008860FFF7DAFF4FF051
:1021900000602949086010BD10B500210020002210
:1021A000214B5B6803F00C0121B1042906D00829FA
:1021B00028D107E0214B224C236027E01F4B204C05
:1021C000236023E0184B5B6803F47010164B5B68C8
:1021D00003F48032022303EB904022B9194B4343AE
:1021E000174C23600DE0104B5B6803F4003323B100
:1021F000144B4343124C236003E0104B4343104CF9
:10220000236003E00D4B0E4C236000BF00BF064B64
:102210005B68C3F303130C4CE15C094B1B68CB40B8
:10222000074C236010BD0000001002400020024057
:102230000000FFF8FFFFF6FE08ED00E000127A0054
:102240001400002000093D0018000020014605E0B0
:10225000002001E0421CD0B20A28FBDB0A1EA1F1DB
:102260000101F5D1704710B5044603E04FF47A70D0
:10227000FFF7ECFF201EA4F10104F7D110BD704759
:1022800008B50720009002E00098401E00900098DA
:102290000028F9D108BD10B54FF40070E649086078
:1022A00040100860FFF7ECFFE3480838006808B901
:1022B000012000E0002000F4007008B1002010BDF3
:1022C0004FF40070DC49091D0860FFF7D9FFDA48B8
:1022D0000838006800F4007008B10020EFE74FF400
:1022E0000070D549091D0860FFF7CAFF0120E6E725
:1022F00010B54FF48070D049091D0860FFF7C0FF8A
:102300004FF40070CC49091D0860FFF7B9FF4FF486
:102310008070C9490860FFF7B3FF4FF40070C649E9
:102320000860FFF7ADFF10BD10B54FF48070C249D3
:10233000091D0860FFF7A4FF4FF40070BE49091D96
:102340000860FFF79DFF4FF48070BB490860FFF7FE
:1023500097FF4FF48070B849091D0860FFF790FFA0
:1023600010BD10B54FF48070B349091D0860FFF728
:1023700087FF4FF40070B0490860FFF781FF4FF40A
:102380008070AD490860FFF77BFF4FF48070AA4969
:10239000091D0860FFF774FF10BD10B54FF4807081
:1023A000A549091D0860FFF76BFF4FF40070A249B3
:1023B0000860FFF765FF4FF480709F490860FFF7E2
:1023C0005FFF9D480838006800F4007030B14FF49A
:1023D00080709949091D0860002010BD4FF480707D
:1023E0009549091D08600120F7E770B504460825E6
:1023F0001DE04FF480709049091D0860FFF740FF11
:1024000004F0800020B14FF400708B49086004E0B4
:102410004FF400708849091D08606006040EFFF73C
:102420002FFF4FF4807084490860FFF729FF281EB2
:10243000A5F10101CDB2DCD14FF480707E49091DB8
:10244000086070BD70B508250024A8017A490860AD
:1024500016E06006040E4FF480707749091D08608D
:10246000FFF70EFF4FF4807073490860FFF708FF15
:1024700071480838006800F4007008B144F00104A5
:10248000281EA5F10101CDB2E3D14FF480706A4955
:10249000091D0860204670BD08B501210820FEF71F
:1024A00047FA4FF44070ADF8000002208DF80200AA
:1024B00014208DF8030069465F481038FDF77CFF53
:1024C00008BD2DE9F04105460E4617469846FFF730
:1024D000E2FE10B90020BDE8F081002141EA45018B
:1024E000C8B2FFF782FFFFF758FF18B9FFF700FFE8
:1024F0000020F0E73046FFF778FFFFF74EFF00249B
:102500000BE018F80400FFF770FFFFF746FF18B95B
:10251000FFF7EEFE0020DEE7641CBC42F1DBFFF7B4
:10252000E7FE0120D7E72DE9F04104460D461646A7
:102530001F463B46324629462046FFF7C2FF10B1F0
:102540000020BDE8F0814FF0FF30FAE72DE9F041BF
:1025500005460F4614461E46FFF79DFE10B90020A3
:10256000BDE8F081002141EA4501C8B2FFF73DFF17
:10257000FFF713FF18B9FFF7BBFE0020F0E738465E
:10258000FFF733FFFFF709FFFFF785FE012101EB9E
:102590004501C8B2FFF729FFFFF7FFFE0CE0FFF788
:1025A00051FF3070012C02D1FFF7DBFE01E0FFF795
:1025B000BBFE761C601EC4B2002CF0D1FFF798FE63
:1025C0000120CDE72DE9F04104460D4616461F4691
:1025D0003B46324629462046FFF7B8FF10B100209F
:1025E000BDE8F0814FF0FF30FAE770B504460D46C4
:1025F0001646FFF750FE08B9002070BD002141EAE1
:102600004401C8B2FFF7F1FEFFF7C7FE18B9FFF7A4
:102610006FFE0020F1E72846FFF7E7FEFFF7BDFE5B
:102620003046FFF7E2FEFFF7B8FEFFF761FE01203C
:10263000E3E7002070470000100C014008B50121BD
:102640001120FEF775F901210B48FDF786FF4FF4C5
:10265000C040ADF8000003208DF8020010208DF876
:10266000030069460548FDF7A7FE4FF4C041034843
:10267000FDF74FFF08BD00000002300000100140D0
:10268000002400270026FFF760FD41F61F4141F2BC
:10269000883002F099FB02F0D3FB02F003FA00F05D
:1026A000E1F800F043F8FFF7C9FF02F04FFC00F03B
:1026B000EFF800F056F9FFF7EFFE0A2000F02EFECB
:1026C00000F062FA00F0D2FD00F05EFE0021084644
:1026D00002F061F8124807784FF0E020006940F0FE
:1026E00001004FF0E021086118E000F0BDFA8EB95A
:1026F0000B480578E81BC0B204442F46B4F5FA7FB6
:1027000007D301234FF47A720649074801F0BCFE53
:10271000012600BF02F055F901F0E2FDE5E70000F7
:10272000E40000203333B33E0000344308B50121F8
:102730000820FEF7FDF84FF47040ADF800001020BF
:102740008DF8030003208DF802006946FE48FDF76E
:1027500033FE4FF47041FC48FDF7DBFE08BD08B5C1
:1027600001210846FEF7F1F801210420FEF7E0F808
:102770000C20ADF8000018208DF8030003208DF820
:1027800002006946F148FDF717FE08BD30B587B075
:102790000025002440F2E730ADF814000020ADF829
:1027A0001000ADF81600ADF8120004A94FF08040FB
:1027B000FEF7F6F96020ADF800000120ADF8020048
:1027C000ADF806500020ADF8080069464FF0804093
:1027D000FEF7B2FA0821C806FEF784FE0120ADF824
:1027E0000200ADF806400020ADF8080069464FF041
:1027F0008040FEF7ECFA0821C806FEF77CFE0121B6
:102800008807FEF729FE01218807FEF725FD07B09E
:1028100030BD2DE9FF4104460D4627462E46602077
:10282000ADF800000120ADF80200ADF80670002000
:10283000ADF8080069464FF08040FEF77DFA0821A8
:10284000C806FEF74FFE0120ADF80200ADF80660A5
:1028500069468007FEF7BBFA0821C806FEF74BFE63
:10286000BDE8FF8110B5FFF77AFFFFF78FFF10BDBE
:10287000B7490888098821F00101B54A11807047DD
:10288000B4490888098821F00101B24A11807047D3
:1028900000B589B001210220FEF757F8012104207C
:1028A000FEF746F801A8FDF712FEC020ADF80400BF
:1028B00004208DF8070003208DF8060001A9A34825
:1028C000FDF77AFD4FF4A060FDF71AFC1D208DF88E
:1028D000080001208DF8090003208DF80A0001206E
:1028E0008DF80B0002A8FDF710FC99481038FEF790
:1028F00083F806A8FEF780FC0020ADF818004FF61C
:10290000FF70ADF81C000020ADF81E00ADF81A00F5
:1029100006A98F481038FEF743F90A231A46032107
:102920008B481038FEF74BFD03A8FEF778FC062015
:10293000ADF8140003A986481038FEF7C4FB012146
:1029400083481038FEF74EFF0122114680481038A8
:10295000FEF79DFC01217E481038FEF77DFC09B092
:1029600000BD00B589B001210420FDF7EEFF012173
:102970000820FDF7DDFF01A8FDF7A9FDC020ADF897
:10298000040004208DF8070003208DF8060001A93B
:102990006D48FDF711FD4FF4A060FDF7B1FB1E205F
:1029A0008DF8080001208DF8090003208DF80A0039
:1029B00001208DF80B0002A8FDF7A7FB6548103831
:1029C000FEF71AF806A8FEF717FC0020ADF818006D
:1029D0004FF6FF70ADF81C000020ADF81E00ADF8FA
:1029E0001A0006A95B481038FEF7DAF80A231A46DF
:1029F000032158481038FEF7E2FC03A8FEF70FFC4D
:102A00000620ADF8140003A952481038FEF75BFB0E
:102A1000012150481038FEF7E5FE012211464D48CD
:102A20001038FEF734FC01214A481038FEF714FC38
:102A300009B000BD00B585B001210420FDF778FF85
:102A400001210220FDF781FF8020ADF81000042055
:102A50008DF8130003208DF8120004A93B48FDF700
:102A6000ABFC4FF4A060FDF74BFB1D208DF8000080
:102A700001208DF8010003208DF8020001208DF85F
:102A800003006846FDF741FB31481038FDF7B4FFFD
:102A90004FF6FF70ADF808000020ADF80400ADF867
:102AA0000A00ADF8060001A929481038FEF778F8A9
:102AB00000231A46602126481038FEF71CFC00212E
:102AC00023481038FEF75CFE012121481038FEF73C
:102AD000C3FB05B000BD00B585B001210820FDF79E
:102AE00027FF01210420FDF730FF8020ADF8100002
:102AF00004208DF8130003208DF8120004A9124859
:102B0000FDF75AFC4FF4A060FDF7FAFA1E208DF88D
:102B1000000001208DF8010003208DF80200012043
:102B20008DF803006846FDF7F0FA0A481038FDF703
:102B300063FF4FF6FF70ADF808000020ADF8040009
:102B4000ADF80A0008E00000000C01400008014058
:102B50001004004010080040ADF8060001A9094823
:102B6000FEF71EF800231A4660210648FEF7C3FB55
:102B700000210448FEF704FE01210248FEF76CFB29
:102B800005B000BD0008004070B5002402F0A9FEA9
:102B90000446002C60D17CA002F001F9782002F0FC
:102BA00002FB18B981A002F0FAF802E087A002F057
:102BB000F6F8782002F0E4FC18B98FA002F0EFF8E4
:102BC00002E096A002F0EBF8642002F0BAFD18B91A
:102BD0009EA002F0E4F802E0A6A002F0E0F804F003
:102BE00071F918B9ACA002F0DAF802E0B7A002F06F
:102BF000D6F8C54805F042F8054604F06DF918B955
:102C0000C2A002F0CCF802E0CAA002F0C8F840F27C
:102C1000731004F0A2FD18B9D2A002F0C0F802E0CF
:102C2000D9A002F0BCF8642004F010FB18B9E2A0AF
:102C300002F0B5F802E0E9A002F0B1F805F032F8D0
:102C4000012003F085FE18B9EFA002F0A8F80AE011
:102C5000F6A002F0A4F806E04FF40051FE48FDF79C
:102C60005AFC00BFFEE770BD2DE9F04F89B0FB486C
:102C7000FB49FC4BFC4ACDE90010FC49FC4804F040
:102C8000CBFEF748008800F4807000287AD0F6491F
:102C9000086805F039FB04464FF09D4105F06EF9D8
:102CA000F4490860F049486805F02EFB04464FF0EF
:102CB0009D4105F063F9F0490860EB49886805F02B
:102CC00023FB04464FF09D4105F058F9EB4908609D
:102CD000E549C86805F018FB04464FF09D4105F032
:102CE0004DF9E7490860E34801684FF0804005F07E
:102CF00013F90690E1480168069805F00DF982463F
:102D0000DD4801684FF0404005F006F90690DC48C8
:102D10000168069805F000F98346514605F0A4F8CD
:102D2000079005F03DFB064606F072FD80464FF029
:102D30006632D44B05F007FA044605F05DFBD24934
:102D40000860CE4801684FF0804005F0E5F8039038
:102D5000CA480168039805F0DFF88246C648016852
:102D60004FF0404005F0D8F80390C348016803983D
:102D700005F0D2F88346514605F0C8F881464FF079
:102D80007E5183E10CE200006D707520696E6974FC
:102D900069616C697A6174696F6E20636F6D706CC4
:102DA0006574652E2E2E2E2E2E0A20006D70755FF6
:102DB0007365745F73656E736F7220636F6D706C93
:102DC000657465202E2E2E2E2E2E0A006D70755FD6
:102DD0007365745F73656E736F7220636F6D6520CA
:102DE0006163726F7373206572726F72202E2E2E64
:102DF0002E2E2E0A000000006D70755F636F6E66E8
:102E000069677572655F6669666F20636F6D706C68
:102E1000657465202E2E2E2E2E2E0A006D70755F85
:102E2000636F6E6669677572655F6669666F20635A
:102E30006F6D65206163726F7373206572726F725C
:102E4000202E2E2E2E2E2E0A000000006D70755F93
:102E50007365745F73616D706C655F72617465201A
:102E6000636F6D706C657465202E2E2E2E2E2E0ACB
:102E7000000000006D70755F7365745F73616D7045
:102E80006C655F72617465206572726F72202E2EA0
:102E90002E2E2E2E0A000000646D705F6C6F616430
:102EA0005F6D6F74696F6E5F6472697665725F667D
:102EB00069726D7761726520636F6D706C657465A2
:102EC000202E2E2E2E2E2E0A00000000646D705F24
:102ED0006C6F61645F6D6F74696F6E5F6472697649
:102EE00065725F6669726D7761726520636F6D658B
:102EF000206163726F7373206572726F72202E2E61
:102F00002E2E2E2E0A00000028000020646D705F17
:102F10007365745F6F7269656E746174696F6E203A
:102F2000636F6D706C657465202E2E2E2E2E2E0A0A
:102F300000000000646D705F7365745F6F72696597
:102F40006E746174696F6E20636F6D65206163726A
:102F50006F7373206572726F72202E2E2E2E2E2E9E
:102F60000A000000646D705F656E61626C655F668B
:102F700065617475726520636F6D706C6574652032
:102F80002E2E2E2E2E2E0A00646D705F656E6162ED
:102F90006C655F6665617475726520636F6D652031
:102FA0006163726F7373206572726F72202E2E2EA2
:102FB0002E2E2E0A00000000646D705F7365745F32
:102FC0006669666F5F7261746520636F6D706C65B2
:102FD0007465202E2E2E2E2E2E0A0000646D705F3A
:102FE0007365745F6669666F5F7261746520636F95
:102FF0006D65206163726F7373206572726F7220EA
:103000002E2E2E2E2E2E0A006D70755F7365745F46
:10301000646D705F737461746520636F6D706C654F
:103020007465202E2E2E2E2E2E0A00006D70755FD8
:103030007365745F646D705F737461746520636F32
:103040006D65206163726F7373206572726F722099
:103050002E2E2E2E2E2E0A0000100140620000207F
:103060006000002050000020300200205A000020A4
:103070005400002034000020380000203C000020D4
:103080004000002066A64C404400002004F0ECFE06
:10309000044605F085F9CDE90401434801684FF085
:1030A000804004F039FF834640480168584604F0E8
:1030B00033FF81463E4801684FF0804004F02CFF0A
:1030C00083463C480168584604F026FF824649463C
:1030D00004F0CAFE044605F063F90746DDE904235F
:1030E00006F0DEFD4FF06632334BCDE9060105F008
:1030F0002AF8054605F080F9304908602D48016836
:10310000006804F009FF039029480168006804F092
:1031100003FF029025480168006804F0FDFE834625
:1031200021480168006804F0F7FE5946019004F058
:103130009BFE8246029904F0E9FE8146039904F061
:10314000E5FE044605F02CF9CDE9040119480168B3
:103150001548006804F0E0FE8246154801681348EF
:10316000006804F0D9FE8346514604F07DFE814696
:103170004FF0804104F0D0FE044605F011F90746F7
:10318000DDE9042306F08CFD4FF066320A4BCDE9F1
:10319000060104F0D8FF054605F02EF9084908603D
:1031A00009B0BDE8F08F0000340000203800002096
:1031B0003C0000204000002066A64C404800002053
:1031C0004C000020704700BFFEE700BFFEE700BFD5
:1031D000FEE700BFFEE770477047704710B51D4817
:1031E0000078401C1B4908701B480078401C1A4995
:1031F00008701A480078401C1849087000F0B1FBAC
:1032000017480078401C1649087016480078401C82
:103210001449087014480078401C134908700E487F
:103220000078022806DB01F07CFE00F031FE002071
:103230000949087009480078082806DB00F0D2FB2D
:103240000020064908700649087000F067F900F090
:1032500012FB10BDE4000020E9000020E500002082
:10326000E6000020E7000020E800002030B52748F5
:103270000068C822B0FBF2F1B1F1807F01D30120D8
:103280001DE021F07F40401E4FF0E02250615017BA
:103290000F22002807DA13071D0E1D4B00F00F0444
:1032A000241F1D5503E013071C0E1A4B1C5400BFAE
:1032B00000204FF0E022906107201061002008B14B
:1032C00000BFFEE74FF0E020006920F001004FF062
:1032D000E021086130BD01B50F49009808604FF04A
:1032E000E020006940F001004FF0E021086100BFDC
:1032F000094800680028FBD108BD0748006820B1D4
:1033000005480068401E044908607047140000200A
:1033100018ED00E000E400E064000020002107E078
:1033200042F6E06100BF0A1EA1F1010399B2FAD191
:10333000021EA0F1010398B2F2D170470020FE49AD
:103340000876087048608860FC480068C860002003
:10335000C882704700B502460020F9490870F94854
:103360000260FFF7EBFF0020F7490870F74908708B
:10337000F7480078F74908700020F7490860F448DA
:103380000078F649087000BD00B50020F4490880B7
:10339000F4490880F4490860F4490860F449086079
:1033A000F4490860F4490860F4490860F449086089
:1033B000F4490860F4490860F4490860F449086079
:1033C000F4490860DD490860F3490860F349086082
:1033D000F3490860F3490860DD490870F249087054
:1033E000F2490870DA480078DA4908700020DA49B2
:1033F0000860D7480078D94908704FF46170EC49EB
:103400000880EC48EC4908600120EC490870002075
:10341000EB490870EB490870EB490860EB4908601C
:10342000EB490870EB490870EB490860EB4908600C
:10343000EB490860EB48FFF78DFF0020EA49086080
:1034400000BD2DE9F041E948006804F0A9FF0446F9
:10345000E748D0E900633246204604F0B5FF07D0C4
:10346000E348D0E90021104604F0C6FFDF490860B8
:10347000E048006804F094FF0446DD48D0E90263A8
:103480003246204604F0A0FF07D0D948D0E90221F7
:10349000104604F0B1FFD7490860D748006804F02F
:1034A0007FFF04460D46D249D1E9046332462946DE
:1034B00004F08AFF07D0CE49D1E90421104604F078
:1034C0009BFFCD490860CD48006804F069FF0446C1
:1034D000C748D0E906633246204604F075FF07D09E
:1034E000C349D1E90621104604F086FFC3490860AC
:1034F0000020B5490860B5490860B5490870B5496C
:1035000008709D480068B44908600020B34908600D
:103510008A480068B2490860BDE8F0812DE9F041B1
:10352000B7480068012810D10020B0490860B548AC
:10353000006804F0F7FE06460022B34B04F003FED9
:10354000044604F059FFA9490860AD480068022804
:1035500012D10020A7490860AC490968A1F14000D8
:1035600004F0E0FE06460022A94B04F0ECFD044600
:1035700004F042FF9F490860A649B1F9040004F035
:10358000C3FEA5490860A549B1F9040004F0BCFEDA
:10359000A34908600021A348006804F049FF0BD04C
:1035A000A149A048006804F043FF05D39F499D4806
:1035B000006804F047FF05D24FF400519C48FCF727
:1035C000AAFF04E04FF400519948FCF7A2FF002144
:1035D0009848006804F09AFC684908608F49B1F97E
:1035E000000004F091FE064682480168304604F06F
:1035F00093FC0446624801686048006804F086FC59
:1036000006467A480168304604F086FC05462146A5
:1036100004F02AFC5D490860BDE8F0812DE9F04125
:1036200004460D46002C0CDA4FF480418248FCF72A
:1036300070FF4FF400418048FCF76DFF604204B218
:103640000AE04FF400417C48FCF763FF4FF48041EF
:103650007948FCF760FF00BF002D0CDA4FF40051F1
:103660007548FCF756FF4FF480517348FCF753FF41
:10367000684205B20AE04FF480516F48FCF749FFF9
:103680004FF400516C48FCF746FF00BFAFB2A6B242
:1036900031464FF08040FEF77BF839464FF08040CE
:1036A000FEF778F865495F48006804F0CBFE23D345
:1036B00063495C48006804F0BBFE02D24FF0010889
:1036C00001E04FF0000800213548006804F0B0FE2A
:1036D00001D1012000E0002008EA00080021314863
:1036E000006804F0A5FE01D1012000E0002008EAF6
:1036F0000008B8F1000F0DD000214FF08040FEF718
:1037000047F800214FF08040FEF744F801204D4972
:10371000086002E000204B4908604B4917480068E8
:1037200004F090FE05D349491448006804F080FE77
:1037300000D28DE09AE00000A0000020640100208B
:10374000750000208C000020C7000020C800002069
:10375000E40000207400002070000020C900002058
:103760003201002030010020400100203C010020F7
:1037700048010020440100204C0100200C010020E1
:10378000FC00002068010020F00000200001002063
:103790000801002004010020A8010020A40100204D
:1037A000700100206C010020E5000020E6000020F0
:1037B000BC0000203333B33EC0000020C400002012
:1037C000C5000020C6000020CC000020D000002052
:1037D000D4000020D5000020D8000020DC0000200C
:1037E000E00000200000C8425C0100201C01002015
:1037F000109F000820010020240100202801002043
:103800008C0100207C0100200080FB3F8001002013
:103810000000C43F5A0000209C01002054000020FA
:10382000A0010020440000200000A0C10000A04131
:103830000010014048000020000C01400000204121
:10384000000020C15801002000004842000048C28A
:1038500000214FF08040FDF79BFF00214FF080409A
:10386000FDF798FF0120FE49086002E00020FC49B6
:103870000860BDE8F0812DE9F041FA480468FA4893
:103880000168204604F0F0FA044600250026F448BA
:10389000006898B9F548006820F00047F4493846B8
:1038A00004F0D0FD0AD8EF48006820F00047F14945
:1038B000384604F0BDFD01D800BFEF4E2146EF4869
:1038C000006804F0D1FA0746294604F0CDFAEC4925
:1038D00008602146E948006804F018FB07463146B5
:1038E00004F0C2FAE7490860E548006804F02BFDDF
:1038F00000B2B0F57A7F02DDE348E1490860E048B4
:10390000006804F020FD00B210F57A7F02DADF488B
:10391000DB490860DB48006804F015FD00B2B0F533
:103920007A7F02DDD848D7490860D648006804F09D
:103930000AFD00B210F57A7F02DAD448D149086056
:10394000D048006804F0FFFC07B2CD48006804F0DE
:10395000FAFC0FFA80F839464046FFF75FFEBDE8F3
:10396000F08170B5CA48FDF72EFF0446C948FDF73F
:103970002AFF0546C8480460C84805600021C448BD
:10398000FDF7FEFE0021C348FDF7FAFE20B2C44950
:103990000880684200B2C3490880C3480068C04933
:1039A000B1F900100844C0490860C0480068BD492A
:1039B000B1F900100844BD49086070BD70B50646F5
:1039C0000D4614462146304604F03CFD01D2204607
:1039D00070BD2946304604F02BFD01D22846F7E79A
:1039E0003046F5E72DE9F04F85B0AF490968AF4A99
:1039F0001268881804F088FCAD490860AB49096872
:103A0000A94A1268881A04F07FFC83464FF04041AF
:103A1000584604F017FD07D24FF08041584604F095
:103A200007FD01D24FF0000B0020A04908609E491D
:103A30000860A048006804F0B3FC07464FF0663207
:103A40009D4B04F080FB054604F0D6FC99490860C4
:103A50009748006804F0A4FC05464FF03332974BBA
:103A600004F071FB074688469248006804F098FC11
:103A70003A464346CDE9000104F0BEFACDE9020121
:103A800004F0BAFC8B490860084601688C4800685D
:103A900004F0EAF98A4908607448016888480068B7
:103AA00004F0E2F9864908608648016884480068A5
:103AB00004F0DAF98249086069480068012801D1F8
:103AC000002008604FF0000A6848006820F00044B9
:103AD0007848006820F0004961480068012807D153
:103AE000002079490870794908707949086069E0CF
:103AF0004FF08241204604F0A5FC0CD20020724910
:103B000008707249087073497148006804F004FA3B
:103B10006F49086056E07048006820F000454FF09B
:103B20008241284604F08EFC0AD2012066490870C2
:103B3000062066490870624800686849086021E00C
:103B40006749484604F074FC09D860480078FF28AB
:103B50000AD25E480078401C5C49087004E00020EE
:103B60005A490870584908705748007850B9574862
:103B70000078062806D30120534908705048006891
:103B80005649086050480078E0B100215548006867
:103B900004F0C2F90490544A54490498FFF70EFF08
:103BA00004904B480168049804F0B0F90646504967
:103BB00004F0B2F9054646480168284604F054F975
:103BC0004349086029480068434908603E48007836
:103BD00010B14248D0F800A03948006804F0B3FBA7
:103BE000B0F5FA5F02DD43483549086034480068A3
:103BF00004F0A9FB10F5FA5F02DA3F48304908608B
:103C00003E480068032812D100203D4908603D4924
:103C10000968A1F1800004F085FB054600223A4BBB
:103C200004F091FA074604F0E7FB35490860334891
:103C30000068042812D1002034490860344909681A
:103C4000A1F1C00004F06EFB05460022314B04F0E8
:103C50007AFA074604F0D0FB2C49086051465BE035
:103C60005801002068010020D000002064010020DD
:103C70000000F0410000C8410000C04000010020E9
:103C8000040100200801002000007A4400007AC4EA
:103C900000040040000800405001002054010020B2
:103CA00030010020320100203C01002040010020B2
:103CB00044010020480100206666E63F3333D33FCD
:103CC0004C0100205C010020D4000020D500002021
:103CD000DC0000206666663FE0000020D80000207F
:103CE000000060410C010020CDCCCC3FCDCCCCBF3E
:103CF000CDCC4C3D0000FA450000FAC58C010020F7
:103D000024010020840100200000DE3F2801002063
:103D1000880100200000C43FFA48006804F0F6F86B
:103D20000746F9480168384604F0F6F805460021D0
:103D3000F648006804F0EAF80746F5480168384696
:103D400004F0EAF80646294604F08EF8F1490860C6
:103D5000F149F248006804F075FB05D3F049EF48DB
:103D6000006804F065FB16D2EA48006880F0004560
:103D7000EA480168284604F001F9EA490860EA487F
:103D8000007858B1E9480168E648006804F06CF82A
:103D9000E449086002E00020E2490860E449E148A3
:103DA000006804F04FFB02D2E148DE490860E149B7
:103DB000DC48006804F03CFB02D2DE48D9490860C8
:103DC000DD480068002852D1DC48006820F000453A
:103DD000DB49284604F036FB49D80021584604F058
:103DE00027FB07D1D749D848006804F095F8D64991
:103DF00008600BE00021584604F08EF80546D248D2
:103E00000168284604F030F8CF490860CF49CE4811
:103E1000006804F017FB02D2CC48CB490860CC49BB
:103E2000C948006804F004FB02D2C948C6490860CA
:103E30000021584604F070F80546C348016828463A
:103E400004F012F8C3490860BD49C248006804F094
:103E5000F9FA02D2BA48BF490860BF49BD480068B4
:103E600004F0E6FA11D2BC48BA4908600DE0BB493B
:103E7000B548006804F050F8B3490860B749B54840
:103E8000006804F049F8B349086005B0BDE8F08F58
:103E90002DE9F041B2480068002850D1B148FDF743
:103EA00092FC00EB800000EB00104400204604F080
:103EB00039FA05460022AC4B04F0B7F9074604F086
:103EC0009BFAAA4908600846006804F069FA0446AB
:103ED00022460B46A6A004F0CDFCA848007820B9E5
:103EE0000020A7490860BDE8F081A048006804F000
:103EF00057FA04460022A34B04F066FA03D8A248FE
:103F00009F4908601BE0A1499848006804F09AFAAC
:103F100001D8012400E000244FF08241934800685A
:103F200004F086FA01D8012000E0002004401CB112
:103F300097489349086002E000209149086000BF5B
:103F4000D1E72DE9FC5F93480068012878D19248B9
:103F5000D0F800B09148006801909148B0F9029003
:103F60009048B0F900A081480468484604F0CCF9B4
:103F700006464FF08D4104F001F805468A4903F0EA
:103F8000CBFF8A490860504604F0BEF906468849CE
:103F900003F0BCFF0546874903F0F0FF864908603F
:103FA000584604F0FDF90746844A854B04F03DF974
:103FB000054604F021FA8346019804F0F1F905461C
:103FC0007E4A7F4B04F031F9074604F015FA019060
:103FD00050217C4803F024FF7A487BA109680160E6
:103FE0000A217A4803F01CFF7948002101604160F2
:103FF00001810A21774803F013FF7748002101600F
:10400000416001810A21754803F00AFF74480021CC
:104010000160416001817349584604F009FA10D8E3
:104020007149584604F00EFA0BD8584604F0B8F916
:1040300005462A460B466DA1644804F02BFC02E0BD
:104040004CE1BDE8FC9F6749019804F0F1F90FD8F5
:104050006549019804F0F6F90AD8019804F0A0F92E
:1040600005462A460B4661A1594804F013FC00E0BE
:10407000E7E760494D48006804F0E4F911D25E4971
:104080004A48006804F0D4F90BD24848006804F0AC
:1040900087F905462A460B4654A14E4804F0FAFB20
:1040A00000E0CEE755494448006804F0CBF911D24E
:1040B00053494148006804F0BBF90BD23E48006800
:1040C00004F06EF905462A460B4648A1424804F022
:1040D000E1FB00E0B5E70021204604F0B3F90FD87A
:1040E0004849204604F0A4F90AD2204604F058F9C1
:1040F00005462A460B463DA1384804F0CBFB84E038
:1041000082E000004C01002028010020480100202E
:1041100024010020F80000206F12833A1C010020C7
:104120006F1283BAFC000020D4000020DC000020C5
:104130000000C0400000C0C0580100206401002001
:104140000000A04248E17A3FCC000020000020425D
:10415000000020C2D00000200000A0C2CDCC4C3F07
:1041600074010020002C0140000069406001002023
:104170006A756C693D25660A000000007500002024
:104180005C01002000001040000096C30000A04029
:104190000000FA43900100200401002008010020E3
:1041A0005A00002054000020CDCC1C419C0100206E
:1041B0009A19004300000343A001002048E17A144B
:1041C000AE470F4040020020244C56005803002008
:1041D000620300206C03002076030020800300208F
:1041E0008A03002000007A4400007AC425332E326E
:1041F000660000000000A0C10000A04100803BC597
:1042000000803B4500401C461BE7002000F0E0FE1C
:104210000090009804F081F80746F84903F07CFE0E
:1042200006464FF08B4103F0A9FE0546F44903F022
:104230006DFEF44908600021F248006804F002F9BC
:1042400012D8F149EF48006804F0F2F80CD2ED48BA
:10425000006804F0A5F805462A460B46AFF2740143
:10426000EA4804F017FB00E0EBE6E949E94803F00F
:10427000E2FDE9A1E74803F0DEFDE849E54803F087
:10428000DAFDE7A1E34803F0D6FDE649E14803F093
:10429000D2FDE5A1DF4803F0CEFDE449DD4803F09F
:1042A000CAFDE3A1DB4803F0C6FDE349D94803F0AA
:1042B000C2FDE2A1D74803F0BEFDD449D54803F0C2
:1042C000BAFDDFA1D34803F0B6FD5021DD4803F06D
:1042D000A7FD5022CF49DB4803F089FD00BFB0E6BF
:1042E00010B5D9480068401ED7490860D748006813
:1042F000012807D10846006820B9FFF722FED148FF
:1043000000F041FDD048006818B941F28830CE492C
:10431000086010BD2DE9F04704460E4617461D46BD
:10432000DDE90889CA4ACB493046FFF747FB064614
:10433000C74AC8493846FFF741FB074600212846CF
:1043400004F076F801D285F00045C34AC3492846F7
:10435000FFF734FB0546B8F1000F01D14FF001081B
:1043600041F28830804500D98046012C00D10027D9
:10437000042C00D10026BA48047046608760B94812
:104380000068B749C86008460561A0F8148000209D
:10439000C88201200876B9F1000F06D00320B24987
:1043A0000870B2480078B2490870BDE8F0872DE97E
:1043B000F04780460C461546A948007E20B90020EB
:1043C00020602860BDE8F08700263DE0A44AD1685F
:1043D000506803F09BFD074627F00049A04801699B
:1043E000484604F025F804D89D4840689C49C860B8
:1043F00013E00021384604F025F807D2984A1169E5
:10440000D06803F031FD9649C86006E0944A11690E
:10441000D06803F07BFD9249C8609148C08A9049FA
:10442000898A884204DA8E48C08A401C8C49C88236
:104430008B48C08A8A49898A884203DB00208849E0
:10444000087603E0701CC6B24645BFDB00BF844857
:10445000C06820608248806828608148007E08B972
:104460000220AFE70120ADE77CB504460D461646B5
:1044700000208049087001202B4600222146CDE90A
:104480000060FFF747FF7CBD2DE9FC4104460D4667
:1044900016461F460FB1012000E000207549087044
:1044A0000020754908707549087001202B460022CC
:1044B0002146CDE90060FFF72DFFBDE8FC8108B182
:1044C000012100E000216B4A117000216A4A11703D
:1044D0006A4A117070477CB504460D4616460120A5
:1044E000674B2A462146CDE900600220FFF712FF04
:1044F0007CBD7CB504460D4616460120604B2A461D
:104500002146CDE900600320FFF704FF7CBD7CB5A8
:1045100004460D4601205A4B22460021CDE90050A9
:104520000420FFF7F7FE7CBD70B505460C46002160
:10453000284603F07DFF01D285F00045002120468A
:1045400003F076FF01D284F000444E4805604E48E7
:10455000046070BD2DE9F04705460C4616461F461F
:10456000DDF8208025F0004524F00044384A002181
:104570002846FFF723FA45490860354A00212046BE
:10458000FFF71CFA4149486041480680008810B98D
:1045900001203F4908803E48008841F28831884226
:1045A00002D908463A49088027F000492A4A2B498F
:1045B0004846FFF703FA37490860B8F1000F01D009
:1045C000012000E0002034490870002033490870C1
:1045D0002F48008803F0A1FE8246314903F09CFC7D
:1045E000814649462F4803F0C9FC284988602A487B
:1045F000007808B12C485AE058E00000CDCC544176
:10460000CDCC4C3EEC0000200000A0418A030020ED
:1046100058030020400200202C5256006203002064
:104620002C4143006C0300202C47590076030020E6
:104630002C43534200000000800300202C565400FD
:10464000230000009002002094010020900100202F
:1046500000008243000082C3000040400AD7233C90
:10466000A00000206401002075000020E40000206C
:1046700074000020C6000020C7000020C8000020F1
:104680003333B33E980000209C00002078000020C7
:10469000BC000020C0000020C4000020C500002095
:1046A0000AD7A33BDB0FC940DA0FC93FD848D94925
:1046B000C86000200861FEF741FE0120D64908705D
:1046C000D6480078D64908700020D6490860BDE871
:1046D000F0872DE9FF4F85B0834614461D46D24929
:1046E000204603F0A5FE00D2CF4C0021129803F023
:1046F0009FFE01D200201290CC49129803F0A2FE36
:1047000001D2CA4812902146C94803F037FC074637
:10471000C84903F033FC06464FF07E51304603F0A3
:1047200087FE01D24FF07E56C349304603F08AFE21
:1047300000D2C14E4FF07C51304603F095FB074646
:1047400003F01AFE1FFA80F9BC49129803F0E4FB4B
:104750000746BB4903F088FB8246284603F020FE4B
:10476000074605F05DFBCDE9000103F045FE0021A1
:10477000029003F067FE01D8012000E000200390C2
:10478000039853464A46009058460699FFF7E2FEC2
:1047900009B0BDE8F08F00B503460A4602209E49E5
:1047A0000870FEF7CBFDA7480360A74802609B484E
:1047B00000789B49087000209A49086000BD2DE9E7
:1047C000F05F04460D46D4F80090D5F800A09F4F46
:1047D0009F49384603F02CFE00D89E4F9E48D0F8E3
:1047E00000809E49404603F02DFE18D89C49404663
:1047F00003F01EFE13D800209A4908709A480078EA
:10480000FF2804D298480078401C974908709648C1
:104810000078042836D34FF00009CA4632E09049A8
:10482000404603F00FFE28D23946404603F000FE12
:1048300023D800208C4908708A480078FF2804D2C9
:1048400088480078401C87490870864800780C2802
:1048500018D38648D0F800908548D0F800A029F0F9
:10486000004B8449584603F057FB064631465046F4
:1048700003F0E8FD06D2B24604E000207949087052
:1048800079490870C4F80090C5F800A0BDE8F09F11
:104890001CB579480068019000200090694601A885
:1048A000FFF78DFF75490198086075490098086009
:1048B000002074490860744908601CBD2DE9FF415F
:1048C0005648057856480078281AC6B254480570EC
:1048D0006E48007E40BB6E48007800F0010058B979
:1048E0006C48007810B14B48406803E04948406884
:1048F00080F0004007460AE06648007820B145484D
:10490000406880F0004001E04248406807460020CF
:1049100061490988CDE900103E4801685F483A4680
:1049200003680220FFF7F6FC02AA03A93046FFF74E
:104930003EFD0446022C05D15548007880F0010068
:10494000534908704D49039808604D490298086022
:1049500001204C49086000204B490860BDE8FF81F8
:104960007CB52E4804782E480078201AC5B22C4811
:1049700004706A4601A92846FFF719FD064616B9D4
:1049800000200190009041480078012807D1444858
:10499000007820B1694601A8FFF711FF04E000206C
:1049A000304908703049087034490198086034492A
:1049B00000980860012033490860002032490860EF
:1049C0007CBD10B514480078E0B1012804D002285D
:1049D00008D0032815D102E0FFF770FF15E0FFF7BC
:1049E000BFFF12E0174800682449086016480068B5
:1049F00023490860012023490860002022490860FB
:104A000003E000BFFFF744FF00BF00BF10BD000080
:104A1000DA0FC9BF7800002075000020E4000020F4
:104A20007400002070000020CDCCCC3D6666E63ED0
:104A3000DB0FC9400AD7A33B00409C459A99993F98
:104A40003333B33E90000020940000200000C841A2
:104A50000000304100009041600100200000204033
:104A600000002041C7000020C8000020980000205E
:104A70009C000020CDCC4C3F8C0000206401002025
:104A800068010020740100205C010020A0000020CB
:104A9000C5000020C4000020BC000020C000002091
:104AA000C600002000B585B0012144F20400FBF7E8
:104AB0003FFF4FF40070ADF8100018208DF8130080
:104AC00003208DF8120004A9BB48FBF775FC4FF4D6
:104AD0008060ADF8100004208DF8130004A9B648DA
:104AE000FBF76AFC4FF4E13000900020ADF80400C1
:104AF000ADF80600ADF80800ADF80C000C20ADF8DC
:104B00000A006946AD48FCF7C8FE0121AB48FCF736
:104B100050FF05B000BD08B54FF48060FBF7F0FA18
:104B200027208DF8000004208DF8010001208DF869
:104B300002008DF803006846FBF7E7FA08BD00B5F0
:104B400085B001218804FBF700FF01210820FBF755
:104B5000EFFE4FF48060ADF8100018208DF81300C0
:104B600003208DF8120004A99548FBF725FC4FF4AB
:104B70000060ADF8100004208DF8130004A99048DF
:104B8000FBF71AFCFFF7C7FF4FF416500090002008
:104B9000ADF80400ADF80600ADF80800ADF80C0063
:104BA0000C20ADF80A0069468648FCF776FE012223
:104BB00040F225518348FCF708FF01218148FCF7AA
:104BC000F8FE05B000BD70B504460D46E1B27B4865
:104BD000FCF75CFF00BF40217848FCF7C5FF0128C7
:104BE000F9D1204670BDF0B503460D4616460027A4
:104BF00029460A2E03D0002008702846F0BD33B99C
:104C0000302001F8010B002008702846F6E7002B41
:104C100003DA2D2001F8010B5B4242F210720DE025
:104C200093FBF2F404B937B104F1300001F8010B41
:104C300004FB123301270A2092FBF0F2002AEFDC7A
:104C4000002008702846D9E70FB470B586B0064634
:104C50000CA8019073E00B9800785C281CD10B988D
:104C6000401C0B9000786E2809D072280FD10D21BE
:104C70003046FCF70BFF0B98401C0B900BE00A2111
:104C80003046FCF703FF0B98401C0B9003E00B9899
:104C9000401C0B9000BF4BE00B980078252840D1BA
:104CA0000B98401C0B900078642818D0732833D1DF
:104CB000019810C801900BE021783046FCF7E6FE21
:104CC00000BF40213046FCF74FFF0028F9D0641C9C
:104CD00020780028F0D10B98401C0B9020E0019820
:104CE00020C801900A2202A92846FFF77CFF02ACE7
:104CF0000BE021783046FCF7C9FE00BF402130466A
:104D0000FCF732FF0028F9D0641C20780028F0D18D
:104D10000B98401C0B9003E00B98401C0B9000BFBD
:104D200006E00B9810F8011B0B903046FCF7AEFE26
:104D300000BF40213046FCF717FF0028F9D00B9840
:104D40000078002887D106B070BC5DF814FB10B560
:104D5000044621461948FCF799FE00BF4021174838
:104D6000FCF702FF0128F9D110BD10B50446214619
:104D70001448FCF78BFE00BF40211248FCF7F4FEFC
:104D80000128F9D110BD70B505462C4603E0207806
:104D9000FFF7EBFF641C20780028F8D170BD70B5D8
:104DA00005462C4603E02078FFF7D1FF641C2078ED
:104DB0000028F8D170BD0000000801400038014013
:104DC000000C0140004800407FB504460D4601211B
:104DD000C802FBF7ADFD41F28830ADF8080041F69E
:104DE0001F40ADF804000120ADF80A000020ADF826
:104DF000060001A91148FBF7D3FE012241210F480B
:104E0000FCF745FA19208DF8000003208DF8010009
:104E100000208DF8020001208DF803006846FBF7A2
:104E200074F97FBD10B501210448FCF7DEFC18B110
:104E300001210248FCF7EAFC10BD0000002C0140F3
:104E40001FB501213D48FBF788FB01210920FBF735
:104E50006FFD0120ADF80C0010208DF80F0003202D
:104E60008DF80E0003A93648FBF7A6FA0220ADF82C
:104E70000C0028208DF80F0003A93148FBF79CFA9D
:104E800001210846FBF7AEFB0220019000208DF8BF
:104E9000080008208DF8090001208DF80A0001A8FB
:104EA000FBF7AAF907208DF8000003208DF8010018
:104EB00001208DF802008DF803006846FBF725F904
:104EC0001FBD10B50220FBF7FDF948B300211D48B6
:104ED000FCF756FC01211B48FCF7BEF901201A49DA
:104EE000086012E01748FCF76EFC3C2807DB002145
:104EF0001448FCF7B1F900201349086005E00221CD
:104F00000F48FBF7ECFA104908600F4800680028CA
:104F1000E8D100210B48FCF79FF90220FBF7E3F9E9
:104F200010BD10B501210648FBF7F3FA0C20FDF780
:104F30008DF901210248FBF7EEFA10BD00023000A6
:104F4000000C0140002C0140F801002000B587B0A2
:104F500001214FF40170FBF7EBFC4FF40040FBF72D
:104F60004BFC0120ADF8040000208DF8070001A9DA
:104F70002348FBF721FA2348FCF750FE002002905B
:104F80008DF80C008DF80D004FF460200490002087
:104F9000059001208DF8180002A91A48FCF765FE5B
:104FA00001211848FCF78DFE1648FCF7ACFE00BF47
:104FB0001448FCF7ADFE0028FAD11248FCF7B2FE07
:104FC00000BF1048FCF7B3FE0028FAD107B000BDBF
:104FD00010B504460723012221460A48FCF7DDFEEE
:104FE00001210848FCF7ADFE00BF02210548FDF78E
:104FF00019F80028F9D00348FCF736FF10BD00006F
:105000000008014000240140064880470648004748
:10501000FEE7FEE7FEE7FEE7FEE7FEE7FEE7FEE768
:10502000FEE7FEE74B210008ED00000838B5044616
:10503000FB4890F82400C0B114B10220009001E0B8
:1050400000200090F64A1268D17BF54A5268107829
:105050006B460122FDF767FA10B14FF0FF3038BD03
:105060009DF80010EE48417423E0ED48807A10B9B5
:105070004FF0FF30F3E724B1E948407C08B100204D
:10508000EDE714B10120009001E000200090E44A17
:105090001268D17BE24A526810786B460122FDF714
:1050A00042FA10B14FF0FF30D9E79DF80010DC480C
:1050B00041740020D3E738B5002419E0D8480068CF
:1050C000C07AA04204D0D6480068407DA04200D1FA
:1050D0000CE0D349496808786B4601222146FDF768
:1050E00071FA10B14FF0FF3038BD00BF601CC4B280
:1050F000CB4840680079A042E0DC0020F4E770B5BE
:1051000004460D46C6480068C07AA04204D0C44890
:105110000068407DA04202D14FF0FF3070BDC04812
:1051200040680079A04202DC4FF0FF30F6E7BC494E
:10513000496808782B4601222146FDF743FAEDE73E
:1051400038B50446B64890F82300A04201D10020AB
:1051500038BD14B13020009001E000200090B0482C
:10516000807C20B19DF8000040F002000090AC4827
:1051700090F8220020B19DF8000040F080000090DF
:10518000A74A1268117DA64A526810786B46012220
:10519000FDF7C9F910B14FF0FF30D9E7A04880F80A
:1051A00023400020D4E738B5044604F0700010B165
:1051B0000120009005E014B10020009001E04020A3
:1051C0000090974A1268917C954A526810786B4615
:1051D0000122FDF7A8F920B1002191488172481EF3
:1051E00038BD9DF8000020F040018D48017300207B
:1051F000009004F0400020B99DF8000040F0040049
:10520000009004F0200020B99DF8000040F002005A
:10521000009004F0100020B99DF8000040F001005B
:10522000009004F0080020B99DF8000040F038001C
:1052300000907B4A1268D17C794A526810786B469C
:105240000122FDF770F920B1002175488172481ED6
:10525000C6E724B1082C02D00020FFF771FF704888
:105260008472002101753220FCF7FDFF0020B7E7B2
:1052700038B504466A48807CA04201D1002038BD80
:10528000002C46D0664A12681179654A5268107837
:105290006B460122FDF796F910B14FF0FF30EEE7B3
:1052A0009DF8000020F0200000905D4A12681179FE
:1052B0005B4A526810786B460122FDF734F910B151
:1052C0004FF0FF30DBE70320FCF7CDFF022000901A
:1052D000534890F8220020B19DF8000040F0800073
:1052E00000904F4890F8230020B19DF8000040F056
:1052F000300000904A4A1268117D494A526810787D
:105300006B460122FDF70FF9002851D04FF0FF3016
:10531000B5E7434A12681179414A526810786B46E2
:105320000122FDF74FF910B14FF0FF30A7E73C48DD
:10533000807A00F0010028B19DF8000040F02000C4
:10534000009004E09DF8000020F020000090344A16
:1053500012681179324A526810786B460122FDF7C3
:10536000E2F810B14FF0FF3089E70320FCF77BFF34
:105370002B4890F8220010B18020009001E000201E
:105380000090274890F8230020B19DF8000040F0DD
:1053900030000090224A1268117D214A526810782C
:1053A0006B460122FDF7BFF810B14FF0FF3066E702
:1053B0001B488474002062E708B51948807A10B948
:1053C0004FF0FF3008BD00200090154A1268D17BD5
:1053D000134A526810786B460122FDF7A4F810B109
:1053E0004FF0FF30EEE70E4A126851790C4A5268CE
:1053F00010786B460122FDF796F810B14FF0FF30A0
:10540000E0E7074A12681179054A526810786B463E
:105410000122FDF788F828B14FF0FF30D2E70000F5
:10542000FC010020F74890F82400002853D00C20FD
:105430000090F44A12681179F24A526810786B466B
:105440000122FDF770F810B14FF0FF30BAE73220BB
:10545000FCF709FFC0200090EA48807A00F00100C4
:1054600020B19DF8000040F020000090E54A12684D
:105470001179E44A526810786B460122FDF753F81F
:1054800010B14FF0FF309DE7DE48407C10B10220A4
:10549000009001E000200090DA4A1268D17BD94ADE
:1054A000526810786B460122FDF73DF810B14FF0BD
:1054B000FF3087E700200090D24A12685179D14A24
:1054C000526810786B460122FDF72DF8002855D060
:1054D0004FF0FF3076E704200090CA4A1268117935
:1054E000C84A526810786B460122FDF71CF810B1CB
:1054F0004FF0FF3066E7C348807C20B9C148807A0E
:1055000000F0010010B94020009001E06020009000
:10551000BC4A12681179BB4A526810786B46012266
:10552000FDF701F810B14FF0FF304BE73220FCF7E8
:105530009AFEB448407C10B10120009001E00020A8
:105540000090B04A1268D17BAE4A526810786B4620
:105550000122FCF7E8FF10B14FF0FF3032E7A94A13
:1055600012685179A74A52681078A64B103301226D
:10557000FCF7D9FF10B14FF0FF3023E7002021E7FF
:1055800070B50446002624F001049E4890F82400DB
:1055900008B1002070BD9B48807A10B94FF0FF30F1
:1055A000F8E79848057C807A2040964908740846B8
:1055B000007CA04202D04FF0FF3600E0002614B974
:1055C0009048007D18B10120FFF730FD02E0002077
:1055D000FFF72CFD3CB1FFF7EFFE20B189480574C1
:1055E0004FF0FF30D6E73046D4E738B5044685485B
:1055F000807A10B94FF0FF3038BDBC2C02DB01209F
:10560000009015E0622C02DB0220009010E02A2CB2
:1056100002DB032000900BE0142C02DB042000903E
:1056200006E00A2C02DB0520009001E00620009035
:105630007448C07A9DF80010884201D10020DBE751
:10564000704A126891786F4A526810786B4601224E
:10565000FCF769FF10B14FF0FF30CDE79DF8001067
:105660006848C1720020C7E738B50446282C02DD1F
:105670004FF0FF3038BDDCB90020FFF761FD00209E
:105680008DF8000007208DF801005E4A1268917CB9
:105690005C4A526810786B460222FCF744FF10B156
:1056A0004FF0FF30E6E70021564801750020E1E7A2
:1056B0000120FFF745FD20208DF80000012C06D1C8
:1056C00000208DF801000520FFF78FFF17E0052C63
:1056D00006DC01208DF801000520FFF786FF0EE0B3
:1056E000142C06DC02208DF801000A20FFF77DFF54
:1056F00005E003208DF801001420FFF776FF9DF8E8
:105700000100072101EB8010C0B28DF801003D4A75
:105710001268917C3B4A526810786B460222FCF773
:1057200002FF10B14FF0FF30A4E708213548817225
:1057300000210173012101750020FFF721FF0020E6
:1057400098E738B504462F48807A10B94FF0FF30FB
:1057500038BD2C4890F8240010B14FF0FF30F7E727
:105760002848007D50B134B1282C04DCE0B2FFF7AA
:105770007BFF0020ECE70020FFF776FF042C01DA26
:10578000042404E0B4F57A7F01DD4FF47A744FF419
:105790007A7090FBF4F0401EC0B20090194A126873
:1057A0005178184A526810786B460122FCF7BBFE0C
:1057B00010B14FF0FF30CBE79DF80000401C4FF4D4
:1057C0007A7191FBF0F081B20E48C1810146C9891E
:1057D0004810FFF70AFF0020BAE738B50446094829
:1057E000807A10B94FF0FF3038BD022C06D0042C5F
:1057F0000AD0082C0BD0102C0FD10BE00020009009
:105800000EE00000FC0100200820009008E01020BD
:10581000009005E01820009002E04FF0FF30E3E731
:1058200000BFF848407A9DF80010B0EBE10F01D1BD
:105830000020D9E7F34A1268D179F24A5268107809
:105840006B460122FCF76FFE10B14FF0FF30CBE743
:105850009DF80000C110EB4841720020C4E738B544
:105860000446E848807A10B94FF0FF3038BDFA2C72
:1058700009D0B4F5FA7F09D0B4F57A7F09D0B4F530
:10588000FA6F0CD108E0002000900BE00820009097
:1058900008E01020009005E01820009002E04FF092
:1058A000FF30E3E700BFD748007A9DF80010B0EB67
:1058B000E10F01D10020D9E7D24A12689179D14A8B
:1058C000526810786B460122FCF72DFE10B14FF0A4
:1058D000FF30CBE79DF80000C010CA4908720020D5
:1058E000C4E71CB580208DF80000C64A1268917C80
:1058F000C44A526810786B460122FCF714FE10B1BE
:105900004FF0FF301CBD6420FCF7ADFC00208DF88B
:105910000000BC4A1268917CBA4A526810786B4603
:105920000122FCF700FE10B14FF0FF30EAE7B54A64
:105930001268917DB34A526810786B460622FCF7D4
:1059400041FE10B14FF0FF30DCE79DF80500C007C5
:10595000400F9DF8031001F0010140EA41009DF85D
:10596000011001F0010140EA01048CB1012C03D1C6
:105970000121A448C17430E0022C03D10021A148C8
:10598000C1742AE0A0A0FFF70AFA4FF0FF30B9E790
:105990009C4A1268D1789B4A526810786B46012263
:1059A000FCF710FE10B14FF0FF30ABE79DF80000A0
:1059B00000F00F042CB99E48FFF7F1F94FF0FF30CB
:1059C000A0E7042C06D19BA0FFF7E9F901218D483F
:1059D000C17402E000218B48C174FF2189488172A3
:1059E000FF2088490872FF2186484172C1724FF634
:1059F000FF71C181FF21017481740121017380F85D
:105A00002210002180F823104175017516300160C5
:105A100041608160163880F8241080F82510C18418
:105A20004FF4FA60FFF71BFF10B14FF0FF3069E74A
:105A30000220FFF7D2FE10B14FF0FF3062E72A20BC
:105A4000FFF7D3FD10B14FF0FF305BE73220FFF7D7
:105A500078FE10B14FF0FF3054E70020FFF790FDC3
:105A600010B14FF0FF304DE70020FFF701FC10B1FF
:105A70004FF0FF3046E70020FFF795FB002041E79D
:105A80007CB504460D465F48807A00F0700010B97E
:105A90004FF0FF307CBD5B4A1268117B594A526857
:105AA00010786B460622FCF78DFD10B14FF0FF30E9
:105AB000F0E79DF801009DF8001040EA012000B2D7
:105AC00020809DF803009DF8021040EA012000B2FA
:105AD00060809DF805009DF8041040EA012000B2A6
:105AE000A08015B12846FCF7CAFB0020D2E77CB5A0
:105AF00004460D464348807A00F0080010B94FF084
:105B0000FF307CBD3F4A1268517B3E4A5268107894
:105B10006B460622FCF756FD10B14FF0FF30F0E760
:105B20009DF801009DF8001040EA012000B220809D
:105B30009DF803009DF8021040EA012000B2608049
:105B40009DF805009DF8041040EA012000B2A080F5
:105B500015B12846FCF793FB0020D2E72DE9FE4F54
:105B600005460C462748807A18B94FF0FF30BDE84B
:105B7000FE8F244A1268917B224A5268107802AB49
:105B80000222FCF71FFD10B14FF0FF30EFE79DF848
:105B900009009DF8081040EA012006B214B1204621
:105BA000FCF76DFB17494968C88802F0B6FB154938
:105BB00001904968B1F9080002F0A6FB834630461F
:105BC00002F0A2FB5946009002F0A0F9824601992A
:105BD00002F0D4F981461F4902F046F980464FF0A1
:105BE0008F4102F099F9074602F0ADFB28600020D2
:105BF000BDE710B588B004461CB94FF0FF3008B0BF
:105C000010BD29E0FC010020556E737570706F7235
:105C100074656420736F6674776172652070726F4B
:105C200064756374207265762025642E0A00000076
:105C300088AD000848616C662073656E736974698D
:105C400076697479207061727420666F756E642E47
:105C50000A00000000000C42206830B9606820B9DA
:105C6000A06810B9002008B010BDFA49496808784A
:105C700006AB03221146FCF7A5FC10B14FF0FF3034
:105C8000F1E79DF81800082101EB201000F00F004B
:105C9000ADF800009DF8190001EB201000F00F0096
:105CA000ADF802009DF81A0001EB201000F00F0083
:105CB000ADF8040020684100BDF90000403091FBC0
:105CC000F0F000B2ADF8100060684100BDF90200CC
:105CD000403091FBF0F000B2ADF81200A068410036
:105CE000BDF90400403091FBF0F000B2ADF81400B3
:105CF000D8494968087806AB06221146FCF762FCD1
:105D000010B14FF0FF30AEE79DF819009DF8181064
:105D100040EA012000B2ADF808009DF81B009DF894
:105D20001A1040EA012000B2ADF80A009DF81D00EB
:105D30009DF81C1040EA012000B2ADF80C00BDF83F
:105D40001000BDF80810084400B2ADF81000BDF80E
:105D50001200BDF80A10084400B2ADF81200BDF8F8
:105D60001400BDF80C10084400B2ADF81400BDF8E2
:105D70001000000A8DF81800BDF81000C0B28DF8B0
:105D80001900BDF81200000A8DF81A00BDF81200C3
:105D9000C0B28DF81B00BDF81400000A8DF81C007D
:105DA000BDF81400C0B28DF81D00AA4949680878F2
:105DB00006AB06221146FCF7B6FB10B14FF0FF30E0
:105DC00051E700204FE70146A248007A30B1012890
:105DD00007D0022809D003280FD10AE0FA20088052
:105DE0000EE04FF4FA7008800AE04FF47A700880F1
:105DF00006E04FF4FA60088002E00020088000BF4F
:105E000000BF0020704701469248407A30B1012817
:105E100007D0022808D003280CD108E0022008701F
:105E20000BE00420087008E00820087005E010204E
:105E3000087002E04FF0FF30704700BF8548C07C1B
:105E400018B108784006000E08700020F4E70146FB
:105E50008048C07A082817D2DFE800F01704070A44
:105E60000D101318BC20088013E06220088010E099
:105E70002A2008800DE0142008800AE00A2008800B
:105E800007E00520088004E000BF00BF0020088074
:105E900000BF00BF0020704701466E4890F8240004
:105EA00010B14FF0FF3070476A48C0890880002069
:105EB000F9E7014600200880401E704701464FF078
:105EC000FF30704701466348007A30B1012807D09F
:105ED000022808D003280CD108E05F4808600BE0D6
:105EE0005E48086008E05E48086005E05D480860BC
:105EF00002E04FF0FF30704700BF0020FBE7014693
:105F00005448407A30B1012808D002280AD003282A
:105F100010D10BE04FF4804008800EE041F69C70F9
:105F200008800AE04FF48050088006E04FF40060DB
:105F3000088002E04FF0FF30704700BF4548C07C4A
:105F400010B10888401008800020F5E7014641485C
:105F5000007C08700020704701463E48807A10B1EE
:105F60000120087001E0002008700020704738B55B
:105F700004463848807A10B94FF0FF3038BD354AB2
:105F80001268117C334A526810786B460222FCF783
:105F900019FB10B14FF0FF30F0E79DF801009DF8BC
:105FA000001040EA012000B220800020E6E72DE941
:105FB000FE4F0746884692461D46DDF830B0002663
:105FC0000024244890F8240010B1601EBDE8FE8F24
:105FD000002028701F48807A10B94FF0FF30F5E795
:105FE0001C48007C10B94FF0FF30EFE71948007CE7
:105FF00000F0400008B1B01CC6B21648007C00F0AA
:10600000200008B1B01CC6B21248007C00F010009D
:1060100008B1B01CC6B20F48007C00F0080008B1FF
:10602000B01DC6B20B4A1268917A0A4A52681078BB
:106030006B460222FCF7C6FA10B14FF0FF30C5E7FD
:106040009DF801009DF8001040EA0129B1450BDAE6
:106050000020BBE7FC010020000003430000834256
:106060003333034233338341FC4840684088B9EB03
:10607000600F17DDF94A1268517CF84A52681078AF
:106080006B460122FCF79EFA10B14FF0FF309DE7FE
:106090009DF8000000F0100020B1FFF78DF96FF0BF
:1060A000010093E75046FCF7EAF8EC4A1268D17A0F
:1060B000EA4A526810786B463246FCF783FA10B110
:1060C0004FF0FF3082E799FBF6F0401E8BF800009E
:1060D00000202870B4422AD0E048007C00F008007C
:1060E00028B3601C1DF800001DF8041040EA0120D0
:1060F00000B2A8F80000E01C1DF80010A01C1DF85C
:10610000000041EA002000B2A8F80200601D1DF85E
:106110000010201D1DF8000041EA002000B2A8F880
:106120000400287840F008002870A01D84B2B44212
:1061300013D0CA48007C00F0400070B1601C1DF80C
:1061400000001DF8041040EA012000B238802878D1
:1061500040F040002870A01C84B2B44213D0BF4865
:10616000007C00F0200070B1601C1DF800001DF8DC
:10617000041040EA012000B27880287840F0200026
:106180002870A01C84B2B44213D0B448007C00F044
:10619000100070B1601C1DF800001DF8041040EAEA
:1061A000012000B2B880287840F010002870A01CB0
:1061B00084B200200AE7F8B504460F461646A74801
:1061C00090F8240010B94FF0FF30F8BDA348807A52
:1061D00010B94FF0FF30F8E7A04A1268917A9F4A51
:1061E000526810786B460222FCF7ECF910B14FF0C0
:1061F000FF30EAE79DF801009DF8001040EA012514
:10620000A54203DA00203070401EDEE79348406864
:106210004088B5EB600F17DD904A1268517C8F4AB9
:10622000526810786B460122FCF7CCF910B14FF0A0
:10623000FF30CAE79DF8000000F0100020B1FFF722
:10624000BBF86FF00100C0E7E2B2844B1B68D97A5B
:10625000824B5B6818783B46FCF7B4F910B14FF0FD
:10626000FF30B2E795FBF4F0401E30700020ACE741
:1062700001467A4880F82210002070477CB5054618
:1062800076494968087801AB04220D21FCF79AF998
:1062900008B107207CBD9DF80700C0F301109DF8F0
:1062A000041001F0E00140EAE1008DF800009DF8E3
:1062B0000700C0F381009DF8051001F0E00140EAFD
:1062C000E1008DF801009DF8070000F003009DF843
:1062D000061001F0E00140EAE1008DF80200002420
:1062E0001CE01DF8040018B9002045F8240013E054
:1062F0005B4845F8240006E055F82400594901F0B0
:106300000BFE45F824001DF80400401EC0B20DF835
:1063100004000028F0D100BF601CC4B2032CE0DBF5
:106320000020B7E72DE9FE4F06460F4600256846D8
:10633000FFF7A4FF002442E056F8240057F8241089
:10634000A0EB010ABAF1000F01DB514601E0CAF1EE
:106350000001084601F0D8FF83464FF08F4101F05D
:106360000DFE80465DF82400002102F061F816D091
:106370005DF82410404601F001FE82464FF07E5148
:1063800001F0C4FD814629F0004A3748416A504671
:1063900002F058F812D20120A04005430EE0324826
:1063A000C169404602F044F805D32F48016A4046CF
:1063B00002F048F802D20120A0400543641C032CDF
:1063C000BADB2846BDE8FE8F2DE9FC5F06460F4686
:1063D000002522494968087801AB03220D21FCF70A
:1063E000F1F810B10720BDE8FC9F9DF8040000F013
:1063F0001F008DF804009DF8050000F01F008DF8C7
:1064000005009DF8060000F01F008DF8060000242E
:1064100062E056F8240057F82410A0EB010BBBF102
:10642000000F01DB594601E0CBF10001084601F005
:106430006BFF4FF08F41009001F0A0FD814601A855
:10644000005DC0B30849086801F067FF83465946FC
:10645000064801F093FD80460FE00000FC0100209B
:106460007B14AE3E1D5A843F589F000800B04C4537
:10647000FE49404601F050FD804601A8005D401EE7
:10648000C0B201A908550028F2D14146484601F0A2
:1064900075FD83464FF07E5101F038FD82462AF0AB
:1064A000004BF3488169584601F0CCFF13D201201C
:1064B000A04005430FE0FFE7ED480169484601F0C1
:1064C000B7FF05D3EA484169484601F0BBFF02D255
:1064D0000120A0400543641C032C9ADB284682E778
:1064E0002DE9F04F87B005460C46914601208DF806
:1064F000100000208DF81100DE4A1268917CDD4A00
:106500005268107804AB0222FCF70DF820B14FF06E
:10651000FF3007B0BDE8F08FC820FBF7A4FE0020D5
:106520008DF81000D34A1268D17BD24A5268107895
:1065300004AB0122FBF7F7FF10B14FF0FF30E8E7A3
:10654000CC4A12685179CB4A5268107804AB0122C8
:10655000FBF7E9FF10B14FF0FF30DAE7C54A1268E8
:10656000917CC44A5268107804AB0122FBF7DBFF30
:1065700010B14FF0FF30CCE7BE4A1268D17DBD4A62
:106580005268107804AB0122FBF7CDFF10B14FF039
:10659000FF30BEE7B74A12681179B64A52681078E0
:1065A00004AB0122FBF7BFFF10B14FF0FF30B0E7A3
:1065B0000C208DF81000AF4A12681179AD4A52686C
:1065C000107804AB0122FBF7AEFF10B14FF0FF30A3
:1065D0009FE70F20FBF747FEA648806A407A8DF8B8
:1065E0001000A44A12689178A24A5268107804AB4D
:1065F0000122FBF798FF10B14FF0FF3089E79D486B
:10660000806A007A8DF810009A4A12685178994A87
:106610005268107804AB0122FBF785FF10B14FF0F0
:10662000FF3076E7B9F1000F07D09248806A807A90
:1066300040F0E0008DF8100004E08E48806A807A17
:106640008DF810008B4A126891798A4A5268107846
:1066500004AB0122FBF767FF10B14FF0FF3058E7A2
:10666000B9F1000F07D08348806AC07A40F0E0009B
:106670008DF8100003E07E48C07A8DF810007D4A46
:106680001268D1797B4A5268107804AB0122FBF77B
:106690004AFF10B14FF0FF303BE7B9F1000F02D0D5
:1066A000C820FBF7E0FD40208DF81000714A126809
:1066B0001179704A5268107804AB0122FBF733FF5E
:1066C00010B14FF0FF3024E778208DF81000694AB0
:1066D00012685179674A5268107804AB0122FBF7BF
:1066E00022FF10B14FF0FF3013E761498889FBF7B3
:1066F000BAFD00208DF810005E4A126851795D4A9B
:106700005268107804AB0122FBF70DFF10B14FF077
:10671000FF30FEE6574A1268917A564A526810785E
:1067200004AB0222FBF74EFF10B14FF0FF30F0E652
:106730009DF811009DF8101040EA012B0C209BFBE6
:10674000F0F0C6B20020A86068602860A0606060B9
:106750002060824665E0474A1268D17A454A52680D
:10676000107804AB0C22FBF72DFF10B14FF0FF3077
:10677000CFE69DF811009DF8101040EA012000B20C
:10678000ADF808009DF813009DF8121040EA0120B2
:1067900000B2ADF80A009DF815009DF8141040EA0B
:1067A000012000B2ADF80C00BDF9081020680844C3
:1067B0002060BDF90A10606808446060BDF90C10E3
:1067C000A0680844A0609DF817009DF8161040EAE4
:1067D000012000B2ADF800009DF819009DF81810D6
:1067E00040EA012000B2ADF802009DF81B009DF8C0
:1067F0001A1040EA012000B2ADF80400BDF9001003
:10680000286808442860BDF9021068680844686078
:10681000BDF90410A8680844A8600AF1010000F05E
:10682000FF0AB24597DB1248D0F800C02868C117AC
:10683000090441EA1041070462460023384601F08A
:10684000A5FA32460023CDE9020101F09FFA286043
:106850000748D0F800C06868C117090441EA104130
:10686000070462460023384606E0000054E3853FF3
:10687000589F0008FC01002001F088FA32460023EE
:10688000CDE9020101F082FA6860FE48D0F800C04C
:10689000A868C117090441EA1041070462460023B1
:1068A000384601F073FA32460023CDE9020101F0C7
:1068B0006DFAA860F348D0F804C02168C817000436
:1068C00040EA11480F04624600233846414601F071
:1068D0005DFA32460023CDE9020101F057FA20604B
:1068E000E848D0F804C06068C117090441EA1041C3
:1068F000070462460023384601F048FA3246002376
:10690000CDE9020101F042FA6060DE48D0F804C02F
:10691000A068C117090441EA104107046246002338
:10692000384601F033FA32460023CDE9020101F086
:106930002DFAA060A068002804DDA068A0F58030D2
:10694000A06003E0A06800F58030A0600020E0E5D2
:1069500038B50446CC4890F82400A04201D100206C
:1069600038BD24B3C84890F8250010B94FF0FF3067
:10697000F6E70020FEF75AFB0020FEF779FCC2493B
:10698000C88CFEF7DEFE00200090BF4949680878F9
:106990006B4601222321FBF7C6FD0121BA4880F88E
:1069A00024100120FEF742FBFEF706FD13E0002055
:1069B000FEF73CFBB448007C0090B3494968087876
:1069C0006B4601222321FBF7AEFD0021AE4880F883
:1069D0002410FEF7F1FC0020C2E72DE9F04F8DB046
:1069E00083460F4602200C90A74890F8240020B15F
:1069F0000020FFF7ADFF012600E0002603A8FFF707
:106A0000E2F905A8FFF7FFF901A8FFF720FA02A8AD
:106A1000FFF742FA9C4890F80AA004A8FFF796FAFC
:106A2000002407E0002239465846FFF759FD00B917
:106A300002E0641C022CF5DB00BF022C01D1002512
:106A400028E0002407E0012206A909A8FFF748FD75
:106A500000B902E0641C022CF5DB00BF022C01D15E
:106A6000002517E006A93846FFF75CFC00F0FF0898
:106A700009A95846FFF7A8FC00F0FF090025B9F165
:106A8000000F01D145F00105B8F1000F01D145F02B
:106A9000020500BFFF207C490872FF217A4841723D
:106AA000C1724FF6FF71C181FF2181720174012112
:106AB0000173BDF80C00FEF7D2FE9DF81400FEF73E
:106AC0008CFEBDF80400FEF790FDBDF80800FEF74F
:106AD00038FE5046FEF767FB9DF81000FEF750FDAC
:106AE00016B10120FFF734FF28460DB0BDE8F08F46
:106AF000F8B504460D46164616B94FF0FF30F8BDFE
:106B00006148807A10B94FF0FF30F8E720128DF815
:106B10000000E0B28DF801009DF8010028445A49B8
:106B200049684989884202DD4FF0FF30E7E7564A5D
:106B30001268117E544A526810786B460222FBF7A5
:106B4000F2FC10B14FF0FF30D9E7EAB24E4B1B68B0
:106B5000597D4D4B5B6818783346FBF7E4FC10B168
:106B60004FF0FF30CBE70020C9E7F8B504460D46EB
:106B7000164616B94FF0FF30F8BD4348807A10B979
:106B80004FF0FF30F8E720128DF80000E0B28DF8EA
:106B900001009DF8010028443B4949684989884221
:106BA00002DD4FF0FF30E7E7374A1268117E364AC0
:106BB000526810786B460222FBF7B5FC10B14FF01B
:106BC000FF30D9E7EAB2304B1B68597D2E4B5B682A
:106BD00018783346FBF7F6FC10B14FF0FF30CBE7E7
:106BE0000020C9E72DE9F04385B005460E469046E2
:106BF0009946254890F8250020B14FF0FF3005B0A8
:106C0000BDE8F08316B94FF0FF30F8E7002423E029
:106C1000281B102801DD102000E0281B87B2321944
:106C200039462046FFF764FF10B14FF0FF30E6E72A
:106C300001AA39462046FFF798FF10B14FF0FF3008
:106C4000DDE730193A4601A901F001F910B16FF002
:106C50000100D4E7E01984B2AC42D9DB4FEA282026
:106C60008DF8000008F0FF008DF80100064A126858
:106C7000917E054A526810786B460222FBF753FC5E
:106C800038B103E0589F0008FC0100204FF0FF30AE
:106C9000B5E701218A4880F82510A0F82690002049
:106CA000ADE70146864890F8240008700020704740
:106CB00002464FF0FF30704701464FF0FF307047FB
:106CC000F8B505460F461446002C70D0B5F5FF5FA9
:106CD00001DDFF2605E0202D01DA012601E0C5F3E4
:106CE000471607B90127282C02DD4FF0FF30F8BD09
:106CF0007348407D28BB724890F8240038B10020CA
:106D0000FFF726FE01216E4880F8201003E00021E5
:106D10006B4880F820106A481630FFF754F868482E
:106D20001830FFF770F866481A30FFF790F864489B
:106D30001C30FFF7B1F86248817A81771F30FFF786
:106D400005F90020FEF772F90020FEF78DFC002007
:106D50008DF800005A4A12689178594A52681078A2
:106D60006B460122FBF7DFFB10B14FF0FF30BEE7AF
:106D700040208DF80000524A1268D17B504A526878
:106D800010786B460122FBF7CEFB00B165E08DF871
:106D900000608DF801704A4A1268117A484A5268B8
:106DA00010786B460222FBF7BEFB08B155E047E0C6
:106DB0000520FBF758FA4248407A072101EBC00052
:106DC000C0B28DF800003E4A1268D1793C4A526840
:106DD00010786B460122FBF7A6FB00B13DE02020B6
:106DE0008DF80000012C03D100208DF801000EE089
:106DF000052C03DC01208DF8010008E0142C03DCD5
:106E000002208DF8010002E003208DF801009DF8BA
:106E10000100072101EB8010C0B28DF80100284A63
:106E20001268917C264A526810786B460222FBF762
:106E30007AFB00B111E0012121484175002056E79D
:106E40001F4A1632002103E0505C00B105E0491CE6
:106E50000C29F9D34FF0FF3049E7FF201849087299
:106E6000FF2117484172C1724FF6FF71C181FF21A6
:106E700081720174012101730146887FFEF793F945
:106E80000F49C88AFEF7EBFC0D49087EFEF7A5FC0A
:106E90000B49488BFEF7A9FB0949888BFEF751FC8B
:106EA0000749C87FFEF76CFB054890F8200010B139
:106EB0000120FFF74DFD002101484175002016E734
:106EC000FC01002010B5C8234FF48062F74940F65A
:106ED000F630FFF787FE10BD10B586B00446F4A06B
:106EE00000680390F3A000680290F3A0006801908E
:106EF000F2A00068009004F0030003A9085C8DF87C
:106F0000140003A8C4F3C101405C8DF8150003A868
:106F1000C4F38111405C8DF8160004F0030002A94F
:106F2000085C8DF8100002A8C4F3C101405C8DF824
:106F3000110002A8C4F38111405C8DF8120005AA6B
:106F4000032140F22640FFF7D3FD18B14FF0FF3088
:106F500006B010BD04AA032140F22A40FFF7C8FD85
:106F600010B14FF0FF30F3E70198059000980490BE
:106F700004F0040058B19DF8140040F001008DF8B1
:106F800014009DF8100040F001008DF8100004F08E
:106F9000200058B19DF8150040F001008DF8150053
:106FA0009DF8110040F001008DF8110004F480708C
:106FB00058B19DF8160040F001008DF816009DF8BC
:106FC000120040F001008DF8120005AA03214FF4D1
:106FD0008860FFF78DFD10B14FF0FF30B8E704AACD
:106FE000032140F23140FFF783FD10B14FF0FF3035
:106FF000AEE7B34804810020AAE71FB50446B048B5
:10700000007A00F0030054F820000190AC48007AA8
:1070100000F0040010B1019840420190A848007AA5
:10702000C0F3C10054F820000290A548007A00F097
:10703000200010B1029840420290A148007AC0F3AB
:10704000811054F8200003909D48008900F480705E
:1070500010B10398404203909A49019880FB0101C6
:10706000800F40EA810001909649029880FB011050
:10707000820042EA917002909249039880FB0110CD
:10708000820042EA917003900198000E8DF8000092
:107090000198000C8DF801000198000A8DF802009B
:1070A0000198C0B28DF803006A4604214FF4747051
:1070B000FFF71EFD18B14FF0FF3004B010BD02986D
:1070C000000E8DF800000298000C8DF80100029867
:1070D000000A8DF802000298C0B28DF803006A46DB
:1070E00004214FF47570FFF703FD10B14FF0FF302E
:1070F000E3E70398000E8DF800000398000C8DF86C
:1071000001000398000A8DF802000398C0B28DF8C0
:1071100003006A4604214FF47670FFF7E9FCCCE7E0
:1071200070B588B0064601A8FEF7E9FEBDF8040078
:107130000021C90341EA5045C4036148007A00F0C8
:10714000030056F8200005905D48007A00F0040026
:1071500010B10598404205905948007AC0F3C1002B
:1071600056F8200006905648007A00F0200010B132
:107170000698404206905248007AC0F3811056F8B3
:10718000200007904E48008900F4807010B10798E5
:10719000404207900598C117A0FB042301FB04316E
:1071A00000FB0510810041EA927005900698C11716
:1071B000A0FB042301FB043100FB0510810041EA20
:1071C000927006900798C117A0FB042301FB0431BD
:1071D00000FB0510810041EA927007900598000EAF
:1071E0008DF808000598000C8DF809000598000A34
:1071F0008DF80A000598C0B28DF80B000698000EB5
:107200008DF80C000698000C8DF80D000698000A09
:107210008DF80E000698C0B28DF80F000798000E8A
:107220008DF810000798000C8DF811000798000ADF
:107230008DF812000798C0B28DF8130002AA0C2135
:107240004FF42570FFF754FC08B070BD30B585B021
:1072500004461DA207CA02AB07C3C82C03DD4FF0CA
:10726000FF3005B030BDC82090FBF4F0401E85B261
:10727000280A8DF80000E8B28DF801006A46022164
:1072800040F21620FFF734FC10B14FF0FF30E8E772
:1072900002AA0C2140F6C120FFF72AFC10B14FF0E2
:1072A000FF30DEE7064884810020DAE7809F00088F
:1072B0004CCD6C000CC92C00365676002646660074
:1072C000A403002009E3CA02FEF2ABC4AAF1DFDF87
:1072D000BBAFDFDF0146FC48808908800020704793
:1072E0002DE9FC4706460F4606F0070010B1B7F53A
:1072F000C86F03DD4FF0FF30BDE8FC87384601F072
:107300000CF88146F14900F039FE80466846FEF7E8
:107310007AFD9DF80000022806D0042816D008281F
:1073200026D0102848D135E04FF08D41404600F07E
:10733000F3FD814601F020F884B2E549404600F0B3
:10734000EBFD814601F018F885B238E04FF08C4132
:10735000404600F0E1FD814601F00EF884B2DD49BF
:10736000404600F0D9FD814601F006F885B226E0DE
:107370004FF08B41404600F0CFFD814600F0FCFF0E
:1073800084B2D549404600F0C7FD814600F0F4FFC5
:1073900085B214E04FF08A41404600F0BDFD8146C1
:1073A00000F0EAFF84B2CD49404600F0B5FD8146C9
:1073B00000F0E2FF85B202E04FF0FF309CE700BF33
:1073C00020128DF80400E0B28DF8050028128DF827
:1073D0000600E8B28DF8070006F00100A0B101AA8E
:1073E00002214FF4EA70FFF783FB10B14FF0FF303A
:1073F00082E70DF1060202214FF49270FFF778FB4D
:1074000010B14FF0FF3077E706F00200A0B101AAFB
:1074100002214FF4EC70FFF76BFB10B14FF0FF301F
:107420006AE70DF1060202214FF49470FFF760FB4A
:1074300010B14FF0FF305FE706F00400A0B101AAE1
:1074400002214FF4EE70FFF753FB10B14FF0FF3005
:1074500052E70DF1060202214FF49670FFF748FB48
:1074600010B14FF0FF3047E7002045E738B504463C
:107470000020009004F0010020B19DF8000040F0D1
:107480003000009004F0020020B19DF8000040F0B0
:107490000C00009004F0040020B19DF8000040F0C2
:1074A000030000906A4601214FF4A470FFF720FB0F
:1074B00038BD38B50446012C01DA012402E0042C61
:1074C00000DD0424601EC0B200906A46012140F233
:1074D0004F10FFF70DFB38BD38B50446052094FB6F
:1074E000F0F085B228128DF80000E8B28DF80100A6
:1074F0006A4602214FF4EF70FFF7FAFA38BD38B54B
:107500000446052094FBF0F085B228128DF80000A7
:10751000E8B28DF801006A4602214FF4ED70FFF7E2
:10752000E7FA38BDF8B505460E464FF47A7095FB7C
:10753000F0F000FB06F4200E8DF80000200C8DF812
:107540000100200A8DF80200E0B28DF803006A46BF
:1075500004214FF4AE70FFF7CBFAF8BD38B50446FE
:10756000052094FBF0F084B220128DF80000E0B208
:107570008DF801006A4602214FF4AD70FFF7B8FAAA
:1075800038BD38B50446052094FBF0F084B22012D3
:107590008DF80000E0B28DF801006A4602214FF438
:1075A000AC70FFF7A5FA38BD38B5044614B94FF0F2
:1075B000FF3038BD6A4604214FF45870FFF7D5FA02
:1075C00010B14FF0FF30F4E79DF8000000069DF881
:1075D000011040EA01409DF8021040EA01209DF8A8
:1075E0000310084320600020E3E738B50446200E6E
:1075F0008DF80000200C8DF80100200A8DF80200A3
:10760000E0B28DF803006A4604214FF45870FFF78A
:107610006FFA38BD38B5044614B94FF0FF3038BDA5
:107620006A4604214FF47170FFF79FFA10B14FF0D2
:10763000FF30F4E79DF8000000069DF8011040EAD5
:1076400001409DF8021040EA01209DF80310084314
:1076500000EB8000800020600020E0E738B50446A1
:107660001420B4FBF0F4200E8DF80000200C8DF8EF
:107670000100200A8DF80200E0B28DF803006A468E
:1076800004214FF47170FFF733FA38BD38B5044662
:1076900064B120208DF8000028208DF801003020F2
:1076A0008DF8020038208DF8030004E0A3220421A5
:1076B000684600F0AEFB6A46042140F69E20FFF7C4
:1076C00017FAFDF779FE38BDA403002000004843F7
:1076D000000040460000C045000040450000C04496
:1076E00038B5044664B1C0208DF80000C2208DF882
:1076F0000100C4208DF80200C6208DF8030004E0CC
:107700008B220421684600F084FB6A46042140F67F
:107710009820FFF7EDF9FDF74FFE38BD3EB5044662
:107720006CB1FDA1D1E900208968CDE9002002916A
:107730006A4609214FF49760FFF7DAF93EBDF9A2D6
:10774000D2E900109268CDE9010200916A46092150
:107750004FF49760FFF7CCF9F0E73EB504460220FE
:107760008DF80000CA208DF80100E3208DF802009A
:1077700009208DF803006A4604216820FFF7B8F954
:10778000A3208DF8000004F0400048B1C0208DF81F
:107790000100C8208DF80200C2208DF8030006E029
:1077A000A3208DF801008DF802008DF8030004F489
:1077B000C07048B1C4208DF80400CC208DF80500BD
:1077C000C6208DF8060006E0A3208DF804008DF891
:1077D00005008DF80600A3208DF807008DF808003D
:1077E0008DF809006A460A2140F6A720FFF780F9C4
:1077F00004F0030018B120208DF8000002E0D8202A
:107800008DF800006A46012140F6B620FFF770F9B6
:1078100004F0200018B10120FFF780FF02E00020F3
:10782000FFF77CFF04F4C07008B304F4807060B10B
:10783000B2208DF800008B208DF80100B6208DF865
:1078400002009B208DF803000BE0B0208DF80000B3
:1078500080208DF80100B4208DF8020090208DF872
:1078600003006A46042140F6A220FFF741F904F024
:10787000010020B3F8208DF800006A4601214FF482
:107880000B60FFF735F9FA210720FFF729FD0720E4
:10789000FFF7ECFD0120FFF70CFE6420FFF71CFE54
:1078A0004FF4FA70FFF72BFEC821A148FFF73AFE0C
:1078B0002820FFF753FE0A20FFF763FE08E0D820D8
:1078C0008DF800006A4601214FF40B60FFF710F9B4
:1078D00004F0020018B1D9208DF8000002E0D82091
:1078E0008DF800006A46012140F23D70FFF700F973
:1078F00004F0040018B10120FFF7F2FE02E00020BE
:10790000FFF7EEFE04F0100018B10120FFF7BEFEF5
:1079100002E00020FFF7BAFE44F0080085494881E4
:10792000FDF74AFD00208349887304F0400018B138
:107930000846807B801D887304F4C07020B17D48A8
:10794000807B801D7B49887304F0140020B1794846
:10795000807B10307749887304F0030020B17548AC
:10796000807B001D7349887300203EBD014671482D
:1079700040890880002070472DE9F0410446E078F6
:1079800000F0C006E07800F03F05607800F00100EC
:1079900098B1EF102846E91705EB5171C910A5EB16
:1079A000C101491C01F0FF086248006820B161482C
:1079B000414602683846904700BF607800F00800F2
:1079C00030B15C48406818B1B0115A4A51688847D4
:1079D0000020BDE8F08110B586B0044656A207CA63
:1079E00003AB07C357A207CA8DE80700012C09D0D3
:1079F000022C0ED103AA0B2140F68220FFF778F863
:107A000006B010BD6A460B2140F68220FFF770F8E1
:107A1000F6E74FF0FF30F3E72DE9F04F8DB0074662
:107A2000884615469946DDE9166B00240020308013
:107A30004049887B5A4605A9FEF7BDFB18B1601E78
:107A40000DB0BDE8F08F3B48807A00F014000028AC
:107A500061D09DF8140000069DF8151040EA014021
:107A60009DF8161040EA01209DF817100843286081
:107A70009DF8180000069DF8191040EA01409DF895
:107A80001A1040EA01209DF81B10084368609DF819
:107A90001C0000069DF81D1040EA01409DF81E10D4
:107AA00040EA01209DF81F100843A8609DF82000BF
:107AB00000069DF8211040EA01409DF8221040EA9E
:107AC00001209DF823100843E86004F11000C4B2BF
:107AD000286800140190686800140290A8680014D7
:107AE0000390E8680014049001984043029901FB58
:107AF0000100039901FB0100049901FB010ABAF19D
:107B0000706F02DBBAF1885F22DDFDF755FC0020C3
:107B10003080401E94E721E0B8AAB38DB4980D35AB
:107B20005D000000B8AAAAAAB088C3C5C7000000BB
:107B300009E3CA02A4030020D8B1B9F38BA391B61C
:107B400009B4D900DAB1B9F38BA391B6DAB4DA008B
:107B5000B6F9000040F48070308000BF7848807A29
:107B600000F0400020B305A9601C085C095D40EAF4
:107B7000012000B2A8F8000005A9E01C095C05AAD4
:107B8000A01C105C41EA002000B2A8F8020005A980
:107B9000601D095C201D105C41EA002000B2A8F8BD
:107BA0000400A01DC4B2B6F9000040F00800308007
:107BB0006348408900F4C07008B305A9601C085CE4
:107BC000095D40EA012000B2388005A9E01C095C8B
:107BD00005AAA01C105C41EA002000B2788005A92B
:107BE000601D095C201D105C41EA002000B2B880D5
:107BF000A01DC4B2B6F9000040F0700030805048BB
:107C0000807A00F0030018B105A90819FFF7B4FE47
:107C10004846FAF734FB002012E701464848016065
:107C200000207047014646484160002070470146E9
:107C300091F90020002A01DD00201EE091F90020CA
:107C4000002A01DA042018E091F90120002A01DD60
:107C5000012012E091F90120002A01DA05200CE050
:107C600091F90220002A01DD022006E091F90220AC
:107C7000002A01DA062000E00720704770B50546AB
:107C80002846FFF7D4FF0446E81CFFF7D0FF44EA7C
:107C9000C00084B2A81DFFF7CAFF44EA801084B276
:107CA000204670BD70B588B002A905A8FEF795FE04
:107CB0000446032C3FD101A8FEF704F9059800F013
:107CC00023FB0646019900F027F9054600F03BFB2F
:107CD0000590069800F018FB0646019900F01CF983
:107CE000054600F030FB0690079800F00DFB0646B5
:107CF000019900F011F9054600F025FB079005A851
:107D0000FFF77BF96846FEF7FAF8BDF80010029815
:107D100048430290BDF80010039848430390BDF813
:107D2000001004984843049002A8FFF7F9F905A051
:107D3000FDF735F802E00CA0FDF731F808B070BD92
:107D4000A403002073657474696E672062696173AF
:107D50002073756363657366756C6C79202E2E2EA7
:107D60002E2E2E0A00000000626961732068617384
:107D7000206E6F74206265656E206D6F6469666940
:107D80006564202E2E2E2E2E2E0A00002DE9F041A5
:107D90000024061B254671F1000605DA01240027A0
:107DA000D0EB070067EB0101161E73F1000605DA40
:107DB0000027D2EB0702012567EB030300F062FB0B
:107DC00086460E4617469C46AC4204D00025D0EBB2
:107DD000050E65EB010624B10020D2EB000760EB35
:107DE000030C704631463A466346BDE8F08140EAEE
:107DF00001039B0703D009E008C9121F08C0042A29
:107E0000FAD203E011F8013B00F8013B521EF9D20F
:107E10007047D2B201E000F8012B491EFBD2704737
:107E20000022F6E710B513460A4604461946FFF746
:107E3000F0FF204610BD421E12F8013F002BFBD17F
:107E400011F8013B02F8013B002BF9D1704730B526
:107E500004460020034600E05B1C934203D2E05C32
:107E6000CD5C401BF8D030BDF0B480EA0102D40FE5
:107E70004200B2EB410F02D20246084611464A00C8
:107E800042D0C30DDDB2C1F3C752AD1A202D35DA91
:107E9000C1F3160141F4000204B15242C5F12006BB
:107EA00002FA06F12A411044B3EBD05F23D0C4B1EB
:107EB000012DA0EBC35009DCF0BC4FF0004202EAF8
:107EC000C352DBB200F5000000F037BB400000F108
:107ED000807000EBC350A0F1807040EAD17049007F
:107EE00009E0490841EAC071A0EBC35000F5000069
:107EF000400800EBC350F0BC00F016BB6142012209
:107F000002EB4101001BF6E7F0BC704781F0004135
:107F1000AAE780F00040A7E780EA010210B502F06E
:107F20000043400022D04A001FD0010E01EB126135
:107F3000C0F35600C2F3560240F4000042F40002BF
:107F4000A0FB022000047F39140400D0401C50EA3A
:107F5000124001D44000491EC2B20C0604EBD010FE
:107F6000401C4008802A02D003E0002010BD20F011
:107F70000100002900DA0020184310BD30B480EA67
:107F8000010202F0004530F0004221F0004013D021
:107F900090B1C30DD40DC2F31601C0F31600E41A5C
:107FA00041F4000140F400027D34914201D3641C8D
:107FB00000E04900002C02DA30BC002070474FF48A
:107FC00000000023914201D3891A034340084FEA7D
:107FD0004101F7D151B1914202D14FF0004105E08A
:107FE00002D24FF0010101E06FF0010103EBC45038
:107FF000284430BC00F098BA2DE9FE4F804681EA53
:108000000300C00F0C46009021F0004123F0004512
:10801000B8EB0200A94105D24046214690461C46D5
:108020000B46024623F00040104347D0270DC7F30C
:108030000A00C3F30A510290401A019040286BDAFB
:10804000C3F3130040F4801B0098924620B1002334
:10805000D2EB030A63EB0B0B01985946C0F14002C7
:10806000504600F040FA06460D4650465946019AE1
:1080700000F048FA10EB08006141002487EA115231
:1080800084EAE7731A4340D0009A62B3019A012A46
:108090004FEA075215DC001B61EB02014FF0004272
:1080A00002EA0752CDE90042001C41F58011324638
:1080B0002B4600F07FFA03B0BDE8F08F4046214622
:1080C000F9E7001B61EB0201001C41F58013001869
:1080D0005B412018A2F5001747EB030140EAD57079
:1080E000B6196D4111E06D084FEA360645EAC075D4
:1080F0004FEA0752001B61EB0201001C41F58011A1
:1081000049084FEA30000019514132462B4603B06E
:10811000BDE8F04F00F03FBA009801224000002374
:10812000D0EB020263EBE073009821464FEAE07463
:10813000B8EB000061EB0401E9E783F000435BE783
:1081400081F0004158E72DE9FE4F81EA030404F075
:10815000004421F0004100944FF0000B23F0004355
:1081600050EA01045ED052EA03045BD0C3F30A5420
:10817000C1F30A552C44A4F2F3340194A0FB025439
:10818000C1F3130141F48011C3F3130343F48013CB
:1081900001FB024400FB034E840A970A44EA81541F
:1081A00047EA8357A4FB076802958D0A05FB0785FC
:1081B0004FEA932C04FB0C542705029D4FEA065806
:1081C00047EA1637B5EB08056EEB070C870E920EE3
:1081D00047EA811742EA8312A7FB0201B6EB0B01C3
:1081E00064EB00042B0D43EA0C335E1844EB1C5087
:1081F000DA465146E7FB0201C5F313044FEA0B339D
:1082000043EA14534FEA0432019C43EA0603A4F103
:108210000C040294009CCDE900B400F0CBF903B04B
:10822000BDE8F08F00200146F9E72DE9F04D81EA25
:10823000030404F0004B21F0004514464FF0000AFF
:1082400023F0004150EA050220D054EA01021DD07B
:10825000C5F30A570246C5F31303C1F31300C1F374
:108260000A5640F4801543F48013A7EB0608101B50
:10827000D64608F2FD3873EB050002D308F1010879
:1082800001E092185B41B8F1000F03DA00200146CB
:10829000BDE8F08D00204FF48011064684460EE0C4
:1082A000171B73EB050705D3121B63EB050306438E
:1082B0004CEA010C49084FEA300092185B4150EA41
:1082C0000107EDD152EA030012D082EA040083EAEA
:1082D0000501084305D0101BAB4106D20122002343
:1082E00006E000224FF0004302E06FF0010253105D
:1082F0001AEB06004CEB085110EB0A0041EB0B01A6
:10830000BDE8F04D00F047B9C10F80EAE0700844C5
:10831000CA079623002100F010B9962300221146C7
:1083200000F00BB90EB5C10F80EAE0700844CA072F
:10833000002140F233438DE80E000A460B4600F060
:1083400039F903B000BD00F0004220F00040C10D3B
:10835000C0F3160040F400007F2901DA00207047C6
:10836000962903DCC1F19601C84001E096398840A6
:10837000002AF4D04042704720F00040C10DC0F305
:10838000160040F400007F2901DA0020704796298A
:1083900003DCC1F19601C8407047963988407047A8
:1083A00000F0004230F000400AD0C10D01F56071CC
:1083B000C0F3160042EA0151C2084007114370475A
:1083C000002001467047000030B5041E71F1000422
:1083D00004DB4FF00044404264EB0101141E73F1D2
:1083E000000405DB1C464FF00043524263EB0403DC
:1083F0008B4208BF824230BD01F0004330B421F00F
:10840000004150EA010206D00A0DA2F56072C1F3E4
:108410001301002A02DC30BC00207047440F44EAFC
:10842000C104C100E01830BC00EBC25000F07CB8C1
:10843000002801DBC0F10040002901DBC1F100414F
:1084400081427047002801DBC0F10040002901DBB8
:10845000C1F100418842704730B50B46014600200B
:108460002022012409E021FA02F59D4205D303FAF6
:1084700002F5491B04FA02F52844151EA2F1010277
:10848000F1DC30BD2DE9F05F0546002092469B46A9
:1084900088460646814640241BE02846414647461A
:1084A000224600F02FF953465A46C01A914110D384
:1084B00011461846224600F016F82D1A67EB0108FF
:1084C0004F4622460120002100F00DF817EB00096D
:1084D0004E41201EA4F10104DFDC484631462A4605
:1084E0004346BDE8F09F202A04DB203A00FA02F15F
:1084F000002070479140C2F1200320FA03F3194392
:1085000090407047202A06DBCB17203A41FA02F050
:1085100043EAE07306E041FA02F3D040C2F12002E0
:1085200091400843194670470029A8BF7047401C76
:10853000490008BF20F00100704710B4B0FA80FC79
:1085400000FA0CF050EA010404BF10BC704749B1B6
:10855000CCF1200421FA04F411FA0CF118BF012126
:1085600021430843A3EB0C01CB1D4FEA00614FEA06
:10857000102042BF002010BC704700EBC3501044D5
:108580000029A4BF10BC7047401C490008BF20F060
:10859000010010BC704710B5141E73F1000408DA16
:1085A000401C41F1000192185B411A4301D120F0B7
:1085B000010010BD2DE9F04D92469B4611B1B1FA74
:1085C00081F202E0B0FA80F220329046FFF78BFF92
:1085D00004460F4640EA0A0041EA0B0153465A4658
:1085E000084313D0114653EA010019D0C8F14002E4
:1085F000504600F087F805460E465046594642461A
:10860000FFF771FF084305D0012004E020463946FA
:10861000BDE8F08D0020054346EAE0762C43374361
:108620000A986305E40AA0EB08000022FD0A44EA68
:1086300047540A3002D500200146E9E70105101928
:108640006941DDE9084500196941BDE8F04DA2E73F
:1086500070B521F0004303430CD0C1F30A55002448
:10866000D5EB040564EB0403D617AD1AB34102DB66
:108670000020014670BD201841EB025170BDC1F3CE
:108680000A52C1F3130140F2FF3341F480119A42C0
:1086900002DA00200146704740F233439A42A2F2C8
:1086A000334202DC524200F02DB8FFF71CBF00003D
:1086B00030B5041E71F1000404DB4FF00044404269
:1086C00064EB0101141E73F1000405DB1C464FF03E
:1086D0000043524263EB0403994208BF904230BD0D
:1086E000064C074D06E0E06840F0010394E80700FF
:1086F00098471034AC42F6D3F7F7FCFCD8AD00082D
:10870000F8AD0008202A04DB203A21FA02F000210B
:10871000704721FA02F3D040C2F120029140084391
:10872000194670472DE9F04D00231A461B1A8A415D
:1087300003DB00200146BDE8F08DC1F30A52C1F30E
:10874000130141F480154FF0000BD10702D100183E
:108750006D41521E0027044640F2FF11384601EBDE
:10876000620A3E468046024600204FF48011FFF721
:10877000C9FFC2197141BB1846EB0100B4EB030CF1
:1087800075EB000C04D3E41A65EB000517460E46A2
:10879000241908F101006D4180463428E3DDF91900
:1087A00046EB0600091BA84103D24FF0FF321346E7
:1087B00001E0002213461BEB070046EB0A51BDE81F
:1087C000F04DFFF7E8BE0EB540F2334102910021B3
:1087D000CDE900110A460B46FFF7ECFE03B000BDE1
:1087E00070B5C1F30A5201F000450024C1F3130132
:1087F00040F2FF3341F480119A4201DA002070BD4B
:1088000040F233439A42A2F2334203DC5242FFF772
:1088100079FF00E090402C43F1D0404270BD70B52C
:108820008C1810F8015B15F0070301D110F8013B1B
:108830002A1106D110F8012B03E010F8016B01F8A2
:10884000016B5B1EF9D12B0705D40023521E0DD4FA
:1088500001F8013BFAE710F8013BCB1A921C03E048
:1088600013F8015B01F8015B521EF9D5A142D8D380
:10887000002070BD0FB4054B10B503A9044A02983F
:1088800000F02AFC10BC5DF814FB0000C74B000888
:10889000280200200FB4084B10B504A902AA0398BF
:1088A00000F01AFC044602A9002000F0ACFF2046AC
:1088B00010BC5DF814FB000007980008490050EA5E
:1088C000C12018BF04204A0D18BF40F0010040F23B
:1088D000FF72B2EB515F08BF40F00200012808BFF1
:1088E000052070472DE9F74F144694B00021C4E9E4
:1088F00002111599079121F00045C9498D4206DC06
:108900001599C4E9000117B00020BDE8F08FC549F2
:10891000DFF814A3A9423CDD0799C44E0029C44FD7
:10892000C44A1599534619DDFFF707FC554506D093
:10893000C14AC24BFFF701FCC4E900010AE04FF055
:10894000D352BE4BFFF7F9FB32463B46FFF7F5FB30
:10895000C4E9000117B00120BDE8F08FFFF74CFB20
:10896000554506D0B44AB54BFFF746FBC4E90001B4
:108970000AE04FF0D352B14BFFF73EFB32463B4685
:10898000FFF73AFBC4E9000117B04FF0FF30BDE834
:10899000F08FAB49A942159978DB21F0004183465D
:1089A0008846A84AA84BFFF7CEFB0022A74BFFF74B
:1089B00023FBFFF715FF0990FFF7B4FC06460F46AF
:1089C0009C4A5346FFF7BFFB43465A46FFF7B8FBA6
:1089D00080468A46984A994B30463946FFF7B3FBA2
:1089E0002A0D01250B9242465346FFF7A9FB032DA2
:1089F000C4E9000139D00B98C1F30A51401A05EBC4
:108A000045111139814230DA9148C346784400EB70
:108A10000510CDF80CA00C90D0E900233046394663
:108A2000FFF791FB02460B460491069058460399C6
:108A3000FFF783FB80468A4602460B465846039959
:108A4000FFF77BFB049B069AFFF777FB83460C98A6
:108A500003913946D0E902233046FFF774FB5A46AA
:108A6000039BFFF76AFB6D1CBDE707980028A2BFB8
:108A7000099817B0BDE8F08F616881F0004161602E
:108A8000099817B04042BDE8F08FFFE7844615987B
:108A9000C1F31301C0F30A50A0F2F5304FEA601899
:108AA00000F01F06C6F120001390002006900790EA
:108AB00041F4801E05206D4676B1664A08EB000140
:108AC0007A4452F8213002EB8101B3404A6813998D
:108AD00022FA01F1194305E05F4908EB00027944ED
:108AE00051F82210A1FB0E27A1FB0C131A449A4245
:108AF00034BF0123002303EB070A05EB8003D3E90E
:108B000001B70F448F4234BF0121002193448B44AD
:108B100011B1934502D903E0934501D2012100E050
:108B20000021C3E901B7514445F82010011EA0F10E
:108B30000100C1DC0298059F00F10050800F1290E7
:108B40000298DDE903568000FFF7ECFB83462846D8
:108B50000D91FFF738FE6FF01D02FFF779FDCDE9AB
:108B60000E013046FFF72FFE6FF03D02FFF770FD5C
:108B700080468A463846FFF726FE6FF05D02FFF713
:108B800067FD0746424653461191FFF735FADDE986
:108B90000E23FFF731FA5A460D9BFFF72DFA0025F9
:108BA0000E465A4628460D9BFFF7C7FADDE90E230D
:108BB000FFF7C3FA42465346FFF7BFFA3A46119B06
:108BC000FFF7BEFADFF898A0244A5346FFF7BBFA36
:108BD00007468846234A244B31462846FFF7B3FA16
:108BE0003A464346FFF708FA074688464FF0A84240
:108BF000534631462846FFF7A6FA3A464346FFF762
:108C0000FBF9159A12F0004F04D0129A81F000413E
:108C100052421292C4E90001129817B0BDE8F08FD9
:108C2000FB21E93F7CD90240FB21F93F7370032E01
:108C30008A19A33B000040543163621A61B4D03DED
:108C4000FB21394183C8C96D305FE43F0000E03F3C
:108C50008822000004220000E6210000182D445460
:108C6000FB21F93D3326A611460B113C2DE9FF4DA2
:108C700021F0004807460C46B8F1795F08DAFFF7A3
:108C8000AFFD002801BF0020324904B0BDE8F08DDF
:108C90003A46234610461946FFF755FA054602465E
:108CA0002D480E460B460621784400F05DF82A4612
:108CB0003346FFF748FADDE9022382468B46384601
:108CC0002146FFF740FA04460F4652465B462846C7
:108CD0003146FFF738FA22463B46FFF72EFA0746A1
:108CE0008A464FF0FF3228463146FFF7B1FC1B4A57
:108CF00090450ADA3A465346FFF71FFA04B00022BD
:108D0000BDE8F04D134BFFF71BBA154A4245A8BF0B
:108D1000A8F500154FF00004B8BF124D22462B46AF
:108D2000FFF70BFA0646884622462B4600200949E3
:108D3000FFF703FA04460D463A465346304641468D
:108D4000FFF7FBF904B022462B46BDE8F04DFFF7D4
:108D5000F7B900000000F03FB41F00003333D33FE9
:108D60000000E93F0000D23F2DE9F0414F1E00EB2B
:108D7000C7010446D1E9000115461E4637F0060238
:108D80000DD02A463346FFF7DEF97F1E04EBC703FA
:108D9000D3E90023FFF730F937F00602F1D1022FB3
:108DA00025D0042F13D0062F18BFBDE8F0812A4626
:108DB0003346FFF7C8F9D4E90A23FFF71DF92A461D
:108DC0003346FFF7C0F9D4E90823FFF715F92A461F
:108DD0003346FFF7B8F9D4E90623FFF70DF92A4621
:108DE0003346FFF7B0F9D4E90423FFF705F92A4623
:108DF0003346FFF7A8F9D4E90223FFF7FDF82A4626
:108E00003346FFF7A0F9D4E90023BDE8F041FFF7AE
:108E1000F3B800002DE9FF4D054621F0004084B075
:108E20000C46B0F1795F0BDA2846FFF747FD0428BE
:108E300008BF00F071F8284608B02146BDE8F08D63
:108E40002A460B461046FFF77EF906460F462A468D
:108E50002346FFF778F9804626488A4632463B4645
:108E600005217844FFF780FF83461098029160B394
:108E7000214A224B40465146FFF765F9CDE90001F2
:108E80005A4640465146029BFFF75DF982468846A6
:108E9000DDE906014FF0FF32FFF7DAFB52464346A9
:108EA000FFF74BF932463B46FFF74DF9DDE9062364
:108EB000FFF743F9DDE90023FFF73FF908B02A4641
:108EC0002346BDE8F04DFFF73BB90B465A46304606
:108ED0003946FFF738F9084A084BFFF78DF8424644
:108EE0005346FFF730F908B02A462346BDE8F04D57
:108EF000FFF782B8FA1E0000495555555555C5BFB4
:108F00000122FFF7A5BBFFF777B8002213461046F2
:108F10001146FFF78AB90000024A00201107FFF747
:108F200097BB000001FDFFFF02E008C8121F08C147
:108F3000002AFAD170477047002001E001C1121FDA
:108F4000002AFBD17047000001490860704700000B
:108F50002C0200202DE9FF5F82B00021DDE9043002
:108F6000020DDDF840B0034318D044F61050A2F2D1
:108F7000FF3242431514119801281FD0A5EB0B00B6
:108F8000401C5FEA000A4FF000064E4FDFF83891B0
:108F9000B046504615D5CAF1000413E011980124DB
:108FA0004AA3012801D16FEA0B010298119AC0E986
:108FB0000031C0E9024206B0BDE8F09FCBF10000ED
:108FC000DFE704460021404A491842EB0450CDE94E
:108FD000001012E0E00707D032463B4640464946C3
:108FE000FFF7B1F88046894632463B46104619469F
:108FF000FFF7A9F806460F466410002CEAD1DDE918
:109000000401DDE90023BAF1000F06DAFFF79BF84F
:1090100042464B46FFF797F805E0FFF706F9424650
:109020004B46FFF702F904460E460022284BFFF795
:109030003FFB03D84FF0FF30014607E00022254BED
:1090400020463146FEF7D8FFFFF719FB102409E050
:10905000002C0ADB0A220023FFF714FA039B3032AC
:109060001A55641E50EA0102F2D1641C039AC4F13D
:1090700011031444119A012A03D0012208430DD18F
:109080000AE0084304D000204FF0110B119072E762
:10909000A3EB0B056D1E0DE05B4504DD4FF00002F8
:1090A00005F1010504E003DA4FF00002A5F1010526
:1090B000002AECD002981199C0E90231C0E90045BC
:1090C00079E70000000014400000F03F300000008D
:1090D0000000F0430000E03F2DE9FF4F95B09B46B4
:1090E0008946064600250FE2252877D10024274629
:1090F000F84A0121059400E0044316F8013F203BA3
:1091000001FA03F01042F7D130782A2811D06FF01D
:109110002F033078A0F13002092A16D8059A44F0BE
:10912000020402EB820203EB42021044761C05901B
:10913000EFE759F8042B0592002A03DA504244F471
:109140000054059044F00204761C30782E2816D185
:1091500016F8010F44F004042A280DD06FF02F02F6
:109160003078A0F13003092B09D807EB870302EB15
:109170004303C718761CF3E759F8047B761C307854
:109180006C280FD006DC4C2817D068280DD06A2830
:1091900014D104E0742810D07A280FD10DE044F4E3
:1091A00000140AE044F4801401E044F4401472789E
:1091B000824202D104F58014761C761C3078662831
:1091C0000BD013DC582877D009DC002875D045284F
:1091D000F6D04628F4D047281AD19DE118E063283C
:1091E00035D0642879D0652812D195E1702873D0E4
:1091F00008DC6728F1D069286FD06E280DD06F2861
:1092000006D1B5E073282CD0752875D0782874D095
:109210005A46179990476D1C75E1C4F30250022815
:1092200009D003280DD0D9F8001004280DD00D6006
:1092300009F1040967E1D9F80010EA17C1E9005201
:10924000F6E7D9F800100D80F2E70D70F0E719F895
:10925000041B8DF8001000208DF80100EA46012063
:1092600003E059F804AB4FF0FF3061074FF0000105
:1092700002D40DE008F101018846B9420FDA8045B9
:10928000F8DB1AF808100029F4D108E008F1010110
:1092900088468142FADB1AF808100029F6D10598B1
:1092A0005B46A0EB080721463846179A00F094FA6F
:1092B000284400EB080507E04DE029E10DE01AF82D
:1092C000010B5A4617999047B8F10108F7D25B464F
:1092D00021463846179A13E142E00A220092C4F36D
:1092E00002524FF0000A022A08D059F804CB032A90
:1092F0004FEAEC710AD00DE029E02AE009F10701FC
:1093000021F00702F2E802C1914609E00FFA8CFC55
:109310004FEAEC71042A03D14FFA8CFC4FEAEC714E
:10932000002907DA0A460021DCF1000C61EB02019A
:109330002D2202E0220504D52B228DF804200122E3
:1093400003E0E20701D02022F7E7904659E00A2126
:1093500002E010220DE010214FF0000A00910BE016
:1093600010224FF0000A44F004040827009203E0A2
:1093700008224FF0000A0092C4F30252022A05D0DC
:1093800059F804CB0021032A08D009E009F10701AC
:1093900021F00702F2E802C1914605E01FFA8CFCB9
:1093A000042A01D10CF0FF0C4FF00008220728D549
:1093B000702806D0009B83F0100353EA0A0305D0FF
:1093C0000EE040228DF80420012208E05CEA010250
:1093D00006D030228DF804208DF805000222904638
:1093E000009B83F0080353EA0A030AD15CEA0102F6
:1093F00001D1620705D530228DF804204FF0010815
:109400007F1E582804D034A003900EA802900DE0CF
:1094100036A0F9E753466046009AFFF733F88446D2
:109420000398825C0298401E029002705CEA010080
:10943000F0D1029806A9081A00F1200A600702D5A7
:1094400024F4803400E00127574502DDA7EB0A0031
:1094500000E0002000EB0A01009005984144401A0A
:109460000590E00306D45B462146179A059800F064
:10947000B3F90544002706E001A85A46C05D1799D4
:1094800090476D1C7F1C4745F6DBE0030CD55B461F
:109490002146179A059800F09FF9054404E0302012
:1094A0005A46179990476D1C0099481E0090002954
:1094B000F5DC08E0029802995A460078491C0291AE
:1094C000179990476D1CBAF10001AAF1010AF1DC6D
:1094D00065E1000009280100303132333435363778
:1094E00038396162636465660000000030313233F0
:1094F0003435363738394142434445460000000090
:1095000000F058F90544761C307800287FF4ECAD63
:1095100019B02846BDE8F08F620700D4062709F18C
:10952000070222F0070CFCE80223E14603F00048A2
:109530005FEA080C02D00FF2702C0DE05FEA045CC9
:1095400002D50FF2682C07E05FEAC47C02D00FF26C
:10955000602C01E0AFF2700C4FF0FF3823F00043B5
:10956000CDF850C065280CD006DC452809D0462827
:109570001DD047283DD13DE0662818D067287ED110
:1095800038E00021112F01DB112000E0781CCDE92B
:10959000000106A90EA8FFF7DDFCDDE90F010E9A18
:1095A00003910021009207F1010A04914DE04FF070
:1095B00000400097CDE9011006A90EA8FFF7CAFCEC
:1095C000DDE90F0203920E9B11990022DDF80CA039
:1095D0000093049211B9791C00EB010AB7EB0A0061
:1095E00004D4C0F1FF3007F1010A0490AAEB070090
:1095F000019044E0012F00DA01270021112F01DD45
:10960000112000E03846CDE9000106A90EA8FFF7B9
:10961000A1FCDDE90F010E9A039100210491009253
:10962000BA4621070CD40399514500DA8A46BAF1AB
:10963000010F05DD009AAAF10101515C302908D023
:10964000B84202DA10F1040F06DA0121CDE9011067
:1096500015E0AAF10101E9E7002805DC04990144BD
:109660000491AAEB000102E0411C514500DD8A464D
:109670000499401A401C01904FF0004002902007CE
:1096800004D40198504501DBCDF8048000208DF80A
:109690004F0002980DF14F07B0F1004F25D02B205D
:1096A0000E9002984FF0020800280CDA4042029017
:1096B0002D200E9007E00A210298FEF7CDFE3031F2
:1096C000029007F8011DB8F10001A8F10108F2DCD1
:1096D00002980028EFD1791E0E980870307800F0BB
:1096E000200040F0450007F8020D12A8C01B00F151
:1096F00007081498007800B1012000EB0A010198D6
:1097000001EBE07105984144401A401E0590E003CA
:1097100006D45B462146179A059800F05DF805448B
:109720001498007818B15A46179990476D1CE003B9
:1097300024D55B462146179A059800F04DF805445C
:109740001CE00498002807DBDDE90301884203DD03
:109750000098405C179901E0179930205A469047CD
:10976000049805F10105401C04900198401E0190E9
:1097700004D12E205A46179990476D1CBAF100016A
:10978000AAF1010ADDDC05E017F8010B5A4617992A
:1097900090476D1CB8F10001A8F10108F4DC5B46AC
:1097A0002146179A0598ABE62D0000002B0000001B
:1097B000200000002DE9F041044600251E46174612
:1097C000880404D405E039462020B0476D1C641E8F
:1097D000F9D52846BDE8F0812DE9F0410446002581
:1097E0001E469046C80301D5302700E02027880494
:1097F00004D505E041463846B0476D1C641EF9D5D6
:109800002846BDE8F0810A68531C0B601070704751
:109810002DE9F04D8D4F21F0004A86B005460C46EB
:10982000BA452ADBAAEB070028430AD088488245BC
:1098300001DC1AD1CDB106B02846BDE8F04DFFF7E6
:109840005FBB844A844B2846FEF77DFC07460E46E4
:10985000824A834B28462146FEF775FC06B03A46FD
:109860003346BDE8F04DFEF7C7BB0120FFF76CFBA8
:1098700006B0BDE8F04DFFF748BB7A48824542DAB2
:10988000BAF1795F0BDA2846FFF718F8042808BF09
:10989000FFF742FB284606B02146BDE8F08D2A4678
:1098A0000B461046FEF74FFC834602466E480E46B6
:1098B0000B4606217844FFF757FA5A463346FEF71F
:1098C00042FC804669488A465A4633460421784419
:1098D000FFF74AFA5A463346FEF735FC00223B466C
:1098E000FEF78AFB02460B4640465146FEF79DFCBA
:1098F0002A462346FEF727FC06B02A462346BDE843
:10990000F04DFEF779BB284624F0004100223D4689
:109910003B46FEF715FC4FF0FF32FEF799FE064678
:10992000024653480F460B4606217844FFF71CFABF
:1099300032463B46FEF707FCCDE900014D48324672
:109940003B4604217844FFF70FFA32463B46FEF7C8
:10995000FAFB00222B46FEF74FFB8346029130466E
:10996000394600F0ADFA804643480D46504517DCB5
:10997000DDE900015A46029BFEF757FC42462B46A2
:10998000FEF7E1FB42462B46FEF736FB0122FEF7CF
:109990005FFE304A304BFEF7D0FB304A304B4CE094
:1099A0004FF0000A52460B464046FEF725FBCDE934
:1099B000031052462B4610461946FEF7C4FB3246AA
:1099C0003B46FEF7BDFBDDE90332FEF72EFC064603
:1099D0000F46DDE900015A46029BFEF726FC83464E
:1099E0000091012230463946FEF732FE194A1A4BE1
:1099F000FEF7A6FB06460F46012240462946FEF723
:109A000027FE5A46009BFEF79EFB32463B46FEF77A
:109A100094FB06460F46012250462946FEF718FEE3
:109A20000E4DDFF858802A464346FEF789FB324642
:109A30003B46FEF785FB2A464346FEF781FB002C9A
:109A4000D8BF81F0004106B0BDE8F08D0000F03FC6
:109A50000000F07F075C143326A6913C182D445477
:109A6000FB21F93F0000E03FC0120000D6120000C9
:109A70004A120000601200003333EF3FFB21E93F40
:109A80002DE9F84F04460D4621F00040009173493E
:109A9000814211DC7249884201DC06D12CB120469A
:109AA0002946BDE8F84FFFF72BBA6E48002DCCBF12
:109AB0006D496E49BDE8F88F6D49814211DD6D49F0
:109AC0008142D8BF4FF0FF366DDD20462946FEF7B4
:109AD000F5FE042808BFFFF71FFA20462946BDE817
:109AE000F88F6549654F25F00045814233DD6449B3
:109AF000814219DD002632464FF080432046294638
:109B0000FEF77AFA80468A46012220462946FEF769
:109B10009FFD00223B46FEF710FB42465346FEF7F0
:109B200084FB04460D463EE001260022BA463B4631
:109B300020462946FEF760FA80460F46002253462B
:109B400020462946FEF7F9FA42463B46FEF76DFBF2
:109B500004460D4627E04B4981421BDDDFF828A172
:109B600002260022534620462946FEF7ECFA002240
:109B70003B46FEF741FA80460F46002253462046F8
:109B80002946FEF7DAFA42463B46FEF74EFB04460C
:109B90000D4608E0032622462B4600203B49FEF7EF
:109BA00044FB04460D4622462B4610461946FEF756
:109BB000CAFA8B46824602460B46FEF7C4FA0746AF
:109BC0000246334888460B4606217844FFF7CCF816
:109BD00052465B46FEF7B7FA82462E488B463A4617
:109BE000434605217844FFF7BFF83A464346FEF75F
:109BF000AAFA02460B46002E504659460CDAFEF7EA
:109C0000FBF922462B46FEF79EFA01B022462B4670
:109C1000BDE8F04FFEF794BAFEF7EEF922462B4668
:109C2000FEF791FA1C4A7A4402EBC603D3E90023FB
:109C3000FEF783FA22462B46FEF77FFA174A7A444C
:109C400002EBC603D3E90023FEF77AFA009A002A52
:109C5000B8BF81F00041BDE8F88F0000000010445B
:109C60000000F07F182D4454FB21F93FFB21F9BF80
:109C70000000DC3F0000203E0000F33F0000F03F0A
:109C80000000E63F008003400000F83F0000F0BF06
:109C90006210000020100000BE0F0000860F0000C0
:109CA0002DE9F04D9446CCF1000423F000464CEA37
:109CB0000404524F46EAD4749A46884621F0004282
:109CC000BC4206D8454240EA050442EAD474BC428C
:109CD00004D9BDE8F04D6246FFF715B9AAF1405529
:109CE000A5F17F6555EA0C040BD0022404EAAA749E
:109CF000434DDFF810E144EAD87452EA000B04D077
:109D00000CE0BDE8F04DFFF7BBBE002C14BF012CEA
:109D1000BDE8F08D022C30D0032C32D056EA0C0B6B
:109D20000AD0BE4220D1BA4209D126F0804622F0A4
:109D300080423346114617E000291ADB25E0DFF8A0
:109D4000C8B0FB44002C04BFDBE90001BDE8F08D86
:109D5000012C02BFDBE9000181F00041BDE8F08D7C
:109D6000022C0AD0032C0CD0BA4212D1B8F1000F49
:109D70000BDA23482549BDE8F08D28462449BDE883
:109D8000F08D28467146BDE8F08D1D482149BDE89B
:109D9000F08D921B12153C2AC4BF19481D490EDCD8
:109DA000BAF1000FBEBF12F13C0F0020014606DBE6
:109DB0006246FEF73AFA21F00041FFF761FE002CFF
:109DC00008BFBDE8F08D012C04BF81F00041BDE863
:109DD000F08D114A114B022C07D0FEF7AEF92A463E
:109DE000BDE8F04D0A4BFEF7A8B9FEF7A6F92A46E2
:109DF000BDE8F04D064BFEF7A3B900000000F07F70
:109E0000182D4454FB2109C04A0F0000FB21F9BF63
:109E1000FB210940FB21F93F075C143326A6A13C36
:109E200000B5254B21F0004287B09A4203DC0022A6
:109E3000134600922BE0214B9A4208D140B94FF0D3
:109E40000100FFF781F8FFF760F807B000BD03DB02
:109E5000FFF756F807B000BD02AAFEF743FD10F069
:109E600003014FF001000DD0012914D002291AD0AE
:109E70000DF1080C9CE80F00FEF7F8FE07B081F02A
:109E8000004100BD0DF1080C00909CE80F00FEF7AA
:109E9000C1FF07B000BD0DF1080C9CE80F00FEF7F4
:109EA000E5FE07B000BD0DF1080C00909CE80F0026
:109EB000FEF7B0FFE2E70000FB21E93F0000F07F82
:109EC0002DE9F04106460F46FEF72CFC041E0D4618
:109ED00018BF0120284320F00040C0F17F6000F14E
:109EE000E040C00F0ED0301C18BF0120384320F0D6
:109EF0000040C0F17F6000F1E040C00F04BF0120CE
:109F0000FFF722F820462946BDE8F0810000000056
:109F10000000000000406540B81E85EB51B8CE3F00
:109F20000000000000001240B81E85EB51B8BE3F93
:109F30006800000476005401F7FD000175191A0C41
:109F40006A231B1C1F207274433B4138393A6B6CE7
:109F5000376F06246D6E700083000000000800005B
:109F60000001001832000500000020410000D2422C
:109F7000295C0F3E9A99993E3333733F295C0F3E1B
:109F80000000700000000024000000020003000038
:109F900000650054FFEF0000FA80000B1282000100
:109FA000030C30C30E8C8CE914D5400213710F8E54
:109FB0003883F8833000F883258EF8833000F883E7
:109FC000FFFFFFFF0FFEA9D6240004001A8279A12B
:109FD0000000003CFFFF00000010000038836FA26B
:109FE000003E03304000000002CAE3093E8000004A
:109FF00020000000000000004000000060000000A1
:10A00000000C0000000C186E000006920A16C0DF5B
:10A01000FFFF0256FD8CD377FFE1C496E0C5BEAAD0
:10A0200000000000FFFF0B2B000016570000035933
:10A030004000000000001DFA00026C1D000000003E
:10A040003FFFDFEB003EB3B6000D227800002F3C4F
:10A0500000000000001942B5000039A20000B365FD
:10A06000D90E9FC91DCF4C343000000050000000B5
:10A070003BB67AE80064000000C800000000000061
:10A08000100000001000FA921000225E000D229FC6
:10A090000001000000320000FF46000063D4000011
:10A0A0001000000004D6000004CC000004CC000026
:10A0B00000001072000000400000000000000000DE
:10A0C0000006000200050007000000000064000018
:10A0D00000000000000000050005006400200000F2
:10A0E000000000000000000000004000000003002D
:10A0F00000000032F8980000FF650000830F0000A8
:10A10000FF9BFC00000000000000000000000000B9
:10A11000000000000000000000000000000000003F
:10A12000000000000000000000000000000010001F
:10A1300040000000000000060000B26A00020000BB
:10A140000001FB830068000000D9FC007CF1FF8364
:10A150000000000000650000006403E800640028BF
:10A16000000000250000000016A000000000100004
:10A1700000001000002F0000000001F4000010009B
:10A1800000280000FFFF4581FFFFFA720000000079
:10A1900000000000004400050005BAC6004778A290
:10A1A0000000000100000000000006000000001494
:10A1B0000000254D002F706D000005AE000C02D090
:10A1C000000000000000000000000000000000008F
:10A1D000001B000000000000000000000000000064
:10A1E0000064000000080000000000000000000003
:10A1F000000000000000000000000000000000005F
:10A20000000000000000000000000000000000004E
:10A21000000000000000000000000000000000003E
:10A22000000000000000000000000000000000002E
:10A23000000000000000000000000000000000001E
:10A24000001B00000000000000000000000E000ED7
:10A2500000000AC70004000000000032FFFFFF9C5E
:10A2600000000B2B00000002000000010000006451
:10A27000FFE50000000000000000000000000000FA
:10A2800000000001000000000001000000000000CC
:10A29000000180000001800000018000002426D31E
:10A2A0000000000000000000000600100096003CC6
:10A2B000000000000000000000000000000000009E
:10A2C0000C0A4E68CDCF770950166759C619CE8251
:10A2D000000000000000000000000000000000007E
:10A2E000000000000000000017D7840003000000F9
:10A2F0000000000000000000C7938F9D1E1B1C196A
:10A30000000000000000000000000000000000004D
:10A31000000000000000000002031885000040005B
:10A320000000000300000003000000000000000027
:10A3300040000000000000000000000000000000DD
:10A34000000000000000000000000000000000000D
:10A3500000000000000000000000000000000000FD
:10A3600000000000677DDF7E72902E554CF6E68877
:10A3700000000000000000000000000000000000DD
:10A38000D8DCB4B8B0D8B9ABF3F8FAB3B7BB8E9E8B
:10A39000AEF132F51BF1B4B8B08097F1A9DFDFDF81
:10A3A000AADFDFDFF2AAC5CDC7A90CC92C97F1A996
:10A3B00089264666B28999A92D557DB0B08AA8969E
:10A3C000365676F1BAA3B4B280C0B8A89711B2835A
:10A3D00098BAA3F0240844106418B2B9B49883F171
:10A3E000A329557DBAB5B1A38393F0002850F5B2E7
:10A3F000B6AA839328547CF1B9A3829361BAA2DAF6
:10A40000DEDFDB819AB9AEF5606870F1DABAA2DFFF
:10A41000D9BAA2FAB9A38292DB31BAA2D9BAA2F808
:10A42000DF85A4D0C1BBAD83C2C5C7B8A2DFDFDF63
:10A43000BAA0DFDFDFD8D8F1B8AAB38DB4980D3554
:10A440005DB2B6BAAF8C96198F9FA70E161EB49A3E
:10A45000B8AA872C547CBAA4B08AB691325676B288
:10A460008494A4C808CDD8B8B4B0F19982A82D5569
:10A470007D98A80E161EA22C547C92A4F02C507825
:10A48000F184A898C4CDFCD80DDBA8FC2DF3D9BA73
:10A49000A6F8DABAA6DED8BAB2B68696A6D0F3C8BF
:10A4A00041DAA6C8F8D8B0B4B882A892F52C54887E
:10A4B00098F135D9F418D8F1A2D0F8F9A884D9C701
:10A4C000DFF8F883C5DADF69DF83C1D8F40114F15E
:10A4D000A8824EA884F311D182F5D992289788F1E9
:10A4E00009F41C1CD884A8F3C0F9D1D99782F129AA
:10A4F000F40DD8F3F9F9D1D982F4C203D8DEDF1A0A
:10A50000D8F1A2FAF9A88498D9C7DFF8F8F883C778
:10A51000DADF69DFF883C3D8F40114F198A8822E3A
:10A52000A884F311D182F5D992509788F109F41CCF
:10A53000D884A8F3C0F8F9D1D99782F149F40DD89D
:10A54000F3F9F9D1D982F4C403D8DEDFD8F1AD88AC
:10A5500098CCA809F9D98292A8F57CF1883ACF94D1
:10A560004A6E98DB6931DAADF2DEF9D88795A8F248
:10A5700021D1DAA5F9F417D9F1AE8ED0C0C3AE82DD
:10A58000C684C3A88595C8A588F2C0F1F4010EF170
:10A590008E9EA8C63E56F554F18872F40115F198C6
:10A5A00045856EF58E9E0488F142985A8E9E0688E7
:10A5B00069F4011CF1981E1108D0F504F11E9702F0
:10A5C00002983625DBF9D985A5F3C1DA85A5F3DF35
:10A5D000D88595A8F309DAA5FAD88292A8F578F17A
:10A5E000881A849F26889821DAF41DF3D8879F392A
:10A5F000D1AFD9DFDFFBF9F40CF3D8FAD0F8DAF9F0
:10A60000F9D0DFD9F9D8F40BD8F3879F39D1AFD976
:10A61000DFDFF41DF3D8FAFCA869F9F9AFD0DADE70
:10A62000FAD9F88F9FA8F1CCF398DB45D9AFDFD0EA
:10A63000F8D8F18F9FA8CAF38809DAAF8FCBF8D882
:10A64000F2AD978D0CD9A5DFF9BAA6F3FAF412F2A0
:10A65000D8950DD1D9BAA6F3FADAA5F2C1BAA6F304
:10A66000DFD8F1BAB2B68696A6D0CAF349DAA6CB3D
:10A67000F8D8B0B4B8D8AD84F2C0DFF18FCBC3A89E
:10A68000B2B68696C8C1CBC3F3B0B48898A821DB14
:10A69000718D9D71859521D9ADF2FAD88597A8283D
:10A6A000D9F408D8F28D29DAF405D9F285A4C2F2DA
:10A6B000D8A88D9401D1D9F411F2D88721D8F40A01
:10A6C000D8F28498A8C801D1D9F411D8F3A4C8BB92
:10A6D000AFD0F2DEF8F8F8F8F8F8F8F8D8F1B8F6F4
:10A6E000B5B9B08A95A3DE3CA3D9F8D85CA3D9F854
:10A6F000D87CA3D9F8D8F8F9D1A5D9DFDAFAD8B13E
:10A700008530F7D9DED8F830ADDADED8F2B48C99DE
:10A71000A32D557DA083DFDFDFB591A0F629D9FBFE
:10A72000D8A0FC29D9FAD8A0D051D9F8D8FC51D951
:10A73000F9D879D9FBD8A0D0FC79D9FAD8A1F9F900
:10A74000F9F9F9A0DADFDFDFD8A1F8F8F8F8F8AC0A
:10A75000DEF8ADDE8393AC2C547CF1A8DFDFDFF6AE
:10A760009D2CDAA0DFD9FADB2DF8D8A850DAA0D0DA
:10A77000DED9D0F8F8F8DB55F8D8A878DAA0D0DF21
:10A78000D9D0FAF8F8F8F8DB7DF8D89CA88CF53029
:10A79000DB38D9D0DEDFA0D0DEDFD8A848DB58D93F
:10A7A000DFD0DEA0DFD0DED8A868DB70D9DFDFA085
:10A7B000DFDFD8F1A888902C547C98A8D05C38D1E1
:10A7C000DAF2AE8CDFF9D8B087A8C1C1B188A8C6CB
:10A7D000F9F9DA36D8A8F9DA36D8A8F9DA36D8A8E5
:10A7E000F9DA36D8A8F9DA36D8F78D9DADF818DA47
:10A7F000F2AEDFD8F7ADFA30D9A4DEF9D8F2AEDE8A
:10A80000FAF983A7D9C3C5C7F1889BA77AADF7DE4C
:10A81000DFA4F8849408A797F300AEF29819A488EF
:10A82000C6A39488F632DFF28393DB09D9F2AADF5C
:10A83000D8D8AEF8F9D1DAF3A4DEA7F1889B7AD89C
:10A84000F38494AE19F9DAAAF1DFD8A881C0C3C5A0
:10A85000C7A39283F628ADDED9F8D8A350ADD9F8B6
:10A86000D8A378ADD9F8D8F8F9D1A1DADEC3C5C735
:10A87000D8A18194F818F2B089ACC3C5C7F1D8B893
:10A88000B4B09786A8319B069907AB9728889BF0B0
:10A890000C201440B0B4B8F0A88A9A285078B79B1E
:10A8A000A8295179247059446938644831F1BBAB07
:10A8B00088002C547CF0B38BB8A804285078F1B0F1
:10A8C00088B49726A85998BBABB38B02264666B0CE
:10A8D000B8F08A9CA82951798B2951798A2470591A
:10A8E0008B2058718A4469388B3940688A644831B2
:10A8F0008B30496088F1AC002C547CF08CA8042883
:10A900005078F1889726A85998AC8C02264666F0B4
:10A91000899CA8295179247059446938644831A91F
:10A920008809205970AB11384069A8193148608CEA
:10A93000A83C415C207C00F187981986A86E767E41
:10A94000A999882D557DD8B1B5B9A3DFDFDFAED089
:10A95000DFAAD0DEF2ABF8F9D9B087C4AAF1DFDF05
:10A96000BBAFDFDFB9D8B1F1A3978E60DFB084F25F
:10A97000C8F8F9D9DED89385F14AB183A308B58325
:10A980009A0810B79F10D8F1B0BAAEB08AC2B2B66A
:10A990008E9EF1FBD9F41DD8F9D90CF1D8F8F8AD99
:10A9A00061D9AEFBD8F40CF1D8F8F8AD19D9AEFBEB
:10A9B000DFD8F416F1D8F8AD8D61D9F4F4ACF59C7C
:10A9C0009C8DDF2BBAB6AEFAF8F40BD8F1AED0F806
:10A9D000AD51DAAEFAF8F1D8B9B1B6A3839C08B993
:10A9E000B1839AB5AAC0FD3083B79F10B58B93F29F
:10A9F0000202D1ABDADED8F1B080BAABC0C3B28408
:10AA0000C1C3D8B1B9F38BA391B609B4D9ABDEB049
:10AA1000879CB9A3DDF1B38B8B8B8B8BB087A3A302
:10AA2000A3A3B28BB69BF2A3A3A3A3A3A3A3A3A3A5
:10AA3000A3F1B087B59AA3F39BA3A3DCBAACDFB9AB
:10AA4000A3A3A3A3A3A3A3A3A3A3A3A3A3A3A3A3D6
:10AA5000D8D8D8BBB3B7F1AAF9DAFFD9809AAA2817
:10AA6000B48098A720B79787A86688F07951F190AD
:10AA70002C870CA781976293F071716085940129EE
:10AA8000517990A5F1284C6C870C95188578A38393
:10AA900090284C6C886CD8F3A28200F210A892190E
:10AAA00080A2F2D926D8F188A84DD948D896A839DD
:10AAB00080D93CD89580A839A68698D92CDA87A762
:10AAC0002CD8A8899519A980D938D8A88939A980FE
:10AAD000DA3CD8A82EA83990D90CD8A8953198D9A5
:10AAE0000CD8A809D9FFD801DAFFD89539A9DA26F8
:10AAF000FFD890A80D8999A810809821DA2ED889BE
:10AB000099A83180DA2ED8A886963180DA2ED8A876
:10AB1000873180DA2ED8A88292F34180F1D92ED8DD
:10AB2000A882F31980F1D92ED882ACF3C0A280227A
:10AB3000F1A62EA72EA92298A829DAACDEFFD8A26A
:10AB4000F22AF1A92E8292A8F23180A696F1D900BC
:10AB5000AC8C9C0C30ACDED0DEFFD88C9CACD01022
:10AB6000ACDE8092A2F24C82A8F1CAF235F196884E
:10AB7000A6D900D8F1FF0000555555555555C53F8C
:10AB80007D6FEB0312D6D4BF5544880E55C1C93F23
:10AB90003B8F68B52882A4BF88B20175E0EF493FBA
:10ABA00009F7FD0DE13D023F4B2D8A1C273A03C0FA
:10ABB000C88A599CE52A004059018D1B6C06E6BFE6
:10ABC00082922EB1C5B8B33F4FBB610567ACDD3F84
:10ABD000182D4454FB21E93F9BF681D20B73EF3FC4
:10ABE000182D4454FB21F93FE2652F227F2B7A3C3C
:10ABF000075C143326A6813CBDCBF07A8807703CF5
:10AC0000075C143326A6913CC4EB98999999C9BF67
:10AC1000711623FEC671BCBF6D9A74AFF2B0B3BF9C
:10AC20009AFDDE522DDEADBF2F6C6A2C44B4A2BF5C
:10AC30000D5555555555D53FFF8300922449C23FC8
:10AC40006E204CC5CD45B73F513DD0A0660DB13FFC
:10AC5000EB0D76244B7BA93F11DA22E33AAD903F0E
:10AC60004C5555555555A53F7751C1166CC156BF2A
:10AC70009015CB19A001FA3EAD529C804F7E92BE3A
:10AC8000C4B1B4BD9EEE213ED43888BEE9FAA8BD59
:10AC9000000000000000000000004054FB21F93FCC
:10ACA0003163621A61B4D03D0000601A61B4D03DD6
:10ACB0007370032E8A19A33B0000002E8A19A33B50
:10ACC000C14920259A837B39000000000000000064
:10ACD0006E83F9A22915444ED15727FCC0DD34F507
:10ACE000999562DB4190433CAB6351FE61C5BBDE8D
:10ACF0003A6E24B7E0D24D42EA2E49061C92D109A1
:10AD00001CEB1DFE3EA729B1F53582E88444BB2E1D
:10AD100026709CE9417E5FB439D69139F43953836A
:10AD20008B5F849C3B28F9BDFF97F81F0F9805DEC9
:10AD30008B112FEF1F6D0A5ACF7E366DB709CB27C7
:10AD4000663F464F2DEA5F9EC7BA27757BF1E5EB5C
:10AD5000F739073DEA92528AB15FFB6B085D8D1FA0
:10AD6000A6F810111111813FD561C119A0012ABFA8
:10AD70007DFEB157E31DC73EEB9C2B8AE6E55ABE2C
:10AD80007CD5CF5A3AD9E53D2050726F6475637413
:10AD90002049442072656164206173203020696E0F
:10ADA00064696361746573206465766963652069AD
:10ADB000732065697468657220696E636F6D706178
:10ADC0007469626C65206F7220616E204D5055333E
:10ADD0003035302E0A000000F8AD000800000020D9
:10ADE000300200001E8800087CAE000830020020FF
:10ADF00088050000388F0008412D0102030404106B
:10AE000009060708090204060884A24A04691832E0
:10AE1000FF290452010342803F234843280FC842C0
:10AE20009A99993FDA0FC93F9A99193E10A11AB41D
:10AE30000C2904E14D3333B33E8421CB840310014C
:10AE400022032E40412B2A436021076890408FC285
:10AE5000F53D031688131A20F030096F12833AA6C5
:10AE60009B443B0E283F0AD7A33BFCEB803F0C13CF
:0CAE70003C9F1B08300401209A5824006D
:04000005080000ED02
:00000001FF
