:020000040800F2
:10000000700700209D480008B9310008BB31000886
:10001000BF310008C3310008C731000800000000EC
:10002000000000000000000000000000CB310008CC
:10003000CD31000800000000CF310008D1310008A8
:10004000B7480008B7480008B7480008B748000894
:10005000B7480008B7480008B748000857470008E5
:10006000B7480008B7480008B7480008B748000874
:10007000B7480008B7480008B7480008B748000864
:10008000B7480008B7480008B7480008B748000854
:10009000B7480008B7480008B7480008B748000844
:1000A000B7480008B9460008B7480008B748000834
:1000B000B74800086528000875280008B7480008F8
:1000C000B7480008B7480008B7480008B748000814
:1000D000B7480008B7480008B7480008B748000804
:1000E000B7480008B7480008B7480008DFF80CD048
:1000F00007F040FF004800478126000870070020F5
:1001000031490143314A1160704770B50021002325
:100110000F22C47804B32D4C246804F4E064C4F5C1
:10012000E064210AC1F10403CA40447804FA03F1EF
:100130008478144021430901254C0678A1550478A0
:1001400004F01F050124AC4005786D11AD0005F1E8
:10015000E025C5F8004109E0047804F01F050124FA
:10016000AC401C4D0678761145F8264070BD1A4A01
:100170000A400243154B1B1F1A60704739B1134ADE
:10018000121D12680243114B1B1D1A6006E00F4A34
:10019000121D126882430D4B1B1D1A607047042804
:1001A00008D14FF0E021096941F004014FF0E0224D
:1001B000116107E04FF0E021096921F004014FF0DF
:1001C000E0221161704700000000FA050CED00E02C
:1001D00000E400E080E100E080FFFF1F00204449D0
:1001E0000860091D0860091D0860091D0860414874
:1001F0003F4914310860704700213D498279002A47
:100200003AD00A46126803689A430B461A600A1DE0
:10021000126803689A430B1D1A60027911440A6838
:1002200003681A430A60324A0832126803689A4324
:100230002F4B08331A601A1D126803689A432C4B1F
:100240000C331A604279102A0ED11A1F1268036803
:100250001A43274B08331A601A1D126803681A43A1
:10026000234B0C331A600DE02149427911440A688E
:1002700003681A430A6005E0027911440A680368BA
:100280009A430A6070470021016001710C2141719D
:100290000021817170471649103109680143144AE1
:1002A00010321160704701460020114A1432126862
:1002B0000A400AB1012000E0002070470C491431C7
:1002C00008607047014600200022094B1B6803EAC2
:1002D0000102074B14331B680B4013B10AB1012014
:1002E00000E00020704702491431086070470000A8
:1002F00000040140FFFF0F0010B50446CC488442C3
:1003000008D10121042000F02DFB0021042000F081
:1003100029FB46E0C748844208D10121082000F0AB
:1003200021FB0021082000F01DFB3AE0C248844276
:1003300008D10121102000F015FB0021102000F051
:1003400011FB2EE0BD48844208D10121202000F09D
:1003500009FB0021202000F005FB22E0B848844280
:1003600008D10121402000F0FDFA0021402000F0DA
:10037000F9FA16E0B348844208D10121802000F048
:10038000F1FA0021802000F0EDFA0AE0AE48844244
:1003900007D10121801500F0E5FA0021A01500F039
:1003A000E1FA10BD10B50121084600F0DBFA00218A
:1003B000012000F0D7FA10BD2DE9F04102460025DA
:1003C0000026002000230024002791F803C00CF031
:1003D0000F0591F803C00CF0100CBCF1000F03D016
:1003E00091F802C04CEA050591F800C0BCF1000F7D
:1003F00031D0146800202BE04FF0010C0CFA00F310
:10040000B1F800C00CEA03069E4220D183004FF0F1
:100410000F0C0CFA03F7BC4305FA03FC4CEA040486
:1004200091F803C0BCF1280F06D14FF0010C0CFA73
:1004300000FCC2F814C00AE091F803C0BCF1480FF8
:1004400005D14FF0010C0CFA00FCC2F810C0401CA2
:100450000828D1D31460B1F800C0BCF1FF0F34DD1F
:10046000546800202EE000F1080C4FF0010808FA53
:100470000CF3B1F800C00CEA03069E4221D18300C0
:100480004FF00F0C0CFA03F7BC4305FA03FC4CEADF
:10049000040491F803C0BCF1280F05D100F1080C49
:1004A00008FA0CF8C2F8148091F803C0BCF1480FA8
:1004B00007D100F1080C4FF0010808FA0CF8C2F857
:1004C0001080401C0828CED35460BDE8F0814FF660
:1004D000FF710180022181700421C17070470246C2
:1004E000002093680B400BB1012000E00020704712
:1004F0000146886880B2704702460020D3680B40EE
:100500000BB1012000E0002070470146C86880B2AE
:10051000704701617047416170470AB1016100E0B5
:1005200041617047C16070474FF480320A43826175
:100530008161826182698269704702460020434B73
:1005400018684FF68073184040EA021008433F4B8A
:10055000186070473E49C8617047F0B50A460023ED
:1005600000240021002500F00046B6F1004F02D122
:10057000364EF16901E0354E7168C0F3034583B230
:1005800000F44016B6F5401F08D121F070612F4EDF
:10059000766826F070662D4F7E6012E000F48016BB
:1005A000B6F5801F06D1032606FA05F4A14341F0F3
:1005B000706106E0460D360103FA06F6B14341F0DC
:1005C000706122B1460D360103FA06F6314300F0A0
:1005D0000046B6F1004F02D11C4EF16101E01B4E06
:1005E0007160F0BD30B500228B071C0F0F2303FA9A
:1005F00004F2164B08338C1053F824309343134CF9
:1006000008348D1044F8253023468C1053F82430DC
:100610008C07240F00FA04F423430C4C08348D108B
:1006200044F8253030BD0A49DC31086070470000CD
:1006300000080140000C014000100140001401407E
:1006400000180140001C0140002001400000014052
:1006500000002042DF48006840F00100DD490860EA
:1006600008464068DC490840DA49486008460068A6
:10067000DA490840D74908600846006820F480201D
:1006800008600846406820F4FE0048604FF41F00F0
:1006900088607047CF49096821F48031CD4A1160E4
:1006A0001146096821F480211160B0F5803F03D024
:1006B000B0F5802F0ED106E0C649096841F48031BB
:1006C000C44A116007E0C349096841F4A021C14A46
:1006D000116000E000BF00BF704710B50146002266
:1006E000002300204A11012A02D1BA4C236806E0F7
:1006F000022A02D1B74C236A01E0B64C636A01F0CA
:100700001F02012494401C400CB1012000E0002095
:1007100010BD38B5002000900024002500BF312016
:10072000FFF7DBFF05460098401C00900098B0F5ED
:10073000A06F01D0002DF2D03120FFF7CEFF08B11D
:10074000012400E00024204638BD01460020A14AD3
:10075000106820F0F80040EAC10010607047A0491E
:1007600008607047024600209A4B586820F47C10BD
:1007700042EA01031843974B58607047984908664E
:10078000704701460020934A506820F00300084358
:10079000506070478F48406800F00C007047014679
:1007A00000208C4A506820F0F000084350607047E9
:1007B00001460020874A506820F4E06008435060FA
:1007C000704701460020834A506820F4605040EA98
:1007D000C1005060704729B17E4A527A02437D4B76
:1007E0005A7204E07B4A527A82437A4B5A727047BB
:1007F0007B49D8310860704701460020754A50682F
:1008000020F440400843506070470021714A203274
:100810001170704A82F82010012802D004280AD1F1
:1008200004E001216B4A2032117005E00521694A7C
:100830002032117000E000BF00BF704769490860B6
:1008400070476449096A0143624A11627047654909
:1008500044390860704730B500210022002400238D
:100860005C4D6D6805F00C0121B1042905D0082903
:1008700023D105E05C4D056022E05B4D05601FE083
:10088000544D6D6805F47012524D6D6805F4803456
:10089000022505EB92421CB9544D554305600BE00F
:1008A0004C4D6D6805F400351DB1504D5543056044
:1008B00002E04D4D5543056002E04B4D056000BF21
:1008C00000BF444D6D6805F0F0010909484D6B5CAF
:1008D0000568DD4045603F4D6D6805F4E061090A3B
:1008E000434D6B5C4568DD4085603A4D6D6805F4AD
:1008F0006051C90A3E4D6B5C4568DD40C560354DB1
:100900006D6805F44041890B3A4D6B5CC568B5FBD9
:10091000F3F5056130BD29B12E4A526902432D4BD2
:100920005A6104E02B4A526982432A4B5A6170474C
:1009300029B1284A92690243264B9A6104E0254A6C
:1009400092698243234B9A61704729B1214AD26947
:100950000243204BDA6104E01E4AD26982431D4BF8
:10096000DA61704729B11B4AD2680243194BDA6039
:1009700004E0184AD2688243164BDA60704729B106
:10098000144A12690243134B1A6104E0114A1269B6
:100990008243104B1A617047124940390860704712
:1009A0000F49C86470470B49C87170470948406ACD
:1009B00040F0807007494862704701460020054AB0
:1009C00092680A400AB1012000E000207047014906
:1009D00088727047001002400000FFF8FFFFF6FE2B
:1009E000000042428004424200127A0000093D00A9
:1009F000000000201000002010B50446FE4884428C
:100A000008D10121C014FFF7ADFF0021E014FFF76A
:100A1000A9FFC4E0B4F1804F08D101210846FFF7D7
:100A2000AEFF00210120FFF7AAFFB8E0F34884429F
:100A300008D101210220FFF7A2FF00210220FFF7C9
:100A40009EFFACE0EE48844208D101210420FFF76C
:100A500096FF00210420FFF792FFA0E0E9488442BE
:100A600008D101210820FFF78AFF00210820FFF7A5
:100A700086FF94E0E448844208D101211020FFF76A
:100A80007EFF00211020FFF77AFF88E0DF488442D4
:100A900008D101212020FFF772FF00212020FFF75D
:100AA0006EFF7CE0DA48844208D101214014FFF750
:100AB00059FF00216014FFF755FF70E0D5488442CC
:100AC00009D10121C804FFF74DFF00214FF4002098
:100AD000FFF748FF63E0D048844209D101210805AF
:100AE000FFF740FF00214FF48010FFF73BFF56E077
:100AF000CA48844209D101214805FFF733FF00218C
:100B00004FF40010FFF72EFF49E0C548844208D19A
:100B100001214020FFF733FF00214020FFF72FFF86
:100B20003DE0C048844208D101218020FFF727FF23
:100B300000218020FFF723FF31E0BB48844208D129
:100B400001218015FFF71BFF0021A015FFF717FFFC
:100B500025E0B648844209D101210804FFF702FFCD
:100B600000214FF48030FFF7FDFE18E0B0488442CA
:100B700009D101214804FFF7F5FE00214FF40030B0
:100B8000FFF7F0FE0BE0AB48844208D10121880456
:100B9000FFF7E8FE00214FF48020FFF7E3FE10BDD1
:100BA00000220288944B98420ED0994B98420BD069
:100BB000B0F1804F08D0914B984205D0904B9842AD
:100BC00002D0904B984204D14FF68F731A404B8855
:100BD0001A438D4B984207D08C4B984204D04FF665
:100BE000FF431A40CB881A4302808B8883850B8889
:100BF0000385814B98420BD0854B984208D08B4B94
:100C0000984205D08A4B984202D08A4B984201D133
:100C10000B7A038601238382704770B5002400227B
:100C20000023058C4FF6FE7635400584028C8388C0
:100C3000048B4FF68F752C40B51E2C400D882C432D
:100C4000751E2A400D892A434D882A436A4DA842C1
:100C50000BD06F4DA84208D0744DA84205D0744DFA
:100C6000A84202D0734DA84213D14FF6F7752A401F
:100C70004D892A434FF6FB752A408D882A434FF64B
:100C8000FF652B404FF6FF552B408D892B43CD89B7
:100C90002B4383800483CD888586028470BD70B524
:100CA000002400220023058C4FF6EF7635400584A2
:100CB000028C8388048B48F6FF752C404FF6FF4565
:100CC0002C400D884FF6FF7606EA05252C434FF69B
:100CD000DF752A400D8906EA05152A434D8806EA84
:100CE00005152A43444DA84202D0494DA8421DD1C2
:100CF0004FF67F752A404D894FF6FF7606EA0515B7
:100D00002A434FF6BF752A408D8806EA05152A4307
:100D10004FF6FF352B404FF2FF752B408D8906EAC9
:100D200085052B43CD8906EA85052B438380048303
:100D3000CD880587028470BD70B500240022002391
:100D4000058C4FF6FF6635400584028C8388848BC2
:100D50004FF68F752C404FF6FC752C400D882C43B8
:100D60004FF6FF552A400D894FF6FF7606EA052516
:100D70002A434D8806EA05252A431F4DA84202D082
:100D8000234DA8421DD14FF2FF752A404D894FF6E1
:100D9000FF7606EA05252A434FF6FF352A408D885F
:100DA00006EA05252A434EF6FF752B404DF6FF75E2
:100DB0002B408D8906EA05152B43CD8906EA0515DA
:100DC0002B4383808483CD888587028470BD70B572
:100DD000002200230024058C4EF6FF763540058462
:100DE000038C8488828B48F6FF752A404FF6FF45B6
:100DF0002A400D8820E00000002C01400004004043
:100E000000080040000C00400010004000140040AA
:100E100000340140004C01400050014000540140AA
:100E200000180040001C004000200040004001402D
:100E300000440140004801404FF6FF7606EA0525D0
:100E40002A434DF6FF752B400D8906EA05352B43E5
:100E50004D8806EA05352B43FA4DA84202D0FA4DDB
:100E6000A84208D14BF6FF752C408D894FF6FF76CE
:100E700006EA85152C4384808283CD88A0F84050F3
:100E8000038470BD828B4FF2FF331A408283828BC2
:100E90004FF6FF7303EA01231A4382837047F0B5CC
:100EA0000C461546002200210026078C4EF6FF7CDA
:100EB00007EA0C070784828B018C4FF6FF7707EA5D
:100EC000043640F6FF473A404FF6FF7707EA05271A
:100ED0003A434FF6FF7707EA03373A43D94FB84210
:100EE0000ED0D94FB8420BD0B0F1804F08D0D74FB9
:100EF000B84205D0D64FB84202D0D64FB84206D13C
:100F00004DF6FF77394046F48057394305E047F600
:100F1000FF57394044F48057394382830184F0BD40
:100F2000828B4FF6F3731A408283828B0A4382834B
:100F30007047F0B50C461546002200210026078CAC
:100F40004FF6FF6C07EA0C070784828B018C4FF683
:100F5000FF7707EA04264FF60C773A404FF6FF7703
:100F600007EA03172F433A43B64FB8420ED0B64FA5
:100F7000B8420BD0B0F1804F08D0B44FB84205D082
:100F8000B34FB84202D0B34FB84206D14FF6FF5725
:100F9000394046F48077394305E04FF2FF57394036
:100FA00044F48077394382830184F0BD028B4FF291
:100FB000FF331A400283028B4FF6FF7303EA0123CB
:100FC0001A4302837047F0B50C46154600220021F3
:100FD0000026078C4FF6EF7C07EA0C070784028B8C
:100FE000018C4FF6FF7707EA041640F6FF473A40B8
:100FF0004FF6FF7707EA03373A434FF6FF7707EAE2
:1010000005273A438F4FB8420ED08F4FB8420BD0CE
:10101000B0F1804F08D08D4FB84205D08C4FB84208
:1010200002D08C4FB84206D14FF6DF77394046F0F8
:101030001007394305E04FF65F77394044F0100759
:10104000394302830184F0BD028B4FF6F3731A40DB
:101050000283028B0A4302837047F0B50C461546A3
:1010600000220021068C4FF6FE773E400684028B5C
:10107000018C4FF60C7632407E1C06EA03162E4396
:101080003243704EB0420ED06F4EB0420BD0B0F132
:10109000804F08D06D4EB04205D06D4EB04202D0A8
:1010A0006C4EB04206D14FF6FD76314044F0010659
:1010B000314305E04FF6F576314044F00106314307
:1010C00002830184F0BD70B505460C465D4885423B
:1010D0000ED05D4885420BD0B5F1804F08D05B48FB
:1010E000854205D05A48854202D05A48854200D1EF
:1010F00000E000BF208850B92389A2886188284673
:10110000FFF7ABFFE1882846FFF79EFF25E0208828
:1011100004280AD12389A28861882846FFF753FF53
:10112000E1882846FFF742FF17E0208808280AD107
:101130002389A28861882846FFF7FBFEE1882846BC
:10114000FFF7EEFE09E02389A28861882846FFF7B1
:10115000A6FEE1882846FFF795FE70BD2DE9F04117
:1011600005460C4600260127608808B9022600E0E3
:101170000026A088012801D1022700E0012720884D
:10118000A0B92389A28861882846FFF766FFE18815
:101190002846FFF759FF23893A4631462846FFF78C
:1011A00012FFE1882846FFF701FF13E02389A28898
:1011B00061882846FFF707FFE1882846FFF7F6FE1B
:1011C00023893A4631462846FFF747FFE1882846FB
:1011D000FFF73AFFBDE8F0810A884B881A438B88F5
:1011E0001A43CB881A430B891A434B891A438B89BC
:1011F0001A43A0F8442070474FF6FF718180002108
:101200000180C180418001727047002101804180CE
:101210008180C180018141818181C181704700212C
:1012200001804180012181800021C18001817047BE
:101230000021018041808180C180018141818181C3
:1012400070470000002C01400034014000040040C1
:1012500000080040000C004021B1028842F0010269
:10126000028004E002884FF6FE731A400280704745
:1012700031B1B0F8442042F40042A0F8442005E027
:10128000B0F84420C2F30E02A0F8442070471AB10F
:1012900083890B43838102E083898B438381704779
:1012A0008182704741EA0203A0F8483070471AB1C2
:1012B00083890B43838102E083898B438381704759
:1012C00001894FF6F8721140018170470A460021EA
:1012D00001894FF68F73194011430181704730B572
:1012E00004460D4629462046FFF7F0FF208940F0CE
:1012F0000700208130BD2DE9F04104460D46164619
:101300001F46602D06D13B46012231462046FFF79D
:101310005AFE05E03B46012231462046FFF79DFE7E
:1013200029462046FFF7D2FF208940F007002081A0
:10133000BDE8F08130B50C4600210189C9B24FF6F5
:10134000FF7505EA0325154325432943018130BD77
:101350002DE9F04105460E461746984600244346BF
:101360003A4631462846FFF7E5FF2C894FF6F870DC
:10137000044044F007044FF68F70044044F07004BA
:101380002C81BDE8F081F0B504460D4616461F4697
:101390003B46324629462046FFF7CCFF208940F4E1
:1013A00080402081F0BD0185828270470A4600217D
:1013B00001884FF68F731940114301807047F0B5D3
:1013C0000C4615461E460021002200230189028B8F
:1013D000038C4FF6F877394021434FF6FC473A40EB
:1013E00040F201173A434FF6DD773B404FF6FF7767
:1013F00007EA06172F433B43018102830384F0BDB4
:101400000A460021018B4FF68F7319401143018367
:1014100070470A460021018B48F6FF7319404FF6CA
:10142000FF7303EA02231943018370470A46002130
:10143000818B4FF68F7319401143818370470A46A1
:101440000021818B48F6FF7319404FF6FF7303EAC2
:10145000022319438183704721B1028842F0800240
:10146000028004E002884FF67F731A4002807047C2
:1014700021B1828842F00402828004E082884FF623
:10148000FB731A408280704721B1828842F00802C3
:10149000828004E082884FF6F7731A40828070479A
:1014A00021B1828842F00102828004E082884FF6F6
:1014B000FE731A40828070470A460021018B4FF666
:1014C000F77319401143018370470A460021018BCD
:1014D0004FF2FF7319404FF6FF7303EA02231943DB
:1014E000018370470A460021818B4FF6F77319403C
:1014F0001143818370470A460021818B4FF2FF73AD
:1015000019404FF6FF7303EA0223194381837047A2
:101510000A460021018B4FF6FB73194011430183EA
:1015200070470A460021018B4FF6FF3319404FF6F2
:10153000FF7303EA02231943018370470A4600211F
:10154000818B4FF6FB7319401143818370470A4624
:101550000021818B4FF6FF3319404FF6FF7303EAEA
:1015600002231943818370470A460021018B4FF6FD
:101570007F7319401143018370470A460021018B94
:10158000C1F30E014FF6FF7303EA022319430183EF
:1015900070470A460021818B4FF67F731940114333
:1015A000818370470A460021818BC1F30E014FF6FB
:1015B000FF7303EA02231943818370470A4600211F
:1015C000018C4FF6FD7319401143018470470A46A0
:1015D0000021018C4FF6F7731940114301847047C5
:1015E0000A460021018C4FF6DF7319404FF6FF7356
:1015F00003EA02131943018470470A460021018C53
:101600004FF67F7319404FF6FF7303EA0213194335
:10161000018470470A460021018C4FF6FF531940A0
:101620004FF6FF7303EA02231943018470470A4609
:101630000021018C4FF2FF7319404FF6FF7303EA4C
:1016400002231943018470470A460021018C4DF69C
:10165000FF7319404FF6FF7303EA02331943018405
:10166000704730B5002301248C40A3B2048C9C4306
:101670000484048C02FA01F5ADB22C43048430BD1D
:1016800030B5002304248C40A3B2048C9C43048412
:10169000048C02FA01F5ADB22C43048430BD70B560
:1016A0000346002000241846183001258D40ACB2B6
:1016B0001D8CA5431D8409B1082909D100EB6100E7
:1016C000056825F0700505600568154305600EE0A6
:1016D0000D1FC5F34E052844056825F4E045056057
:1016E00005684FF6FF7606EA02263543056070BDB1
:1016F00021B1028842F00202028004E002884FF623
:10170000FD731A400280704721B1028842F0040242
:10171000028004E002884FF6FB731A400280704793
:1017200021B1828842F08002828004E082884FF6F4
:101730007F731A408280704702884FF6F7731A4011
:10174000028002880A430280704782884FF68F73B6
:101750001A40828082880A438280704702894FF64D
:10176000F8731A40028102890A4302817047028994
:101770004FF67F731A40028102890A430281704743
:1017800081847047818570478186704701877047E3
:1017900081877047A0F84010704702884FF6FF43DA
:1017A0001A40028002880A43028070470146888EF0
:1017B00070470146088F70470146888F7047014681
:1017C000B1F8400070470146888C70470146088D8B
:1017D000704702460020138A0B400BB1012000E045
:1017E00000207047CA430282704730B5024600208D
:1017F00000230024158A05EA0103958905EA0104FE
:1018000013B10CB1012000E0002030BDCA430282B8
:101810007047000010B50446FB48844209D10121FD
:101820008803FFF79FF800214FF48040FFF79AF8F4
:1018300032E0F648844209D101214804FFF79FF8BD
:1018400000214FF40030FFF79AF825E0F048844279
:1018500009D101218804FFF792F800214FF480207C
:10186000FFF78DF818E0EB48844209D10121C80444
:10187000FFF785F800214FF40020FFF780F80BE018
:10188000E548844208D101210805FFF778F80021D6
:101890004FF48010FFF773F810BD2DE9F04786B0C4
:1018A00005460E460024A24600BFA1460027B08987
:1018B00000B100BF2F462C8A4CF6FF700440F08820
:1018C00004432C82AC894EF6F3100440B088318971
:1018D0000843718908430443AC81AC8A4FF6FF404A
:1018E0000440B0890443AC8201A8FEF7B4FFC648A7
:1018F000874202D1DDF810A001E0DDF80CA0A88934
:1019000000F4004040B10AEBCA0000EB0A10316855
:101910004900B0FBF1F807E00AEBCA0000EB0A103F
:1019200031688900B0FBF1F86420B8FBF0F00401E5
:101930002009642101FB1089A88900F4004040B10E
:10194000322000EBC900B0FBF1F000F007000443C7
:1019500008E0322000EB09106421B0FBF1F000F048
:101960000F0004432C8106B0BDE8F0874FF41651F8
:10197000016000218180C18001810C214181002111
:101980008181704710B502460020108A4FF2FF0394
:1019900018400B884C8823438C882343CC882343EE
:1019A0001843108210BD0021018041808180C180D8
:1019B000704721B1828942F40052828104E0828919
:1019C0004DF6FF731A4082817047F0B5034600243C
:1019D00000260025002040F66A17B94200D100BF5A
:1019E0001846C1F3421401F01F06012707FA06F555
:1019F000012C01D10C3004E0022C01D1103000E0A8
:101A000014301AB107682F43076002E00768AF433C
:101A10000760F0BD1AB1838A0B43838202E0838A98
:101A20008B4383827047028A4FF6F0731A4002821A
:101A3000028A0A430282704782894FF2FF731A407A
:101A4000828182890A438281704721B1828942F072
:101A50000202828104E082894FF6FD731A4082817E
:101A60007047028A4FF6DF731A400282028A0A43E5
:101A70000282704721B1028A42F48042028204E06D
:101A8000028A4BF6FF731A4002827047C1F30802C4
:101A90008280704701468888C0F3080070478189BA
:101AA00041F0010181817047028BD2B20283028B27
:101AB00042EA012202837047028B02F47F420283D2
:101AC000028B0A430283704721B1828A42F02002CE
:101AD000828204E0828A4FF6DF731A408282704766
:101AE00021B1828A42F01002828204E0828A4FF69B
:101AF000EF731A408282704721B1828A42F0080255
:101B0000828204E0828A4FF6F7731A40828270471D
:101B100021B1828942F40042828103E08289C2F3CA
:101B20000E028281704721B1828A42F40062828271
:101B300004E0828A4FF2FF731A4082827047828AE1
:101B40004FF6FB731A408282828A0A438282704770
:101B500021B1828A42F00202828204E0828A4FF638
:101B6000FD731A408282704702460020B1F5007F63
:101B700000D100BF13880B400BB1012000E0002012
:101B8000704701F40072B2F5007F00D100BFCA4374
:101B90000280704770B50246002400230025002013
:101BA00040F66A16B14200D100BFC1F3421501F000
:101BB0001F03012606FA03F3012D02D19689334053
:101BC00006E0022D02D1168A334001E0968A3340A6
:101BD0000C12012606FA04F41688344013B10CB135
:101BE000012000E0002070BD10B50022002340F667
:101BF0006A14A14200D100BF0A1201249440A3B28A
:101C0000DC43048010BD0000003801400044004067
:101C100000480040004C00400050004010B5044611
:101C2000FA48844208D101214015FEF79BFE0021AD
:101C30006015FEF797FE17E0F548844208D10121B0
:101C40000015FEF78FFE00212015FEF78BFE0BE03E
:101C5000F048844208D10121C803FEF783FE002129
:101C60004FF40040FEF77EFE10BD30B50246002066
:101C700000235068E84C20400D790C6844EA0524A4
:101C8000204350609068E54C2040D1E902542C4339
:101C90004D7944EA450420439060D06A20F47000F6
:101CA0000C7C641EE4B2234340EA0350D06230BD92
:101CB00000210160017141718160C16001210174E5
:101CC000704721B1826842F00102826003E08268BD
:101CD00022F001028260704721B1826842F4807272
:101CE000826003E0826822F480728260704710B5DF
:101CF0000023CBB21AB144681C43446002E044683C
:101D00009C43446010BD816841F0080181607047C8
:101D1000014600208A6802F008020AB1012000E0B2
:101D200000207047816841F00401816070470146DE
:101D300000208A6802F004020AB1012000E00020BD
:101D4000704721B1826842F4A002826003E0826899
:101D500022F4A00282607047014600208A6802F4E3
:101D600080020AB1012000E00020704710B50A4649
:101D700000210023416821F46041531E41EA4331B0
:101D8000416010BD21B1426842F40062426003E04C
:101D9000426822F4006242607047F0B504460D4686
:101DA00000200021092D11DDE068A5F10A0606EBEF
:101DB0004607072606FA07F18843A5F10A0606EB4F
:101DC000460603FA06F10843E0600CE0206905EBE3
:101DD0004507072606FA07F1884305EB450603FA8F
:101DE00006F108432061072A0FDA606B561E06EBE6
:101DF00086071F2606FA07F18843561E06EB86065D
:101E000005FA06F10843606322E00D2A0FDA206B21
:101E1000D61F06EB86071F2606FA07F18843D61F52
:101E200006EB860605FA06F10843206310E0E06A37
:101E3000A2F10D0606EB86071F2606FA07F1884376
:101E4000A2F10D0606EB860605FA06F10843E062EC
:101E5000F0BD21B1826842F48012826003E08268A2
:101E600022F48012826070470146C86C80B27047CD
:101E700066484C300068704721B1426842F4806285
:101E8000426003E0426822F480624260704721B100
:101E9000426842F48052426003E0426822F4805279
:101EA000426070470A460021816821F4E0411143F5
:101EB0008160704721B1826842F40042826003E091
:101EC000826822F400428260704721B1826842F445
:101ED0000212826003E0826822F40212826070477C
:101EE000014600208A6802F400120AB1012000E0D5
:101EF00000207047F0B50446154600200022002659
:101F0000092911DDE068A1F10A0707EB470C072753
:101F100007FA0CF29043A1F10A0707EB470703FA0F
:101F200007F21043E0600CE0206901EB410C072749
:101F300007FA0CF2904301EB410703FA07F2104352
:101F40002061A06BC0F30156EF1C06F1010CA7EB5A
:101F50000C0707EB870C1F2707FA0CF29043EF1CC6
:101F600006F1010CA7EB0C0707EB870701FA07F254
:101F70001043A063F0BD10B50A4600210023816B19
:101F800021F44011531E41EA0351816310BD08B58D
:101F9000002300930090009B0B440093009B1A6069
:101FA00008BD08B5024600200090009201F128000B
:101FB000009B184400900098006880B208BD0A4653
:101FC00000214168164B194011434160704741623E
:101FD000826270470A460021416821F01F011143C7
:101FE0004160704740B109490831096841F4000176
:101FF000064A0832116007E004490831096821F4F3
:102000000001024A083211607047000000240140BC
:1020100000280140003C0140FFFEF0FFFDF7F1FF0A
:10202000FFFD3FFF0246002013680B400BB101206B
:1020300000E000207047CA430260704770B5024656
:102040000020002300240B125568CEB205EA0604D6
:1020500015681D4015B10CB1012000E0002070BDD5
:1020600000220A12D3430360704700000CB5002021
:10207000019000906C48006840F480306A49086024
:1020800000BF6948006800F4003000900198401CCF
:102090000190009818B90198B0F5A06FF1D162488D
:1020A000006800F4003010B10120009001E0002031
:1020B00000900098012843D15C48006840F010006F
:1020C0005A4908600846006820F003000860084686
:1020D000006840F002000860534840685249486078
:1020E0000846406848600846406840F480604860A0
:1020F0000846406820F47C1048600846406840F478
:10210000E81048600846006840F08070086000BF32
:102110004548006800F000700028F9D04248406847
:1021200020F00300404948600846406840F0020043
:10213000486000BF3C48406800F00C000828F9D116
:102140000CBD10B5FFF792FF10BD10B53648006802
:1021500040F00100344908600846406834490840AE
:102160003149486008460068324908402E490860F5
:102170000846006820F4802008600846406820F483
:10218000FE0048604FF41F008860FFF7DAFF4FF051
:1021900000602949086010BD10B500210020002210
:1021A000214B5B6803F00C0121B1042906D00829FA
:1021B00028D107E0214B224C236027E01F4B204C05
:1021C000236023E0184B5B6803F47010164B5B68C8
:1021D00003F48032022303EB904022B9194B4343AE
:1021E000174C23600DE0104B5B6803F4003323B100
:1021F000144B4343124C236003E0104B4343104CF9
:10220000236003E00D4B0E4C236000BF00BF064B64
:102210005B68C3F303130C4CE15C094B1B68CB40B8
:10222000074C236010BD0000001002400020024057
:102230000000FFF8FFFFF6FE08ED00E000127A0054
:102240001400002000093D0018000020014605E0B0
:10225000002001E0421CD0B20A28FBDB0A1EA1F1DB
:102260000101F5D1704710B5044603E04FF47A70D0
:10227000FFF7ECFF201EA4F10104F7D110BD704759
:1022800008B50720009002E00098401E00900098DA
:102290000028F9D108BD10B54FF40070E649086078
:1022A00040100860FFF7ECFFE3480838006808B901
:1022B000012000E0002000F4007008B1002010BDF3
:1022C0004FF40070DC49091D0860FFF7D9FFDA48B8
:1022D0000838006800F4007008B10020EFE74FF400
:1022E0000070D549091D0860FFF7CAFF0120E6E725
:1022F00010B54FF48070D049091D0860FFF7C0FF8A
:102300004FF40070CC49091D0860FFF7B9FF4FF486
:102310008070C9490860FFF7B3FF4FF40070C649E9
:102320000860FFF7ADFF10BD10B54FF48070C249D3
:10233000091D0860FFF7A4FF4FF40070BE49091D96
:102340000860FFF79DFF4FF48070BB490860FFF7FE
:1023500097FF4FF48070B849091D0860FFF790FFA0
:1023600010BD10B54FF48070B349091D0860FFF728
:1023700087FF4FF40070B0490860FFF781FF4FF40A
:102380008070AD490860FFF77BFF4FF48070AA4969
:10239000091D0860FFF774FF10BD10B54FF4807081
:1023A000A549091D0860FFF76BFF4FF40070A249B3
:1023B0000860FFF765FF4FF480709F490860FFF7E2
:1023C0005FFF9D480838006800F4007030B14FF49A
:1023D00080709949091D0860002010BD4FF480707D
:1023E0009549091D08600120F7E770B504460825E6
:1023F0001DE04FF480709049091D0860FFF740FF11
:1024000004F0800020B14FF400708B49086004E0B4
:102410004FF400708849091D08606006040EFFF73C
:102420002FFF4FF4807084490860FFF729FF281EB2
:10243000A5F10101CDB2DCD14FF480707E49091DB8
:10244000086070BD70B508250024A8017A490860AD
:1024500016E06006040E4FF480707749091D08608D
:10246000FFF70EFF4FF4807073490860FFF708FF15
:1024700071480838006800F4007008B144F00104A5
:10248000281EA5F10101CDB2E3D14FF480706A4955
:10249000091D0860204670BD08B501210820FEF71F
:1024A00047FA4FF44070ADF8000002208DF80200AA
:1024B00014208DF8030069465F481038FDF77CFF53
:1024C00008BD2DE9F04105460E4617469846FFF730
:1024D000E2FE10B90020BDE8F081002141EA45018B
:1024E000C8B2FFF782FFFFF758FF18B9FFF700FFE8
:1024F0000020F0E73046FFF778FFFFF74EFF00249B
:102500000BE018F80400FFF770FFFFF746FF18B95B
:10251000FFF7EEFE0020DEE7641CBC42F1DBFFF7B4
:10252000E7FE0120D7E72DE9F04104460D461646A7
:102530001F463B46324629462046FFF7C2FF10B1F0
:102540000020BDE8F0814FF0FF30FAE72DE9F041BF
:1025500005460F4614461E46FFF79DFE10B90020A3
:10256000BDE8F081002141EA4501C8B2FFF73DFF17
:10257000FFF713FF18B9FFF7BBFE0020F0E738465E
:10258000FFF733FFFFF709FFFFF785FE012101EB9E
:102590004501C8B2FFF729FFFFF7FFFE0CE0FFF788
:1025A00051FF3070012C02D1FFF7DBFE01E0FFF795
:1025B000BBFE761C601EC4B2002CF0D1FFF798FE63
:1025C0000120CDE72DE9F04104460D4616461F4691
:1025D0003B46324629462046FFF7B8FF10B100209F
:1025E000BDE8F0814FF0FF30FAE770B504460D46C4
:1025F0001646FFF750FE08B9002070BD002141EAE1
:102600004401C8B2FFF7F1FEFFF7C7FE18B9FFF7A4
:102610006FFE0020F1E72846FFF7E7FEFFF7BDFE5B
:102620003046FFF7E2FEFFF7B8FEFFF761FE01203C
:10263000E3E7002070470000100C014008B50121BD
:102640001120FEF775F901210B48FDF786FF4FF4C5
:10265000C040ADF8000003208DF8020010208DF876
:10266000030069460548FDF7A7FE4FF4C041034843
:10267000FDF74FFF08BD00000002300000100140D0
:10268000002400270026FFF760FD41F61F4141F2BC
:10269000883001F0E3FF02F01DF801F04DFE00F07C
:1026A000DBF800F03DF8FFF7C9FF02F099F800F001
:1026B000E9F800F050F9FFF7EFFE0A2000F028FEDD
:1026C00000F05CFA00F0CCFD00F046FE0021084668
:1026D00001F0C9FC104807784FF0E020006940F095
:1026E00001004FF0E021086114E000F0B7FA6EB984
:1026F00009480578E81BC0B204442F46B4F5C87FEA
:1027000003D3064800F014FE012600BF01F0DBFDF4
:1027100001F063FCE9E70000A40000200000F042A3
:1027200008B501210820FEF703F94FF47040ADF819
:10273000000010208DF8030003208DF80200694688
:10274000FE48FDF739FE4FF47041FC48FDF7E1FE0D
:1027500008BD08B501210846FEF7F7F8012104205D
:10276000FEF7E6F80C20ADF8000018208DF8030005
:1027700003208DF802006946F148FDF71DFE08BDF3
:1027800030B587B00025002440F2E730ADF81400E2
:102790000020ADF81000ADF81600ADF8120004A945
:1027A0004FF08040FEF7FCF96020ADF800000120FA
:1027B000ADF80200ADF806500020ADF808006946FB
:1027C0004FF08040FEF7B8FA0821C806FEF78AFEEF
:1027D0000120ADF80200ADF806400020ADF8080079
:1027E00069464FF08040FEF7F2FA0821C806FEF76E
:1027F00082FE01218807FEF72FFE01218807FEF7E0
:102800002BFD07B030BD2DE9FF4104460D4627469C
:102810002E466020ADF800000120ADF80200ADF8B2
:1028200006700020ADF8080069464FF08040FEF7C2
:1028300083FA0821C806FEF755FE0120ADF8020014
:10284000ADF8066069468007FEF7C1FA0821C806A0
:10285000FEF751FEBDE8FF8110B5FFF77AFFFFF7E5
:102860008FFF10BDB7490888098821F00101B54ADA
:1028700011807047B4490888098821F00101B24AE3
:102880001180704700B589B001210220FEF75DF884
:1028900001210420FEF74CF801A8FDF718FEC02026
:1028A000ADF8040004208DF8070003208DF8060021
:1028B00001A9A348FDF780FD4FF4A060FDF720FCBF
:1028C0001D208DF8080001208DF8090003208DF8E7
:1028D0000A0001208DF80B0002A8FDF716FC9948AC
:1028E0001038FEF789F806A8FEF786FC0020ADF840
:1028F00018004FF6FF70ADF81C000020ADF81E0068
:10290000ADF81A0006A98F481038FEF749F90A23D6
:102910001A4603218B481038FEF751FD03A8FEF735
:102920007EFC0620ADF8140003A986481038FEF797
:10293000CAFB012183481038FEF754FF01221146DB
:1029400080481038FEF7A3FC01217E481038FEF7BE
:1029500083FC09B000BD00B589B001210420FDF75A
:10296000F4FF01210820FDF7E3FF01A8FDF7AFFD0B
:10297000C020ADF8040004208DF8070003208DF876
:10298000060001A96D48FDF717FD4FF4A060FDF7A3
:10299000B7FB1E208DF8080001208DF809000320E8
:1029A0008DF80A0001208DF80B0002A8FDF7ADFBA1
:1029B00065481038FEF720F806A8FEF71DFC002039
:1029C000ADF818004FF6FF70ADF81C000020ADF810
:1029D0001E00ADF81A0006A95B481038FEF7E0F8B3
:1029E0000A231A46032158481038FEF7E8FC03A8CA
:1029F000FEF715FC0620ADF8140003A95248103864
:102A0000FEF761FB012150481038FEF7EBFE012272
:102A100011464D481038FEF73AFC01214A4810385B
:102A2000FEF71AFC09B000BD00B585B001210420F5
:102A3000FDF77EFF01210220FDF787FF8020ADF822
:102A4000100004208DF8130003208DF8120004A953
:102A50003B48FDF7B1FC4FF4A060FDF751FB1D2092
:102A60008DF8000001208DF8010003208DF8020090
:102A700001208DF803006846FDF747FB3148103808
:102A8000FDF7BAFF4FF6FF70ADF808000020ADF873
:102A90000400ADF80A00ADF8060001A92948103875
:102AA000FEF77EF800231A46602126481038FEF70C
:102AB00022FC002123481038FEF762FE0121214844
:102AC0001038FEF7C9FB05B000BD00B585B0012187
:102AD0000820FDF72DFF01210420FDF736FF80209F
:102AE000ADF8100004208DF8130003208DF81200BB
:102AF00004A91248FDF760FC4FF4A060FDF700FB4D
:102B00001E208DF8000001208DF8010003208DF8B3
:102B1000020001208DF803006846FDF7F6FA0A4826
:102B20001038FDF769FF4FF6FF70ADF80800002080
:102B3000ADF80400ADF80A0008E00000000C014008
:102B4000000801401004004010080040ADF80600E5
:102B500001A90948FEF724F800231A466021064817
:102B6000FEF7C9FB00210448FEF70AFE01210248D6
:102B7000FEF772FB05B000BD0008004070B50024F0
:102B800002F0F9FA0446002C60D17CA001F051FD5E
:102B9000782001F052FF18B981A001F04AFD02E04F
:102BA00087A001F046FD782002F034F918B98FA013
:102BB00001F03FFD02E096A001F03BFD642002F031
:102BC0000AFA18B99EA001F034FD02E0A6A001F0B7
:102BD00030FD03F0C1FD18B9ACA001F02AFD02E000
:102BE000B7A001F026FDC54804F092FC054603F0AD
:102BF000BDFD18B9C2A001F01CFD02E0CAA001F0A1
:102C000018FD40F2731004F0F2F918B9D2A001F0E7
:102C100010FD02E0D9A001F00CFD642003F060FF7C
:102C200018B9E2A001F005FD02E0E9A001F001FD04
:102C300004F082FC012003F0D5FA18B9EFA001F0EE
:102C4000F8FC0AE0F6A001F0F4FC06E04FF40051B5
:102C5000FE48FDF760FC00BFFEE770BD2DE9F04FB8
:102C600089B0FB48FB49FC4BFC4ACDE90010FC490C
:102C7000FC4804F01BFBF748008800F48070002833
:102C80007AD0F649086804F089FF04464FF09D4168
:102C900004F0BEFDF4490860F049486804F07EFF86
:102CA00004464FF09D4104F0B3FDF0490860EB4944
:102CB000886804F073FF04464FF09D4104F0A8FDBE
:102CC000EB490860E549C86804F068FF04464FF026
:102CD0009D4104F09DFDE7490860E34801684FF01D
:102CE000804004F063FD0690E1480168069804F016
:102CF0005DFD8246DD4801684FF0404004F056FD1E
:102D00000690DC480168069804F050FD8346514661
:102D100004F0F4FC079004F08DFF064606F0B2F9CB
:102D200080464FF06632D44B04F057FE044604F060
:102D3000ADFFD2490860CE4801684FF0804004F0F2
:102D400035FD0390CA480168039804F02FFD8246C0
:102D5000C64801684FF0404004F028FD0390C34886
:102D60000168039804F022FD8346514604F018FDE3
:102D700081464FF07E5183E10CE200006D707520BA
:102D8000696E697469616C697A6174696F6E2063D8
:102D90006F6D706C6574652E2E2E2E2E2E0A2000FF
:102DA0006D70755F7365745F73656E736F722063AA
:102DB0006F6D706C657465202E2E2E2E2E2E0A00DF
:102DC0006D70755F7365745F73656E736F7220638A
:102DD0006F6D65206163726F7373206572726F72BD
:102DE000202E2E2E2E2E2E0A000000006D70755FF4
:102DF000636F6E6669677572655F6669666F20638B
:102E00006F6D706C657465202E2E2E2E2E2E0A008E
:102E10006D70755F636F6E6669677572655F666911
:102E2000666F20636F6D65206163726F73732065D9
:102E300072726F72202E2E2E2E2E2E0A000000008F
:102E40006D70755F7365745F73616D706C655F72D3
:102E500061746520636F6D706C657465202E2E2E15
:102E60002E2E2E0A000000006D70755F7365745F72
:102E700073616D706C655F72617465206572726FED
:102E800072202E2E2E2E2E2E0A000000646D705FF2
:102E90006C6F61645F6D6F74696F6E5F6472697689
:102EA00065725F6669726D7761726520636F6D70C0
:102EB0006C657465202E2E2E2E2E2E0A000000002A
:102EC000646D705F6C6F61645F6D6F74696F6E5F6E
:102ED0006472697665725F6669726D77617265208A
:102EE000636F6D65206163726F7373206572726FBB
:102EF00072202E2E2E2E2E2E0A00000028000020DA
:102F0000646D705F7365745F6F7269656E74617410
:102F1000696F6E20636F6D706C657465202E2E2E48
:102F20002E2E2E0A00000000646D705F7365745FC2
:102F30006F7269656E746174696F6E20636F6D6521
:102F4000206163726F7373206572726F72202E2E10
:102F50002E2E2E2E0A000000646D705F656E616279
:102F60006C655F6665617475726520636F6D706C0A
:102F7000657465202E2E2E2E2E2E0A00646D705F35
:102F8000656E61626C655F6665617475726520630C
:102F90006F6D65206163726F7373206572726F72FB
:102FA000202E2E2E2E2E2E0A00000000646D705F43
:102FB0007365745F6669666F5F7261746520636FC5
:102FC0006D706C657465202E2E2E2E2E2E0A00003C
:102FD000646D705F7365745F6669666F5F7261745C
:102FE0006520636F6D65206163726F737320657216
:102FF000726F72202E2E2E2E2E2E0A006D70755F8F
:103000007365745F646D705F737461746520636F62
:103010006D706C657465202E2E2E2E2E2E0A0000EB
:103020006D70755F7365745F646D705F73746174E8
:103030006520636F6D65206163726F7373206572C5
:10304000726F72202E2E2E2E2E2E0A00001001409E
:10305000620000206000002050000020EC010020F1
:103060005A000020540000203400002038000020C6
:103070003C0000204000002066A64C404400002098
:1030800004F03CFB044604F0D5FDCDE904014348BF
:1030900001684FF0804004F089FB83464048016896
:1030A000584604F083FB81463E4801684FF080405B
:1030B00004F07CFB83463C480168584604F076FBEC
:1030C0008246494604F01AFB044604F0B3FD074665
:1030D000DDE9042306F01EFA4FF06632334BCDE9EA
:1030E000060104F07AFC054604F0D0FD3049086082
:1030F0002D480168006804F059FB039029480168D5
:10310000006804F053FB029025480168006804F051
:103110004DFB834621480168006804F047FB59468F
:10312000019004F0EBFA8246029904F039FB8146E3
:10313000039904F035FB044604F07CFDCDE904015D
:10314000194801681548006804F030FB82461548AC
:1031500001681348006804F029FB8346514604F0D7
:10316000CDFA81464FF0804104F020FB044604F084
:1031700061FD0746DDE9042306F0CCF94FF0663225
:103180000A4BCDE9060104F028FC054604F07EFD5B
:103190000849086009B0BDE8F08F00003400002045
:1031A000380000203C0000204000002066A64C4073
:1031B000480000204C000020704700BFFEE700BF21
:1031C000FEE700BFFEE700BFFEE7704770477047AD
:1031D00010B51D480078401C1B4908701B4800783A
:1031E000401C1A4908701A480078401C1849087099
:1031F00000F03CFB17480078401C16490870164840
:103200000078401C1449087014480078401C134989
:1032100008700E480078012806DB01F0CCFA00F0B7
:10322000D0FC00200949087009480078082806DB0E
:1032300000F049FB0020064908700649087000F0BC
:1032400030F900F04CFA10BDA4000020A9000020C5
:10325000A5000020A6000020A7000020A800002054
:1032600030B527480068C822B0FBF2F1B1F1807F89
:1032700001D301201DE021F07F40401E4FF0E022ED
:10328000506150170F22002807DA13071D0E1D4B3F
:1032900000F00F04241F1D5503E013071C0E1A4BEA
:1032A0001C5400BF00204FF0E02290610720106105
:1032B000002008B100BFFEE74FF0E020006920F0D9
:1032C00001004FF0E021086130BD01B50F490098C1
:1032D00008604FF0E020006940F001004FF0E0216D
:1032E000086100BF094800680028FBD108BD0748F5
:1032F000006820B105480068401E04490860704716
:103300001400002018ED00E000E400E0640000205C
:10331000002107E042F6E06100BF0A1EA1F10103AF
:1033200099B2FAD1021EA0F1010398B2F2D170470E
:103330000021FE4A1170FE490860FE490978FE4AE4
:1033400011700021FD4A1160FA490978FC4A117098
:103350000021FC4A1180704700B50020FA4908801E
:10336000FA490880FA490860FA490860FA49086091
:10337000FA490860FA490860FA490860FA490860A1
:10338000FA490860FA490860FA490860FA49086091
:10339000FA490860FA490860FA490860FA49086081
:1033A000FA490860FA490860E2490870F94908706A
:1033B000F9490870DF480078DF4908700020DF49CC
:1033C0000860DC480078DE4908700020DD4908808C
:1033D000F2490860F2490860F248FFF7A9FF0020AF
:1033E000F149086000BD2DE9F041F048006804F0A3
:1033F00021FC0446EE48D0E900633246204604F042
:103400002DFC07D0EA48D0E90021104604F03EFC2C
:10341000E6490860E748006804F00CFC0446E4480C
:10342000D0E902633246204604F018FC07D0E04899
:10343000D0E90221104604F029FCDE490860DE488C
:10344000006804F0F7FB04460D46D949D1E904634E
:103450003246294604F002FC07D0D548D0E90421C1
:10346000104604F013FCD4490860D448006804F006
:10347000E1FB0446CE48D0E906633246204604F01C
:10348000EDFB07D0CA49D1E90621104604F0FEFB46
:10349000CA4908600020C1490860C1490860BDE808
:1034A000F0812DE9F041C6480068012810D10020C4
:1034B000BE490860C348006804F07EFB064600224F
:1034C000C14B04F08AFA044604F0E0FBB7490860F7
:1034D000BB480068022812D10020B6490860BB49E9
:1034E0000968A1F1400004F067FB06460022B84BD2
:1034F00004F073FA044604F0C9FBAE490860B5490C
:10350000B1F9040004F04AFBB3490860B349B1F9CA
:10351000040004F043FBB24908600021B148006890
:1035200004F0D0FB0BD0B049AE48006804F0CAFBF1
:1035300005D3AE49AB48006804F0CEFB05D24FF48A
:103540000051AB48FCF7E7FF04E04FF40051A848F6
:10355000FCF7DFFF0021A748006804F021F981494A
:1035600008609E49B1F9000004F018FB0646914836
:103570000168304604F01AF904467B48016879482E
:10358000006804F00DF9064688480168304604F0EA
:103590000DF90546214604F0B1F876490860BDE80A
:1035A000F0812DE9F04104460D46002C0CDA4FF471
:1035B00080419148FCF7ADFF4FF400418E48FCF785
:1035C000AAFF604204B20AE04FF400418A48FCF7C7
:1035D000A0FF4FF480418848FCF79DFF00BF002DFD
:1035E0000CDA4FF400518448FCF793FF4FF48051FC
:1035F0008148FCF790FF684205B20AE04FF4805121
:103600007D48FCF786FF4FF400517B48FCF783FFB1
:1036100000BFAFB2A6B231464FF08040FEF7B8F817
:1036200039464FF08040FEF7B5F874496D480068A0
:1036300004F052FB23D372496A48006804F042FB4D
:1036400002D24FF0010801E04FF0000800214F487E
:10365000006804F037FB01D1012000E0002008EAF7
:10366000000800214A48006804F02CFB01D1012029
:1036700000E0002008EA0008B8F1000F0DD000219A
:103680004FF08040FEF784F800214FF08040FEF7B5
:1036900081F801205B49086002E000205949086078
:1036A00059493048006804F017FB05D357492D48A5
:1036B000006804F007FB0DD200214FF08040FEF7B8
:1036C00067F800214FF08040FEF764F801204D4973
:1036D000086002E000204B490860BDE8F08170B549
:1036E000224804682E480168204604F007F8044682
:1036F00021462048006804F001F82049086021466E
:103700001C48006804F04CF81B4908601B4800681E
:1037100004F063FA00B2B0F57A7F02DD3C48174945
:1037200008601648006804F058FA73E0750000203D
:103730008C000020A40000207400002070000020F5
:10374000980000209A000020F2000020F0000020E5
:1037500000010020FC0000200801002004010020DE
:103760000C010020CC000020BC000020280100201B
:10377000B0000020C0000020C8000020C4000020CD
:103780002401002068010020640100203001002095
:103790002C010020A5000020A60000209C00002095
:1037A000A00000200000F0421C010020DC000020EE
:1037B00020980008E0000020E4000020E80000203D
:1037C0004C0100203C0100200080FB3F4001002014
:1037D0000000C43F5A0000205C010020540000207B
:1037E00060010020440000200000A0C10000A041B2
:1037F0000010014048000020000C01400000204162
:10380000000020C11801002000004842000048C20A
:1038100000007A4400B210F57A7F02DAFB48FC49D6
:103820000860FC48006804F0D8F900B2B0F57A7F6F
:1038300002DDF948F7490860F648006804F0CDF960
:1038400000B210F57A7F02DAF048F2490860F148D8
:10385000006804F0C2F905B2ED48006804F0BDF953
:1038600006B229463046FFF79CFE70BD70B5EB48A6
:10387000FDF7A9FF0446EA48FDF7A5FF0546E9481C
:103880000460E94805600021E448FDF779FF002164
:10389000E348FDF775FF20B2E4490880684200B2B2
:1038A000E3490880E3480068E049B1F900100844A2
:1038B000E0490860E0480068DD49B1F900100844BB
:1038C000DD49086070BD2DE9FC5FDA490968DA4A14
:1038D0001268881804F062F9D8490860D649096866
:1038E000D44A1268881A04F059F90446D44903F0FE
:1038F0005DFF8346D249584604F0EEF907D24FF0F7
:103900007E51584604F0DEF901D24FF0000B002042
:10391000C9490860C7490860CA48006804F08AF9C4
:1039200006464FF06632C84B04F057F8044604F0E0
:10393000ADF9C4490860C148006804F07BF94FF054
:103940003332C24BCDE9000104F047F806460F467A
:10395000BC48006804F06EF9804632463B4603F0EE
:1039600095FF044604F092F9B649086008460168DC
:10397000B748006803F0C2FEB5490860B548016861
:10398000B348006803F0BAFEB1490860B248016864
:10399000AF48006803F0B2FEAD490860AF48006868
:1039A000012801D100200860A948006804F015F939
:1039B000B0F5FA5F02DDAA48A5490860A44800688E
:1039C00004F00BF910F5FA5F02DAA648A049086086
:1039D000A5480068032812D10020A4490860A44922
:1039E0000968A1F1800004F0E7F806460022A14B27
:1039F00003F0F3FF044604F049F99C4908609A4833
:103A00000068042812D100209B4908609B4909687E
:103A1000A1F1C00004F0D0F806460022984B03F054
:103A2000DCFF044604F032F993490860002188481D
:103A3000006803F0B5FE06468F480168304603F083
:103A4000B5FE044600217F48006803F0A9FE064643
:103A500086480168304603F0A9FE0546214603F07A
:103A60004DFE8849086088498848006804F034F9A8
:103A700005D387498548006804F024F90AD28148B3
:103A8000006880F0004481480168204603F0C0FED1
:103A9000824601E04FF0000A70480068012801D119
:103AA0004FF0000A7B49504604F016F901D2DFF8C6
:103AB000E4A17949504604F005F901D2DFF8D8A114
:103AC00076480168504603F06BFE0546744903F0E2
:103AD0006DFE044671480168204603F00FFE6F49F1
:103AE00008605E48006800285BD15A48006820F0F2
:103AF00000446C49204604F0EFF852D800215846A3
:103B000004F0E0F808D06848006820F000446749F5
:103B1000204604F0E1F807D265496648006803F0E2
:103B200045FE644908600BE06349584603F03EFED9
:103B3000044660480168204603F0E0FD5D490860E6
:103B40005E495C48006804F0C7F802D25B485949F6
:103B500008605B495748006804F0B4F802D258483E
:103B6000544908605749584603F020FE044651481E
:103B70000168204603F0C2FD53490860534952488A
:103B8000006804F0A9F802D250484F490860504933
:103B90004D48006804F096F811D24D484A49086033
:103BA0000DE04C494348006803F000FE41490860BD
:103BB00048494548006803F0F9FD43490860BDE8FD
:103BC000FC9F2DE9F0414448006800281DD143487E
:103BD000FDF7F9FD00EB800000EB001044002046EB
:103BE00003F0EAFF054600223D4B03F068FF07465D
:103BF00004F04CF83B4908603B48007820B90020AD
:103C000015490860BDE8F08170E099E000007AC4D1
:103C1000C4000020C800002000007A4400040040D6
:103C2000000800401001002014010020F0000020D6
:103C3000F2000020FC000020000100200401002010
:103C4000000080BF080100206666E63F3333D33FA3
:103C50000C010020240100201C010020180100207C
:103C60000000FA450000FAC54C010020E4000020E5
:103C7000440100200000DE3FE80000204801002051
:103C80000000C43FB80000206F12833ADC0000201F
:103C90006F1283BA0000A0400000A0C0BC0000204A
:103CA0009A99993E0000F041280100200000A041AF
:103CB00048E17A3F9C0000200AD7A33B0000204245
:103CC000000020C20AD7233EA00000200000A0422E
:103CD0000000A0C2CDCC4C3F34010020002C01409C
:103CE000000069402001002075000020FE480068A7
:103CF00003F0A0FF04460022FC4B03F0AFFF03D803
:103D0000FB48FC4908601BE0FB49F748006803F0EA
:103D1000E3FF01D8012400E000244FF08241F24883
:103D2000006803F0CFFF01D8012000E0002004402C
:103D30001CB1F248EF49086002E00020ED4908603C
:103D400000BFBDE8F0812DE9FC5FED480068012867
:103D500078D1EC48D0F800B0EB4800680190EB480F
:103D6000B0F90290EA48B0F900A0DF48046848467C
:103D700003F014FF06464FF08D4103F049FD054660
:103D8000E44903F013FDE4490860504603F006FFE0
:103D90000646E24903F004FD0546E14903F038FD1B
:103DA000E0490860584603F045FF0746DE4ADF4B0E
:103DB00003F085FE054603F069FF8346019803F092
:103DC00039FF0546D84AD94B03F079FE074603F080
:103DD0005DFF01905021D64803F06CFCD448D5A17A
:103DE000096801600A21D44803F064FCD34800212B
:103DF0000160416001810A21D14803F05BFCD14898
:103E000000210160416001810A21CF4803F052FC8A
:103E1000CE480021016041600181CD49584603F040
:103E200051FF10D8CB49584603F056FF0BD85846DF
:103E300003F000FF05462A460B46C7A1BE4804F022
:103E400063F902E0C7E0BDE8FC9FC149019803F0B7
:103E500039FF0FD8BF49019803F03EFF0AD80198F7
:103E600003F0E8FE05462A460B46BBA1B34804F022
:103E70004BF900E0E7E7BA49A748006803F02CFFD8
:103E800011D2B849A448006803F01CFF0BD2A24825
:103E9000006803F0CFFE05462A460B46AEA1A848AF
:103EA00004F032F900E0CEE7AF499E48006803F025
:103EB00013FF11D2AD499B48006803F003FF0BD2FA
:103EC0009848006803F0B6FE05462A460B46A2A1B4
:103ED0009C4804F019F900E0B5E70021204603F002
:103EE000FBFE0FD8A249204603F0ECFE0AD2204682
:103EF00003F0A0FE05462A460B4697A1924804F01F
:103F000003F900E09FE7002000F0ACFC009000986F
:103F100003F04DFE0746974903F048FC06464FF074
:103F20008B4103F075FC0546934903F039FC934936
:103F3000086000219148006803F0CEFE11D889493D
:103F40008E48006803F0BEFE0BD28C48006803F078
:103F500071FE05462A460B467FA17C4804F0D4F842
:103F600000E070E77449724803F0AFFB84A1704829
:103F700003F0ABFB71496E4803F0A7FB81A16C48CD
:103F800003F0A3FB6E496A4803F09FFB7EA16848DB
:103F900003F09BFB6B49664803F097FB7BA16448E9
:103FA00003F093FB6849624803F08FFB79A16048F6
:103FB00003F08BFB65495E4803F087FB76A15C4804
:103FC00003F083FB5021754803F074FB50225849DD
:103FD000724803F056FB00BF35E710B57048006823
:103FE000401E6F49086046480068012807D108460E
:103FF000006820B9FFF7A7FE684800F00EFB68488C
:10400000006818B941F288306549086010BD2DE993
:10401000F04180460D4614461E46069F61492046E3
:1040200003F050FE00D25F4C0021384603F04AFEF8
:1040300000D200275C49384603F04EFE00D25A4FAA
:104040005A48C0F8008045608460C660076101205E
:104050005749087057480078574908700020574959
:104060000860BDE8F0810222514B1A70544A10607A
:10407000544A11604F4A12784F4B1A7000224F4B2E
:104080001A6070472DE9F0414A4804784E4800789C
:10409000201A00F0FF084C4804704C480088C828DB
:1040A0000AD24A48008840444849088008460088A7
:1040B000C82801D9C82008804548056800260A4854
:1040C000076842480088C8280BD34249384603F0A5
:1040D00003FE06D24049384603F0F4FD01D83F4DB7
:1040E0003F4E404805607FE0200100200000104066
:1040F000000096C31C0100200000A0400000FA430D
:1041000050010020C4000020C80000205A000020F8
:1041100054000020CDCC1C415C0100209A190043C2
:10412000000003436001002048E17A14AE470F40CD
:10413000FC010020244C5600140300201E03002024
:1041400028030020320300203C0300204603002007
:1041500000007A4400007AC425332E326600000045
:104160000000A0C10000A04100803BC500803B458D
:1041700000401C46CDCC5441CDCC4C3EAC00002080
:104180002C5256002C4143002C4759002C435342DB
:10419000000000002C565400230000004C020020B8
:1041A00054010020CDCCCC3D6666E63E7800002070
:1041B00075000020A4000020740000207000002082
:1041C0009000002094000020980000209A00002019
:1041D0008C0000200AD7233C000070410000A04260
:1041E00000005C4324010020474806600020474946
:1041F000086047490860BDE8F0812DE9FF5F454848
:10420000047845480078201AC0B2039042480470F0
:10421000424801680398084440490860084600681D
:1042200003F0C5FC07463E4903F0C0FA06463D4888
:104230008168304603F0BAFA05463A48C168284614
:1042400003F05CFA814649464FF0804003F0AEFA35
:10425000009003F0EFFC054605F01CFA074603F05A
:1042600015FD83462F480169584603F09FFA8246A0
:104270002C4801694FF07E5003F092FA51460190AC
:1042800003F03CFA029027490868029903F08EFA7D
:1042900025490860484603F0CDFC074605F048FA7A
:1042A000054603F0F3FC82461E484168504603F081
:1042B0007DFA15490860012014490860002014495E
:1042C0000860BDE8FF9F10B518480078B8B1012814
:1042D00002D0022812D102E0FFF78FFF12E014484B
:1042E0000068114908601348006807490860012008
:1042F0000649086000200649086003E000BFFFF798
:10430000C1FE00BF00BF10BD280100203401002005
:104310001C010020A4000020740000207000002078
:104320000AD7A33B7800002024010020750000205C
:10433000900000209400002000B585B0012144F2D7
:104340000400FCF7F5FA4FF40070ADF810001820E7
:104350008DF8130003208DF8120004A9BB48FCF768
:104360002BF84FF48060ADF8100004208DF8130096
:1043700004A9B648FCF720F84FF4E1300090002083
:10438000ADF80400ADF80600ADF80800ADF80C007B
:104390000C20ADF80A006946AD48FDF77EFA012110
:1043A000AB48FDF706FB05B000BD08B54FF48060D3
:1043B000FBF7A6FE27208DF8000004208DF80100F1
:1043C00001208DF802008DF803006846FBF79DFE82
:1043D00008BD00B585B001218804FCF7B6FA0121BB
:1043E0000820FCF7A5FA4FF48060ADF81000182003
:1043F0008DF8130003208DF8120004A99548FBF7EF
:10440000DBFF4FF40060ADF8100004208DF81300BE
:1044100004A99048FBF7D0FFFFF7C7FF4FF41650F1
:1044200000900020ADF80400ADF80600ADF80800DB
:10443000ADF80C000C20ADF80A0069468648FDF77F
:104440002CFA012240F225518348FDF7BEFA0121E2
:104450008148FDF7AEFA05B000BD70B504460D46C3
:10446000E1B27B48FDF712FB00BF40217848FDF721
:104470007BFB0128F9D1204670BDF0B503460D46FF
:104480001646002729460A2E03D000200870284629
:10449000F0BD33B9302001F8010B00200870284628
:1044A000F6E7002B03DA2D2001F8010B5B4242F204
:1044B00010720DE093FBF2F404B937B104F130004F
:1044C00001F8010B04FB123301270A2092FBF0F2E2
:1044D000002AEFDC002008702846D9E70FB470B539
:1044E00086B006460CA8019073E00B9800785C2813
:1044F0001CD10B98401C0B9000786E2809D07228B4
:104500000FD10D213046FDF7C1FA0B98401C0B90DE
:104510000BE00A213046FDF7B9FA0B98401C0B90CE
:1045200003E00B98401C0B9000BF4BE00B98007809
:10453000252840D10B98401C0B900078642818D097
:10454000732833D1019810C801900BE021783046D0
:10455000FDF79CFA00BF40213046FDF705FB00281F
:10456000F9D0641C20780028F0D10B98401C0B90E7
:1045700020E0019820C801900A2202A92846FFF7EE
:104580007CFF02AC0BE021783046FDF77FFA00BFDC
:1045900040213046FDF7E8FA0028F9D0641C207865
:1045A0000028F0D10B98401C0B9003E00B98401CA6
:1045B0000B9000BF06E00B9810F8011B0B903046E3
:1045C000FDF764FA00BF40213046FDF7CDFA002820
:1045D000F9D00B980078002887D106B070BC5DF840
:1045E00014FB10B5044621461948FDF74FFA00BFE9
:1045F00040211748FDF7B8FA0128F9D110BD10B5D0
:10460000044621461448FDF741FA00BF40211248F4
:10461000FDF7AAFA0128F9D110BD70B505462C4660
:1046200003E02078FFF7EBFF641C20780028F8D126
:1046300070BD70B505462C4603E02078FFF7D1FF2A
:10464000641C20780028F8D170BD000000080140EB
:1046500000380140000C0140004800407FB504468E
:104660000D460121C802FCF763F941F28830ADF82C
:10467000080041F61F40ADF804000120ADF80A0023
:104680000020ADF8060001A91148FCF789FA0122C3
:1046900041210F48FCF7FBFD19208DF80000032095
:1046A0008DF8010000208DF8020001208DF8030034
:1046B0006846FBF72AFD7FBD10B501210448FDF7D0
:1046C00094F818B101210248FDF7A0F810BD0000D0
:1046D000002C01401FB501213D48FBF73EFF0121A1
:1046E0000920FCF725F90120ADF80C0010208DF809
:1046F0000F0003208DF80E0003A93648FBF75CFE7F
:104700000220ADF80C0028208DF80F0003A93148D5
:10471000FBF752FE01210846FBF764FF02200190DF
:1047200000208DF8080008208DF8090001208DF880
:104730000A0001A8FBF760FD07208DF800000320A8
:104740008DF8010001208DF802008DF80300684605
:10475000FBF7DBFC1FBD10B50220FBF7B3FD48B330
:1047600000211D48FDF70CF801211B48FCF774FDE2
:1047700001201A49086012E01748FDF724F80A28BA
:1047800007DB00211448FCF767FD0020134908608F
:1047900005E002210F48FBF7A2FE104908600F4810
:1047A00000680028E8D100210B48FCF755FD0220E5
:1047B000FBF799FD10BD10B501210648FBF7A9FED6
:1047C0000C20FDF743FD01210248FBF7A4FE10BDBC
:1047D00000023000000C0140002C0140B801002014
:1047E00000B587B001214FF40170FCF7A1F84FF438
:1047F0000040FCF701F80120ADF8040000208DF81E
:10480000070001A92348FBF7D7FD2348FDF706FA67
:10481000002002908DF80C008DF80D004FF4602000
:1048200004900020059001208DF8180002A91A4874
:10483000FDF71BFA01211848FDF743FA1648FDF76A
:1048400062FA00BF1448FDF763FA0028FAD1124853
:10485000FDF768FA00BF1048FDF769FA0028FAD1A1
:1048600007B000BD10B504460723012221460A48BF
:10487000FDF793FA01210848FDF763FA00BF022112
:104880000548FDF7CFFB0028F9D00348FDF7ECFA07
:1048900010BD000000080140002401400648804788
:1048A00006480047FEE7FEE7FEE7FEE7FEE7FEE715
:1048B000FEE7FEE7FEE7FEE74B210008ED000008FB
:1048C00038B50446FB4890F82400C0B114B102206A
:1048D000009001E000200090F64A1268D17BF54A72
:1048E000526810786B460122FDF71DFE10B14FF0A3
:1048F000FF3038BD9DF80010EE48417423E0ED48CC
:10490000807A10B94FF0FF30F3E724B1E948407CDA
:1049100008B10020EDE714B10120009001E0002073
:104920000090E44A1268D17BE24A526810786B46E4
:104930000122FDF7F8FD10B14FF0FF30D9E79DF8E7
:104940000010DC4841740020D3E738B5002419E09A
:10495000D8480068C07AA04204D0D6480068407D9C
:10496000A04200D10CE0D349496808786B46012287
:104970002146FDF727FE10B14FF0FF3038BD00BFD4
:10498000601CC4B2CB4840680079A042E0DC002043
:10499000F4E770B504460D46C6480068C07AA042E8
:1049A00004D0C4480068407DA04202D14FF0FF30DF
:1049B00070BDC04840680079A04202DC4FF0FF3073
:1049C000F6E7BC49496808782B4601222146FDF7E5
:1049D000F9FDEDE738B50446B64890F82300A0424B
:1049E00001D1002038BD14B13020009001E000203A
:1049F0000090B048807C20B19DF8000040F002009B
:104A00000090AC4890F8220020B19DF8000040F0E2
:104A100080000090A74A1268117DA64A526810785B
:104A20006B460122FDF77FFD10B14FF0FF30D9E753
:104A3000A04880F823400020D4E738B5044604F0AD
:104A4000700010B10120009005E014B1002000902A
:104A500001E040200090974A1268917C954A526884
:104A600010786B460122FDF75EFD20B100219148D0
:104A70008172481E38BD9DF8000020F040018D482D
:104A800001730020009004F0400020B99DF8000060
:104A900040F00400009004F0200020B99DF80000D0
:104AA00040F00200009004F0100020B99DF80000D2
:104AB00040F00100009004F0080020B99DF80000CB
:104AC00040F0380000907B4A1268D17C794A5268E5
:104AD00010786B460122FDF726FD20B100217548B4
:104AE0008172481EC6E724B1082C02D00020FFF7CF
:104AF00071FF70488472002101753220FDF7B3FB0D
:104B00000020B7E738B504466A48807CA04201D14E
:104B1000002038BD002C46D0664A12681179654ADB
:104B2000526810786B460122FDF74CFD10B14FF032
:104B3000FF30EEE79DF8000020F0200000905D4A75
:104B4000126811795B4A526810786B460122FDF7B2
:104B5000EAFC10B14FF0FF30DBE70320FDF783FBE9
:104B600002200090534890F8220020B19DF80000E8
:104B700040F0800000904F4890F8230020B19DF84D
:104B8000000040F0300000904A4A1268117D494A06
:104B9000526810786B460122FDF7C5FC002851D001
:104BA0004FF0FF30B5E7434A12681179414A526825
:104BB00010786B460122FDF705FD10B14FF0FF3074
:104BC000A7E73C48807A00F0010028B19DF800007A
:104BD00040F02000009004E09DF8000020F020004C
:104BE0000090344A12681179324A526810786B4644
:104BF0000122FDF798FC10B14FF0FF3089E7032048
:104C0000FDF731FB2B4890F8220010B18020009076
:104C100001E000200090274890F8230020B19DF883
:104C2000000040F030000090224A1268117D214AB5
:104C3000526810786B460122FDF775FC10B14FF0F9
:104C4000FF3066E71B488474002062E708B5194806
:104C5000807A10B94FF0FF3008BD00200090154A4F
:104C60001268D17B134A526810786B460122FDF717
:104C70005AFC10B14FF0FF30EEE70E4A126851793E
:104C80000C4A526810786B460122FDF74CFC10B1BB
:104C90004FF0FF30E0E7074A12681179054A526881
:104CA00010786B460122FDF73EFC28B14FF0FF3033
:104CB000D2E70000BC010020F74890F8240000284B
:104CC00053D00C200090F44A12681179F24A5268CD
:104CD00010786B460122FDF726FC10B14FF0FF3033
:104CE000BAE73220FDF7BFFAC0200090EA48807A88
:104CF00000F0010020B19DF8000040F0200000907D
:104D0000E54A12681179E44A526810786B4601222C
:104D1000FDF709FC10B14FF0FF309DE7DE48407C05
:104D200010B10220009001E000200090DA4A1268E1
:104D3000D17BD94A526810786B460122FDF7F3FB0C
:104D400010B14FF0FF3087E700200090D24A126880
:104D50005179D14A526810786B460122FDF7E3FB86
:104D6000002855D04FF0FF3076E704200090CA4A63
:104D700012681179C84A526810786B460122FDF713
:104D8000D2FB10B14FF0FF3066E7C348807C20B9FA
:104D9000C148807A00F0010010B94020009001E085
:104DA00060200090BC4A12681179BB4A52681078A2
:104DB0006B460122FDF7B7FB10B14FF0FF304BE718
:104DC0003220FDF750FAB448407C10B10120009029
:104DD00001E000200090B04A1268D17BAE4A5268D0
:104DE00010786B460122FDF79EFB10B14FF0FF30AB
:104DF00032E7A94A12685179A74A52681078A64B3F
:104E000010330122FDF78FFB10B14FF0FF3023E785
:104E1000002021E770B50446002624F001049E48D6
:104E200090F8240008B1002070BD9B48807A10B92A
:104E30004FF0FF30F8E79848057C807A204096498B
:104E400008740846007CA04202D04FF0FF3600E014
:104E5000002614B99048007D18B10120FFF730FDFD
:104E600002E00020FFF72CFD3CB1FFF7EFFE20B180
:104E7000894805744FF0FF30D6E73046D4E738B59F
:104E800004468548807A10B94FF0FF3038BDBC2CFD
:104E900002DB0120009015E0622C02DB0220009072
:104EA00010E02A2C02DB032000900BE0142C02DB24
:104EB0000420009006E00A2C02DB0520009001E0AF
:104EC000062000907448C07A9DF80010884201D1F5
:104ED0000020DBE7704A126891786F4A52681078B8
:104EE0006B460122FDF71FFB10B14FF0FF30CDE7FD
:104EF0009DF800106848C1720020C7E738B5044625
:104F0000282C02DD4FF0FF3038BDDCB90020FFF760
:104F100061FD00208DF8000007208DF801005E4A39
:104F20001268917C5C4A526810786B460222FDF749
:104F3000FAFA10B14FF0FF30E6E70021564801754C
:104F40000020E1E70120FFF745FD20208DF800005B
:104F5000012C06D100208DF801000520FFF78FFFFE
:104F600017E0052C06DC01208DF801000520FFF775
:104F700086FF0EE0142C06DC02208DF801000A20CA
:104F8000FFF77DFF05E003208DF801001420FFF7F7
:104F900076FF9DF80100072101EB8010C0B28DF86B
:104FA00001003D4A1268917C3B4A526810786B467A
:104FB0000222FDF7B8FA10B14FF0FF30A4E7082144
:104FC0003548817200210173012101750020FFF72E
:104FD00021FF002098E738B504462F48807A10B9A1
:104FE0004FF0FF3038BD2C4890F8240010B14FF03E
:104FF000FF30F7E72848007D50B134B1282C04DC9D
:10500000E0B2FFF77BFF0020ECE70020FFF776FF20
:10501000042C01DA042404E0B4F57A7F01DD4FF4B6
:105020007A744FF47A7090FBF4F0401EC0B2009096
:10503000194A12685178184A526810786B46012252
:10504000FDF771FA10B14FF0FF30CBE79DF800008B
:10505000401C4FF47A7191FBF0F081B20E48C1818F
:105060000146C9894810FFF70AFF0020BAE738B5A2
:1050700004460948807A10B94FF0FF3038BD022C41
:1050800006D0042C0AD0082C0BD0102C0FD10BE02A
:10509000002000900EE00000BC01002008200090DD
:1050A00008E01020009005E01820009002E04FF08A
:1050B000FF30E3E700BFF848407A9DF80010B0EBFE
:1050C000E10F01D10020D9E7F34A1268D179F24A01
:1050D000526810786B460122FDF725FA10B14FF0A7
:1050E000FF30CBE79DF80000C110EB484172002073
:1050F000C4E738B50446E848807A10B94FF0FF306D
:1051000038BDFA2C09D0B4F5FA7F09D0B4F57A7F0E
:1051100009D0B4F5FA6F0CD108E0002000900BE044
:105120000820009008E01020009005E01820009072
:1051300002E04FF0FF30E3E700BFD748007A9DF868
:105140000010B0EBE10F01D10020D9E7D24A12687C
:105150009179D14A526810786B460122FDF7E3F944
:1051600010B14FF0FF30CBE79DF80000C010CA49E6
:1051700008720020C4E71CB580208DF80000C64AE4
:105180001268917CC44A526810786B460122FDF780
:10519000CAF910B14FF0FF301CBD6420FDF763F871
:1051A00000208DF80000BC4A1268917CBA4A52680F
:1051B00010786B460122FDF7B6F910B14FF0FF30C1
:1051C000EAE7B54A1268917DB34A526810786B4697
:1051D0000622FDF7F7F910B14FF0FF30DCE79DF83C
:1051E0000500C007400F9DF8031001F0010140EADF
:1051F00041009DF8011001F0010140EA01048CB169
:10520000012C03D10121A448C17430E0022C03D148
:105210000021A148C1742AE0A0A0FFF70AFA4FF0CC
:10522000FF30B9E79C4A1268D1789B4A52681078DF
:105230006B460122FDF7C6F910B14FF0FF30ABE726
:105240009DF8000000F00F042CB99E48FFF7F1F91B
:105250004FF0FF30A0E7042C06D19BA0FFF7E9F93F
:1052600001218D48C17402E000218B48C174FF21E7
:1052700089488172FF2088490872FF21864841725F
:10528000C1724FF6FF71C181FF2101748174012148
:10529000017380F82210002180F8231041750175F8
:1052A0001630016041608160163880F8241080F863
:1052B0002510C1844FF4FA60FFF71BFF10B14FF0C7
:1052C000FF3069E70220FFF7D2FE10B14FF0FF3048
:1052D00062E72A20FFF7D3FD10B14FF0FF305BE704
:1052E0003220FFF778FE10B14FF0FF3054E7002076
:1052F000FFF790FD10B14FF0FF304DE70020FFF7B2
:1053000001FC10B14FF0FF3046E70020FFF795FB9E
:10531000002041E77CB504460D465F48807A00F0E6
:10532000700010B94FF0FF307CBD5B4A1268117BF2
:10533000594A526810786B460622FDF743F910B1BE
:105340004FF0FF30F0E79DF801009DF8001040EAB3
:10535000012000B220809DF803009DF8021040EA71
:10536000012000B260809DF805009DF8041040EA1D
:10537000012000B2A08015B12846FCF780FF002074
:10538000D2E77CB504460D464348807A00F0080019
:1053900010B94FF0FF307CBD3F4A1268517B3E4A46
:1053A000526810786B460622FDF70CF910B14FF0E9
:1053B000FF30F0E79DF801009DF8001040EA012061
:1053C00000B220809DF803009DF8021040EA012001
:1053D00000B260809DF805009DF8041040EA0120AD
:1053E00000B2A08015B12846FCF749FF0020D2E7A3
:1053F0002DE9FE4F05460C462748807A18B94FF034
:10540000FF30BDE8FE8F244A1268917B224A526821
:10541000107802AB0222FDF7D5F810B14FF0FF3043
:10542000EFE79DF809009DF8081040EA012006B258
:1054300014B12046FCF723FF17494968C88802F0D9
:10544000B6FB154901904968B1F9080002F0A6FBC6
:105450008346304602F0A2FB5946009002F0A0F9C4
:105460008246019902F0D4F981461F4902F046F9BB
:1054700080464FF08F4102F099F9074602F0ADFBEC
:1054800028600020BDE710B588B004461CB94FF075
:10549000FF3008B010BD29E0BC010020556E7375C7
:1054A00070706F7274656420736F66747761726573
:1054B0002070726F64756374207265762025642E87
:1054C0000A00000098A6000848616C662073656EAB
:1054D0007369746976697479207061727420666F7B
:1054E000756E642E0A00000000000C42206830B97E
:1054F000606820B9A06810B9002008B010BDFA4952
:105500004968087806AB03221146FDF75BF810B135
:105510004FF0FF30F1E79DF81800082101EB201053
:1055200000F00F00ADF800009DF8190001EB20100D
:1055300000F00F00ADF802009DF81A0001EB2010FA
:1055400000F00F00ADF8040020684100BDF9000034
:10555000403091FBF0F000B2ADF8100060684100FF
:10556000BDF90200403091FBF0F000B2ADF812003E
:10557000A0684100BDF90400403091FBF0F000B29A
:10558000ADF81400D8494968087806AB06221146E0
:10559000FDF718F810B14FF0FF30AEE79DF8190095
:1055A0009DF8181040EA012000B2ADF808009DF8FF
:1055B0001B009DF81A1040EA012000B2ADF80A0065
:1055C0009DF81D009DF81C1040EA012000B2ADF8C6
:1055D0000C00BDF81000BDF80810084400B2ADF88A
:1055E0001000BDF81200BDF80A10084400B2ADF872
:1055F0001200BDF81400BDF80C10084400B2ADF85C
:105600001400BDF81000000A8DF81800BDF8100055
:10561000C0B28DF81900BDF81200000A8DF81A000A
:10562000BDF81200C0B28DF81B00BDF81400000ACE
:105630008DF81C00BDF81400C0B28DF81D00AA49F9
:105640004968087806AB06221146FCF76CFF10B1DA
:105650004FF0FF3051E700204FE70146A248007AA3
:1056600030B1012807D0022809D003280FD10AE061
:10567000FA2008800EE04FF4FA7008800AE04FF438
:105680007A70088006E04FF4FA60088002E000209B
:10569000088000BF00BF0020704701469248407A52
:1056A00030B1012807D0022808D003280CD108E027
:1056B000022008700BE00420087008E00820087041
:1056C00005E01020087002E04FF0FF30704700BF87
:1056D0008548C07C18B108784006000E087000208C
:1056E000F4E701468048C07A082817D2DFE800F0C6
:1056F0001704070A0D101318BC20088013E062205D
:10570000088010E02A2008800DE0142008800AE0BC
:105710000A20088007E00520088004E000BF00BFE1
:105720000020088000BF00BF0020704701466E487F
:1057300090F8240010B14FF0FF3070476A48C089DC
:1057400008800020F9E7014600200880401E7047CD
:1057500001464FF0FF30704701466348007A30B190
:10576000012807D0022808D003280CD108E05F48A0
:1057700008600BE05E48086008E05E48086005E0ED
:105780005D48086002E04FF0FF30704700BF002026
:10579000FBE701465448407A30B1012808D002287E
:1057A0000AD0032810D10BE04FF4804008800EE0AF
:1057B00041F69C7008800AE04FF48050088006E0B3
:1057C0004FF40060088002E04FF0FF30704700BFE8
:1057D0004548C07C10B10888401008800020F5E7DB
:1057E00001464148007C08700020704701463E4851
:1057F000807A10B10120087001E0002008700020BC
:10580000704738B504463848807A10B94FF0FF30F9
:1058100038BD354A1268117C334A526810786B469D
:105820000222FCF7CFFE10B14FF0FF30F0E79DF8F9
:1058300001009DF8001040EA012000B22080002005
:10584000E6E72DE9FE4F0746884692461D46DDF8FD
:1058500030B000260024244890F8240010B1601EC7
:10586000BDE8FE8F002028701F48807A10B94FF0E5
:10587000FF30F5E71C48007C10B94FF0FF30EFE730
:105880001948007C00F0400008B1B01CC6B21648B0
:10589000007C00F0200008B1B01CC6B21248007CA9
:1058A00000F0100008B1B01CC6B20F48007C00F038
:1058B000080008B1B01DC6B20B4A1268917A0A4AB4
:1058C000526810786B460222FCF77CFE10B14FF054
:1058D000FF30C5E79DF801009DF8001040EA01295E
:1058E000B1450BDA0020BBE7BC01002000000343F8
:1058F000000083423333034233338341FC48406822
:105900004088B9EB600F17DDF94A1268517CF84AFC
:10591000526810786B460122FCF754FE10B14FF02C
:10592000FF309DE79DF8000000F0100020B1FFF768
:105930008DF96FF0010093E75046FCF7A0FCEC4AAC
:105940001268D17AEA4A526810786B463246FCF700
:1059500039FE10B14FF0FF3082E799FBF6F0401EA0
:105960008BF8000000202870B4422AD0E048007C68
:1059700000F0080028B3601C1DF800001DF804109A
:1059800040EA012000B2A8F80000E01C1DF8001059
:10599000A01C1DF8000041EA002000B2A8F8020097
:1059A000601D1DF80010201D1DF8000041EA0020B8
:1059B00000B2A8F80400287840F008002870A01D64
:1059C00084B2B44213D0CA48007C00F0400070B1E9
:1059D000601C1DF800001DF8041040EA012000B210
:1059E0003880287840F040002870A01C84B2B4426F
:1059F00013D0BF48007C00F0200070B1601C1DF87F
:105A000000001DF8041040EA012000B278802878D8
:105A100040F020002870A01C84B2B44213D0B448D7
:105A2000007C00F0100070B1601C1DF800001DF833
:105A3000041040EA012000B2B880287840F010003D
:105A40002870A01C84B200200AE7F8B504460F466F
:105A50001646A74890F8240010B94FF0FF30F8BD63
:105A6000A348807A10B94FF0FF30F8E7A04A1268D7
:105A7000917A9F4A526810786B460222FCF7A2FD89
:105A800010B14FF0FF30EAE79DF801009DF80010DB
:105A900040EA0125A54203DA00203070401EDEE70F
:105AA000934840684088B5EB600F17DD904A126854
:105AB000517C8F4A526810786B460122FCF782FDB8
:105AC00010B14FF0FF30CAE79DF8000000F0100061
:105AD00020B1FFF7BBF86FF00100C0E7E2B2844BE2
:105AE0001B68D97A824B5B6818783B46FCF76AFDE5
:105AF00010B14FF0FF30B2E795FBF4F0401E30706C
:105B00000020ACE701467A4880F822100020704758
:105B10007CB5054676494968087801AB04220D2119
:105B2000FCF750FD08B107207CBD9DF80700C0F3CD
:105B300001109DF8041001F0E00140EAE1008DF849
:105B400000009DF80700C0F381009DF8051001F0EA
:105B5000E00140EAE1008DF801009DF8070000F047
:105B600003009DF8061001F0E00140EAE1008DF825
:105B7000020000241CE01DF8040018B9002045F8BC
:105B8000240013E05B4845F8240006E055F82400A3
:105B9000594901F00BFE45F824001DF80400401E91
:105BA000C0B20DF804000028F0D100BF601CC4B2E0
:105BB000032CE0DB0020B7E72DE9FE4F06460F4639
:105BC00000256846FFF7A4FF002442E056F82400B1
:105BD00057F82410A0EB010ABAF1000F01DB51467F
:105BE00001E0CAF10001084601F0D8FF83464FF0FA
:105BF0008F4101F00DFE80465DF82400002102F087
:105C000061F816D05DF82410404601F001FE82468E
:105C10004FF07E5101F0C4FD814629F0004A37481B
:105C2000416A504602F058F812D20120A0400543C4
:105C30000EE03248C169404602F044F805D32F48CF
:105C4000016A404602F048F802D20120A040054314
:105C5000641C032CBADB2846BDE8FE8F2DE9FC5FEF
:105C600006460F46002522494968087801AB032201
:105C70000D21FCF7A7FC10B10720BDE8FC9F9DF8A3
:105C8000040000F01F008DF804009DF8050000F0EE
:105C90001F008DF805009DF8060000F01F008DF82C
:105CA0000600002462E056F8240057F82410A0EB08
:105CB000010BBBF1000F01DB594601E0CBF1000104
:105CC000084601F06BFF4FF08F41009001F0A0FDFE
:105CD000814601A8005DC0B30849086801F067FF6C
:105CE00083465946064801F093FD80460FE00000C8
:105CF000BC0100207B14AE3E1D5A843F689800080A
:105D000000B04C45FE49404601F050FD804601A8D8
:105D1000005D401EC0B201A908550028F2D14146DD
:105D2000484601F075FD83464FF07E5101F038FD85
:105D300082462AF0004BF3488169584601F0CCFFB7
:105D400013D20120A04005430FE0FFE7ED480169B1
:105D5000484601F0B7FF05D3EA484169484601F0DB
:105D6000BBFF02D20120A0400543641C032C9ADB38
:105D7000284682E72DE9F04F87B005460C4691464C
:105D800001208DF8100000208DF81100DE4A126805
:105D9000917CDD4A5268107804AB0222FCF7C3FB09
:105DA00020B14FF0FF3007B0BDE8F08FC820FCF7FE
:105DB0005AFA00208DF81000D34A1268D17BD24ADB
:105DC0005268107804AB0122FCF7ADFB10B14FF024
:105DD000FF30E8E7CC4A12685179CB4A5268107814
:105DE00004AB0122FCF79FFB10B14FF0FF30DAE764
:105DF000C54A1268917CC44A5268107804AB0122EB
:105E0000FCF791FB10B14FF0FF30CCE7BE4A1268AF
:105E1000D17DBD4A5268107804AB0122FCF783FBA8
:105E200010B14FF0FF30BEE7B74A12681179B64A99
:105E30005268107804AB0122FCF775FB10B14FF0EB
:105E4000FF30B0E70C208DF81000AF4A12681179CE
:105E5000AD4A5268107804AB0122FCF764FB10B124
:105E60004FF0FF309FE70F20FCF7FDF9A648806A4E
:105E7000407A8DF81000A44A12689178A24A5268BC
:105E8000107804AB0122FCF74EFB10B14FF0FF304D
:105E900089E79D48806A007A8DF810009A4A126856
:105EA0005178994A5268107804AB0122FCF73BFB09
:105EB00010B14FF0FF3076E7B9F1000F07D09248EC
:105EC000806A807A40F0E0008DF8100004E08E488F
:105ED000806A807A8DF810008B4A126891798A4A1C
:105EE0005268107804AB0122FCF71DFB10B14FF093
:105EF000FF3058E7B9F1000F07D08348806AC07AB5
:105F000040F0E0008DF8100003E07E48C07A8DF884
:105F100010007D4A1268D1797B4A5268107804AB30
:105F20000122FCF700FB10B14FF0FF303BE7B9F165
:105F3000000F02D0C820FCF796F940208DF8100021
:105F4000714A12681179704A5268107804AB0122C4
:105F5000FCF7E9FA10B14FF0FF3024E778208DF814
:105F60001000694A12685179674A5268107804AB88
:105F70000122FCF7D8FA10B14FF0FF3013E7614966
:105F80008889FCF770F900208DF810005E4A1268CD
:105F900051795D4A5268107804AB0122FCF7C3FACC
:105FA00010B14FF0FF30FEE6574A1268917A564A18
:105FB0005268107804AB0222FCF704FB10B14FF0DA
:105FC000FF30F0E69DF811009DF8101040EA012B1B
:105FD0000C209BFBF0F0C6B20020A860686028602F
:105FE000A06060602060824665E0474A1268D17A0E
:105FF000454A5268107804AB0C22FCF7E3FA10B162
:106000004FF0FF30CFE69DF811009DF8101040EAE8
:10601000012000B2ADF808009DF813009DF81210A1
:1060200040EA012000B2ADF80A009DF815009DF885
:10603000141040EA012000B2ADF80C00BDF90810C0
:10604000206808442060BDF90A1060680844606058
:10605000BDF90C10A0680844A0609DF817009DF8D9
:10606000161040EA012000B2ADF800009DF81900BA
:106070009DF8181040EA012000B2ADF802009DF82A
:106080001B009DF81A1040EA012000B2ADF8040090
:10609000BDF90010286808442860BDF9021068683E
:1060A00008446860BDF90410A8680844A8600AF1B3
:1060B000010000F0FF0AB24597DB1248D0F800C09B
:1060C0002868C117090441EA104107046246002309
:1060D000384601F0A5FA32460023CDE9020101F06D
:1060E0009FFA28600748D0F800C06868C117090403
:1060F00041EA1041070462460023384606E00000EA
:1061000054E3853F68980008BC01002001F088FA3C
:1061100032460023CDE9020101F082FA6860FE48B0
:10612000D0F800C0A868C117090441EA104107046B
:1061300062460023384601F073FA32460023CDE967
:10614000020101F06DFAA860F348D0F804C021689C
:10615000C817000440EA11480F046246002338467D
:10616000414601F05DFA32460023CDE9020101F01B
:1061700057FA2060E848D0F804C06068C1170904E5
:1061800041EA1041070462460023384601F048FA0C
:1061900032460023CDE9020101F042FA6060DE4898
:1061A000D0F804C0A068C117090441EA10410704EF
:1061B00062460023384601F033FA32460023CDE927
:1061C000020101F02DFAA060A068002804DDA0689B
:1061D000A0F58030A06003E0A06800F58030A060EA
:1061E0000020E0E538B50446CC4890F82400A042F1
:1061F00001D1002038BD24B3C84890F8250010B95B
:106200004FF0FF30F6E70020FEF75AFB0020FEF7C4
:1062100079FCC249C88CFEF7DEFE00200090BF4921
:10622000496808786B4601222321FCF77CF901219B
:10623000BA4880F824100120FEF742FBFEF706FD65
:1062400013E00020FEF73CFBB448007C0090B3490B
:10625000496808786B4601222321FCF764F9002184
:10626000AE4880F82410FEF7F1FC0020C2E72DE9CB
:10627000F04F8DB083460F4602200C90A74890F84F
:10628000240020B10020FFF7ADFF012600E000262A
:1062900003A8FFF7E2F905A8FFF7FFF901A8FFF748
:1062A00020FA02A8FFF742FA9C4890F80AA004A836
:1062B000FFF796FA002407E0002239465846FFF718
:1062C00059FD00B902E0641C022CF5DB00BF022C72
:1062D00001D1002528E0002407E0012206A909A831
:1062E000FFF748FD00B902E0641C022CF5DB00BF9B
:1062F000022C01D1002517E006A93846FFF75CFC07
:1063000000F0FF0809A95846FFF7A8FC00F0FF09B4
:106310000025B9F1000F01D145F00105B8F1000FDA
:1063200001D145F0020500BFFF207C490872FF2122
:106330007A484172C1724FF6FF71C181FF218172AB
:10634000017401210173BDF80C00FEF7D2FE9DF827
:106350001400FEF78CFEBDF80400FEF790FDBDF8BA
:106360000800FEF738FE5046FEF767FB9DF8100068
:10637000FEF750FD16B10120FFF734FF28460DB09F
:10638000BDE8F08FF8B504460D46164616B94FF035
:10639000FF30F8BD6148807A10B94FF0FF30F8E760
:1063A00020128DF80000E0B28DF801009DF8010088
:1063B00028445A4949684989884202DD4FF0FF3034
:1063C000E7E7564A1268117E544A526810786B46C5
:1063D0000222FCF7A8F810B14FF0FF30D9E7EAB27B
:1063E0004E4B1B68597D4D4B5B6818783346FCF764
:1063F0009AF810B14FF0FF30CBE70020C9E7F8B5AD
:1064000004460D46164616B94FF0FF30F8BD434816
:10641000807A10B94FF0FF30F8E720128DF80000B5
:10642000E0B28DF801009DF8010028443B4949681D
:106430004989884202DD4FF0FF30E7E7374A1268AA
:10644000117E364A526810786B460222FCF76BF8D0
:1064500010B14FF0FF30D9E7EAB2304B1B68597DDD
:106460002E4B5B6818783346FCF7ACF810B14FF050
:10647000FF30CBE70020C9E72DE9F04385B00546A2
:106480000E4690469946254890F8250020B14FF0D9
:10649000FF3005B0BDE8F08316B94FF0FF30F8E7E4
:1064A000002423E0281B102801DD102000E0281B19
:1064B00087B2321939462046FFF764FF10B14FF01A
:1064C000FF30E6E701AA39462046FFF798FF10B1F2
:1064D0004FF0FF30DDE730193A4601A901F001F92C
:1064E00010B16FF00100D4E7E01984B2AC42D9DBFF
:1064F0004FEA28208DF8000008F0FF008DF8010019
:10650000064A1268917E054A526810786B4602224C
:10651000FCF709F838B103E068980008BC010020D6
:106520004FF0FF30B5E701218A4880F82510A0F828
:1065300026900020ADE70146864890F824000870B8
:106540000020704702464FF0FF30704701464FF081
:10655000FF307047F8B505460F461446002C70D042
:10656000B5F5FF5F01DDFF2605E0202D01DA0126EC
:1065700001E0C5F3471607B90127282C02DD4FF0CB
:10658000FF30F8BD7348407D28BB724890F8240066
:1065900038B10020FFF726FE01216E4880F8201058
:1065A00003E000216B4880F820106A481630FFF79E
:1065B00054F868481830FFF770F866481A30FFF74B
:1065C00090F864481C30FFF7B1F86248817A81770F
:1065D0001F30FFF705F90020FEF772F90020FEF7E3
:1065E0008DFC00208DF800005A4A12689178594AB3
:1065F000526810786B460122FBF795FF10B14FF0FF
:10660000FF30BEE740208DF80000524A1268D17B6F
:10661000504A526810786B460122FBF784FF00B1A4
:1066200065E08DF800608DF801704A4A1268117AB1
:10663000484A526810786B460222FBF774FF08B193
:1066400055E047E00520FBF70EFE4248407A07215F
:1066500001EBC000C0B28DF800003E4A1268D1794B
:106660003C4A526810786B460122FBF75CFF00B190
:106670003DE020208DF80000012C03D100208DF892
:1066800001000EE0052C03DC01208DF8010008E07C
:10669000142C03DC02208DF8010002E003208DF8A9
:1066A00001009DF80100072101EB8010C0B28DF8B8
:1066B0000100284A1268917C264A526810786B467D
:1066C0000222FBF730FF00B111E0012121484175A2
:1066D000002056E71F4A1632002103E0505C00B14B
:1066E00005E0491C0C29F9D34FF0FF3049E7FF20A2
:1066F00018490872FF2117484172C1724FF6FF71A5
:10670000C181FF2181720174012101730146887FDB
:10671000FEF793F90F49C88AFEF7EBFC0D49087E96
:10672000FEF7A5FC0B49488BFEF7A9FB0949888BAE
:10673000FEF751FC0749C87FFEF76CFB054890F84F
:10674000200010B10120FFF74DFD002101484175E7
:10675000002016E7BC01002010B5C8234FF480626A
:10676000F74940F6F630FFF787FE10BD10B586B04A
:106770000446F4A000680390F3A000680290F3A020
:1067800000680190F2A00068009004F0030003A9E3
:10679000085C8DF8140003A8C4F3C101405C8DF8B7
:1067A000150003A8C4F38111405C8DF8160004F0B5
:1067B000030002A9085C8DF8100002A8C4F3C1010F
:1067C000405C8DF8110002A8C4F38111405C8DF883
:1067D000120005AA032140F22640FFF7D3FD18B1AD
:1067E0004FF0FF3006B010BD04AA032140F22A404A
:1067F000FFF7C8FD10B14FF0FF30F3E701980590A7
:106800000098049004F0040058B19DF8140040F082
:1068100001008DF814009DF8100040F001008DF883
:10682000100004F0200058B19DF8150040F0010060
:106830008DF815009DF8110040F001008DF8110051
:1068400004F4807058B19DF8160040F001008DF8F6
:1068500016009DF8120040F001008DF8120005AA04
:1068600003214FF48860FFF78DFD10B14FF0FF302A
:10687000B8E704AA032140F23140FFF783FD10B1CD
:106880004FF0FF30AEE7B34804810020AAE71FB500
:106890000446B048007A00F0030054F8200001904C
:1068A000AC48007A00F0040010B101984042019019
:1068B000A848007AC0F3C10054F820000290A5480F
:1068C000007A00F0200010B1029840420290A148E6
:1068D000007AC0F3811054F8200003909D4800898D
:1068E00000F4807010B10398404203909A490198D7
:1068F00080FB0101800F40EA8100019096490298D7
:1069000080FB0110820042EA917002909249039844
:1069100080FB0110820042EA917003900198000E02
:106920008DF800000198000C8DF801000198000A14
:106930008DF802000198C0B28DF803006A46042168
:106940004FF47470FFF71EFD18B14FF0FF3004B024
:1069500010BD0298000E8DF800000298000C8DF812
:1069600001000298000A8DF802000298C0B28DF86A
:1069700003006A4604214FF47570FFF703FD10B160
:106980004FF0FF30E3E70398000E8DF80000039806
:10699000000C8DF801000398000A8DF8020003989E
:1069A000C0B28DF803006A4604214FF47670FFF7F9
:1069B000E9FCCCE770B588B0064601A8FEF7E9FE11
:1069C000BDF804000021C90341EA5045C4036148F1
:1069D000007A00F0030056F8200005905D48007A28
:1069E00000F0040010B10598404205905948007A23
:1069F000C0F3C10056F8200006905648007A00F017
:106A0000200010B10698404206905248007AC0F328
:106A1000811056F8200007904E48008900F48070DD
:106A200010B10798404207900598C117A0FB0423B6
:106A300001FB043100FB0510810041EA92700590D2
:106A40000698C117A0FB042301FB043100FB0510CD
:106A5000810041EA927006900798C117A0FB0423B9
:106A600001FB043100FB0510810041EA92700790A0
:106A70000598000E8DF808000598000C8DF80900A7
:106A80000598000A8DF80A000598C0B28DF80B0031
:106A90000698000E8DF80C000698000C8DF80D007D
:106AA0000698000A8DF80E000698C0B28DF80F0007
:106AB0000798000E8DF810000798000C8DF8110053
:106AC0000798000A8DF812000798C0B28DF81300DD
:106AD00002AA0C214FF42570FFF754FC08B070BDDA
:106AE00030B585B004461DA207CA02AB07C3C82C47
:106AF00003DD4FF0FF3005B030BDC82090FBF4F04F
:106B0000401E85B2280A8DF80000E8B28DF8010019
:106B10006A46022140F21620FFF734FC10B14FF014
:106B2000FF30E8E702AA0C2140F6C120FFF72AFC5B
:106B300010B14FF0FF30DEE7064884810020DAE72D
:106B4000909800084CCD6C000CC92C00365676008D
:106B5000264666006003002009E3CA02FEF2ABC4C9
:106B6000AAF1DFDFBBAFDFDF0146FC488089088088
:106B7000002070472DE9FC4706460F4606F0070047
:106B800010B1B7F5C86F03DD4FF0FF30BDE8FC87EB
:106B9000384601F00CF88146F14900F039FE804694
:106BA0006846FEF77AFD9DF80000022806D004280A
:106BB00016D0082826D0102848D135E04FF08D4156
:106BC000404600F0F3FD814601F020F884B2E5492B
:106BD000404600F0EBFD814601F018F885B238E040
:106BE0004FF08C41404600F0E1FD814601F00EF887
:106BF00084B2DD49404600F0D9FD814601F006F837
:106C000085B226E04FF08B41404600F0CFFD814633
:106C100000F0FCFF84B2D549404600F0C7FD814634
:106C200000F0F4FF85B214E04FF08A41404600F0D6
:106C3000BDFD814600F0EAFF84B2CD49404600F038
:106C4000B5FD814600F0E2FF85B202E04FF0FF3073
:106C50009CE700BF20128DF80400E0B28DF805001B
:106C600028128DF80600E8B28DF8070006F0010042
:106C7000A0B101AA02214FF4EA70FFF783FB10B123
:106C80004FF0FF3082E70DF1060202214FF49270BF
:106C9000FFF778FB10B14FF0FF3077E706F0020006
:106CA000A0B101AA02214FF4EC70FFF76BFB10B109
:106CB0004FF0FF306AE70DF1060202214FF49470A5
:106CC000FFF760FB10B14FF0FF305FE706F0040004
:106CD000A0B101AA02214FF4EE70FFF753FB10B1EF
:106CE0004FF0FF3052E70DF1060202214FF496708B
:106CF000FFF748FB10B14FF0FF3047E7002045E7B2
:106D000038B504460020009004F0010020B19DF841
:106D1000000040F03000009004F0020020B19DF827
:106D2000000040F00C00009004F0040020B19DF839
:106D3000000040F0030000906A4601214FF4A47067
:106D4000FFF720FB38BD38B50446012C01DA0124D9
:106D500002E0042C00DD0424601EC0B200906A46EC
:106D6000012140F24F10FFF70DFB38BD38B5044646
:106D7000052094FBF0F085B228128DF80000E8B2EF
:106D80008DF801006A4602214FF4EF70FFF7FAFA1E
:106D900038BD38B50446052094FBF0F085B22812C2
:106DA0008DF80000E8B28DF801006A4602214FF428
:106DB000ED70FFF7E7FA38BDF8B505460E464FF41B
:106DC0007A7095FBF0F000FB06F4200E8DF80000C1
:106DD000200C8DF80100200A8DF80200E0B28DF839
:106DE00003006A4604214FF4AE70FFF7CBFAF8BDFA
:106DF00038B50446052094FBF0F084B220128DF8DB
:106E00000000E0B28DF801006A4602214FF4AD7037
:106E1000FFF7B8FA38BD38B50446052094FBF0F00A
:106E200084B220128DF80000E0B28DF801006A46AD
:106E300002214FF4AC70FFF7A5FA38BD38B504460F
:106E400014B94FF0FF3038BD6A4604214FF4587032
:106E5000FFF7D5FA10B14FF0FF30F4E79DF80000CE
:106E600000069DF8011040EA01409DF8021040EA3A
:106E700001209DF80310084320600020E3E738B5A7
:106E80000446200E8DF80000200C8DF80100200A29
:106E90008DF80200E0B28DF803006A4604214FF439
:106EA0005870FFF76FFA38BD38B5044614B94FF083
:106EB000FF3038BD6A4604214FF47170FFF79FFA26
:106EC00010B14FF0FF30F4E79DF8000000069DF888
:106ED000011040EA01409DF8021040EA01209DF8AF
:106EE0000310084300EB8000800020600020E0E7F2
:106EF00038B504461420B4FBF0F4200E8DF80000E1
:106F0000200C8DF80100200A8DF80200E0B28DF807
:106F100003006A4604214FF47170FFF733FA38BD5D
:106F200038B5044664B120208DF8000028208DF883
:106F3000010030208DF8020038208DF8030004E0B5
:106F4000A3220421684600F0AEFB6A46042140F605
:106F50009E20FFF717FAFDF779FE38BD6003002089
:106F600000004843000040460000C0450000404586
:106F70000000C04438B5044664B1C0208DF800005C
:106F8000C2208DF80100C4208DF80200C6208DF8C3
:106F9000030004E08B220421684600F084FB6A466B
:106FA000042140F69820FFF7EDF9FDF74FFE38BDBC
:106FB0003EB504466CB1FDA1D1E900208968CDE958
:106FC000002002916A4609214FF49760FFF7DAF931
:106FD0003EBDF9A2D2E900109268CDE9010200910C
:106FE0006A4609214FF49760FFF7CCF9F0E73EB508
:106FF000044602208DF80000CA208DF80100E3202D
:107000008DF8020009208DF803006A4604216820EB
:10701000FFF7B8F9A3208DF8000004F0400048B154
:10702000C0208DF80100C8208DF80200C2208DF824
:10703000030006E0A3208DF801008DF802008DF812
:10704000030004F4C07048B1C4208DF80400CC20C3
:107050008DF80500C6208DF8060006E0A3208DF807
:1070600004008DF805008DF80600A3208DF80700B8
:107070008DF808008DF809006A460A2140F6A7201D
:10708000FFF780F904F0030018B120208DF800000C
:1070900002E0D8208DF800006A46012140F6B620B3
:1070A000FFF770F904F0200018B10120FFF780FF0E
:1070B00002E00020FFF77CFF04F4C07008B304F482
:1070C000807060B1B2208DF800008B208DF8010037
:1070D000B6208DF802009B208DF803000BE0B02055
:1070E0008DF8000080208DF80100B4208DF802009A
:1070F00090208DF803006A46042140F6A220FFF795
:1071000041F904F0010020B3F8208DF800006A4630
:1071100001214FF40B60FFF735F9FA210720FFF743
:1071200029FD0720FFF7ECFD0120FFF70CFE64208E
:10713000FFF71CFE4FF4FA70FFF72BFEC821A148A1
:10714000FFF73AFE2820FFF753FE0A20FFF763FE01
:1071500008E0D8208DF800006A4601214FF40B604A
:10716000FFF710F904F0020018B1D9208DF80000E3
:1071700002E0D8208DF800006A46012140F23D70FF
:10718000FFF700F904F0040018B10120FFF7F2FE48
:1071900002E00020FFF7EEFE04F0100018B101201D
:1071A000FFF7BEFE02E00020FFF7BAFE44F0080041
:1071B00085494881FDF74AFD00208349887304F022
:1071C000400018B10846807B801D887304F4C070AD
:1071D00020B17D48807B801D7B49887304F01400BA
:1071E00020B17948807B10307749887304F0030020
:1071F00020B17548807B001D7349887300203EBD17
:107200000146714840890880002070472DE9F0410F
:107210000446E07800F0C006E07800F03F056078B2
:1072200000F0010098B1EF102846E91705EB517105
:10723000C910A5EBC101491C01F0FF0862480068B4
:1072400020B16148414602683846904700BF6078E7
:1072500000F0080030B15C48406818B1B0115A4ADB
:10726000516888470020BDE8F08110B586B004461B
:1072700056A207CA03AB07C357A207CA8DE8070087
:10728000012C09D0022C0ED103AA0B2140F682203A
:10729000FFF778F806B010BD6A460B2140F6822051
:1072A000FFF770F8F6E74FF0FF30F3E72DE9F04F06
:1072B0008DB00746884615469946DDE9166B0024D1
:1072C000002030804049887B5A4605A9FEF7BDFB67
:1072D00018B1601E0DB0BDE8F08F3B48807A00F019
:1072E0001400002861D09DF8140000069DF81510C8
:1072F00040EA01409DF8161040EA01209DF8171061
:10730000084328609DF8180000069DF8191040EA0F
:1073100001409DF81A1040EA01209DF81B10084317
:1073200068609DF81C0000069DF81D1040EA0140B1
:107330009DF81E1040EA01209DF81F100843A86028
:107340009DF8200000069DF8211040EA01409DF8BC
:10735000221040EA01209DF823100843E86004F160
:107360001000C4B2286800140190686800140290EC
:10737000A86800140390E868001404900198404342
:10738000029901FB0100039901FB0100049901FB33
:10739000010ABAF1706F02DBBAF1885F22DDFDF7F6
:1073A00055FC00203080401E94E721E0B8AAB38D40
:1073B000B4980D355D000000B8AAAAAAB088C3C56C
:1073C000C700000009E3CA0260030020D8B1B9F386
:1073D0008BA391B609B4D900DAB1B9F38BA391B6F6
:1073E000DAB4DA00B6F9000040F48070308000BFF3
:1073F0007848807A00F0400020B305A9601C085C42
:10740000095D40EA012000B2A8F8000005A9E01CCF
:10741000095C05AAA01C105C41EA002000B2A8F893
:10742000020005A9601D095C201D105C41EA0020D6
:1074300000B2A8F80400A01DC4B2B6F9000040F0E4
:10744000080030806348408900F4C07008B305A983
:10745000601C085C095D40EA012000B2388005A983
:10746000E01C095C05AAA01C105C41EA002000B2E7
:10747000788005A9601D095C201D105C41EA002090
:1074800000B2B880A01DC4B2B6F9000040F0700090
:1074900030805048807A00F0030018B105A908191F
:1074A000FFF7B4FE4846FAF7EAFE002012E701466D
:1074B000484801600020704701464648416000206E
:1074C0007047014691F90020002A01DD00201EE0EE
:1074D00091F90020002A01DA042018E091F9012036
:1074E000002A01DD012012E091F90120002A01DAD1
:1074F00005200CE091F90220002A01DD022006E0BF
:1075000091F90220002A01DA062000E007207047E6
:1075100070B505462846FFF7D4FF0446E81CFFF780
:10752000D0FF44EAC00084B2A81DFFF7CAFF44EAB6
:10753000801084B2204670BD70B588B002A905A83D
:10754000FEF795FE0446032C3FD101A8FEF704F98F
:10755000059800F023FB0646019900F027F905463F
:1075600000F03BFB0590069800F018FB06460199D9
:1075700000F01CF9054600F030FB0690079800F07B
:107580000DFB0646019900F011F9054600F025FBB8
:10759000079005A8FFF77BF96846FEF7FAF8BDF8F3
:1075A0000010029848430290BDF800100398484329
:1075B0000390BDF8001004984843049002A8FFF718
:1075C000F9F905A0FDF735F802E00CA0FDF731F858
:1075D00008B070BD6003002073657474696E672025
:1075E000626961732073756363657366756C6C792A
:1075F000202E2E2E2E2E2E0A0000000062696173AE
:1076000020686173206E6F74206265656E206D6FF7
:10761000646966696564202E2E2E2E2E2E0A0000C7
:107620002DE9F0410024061B254671F1000605DA1C
:1076300001240027D0EB070067EB0101161E73F150
:10764000000605DA0027D2EB0702012567EB0303EA
:1076500000F062FB86460E4617469C46AC4204D0BC
:107660000025D0EB050E65EB010624B10020D2EB1E
:10767000000760EB030C704631463A466346BDE8AE
:10768000F08140EA01039B0703D009E008C9121FFB
:1076900008C0042AFAD203E011F8013B00F8013BCC
:1076A000521EF9D27047D2B201E000F8012B491EF8
:1076B000FBD270470022F6E710B513460A4604468F
:1076C0001946FFF7F0FF204610BD421E12F8013F99
:1076D000002BFBD111F8013B02F8013B002BF9D143
:1076E000704730B504460020034600E05B1C93421F
:1076F00003D2E05CCD5C401BF8D030BDF0B480EA32
:107700000102D40F4200B2EB410F02D202460846FA
:1077100011464A0042D0C30DDDB2C1F3C752AD1AC3
:10772000202D35DAC1F3160141F4000204B15242B2
:10773000C5F1200602FA06F12A411044B3EBD05FEE
:1077400023D0C4B1012DA0EBC35009DCF0BC4FF035
:10775000004202EAC352DBB200F5000000F037BB82
:10776000400000F1807000EBC350A0F1807040EA4F
:10777000D170490009E0490841EAC071A0EBC3504B
:1077800000F50000400800EBC350F0BC00F016BB51
:107790006142012202EB4101001BF6E7F0BC704799
:1077A00081F00041AAE780F00040A7E780EA0102EB
:1077B00010B502F00043400022D04A001FD0010E55
:1077C00001EB1261C0F35600C2F3560240F4000010
:1077D00042F40002A0FB022000047F39140400D010
:1077E000401C50EA124001D44000491EC2B20C06AF
:1077F00004EBD010401C4008802A02D003E0002097
:1078000010BD20F00100002900DA0020184310BD4F
:1078100030B480EA010202F0004530F0004221F06D
:10782000004013D090B1C30DD40DC2F31601C0F3C4
:107830001600E41A41F4000140F400027D34914244
:1078400001D3641C00E04900002C02DA30BC0020A7
:1078500070474FF400000023914201D3891A03437B
:1078600040084FEA4101F7D151B1914202D14FF0A6
:10787000004105E002D24FF0010101E06FF001018B
:1078800003EBC450284430BC00F098BA2DE9FE4FF9
:10789000804681EA0300C00F0C46009021F00041B1
:1078A00023F00045B8EB0200A94105D2404621462D
:1078B00090461C460B46024623F00040104347D03A
:1078C000270DC7F30A00C3F30A510290401A019032
:1078D00040286BDAC3F3130040F4801B00989246F3
:1078E00020B10023D2EB030A63EB0B0B019859463E
:1078F000C0F14002504600F040FA06460D465046A0
:107900005946019A00F048FA10EB08006141002442
:1079100087EA115284EAE7731A4340D0009A62B3AF
:10792000019A012A4FEA075215DC001B61EB0201A4
:107930004FF0004202EA0752CDE90042001C41F537
:10794000801132462B4600F07FFA03B0BDE8F08F7D
:1079500040462146F9E7001B61EB0201001C41F59E
:10796000801300185B412018A2F5001747EB0301B4
:1079700040EAD570B6196D4111E06D084FEA360640
:1079800045EAC0754FEA0752001B61EB0201001C7B
:1079900041F5801149084FEA300000195141324643
:1079A0002B4603B0BDE8F04F00F03FBA009801222B
:1079B00040000023D0EB020263EBE0730098214605
:1079C0004FEAE074B8EB000061EB0401E9E783F0F3
:1079D00000435BE781F0004158E72DE9FE4F81EA63
:1079E000030404F0004421F0004100944FF0000B28
:1079F00023F0004350EA01045ED052EA03045BD056
:107A0000C3F30A54C1F30A552C44A4F2F33401948D
:107A1000A0FB0254C1F3130141F48011C3F313031B
:107A200043F4801301FB024400FB034E840A970ACF
:107A300044EA815447EA8357A4FB076802958D0AFC
:107A400005FB07854FEA932C04FB0C542705029D88
:107A50004FEA065847EA1637B5EB08056EEB070CF8
:107A6000870E920E47EA811742EA8312A7FB0201B2
:107A7000B6EB0B0164EB00042B0D43EA0C335E18EC
:107A800044EB1C50DA465146E7FB0201C5F31304F0
:107A90004FEA0B3343EA14534FEA0432019C43EAA2
:107AA0000603A4F10C040294009CCDE900B400F09C
:107AB000CBF903B0BDE8F08F00200146F9E72DE9CE
:107AC000F04D81EA030404F0004B21F00045144618
:107AD0004FF0000A23F0004150EA050220D054EA9A
:107AE00001021DD0C5F30A570246C5F31303C1F3C3
:107AF0001300C1F30A5640F4801543F48013A7EB3A
:107B00000608101BD64608F2FD3873EB050002D3B9
:107B100008F1010801E092185B41B8F1000F03DAA7
:107B200000200146BDE8F08D00204FF4801106468C
:107B300084460EE0171B73EB050705D3121B63EB9E
:107B4000050306434CEA010C49084FEA300092183D
:107B50005B4150EA0107EDD152EA030012D082EAFC
:107B6000040083EA0501084305D0101BAB4106D28F
:107B70000122002306E000224FF0004302E06FF0F4
:107B8000010253101AEB06004CEB085110EB0A00EF
:107B900041EB0B01BDE8F04D00F047B9C10F80EAA1
:107BA000E0700844CA079623002100F010B996231C
:107BB0000022114600F00BB90EB5C10F80EAE0704B
:107BC0000844CA07002140F233438DE80E000A46FC
:107BD0000B4600F039F903B000BD00F0004220F080
:107BE0000040C10DC0F3160040F400007F2901DA07
:107BF00000207047962903DCC1F19601C84001E0DE
:107C000096398840002AF4D04042704720F0004066
:107C1000C10DC0F3160040F400007F2901DA0020F6
:107C20007047962903DCC1F19601C8407047963928
:107C30008840704700F0004230F000400AD0C10D8B
:107C400001F56071C0F3160042EA0151C208400715
:107C500011437047002001467047000030B5041EF4
:107C600071F1000404DB4FF00044404264EB010179
:107C7000141E73F1000405DB1C464FF00043524212
:107C800063EB04038B4208BF824230BD01F0004326
:107C900030B421F0004150EA010206D00A0DA2F5ED
:107CA0006072C1F31301002A02DC30BC002070476F
:107CB000440F44EAC104C100E01830BC00EBC250DC
:107CC00000F07CB8002801DBC0F10040002901DB96
:107CD000C1F1004181427047002801DBC0F1004042
:107CE000002901DBC1F100418842704730B50B46E5
:107CF000014600202022012409E021FA02F59D42DC
:107D000005D303FA02F5491B04FA02F52844151EAF
:107D1000A2F10102F1DC30BD2DE9F05F0546002043
:107D200092469B4688460646814640241BE02846EC
:107D300041464746224600F02FF953465A46C01A9C
:107D4000914110D311461846224600F016F82D1A1C
:107D500067EB01084F4622460120002100F00DF894
:107D600017EB00094E41201EA4F10104DFDC484658
:107D700031462A464346BDE8F09F202A04DB203ADC
:107D800000FA02F1002070479140C2F1200320FA6E
:107D900003F3194390407047202A06DBCB17203AA3
:107DA00041FA02F043EAE07306E041FA02F3D04000
:107DB000C2F1200291400843194670470029A8BF2C
:107DC0007047401C490008BF20F00100704710B404
:107DD000B0FA80FC00FA0CF050EA010404BF10BCB9
:107DE000704749B1CCF1200421FA04F411FA0CF1E6
:107DF00018BF012121430843A3EB0C01CB1D4FEA1F
:107E000000614FEA102042BF002010BC704700EB19
:107E1000C35010440029A4BF10BC7047401C490047
:107E200008BF20F0010010BC704710B5141E73F19C
:107E3000000408DA401C41F1000192185B411A432A
:107E400001D120F0010010BD2DE9F04D92469B4676
:107E500011B1B1FA81F202E0B0FA80F2203290461C
:107E6000FFF78BFF04460F4640EA0A0041EA0B0188
:107E700053465A46084313D0114653EA010019D01D
:107E8000C8F14002504600F087F805460E465046BD
:107E900059464246FFF771FF084305D0012004E030
:107EA00020463946BDE8F08D0020054346EAE076DD
:107EB0002C4337430A986305E40AA0EB080000222C
:107EC000FD0A44EA47540A3002D500200146E9E79A
:107ED000010510196941DDE9084500196941BDE84E
:107EE000F04DA2E770B521F0004303430CD0C1F37D
:107EF0000A550024D5EB040564EB0403D617AD1A2C
:107F0000B34102DB0020014670BD201841EB025155
:107F100070BDC1F30A52C1F3130140F2FF3341F4C3
:107F200080119A4202DA00200146704740F2334342
:107F30009A42A2F2334202DC524200F02DB8FFF71F
:107F40001CBF000030B5041E71F1000404DB4FF0CB
:107F50000044404264EB0101141E73F1000405DB90
:107F60001C464FF00043524263EB0403994208BFA2
:107F7000904230BD064C074D06E0E06840F001033A
:107F800094E8070098471034AC42F6D3F8F7B2F8FB
:107F9000E8A6000808A70008202A04DB203A21FAF6
:107FA00002F00021704721FA02F3D040C2F1200212
:107FB00091400843194670472DE9F04D00231A46B9
:107FC0001B1A8A4103DB00200146BDE8F08DC1F396
:107FD0000A52C1F3130141F480154FF0000BD10791
:107FE00002D100186D41521E0027044640F2FF11D5
:107FF000384601EB620A3E468046024600204FF4B6
:108000008011FFF7C9FFC2197141BB1846EB01008F
:10801000B4EB030C75EB000C04D3E41A65EB00051C
:1080200017460E46241908F101006D418046342898
:10803000E3DDF91946EB0600091BA84103D24FF016
:10804000FF32134601E0002213461BEB070046EB0C
:108050000A51BDE8F04DFFF7E8BE0EB540F23341DE
:1080600002910021CDE900110A460B46FFF7ECFE14
:1080700003B000BD70B5C1F30A5201F00045002401
:10808000C1F3130140F2FF3341F480119A4201DA47
:10809000002070BD40F233439A42A2F2334203DC27
:1080A0005242FFF779FF00E090402C43F1D040426C
:1080B00070BD70B58C1810F8015B15F0070301D185
:1080C00010F8013B2A1106D110F8012B03E010F83B
:1080D000016B01F8016B5B1EF9D12B0705D400235E
:1080E000521E0DD401F8013BFAE710F8013BCB1A00
:1080F000921C03E013F8015B01F8015B521EF9D5F5
:10810000A142D8D3002070BD0FB4084B10B504A90C
:1081100002AA039800F01AFC044602A9002000F00D
:10812000ACFF204610BC5DF814FB00007B900008FB
:10813000490050EAC12018BF04204A0D18BF40F082
:10814000010040F2FF72B2EB515F08BF40F0020045
:10815000012808BF052070472DE9F74F144694B059
:108160000021C4E902111599079121F00045C94980
:108170008D4206DC1599C4E9000117B00020BDE866
:10818000F08FC549DFF814A3A9423CDD0799C44E1E
:108190000029C44FC44A1599534619DDFFF717FC4F
:1081A000554506D0C14AC24BFFF711FCC4E9000196
:1081B0000AE04FF0D352BE4BFFF709FC32463B4674
:1081C000FFF705FCC4E9000117B00120BDE8F08FFE
:1081D000FFF75CFB554506D0B44AB54BFFF756FB9D
:1081E000C4E900010AE04FF0D352B14BFFF74EFB58
:1081F00032463B46FFF74AFBC4E9000117B04FF097
:10820000FF30BDE8F08FAB49A942159978DB21F02A
:10821000004183468846A84AA84BFFF7DEFB0022B0
:10822000A74BFFF733FBFFF725FF0990FFF7C4FCCF
:1082300006460F469C4A5346FFF7CFFB43465A4635
:10824000FFF7C8FB80468A46984A994B3046394624
:10825000FFF7C3FB2A0D01250B9242465346FFF759
:10826000B9FB032DC4E9000139D00B98C1F30A51C1
:10827000401A05EB45111139814230DA9148C34665
:10828000784400EB0510CDF80CA00C90D0E9002349
:1082900030463946FFF7A1FB02460B460491069093
:1082A00058460399FFF793FB80468A4602460B46E1
:1082B00058460399FFF78BFB049B069AFFF787FB51
:1082C00083460C9803913946D0E902233046FFF7E4
:1082D00084FB5A46039BFFF77AFB6D1CBDE70798AA
:1082E0000028A2BF099817B0BDE8F08F616881F03F
:1082F00000416160099817B04042BDE8F08FFFE788
:1083000084461598C1F31301C0F30A50A0F2F5306A
:108310004FEA601800F01F06C6F1200013900020FD
:108320000690079041F4801E05206D4676B1664A9E
:1083300008EB00017A4452F8213002EB8101B3408E
:108340004A68139922FA01F1194305E05F4908EBE5
:108350000002794451F82210A1FB0E27A1FB0C1357
:108360001A449A4234BF0123002303EB070A05EBAA
:108370008003D3E901B70F448F4234BF01210021AC
:1083800093448B4411B1934502D903E0934501D244
:10839000012100E00021C3E901B7514445F8201054
:1083A000011EA0F10100C1DC0298059F00F1005000
:1083B000800F12900298DDE903568000FFF7FCFB66
:1083C000834628460D91FFF748FE6FF01D02FFF728
:1083D00089FDCDE90E013046FFF73FFE6FF03D020B
:1083E000FFF780FD80468A463846FFF736FE6FF07D
:1083F0005D02FFF777FD0746424653461191FFF7AE
:1084000045FADDE90E23FFF741FA5A460D9BFFF7C7
:108410003DFA00250E465A4628460D9BFFF7D7FA2F
:10842000DDE90E23FFF7D3FA42465346FFF7CFFAB2
:108430003A46119BFFF7CEFADFF898A0244A53463C
:10844000FFF7CBFA07468846234A244B3146284695
:10845000FFF7C3FA3A464346FFF718FA074688463D
:108460004FF0A842534631462846FFF7B6FA3A463F
:108470004346FFF70BFA159A12F0004F04D0129AF8
:1084800081F0004152421292C4E90001129817B0E3
:10849000BDE8F08FFB21E93F7CD90240FB21F93F89
:1084A0007370032E8A19A33B000040543163621A93
:1084B00061B4D03DFB21394183C8C96D305FE43FD1
:1084C0000000E03F24230000A022000082220000E0
:1084D000182D4454FB21F93D3326A611460B113CBF
:1084E0002DE9FF4D21F0004807460C46B8F1795FB1
:1084F00008DAFFF7BFFD002801BF0020324904B0B1
:10850000BDE8F08D3A46234610461946FFF765FA56
:10851000054602462D480E460B460621784400F0DB
:108520005DF82A463346FFF758FADDE90223824612
:108530008B4638462146FFF750FA04460F4652460E
:108540005B4628463146FFF748FA22463B46FFF78E
:108550003EFA07468A464FF0FF3228463146FFF77B
:10856000C1FC1B4A90450ADA3A465346FFF72FFAF8
:1085700004B00022BDE8F04D134BFFF72BBA154AAB
:108580004245A8BFA8F500154FF00004B8BF124D32
:1085900022462B46FFF71BFA0646884622462B4604
:1085A00000200949FFF713FA04460D463A465346A0
:1085B00030464146FFF70BFA04B022462B46BDE891
:1085C000F04DFFF707BA00000000F03F5020000018
:1085D0003333D33F0000E93F0000D23F2DE9F041A3
:1085E0004F1E00EBC7010446D1E9000115461E46A7
:1085F00037F006020DD02A463346FFF7EEF97F1E0C
:1086000004EBC703D3E90023FFF740F937F0060274
:10861000F1D1022F25D0042F13D0062F18BFBDE8AB
:10862000F0812A463346FFF7D8F9D4E90A23FFF749
:108630002DF92A463346FFF7D0F9D4E90823FFF78E
:1086400025F92A463346FFF7C8F9D4E90623FFF790
:108650001DF92A463346FFF7C0F9D4E90423FFF792
:1086600015F92A463346FFF7B8F9D4E90223FFF794
:108670000DF92A463346FFF7B0F9D4E90023BDE8E7
:10868000F041FFF703B900002DE9FF4D054621F049
:10869000004084B00C46B0F1795F0BDA2846FFF752
:1086A00047FD042808BF00F071F8284608B02146AD
:1086B000BDE8F08D2A460B461046FFF78EF90646B8
:1086C0000F462A462346FFF788F9804626488A4601
:1086D00032463B4605217844FFF780FF83461098D9
:1086E000029160B3214A224B40465146FFF775F98B
:1086F000CDE900015A4640465146029BFFF76DF90D
:1087000082468846DDE906014FF0FF32FFF7EAFBBB
:1087100052464346FFF75BF932463B46FFF75DF9A9
:10872000DDE90623FFF753F9DDE90023FFF74FF9F1
:1087300008B02A462346BDE8F04DFFF74BB90B467B
:108740005A4630463946FFF748F9084A084BFFF7C2
:108750009DF842465346FFF740F908B02A462346A3
:10876000BDE8F04DFFF792B8961F000049555555EA
:108770005555C5BF0122FFF7B5BBFFF787B80022EB
:10878000134610461146FFF79AB90000024A00202E
:108790001107FFF7A7BB000001FDFFFF02E008C8BB
:1087A000121F08C1002AFAD170477047002001E06B
:1087B00001C1121F002AFBD1704700000149086067
:1087C00070470000E80100202DE9FF5F82B0002122
:1087D000DDE90430020DDDF840B0034318D044F663
:1087E0001050A2F2FF3242431514119801281FD0F5
:1087F000A5EB0B00401C5FEA000A4FF000064E4F4D
:10880000DFF83891B046504615D5CAF1000413E0A0
:10881000119801244AA3012801D16FEA0B010298A3
:10882000119AC0E90031C0E9024206B0BDE8F09FEC
:10883000CBF10000DFE704460021404A491842EB33
:108840000450CDE9001012E0E00707D032463B4665
:1088500040464946FFF7C1F88046894632463B46C6
:1088600010461946FFF7B9F806460F466410002C6B
:10887000EAD1DDE90401DDE90023BAF1000F06DAEF
:10888000FFF7ABF842464B46FFF7A7F805E0FFF7C6
:1088900016F942464B46FFF712F904460E460022EF
:1088A000284BFFF74FFB03D84FF0FF30014607E09E
:1088B0000022254B20463146FEF7E8FFFFF729FB53
:1088C000102409E0002C0ADB0A220023FFF724FA17
:1088D000039B30321A55641E50EA0102F2D1641C27
:1088E000039AC4F111031444119A012A03D00122FE
:1088F00008430DD10AE0084304D000204FF0110BCB
:10890000119072E7A3EB0B056D1E0DE05B4504DDD6
:108910004FF0000205F1010504E003DA4FF0000218
:10892000A5F10105002AECD002981199C0E90231A5
:10893000C0E9004579E70000000014400000F03F66
:10894000300000000000F0430000E03F2DE9FF4F41
:1089500095B09B468946064600250FE2252877D12B
:1089600000242746F84A0121059400E0044316F844
:10897000013F203B01FA03F01042F7D130782A285A
:1089800011D06FF02F033078A0F13002092A16D8E9
:10899000059A44F0020402EB820203EB4202104407
:1089A000761C0590EFE759F8042B0592002A03DAAC
:1089B000504244F40054059044F00204761C307890
:1089C0002E2816D116F8010F44F004042A280DD0E1
:1089D0006FF02F023078A0F13003092B09D807EB94
:1089E000870302EB4303C718761CF3E759F8047BAF
:1089F000761C30786C280FD006DC4C2817D06828FD
:108A00000DD06A2814D104E0742810D07A280FD130
:108A10000DE044F400140AE044F4801401E044F44E
:108A200040147278824202D104F58014761C761CC0
:108A3000307866280BD013DC582877D009DC002862
:108A400075D04528F6D04628F4D047281AD19DE1A4
:108A500018E0632835D0642879D0652812D195E1D3
:108A6000702873D008DC6728F1D069286FD06E2891
:108A70000DD06F2806D1B5E073282CD0752875D09D
:108A8000782874D05A46179990476D1C75E1C4F345
:108A90000250022809D003280DD0D9F8001004286C
:108AA0000DD00D6009F1040967E1D9F80010EA174B
:108AB000C1E90052F6E7D9F800100D80F2E70D7019
:108AC000F0E719F8041B8DF8001000208DF8010064
:108AD000EA46012003E059F804AB4FF0FF3061078C
:108AE0004FF0000102D40DE008F101018846B942BF
:108AF0000FDA8045F8DB1AF808100029F4D108E0F5
:108B000008F1010188468142FADB1AF808100029B1
:108B1000F6D105985B46A0EB080721463846179A20
:108B200000F094FA284400EB080507E04DE029E145
:108B30000DE01AF8010B5A4617999047B8F1010851
:108B4000F7D25B4621463846179A13E142E00A22E3
:108B50000092C4F302524FF0000A022A08D059F8DA
:108B600004CB032A4FEAEC710AD00DE029E02AE099
:108B700009F1070121F00702F2E802C1914609E07C
:108B80000FFA8CFC4FEAEC71042A03D14FFA8CFCEB
:108B90004FEAEC71002907DA0A460021DCF1000CEB
:108BA00061EB02012D2202E0220504D52B228DF873
:108BB0000420012203E0E20701D02022F7E79046DB
:108BC00059E00A2102E010220DE010214FF0000AC6
:108BD00000910BE010224FF0000A44F00404082733
:108BE000009203E008224FF0000A0092C4F3025200
:108BF000022A05D059F804CB0021032A08D009E045
:108C000009F1070121F00702F2E802C1914605E0EF
:108C10001FFA8CFC042A01D10CF0FF0C4FF0000865
:108C2000220728D5702806D0009B83F0100353EA52
:108C30000A0305D00EE040228DF80420012208E04E
:108C40005CEA010206D030228DF804208DF8050080
:108C500002229046009B83F0080353EA0A030AD1DC
:108C60005CEA010201D1620705D530228DF80420AB
:108C70004FF001087F1E582804D034A003900EA89E
:108C800002900DE036A0F9E753466046009AFFF7E0
:108C900043F884460398825C0298401E029002705A
:108CA0005CEA0100F0D1029806A9081A00F1200A36
:108CB000600702D524F4803400E00127574502DD27
:108CC000A7EB0A0000E0002000EB0A0100900598E5
:108CD0004144401A0590E00306D45B462146179AAA
:108CE000059800F0B3F90544002706E001A85A46AC
:108CF000C05D179990476D1C7F1C4745F6DBE0036C
:108D00000CD55B462146179A059800F09FF905445B
:108D100004E030205A46179990476D1C0099481E70
:108D200000900029F5DC08E0029802995A46007884
:108D3000491C0291179990476D1CBAF10001AAF1E4
:108D4000010AF1DC65E1000009280100303132330D
:108D50003435363738396162636465660000000077
:108D60003031323334353637383941424344454661
:108D70000000000000F058F90544761C3078002807
:108D80007FF4ECAD19B02846BDE8F08F620700D43F
:108D9000062709F1070222F0070CFCE80223E1464E
:108DA00003F000485FEA080C02D00FF2702C0DE0CF
:108DB0005FEA045C02D50FF2682C07E05FEAC47C2E
:108DC00002D00FF2602C01E0AFF2700C4FF0FF38D0
:108DD00023F00043CDF850C065280CD006DC4528B0
:108DE00009D046281DD047283DD13DE0662818D03F
:108DF00067287ED138E00021112F01DB112000E02F
:108E0000781CCDE9000106A90EA8FFF7DDFCDDE91D
:108E10000F010E9A03910021009207F1010A0491BB
:108E20004DE04FF000400097CDE9011006A90EA8D3
:108E3000FFF7CAFCDDE90F0203920E9B1199002295
:108E4000DDF80CA00093049211B9791C00EB010A23
:108E5000B7EB0A0004D4C0F1FF3007F1010A049017
:108E6000AAEB0700019044E0012F00DA012700215E
:108E7000112F01DD112000E03846CDE9000106A9DF
:108E80000EA8FFF7A1FCDDE90F010E9A0391002166
:108E900004910092BA4621070CD40399514500DA97
:108EA0008A46BAF1010F05DD009AAAF10101515C71
:108EB000302908D0B84202DA10F1040F06DA012195
:108EC000CDE9011015E0AAF10101E9E7002805DC70
:108ED000049901440491AAEB000102E0411C5145B0
:108EE00000DD8A460499401A401C01904FF0004072
:108EF0000290200704D40198504501DBCDF804808E
:108F000000208DF84F0002980DF14F07B0F1004F8F
:108F100025D02B200E9002984FF0020800280CDA82
:108F2000404202902D200E9007E00A210298FEF7A1
:108F3000DDFE3031029007F8011DB8F10001A8F103
:108F40000108F2DC02980028EFD1791E0E98087013
:108F5000307800F0200040F0450007F8020D12A81C
:108F6000C01B00F107081498007800B1012000EB45
:108F70000A01019801EBE07105984144401A401E36
:108F80000590E00306D45B462146179A059800F049
:108F90005DF805441498007818B15A46179990471F
:108FA0006D1CE00324D55B462146179A059800F016
:108FB0004DF805441CE00498002807DBDDE90301B7
:108FC000884203DD0098405C179901E01799302032
:108FD0005A469047049805F10105401C04900198F9
:108FE000401E019004D12E205A46179990476D1CBF
:108FF000BAF10001AAF1010ADDDC05E017F8010B66
:109000005A46179990476D1CB8F10001A8F1010864
:10901000F4DC5B462146179A0598ABE62D0000006C
:109020002B000000200000002DE9F041044600253F
:109030001E461746880404D405E039462020B04770
:109040006D1C641EF9D52846BDE8F0812DE9F0417C
:10905000044600251E469046C80301D5302700E08F
:109060002027880404D505E041463846B0476D1CEA
:10907000641EF9D52846BDE8F0810A68531C0B60D0
:10908000107070472DE9F04D8D4F21F0004A86B0E9
:1090900005460C46BA452ADBAAEB070028430AD04E
:1090A0008848824501DC1AD1CDB106B02846BDE81A
:1090B000F04DFFF75FBB844A844B2846FEF78DFCDA
:1090C00007460E46824A834B28462146FEF785FC1A
:1090D00006B03A463346BDE8F04DFEF7D7BB012057
:1090E000FFF76CFB06B0BDE8F04DFFF748BB7A48D0
:1090F000824542DABAF1795F0BDA2846FFF718F8B1
:10910000042808BFFFF742FB284606B02146BDE809
:10911000F08D2A460B461046FEF75FFC834602465A
:109120006E480E460B4606217844FFF757FA5A461A
:109130003346FEF752FC804669488A465A46334613
:1091400004217844FFF74AFA5A463346FEF745FCB5
:1091500000223B46FEF79AFB02460B46404651462C
:10916000FEF7ADFC2A462346FEF737FC06B02A463A
:109170002346BDE8F04DFEF789BB284624F00041A8
:1091800000223D463B46FEF725FC4FF0FF32FEF73E
:10919000A9FE0646024653480F460B460621784470
:1091A000FFF71CFA32463B46FEF717FCCDE90001FB
:1091B0004D4832463B4604217844FFF70FFA3246C9
:1091C0003B46FEF70AFC00222B46FEF75FFB834678
:1091D00002913046394600F0FBFA804643480D467E
:1091E000504517DCDDE900015A46029BFEF767FC9B
:1091F00042462B46FEF7F1FB42462B46FEF746FB66
:109200000122FEF76FFE304A304BFEF7E0FB304A9A
:10921000304B4CE04FF0000A52460B464046FEF7FA
:1092200035FBCDE9031052462B4610461946FEF792
:10923000D4FB32463B46FEF7CDFBDDE90332FEF7B9
:109240003EFC06460F46DDE900015A46029BFEF74A
:1092500036FC83460091012230463946FEF742FE35
:10926000194A1A4BFEF7B6FB06460F460122404646
:109270002946FEF737FE5A46009BFEF7AEFB324604
:109280003B46FEF7A4FB06460F4601225046294600
:10929000FEF728FE0E4DDFF858802A464346FEF7BB
:1092A00099FB32463B46FEF795FB2A464346FEF7BE
:1092B00091FB002CD8BF81F0004106B0BDE8F08DD5
:1092C0000000F03F0000F07F075C143326A6913CBD
:1092D000182D4454FB21F93F0000E03F5C130000CF
:1092E00072130000E6120000FC1200003333EF3F5F
:1092F000FB21E93F2DE9F84F04460D4621F00040DF
:1093000000917349814211DC7249884201DC06D127
:109310002CB120462946BDE8F84FFFF72BBA6E481E
:10932000002DCCBF6D496E49BDE8F88F6D49814273
:1093300011DD6D498142D8BF4FF0FF366DDD20460B
:109340002946FEF7F5FE042808BFFFF71FFA20465E
:109350002946BDE8F88F6549654F25F000458142F3
:1093600033DD6449814219DD002632464FF08043E7
:1093700020462946FEF78AFA80468A460122204680
:109380002946FEF7AFFD00223B46FEF720FB424692
:109390005346FEF794FB04460D463EE001260022AC
:1093A000BA463B4620462946FEF770FA80460F46ED
:1093B0000022534620462946FEF709FB42463B461B
:1093C000FEF77DFB04460D4627E04B4981421BDD3D
:1093D000DFF828A102260022534620462946FEF740
:1093E000FCFA00223B46FEF751FA80460F46002267
:1093F000534620462946FEF7EAFA42463B46FEF728
:109400005EFB04460D4608E0032622462B4600205C
:109410003B49FEF754FB04460D4622462B461046B8
:109420001946FEF7DAFA8B46824602460B46FEF7ED
:10943000D4FA07460246334888460B46062178444C
:10944000FFF7CCF852465B46FEF7C7FA82462E4835
:109450008B463A46434605217844FFF7BFF83A4623
:109460004346FEF7BAFA02460B46002E50465946CE
:109470000CDAFEF70BFA22462B46FEF7AEFA01B0E5
:1094800022462B46BDE8F04FFEF7A4BAFEF7FEF9E0
:1094900022462B46FEF7A1FA1C4A7A4402EBC60389
:1094A000D3E90023FEF793FA22462B46FEF78FFA04
:1094B000174A7A4402EBC603D3E90023FEF78AFA7F
:1094C000009A002AB8BF81F00041BDE8F88F000083
:1094D000000010440000F07F182D4454FB21F93F98
:1094E000FB21F9BF0000DC3F0000203E0000F33FFD
:1094F0000000F03F0000E63F008003400000F83F1E
:109500000000F0BFFE100000BC1000005A10000068
:10951000221000002DE9F04D9446CCF1000423F018
:1095200000464CEA0404524F46EAD4749A468846F0
:1095300021F00042BC4206D8454240EA050442EA16
:10954000D474BC4204D9BDE8F04D6246FFF715B9AA
:10955000AAF14055A5F17F6555EA0C040BD0022411
:1095600004EAAA74434DDFF810E144EAD87452EAE1
:10957000000B04D00CE0BDE8F04DFFF7BBBE002CA3
:1095800014BF012CBDE8F08D022C30D0032C32D05A
:1095900056EA0C0B0AD0BE4220D1BA4209D126F0BD
:1095A000804622F080423346114617E000291ADB3C
:1095B00025E0DFF8C8B0FB44002C04BFDBE9000164
:1095C000BDE8F08D012C02BFDBE9000181F0004114
:1095D000BDE8F08D022C0AD0032C0CD0BA4212D177
:1095E000B8F1000F0BDA23482549BDE8F08D284675
:1095F0002449BDE8F08D28467146BDE8F08D1D4830
:109600002149BDE8F08D921B12153C2AC4BF1948B0
:109610001D490EDCBAF1000FBEBF12F13C0F002055
:10962000014606DB6246FEF74AFA21F00041FFF7E9
:1096300061FE002C08BFBDE8F08D012C04BF81F055
:109640000041BDE8F08D114A114B022C07D0FEF706
:10965000BEF92A46BDE8F04D0A4BFEF7B8B9FEF751
:10966000B6F92A46BDE8F04D064BFEF7B3B9000047
:109670000000F07F182D4454FB2109C0E60F0000C4
:10968000FB21F9BFFB210940FB21F93F075C1433A3
:1096900026A6A13C00B5244B21F0004287B09A4297
:1096A000DCBF0022134629DD204B9A4208D140B985
:1096B0004FF00100FFF782F8FFF761F807B000BD37
:1096C00003DBFFF757F807B000BD02AAFEF744FD21
:1096D00010F0030104BF0DF1080C9CE80F000DD041
:1096E000012001290ED0022914D00DF1080C0090A0
:1096F0009CE80F00FEF7C8FF07B000BDFEF7F0FEC4
:1097000007B000BD0DF1080C00909CE80F00FEF7BB
:10971000BBFF05E00DF1080C9CE80F00FEF7E0FE32
:1097200007B081F0004100BDFB21E93F0000F07F60
:1097300000B5254B21F0004287B09A4203DC00229D
:10974000134600922BE0214B9A4208D140B94FF0CA
:109750000100FFF733F8FFF712F807B000BD03DB95
:10976000FFF708F807B000BD02AAFEF7F5FC10F0FD
:1097700003014FF001000DD0012914D002291AD0A5
:109780000DF1080C9CE80F00FEF7AAFE07B081F06F
:10979000004100BD0DF1080C00909CE80F00FEF7A1
:1097A00073FF07B000BD0DF1080C9CE80F00FEF739
:1097B00097FE07B000BD0DF1080C00909CE80F006B
:1097C000FEF762FFE2E70000FB21E93F0000F07FC7
:1097D0002DE9F04106460F46FEF7EEFB041E0D464E
:1097E00018BF0120284320F00040C0F17F6000F145
:1097F000E040C00F0ED0301C18BF0120384320F0CD
:109800000040C0F17F6000F1E040C00F04BF0120C4
:10981000FEF7D4FF20462946BDE8F0810000000095
:109820000000000000406540333333333333D33F0F
:109830000000000000001240B81E85EB51B8BE3F8A
:109840006800000476005401F7FD000175191A0C38
:109850006A231B1C1F207274433B4138393A6B6CDE
:10986000376F06246D6E7000830000000008000052
:109870000001001832000500000020410000D24223
:10988000295C0F3E9A99993E3333733F295C0F3E12
:10989000000070000000002400000002000300002F
:1098A00000650054FFEF0000FA80000B12820001F7
:1098B000030C30C30E8C8CE914D5400213710F8E4B
:1098C0003883F8833000F883258EF8833000F883DE
:1098D000FFFFFFFF0FFEA9D6240004001A8279A122
:1098E0000000003CFFFF00000010000038836FA262
:1098F000003E03304000000002CAE3093E80000041
:109900002000000000000000400000006000000097
:10991000000C0000000C186E000006920A16C0DF52
:10992000FFFF0256FD8CD377FFE1C496E0C5BEAAC7
:1099300000000000FFFF0B2B00001657000003592A
:109940004000000000001DFA00026C1D0000000035
:109950003FFFDFEB003EB3B6000D227800002F3C46
:1099600000000000001942B5000039A20000B365F4
:10997000D90E9FC91DCF4C343000000050000000AC
:109980003BB67AE80064000000C800000000000058
:10999000100000001000FA921000225E000D229FBD
:1099A0000001000000320000FF46000063D4000008
:1099B0001000000004D6000004CC000004CC00001D
:1099C00000001072000000400000000000000000D5
:1099D000000600020005000700000000006400000F
:1099E00000000000000000050005006400200000E9
:1099F0000000000000000000000040000000030024
:109A000000000032F8980000FF650000830F00009E
:109A1000FF9BFC00000000000000000000000000B0
:109A20000000000000000000000000000000000036
:109A30000000000000000000000000000000100016
:109A400040000000000000060000B26A00020000B2
:109A50000001FB830068000000D9FC007CF1FF835B
:109A60000000000000650000006403E800640028B6
:109A7000000000250000000016A0000000001000FB
:109A800000001000002F0000000001F40000100092
:109A900000280000FFFF4581FFFFFA720000000070
:109AA00000000000004400050005BAC6004778A287
:109AB000000000010000000000000600000000148B
:109AC0000000254D002F706D000005AE000C02D087
:109AD0000000000000000000000000000000000086
:109AE000001B00000000000000000000000000005B
:109AF00000640000000800000000000000000000FA
:109B00000000000000000000000000000000000055
:109B10000000000000000000000000000000000045
:109B20000000000000000000000000000000000035
:109B30000000000000000000000000000000000025
:109B40000000000000000000000000000000000015
:109B5000001B00000000000000000000000E000ECE
:109B600000000AC70004000000000032FFFFFF9C55
:109B700000000B2B00000002000000010000006448
:109B8000FFE50000000000000000000000000000F1
:109B900000000001000000000001000000000000C3
:109BA000000180000001800000018000002426D315
:109BB0000000000000000000000600100096003CBD
:109BC0000000000000000000000000000000000095
:109BD0000C0A4E68CDCF770950166759C619CE8248
:109BE0000000000000000000000000000000000075
:109BF000000000000000000017D7840003000000F0
:109C00000000000000000000C7938F9D1E1B1C1960
:109C10000000000000000000000000000000000044
:109C20000000000000000000020318850000400052
:109C3000000000030000000300000000000000001E
:109C400040000000000000000000000000000000D4
:109C50000000000000000000000000000000000004
:109C600000000000000000000000000000000000F4
:109C700000000000677DDF7E72902E554CF6E6886E
:109C800000000000000000000000000000000000D4
:109C9000D8DCB4B8B0D8B9ABF3F8FAB3B7BB8E9E82
:109CA000AEF132F51BF1B4B8B08097F1A9DFDFDF78
:109CB000AADFDFDFF2AAC5CDC7A90CC92C97F1A98D
:109CC00089264666B28999A92D557DB0B08AA89695
:109CD000365676F1BAA3B4B280C0B8A89711B28351
:109CE00098BAA3F0240844106418B2B9B49883F168
:109CF000A329557DBAB5B1A38393F0002850F5B2DE
:109D0000B6AA839328547CF1B9A3829361BAA2DAEC
:109D1000DEDFDB819AB9AEF5606870F1DABAA2DFF6
:109D2000D9BAA2FAB9A38292DB31BAA2D9BAA2F8FF
:109D3000DF85A4D0C1BBAD83C2C5C7B8A2DFDFDF5A
:109D4000BAA0DFDFDFD8D8F1B8AAB38DB4980D354B
:109D50005DB2B6BAAF8C96198F9FA70E161EB49A35
:109D6000B8AA872C547CBAA4B08AB691325676B27F
:109D70008494A4C808CDD8B8B4B0F19982A82D5560
:109D80007D98A80E161EA22C547C92A4F02C50781C
:109D9000F184A898C4CDFCD80DDBA8FC2DF3D9BA6A
:109DA000A6F8DABAA6DED8BAB2B68696A6D0F3C8B6
:109DB00041DAA6C8F8D8B0B4B882A892F52C548875
:109DC00098F135D9F418D8F1A2D0F8F9A884D9C7F8
:109DD000DFF8F883C5DADF69DF83C1D8F40114F155
:109DE000A8824EA884F311D182F5D992289788F1E0
:109DF00009F41C1CD884A8F3C0F9D1D99782F129A1
:109E0000F40DD8F3F9F9D1D982F4C203D8DEDF1A00
:109E1000D8F1A2FAF9A88498D9C7DFF8F8F883C76F
:109E2000DADF69DFF883C3D8F40114F198A8822E31
:109E3000A884F311D182F5D992509788F109F41CC6
:109E4000D884A8F3C0F8F9D1D99782F149F40DD894
:109E5000F3F9F9D1D982F4C403D8DEDFD8F1AD88A3
:109E600098CCA809F9D98292A8F57CF1883ACF94C8
:109E70004A6E98DB6931DAADF2DEF9D88795A8F23F
:109E800021D1DAA5F9F417D9F1AE8ED0C0C3AE82D4
:109E9000C684C3A88595C8A588F2C0F1F4010EF167
:109EA0008E9EA8C63E56F554F18872F40115F198BD
:109EB00045856EF58E9E0488F142985A8E9E0688DE
:109EC00069F4011CF1981E1108D0F504F11E9702E7
:109ED00002983625DBF9D985A5F3C1DA85A5F3DF2C
:109EE000D88595A8F309DAA5FAD88292A8F578F171
:109EF000881A849F26889821DAF41DF3D8879F3921
:109F0000D1AFD9DFDFFBF9F40CF3D8FAD0F8DAF9E6
:109F1000F9D0DFD9F9D8F40BD8F3879F39D1AFD96D
:109F2000DFDFF41DF3D8FAFCA869F9F9AFD0DADE67
:109F3000FAD9F88F9FA8F1CCF398DB45D9AFDFD0E1
:109F4000F8D8F18F9FA8CAF38809DAAF8FCBF8D879
:109F5000F2AD978D0CD9A5DFF9BAA6F3FAF412F297
:109F6000D8950DD1D9BAA6F3FADAA5F2C1BAA6F3FB
:109F7000DFD8F1BAB2B68696A6D0CAF349DAA6CB34
:109F8000F8D8B0B4B8D8AD84F2C0DFF18FCBC3A895
:109F9000B2B68696C8C1CBC3F3B0B48898A821DB0B
:109FA000718D9D71859521D9ADF2FAD88597A82834
:109FB000D9F408D8F28D29DAF405D9F285A4C2F2D1
:109FC000D8A88D9401D1D9F411F2D88721D8F40AF8
:109FD000D8F28498A8C801D1D9F411D8F3A4C8BB89
:109FE000AFD0F2DEF8F8F8F8F8F8F8F8D8F1B8F6EB
:109FF000B5B9B08A95A3DE3CA3D9F8D85CA3D9F84B
:10A00000D87CA3D9F8D8F8F9D1A5D9DFDAFAD8B134
:10A010008530F7D9DED8F830ADDADED8F2B48C99D5
:10A02000A32D557DA083DFDFDFB591A0F629D9FBF5
:10A03000D8A0FC29D9FAD8A0D051D9F8D8FC51D948
:10A04000F9D879D9FBD8A0D0FC79D9FAD8A1F9F9F7
:10A05000F9F9F9A0DADFDFDFD8A1F8F8F8F8F8AC01
:10A06000DEF8ADDE8393AC2C547CF1A8DFDFDFF6A5
:10A070009D2CDAA0DFD9FADB2DF8D8A850DAA0D0D1
:10A08000DED9D0F8F8F8DB55F8D8A878DAA0D0DF18
:10A09000D9D0FAF8F8F8F8DB7DF8D89CA88CF53020
:10A0A000DB38D9D0DEDFA0D0DEDFD8A848DB58D936
:10A0B000DFD0DEA0DFD0DED8A868DB70D9DFDFA07C
:10A0C000DFDFD8F1A888902C547C98A8D05C38D1D8
:10A0D000DAF2AE8CDFF9D8B087A8C1C1B188A8C6C2
:10A0E000F9F9DA36D8A8F9DA36D8A8F9DA36D8A8DC
:10A0F000F9DA36D8A8F9DA36D8F78D9DADF818DA3E
:10A10000F2AEDFD8F7ADFA30D9A4DEF9D8F2AEDE80
:10A11000FAF983A7D9C3C5C7F1889BA77AADF7DE43
:10A12000DFA4F8849408A797F300AEF29819A488E6
:10A13000C6A39488F632DFF28393DB09D9F2AADF53
:10A14000D8D8AEF8F9D1DAF3A4DEA7F1889B7AD893
:10A15000F38494AE19F9DAAAF1DFD8A881C0C3C597
:10A16000C7A39283F628ADDED9F8D8A350ADD9F8AD
:10A17000D8A378ADD9F8D8F8F9D1A1DADEC3C5C72C
:10A18000D8A18194F818F2B089ACC3C5C7F1D8B88A
:10A19000B4B09786A8319B069907AB9728889BF0A7
:10A1A0000C201440B0B4B8F0A88A9A285078B79B15
:10A1B000A8295179247059446938644831F1BBABFE
:10A1C00088002C547CF0B38BB8A804285078F1B0E8
:10A1D00088B49726A85998BBABB38B02264666B0C5
:10A1E000B8F08A9CA82951798B2951798A24705911
:10A1F0008B2058718A4469388B3940688A644831A9
:10A200008B30496088F1AC002C547CF08CA8042879
:10A210005078F1889726A85998AC8C02264666F0AB
:10A22000899CA8295179247059446938644831A916
:10A230008809205970AB11384069A8193148608CE1
:10A24000A83C415C207C00F187981986A86E767E38
:10A25000A999882D557DD8B1B5B9A3DFDFDFAED080
:10A26000DFAAD0DEF2ABF8F9D9B087C4AAF1DFDFFC
:10A27000BBAFDFDFB9D8B1F1A3978E60DFB084F256
:10A28000C8F8F9D9DED89385F14AB183A308B5831C
:10A290009A0810B79F10D8F1B0BAAEB08AC2B2B661
:10A2A0008E9EF1FBD9F41DD8F9D90CF1D8F8F8AD90
:10A2B00061D9AEFBD8F40CF1D8F8F8AD19D9AEFBE2
:10A2C000DFD8F416F1D8F8AD8D61D9F4F4ACF59C73
:10A2D0009C8DDF2BBAB6AEFAF8F40BD8F1AED0F8FD
:10A2E000AD51DAAEFAF8F1D8B9B1B6A3839C08B98A
:10A2F000B1839AB5AAC0FD3083B79F10B58B93F296
:10A300000202D1ABDADED8F1B080BAABC0C3B284FE
:10A31000C1C3D8B1B9F38BA391B609B4D9ABDEB040
:10A32000879CB9A3DDF1B38B8B8B8B8BB087A3A3F9
:10A33000A3A3B28BB69BF2A3A3A3A3A3A3A3A3A39C
:10A34000A3F1B087B59AA3F39BA3A3DCBAACDFB9A2
:10A35000A3A3A3A3A3A3A3A3A3A3A3A3A3A3A3A3CD
:10A36000D8D8D8BBB3B7F1AAF9DAFFD9809AAA280E
:10A37000B48098A720B79787A86688F07951F190A4
:10A380002C870CA781976293F071716085940129E5
:10A39000517990A5F1284C6C870C95188578A3838A
:10A3A00090284C6C886CD8F3A28200F210A8921905
:10A3B00080A2F2D926D8F188A84DD948D896A839D4
:10A3C00080D93CD89580A839A68698D92CDA87A759
:10A3D0002CD8A8899519A980D938D8A88939A980F5
:10A3E000DA3CD8A82EA83990D90CD8A8953198D99C
:10A3F0000CD8A809D9FFD801DAFFD89539A9DA26EF
:10A40000FFD890A80D8999A810809821DA2ED889B4
:10A4100099A83180DA2ED8A886963180DA2ED8A86D
:10A42000873180DA2ED8A88292F34180F1D92ED8D4
:10A43000A882F31980F1D92ED882ACF3C0A2802271
:10A44000F1A62EA72EA92298A829DAACDEFFD8A261
:10A45000F22AF1A92E8292A8F23180A696F1D900B3
:10A46000AC8C9C0C30ACDED0DEFFD88C9CACD01019
:10A47000ACDE8092A2F24C82A8F1CAF235F1968845
:10A48000A6D900D8F1FF0000555555555555C53F83
:10A490007D6FEB0312D6D4BF5544880E55C1C93F1A
:10A4A0003B8F68B52882A4BF88B20175E0EF493FB1
:10A4B00009F7FD0DE13D023F4B2D8A1C273A03C0F1
:10A4C000C88A599CE52A004059018D1B6C06E6BFDD
:10A4D00082922EB1C5B8B33F4FBB610567ACDD3F7B
:10A4E000182D4454FB21E93F9BF681D20B73EF3FBB
:10A4F000182D4454FB21F93FE2652F227F2B7A3C33
:10A50000075C143326A6813CBDCBF07A8807703CEB
:10A51000075C143326A6913CC4EB98999999C9BF5E
:10A52000711623FEC671BCBF6D9A74AFF2B0B3BF93
:10A530009AFDDE522DDEADBF2F6C6A2C44B4A2BF53
:10A540000D5555555555D53FFF8300922449C23FBF
:10A550006E204CC5CD45B73F513DD0A0660DB13FF3
:10A56000EB0D76244B7BA93F11DA22E33AAD903F05
:10A570004C5555555555A53F7751C1166CC156BF21
:10A580009015CB19A001FA3EAD529C804F7E92BE31
:10A59000C4B1B4BD9EEE213ED43888BEE9FAA8BD50
:10A5A000000000000000000000004054FB21F93FC3
:10A5B0003163621A61B4D03D0000601A61B4D03DCD
:10A5C0007370032E8A19A33B0000002E8A19A33B47
:10A5D000C14920259A837B3900000000000000005B
:10A5E0006E83F9A22915444ED15727FCC0DD34F5FE
:10A5F000999562DB4190433CAB6351FE61C5BBDE84
:10A600003A6E24B7E0D24D42EA2E49061C92D10997
:10A610001CEB1DFE3EA729B1F53582E88444BB2E14
:10A6200026709CE9417E5FB439D69139F439538361
:10A630008B5F849C3B28F9BDFF97F81F0F9805DEC0
:10A640008B112FEF1F6D0A5ACF7E366DB709CB27BE
:10A65000663F464F2DEA5F9EC7BA27757BF1E5EB53
:10A66000F739073DEA92528AB15FFB6B085D8D1F97
:10A67000A6F810111111813FD561C119A0012ABF9F
:10A680007DFEB157E31DC73EEB9C2B8AE6E55ABE23
:10A690007CD5CF5A3AD9E53D2050726F647563740A
:10A6A0002049442072656164206173203020696E06
:10A6B00064696361746573206465766963652069A4
:10A6C000732065697468657220696E636F6D70616F
:10A6D0007469626C65206F7220616E204D50553335
:10A6E0003035302E0A00000008A7000800000020C6
:10A6F000EC010000B28000087CA70008EC010020FB
:10A7000084050000AC870008412D010203040410F9
:10A7100009060708090204060884A24A04691832D7
:10A72000FF290452010342803F234843200FC842BF
:10A730009A99993FDA0FC93F9A99193E031EF04240
:10A74000032E40411B2A43601958076890408FC26E
:10A75000F53D0316881323200330096F12833AA6B0
:10A760009B443B07293F0AD7A33B01EB803F0C13D7
:0CA770004C981B08400401205A6824008B
:04000005080000ED02
:00000001FF
