:020000040800F2
:1000000070070020ED460008B9310008BB31000838
:10001000BF310008C3310008C731000800000000EC
:10002000000000000000000000000000CB310008CC
:10003000CD31000800000000CF310008D1310008A8
:100040000747000807470008074700080747000858
:10005000074700080747000807470008A7450008AA
:100060000747000807470008074700080747000838
:100070000747000807470008074700080747000828
:100080000747000807470008074700080747000818
:100090000747000807470008074700080747000808
:1000A00007470008094500080747000807470008F8
:1000B000074700086528000875280008074700085A
:1000C00007470008074700080747000807470008D8
:1000D00007470008074700080747000807470008C8
:1000E000074700080747000807470008DFF80CD05B
:1000F00007F068FE004800478126000870070020CE
:1001000031490143314A1160704770B50021002325
:100110000F22C47804B32D4C246804F4E064C4F5C1
:10012000E064210AC1F10403CA40447804FA03F1EF
:100130008478144021430901254C0678A1550478A0
:1001400004F01F050124AC4005786D11AD0005F1E8
:10015000E025C5F8004109E0047804F01F050124FA
:10016000AC401C4D0678761145F8264070BD1A4A01
:100170000A400243154B1B1F1A60704739B1134ADE
:10018000121D12680243114B1B1D1A6006E00F4A34
:10019000121D126882430D4B1B1D1A607047042804
:1001A00008D14FF0E021096941F004014FF0E0224D
:1001B000116107E04FF0E021096921F004014FF0DF
:1001C000E0221161704700000000FA050CED00E02C
:1001D00000E400E080E100E080FFFF1F00204449D0
:1001E0000860091D0860091D0860091D0860414874
:1001F0003F4914310860704700213D498279002A47
:100200003AD00A46126803689A430B461A600A1DE0
:10021000126803689A430B1D1A60027911440A6838
:1002200003681A430A60324A0832126803689A4324
:100230002F4B08331A601A1D126803689A432C4B1F
:100240000C331A604279102A0ED11A1F1268036803
:100250001A43274B08331A601A1D126803681A43A1
:10026000234B0C331A600DE02149427911440A688E
:1002700003681A430A6005E0027911440A680368BA
:100280009A430A6070470021016001710C2141719D
:100290000021817170471649103109680143144AE1
:1002A00010321160704701460020114A1432126862
:1002B0000A400AB1012000E0002070470C491431C7
:1002C00008607047014600200022094B1B6803EAC2
:1002D0000102074B14331B680B4013B10AB1012014
:1002E00000E00020704702491431086070470000A8
:1002F00000040140FFFF0F0010B50446CC488442C3
:1003000008D10121042000F02DFB0021042000F081
:1003100029FB46E0C748844208D10121082000F0AB
:1003200021FB0021082000F01DFB3AE0C248844276
:1003300008D10121102000F015FB0021102000F051
:1003400011FB2EE0BD48844208D10121202000F09D
:1003500009FB0021202000F005FB22E0B848844280
:1003600008D10121402000F0FDFA0021402000F0DA
:10037000F9FA16E0B348844208D10121802000F048
:10038000F1FA0021802000F0EDFA0AE0AE48844244
:1003900007D10121801500F0E5FA0021A01500F039
:1003A000E1FA10BD10B50121084600F0DBFA00218A
:1003B000012000F0D7FA10BD2DE9F04102460025DA
:1003C0000026002000230024002791F803C00CF031
:1003D0000F0591F803C00CF0100CBCF1000F03D016
:1003E00091F802C04CEA050591F800C0BCF1000F7D
:1003F00031D0146800202BE04FF0010C0CFA00F310
:10040000B1F800C00CEA03069E4220D183004FF0F1
:100410000F0C0CFA03F7BC4305FA03FC4CEA040486
:1004200091F803C0BCF1280F06D14FF0010C0CFA73
:1004300000FCC2F814C00AE091F803C0BCF1480FF8
:1004400005D14FF0010C0CFA00FCC2F810C0401CA2
:100450000828D1D31460B1F800C0BCF1FF0F34DD1F
:10046000546800202EE000F1080C4FF0010808FA53
:100470000CF3B1F800C00CEA03069E4221D18300C0
:100480004FF00F0C0CFA03F7BC4305FA03FC4CEADF
:10049000040491F803C0BCF1280F05D100F1080C49
:1004A00008FA0CF8C2F8148091F803C0BCF1480FA8
:1004B00007D100F1080C4FF0010808FA0CF8C2F857
:1004C0001080401C0828CED35460BDE8F0814FF660
:1004D000FF710180022181700421C17070470246C2
:1004E000002093680B400BB1012000E00020704712
:1004F0000146886880B2704702460020D3680B40EE
:100500000BB1012000E0002070470146C86880B2AE
:10051000704701617047416170470AB1016100E0B5
:1005200041617047C16070474FF480320A43826175
:100530008161826182698269704702460020434B73
:1005400018684FF68073184040EA021008433F4B8A
:10055000186070473E49C8617047F0B50A460023ED
:1005600000240021002500F00046B6F1004F02D122
:10057000364EF16901E0354E7168C0F3034583B230
:1005800000F44016B6F5401F08D121F070612F4EDF
:10059000766826F070662D4F7E6012E000F48016BB
:1005A000B6F5801F06D1032606FA05F4A14341F0F3
:1005B000706106E0460D360103FA06F6B14341F0DC
:1005C000706122B1460D360103FA06F6314300F0A0
:1005D0000046B6F1004F02D11C4EF16101E01B4E06
:1005E0007160F0BD30B500228B071C0F0F2303FA9A
:1005F00004F2164B08338C1053F824309343134CF9
:1006000008348D1044F8253023468C1053F82430DC
:100610008C07240F00FA04F423430C4C08348D108B
:1006200044F8253030BD0A49DC31086070470000CD
:1006300000080140000C014000100140001401407E
:1006400000180140001C0140002001400000014052
:1006500000002042DF48006840F00100DD490860EA
:1006600008464068DC490840DA49486008460068A6
:10067000DA490840D74908600846006820F480201D
:1006800008600846406820F4FE0048604FF41F00F0
:1006900088607047CF49096821F48031CD4A1160E4
:1006A0001146096821F480211160B0F5803F03D024
:1006B000B0F5802F0ED106E0C649096841F48031BB
:1006C000C44A116007E0C349096841F4A021C14A46
:1006D000116000E000BF00BF704710B50146002266
:1006E000002300204A11012A02D1BA4C236806E0F7
:1006F000022A02D1B74C236A01E0B64C636A01F0CA
:100700001F02012494401C400CB1012000E0002095
:1007100010BD38B5002000900024002500BF312016
:10072000FFF7DBFF05460098401C00900098B0F5ED
:10073000A06F01D0002DF2D03120FFF7CEFF08B11D
:10074000012400E00024204638BD01460020A14AD3
:10075000106820F0F80040EAC10010607047A0491E
:1007600008607047024600209A4B586820F47C10BD
:1007700042EA01031843974B58607047984908664E
:10078000704701460020934A506820F00300084358
:10079000506070478F48406800F00C007047014679
:1007A00000208C4A506820F0F000084350607047E9
:1007B00001460020874A506820F4E06008435060FA
:1007C000704701460020834A506820F4605040EA98
:1007D000C1005060704729B17E4A527A02437D4B76
:1007E0005A7204E07B4A527A82437A4B5A727047BB
:1007F0007B49D8310860704701460020754A50682F
:1008000020F440400843506070470021714A203274
:100810001170704A82F82010012802D004280AD1F1
:1008200004E001216B4A2032117005E00521694A7C
:100830002032117000E000BF00BF704769490860B6
:1008400070476449096A0143624A11627047654909
:1008500044390860704730B500210022002400238D
:100860005C4D6D6805F00C0121B1042905D0082903
:1008700023D105E05C4D056022E05B4D05601FE083
:10088000544D6D6805F47012524D6D6805F4803456
:10089000022505EB92421CB9544D554305600BE00F
:1008A0004C4D6D6805F400351DB1504D5543056044
:1008B00002E04D4D5543056002E04B4D056000BF21
:1008C00000BF444D6D6805F0F0010909484D6B5CAF
:1008D0000568DD4045603F4D6D6805F4E061090A3B
:1008E000434D6B5C4568DD4085603A4D6D6805F4AD
:1008F0006051C90A3E4D6B5C4568DD40C560354DB1
:100900006D6805F44041890B3A4D6B5CC568B5FBD9
:10091000F3F5056130BD29B12E4A526902432D4BD2
:100920005A6104E02B4A526982432A4B5A6170474C
:1009300029B1284A92690243264B9A6104E0254A6C
:1009400092698243234B9A61704729B1214AD26947
:100950000243204BDA6104E01E4AD26982431D4BF8
:10096000DA61704729B11B4AD2680243194BDA6039
:1009700004E0184AD2688243164BDA60704729B106
:10098000144A12690243134B1A6104E0114A1269B6
:100990008243104B1A617047124940390860704712
:1009A0000F49C86470470B49C87170470948406ACD
:1009B00040F0807007494862704701460020054AB0
:1009C00092680A400AB1012000E000207047014906
:1009D00088727047001002400000FFF8FFFFF6FE2B
:1009E000000042428004424200127A0000093D00A9
:1009F000000000201000002010B50446FE4884428C
:100A000008D10121C014FFF7ADFF0021E014FFF76A
:100A1000A9FFC4E0B4F1804F08D101210846FFF7D7
:100A2000AEFF00210120FFF7AAFFB8E0F34884429F
:100A300008D101210220FFF7A2FF00210220FFF7C9
:100A40009EFFACE0EE48844208D101210420FFF76C
:100A500096FF00210420FFF792FFA0E0E9488442BE
:100A600008D101210820FFF78AFF00210820FFF7A5
:100A700086FF94E0E448844208D101211020FFF76A
:100A80007EFF00211020FFF77AFF88E0DF488442D4
:100A900008D101212020FFF772FF00212020FFF75D
:100AA0006EFF7CE0DA48844208D101214014FFF750
:100AB00059FF00216014FFF755FF70E0D5488442CC
:100AC00009D10121C804FFF74DFF00214FF4002098
:100AD000FFF748FF63E0D048844209D101210805AF
:100AE000FFF740FF00214FF48010FFF73BFF56E077
:100AF000CA48844209D101214805FFF733FF00218C
:100B00004FF40010FFF72EFF49E0C548844208D19A
:100B100001214020FFF733FF00214020FFF72FFF86
:100B20003DE0C048844208D101218020FFF727FF23
:100B300000218020FFF723FF31E0BB48844208D129
:100B400001218015FFF71BFF0021A015FFF717FFFC
:100B500025E0B648844209D101210804FFF702FFCD
:100B600000214FF48030FFF7FDFE18E0B0488442CA
:100B700009D101214804FFF7F5FE00214FF40030B0
:100B8000FFF7F0FE0BE0AB48844208D10121880456
:100B9000FFF7E8FE00214FF48020FFF7E3FE10BDD1
:100BA00000220288944B98420ED0994B98420BD069
:100BB000B0F1804F08D0914B984205D0904B9842AD
:100BC00002D0904B984204D14FF68F731A404B8855
:100BD0001A438D4B984207D08C4B984204D04FF665
:100BE000FF431A40CB881A4302808B8883850B8889
:100BF0000385814B98420BD0854B984208D08B4B94
:100C0000984205D08A4B984202D08A4B984201D133
:100C10000B7A038601238382704770B5002400227B
:100C20000023058C4FF6FE7635400584028C8388C0
:100C3000048B4FF68F752C40B51E2C400D882C432D
:100C4000751E2A400D892A434D882A436A4DA842C1
:100C50000BD06F4DA84208D0744DA84205D0744DFA
:100C6000A84202D0734DA84213D14FF6F7752A401F
:100C70004D892A434FF6FB752A408D882A434FF64B
:100C8000FF652B404FF6FF552B408D892B43CD89B7
:100C90002B4383800483CD888586028470BD70B524
:100CA000002400220023058C4FF6EF7635400584A2
:100CB000028C8388048B48F6FF752C404FF6FF4565
:100CC0002C400D884FF6FF7606EA05252C434FF69B
:100CD000DF752A400D8906EA05152A434D8806EA84
:100CE00005152A43444DA84202D0494DA8421DD1C2
:100CF0004FF67F752A404D894FF6FF7606EA0515B7
:100D00002A434FF6BF752A408D8806EA05152A4307
:100D10004FF6FF352B404FF2FF752B408D8906EAC9
:100D200085052B43CD8906EA85052B438380048303
:100D3000CD880587028470BD70B500240022002391
:100D4000058C4FF6FF6635400584028C8388848BC2
:100D50004FF68F752C404FF6FC752C400D882C43B8
:100D60004FF6FF552A400D894FF6FF7606EA052516
:100D70002A434D8806EA05252A431F4DA84202D082
:100D8000234DA8421DD14FF2FF752A404D894FF6E1
:100D9000FF7606EA05252A434FF6FF352A408D885F
:100DA00006EA05252A434EF6FF752B404DF6FF75E2
:100DB0002B408D8906EA05152B43CD8906EA0515DA
:100DC0002B4383808483CD888587028470BD70B572
:100DD000002200230024058C4EF6FF763540058462
:100DE000038C8488828B48F6FF752A404FF6FF45B6
:100DF0002A400D8820E00000002C01400004004043
:100E000000080040000C00400010004000140040AA
:100E100000340140004C01400050014000540140AA
:100E200000180040001C004000200040004001402D
:100E300000440140004801404FF6FF7606EA0525D0
:100E40002A434DF6FF752B400D8906EA05352B43E5
:100E50004D8806EA05352B43FA4DA84202D0FA4DDB
:100E6000A84208D14BF6FF752C408D894FF6FF76CE
:100E700006EA85152C4384808283CD88A0F84050F3
:100E8000038470BD828B4FF2FF331A408283828BC2
:100E90004FF6FF7303EA01231A4382837047F0B5CC
:100EA0000C461546002200210026078C4EF6FF7CDA
:100EB00007EA0C070784828B018C4FF6FF7707EA5D
:100EC000043640F6FF473A404FF6FF7707EA05271A
:100ED0003A434FF6FF7707EA03373A43D94FB84210
:100EE0000ED0D94FB8420BD0B0F1804F08D0D74FB9
:100EF000B84205D0D64FB84202D0D64FB84206D13C
:100F00004DF6FF77394046F48057394305E047F600
:100F1000FF57394044F48057394382830184F0BD40
:100F2000828B4FF6F3731A408283828B0A4382834B
:100F30007047F0B50C461546002200210026078CAC
:100F40004FF6FF6C07EA0C070784828B018C4FF683
:100F5000FF7707EA04264FF60C773A404FF6FF7703
:100F600007EA03172F433A43B64FB8420ED0B64FA5
:100F7000B8420BD0B0F1804F08D0B44FB84205D082
:100F8000B34FB84202D0B34FB84206D14FF6FF5725
:100F9000394046F48077394305E04FF2FF57394036
:100FA00044F48077394382830184F0BD028B4FF291
:100FB000FF331A400283028B4FF6FF7303EA0123CB
:100FC0001A4302837047F0B50C46154600220021F3
:100FD0000026078C4FF6EF7C07EA0C070784028B8C
:100FE000018C4FF6FF7707EA041640F6FF473A40B8
:100FF0004FF6FF7707EA03373A434FF6FF7707EAE2
:1010000005273A438F4FB8420ED08F4FB8420BD0CE
:10101000B0F1804F08D08D4FB84205D08C4FB84208
:1010200002D08C4FB84206D14FF6DF77394046F0F8
:101030001007394305E04FF65F77394044F0100759
:10104000394302830184F0BD028B4FF6F3731A40DB
:101050000283028B0A4302837047F0B50C461546A3
:1010600000220021068C4FF6FE773E400684028B5C
:10107000018C4FF60C7632407E1C06EA03162E4396
:101080003243704EB0420ED06F4EB0420BD0B0F132
:10109000804F08D06D4EB04205D06D4EB04202D0A8
:1010A0006C4EB04206D14FF6FD76314044F0010659
:1010B000314305E04FF6F576314044F00106314307
:1010C00002830184F0BD70B505460C465D4885423B
:1010D0000ED05D4885420BD0B5F1804F08D05B48FB
:1010E000854205D05A48854202D05A48854200D1EF
:1010F00000E000BF208850B92389A2886188284673
:10110000FFF7ABFFE1882846FFF79EFF25E0208828
:1011100004280AD12389A28861882846FFF753FF53
:10112000E1882846FFF742FF17E0208808280AD107
:101130002389A28861882846FFF7FBFEE1882846BC
:10114000FFF7EEFE09E02389A28861882846FFF7B1
:10115000A6FEE1882846FFF795FE70BD2DE9F04117
:1011600005460C4600260127608808B9022600E0E3
:101170000026A088012801D1022700E0012720884D
:10118000A0B92389A28861882846FFF766FFE18815
:101190002846FFF759FF23893A4631462846FFF78C
:1011A00012FFE1882846FFF701FF13E02389A28898
:1011B00061882846FFF707FFE1882846FFF7F6FE1B
:1011C00023893A4631462846FFF747FFE1882846FB
:1011D000FFF73AFFBDE8F0810A884B881A438B88F5
:1011E0001A43CB881A430B891A434B891A438B89BC
:1011F0001A43A0F8442070474FF6FF718180002108
:101200000180C180418001727047002101804180CE
:101210008180C180018141818181C181704700212C
:1012200001804180012181800021C18001817047BE
:101230000021018041808180C180018141818181C3
:1012400070470000002C01400034014000040040C1
:1012500000080040000C004021B1028842F0010269
:10126000028004E002884FF6FE731A400280704745
:1012700031B1B0F8442042F40042A0F8442005E027
:10128000B0F84420C2F30E02A0F8442070471AB10F
:1012900083890B43838102E083898B438381704779
:1012A0008182704741EA0203A0F8483070471AB1C2
:1012B00083890B43838102E083898B438381704759
:1012C00001894FF6F8721140018170470A460021EA
:1012D00001894FF68F73194011430181704730B572
:1012E00004460D4629462046FFF7F0FF208940F0CE
:1012F0000700208130BD2DE9F04104460D46164619
:101300001F46602D06D13B46012231462046FFF79D
:101310005AFE05E03B46012231462046FFF79DFE7E
:1013200029462046FFF7D2FF208940F007002081A0
:10133000BDE8F08130B50C4600210189C9B24FF6F5
:10134000FF7505EA0325154325432943018130BD77
:101350002DE9F04105460E461746984600244346BF
:101360003A4631462846FFF7E5FF2C894FF6F870DC
:10137000044044F007044FF68F70044044F07004BA
:101380002C81BDE8F081F0B504460D4616461F4697
:101390003B46324629462046FFF7CCFF208940F4E1
:1013A00080402081F0BD0185828270470A4600217D
:1013B00001884FF68F731940114301807047F0B5D3
:1013C0000C4615461E460021002200230189028B8F
:1013D000038C4FF6F877394021434FF6FC473A40EB
:1013E00040F201173A434FF6DD773B404FF6FF7767
:1013F00007EA06172F433B43018102830384F0BDB4
:101400000A460021018B4FF68F7319401143018367
:1014100070470A460021018B48F6FF7319404FF6CA
:10142000FF7303EA02231943018370470A46002130
:10143000818B4FF68F7319401143818370470A46A1
:101440000021818B48F6FF7319404FF6FF7303EAC2
:10145000022319438183704721B1028842F0800240
:10146000028004E002884FF67F731A4002807047C2
:1014700021B1828842F00402828004E082884FF623
:10148000FB731A408280704721B1828842F00802C3
:10149000828004E082884FF6F7731A40828070479A
:1014A00021B1828842F00102828004E082884FF6F6
:1014B000FE731A40828070470A460021018B4FF666
:1014C000F77319401143018370470A460021018BCD
:1014D0004FF2FF7319404FF6FF7303EA02231943DB
:1014E000018370470A460021818B4FF6F77319403C
:1014F0001143818370470A460021818B4FF2FF73AD
:1015000019404FF6FF7303EA0223194381837047A2
:101510000A460021018B4FF6FB73194011430183EA
:1015200070470A460021018B4FF6FF3319404FF6F2
:10153000FF7303EA02231943018370470A4600211F
:10154000818B4FF6FB7319401143818370470A4624
:101550000021818B4FF6FF3319404FF6FF7303EAEA
:1015600002231943818370470A460021018B4FF6FD
:101570007F7319401143018370470A460021018B94
:10158000C1F30E014FF6FF7303EA022319430183EF
:1015900070470A460021818B4FF67F731940114333
:1015A000818370470A460021818BC1F30E014FF6FB
:1015B000FF7303EA02231943818370470A4600211F
:1015C000018C4FF6FD7319401143018470470A46A0
:1015D0000021018C4FF6F7731940114301847047C5
:1015E0000A460021018C4FF6DF7319404FF6FF7356
:1015F00003EA02131943018470470A460021018C53
:101600004FF67F7319404FF6FF7303EA0213194335
:10161000018470470A460021018C4FF6FF531940A0
:101620004FF6FF7303EA02231943018470470A4609
:101630000021018C4FF2FF7319404FF6FF7303EA4C
:1016400002231943018470470A460021018C4DF69C
:10165000FF7319404FF6FF7303EA02331943018405
:10166000704730B5002301248C40A3B2048C9C4306
:101670000484048C02FA01F5ADB22C43048430BD1D
:1016800030B5002304248C40A3B2048C9C43048412
:10169000048C02FA01F5ADB22C43048430BD70B560
:1016A0000346002000241846183001258D40ACB2B6
:1016B0001D8CA5431D8409B1082909D100EB6100E7
:1016C000056825F0700505600568154305600EE0A6
:1016D0000D1FC5F34E052844056825F4E045056057
:1016E00005684FF6FF7606EA02263543056070BDB1
:1016F00021B1028842F00202028004E002884FF623
:10170000FD731A400280704721B1028842F0040242
:10171000028004E002884FF6FB731A400280704793
:1017200021B1828842F08002828004E082884FF6F4
:101730007F731A408280704702884FF6F7731A4011
:10174000028002880A430280704782884FF68F73B6
:101750001A40828082880A438280704702894FF64D
:10176000F8731A40028102890A4302817047028994
:101770004FF67F731A40028102890A430281704743
:1017800081847047818570478186704701877047E3
:1017900081877047A0F84010704702884FF6FF43DA
:1017A0001A40028002880A43028070470146888EF0
:1017B00070470146088F70470146888F7047014681
:1017C000B1F8400070470146888C70470146088D8B
:1017D000704702460020138A0B400BB1012000E045
:1017E00000207047CA430282704730B5024600208D
:1017F00000230024158A05EA0103958905EA0104FE
:1018000013B10CB1012000E0002030BDCA430282B8
:101810007047000010B50446FB48844209D10121FD
:101820008803FFF79FF800214FF48040FFF79AF8F4
:1018300032E0F648844209D101214804FFF79FF8BD
:1018400000214FF40030FFF79AF825E0F048844279
:1018500009D101218804FFF792F800214FF480207C
:10186000FFF78DF818E0EB48844209D10121C80444
:10187000FFF785F800214FF40020FFF780F80BE018
:10188000E548844208D101210805FFF778F80021D6
:101890004FF48010FFF773F810BD2DE9F04786B0C4
:1018A00005460E460024A24600BFA1460027B08987
:1018B00000B100BF2F462C8A4CF6FF700440F08820
:1018C00004432C82AC894EF6F3100440B088318971
:1018D0000843718908430443AC81AC8A4FF6FF404A
:1018E0000440B0890443AC8201A8FEF7B4FFC648A7
:1018F000874202D1DDF810A001E0DDF80CA0A88934
:1019000000F4004040B10AEBCA0000EB0A10316855
:101910004900B0FBF1F807E00AEBCA0000EB0A103F
:1019200031688900B0FBF1F86420B8FBF0F00401E5
:101930002009642101FB1089A88900F4004040B10E
:10194000322000EBC900B0FBF1F000F007000443C7
:1019500008E0322000EB09106421B0FBF1F000F048
:101960000F0004432C8106B0BDE8F0874FF41651F8
:10197000016000218180C18001810C214181002111
:101980008181704710B502460020108A4FF2FF0394
:1019900018400B884C8823438C882343CC882343EE
:1019A0001843108210BD0021018041808180C180D8
:1019B000704721B1828942F40052828104E0828919
:1019C0004DF6FF731A4082817047F0B5034600243C
:1019D00000260025002040F66A17B94200D100BF5A
:1019E0001846C1F3421401F01F06012707FA06F555
:1019F000012C01D10C3004E0022C01D1103000E0A8
:101A000014301AB107682F43076002E00768AF433C
:101A10000760F0BD1AB1838A0B43838202E0838A98
:101A20008B4383827047028A4FF6F0731A4002821A
:101A3000028A0A430282704782894FF2FF731A407A
:101A4000828182890A438281704721B1828942F072
:101A50000202828104E082894FF6FD731A4082817E
:101A60007047028A4FF6DF731A400282028A0A43E5
:101A70000282704721B1028A42F48042028204E06D
:101A8000028A4BF6FF731A4002827047C1F30802C4
:101A90008280704701468888C0F3080070478189BA
:101AA00041F0010181817047028BD2B20283028B27
:101AB00042EA012202837047028B02F47F420283D2
:101AC000028B0A430283704721B1828A42F02002CE
:101AD000828204E0828A4FF6DF731A408282704766
:101AE00021B1828A42F01002828204E0828A4FF69B
:101AF000EF731A408282704721B1828A42F0080255
:101B0000828204E0828A4FF6F7731A40828270471D
:101B100021B1828942F40042828103E08289C2F3CA
:101B20000E028281704721B1828A42F40062828271
:101B300004E0828A4FF2FF731A4082827047828AE1
:101B40004FF6FB731A408282828A0A438282704770
:101B500021B1828A42F00202828204E0828A4FF638
:101B6000FD731A408282704702460020B1F5007F63
:101B700000D100BF13880B400BB1012000E0002012
:101B8000704701F40072B2F5007F00D100BFCA4374
:101B90000280704770B50246002400230025002013
:101BA00040F66A16B14200D100BFC1F3421501F000
:101BB0001F03012606FA03F3012D02D19689334053
:101BC00006E0022D02D1168A334001E0968A3340A6
:101BD0000C12012606FA04F41688344013B10CB135
:101BE000012000E0002070BD10B50022002340F667
:101BF0006A14A14200D100BF0A1201249440A3B28A
:101C0000DC43048010BD0000003801400044004067
:101C100000480040004C00400050004010B5044611
:101C2000FA48844208D101214015FEF79BFE0021AD
:101C30006015FEF797FE17E0F548844208D10121B0
:101C40000015FEF78FFE00212015FEF78BFE0BE03E
:101C5000F048844208D10121C803FEF783FE002129
:101C60004FF40040FEF77EFE10BD30B50246002066
:101C700000235068E84C20400D790C6844EA0524A4
:101C8000204350609068E54C2040D1E902542C4339
:101C90004D7944EA450420439060D06A20F47000F6
:101CA0000C7C641EE4B2234340EA0350D06230BD92
:101CB00000210160017141718160C16001210174E5
:101CC000704721B1826842F00102826003E08268BD
:101CD00022F001028260704721B1826842F4807272
:101CE000826003E0826822F480728260704710B5DF
:101CF0000023CBB21AB144681C43446002E044683C
:101D00009C43446010BD816841F0080181607047C8
:101D1000014600208A6802F008020AB1012000E0B2
:101D200000207047816841F00401816070470146DE
:101D300000208A6802F004020AB1012000E00020BD
:101D4000704721B1826842F4A002826003E0826899
:101D500022F4A00282607047014600208A6802F4E3
:101D600080020AB1012000E00020704710B50A4649
:101D700000210023416821F46041531E41EA4331B0
:101D8000416010BD21B1426842F40062426003E04C
:101D9000426822F4006242607047F0B504460D4686
:101DA00000200021092D11DDE068A5F10A0606EBEF
:101DB0004607072606FA07F18843A5F10A0606EB4F
:101DC000460603FA06F10843E0600CE0206905EBE3
:101DD0004507072606FA07F1884305EB450603FA8F
:101DE00006F108432061072A0FDA606B561E06EBE6
:101DF00086071F2606FA07F18843561E06EB86065D
:101E000005FA06F10843606322E00D2A0FDA206B21
:101E1000D61F06EB86071F2606FA07F18843D61F52
:101E200006EB860605FA06F10843206310E0E06A37
:101E3000A2F10D0606EB86071F2606FA07F1884376
:101E4000A2F10D0606EB860605FA06F10843E062EC
:101E5000F0BD21B1826842F48012826003E08268A2
:101E600022F48012826070470146C86C80B27047CD
:101E700066484C300068704721B1426842F4806285
:101E8000426003E0426822F480624260704721B100
:101E9000426842F48052426003E0426822F4805279
:101EA000426070470A460021816821F4E0411143F5
:101EB0008160704721B1826842F40042826003E091
:101EC000826822F400428260704721B1826842F445
:101ED0000212826003E0826822F40212826070477C
:101EE000014600208A6802F400120AB1012000E0D5
:101EF00000207047F0B50446154600200022002659
:101F0000092911DDE068A1F10A0707EB470C072753
:101F100007FA0CF29043A1F10A0707EB470703FA0F
:101F200007F21043E0600CE0206901EB410C072749
:101F300007FA0CF2904301EB410703FA07F2104352
:101F40002061A06BC0F30156EF1C06F1010CA7EB5A
:101F50000C0707EB870C1F2707FA0CF29043EF1CC6
:101F600006F1010CA7EB0C0707EB870701FA07F254
:101F70001043A063F0BD10B50A4600210023816B19
:101F800021F44011531E41EA0351816310BD08B58D
:101F9000002300930090009B0B440093009B1A6069
:101FA00008BD08B5024600200090009201F128000B
:101FB000009B184400900098006880B208BD0A4653
:101FC00000214168164B194011434160704741623E
:101FD000826270470A460021416821F01F011143C7
:101FE0004160704740B109490831096841F4000176
:101FF000064A0832116007E004490831096821F4F3
:102000000001024A083211607047000000240140BC
:1020100000280140003C0140FFFEF0FFFDF7F1FF0A
:10202000FFFD3FFF0246002013680B400BB101206B
:1020300000E000207047CA430260704770B5024656
:102040000020002300240B125568CEB205EA0604D6
:1020500015681D4015B10CB1012000E0002070BDD5
:1020600000220A12D3430360704700000CB5002021
:10207000019000906C48006840F480306A49086024
:1020800000BF6948006800F4003000900198401CCF
:102090000190009818B90198B0F5A06FF1D162488D
:1020A000006800F4003010B10120009001E0002031
:1020B00000900098012843D15C48006840F010006F
:1020C0005A4908600846006820F003000860084686
:1020D000006840F002000860534840685249486078
:1020E0000846406848600846406840F480604860A0
:1020F0000846406820F47C1048600846406840F478
:10210000E81048600846006840F08070086000BF32
:102110004548006800F000700028F9D04248406847
:1021200020F00300404948600846406840F0020043
:10213000486000BF3C48406800F00C000828F9D116
:102140000CBD10B5FFF792FF10BD10B53648006802
:1021500040F00100344908600846406834490840AE
:102160003149486008460068324908402E490860F5
:102170000846006820F4802008600846406820F483
:10218000FE0048604FF41F008860FFF7DAFF4FF051
:1021900000602949086010BD10B500210020002210
:1021A000214B5B6803F00C0121B1042906D00829FA
:1021B00028D107E0214B224C236027E01F4B204C05
:1021C000236023E0184B5B6803F47010164B5B68C8
:1021D00003F48032022303EB904022B9194B4343AE
:1021E000174C23600DE0104B5B6803F4003323B100
:1021F000144B4343124C236003E0104B4343104CF9
:10220000236003E00D4B0E4C236000BF00BF064B64
:102210005B68C3F303130C4CE15C094B1B68CB40B8
:10222000074C236010BD0000001002400020024057
:102230000000FFF8FFFFF6FE08ED00E000127A0054
:102240001400002000093D0018000020014605E0B0
:10225000002001E0421CD0B20A28FBDB0A1EA1F1DB
:102260000101F5D1704710B5044603E04FF47A70D0
:10227000FFF7ECFF201EA4F10104F7D110BD704759
:1022800008B50720009002E00098401E00900098DA
:102290000028F9D108BD10B54FF40070E649086078
:1022A00040100860FFF7ECFFE3480838006808B901
:1022B000012000E0002000F4007008B1002010BDF3
:1022C0004FF40070DC49091D0860FFF7D9FFDA48B8
:1022D0000838006800F4007008B10020EFE74FF400
:1022E0000070D549091D0860FFF7CAFF0120E6E725
:1022F00010B54FF48070D049091D0860FFF7C0FF8A
:102300004FF40070CC49091D0860FFF7B9FF4FF486
:102310008070C9490860FFF7B3FF4FF40070C649E9
:102320000860FFF7ADFF10BD10B54FF48070C249D3
:10233000091D0860FFF7A4FF4FF40070BE49091D96
:102340000860FFF79DFF4FF48070BB490860FFF7FE
:1023500097FF4FF48070B849091D0860FFF790FFA0
:1023600010BD10B54FF48070B349091D0860FFF728
:1023700087FF4FF40070B0490860FFF781FF4FF40A
:102380008070AD490860FFF77BFF4FF48070AA4969
:10239000091D0860FFF774FF10BD10B54FF4807081
:1023A000A549091D0860FFF76BFF4FF40070A249B3
:1023B0000860FFF765FF4FF480709F490860FFF7E2
:1023C0005FFF9D480838006800F4007030B14FF49A
:1023D00080709949091D0860002010BD4FF480707D
:1023E0009549091D08600120F7E770B504460825E6
:1023F0001DE04FF480709049091D0860FFF740FF11
:1024000004F0800020B14FF400708B49086004E0B4
:102410004FF400708849091D08606006040EFFF73C
:102420002FFF4FF4807084490860FFF729FF281EB2
:10243000A5F10101CDB2DCD14FF480707E49091DB8
:10244000086070BD70B508250024A8017A490860AD
:1024500016E06006040E4FF480707749091D08608D
:10246000FFF70EFF4FF4807073490860FFF708FF15
:1024700071480838006800F4007008B144F00104A5
:10248000281EA5F10101CDB2E3D14FF480706A4955
:10249000091D0860204670BD08B501210820FEF71F
:1024A00047FA4FF44070ADF8000002208DF80200AA
:1024B00014208DF8030069465F481038FDF77CFF53
:1024C00008BD2DE9F04105460E4617469846FFF730
:1024D000E2FE10B90020BDE8F081002141EA45018B
:1024E000C8B2FFF782FFFFF758FF18B9FFF700FFE8
:1024F0000020F0E73046FFF778FFFFF74EFF00249B
:102500000BE018F80400FFF770FFFFF746FF18B95B
:10251000FFF7EEFE0020DEE7641CBC42F1DBFFF7B4
:10252000E7FE0120D7E72DE9F04104460D461646A7
:102530001F463B46324629462046FFF7C2FF10B1F0
:102540000020BDE8F0814FF0FF30FAE72DE9F041BF
:1025500005460F4614461E46FFF79DFE10B90020A3
:10256000BDE8F081002141EA4501C8B2FFF73DFF17
:10257000FFF713FF18B9FFF7BBFE0020F0E738465E
:10258000FFF733FFFFF709FFFFF785FE012101EB9E
:102590004501C8B2FFF729FFFFF7FFFE0CE0FFF788
:1025A00051FF3070012C02D1FFF7DBFE01E0FFF795
:1025B000BBFE761C601EC4B2002CF0D1FFF798FE63
:1025C0000120CDE72DE9F04104460D4616461F4691
:1025D0003B46324629462046FFF7B8FF10B100209F
:1025E000BDE8F0814FF0FF30FAE770B504460D46C4
:1025F0001646FFF750FE08B9002070BD002141EAE1
:102600004401C8B2FFF7F1FEFFF7C7FE18B9FFF7A4
:102610006FFE0020F1E72846FFF7E7FEFFF7BDFE5B
:102620003046FFF7E2FEFFF7B8FEFFF761FE01203C
:10263000E3E7002070470000100C014008B50121BD
:102640001120FEF775F901210B48FDF786FF4FF4C5
:10265000C040ADF8000003208DF8020010208DF876
:10266000030069460548FDF7A7FE4FF4C041034843
:10267000FDF74FFF08BD00000002300000100140D0
:10268000002400270026FFF760FD41F61F4141F2BC
:10269000883001F00BFF01F045FF01F075FD00F0FF
:1026A000DBF800F03DF8FFF7C9FF01F0C1FF00F0D3
:1026B000E9F800F050F9FFF7EFFE0A2000F028FEDD
:1026C00000F05CFA00F0CCFD00F04CFE0021084662
:1026D00001F03EFC104807784FF0E020006940F020
:1026E00001004FF0E021086115E000F0B7FA76B97B
:1026F00009480578E81BC0B204442F46B4F5C87FEA
:1027000004D30021054801F023FC012600BF01F09D
:10271000B2FC01F0D3FBE8E7A10000200000A042DA
:1027200008B501210820FEF703F94FF47040ADF819
:10273000000010208DF8030003208DF80200694688
:10274000FE48FDF739FE4FF47041FC48FDF7E1FE0D
:1027500008BD08B501210846FEF7F7F8012104205D
:10276000FEF7E6F80C20ADF8000018208DF8030005
:1027700003208DF802006946F148FDF71DFE08BDF3
:1027800030B587B00025002440F2E730ADF81400E2
:102790000020ADF81000ADF81600ADF8120004A945
:1027A0004FF08040FEF7FCF96020ADF800000120FA
:1027B000ADF80200ADF806500020ADF808006946FB
:1027C0004FF08040FEF7B8FA0821C806FEF78AFEEF
:1027D0000120ADF80200ADF806400020ADF8080079
:1027E00069464FF08040FEF7F2FA0821C806FEF76E
:1027F00082FE01218807FEF72FFE01218807FEF7E0
:102800002BFD07B030BD2DE9FF4104460D4627469C
:102810002E466020ADF800000120ADF80200ADF8B2
:1028200006700020ADF8080069464FF08040FEF7C2
:1028300083FA0821C806FEF755FE0120ADF8020014
:10284000ADF8066069468007FEF7C1FA0821C806A0
:10285000FEF751FEBDE8FF8110B5FFF77AFFFFF7E5
:102860008FFF10BDB7490888098821F00101B54ADA
:1028700011807047B4490888098821F00101B24AE3
:102880001180704700B589B001210220FEF75DF884
:1028900001210420FEF74CF801A8FDF718FEC02026
:1028A000ADF8040004208DF8070003208DF8060021
:1028B00001A9A348FDF780FD4FF4A060FDF720FCBF
:1028C0001D208DF8080001208DF8090003208DF8E7
:1028D0000A0001208DF80B0002A8FDF716FC9948AC
:1028E0001038FEF789F806A8FEF786FC0020ADF840
:1028F00018004FF6FF70ADF81C000020ADF81E0068
:10290000ADF81A0006A98F481038FEF749F90A23D6
:102910001A4603218B481038FEF751FD03A8FEF735
:102920007EFC0620ADF8140003A986481038FEF797
:10293000CAFB012183481038FEF754FF01221146DB
:1029400080481038FEF7A3FC01217E481038FEF7BE
:1029500083FC09B000BD00B589B001210420FDF75A
:10296000F4FF01210820FDF7E3FF01A8FDF7AFFD0B
:10297000C020ADF8040004208DF8070003208DF876
:10298000060001A96D48FDF717FD4FF4A060FDF7A3
:10299000B7FB1E208DF8080001208DF809000320E8
:1029A0008DF80A0001208DF80B0002A8FDF7ADFBA1
:1029B00065481038FEF720F806A8FEF71DFC002039
:1029C000ADF818004FF6FF70ADF81C000020ADF810
:1029D0001E00ADF81A0006A95B481038FEF7E0F8B3
:1029E0000A231A46032158481038FEF7E8FC03A8CA
:1029F000FEF715FC0620ADF8140003A95248103864
:102A0000FEF761FB012150481038FEF7EBFE012272
:102A100011464D481038FEF73AFC01214A4810385B
:102A2000FEF71AFC09B000BD00B585B001210420F5
:102A3000FDF77EFF01210220FDF787FF8020ADF822
:102A4000100004208DF8130003208DF8120004A953
:102A50003B48FDF7B1FC4FF4A060FDF751FB1D2092
:102A60008DF8000001208DF8010003208DF8020090
:102A700001208DF803006846FDF747FB3148103808
:102A8000FDF7BAFF4FF6FF70ADF808000020ADF873
:102A90000400ADF80A00ADF8060001A92948103875
:102AA000FEF77EF800231A46602126481038FEF70C
:102AB00022FC002123481038FEF762FE0121214844
:102AC0001038FEF7C9FB05B000BD00B585B0012187
:102AD0000820FDF72DFF01210420FDF736FF80209F
:102AE000ADF8100004208DF8130003208DF81200BB
:102AF00004A91248FDF760FC4FF4A060FDF700FB4D
:102B00001E208DF8000001208DF8010003208DF8B3
:102B1000020001208DF803006846FDF7F6FA0A4826
:102B20001038FDF769FF4FF6FF70ADF80800002080
:102B3000ADF80400ADF80A0008E00000000C014008
:102B4000000801401004004010080040ADF80600E5
:102B500001A90948FEF724F800231A466021064817
:102B6000FEF7C9FB00210448FEF70AFE01210248D6
:102B7000FEF772FB05B000BD0008004070B50024F0
:102B800002F021FA0446002C60D17CA001F079FC0F
:102B9000782001F07AFE18B981A001F072FC02E001
:102BA00087A001F06EFC782002F05CF818B98FA0C5
:102BB00001F067FC02E096A001F063FC642002F0E3
:102BC00032F918B99EA001F05CFC02E0A6A001F069
:102BD00058FC03F0E9FC18B9ACA001F052FC02E08B
:102BE000B7A001F04EFCC54804F0BAFB054603F05F
:102BF000E5FC18B9C2A001F044FC02E0CAA001F053
:102C000040FC40F2731004F01AF918B9D2A001F098
:102C100038FC02E0D9A001F034FC642003F088FE07
:102C200018B9E2A001F02DFC02E0E9A001F029FCB6
:102C300004F0AAFB012003F0FDF918B9EFA001F0A0
:102C400020FC0AE0F6A001F01CFC06E04FF4005165
:102C5000FE48FDF760FC00BFFEE770BD2DE9F04FB8
:102C600089B0FB48FB49FC4BFC4ACDE90010FC490C
:102C7000FC4804F043FAF748008800F4807000280C
:102C80007AD0F649086804F0B1FE04464FF09D4141
:102C900004F0E6FCF4490860F049486804F0A6FE38
:102CA00004464FF09D4104F0DBFCF0490860EB491D
:102CB000886804F09BFE04464FF09D4104F0D0FC70
:102CC000EB490860E549C86804F090FE04464FF0FF
:102CD0009D4104F0C5FCE7490860E34801684FF0F6
:102CE000804004F08BFC0690E1480168069804F0EF
:102CF00085FC8246DD4801684FF0404004F07EFCD0
:102D00000690DC480168069804F078FC834651463A
:102D100004F01CFC079004F0B5FE064606F0DAF855
:102D200080464FF06632D44B04F07FFD044604F039
:102D3000D5FED2490860CE4801684FF0804004F0CB
:102D40005DFC0390CA480168039804F057FC824672
:102D5000C64801684FF0404004F050FC0390C3485F
:102D60000168039804F04AFC8346514604F040FC95
:102D700081464FF07E5183E10CE200006D707520BA
:102D8000696E697469616C697A6174696F6E2063D8
:102D90006F6D706C6574652E2E2E2E2E2E0A2000FF
:102DA0006D70755F7365745F73656E736F722063AA
:102DB0006F6D706C657465202E2E2E2E2E2E0A00DF
:102DC0006D70755F7365745F73656E736F7220638A
:102DD0006F6D65206163726F7373206572726F72BD
:102DE000202E2E2E2E2E2E0A000000006D70755FF4
:102DF000636F6E6669677572655F6669666F20638B
:102E00006F6D706C657465202E2E2E2E2E2E0A008E
:102E10006D70755F636F6E6669677572655F666911
:102E2000666F20636F6D65206163726F73732065D9
:102E300072726F72202E2E2E2E2E2E0A000000008F
:102E40006D70755F7365745F73616D706C655F72D3
:102E500061746520636F6D706C657465202E2E2E15
:102E60002E2E2E0A000000006D70755F7365745F72
:102E700073616D706C655F72617465206572726FED
:102E800072202E2E2E2E2E2E0A000000646D705FF2
:102E90006C6F61645F6D6F74696F6E5F6472697689
:102EA00065725F6669726D7761726520636F6D70C0
:102EB0006C657465202E2E2E2E2E2E0A000000002A
:102EC000646D705F6C6F61645F6D6F74696F6E5F6E
:102ED0006472697665725F6669726D77617265208A
:102EE000636F6D65206163726F7373206572726FBB
:102EF00072202E2E2E2E2E2E0A00000028000020DA
:102F0000646D705F7365745F6F7269656E74617410
:102F1000696F6E20636F6D706C657465202E2E2E48
:102F20002E2E2E0A00000000646D705F7365745FC2
:102F30006F7269656E746174696F6E20636F6D6521
:102F4000206163726F7373206572726F72202E2E10
:102F50002E2E2E2E0A000000646D705F656E616279
:102F60006C655F6665617475726520636F6D706C0A
:102F7000657465202E2E2E2E2E2E0A00646D705F35
:102F8000656E61626C655F6665617475726520630C
:102F90006F6D65206163726F7373206572726F72FB
:102FA000202E2E2E2E2E2E0A00000000646D705F43
:102FB0007365745F6669666F5F7261746520636FC5
:102FC0006D706C657465202E2E2E2E2E2E0A00003C
:102FD000646D705F7365745F6669666F5F7261745C
:102FE0006520636F6D65206163726F737320657216
:102FF000726F72202E2E2E2E2E2E0A006D70755F8F
:103000007365745F646D705F737461746520636F62
:103010006D706C657465202E2E2E2E2E2E0A0000EB
:103020006D70755F7365745F646D705F73746174E8
:103030006520636F6D65206163726F7373206572C5
:10304000726F72202E2E2E2E2E2E0A00001001409E
:10305000620000206000002050000020E8010020F5
:103060005A000020540000203400002038000020C6
:103070003C0000204000002066A64C404400002098
:1030800004F064FA044604F0FDFCCDE90401434871
:1030900001684FF0804004F0B1FA8346404801686F
:1030A000584604F0ABFA81463E4801684FF0804034
:1030B00004F0A4FA83463C480168584604F09EFA9E
:1030C0008246494604F042FA044604F0DBFC074617
:1030D000DDE9042306F046F94FF06632334BCDE9C3
:1030E000060104F0A2FB054604F0F8FC3049086034
:1030F0002D480168006804F081FA039029480168AE
:10310000006804F07BFA029025480168006804F02A
:1031100075FA834621480168006804F06FFA594641
:10312000019004F013FA8246029904F061FA814694
:10313000039904F05DFA044604F0A4FCCDE904010F
:10314000194801681548006804F058FA8246154885
:1031500001681348006804F051FA8346514604F0B0
:10316000F5F981464FF0804104F048FA044604F036
:1031700089FC0746DDE9042306F0F4F84FF06632D7
:103180000A4BCDE9060104F050FB054604F0A6FC0D
:103190000849086009B0BDE8F08F00003400002045
:1031A000380000203C0000204000002066A64C4073
:1031B000480000204C000020704700BFFEE700BF21
:1031C000FEE700BFFEE700BFFEE7704770477047AD
:1031D00010B51D480078401C1B4908701B4800783A
:1031E000401C1A4908701A480078401C1849087099
:1031F00000F039FB17480078401C16490870164843
:103200000078401C1449087014480078401C134989
:1032100008700E480078022806DB01F0F4F900F08F
:1032200034FC00200949087009480078082806DBAA
:1032300000F046FB0020064908700649087000F0BF
:1032400032F900F04EFA10BDA1000020A6000020C7
:10325000A2000020A3000020A4000020A500002060
:1032600030B527480068C822B0FBF2F1B1F1807F89
:1032700001D301201DE021F07F40401E4FF0E022ED
:10328000506150170F22002807DA13071D0E1D4B3F
:1032900000F00F04241F1D5503E013071C0E1A4BEA
:1032A0001C5400BF00204FF0E02290610720106105
:1032B000002008B100BFFEE74FF0E020006920F0D9
:1032C00001004FF0E021086130BD01B50F490098C1
:1032D00008604FF0E020006940F001004FF0E0216D
:1032E000086100BF094800680028FBD108BD0748F5
:1032F000006820B105480068401E04490860704716
:103300001400002018ED00E000E400E0640000205C
:10331000002107E042F6E06100BF0A1EA1F10103AF
:1033200099B2FAD1021EA0F1010398B2F2D170470E
:103330000021FE4A1170FE490860FE490978FE4AE4
:1033400011700021FD4A1160FA490978FC4A117098
:103350000021FC4A1170FC4A11804FF07E51FB4A5B
:103360001160704700B50020F9490880F9490880CC
:10337000F9490860F9490860F9490860F9490860A5
:10338000F9490860F9490860F9490860F949086095
:10339000F9490860F9490860F9490860F949086085
:1033A000F9490860F9490860F9490860F949086075
:1033B000F9490860DF490870F8490870F849087051
:1033C000DC480078DC4908700020DC490860D948F6
:1033D0000078DB4908700020DA490870DA49088073
:1033E0004FF07E50D9490860EE48FFF7A1FF00205A
:1033F000ED49086000BD2DE9F041EC48006804F09B
:1034000041FB0446EA48D0E900633246204604F016
:103410004DFB07D0E648D0E90021104604F05EFBE2
:10342000E2490860E348006804F02CFB0446E048E9
:10343000D0E902633246204604F038FB07D0DC496D
:10344000D1E90221104604F049FBDA490860DA4864
:10345000006804F017FB0446D548D0E904633246FF
:10346000204604F023FB07D0D148D0E904211046C0
:1034700004F034FBD0490860D048006804F002FB37
:103480000446CB48D0E906633246204604F00EFBE2
:1034900007D0C748D0E90621104604F01FFBC749F2
:1034A0000860BDE8F0812DE9F041C54800680128B9
:1034B00010D10020BD490860C248006804F0A4FA99
:1034C00006460022C04B04F0B0F9044604F006FBA7
:1034D000B6490860BA480068022812D10020B549F0
:1034E0000860BA490968A1F1400004F08DFA064667
:1034F0000022B74B04F099F9044604F0EFFAAD4905
:103500000860B449B1F9040004F070FAB2490860E7
:10351000B249B1F9040004F069FAB1490860002128
:10352000B048006804F0F6FA0BD0AF49AD48006827
:1035300004F0F0FA05D3AD49AA48006804F0F4FAA3
:1035400005D24FF40051AA48FCF7E5FF04E04FF420
:103550000051A748FCF7DDFF0021A648006804F0F1
:1035600047F8824908609D49B1F9000004F03EFA2D
:10357000064690480168304604F040F804467C480E
:1035800001687A48006804F033F806468748016805
:10359000304604F033F80546214603F0D7FF77495B
:1035A0000860BDE8F0812DE9F04104460D46002C8D
:1035B0000CDA4FF480419048FCF7ABFF4FF4004128
:1035C0008D48FCF7A8FF604204B20AE04FF40041C6
:1035D0008948FCF79EFF4FF480418748FCF79BFF2A
:1035E00000BF002D0CDA4FF400518348FCF791FF27
:1035F0004FF480518048FCF78EFF684205B20AE024
:103600004FF480517C48FCF784FF4FF400517A4816
:10361000FCF781FF00BFAFB2A6B231464FF0804049
:10362000FEF7B6F839464FF08040FEF7B3F873491D
:103630006C48006804F078FA23D37149694800683F
:1036400004F068FA02D24FF0010801E04FF00008E0
:1036500000215048006804F05DFA01D1012000E02B
:10366000002008EA000800214B48006804F052FAE4
:1036700001D1012000E0002008EA0008B8F1000FA5
:103680000DD000214FF08040FEF782F800214FF06E
:103690008040FEF77FF801205A49086002E00020D0
:1036A0005849086058493148006804F03DFA05D38C
:1036B00056492E48006804F02DFA0DD200214FF033
:1036C0008040FEF765F800214FF08040FEF762F879
:1036D00001204C49086002E000204A490860BDE82A
:1036E000F08170B5234801682448006803F02EFF7C
:1036F000244908601F4801682048006803F078FFEB
:103700001F4908601F48006804F08FF900B2B0F547
:103710007A7F02DD3E481B4908601A48006804F0C1
:1037200084F900B210F57A7F78DA74E07500002031
:103730008C000020A10000207400002070000020F8
:10374000A0000020980000209A0000209C0000208B
:10375000EE000020EC000020FC000020F80000201B
:10376000040100200001002008010020C800002002
:10377000B800002024010020AC000020BC00002084
:10378000C4000020C00000202001002064010020AF
:10379000600100202C01002028010020A200002050
:1037A000A30000200000C84218010020D80000201B
:1037B00070960008DC000020E0000020E4000020FB
:1037C00048010020380100200080FB3F3C01002020
:1037D0000000C43F5A00002058010020540000207F
:1037E0005C010020440000200000A0C10000A041B6
:1037F0000010014048000020000C01400000204162
:10380000000020C11401002000004842000048C20E
:1038100000007A4402E0FE48FE490860FE48006865
:1038200004F003F900B2B0F57A7F02DDFB48FA49F3
:103830000860F948006804F0F8F800B210F57A7FE3
:1038400002DAF348F4490860F348006804F0EDF840
:1038500004B2F048006804F0E8F805B221462846B2
:10386000FFF7A1FE70BD70B5ED48FDF7ACFF044653
:10387000EC48FDF7A8FF0546EB480460EB480560FF
:103880000021E748FDF77CFF0021E648FDF778FFBF
:1038900020B2E7490880684200B2E6490880E6485D
:1038A0000068E349B1F900100844E3490860E348BF
:1038B0000068E049B1F900100844E049086070BDB3
:1038C0002DE9F05FDC490968DC4A1268881804F0C9
:1038D0008DF8DB4908600020D8490860D6490860A7
:1038E000D848006804F0CEF806464FF06632D64B52
:1038F00003F09BFF044604F0F1F8D2490860D04879
:10390000006804F0BFF880464FF03332CF4B03F02D
:103910008CFF04460D46CB48006804F0B3F8064619
:1039200022462B4603F0DAFE824604F0D7F8C5495A
:10393000086008460168C648006803F007FEC449ED
:103940000860C4480168C248006803F0FFFDC04930
:103950000860C1480168BE48006803F0F7FDBC4933
:103960000860BE480068012801D100200860B848FE
:10397000006804F05AF8B0F5FA5F02DDB848B449BF
:103980000860B348006804F050F810F5FA5F02DAF6
:10399000B448AF490860B4480068032812D1002039
:1039A000B2490860B2490968A1F1800004F02CF81E
:1039B00006460022AF4B03F038FF044604F08EF8B1
:1039C000AA490860A8480068042812D10020AA4922
:1039D0000860AA490968A1F1C00004F015F806467C
:1039E0000022A74B03F021FF044604F077F8A24918
:1039F000086000219648006803F0FAFD06469E48DC
:103A00000168304603F0FAFD044600218D48006845
:103A100003F0EEFD064695480168304603F0EEFDE2
:103A20000546214603F092FD96490860964997485D
:103A3000006804F079F805D395499448006804F0CB
:103A400069F80BD28F48006880F000448F48016805
:103A5000204603F005FE8F49086002E000208D49F2
:103A600008608D498B48006804F05EF802D28A48ED
:103A70008849086089498748006804F04BF802D2F9
:103A8000864884490860BDE8F09F2DE9F0418448EC
:103A90000068002846D18348FDF795FE00EB8000C2
:103AA00000EB00104400204603F0AEFF0546002264
:103AB0007D4B03F02CFF074604F010F87B490860AB
:103AC0007B48007820B9002063490860BDE8F08198
:103AD0007648006803F0D6FF04460022754B03F0D9
:103AE000E5FF03D874485C4908601BE073496F48E0
:103AF000006804F019F801D8012400E000244FF018
:103B000082416A48006804F005F801D8012000E00D
:103B1000002004401CB16A484F49086002E00020C0
:103B20004D49086000BFD1E72DE9FC5F654800689A
:103B300001286BD13748D0F800B0374800680190B1
:103B40006148B0F902906148B0F900A05748046894
:103B5000484603F04BFF06464FF08D4103F080FDD1
:103B600005465B4903F04AFD5A490860504603F098
:103B70003DFF0646584903F03BFD0546574903F013
:103B80006FFD57490860584603F07CFF0746554AC9
:103B9000554B03F0BCFE054603F0A0FF8346019899
:103BA00003F070FF05464F4A4F4B03F0B0FE074647
:103BB00003F094FF019050214C4803F0A3FC4B48C4
:103BC0004BA1096801600A214A4803F09BFC4A485E
:103BD00000210160416001810A21484803F092FC04
:103BE000474800210160416001810A21454803F0F6
:103BF00089FC454800210160416001810749584620
:103C000003F088FF03D8024958467FE054E18BE077
:103C100000007AC4C0000020C400002000007A44E4
:103C200000040040000800400C01002010010020AA
:103C3000EC000020EE000020F8000020FC00002036
:103C400000010020040100206666E63F3333D33FC5
:103C5000080100202001002018010020140100208C
:103C60000000FA450000FAC548010020E0000020ED
:103C7000400100200000DE3FE4000020440100205D
:103C80000000C43FB40000206F12833AD800002027
:103C90006F1283BAB80000200000C0400000C0C00E
:103CA00030010020002C0140000069401C01002070
:103CB0007500002000001040000096C30000A040E6
:103CC0000000FA434C0100205A000020540000205C
:103CD000CDCC1C41580100209A1900430000034339
:103CE0005C01002048E17A14AE470F40F801002043
:103CF000244C5600100300201A0300202403002047
:103D00002E030020380300204203002003F00CFFA4
:103D10000AD8584603F0B6FE05462A460B46E6A1E9
:103D2000E74804F019F901E0BDE8FC9FE549019876
:103D300003F0F0FE0FD8E449019803F0F5FE0AD82D
:103D4000019803F09FFE05462A460B46DAA1DF489C
:103D500004F002F900E0E7E7DD49DE48006803F01F
:103D6000E3FE11D2DC49DB48006803F0D3FE0BD23E
:103D7000D848006803F086FE05462A460B46CEA1C9
:103D8000D64804F0E9F800E0CEE7D549D548006808
:103D900003F0CAFE11D2D449D248006803F0BAFE3B
:103DA0000BD2D048006803F06DFE05462A460B464C
:103DB000C1A1CE4804F0D0F800E0B5E700212046CC
:103DC00003F0B2FE0FD8CA49204603F0A3FE0AD280
:103DD000204603F057FE05462A460B46B6A1C548C5
:103DE00004F0BAF800E09FE7002000F063FC0090C8
:103DF000009803F004FE0746BF4903F0FFFB0646A8
:103E00004FF08B4103F02CFC0546BC4903F0F0FB5E
:103E1000BB4908600021BA48006803F085FE11D84C
:103E2000AD49B748006803F075FE0BD2B44800688E
:103E300003F028FE05462A460B469FA1B14804F030
:103E40008BF800E070E79E49AF4803F066FBAFA136
:103E5000AD4803F062FB9D49AB4803F05EFBACA1AB
:103E6000A94803F05AFB9D49A74803F056FBA9A1B6
:103E7000A54803F052FB9D49A34803F04EFBA6A1C1
:103E8000A14803F04AFB9B499F4803F046FBA4A1CD
:103E90009D4803F042FB9B499B4803F03EFBA1A1D8
:103EA000994803F03AFB50219F4803F02BFB502226
:103EB00095499D4803F00DFB00BF35E710B59B48C1
:103EC0000068401E9949086099480068012807D198
:103ED0000846006820B9FFF727FE934800F0C5FAAE
:103EE0009248006818B941F288309049086010BDC6
:103EF0002DE9F04180460D4614461E46069F8D4929
:103F0000204603F007FE00D28A4C0021384603F019
:103F100001FE00D200278849384603F005FE00D292
:103F2000854F8648C0F8008045608460C6600761A0
:103F30000120834908708348007883490870002075
:103F4000824908608249087082490880BDE8F08192
:103F500002227B4B1A70804A1060804A1160794AB5
:103F60001278794B1A700022784B1A60784B1A70CD
:103F7000784B1A80704770B57948056879480468AD
:103F80007949204603F0D0FD05D27849204603F058
:103F9000C1FD00D8764D774805600020764908605D
:103FA000764908607649086070BD2DE9FF5F654875
:103FB000047865480078201AC0B203906248047003
:103FC0006248016803980844604908600846006830
:103FD00003F015FD07466B4903F010FB06465748F2
:103FE0008168304603F00AFB05465448C1682846FC
:103FF00003F0ACFA814649464FF0804003F0FEFAE8
:10400000009003F03FFD054605F06CFA074603F00B
:1040100065FD834649480169584603F0EFFA824638
:10402000464801694FF07E5003F0E2FA5146019094
:1040300003F08CFA029041490868029903F0DEFA15
:104040004C490860484603F01DFD074605F098FA04
:10405000054603F043FD824638484168504603F068
:10406000CDFA4549086001204449086000204449D0
:104070000860BDE8FF9F10B531480078B8B101284D
:1040800002D0022812D102E0FFF78FFF12E032487F
:1040900000683849086031480068374908600120E5
:1040A0003649086000203649086003E000BFFFF78A
:1040B00062FF00BF00BF10BD25332E326600000036
:1040C0001003002000007A4400007AC41A03002084
:1040D0000000A0C1580100200000A04124030020DE
:1040E00000803BC55C01002000803B452E03002082
:1040F00000401C4638030020CDCC5441CDCC4C3E72
:10410000A800002042030020F80100202C52560095
:104110002C4143002C4759002C435342000000001F
:104120002C565400230000004802002050010020BB
:104130004C010020CDCCCC3D6666E63E78000020E8
:1041400075000020A10000207400002070000020F5
:10415000980000209A000020900000209400002089
:104160008C0000201C0100200AD7233C0000904155
:104170000000F0C2200100202401002030010020B6
:10418000180100200AD7A33B00B585B0012144F2F5
:104190000400FCF7CDFB4FF40070ADF810001820C0
:1041A0008DF8130003208DF8120004A9BB48FCF71A
:1041B00003F94FF48060ADF8100004208DF813006F
:1041C00004A9B648FCF7F8F84FF4E130009000205D
:1041D000ADF80400ADF80600ADF80800ADF80C002D
:1041E0000C20ADF80A006946AD48FDF756FB0121E9
:1041F000AB48FDF7DEFB05B000BD08B54FF48060AD
:10420000FBF77EFF27208DF8000004208DF80100C9
:1042100001208DF802008DF803006846FBF775FF5A
:1042200008BD00B585B001218804FCF78EFB012193
:104230000820FCF77DFB4FF48060ADF810001820DB
:104240008DF8130003208DF8120004A99548FCF79F
:10425000B3F84FF40060ADF8100004208DF813009F
:1042600004A99048FCF7A8F8FFF7C7FF4FF41650D1
:1042700000900020ADF80400ADF80600ADF808008D
:10428000ADF80C000C20ADF80A0069468648FDF731
:1042900004FB012240F225518348FDF796FB0121E2
:1042A0008148FDF786FB05B000BD70B504460D469C
:1042B000E1B27B48FDF7EAFB00BF40217848FDF7FB
:1042C00053FC0128F9D1204670BDF0B503460D46D8
:1042D0001646002729460A2E03D0002008702846DB
:1042E000F0BD33B9302001F8010B002008702846DA
:1042F000F6E7002B03DA2D2001F8010B5B4242F2B6
:1043000010720DE093FBF2F404B937B104F1300000
:1043100001F8010B04FB123301270A2092FBF0F293
:10432000002AEFDC002008702846D9E70FB470B5EA
:1043300086B006460CA8019073E00B9800785C28C4
:104340001CD10B98401C0B9000786E2809D0722865
:104350000FD10D213046FDF799FB0B98401C0B90B7
:104360000BE00A213046FDF791FB0B98401C0B90A7
:1043700003E00B98401C0B9000BF4BE00B980078BB
:10438000252840D10B98401C0B900078642818D049
:10439000732833D1019810C801900BE02178304682
:1043A000FDF774FB00BF40213046FDF7DDFB002820
:1043B000F9D0641C20780028F0D10B98401C0B9099
:1043C00020E0019820C801900A2202A92846FFF7A0
:1043D0007CFF02AC0BE021783046FDF757FB00BFB5
:1043E00040213046FDF7C0FB0028F9D0641C20783E
:1043F0000028F0D10B98401C0B9003E00B98401C58
:104400000B9000BF06E00B9810F8011B0B90304694
:10441000FDF73CFB00BF40213046FDF7A5FB00281F
:10442000F9D00B980078002887D106B070BC5DF8F1
:1044300014FB10B5044621461948FDF727FB00BFC1
:1044400040211748FDF790FB0128F9D110BD10B5A8
:10445000044621461448FDF719FB00BF40211248CD
:10446000FDF782FB0128F9D110BD70B505462C4639
:1044700003E02078FFF7EBFF641C20780028F8D1D8
:1044800070BD70B505462C4603E02078FFF7D1FFDC
:10449000641C20780028F8D170BD0000000801409D
:1044A00000380140000C0140004800407FB5044640
:1044B0000D460121C802FCF73BFA41F28830ADF805
:1044C000080041F61F40ADF804000120ADF80A00D5
:1044D0000020ADF8060001A91148FCF761FB01229C
:1044E00041210F48FCF7D3FE19208DF8000003206E
:1044F0008DF8010000208DF8020001208DF80300E6
:104500006846FBF702FE7FBD10B501210448FDF7A8
:104510006CF918B101210248FDF778F910BD0000CF
:10452000002C01401FB501213D48FCF716F8012180
:104530000920FCF7FDF90120ADF80C0010208DF8E2
:104540000F0003208DF80E0003A93648FBF734FF57
:104550000220ADF80C0028208DF80F0003A9314887
:10456000FBF72AFF01210846FCF73CF802200190E6
:1045700000208DF8080008208DF8090001208DF832
:104580000A0001A8FBF738FE07208DF80000032081
:104590008DF8010001208DF802008DF803006846B7
:1045A000FBF7B3FD1FBD10B50220FBF78BFE48B330
:1045B00000211D48FDF7E4F801211B48FCF74CFEE3
:1045C00001201A49086012E01748FDF7FCF80A2894
:1045D00007DB00211448FCF73FFE00201349086068
:1045E00005E002210F48FBF77AFF104908600F48E9
:1045F00000680028E8D100210B48FCF72DFE0220BE
:10460000FBF771FE10BD10B501210648FBF781FFD5
:104610000C20FDF71BFE01210248FBF77CFF10BDBB
:1046200000023000000C0140002C0140B4010020C9
:1046300000B587B001214FF40170FCF779F94FF410
:104640000040FCF7D9F80120ADF8040000208DF8F7
:10465000070001A92348FBF7AFFE2348FDF7DEFA68
:10466000002002908DF80C008DF80D004FF46020B2
:1046700004900020059001208DF8180002A91A4826
:10468000FDF7F3FA01211848FDF71BFB1648FDF76B
:104690003AFB00BF1448FDF73BFB0028FAD1124853
:1046A000FDF740FB00BF1048FDF741FB0028FAD1A1
:1046B00007B000BD10B504460723012221460A4871
:1046C000FDF76BFB01210848FDF73BFB00BF022112
:1046D0000548FDF7A7FC0028F9D00348FDF7C4FB07
:1046E00010BD00000008014000240140064880473A
:1046F00006480047FEE7FEE7FEE7FEE7FEE7FEE7C7
:10470000FEE7FEE7FEE7FEE74B210008ED000008AC
:1047100038B50446FB4890F82400C0B114B102201B
:10472000009001E000200090F64A1268D17BF54A23
:10473000526810786B460122FDF7F5FE10B14FF07C
:10474000FF3038BD9DF80010EE48417423E0ED487D
:10475000807A10B94FF0FF30F3E724B1E948407C8C
:1047600008B10020EDE714B10120009001E0002025
:104770000090E44A1268D17BE24A526810786B4696
:104780000122FDF7D0FE10B14FF0FF30D9E79DF8C0
:104790000010DC4841740020D3E738B5002419E04C
:1047A000D8480068C07AA04204D0D6480068407D4E
:1047B000A04200D10CE0D349496808786B46012239
:1047C0002146FDF7FFFE10B14FF0FF3038BD00BFAE
:1047D000601CC4B2CB4840680079A042E0DC0020F5
:1047E000F4E770B504460D46C6480068C07AA0429A
:1047F00004D0C4480068407DA04202D14FF0FF3091
:1048000070BDC04840680079A04202DC4FF0FF3024
:10481000F6E7BC49496808782B4601222146FDF796
:10482000D1FEEDE738B50446B64890F82300A04223
:1048300001D1002038BD14B13020009001E00020EB
:104840000090B048807C20B19DF8000040F002004C
:104850000090AC4890F8220020B19DF8000040F094
:1048600080000090A74A1268117DA64A526810780D
:104870006B460122FDF757FE10B14FF0FF30D9E72C
:10488000A04880F823400020D4E738B5044604F05F
:10489000700010B10120009005E014B100200090DC
:1048A00001E040200090974A1268917C954A526836
:1048B00010786B460122FDF736FE20B100219148A9
:1048C0008172481E38BD9DF8000020F040018D48DF
:1048D00001730020009004F0400020B99DF8000012
:1048E00040F00400009004F0200020B99DF8000082
:1048F00040F00200009004F0100020B99DF8000084
:1049000040F00100009004F0080020B99DF800007C
:1049100040F0380000907B4A1268D17C794A526896
:1049200010786B460122FDF7FEFD20B1002175488D
:104930008172481EC6E724B1082C02D00020FFF780
:1049400071FF70488472002101753220FDF78BFCE5
:104950000020B7E738B504466A48807CA04201D100
:10496000002038BD002C46D0664A12681179654A8D
:10497000526810786B460122FDF724FE10B14FF00B
:10498000FF30EEE79DF8000020F0200000905D4A27
:10499000126811795B4A526810786B460122FDF764
:1049A000C2FD10B14FF0FF30DBE70320FDF75BFCE9
:1049B00002200090534890F8220020B19DF800009A
:1049C00040F0800000904F4890F8230020B19DF8FF
:1049D000000040F0300000904A4A1268117D494AB8
:1049E000526810786B460122FDF79DFD002851D0DA
:1049F0004FF0FF30B5E7434A12681179414A5268D7
:104A000010786B460122FDF7DDFD10B14FF0FF304D
:104A1000A7E73C48807A00F0010028B19DF800002B
:104A200040F02000009004E09DF8000020F02000FD
:104A30000090344A12681179324A526810786B46F5
:104A40000122FDF770FD10B14FF0FF3089E7032020
:104A5000FDF709FC2B4890F8220010B1802000904F
:104A600001E000200090274890F8230020B19DF835
:104A7000000040F030000090224A1268117D214A67
:104A8000526810786B460122FDF74DFD10B14FF0D2
:104A9000FF3066E71B488474002062E708B51948B8
:104AA000807A10B94FF0FF3008BD00200090154A01
:104AB0001268D17B134A526810786B460122FDF7C9
:104AC00032FD10B14FF0FF30EEE70E4A1268517917
:104AD0000C4A526810786B460122FDF724FD10B194
:104AE0004FF0FF30E0E7074A12681179054A526833
:104AF00010786B460122FDF716FD28B14FF0FF300C
:104B0000D2E70000B8010020F74890F82400002800
:104B100053D00C200090F44A12681179F24A52687E
:104B200010786B460122FDF7FEFC10B14FF0FF300C
:104B3000BAE73220FDF797FBC0200090EA48807A60
:104B400000F0010020B19DF8000040F0200000902E
:104B5000E54A12681179E44A526810786B460122DE
:104B6000FDF7E1FC10B14FF0FF309DE7DE48407CDF
:104B700010B10220009001E000200090DA4A126893
:104B8000D17BD94A526810786B460122FDF7CBFCE5
:104B900010B14FF0FF3087E700200090D24A126832
:104BA0005179D14A526810786B460122FDF7BBFC5F
:104BB000002855D04FF0FF3076E704200090CA4A15
:104BC00012681179C84A526810786B460122FDF7C5
:104BD000AAFC10B14FF0FF3066E7C348807C20B9D3
:104BE000C148807A00F0010010B94020009001E037
:104BF00060200090BC4A12681179BB4A5268107854
:104C00006B460122FDF78FFC10B14FF0FF304BE7F0
:104C10003220FDF728FBB448407C10B10120009001
:104C200001E000200090B04A1268D17BAE4A526881
:104C300010786B460122FDF776FC10B14FF0FF3083
:104C400032E7A94A12685179A74A52681078A64BF0
:104C500010330122FDF767FC10B14FF0FF3023E75E
:104C6000002021E770B50446002624F001049E4888
:104C700090F8240008B1002070BD9B48807A10B9DC
:104C80004FF0FF30F8E79848057C807A204096493D
:104C900008740846007CA04202D04FF0FF3600E0C6
:104CA000002614B99048007D18B10120FFF730FDAF
:104CB00002E00020FFF72CFD3CB1FFF7EFFE20B132
:104CC000894805744FF0FF30D6E73046D4E738B551
:104CD00004468548807A10B94FF0FF3038BDBC2CAF
:104CE00002DB0120009015E0622C02DB0220009024
:104CF00010E02A2C02DB032000900BE0142C02DBD6
:104D00000420009006E00A2C02DB0520009001E060
:104D1000062000907448C07A9DF80010884201D1A6
:104D20000020DBE7704A126891786F4A5268107869
:104D30006B460122FDF7F7FB10B14FF0FF30CDE7D6
:104D40009DF800106848C1720020C7E738B50446D6
:104D5000282C02DD4FF0FF3038BDDCB90020FFF712
:104D600061FD00208DF8000007208DF801005E4AEB
:104D70001268917C5C4A526810786B460222FDF7FB
:104D8000D2FB10B14FF0FF30E6E700215648017525
:104D90000020E1E70120FFF745FD20208DF800000D
:104DA000012C06D100208DF801000520FFF78FFFB0
:104DB00017E0052C06DC01208DF801000520FFF727
:104DC00086FF0EE0142C06DC02208DF801000A207C
:104DD000FFF77DFF05E003208DF801001420FFF7A9
:104DE00076FF9DF80100072101EB8010C0B28DF81D
:104DF00001003D4A1268917C3B4A526810786B462C
:104E00000222FDF790FB10B14FF0FF30A4E708211C
:104E10003548817200210173012101750020FFF7DF
:104E200021FF002098E738B504462F48807A10B952
:104E30004FF0FF3038BD2C4890F8240010B14FF0EF
:104E4000FF30F7E72848007D50B134B1282C04DC4E
:104E5000E0B2FFF77BFF0020ECE70020FFF776FFD2
:104E6000042C01DA042404E0B4F57A7F01DD4FF468
:104E70007A744FF47A7090FBF4F0401EC0B2009048
:104E8000194A12685178184A526810786B46012204
:104E9000FDF749FB10B14FF0FF30CBE79DF8000064
:104EA000401C4FF47A7191FBF0F081B20E48C18141
:104EB0000146C9894810FFF70AFF0020BAE738B554
:104EC00004460948807A10B94FF0FF3038BD022CF3
:104ED00006D0042C0AD0082C0BD0102C0FD10BE0DC
:104EE000002000900EE00000B80100200820009093
:104EF00008E01020009005E01820009002E04FF03C
:104F0000FF30E3E700BFF848407A9DF80010B0EBAF
:104F1000E10F01D10020D9E7F34A1268D179F24AB2
:104F2000526810786B460122FDF7FDFA10B14FF080
:104F3000FF30CBE79DF80000C110EB484172002024
:104F4000C4E738B50446E848807A10B94FF0FF301E
:104F500038BDFA2C09D0B4F5FA7F09D0B4F57A7FC0
:104F600009D0B4F5FA6F0CD108E0002000900BE0F6
:104F70000820009008E01020009005E01820009024
:104F800002E04FF0FF30E3E700BFD748007A9DF81A
:104F90000010B0EBE10F01D10020D9E7D24A12682E
:104FA0009179D14A526810786B460122FDF7BBFA1D
:104FB00010B14FF0FF30CBE79DF80000C010CA4998
:104FC00008720020C4E71CB580208DF80000C64A96
:104FD0001268917CC44A526810786B460122FDF732
:104FE000A2FA10B14FF0FF301CBD6420FDF73BF971
:104FF00000208DF80000BC4A1268917CBA4A5268C1
:1050000010786B460122FDF78EFA10B14FF0FF3099
:10501000EAE7B54A1268917DB34A526810786B4648
:105020000622FDF7CFFA10B14FF0FF30DCE79DF814
:105030000500C007400F9DF8031001F0010140EA90
:1050400041009DF8011001F0010140EA01048CB11A
:10505000012C03D10121A448C17430E0022C03D1FA
:105060000021A148C1742AE0A0A0FFF70AFA4FF07E
:10507000FF30B9E79C4A1268D1789B4A5268107891
:105080006B460122FDF79EFA10B14FF0FF30ABE7FF
:105090009DF8000000F00F042CB99E48FFF7F1F9CD
:1050A0004FF0FF30A0E7042C06D19BA0FFF7E9F9F1
:1050B00001218D48C17402E000218B48C174FF2199
:1050C00089488172FF2088490872FF218648417211
:1050D000C1724FF6FF71C181FF21017481740121FA
:1050E000017380F82210002180F8231041750175AA
:1050F0001630016041608160163880F8241080F815
:105100002510C1844FF4FA60FFF71BFF10B14FF078
:10511000FF3069E70220FFF7D2FE10B14FF0FF30F9
:1051200062E72A20FFF7D3FD10B14FF0FF305BE7B5
:105130003220FFF778FE10B14FF0FF3054E7002027
:10514000FFF790FD10B14FF0FF304DE70020FFF763
:1051500001FC10B14FF0FF3046E70020FFF795FB50
:10516000002041E77CB504460D465F48807A00F098
:10517000700010B94FF0FF307CBD5B4A1268117BA4
:10518000594A526810786B460622FDF71BFA10B197
:105190004FF0FF30F0E79DF801009DF8001040EA65
:1051A000012000B220809DF803009DF8021040EA23
:1051B000012000B260809DF805009DF8041040EACF
:1051C000012000B2A08015B12846FDF758F8002054
:1051D000D2E77CB504460D464348807A00F00800CB
:1051E00010B94FF0FF307CBD3F4A1268517B3E4AF8
:1051F000526810786B460622FDF7E4F910B14FF0C3
:10520000FF30F0E79DF801009DF8001040EA012012
:1052100000B220809DF803009DF8021040EA0120B2
:1052200000B260809DF805009DF8041040EA01205E
:1052300000B2A08015B12846FDF721F80020D2E782
:105240002DE9FE4F05460C462748807A18B94FF0E5
:10525000FF30BDE8FE8F244A1268917B224A5268D3
:10526000107802AB0222FDF7ADF910B14FF0FF301C
:10527000EFE79DF809009DF8081040EA012006B20A
:1052800014B12046FCF7FBFF17494968C88802F0B3
:10529000B6FB154901904968B1F9080002F0A6FB78
:1052A0008346304602F0A2FB5946009002F0A0F976
:1052B0008246019902F0D4F981461F4902F046F96D
:1052C00080464FF08F4102F099F9074602F0ADFB9E
:1052D00028600020BDE710B588B004461CB94FF027
:1052E000FF3008B010BD29E0B8010020556E73757D
:1052F00070706F7274656420736F66747761726525
:105300002070726F64756374207265762025642E38
:105310000A000000E8A4000848616C662073656E0E
:105320007369746976697479207061727420666F2C
:10533000756E642E0A00000000000C42206830B92F
:10534000606820B9A06810B9002008B010BDFA4903
:105350004968087806AB03221146FDF733F910B10E
:105360004FF0FF30F1E79DF81800082101EB201005
:1053700000F00F00ADF800009DF8190001EB2010BF
:1053800000F00F00ADF802009DF81A0001EB2010AC
:1053900000F00F00ADF8040020684100BDF90000E6
:1053A000403091FBF0F000B2ADF8100060684100B1
:1053B000BDF90200403091FBF0F000B2ADF81200F0
:1053C000A0684100BDF90400403091FBF0F000B24C
:1053D000ADF81400D8494968087806AB0622114692
:1053E000FDF7F0F810B14FF0FF30AEE79DF819006F
:1053F0009DF8181040EA012000B2ADF808009DF8B1
:105400001B009DF81A1040EA012000B2ADF80A0016
:105410009DF81D009DF81C1040EA012000B2ADF877
:105420000C00BDF81000BDF80810084400B2ADF83B
:105430001000BDF81200BDF80A10084400B2ADF823
:105440001200BDF81400BDF80C10084400B2ADF80D
:105450001400BDF81000000A8DF81800BDF8100007
:10546000C0B28DF81900BDF81200000A8DF81A00BC
:10547000BDF81200C0B28DF81B00BDF81400000A80
:105480008DF81C00BDF81400C0B28DF81D00AA49AB
:105490004968087806AB06221146FDF744F810B1BA
:1054A0004FF0FF3051E700204FE70146A248007A55
:1054B00030B1012807D0022809D003280FD10AE013
:1054C000FA2008800EE04FF4FA7008800AE04FF4EA
:1054D0007A70088006E04FF4FA60088002E000204D
:1054E000088000BF00BF0020704701469248407A04
:1054F00030B1012807D0022808D003280CD108E0D9
:10550000022008700BE00420087008E008200870F2
:1055100005E01020087002E04FF0FF30704700BF38
:105520008548C07C18B108784006000E087000203D
:10553000F4E701468048C07A082817D2DFE800F077
:105540001704070A0D101318BC20088013E062200E
:10555000088010E02A2008800DE0142008800AE06E
:105560000A20088007E00520088004E000BF00BF93
:105570000020088000BF00BF0020704701466E4831
:1055800090F8240010B14FF0FF3070476A48C0898E
:1055900008800020F9E7014600200880401E70477F
:1055A00001464FF0FF30704701466348007A30B142
:1055B000012807D0022808D003280CD108E05F4852
:1055C00008600BE05E48086008E05E48086005E09F
:1055D0005D48086002E04FF0FF30704700BF0020D8
:1055E000FBE701465448407A30B1012808D0022830
:1055F0000AD0032810D10BE04FF4804008800EE061
:1056000041F69C7008800AE04FF48050088006E064
:105610004FF40060088002E04FF0FF30704700BF99
:105620004548C07C10B10888401008800020F5E78C
:1056300001464148007C08700020704701463E4802
:10564000807A10B10120087001E00020087000206D
:10565000704738B504463848807A10B94FF0FF30AB
:1056600038BD354A1268117C334A526810786B464F
:105670000222FCF7A7FF10B14FF0FF30F0E79DF8D2
:1056800001009DF8001040EA012000B220800020B7
:10569000E6E72DE9FE4F0746884692461D46DDF8AF
:1056A00030B000260024244890F8240010B1601E79
:1056B000BDE8FE8F002028701F48807A10B94FF097
:1056C000FF30F5E71C48007C10B94FF0FF30EFE7E2
:1056D0001948007C00F0400008B1B01CC6B2164862
:1056E000007C00F0200008B1B01CC6B21248007C5B
:1056F00000F0100008B1B01CC6B20F48007C00F0EA
:10570000080008B1B01DC6B20B4A1268917A0A4A65
:10571000526810786B460222FCF754FF10B14FF02C
:10572000FF30C5E79DF801009DF8001040EA01290F
:10573000B1450BDA0020BBE7B801002000000343AD
:10574000000083423333034233338341FC484068D3
:105750004088B9EB600F17DDF94A1268517CF84AAE
:10576000526810786B460122FCF72CFF10B14FF005
:10577000FF309DE79DF8000000F0100020B1FFF71A
:105780008DF96FF0010093E75046FCF778FDEC4A85
:105790001268D17AEA4A526810786B463246FCF7B2
:1057A00011FF10B14FF0FF3082E799FBF6F0401E79
:1057B0008BF8000000202870B4422AD0E048007C1A
:1057C00000F0080028B3601C1DF800001DF804104C
:1057D00040EA012000B2A8F80000E01C1DF800100B
:1057E000A01C1DF8000041EA002000B2A8F8020049
:1057F000601D1DF80010201D1DF8000041EA00206A
:1058000000B2A8F80400287840F008002870A01D15
:1058100084B2B44213D0CA48007C00F0400070B19A
:10582000601C1DF800001DF8041040EA012000B2C1
:105830003880287840F040002870A01C84B2B44220
:1058400013D0BF48007C00F0200070B1601C1DF830
:1058500000001DF8041040EA012000B2788028788A
:1058600040F020002870A01C84B2B44213D0B44889
:10587000007C00F0100070B1601C1DF800001DF8E5
:10588000041040EA012000B2B880287840F01000EF
:105890002870A01C84B200200AE7F8B504460F4621
:1058A0001646A74890F8240010B94FF0FF30F8BD15
:1058B000A348807A10B94FF0FF30F8E7A04A126889
:1058C000917A9F4A526810786B460222FCF77AFE62
:1058D00010B14FF0FF30EAE79DF801009DF800108D
:1058E00040EA0125A54203DA00203070401EDEE7C1
:1058F000934840684088B5EB600F17DD904A126806
:10590000517C8F4A526810786B460122FCF75AFE90
:1059100010B14FF0FF30CAE79DF8000000F0100012
:1059200020B1FFF7BBF86FF00100C0E7E2B2844B93
:105930001B68D97A824B5B6818783B46FCF742FEBD
:1059400010B14FF0FF30B2E795FBF4F0401E30701D
:105950000020ACE701467A4880F82210002070470A
:105960007CB5054676494968087801AB04220D21CB
:10597000FCF728FE08B107207CBD9DF80700C0F3A6
:1059800001109DF8041001F0E00140EAE1008DF8FB
:1059900000009DF80700C0F381009DF8051001F09C
:1059A000E00140EAE1008DF801009DF8070000F0F9
:1059B00003009DF8061001F0E00140EAE1008DF8D7
:1059C000020000241CE01DF8040018B9002045F86E
:1059D000240013E05B4845F8240006E055F8240055
:1059E000594901F00BFE45F824001DF80400401E43
:1059F000C0B20DF804000028F0D100BF601CC4B292
:105A0000032CE0DB0020B7E72DE9FE4F06460F46EA
:105A100000256846FFF7A4FF002442E056F8240062
:105A200057F82410A0EB010ABAF1000F01DB514630
:105A300001E0CAF10001084601F0D8FF83464FF0AB
:105A40008F4101F00DFE80465DF82400002102F038
:105A500061F816D05DF82410404601F001FE824640
:105A60004FF07E5101F0C4FD814629F0004A3748CD
:105A7000416A504602F058F812D20120A040054376
:105A80000EE03248C169404602F044F805D32F4881
:105A9000016A404602F048F802D20120A0400543C6
:105AA000641C032CBADB2846BDE8FE8F2DE9FC5FA1
:105AB00006460F46002522494968087801AB0322B3
:105AC0000D21FCF77FFD10B10720BDE8FC9F9DF87C
:105AD000040000F01F008DF804009DF8050000F0A0
:105AE0001F008DF805009DF8060000F01F008DF8DE
:105AF0000600002462E056F8240057F82410A0EBBA
:105B0000010BBBF1000F01DB594601E0CBF10001B5
:105B1000084601F06BFF4FF08F41009001F0A0FDAF
:105B2000814601A8005DC0B30849086801F067FF1D
:105B300083465946064801F093FD80460FE0000079
:105B4000B80100207B14AE3E1D5A843FB896000871
:105B500000B04C45FE49404601F050FD804601A88A
:105B6000005D401EC0B201A908550028F2D141468F
:105B7000484601F075FD83464FF07E5101F038FD37
:105B800082462AF0004BF3488169584601F0CCFF69
:105B900013D20120A04005430FE0FFE7ED48016963
:105BA000484601F0B7FF05D3EA484169484601F08D
:105BB000BBFF02D20120A0400543641C032C9ADBEA
:105BC000284682E72DE9F04F87B005460C469146FE
:105BD00001208DF8100000208DF81100DE4A1268B7
:105BE000917CDD4A5268107804AB0222FCF79BFCE2
:105BF00020B14FF0FF3007B0BDE8F08FC820FCF7B0
:105C000032FB00208DF81000D34A1268D17BD24AB3
:105C10005268107804AB0122FCF785FC10B14FF0FC
:105C2000FF30E8E7CC4A12685179CB4A52681078C5
:105C300004AB0122FCF777FC10B14FF0FF30DAE73C
:105C4000C54A1268917CC44A5268107804AB01229C
:105C5000FCF769FC10B14FF0FF30CCE7BE4A126888
:105C6000D17DBD4A5268107804AB0122FCF75BFC81
:105C700010B14FF0FF30BEE7B74A12681179B64A4B
:105C80005268107804AB0122FCF74DFC10B14FF0C4
:105C9000FF30B0E70C208DF81000AF4A1268117980
:105CA000AD4A5268107804AB0122FCF73CFC10B1FD
:105CB0004FF0FF309FE70F20FCF7D5FAA648806A27
:105CC000407A8DF81000A44A12689178A24A52686E
:105CD000107804AB0122FCF726FC10B14FF0FF3026
:105CE00089E79D48806A007A8DF810009A4A126808
:105CF0005178994A5268107804AB0122FCF713FCE2
:105D000010B14FF0FF3076E7B9F1000F07D092489D
:105D1000806A807A40F0E0008DF8100004E08E4840
:105D2000806A807A8DF810008B4A126891798A4ACD
:105D30005268107804AB0122FCF7F5FB10B14FF06C
:105D4000FF3058E7B9F1000F07D08348806AC07A66
:105D500040F0E0008DF8100003E07E48C07A8DF836
:105D600010007D4A1268D1797B4A5268107804ABE2
:105D70000122FCF7D8FB10B14FF0FF303BE7B9F13F
:105D8000000F02D0C820FCF76EFA40208DF81000FA
:105D9000714A12681179704A5268107804AB012276
:105DA000FCF7C1FB10B14FF0FF3024E778208DF8ED
:105DB0001000694A12685179674A5268107804AB3A
:105DC0000122FCF7B0FB10B14FF0FF3013E761493F
:105DD0008889FCF748FA00208DF810005E4A1268A6
:105DE00051795D4A5268107804AB0122FCF79BFBA5
:105DF00010B14FF0FF30FEE6574A1268917A564ACA
:105E00005268107804AB0222FCF7DCFB10B14FF0B3
:105E1000FF30F0E69DF811009DF8101040EA012BCC
:105E20000C209BFBF0F0C6B20020A86068602860E0
:105E3000A06060602060824665E0474A1268D17ABF
:105E4000454A5268107804AB0C22FCF7BBFB10B13A
:105E50004FF0FF30CFE69DF811009DF8101040EA9A
:105E6000012000B2ADF808009DF813009DF8121053
:105E700040EA012000B2ADF80A009DF815009DF837
:105E8000141040EA012000B2ADF80C00BDF9081072
:105E9000206808442060BDF90A106068084460600A
:105EA000BDF90C10A0680844A0609DF817009DF88B
:105EB000161040EA012000B2ADF800009DF819006C
:105EC0009DF8181040EA012000B2ADF802009DF8DC
:105ED0001B009DF81A1040EA012000B2ADF8040042
:105EE000BDF90010286808442860BDF902106868F0
:105EF00008446860BDF90410A8680844A8600AF165
:105F0000010000F0FF0AB24597DB1248D0F800C04C
:105F10002868C117090441EA1041070462460023BA
:105F2000384601F0A5FA32460023CDE9020101F01E
:105F30009FFA28600748D0F800C06868C1170904B4
:105F400041EA1041070462460023384606E000009B
:105F500054E3853FB8960008B801002001F088FAA4
:105F600032460023CDE9020101F082FA6860FE4862
:105F7000D0F800C0A868C117090441EA104107041D
:105F800062460023384601F073FA32460023CDE919
:105F9000020101F06DFAA860F348D0F804C021684E
:105FA000C817000440EA11480F046246002338462F
:105FB000414601F05DFA32460023CDE9020101F0CD
:105FC00057FA2060E848D0F804C06068C117090497
:105FD00041EA1041070462460023384601F048FABE
:105FE00032460023CDE9020101F042FA6060DE484A
:105FF000D0F804C0A068C117090441EA10410704A1
:1060000062460023384601F033FA32460023CDE9D8
:10601000020101F02DFAA060A068002804DDA0684C
:10602000A0F58030A06003E0A06800F58030A0609B
:106030000020E0E538B50446CC4890F82400A042A2
:1060400001D1002038BD24B3C84890F8250010B90C
:106050004FF0FF30F6E70020FEF75AFB0020FEF776
:1060600079FCC249C88CFEF7DEFE00200090BF49D3
:10607000496808786B4601222321FCF754FA012174
:10608000BA4880F824100120FEF742FBFEF706FD17
:1060900013E00020FEF73CFBB448007C0090B349BD
:1060A000496808786B4601222321FCF73CFA00215D
:1060B000AE4880F82410FEF7F1FC0020C2E72DE97D
:1060C000F04F8DB083460F4602200C90A74890F801
:1060D000240020B10020FFF7ADFF012600E00026DC
:1060E00003A8FFF7E2F905A8FFF7FFF901A8FFF7FA
:1060F00020FA02A8FFF742FA9C4890F80AA004A8E8
:10610000FFF796FA002407E0002239465846FFF7C9
:1061100059FD00B902E0641C022CF5DB00BF022C23
:1061200001D1002528E0002407E0012206A909A8E2
:10613000FFF748FD00B902E0641C022CF5DB00BF4C
:10614000022C01D1002517E006A93846FFF75CFCB8
:1061500000F0FF0809A95846FFF7A8FC00F0FF0966
:106160000025B9F1000F01D145F00105B8F1000F8C
:1061700001D145F0020500BFFF207C490872FF21D4
:106180007A484172C1724FF6FF71C181FF2181725D
:10619000017401210173BDF80C00FEF7D2FE9DF8D9
:1061A0001400FEF78CFEBDF80400FEF790FDBDF86C
:1061B0000800FEF738FE5046FEF767FB9DF810001A
:1061C000FEF750FD16B10120FFF734FF28460DB051
:1061D000BDE8F08FF8B504460D46164616B94FF0E7
:1061E000FF30F8BD6148807A10B94FF0FF30F8E712
:1061F00020128DF80000E0B28DF801009DF801003A
:1062000028445A4949684989884202DD4FF0FF30E5
:10621000E7E7564A1268117E544A526810786B4676
:106220000222FCF780F910B14FF0FF30D9E7EAB253
:106230004E4B1B68597D4D4B5B6818783346FCF715
:1062400072F910B14FF0FF30CBE70020C9E7F8B585
:1062500004460D46164616B94FF0FF30F8BD4348C8
:10626000807A10B94FF0FF30F8E720128DF8000067
:10627000E0B28DF801009DF8010028443B494968CF
:106280004989884202DD4FF0FF30E7E7374A12685C
:10629000117E364A526810786B460222FCF743F9A9
:1062A00010B14FF0FF30D9E7EAB2304B1B68597D8F
:1062B0002E4B5B6818783346FCF784F910B14FF029
:1062C000FF30CBE70020C9E72DE9F04385B0054654
:1062D0000E4690469946254890F8250020B14FF08B
:1062E000FF3005B0BDE8F08316B94FF0FF30F8E796
:1062F000002423E0281B102801DD102000E0281BCB
:1063000087B2321939462046FFF764FF10B14FF0CB
:10631000FF30E6E701AA39462046FFF798FF10B1A3
:106320004FF0FF30DDE730193A4601A901F001F9DD
:1063300010B16FF00100D4E7E01984B2AC42D9DBB0
:106340004FEA28208DF8000008F0FF008DF80100CA
:10635000064A1268917E054A526810786B460222FE
:10636000FCF7E1F838B103E0B8960008B801002066
:106370004FF0FF30B5E701218A4880F82510A0F8DA
:1063800026900020ADE70146864890F8240008706A
:106390000020704702464FF0FF30704701464FF033
:1063A000FF307047F8B505460F461446002C70D0F4
:1063B000B5F5FF5F01DDFF2605E0202D01DA01269E
:1063C00001E0C5F3471607B90127282C02DD4FF07D
:1063D000FF30F8BD7348407D28BB724890F8240018
:1063E00038B10020FFF726FE01216E4880F820100A
:1063F00003E000216B4880F820106A481630FFF750
:1064000054F868481830FFF770F866481A30FFF7FC
:1064100090F864481C30FFF7B1F86248817A8177C0
:106420001F30FFF705F90020FEF772F90020FEF794
:106430008DFC00208DF800005A4A12689178594A64
:10644000526810786B460122FCF76DF810B14FF0DE
:10645000FF30BEE740208DF80000524A1268D17B21
:10646000504A526810786B460122FCF75CF800B184
:1064700065E08DF800608DF801704A4A1268117A63
:10648000484A526810786B460222FCF74CF808B173
:1064900055E047E00520FBF7E6FE4248407A072139
:1064A00001EBC000C0B28DF800003E4A1268D179FD
:1064B0003C4A526810786B460122FCF734F800B170
:1064C0003DE020208DF80000012C03D100208DF844
:1064D00001000EE0052C03DC01208DF8010008E02E
:1064E000142C03DC02208DF8010002E003208DF85B
:1064F00001009DF80100072101EB8010C0B28DF86A
:106500000100284A1268917C264A526810786B462E
:106510000222FCF708F800B111E001212148417581
:10652000002056E71F4A1632002103E0505C00B1FC
:1065300005E0491C0C29F9D34FF0FF3049E7FF2053
:1065400018490872FF2117484172C1724FF6FF7156
:10655000C181FF2181720174012101730146887F8D
:10656000FEF793F90F49C88AFEF7EBFC0D49087E48
:10657000FEF7A5FC0B49488BFEF7A9FB0949888B60
:10658000FEF751FC0749C87FFEF76CFB054890F801
:10659000200010B10120FFF74DFD00210148417599
:1065A000002016E7B801002010B5C8234FF4806220
:1065B000F74940F6F630FFF787FE10BD10B586B0FC
:1065C0000446F4A000680390F3A000680290F3A0D2
:1065D00000680190F2A00068009004F0030003A995
:1065E000085C8DF8140003A8C4F3C101405C8DF869
:1065F000150003A8C4F38111405C8DF8160004F067
:10660000030002A9085C8DF8100002A8C4F3C101C0
:10661000405C8DF8110002A8C4F38111405C8DF834
:10662000120005AA032140F22640FFF7D3FD18B15E
:106630004FF0FF3006B010BD04AA032140F22A40FB
:10664000FFF7C8FD10B14FF0FF30F3E70198059058
:106650000098049004F0040058B19DF8140040F034
:1066600001008DF814009DF8100040F001008DF835
:10667000100004F0200058B19DF8150040F0010012
:106680008DF815009DF8110040F001008DF8110003
:1066900004F4807058B19DF8160040F001008DF8A8
:1066A00016009DF8120040F001008DF8120005AAB6
:1066B00003214FF48860FFF78DFD10B14FF0FF30DC
:1066C000B8E704AA032140F23140FFF783FD10B17F
:1066D0004FF0FF30AEE7B34804810020AAE71FB5B2
:1066E0000446B048007A00F0030054F820000190FE
:1066F000AC48007A00F0040010B1019840420190CB
:10670000A848007AC0F3C10054F820000290A548C0
:10671000007A00F0200010B1029840420290A14897
:10672000007AC0F3811054F8200003909D4800893E
:1067300000F4807010B10398404203909A49019888
:1067400080FB0101800F40EA810001909649029888
:1067500080FB0110820042EA9170029092490398F6
:1067600080FB0110820042EA917003900198000EB4
:106770008DF800000198000C8DF801000198000AC6
:106780008DF802000198C0B28DF803006A4604211A
:106790004FF47470FFF71EFD18B14FF0FF3004B0D6
:1067A00010BD0298000E8DF800000298000C8DF8C4
:1067B00001000298000A8DF802000298C0B28DF81C
:1067C00003006A4604214FF47570FFF703FD10B112
:1067D0004FF0FF30E3E70398000E8DF800000398B8
:1067E000000C8DF801000398000A8DF80200039850
:1067F000C0B28DF803006A4604214FF47670FFF7AB
:10680000E9FCCCE770B588B0064601A8FEF7E9FEC2
:10681000BDF804000021C90341EA5045C4036148A2
:10682000007A00F0030056F8200005905D48007AD9
:1068300000F0040010B10598404205905948007AD4
:10684000C0F3C10056F8200006905648007A00F0C8
:10685000200010B10698404206905248007AC0F3DA
:10686000811056F8200007904E48008900F480708F
:1068700010B10798404207900598C117A0FB042368
:1068800001FB043100FB0510810041EA9270059084
:106890000698C117A0FB042301FB043100FB05107F
:1068A000810041EA927006900798C117A0FB04236B
:1068B00001FB043100FB0510810041EA9270079052
:1068C0000598000E8DF808000598000C8DF8090059
:1068D0000598000A8DF80A000598C0B28DF80B00E3
:1068E0000698000E8DF80C000698000C8DF80D002F
:1068F0000698000A8DF80E000698C0B28DF80F00B9
:106900000798000E8DF810000798000C8DF8110004
:106910000798000A8DF812000798C0B28DF813008E
:1069200002AA0C214FF42570FFF754FC08B070BD8B
:1069300030B585B004461DA207CA02AB07C3C82CF8
:1069400003DD4FF0FF3005B030BDC82090FBF4F000
:10695000401E85B2280A8DF80000E8B28DF80100CB
:106960006A46022140F21620FFF734FC10B14FF0C6
:10697000FF30E8E702AA0C2140F6C120FFF72AFC0D
:1069800010B14FF0FF30DEE7064884810020DAE7DF
:10699000E09600084CCD6C000CC92C0036567600F1
:1069A000264666005C03002009E3CA02FEF2ABC47F
:1069B000AAF1DFDFBBAFDFDF0146FC48808908803A
:1069C000002070472DE9FC4706460F4606F00700F9
:1069D00010B1B7F5C86F03DD4FF0FF30BDE8FC879D
:1069E000384601F00CF88146F14900F039FE804646
:1069F0006846FEF77AFD9DF80000022806D00428BC
:106A000016D0082826D0102848D135E04FF08D4107
:106A1000404600F0F3FD814601F020F884B2E549DC
:106A2000404600F0EBFD814601F018F885B238E0F1
:106A30004FF08C41404600F0E1FD814601F00EF838
:106A400084B2DD49404600F0D9FD814601F006F8E8
:106A500085B226E04FF08B41404600F0CFFD8146E5
:106A600000F0FCFF84B2D549404600F0C7FD8146E6
:106A700000F0F4FF85B214E04FF08A41404600F088
:106A8000BDFD814600F0EAFF84B2CD49404600F0EA
:106A9000B5FD814600F0E2FF85B202E04FF0FF3025
:106AA0009CE700BF20128DF80400E0B28DF80500CD
:106AB00028128DF80600E8B28DF8070006F00100F4
:106AC000A0B101AA02214FF4EA70FFF783FB10B1D5
:106AD0004FF0FF3082E70DF1060202214FF4927071
:106AE000FFF778FB10B14FF0FF3077E706F00200B8
:106AF000A0B101AA02214FF4EC70FFF76BFB10B1BB
:106B00004FF0FF306AE70DF1060202214FF4947056
:106B1000FFF760FB10B14FF0FF305FE706F00400B5
:106B2000A0B101AA02214FF4EE70FFF753FB10B1A0
:106B30004FF0FF3052E70DF1060202214FF496703C
:106B4000FFF748FB10B14FF0FF3047E7002045E763
:106B500038B504460020009004F0010020B19DF8F3
:106B6000000040F03000009004F0020020B19DF8D9
:106B7000000040F00C00009004F0040020B19DF8EB
:106B8000000040F0030000906A4601214FF4A47019
:106B9000FFF720FB38BD38B50446012C01DA01248B
:106BA00002E0042C00DD0424601EC0B200906A469E
:106BB000012140F24F10FFF70DFB38BD38B50446F8
:106BC000052094FBF0F085B228128DF80000E8B2A1
:106BD0008DF801006A4602214FF4EF70FFF7FAFAD0
:106BE00038BD38B50446052094FBF0F085B2281274
:106BF0008DF80000E8B28DF801006A4602214FF4DA
:106C0000ED70FFF7E7FA38BDF8B505460E464FF4CC
:106C10007A7095FBF0F000FB06F4200E8DF8000072
:106C2000200C8DF80100200A8DF80200E0B28DF8EA
:106C300003006A4604214FF4AE70FFF7CBFAF8BDAB
:106C400038B50446052094FBF0F084B220128DF88C
:106C50000000E0B28DF801006A4602214FF4AD70E9
:106C6000FFF7B8FA38BD38B50446052094FBF0F0BC
:106C700084B220128DF80000E0B28DF801006A465F
:106C800002214FF4AC70FFF7A5FA38BD38B50446C1
:106C900014B94FF0FF3038BD6A4604214FF45870E4
:106CA000FFF7D5FA10B14FF0FF30F4E79DF8000080
:106CB00000069DF8011040EA01409DF8021040EAEC
:106CC00001209DF80310084320600020E3E738B559
:106CD0000446200E8DF80000200C8DF80100200ADB
:106CE0008DF80200E0B28DF803006A4604214FF4EB
:106CF0005870FFF76FFA38BD38B5044614B94FF035
:106D0000FF3038BD6A4604214FF47170FFF79FFAD7
:106D100010B14FF0FF30F4E79DF8000000069DF839
:106D2000011040EA01409DF8021040EA01209DF860
:106D30000310084300EB8000800020600020E0E7A3
:106D400038B504461420B4FBF0F4200E8DF8000092
:106D5000200C8DF80100200A8DF80200E0B28DF8B9
:106D600003006A4604214FF47170FFF733FA38BD0F
:106D700038B5044664B120208DF8000028208DF835
:106D8000010030208DF8020038208DF8030004E067
:106D9000A3220421684600F0AEFB6A46042140F6B7
:106DA0009E20FFF717FAFDF779FE38BD5C0300203F
:106DB00000004843000040460000C0450000404538
:106DC0000000C04438B5044664B1C0208DF800000E
:106DD000C2208DF80100C4208DF80200C6208DF875
:106DE000030004E08B220421684600F084FB6A461D
:106DF000042140F69820FFF7EDF9FDF74FFE38BD6E
:106E00003EB504466CB1FDA1D1E900208968CDE909
:106E1000002002916A4609214FF49760FFF7DAF9E2
:106E20003EBDF9A2D2E900109268CDE901020091BD
:106E30006A4609214FF49760FFF7CCF9F0E73EB5B9
:106E4000044602208DF80000CA208DF80100E320DE
:106E50008DF8020009208DF803006A46042168209D
:106E6000FFF7B8F9A3208DF8000004F0400048B106
:106E7000C0208DF80100C8208DF80200C2208DF8D6
:106E8000030006E0A3208DF801008DF802008DF8C4
:106E9000030004F4C07048B1C4208DF80400CC2075
:106EA0008DF80500C6208DF8060006E0A3208DF8B9
:106EB00004008DF805008DF80600A3208DF807006A
:106EC0008DF808008DF809006A460A2140F6A720CF
:106ED000FFF780F904F0030018B120208DF80000BE
:106EE00002E0D8208DF800006A46012140F6B62065
:106EF000FFF770F904F0200018B10120FFF780FFC0
:106F000002E00020FFF77CFF04F4C07008B304F433
:106F1000807060B1B2208DF800008B208DF80100E8
:106F2000B6208DF802009B208DF803000BE0B02006
:106F30008DF8000080208DF80100B4208DF802004B
:106F400090208DF803006A46042140F6A220FFF746
:106F500041F904F0010020B3F8208DF800006A46E2
:106F600001214FF40B60FFF735F9FA210720FFF7F5
:106F700029FD0720FFF7ECFD0120FFF70CFE642040
:106F8000FFF71CFE4FF4FA70FFF72BFEC821A14853
:106F9000FFF73AFE2820FFF753FE0A20FFF763FEB3
:106FA00008E0D8208DF800006A4601214FF40B60FC
:106FB000FFF710F904F0020018B1D9208DF8000095
:106FC00002E0D8208DF800006A46012140F23D70B1
:106FD000FFF700F904F0040018B10120FFF7F2FEFA
:106FE00002E00020FFF7EEFE04F0100018B10120CF
:106FF000FFF7BEFE02E00020FFF7BAFE44F00800F3
:1070000085494881FDF74AFD00208349887304F0D3
:10701000400018B10846807B801D887304F4C0705E
:1070200020B17D48807B801D7B49887304F014006B
:1070300020B17948807B10307749887304F00300D1
:1070400020B17548807B001D7349887300203EBDC8
:107050000146714840890880002070472DE9F041C1
:107060000446E07800F0C006E07800F03F05607864
:1070700000F0010098B1EF102846E91705EB5171B7
:10708000C910A5EBC101491C01F0FF086248006866
:1070900020B16148414602683846904700BF607899
:1070A00000F0080030B15C48406818B1B0115A4A8D
:1070B000516888470020BDE8F08110B586B00446CD
:1070C00056A207CA03AB07C357A207CA8DE8070039
:1070D000012C09D0022C0ED103AA0B2140F68220EC
:1070E000FFF778F806B010BD6A460B2140F6822003
:1070F000FFF770F8F6E74FF0FF30F3E72DE9F04FB8
:107100008DB00746884615469946DDE9166B002482
:10711000002030804049887B5A4605A9FEF7BDFB18
:1071200018B1601E0DB0BDE8F08F3B48807A00F0CA
:107130001400002861D09DF8140000069DF8151079
:1071400040EA01409DF8161040EA01209DF8171012
:10715000084328609DF8180000069DF8191040EAC1
:1071600001409DF81A1040EA01209DF81B100843C9
:1071700068609DF81C0000069DF81D1040EA014063
:107180009DF81E1040EA01209DF81F100843A860DA
:107190009DF8200000069DF8211040EA01409DF86E
:1071A000221040EA01209DF823100843E86004F112
:1071B0001000C4B22868001401906868001402909E
:1071C000A86800140390E8680014049001984043F4
:1071D000029901FB0100039901FB0100049901FBE5
:1071E000010ABAF1706F02DBBAF1885F22DDFDF7A8
:1071F00055FC00203080401E94E721E0B8AAB38DF2
:10720000B4980D355D000000B8AAAAAAB088C3C51D
:10721000C700000009E3CA025C030020D8B1B9F33B
:107220008BA391B609B4D900DAB1B9F38BA391B6A7
:10723000DAB4DA00B6F9000040F48070308000BFA4
:107240007848807A00F0400020B305A9601C085CF3
:10725000095D40EA012000B2A8F8000005A9E01C81
:10726000095C05AAA01C105C41EA002000B2A8F845
:10727000020005A9601D095C201D105C41EA002088
:1072800000B2A8F80400A01DC4B2B6F9000040F096
:10729000080030806348408900F4C07008B305A935
:1072A000601C085C095D40EA012000B2388005A935
:1072B000E01C095C05AAA01C105C41EA002000B299
:1072C000788005A9601D095C201D105C41EA002042
:1072D00000B2B880A01DC4B2B6F9000040F0700042
:1072E00030805048807A00F0030018B105A90819D1
:1072F000FFF7B4FE4846FAF7C2FF002012E7014646
:10730000484801600020704701464648416000201F
:107310007047014691F90020002A01DD00201EE09F
:1073200091F90020002A01DA042018E091F90120E7
:10733000002A01DD012012E091F90120002A01DA82
:1073400005200CE091F90220002A01DD022006E070
:1073500091F90220002A01DA062000E00720704798
:1073600070B505462846FFF7D4FF0446E81CFFF732
:10737000D0FF44EAC00084B2A81DFFF7CAFF44EA68
:10738000801084B2204670BD70B588B002A905A8EF
:10739000FEF795FE0446032C3FD101A8FEF704F941
:1073A000059800F023FB0646019900F027F90546F1
:1073B00000F03BFB0590069800F018FB064601998B
:1073C00000F01CF9054600F030FB0690079800F02D
:1073D0000DFB0646019900F011F9054600F025FB6A
:1073E000079005A8FFF77BF96846FEF7FAF8BDF8A5
:1073F0000010029848430290BDF8001003984843DB
:107400000390BDF8001004984843049002A8FFF7C9
:10741000F9F905A0FDF735F802E00CA0FDF731F809
:1074200008B070BD5C03002073657474696E6720DA
:10743000626961732073756363657366756C6C79DB
:10744000202E2E2E2E2E2E0A00000000626961735F
:1074500020686173206E6F74206265656E206D6FA9
:10746000646966696564202E2E2E2E2E2E0A000079
:107470002DE9F0410024061B254671F1000605DACE
:1074800001240027D0EB070067EB0101161E73F102
:10749000000605DA0027D2EB0702012567EB03039C
:1074A00000F062FB86460E4617469C46AC4204D06E
:1074B0000025D0EB050E65EB010624B10020D2EBD0
:1074C000000760EB030C704631463A466346BDE860
:1074D000F08140EA01039B0703D009E008C9121FAD
:1074E00008C0042AFAD203E011F8013B00F8013B7E
:1074F000521EF9D27047D2B201E000F8012B491EAA
:10750000FBD270470022F6E710B513460A46044640
:107510001946FFF7F0FF204610BD421E12F8013F4A
:10752000002BFBD111F8013B02F8013B002BF9D1F4
:10753000704730B504460020034600E05B1C9342D0
:1075400003D2E05CCD5C401BF8D030BDF0B480EAE3
:107550000102D40F4200B2EB410F02D202460846AC
:1075600011464A0042D0C30DDDB2C1F3C752AD1A75
:10757000202D35DAC1F3160141F4000204B1524264
:10758000C5F1200602FA06F12A411044B3EBD05FA0
:1075900023D0C4B1012DA0EBC35009DCF0BC4FF0E7
:1075A000004202EAC352DBB200F5000000F037BB34
:1075B000400000F1807000EBC350A0F1807040EA01
:1075C000D170490009E0490841EAC071A0EBC350FD
:1075D00000F50000400800EBC350F0BC00F016BB03
:1075E0006142012202EB4101001BF6E7F0BC70474B
:1075F00081F00041AAE780F00040A7E780EA01029D
:1076000010B502F00043400022D04A001FD0010E06
:1076100001EB1261C0F35600C2F3560240F40000C1
:1076200042F40002A0FB022000047F39140400D0C1
:10763000401C50EA124001D44000491EC2B20C0660
:1076400004EBD010401C4008802A02D003E0002048
:1076500010BD20F00100002900DA0020184310BD01
:1076600030B480EA010202F0004530F0004221F01F
:10767000004013D090B1C30DD40DC2F31601C0F376
:107680001600E41A41F4000140F400027D349142F6
:1076900001D3641C00E04900002C02DA30BC002059
:1076A00070474FF400000023914201D3891A03432D
:1076B00040084FEA4101F7D151B1914202D14FF058
:1076C000004105E002D24FF0010101E06FF001013D
:1076D00003EBC450284430BC00F098BA2DE9FE4FAB
:1076E000804681EA0300C00F0C46009021F0004163
:1076F00023F00045B8EB0200A94105D240462146DF
:1077000090461C460B46024623F00040104347D0EB
:10771000270DC7F30A00C3F30A510290401A0190E3
:1077200040286BDAC3F3130040F4801B00989246A4
:1077300020B10023D2EB030A63EB0B0B01985946EF
:10774000C0F14002504600F040FA06460D46504651
:107750005946019A00F048FA10EB080061410024F4
:1077600087EA115284EAE7731A4340D0009A62B361
:10777000019A012A4FEA075215DC001B61EB020156
:107780004FF0004202EA0752CDE90042001C41F5E9
:10779000801132462B4600F07FFA03B0BDE8F08F2F
:1077A00040462146F9E7001B61EB0201001C41F550
:1077B000801300185B412018A2F5001747EB030166
:1077C00040EAD570B6196D4111E06D084FEA3606F2
:1077D00045EAC0754FEA0752001B61EB0201001C2D
:1077E00041F5801149084FEA3000001951413246F5
:1077F0002B4603B0BDE8F04F00F03FBA00980122DD
:1078000040000023D0EB020263EBE07300982146B6
:107810004FEAE074B8EB000061EB0401E9E783F0A4
:1078200000435BE781F0004158E72DE9FE4F81EA14
:10783000030404F0004421F0004100944FF0000BD9
:1078400023F0004350EA01045ED052EA03045BD007
:10785000C3F30A54C1F30A552C44A4F2F33401943F
:10786000A0FB0254C1F3130141F48011C3F31303CD
:1078700043F4801301FB024400FB034E840A970A81
:1078800044EA815447EA8357A4FB076802958D0AAE
:1078900005FB07854FEA932C04FB0C542705029D3A
:1078A0004FEA065847EA1637B5EB08056EEB070CAA
:1078B000870E920E47EA811742EA8312A7FB020164
:1078C000B6EB0B0164EB00042B0D43EA0C335E189E
:1078D00044EB1C50DA465146E7FB0201C5F31304A2
:1078E0004FEA0B3343EA14534FEA0432019C43EA54
:1078F0000603A4F10C040294009CCDE900B400F04E
:10790000CBF903B0BDE8F08F00200146F9E72DE97F
:10791000F04D81EA030404F0004B21F000451446C9
:107920004FF0000A23F0004150EA050220D054EA4B
:1079300001021DD0C5F30A570246C5F31303C1F374
:107940001300C1F30A5640F4801543F48013A7EBEB
:107950000608101BD64608F2FD3873EB050002D36B
:1079600008F1010801E092185B41B8F1000F03DA59
:1079700000200146BDE8F08D00204FF4801106463E
:1079800084460EE0171B73EB050705D3121B63EB50
:10799000050306434CEA010C49084FEA30009218EF
:1079A0005B4150EA0107EDD152EA030012D082EAAE
:1079B000040083EA0501084305D0101BAB4106D241
:1079C0000122002306E000224FF0004302E06FF0A6
:1079D000010253101AEB06004CEB085110EB0A00A1
:1079E00041EB0B01BDE8F04D00F047B9C10F80EA53
:1079F000E0700844CA079623002100F010B99623CE
:107A00000022114600F00BB90EB5C10F80EAE070FC
:107A10000844CA07002140F233438DE80E000A46AD
:107A20000B4600F039F903B000BD00F0004220F031
:107A30000040C10DC0F3160040F400007F2901DAB8
:107A400000207047962903DCC1F19601C84001E08F
:107A500096398840002AF4D04042704720F0004018
:107A6000C10DC0F3160040F400007F2901DA0020A8
:107A70007047962903DCC1F19601C84070479639DA
:107A80008840704700F0004230F000400AD0C10D3D
:107A900001F56071C0F3160042EA0151C2084007C7
:107AA00011437047002001467047000030B5041EA6
:107AB00071F1000404DB4FF00044404264EB01012B
:107AC000141E73F1000405DB1C464FF000435242C4
:107AD00063EB04038B4208BF824230BD01F00043D8
:107AE00030B421F0004150EA010206D00A0DA2F59F
:107AF0006072C1F31301002A02DC30BC0020704721
:107B0000440F44EAC104C100E01830BC00EBC2508D
:107B100000F07CB8002801DBC0F10040002901DB47
:107B2000C1F1004181427047002801DBC0F10040F3
:107B3000002901DBC1F100418842704730B50B4696
:107B4000014600202022012409E021FA02F59D428D
:107B500005D303FA02F5491B04FA02F52844151E61
:107B6000A2F10102F1DC30BD2DE9F05F05460020F5
:107B700092469B4688460646814640241BE028469E
:107B800041464746224600F02FF953465A46C01A4E
:107B9000914110D311461846224600F016F82D1ACE
:107BA00067EB01084F4622460120002100F00DF846
:107BB00017EB00094E41201EA4F10104DFDC48460A
:107BC00031462A464346BDE8F09F202A04DB203A8E
:107BD00000FA02F1002070479140C2F1200320FA20
:107BE00003F3194390407047202A06DBCB17203A55
:107BF00041FA02F043EAE07306E041FA02F3D040B2
:107C0000C2F1200291400843194670470029A8BFDD
:107C10007047401C490008BF20F00100704710B4B5
:107C2000B0FA80FC00FA0CF050EA010404BF10BC6A
:107C3000704749B1CCF1200421FA04F411FA0CF197
:107C400018BF012121430843A3EB0C01CB1D4FEAD0
:107C500000614FEA102042BF002010BC704700EBCB
:107C6000C35010440029A4BF10BC7047401C4900F9
:107C700008BF20F0010010BC704710B5141E73F14E
:107C8000000408DA401C41F1000192185B411A43DC
:107C900001D120F0010010BD2DE9F04D92469B4628
:107CA00011B1B1FA81F202E0B0FA80F220329046CE
:107CB000FFF78BFF04460F4640EA0A0041EA0B013A
:107CC00053465A46084313D0114653EA010019D0CF
:107CD000C8F14002504600F087F805460E4650466F
:107CE00059464246FFF771FF084305D0012004E0E2
:107CF00020463946BDE8F08D0020054346EAE0768F
:107D00002C4337430A986305E40AA0EB08000022DD
:107D1000FD0A44EA47540A3002D500200146E9E74B
:107D2000010510196941DDE9084500196941BDE8FF
:107D3000F04DA2E770B521F0004303430CD0C1F32E
:107D40000A550024D5EB040564EB0403D617AD1ADD
:107D5000B34102DB0020014670BD201841EB025107
:107D600070BDC1F30A52C1F3130140F2FF3341F475
:107D700080119A4202DA00200146704740F23343F4
:107D80009A42A2F2334202DC524200F02DB8FFF7D1
:107D90001CBF000030B5041E71F1000404DB4FF07D
:107DA0000044404264EB0101141E73F1000405DB42
:107DB0001C464FF00043524263EB0403994208BF54
:107DC000904230BD064C074D06E0E06840F00103EC
:107DD00094E8070098471034AC42F6D3F8F78AF9D4
:107DE00038A5000858A50008202A04DB203A21FA0B
:107DF00002F00021704721FA02F3D040C2F12002C4
:107E000091400843194670472DE9F04D00231A466A
:107E10001B1A8A4103DB00200146BDE8F08DC1F347
:107E20000A52C1F3130141F480154FF0000BD10742
:107E300002D100186D41521E0027044640F2FF1186
:107E4000384601EB620A3E468046024600204FF467
:107E50008011FFF7C9FFC2197141BB1846EB010041
:107E6000B4EB030C75EB000C04D3E41A65EB0005CE
:107E700017460E46241908F101006D41804634284A
:107E8000E3DDF91946EB0600091BA84103D24FF0C8
:107E9000FF32134601E0002213461BEB070046EBBE
:107EA0000A51BDE8F04DFFF7E8BE0EB540F2334190
:107EB00002910021CDE900110A460B46FFF7ECFEC6
:107EC00003B000BD70B5C1F30A5201F000450024B3
:107ED000C1F3130140F2FF3341F480119A4201DAF9
:107EE000002070BD40F233439A42A2F2334203DCD9
:107EF0005242FFF779FF00E090402C43F1D040421E
:107F000070BD70B58C1810F8015B15F0070301D136
:107F100010F8013B2A1106D110F8012B03E010F8EC
:107F2000016B01F8016B5B1EF9D12B0705D400230F
:107F3000521E0DD401F8013BFAE710F8013BCB1AB1
:107F4000921C03E013F8015B01F8015B521EF9D5A6
:107F5000A142D8D3002070BD0FB4084B10B504A9BE
:107F600002AA039800F01AFC044602A9002000F0BF
:107F7000ACFF204610BC5DF814FB0000CB8E00085F
:107F8000490050EAC12018BF04204A0D18BF40F034
:107F9000010040F2FF72B2EB515F08BF40F00200F7
:107FA000012808BF052070472DE9F74F144694B00B
:107FB0000021C4E902111599079121F00045C94932
:107FC0008D4206DC1599C4E9000117B00020BDE818
:107FD000F08FC549DFF814A3A9423CDD0799C44ED0
:107FE0000029C44FC44A1599534619DDFFF717FC01
:107FF000554506D0C14AC24BFFF711FCC4E9000148
:108000000AE04FF0D352BE4BFFF709FC32463B4625
:10801000FFF705FCC4E9000117B00120BDE8F08FAF
:10802000FFF75CFB554506D0B44AB54BFFF756FB4E
:10803000C4E900010AE04FF0D352B14BFFF74EFB09
:1080400032463B46FFF74AFBC4E9000117B04FF048
:10805000FF30BDE8F08FAB49A942159978DB21F0DC
:10806000004183468846A84AA84BFFF7DEFB002262
:10807000A74BFFF733FBFFF725FF0990FFF7C4FC81
:1080800006460F469C4A5346FFF7CFFB43465A46E7
:10809000FFF7C8FB80468A46984A994B30463946D6
:1080A000FFF7C3FB2A0D01250B9242465346FFF70B
:1080B000B9FB032DC4E9000139D00B98C1F30A5173
:1080C000401A05EB45111139814230DA9148C34617
:1080D000784400EB0510CDF80CA00C90D0E90023FB
:1080E00030463946FFF7A1FB02460B460491069045
:1080F00058460399FFF793FB80468A4602460B4693
:1081000058460399FFF78BFB049B069AFFF787FB02
:1081100083460C9803913946D0E902233046FFF795
:1081200084FB5A46039BFFF77AFB6D1CBDE707985B
:108130000028A2BF099817B0BDE8F08F616881F0F0
:1081400000416160099817B04042BDE8F08FFFE739
:1081500084461598C1F31301C0F30A50A0F2F5301C
:108160004FEA601800F01F06C6F1200013900020AF
:108170000690079041F4801E05206D4676B1664A50
:1081800008EB00017A4452F8213002EB8101B34040
:108190004A68139922FA01F1194305E05F4908EB97
:1081A0000002794451F82210A1FB0E27A1FB0C1309
:1081B0001A449A4234BF0123002303EB070A05EB5C
:1081C0008003D3E901B70F448F4234BF012100215E
:1081D00093448B4411B1934502D903E0934501D2F6
:1081E000012100E00021C3E901B7514445F8201006
:1081F000011EA0F10100C1DC0298059F00F10050B2
:10820000800F12900298DDE903568000FFF7FCFB17
:10821000834628460D91FFF748FE6FF01D02FFF7D9
:1082200089FDCDE90E013046FFF73FFE6FF03D02BC
:10823000FFF780FD80468A463846FFF736FE6FF02E
:108240005D02FFF777FD0746424653461191FFF75F
:1082500045FADDE90E23FFF741FA5A460D9BFFF779
:108260003DFA00250E465A4628460D9BFFF7D7FAE1
:10827000DDE90E23FFF7D3FA42465346FFF7CFFA64
:108280003A46119BFFF7CEFADFF898A0244A5346EE
:10829000FFF7CBFA07468846234A244B3146284647
:1082A000FFF7C3FA3A464346FFF718FA07468846EF
:1082B0004FF0A842534631462846FFF7B6FA3A46F1
:1082C0004346FFF70BFA159A12F0004F04D0129AAA
:1082D00081F0004152421292C4E90001129817B095
:1082E000BDE8F08FFB21E93F7CD90240FB21F93F3B
:1082F0007370032E8A19A33B000040543163621A45
:1083000061B4D03DFB21394183C8C96D305FE43F82
:108310000000E03F24230000A02200008222000091
:10832000182D4454FB21F93D3326A611460B113C70
:108330002DE9FF4D21F0004807460C46B8F1795F62
:1083400008DAFFF7BFFD002801BF0020324904B062
:10835000BDE8F08D3A46234610461946FFF765FA08
:10836000054602462D480E460B460621784400F08D
:108370005DF82A463346FFF758FADDE902238246C4
:108380008B4638462146FFF750FA04460F465246C0
:108390005B4628463146FFF748FA22463B46FFF740
:1083A0003EFA07468A464FF0FF3228463146FFF72D
:1083B000C1FC1B4A90450ADA3A465346FFF72FFAAA
:1083C00004B00022BDE8F04D134BFFF72BBA154A5D
:1083D0004245A8BFA8F500154FF00004B8BF124DE4
:1083E00022462B46FFF71BFA0646884622462B46B6
:1083F00000200949FFF713FA04460D463A46534652
:1084000030464146FFF70BFA04B022462B46BDE842
:10841000F04DFFF707BA00000000F03F50200000C9
:108420003333D33F0000E93F0000D23F2DE9F04154
:108430004F1E00EBC7010446D1E9000115461E4658
:1084400037F006020DD02A463346FFF7EEF97F1EBD
:1084500004EBC703D3E90023FFF740F937F0060226
:10846000F1D1022F25D0042F13D0062F18BFBDE85D
:10847000F0812A463346FFF7D8F9D4E90A23FFF7FB
:108480002DF92A463346FFF7D0F9D4E90823FFF740
:1084900025F92A463346FFF7C8F9D4E90623FFF742
:1084A0001DF92A463346FFF7C0F9D4E90423FFF744
:1084B00015F92A463346FFF7B8F9D4E90223FFF746
:1084C0000DF92A463346FFF7B0F9D4E90023BDE899
:1084D000F041FFF703B900002DE9FF4D054621F0FB
:1084E000004084B00C46B0F1795F0BDA2846FFF704
:1084F00047FD042808BF00F071F8284608B021465F
:10850000BDE8F08D2A460B461046FFF78EF9064669
:108510000F462A462346FFF788F9804626488A46B2
:1085200032463B4605217844FFF780FF834610988A
:10853000029160B3214A224B40465146FFF775F93C
:10854000CDE900015A4640465146029BFFF76DF9BE
:1085500082468846DDE906014FF0FF32FFF7EAFB6D
:1085600052464346FFF75BF932463B46FFF75DF95B
:10857000DDE90623FFF753F9DDE90023FFF74FF9A3
:1085800008B02A462346BDE8F04DFFF74BB90B462D
:108590005A4630463946FFF748F9084A084BFFF774
:1085A0009DF842465346FFF740F908B02A46234655
:1085B000BDE8F04DFFF792B8961F0000495555559C
:1085C0005555C5BF0122FFF7B5BBFFF787B800229D
:1085D000134610461146FFF79AB90000024A0020E0
:1085E0001107FFF7A7BB000001FDFFFF02E008C86D
:1085F000121F08C1002AFAD170477047002001E01D
:1086000001C1121F002AFBD1704700000149086018
:1086100070470000E40100202DE9FF5F82B00021D7
:10862000DDE90430020DDDF840B0034318D044F614
:108630001050A2F2FF3242431514119801281FD0A6
:10864000A5EB0B00401C5FEA000A4FF000064E4FFE
:10865000DFF83891B046504615D5CAF1000413E052
:10866000119801244AA3012801D16FEA0B01029855
:10867000119AC0E90031C0E9024206B0BDE8F09F9E
:10868000CBF10000DFE704460021404A491842EBE5
:108690000450CDE9001012E0E00707D032463B4617
:1086A00040464946FFF7C1F88046894632463B4678
:1086B00010461946FFF7B9F806460F466410002C1D
:1086C000EAD1DDE90401DDE90023BAF1000F06DAA1
:1086D000FFF7ABF842464B46FFF7A7F805E0FFF778
:1086E00016F942464B46FFF712F904460E460022A1
:1086F000284BFFF74FFB03D84FF0FF30014607E050
:108700000022254B20463146FEF7E8FFFFF729FB04
:10871000102409E0002C0ADB0A220023FFF724FAC8
:10872000039B30321A55641E50EA0102F2D1641CD8
:10873000039AC4F111031444119A012A03D00122AF
:1087400008430DD10AE0084304D000204FF0110B7C
:10875000119072E7A3EB0B056D1E0DE05B4504DD88
:108760004FF0000205F1010504E003DA4FF00002CA
:10877000A5F10105002AECD002981199C0E9023157
:10878000C0E9004579E70000000014400000F03F18
:10879000300000000000F0430000E03F2DE9FF4FF3
:1087A00095B09B468946064600250FE2252877D1DD
:1087B00000242746F84A0121059400E0044316F8F6
:1087C000013F203B01FA03F01042F7D130782A280C
:1087D00011D06FF02F033078A0F13002092A16D89B
:1087E000059A44F0020402EB820203EB42021044B9
:1087F000761C0590EFE759F8042B0592002A03DA5E
:10880000504244F40054059044F00204761C307841
:108810002E2816D116F8010F44F004042A280DD092
:108820006FF02F023078A0F13003092B09D807EB45
:10883000870302EB4303C718761CF3E759F8047B60
:10884000761C30786C280FD006DC4C2817D06828AE
:108850000DD06A2814D104E0742810D07A280FD1E2
:108860000DE044F400140AE044F4801401E044F400
:1088700040147278824202D104F58014761C761C72
:10888000307866280BD013DC582877D009DC002814
:1088900075D04528F6D04628F4D047281AD19DE156
:1088A00018E0632835D0642879D0652812D195E185
:1088B000702873D008DC6728F1D069286FD06E2843
:1088C0000DD06F2806D1B5E073282CD0752875D04F
:1088D000782874D05A46179990476D1C75E1C4F3F7
:1088E0000250022809D003280DD0D9F8001004281E
:1088F0000DD00D6009F1040967E1D9F80010EA17FD
:10890000C1E90052F6E7D9F800100D80F2E70D70CA
:10891000F0E719F8041B8DF8001000208DF8010015
:10892000EA46012003E059F804AB4FF0FF3061073D
:108930004FF0000102D40DE008F101018846B94270
:108940000FDA8045F8DB1AF808100029F4D108E0A6
:1089500008F1010188468142FADB1AF80810002963
:10896000F6D105985B46A0EB080721463846179AD2
:1089700000F094FA284400EB080507E04DE029E1F7
:108980000DE01AF8010B5A4617999047B8F1010803
:10899000F7D25B4621463846179A13E142E00A2295
:1089A0000092C4F302524FF0000A022A08D059F88C
:1089B00004CB032A4FEAEC710AD00DE029E02AE04B
:1089C00009F1070121F00702F2E802C1914609E02E
:1089D0000FFA8CFC4FEAEC71042A03D14FFA8CFC9D
:1089E0004FEAEC71002907DA0A460021DCF1000C9D
:1089F00061EB02012D2202E0220504D52B228DF825
:108A00000420012203E0E20701D02022F7E790468C
:108A100059E00A2102E010220DE010214FF0000A77
:108A200000910BE010224FF0000A44F004040827E4
:108A3000009203E008224FF0000A0092C4F30252B1
:108A4000022A05D059F804CB0021032A08D009E0F6
:108A500009F1070121F00702F2E802C1914605E0A1
:108A60001FFA8CFC042A01D10CF0FF0C4FF0000817
:108A7000220728D5702806D0009B83F0100353EA04
:108A80000A0305D00EE040228DF80420012208E000
:108A90005CEA010206D030228DF804208DF8050032
:108AA00002229046009B83F0080353EA0A030AD18E
:108AB0005CEA010201D1620705D530228DF804205D
:108AC0004FF001087F1E582804D034A003900EA850
:108AD00002900DE036A0F9E753466046009AFFF792
:108AE00043F884460398825C0298401E029002700C
:108AF0005CEA0100F0D1029806A9081A00F1200AE8
:108B0000600702D524F4803400E00127574502DDD8
:108B1000A7EB0A0000E0002000EB0A010090059896
:108B20004144401A0590E00306D45B462146179A5B
:108B3000059800F0B3F90544002706E001A85A465D
:108B4000C05D179990476D1C7F1C4745F6DBE0031D
:108B50000CD55B462146179A059800F09FF905440D
:108B600004E030205A46179990476D1C0099481E22
:108B700000900029F5DC08E0029802995A46007836
:108B8000491C0291179990476D1CBAF10001AAF196
:108B9000010AF1DC65E100000928010030313233BF
:108BA0003435363738396162636465660000000029
:108BB0003031323334353637383941424344454613
:108BC0000000000000F058F90544761C30780028B9
:108BD0007FF4ECAD19B02846BDE8F08F620700D4F1
:108BE000062709F1070222F0070CFCE80223E14600
:108BF00003F000485FEA080C02D00FF2702C0DE081
:108C00005FEA045C02D50FF2682C07E05FEAC47CDF
:108C100002D00FF2602C01E0AFF2700C4FF0FF3881
:108C200023F00043CDF850C065280CD006DC452861
:108C300009D046281DD047283DD13DE0662818D0F0
:108C400067287ED138E00021112F01DB112000E0E0
:108C5000781CCDE9000106A90EA8FFF7DDFCDDE9CF
:108C60000F010E9A03910021009207F1010A04916D
:108C70004DE04FF000400097CDE9011006A90EA885
:108C8000FFF7CAFCDDE90F0203920E9B1199002247
:108C9000DDF80CA00093049211B9791C00EB010AD5
:108CA000B7EB0A0004D4C0F1FF3007F1010A0490C9
:108CB000AAEB0700019044E0012F00DA0127002110
:108CC000112F01DD112000E03846CDE9000106A991
:108CD0000EA8FFF7A1FCDDE90F010E9A0391002118
:108CE00004910092BA4621070CD40399514500DA49
:108CF0008A46BAF1010F05DD009AAAF10101515C23
:108D0000302908D0B84202DA10F1040F06DA012146
:108D1000CDE9011015E0AAF10101E9E7002805DC21
:108D2000049901440491AAEB000102E0411C514561
:108D300000DD8A460499401A401C01904FF0004023
:108D40000290200704D40198504501DBCDF804803F
:108D500000208DF84F0002980DF14F07B0F1004F41
:108D600025D02B200E9002984FF0020800280CDA34
:108D7000404202902D200E9007E00A210298FEF753
:108D8000DDFE3031029007F8011DB8F10001A8F1B5
:108D90000108F2DC02980028EFD1791E0E980870C5
:108DA000307800F0200040F0450007F8020D12A8CE
:108DB000C01B00F107081498007800B1012000EBF7
:108DC0000A01019801EBE07105984144401A401EE8
:108DD0000590E00306D45B462146179A059800F0FB
:108DE0005DF805441498007818B15A4617999047D1
:108DF0006D1CE00324D55B462146179A059800F0C8
:108E00004DF805441CE00498002807DBDDE9030168
:108E1000884203DD0098405C179901E017993020E3
:108E20005A469047049805F10105401C04900198AA
:108E3000401E019004D12E205A46179990476D1C70
:108E4000BAF10001AAF1010ADDDC05E017F8010B17
:108E50005A46179990476D1CB8F10001A8F1010816
:108E6000F4DC5B462146179A0598ABE62D0000001E
:108E70002B000000200000002DE9F04104460025F1
:108E80001E461746880404D405E039462020B04722
:108E90006D1C641EF9D52846BDE8F0812DE9F0412E
:108EA000044600251E469046C80301D5302700E041
:108EB0002027880404D505E041463846B0476D1C9C
:108EC000641EF9D52846BDE8F0810A68531C0B6082
:108ED000107070472DE9F04D8D4F21F0004A86B09B
:108EE00005460C46BA452ADBAAEB070028430AD000
:108EF0008848824501DC1AD1CDB106B02846BDE8CC
:108F0000F04DFFF75FBB844A844B2846FEF78DFC8B
:108F100007460E46824A834B28462146FEF785FCCB
:108F200006B03A463346BDE8F04DFEF7D7BB012008
:108F3000FFF76CFB06B0BDE8F04DFFF748BB7A4881
:108F4000824542DABAF1795F0BDA2846FFF718F862
:108F5000042808BFFFF742FB284606B02146BDE8BB
:108F6000F08D2A460B461046FEF75FFC834602460C
:108F70006E480E460B4606217844FFF757FA5A46CC
:108F80003346FEF752FC804669488A465A463346C5
:108F900004217844FFF74AFA5A463346FEF745FC67
:108FA00000223B46FEF79AFB02460B4640465146DE
:108FB000FEF7ADFC2A462346FEF737FC06B02A46EC
:108FC0002346BDE8F04DFEF789BB284624F000415A
:108FD00000223D463B46FEF725FC4FF0FF32FEF7F0
:108FE000A9FE0646024653480F460B460621784422
:108FF000FFF71CFA32463B46FEF717FCCDE90001AD
:109000004D4832463B4604217844FFF70FFA32467A
:109010003B46FEF70AFC00222B46FEF75FFB834629
:1090200002913046394600F0FBFA804643480D462F
:10903000504517DCDDE900015A46029BFEF767FC4C
:1090400042462B46FEF7F1FB42462B46FEF746FB17
:109050000122FEF76FFE304A304BFEF7E0FB304A4C
:10906000304B4CE04FF0000A52460B464046FEF7AC
:1090700035FBCDE9031052462B4610461946FEF744
:10908000D4FB32463B46FEF7CDFBDDE90332FEF76B
:109090003EFC06460F46DDE900015A46029BFEF7FC
:1090A00036FC83460091012230463946FEF742FEE7
:1090B000194A1A4BFEF7B6FB06460F4601224046F8
:1090C0002946FEF737FE5A46009BFEF7AEFB3246B6
:1090D0003B46FEF7A4FB06460F46012250462946B2
:1090E000FEF728FE0E4DDFF858802A464346FEF76D
:1090F00099FB32463B46FEF795FB2A464346FEF770
:1091000091FB002CD8BF81F0004106B0BDE8F08D86
:109110000000F03F0000F07F075C143326A6913C6E
:10912000182D4454FB21F93F0000E03F5C13000080
:1091300072130000E6120000FC1200003333EF3F10
:10914000FB21E93F2DE9F84F04460D4621F0004090
:1091500000917349814211DC7249884201DC06D1D9
:109160002CB120462946BDE8F84FFFF72BBA6E48D0
:10917000002DCCBF6D496E49BDE8F88F6D49814225
:1091800011DD6D498142D8BF4FF0FF366DDD2046BD
:109190002946FEF7F5FE042808BFFFF71FFA204610
:1091A0002946BDE8F88F6549654F25F000458142A5
:1091B00033DD6449814219DD002632464FF0804399
:1091C00020462946FEF78AFA80468A460122204632
:1091D0002946FEF7AFFD00223B46FEF720FB424644
:1091E0005346FEF794FB04460D463EE0012600225E
:1091F000BA463B4620462946FEF770FA80460F469F
:109200000022534620462946FEF709FB42463B46CC
:10921000FEF77DFB04460D4627E04B4981421BDDEE
:10922000DFF828A102260022534620462946FEF7F1
:10923000FCFA00223B46FEF751FA80460F46002218
:10924000534620462946FEF7EAFA42463B46FEF7D9
:109250005EFB04460D4608E0032622462B4600200E
:109260003B49FEF754FB04460D4622462B4610466A
:109270001946FEF7DAFA8B46824602460B46FEF79F
:10928000D4FA07460246334888460B4606217844FE
:10929000FFF7CCF852465B46FEF7C7FA82462E48E7
:1092A0008B463A46434605217844FFF7BFF83A46D5
:1092B0004346FEF7BAFA02460B46002E5046594680
:1092C0000CDAFEF70BFA22462B46FEF7AEFA01B097
:1092D00022462B46BDE8F04FFEF7A4BAFEF7FEF992
:1092E00022462B46FEF7A1FA1C4A7A4402EBC6033B
:1092F000D3E90023FEF793FA22462B46FEF78FFAB6
:10930000174A7A4402EBC603D3E90023FEF78AFA30
:10931000009A002AB8BF81F00041BDE8F88F000034
:10932000000010440000F07F182D4454FB21F93F49
:10933000FB21F9BF0000DC3F0000203E0000F33FAE
:109340000000F03F0000E63F008003400000F83FCF
:109350000000F0BFFE100000BC1000005A1000001A
:10936000221000002DE9F04D9446CCF1000423F0CA
:1093700000464CEA0404524F46EAD4749A468846A2
:1093800021F00042BC4206D8454240EA050442EAC8
:10939000D474BC4204D9BDE8F04D6246FFF715B95C
:1093A000AAF14055A5F17F6555EA0C040BD00224C3
:1093B00004EAAA74434DDFF810E144EAD87452EA93
:1093C000000B04D00CE0BDE8F04DFFF7BBBE002C55
:1093D00014BF012CBDE8F08D022C30D0032C32D00C
:1093E00056EA0C0B0AD0BE4220D1BA4209D126F06F
:1093F000804622F080423346114617E000291ADBEE
:1094000025E0DFF8C8B0FB44002C04BFDBE9000115
:10941000BDE8F08D012C02BFDBE9000181F00041C5
:10942000BDE8F08D022C0AD0032C0CD0BA4212D128
:10943000B8F1000F0BDA23482549BDE8F08D284626
:109440002449BDE8F08D28467146BDE8F08D1D48E1
:109450002149BDE8F08D921B12153C2AC4BF194862
:109460001D490EDCBAF1000FBEBF12F13C0F002007
:10947000014606DB6246FEF74AFA21F00041FFF79B
:1094800061FE002C08BFBDE8F08D012C04BF81F007
:109490000041BDE8F08D114A114B022C07D0FEF7B8
:1094A000BEF92A46BDE8F04D0A4BFEF7B8B9FEF703
:1094B000B6F92A46BDE8F04D064BFEF7B3B90000F9
:1094C0000000F07F182D4454FB2109C0E60F000076
:1094D000FB21F9BFFB210940FB21F93F075C143355
:1094E00026A6A13C00B5244B21F0004287B09A4249
:1094F000DCBF0022134629DD204B9A4208D140B937
:109500004FF00100FFF782F8FFF761F807B000BDE8
:1095100003DBFFF757F807B000BD02AAFEF744FDD2
:1095200010F0030104BF0DF1080C9CE80F000DD0F2
:10953000012001290ED0022914D00DF1080C009051
:109540009CE80F00FEF7C8FF07B000BDFEF7F0FE75
:1095500007B000BD0DF1080C00909CE80F00FEF76D
:10956000BBFF05E00DF1080C9CE80F00FEF7E0FEE4
:1095700007B081F0004100BDFB21E93F0000F07F12
:1095800000B5254B21F0004287B09A4203DC00224F
:10959000134600922BE0214B9A4208D140B94FF07C
:1095A0000100FFF733F8FFF712F807B000BD03DB47
:1095B000FFF708F807B000BD02AAFEF7F5FC10F0AF
:1095C00003014FF001000DD0012914D002291AD057
:1095D0000DF1080C9CE80F00FEF7AAFE07B081F021
:1095E000004100BD0DF1080C00909CE80F00FEF753
:1095F00073FF07B000BD0DF1080C9CE80F00FEF7EB
:1096000097FE07B000BD0DF1080C00909CE80F001C
:10961000FEF762FFE2E70000FB21E93F0000F07F78
:109620002DE9F04106460F46FEF7EEFB041E0D46FF
:1096300018BF0120284320F00040C0F17F6000F1F6
:10964000E040C00F0ED0301C18BF0120384320F07E
:109650000040C0F17F6000F1E040C00F04BF012076
:10966000FEF7D4FF20462946BDE8F0810000000047
:109670000000000000406540B81E85EB51B8CE3FA9
:109680000000000000001240B81E85EB51B8BE3F3C
:109690006800000476005401F7FD000175191A0CEA
:1096A0006A231B1C1F207274433B4138393A6B6C90
:1096B000376F06246D6E7000830000000008000004
:1096C0000001001832000500000020410000D242D5
:1096D000295C0F3E9A99993E3333733F295C0F3EC4
:1096E00000007000000000240000000200030000E1
:1096F00000650054FFEF0000FA80000B12820001A9
:10970000030C30C30E8C8CE914D5400213710F8EFC
:109710003883F8833000F883258EF8833000F8838F
:10972000FFFFFFFF0FFEA9D6240004001A8279A1D3
:109730000000003CFFFF00000010000038836FA213
:10974000003E03304000000002CAE3093E800000F2
:109750002000000000000000400000006000000049
:10976000000C0000000C186E000006920A16C0DF04
:10977000FFFF0256FD8CD377FFE1C496E0C5BEAA79
:1097800000000000FFFF0B2B0000165700000359DC
:109790004000000000001DFA00026C1D00000000E7
:1097A0003FFFDFEB003EB3B6000D227800002F3CF8
:1097B00000000000001942B5000039A20000B365A6
:1097C000D90E9FC91DCF4C3430000000500000005E
:1097D0003BB67AE80064000000C80000000000000A
:1097E000100000001000FA921000225E000D229F6F
:1097F0000001000000320000FF46000063D40000BA
:109800001000000004D6000004CC000004CC0000CE
:109810000000107200000040000000000000000086
:1098200000060002000500070000000000640000C0
:10983000000000000000000500050064002000009A
:1098400000000000000000000000400000000300D5
:1098500000000032F8980000FF650000830F000050
:10986000FF9BFC0000000000000000000000000062
:1098700000000000000000000000000000000000E8
:1098800000000000000000000000000000001000C8
:1098900040000000000000060000B26A0002000064
:1098A0000001FB830068000000D9FC007CF1FF830D
:1098B0000000000000650000006403E80064002868
:1098C000000000250000000016A0000000001000AD
:1098D00000001000002F0000000001F40000100044
:1098E00000280000FFFF4581FFFFFA720000000022
:1098F00000000000004400050005BAC6004778A239
:10990000000000010000000000000600000000143C
:109910000000254D002F706D000005AE000C02D038
:109920000000000000000000000000000000000037
:10993000001B00000000000000000000000000000C
:1099400000640000000800000000000000000000AB
:109950000000000000000000000000000000000007
:1099600000000000000000000000000000000000F7
:1099700000000000000000000000000000000000E7
:1099800000000000000000000000000000000000D7
:1099900000000000000000000000000000000000C7
:1099A000001B00000000000000000000000E000E80
:1099B00000000AC70004000000000032FFFFFF9C07
:1099C00000000B2B000000020000000100000064FA
:1099D000FFE50000000000000000000000000000A3
:1099E0000000000100000000000100000000000075
:1099F000000180000001800000018000002426D3C7
:109A00000000000000000000000600100096003C6E
:109A10000000000000000000000000000000000046
:109A20000C0A4E68CDCF770950166759C619CE82F9
:109A30000000000000000000000000000000000026
:109A4000000000000000000017D7840003000000A1
:109A50000000000000000000C7938F9D1E1B1C1912
:109A600000000000000000000000000000000000F6
:109A70000000000000000000020318850000400004
:109A800000000003000000030000000000000000D0
:109A90004000000000000000000000000000000086
:109AA00000000000000000000000000000000000B6
:109AB00000000000000000000000000000000000A6
:109AC00000000000677DDF7E72902E554CF6E68820
:109AD0000000000000000000000000000000000086
:109AE000D8DCB4B8B0D8B9ABF3F8FAB3B7BB8E9E34
:109AF000AEF132F51BF1B4B8B08097F1A9DFDFDF2A
:109B0000AADFDFDFF2AAC5CDC7A90CC92C97F1A93E
:109B100089264666B28999A92D557DB0B08AA89646
:109B2000365676F1BAA3B4B280C0B8A89711B28302
:109B300098BAA3F0240844106418B2B9B49883F119
:109B4000A329557DBAB5B1A38393F0002850F5B28F
:109B5000B6AA839328547CF1B9A3829361BAA2DA9E
:109B6000DEDFDB819AB9AEF5606870F1DABAA2DFA8
:109B7000D9BAA2FAB9A38292DB31BAA2D9BAA2F8B1
:109B8000DF85A4D0C1BBAD83C2C5C7B8A2DFDFDF0C
:109B9000BAA0DFDFDFD8D8F1B8AAB38DB4980D35FD
:109BA0005DB2B6BAAF8C96198F9FA70E161EB49AE7
:109BB000B8AA872C547CBAA4B08AB691325676B231
:109BC0008494A4C808CDD8B8B4B0F19982A82D5512
:109BD0007D98A80E161EA22C547C92A4F02C5078CE
:109BE000F184A898C4CDFCD80DDBA8FC2DF3D9BA1C
:109BF000A6F8DABAA6DED8BAB2B68696A6D0F3C868
:109C000041DAA6C8F8D8B0B4B882A892F52C548826
:109C100098F135D9F418D8F1A2D0F8F9A884D9C7A9
:109C2000DFF8F883C5DADF69DF83C1D8F40114F106
:109C3000A8824EA884F311D182F5D992289788F191
:109C400009F41C1CD884A8F3C0F9D1D99782F12952
:109C5000F40DD8F3F9F9D1D982F4C203D8DEDF1AB2
:109C6000D8F1A2FAF9A88498D9C7DFF8F8F883C721
:109C7000DADF69DFF883C3D8F40114F198A8822EE3
:109C8000A884F311D182F5D992509788F109F41C78
:109C9000D884A8F3C0F8F9D1D99782F149F40DD846
:109CA000F3F9F9D1D982F4C403D8DEDFD8F1AD8855
:109CB00098CCA809F9D98292A8F57CF1883ACF947A
:109CC0004A6E98DB6931DAADF2DEF9D88795A8F2F1
:109CD00021D1DAA5F9F417D9F1AE8ED0C0C3AE8286
:109CE000C684C3A88595C8A588F2C0F1F4010EF119
:109CF0008E9EA8C63E56F554F18872F40115F1986F
:109D000045856EF58E9E0488F142985A8E9E06888F
:109D100069F4011CF1981E1108D0F504F11E970298
:109D200002983625DBF9D985A5F3C1DA85A5F3DFDD
:109D3000D88595A8F309DAA5FAD88292A8F578F122
:109D4000881A849F26889821DAF41DF3D8879F39D2
:109D5000D1AFD9DFDFFBF9F40CF3D8FAD0F8DAF998
:109D6000F9D0DFD9F9D8F40BD8F3879F39D1AFD91F
:109D7000DFDFF41DF3D8FAFCA869F9F9AFD0DADE19
:109D8000FAD9F88F9FA8F1CCF398DB45D9AFDFD093
:109D9000F8D8F18F9FA8CAF38809DAAF8FCBF8D82B
:109DA000F2AD978D0CD9A5DFF9BAA6F3FAF412F249
:109DB000D8950DD1D9BAA6F3FADAA5F2C1BAA6F3AD
:109DC000DFD8F1BAB2B68696A6D0CAF349DAA6CBE6
:109DD000F8D8B0B4B8D8AD84F2C0DFF18FCBC3A847
:109DE000B2B68696C8C1CBC3F3B0B48898A821DBBD
:109DF000718D9D71859521D9ADF2FAD88597A828E6
:109E0000D9F408D8F28D29DAF405D9F285A4C2F282
:109E1000D8A88D9401D1D9F411F2D88721D8F40AA9
:109E2000D8F28498A8C801D1D9F411D8F3A4C8BB3A
:109E3000AFD0F2DEF8F8F8F8F8F8F8F8D8F1B8F69C
:109E4000B5B9B08A95A3DE3CA3D9F8D85CA3D9F8FC
:109E5000D87CA3D9F8D8F8F9D1A5D9DFDAFAD8B1E6
:109E60008530F7D9DED8F830ADDADED8F2B48C9987
:109E7000A32D557DA083DFDFDFB591A0F629D9FBA7
:109E8000D8A0FC29D9FAD8A0D051D9F8D8FC51D9FA
:109E9000F9D879D9FBD8A0D0FC79D9FAD8A1F9F9A9
:109EA000F9F9F9A0DADFDFDFD8A1F8F8F8F8F8ACB3
:109EB000DEF8ADDE8393AC2C547CF1A8DFDFDFF657
:109EC0009D2CDAA0DFD9FADB2DF8D8A850DAA0D083
:109ED000DED9D0F8F8F8DB55F8D8A878DAA0D0DFCA
:109EE000D9D0FAF8F8F8F8DB7DF8D89CA88CF530D2
:109EF000DB38D9D0DEDFA0D0DEDFD8A848DB58D9E8
:109F0000DFD0DEA0DFD0DED8A868DB70D9DFDFA02D
:109F1000DFDFD8F1A888902C547C98A8D05C38D189
:109F2000DAF2AE8CDFF9D8B087A8C1C1B188A8C673
:109F3000F9F9DA36D8A8F9DA36D8A8F9DA36D8A88D
:109F4000F9DA36D8A8F9DA36D8F78D9DADF818DAEF
:109F5000F2AEDFD8F7ADFA30D9A4DEF9D8F2AEDE32
:109F6000FAF983A7D9C3C5C7F1889BA77AADF7DEF5
:109F7000DFA4F8849408A797F300AEF29819A48898
:109F8000C6A39488F632DFF28393DB09D9F2AADF05
:109F9000D8D8AEF8F9D1DAF3A4DEA7F1889B7AD845
:109FA000F38494AE19F9DAAAF1DFD8A881C0C3C549
:109FB000C7A39283F628ADDED9F8D8A350ADD9F85F
:109FC000D8A378ADD9F8D8F8F9D1A1DADEC3C5C7DE
:109FD000D8A18194F818F2B089ACC3C5C7F1D8B83C
:109FE000B4B09786A8319B069907AB9728889BF059
:109FF0000C201440B0B4B8F0A88A9A285078B79BC7
:10A00000A8295179247059446938644831F1BBABAF
:10A0100088002C547CF0B38BB8A804285078F1B099
:10A0200088B49726A85998BBABB38B02264666B076
:10A03000B8F08A9CA82951798B2951798A247059C2
:10A040008B2058718A4469388B3940688A6448315A
:10A050008B30496088F1AC002C547CF08CA804282B
:10A060005078F1889726A85998AC8C02264666F05D
:10A07000899CA8295179247059446938644831A9C8
:10A080008809205970AB11384069A8193148608C93
:10A09000A83C415C207C00F187981986A86E767EEA
:10A0A000A999882D557DD8B1B5B9A3DFDFDFAED032
:10A0B000DFAAD0DEF2ABF8F9D9B087C4AAF1DFDFAE
:10A0C000BBAFDFDFB9D8B1F1A3978E60DFB084F208
:10A0D000C8F8F9D9DED89385F14AB183A308B583CE
:10A0E0009A0810B79F10D8F1B0BAAEB08AC2B2B613
:10A0F0008E9EF1FBD9F41DD8F9D90CF1D8F8F8AD42
:10A1000061D9AEFBD8F40CF1D8F8F8AD19D9AEFB93
:10A11000DFD8F416F1D8F8AD8D61D9F4F4ACF59C24
:10A120009C8DDF2BBAB6AEFAF8F40BD8F1AED0F8AE
:10A13000AD51DAAEFAF8F1D8B9B1B6A3839C08B93B
:10A14000B1839AB5AAC0FD3083B79F10B58B93F247
:10A150000202D1ABDADED8F1B080BAABC0C3B284B0
:10A16000C1C3D8B1B9F38BA391B609B4D9ABDEB0F2
:10A17000879CB9A3DDF1B38B8B8B8B8BB087A3A3AB
:10A18000A3A3B28BB69BF2A3A3A3A3A3A3A3A3A34E
:10A19000A3F1B087B59AA3F39BA3A3DCBAACDFB954
:10A1A000A3A3A3A3A3A3A3A3A3A3A3A3A3A3A3A37F
:10A1B000D8D8D8BBB3B7F1AAF9DAFFD9809AAA28C0
:10A1C000B48098A720B79787A86688F07951F19056
:10A1D0002C870CA781976293F07171608594012997
:10A1E000517990A5F1284C6C870C95188578A3833C
:10A1F00090284C6C886CD8F3A28200F210A89219B7
:10A2000080A2F2D926D8F188A84DD948D896A83985
:10A2100080D93CD89580A839A68698D92CDA87A70A
:10A220002CD8A8899519A980D938D8A88939A980A6
:10A23000DA3CD8A82EA83990D90CD8A8953198D94D
:10A240000CD8A809D9FFD801DAFFD89539A9DA26A0
:10A25000FFD890A80D8999A810809821DA2ED88966
:10A2600099A83180DA2ED8A886963180DA2ED8A81F
:10A27000873180DA2ED8A88292F34180F1D92ED886
:10A28000A882F31980F1D92ED882ACF3C0A2802223
:10A29000F1A62EA72EA92298A829DAACDEFFD8A213
:10A2A000F22AF1A92E8292A8F23180A696F1D90065
:10A2B000AC8C9C0C30ACDED0DEFFD88C9CACD010CB
:10A2C000ACDE8092A2F24C82A8F1CAF235F19688F7
:10A2D000A6D900D8F1FF0000555555555555C53F35
:10A2E0007D6FEB0312D6D4BF5544880E55C1C93FCC
:10A2F0003B8F68B52882A4BF88B20175E0EF493F63
:10A3000009F7FD0DE13D023F4B2D8A1C273A03C0A2
:10A31000C88A599CE52A004059018D1B6C06E6BF8E
:10A3200082922EB1C5B8B33F4FBB610567ACDD3F2C
:10A33000182D4454FB21E93F9BF681D20B73EF3F6C
:10A34000182D4454FB21F93FE2652F227F2B7A3CE4
:10A35000075C143326A6813CBDCBF07A8807703C9D
:10A36000075C143326A6913CC4EB98999999C9BF10
:10A37000711623FEC671BCBF6D9A74AFF2B0B3BF45
:10A380009AFDDE522DDEADBF2F6C6A2C44B4A2BF05
:10A390000D5555555555D53FFF8300922449C23F71
:10A3A0006E204CC5CD45B73F513DD0A0660DB13FA5
:10A3B000EB0D76244B7BA93F11DA22E33AAD903FB7
:10A3C0004C5555555555A53F7751C1166CC156BFD3
:10A3D0009015CB19A001FA3EAD529C804F7E92BEE3
:10A3E000C4B1B4BD9EEE213ED43888BEE9FAA8BD02
:10A3F000000000000000000000004054FB21F93F75
:10A400003163621A61B4D03D0000601A61B4D03D7E
:10A410007370032E8A19A33B0000002E8A19A33BF8
:10A42000C14920259A837B3900000000000000000C
:10A430006E83F9A22915444ED15727FCC0DD34F5AF
:10A44000999562DB4190433CAB6351FE61C5BBDE35
:10A450003A6E24B7E0D24D42EA2E49061C92D10949
:10A460001CEB1DFE3EA729B1F53582E88444BB2EC6
:10A4700026709CE9417E5FB439D69139F439538313
:10A480008B5F849C3B28F9BDFF97F81F0F9805DE72
:10A490008B112FEF1F6D0A5ACF7E366DB709CB2770
:10A4A000663F464F2DEA5F9EC7BA27757BF1E5EB05
:10A4B000F739073DEA92528AB15FFB6B085D8D1F49
:10A4C000A6F810111111813FD561C119A0012ABF51
:10A4D0007DFEB157E31DC73EEB9C2B8AE6E55ABED5
:10A4E0007CD5CF5A3AD9E53D2050726F64756374BC
:10A4F0002049442072656164206173203020696EB8
:10A500006469636174657320646576696365206955
:10A51000732065697468657220696E636F6D706120
:10A520007469626C65206F7220616E204D505533E6
:10A530003035302E0A00000058A500080000002029
:10A54000E8010000027F0008CCA50008E801002017
:10A5500088050000FC850008412D01020304041059
:10A5600009060708090204060884A24A0469183289
:10A57000FF290452010342803F234843280FC84269
:10A580009A99993FDA0FC93F9A99193E10E1A96843
:10A59000032E40411E2A438FC27554076890408F96
:10A5A000C2F53D0316881323200330096F12833A46
:10A5B000A69B443B07293F0AD7A33B01EB803F0CF6
:0CA5C000139C961B08900401205AB8243C
:04000005080000ED02
:00000001FF
