:020000040800F2
:10000000400700207D44000881310008833100084A
:10001000873100088B3100088F3100080000000094
:100020000000000000000000000000009331000804
:100030009531000800000000973100089931000850
:100040009744000897440008974400089744000824
:100050009744000897440008974400083743000875
:100060009744000897440008974400089744000804
:1000700097440008974400089744000897440008F4
:1000800097440008974400089744000897440008E4
:1000900097440008974400089744000897440008D4
:1000A00097440008994200089744000897440008C4
:1000B000974400082D2800083D28000897440008B0
:1000C00097440008974400089744000897440008A4
:1000D0009744000897440008974400089744000894
:1000E000974400089744000897440008DFF80CD0B4
:1000F00007F030FD00480047812600084007002037
:1001000031490143314A1160704770B50021002325
:100110000F22C47804B32D4C246804F4E064C4F5C1
:10012000E064210AC1F10403CA40447804FA03F1EF
:100130008478144021430901254C0678A1550478A0
:1001400004F01F050124AC4005786D11AD0005F1E8
:10015000E025C5F8004109E0047804F01F050124FA
:10016000AC401C4D0678761145F8264070BD1A4A01
:100170000A400243154B1B1F1A60704739B1134ADE
:10018000121D12680243114B1B1D1A6006E00F4A34
:10019000121D126882430D4B1B1D1A607047042804
:1001A00008D14FF0E021096941F004014FF0E0224D
:1001B000116107E04FF0E021096921F004014FF0DF
:1001C000E0221161704700000000FA050CED00E02C
:1001D00000E400E080E100E080FFFF1F00204449D0
:1001E0000860091D0860091D0860091D0860414874
:1001F0003F4914310860704700213D498279002A47
:100200003AD00A46126803689A430B461A600A1DE0
:10021000126803689A430B1D1A60027911440A6838
:1002200003681A430A60324A0832126803689A4324
:100230002F4B08331A601A1D126803689A432C4B1F
:100240000C331A604279102A0ED11A1F1268036803
:100250001A43274B08331A601A1D126803681A43A1
:10026000234B0C331A600DE02149427911440A688E
:1002700003681A430A6005E0027911440A680368BA
:100280009A430A6070470021016001710C2141719D
:100290000021817170471649103109680143144AE1
:1002A00010321160704701460020114A1432126862
:1002B0000A400AB1012000E0002070470C491431C7
:1002C00008607047014600200022094B1B6803EAC2
:1002D0000102074B14331B680B4013B10AB1012014
:1002E00000E00020704702491431086070470000A8
:1002F00000040140FFFF0F0010B50446CC488442C3
:1003000008D10121042000F02DFB0021042000F081
:1003100029FB46E0C748844208D10121082000F0AB
:1003200021FB0021082000F01DFB3AE0C248844276
:1003300008D10121102000F015FB0021102000F051
:1003400011FB2EE0BD48844208D10121202000F09D
:1003500009FB0021202000F005FB22E0B848844280
:1003600008D10121402000F0FDFA0021402000F0DA
:10037000F9FA16E0B348844208D10121802000F048
:10038000F1FA0021802000F0EDFA0AE0AE48844244
:1003900007D10121801500F0E5FA0021A01500F039
:1003A000E1FA10BD10B50121084600F0DBFA00218A
:1003B000012000F0D7FA10BD2DE9F04102460025DA
:1003C0000026002000230024002791F803C00CF031
:1003D0000F0591F803C00CF0100CBCF1000F03D016
:1003E00091F802C04CEA050591F800C0BCF1000F7D
:1003F00031D0146800202BE04FF0010C0CFA00F310
:10040000B1F800C00CEA03069E4220D183004FF0F1
:100410000F0C0CFA03F7BC4305FA03FC4CEA040486
:1004200091F803C0BCF1280F06D14FF0010C0CFA73
:1004300000FCC2F814C00AE091F803C0BCF1480FF8
:1004400005D14FF0010C0CFA00FCC2F810C0401CA2
:100450000828D1D31460B1F800C0BCF1FF0F34DD1F
:10046000546800202EE000F1080C4FF0010808FA53
:100470000CF3B1F800C00CEA03069E4221D18300C0
:100480004FF00F0C0CFA03F7BC4305FA03FC4CEADF
:10049000040491F803C0BCF1280F05D100F1080C49
:1004A00008FA0CF8C2F8148091F803C0BCF1480FA8
:1004B00007D100F1080C4FF0010808FA0CF8C2F857
:1004C0001080401C0828CED35460BDE8F0814FF660
:1004D000FF710180022181700421C17070470246C2
:1004E000002093680B400BB1012000E00020704712
:1004F0000146886880B2704702460020D3680B40EE
:100500000BB1012000E0002070470146C86880B2AE
:10051000704701617047416170470AB1016100E0B5
:1005200041617047C16070474FF480320A43826175
:100530008161826182698269704702460020434B73
:1005400018684FF68073184040EA021008433F4B8A
:10055000186070473E49C8617047F0B50A460023ED
:1005600000240021002500F00046B6F1004F02D122
:10057000364EF16901E0354E7168C0F3034583B230
:1005800000F44016B6F5401F08D121F070612F4EDF
:10059000766826F070662D4F7E6012E000F48016BB
:1005A000B6F5801F06D1032606FA05F4A14341F0F3
:1005B000706106E0460D360103FA06F6B14341F0DC
:1005C000706122B1460D360103FA06F6314300F0A0
:1005D0000046B6F1004F02D11C4EF16101E01B4E06
:1005E0007160F0BD30B500228B071C0F0F2303FA9A
:1005F00004F2164B08338C1053F824309343134CF9
:1006000008348D1044F8253023468C1053F82430DC
:100610008C07240F00FA04F423430C4C08348D108B
:1006200044F8253030BD0A49DC31086070470000CD
:1006300000080140000C014000100140001401407E
:1006400000180140001C0140002001400000014052
:1006500000002042DF48006840F00100DD490860EA
:1006600008464068DC490840DA49486008460068A6
:10067000DA490840D74908600846006820F480201D
:1006800008600846406820F4FE0048604FF41F00F0
:1006900088607047CF49096821F48031CD4A1160E4
:1006A0001146096821F480211160B0F5803F03D024
:1006B000B0F5802F0ED106E0C649096841F48031BB
:1006C000C44A116007E0C349096841F4A021C14A46
:1006D000116000E000BF00BF704710B50146002266
:1006E000002300204A11012A02D1BA4C236806E0F7
:1006F000022A02D1B74C236A01E0B64C636A01F0CA
:100700001F02012494401C400CB1012000E0002095
:1007100010BD38B5002000900024002500BF312016
:10072000FFF7DBFF05460098401C00900098B0F5ED
:10073000A06F01D0002DF2D03120FFF7CEFF08B11D
:10074000012400E00024204638BD01460020A14AD3
:10075000106820F0F80040EAC10010607047A0491E
:1007600008607047024600209A4B586820F47C10BD
:1007700042EA01031843974B58607047984908664E
:10078000704701460020934A506820F00300084358
:10079000506070478F48406800F00C007047014679
:1007A00000208C4A506820F0F000084350607047E9
:1007B00001460020874A506820F4E06008435060FA
:1007C000704701460020834A506820F4605040EA98
:1007D000C1005060704729B17E4A527A02437D4B76
:1007E0005A7204E07B4A527A82437A4B5A727047BB
:1007F0007B49D8310860704701460020754A50682F
:1008000020F440400843506070470021714A203274
:100810001170704A82F82010012802D004280AD1F1
:1008200004E001216B4A2032117005E00521694A7C
:100830002032117000E000BF00BF704769490860B6
:1008400070476449096A0143624A11627047654909
:1008500044390860704730B500210022002400238D
:100860005C4D6D6805F00C0121B1042905D0082903
:1008700023D105E05C4D056022E05B4D05601FE083
:10088000544D6D6805F47012524D6D6805F4803456
:10089000022505EB92421CB9544D554305600BE00F
:1008A0004C4D6D6805F400351DB1504D5543056044
:1008B00002E04D4D5543056002E04B4D056000BF21
:1008C00000BF444D6D6805F0F0010909484D6B5CAF
:1008D0000568DD4045603F4D6D6805F4E061090A3B
:1008E000434D6B5C4568DD4085603A4D6D6805F4AD
:1008F0006051C90A3E4D6B5C4568DD40C560354DB1
:100900006D6805F44041890B3A4D6B5CC568B5FBD9
:10091000F3F5056130BD29B12E4A526902432D4BD2
:100920005A6104E02B4A526982432A4B5A6170474C
:1009300029B1284A92690243264B9A6104E0254A6C
:1009400092698243234B9A61704729B1214AD26947
:100950000243204BDA6104E01E4AD26982431D4BF8
:10096000DA61704729B11B4AD2680243194BDA6039
:1009700004E0184AD2688243164BDA60704729B106
:10098000144A12690243134B1A6104E0114A1269B6
:100990008243104B1A617047124940390860704712
:1009A0000F49C86470470B49C87170470948406ACD
:1009B00040F0807007494862704701460020054AB0
:1009C00092680A400AB1012000E000207047014906
:1009D00088727047001002400000FFF8FFFFF6FE2B
:1009E000000042428004424200127A0000093D00A9
:1009F000000000201000002010B50446FE4884428C
:100A000008D10121C014FFF7ADFF0021E014FFF76A
:100A1000A9FFC4E0B4F1804F08D101210846FFF7D7
:100A2000AEFF00210120FFF7AAFFB8E0F34884429F
:100A300008D101210220FFF7A2FF00210220FFF7C9
:100A40009EFFACE0EE48844208D101210420FFF76C
:100A500096FF00210420FFF792FFA0E0E9488442BE
:100A600008D101210820FFF78AFF00210820FFF7A5
:100A700086FF94E0E448844208D101211020FFF76A
:100A80007EFF00211020FFF77AFF88E0DF488442D4
:100A900008D101212020FFF772FF00212020FFF75D
:100AA0006EFF7CE0DA48844208D101214014FFF750
:100AB00059FF00216014FFF755FF70E0D5488442CC
:100AC00009D10121C804FFF74DFF00214FF4002098
:100AD000FFF748FF63E0D048844209D101210805AF
:100AE000FFF740FF00214FF48010FFF73BFF56E077
:100AF000CA48844209D101214805FFF733FF00218C
:100B00004FF40010FFF72EFF49E0C548844208D19A
:100B100001214020FFF733FF00214020FFF72FFF86
:100B20003DE0C048844208D101218020FFF727FF23
:100B300000218020FFF723FF31E0BB48844208D129
:100B400001218015FFF71BFF0021A015FFF717FFFC
:100B500025E0B648844209D101210804FFF702FFCD
:100B600000214FF48030FFF7FDFE18E0B0488442CA
:100B700009D101214804FFF7F5FE00214FF40030B0
:100B8000FFF7F0FE0BE0AB48844208D10121880456
:100B9000FFF7E8FE00214FF48020FFF7E3FE10BDD1
:100BA00000220288944B98420ED0994B98420BD069
:100BB000B0F1804F08D0914B984205D0904B9842AD
:100BC00002D0904B984204D14FF68F731A404B8855
:100BD0001A438D4B984207D08C4B984204D04FF665
:100BE000FF431A40CB881A4302808B8883850B8889
:100BF0000385814B98420BD0854B984208D08B4B94
:100C0000984205D08A4B984202D08A4B984201D133
:100C10000B7A038601238382704770B5002400227B
:100C20000023058C4FF6FE7635400584028C8388C0
:100C3000048B4FF68F752C40B51E2C400D882C432D
:100C4000751E2A400D892A434D882A436A4DA842C1
:100C50000BD06F4DA84208D0744DA84205D0744DFA
:100C6000A84202D0734DA84213D14FF6F7752A401F
:100C70004D892A434FF6FB752A408D882A434FF64B
:100C8000FF652B404FF6FF552B408D892B43CD89B7
:100C90002B4383800483CD888586028470BD70B524
:100CA000002400220023058C4FF6EF7635400584A2
:100CB000028C8388048B48F6FF752C404FF6FF4565
:100CC0002C400D884FF6FF7606EA05252C434FF69B
:100CD000DF752A400D8906EA05152A434D8806EA84
:100CE00005152A43444DA84202D0494DA8421DD1C2
:100CF0004FF67F752A404D894FF6FF7606EA0515B7
:100D00002A434FF6BF752A408D8806EA05152A4307
:100D10004FF6FF352B404FF2FF752B408D8906EAC9
:100D200085052B43CD8906EA85052B438380048303
:100D3000CD880587028470BD70B500240022002391
:100D4000058C4FF6FF6635400584028C8388848BC2
:100D50004FF68F752C404FF6FC752C400D882C43B8
:100D60004FF6FF552A400D894FF6FF7606EA052516
:100D70002A434D8806EA05252A431F4DA84202D082
:100D8000234DA8421DD14FF2FF752A404D894FF6E1
:100D9000FF7606EA05252A434FF6FF352A408D885F
:100DA00006EA05252A434EF6FF752B404DF6FF75E2
:100DB0002B408D8906EA05152B43CD8906EA0515DA
:100DC0002B4383808483CD888587028470BD70B572
:100DD000002200230024058C4EF6FF763540058462
:100DE000038C8488828B48F6FF752A404FF6FF45B6
:100DF0002A400D8820E00000002C01400004004043
:100E000000080040000C00400010004000140040AA
:100E100000340140004C01400050014000540140AA
:100E200000180040001C004000200040004001402D
:100E300000440140004801404FF6FF7606EA0525D0
:100E40002A434DF6FF752B400D8906EA05352B43E5
:100E50004D8806EA05352B43FA4DA84202D0FA4DDB
:100E6000A84208D14BF6FF752C408D894FF6FF76CE
:100E700006EA85152C4384808283CD88A0F84050F3
:100E8000038470BD828B4FF2FF331A408283828BC2
:100E90004FF6FF7303EA01231A4382837047F0B5CC
:100EA0000C461546002200210026078C4EF6FF7CDA
:100EB00007EA0C070784828B018C4FF6FF7707EA5D
:100EC000043640F6FF473A404FF6FF7707EA05271A
:100ED0003A434FF6FF7707EA03373A43D94FB84210
:100EE0000ED0D94FB8420BD0B0F1804F08D0D74FB9
:100EF000B84205D0D64FB84202D0D64FB84206D13C
:100F00004DF6FF77394046F48057394305E047F600
:100F1000FF57394044F48057394382830184F0BD40
:100F2000828B4FF6F3731A408283828B0A4382834B
:100F30007047F0B50C461546002200210026078CAC
:100F40004FF6FF6C07EA0C070784828B018C4FF683
:100F5000FF7707EA04264FF60C773A404FF6FF7703
:100F600007EA03172F433A43B64FB8420ED0B64FA5
:100F7000B8420BD0B0F1804F08D0B44FB84205D082
:100F8000B34FB84202D0B34FB84206D14FF6FF5725
:100F9000394046F48077394305E04FF2FF57394036
:100FA00044F48077394382830184F0BD028B4FF291
:100FB000FF331A400283028B4FF6FF7303EA0123CB
:100FC0001A4302837047F0B50C46154600220021F3
:100FD0000026078C4FF6EF7C07EA0C070784028B8C
:100FE000018C4FF6FF7707EA041640F6FF473A40B8
:100FF0004FF6FF7707EA03373A434FF6FF7707EAE2
:1010000005273A438F4FB8420ED08F4FB8420BD0CE
:10101000B0F1804F08D08D4FB84205D08C4FB84208
:1010200002D08C4FB84206D14FF6DF77394046F0F8
:101030001007394305E04FF65F77394044F0100759
:10104000394302830184F0BD028B4FF6F3731A40DB
:101050000283028B0A4302837047F0B50C461546A3
:1010600000220021068C4FF6FE773E400684028B5C
:10107000018C4FF60C7632407E1C06EA03162E4396
:101080003243704EB0420ED06F4EB0420BD0B0F132
:10109000804F08D06D4EB04205D06D4EB04202D0A8
:1010A0006C4EB04206D14FF6FD76314044F0010659
:1010B000314305E04FF6F576314044F00106314307
:1010C00002830184F0BD70B505460C465D4885423B
:1010D0000ED05D4885420BD0B5F1804F08D05B48FB
:1010E000854205D05A48854202D05A48854200D1EF
:1010F00000E000BF208850B92389A2886188284673
:10110000FFF7ABFFE1882846FFF79EFF25E0208828
:1011100004280AD12389A28861882846FFF753FF53
:10112000E1882846FFF742FF17E0208808280AD107
:101130002389A28861882846FFF7FBFEE1882846BC
:10114000FFF7EEFE09E02389A28861882846FFF7B1
:10115000A6FEE1882846FFF795FE70BD2DE9F04117
:1011600005460C4600260127608808B9022600E0E3
:101170000026A088012801D1022700E0012720884D
:10118000A0B92389A28861882846FFF766FFE18815
:101190002846FFF759FF23893A4631462846FFF78C
:1011A00012FFE1882846FFF701FF13E02389A28898
:1011B00061882846FFF707FFE1882846FFF7F6FE1B
:1011C00023893A4631462846FFF747FFE1882846FB
:1011D000FFF73AFFBDE8F0810A884B881A438B88F5
:1011E0001A43CB881A430B891A434B891A438B89BC
:1011F0001A43A0F8442070474FF6FF718180002108
:101200000180C180418001727047002101804180CE
:101210008180C180018141818181C181704700212C
:1012200001804180012181800021C18001817047BE
:101230000021018041808180C180018141818181C3
:1012400070470000002C01400034014000040040C1
:1012500000080040000C004021B1028842F0010269
:10126000028004E002884FF6FE731A400280704745
:1012700031B1B0F8442042F40042A0F8442005E027
:10128000B0F84420C2F30E02A0F8442070471AB10F
:1012900083890B43838102E083898B438381704779
:1012A0008182704741EA0203A0F8483070471AB1C2
:1012B00083890B43838102E083898B438381704759
:1012C00001894FF6F8721140018170470A460021EA
:1012D00001894FF68F73194011430181704730B572
:1012E00004460D4629462046FFF7F0FF208940F0CE
:1012F0000700208130BD2DE9F04104460D46164619
:101300001F46602D06D13B46012231462046FFF79D
:101310005AFE05E03B46012231462046FFF79DFE7E
:1013200029462046FFF7D2FF208940F007002081A0
:10133000BDE8F08130B50C4600210189C9B24FF6F5
:10134000FF7505EA0325154325432943018130BD77
:101350002DE9F04105460E461746984600244346BF
:101360003A4631462846FFF7E5FF2C894FF6F870DC
:10137000044044F007044FF68F70044044F07004BA
:101380002C81BDE8F081F0B504460D4616461F4697
:101390003B46324629462046FFF7CCFF208940F4E1
:1013A00080402081F0BD0185828270470A4600217D
:1013B00001884FF68F731940114301807047F0B5D3
:1013C0000C4615461E460021002200230189028B8F
:1013D000038C4FF6F877394021434FF6FC473A40EB
:1013E00040F201173A434FF6DD773B404FF6FF7767
:1013F00007EA06172F433B43018102830384F0BDB4
:101400000A460021018B4FF68F7319401143018367
:1014100070470A460021018B48F6FF7319404FF6CA
:10142000FF7303EA02231943018370470A46002130
:10143000818B4FF68F7319401143818370470A46A1
:101440000021818B48F6FF7319404FF6FF7303EAC2
:10145000022319438183704721B1028842F0800240
:10146000028004E002884FF67F731A4002807047C2
:1014700021B1828842F00402828004E082884FF623
:10148000FB731A408280704721B1828842F00802C3
:10149000828004E082884FF6F7731A40828070479A
:1014A00021B1828842F00102828004E082884FF6F6
:1014B000FE731A40828070470A460021018B4FF666
:1014C000F77319401143018370470A460021018BCD
:1014D0004FF2FF7319404FF6FF7303EA02231943DB
:1014E000018370470A460021818B4FF6F77319403C
:1014F0001143818370470A460021818B4FF2FF73AD
:1015000019404FF6FF7303EA0223194381837047A2
:101510000A460021018B4FF6FB73194011430183EA
:1015200070470A460021018B4FF6FF3319404FF6F2
:10153000FF7303EA02231943018370470A4600211F
:10154000818B4FF6FB7319401143818370470A4624
:101550000021818B4FF6FF3319404FF6FF7303EAEA
:1015600002231943818370470A460021018B4FF6FD
:101570007F7319401143018370470A460021018B94
:10158000C1F30E014FF6FF7303EA022319430183EF
:1015900070470A460021818B4FF67F731940114333
:1015A000818370470A460021818BC1F30E014FF6FB
:1015B000FF7303EA02231943818370470A4600211F
:1015C000018C4FF6FD7319401143018470470A46A0
:1015D0000021018C4FF6F7731940114301847047C5
:1015E0000A460021018C4FF6DF7319404FF6FF7356
:1015F00003EA02131943018470470A460021018C53
:101600004FF67F7319404FF6FF7303EA0213194335
:10161000018470470A460021018C4FF6FF531940A0
:101620004FF6FF7303EA02231943018470470A4609
:101630000021018C4FF2FF7319404FF6FF7303EA4C
:1016400002231943018470470A460021018C4DF69C
:10165000FF7319404FF6FF7303EA02331943018405
:10166000704730B5002301248C40A3B2048C9C4306
:101670000484048C02FA01F5ADB22C43048430BD1D
:1016800030B5002304248C40A3B2048C9C43048412
:10169000048C02FA01F5ADB22C43048430BD70B560
:1016A0000346002000241846183001258D40ACB2B6
:1016B0001D8CA5431D8409B1082909D100EB6100E7
:1016C000056825F0700505600568154305600EE0A6
:1016D0000D1FC5F34E052844056825F4E045056057
:1016E00005684FF6FF7606EA02263543056070BDB1
:1016F00021B1028842F00202028004E002884FF623
:10170000FD731A400280704721B1028842F0040242
:10171000028004E002884FF6FB731A400280704793
:1017200021B1828842F08002828004E082884FF6F4
:101730007F731A408280704702884FF6F7731A4011
:10174000028002880A430280704782884FF68F73B6
:101750001A40828082880A438280704702894FF64D
:10176000F8731A40028102890A4302817047028994
:101770004FF67F731A40028102890A430281704743
:1017800081847047818570478186704701877047E3
:1017900081877047A0F84010704702884FF6FF43DA
:1017A0001A40028002880A43028070470146888EF0
:1017B00070470146088F70470146888F7047014681
:1017C000B1F8400070470146888C70470146088D8B
:1017D000704702460020138A0B400BB1012000E045
:1017E00000207047CA430282704730B5024600208D
:1017F00000230024158A05EA0103958905EA0104FE
:1018000013B10CB1012000E0002030BDCA430282B8
:101810007047000010B50446FB48844209D10121FD
:101820008803FFF79FF800214FF48040FFF79AF8F4
:1018300032E0F648844209D101214804FFF79FF8BD
:1018400000214FF40030FFF79AF825E0F048844279
:1018500009D101218804FFF792F800214FF480207C
:10186000FFF78DF818E0EB48844209D10121C80444
:10187000FFF785F800214FF40020FFF780F80BE018
:10188000E548844208D101210805FFF778F80021D6
:101890004FF48010FFF773F810BD2DE9F04786B0C4
:1018A00005460E460024A24600BFA1460027B08987
:1018B00000B100BF2F462C8A4CF6FF700440F08820
:1018C00004432C82AC894EF6F3100440B088318971
:1018D0000843718908430443AC81AC8A4FF6FF404A
:1018E0000440B0890443AC8201A8FEF7B4FFC648A7
:1018F000874202D1DDF810A001E0DDF80CA0A88934
:1019000000F4004040B10AEBCA0000EB0A10316855
:101910004900B0FBF1F807E00AEBCA0000EB0A103F
:1019200031688900B0FBF1F86420B8FBF0F00401E5
:101930002009642101FB1089A88900F4004040B10E
:10194000322000EBC900B0FBF1F000F007000443C7
:1019500008E0322000EB09106421B0FBF1F000F048
:101960000F0004432C8106B0BDE8F0874FF41651F8
:10197000016000218180C18001810C214181002111
:101980008181704710B502460020108A4FF2FF0394
:1019900018400B884C8823438C882343CC882343EE
:1019A0001843108210BD0021018041808180C180D8
:1019B000704721B1828942F40052828104E0828919
:1019C0004DF6FF731A4082817047F0B5034600243C
:1019D00000260025002040F66A17B94200D100BF5A
:1019E0001846C1F3421401F01F06012707FA06F555
:1019F000012C01D10C3004E0022C01D1103000E0A8
:101A000014301AB107682F43076002E00768AF433C
:101A10000760F0BD1AB1838A0B43838202E0838A98
:101A20008B4383827047028A4FF6F0731A4002821A
:101A3000028A0A430282704782894FF2FF731A407A
:101A4000828182890A438281704721B1828942F072
:101A50000202828104E082894FF6FD731A4082817E
:101A60007047028A4FF6DF731A400282028A0A43E5
:101A70000282704721B1028A42F48042028204E06D
:101A8000028A4BF6FF731A4002827047C1F30802C4
:101A90008280704701468888C0F3080070478189BA
:101AA00041F0010181817047028BD2B20283028B27
:101AB00042EA012202837047028B02F47F420283D2
:101AC000028B0A430283704721B1828A42F02002CE
:101AD000828204E0828A4FF6DF731A408282704766
:101AE00021B1828A42F01002828204E0828A4FF69B
:101AF000EF731A408282704721B1828A42F0080255
:101B0000828204E0828A4FF6F7731A40828270471D
:101B100021B1828942F40042828103E08289C2F3CA
:101B20000E028281704721B1828A42F40062828271
:101B300004E0828A4FF2FF731A4082827047828AE1
:101B40004FF6FB731A408282828A0A438282704770
:101B500021B1828A42F00202828204E0828A4FF638
:101B6000FD731A408282704702460020B1F5007F63
:101B700000D100BF13880B400BB1012000E0002012
:101B8000704701F40072B2F5007F00D100BFCA4374
:101B90000280704770B50246002400230025002013
:101BA00040F66A16B14200D100BFC1F3421501F000
:101BB0001F03012606FA03F3012D02D19689334053
:101BC00006E0022D02D1168A334001E0968A3340A6
:101BD0000C12012606FA04F41688344013B10CB135
:101BE000012000E0002070BD10B50022002340F667
:101BF0006A14A14200D100BF0A1201249440A3B28A
:101C0000DC43048010BD0000003801400044004067
:101C100000480040004C00400050004010B5044611
:101C2000FA48844208D101214015FEF79BFE0021AD
:101C30006015FEF797FE17E0F548844208D10121B0
:101C40000015FEF78FFE00212015FEF78BFE0BE03E
:101C5000F048844208D10121C803FEF783FE002129
:101C60004FF40040FEF77EFE10BD30B50246002066
:101C700000235068E84C20400D790C6844EA0524A4
:101C8000204350609068E54C2040D1E902542C4339
:101C90004D7944EA450420439060D06A20F47000F6
:101CA0000C7C641EE4B2234340EA0350D06230BD92
:101CB00000210160017141718160C16001210174E5
:101CC000704721B1826842F00102826003E08268BD
:101CD00022F001028260704721B1826842F4807272
:101CE000826003E0826822F480728260704710B5DF
:101CF0000023CBB21AB144681C43446002E044683C
:101D00009C43446010BD816841F0080181607047C8
:101D1000014600208A6802F008020AB1012000E0B2
:101D200000207047816841F00401816070470146DE
:101D300000208A6802F004020AB1012000E00020BD
:101D4000704721B1826842F4A002826003E0826899
:101D500022F4A00282607047014600208A6802F4E3
:101D600080020AB1012000E00020704710B50A4649
:101D700000210023416821F46041531E41EA4331B0
:101D8000416010BD21B1426842F40062426003E04C
:101D9000426822F4006242607047F0B504460D4686
:101DA00000200021092D11DDE068A5F10A0606EBEF
:101DB0004607072606FA07F18843A5F10A0606EB4F
:101DC000460603FA06F10843E0600CE0206905EBE3
:101DD0004507072606FA07F1884305EB450603FA8F
:101DE00006F108432061072A0FDA606B561E06EBE6
:101DF00086071F2606FA07F18843561E06EB86065D
:101E000005FA06F10843606322E00D2A0FDA206B21
:101E1000D61F06EB86071F2606FA07F18843D61F52
:101E200006EB860605FA06F10843206310E0E06A37
:101E3000A2F10D0606EB86071F2606FA07F1884376
:101E4000A2F10D0606EB860605FA06F10843E062EC
:101E5000F0BD21B1826842F48012826003E08268A2
:101E600022F48012826070470146C86C80B27047CD
:101E700066484C300068704721B1426842F4806285
:101E8000426003E0426822F480624260704721B100
:101E9000426842F48052426003E0426822F4805279
:101EA000426070470A460021816821F4E0411143F5
:101EB0008160704721B1826842F40042826003E091
:101EC000826822F400428260704721B1826842F445
:101ED0000212826003E0826822F40212826070477C
:101EE000014600208A6802F400120AB1012000E0D5
:101EF00000207047F0B50446154600200022002659
:101F0000092911DDE068A1F10A0707EB470C072753
:101F100007FA0CF29043A1F10A0707EB470703FA0F
:101F200007F21043E0600CE0206901EB410C072749
:101F300007FA0CF2904301EB410703FA07F2104352
:101F40002061A06BC0F30156EF1C06F1010CA7EB5A
:101F50000C0707EB870C1F2707FA0CF29043EF1CC6
:101F600006F1010CA7EB0C0707EB870701FA07F254
:101F70001043A063F0BD10B50A4600210023816B19
:101F800021F44011531E41EA0351816310BD08B58D
:101F9000002300930090009B0B440093009B1A6069
:101FA00008BD08B5024600200090009201F128000B
:101FB000009B184400900098006880B208BD0A4653
:101FC00000214168164B194011434160704741623E
:101FD000826270470A460021416821F01F011143C7
:101FE0004160704740B109490831096841F4000176
:101FF000064A0832116007E004490831096821F4F3
:102000000001024A083211607047000000240140BC
:1020100000280140003C0140FFFEF0FFFDF7F1FF0A
:10202000FFFD3FFF0246002013680B400BB101206B
:1020300000E000207047CA430260704770B5024656
:102040000020002300240B125568CEB205EA0604D6
:1020500015681D4015B10CB1012000E0002070BDD5
:1020600000220A12D3430360704700000CB5002021
:10207000019000906C48006840F480306A49086024
:1020800000BF6948006800F4003000900198401CCF
:102090000190009818B90198B0F5A06FF1D162488D
:1020A000006800F4003010B10120009001E0002031
:1020B00000900098012843D15C48006840F010006F
:1020C0005A4908600846006820F003000860084686
:1020D000006840F002000860534840685249486078
:1020E0000846406848600846406840F480604860A0
:1020F0000846406820F47C1048600846406840F478
:10210000E81048600846006840F08070086000BF32
:102110004548006800F000700028F9D04248406847
:1021200020F00300404948600846406840F0020043
:10213000486000BF3C48406800F00C000828F9D116
:102140000CBD10B5FFF792FF10BD10B53648006802
:1021500040F00100344908600846406834490840AE
:102160003149486008460068324908402E490860F5
:102170000846006820F4802008600846406820F483
:10218000FE0048604FF41F008860FFF7DAFF4FF051
:1021900000602949086010BD10B500210020002210
:1021A000214B5B6803F00C0121B1042906D00829FA
:1021B00028D107E0214B224C236027E01F4B204C05
:1021C000236023E0184B5B6803F47010164B5B68C8
:1021D00003F48032022303EB904022B9194B4343AE
:1021E000174C23600DE0104B5B6803F4003323B100
:1021F000144B4343124C236003E0104B4343104CF9
:10220000236003E00D4B0E4C236000BF00BF064B64
:102210005B68C3F303130C4CE15C094B1B68CB40B8
:10222000074C236010BD0000001002400020024057
:102230000000FFF8FFFFF6FE08ED00E000127A0054
:102240001400002000093D0018000020014605E0B0
:10225000002001E0421CD0B20A28FBDB0A1EA1F1DB
:102260000101F5D1704710B5044603E04FF47A70D0
:10227000FFF7ECFF201EA4F10104F7D110BD704759
:1022800008B50720009002E00098401E00900098DA
:102290000028F9D108BD10B54FF40070E649086078
:1022A00040100860FFF7ECFFE3480838006808B901
:1022B000012000E0002000F4007008B1002010BDF3
:1022C0004FF40070DC49091D0860FFF7D9FFDA48B8
:1022D0000838006800F4007008B10020EFE74FF400
:1022E0000070D549091D0860FFF7CAFF0120E6E725
:1022F00010B54FF48070D049091D0860FFF7C0FF8A
:102300004FF40070CC49091D0860FFF7B9FF4FF486
:102310008070C9490860FFF7B3FF4FF40070C649E9
:102320000860FFF7ADFF10BD10B54FF48070C249D3
:10233000091D0860FFF7A4FF4FF40070BE49091D96
:102340000860FFF79DFF4FF48070BB490860FFF7FE
:1023500097FF4FF48070B849091D0860FFF790FFA0
:1023600010BD10B54FF48070B349091D0860FFF728
:1023700087FF4FF40070B0490860FFF781FF4FF40A
:102380008070AD490860FFF77BFF4FF48070AA4969
:10239000091D0860FFF774FF10BD10B54FF4807081
:1023A000A549091D0860FFF76BFF4FF40070A249B3
:1023B0000860FFF765FF4FF480709F490860FFF7E2
:1023C0005FFF9D480838006800F4007030B14FF49A
:1023D00080709949091D0860002010BD4FF480707D
:1023E0009549091D08600120F7E770B504460825E6
:1023F0001DE04FF480709049091D0860FFF740FF11
:1024000004F0800020B14FF400708B49086004E0B4
:102410004FF400708849091D08606006040EFFF73C
:102420002FFF4FF4807084490860FFF729FF281EB2
:10243000A5F10101CDB2DCD14FF480707E49091DB8
:10244000086070BD70B508250024A8017A490860AD
:1024500016E06006040E4FF480707749091D08608D
:10246000FFF70EFF4FF4807073490860FFF708FF15
:1024700071480838006800F4007008B144F00104A5
:10248000281EA5F10101CDB2E3D14FF480706A4955
:10249000091D0860204670BD08B501210820FEF71F
:1024A00047FA4FF44070ADF8000002208DF80200AA
:1024B00014208DF8030069465F481038FDF77CFF53
:1024C00008BD2DE9F04105460E4617469846FFF730
:1024D000E2FE10B90020BDE8F081002141EA45018B
:1024E000C8B2FFF782FFFFF758FF18B9FFF700FFE8
:1024F0000020F0E73046FFF778FFFFF74EFF00249B
:102500000BE018F80400FFF770FFFFF746FF18B95B
:10251000FFF7EEFE0020DEE7641CBC42F1DBFFF7B4
:10252000E7FE0120D7E72DE9F04104460D461646A7
:102530001F463B46324629462046FFF7C2FF10B1F0
:102540000020BDE8F0814FF0FF30FAE72DE9F041BF
:1025500005460F4614461E46FFF79DFE10B90020A3
:10256000BDE8F081002141EA4501C8B2FFF73DFF17
:10257000FFF713FF18B9FFF7BBFE0020F0E738465E
:10258000FFF733FFFFF709FFFFF785FE012101EB9E
:102590004501C8B2FFF729FFFFF7FFFE0CE0FFF788
:1025A00051FF3070012C02D1FFF7DBFE01E0FFF795
:1025B000BBFE761C601EC4B2002CF0D1FFF798FE63
:1025C0000120CDE72DE9F04104460D4616461F4691
:1025D0003B46324629462046FFF7B8FF10B100209F
:1025E000BDE8F0814FF0FF30FAE770B504460D46C4
:1025F0001646FFF750FE08B9002070BD002141EAE1
:102600004401C8B2FFF7F1FEFFF7C7FE18B9FFF7A4
:102610006FFE0020F1E72846FFF7E7FEFFF7BDFE5B
:102620003046FFF7E2FEFFF7B8FEFFF761FE01203C
:10263000E3E7002070470000100C014008B50121BD
:102640001120FEF775F901210B48FDF786FF4FF4C5
:10265000C040ADF8000003208DF8020010208DF876
:10266000030069460548FDF7A7FE4FF4C041034843
:10267000FDF74FFF08BD00000002300000100140D0
:10268000FFF763FD41F61F4141F2883001F0D6FDAE
:1026900001F010FE01F040FC00F0C2F800F024F858
:1026A000FFF7CCFF01F08CFE00F0D0F800F037F916
:1026B000FFF7F2FE0A2000F00FFE00F043FA00F0F0
:1026C000B3FD00F019FE4FF0E020006940F001007A
:1026D0004FF0E021086105E000F0A4FA01F0D3FB1F
:1026E00001F0B7FBF8E7000008B501210820FEF76C
:1026F0001FF94FF47040ADF8000010208DF8030072
:1027000003208DF802006946FE48FDF755FE4FF4A0
:102710007041FC48FDF7FDFE08BD08B501210846E3
:10272000FEF713F901210420FEF702F90C20ADF8A1
:10273000000018208DF8030003208DF80200694680
:10274000F148FDF739FE08BD30B587B000250024FB
:1027500040F2E730ADF814000020ADF81000ADF8FD
:102760001600ADF8120004A94FF08040FEF718FAE9
:102770006020ADF800000120ADF80200ADF8065071
:102780000020ADF8080069464FF08040FEF7D4FA0B
:102790000821C806FEF7A6FE0120ADF80200ADF83C
:1027A00006400020ADF8080069464FF08040FEF773
:1027B0000EFB0821C806FEF79EFE01218807FEF7E2
:1027C0004BFE01218807FEF747FD07B030BD2DE91C
:1027D000FF4104460D4627462E466020ADF8000016
:1027E0000120ADF80200ADF806700020ADF8080039
:1027F00069464FF08040FEF79FFA0821C806FEF7B1
:1028000071FE0120ADF80200ADF806606946800750
:10281000FEF7DDFA0821C806FEF76DFEBDE8FF8170
:1028200010B5FFF77AFFFFF78FFF10BDB749088893
:10283000098821F00101B54A11807047B449088820
:10284000098821F00101B24A1180704700B589B0B2
:1028500001210220FEF779F801210420FEF768F833
:1028600001A8FDF734FEC020ADF8040004208DF867
:10287000070003208DF8060001A9A348FDF79CFD81
:102880004FF4A060FDF73CFC1D208DF808000120EE
:102890008DF8090003208DF80A0001208DF80B0047
:1028A00002A8FDF732FC99481038FEF7A5F806A8F3
:1028B000FEF7A2FC0020ADF818004FF6FF70ADF84F
:1028C0001C000020ADF81E00ADF81A0006A98F48C4
:1028D0001038FEF765F90A231A4603218B48103891
:1028E000FEF76DFD03A8FEF79AFC0620ADF8140074
:1028F00003A986481038FEF7E6FB0121834810380B
:10290000FEF770FF0122114680481038FEF7BFFC29
:1029100001217E481038FEF79FFC09B000BD00B5CC
:1029200089B001210420FEF710F801210820FDF7ED
:10293000FFFF01A8FDF7CBFDC020ADF80400042087
:102940008DF8070003208DF8060001A96D48FDF7FA
:1029500033FD4FF4A060FDF7D3FB1E208DF8080077
:1029600001208DF8090003208DF80A0001208DF860
:102970000B0002A8FDF7C9FB65481038FEF73CF8CC
:1029800006A8FEF739FC0020ADF818004FF6FF70DE
:10299000ADF81C000020ADF81E00ADF81A0006A925
:1029A0005B481038FEF7FCF80A231A460321584802
:1029B0001038FEF704FD03A8FEF731FC0620ADF841
:1029C000140003A952481038FEF77DFB012150483E
:1029D0001038FEF707FF012211464D481038FEF768
:1029E00056FC01214A481038FEF736FC09B000BDFC
:1029F00000B585B001210420FDF79AFF01210220D6
:102A0000FDF7A3FF8020ADF8100004208DF813001F
:102A100003208DF8120004A93B48FDF7CDFC4FF4CC
:102A2000A060FDF76DFB1D208DF8000001208DF8E2
:102A3000010003208DF8020001208DF80300684694
:102A4000FDF763FB31481038FDF7D6FF4FF6FF70F6
:102A5000ADF808000020ADF80400ADF80A00ADF8AC
:102A6000060001A929481038FEF79AF800231A46F3
:102A7000602126481038FEF73EFC0021234810381C
:102A8000FEF77EFE012121481038FEF7E5FB05B078
:102A900000BD00B585B001210820FDF749FF0121E7
:102AA0000420FDF752FF8020ADF8100004208DF8BF
:102AB000130003208DF8120004A91248FDF77CFCD6
:102AC0004FF4A060FDF71CFB1E208DF800000120D4
:102AD0008DF8010003208DF8020001208DF803001D
:102AE0006846FDF712FB0A481038FDF785FF4FF6E0
:102AF000FF70ADF808000020ADF80400ADF80A0042
:102B000008E00000000C01400008014010040040F3
:102B100010080040ADF8060001A90948FEF740F88A
:102B200000231A4660210648FEF7E5FB0021044811
:102B3000FEF726FE01210248FEF78EFB05B000BD20
:102B40000008004070B5002402F005F90446002C8E
:102B500060D17CA001F05DFB782001F05EFD18B92A
:102B600081A001F056FB02E087A001F052FB782023
:102B700001F040FF18B98FA001F04BFB02E096A0D6
:102B800001F047FB642002F016F818B99EA001F08E
:102B900040FB02E0A6A001F03CFB03F0CDFB18B91E
:102BA000ACA001F036FB02E0B7A001F032FBC54853
:102BB00004F09EFA054603F0C9FB18B9C2A001F063
:102BC00028FB02E0CAA001F024FB40F2731003F0DE
:102BD000FEFF18B9D2A001F01CFB02E0D9A001F061
:102BE00018FB642003F06CFD18B9E2A001F011FBA2
:102BF00002E0E9A001F00DFB04F08EFA012003F0E1
:102C0000E1F818B9EFA001F004FB0AE0F6A001F02A
:102C100000FB06E04FF40051FE48FDF77CFC00BFCE
:102C2000FEE770BD2DE9F04F89B0FB48FB49FC4B36
:102C3000FC4ACDE90010FC49FC4804F027F9F748AC
:102C4000008800F4807000287AD0F649086804F003
:102C500095FD04464FF09D4104F0CAFBF44908601D
:102C6000F049486804F08AFD04464FF09D4104F0A5
:102C7000BFFBF0490860EB49886804F07FFD04461B
:102C80004FF09D4104F0B4FBEB490860E549C8688A
:102C900004F074FD04464FF09D4104F0A9FBE749A0
:102CA0000860E34801684FF0804004F06FFB069035
:102CB000E1480168069804F069FB8246DD48016836
:102CC0004FF0404004F062FB0690DC480168069833
:102CD00004F05CFB8346514604F000FB079004F0CF
:102CE00099FD064605F0D8FC80464FF06632D44B7D
:102CF00004F063FC044604F0B9FDD2490860CE48F4
:102D000001684FF0804004F041FB0390CA4801681D
:102D1000039804F03BFB8246C64801684FF04040F0
:102D200004F034FB0390C3480168039804F02EFBC1
:102D30008346514604F024FB81464FF07E5183E1E7
:102D40000CE200006D707520696E697469616C69D0
:102D50007A6174696F6E20636F6D706C6574652E37
:102D60002E2E2E2E2E0A20006D70755F7365745FF7
:102D700073656E736F7220636F6D706C6574652020
:102D80002E2E2E2E2E2E0A006D70755F7365745FC9
:102D900073656E736F7220636F6D65206163726F10
:102DA0007373206572726F72202E2E2E2E2E2E0AB5
:102DB000000000006D70755F636F6E666967757205
:102DC000655F6669666F20636F6D706C6574652002
:102DD0002E2E2E2E2E2E0A006D70755F636F6E667E
:102DE00069677572655F6669666F20636F6D6520E0
:102DF0006163726F7373206572726F72202E2E2E54
:102E00002E2E2E0A000000006D70755F7365745FD2
:102E100073616D706C655F7261746520636F6D7056
:102E20006C657465202E2E2E2E2E2E0A00000000BA
:102E30006D70755F7365745F73616D706C655F72E3
:102E4000617465206572726F72202E2E2E2E2E2ECA
:102E50000A000000646D705F6C6F61645F6D6F7479
:102E6000696F6E5F6472697665725F6669726D77AD
:102E700061726520636F6D706C657465202E2E2EF7
:102E80002E2E2E0A00000000646D705F6C6F61646E
:102E90005F6D6F74696F6E5F6472697665725F668D
:102EA00069726D7761726520636F6D652061637211
:102EB0006F7373206572726F72202E2E2E2E2E2E3F
:102EC0000A00000028000020646D705F7365745F65
:102ED0006F7269656E746174696F6E20636F6D7077
:102EE0006C657465202E2E2E2E2E2E0A00000000FA
:102EF000646D705F7365745F6F7269656E74617421
:102F0000696F6E20636F6D65206163726F737320EC
:102F10006572726F72202E2E2E2E2E2E0A00000049
:102F2000646D705F656E61626C655F666561747526
:102F3000726520636F6D706C657465202E2E2E2E69
:102F40002E2E0A00646D705F656E61626C655F664F
:102F500065617475726520636F6D65206163726F62
:102F60007373206572726F72202E2E2E2E2E2E0AF3
:102F700000000000646D705F7365745F6669666F62
:102F80005F7261746520636F6D706C657465202E6F
:102F90002E2E2E2E2E0A0000646D705F7365745FF6
:102FA0006669666F5F7261746520636F6D6520612D
:102FB00063726F7373206572726F72202E2E2E2EC5
:102FC0002E2E0A006D70755F7365745F646D705F9F
:102FD000737461746520636F6D706C657465202E09
:102FE0002E2E2E2E2E0A00006D70755F7365745F95
:102FF000646D705F737461746520636F6D652061CB
:1030000063726F7373206572726F72202E2E2E2E74
:103010002E2E0A00001001406200002060000020F7
:1030200050000020B80100205A0000205400002069
:1030300034000020380000203C0000204000002028
:1030400066A64C404400002004F048F9044604F011
:10305000E1FBCDE90401434801684FF0804004F0F2
:1030600095F9834640480168584604F08FF9814637
:103070003E4801684FF0804004F088F983463C48A0
:103080000168584604F082F98246494604F026F960
:10309000044604F0BFFB0746DDE9042305F044FDC8
:1030A0004FF06632334BCDE9060104F086FA05464F
:1030B00004F0DCFB304908602D480168006804F02A
:1030C00065F9039029480168006804F05FF90290EF
:1030D00025480168006804F059F9834621480168D1
:1030E000006804F053F95946019004F0F7F882465D
:1030F000029904F045F98146039904F041F9044628
:1031000004F088FBCDE904011948016815480068FE
:1031100004F03CF98246154801681348006804F041
:1031200035F98346514604F0D9F881464FF0804185
:1031300004F02CF9044604F06DFB0746DDE9042396
:1031400005F0F2FC4FF066320A4BCDE9060104F0BF
:1031500034FA054604F08AFB0849086009B0BDE866
:10316000F08F000034000020380000203C000020D8
:103170004000002066A64C40480000204C00002083
:10318000704700BFFEE700BFFEE700BFFEE700BFDD
:10319000FEE770477047704710B51D480078401C27
:1031A0001B4908701B480078401C1A4908701A48CF
:1031B0000078401C1849087000F0F4FA17480078AD
:1031C000401C1649087016480078401C14490870C5
:1031D00014480078401C134908700E4800780228F3
:1031E00006DB01F0D8F800F012FC00200949087055
:1031F00009480078082806DB00F001FB002006499A
:1032000008700649087000F0FFF800F01BFA10BDC6
:103210007000002075000020710000207200002066
:10322000730000207400002030B527480068C822D1
:10323000B0FBF2F1B1F1807F01D301201DE021F05C
:103240007F40401E4FF0E022506150170F220028AF
:1032500007DA13071D0E1D4B00F00F04241F1D5528
:1032600003E013071C0E1A4B1C5400BF00204FF044
:10327000E022906107201061002008B100BFFEE746
:103280004FF0E020006920F001004FF0E0210861DC
:1032900030BD01B50F49009808604FF0E02000698B
:1032A00040F001004FF0E021086100BF09480068CC
:1032B0000028FBD108BD0748006820B10548006818
:1032C000401E0449086070471400002018ED00E01B
:1032D00000E400E064000020002107E042F6E06125
:1032E00000BF0A1EA1F1010399B2FAD1021EA0F19A
:1032F000010398B2F2D170470020F8490880F849DC
:103300000880F8490860F8490860F8490860F849F9
:103310000860F8490860F8490860F8490860F84909
:103320000860F8490860F8490860F8490860F849F9
:103330000860F8490860F8490860F8490860F849E9
:103340000860F8490860F8490870F8490870F849B9
:103350000870F849086070472DE9F041F6480068A8
:1033600004F058FA0446F548D0E900633246204696
:1033700004F064FA07D0F148D0E90021104604F0C7
:1033800075FAED490860EE48006804F043FA044617
:10339000EA48D0E902633246204604F04FFA07D0EB
:1033A000E649D1E90221104604F060FAE4490860D8
:1033B000E448006804F02EFA0446E048D0E90463CB
:1033C0003246204604F03AFA07D0DC48D0E904211E
:1033D000104604F04BFADB490860DB48006804F053
:1033E00019FA0446D548D0E906633246204604F06F
:1033F00025FA07D0D148D0E90621104604F036FA64
:10340000D1490860BDE8F0812DE9F041CF4800685E
:10341000012810D10020C8490860CD48006804F098
:10342000BBF906460022CB4B04F0C7F8044604F073
:103430001DFAC1490860C5480068022812D1002061
:10344000BF490860C4490968A1F1400004F0A4F92B
:1034500006460022C14B04F0B0F8044604F006FA18
:10346000B7490860BE49B1F9040004F087F9BD49C5
:103470000860BD49B1F9040004F080F9BB49086057
:103480000021BB48006804F00DFA0BD0B949B848D8
:10349000006804F007FA05D3B749B548006804F09E
:1034A0000BFA05D24FF40051B448FDF734F804E0AC
:1034B0004FF40051B148FDF72CF80021B0480068E6
:1034C00003F05EFF8C490860A749B1F9000004F0E1
:1034D00055F906469A480168304603F057FF0446FE
:1034E000864801688448006803F04AFF064692480F
:1034F0000168304603F04AFF0546214603F0EEFE20
:1035000081490860BDE8F0812DE9F04104460D468F
:10351000002C0CDA4FF480419A48FCF7FAFF4FF484
:1035200000419848FCF7F7FF604204B20AE04FF40C
:1035300000419448FCF7EDFF4FF480419148FCF7BF
:10354000EAFF00BF002D0CDA4FF400518D48FCF764
:10355000E0FF4FF480518B48FCF7DDFF684205B275
:103560000AE04FF480518748FCF7D3FF4FF4005135
:103570008448FCF7D0FF00BFAFB2A6B231464FF08F
:103580008040FEF705F939464FF08040FEF702F91A
:103590007D497748006804F08FF923D37B4974484C
:1035A000006804F07FF902D24FF0010801E04FF00B
:1035B000000800215A48006804F074F901D1012084
:1035C00000E0002008EA000800215648006804F0E6
:1035D00069F901D1012000E0002008EA0008B8F1F3
:1035E000000F0DD000214FF08040FEF7D1F80021F0
:1035F0004FF08040FEF7CEF801206549086002E0F8
:1036000000206349086063493B48006804F054F9AE
:1036100005D361493848006804F044F90DD200210F
:103620004FF08040FEF7B4F800214FF08040FEF7E5
:10363000B1F801205649086002E0002054490860B2
:10364000BDE8F08170B52E4801682F48006803F08E
:1036500045FE2F4908602A4801682B48006803F09E
:103660008FFE2A4908602A48006804F0A6F800B2D4
:10367000B0F57A7F02DD4948254908602448006892
:1036800004F09BF800B210F57A7F02DA4448204932
:1036900008601E48006804F090F800B2B0F57A7F28
:1036A00002DD3E48194908601848006804F085F8B2
:1036B00000B210F57A7F02DA3948144908601348DD
:1036C000006804F07AF804B21148006804F075F854
:1036D00005B221462846FFF717FF70BDBE00002047
:1036E000BC000020CC000020C8000020D400002036
:1036F000D0000020D8000020980000208800002082
:10370000F40000207C0000208C00002094000020A9
:1037100090000020F0000020340100203001002043
:10372000FC000020F8000020700000207100002044
:1037300072000020E8000020A8000020F88C00089B
:10374000AC000020B0000020B400002018010020D0
:10375000080100200080FB3F0C0100200000C43F56
:103760005A00002028010020540000202C010020D5
:10377000440000200000A0C10000A0410010014052
:1037800048000020000C014000002041000020C142
:10379000E400002000004842000048C200007A44D3
:1037A00000007AC470B5FE48FEF70DF80446FD48E7
:1037B000FEF709F80546FC480460FC480560002156
:1037C000F748FDF7DDFF0021F648FDF7D9FF20B2ED
:1037D000F7490880684200B2F6490880F648006858
:1037E000F349B1F900100844F3490860F348006850
:1037F000F049B1F900100844F049086070BD2DE9A6
:10380000F05FED490968ED4A1268881803F0B6FFC9
:10381000EB4908600020E9490860E7490860E94889
:10382000006803F0F7FF06464FF06632E64B03F000
:10383000C4FE044604F01AF8E2490860E048006853
:1038400003F0E8FF80464FF03332E04B03F0B5FE63
:1038500004460D46DB48006803F0DCFF06462246BE
:103860002B4603F003FE824604F000F8D5490860B9
:10387000D749D448006804F015F808D2D549D14892
:10388000006804F019F802D20020CE490860D2493D
:10389000D248006803F07AFDD0490860C948016841
:1038A000CE48006803F01AFDCC490860CC48016896
:1038B000CA48006803F012FDC8490860C948016899
:1038C000C648006803F00AFDC4490860C64800689D
:1038D000012801D100200860C449C048006803F0F5
:1038E000EBFF02D2C148BD490860C149BB4800682E
:1038F00003F0D8FF02D2BE48B8490860BD4800684E
:10390000032812D10020BC490860BC490968A1F114
:10391000800003F041FF06460022B94B03F04DFE44
:10392000044603F0A3FFB4490860B24800680428C5
:1039300012D10020B3490860B3490968A1F1C00061
:1039400003F02AFF06460022B04B03F036FE044681
:1039500003F08CFFAB4908600021A048006803F029
:103960000FFD0646A7480168304603F00FFD0446E8
:1039700000219448006803F003FD06469E48016854
:10398000304603F003FD0546214603F0A7FCA0499D
:103990000860A049A048006803F08EFF05D39F4946
:1039A0009D48006803F07EFF0BD29948006880F0C4
:1039B000004499480168204603F01AFD98490860C0
:1039C00002E000209649086096499548006803F097
:1039D00073FF02D293489249086093499048006867
:1039E00003F060FF02D290488D4908608F498C48EF
:1039F000006803F057FF08D28D498948006803F03A
:103A00005BFF02D2002086490860BDE8F09F2DE9E7
:103A1000F0418848006800283ED18748FDF7D3FE72
:103A200000EB800000EB00104400204603F0B4FEE1
:103A300005460022814B03F032FE074603F016FFD5
:103A40007F4908600846006803F0E4FE044600224F
:103A50007C4B03F0F3FE03D87B48624908601BE00F
:103A60007A497748006803F027FF01D8012400E075
:103A700000244FF082417248006803F013FF01D820
:103A8000012000E0002004401CB171485549086045
:103A900002E0002053490860BDE8F0812DE9FC5F99
:103AA0006C480068012878D16B48D0F800B06B48AA
:103AB000006801906A48B0F902906A48B0F900A025
:103AC0005F480468484603F059FE06464FF08D41B2
:103AD00003F08EFC0546644903F058FC6349086016
:103AE000504603F04BFE0646614903F049FC05468B
:103AF000604903F07DFC60490860584603F08AFE87
:103B000007465E4A5E4B03F0CAFD054603F0AEFE73
:103B10008346019803F07EFE0546584A584B03F051
:103B2000BEFD074603F0A2FE01905021554803F068
:103B3000B1FB544854A1096801600A21534803F0BD
:103B4000A9FB534800210160416001810A215148CD
:103B500003F0A0FB504800210160416001810A216F
:103B60004E4803F097FB4E480021016041600181FF
:103B70004C49584603F096FE10D84B49584603F07E
:103B80009BFE0BD8584603F045FE05462A460B46D9
:103B900046A13E4804F07CF88EE058E18AE000003F
:103BA0000004004000080040DC000020E00000208D
:103BB000BC000020BE000020C8000020CC00002077
:103BC000D0000020D40000206666E63F3333D33FA8
:103BD00000004040000040C052B87E3FD8000020A6
:103BE000F0000020E8000020E40000200000E14494
:103BF0000000E1C418010020B000002010010020E6
:103C00000000DE3FB4000020140100200000C43F8B
:103C1000840000206F12833AA80000206F1283BA3C
:103C20008800002000002041000020C1CDCCCC3D08
:103C3000CDCCCCBD00010020002C0140000069402B
:103C4000EC00002000001040000096C30000A040DF
:103C50000000FA431C010020900000209400002086
:103C60005A00002054000020CDCC1C412801002027
:103C70009A190043000003432C01002048E17A1404
:103C8000AE470F40C8010020244C5600E00200203F
:103C9000EA020020F4020020FE02002008030020B7
:103CA0001203002000007A4400007AC425332E322B
:103CB00066000000BDE8FC9F7749019803F0F2FD23
:103CC00010D87649019803F0F7FD0BD8019803F05E
:103CD000A1FD05462A460B46AFF23001704803F0BD
:103CE000D7FF00E0E6E76F496F48006803F0E4FDA6
:103CF00012D26E496C48006803F0D4FD0CD26A48B9
:103D0000006803F087FD05462A460B46AFF26401C2
:103D1000674803F0BDFF00E0CCE7664966480068ED
:103D200003F0CAFD12D265496348006803F0BAFD8A
:103D30000CD26148006803F06DFD05462A460B462B
:103D4000AFF298015E4803F0A3FF00E0B2E7002164
:103D5000204603F0B1FD10D85A49204603F0A2FDD9
:103D60000BD2204603F056FD05462A460B46AFF21D
:103D7000C401554803F08CFF00E09BE7002000F0F1
:103D800061FB0090009803F002FD07464F4903F0E5
:103D9000FDFA06464FF08B4103F02AFB05464C49DD
:103DA00003F0EEFA4B49086000214A48006803F02E
:103DB00083FD12D83D494748006803F073FD0CD2DB
:103DC0004448006803F026FD05462A460B46AFF23C
:103DD0002411414803F05CFF00E06BE73F49404895
:103DE00003F063FA3FA13E4803F05FFA2C493C48D8
:103DF00003F05BFA3CA13A4803F057FA2C493848E3
:103E000003F053FA39A1364803F04FFA2C493448ED
:103E100003F04BFA36A1324803F047FA2A493048FA
:103E200003F043FA34A12E4803F03FFA2A492C4804
:103E300003F03BFA31A12A4803F037FA5021304809
:103E400003F028FA502226492D4803F00AFA00BF51
:103E500030E710B52B480068401E2A4908602A4800
:103E60000068012807D10846006820B9FFF716FE50
:103E7000234800F0C2F92348006818B941F288309D
:103E80002049086010BD00202049086020490860D2
:103E9000012020490860704700007A4400007AC47D
:103EA000EA0200200000A0C1280100200000A0417B
:103EB000F402002000803BC52C01002000803B451F
:103EC000FE02002000401C4608030020CDCC5441D7
:103ED000CDCC4C3E7800002012030020E0020020F0
:103EE000C80100202C5256002C4143002C47590099
:103EF0002C435342000000002C56540023000000C5
:103F000018020020200100201C010020F0000020E9
:103F1000F40000200001002000B585B0012144F22A
:103F20000400FCF705FD4FF40070ADF810001820F8
:103F30008DF8130003208DF8120004A9BB48FCF78C
:103F40003BFA4FF48060ADF8100004208DF81300A8
:103F500004A9B648FCF730FA4FF4E1300090002095
:103F6000ADF80400ADF80600ADF80800ADF80C009F
:103F70000C20ADF80A006946AD48FDF78EFC012122
:103F8000AB48FDF716FD05B000BD08B54FF48060E5
:103F9000FCF7B6F827208DF8000004208DF801000A
:103FA00001208DF802008DF803006846FCF7ADF89B
:103FB00008BD00B585B001218804FCF7C6FC0121CD
:103FC0000820FCF7B5FC4FF48060ADF81000182015
:103FD0008DF8130003208DF8120004A99548FCF712
:103FE000EBF94FF40060ADF8100004208DF81300D9
:103FF00004A99048FCF7E0F9FFF7C7FF4FF416500B
:1040000000900020ADF80400ADF80600ADF80800FF
:10401000ADF80C000C20ADF80A0069468648FDF7A3
:104020003CFC012240F225518348FDF7CEFC0121E2
:104030008148FDF7BEFC05B000BD70B504460D46D5
:10404000E1B27B48FDF722FD00BF40217848FDF733
:104050008BFD0128F9D1204670BDF0B503460D4611
:104060001646002729460A2E03D00020087028464D
:10407000F0BD33B9302001F8010B0020087028464C
:10408000F6E7002B03DA2D2001F8010B5B4242F228
:1040900010720DE093FBF2F404B937B104F1300073
:1040A00001F8010B04FB123301270A2092FBF0F206
:1040B000002AEFDC002008702846D9E70FB470B55D
:1040C00086B006460CA8019073E00B9800785C2837
:1040D0001CD10B98401C0B9000786E2809D07228D8
:1040E0000FD10D213046FDF7D1FC0B98401C0B90F1
:1040F0000BE00A213046FDF7C9FC0B98401C0B90E1
:1041000003E00B98401C0B9000BF4BE00B9800782D
:10411000252840D10B98401C0B900078642818D0BB
:10412000732833D1019810C801900BE021783046F4
:10413000FDF7ACFC00BF40213046FDF715FD00281F
:10414000F9D0641C20780028F0D10B98401C0B900B
:1041500020E0019820C801900A2202A92846FFF712
:104160007CFF02AC0BE021783046FDF78FFC00BFEE
:1041700040213046FDF7F8FC0028F9D0641C207877
:104180000028F0D10B98401C0B9003E00B98401CCA
:104190000B9000BF06E00B9810F8011B0B90304607
:1041A000FDF774FC00BF40213046FDF7DDFC002820
:1041B000F9D00B980078002887D106B070BC5DF864
:1041C00014FB10B5044621461948FDF75FFC00BFFB
:1041D00040211748FDF7C8FC0128F9D110BD10B5E2
:1041E000044621461448FDF751FC00BF4021124807
:1041F000FDF7BAFC0128F9D110BD70B505462C4673
:1042000003E02078FFF7EBFF641C20780028F8D14A
:1042100070BD70B505462C4603E02078FFF7D1FF4E
:10422000641C20780028F8D170BD0000000801400F
:1042300000380140000C0140004800407FB50446B2
:104240000D460121C802FCF773FB41F28830ADF83E
:10425000080041F61F40ADF804000120ADF80A0047
:104260000020ADF8060001A91148FCF799FC0122D5
:1042700041210F48FDF70BF819208DF800000320AD
:104280008DF8010000208DF8020001208DF8030058
:104290006846FBF73AFF7FBD10B501210448FDF7E2
:1042A000A4FA18B101210248FDF7B0FA10BD0000D0
:1042B000002C01401FB501213D48FCF74EF90121BA
:1042C0000920FCF735FB0120ADF80C0010208DF81B
:1042D0000F0003208DF80E0003A93648FCF76CF898
:1042E0000220ADF80C0028208DF80F0003A93148FA
:1042F000FCF762F801210846FCF774F902200190EE
:1043000000208DF8080008208DF8090001208DF8A4
:104310000A0001A8FBF770FF07208DF800000320BA
:104320008DF8010001208DF802008DF80300684629
:10433000FBF7EBFE1FBD10B50220FBF7C3FF48B330
:1043400000211D48FDF71CFA01211B48FCF784FFE2
:1043500001201A49086012E01748FDF734FA0A28CC
:1043600007DB00211448FCF777FF002013490860A1
:1043700005E002210F48FCF7B2F8104908600F4829
:1043800000680028E8D100210B48FCF765FF0220F7
:10439000FBF7A9FF10BD10B501210648FCF7B9F8DD
:1043A0000C20FDF753FF01210248FCF7B4F810BDC3
:1043B00000023000000C0140002C0140840100206C
:1043C00000B587B001214FF40170FCF7B1FA4FF44A
:1043D0000040FCF711FA0120ADF8040000208DF830
:1043E000070001A92348FBF7E7FF2348FDF716FC68
:1043F000002002908DF80C008DF80D004FF4602025
:1044000004900020059001208DF8180002A91A4898
:10441000FDF72BFC01211848FDF753FC1648FDF76A
:1044200072FC00BF1448FDF773FC0028FAD1124853
:10443000FDF778FC00BF1048FDF779FC0028FAD1A1
:1044400007B000BD10B504460723012221460A48E3
:10445000FDF7A3FC01210848FDF773FC00BF022112
:104460000548FDF7DFFD0028F9D00348FDF7FCFC07
:1044700010BD0000000801400024014006488047AC
:1044800006480047FEE7FEE7FEE7FEE7FEE7FEE739
:10449000FEE7FEE7FEE7FEE74B210008ED0000081F
:1044A00038B50446FB4890F82400C0B114B102208E
:1044B000009001E000200090F64A1268D17BF54A96
:1044C000526810786B460122FEF72DF810B14FF0BC
:1044D000FF3038BD9DF80010EE48417423E0ED48F0
:1044E000807A10B94FF0FF30F3E724B1E948407CFF
:1044F00008B10020EDE714B10120009001E0002098
:104500000090E44A1268D17BE24A526810786B4608
:104510000122FEF708F810B14FF0FF30D9E79DF8FF
:104520000010DC4841740020D3E738B5002419E0BE
:10453000D8480068C07AA04204D0D6480068407DC0
:10454000A04200D10CE0D349496808786B460122AB
:104550002146FEF737F810B14FF0FF3038BD00BFED
:10456000601CC4B2CB4840680079A042E0DC002067
:10457000F4E770B504460D46C6480068C07AA0420C
:1045800004D0C4480068407DA04202D14FF0FF3003
:1045900070BDC04840680079A04202DC4FF0FF3097
:1045A000F6E7BC49496808782B4601222146FEF708
:1045B00009F8EDE738B50446B64890F82300A04264
:1045C00001D1002038BD14B13020009001E000205E
:1045D0000090B048807C20B19DF8000040F00200BF
:1045E0000090AC4890F8220020B19DF8000040F007
:1045F00080000090A74A1268117DA64A5268107880
:104600006B460122FDF78FFF10B14FF0FF30D9E765
:10461000A04880F823400020D4E738B5044604F0D1
:10462000700010B10120009005E014B1002000904E
:1046300001E040200090974A1268917C954A5268A8
:1046400010786B460122FDF76EFF20B100219148E2
:104650008172481E38BD9DF8000020F040018D4851
:1046600001730020009004F0400020B99DF8000084
:1046700040F00400009004F0200020B99DF80000F4
:1046800040F00200009004F0100020B99DF80000F6
:1046900040F00100009004F0080020B99DF80000EF
:1046A00040F0380000907B4A1268D17C794A526809
:1046B00010786B460122FDF736FF20B100217548C6
:1046C0008172481EC6E724B1082C02D00020FFF7F3
:1046D00071FF70488472002101753220FDF7C3FD1F
:1046E0000020B7E738B504466A48807CA04201D173
:1046F000002038BD002C46D0664A12681179654A00
:10470000526810786B460122FDF75CFF10B14FF044
:10471000FF30EEE79DF8000020F0200000905D4A99
:10472000126811795B4A526810786B460122FDF7D6
:10473000FAFE10B14FF0FF30DBE70320FDF793FDE9
:1047400002200090534890F8220020B19DF800000C
:1047500040F0800000904F4890F8230020B19DF871
:10476000000040F0300000904A4A1268117D494A2A
:10477000526810786B460122FDF7D5FE002851D013
:104780004FF0FF30B5E7434A12681179414A526849
:1047900010786B460122FDF715FF10B14FF0FF3086
:1047A000A7E73C48807A00F0010028B19DF800009E
:1047B00040F02000009004E09DF8000020F0200070
:1047C0000090344A12681179324A526810786B4668
:1047D0000122FDF7A8FE10B14FF0FF3089E703205A
:1047E000FDF741FD2B4890F8220010B18020009089
:1047F00001E000200090274890F8230020B19DF8A8
:10480000000040F030000090224A1268117D214AD9
:10481000526810786B460122FDF785FE10B14FF00B
:10482000FF3066E71B488474002062E708B519482A
:10483000807A10B94FF0FF3008BD00200090154A73
:104840001268D17B134A526810786B460122FDF73B
:104850006AFE10B14FF0FF30EEE70E4A1268517950
:104860000C4A526810786B460122FDF75CFE10B1CD
:104870004FF0FF30E0E7074A12681179054A5268A5
:1048800010786B460122FDF74EFE28B14FF0FF3045
:10489000D2E7000088010020F74890F824000028A3
:1048A00053D00C200090F44A12681179F24A5268F1
:1048B00010786B460122FDF736FE10B14FF0FF3045
:1048C000BAE73220FDF7CFFCC0200090EA48807A9A
:1048D00000F0010020B19DF8000040F020000090A1
:1048E000E54A12681179E44A526810786B46012251
:1048F000FDF719FE10B14FF0FF309DE7DE48407C18
:1049000010B10220009001E000200090DA4A126805
:10491000D17BD94A526810786B460122FDF703FE1D
:1049200010B14FF0FF3087E700200090D24A1268A4
:104930005179D14A526810786B460122FDF7F3FD98
:10494000002855D04FF0FF3076E704200090CA4A87
:1049500012681179C84A526810786B460122FDF737
:10496000E2FD10B14FF0FF3066E7C348807C20B90C
:10497000C148807A00F0010010B94020009001E0A9
:1049800060200090BC4A12681179BB4A52681078C6
:104990006B460122FDF7C7FD10B14FF0FF304BE72A
:1049A0003220FDF760FCB448407C10B1012000903B
:1049B00001E000200090B04A1268D17BAE4A5268F4
:1049C00010786B460122FDF7AEFD10B14FF0FF30BD
:1049D00032E7A94A12685179A74A52681078A64B63
:1049E00010330122FDF79FFD10B14FF0FF3023E798
:1049F000002021E770B50446002624F001049E48FB
:104A000090F8240008B1002070BD9B48807A10B94E
:104A10004FF0FF30F8E79848057C807A20409649AF
:104A200008740846007CA04202D04FF0FF3600E038
:104A3000002614B99048007D18B10120FFF730FD21
:104A400002E00020FFF72CFD3CB1FFF7EFFE20B1A4
:104A5000894805744FF0FF30D6E73046D4E738B5C3
:104A600004468548807A10B94FF0FF3038BDBC2C21
:104A700002DB0120009015E0622C02DB0220009096
:104A800010E02A2C02DB032000900BE0142C02DB48
:104A90000420009006E00A2C02DB0520009001E0D3
:104AA000062000907448C07A9DF80010884201D119
:104AB0000020DBE7704A126891786F4A52681078DC
:104AC0006B460122FDF72FFD10B14FF0FF30CDE70F
:104AD0009DF800106848C1720020C7E738B5044649
:104AE000282C02DD4FF0FF3038BDDCB90020FFF785
:104AF00061FD00208DF8000007208DF801005E4A5E
:104B00001268917C5C4A526810786B460222FDF76D
:104B10000AFD10B14FF0FF30E6E70021564801755D
:104B20000020E1E70120FFF745FD20208DF800007F
:104B3000012C06D100208DF801000520FFF78FFF22
:104B400017E0052C06DC01208DF801000520FFF799
:104B500086FF0EE0142C06DC02208DF801000A20EE
:104B6000FFF77DFF05E003208DF801001420FFF71B
:104B700076FF9DF80100072101EB8010C0B28DF88F
:104B800001003D4A1268917C3B4A526810786B469E
:104B90000222FDF7C8FC10B14FF0FF30A4E7082156
:104BA0003548817200210173012101750020FFF752
:104BB00021FF002098E738B504462F48807A10B9C5
:104BC0004FF0FF3038BD2C4890F8240010B14FF062
:104BD000FF30F7E72848007D50B134B1282C04DCC1
:104BE000E0B2FFF77BFF0020ECE70020FFF776FF45
:104BF000042C01DA042404E0B4F57A7F01DD4FF4DB
:104C00007A744FF47A7090FBF4F0401EC0B20090BA
:104C1000194A12685178184A526810786B46012276
:104C2000FDF781FC10B14FF0FF30CBE79DF800009D
:104C3000401C4FF47A7191FBF0F081B20E48C181B3
:104C40000146C9894810FFF70AFF0020BAE738B5C6
:104C500004460948807A10B94FF0FF3038BD022C65
:104C600006D0042C0AD0082C0BD0102C0FD10BE04E
:104C7000002000900EE00000880100200820009035
:104C800008E01020009005E01820009002E04FF0AE
:104C9000FF30E3E700BFF848407A9DF80010B0EB22
:104CA000E10F01D10020D9E7F34A1268D179F24A25
:104CB000526810786B460122FDF735FC10B14FF0B9
:104CC000FF30CBE79DF80000C110EB484172002097
:104CD000C4E738B50446E848807A10B94FF0FF3091
:104CE00038BDFA2C09D0B4F5FA7F09D0B4F57A7F33
:104CF00009D0B4F5FA6F0CD108E0002000900BE069
:104D00000820009008E01020009005E01820009096
:104D100002E04FF0FF30E3E700BFD748007A9DF88C
:104D20000010B0EBE10F01D10020D9E7D24A1268A0
:104D30009179D14A526810786B460122FDF7F3FB56
:104D400010B14FF0FF30CBE79DF80000C010CA490A
:104D500008720020C4E71CB580208DF80000C64A08
:104D60001268917CC44A526810786B460122FDF7A4
:104D7000DAFB10B14FF0FF301CBD6420FDF773FA71
:104D800000208DF80000BC4A1268917CBA4A526833
:104D900010786B460122FDF7C6FB10B14FF0FF30D3
:104DA000EAE7B54A1268917DB34A526810786B46BB
:104DB0000622FDF707FC10B14FF0FF30DCE79DF84D
:104DC0000500C007400F9DF8031001F0010140EA03
:104DD00041009DF8011001F0010140EA01048CB18D
:104DE000012C03D10121A448C17430E0022C03D16D
:104DF0000021A148C1742AE0A0A0FFF70AFA4FF0F1
:104E0000FF30B9E79C4A1268D1789B4A5268107803
:104E10006B460122FDF7D6FB10B14FF0FF30ABE738
:104E20009DF8000000F00F042CB99E48FFF7F1F93F
:104E30004FF0FF30A0E7042C06D19BA0FFF7E9F963
:104E400001218D48C17402E000218B48C174FF210B
:104E500089488172FF2088490872FF218648417283
:104E6000C1724FF6FF71C181FF210174817401216C
:104E7000017380F82210002180F82310417501751C
:104E80001630016041608160163880F8241080F887
:104E90002510C1844FF4FA60FFF71BFF10B14FF0EB
:104EA000FF3069E70220FFF7D2FE10B14FF0FF306C
:104EB00062E72A20FFF7D3FD10B14FF0FF305BE728
:104EC0003220FFF778FE10B14FF0FF3054E700209A
:104ED000FFF790FD10B14FF0FF304DE70020FFF7D6
:104EE00001FC10B14FF0FF3046E70020FFF795FBC3
:104EF000002041E77CB504460D465F48807A00F00B
:104F0000700010B94FF0FF307CBD5B4A1268117B16
:104F1000594A526810786B460622FDF753FB10B1D0
:104F20004FF0FF30F0E79DF801009DF8001040EAD7
:104F3000012000B220809DF803009DF8021040EA95
:104F4000012000B260809DF805009DF8041040EA41
:104F5000012000B2A08015B12846FDF790F900208D
:104F6000D2E77CB504460D464348807A00F008003D
:104F700010B94FF0FF307CBD3F4A1268517B3E4A6A
:104F8000526810786B460622FDF71CFB10B14FF0FB
:104F9000FF30F0E79DF801009DF8001040EA012085
:104FA00000B220809DF803009DF8021040EA012025
:104FB00000B260809DF805009DF8041040EA0120D1
:104FC00000B2A08015B12846FDF759F90020D2E7BC
:104FD0002DE9FE4F05460C462748807A18B94FF058
:104FE000FF30BDE8FE8F244A1268917B224A526846
:104FF000107802AB0222FDF7E5FA10B14FF0FF3056
:10500000EFE79DF809009DF8081040EA012006B27C
:1050100014B12046FDF733F917494968C88802F0F2
:10502000B6FB154901904968B1F9080002F0A6FBEA
:105030008346304602F0A2FB5946009002F0A0F9E8
:105040008246019902F0D4F981461F4902F046F9DF
:1050500080464FF08F4102F099F9074602F0ADFB10
:1050600028600020BDE710B588B004461CB94FF099
:10507000FF3008B010BD29E088010020556E73751F
:1050800070706F7274656420736F66747761726597
:105090002070726F64756374207265762025642EAB
:1050A0000A000000509A000848616C662073656E23
:1050B0007369746976697479207061727420666F9F
:1050C000756E642E0A00000000000C42206830B9A2
:1050D000606820B9A06810B9002008B010BDFA4976
:1050E0004968087806AB03221146FDF76BFA10B148
:1050F0004FF0FF30F1E79DF81800082101EB201078
:1051000000F00F00ADF800009DF8190001EB201031
:1051100000F00F00ADF802009DF81A0001EB20101E
:1051200000F00F00ADF8040020684100BDF9000058
:10513000403091FBF0F000B2ADF810006068410023
:10514000BDF90200403091FBF0F000B2ADF8120062
:10515000A0684100BDF90400403091FBF0F000B2BE
:10516000ADF81400D8494968087806AB0622114604
:10517000FDF728FA10B14FF0FF30AEE79DF81900A7
:105180009DF8181040EA012000B2ADF808009DF823
:105190001B009DF81A1040EA012000B2ADF80A0089
:1051A0009DF81D009DF81C1040EA012000B2ADF8EA
:1051B0000C00BDF81000BDF80810084400B2ADF8AE
:1051C0001000BDF81200BDF80A10084400B2ADF896
:1051D0001200BDF81400BDF80C10084400B2ADF880
:1051E0001400BDF81000000A8DF81800BDF810007A
:1051F000C0B28DF81900BDF81200000A8DF81A002F
:10520000BDF81200C0B28DF81B00BDF81400000AF2
:105210008DF81C00BDF81400C0B28DF81D00AA491D
:105220004968087806AB06221146FDF77CF910B1F3
:105230004FF0FF3051E700204FE70146A248007AC7
:1052400030B1012807D0022809D003280FD10AE085
:10525000FA2008800EE04FF4FA7008800AE04FF45C
:105260007A70088006E04FF4FA60088002E00020BF
:10527000088000BF00BF0020704701469248407A76
:1052800030B1012807D0022808D003280CD108E04B
:10529000022008700BE00420087008E00820087065
:1052A00005E01020087002E04FF0FF30704700BFAB
:1052B0008548C07C18B108784006000E08700020B0
:1052C000F4E701468048C07A082817D2DFE800F0EA
:1052D0001704070A0D101318BC20088013E0622081
:1052E000088010E02A2008800DE0142008800AE0E1
:1052F0000A20088007E00520088004E000BF00BF06
:105300000020088000BF00BF0020704701466E48A3
:1053100090F8240010B14FF0FF3070476A48C08900
:1053200008800020F9E7014600200880401E7047F1
:1053300001464FF0FF30704701466348007A30B1B4
:10534000012807D0022808D003280CD108E05F48C4
:1053500008600BE05E48086008E05E48086005E011
:105360005D48086002E04FF0FF30704700BF00204A
:10537000FBE701465448407A30B1012808D00228A2
:105380000AD0032810D10BE04FF4804008800EE0D3
:1053900041F69C7008800AE04FF48050088006E0D7
:1053A0004FF40060088002E04FF0FF30704700BF0C
:1053B0004548C07C10B10888401008800020F5E7FF
:1053C00001464148007C08700020704701463E4875
:1053D000807A10B10120087001E0002008700020E0
:1053E000704738B504463848807A10B94FF0FF301E
:1053F00038BD354A1268117C334A526810786B46C2
:105400000222FDF7DFF810B14FF0FF30F0E79DF812
:1054100001009DF8001040EA012000B22080002029
:10542000E6E72DE9FE4F0746884692461D46DDF821
:1054300030B000260024244890F8240010B1601EEB
:10544000BDE8FE8F002028701F48807A10B94FF009
:10545000FF30F5E71C48007C10B94FF0FF30EFE754
:105460001948007C00F0400008B1B01CC6B21648D4
:10547000007C00F0200008B1B01CC6B21248007CCD
:1054800000F0100008B1B01CC6B20F48007C00F05C
:10549000080008B1B01DC6B20B4A1268917A0A4AD8
:1054A000526810786B460222FDF78CF810B14FF06D
:1054B000FF30C5E79DF801009DF8001040EA012982
:1054C000B1450BDA0020BBE7880100200000034350
:1054D000000083423333034233338341FC48406846
:1054E0004088B9EB600F17DDF94A1268517CF84A21
:1054F000526810786B460122FDF764F810B14FF046
:10550000FF309DE79DF8000000F0100020B1FFF78C
:105510008DF96FF0010093E75046FCF7B0FEEC4ABE
:105520001268D17AEA4A526810786B463246FDF723
:1055300049F810B14FF0FF3082E799FBF6F0401EBA
:105540008BF8000000202870B4422AD0E048007C8C
:1055500000F0080028B3601C1DF800001DF80410BE
:1055600040EA012000B2A8F80000E01C1DF800107D
:10557000A01C1DF8000041EA002000B2A8F80200BB
:10558000601D1DF80010201D1DF8000041EA0020DC
:1055900000B2A8F80400287840F008002870A01D88
:1055A00084B2B44213D0CA48007C00F0400070B10D
:1055B000601C1DF800001DF8041040EA012000B234
:1055C0003880287840F040002870A01C84B2B44293
:1055D00013D0BF48007C00F0200070B1601C1DF8A3
:1055E00000001DF8041040EA012000B278802878FD
:1055F00040F020002870A01C84B2B44213D0B448FC
:10560000007C00F0100070B1601C1DF800001DF857
:10561000041040EA012000B2B880287840F0100061
:105620002870A01C84B200200AE7F8B504460F4693
:105630001646A74890F8240010B94FF0FF30F8BD87
:10564000A348807A10B94FF0FF30F8E7A04A1268FB
:10565000917A9F4A526810786B460222FCF7B2FF9B
:1056600010B14FF0FF30EAE79DF801009DF80010FF
:1056700040EA0125A54203DA00203070401EDEE733
:10568000934840684088B5EB600F17DD904A126878
:10569000517C8F4A526810786B460122FCF792FFCA
:1056A00010B14FF0FF30CAE79DF8000000F0100085
:1056B00020B1FFF7BBF86FF00100C0E7E2B2844B06
:1056C0001B68D97A824B5B6818783B46FCF77AFFF7
:1056D00010B14FF0FF30B2E795FBF4F0401E307090
:1056E0000020ACE701467A4880F82210002070477D
:1056F0007CB5054676494968087801AB04220D213E
:10570000FCF760FF08B107207CBD9DF80700C0F3DF
:1057100001109DF8041001F0E00140EAE1008DF86D
:1057200000009DF80700C0F381009DF8051001F00E
:10573000E00140EAE1008DF801009DF8070000F06B
:1057400003009DF8061001F0E00140EAE1008DF849
:10575000020000241CE01DF8040018B9002045F8E0
:10576000240013E05B4845F8240006E055F82400C7
:10577000594901F00BFE45F824001DF80400401EB5
:10578000C0B20DF804000028F0D100BF601CC4B204
:10579000032CE0DB0020B7E72DE9FE4F06460F465D
:1057A00000256846FFF7A4FF002442E056F82400D5
:1057B00057F82410A0EB010ABAF1000F01DB5146A3
:1057C00001E0CAF10001084601F0D8FF83464FF01E
:1057D0008F4101F00DFE80465DF82400002102F0AB
:1057E00061F816D05DF82410404601F001FE8246B3
:1057F0004FF07E5101F0C4FD814629F0004A374840
:10580000416A504602F058F812D20120A0400543E8
:105810000EE03248C169404602F044F805D32F48F3
:10582000016A404602F048F802D20120A040054338
:10583000641C032CBADB2846BDE8FE8F2DE9FC5F13
:1058400006460F46002522494968087801AB032225
:105850000D21FCF7B7FE10B10720BDE8FC9F9DF8B5
:10586000040000F01F008DF804009DF8050000F012
:105870001F008DF805009DF8060000F01F008DF850
:105880000600002462E056F8240057F82410A0EB2C
:10589000010BBBF1000F01DB594601E0CBF1000128
:1058A000084601F06BFF4FF08F41009001F0A0FD22
:1058B000814601A8005DC0B30849086801F067FF90
:1058C00083465946064801F093FD80460FE00000EC
:1058D000880100207B14AE3E1D5A843F408D000895
:1058E00000B04C45FE49404601F050FD804601A8FD
:1058F000005D401EC0B201A908550028F2D1414602
:10590000484601F075FD83464FF07E5101F038FDA9
:1059100082462AF0004BF3488169584601F0CCFFDB
:1059200013D20120A04005430FE0FFE7ED480169D5
:10593000484601F0B7FF05D3EA484169484601F0FF
:10594000BBFF02D20120A0400543641C032C9ADB5C
:10595000284682E72DE9F04F87B005460C46914670
:1059600001208DF8100000208DF81100DE4A126829
:10597000917CDD4A5268107804AB0222FCF7D3FD1B
:1059800020B14FF0FF3007B0BDE8F08FC820FCF722
:105990006AFC00208DF81000D34A1268D17BD24AED
:1059A0005268107804AB0122FCF7BDFD10B14FF036
:1059B000FF30E8E7CC4A12685179CB4A5268107838
:1059C00004AB0122FCF7AFFD10B14FF0FF30DAE776
:1059D000C54A1268917CC44A5268107804AB01220F
:1059E000FCF7A1FD10B14FF0FF30CCE7BE4A1268C2
:1059F000D17DBD4A5268107804AB0122FCF793FDBB
:105A000010B14FF0FF30BEE7B74A12681179B64ABD
:105A10005268107804AB0122FCF785FD10B14FF0FD
:105A2000FF30B0E70C208DF81000AF4A12681179F2
:105A3000AD4A5268107804AB0122FCF774FD10B136
:105A40004FF0FF309FE70F20FCF70DFCA648806A5F
:105A5000407A8DF81000A44A12689178A24A5268E0
:105A6000107804AB0122FCF75EFD10B14FF0FF305F
:105A700089E79D48806A007A8DF810009A4A12687A
:105A80005178994A5268107804AB0122FCF74BFD1B
:105A900010B14FF0FF3076E7B9F1000F07D0924810
:105AA000806A807A40F0E0008DF8100004E08E48B3
:105AB000806A807A8DF810008B4A126891798A4A40
:105AC0005268107804AB0122FCF72DFD10B14FF0A5
:105AD000FF3058E7B9F1000F07D08348806AC07AD9
:105AE00040F0E0008DF8100003E07E48C07A8DF8A9
:105AF00010007D4A1268D1797B4A5268107804AB55
:105B00000122FCF710FD10B14FF0FF303BE7B9F177
:105B1000000F02D0C820FCF7A6FB40208DF8100033
:105B2000714A12681179704A5268107804AB0122E8
:105B3000FCF7F9FC10B14FF0FF3024E778208DF826
:105B40001000694A12685179674A5268107804ABAC
:105B50000122FCF7E8FC10B14FF0FF3013E7614978
:105B60008889FCF780FB00208DF810005E4A1268DF
:105B700051795D4A5268107804AB0122FCF7D3FCDE
:105B800010B14FF0FF30FEE6574A1268917A564A3C
:105B90005268107804AB0222FCF714FD10B14FF0EC
:105BA000FF30F0E69DF811009DF8101040EA012B3F
:105BB0000C209BFBF0F0C6B20020A8606860286053
:105BC000A06060602060824665E0474A1268D17A32
:105BD000454A5268107804AB0C22FCF7F3FC10B174
:105BE0004FF0FF30CFE69DF811009DF8101040EA0D
:105BF000012000B2ADF808009DF813009DF81210C6
:105C000040EA012000B2ADF80A009DF815009DF8A9
:105C1000141040EA012000B2ADF80C00BDF90810E4
:105C2000206808442060BDF90A106068084460607C
:105C3000BDF90C10A0680844A0609DF817009DF8FD
:105C4000161040EA012000B2ADF800009DF81900DE
:105C50009DF8181040EA012000B2ADF802009DF84E
:105C60001B009DF81A1040EA012000B2ADF80400B4
:105C7000BDF90010286808442860BDF90210686862
:105C800008446860BDF90410A8680844A8600AF1D7
:105C9000010000F0FF0AB24597DB1248D0F800C0BF
:105CA0002868C117090441EA10410704624600232D
:105CB000384601F0A5FA32460023CDE9020101F091
:105CC0009FFA28600748D0F800C06868C117090427
:105CD00041EA1041070462460023384606E000000E
:105CE00054E3853F408D00088801002001F088FAC8
:105CF00032460023CDE9020101F082FA6860FE48D5
:105D0000D0F800C0A868C117090441EA104107048F
:105D100062460023384601F073FA32460023CDE98B
:105D2000020101F06DFAA860F348D0F804C02168C0
:105D3000C817000440EA11480F04624600233846A1
:105D4000414601F05DFA32460023CDE9020101F03F
:105D500057FA2060E848D0F804C06068C117090409
:105D600041EA1041070462460023384601F048FA30
:105D700032460023CDE9020101F042FA6060DE48BC
:105D8000D0F804C0A068C117090441EA1041070413
:105D900062460023384601F033FA32460023CDE94B
:105DA000020101F02DFAA060A068002804DDA068BF
:105DB000A0F58030A06003E0A06800F58030A0600E
:105DC0000020E0E538B50446CC4890F82400A04215
:105DD00001D1002038BD24B3C84890F8250010B97F
:105DE0004FF0FF30F6E70020FEF75AFB0020FEF7E9
:105DF00079FCC249C88CFEF7DEFE00200090BF4946
:105E0000496808786B4601222321FCF78CFB0121AD
:105E1000BA4880F824100120FEF742FBFEF706FD89
:105E200013E00020FEF73CFBB448007C0090B3492F
:105E3000496808786B4601222321FCF774FB002196
:105E4000AE4880F82410FEF7F1FC0020C2E72DE9EF
:105E5000F04F8DB083460F4602200C90A74890F873
:105E6000240020B10020FFF7ADFF012600E000264E
:105E700003A8FFF7E2F905A8FFF7FFF901A8FFF76C
:105E800020FA02A8FFF742FA9C4890F80AA004A85A
:105E9000FFF796FA002407E0002239465846FFF73C
:105EA00059FD00B902E0641C022CF5DB00BF022C96
:105EB00001D1002528E0002407E0012206A909A855
:105EC000FFF748FD00B902E0641C022CF5DB00BFBF
:105ED000022C01D1002517E006A93846FFF75CFC2B
:105EE00000F0FF0809A95846FFF7A8FC00F0FF09D9
:105EF0000025B9F1000F01D145F00105B8F1000FFF
:105F000001D145F0020500BFFF207C490872FF2146
:105F10007A484172C1724FF6FF71C181FF218172CF
:105F2000017401210173BDF80C00FEF7D2FE9DF84B
:105F30001400FEF78CFEBDF80400FEF790FDBDF8DE
:105F40000800FEF738FE5046FEF767FB9DF810008C
:105F5000FEF750FD16B10120FFF734FF28460DB0C3
:105F6000BDE8F08FF8B504460D46164616B94FF059
:105F7000FF30F8BD6148807A10B94FF0FF30F8E784
:105F800020128DF80000E0B28DF801009DF80100AC
:105F900028445A4949684989884202DD4FF0FF3058
:105FA000E7E7564A1268117E544A526810786B46E9
:105FB0000222FCF7B8FA10B14FF0FF30D9E7EAB28D
:105FC0004E4B1B68597D4D4B5B6818783346FCF788
:105FD000AAFA10B14FF0FF30CBE70020C9E7F8B5BF
:105FE00004460D46164616B94FF0FF30F8BD43483B
:105FF000807A10B94FF0FF30F8E720128DF80000DA
:10600000E0B28DF801009DF8010028443B49496841
:106010004989884202DD4FF0FF30E7E7374A1268CE
:10602000117E364A526810786B460222FCF77BFAE2
:1060300010B14FF0FF30D9E7EAB2304B1B68597D01
:106040002E4B5B6818783346FCF7BCFA10B14FF062
:10605000FF30CBE70020C9E72DE9F04385B00546C6
:106060000E4690469946254890F8250020B14FF0FD
:10607000FF3005B0BDE8F08316B94FF0FF30F8E708
:10608000002423E0281B102801DD102000E0281B3D
:1060900087B2321939462046FFF764FF10B14FF03E
:1060A000FF30E6E701AA39462046FFF798FF10B116
:1060B0004FF0FF30DDE730193A4601A901F001F950
:1060C00010B16FF00100D4E7E01984B2AC42D9DB23
:1060D0004FEA28208DF8000008F0FF008DF801003D
:1060E000064A1268917E054A526810786B46022271
:1060F000FCF719FA38B103E0408D00088801002050
:106100004FF0FF30B5E701218A4880F82510A0F84C
:1061100026900020ADE70146864890F824000870DC
:106120000020704702464FF0FF30704701464FF0A5
:10613000FF307047F8B505460F461446002C70D066
:10614000B5F5FF5F01DDFF2605E0202D01DA012610
:1061500001E0C5F3471607B90127282C02DD4FF0EF
:10616000FF30F8BD7348407D28BB724890F824008A
:1061700038B10020FFF726FE01216E4880F820107C
:1061800003E000216B4880F820106A481630FFF7C2
:1061900054F868481830FFF770F866481A30FFF76F
:1061A00090F864481C30FFF7B1F86248817A817733
:1061B0001F30FFF705F90020FEF772F90020FEF707
:1061C0008DFC00208DF800005A4A12689178594AD7
:1061D000526810786B460122FCF7A5F910B14FF018
:1061E000FF30BEE740208DF80000524A1268D17B94
:1061F000504A526810786B460122FCF794F900B1BE
:1062000065E08DF800608DF801704A4A1268117AD5
:10621000484A526810786B460222FCF784F908B1AC
:1062200055E047E00520FCF71EF84248407A072178
:1062300001EBC000C0B28DF800003E4A1268D1796F
:106240003C4A526810786B460122FCF76CF900B1A9
:106250003DE020208DF80000012C03D100208DF8B6
:1062600001000EE0052C03DC01208DF8010008E0A0
:10627000142C03DC02208DF8010002E003208DF8CD
:1062800001009DF80100072101EB8010C0B28DF8DC
:106290000100284A1268917C264A526810786B46A1
:1062A0000222FCF740F900B111E0012121484175BB
:1062B000002056E71F4A1632002103E0505C00B16F
:1062C00005E0491C0C29F9D34FF0FF3049E7FF20C6
:1062D00018490872FF2117484172C1724FF6FF71C9
:1062E000C181FF2181720174012101730146887F00
:1062F000FEF793F90F49C88AFEF7EBFC0D49087EBB
:10630000FEF7A5FC0B49488BFEF7A9FB0949888BD2
:10631000FEF751FC0749C87FFEF76CFB054890F873
:10632000200010B10120FFF74DFD0021014841750B
:10633000002016E78801002010B5C8234FF48062C2
:10634000F74940F6F630FFF787FE10BD10B586B06E
:106350000446F4A000680390F3A000680290F3A044
:1063600000680190F2A00068009004F0030003A907
:10637000085C8DF8140003A8C4F3C101405C8DF8DB
:10638000150003A8C4F38111405C8DF8160004F0D9
:10639000030002A9085C8DF8100002A8C4F3C10133
:1063A000405C8DF8110002A8C4F38111405C8DF8A7
:1063B000120005AA032140F22640FFF7D3FD18B1D1
:1063C0004FF0FF3006B010BD04AA032140F22A406E
:1063D000FFF7C8FD10B14FF0FF30F3E701980590CB
:1063E0000098049004F0040058B19DF8140040F0A7
:1063F00001008DF814009DF8100040F001008DF8A8
:10640000100004F0200058B19DF8150040F0010084
:106410008DF815009DF8110040F001008DF8110075
:1064200004F4807058B19DF8160040F001008DF81A
:1064300016009DF8120040F001008DF8120005AA28
:1064400003214FF48860FFF78DFD10B14FF0FF304E
:10645000B8E704AA032140F23140FFF783FD10B1F1
:106460004FF0FF30AEE7B34804810020AAE71FB524
:106470000446B048007A00F0030054F82000019070
:10648000AC48007A00F0040010B10198404201903D
:10649000A848007AC0F3C10054F820000290A54833
:1064A000007A00F0200010B1029840420290A1480A
:1064B000007AC0F3811054F8200003909D480089B1
:1064C00000F4807010B10398404203909A490198FB
:1064D00080FB0101800F40EA8100019096490298FB
:1064E00080FB0110820042EA917002909249039869
:1064F00080FB0110820042EA917003900198000E27
:106500008DF800000198000C8DF801000198000A38
:106510008DF802000198C0B28DF803006A4604218C
:106520004FF47470FFF71EFD18B14FF0FF3004B048
:1065300010BD0298000E8DF800000298000C8DF836
:1065400001000298000A8DF802000298C0B28DF88E
:1065500003006A4604214FF47570FFF703FD10B184
:106560004FF0FF30E3E70398000E8DF8000003982A
:10657000000C8DF801000398000A8DF802000398C2
:10658000C0B28DF803006A4604214FF47670FFF71D
:10659000E9FCCCE770B588B0064601A8FEF7E9FE35
:1065A000BDF804000021C90341EA5045C403614815
:1065B000007A00F0030056F8200005905D48007A4C
:1065C00000F0040010B10598404205905948007A47
:1065D000C0F3C10056F8200006905648007A00F03B
:1065E000200010B10698404206905248007AC0F34D
:1065F000811056F8200007904E48008900F4807002
:1066000010B10798404207900598C117A0FB0423DA
:1066100001FB043100FB0510810041EA92700590F6
:106620000698C117A0FB042301FB043100FB0510F1
:10663000810041EA927006900798C117A0FB0423DD
:1066400001FB043100FB0510810041EA92700790C4
:106650000598000E8DF808000598000C8DF80900CB
:106660000598000A8DF80A000598C0B28DF80B0055
:106670000698000E8DF80C000698000C8DF80D00A1
:106680000698000A8DF80E000698C0B28DF80F002B
:106690000798000E8DF810000798000C8DF8110077
:1066A0000798000A8DF812000798C0B28DF8130001
:1066B00002AA0C214FF42570FFF754FC08B070BDFE
:1066C00030B585B004461DA207CA02AB07C3C82C6B
:1066D00003DD4FF0FF3005B030BDC82090FBF4F073
:1066E000401E85B2280A8DF80000E8B28DF801003E
:1066F0006A46022140F21620FFF734FC10B14FF039
:10670000FF30E8E702AA0C2140F6C120FFF72AFC7F
:1067100010B14FF0FF30DEE7064884810020DAE751
:10672000688D00084CCD6C000CC92C0036567600E4
:10673000264666002C03002009E3CA02FEF2ABC421
:10674000AAF1DFDFBBAFDFDF0146FC4880890880AC
:10675000002070472DE9FC4706460F4606F007006B
:1067600010B1B7F5C86F03DD4FF0FF30BDE8FC870F
:10677000384601F00CF88146F14900F039FE8046B8
:106780006846FEF77AFD9DF80000022806D004282E
:1067900016D0082826D0102848D135E04FF08D417A
:1067A000404600F0F3FD814601F020F884B2E5494F
:1067B000404600F0EBFD814601F018F885B238E064
:1067C0004FF08C41404600F0E1FD814601F00EF8AB
:1067D00084B2DD49404600F0D9FD814601F006F85B
:1067E00085B226E04FF08B41404600F0CFFD814658
:1067F00000F0FCFF84B2D549404600F0C7FD814659
:1068000000F0F4FF85B214E04FF08A41404600F0FA
:10681000BDFD814600F0EAFF84B2CD49404600F05C
:10682000B5FD814600F0E2FF85B202E04FF0FF3097
:106830009CE700BF20128DF80400E0B28DF805003F
:1068400028128DF80600E8B28DF8070006F0010066
:10685000A0B101AA02214FF4EA70FFF783FB10B147
:106860004FF0FF3082E70DF1060202214FF49270E3
:10687000FFF778FB10B14FF0FF3077E706F002002A
:10688000A0B101AA02214FF4EC70FFF76BFB10B12D
:106890004FF0FF306AE70DF1060202214FF49470C9
:1068A000FFF760FB10B14FF0FF305FE706F0040028
:1068B000A0B101AA02214FF4EE70FFF753FB10B113
:1068C0004FF0FF3052E70DF1060202214FF49670AF
:1068D000FFF748FB10B14FF0FF3047E7002045E7D6
:1068E00038B504460020009004F0010020B19DF866
:1068F000000040F03000009004F0020020B19DF84C
:10690000000040F00C00009004F0040020B19DF85D
:10691000000040F0030000906A4601214FF4A4708B
:10692000FFF720FB38BD38B50446012C01DA0124FD
:1069300002E0042C00DD0424601EC0B200906A4610
:10694000012140F24F10FFF70DFB38BD38B504466A
:10695000052094FBF0F085B228128DF80000E8B213
:106960008DF801006A4602214FF4EF70FFF7FAFA42
:1069700038BD38B50446052094FBF0F085B22812E6
:106980008DF80000E8B28DF801006A4602214FF44C
:10699000ED70FFF7E7FA38BDF8B505460E464FF43F
:1069A0007A7095FBF0F000FB06F4200E8DF80000E5
:1069B000200C8DF80100200A8DF80200E0B28DF85D
:1069C00003006A4604214FF4AE70FFF7CBFAF8BD1E
:1069D00038B50446052094FBF0F084B220128DF8FF
:1069E0000000E0B28DF801006A4602214FF4AD705C
:1069F000FFF7B8FA38BD38B50446052094FBF0F02F
:106A000084B220128DF80000E0B28DF801006A46D1
:106A100002214FF4AC70FFF7A5FA38BD38B5044633
:106A200014B94FF0FF3038BD6A4604214FF4587056
:106A3000FFF7D5FA10B14FF0FF30F4E79DF80000F2
:106A400000069DF8011040EA01409DF8021040EA5E
:106A500001209DF80310084320600020E3E738B5CB
:106A60000446200E8DF80000200C8DF80100200A4D
:106A70008DF80200E0B28DF803006A4604214FF45D
:106A80005870FFF76FFA38BD38B5044614B94FF0A7
:106A9000FF3038BD6A4604214FF47170FFF79FFA4A
:106AA00010B14FF0FF30F4E79DF8000000069DF8AC
:106AB000011040EA01409DF8021040EA01209DF8D3
:106AC0000310084300EB8000800020600020E0E716
:106AD00038B504461420B4FBF0F4200E8DF8000005
:106AE000200C8DF80100200A8DF80200E0B28DF82C
:106AF00003006A4604214FF47170FFF733FA38BD82
:106B000038B5044664B120208DF8000028208DF8A7
:106B1000010030208DF8020038208DF8030004E0D9
:106B2000A3220421684600F0AEFB6A46042140F629
:106B30009E20FFF717FAFDF779FE38BD2C030020E1
:106B400000004843000040460000C04500004045AA
:106B50000000C04438B5044664B1C0208DF8000080
:106B6000C2208DF80100C4208DF80200C6208DF8E7
:106B7000030004E08B220421684600F084FB6A468F
:106B8000042140F69820FFF7EDF9FDF74FFE38BDE0
:106B90003EB504466CB1FDA1D1E900208968CDE97C
:106BA000002002916A4609214FF49760FFF7DAF955
:106BB0003EBDF9A2D2E900109268CDE90102009130
:106BC0006A4609214FF49760FFF7CCF9F0E73EB52C
:106BD000044602208DF80000CA208DF80100E32051
:106BE0008DF8020009208DF803006A460421682010
:106BF000FFF7B8F9A3208DF8000004F0400048B179
:106C0000C0208DF80100C8208DF80200C2208DF848
:106C1000030006E0A3208DF801008DF802008DF836
:106C2000030004F4C07048B1C4208DF80400CC20E7
:106C30008DF80500C6208DF8060006E0A3208DF82B
:106C400004008DF805008DF80600A3208DF80700DC
:106C50008DF808008DF809006A460A2140F6A72041
:106C6000FFF780F904F0030018B120208DF8000030
:106C700002E0D8208DF800006A46012140F6B620D7
:106C8000FFF770F904F0200018B10120FFF780FF32
:106C900002E00020FFF77CFF04F4C07008B304F4A6
:106CA000807060B1B2208DF800008B208DF801005B
:106CB000B6208DF802009B208DF803000BE0B02079
:106CC0008DF8000080208DF80100B4208DF80200BE
:106CD00090208DF803006A46042140F6A220FFF7B9
:106CE00041F904F0010020B3F8208DF800006A4655
:106CF00001214FF40B60FFF735F9FA210720FFF768
:106D000029FD0720FFF7ECFD0120FFF70CFE6420B2
:106D1000FFF71CFE4FF4FA70FFF72BFEC821A148C5
:106D2000FFF73AFE2820FFF753FE0A20FFF763FE25
:106D300008E0D8208DF800006A4601214FF40B606E
:106D4000FFF710F904F0020018B1D9208DF8000007
:106D500002E0D8208DF800006A46012140F23D7023
:106D6000FFF700F904F0040018B10120FFF7F2FE6C
:106D700002E00020FFF7EEFE04F0100018B1012041
:106D8000FFF7BEFE02E00020FFF7BAFE44F0080065
:106D900085494881FDF74AFD00208349887304F046
:106DA000400018B10846807B801D887304F4C070D1
:106DB00020B17D48807B801D7B49887304F01400DE
:106DC00020B17948807B10307749887304F0030044
:106DD00020B17548807B001D7349887300203EBD3B
:106DE0000146714840890880002070472DE9F04134
:106DF0000446E07800F0C006E07800F03F056078D7
:106E000000F0010098B1EF102846E91705EB517129
:106E1000C910A5EBC101491C01F0FF0862480068D8
:106E200020B16148414602683846904700BF60780B
:106E300000F0080030B15C48406818B1B0115A4AFF
:106E4000516888470020BDE8F08110B586B004463F
:106E500056A207CA03AB07C357A207CA8DE80700AB
:106E6000012C09D0022C0ED103AA0B2140F682205E
:106E7000FFF778F806B010BD6A460B2140F6822075
:106E8000FFF770F8F6E74FF0FF30F3E72DE9F04F2A
:106E90008DB00746884615469946DDE9166B0024F5
:106EA000002030804049887B5A4605A9FEF7BDFB8B
:106EB00018B1601E0DB0BDE8F08F3B48807A00F03D
:106EC0001400002861D09DF8140000069DF81510EC
:106ED00040EA01409DF8161040EA01209DF8171085
:106EE000084328609DF8180000069DF8191040EA34
:106EF00001409DF81A1040EA01209DF81B1008433C
:106F000068609DF81C0000069DF81D1040EA0140D5
:106F10009DF81E1040EA01209DF81F100843A8604C
:106F20009DF8200000069DF8211040EA01409DF8E0
:106F3000221040EA01209DF823100843E86004F184
:106F40001000C4B228680014019068680014029010
:106F5000A86800140390E868001404900198404366
:106F6000029901FB0100039901FB0100049901FB57
:106F7000010ABAF1706F02DBBAF1885F22DDFDF71A
:106F800055FC00203080401E94E721E0B8AAB38D64
:106F9000B4980D355D000000B8AAAAAAB088C3C590
:106FA000C700000009E3CA022C030020D8B1B9F3DE
:106FB0008BA391B609B4D900DAB1B9F38BA391B61A
:106FC000DAB4DA00B6F9000040F48070308000BF17
:106FD0007848807A00F0400020B305A9601C085C66
:106FE000095D40EA012000B2A8F8000005A9E01CF4
:106FF000095C05AAA01C105C41EA002000B2A8F8B8
:10700000020005A9601D095C201D105C41EA0020FA
:1070100000B2A8F80400A01DC4B2B6F9000040F008
:10702000080030806348408900F4C07008B305A9A7
:10703000601C085C095D40EA012000B2388005A9A7
:10704000E01C095C05AAA01C105C41EA002000B20B
:10705000788005A9601D095C201D105C41EA0020B4
:1070600000B2B880A01DC4B2B6F9000040F07000B4
:1070700030805048807A00F0030018B105A9081943
:10708000FFF7B4FE4846FBF7FAF8002012E7014686
:107090004848016000207047014646484160002092
:1070A0007047014691F90020002A01DD00201EE012
:1070B00091F90020002A01DA042018E091F901205A
:1070C000002A01DD012012E091F90120002A01DAF5
:1070D00005200CE091F90220002A01DD022006E0E3
:1070E00091F90220002A01DA062000E0072070470B
:1070F00070B505462846FFF7D4FF0446E81CFFF7A5
:10710000D0FF44EAC00084B2A81DFFF7CAFF44EADA
:10711000801084B2204670BD70B588B002A905A861
:10712000FEF795FE0446032C3FD101A8FEF704F9B3
:10713000059800F023FB0646019900F027F9054663
:1071400000F03BFB0590069800F018FB06460199FD
:1071500000F01CF9054600F030FB0690079800F09F
:107160000DFB0646019900F011F9054600F025FBDC
:10717000079005A8FFF77BF96846FEF7FAF8BDF817
:107180000010029848430290BDF80010039848434D
:107190000390BDF8001004984843049002A8FFF73C
:1071A000F9F905A0FDF735F802E00CA0FDF731F87C
:1071B00008B070BD2C03002073657474696E67207D
:1071C000626961732073756363657366756C6C794E
:1071D000202E2E2E2E2E2E0A0000000062696173D2
:1071E00020686173206E6F74206265656E206D6F1C
:1071F000646966696564202E2E2E2E2E2E0A0000EC
:107200002DE9F0410024061B254671F1000605DA40
:1072100001240027D0EB070067EB0101161E73F174
:10722000000605DA0027D2EB0702012567EB03030E
:1072300000F062FB86460E4617469C46AC4204D0E0
:107240000025D0EB050E65EB010624B10020D2EB42
:10725000000760EB030C704631463A466346BDE8D2
:10726000F08140EA01039B0703D009E008C9121F1F
:1072700008C0042AFAD203E011F8013B00F8013BF0
:10728000521EF9D27047D2B201E000F8012B491E1C
:10729000FBD270470022F6E710B513460A460446B3
:1072A0001946FFF7F0FF204610BD421E12F8013FBD
:1072B000002BFBD111F8013B02F8013B002BF9D167
:1072C000704730B504460020034600E05B1C934243
:1072D00003D2E05CCD5C401BF8D030BDF0B480EA56
:1072E0000102D40F4200B2EB410F02D2024608461F
:1072F00011464A0042D0C30DDDB2C1F3C752AD1AE8
:10730000202D35DAC1F3160141F4000204B15242D6
:10731000C5F1200602FA06F12A411044B3EBD05F12
:1073200023D0C4B1012DA0EBC35009DCF0BC4FF059
:10733000004202EAC352DBB200F5000000F037BBA6
:10734000400000F1807000EBC350A0F1807040EA73
:10735000D170490009E0490841EAC071A0EBC3506F
:1073600000F50000400800EBC350F0BC00F016BB75
:107370006142012202EB4101001BF6E7F0BC7047BD
:1073800081F00041AAE780F00040A7E780EA01020F
:1073900010B502F00043400022D04A001FD0010E79
:1073A00001EB1261C0F35600C2F3560240F4000034
:1073B00042F40002A0FB022000047F39140400D034
:1073C000401C50EA124001D44000491EC2B20C06D3
:1073D00004EBD010401C4008802A02D003E00020BB
:1073E00010BD20F00100002900DA0020184310BD74
:1073F00030B480EA010202F0004530F0004221F092
:10740000004013D090B1C30DD40DC2F31601C0F3E8
:107410001600E41A41F4000140F400027D34914268
:1074200001D3641C00E04900002C02DA30BC0020CB
:1074300070474FF400000023914201D3891A03439F
:1074400040084FEA4101F7D151B1914202D14FF0CA
:10745000004105E002D24FF0010101E06FF00101AF
:1074600003EBC450284430BC00F098BA2DE9FE4F1D
:10747000804681EA0300C00F0C46009021F00041D5
:1074800023F00045B8EB0200A94105D24046214651
:1074900090461C460B46024623F00040104347D05E
:1074A000270DC7F30A00C3F30A510290401A019056
:1074B00040286BDAC3F3130040F4801B0098924617
:1074C00020B10023D2EB030A63EB0B0B0198594662
:1074D000C0F14002504600F040FA06460D465046C4
:1074E0005946019A00F048FA10EB08006141002467
:1074F00087EA115284EAE7731A4340D0009A62B3D4
:10750000019A012A4FEA075215DC001B61EB0201C8
:107510004FF0004202EA0752CDE90042001C41F55B
:10752000801132462B4600F07FFA03B0BDE8F08FA1
:1075300040462146F9E7001B61EB0201001C41F5C2
:10754000801300185B412018A2F5001747EB0301D8
:1075500040EAD570B6196D4111E06D084FEA360664
:1075600045EAC0754FEA0752001B61EB0201001C9F
:1075700041F5801149084FEA300000195141324667
:107580002B4603B0BDE8F04F00F03FBA009801224F
:1075900040000023D0EB020263EBE0730098214629
:1075A0004FEAE074B8EB000061EB0401E9E783F017
:1075B00000435BE781F0004158E72DE9FE4F81EA87
:1075C000030404F0004421F0004100944FF0000B4C
:1075D00023F0004350EA01045ED052EA03045BD07A
:1075E000C3F30A54C1F30A552C44A4F2F3340194B2
:1075F000A0FB0254C1F3130141F48011C3F3130340
:1076000043F4801301FB024400FB034E840A970AF3
:1076100044EA815447EA8357A4FB076802958D0A20
:1076200005FB07854FEA932C04FB0C542705029DAC
:107630004FEA065847EA1637B5EB08056EEB070C1C
:10764000870E920E47EA811742EA8312A7FB0201D6
:10765000B6EB0B0164EB00042B0D43EA0C335E1810
:1076600044EB1C50DA465146E7FB0201C5F3130414
:107670004FEA0B3343EA14534FEA0432019C43EAC6
:107680000603A4F10C040294009CCDE900B400F0C0
:10769000CBF903B0BDE8F08F00200146F9E72DE9F2
:1076A000F04D81EA030404F0004B21F0004514463C
:1076B0004FF0000A23F0004150EA050220D054EABE
:1076C00001021DD0C5F30A570246C5F31303C1F3E7
:1076D0001300C1F30A5640F4801543F48013A7EB5E
:1076E0000608101BD64608F2FD3873EB050002D3DE
:1076F00008F1010801E092185B41B8F1000F03DACC
:1077000000200146BDE8F08D00204FF480110646B0
:1077100084460EE0171B73EB050705D3121B63EBC2
:10772000050306434CEA010C49084FEA3000921861
:107730005B4150EA0107EDD152EA030012D082EA20
:10774000040083EA0501084305D0101BAB4106D2B3
:107750000122002306E000224FF0004302E06FF018
:10776000010253101AEB06004CEB085110EB0A0013
:1077700041EB0B01BDE8F04D00F047B9C10F80EAC5
:10778000E0700844CA079623002100F010B9962340
:107790000022114600F00BB90EB5C10F80EAE0706F
:1077A0000844CA07002140F233438DE80E000A4620
:1077B0000B4600F039F903B000BD00F0004220F0A4
:1077C0000040C10DC0F3160040F400007F2901DA2B
:1077D00000207047962903DCC1F19601C84001E002
:1077E00096398840002AF4D04042704720F000408B
:1077F000C10DC0F3160040F400007F2901DA00201B
:107800007047962903DCC1F19601C840704796394C
:107810008840704700F0004230F000400AD0C10DAF
:1078200001F56071C0F3160042EA0151C208400739
:1078300011437047002001467047000030B5041E18
:1078400071F1000404DB4FF00044404264EB01019D
:10785000141E73F1000405DB1C464FF00043524236
:1078600063EB04038B4208BF824230BD01F000434A
:1078700030B421F0004150EA010206D00A0DA2F511
:107880006072C1F31301002A02DC30BC0020704793
:10789000440F44EAC104C100E01830BC00EBC25000
:1078A00000F07CB8002801DBC0F10040002901DBBA
:1078B000C1F1004181427047002801DBC0F1004066
:1078C000002901DBC1F100418842704730B50B4609
:1078D000014600202022012409E021FA02F59D4200
:1078E00005D303FA02F5491B04FA02F52844151ED4
:1078F000A2F10102F1DC30BD2DE9F05F0546002068
:1079000092469B4688460646814640241BE0284610
:1079100041464746224600F02FF953465A46C01AC0
:10792000914110D311461846224600F016F82D1A40
:1079300067EB01084F4622460120002100F00DF8B8
:1079400017EB00094E41201EA4F10104DFDC48467C
:1079500031462A464346BDE8F09F202A04DB203A00
:1079600000FA02F1002070479140C2F1200320FA92
:1079700003F3194390407047202A06DBCB17203AC7
:1079800041FA02F043EAE07306E041FA02F3D04024
:10799000C2F1200291400843194670470029A8BF50
:1079A0007047401C490008BF20F00100704710B428
:1079B000B0FA80FC00FA0CF050EA010404BF10BCDD
:1079C000704749B1CCF1200421FA04F411FA0CF10A
:1079D00018BF012121430843A3EB0C01CB1D4FEA43
:1079E00000614FEA102042BF002010BC704700EB3E
:1079F000C35010440029A4BF10BC7047401C49006C
:107A000008BF20F0010010BC704710B5141E73F1C0
:107A1000000408DA401C41F1000192185B411A434E
:107A200001D120F0010010BD2DE9F04D92469B469A
:107A300011B1B1FA81F202E0B0FA80F22032904640
:107A4000FFF78BFF04460F4640EA0A0041EA0B01AC
:107A500053465A46084313D0114653EA010019D041
:107A6000C8F14002504600F087F805460E465046E1
:107A700059464246FFF771FF084305D0012004E054
:107A800020463946BDE8F08D0020054346EAE07601
:107A90002C4337430A986305E40AA0EB0800002250
:107AA000FD0A44EA47540A3002D500200146E9E7BE
:107AB000010510196941DDE9084500196941BDE872
:107AC000F04DA2E770B521F0004303430CD0C1F3A1
:107AD0000A550024D5EB040564EB0403D617AD1A50
:107AE000B34102DB0020014670BD201841EB02517A
:107AF00070BDC1F30A52C1F3130140F2FF3341F4E8
:107B000080119A4202DA00200146704740F2334366
:107B10009A42A2F2334202DC524200F02DB8FFF743
:107B20001CBF000030B5041E71F1000404DB4FF0EF
:107B30000044404264EB0101141E73F1000405DBB4
:107B40001C464FF00043524263EB0403994208BFC6
:107B5000904230BD064C074D06E0E06840F001035E
:107B600094E8070098471034AC42F6D3F8F7C2FA0D
:107B7000A09A0008C09A0008202A04DB203A21FAC3
:107B800002F00021704721FA02F3D040C2F1200236
:107B900091400843194670472DE9F04D00231A46DD
:107BA0001B1A8A4103DB00200146BDE8F08DC1F3BA
:107BB0000A52C1F3130141F480154FF0000BD107B5
:107BC00002D100186D41521E0027044640F2FF11F9
:107BD000384601EB620A3E468046024600204FF4DA
:107BE0008011FFF7C9FFC2197141BB1846EB0100B4
:107BF000B4EB030C75EB000C04D3E41A65EB000541
:107C000017460E46241908F101006D4180463428BC
:107C1000E3DDF91946EB0600091BA84103D24FF03A
:107C2000FF32134601E0002213461BEB070046EB30
:107C30000A51BDE8F04DFFF7E8BE70B58C1810F89A
:107C4000015B15F0070301D110F8013B2A1106D1A1
:107C500010F8012B03E010F8016B01F8016B5B1EBB
:107C6000F9D12B0705D40023521E0DD401F8013B96
:107C7000FAE710F8013BCB1A921C03E013F8015B02
:107C800001F8015B521EF9D5A142D8D3002070BD86
:107C90000FB4084B10B504A902AA039800F060F9CC
:107CA000044602A9002000F0F2FC204610BC5DF85A
:107CB00014FB00008F860008490050EAC12018BF5D
:107CC00004204A0D18BF40F0010040F2FF72B2EBF1
:107CD000515F08BF40F00200012808BF052070472F
:107CE0002DE9F0414F1E00EBC7010446D1E9000128
:107CF00015461E4637F006020DD02A463346FFF7DA
:107D00005CFC7F1E04EBC703D3E90023FFF7AEFB47
:107D100037F00602F1D1022F25D0042F13D0062F01
:107D200018BFBDE8F0812A463346FFF746FCD4E988
:107D30000A23FFF79BFB2A463346FFF73EFCD4E9B4
:107D40000823FFF793FB2A463346FFF736FCD4E9B6
:107D50000623FFF78BFB2A463346FFF72EFCD4E9B8
:107D60000423FFF783FB2A463346FFF726FCD4E9BA
:107D70000223FFF77BFB2A463346FFF71EFCD4E9BC
:107D80000023BDE8F041FFF771BB0122FFF79ABE67
:107D9000FFF76CBB0022134610461146FFF77FBC6D
:107DA000024A00201107FFF78DBE000001FDFFFF12
:107DB00002E008C8121F08C1002AFAD170477047B4
:107DC000002001E001C1121F002AFBD17047000012
:107DD0000149086070470000B40100202DE9FF5FF1
:107DE00082B00021DDE90430020DDDF840B003432C
:107DF00018D044F61050A2F2FF32424315141198E5
:107E000001281FD0A5EB0B00401C5FEA000A4FF0D1
:107E100000064E4FDFF83891B046504615D5CAF1EE
:107E2000000413E0119801244AA3012801D16FEA4C
:107E30000B010298119AC0E90031C0E9024206B074
:107E4000BDE8F09FCBF10000DFE704460021404A87
:107E5000491842EB0450CDE9001012E0E00707D0CA
:107E600032463B4640464946FFF7A7FB80468946D7
:107E700032463B4610461946FFF79FFB06460F4623
:107E80006410002CEAD1DDE90401DDE90023BAF138
:107E9000000F06DAFFF791FB42464B46FFF78DFBDA
:107EA00005E0FFF7FCFB42464B46FFF7F8FB0446B4
:107EB0000E460022284BFFF735FE03D84FF0FF3067
:107EC000014607E00022254B20463146FFF7CEFA57
:107ED000FFF70FFE102409E0002C0ADB0A22002322
:107EE000FFF70AFD039B30321A55641E50EA010267
:107EF000F2D1641C039AC4F111031444119A012AAB
:107F000003D0012208430DD10AE0084304D0002029
:107F10004FF0110B119072E7A3EB0B056D1E0DE0F6
:107F20005B4504DD4FF0000205F1010504E003DAD2
:107F30004FF00002A5F10105002AECD0029811993A
:107F4000C0E90231C0E9004579E7000000001440B3
:107F50000000F03F300000000000F0430000E03F70
:107F60002DE9FF4F95B09B468946064600250FE256
:107F7000252877D100242746F84A0121059400E0FE
:107F8000044316F8013F203B01FA03F01042F7D1F9
:107F900030782A2811D06FF02F033078A0F130020A
:107FA000092A16D8059A44F0020402EB820203EB78
:107FB00042021044761C0590EFE759F8042B059215
:107FC000002A03DA504244F40054059044F00204BD
:107FD000761C30782E2816D116F8010F44F00404D0
:107FE0002A280DD06FF02F023078A0F13003092B32
:107FF00009D807EB870302EB4303C718761CF3E7A6
:1080000059F8047B761C30786C280FD006DC4C289D
:1080100017D068280DD06A2814D104E0742810D035
:108020007A280FD10DE044F400140AE044F48014DF
:1080300001E044F440147278824202D104F58014C5
:10804000761C761C307866280BD013DC582877D045
:1080500009DC002875D04528F6D04628F4D04728FA
:108060001AD19DE118E0632835D0642879D06528BD
:1080700012D195E1702873D008DC6728F1D0692807
:108080006FD06E280DD06F2806D1B5E073282CD0A4
:10809000752875D0782874D05A46179990476D1C6A
:1080A00075E1C4F30250022809D003280DD0D9F895
:1080B000001004280DD00D6009F1040967E1D9F81A
:1080C0000010EA17C1E90052F6E7D9F800100D8058
:1080D000F2E70D70F0E719F8041B8DF8001000208E
:1080E0008DF80100EA46012003E059F804AB4FF097
:1080F000FF3061074FF0000102D40DE008F10101EB
:108100008846B9420FDA8045F8DB1AF808100029D2
:10811000F4D108E008F1010188468142FADB1AF83F
:1081200008100029F6D105985B46A0EB0807214608
:108130003846179A00F094FA284400EB080507E047
:108140004DE029E10DE01AF8010B5A4617999047C6
:10815000B8F10108F7D25B4621463846179A13E179
:1081600042E00A220092C4F302524FF0000A022AAF
:1081700008D059F804CB032A4FEAEC710AD00DE07D
:1081800029E02AE009F1070121F00702F2E802C123
:10819000914609E00FFA8CFC4FEAEC71042A03D1F6
:1081A0004FFA8CFC4FEAEC71002907DA0A460021ED
:1081B000DCF1000C61EB02012D2202E0220504D566
:1081C0002B228DF80420012203E0E20701D02022B7
:1081D000F7E7904659E00A2102E010220DE0102155
:1081E0004FF0000A00910BE010224FF0000A44F01B
:1081F00004040827009203E008224FF0000A0092CE
:10820000C4F30252022A05D059F804CB0021032AF4
:1082100008D009E009F1070121F00702F2E802C1E4
:10822000914605E01FFA8CFC042A01D10CF0FF0CEA
:108230004FF00008220728D5702806D0009B83F055
:10824000100353EA0A0305D00EE040228DF8042003
:10825000012208E05CEA010206D030228DF80420F9
:108260008DF8050002229046009B83F0080353EA34
:108270000A030AD15CEA010201D1620705D5302266
:108280008DF804204FF001087F1E582804D034A038
:1082900003900EA802900DE036A0F9E75346604621
:1082A000009AFFF729FB84460398825C0298401EDF
:1082B000029002705CEA0100F0D1029806A9081A47
:1082C00000F1200A600702D524F4803400E0012781
:1082D000574502DDA7EB0A0000E0002000EB0A0191
:1082E000009005984144401A0590E00306D45B468F
:1082F0002146179A059800F0B3F90544002706E0D7
:1083000001A85A46C05D179990476D1C7F1C4745D0
:10831000F6DBE0030CD55B462146179A059800F082
:108320009FF9054404E030205A46179990476D1C88
:108330000099481E00900029F5DC08E00298029997
:108340005A460078491C0291179990476D1CBAF162
:108350000001AAF1010AF1DC65E100000928010031
:1083600030313233343536373839616263646566AB
:10837000000000003031323334353637383941426D
:10838000434445460000000000F058F90544761CBF
:10839000307800287FF4ECAD19B02846BDE8F08FA6
:1083A000620700D4062709F1070222F0070CFCE857
:1083B0000223E14603F000485FEA080C02D00FF206
:1083C000702C0DE05FEA045C02D50FF2682C07E028
:1083D0005FEAC47C02D00FF2602C01E0AFF2700CB7
:1083E0004FF0FF3823F00043CDF850C065280CD083
:1083F00006DC452809D046281DD047283DD13DE060
:10840000662818D067287ED138E00021112F01DBC3
:10841000112000E0781CCDE9000106A90EA8FFF7A5
:10842000DDFCDDE90F010E9A03910021009207F1B6
:10843000010A04914DE04FF000400097CDE9011092
:1084400006A90EA8FFF7CAFCDDE90F0203920E9BF6
:1084500011990022DDF80CA00093049211B9791C47
:1084600000EB010AB7EB0A0004D4C0F1FF3007F1BA
:10847000010A0490AAEB0700019044E0012F00DA02
:1084800001270021112F01DD112000E03846CDE940
:10849000000106A90EA8FFF7A1FCDDE90F010E9A65
:1084A0000391002104910092BA4621070CD403994C
:1084B000514500DA8A46BAF1010F05DD009AAAF1AA
:1084C0000101515C302908D0B84202DA10F1040FE2
:1084D00006DA0121CDE9011015E0AAF10101E9E771
:1084E000002805DC049901440491AAEB000102E094
:1084F000411C514500DD8A460499401A401C0190F8
:108500004FF000400290200704D40198504501DB51
:10851000CDF8048000208DF84F0002980DF14F0730
:10852000B0F1004F25D02B200E9002984FF002089A
:1085300000280CDA404202902D200E9007E00A211C
:108540000298FFF7C3F93031029007F8011DB8F126
:108550000001A8F10108F2DC02980028EFD1791E91
:108560000E980870307800F0200040F0450007F8C1
:10857000020D12A8C01B00F107081498007800B182
:10858000012000EB0A01019801EBE07105984144DC
:10859000401A401E0590E00306D45B462146179A18
:1085A000059800F05DF805441498007818B15A4613
:1085B000179990476D1CE00324D55B462146179A16
:1085C000059800F04DF805441CE00498002807DBEE
:1085D000DDE90301884203DD0098405C179901E062
:1085E000179930205A469047049805F10105401C20
:1085F00004900198401E019004D12E205A461799EC
:1086000090476D1CBAF10001AAF1010ADDDC05E01A
:1086100017F8010B5A46179990476D1CB8F10001E5
:10862000A8F10108F4DC5B462146179A0598ABE6F1
:108630002D0000002B000000200000002DE9F0417B
:10864000044600251E461746880404D405E0394632
:108650002020B0476D1C641EF9D52846BDE8F08186
:108660002DE9F041044600251E469046C80301D579
:10867000302700E02027880404D505E0414638462D
:10868000B0476D1C641EF9D52846BDE8F0810A6824
:10869000531C0B60107070472DE9F04D8D4F21F089
:1086A000004A86B005460C46BA452ADBAAEB07000D
:1086B00028430AD08848824501DC1AD1CDB106B0E2
:1086C0002846BDE8F04DFFF760BB844A844B28463E
:1086D000FEF773FF07460E46824A834B2846214623
:1086E000FEF76BFF06B03A463346BDE8F04DFEF7A5
:1086F000BDBE0120FFF76CFB06B0BDE8F04DFFF7F3
:1087000049BB7A48824542DABAF1795F0BDA2846EA
:10871000FFF7D2FA042808BFFFF742FB284606B04D
:108720002146BDE8F08D2A460B461046FEF745FF70
:10873000834602466E480E460B4606217844FFF7F4
:10874000CFFA5A463346FEF738FF804669488A46D4
:108750005A46334604217844FFF7C2FA5A46334654
:10876000FEF72BFF00223B46FEF780FE02460B463B
:1087700040465146FEF793FF2A462346FEF71DFF6B
:1087800006B02A462346BDE8F04DFEF76FBE2846E8
:1087900024F0004100223D463B46FEF70BFF4FF020
:1087A000FF32FFF78FF90646024653480F460B4645
:1087B00006217844FFF794FA32463B46FEF7FDFE69
:1087C000CDE900014D4832463B4604217844FFF78D
:1087D00087FA32463B46FEF7F0FE00222B46FEF7B4
:1087E00045FE834602913046394600F05DFA8046E8
:1087F00043480D46504517DCDDE900015A46029B0F
:10880000FEF74DFF42462B46FEF7D7FE42462B466B
:10881000FEF72CFE0122FFF755F9304A304BFEF7E8
:10882000C6FE304A304B4CE04FF0000A52460B4631
:108830004046FEF71BFECDE9031052462B4610467C
:108840001946FEF7BAFE32463B46FEF7B3FEDDE9B7
:108850000332FEF724FF06460F46DDE900015A46C3
:10886000029BFEF71CFF83460091012230463946E9
:10887000FFF728F9194A1A4BFEF79CFE06460F46E9
:10888000012240462946FFF71DF95A46009BFEF794
:1088900094FE32463B46FEF78AFE06460F4601220C
:1088A00050462946FFF70EF90E4DDFF858802A464C
:1088B0004346FEF77FFE32463B46FEF77BFE2A46E6
:1088C0004346FEF777FE002CD8BF81F0004106B08A
:1088D000BDE8F08D0000F03F0000F07F075C14332E
:1088E00026A6913C182D4454FB21F93F0000E03F9F
:1088F0002012000036120000AA110000C011000072
:108900003333EF3FFB21E93F2DE9F84F04460D4695
:1089100021F0004000917349814211DC7249884284
:1089200001DC06D12CB120462946BDE8F84FFFF7FF
:108930002CBA6E48002DCCBF6D496E49BDE8F88F4A
:108940006D49814211DD6D498142D8BF4FF0FF363C
:108950006DDD20462946FFF7AFF9042808BFFFF771
:108960001FFA20462946BDE8F88F6549654F25F076
:108970000045814233DD6449814219DD00263246DB
:108980004FF0804320462946FEF770FD80468A4618
:10899000012220462946FFF795F800223B46FEF7C4
:1089A00006FE42465346FEF77AFE04460D463EE07A
:1089B00001260022BA463B4620462946FEF756FDD0
:1089C00080460F460022534620462946FEF7EFFD1B
:1089D00042463B46FEF763FE04460D4627E04B4900
:1089E00081421BDDDFF828A10226002253462046E3
:1089F0002946FEF7E2FD00223B46FEF737FD8046A2
:108A00000F460022534620462946FEF7D0FD424637
:108A10003B46FEF744FE04460D4608E00326224688
:108A20002B4600203B49FEF73AFE04460D462246FF
:108A30002B4610461946FEF7C0FD8B46824602467D
:108A40000B46FEF7BAFD07460246334888460B46FA
:108A500006217844FFF744F952465B46FEF7ADFD28
:108A600082462E488B463A46434605217844FFF716
:108A700037F93A464346FEF7A0FD02460B46002E64
:108A8000504659460CDAFEF7F1FC22462B46FEF71B
:108A900094FD01B022462B46BDE8F04FFEF78ABD9B
:108AA000FEF7E4FC22462B46FEF787FD1C4A7A447B
:108AB00002EBC603D3E90023FEF779FD22462B46DD
:108AC000FEF775FD174A7A4402EBC603D3E900238B
:108AD000FEF770FD009A002AB8BF81F00041BDE8A2
:108AE000F88F0000000010440000F07F182D44545F
:108AF000FB21F93FFB21F9BF0000DC3F0000203ED5
:108B00000000F33F0000F03F0000E63F008003401C
:108B10000000F83F0000F0BFC20F0000800F00000F
:108B20001E0F0000E60E00002DE9F04D9446CCF13A
:108B3000000423F000464CEA0404524F46EAD47481
:108B40009A46884621F00042BC4206D8454240EA97
:108B5000050442EAD474BC4204D9BDE8F04D624633
:108B6000FFF716B9AAF14055A5F17F6555EA0C0447
:108B70000BD0022404EAAA74434DDFF810E144EA62
:108B8000D87452EA000B04D00CE0BDE8F04DFFF7BA
:108B9000BBBE002C14BF012CBDE8F08D022C30D0E0
:108BA000032C32D056EA0C0B0AD0BE4220D1BA4276
:108BB00009D126F0804622F080423346114617E064
:108BC00000291ADB25E0DFF8C8B0FB44002C04BF05
:108BD000DBE90001BDE8F08D012C02BFDBE90001FB
:108BE00081F00041BDE8F08D022C0AD0032C0CD09E
:108BF000BA4212D1B8F1000F0BDA23482549BDE87B
:108C0000F08D28462449BDE8F08D28467146BDE820
:108C1000F08D1D482149BDE8F08D921B12153C2AAC
:108C2000C4BF19481D490EDCBAF1000FBEBF12F1D6
:108C30003C0F0020014606DB6246FEF730FD21F0C6
:108C40000041FFF761FE002C08BFBDE8F08D012C4C
:108C500004BF81F00041BDE8F08D114A114B022C98
:108C600007D0FEF7A4FC2A46BDE8F04D0A4BFEF7FC
:108C70009EBCFEF79CFC2A46BDE8F04D064BFEF775
:108C800099BC00000000F07F182D4454FB2109C05E
:108C90007A0E0000FB21F9BFFB210940FB21F93FBF
:108CA000075C143326A6A13C2DE9F04106460F4689
:108CB000FEF772FF041E0D4618BF0120284320F066
:108CC0000040C0F17F6000F1E040C00F0ED0301CCA
:108CD00018BF0120384320F00040C0F17F6000F150
:108CE000E040C00F04BF0120FFF772F8204629467C
:108CF000BDE8F081000000009A99999999E96740D0
:108D0000295C8FC2F528CC3F000000000000124013
:108D1000B81E85EB51B8BE3F6800000476005401D0
:108D2000F7FD000175191A0C6A231B1C1F207274B1
:108D3000433B4138393A6B6C376F06246D6E7000D7
:108D40008300000000080000000100183200050048
:108D5000000020410000D242295C0F3E9A99993EC2
:108D60003333733F295C0F3E000070000000002485
:108D7000000000020003000000650054FFEF000047
:108D8000FA80000B12820001030C30C30E8C8CE9B8
:108D900014D5400213710F8E3883F8833000F883A6
:108DA000258EF8833000F883FFFFFFFF0FFEA9D662
:108DB000240004001A8279A10000003CFFFF00009B
:108DC0000010000038836FA2003E03304000000016
:108DD00002CAE3093E8000002000000000000000FD
:108DE0004000000060000000000C0000000C186E45
:108DF000000006920A16C0DFFFFF0256FD8CD377F3
:108E0000FFE1C496E0C5BEAA00000000FFFF0B2BE7
:108E100000001657000003594000000000001DFA32
:108E200000026C1D000000003FFFDFEB003EB3B608
:108E3000000D227800002F3C00000000001942B510
:108E4000000039A20000B365D90E9FC91DCF4C3474
:108E500030000000500000003BB67AE800640000DB
:108E600000C8000000000000100000001000FA928E
:108E70001000225E000D229F000100000032000061
:108E8000FF46000063D400001000000004D600007C
:108E900004CC000004CC0000000010720000004070
:108EA00000000000000000000006000200050007AE
:108EB0000000000000640000000000000000000549
:108EC0000005006400200000000000000000000019
:108ED000000040000000030000000032F89800008D
:108EE000FF650000830F0000FF9BFC0000000000F6
:108EF0000000000000000000000000000000000072
:108F00000000000000000000000000000000000061
:108F100000000000000010004000000000000006FB
:108F20000000B26A000200000001FB83006800003C
:108F300000D9FC007CF1FF83000000000065000008
:108F4000006403E800640028000000250000000021
:108F500016A000000000100000001000002F00000C
:108F6000000001F40000100000280000FFFF458110
:108F7000FFFFFA720000000000000000004400053E
:108F80000005BAC6004778A20000000100000000FA
:108F900000000600000000140000254D002F706D39
:108FA000000005AE000C02D0000000000000000030
:108FB0000000000000000000001B00000000000096
:108FC0000000000000000000006400000008000035
:108FD0000000000000000000000000000000000091
:108FE0000000000000000000000000000000000081
:108FF0000000000000000000000000000000000071
:109000000000000000000000000000000000000060
:109010000000000000000000000000000000000050
:109020000000000000000000001B00000000000025
:1090300000000000000E000E00000AC7000400003F
:1090400000000032FFFFFF9C00000B2B000000021D
:109050000000000100000064FFE5000000000000C7
:1090600000000000000000000000000100000000FF
:1090700000010000000000000001800000018000ED
:1090800000018000002426D3000000000000000042
:10909000000600100096003C0000000000000000E8
:1090A00000000000000000000C0A4E68CDCF7709D8
:1090B00050166759C619CE8200000000000000005B
:1090C00000000000000000000000000000000000A0
:1090D00017D784000300000000000000000000001B
:1090E000C7938F9D1E1B1C1900000000000000008C
:1090F0000000000000000000000000000000000070
:109100000203188500004000000000030000000377
:10911000000000000000000040000000000000000F
:10912000000000000000000000000000000000003F
:10913000000000000000000000000000000000002F
:10914000000000000000000000000000677DDF7EDE
:1091500072902E554CF6E6880000000000000000DA
:109160000000000000000000D8DCB4B8B0D8B9ABF3
:10917000F3F8FAB3B7BB8E9EAEF132F51BF1B4B87B
:10918000B08097F1A9DFDFDFAADFDFDFF2AAC5CD6C
:10919000C7A90CC92C97F1A989264666B28999A955
:1091A0002D557DB0B08AA896365676F1BAA3B4B2E2
:1091B00080C0B8A89711B28398BAA3F024084410CD
:1091C0006418B2B9B49883F1A329557DBAB5B1A397
:1091D0008393F0002850F5B2B6AA839328547CF10B
:1091E000B9A3829361BAA2DADEDFDB819AB9AEF568
:1091F000606870F1DABAA2DFD9BAA2FAB9A3829292
:10920000DB31BAA2D9BAA2F8DF85A4D0C1BBAD8345
:10921000C2C5C7B8A2DFDFDFBAA0DFDFDFD8D8F171
:10922000B8AAB38DB4980D355DB2B6BAAF8C9619A5
:109230008F9FA70E161EB49AB8AA872C547CBAA486
:10924000B08AB691325676B28494A4C808CDD8B804
:10925000B4B0F19982A82D557D98A80E161EA22CA7
:10926000547C92A4F02C5078F184A898C4CDFCD8FA
:109270000DDBA8FC2DF3D9BAA6F8DABAA6DED8BA67
:10928000B2B68696A6D0F3C841DAA6C8F8D8B0B46C
:10929000B882A892F52C548898F135D9F418D8F1F1
:1092A000A2D0F8F9A884D9C7DFF8F883C5DADF6956
:1092B000DF83C1D8F40114F1A8824EA884F311D140
:1092C00082F5D992289788F109F41C1CD884A8F358
:1092D000C0F9D1D99782F129F40DD8F3F9F9D1D990
:1092E00082F4C203D8DEDF1AD8F1A2FAF9A8849872
:1092F000D9C7DFF8F8F883C7DADF69DFF883C3D8A6
:10930000F40114F198A8822EA884F311D182F5D922
:1093100092509788F109F41CD884A8F3C0F8F9D1C9
:10932000D99782F149F40DD8F3F9F9D1D982F4C46F
:1093300003D8DEDFD8F1AD8898CCA809F9D982929C
:10934000A8F57CF1883ACF944A6E98DB6931DAADA2
:10935000F2DEF9D88795A8F221D1DAA5F9F417D968
:10936000F1AE8ED0C0C3AE82C684C3A88595C8A511
:1093700088F2C0F1F4010EF18E9EA8C63E56F55457
:10938000F18872F40115F19845856EF58E9E04887A
:10939000F142985A8E9E068869F4011CF1981E11BC
:1093A00008D0F504F11E970202983625DBF9D9851D
:1093B000A5F3C1DA85A5F3DFD88595A8F309DAA569
:1093C000FAD88292A8F578F1881A849F2688982185
:1093D000DAF41DF3D8879F39D1AFD9DFDFFBF9F479
:1093E0000CF3D8FAD0F8DAF9F9D0DFD9F9D8F40BC0
:1093F000D8F3879F39D1AFD9DFDFF41DF3D8FAFC5A
:10940000A869F9F9AFD0DADEFAD9F88F9FA8F1CCC4
:10941000F398DB45D9AFDFD0F8D8F18F9FA8CAF316
:109420008809DAAF8FCBF8D8F2AD978D0CD9A5DFCC
:10943000F9BAA6F3FAF412F2D8950DD1D9BAA6F377
:10944000FADAA5F2C1BAA6F3DFD8F1BAB2B68696B7
:10945000A6D0CAF349DAA6CBF8D8B0B4B8D8AD8450
:10946000F2C0DFF18FCBC3A8B2B68696C8C1CBC31A
:10947000F3B0B48898A821DB718D9D71859521D9B1
:10948000ADF2FAD88597A828D9F408D8F28D29DA50
:10949000F405D9F285A4C2F2D8A88D9401D1D9F4EB
:1094A00011F2D88721D8F40AD8F28498A8C801D13B
:1094B000D9F411D8F3A4C8BBAFD0F2DEF8F8F8F8AD
:1094C000F8F8F8F8D8F1B8F6B5B9B08A95A3DE3C4B
:1094D000A3D9F8D85CA3D9F8D87CA3D9F8D8F8F9DF
:1094E000D1A5D9DFDAFAD8B18530F7D9DED8F8308E
:1094F000ADDADED8F2B48C99A32D557DA083DFDFE1
:10950000DFB591A0F629D9FBD8A0FC29D9FAD8A0BB
:10951000D051D9F8D8FC51D9F9D879D9FBD8A0D0F5
:10952000FC79D9FAD8A1F9F9F9F9F9A0DADFDFDF86
:10953000D8A1F8F8F8F8F8ACDEF8ADDE8393AC2CDF
:10954000547CF1A8DFDFDFF69D2CDAA0DFD9FADB4F
:109550002DF8D8A850DAA0D0DED9D0F8F8F8DB552D
:10956000F8D8A878DAA0D0DFD9D0FAF8F8F8F8DB84
:109570007DF8D89CA88CF530DB38D9D0DEDFA0D0C0
:10958000DEDFD8A848DB58D9DFD0DEA0DFD0DED8B8
:10959000A868DB70D9DFDFA0DFDFD8F1A888902CC6
:1095A000547C98A8D05C38D1DAF2AE8CDFF9D8B010
:1095B00087A8C1C1B188A8C6F9F9DA36D8A8F9DAFE
:1095C00036D8A8F9DA36D8A8F9DA36D8A8F9DA36CA
:1095D000D8F78D9DADF818DAF2AEDFD8F7ADFA30D6
:1095E000D9A4DEF9D8F2AEDEFAF983A7D9C3C5C78C
:1095F000F1889BA77AADF7DEDFA4F8849408A797DB
:10960000F300AEF29819A488C6A39488F632DFF26C
:109610008393DB09D9F2AADFD8D8AEF8F9D1DAF30F
:10962000A4DEA7F1889B7AD8F38494AE19F9DAAA5C
:10963000F1DFD8A881C0C3C5C7A39283F628ADDEE9
:10964000D9F8D8A350ADD9F8D8A378ADD9F8D8F8BF
:10965000F9D1A1DADEC3C5C7D8A18194F818F2B058
:1096600089ACC3C5C7F1D8B8B4B09786A8319B06FA
:109670009907AB9728889BF00C201440B0B4B8F041
:10968000A88A9A285078B79BA82951792470594400
:109690006938644831F1BBAB88002C547CF0B38B43
:1096A000B8A804285078F1B088B49726A85998BB78
:1096B000ABB38B02264666B0B8F08A9CA8295179D4
:1096C0008B2951798A2470598B2058718A446938C2
:1096D0008B3940688A6448318B30496088F1AC002E
:1096E0002C547CF08CA804285078F1889726A8592F
:1096F00098AC8C02264666F0899CA8295179247082
:1097000059446938644831A98809205970AB113827
:109710004069A8193148608CA83C415C207C00F16C
:1097200087981986A86E767EA999882D557DD8B11F
:10973000B5B9A3DFDFDFAED0DFAAD0DEF2ABF8F938
:10974000D9B087C4AAF1DFDFBBAFDFDFB9D8B1F191
:10975000A3978E60DFB084F2C8F8F9D9DED893857C
:10976000F14AB183A308B5839A0810B79F10D8F1C6
:10977000B0BAAEB08AC2B2B68E9EF1FBD9F41DD893
:10978000F9D90CF1D8F8F8AD61D9AEFBD8F40CF1E9
:10979000D8F8F8AD19D9AEFBDFD8F416F1D8F8AD8A
:1097A0008D61D9F4F4ACF59C9C8DDF2BBAB6AEFA82
:1097B000F8F40BD8F1AED0F8AD51DAAEFAF8F1D832
:1097C000B9B1B6A3839C08B9B1839AB5AAC0FD30DC
:1097D00083B79F10B58B93F20202D1ABDADED8F1DA
:1097E000B080BAABC0C3B284C1C3D8B1B9F38BA344
:1097F00091B609B4D9ABDEB0879CB9A3DDF1B38BC8
:109800008B8B8B8BB087A3A3A3A3B28BB69BF2A346
:10981000A3A3A3A3A3A3A3A3A3F1B087B59AA3F380
:109820009BA3A3DCBAACDFB9A3A3A3A3A3A3A3A365
:10983000A3A3A3A3A3A3A3A3D8D8D8BBB3B7F1AAC8
:10984000F9DAFFD9809AAA28B48098A720B7978719
:10985000A86688F07951F1902C870CA781976293C4
:10986000F071716085940129517990A5F1284C6CB3
:10987000870C95188578A38390284C6C886CD8F356
:10988000A28200F210A8921980A2F2D926D8F188FB
:10989000A84DD948D896A83980D93CD89580A83900
:1098A000A68698D92CDA87A72CD8A8899519A980DB
:1098B000D938D8A88939A980DA3CD8A82EA83990F7
:1098C000D90CD8A8953198D90CD8A809D9FFD801B6
:1098D000DAFFD89539A9DA26FFD890A80D8999A87A
:1098E00010809821DA2ED88999A83180DA2ED8A84C
:1098F00086963180DA2ED8A8873180DA2ED8A882D1
:1099000092F34180F1D92ED8A882F31980F1D92E93
:10991000D882ACF3C0A28022F1A62EA72EA922984D
:10992000A829DAACDEFFD8A2F22AF1A92E8292A8E9
:10993000F23180A696F1D900AC8C9C0C30ACDED014
:10994000DEFFD88C9CACD010ACDE8092A2F24C82B0
:10995000A8F1CAF235F19688A6D900D8F1FF000027
:10996000555555555555C53F7D6FEB0312D6D4BFA0
:109970005544880E55C1C93F3B8F68B52882A4BFA6
:1099800088B20175E0EF493F09F7FD0DE13D023F67
:109990004B2D8A1C273A03C0C88A599CE52A0040EF
:1099A00059018D1B6C06E6BF82922EB1C5B8B33F3C
:1099B0004FBB610567ACDD3F182D4454FB21E93FE7
:1099C0009BF681D20B73EF3F182D4454FB21F93FD6
:1099D000E2652F227F2B7A3C075C143326A6813C5C
:1099E000BDCBF07A8807703C075C143326A6913C07
:1099F000C4EB98999999C9BF711623FEC671BCBF73
:109A00006D9A74AFF2B0B3BF9AFDDE522DDEADBFDA
:109A10002F6C6A2C44B4A2BF0D5555555555D53FF2
:109A2000FF8300922449C23F6E204CC5CD45B73F0D
:109A3000513DD0A0660DB13FEB0D76244B7BA93F85
:109A400011DA22E33AAD903F000000000000000070
:109A50002050726F6475637420494420726561649C
:109A6000206173203020696E6469636174657320BE
:109A700064657669636520697320656974686572D9
:109A800020696E636F6D70617469626C65206F72BE
:109A900020616E204D5055333035302E0A000000C5
:109AA000C09A000800000020B80100003A7C0008BD
:109AB000209B0008B801002088050000C07D000838
:109AC000412D0102030404100906070809020406D7
:109AD0000884A24A04691832FF2904520103428013
:109AE0003F032C40412009CD4C3F43AE47613E0728
:109AF0006890408FC2F53D03168813232003300978
:109B00006F12833AA69B443B07293F0AD7A33B0128
:109B1000EB803F0C13248D1B08180401205A4024AD
:04000005080000ED02
:00000001FF
