:020000040800F2
:1000000078070020F1480008B9310008BB3100082A
:10001000BF310008C3310008C731000800000000EC
:10002000000000000000000000000000CB310008CC
:10003000CD31000800000000CF310008D1310008A8
:100040000B4900080B4900080B4900080B49000840
:100050000B4900080B4900080B490008AB47000892
:100060000B4900080B4900080B4900080B49000820
:100070000B4900080B4900080B4900080B49000810
:100080000B4900080B4900080B4900080B49000800
:100090000B4900080B4900080B4900080B490008F0
:1000A0000B4900080D4700080B4900080B490008E0
:1000B0000B49000865280008752800080B4900084E
:1000C0000B4900080B4900080B4900080B490008C0
:1000D0000B4900080B4900080B4900080B490008B0
:1000E0000B4900080B4900080B490008DFF80CD049
:1000F00007F06AFF004800478126000878070020C3
:1001000031490143314A1160704770B50021002325
:100110000F22C47804B32D4C246804F4E064C4F5C1
:10012000E064210AC1F10403CA40447804FA03F1EF
:100130008478144021430901254C0678A1550478A0
:1001400004F01F050124AC4005786D11AD0005F1E8
:10015000E025C5F8004109E0047804F01F050124FA
:10016000AC401C4D0678761145F8264070BD1A4A01
:100170000A400243154B1B1F1A60704739B1134ADE
:10018000121D12680243114B1B1D1A6006E00F4A34
:10019000121D126882430D4B1B1D1A607047042804
:1001A00008D14FF0E021096941F004014FF0E0224D
:1001B000116107E04FF0E021096921F004014FF0DF
:1001C000E0221161704700000000FA050CED00E02C
:1001D00000E400E080E100E080FFFF1F00204449D0
:1001E0000860091D0860091D0860091D0860414874
:1001F0003F4914310860704700213D498279002A47
:100200003AD00A46126803689A430B461A600A1DE0
:10021000126803689A430B1D1A60027911440A6838
:1002200003681A430A60324A0832126803689A4324
:100230002F4B08331A601A1D126803689A432C4B1F
:100240000C331A604279102A0ED11A1F1268036803
:100250001A43274B08331A601A1D126803681A43A1
:10026000234B0C331A600DE02149427911440A688E
:1002700003681A430A6005E0027911440A680368BA
:100280009A430A6070470021016001710C2141719D
:100290000021817170471649103109680143144AE1
:1002A00010321160704701460020114A1432126862
:1002B0000A400AB1012000E0002070470C491431C7
:1002C00008607047014600200022094B1B6803EAC2
:1002D0000102074B14331B680B4013B10AB1012014
:1002E00000E00020704702491431086070470000A8
:1002F00000040140FFFF0F0010B50446CC488442C3
:1003000008D10121042000F02DFB0021042000F081
:1003100029FB46E0C748844208D10121082000F0AB
:1003200021FB0021082000F01DFB3AE0C248844276
:1003300008D10121102000F015FB0021102000F051
:1003400011FB2EE0BD48844208D10121202000F09D
:1003500009FB0021202000F005FB22E0B848844280
:1003600008D10121402000F0FDFA0021402000F0DA
:10037000F9FA16E0B348844208D10121802000F048
:10038000F1FA0021802000F0EDFA0AE0AE48844244
:1003900007D10121801500F0E5FA0021A01500F039
:1003A000E1FA10BD10B50121084600F0DBFA00218A
:1003B000012000F0D7FA10BD2DE9F04102460025DA
:1003C0000026002000230024002791F803C00CF031
:1003D0000F0591F803C00CF0100CBCF1000F03D016
:1003E00091F802C04CEA050591F800C0BCF1000F7D
:1003F00031D0146800202BE04FF0010C0CFA00F310
:10040000B1F800C00CEA03069E4220D183004FF0F1
:100410000F0C0CFA03F7BC4305FA03FC4CEA040486
:1004200091F803C0BCF1280F06D14FF0010C0CFA73
:1004300000FCC2F814C00AE091F803C0BCF1480FF8
:1004400005D14FF0010C0CFA00FCC2F810C0401CA2
:100450000828D1D31460B1F800C0BCF1FF0F34DD1F
:10046000546800202EE000F1080C4FF0010808FA53
:100470000CF3B1F800C00CEA03069E4221D18300C0
:100480004FF00F0C0CFA03F7BC4305FA03FC4CEADF
:10049000040491F803C0BCF1280F05D100F1080C49
:1004A00008FA0CF8C2F8148091F803C0BCF1480FA8
:1004B00007D100F1080C4FF0010808FA0CF8C2F857
:1004C0001080401C0828CED35460BDE8F0814FF660
:1004D000FF710180022181700421C17070470246C2
:1004E000002093680B400BB1012000E00020704712
:1004F0000146886880B2704702460020D3680B40EE
:100500000BB1012000E0002070470146C86880B2AE
:10051000704701617047416170470AB1016100E0B5
:1005200041617047C16070474FF480320A43826175
:100530008161826182698269704702460020434B73
:1005400018684FF68073184040EA021008433F4B8A
:10055000186070473E49C8617047F0B50A460023ED
:1005600000240021002500F00046B6F1004F02D122
:10057000364EF16901E0354E7168C0F3034583B230
:1005800000F44016B6F5401F08D121F070612F4EDF
:10059000766826F070662D4F7E6012E000F48016BB
:1005A000B6F5801F06D1032606FA05F4A14341F0F3
:1005B000706106E0460D360103FA06F6B14341F0DC
:1005C000706122B1460D360103FA06F6314300F0A0
:1005D0000046B6F1004F02D11C4EF16101E01B4E06
:1005E0007160F0BD30B500228B071C0F0F2303FA9A
:1005F00004F2164B08338C1053F824309343134CF9
:1006000008348D1044F8253023468C1053F82430DC
:100610008C07240F00FA04F423430C4C08348D108B
:1006200044F8253030BD0A49DC31086070470000CD
:1006300000080140000C014000100140001401407E
:1006400000180140001C0140002001400000014052
:1006500000002042DF48006840F00100DD490860EA
:1006600008464068DC490840DA49486008460068A6
:10067000DA490840D74908600846006820F480201D
:1006800008600846406820F4FE0048604FF41F00F0
:1006900088607047CF49096821F48031CD4A1160E4
:1006A0001146096821F480211160B0F5803F03D024
:1006B000B0F5802F0ED106E0C649096841F48031BB
:1006C000C44A116007E0C349096841F4A021C14A46
:1006D000116000E000BF00BF704710B50146002266
:1006E000002300204A11012A02D1BA4C236806E0F7
:1006F000022A02D1B74C236A01E0B64C636A01F0CA
:100700001F02012494401C400CB1012000E0002095
:1007100010BD38B5002000900024002500BF312016
:10072000FFF7DBFF05460098401C00900098B0F5ED
:10073000A06F01D0002DF2D03120FFF7CEFF08B11D
:10074000012400E00024204638BD01460020A14AD3
:10075000106820F0F80040EAC10010607047A0491E
:1007600008607047024600209A4B586820F47C10BD
:1007700042EA01031843974B58607047984908664E
:10078000704701460020934A506820F00300084358
:10079000506070478F48406800F00C007047014679
:1007A00000208C4A506820F0F000084350607047E9
:1007B00001460020874A506820F4E06008435060FA
:1007C000704701460020834A506820F4605040EA98
:1007D000C1005060704729B17E4A527A02437D4B76
:1007E0005A7204E07B4A527A82437A4B5A727047BB
:1007F0007B49D8310860704701460020754A50682F
:1008000020F440400843506070470021714A203274
:100810001170704A82F82010012802D004280AD1F1
:1008200004E001216B4A2032117005E00521694A7C
:100830002032117000E000BF00BF704769490860B6
:1008400070476449096A0143624A11627047654909
:1008500044390860704730B500210022002400238D
:100860005C4D6D6805F00C0121B1042905D0082903
:1008700023D105E05C4D056022E05B4D05601FE083
:10088000544D6D6805F47012524D6D6805F4803456
:10089000022505EB92421CB9544D554305600BE00F
:1008A0004C4D6D6805F400351DB1504D5543056044
:1008B00002E04D4D5543056002E04B4D056000BF21
:1008C00000BF444D6D6805F0F0010909484D6B5CAF
:1008D0000568DD4045603F4D6D6805F4E061090A3B
:1008E000434D6B5C4568DD4085603A4D6D6805F4AD
:1008F0006051C90A3E4D6B5C4568DD40C560354DB1
:100900006D6805F44041890B3A4D6B5CC568B5FBD9
:10091000F3F5056130BD29B12E4A526902432D4BD2
:100920005A6104E02B4A526982432A4B5A6170474C
:1009300029B1284A92690243264B9A6104E0254A6C
:1009400092698243234B9A61704729B1214AD26947
:100950000243204BDA6104E01E4AD26982431D4BF8
:10096000DA61704729B11B4AD2680243194BDA6039
:1009700004E0184AD2688243164BDA60704729B106
:10098000144A12690243134B1A6104E0114A1269B6
:100990008243104B1A617047124940390860704712
:1009A0000F49C86470470B49C87170470948406ACD
:1009B00040F0807007494862704701460020054AB0
:1009C00092680A400AB1012000E000207047014906
:1009D00088727047001002400000FFF8FFFFF6FE2B
:1009E000000042428004424200127A0000093D00A9
:1009F000000000201000002010B50446FE4884428C
:100A000008D10121C014FFF7ADFF0021E014FFF76A
:100A1000A9FFC4E0B4F1804F08D101210846FFF7D7
:100A2000AEFF00210120FFF7AAFFB8E0F34884429F
:100A300008D101210220FFF7A2FF00210220FFF7C9
:100A40009EFFACE0EE48844208D101210420FFF76C
:100A500096FF00210420FFF792FFA0E0E9488442BE
:100A600008D101210820FFF78AFF00210820FFF7A5
:100A700086FF94E0E448844208D101211020FFF76A
:100A80007EFF00211020FFF77AFF88E0DF488442D4
:100A900008D101212020FFF772FF00212020FFF75D
:100AA0006EFF7CE0DA48844208D101214014FFF750
:100AB00059FF00216014FFF755FF70E0D5488442CC
:100AC00009D10121C804FFF74DFF00214FF4002098
:100AD000FFF748FF63E0D048844209D101210805AF
:100AE000FFF740FF00214FF48010FFF73BFF56E077
:100AF000CA48844209D101214805FFF733FF00218C
:100B00004FF40010FFF72EFF49E0C548844208D19A
:100B100001214020FFF733FF00214020FFF72FFF86
:100B20003DE0C048844208D101218020FFF727FF23
:100B300000218020FFF723FF31E0BB48844208D129
:100B400001218015FFF71BFF0021A015FFF717FFFC
:100B500025E0B648844209D101210804FFF702FFCD
:100B600000214FF48030FFF7FDFE18E0B0488442CA
:100B700009D101214804FFF7F5FE00214FF40030B0
:100B8000FFF7F0FE0BE0AB48844208D10121880456
:100B9000FFF7E8FE00214FF48020FFF7E3FE10BDD1
:100BA00000220288944B98420ED0994B98420BD069
:100BB000B0F1804F08D0914B984205D0904B9842AD
:100BC00002D0904B984204D14FF68F731A404B8855
:100BD0001A438D4B984207D08C4B984204D04FF665
:100BE000FF431A40CB881A4302808B8883850B8889
:100BF0000385814B98420BD0854B984208D08B4B94
:100C0000984205D08A4B984202D08A4B984201D133
:100C10000B7A038601238382704770B5002400227B
:100C20000023058C4FF6FE7635400584028C8388C0
:100C3000048B4FF68F752C40B51E2C400D882C432D
:100C4000751E2A400D892A434D882A436A4DA842C1
:100C50000BD06F4DA84208D0744DA84205D0744DFA
:100C6000A84202D0734DA84213D14FF6F7752A401F
:100C70004D892A434FF6FB752A408D882A434FF64B
:100C8000FF652B404FF6FF552B408D892B43CD89B7
:100C90002B4383800483CD888586028470BD70B524
:100CA000002400220023058C4FF6EF7635400584A2
:100CB000028C8388048B48F6FF752C404FF6FF4565
:100CC0002C400D884FF6FF7606EA05252C434FF69B
:100CD000DF752A400D8906EA05152A434D8806EA84
:100CE00005152A43444DA84202D0494DA8421DD1C2
:100CF0004FF67F752A404D894FF6FF7606EA0515B7
:100D00002A434FF6BF752A408D8806EA05152A4307
:100D10004FF6FF352B404FF2FF752B408D8906EAC9
:100D200085052B43CD8906EA85052B438380048303
:100D3000CD880587028470BD70B500240022002391
:100D4000058C4FF6FF6635400584028C8388848BC2
:100D50004FF68F752C404FF6FC752C400D882C43B8
:100D60004FF6FF552A400D894FF6FF7606EA052516
:100D70002A434D8806EA05252A431F4DA84202D082
:100D8000234DA8421DD14FF2FF752A404D894FF6E1
:100D9000FF7606EA05252A434FF6FF352A408D885F
:100DA00006EA05252A434EF6FF752B404DF6FF75E2
:100DB0002B408D8906EA05152B43CD8906EA0515DA
:100DC0002B4383808483CD888587028470BD70B572
:100DD000002200230024058C4EF6FF763540058462
:100DE000038C8488828B48F6FF752A404FF6FF45B6
:100DF0002A400D8820E00000002C01400004004043
:100E000000080040000C00400010004000140040AA
:100E100000340140004C01400050014000540140AA
:100E200000180040001C004000200040004001402D
:100E300000440140004801404FF6FF7606EA0525D0
:100E40002A434DF6FF752B400D8906EA05352B43E5
:100E50004D8806EA05352B43FA4DA84202D0FA4DDB
:100E6000A84208D14BF6FF752C408D894FF6FF76CE
:100E700006EA85152C4384808283CD88A0F84050F3
:100E8000038470BD828B4FF2FF331A408283828BC2
:100E90004FF6FF7303EA01231A4382837047F0B5CC
:100EA0000C461546002200210026078C4EF6FF7CDA
:100EB00007EA0C070784828B018C4FF6FF7707EA5D
:100EC000043640F6FF473A404FF6FF7707EA05271A
:100ED0003A434FF6FF7707EA03373A43D94FB84210
:100EE0000ED0D94FB8420BD0B0F1804F08D0D74FB9
:100EF000B84205D0D64FB84202D0D64FB84206D13C
:100F00004DF6FF77394046F48057394305E047F600
:100F1000FF57394044F48057394382830184F0BD40
:100F2000828B4FF6F3731A408283828B0A4382834B
:100F30007047F0B50C461546002200210026078CAC
:100F40004FF6FF6C07EA0C070784828B018C4FF683
:100F5000FF7707EA04264FF60C773A404FF6FF7703
:100F600007EA03172F433A43B64FB8420ED0B64FA5
:100F7000B8420BD0B0F1804F08D0B44FB84205D082
:100F8000B34FB84202D0B34FB84206D14FF6FF5725
:100F9000394046F48077394305E04FF2FF57394036
:100FA00044F48077394382830184F0BD028B4FF291
:100FB000FF331A400283028B4FF6FF7303EA0123CB
:100FC0001A4302837047F0B50C46154600220021F3
:100FD0000026078C4FF6EF7C07EA0C070784028B8C
:100FE000018C4FF6FF7707EA041640F6FF473A40B8
:100FF0004FF6FF7707EA03373A434FF6FF7707EAE2
:1010000005273A438F4FB8420ED08F4FB8420BD0CE
:10101000B0F1804F08D08D4FB84205D08C4FB84208
:1010200002D08C4FB84206D14FF6DF77394046F0F8
:101030001007394305E04FF65F77394044F0100759
:10104000394302830184F0BD028B4FF6F3731A40DB
:101050000283028B0A4302837047F0B50C461546A3
:1010600000220021068C4FF6FE773E400684028B5C
:10107000018C4FF60C7632407E1C06EA03162E4396
:101080003243704EB0420ED06F4EB0420BD0B0F132
:10109000804F08D06D4EB04205D06D4EB04202D0A8
:1010A0006C4EB04206D14FF6FD76314044F0010659
:1010B000314305E04FF6F576314044F00106314307
:1010C00002830184F0BD70B505460C465D4885423B
:1010D0000ED05D4885420BD0B5F1804F08D05B48FB
:1010E000854205D05A48854202D05A48854200D1EF
:1010F00000E000BF208850B92389A2886188284673
:10110000FFF7ABFFE1882846FFF79EFF25E0208828
:1011100004280AD12389A28861882846FFF753FF53
:10112000E1882846FFF742FF17E0208808280AD107
:101130002389A28861882846FFF7FBFEE1882846BC
:10114000FFF7EEFE09E02389A28861882846FFF7B1
:10115000A6FEE1882846FFF795FE70BD2DE9F04117
:1011600005460C4600260127608808B9022600E0E3
:101170000026A088012801D1022700E0012720884D
:10118000A0B92389A28861882846FFF766FFE18815
:101190002846FFF759FF23893A4631462846FFF78C
:1011A00012FFE1882846FFF701FF13E02389A28898
:1011B00061882846FFF707FFE1882846FFF7F6FE1B
:1011C00023893A4631462846FFF747FFE1882846FB
:1011D000FFF73AFFBDE8F0810A884B881A438B88F5
:1011E0001A43CB881A430B891A434B891A438B89BC
:1011F0001A43A0F8442070474FF6FF718180002108
:101200000180C180418001727047002101804180CE
:101210008180C180018141818181C181704700212C
:1012200001804180012181800021C18001817047BE
:101230000021018041808180C180018141818181C3
:1012400070470000002C01400034014000040040C1
:1012500000080040000C004021B1028842F0010269
:10126000028004E002884FF6FE731A400280704745
:1012700031B1B0F8442042F40042A0F8442005E027
:10128000B0F84420C2F30E02A0F8442070471AB10F
:1012900083890B43838102E083898B438381704779
:1012A0008182704741EA0203A0F8483070471AB1C2
:1012B00083890B43838102E083898B438381704759
:1012C00001894FF6F8721140018170470A460021EA
:1012D00001894FF68F73194011430181704730B572
:1012E00004460D4629462046FFF7F0FF208940F0CE
:1012F0000700208130BD2DE9F04104460D46164619
:101300001F46602D06D13B46012231462046FFF79D
:101310005AFE05E03B46012231462046FFF79DFE7E
:1013200029462046FFF7D2FF208940F007002081A0
:10133000BDE8F08130B50C4600210189C9B24FF6F5
:10134000FF7505EA0325154325432943018130BD77
:101350002DE9F04105460E461746984600244346BF
:101360003A4631462846FFF7E5FF2C894FF6F870DC
:10137000044044F007044FF68F70044044F07004BA
:101380002C81BDE8F081F0B504460D4616461F4697
:101390003B46324629462046FFF7CCFF208940F4E1
:1013A00080402081F0BD0185828270470A4600217D
:1013B00001884FF68F731940114301807047F0B5D3
:1013C0000C4615461E460021002200230189028B8F
:1013D000038C4FF6F877394021434FF6FC473A40EB
:1013E00040F201173A434FF6DD773B404FF6FF7767
:1013F00007EA06172F433B43018102830384F0BDB4
:101400000A460021018B4FF68F7319401143018367
:1014100070470A460021018B48F6FF7319404FF6CA
:10142000FF7303EA02231943018370470A46002130
:10143000818B4FF68F7319401143818370470A46A1
:101440000021818B48F6FF7319404FF6FF7303EAC2
:10145000022319438183704721B1028842F0800240
:10146000028004E002884FF67F731A4002807047C2
:1014700021B1828842F00402828004E082884FF623
:10148000FB731A408280704721B1828842F00802C3
:10149000828004E082884FF6F7731A40828070479A
:1014A00021B1828842F00102828004E082884FF6F6
:1014B000FE731A40828070470A460021018B4FF666
:1014C000F77319401143018370470A460021018BCD
:1014D0004FF2FF7319404FF6FF7303EA02231943DB
:1014E000018370470A460021818B4FF6F77319403C
:1014F0001143818370470A460021818B4FF2FF73AD
:1015000019404FF6FF7303EA0223194381837047A2
:101510000A460021018B4FF6FB73194011430183EA
:1015200070470A460021018B4FF6FF3319404FF6F2
:10153000FF7303EA02231943018370470A4600211F
:10154000818B4FF6FB7319401143818370470A4624
:101550000021818B4FF6FF3319404FF6FF7303EAEA
:1015600002231943818370470A460021018B4FF6FD
:101570007F7319401143018370470A460021018B94
:10158000C1F30E014FF6FF7303EA022319430183EF
:1015900070470A460021818B4FF67F731940114333
:1015A000818370470A460021818BC1F30E014FF6FB
:1015B000FF7303EA02231943818370470A4600211F
:1015C000018C4FF6FD7319401143018470470A46A0
:1015D0000021018C4FF6F7731940114301847047C5
:1015E0000A460021018C4FF6DF7319404FF6FF7356
:1015F00003EA02131943018470470A460021018C53
:101600004FF67F7319404FF6FF7303EA0213194335
:10161000018470470A460021018C4FF6FF531940A0
:101620004FF6FF7303EA02231943018470470A4609
:101630000021018C4FF2FF7319404FF6FF7303EA4C
:1016400002231943018470470A460021018C4DF69C
:10165000FF7319404FF6FF7303EA02331943018405
:10166000704730B5002301248C40A3B2048C9C4306
:101670000484048C02FA01F5ADB22C43048430BD1D
:1016800030B5002304248C40A3B2048C9C43048412
:10169000048C02FA01F5ADB22C43048430BD70B560
:1016A0000346002000241846183001258D40ACB2B6
:1016B0001D8CA5431D8409B1082909D100EB6100E7
:1016C000056825F0700505600568154305600EE0A6
:1016D0000D1FC5F34E052844056825F4E045056057
:1016E00005684FF6FF7606EA02263543056070BDB1
:1016F00021B1028842F00202028004E002884FF623
:10170000FD731A400280704721B1028842F0040242
:10171000028004E002884FF6FB731A400280704793
:1017200021B1828842F08002828004E082884FF6F4
:101730007F731A408280704702884FF6F7731A4011
:10174000028002880A430280704782884FF68F73B6
:101750001A40828082880A438280704702894FF64D
:10176000F8731A40028102890A4302817047028994
:101770004FF67F731A40028102890A430281704743
:1017800081847047818570478186704701877047E3
:1017900081877047A0F84010704702884FF6FF43DA
:1017A0001A40028002880A43028070470146888EF0
:1017B00070470146088F70470146888F7047014681
:1017C000B1F8400070470146888C70470146088D8B
:1017D000704702460020138A0B400BB1012000E045
:1017E00000207047CA430282704730B5024600208D
:1017F00000230024158A05EA0103958905EA0104FE
:1018000013B10CB1012000E0002030BDCA430282B8
:101810007047000010B50446FB48844209D10121FD
:101820008803FFF79FF800214FF48040FFF79AF8F4
:1018300032E0F648844209D101214804FFF79FF8BD
:1018400000214FF40030FFF79AF825E0F048844279
:1018500009D101218804FFF792F800214FF480207C
:10186000FFF78DF818E0EB48844209D10121C80444
:10187000FFF785F800214FF40020FFF780F80BE018
:10188000E548844208D101210805FFF778F80021D6
:101890004FF48010FFF773F810BD2DE9F04786B0C4
:1018A00005460E460024A24600BFA1460027B08987
:1018B00000B100BF2F462C8A4CF6FF700440F08820
:1018C00004432C82AC894EF6F3100440B088318971
:1018D0000843718908430443AC81AC8A4FF6FF404A
:1018E0000440B0890443AC8201A8FEF7B4FFC648A7
:1018F000874202D1DDF810A001E0DDF80CA0A88934
:1019000000F4004040B10AEBCA0000EB0A10316855
:101910004900B0FBF1F807E00AEBCA0000EB0A103F
:1019200031688900B0FBF1F86420B8FBF0F00401E5
:101930002009642101FB1089A88900F4004040B10E
:10194000322000EBC900B0FBF1F000F007000443C7
:1019500008E0322000EB09106421B0FBF1F000F048
:101960000F0004432C8106B0BDE8F0874FF41651F8
:10197000016000218180C18001810C214181002111
:101980008181704710B502460020108A4FF2FF0394
:1019900018400B884C8823438C882343CC882343EE
:1019A0001843108210BD0021018041808180C180D8
:1019B000704721B1828942F40052828104E0828919
:1019C0004DF6FF731A4082817047F0B5034600243C
:1019D00000260025002040F66A17B94200D100BF5A
:1019E0001846C1F3421401F01F06012707FA06F555
:1019F000012C01D10C3004E0022C01D1103000E0A8
:101A000014301AB107682F43076002E00768AF433C
:101A10000760F0BD1AB1838A0B43838202E0838A98
:101A20008B4383827047028A4FF6F0731A4002821A
:101A3000028A0A430282704782894FF2FF731A407A
:101A4000828182890A438281704721B1828942F072
:101A50000202828104E082894FF6FD731A4082817E
:101A60007047028A4FF6DF731A400282028A0A43E5
:101A70000282704721B1028A42F48042028204E06D
:101A8000028A4BF6FF731A4002827047C1F30802C4
:101A90008280704701468888C0F3080070478189BA
:101AA00041F0010181817047028BD2B20283028B27
:101AB00042EA012202837047028B02F47F420283D2
:101AC000028B0A430283704721B1828A42F02002CE
:101AD000828204E0828A4FF6DF731A408282704766
:101AE00021B1828A42F01002828204E0828A4FF69B
:101AF000EF731A408282704721B1828A42F0080255
:101B0000828204E0828A4FF6F7731A40828270471D
:101B100021B1828942F40042828103E08289C2F3CA
:101B20000E028281704721B1828A42F40062828271
:101B300004E0828A4FF2FF731A4082827047828AE1
:101B40004FF6FB731A408282828A0A438282704770
:101B500021B1828A42F00202828204E0828A4FF638
:101B6000FD731A408282704702460020B1F5007F63
:101B700000D100BF13880B400BB1012000E0002012
:101B8000704701F40072B2F5007F00D100BFCA4374
:101B90000280704770B50246002400230025002013
:101BA00040F66A16B14200D100BFC1F3421501F000
:101BB0001F03012606FA03F3012D02D19689334053
:101BC00006E0022D02D1168A334001E0968A3340A6
:101BD0000C12012606FA04F41688344013B10CB135
:101BE000012000E0002070BD10B50022002340F667
:101BF0006A14A14200D100BF0A1201249440A3B28A
:101C0000DC43048010BD0000003801400044004067
:101C100000480040004C00400050004010B5044611
:101C2000FA48844208D101214015FEF79BFE0021AD
:101C30006015FEF797FE17E0F548844208D10121B0
:101C40000015FEF78FFE00212015FEF78BFE0BE03E
:101C5000F048844208D10121C803FEF783FE002129
:101C60004FF40040FEF77EFE10BD30B50246002066
:101C700000235068E84C20400D790C6844EA0524A4
:101C8000204350609068E54C2040D1E902542C4339
:101C90004D7944EA450420439060D06A20F47000F6
:101CA0000C7C641EE4B2234340EA0350D06230BD92
:101CB00000210160017141718160C16001210174E5
:101CC000704721B1826842F00102826003E08268BD
:101CD00022F001028260704721B1826842F4807272
:101CE000826003E0826822F480728260704710B5DF
:101CF0000023CBB21AB144681C43446002E044683C
:101D00009C43446010BD816841F0080181607047C8
:101D1000014600208A6802F008020AB1012000E0B2
:101D200000207047816841F00401816070470146DE
:101D300000208A6802F004020AB1012000E00020BD
:101D4000704721B1826842F4A002826003E0826899
:101D500022F4A00282607047014600208A6802F4E3
:101D600080020AB1012000E00020704710B50A4649
:101D700000210023416821F46041531E41EA4331B0
:101D8000416010BD21B1426842F40062426003E04C
:101D9000426822F4006242607047F0B504460D4686
:101DA00000200021092D11DDE068A5F10A0606EBEF
:101DB0004607072606FA07F18843A5F10A0606EB4F
:101DC000460603FA06F10843E0600CE0206905EBE3
:101DD0004507072606FA07F1884305EB450603FA8F
:101DE00006F108432061072A0FDA606B561E06EBE6
:101DF00086071F2606FA07F18843561E06EB86065D
:101E000005FA06F10843606322E00D2A0FDA206B21
:101E1000D61F06EB86071F2606FA07F18843D61F52
:101E200006EB860605FA06F10843206310E0E06A37
:101E3000A2F10D0606EB86071F2606FA07F1884376
:101E4000A2F10D0606EB860605FA06F10843E062EC
:101E5000F0BD21B1826842F48012826003E08268A2
:101E600022F48012826070470146C86C80B27047CD
:101E700066484C300068704721B1426842F4806285
:101E8000426003E0426822F480624260704721B100
:101E9000426842F48052426003E0426822F4805279
:101EA000426070470A460021816821F4E0411143F5
:101EB0008160704721B1826842F40042826003E091
:101EC000826822F400428260704721B1826842F445
:101ED0000212826003E0826822F40212826070477C
:101EE000014600208A6802F400120AB1012000E0D5
:101EF00000207047F0B50446154600200022002659
:101F0000092911DDE068A1F10A0707EB470C072753
:101F100007FA0CF29043A1F10A0707EB470703FA0F
:101F200007F21043E0600CE0206901EB410C072749
:101F300007FA0CF2904301EB410703FA07F2104352
:101F40002061A06BC0F30156EF1C06F1010CA7EB5A
:101F50000C0707EB870C1F2707FA0CF29043EF1CC6
:101F600006F1010CA7EB0C0707EB870701FA07F254
:101F70001043A063F0BD10B50A4600210023816B19
:101F800021F44011531E41EA0351816310BD08B58D
:101F9000002300930090009B0B440093009B1A6069
:101FA00008BD08B5024600200090009201F128000B
:101FB000009B184400900098006880B208BD0A4653
:101FC00000214168164B194011434160704741623E
:101FD000826270470A460021416821F01F011143C7
:101FE0004160704740B109490831096841F4000176
:101FF000064A0832116007E004490831096821F4F3
:102000000001024A083211607047000000240140BC
:1020100000280140003C0140FFFEF0FFFDF7F1FF0A
:10202000FFFD3FFF0246002013680B400BB101206B
:1020300000E000207047CA430260704770B5024656
:102040000020002300240B125568CEB205EA0604D6
:1020500015681D4015B10CB1012000E0002070BDD5
:1020600000220A12D3430360704700000CB5002021
:10207000019000906C48006840F480306A49086024
:1020800000BF6948006800F4003000900198401CCF
:102090000190009818B90198B0F5A06FF1D162488D
:1020A000006800F4003010B10120009001E0002031
:1020B00000900098012843D15C48006840F010006F
:1020C0005A4908600846006820F003000860084686
:1020D000006840F002000860534840685249486078
:1020E0000846406848600846406840F480604860A0
:1020F0000846406820F47C1048600846406840F478
:10210000E81048600846006840F08070086000BF32
:102110004548006800F000700028F9D04248406847
:1021200020F00300404948600846406840F0020043
:10213000486000BF3C48406800F00C000828F9D116
:102140000CBD10B5FFF792FF10BD10B53648006802
:1021500040F00100344908600846406834490840AE
:102160003149486008460068324908402E490860F5
:102170000846006820F4802008600846406820F483
:10218000FE0048604FF41F008860FFF7DAFF4FF051
:1021900000602949086010BD10B500210020002210
:1021A000214B5B6803F00C0121B1042906D00829FA
:1021B00028D107E0214B224C236027E01F4B204C05
:1021C000236023E0184B5B6803F47010164B5B68C8
:1021D00003F48032022303EB904022B9194B4343AE
:1021E000174C23600DE0104B5B6803F4003323B100
:1021F000144B4343124C236003E0104B4343104CF9
:10220000236003E00D4B0E4C236000BF00BF064B64
:102210005B68C3F303130C4CE15C094B1B68CB40B8
:10222000074C236010BD0000001002400020024057
:102230000000FFF8FFFFF6FE08ED00E000127A0054
:102240001400002000093D0018000020014605E0B0
:10225000002001E0421CD0B20A28FBDB0A1EA1F1DB
:102260000101F5D1704710B5044603E04FF47A70D0
:10227000FFF7ECFF201EA4F10104F7D110BD704759
:1022800008B50720009002E00098401E00900098DA
:102290000028F9D108BD10B54FF40070E649086078
:1022A00040100860FFF7ECFFE3480838006808B901
:1022B000012000E0002000F4007008B1002010BDF3
:1022C0004FF40070DC49091D0860FFF7D9FFDA48B8
:1022D0000838006800F4007008B10020EFE74FF400
:1022E0000070D549091D0860FFF7CAFF0120E6E725
:1022F00010B54FF48070D049091D0860FFF7C0FF8A
:102300004FF40070CC49091D0860FFF7B9FF4FF486
:102310008070C9490860FFF7B3FF4FF40070C649E9
:102320000860FFF7ADFF10BD10B54FF48070C249D3
:10233000091D0860FFF7A4FF4FF40070BE49091D96
:102340000860FFF79DFF4FF48070BB490860FFF7FE
:1023500097FF4FF48070B849091D0860FFF790FFA0
:1023600010BD10B54FF48070B349091D0860FFF728
:1023700087FF4FF40070B0490860FFF781FF4FF40A
:102380008070AD490860FFF77BFF4FF48070AA4969
:10239000091D0860FFF774FF10BD10B54FF4807081
:1023A000A549091D0860FFF76BFF4FF40070A249B3
:1023B0000860FFF765FF4FF480709F490860FFF7E2
:1023C0005FFF9D480838006800F4007030B14FF49A
:1023D00080709949091D0860002010BD4FF480707D
:1023E0009549091D08600120F7E770B504460825E6
:1023F0001DE04FF480709049091D0860FFF740FF11
:1024000004F0800020B14FF400708B49086004E0B4
:102410004FF400708849091D08606006040EFFF73C
:102420002FFF4FF4807084490860FFF729FF281EB2
:10243000A5F10101CDB2DCD14FF480707E49091DB8
:10244000086070BD70B508250024A8017A490860AD
:1024500016E06006040E4FF480707749091D08608D
:10246000FFF70EFF4FF4807073490860FFF708FF15
:1024700071480838006800F4007008B144F00104A5
:10248000281EA5F10101CDB2E3D14FF480706A4955
:10249000091D0860204670BD08B501210820FEF71F
:1024A00047FA4FF44070ADF8000002208DF80200AA
:1024B00014208DF8030069465F481038FDF77CFF53
:1024C00008BD2DE9F04105460E4617469846FFF730
:1024D000E2FE10B90020BDE8F081002141EA45018B
:1024E000C8B2FFF782FFFFF758FF18B9FFF700FFE8
:1024F0000020F0E73046FFF778FFFFF74EFF00249B
:102500000BE018F80400FFF770FFFFF746FF18B95B
:10251000FFF7EEFE0020DEE7641CBC42F1DBFFF7B4
:10252000E7FE0120D7E72DE9F04104460D461646A7
:102530001F463B46324629462046FFF7C2FF10B1F0
:102540000020BDE8F0814FF0FF30FAE72DE9F041BF
:1025500005460F4614461E46FFF79DFE10B90020A3
:10256000BDE8F081002141EA4501C8B2FFF73DFF17
:10257000FFF713FF18B9FFF7BBFE0020F0E738465E
:10258000FFF733FFFFF709FFFFF785FE012101EB9E
:102590004501C8B2FFF729FFFFF7FFFE0CE0FFF788
:1025A00051FF3070012C02D1FFF7DBFE01E0FFF795
:1025B000BBFE761C601EC4B2002CF0D1FFF798FE63
:1025C0000120CDE72DE9F04104460D4616461F4691
:1025D0003B46324629462046FFF7B8FF10B100209F
:1025E000BDE8F0814FF0FF30FAE770B504460D46C4
:1025F0001646FFF750FE08B9002070BD002141EAE1
:102600004401C8B2FFF7F1FEFFF7C7FE18B9FFF7A4
:102610006FFE0020F1E72846FFF7E7FEFFF7BDFE5B
:102620003046FFF7E2FEFFF7B8FEFFF761FE01203C
:10263000E3E7002070470000100C014008B50121BD
:102640001120FEF775F901210B48FDF786FF4FF4C5
:10265000C040ADF8000003208DF8020010208DF876
:10266000030069460548FDF7A7FE4FF4C041034843
:10267000FDF74FFF08BD00000002300000100140D0
:10268000002400270026FFF760FD41F61F4141F2BC
:10269000883002F00DF802F047F801F077FE00F004
:1026A000DBF800F03DF8FFF7C9FF02F0C3F800F0D7
:1026B000E9F800F050F9FFF7EFFE0A2000F028FEDD
:1026C00000F05CFA00F0CCFD00F048FE0021084666
:1026D00001F0BFFC104807784FF0E020006940F09F
:1026E00001004FF0E021086114E000F0B7FA6EB984
:1026F00009480578E81BC0B204442F46B4F57A7F38
:1027000003D3064800F014FE012600BF01F0FBFDD4
:1027100001F043FCE9E70000AC0000200000DC42CF
:1027200008B501210820FEF703F94FF47040ADF819
:10273000000010208DF8030003208DF80200694688
:10274000FE48FDF739FE4FF47041FC48FDF7E1FE0D
:1027500008BD08B501210846FEF7F7F8012104205D
:10276000FEF7E6F80C20ADF8000018208DF8030005
:1027700003208DF802006946F148FDF71DFE08BDF3
:1027800030B587B00025002440F2E730ADF81400E2
:102790000020ADF81000ADF81600ADF8120004A945
:1027A0004FF08040FEF7FCF96020ADF800000120FA
:1027B000ADF80200ADF806500020ADF808006946FB
:1027C0004FF08040FEF7B8FA0821C806FEF78AFEEF
:1027D0000120ADF80200ADF806400020ADF8080079
:1027E00069464FF08040FEF7F2FA0821C806FEF76E
:1027F00082FE01218807FEF72FFE01218807FEF7E0
:102800002BFD07B030BD2DE9FF4104460D4627469C
:102810002E466020ADF800000120ADF80200ADF8B2
:1028200006700020ADF8080069464FF08040FEF7C2
:1028300083FA0821C806FEF755FE0120ADF8020014
:10284000ADF8066069468007FEF7C1FA0821C806A0
:10285000FEF751FEBDE8FF8110B5FFF77AFFFFF7E5
:102860008FFF10BDB7490888098821F00101B54ADA
:1028700011807047B4490888098821F00101B24AE3
:102880001180704700B589B001210220FEF75DF884
:1028900001210420FEF74CF801A8FDF718FEC02026
:1028A000ADF8040004208DF8070003208DF8060021
:1028B00001A9A348FDF780FD4FF4A060FDF720FCBF
:1028C0001D208DF8080001208DF8090003208DF8E7
:1028D0000A0001208DF80B0002A8FDF716FC9948AC
:1028E0001038FEF789F806A8FEF786FC0020ADF840
:1028F00018004FF6FF70ADF81C000020ADF81E0068
:10290000ADF81A0006A98F481038FEF749F90A23D6
:102910001A4603218B481038FEF751FD03A8FEF735
:102920007EFC0620ADF8140003A986481038FEF797
:10293000CAFB012183481038FEF754FF01221146DB
:1029400080481038FEF7A3FC01217E481038FEF7BE
:1029500083FC09B000BD00B589B001210420FDF75A
:10296000F4FF01210820FDF7E3FF01A8FDF7AFFD0B
:10297000C020ADF8040004208DF8070003208DF876
:10298000060001A96D48FDF717FD4FF4A060FDF7A3
:10299000B7FB1E208DF8080001208DF809000320E8
:1029A0008DF80A0001208DF80B0002A8FDF7ADFBA1
:1029B00065481038FEF720F806A8FEF71DFC002039
:1029C000ADF818004FF6FF70ADF81C000020ADF810
:1029D0001E00ADF81A0006A95B481038FEF7E0F8B3
:1029E0000A231A46032158481038FEF7E8FC03A8CA
:1029F000FEF715FC0620ADF8140003A95248103864
:102A0000FEF761FB012150481038FEF7EBFE012272
:102A100011464D481038FEF73AFC01214A4810385B
:102A2000FEF71AFC09B000BD00B585B001210420F5
:102A3000FDF77EFF01210220FDF787FF8020ADF822
:102A4000100004208DF8130003208DF8120004A953
:102A50003B48FDF7B1FC4FF4A060FDF751FB1D2092
:102A60008DF8000001208DF8010003208DF8020090
:102A700001208DF803006846FDF747FB3148103808
:102A8000FDF7BAFF4FF6FF70ADF808000020ADF873
:102A90000400ADF80A00ADF8060001A92948103875
:102AA000FEF77EF800231A46602126481038FEF70C
:102AB00022FC002123481038FEF762FE0121214844
:102AC0001038FEF7C9FB05B000BD00B585B0012187
:102AD0000820FDF72DFF01210420FDF736FF80209F
:102AE000ADF8100004208DF8130003208DF81200BB
:102AF00004A91248FDF760FC4FF4A060FDF700FB4D
:102B00001E208DF8000001208DF8010003208DF8B3
:102B1000020001208DF803006846FDF7F6FA0A4826
:102B20001038FDF769FF4FF6FF70ADF80800002080
:102B3000ADF80400ADF80A0008E00000000C014008
:102B4000000801401004004010080040ADF80600E5
:102B500001A90948FEF724F800231A466021064817
:102B6000FEF7C9FB00210448FEF70AFE01210248D6
:102B7000FEF772FB05B000BD0008004070B50024F0
:102B800002F023FB0446002C60D17CA001F07BFD09
:102B9000782001F07CFF18B981A001F074FD02E0FB
:102BA00087A001F070FD782002F05EF918B98FA0BF
:102BB00001F069FD02E096A001F065FD642002F0DD
:102BC00034FA18B99EA001F05EFD02E0A6A001F063
:102BD0005AFD03F0EBFD18B9ACA001F054FD02E082
:102BE000B7A001F050FDC54804F0BCFC054603F059
:102BF000E7FD18B9C2A001F046FD02E0CAA001F04D
:102C000042FD40F2731004F01CFA18B9D2A001F092
:102C10003AFD02E0D9A001F036FD642003F08AFFFE
:102C200018B9E2A001F02FFD02E0E9A001F02BFDB0
:102C300004F0ACFC012003F0FFFA18B9EFA001F09A
:102C400022FD0AE0F6A001F01EFD06E04FF400515F
:102C5000FE48FDF760FC00BFFEE770BD2DE9F04FB8
:102C600089B0FB48FB49FC4BFC4ACDE90010FC490C
:102C7000FC4804F045FBF748008800F48070002809
:102C80007AD0F649086804F0B3FF04464FF09D413E
:102C900004F0E8FDF4490860F049486804F0A8FF32
:102CA00004464FF09D4104F0DDFDF0490860EB491A
:102CB000886804F09DFF04464FF09D4104F0D2FD6A
:102CC000EB490860E549C86804F092FF04464FF0FC
:102CD0009D4104F0C7FDE7490860E34801684FF0F3
:102CE000804004F08DFD0690E1480168069804F0EC
:102CF00087FD8246DD4801684FF0404004F080FDCA
:102D00000690DC480168069804F07AFD8346514637
:102D100004F01EFD079004F0B7FF064606F0DCF94C
:102D200080464FF06632D44B04F081FE044604F036
:102D3000D7FFD2490860CE4801684FF0804004F0C8
:102D40005FFD0390CA480168039804F059FD82466C
:102D5000C64801684FF0404004F052FD0390C3485C
:102D60000168039804F04CFD8346514604F042FD8F
:102D700081464FF07E5183E10CE200006D707520BA
:102D8000696E697469616C697A6174696F6E2063D8
:102D90006F6D706C6574652E2E2E2E2E2E0A2000FF
:102DA0006D70755F7365745F73656E736F722063AA
:102DB0006F6D706C657465202E2E2E2E2E2E0A00DF
:102DC0006D70755F7365745F73656E736F7220638A
:102DD0006F6D65206163726F7373206572726F72BD
:102DE000202E2E2E2E2E2E0A000000006D70755FF4
:102DF000636F6E6669677572655F6669666F20638B
:102E00006F6D706C657465202E2E2E2E2E2E0A008E
:102E10006D70755F636F6E6669677572655F666911
:102E2000666F20636F6D65206163726F73732065D9
:102E300072726F72202E2E2E2E2E2E0A000000008F
:102E40006D70755F7365745F73616D706C655F72D3
:102E500061746520636F6D706C657465202E2E2E15
:102E60002E2E2E0A000000006D70755F7365745F72
:102E700073616D706C655F72617465206572726FED
:102E800072202E2E2E2E2E2E0A000000646D705FF2
:102E90006C6F61645F6D6F74696F6E5F6472697689
:102EA00065725F6669726D7761726520636F6D70C0
:102EB0006C657465202E2E2E2E2E2E0A000000002A
:102EC000646D705F6C6F61645F6D6F74696F6E5F6E
:102ED0006472697665725F6669726D77617265208A
:102EE000636F6D65206163726F7373206572726FBB
:102EF00072202E2E2E2E2E2E0A00000028000020DA
:102F0000646D705F7365745F6F7269656E74617410
:102F1000696F6E20636F6D706C657465202E2E2E48
:102F20002E2E2E0A00000000646D705F7365745FC2
:102F30006F7269656E746174696F6E20636F6D6521
:102F4000206163726F7373206572726F72202E2E10
:102F50002E2E2E2E0A000000646D705F656E616279
:102F60006C655F6665617475726520636F6D706C0A
:102F7000657465202E2E2E2E2E2E0A00646D705F35
:102F8000656E61626C655F6665617475726520630C
:102F90006F6D65206163726F7373206572726F72FB
:102FA000202E2E2E2E2E2E0A00000000646D705F43
:102FB0007365745F6669666F5F7261746520636FC5
:102FC0006D706C657465202E2E2E2E2E2E0A00003C
:102FD000646D705F7365745F6669666F5F7261745C
:102FE0006520636F6D65206163726F737320657216
:102FF000726F72202E2E2E2E2E2E0A006D70755F8F
:103000007365745F646D705F737461746520636F62
:103010006D706C657465202E2E2E2E2E2E0A0000EB
:103020006D70755F7365745F646D705F73746174E8
:103030006520636F6D65206163726F7373206572C5
:10304000726F72202E2E2E2E2E2E0A00001001409E
:10305000620000206000002050000020F4010020E9
:103060005A000020540000203400002038000020C6
:103070003C0000204000002066A64C404400002098
:1030800004F066FB044604F0FFFDCDE9040143486B
:1030900001684FF0804004F0B3FB8346404801686C
:1030A000584604F0ADFB81463E4801684FF0804031
:1030B00004F0A6FB83463C480168584604F0A0FB98
:1030C0008246494604F044FB044604F0DDFD074611
:1030D000DDE9042306F048FA4FF06632334BCDE9C0
:1030E000060104F0A4FC054604F0FAFD304908602E
:1030F0002D480168006804F083FB039029480168AB
:10310000006804F07DFB029025480168006804F027
:1031100077FB834621480168006804F071FB59463B
:10312000019004F015FB8246029904F063FB81468E
:10313000039904F05FFB044604F0A6FDCDE9040109
:10314000194801681548006804F05AFB8246154882
:1031500001681348006804F053FB8346514604F0AD
:10316000F7FA81464FF0804104F04AFB044604F030
:103170008BFD0746DDE9042306F0F6F94FF06632D1
:103180000A4BCDE9060104F052FC054604F0A8FD07
:103190000849086009B0BDE8F08F00003400002045
:1031A000380000203C0000204000002066A64C4073
:1031B000480000204C000020704700BFFEE700BF21
:1031C000FEE700BFFEE700BFFEE7704770477047AD
:1031D00010B51D480078401C1B4908701B4800783A
:1031E000401C1A4908701A480078401C1849087099
:1031F00000F03EFB17480078401C1649087016483E
:103200000078401C1449087014480078401C134989
:1032100008700E480078022806DB01F0F6FA00F08C
:10322000B4FC00200949087009480078082806DB2A
:1032300000F04BFB0020064908700649087000F0BA
:1032400030F900F04CFA10BDAC000020B1000020B5
:10325000AD000020AE000020AF000020B000002034
:1032600030B527480068C822B0FBF2F1B1F1807F89
:1032700001D301201DE021F07F40401E4FF0E022ED
:10328000506150170F22002807DA13071D0E1D4B3F
:1032900000F00F04241F1D5503E013071C0E1A4BEA
:1032A0001C5400BF00204FF0E02290610720106105
:1032B000002008B100BFFEE74FF0E020006920F0D9
:1032C00001004FF0E021086130BD01B50F490098C1
:1032D00008604FF0E020006940F001004FF0E0216D
:1032E000086100BF094800680028FBD108BD0748F5
:1032F000006820B105480068401E04490860704716
:103300001400002018ED00E000E400E0640000205C
:10331000002107E042F6E06100BF0A1EA1F10103AF
:1033200099B2FAD1021EA0F1010398B2F2D170470E
:103330000021FE4A1170FE4908600021FD4A11700B
:10334000FD4A1170FD490978FD4A11700021FD4ABE
:103350001160FA490978FC4A1170704700B50020E5
:10336000FA490880FA490880FA490860FA49086071
:10337000FA490860FA490860FA490860FA490860A1
:10338000FA490860FA490860FA490860FA49086091
:10339000FA490860FA490860FA490860FA49086081
:1033A000FA490860FA490860FA490860E349087078
:1033B000F9490870F9490870E0480078E049087058
:1033C0000020E0490860DD480078DF4908700020EF
:1033D000F3490860F3490860F348FFF7A9FF0020AC
:1033E000F249086000BD2DE9F041F148006804F0A1
:1033F0004BFC0446EF48D0E900633246204604F017
:1034000057FC07D0EB48D0E90021104604F068FCD7
:10341000E7490860E848006804F036FC0446E548DF
:10342000D0E902633246204604F042FC07D0E1486E
:10343000D0E90221104604F053FCDF490860DF4860
:10344000006804F021FC04460D46DA49D1E9046322
:103450003246294604F02CFC07D0D648D0E9042196
:10346000104604F03DFCD5490860D548006804F0DA
:103470000BFC0446CF48D0E906633246204604F0F0
:1034800017FC07D0CB49D1E90621104604F028FCEF
:10349000CB4908600020C2490860C2490860BDE805
:1034A000F0812DE9F041C7480068012810D10020C3
:1034B000BF490860C448006804F0A8FB0646002223
:1034C000C24B04F0B4FA044604F00AFCB8490860A0
:1034D000BC480068022812D10020B7490860BC49E6
:1034E0000968A1F1400004F091FB06460022B94BA7
:1034F00004F09DFA044604F0F3FBAF490860B649B6
:10350000B1F9040004F074FBB4490860B449B1F99E
:10351000040004F06DFBB34908600021B248006864
:1035200004F0FAFB0BD0B149AF48006804F0F4FB9B
:1035300005D3AF49AC48006804F0F8FB05D24FF45E
:103540000051AC48FCF7E7FF04E04FF40051A948F4
:10355000FCF7DFFF0021A848006804F04BF982491E
:1035600008609F49B1F9000004F042FB064692480A
:103570000168304604F044F904467C4801687A4802
:10358000006804F037F9064689480168304604F0BF
:1035900037F90546214604F0DBF877490860BDE8B5
:1035A000F0812DE9F04104460D46002C0CDA4FF471
:1035B00080419248FCF7ADFF4FF400418F48FCF783
:1035C000AAFF604204B20AE04FF400418B48FCF7C6
:1035D000A0FF4FF480418948FCF79DFF00BF002DFC
:1035E0000CDA4FF400518548FCF793FF4FF48051FB
:1035F0008248FCF790FF684205B20AE04FF4805120
:103600007E48FCF786FF4FF400517C48FCF783FFAF
:1036100000BFAFB2A6B231464FF08040FEF7B8F817
:1036200039464FF08040FEF7B5F875496E4800689E
:1036300004F07CFB23D373496B48006804F06CFBF7
:1036400002D24FF0010801E04FF00008002150487D
:10365000006804F061FB01D1012000E0002008EACD
:10366000000800214B48006804F056FB01D10120FE
:1036700000E0002008EA0008B8F1000F0DD000219A
:103680004FF08040FEF784F800214FF08040FEF7B5
:1036900081F801205C49086002E000205A49086076
:1036A0005A493148006804F041FB05D358492E4877
:1036B000006804F031FB0DD200214FF08040FEF78E
:1036C00067F800214FF08040FEF764F801204E4972
:1036D000086002E000204C490860BDE8F08170B548
:1036E000234804682F480168204604F031F8044656
:1036F00021462148006804F02BF821490860214642
:103700001D48006804F076F81C4908601C480068F1
:1037100004F08DFA00B2B0F57A7F02DD3D48184919
:1037200008601748006804F082FA75E07500002010
:103730008C000020A0000020A1000020AC00002090
:103740007400002070000020A2000020FA00002079
:10375000F8000020080100200401002010010020D2
:103760000C01002014010020D4000020C40000201F
:1037700030010020B8000020C8000020D000002048
:10378000CC0000202C010020700100206C010020E2
:103790003801002034010020AD000020AE000020E0
:1037A000A4000020A80000200000C842240100203E
:1037B000E400002070980008E8000020EC000020E1
:1037C000F000002054010020440100200080FB3F55
:1037D000480100200000C43F5A000020640100207E
:1037E0005400002068010020440000200000A0C117
:1037F0000000A0410010014048000020000C0140E2
:1038000000002041000020C12001002000004842AB
:10381000000048C200007A4400B210F57A7F02DA54
:10382000F648F7490860F748006804F000FA00B26B
:10383000B0F57A7F02DDF448F2490860F14800688B
:1038400004F0F5F900B210F57A7F02DAEB48ED49A1
:103850000860EC48006804F0EAF905B2E84800683E
:1038600004F0E5F906B229463046FFF79AFE70BD2E
:1038700070B5E648FDF7A7FF0446E548FDF7A3FF4E
:103880000546E4480460E44805600021DF48FDF790
:1038900077FF0021DE48FDF773FF20B2DF49088083
:1038A000684200B2DE490880DE480068DB49B1F9B1
:1038B00000100844DB490860DB480068D849B1F9CA
:1038C00000100844D849086070BD2DE9F84FD5496B
:1038D0000968D54A1268881804F08AF9D349086043
:1038E000D1490968CF4A1268881A04F081F900901A
:1038F0004FF04041009804F019FA07D24FF0804190
:10390000009804F009FA01D2002000900020C64976
:103910000860C4490860C648006804F0B5F9064666
:103920004FF06632C34B04F082F8044604F0D8F935
:10393000BF490860BD48006804F0A6F980464FF012
:103940003332BD4B04F073F804460D46B8480068A6
:1039500004F09AF9064622462B4603F0C1FF824640
:1039600004F0BEF9B249086008460168B34800682F
:1039700003F0EEFEB1490860B1480168AF48006845
:1039800003F0E6FEAD490860AE480168AB48006848
:1039900003F0DEFEA9490860AB480068012801D1A8
:1039A00000200860A548006804F041F9B0F5FA5F0E
:1039B00002DDA648A1490860A048006804F037F974
:1039C00010F5FA5F02DAA2489C490860A148006835
:1039D000032812D10020A0490860A0490968A1F17C
:1039E000800004F013F9064600229D4B04F01FF8F6
:1039F000044604F075F99849086096480068042860
:103A000012D100209749086097490968A1F1C000C8
:103A100004F0FCF806460022944B04F008F8044633
:103A200004F05EF98F49086000218448006803F0C3
:103A3000E1FE06468B480168304603F0E1FE04468D
:103A400000217B48006803F0D5FE064682480168E5
:103A5000304603F0D5FE0546214603F079FE844941
:103A6000086084498448006804F060F905D38349FC
:103A70008148006804F050F90BD27D48006880F05E
:103A800000447D480168204603F0ECFE7C49086054
:103A900002E000207A4908607A497948006804F019
:103AA00045F902D27748764908607749744800683A
:103AB00004F032F902D27448714908606248006823
:103AC000002852D15E48006820F000446F4920462B
:103AD00004F02CF949D80021009804F01DF907D111
:103AE0006B496C48006803F08BFE6A4908600BE084
:103AF0006949009803F084FE044666480168204640
:103B000003F026FE6349086064496248006804F0D7
:103B10000DF902D261485F49086061495D4800685B
:103B200004F0FAF802D25E485A4908605D490098EC
:103B300003F066FE044657480168204603F008FE7D
:103B40005949086059495848006804F0EFF802D212
:103B500056485549086056495348006804F0DCF857
:103B600011D25348504908600DE052494948006855
:103B700003F046FE474908604E494B48006803F091
:103B80003FFE49490860BDE8F88F2DE9F0414A48F9
:103B90000068002829D14948FDF715FE00EB800098
:103BA00000EB00104400204604F030F805460022E7
:103BB000434B03F0AEFF074604F092F8414908601A
:103BC0004148007820B900201E490860BDE8F08116
:103BD0003C48006804F058F8044600223B4B04F0CF
:103BE00067F803D83A48174908608AE039493548E8
:103BF000006804F09BF870D801246FE000007AC4DC
:103C0000CC000020D000002000007A4400040040D6
:103C100000080040180100201C010020F8000020CE
:103C2000FA00002004010020080100200C010020FF
:103C3000100100206666E63F3333D33F14010020B5
:103C40002C01002024010020200100200000FA4562
:103C50000000FAC554010020EC0000204C010020B7
:103C60000000DE3FF0000020500100200000C43FB3
:103C7000C00000206F12833AE40000206F1283BA64
:103C8000C40000200000C0400000C0C00000F0419F
:103C900048E17A3FA4000020A69B443B000020425C
:103CA000000020C20AD7233EA80000200000A04246
:103CB0000000A0C2CDCC4C3F3C010020002C0140B4
:103CC000000069402801002075000020000010401D
:103CD000000096C30000A040FFE700244FF082419F
:103CE000FB48006804F018F801D8012000E000202B
:103CF00004401CB1F748F849086002E00020F6498A
:103D0000086000BF62E72DE9FC5FF4480068012805
:103D100078D1F348D0F800B0F24800680190F2483A
:103D2000B0F90290F148B0F900A0E94804684846AB
:103D300003F05EFF06464FF08D4103F093FD05460C
:103D4000EB4903F05DFDEB490860504603F050FF7E
:103D50000646E94903F04EFD0546E84903F082FDB9
:103D6000E7490860584603F08FFF0746E54AE64BEF
:103D700003F0CFFE054603F0B3FF8346019803F03E
:103D800083FF0546DF4AE04B03F0C3FE074603F01E
:103D9000A7FF01905021DD4803F0B6FCDB48DCA111
:103DA000096801600A21DB4803F0AEFCDA48002113
:103DB0000160416001810A21D84803F0A5FCD84880
:103DC00000210160416001810A21D64803F09CFC7A
:103DD000D5480021016041600181D449584603F073
:103DE0009BFF10D8D249584603F0A0FF0BD8584685
:103DF00003F04AFF05462A460B46CEA1C54804F00B
:103E0000ADF902E0C7E0BDE8FC9FC849019803F0A6
:103E100083FF0FD8C649019803F088FF0AD801989C
:103E200003F032FF05462A460B46C2A1BA4804F009
:103E300095F900E0E7E7C149AE48006803F076FF76
:103E400011D2BF49AB48006803F066FF0BD2A94806
:103E5000006803F019FF05462A460B46B5A1AF4896
:103E600004F07CF900E0CEE7B649A548006803F00D
:103E70005DFF11D2B449A248006803F04DFF0BD298
:103E80009F48006803F000FF05462A460B46A9A19B
:103E9000A34804F063F900E0B5E70021204603F0F1
:103EA00045FF0FD8A949204603F036FF0AD2204625
:103EB00003F0EAFE05462A460B469EA1994804F007
:103EC0004DF900E09FE7002000F0F6FC009000981C
:103ED00003F097FE07469E4903F092FC06464FF01A
:103EE0008B4103F0BFFC05469A4903F083FC9A49D5
:103EF000086000219848006803F018FF11D8904925
:103F00009548006803F008FF0BD29348006803F05F
:103F1000BBFE05462A460B4686A1834804F01EF9DF
:103F200000E070E77B49794803F0F9FB8BA1774803
:103F300003F0F5FB7849754803F0F1FB88A173485D
:103F400003F0EDFB7549714803F0E9FB85A16F486B
:103F500003F0E5FB72496D4803F0E1FB82A16B4879
:103F600003F0DDFB6F49694803F0D9FB80A1674886
:103F700003F0D5FB6C49654803F0D1FB7DA1634894
:103F800003F0CDFB50217C4803F0BEFB50225F497B
:103F9000794803F0A0FB00BF35E710B5774800680B
:103FA000401E764908604D480068012807D1084640
:103FB000006820B9FFF7A7FE6F4800F058FB6F4874
:103FC000006818B941F288306C49086010BD70B5BE
:103FD00005460C460021284603F09EFE01D285F0DE
:103FE00000450021204603F097FE01D284F00044F2
:103FF000634805606348046070BD2DE9F041804668
:104000000D4614461E46069F5F49204603F084FE77
:1040100000D25D4C0021384603F07EFE00D200271E
:104020005A49384603F082FE00D2584F5848C0F82B
:10403000008045608460C6600761012055490870B2
:104040005548007855490870002055490860BDE87A
:10405000F08102224F4B1A70524A1060524A11608E
:104060004D4A12784D4B1A7000224D4B1A60704722
:104070002DE9F0474D4805680026314F4C49384638
:1040800003F04AFE01D84FF083471148D0F8008072
:104090004849404603F04AFE18D84FF08241404656
:1040A00003F03AFE12D800204349087043480078D4
:1040B000FF2804D241480078401C404908703F481E
:1040C0000078042801D300250026ABE078E000004A
:1040D000280100200000FA4324010020580100209C
:1040E000CC000020D00000205A0000205400002006
:1040F000CDCC1C41640100209A1900430000034309
:104100006801002048E17A14AE470F400402002005
:10411000244C56001C0300202603002030030020FE
:104120003A030020440300204E03002000007A449C
:1041300000007AC425332E32660000000000A0C1C2
:104140000000A04100803BC500803B4500401C466C
:10415000CDCC5441CDCC4C3EB40000202C52560066
:104160002C4143002C4759002C43534200000000CF
:104170002C56540023000000540200205C01002053
:10418000980000209C000020CDCCCC3D6666E63E29
:104190007800002075000020AC0000207400002092
:1041A0007000002090000020940000208C0000206F
:1041B0000000104100002040A0000020A1000020CD
:1041C0004FF08241404603F0B1FD26D239464046C9
:1041D00003F0A2FD21D800205B4908705B480078FD
:1041E000FF2804D259480078401C584908705748A5
:1041F00000780C2816D3564805685648066825F0FE
:1042000000495549484603F0FBFA0446214630462A
:1042100003F08CFD06D2264604E000204B490870CE
:10422000494908704D4805604D48066000204D49D9
:1042300008604D490860BDE8F0872DE9FF5F4B48F5
:1042400004784B480078201AC0B2039048480470A4
:1042500048480168039808444649086008460068D1
:1042600003F0CFFC0746444903F0CAFA0646434828
:104270008168304603F0C4FA05464048C1682846C4
:1042800003F066FA814649464FF0804003F0B8FAE1
:10429000009003F0F9FC054605F026FA074603F006
:1042A0001FFD834635480169584603F0A9FA824646
:1042B000324801694FF07E5003F09CFA514601905C
:1042C00003F046FA02902D490868029903F098FA23
:1042D00022490860484603F0D7FC074605F052FA29
:1042E000054603F0FDFC824624484168504603F031
:1042F00087FA1B49086001201A49086000201A4902
:104300000860BDE8FF9F10B51D480078B8B10128CE
:1043100002D0022812D102E0FFF78FFF12E0194805
:1043200000680E490860184800680D4908600120BF
:104330000C49086000200C49086003E000BFFFF74B
:1043400097FE00BF00BF10BDA1000020A00000200C
:10435000980000209C000020CDCC4C3F2C01002078
:10436000300100203C01002024010020AC0000208E
:1043700074000020700000200AD7A33B78000020C2
:1043800075000020900000209400002000B585B04A
:10439000012144F20400FCF7CBFA4FF40070ADF8B1
:1043A000100018208DF8130003208DF8120004A9C6
:1043B000BB48FCF701F84FF48060ADF81000042012
:1043C0008DF8130004A9B648FBF7F6FF4FF4E1306F
:1043D00000900020ADF80400ADF80600ADF808002C
:1043E000ADF80C000C20ADF80A006946AD48FDF7A9
:1043F00054FA0121AB48FDF7DCFA05B000BD08B561
:104400004FF48060FBF77CFE27208DF8000004202D
:104410008DF8010001208DF802008DF80300684638
:10442000FBF773FE08BD00B585B001218804FCF7D9
:104430008CFA01210820FCF77BFA4FF48060ADF87C
:10444000100018208DF8130003208DF8120004A925
:104450009548FBF7B1FF4FF40060ADF81000042061
:104460008DF8130004A99048FBF7A6FFFFF7C7FFDC
:104470004FF4165000900020ADF80400ADF806008F
:10448000ADF80800ADF80C000C20ADF80A00694644
:104490008648FDF702FA012240F225518348FDF7D4
:1044A00094FA01218148FDF784FA05B000BD70B58A
:1044B00004460D46E1B27B48FDF7E8FA00BF402113
:1044C0007848FDF751FB0128F9D1204670BDF0B5C1
:1044D00003460D461646002729460A2E03D0002023
:1044E00008702846F0BD33B9302001F8010B0020D8
:1044F00008702846F6E7002B03DA2D2001F8010B9F
:104500005B4242F210720DE093FBF2F404B937B152
:1045100004F1300001F8010B04FB123301270A20DB
:1045200092FBF0F2002AEFDC002008702846D9E761
:104530000FB470B586B006460CA8019073E00B98D6
:1045400000785C281CD10B98401C0B9000786E28DA
:1045500009D072280FD10D213046FDF797FA0B983C
:10456000401C0B900BE00A213046FDF78FFA0B98A8
:10457000401C0B9003E00B98401C0B9000BF4BE0DD
:104580000B980078252840D10B98401C0B900078A0
:10459000642818D0732833D1019810C801900BE01B
:1045A00021783046FDF772FA00BF40213046FDF712
:1045B000DBFA0028F9D0641C20780028F0D10B9891
:1045C000401C0B9020E0019820C801900A2202A90B
:1045D0002846FFF77CFF02AC0BE021783046FDF760
:1045E00055FA00BF40213046FDF7BEFA0028F9D049
:1045F000641C20780028F0D10B98401C0B9003E03D
:104600000B98401C0B9000BF06E00B9810F8011BA4
:104610000B903046FDF73AFA00BF40213046FDF7D7
:10462000A3FA0028F9D00B980078002887D106B0AB
:1046300070BC5DF814FB10B5044621461948FDF71F
:1046400025FA00BF40211748FDF78EFA0128F9D15D
:1046500010BD10B5044621461448FDF717FA00BFF7
:1046600040211248FDF780FA0128F9D110BD70B53C
:1046700005462C4603E02078FFF7EBFF641C20780A
:104680000028F8D170BD70B505462C4603E02078AF
:10469000FFF7D1FF641C20780028F8D170BD00001E
:1046A0000008014000380140000C01400048004073
:1046B0007FB504460D460121C802FCF739F941F2E5
:1046C0008830ADF8080041F61F40ADF80400012025
:1046D000ADF80A000020ADF8060001A91148FCF76A
:1046E0005FFA012241210F48FCF7D1FD19208DF816
:1046F000000003208DF8010000208DF80200012049
:104700008DF803006846FBF700FD7FBD10B5012161
:104710000448FDF76AF818B101210248FDF776F860
:1047200010BD0000002C01401FB501213D48FBF7E2
:1047300014FF01210920FCF7FBF80120ADF80C0063
:1047400010208DF80F0003208DF80E0003A93648C5
:10475000FBF732FE0220ADF80C0028208DF80F0088
:1047600003A93148FBF728FE01210846FBF73AFF71
:104770000220019000208DF8080008208DF8090023
:1047800001208DF80A0001A8FBF736FD07208DF8FF
:10479000000003208DF8010001208DF802008DF843
:1047A00003006846FBF7B1FC1FBD10B50220FBF704
:1047B00089FD48B300211D48FCF7E2FF01211B4899
:1047C000FCF74AFD01201A49086012E01748FCF77F
:1047D000FAFF0A2807DB00211448FCF73DFD002002
:1047E0001349086005E002210F48FBF778FE1049E5
:1047F00008600F4800680028E8D100210B48FCF74A
:104800002BFD0220FBF76FFD10BD10B501210648FE
:10481000FBF77FFE0C20FDF719FD01210248FBF795
:104820007AFE10BD00023000000C0140002C014057
:10483000C001002000B587B001214FF40170FCF7E2
:1048400077F84FF40040FBF7D7FF0120ADF80400E4
:1048500000208DF8070001A92348FBF7ADFD234890
:10486000FDF7DCF9002002908DF80C008DF80D00AA
:104870004FF4602004900020059001208DF818006E
:1048800002A91A48FDF7F1F901211848FDF719FAB4
:104890001648FDF738FA00BF1448FDF739FA00282A
:1048A000FAD11248FDF73EFA00BF1048FDF73FFA73
:1048B0000028FAD107B000BD10B504460723012235
:1048C00021460A48FDF769FA01210848FDF739FA3F
:1048D00000BF02210548FDF7A5FB0028F9D00348D9
:1048E000FDF7C2FA10BD000000080140002401409D
:1048F0000648804706480047FEE7FEE7FEE7FEE77A
:10490000FEE7FEE7FEE7FEE7FEE7FEE74B210008D5
:10491000ED00000838B50446FB4890F82400C0B10B
:1049200014B10220009001E000200090F64A1268C5
:10493000D17BF54A526810786B460122FDF7F3FDF2
:1049400010B14FF0FF3038BD9DF80010EE484174B3
:1049500023E0ED48807A10B94FF0FF30F3E724B13F
:10496000E948407C08B10020EDE714B10120009037
:1049700001E000200090E44A1268D17BE24A5268CC
:1049800010786B460122FDF7CEFD10B14FF0FF30DD
:10499000D9E79DF80010DC4841740020D3E738B512
:1049A000002419E0D8480068C07AA04204D0D64854
:1049B0000068407DA04200D10CE0D34949680878E6
:1049C0006B4601222146FDF7FDFD10B14FF0FF308F
:1049D00038BD00BF601CC4B2CB4840680079A0421B
:1049E000E0DC0020F4E770B504460D46C6480068D8
:1049F000C07AA04204D0C4480068407DA04202D1E1
:104A00004FF0FF3070BDC04840680079A04202DC22
:104A10004FF0FF30F6E7BC49496808782B46012281
:104A20002146FDF7CFFDEDE738B50446B64890F8CE
:104A30002300A04201D1002038BD14B130200090E5
:104A400001E000200090B048807C20B19DF800007B
:104A500040F002000090AC4890F8220020B19DF890
:104A6000000040F080000090A74A1268117DA64A1D
:104A7000526810786B460122FDF755FD10B14FF0DA
:104A8000FF30D9E7A04880F823400020D4E738B5AC
:104A9000044604F0700010B10120009005E014B14C
:104AA0000020009001E040200090974A1268917C1D
:104AB000954A526810786B460122FDF734FD20B10B
:104AC000002191488172481E38BD9DF8000020F0F9
:104AD00040018D4801730020009004F0400020B98F
:104AE0009DF8000040F00400009004F0200020B980
:104AF0009DF8000040F00200009004F0100020B982
:104B00009DF8000040F00100009004F0080020B97A
:104B10009DF8000040F0380000907B4A1268D17C7C
:104B2000794A526810786B460122FDF7FCFC20B1EF
:104B3000002175488172481EC6E724B1082C02D0B6
:104B40000020FFF771FF7048847200210175322048
:104B5000FDF789FB0020B7E738B504466A48807C3A
:104B6000A04201D1002038BD002C46D0664A126810
:104B70001179654A526810786B460122FDF722FDD3
:104B800010B14FF0FF30EEE79DF8000020F020005C
:104B900000905D4A126811795B4A526810786B4642
:104BA0000122FDF7C0FC10B14FF0FF30DBE703201E
:104BB000FDF759FB02200090534890F8220020B1E5
:104BC0009DF8000040F0800000904F4890F82300CE
:104BD00020B19DF8000040F0300000904A4A126871
:104BE000117D494A526810786B460122FDF79BFC03
:104BF000002851D04FF0FF30B5E7434A12681179D1
:104C0000414A526810786B460122FDF7DBFC10B177
:104C10004FF0FF30A7E73C48807A00F0010028B150
:104C20009DF8000040F02000009004E09DF8000096
:104C300020F020000090344A12681179324A5268FC
:104C400010786B460122FDF76EFC10B14FF0FF307B
:104C500089E70320FDF707FB2B4890F8220010B1ED
:104C60008020009001E000200090274890F8230069
:104C700020B19DF8000040F030000090224A1268F8
:104C8000117D214A526810786B460122FDF74BFCDA
:104C900010B14FF0FF3066E71B488474002062E7D4
:104CA00008B51948807A10B94FF0FF3008BD0020D0
:104CB0000090154A1268D17B134A526810786B46EF
:104CC0000122FDF730FC10B14FF0FF30EEE70E4A45
:104CD000126851790C4A526810786B460122FDF730
:104CE00022FC10B14FF0FF30E0E7074A126811795B
:104CF000054A526810786B460122FDF714FC28B172
:104D00004FF0FF30D2E70000C4010020F74890F8D0
:104D10002400002853D00C200090F44A1268117926
:104D2000F24A526810786B460122FDF7FCFB10B185
:104D30004FF0FF30BAE73220FDF795FAC02000901F
:104D4000EA48807A00F0010020B19DF8000040F0B0
:104D500020000090E54A12681179E44A5268107800
:104D60006B460122FDF7DFFB10B14FF0FF309DE7EE
:104D7000DE48407C10B10220009001E0002000904D
:104D8000DA4A1268D17BD94A526810786B46012200
:104D9000FDF7C9FB10B14FF0FF3087E7002000900E
:104DA000D24A12685179D14A526810786B46012272
:104DB000FDF7B9FB002855D04FF0FF3076E704200F
:104DC0000090CA4A12681179C84A526810786B4636
:104DD0000122FDF7A8FB10B14FF0FF3066E7C34892
:104DE000807C20B9C148807A00F0010010B94020D1
:104DF000009001E060200090BC4A12681179BB4A23
:104E0000526810786B460122FDF78DFB10B14FF010
:104E1000FF304BE73220FDF726FAB448407C10B152
:104E20000120009001E000200090B04A1268D17B80
:104E3000AE4A526810786B460122FDF774FB10B140
:104E40004FF0FF3032E7A94A12685179A74A5268F9
:104E50001078A64B10330122FDF765FB10B14FF01F
:104E6000FF3023E7002021E770B50446002624F038
:104E700001049E4890F8240008B1002070BD9B48B2
:104E8000807A10B94FF0FF30F8E79848057C807AB7
:104E90002040964908740846007CA04202D04FF09A
:104EA000FF3600E0002614B99048007D18B10120BB
:104EB000FFF730FD02E00020FFF72CFD3CB1FFF7CB
:104EC000EFFE20B1894805744FF0FF30D6E7304639
:104ED000D4E738B504468548807A10B94FF0FF30E2
:104EE00038BDBC2C02DB0120009015E0622C02DBF7
:104EF0000220009010E02A2C02DB032000900BE03F
:104F0000142C02DB0420009006E00A2C02DB0520B2
:104F1000009001E0062000907448C07A9DF80010CF
:104F2000884201D10020DBE7704A126891786F4A0D
:104F3000526810786B460122FDF7F5FA10B14FF078
:104F4000FF30CDE79DF800106848C1720020C7E728
:104F500038B50446282C02DD4FF0FF3038BDDCB9EF
:104F60000020FFF761FD00208DF8000007208DF87C
:104F700001005E4A1268917C5C4A526810786B4668
:104F80000222FDF7D0FA10B14FF0FF30E6E7002122
:104F9000564801750020E1E70120FFF745FD20207C
:104FA0008DF80000012C06D100208DF801000520AD
:104FB000FFF78FFF17E0052C06DC01208DF80100BC
:104FC0000520FFF786FF0EE0142C06DC02208DF88A
:104FD00001000A20FFF77DFF05E003208DF80100A6
:104FE0001420FFF776FF9DF80100072101EB8010E8
:104FF000C0B28DF801003D4A1268917C3B4A52686C
:1050000010786B460222FDF78EFA10B14FF0FF3098
:10501000A4E708213548817200210173012101753F
:105020000020FFF721FF002098E738B504462F48FD
:10503000807A10B94FF0FF3038BD2C4890F824002A
:1050400010B14FF0FF30F7E72848007D50B134B180
:10505000282C04DCE0B2FFF77BFF0020ECE7002007
:10506000FFF776FF042C01DA042404E0B4F57A7F1C
:1050700001DD4FF47A744FF47A7090FBF4F0401E27
:10508000C0B20090194A12685178184A52681078D4
:105090006B460122FDF747FA10B14FF0FF30CBE726
:1050A0009DF80000401C4FF47A7191FBF0F081B242
:1050B0000E48C1810146C9894810FFF70AFF002048
:1050C000BAE738B504460948807A10B94FF0FF3086
:1050D00038BD022C06D0042C0AD0082C0BD0102C82
:1050E0000FD10BE0002000900EE00000C401002072
:1050F0000820009008E01020009005E018200090A3
:1051000002E04FF0FF30E3E700BFF848407A9DF837
:105110000010B0EBE10F01D10020D9E7F34A12688B
:10512000D179F24A526810786B460122FDF7FBF9FB
:1051300010B14FF0FF30CBE79DF80000C110EB48F5
:1051400041720020C4E738B50446E848807A10B9B7
:105150004FF0FF3038BDFA2C09D0B4F5FA7F09D0F2
:10516000B4F57A7F09D0B4F5FA6F0CD108E00020CD
:1051700000900BE00820009008E01020009005E06F
:105180001820009002E04FF0FF30E3E700BFD7485F
:10519000007A9DF80010B0EBE10F01D10020D9E7B3
:1051A000D24A12689179D14A526810786B4601222E
:1051B000FDF7B9F910B14FF0FF30CBE79DF80000D3
:1051C000C010CA4908720020C4E71CB580208DF8C1
:1051D0000000C64A1268917CC44A526810786B4637
:1051E0000122FDF7A0F910B14FF0FF301CBD642083
:1051F000FDF739F800208DF80000BC4A1268917C58
:10520000BA4A526810786B460122FDF78CF910B14A
:105210004FF0FF30EAE7B54A1268917DB34A526811
:1052200010786B460622FDF7CDF910B14FF0FF3034
:10523000DCE79DF80500C007400F9DF8031001F062
:10524000010140EA41009DF8011001F0010140EA2E
:1052500001048CB1012C03D10121A448C17430E0B8
:10526000022C03D10021A148C1742AE0A0A0FFF7BD
:105270000AFA4FF0FF30B9E79C4A1268D1789B4A8E
:10528000526810786B460122FDF79CF910B14FF07F
:10529000FF30ABE79DF8000000F00F042CB99E48EA
:1052A000FFF7F1F94FF0FF30A0E7042C06D19BA0E7
:1052B000FFF7E9F901218D48C17402E000218B4814
:1052C000C174FF2189488172FF2088490872FF213B
:1052D00086484172C1724FF6FF71C181FF2101748E
:1052E00081740121017380F82210002180F82310BD
:1052F000417501751630016041608160163880F893
:10530000241080F82510C1844FF4FA60FFF71BFFCA
:1053100010B14FF0FF3069E70220FFF7D2FE10B165
:105320004FF0FF3062E72A20FFF7D3FD10B14FF0B6
:10533000FF305BE73220FFF778FE10B14FF0FF300F
:1053400054E70020FFF790FD10B14FF0FF304DE71C
:105350000020FFF701FC10B14FF0FF3046E70020BE
:10536000FFF795FB002041E77CB504460D465F48FA
:10537000807A00F0700010B94FF0FF307CBD5B4ABE
:105380001268117B594A526810786B460622FDF765
:1053900019F910B14FF0FF30F0E79DF801009DF8CA
:1053A000001040EA012000B220809DF803009DF823
:1053B000021040EA012000B260809DF805009DF8CF
:1053C000041040EA012000B2A08015B12846FCF785
:1053D00056FF0020D2E77CB504460D464348807A4C
:1053E00000F0080010B94FF0FF307CBD3F4A126852
:1053F000517B3E4A526810786B460622FDF7E2F870
:1054000010B14FF0FF30F0E79DF801009DF800105B
:1054100040EA012000B220809DF803009DF80210B0
:1054200040EA012000B260809DF805009DF804105C
:1054300040EA012000B2A08015B12846FCF71FFF0A
:105440000020D2E72DE9FE4F05460C462748807A1A
:1054500018B94FF0FF30BDE8FE8F244A1268917BE7
:10546000224A5268107802AB0222FDF7ABF810B165
:105470004FF0FF30EFE79DF809009DF8081040EA73
:10548000012006B214B12046FCF7F9FE174949681D
:10549000C88802F0B6FB154901904968B1F90800C7
:1054A00002F0A6FB8346304602F0A2FB594600906C
:1054B00002F0A0F98246019902F0D4F981461F4911
:1054C00002F046F980464FF08F4102F099F9074605
:1054D00002F0ADFB28600020BDE710B588B004469F
:1054E0001CB94FF0FF3008B010BD29E0C401002006
:1054F000556E737570706F7274656420736F667427
:10550000776172652070726F64756374207265765E
:105510002025642E0A000000E8A6000848616C6699
:105520002073656E7369746976697479207061722D
:105530007420666F756E642E0A00000000000C4235
:10554000206830B9606820B9A06810B9002008B0A0
:1055500010BDFA494968087806AB03221146FDF7E9
:1055600031F810B14FF0FF30F1E79DF81800082135
:1055700001EB201000F00F00ADF800009DF81900BD
:1055800001EB201000F00F00ADF802009DF81A00AA
:1055900001EB201000F00F00ADF80400206841007E
:1055A000BDF90000403091FBF0F000B2ADF8100002
:1055B00060684100BDF90200403091FBF0F000B29C
:1055C000ADF81200A0684100BDF90400403091FB25
:1055D000F0F000B2ADF81400D8494968087806AB7D
:1055E00006221146FCF7EEFF10B14FF0FF30AEE798
:1055F0009DF819009DF8181040EA012000B2ADF89E
:1056000008009DF81B009DF81A1040EA012000B226
:10561000ADF80A009DF81D009DF81C1040EA01201D
:1056200000B2ADF80C00BDF81000BDF80810084439
:1056300000B2ADF81000BDF81200BDF80A10084421
:1056400000B2ADF81200BDF81400BDF80C1008440B
:1056500000B2ADF81400BDF81000000A8DF8180073
:10566000BDF81000C0B28DF81900BDF81200000A94
:105670008DF81A00BDF81200C0B28DF81B00BDF8FD
:105680001400000A8DF81C00BDF81400C0B28DF89B
:105690001D00AA494968087806AB06221146FCF7A6
:1056A00042FF10B14FF0FF3051E700204FE70146B5
:1056B000A248007A30B1012807D0022809D0032877
:1056C0000FD10AE0FA2008800EE04FF4FA7008804B
:1056D0000AE04FF47A70088006E04FF4FA60088020
:1056E00002E00020088000BF00BF00207047014694
:1056F0009248407A30B1012807D0022808D0032808
:105700000CD108E0022008700BE00420087008E0CB
:105710000820087005E01020087002E04FF0FF300C
:10572000704700BF8548C07C18B108784006000E5D
:1057300008700020F4E701468048C07A082817D294
:10574000DFE800F01704070A0D101318BC200880CA
:1057500013E06220088010E02A2008800DE0142069
:1057600008800AE00A20088007E00520088004E09D
:1057700000BF00BF0020088000BF00BF00207047AE
:1057800001466E4890F8240010B14FF0FF3070478A
:105790006A48C08908800020F9E701460020088097
:1057A000401E704701464FF0FF3070470146634886
:1057B000007A30B1012807D0022808D003280CD184
:1057C00008E05F4808600BE05E48086008E05E485B
:1057D000086005E05D48086002E04FF0FF30704768
:1057E00000BF0020FBE701465448407A30B1012851
:1057F00008D002280AD0032810D10BE04FF48040D3
:1058000008800EE041F69C7008800AE04FF480505A
:10581000088006E04FF40060088002E04FF0FF309F
:10582000704700BF4548C07C10B108884010088010
:105830000020F5E701464148007C087000207047D1
:1058400001463E48807A10B10120087001E0002036
:1058500008700020704738B504463848807A10B97F
:105860004FF0FF3038BD354A1268117C334A526818
:1058700010786B460222FCF7A5FE10B14FF0FF3006
:10588000F0E79DF801009DF8001040EA012000B209
:1058900020800020E6E72DE9FE4F07468846924625
:1058A0001D46DDF830B000260024244890F824007E
:1058B00010B1601EBDE8FE8F002028701F48807A5E
:1058C00010B94FF0FF30F5E71C48007C10B94FF0DD
:1058D000FF30EFE71948007C00F0400008B1B01C31
:1058E000C6B21648007C00F0200008B1B01CC6B259
:1058F0001248007C00F0100008B1B01CC6B20F487E
:10590000007C00F0080008B1B01DC6B20B4A126856
:10591000917A0A4A526810786B460222FCF752FECE
:1059200010B14FF0FF30C5E79DF801009DF8001061
:1059300040EA0129B1450BDA0020BBE7C401002091
:105940000000034300008342333303423333834177
:10595000FC4840684088B9EB600F17DDF94A1268CF
:10596000517CF84A526810786B460122FCF72AFEF7
:1059700010B14FF0FF309DE79DF8000000F01000DF
:1059800020B1FFF78DF96FF0010093E75046FCF767
:1059900076FCEC4A1268D17AEA4A526810786B4673
:1059A0003246FCF70FFE10B14FF0FF3082E799FB53
:1059B000F6F0401E8BF8000000202870B4422AD078
:1059C000E048007C00F0080028B3601C1DF80000CF
:1059D0001DF8041040EA012000B2A8F80000E01C05
:1059E0001DF80010A01C1DF8000041EA002000B2C4
:1059F000A8F80200601D1DF80010201D1DF8000011
:105A000041EA002000B2A8F80400287840F008001D
:105A10002870A01D84B2B44213D0CA48007C00F0A4
:105A2000400070B1601C1DF800001DF8041040EA31
:105A3000012000B23880287840F040002870A01C77
:105A400084B2B44213D0BF48007C00F0200070B193
:105A5000601C1DF800001DF8041040EA012000B28F
:105A60007880287840F020002870A01C84B2B442CE
:105A700013D0B448007C00F0100070B1601C1DF819
:105A800000001DF8041040EA012000B2B880287818
:105A900040F010002870A01C84B200200AE7F8B57E
:105AA00004460F461646A74890F8240010B94FF058
:105AB000FF30F8BDA348807A10B94FF0FF30F8E707
:105AC000A04A1268917A9F4A526810786B46022267
:105AD000FCF778FD10B14FF0FF30EAE79DF80100C8
:105AE0009DF8001040EA0125A54203DA002030703D
:105AF000401EDEE7934840684088B5EB600F17DD35
:105B0000904A1268517C8F4A526810786B46012285
:105B1000FCF758FD10B14FF0FF30CAE79DF80000C8
:105B200000F0100020B1FFF7BBF86FF00100C0E7F4
:105B3000E2B2844B1B68D97A824B5B6818783B468B
:105B4000FCF740FD10B14FF0FF30B2E795FBF4F0E9
:105B5000401E30700020ACE701467A4880F82210E1
:105B6000002070477CB5054676494968087801AB46
:105B700004220D21FCF726FD08B107207CBD9DF80D
:105B80000700C0F301109DF8041001F0E00140EAA5
:105B9000E1008DF800009DF80700C0F381009DF83A
:105BA000051001F0E00140EAE1008DF801009DF8E8
:105BB000070000F003009DF8061001F0E00140EA44
:105BC000E1008DF8020000241CE01DF8040018B963
:105BD000002045F8240013E05B4845F8240006E067
:105BE00055F82400594901F00BFE45F824001DF832
:105BF0000400401EC0B20DF804000028F0D100BF20
:105C0000601CC4B2032CE0DB0020B7E72DE9FE4F97
:105C100006460F4600256846FFF7A4FF002442E031
:105C200056F8240057F82410A0EB010ABAF1000F2F
:105C300001DB514601E0CAF10001084601F0D8FF3E
:105C400083464FF08F4101F00DFE80465DF8240041
:105C5000002102F061F816D05DF82410404601F0F2
:105C600001FE82464FF07E5101F0C4FD814629F0CD
:105C7000004A3748416A504602F058F812D20120D3
:105C8000A04005430EE03248C169404602F044F8A6
:105C900005D32F48016A404602F048F802D201209D
:105CA000A0400543641C032CBADB2846BDE8FE8FE8
:105CB0002DE9FC5F06460F46002522494968087811
:105CC00001AB03220D21FCF77DFC10B10720BDE8DC
:105CD000FC9F9DF8040000F01F008DF804009DF863
:105CE000050000F01F008DF805009DF8060000F08B
:105CF0001F008DF80600002462E056F8240057F8D3
:105D00002410A0EB010BBBF1000F01DB594601E0B1
:105D1000CBF10001084601F06BFF4FF08F4100907E
:105D200001F0A0FD814601A8005DC0B308490868E4
:105D300001F067FF83465946064801F093FD80460F
:105D40000FE00000C40100207B14AE3E1D5A843FCA
:105D5000B898000800B04C45FE49404601F050FD9F
:105D6000804601A8005D401EC0B201A90855002868
:105D7000F2D14146484601F075FD83464FF07E5111
:105D800001F038FD82462AF0004BF34881695846FD
:105D900001F0CCFF13D20120A04005430FE0FFE744
:105DA000ED480169484601F0B7FF05D3EA4841696B
:105DB000484601F0BBFF02D20120A0400543641C0D
:105DC000032C9ADB284682E72DE9F04F87B0054681
:105DD0000C46914601208DF8100000208DF811002E
:105DE000DE4A1268917CDD4A5268107804AB0222C8
:105DF000FCF799FB20B14FF0FF3007B0BDE8F08F02
:105E0000C820FCF730FA00208DF81000D34A126841
:105E1000D17BD24A5268107804AB0122FCF783FB95
:105E200010B14FF0FF30E8E7CC4A12685179CB4A05
:105E30005268107804AB0122FCF775FB10B14FF0EB
:105E4000FF30DAE7C54A1268917CC44A526810787C
:105E500004AB0122FCF767FB10B14FF0FF30CCE739
:105E6000BE4A1268D17DBD4A5268107804AB012247
:105E7000FCF759FB10B14FF0FF30BEE7B74A12688C
:105E80001179B64A5268107804AB0122FCF74BFB3B
:105E900010B14FF0FF30B0E70C208DF81000AF4A82
:105EA00012681179AD4A5268107804AB0122FCF7F0
:105EB0003AFB10B14FF0FF309FE70F20FCF7D3F90A
:105EC000A648806A407A8DF81000A44A126891783A
:105ED000A24A5268107804AB0122FCF724FB10B1EF
:105EE0004FF0FF3089E79D48806A007A8DF81000F6
:105EF0009A4A12685178994A5268107804AB012284
:105F0000FCF711FB10B14FF0FF3076E7B9F1000F4D
:105F100007D09248806A807A40F0E0008DF8100047
:105F200004E08E48806A807A8DF810008B4A1268EF
:105F300091798A4A5268107804AB0122FCF7F3FA8F
:105F400010B14FF0FF3058E7B9F1000F07D0834888
:105F5000806AC07A40F0E0008DF8100003E07E48CF
:105F6000C07A8DF810007D4A1268D1797B4A526858
:105F7000107804AB0122FCF7D6FA10B14FF0FF30D5
:105F80003BE7B9F1000F02D0C820FCF76CF94020C4
:105F90008DF81000714A12681179704A52681078B1
:105FA00004AB0122FCF7BFFA10B14FF0FF3024E739
:105FB00078208DF81000694A12685179674A526852
:105FC000107804AB0122FCF7AEFA10B14FF0FF30AD
:105FD00013E761498889FCF746F900208DF8100025
:105FE0005E4A126851795D4A5268107804AB01220A
:105FF000FCF799FA10B14FF0FF30FEE6574A1268ED
:10600000917A564A5268107804AB0222FCF7DAFA09
:1060100010B14FF0FF30F0E69DF811009DF8101020
:1060200040EA012B0C209BFBF0F0C6B20020A860D8
:1060300068602860A06060602060824665E0474A32
:106040001268D17A454A5268107804AB0C22FCF7EA
:10605000B9FA10B14FF0FF30CFE69DF811009DF86E
:10606000101040EA012000B2ADF808009DF81300BE
:106070009DF8121040EA012000B2ADF80A009DF828
:1060800015009DF8141040EA012000B2ADF80C0094
:10609000BDF90810206808442060BDF90A10606846
:1060A00008446060BDF90C10A0680844A0609DF829
:1060B00017009DF8161040EA012000B2ADF800006C
:1060C0009DF819009DF8181040EA012000B2ADF8C3
:1060D00002009DF81B009DF81A1040EA012000B252
:1060E000ADF80400BDF90010286808442860BDF927
:1060F0000210686808446860BDF90410A868084484
:10610000A8600AF1010000F0FF0AB24597DB1248CF
:10611000D0F800C02868C117090441EA10410704FB
:1061200062460023384601F0A5FA32460023CDE945
:10613000020101F09FFA28600748D0F800C06868A3
:10614000C117090441EA104107046246002338469A
:1061500006E0000054E3853FB8980008C401002021
:1061600001F088FA32460023CDE9020101F082FAFB
:106170006860FE48D0F800C0A868C117090441EA69
:106180001041070462460023384601F073FA324694
:106190000023CDE9020101F06DFAA860F348D0F8C0
:1061A00004C02168C817000440EA11480F04624681
:1061B00000233846414601F05DFA32460023CDE91E
:1061C000020101F057FA2060E848D0F804C0606886
:1061D000C117090441EA104107046246002338460A
:1061E00001F048FA32460023CDE9020101F042FAFB
:1061F0006060DE48D0F804C0A068C117090441EA15
:106200001041070462460023384601F033FA324653
:106210000023CDE9020101F02DFAA060A06800285A
:1062200004DDA068A0F58030A06003E0A06800F560
:106230008030A0600020E0E538B50446CC4890F8F6
:106240002400A04201D1002038BD24B3C84890F8F2
:10625000250010B94FF0FF30F6E70020FEF75AFB9B
:106260000020FEF779FCC249C88CFEF7DEFE002054
:106270000090BF49496808786B4601222321FCF74A
:1062800052F90121BA4880F824100120FEF742FBA0
:10629000FEF706FD13E00020FEF73CFBB448007C4F
:1062A0000090B349496808786B4601222321FCF726
:1062B0003AF90021AE4880F82410FEF7F1FC0020E6
:1062C000C2E72DE9F04F8DB083460F4602200C90B7
:1062D000A74890F8240020B10020FFF7ADFF012669
:1062E00000E0002603A8FFF7E2F905A8FFF7FFF991
:1062F00001A8FFF720FA02A8FFF742FA9C4890F89D
:106300000AA004A8FFF796FA002407E00022394605
:106310005846FFF759FD00B902E0641C022CF5DB7A
:1063200000BF022C01D1002528E0002407E0012253
:1063300006A909A8FFF748FD00B902E0641C022C79
:10634000F5DB00BF022C01D1002517E006A9384675
:10635000FFF75CFC00F0FF0809A95846FFF7A8FC0E
:1063600000F0FF090025B9F1000F01D145F001054A
:10637000B8F1000F01D145F0020500BFFF207C49B4
:106380000872FF217A484172C1724FF6FF71C181D4
:10639000FF218172017401210173BDF80C00FEF729
:1063A000D2FE9DF81400FEF78CFEBDF80400FEF747
:1063B00090FDBDF80800FEF738FE5046FEF767FB7B
:1063C0009DF81000FEF750FD16B10120FFF734FFD5
:1063D00028460DB0BDE8F08FF8B504460D461646C8
:1063E00016B94FF0FF30F8BD6148807A10B94FF010
:1063F000FF30F8E720128DF80000E0B28DF80100C0
:106400009DF8010028445A4949684989884202DDBB
:106410004FF0FF30E7E7564A1268117E544A52683F
:1064200010786B460222FCF77EF810B14FF0FF3077
:10643000D9E7EAB24E4B1B68597D4D4B5B68187823
:106440003346FCF770F810B14FF0FF30CBE7002077
:10645000C9E7F8B504460D46164616B94FF0FF30A9
:10646000F8BD4348807A10B94FF0FF30F8E72012AA
:106470008DF80000E0B28DF801009DF8010028447D
:106480003B4949684989884202DD4FF0FF30E7E720
:10649000374A1268117E364A526810786B460222DB
:1064A000FCF741F810B14FF0FF30D9E7EAB2304BBA
:1064B0001B68597D2E4B5B6818783346FCF782F8D1
:1064C00010B14FF0FF30CBE70020C9E72DE9F043D2
:1064D00085B005460E4690469946254890F8250019
:1064E00020B14FF0FF3005B0BDE8F08316B94FF092
:1064F000FF30F8E7002423E0281B102801DD1020DE
:1065000000E0281B87B2321939462046FFF764FFA6
:1065100010B14FF0FF30E6E701AA39462046FFF7F9
:1065200098FF10B14FF0FF30DDE730193A4601A96E
:1065300001F001F910B16FF00100D4E7E01984B265
:10654000AC42D9DB4FEA28208DF8000008F0FF00AC
:106550008DF80100064A1268917E054A526810784B
:106560006B460222FBF7DFFF38B103E0B898000862
:10657000C40100204FF0FF30B5E701218A4880F8C0
:106580002510A0F826900020ADE70146864890F837
:10659000240008700020704702464FF0FF3070471B
:1065A00001464FF0FF307047F8B505460F461446D8
:1065B000002C70D0B5F5FF5F01DDFF2605E0202D32
:1065C00001DA012601E0C5F3471607B90127282C97
:1065D00002DD4FF0FF30F8BD7348407D28BB7248A4
:1065E00090F8240038B10020FFF726FE01216E4804
:1065F00080F8201003E000216B4880F820106A48E2
:106600001630FFF754F868481830FFF770F86648FE
:106610001A30FFF790F864481C30FFF7B1F8624871
:10662000817A81771F30FFF705F90020FEF772F9B4
:106630000020FEF78DFC00208DF800005A4A1268F9
:106640009178594A526810786B460122FBF76BFF2C
:1066500010B14FF0FF30BEE740208DF80000524AE5
:106660001268D17B504A526810786B460122FBF7C2
:106670005AFF00B165E08DF800608DF801704A4A5C
:106680001268117A484A526810786B460222FBF76A
:106690004AFF08B155E047E00520FBF7E4FD42481A
:1066A000407A072101EBC000C0B28DF800003E4ADD
:1066B0001268D1793C4A526810786B460122FBF788
:1066C00032FF00B13DE020208DF80000012C03D105
:1066D00000208DF801000EE0052C03DC01208DF870
:1066E000010008E0142C03DC02208DF8010002E018
:1066F00003208DF801009DF80100072101EB8010B7
:10670000C0B28DF80100284A1268917C264A52686E
:1067100010786B460222FBF706FF00B111E0012161
:1067200021484175002056E71F4A1632002103E038
:10673000505C00B105E0491C0C29F9D34FF0FF3043
:1067400049E7FF2018490872FF2117484172C172BA
:106750004FF6FF71C181FF21817201740121017324
:106760000146887FFEF793F90F49C88AFEF7EBFCD4
:106770000D49087EFEF7A5FC0B49488BFEF7A9FBE7
:106780000949888BFEF751FC0749C87FFEF76CFB6F
:10679000054890F8200010B10120FFF74DFD0021C1
:1067A00001484175002016E7C401002010B5C82338
:1067B0004FF48062F74940F6F630FFF787FE10BDD0
:1067C00010B586B00446F4A000680390F3A00068FA
:1067D0000290F3A000680190F2A00068009004F01D
:1067E000030003A9085C8DF8140003A8C4F3C101D9
:1067F000405C8DF8150003A8C4F38111405C8DF84E
:10680000160004F0030002A9085C8DF8100002A82D
:10681000C4F3C101405C8DF8110002A8C4F38111DA
:10682000405C8DF8120005AA032140F22640FFF7D4
:10683000D3FD18B14FF0FF3006B010BD04AA0321FC
:1068400040F22A40FFF7C8FD10B14FF0FF30F3E7E8
:10685000019805900098049004F0040058B19DF848
:10686000140040F001008DF814009DF8100040F075
:1068700001008DF8100004F0200058B19DF81500BB
:1068800040F001008DF815009DF8110040F0010066
:106890008DF8110004F4807058B19DF8160040F096
:1068A00001008DF816009DF8120040F001008DF8EF
:1068B000120005AA03214FF48860FFF78DFD10B187
:1068C0004FF0FF30B8E704AA032140F23140FFF750
:1068D00083FD10B14FF0FF30AEE7B34804810020D4
:1068E000AAE71FB50446B048007A00F0030054F848
:1068F00020000190AC48007A00F0040010B101982B
:1069000040420190A848007AC0F3C10054F820002A
:106910000290A548007A00F0200010B10298404291
:106920000290A148007AC0F3811054F8200003902F
:106930009D48008900F4807010B103984042039094
:106940009A49019880FB0101800F40EA8100019083
:106950009649029880FB0110820042EA91700290F1
:106960009249039880FB0110820042EA91700390E3
:106970000198000E8DF800000198000C8DF80100C0
:106980000198000A8DF802000198C0B28DF803004A
:106990006A4604214FF47470FFF71EFD18B14FF0E2
:1069A000FF3004B010BD0298000E8DF80000029870
:1069B000000C8DF801000298000A8DF80200029880
:1069C000C0B28DF803006A4604214FF47570FFF7DA
:1069D00003FD10B14FF0FF30E3E70398000E8DF890
:1069E00000000398000C8DF801000398000A8DF850
:1069F00002000398C0B28DF803006A4604214FF4E8
:106A00007670FFF7E9FCCCE770B588B0064601A8C0
:106A1000FEF7E9FEBDF804000021C90341EA504534
:106A2000C4036148007A00F0030056F82000059086
:106A30005D48007A00F0040010B1059840420590CE
:106A40005948007AC0F3C10056F820000690564815
:106A5000007A00F0200010B106984042069052489B
:106A6000007AC0F3811056F8200007904E48008944
:106A700000F4807010B10798404207900598C11744
:106A8000A0FB042301FB043100FB0510810041EA57
:106A9000927005900698C117A0FB042301FB0431F6
:106AA00000FB0510810041EA927006900798C1171B
:106AB000A0FB042301FB043100FB0510810041EA27
:106AC000927007900598000E8DF808000598000C4C
:106AD0008DF809000598000A8DF80A000598C0B2E3
:106AE0008DF80B000698000E8DF80C000698000C2F
:106AF0008DF80D000698000A8DF80E000698C0B2B9
:106B00008DF80F000798000E8DF810000798000C04
:106B10008DF811000798000A8DF812000798C0B28E
:106B20008DF8130002AA0C214FF42570FFF754FCD6
:106B300008B070BD30B585B004461DA207CA02ABCF
:106B400007C3C82C03DD4FF0FF3005B030BDC820AF
:106B500090FBF4F0401E85B2280A8DF80000E8B2E0
:106B60008DF801006A46022140F21620FFF734FC3E
:106B700010B14FF0FF30E8E702AA0C2140F6C12027
:106B8000FFF72AFC10B14FF0FF30DEE706488481A2
:106B90000020DAE7E09800084CCD6C000CC92C000E
:106BA00036567600264666006803002009E3CA02CE
:106BB000FEF2ABC4AAF1DFDFBBAFDFDF0146FC486A
:106BC00080890880002070472DE9FC4706460F4663
:106BD00006F0070010B1B7F5C86F03DD4FF0FF30C6
:106BE000BDE8FC87384601F00CF88146F14900F019
:106BF00039FE80466846FEF77AFD9DF800000228BF
:106C000006D0042816D0082826D0102848D135E010
:106C10004FF08D41404600F0F3FD814601F020F831
:106C200084B2E549404600F0EBFD814601F018F8DA
:106C300085B238E04FF08C41404600F0E1FD8146DE
:106C400001F00EF884B2DD49404600F0D9FD8146DE
:106C500001F006F885B226E04FF08B41404600F087
:106C6000CFFD814600F0FCFF84B2D549404600F0DC
:106C7000C7FD814600F0F4FF85B214E04FF08A4171
:106C8000404600F0BDFD814600F0EAFF84B2CD49E8
:106C9000404600F0B5FD814600F0E2FF85B202E01B
:106CA0004FF0FF309CE700BF20128DF80400E0B2E7
:106CB0008DF8050028128DF80600E8B28DF807005F
:106CC00006F00100A0B101AA02214FF4EA70FFF71B
:106CD00083FB10B14FF0FF3082E70DF10602022175
:106CE0004FF49270FFF778FB10B14FF0FF3077E769
:106CF00006F00200A0B101AA02214FF4EC70FFF7E8
:106D00006BFB10B14FF0FF306AE70DF10602022174
:106D10004FF49470FFF760FB10B14FF0FF305FE766
:106D200006F00400A0B101AA02214FF4EE70FFF7B3
:106D300053FB10B14FF0FF3052E70DF10602022174
:106D40004FF49670FFF748FB10B14FF0FF3047E764
:106D5000002045E738B504460020009004F001000B
:106D600020B19DF8000040F03000009004F00200D7
:106D700020B19DF8000040F00C00009004F00400E9
:106D800020B19DF8000040F0030000906A46012108
:106D90004FF4A470FFF720FB38BD38B50446012C32
:106DA00001DA012402E0042C00DD0424601EC0B2DC
:106DB00000906A46012140F24F10FFF70DFB38BDED
:106DC00038B50446052094FBF0F085B228128DF802
:106DD0000000E8B28DF801006A4602214FF4EF701E
:106DE000FFF7FAFA38BD38B50446052094FBF0F0F9
:106DF00085B228128DF80000E8B28DF801006A46CD
:106E000002214FF4ED70FFF7E7FA38BDF8B50546FB
:106E10000E464FF47A7095FBF0F000FB06F4200E5E
:106E20008DF80000200C8DF80100200A8DF802007A
:106E3000E0B28DF803006A4604214FF4AE70FFF70C
:106E4000CBFAF8BD38B50446052094FBF0F084B2C7
:106E500020128DF80000E0B28DF801006A46022190
:106E60004FF4AD70FFF7B8FA38BD38B504460520C9
:106E700094FBF0F084B220128DF80000E0B28DF89F
:106E800001006A4602214FF4AC70FFF7A5FA38BD45
:106E900038B5044614B94FF0FF3038BD6A460421B6
:106EA0004FF45870FFF7D5FA10B14FF0FF30F4E708
:106EB0009DF8000000069DF8011040EA01409DF891
:106EC000021040EA01209DF80310084320600020D2
:106ED000E3E738B50446200E8DF80000200C8DF84D
:106EE0000100200A8DF80200E0B28DF803006A4626
:106EF00004214FF45870FFF76FFA38BD38B50446D7
:106F000014B94FF0FF3038BD6A4604214FF4717058
:106F1000FFF79FFA10B14FF0FF30F4E79DF8000043
:106F200000069DF8011040EA01409DF8021040EA79
:106F300001209DF80310084300EB800080002060D2
:106F40000020E0E738B504461420B4FBF0F4200E2E
:106F50008DF80000200C8DF80100200A8DF8020049
:106F6000E0B28DF803006A4604214FF47170FFF718
:106F700033FA38BD38B5044664B120208DF80000DE
:106F800028208DF8010030208DF8020038208DF87F
:106F9000030004E0A3220421684600F0AEFB6A4629
:106FA000042140F69E20FFF717FAFDF779FE38BD61
:106FB0006803002000004843000040460000C04530
:106FC000000040450000C04438B5044664B1C0200C
:106FD0008DF80000C2208DF80100C4208DF8020059
:106FE000C6208DF8030004E08B220421684600F0DF
:106FF00084FB6A46042140F69820FFF7EDF9FDF77F
:107000004FFE38BD3EB504466CB1FDA1D1E900206C
:107010008968CDE9002002916A4609214FF4976002
:10702000FFF7DAF93EBDF9A2D2E900109268CDE986
:10703000010200916A4609214FF49760FFF7CCF9ED
:10704000F0E73EB5044602208DF80000CA208DF816
:107050000100E3208DF8020009208DF803006A4644
:1070600004216820FFF7B8F9A3208DF8000004F090
:10707000400048B1C0208DF80100C8208DF8020002
:10708000C2208DF8030006E0A3208DF801008DF8E2
:1070900002008DF8030004F4C07048B1C4208DF8DC
:1070A0000400CC208DF80500C6208DF8060006E00F
:1070B000A3208DF804008DF805008DF80600A320AC
:1070C0008DF807008DF808008DF809006A460A213E
:1070D00040F6A720FFF780F904F0030018B1202044
:1070E0008DF8000002E0D8208DF800006A460121EA
:1070F00040F6B620FFF770F904F0200018B1012027
:10710000FFF780FF02E00020FFF77CFF04F4C0706F
:1071100008B304F4807060B1B2208DF800008B20B9
:107120008DF80100B6208DF802009B208DF8030039
:107130000BE0B0208DF8000080208DF80100B42015
:107140008DF8020090208DF803006A46042140F675
:10715000A220FFF741F904F0010020B3F8208DF8D8
:1071600000006A4601214FF40B60FFF735F9FA2160
:107170000720FFF729FD0720FFF7ECFD0120FFF7AF
:107180000CFE6420FFF71CFE4FF4FA70FFF72BFE95
:10719000C821A148FFF73AFE2820FFF753FE0A2036
:1071A000FFF763FE08E0D8208DF800006A46012151
:1071B0004FF40B60FFF710F904F0020018B1D9206A
:1071C0008DF8000002E0D8208DF800006A46012109
:1071D00040F23D70FFF700F904F0040018B10120FF
:1071E000FFF7F2FE02E00020FFF7EEFE04F01000D1
:1071F00018B10120FFF7BEFE02E00020FFF7BAFE43
:1072000044F0080085494881FDF74AFD0020834984
:10721000887304F0400018B10846807B801D887395
:1072200004F4C07020B17D48807B801D7B49887349
:1072300004F0140020B17948807B103077498873BE
:1072400004F0030020B17548807B001D73498873EA
:1072500000203EBD014671484089088000207047EB
:107260002DE9F0410446E07800F0C006E07800F037
:107270003F05607800F0010098B1EF102846E9174B
:1072800005EB5171C910A5EBC101491C01F0FF08C4
:107290006248006820B1614841460268384690471C
:1072A00000BF607800F0080030B15C48406818B159
:1072B000B0115A4A516888470020BDE8F08110B5E6
:1072C00086B0044656A207CA03AB07C357A207CA33
:1072D0008DE80700012C09D0022C0ED103AA0B2146
:1072E00040F68220FFF778F806B010BD6A460B2101
:1072F00040F68220FFF770F8F6E74FF0FF30F3E733
:107300002DE9F04F8DB00746884615469946DDE9D0
:10731000166B0024002030804049887B5A4605A91E
:10732000FEF7BDFB18B1601E0DB0BDE8F08F3B4805
:10733000807A00F01400002861D09DF81400000647
:107340009DF8151040EA01409DF8161040EA012012
:107350009DF81710084328609DF8180000069DF856
:10736000191040EA01409DF81A1040EA01209DF8EA
:107370001B10084368609DF81C0000069DF81D1056
:1073800040EA01409DF81E1040EA01209DF81F10C0
:107390000843A8609DF8200000069DF8211040EAEF
:1073A00001409DF8221040EA01209DF82310084377
:1073B000E86004F11000C4B2286800140190686805
:1073C00000140290A86800140390E8680014049068
:1073D00001984043029901FB0100039901FB010060
:1073E000049901FB010ABAF1706F02DBBAF1885F00
:1073F00022DDFDF755FC00203080401E94E721E09F
:10740000B8AAB38DB4980D355D000000B8AAAAAA39
:10741000B088C3C5C700000009E3CA0268030020A2
:10742000D8B1B9F38BA391B609B4D900DAB1B9F3E5
:107430008BA391B6DAB4DA00B6F9000040F480709C
:10744000308000BF7848807A00F0400020B305A962
:10745000601C085C095D40EA012000B2A8F8000049
:1074600005A9E01C095C05AAA01C105C41EA0020EB
:1074700000B2A8F8020005A9601D095C201D105C7F
:1074800041EA002000B2A8F80400A01DC4B2B6F979
:10749000000040F0080030806348408900F4C0706C
:1074A00008B305A9601C085C095D40EA012000B230
:1074B000388005A9E01C095C05AAA01C105C41EA03
:1074C000002000B2788005A9601D095C201D105CB9
:1074D00041EA002000B2B880A01DC4B2B6F9000095
:1074E00040F0700030805048807A00F0030018B1FE
:1074F00005A90819FFF7B4FE4846FAF7C0FE0020B8
:1075000012E701464848016000207047014646489E
:10751000416000207047014691F90020002A01DDFA
:1075200000201EE091F90020002A01DA042018E072
:1075300091F90120002A01DD012012E091F90120DA
:10754000002A01DA05200CE091F90220002A01DD71
:10755000022006E091F90220002A01DA062000E06C
:107560000720704770B505462846FFF7D4FF04464C
:10757000E81CFFF7D0FF44EAC00084B2A81DFFF763
:10758000CAFF44EA801084B2204670BD70B588B04E
:1075900002A905A8FEF795FE0446032C3FD101A8D9
:1075A000FEF704F9059800F023FB0646019900F068
:1075B00027F9054600F03BFB0590069800F018FB04
:1075C0000646019900F01CF9054600F030FB0690D4
:1075D000079800F00DFB0646019900F011F90546E9
:1075E00000F025FB079005A8FFF77BF96846FEF73A
:1075F000FAF8BDF80010029848430290BDF8001058
:10760000039848430390BDF8001004984843049041
:1076100002A8FFF7F9F905A0FDF735F802E00CA084
:10762000FDF731F808B070BD68030020736574740D
:10763000696E672062696173207375636365736641
:10764000756C6C79202E2E2E2E2E2E0A0000000036
:107650006269617320686173206E6F742062656572
:107660006E206D6F646966696564202E2E2E2E2E45
:107670002E0A00002DE9F0410024061B254671F179
:10768000000605DA01240027D0EB070067EB0101B3
:10769000161E73F1000605DA0027D2EB070201255A
:1076A00067EB030300F062FB86460E4617469C46D6
:1076B000AC4204D00025D0EB050E65EB010624B1E9
:1076C0000020D2EB000760EB030C704631463A46CF
:1076D0006346BDE8F08140EA01039B0703D009E05F
:1076E00008C9121F08C0042AFAD203E011F8013BAE
:1076F00000F8013B521EF9D27047D2B201E000F807
:10770000012B491EFBD270470022F6E710B5134645
:107710000A4604461946FFF7F0FF204610BD421EF8
:1077200012F8013F002BFBD111F8013B02F8013B9D
:10773000002BF9D1704730B504460020034600E025
:107740005B1C934203D2E05CCD5C401BF8D030BDA3
:10775000F0B480EA0102D40F4200B2EB410F02D232
:107760000246084611464A0042D0C30DDDB2C1F3BD
:10777000C752AD1A202D35DAC1F3160141F40002CB
:1077800004B15242C5F1200602FA06F12A41104422
:10779000B3EBD05F23D0C4B1012DA0EBC35009DC03
:1077A000F0BC4FF0004202EAC352DBB200F5000029
:1077B00000F037BB400000F1807000EBC350A0F137
:1077C000807040EAD170490009E0490841EAC0717F
:1077D000A0EBC35000F50000400800EBC350F0BC24
:1077E00000F016BB6142012202EB4101001BF6E7EB
:1077F000F0BC704781F00041AAE780F00040A7E7A5
:1078000080EA010210B502F00043400022D04A0095
:107810001FD0010E01EB1261C0F35600C2F35602F5
:1078200040F4000042F40002A0FB022000047F3973
:10783000140400D0401C50EA124001D44000491EFC
:10784000C2B20C0604EBD010401C4008802A02D0C3
:1078500003E0002010BD20F00100002900DA002024
:10786000184310BD30B480EA010202F0004530F048
:10787000004221F0004013D090B1C30DD40DC2F3EB
:107880001601C0F31600E41A41F4000140F40002AE
:107890007D34914201D3641C00E04900002C02DADF
:1078A00030BC002070474FF400000023914201D308
:1078B000891A034340084FEA4101F7D151B191427F
:1078C00002D14FF0004105E002D24FF0010101E08A
:1078D0006FF0010103EBC450284430BC00F098BAAB
:1078E0002DE9FE4F804681EA0300C00F0C46009050
:1078F00021F0004123F00045B8EB0200A94105D278
:107900004046214690461C460B46024623F0004066
:10791000104347D0270DC7F30A00C3F30A51029062
:10792000401A019040286BDAC3F3130040F4801B27
:107930000098924620B10023D2EB030A63EB0B0BB5
:1079400001985946C0F14002504600F040FA064600
:107950000D4650465946019A00F048FA10EB0800CF
:107960006141002487EA115284EAE7731A4340D048
:10797000009A62B3019A012A4FEA075215DC001BF4
:1079800061EB02014FF0004202EA0752CDE90042EA
:10799000001C41F5801132462B4600F07FFA03B0FF
:1079A000BDE8F08F40462146F9E7001B61EB02017C
:1079B000001C41F5801300185B412018A2F5001748
:1079C00047EB030140EAD570B6196D4111E06D082F
:1079D0004FEA360645EAC0754FEA0752001B61EBD5
:1079E0000201001C41F5801149084FEA30000019DE
:1079F000514132462B4603B0BDE8F04F00F03FBA8C
:107A00000098012240000023D0EB020263EBE073F8
:107A1000009821464FEAE074B8EB000061EB0401E6
:107A2000E9E783F000435BE781F0004158E72DE987
:107A3000FE4F81EA030404F0004421F00041009469
:107A40004FF0000B23F0004350EA01045ED052EAED
:107A500003045BD0C3F30A54C1F30A552C44A4F2C7
:107A6000F3340194A0FB0254C1F3130141F48011DB
:107A7000C3F3130343F4801301FB024400FB034EE2
:107A8000840A970A44EA815447EA8357A4FB0768AB
:107A900002958D0A05FB07854FEA932C04FB0C54D5
:107AA0002705029D4FEA065847EA1637B5EB080549
:107AB0006EEB070C870E920E47EA811742EA83129B
:107AC000A7FB0201B6EB0B0164EB00042B0D43EAAC
:107AD0000C335E1844EB1C50DA465146E7FB0201BA
:107AE000C5F313044FEA0B3343EA14534FEA04324D
:107AF000019C43EA0603A4F10C040294009CCDE926
:107B000000B400F0CBF903B0BDE8F08F00200146CF
:107B1000F9E72DE9F04D81EA030404F0004B21F070
:107B2000004514464FF0000A23F0004150EA0502D8
:107B300020D054EA01021DD0C5F30A570246C5F30E
:107B40001303C1F31300C1F30A5640F4801543F444
:107B50008013A7EB0608101BD64608F2FD3873EB1E
:107B6000050002D308F1010801E092185B41B8F169
:107B7000000F03DA00200146BDE8F08D00204FF42D
:107B80008011064684460EE0171B73EB050705D3EC
:107B9000121B63EB050306434CEA010C49084FEA4C
:107BA000300092185B4150EA0107EDD152EA030020
:107BB00012D082EA040083EA0501084305D0101BB5
:107BC000AB4106D20122002306E000224FF0004321
:107BD00002E06FF0010253101AEB06004CEB085163
:107BE00010EB0A0041EB0B01BDE8F04D00F047B986
:107BF000C10F80EAE0700844CA079623002100F014
:107C000010B996230022114600F00BB90EB5C10F32
:107C100080EAE0700844CA07002140F233438DE84F
:107C20000E000A460B4600F039F903B000BD00F023
:107C3000004220F00040C10DC0F3160040F40000E7
:107C40007F2901DA00207047962903DCC1F19601F3
:107C5000C84001E096398840002AF4D0404270477D
:107C600020F00040C10DC0F3160040F400007F2951
:107C700001DA00207047962903DCC1F19601C84063
:107C8000704796398840704700F0004230F000405D
:107C90000AD0C10D01F56071C0F3160042EA01512E
:107CA000C20840071143704700200146704700009A
:107CB00030B5041E71F1000404DB4FF00044404273
:107CC00064EB0101141E73F1000405DB1C464FF048
:107CD0000043524263EB04038B4208BF824230BD33
:107CE00001F0004330B421F0004150EA010206D017
:107CF0000A0DA2F56072C1F31301002A02DC30BC48
:107D000000207047440F44EAC104C100E01830BCB1
:107D100000EBC25000F07CB8002801DBC0F100404D
:107D2000002901DBC1F1004181427047002801DBDD
:107D3000C0F10040002901DBC1F1004188427047D9
:107D400030B50B46014600202022012409E021FA2B
:107D500002F59D4205D303FA02F5491B04FA02F528
:107D60002844151EA2F10102F1DC30BD2DE9F05FBF
:107D70000546002092469B4688460646814640249A
:107D80001BE0284641464746224600F02FF953465D
:107D90005A46C01A914110D311461846224600F0A7
:107DA00016F82D1A67EB01084F46224601200021E4
:107DB00000F00DF817EB00094E41201EA4F101045C
:107DC000DFDC484631462A464346BDE8F09F202A7C
:107DD00004DB203A00FA02F1002070479140C2F122
:107DE000200320FA03F3194390407047202A06DB52
:107DF000CB17203A41FA02F043EAE07306E041FA79
:107E000002F3D040C2F12002914008431946704766
:107E10000029A8BF7047401C490008BF20F001009E
:107E2000704710B4B0FA80FC00FA0CF050EA01047C
:107E300004BF10BC704749B1CCF1200421FA04F40E
:107E400011FA0CF118BF012121430843A3EB0C01E7
:107E5000CB1D4FEA00614FEA102042BF002010BC4A
:107E6000704700EBC35010440029A4BF10BC7047FA
:107E7000401C490008BF20F0010010BC704710B53D
:107E8000141E73F1000408DA401C41F1000192183D
:107E90005B411A4301D120F0010010BD2DE9F04DE6
:107EA00092469B4611B1B1FA81F202E0B0FA80F23B
:107EB00020329046FFF78BFF04460F4640EA0A0047
:107EC00041EA0B0153465A46084313D0114653EA80
:107ED000010019D0C8F14002504600F087F805466D
:107EE0000E46504659464246FFF771FF084305D0FB
:107EF000012004E020463946BDE8F08D002005430E
:107F000046EAE0762C4337430A986305E40AA0EB7F
:107F100008000022FD0A44EA47540A3002D5002036
:107F20000146E9E7010510196941DDE90845001935
:107F30006941BDE8F04DA2E770B521F0004303436D
:107F40000CD0C1F30A550024D5EB040564EB0403FF
:107F5000D617AD1AB34102DB0020014670BD2018D0
:107F600041EB025170BDC1F30A52C1F3130140F25B
:107F7000FF3341F480119A4202DA00200146704733
:107F800040F233439A42A2F2334202DC524200F002
:107F90002DB8FFF71CBF000030B5041E71F10004BE
:107FA00004DB4FF00044404264EB0101141E73F106
:107FB000000405DB1C464FF00043524263EB040310
:107FC000994208BF904230BD064C074D06E0E0687C
:107FD00040F0010394E8070098471034AC42F6D310
:107FE000F8F788F838A7000858A70008202A04DB0B
:107FF000203A21FA02F00021704721FA02F3D04022
:10800000C2F1200291400843194670472DE9F04D16
:1080100000231A461B1A8A4103DB00200146BDE8F3
:10802000F08DC1F30A52C1F3130141F480154FF0F2
:10803000000BD10702D100186D41521E00270446E3
:1080400040F2FF11384601EB620A3E468046024686
:1080500000204FF48011FFF7C9FFC2197141BB180E
:1080600046EB0100B4EB030C75EB000C04D3E41AEF
:1080700065EB000517460E46241908F101006D4115
:1080800080463428E3DDF91946EB0600091BA841B8
:1080900003D24FF0FF32134601E0002213461BEBE0
:1080A000070046EB0A51BDE8F04DFFF7E8BE0EB5FC
:1080B00040F2334102910021CDE900110A460B46FE
:1080C000FFF7ECFE03B000BD70B5C1F30A5201F03A
:1080D00000450024C1F3130140F2FF3341F4801145
:1080E0009A4201DA002070BD40F233439A42A2F274
:1080F000334203DC5242FFF779FF00E090402C430B
:10810000F1D0404270BD70B58C1810F8015B15F0CD
:10811000070301D110F8013B2A1106D110F8012BF9
:1081200003E010F8016B01F8016B5B1EF9D12B071E
:1081300005D40023521E0DD401F8013BFAE710F8D4
:10814000013BCB1A921C03E013F8015B01F8015BC1
:10815000521EF9D5A142D8D3002070BD0FB4084BF0
:1081600010B504A902AA039800F01AFC044602A95B
:10817000002000F0ACFF204610BC5DF814FB0000AE
:10818000CF900008490050EAC12018BF04204A0DD2
:1081900018BF40F0010040F2FF72B2EB515F08BF20
:1081A00040F00200012808BF052070472DE9F74F75
:1081B000144694B00021C4E902111599079121F0E9
:1081C0000045C9498D4206DC1599C4E9000117B084
:1081D0000020BDE8F08FC549DFF814A3A9423CDDBB
:1081E0000799C44E0029C44FC44A1599534619DD56
:1081F000FFF717FC554506D0C14AC24BFFF711FCEB
:10820000C4E900010AE04FF0D352BE4BFFF709FC6E
:1082100032463B46FFF705FCC4E9000117B00120D8
:10822000BDE8F08FFFF75CFB554506D0B44AB54B6F
:10823000FFF756FBC4E900010AE04FF0D352B14BFF
:10824000FFF74EFB32463B46FFF74AFBC4E900010D
:1082500017B04FF0FF30BDE8F08FAB49A942159938
:1082600078DB21F0004183468846A84AA84BFFF7F7
:10827000DEFB0022A74BFFF733FBFFF725FF09903A
:10828000FFF7C4FC06460F469C4A5346FFF7CFFB58
:1082900043465A46FFF7C8FB80468A46984A994BA0
:1082A00030463946FFF7C3FB2A0D01250B924246A3
:1082B0005346FFF7B9FB032DC4E9000139D00B98F1
:1082C000C1F30A51401A05EB45111139814230DAE8
:1082D0009148C346784400EB0510CDF80CA00C90F3
:1082E000D0E9002330463946FFF7A1FB02460B4692
:1082F0000491069058460399FFF793FB80468A46FF
:1083000002460B4658460399FFF78BFB049B069ADF
:10831000FFF787FB83460C9803913946D0E9022387
:108320003046FFF784FB5A46039BFFF77AFB6D1C30
:10833000BDE707980028A2BF099817B0BDE8F08FE5
:10834000616881F000416160099817B04042BDE862
:10835000F08FFFE784461598C1F31301C0F30A506C
:10836000A0F2F5304FEA601800F01F06C6F12000B9
:10837000139000200690079041F4801E05206D4662
:1083800076B1664A08EB00017A4452F8213002EBDC
:108390008101B3404A68139922FA01F1194305E0BB
:1083A0005F4908EB0002794451F82210A1FB0E2727
:1083B000A1FB0C131A449A4234BF0123002303EBA0
:1083C000070A05EB8003D3E901B70F448F4234BF9E
:1083D0000121002193448B4411B1934502D903E05C
:1083E000934501D2012100E00021C3E901B75144C6
:1083F00045F82010011EA0F10100C1DC0298059F84
:1084000000F10050800F12900298DDE903568000C1
:10841000FFF7FCFB834628460D91FFF748FE6FF0FF
:108420001D02FFF789FDCDE90E013046FFF73FFE43
:108430006FF03D02FFF780FD80468A463846FFF721
:1084400036FE6FF05D02FFF777FD07464246534662
:108450001191FFF745FADDE90E23FFF741FA5A467D
:108460000D9BFFF73DFA00250E465A4628460D9B08
:10847000FFF7D7FADDE90E23FFF7D3FA424653465A
:10848000FFF7CFFA3A46119BFFF7CEFADFF898A034
:10849000244A5346FFF7CBFA07468846234A244B23
:1084A00031462846FFF7C3FA3A464346FFF718FA23
:1084B000074688464FF0A842534631462846FFF704
:1084C000B6FA3A464346FFF70BFA159A12F0004FF8
:1084D00004D0129A81F0004152421292C4E9000184
:1084E000129817B0BDE8F08FFB21E93F7CD902401C
:1084F000FB21F93F7370032E8A19A33B00004054FF
:108500003163621A61B4D03DFB21394183C8C96D22
:10851000305FE43F0000E03F202300009C22000089
:108520007E220000182D4454FB21F93D3326A6116C
:10853000460B113C2DE9FF4D21F0004807460C4643
:10854000B8F1795F08DAFFF7BFFD002801BF00200E
:10855000324904B0BDE8F08D3A462346104619462C
:10856000FFF765FA054602462D480E460B460621E2
:10857000784400F05DF82A463346FFF758FADDE903
:10858000022382468B4638462146FFF750FA0446BE
:108590000F4652465B4628463146FFF748FA2246C8
:1085A0003B46FFF73EFA07468A464FF0FF32284621
:1085B0003146FFF7C1FC1B4A90450ADA3A4653465A
:1085C000FFF72FFA04B00022BDE8F04D134BFFF780
:1085D0002BBA154A4245A8BFA8F500154FF0000474
:1085E000B8BF124D22462B46FFF71BFA06468846B7
:1085F00022462B4600200949FFF713FA04460D4690
:108600003A46534630464146FFF70BFA04B022463D
:108610002B46BDE8F04DFFF707BA00000000F03F21
:108620004C2000003333D33F0000E93F0000D23F2D
:108630002DE9F0414F1E00EBC7010446D1E90001CE
:1086400015461E4637F006020DD02A463346FFF780
:10865000EEF97F1E04EBC703D3E90023FFF740F9CF
:1086600037F00602F1D1022F25D0042F13D0062FA8
:1086700018BFBDE8F0812A463346FFF7D8F9D4E9A0
:108680000A23FFF72DF92A463346FFF7D0F9D4E93C
:108690000823FFF725F92A463346FFF7C8F9D4E93E
:1086A0000623FFF71DF92A463346FFF7C0F9D4E940
:1086B0000423FFF715F92A463346FFF7B8F9D4E942
:1086C0000223FFF70DF92A463346FFF7B0F9D4E944
:1086D0000023BDE8F041FFF703B900002DE9FF4D8D
:1086E000054621F0004084B00C46B0F1795F0BDA0A
:1086F0002846FFF747FD042808BF00F071F8284618
:1087000008B02146BDE8F08D2A460B461046FFF71B
:108710008EF906460F462A462346FFF788F980461B
:1087200026488A4632463B4605217844FFF780FFBB
:1087300083461098029160B3214A224B404651462D
:10874000FFF775F9CDE900015A4640465146029BB4
:10875000FFF76DF982468846DDE906014FF0FF32EA
:10876000FFF7EAFB52464346FFF75BF932463B46CA
:10877000FFF75DF9DDE90623FFF753F9DDE9002393
:10878000FFF74FF908B02A462346BDE8F04DFFF742
:108790004BB90B465A4630463946FFF748F9084A66
:1087A000084BFFF79DF842465346FFF740F908B0E3
:1087B0002A462346BDE8F04DFFF792B8921F00000D
:1087C000495555555555C5BF0122FFF7B5BBFFF7B4
:1087D00087B80022134610461146FFF79AB90000E9
:1087E000024A00201107FFF7A7BB000001FDFFFFB1
:1087F00002E008C8121F08C1002AFAD1704770476A
:10880000002001E001C1121F002AFBD170470000C7
:108810000149086070470000F00100202DE9FF5F6A
:1088200082B00021DDE90430020DDDF840B00343E1
:1088300018D044F61050A2F2FF324243151411989A
:1088400001281FD0A5EB0B00401C5FEA000A4FF087
:1088500000064E4FDFF83891B046504615D5CAF1A4
:10886000000413E0119801244AA3012801D16FEA02
:108870000B010298119AC0E90031C0E9024206B02A
:10888000BDE8F09FCBF10000DFE704460021404A3D
:10889000491842EB0450CDE9001012E0E00707D080
:1088A00032463B4640464946FFF7C1F88046894676
:1088B00032463B4610461946FFF7B9F806460F46C2
:1088C0006410002CEAD1DDE90401DDE90023BAF1EE
:1088D000000F06DAFFF7ABF842464B46FFF7A7F862
:1088E00005E0FFF716F942464B46FFF712F904463A
:1088F0000E460022284BFFF74FFB03D84FF0FF3006
:10890000014607E00022254B20463146FEF7E8FFEE
:10891000FFF729FB102409E0002C0ADB0A220023C0
:10892000FFF724FA039B30321A55641E50EA010205
:10893000F2D1641C039AC4F111031444119A012A60
:1089400003D0012208430DD10AE0084304D00020DF
:108950004FF0110B119072E7A3EB0B056D1E0DE0AC
:108960005B4504DD4FF0000205F1010504E003DA88
:108970004FF00002A5F10105002AECD002981199F0
:10898000C0E90231C0E9004579E700000000144069
:108990000000F03F300000000000F0430000E03F26
:1089A0002DE9FF4F95B09B468946064600250FE20C
:1089B000252877D100242746F84A0121059400E0B4
:1089C000044316F8013F203B01FA03F01042F7D1AF
:1089D00030782A2811D06FF02F033078A0F13002C0
:1089E000092A16D8059A44F0020402EB820203EB2E
:1089F00042021044761C0590EFE759F8042B0592CB
:108A0000002A03DA504244F40054059044F0020472
:108A1000761C30782E2816D116F8010F44F0040485
:108A20002A280DD06FF02F023078A0F13003092BE7
:108A300009D807EB870302EB4303C718761CF3E75B
:108A400059F8047B761C30786C280FD006DC4C2853
:108A500017D068280DD06A2814D104E0742810D0EB
:108A60007A280FD10DE044F400140AE044F4801495
:108A700001E044F440147278824202D104F580147B
:108A8000761C761C307866280BD013DC582877D0FB
:108A900009DC002875D04528F6D04628F4D04728B0
:108AA0001AD19DE118E0632835D0642879D0652873
:108AB00012D195E1702873D008DC6728F1D06928BD
:108AC0006FD06E280DD06F2806D1B5E073282CD05A
:108AD000752875D0782874D05A46179990476D1C20
:108AE00075E1C4F30250022809D003280DD0D9F84B
:108AF000001004280DD00D6009F1040967E1D9F8D0
:108B00000010EA17C1E90052F6E7D9F800100D800D
:108B1000F2E70D70F0E719F8041B8DF80010002043
:108B20008DF80100EA46012003E059F804AB4FF04C
:108B3000FF3061074FF0000102D40DE008F10101A0
:108B40008846B9420FDA8045F8DB1AF80810002988
:108B5000F4D108E008F1010188468142FADB1AF8F5
:108B600008100029F6D105985B46A0EB08072146BE
:108B70003846179A00F094FA284400EB080507E0FD
:108B80004DE029E10DE01AF8010B5A46179990477C
:108B9000B8F10108F7D25B4621463846179A13E12F
:108BA00042E00A220092C4F302524FF0000A022A65
:108BB00008D059F804CB032A4FEAEC710AD00DE033
:108BC00029E02AE009F1070121F00702F2E802C1D9
:108BD000914609E00FFA8CFC4FEAEC71042A03D1AC
:108BE0004FFA8CFC4FEAEC71002907DA0A460021A3
:108BF000DCF1000C61EB02012D2202E0220504D51C
:108C00002B228DF80420012203E0E20701D020226C
:108C1000F7E7904659E00A2102E010220DE010210A
:108C20004FF0000A00910BE010224FF0000A44F0D0
:108C300004040827009203E008224FF0000A009283
:108C4000C4F30252022A05D059F804CB0021032AAA
:108C500008D009E009F1070121F00702F2E802C19A
:108C6000914605E01FFA8CFC042A01D10CF0FF0CA0
:108C70004FF00008220728D5702806D0009B83F00B
:108C8000100353EA0A0305D00EE040228DF80420B9
:108C9000012208E05CEA010206D030228DF80420AF
:108CA0008DF8050002229046009B83F0080353EAEA
:108CB0000A030AD15CEA010201D1620705D530221C
:108CC0008DF804204FF001087F1E582804D034A0EE
:108CD00003900EA802900DE036A0F9E753466046D7
:108CE000009AFFF743F884460398825C0298401E7E
:108CF000029002705CEA0100F0D1029806A9081AFD
:108D000000F1200A600702D524F4803400E0012736
:108D1000574502DDA7EB0A0000E0002000EB0A0146
:108D2000009005984144401A0590E00306D45B4644
:108D30002146179A059800F0B3F90544002706E08C
:108D400001A85A46C05D179990476D1C7F1C474586
:108D5000F6DBE0030CD55B462146179A059800F038
:108D60009FF9054404E030205A46179990476D1C3E
:108D70000099481E00900029F5DC08E0029802994D
:108D80005A460078491C0291179990476D1CBAF118
:108D90000001AAF1010AF1DC65E1000009280100E7
:108DA0003031323334353637383961626364656661
:108DB0000000000030313233343536373839414223
:108DC000434445460000000000F058F90544761C75
:108DD000307800287FF4ECAD19B02846BDE8F08F5C
:108DE000620700D4062709F1070222F0070CFCE80D
:108DF0000223E14603F000485FEA080C02D00FF2BC
:108E0000702C0DE05FEA045C02D50FF2682C07E0DD
:108E10005FEAC47C02D00FF2602C01E0AFF2700C6C
:108E20004FF0FF3823F00043CDF850C065280CD038
:108E300006DC452809D046281DD047283DD13DE015
:108E4000662818D067287ED138E00021112F01DB79
:108E5000112000E0781CCDE9000106A90EA8FFF75B
:108E6000DDFCDDE90F010E9A03910021009207F16C
:108E7000010A04914DE04FF000400097CDE9011048
:108E800006A90EA8FFF7CAFCDDE90F0203920E9BAC
:108E900011990022DDF80CA00093049211B9791CFD
:108EA00000EB010AB7EB0A0004D4C0F1FF3007F170
:108EB000010A0490AAEB0700019044E0012F00DAB8
:108EC00001270021112F01DD112000E03846CDE9F6
:108ED000000106A90EA8FFF7A1FCDDE90F010E9A1B
:108EE0000391002104910092BA4621070CD4039902
:108EF000514500DA8A46BAF1010F05DD009AAAF160
:108F00000101515C302908D0B84202DA10F1040F97
:108F100006DA0121CDE9011015E0AAF10101E9E726
:108F2000002805DC049901440491AAEB000102E049
:108F3000411C514500DD8A460499401A401C0190AD
:108F40004FF000400290200704D40198504501DB07
:108F5000CDF8048000208DF84F0002980DF14F07E6
:108F6000B0F1004F25D02B200E9002984FF0020850
:108F700000280CDA404202902D200E9007E00A21D2
:108F80000298FEF7DDFE3031029007F8011DB8F1BE
:108F90000001A8F10108F2DC02980028EFD1791E47
:108FA0000E980870307800F0200040F0450007F877
:108FB000020D12A8C01B00F107081498007800B138
:108FC000012000EB0A01019801EBE0710598414492
:108FD000401A401E0590E00306D45B462146179ACE
:108FE000059800F05DF805441498007818B15A46C9
:108FF000179990476D1CE00324D55B462146179ACC
:10900000059800F04DF805441CE00498002807DBA3
:10901000DDE90301884203DD0098405C179901E017
:10902000179930205A469047049805F10105401CD5
:1090300004900198401E019004D12E205A461799A1
:1090400090476D1CBAF10001AAF1010ADDDC05E0D0
:1090500017F8010B5A46179990476D1CB8F100019B
:10906000A8F10108F4DC5B462146179A0598ABE6A7
:109070002D0000002B000000200000002DE9F04131
:10908000044600251E461746880404D405E03946E8
:109090002020B0476D1C641EF9D52846BDE8F0813C
:1090A0002DE9F041044600251E469046C80301D52F
:1090B000302700E02027880404D505E041463846E3
:1090C000B0476D1C641EF9D52846BDE8F0810A68DA
:1090D000531C0B60107070472DE9F04D8D4F21F03F
:1090E000004A86B005460C46BA452ADBAAEB0700C3
:1090F00028430AD08848824501DC1AD1CDB106B098
:109100002846BDE8F04DFFF75FBB844A844B2846F4
:10911000FEF78DFC07460E46824A834B28462146C1
:10912000FEF785FC06B03A463346BDE8F04DFEF743
:10913000D7BB0120FFF76CFB06B0BDE8F04DFFF791
:1091400048BB7A48824542DABAF1795F0BDA2846A1
:10915000FFF718F8042808BFFFF742FB284606B0BF
:109160002146BDE8F08D2A460B461046FEF75FFC0F
:10917000834602466E480E460B4606217844FFF7AA
:1091800057FA5A463346FEF752FC804669488A46EB
:109190005A46334604217844FFF74AFA5A46334682
:1091A000FEF745FC00223B46FEF79AFB02460B46C3
:1091B00040465146FEF7ADFC2A462346FEF737FCF3
:1091C00006B02A462346BDE8F04DFEF789BB284687
:1091D00024F0004100223D463B46FEF725FC4FF0BF
:1091E000FF32FEF7A9FE0646024653480F460B46DD
:1091F00006217844FFF71CFA32463B46FEF717FC7F
:10920000CDE900014D4832463B4604217844FFF742
:109210000FFA32463B46FEF70AFC00222B46FEF7C9
:109220005FFB834602913046394600F0FBFA8046E8
:1092300043480D46504517DCDDE900015A46029BC4
:10924000FEF767FC42462B46FEF7F1FB42462B46F3
:10925000FEF746FB0122FEF76FFE304A304BFEF769
:10926000E0FB304A304B4CE04FF0000A52460B46D0
:109270004046FEF735FBCDE9031052462B4610461B
:109280001946FEF7D4FB32463B46FEF7CDFBDDE93F
:109290000332FEF73EFC06460F46DDE900015A4662
:1092A000029BFEF736FC8346009101223046394688
:1092B000FEF742FE194A1A4BFEF7B6FB06460F466A
:1092C000012240462946FEF737FE5A46009BFEF72C
:1092D000AEFB32463B46FEF7A4FB06460F46012294
:1092E00050462946FEF728FE0E4DDFF858802A46E4
:1092F0004346FEF799FB32463B46FEF795FB2A466E
:109300004346FEF791FB002CD8BF81F0004106B028
:10931000BDE8F08D0000F03F0000F07F075C1433E3
:1093200026A6913C182D4454FB21F93F0000E03F54
:10933000581300006E130000E2120000F812000043
:109340003333EF3FFB21E93F2DE9F84F04460D464B
:1093500021F0004000917349814211DC724988423A
:1093600001DC06D12CB120462946BDE8F84FFFF7B5
:109370002BBA6E48002DCCBF6D496E49BDE8F88F01
:109380006D49814211DD6D498142D8BF4FF0FF36F2
:109390006DDD20462946FEF7F5FE042808BFFFF7DD
:1093A0001FFA20462946BDE8F88F6549654F25F02C
:1093B0000045814233DD6449814219DD0026324691
:1093C0004FF0804320462946FEF78AFA80468A46B7
:1093D000012220462946FEF7AFFD00223B46FEF75C
:1093E00020FB42465346FEF794FB04460D463EE002
:1093F00001260022BA463B4620462946FEF770FA6F
:1094000080460F460022534620462946FEF709FBB8
:1094100042463B46FEF77DFB04460D4627E04B499E
:1094200081421BDDDFF828A1022600225346204698
:109430002946FEF7FCFA00223B46FEF751FA804629
:109440000F460022534620462946FEF7EAFA4246D6
:109450003B46FEF75EFB04460D4608E00326224627
:109460002B4600203B49FEF754FB04460D4622469E
:109470002B4610461946FEF7DAFA8B46824602461C
:109480000B46FEF7D4FA07460246334888460B4699
:1094900006217844FFF7CCF852465B46FEF7C7FA40
:1094A00082462E488B463A46434605217844FFF7CC
:1094B000BFF83A464346FEF7BAFA02460B46002E7C
:1094C000504659460CDAFEF70BFA22462B46FEF7B9
:1094D000AEFA01B022462B46BDE8F04FFEF7A4BA23
:1094E000FEF7FEF922462B46FEF7A1FA1C4A7A4403
:1094F00002EBC603D3E90023FEF793FA22462B467C
:10950000FEF78FFA174A7A4402EBC603D3E9002329
:10951000FEF78AFA009A002AB8BF81F00041BDE840
:10952000F88F0000000010440000F07F182D445414
:10953000FB21F93FFB21F9BF0000DC3F0000203E8A
:109540000000F33F0000F03F0000E63F00800340D2
:109550000000F83F0000F0BFFA100000B810000053
:10956000561000001E1000002DE9F04D9446CCF17D
:10957000000423F000464CEA0404524F46EAD47437
:109580009A46884621F00042BC4206D8454240EA4D
:10959000050442EAD474BC4204D9BDE8F04D6246E9
:1095A000FFF715B9AAF14055A5F17F6555EA0C04FE
:1095B0000BD0022404EAAA74434DDFF810E144EA18
:1095C000D87452EA000B04D00CE0BDE8F04DFFF770
:1095D000BBBE002C14BF012CBDE8F08D022C30D096
:1095E000032C32D056EA0C0B0AD0BE4220D1BA422C
:1095F00009D126F0804622F080423346114617E01A
:1096000000291ADB25E0DFF8C8B0FB44002C04BFBA
:10961000DBE90001BDE8F08D012C02BFDBE90001B0
:1096200081F00041BDE8F08D022C0AD0032C0CD053
:10963000BA4212D1B8F1000F0BDA23482549BDE830
:10964000F08D28462449BDE8F08D28467146BDE8D6
:10965000F08D1D482149BDE8F08D921B12153C2A62
:10966000C4BF19481D490EDCBAF1000FBEBF12F18C
:109670003C0F0020014606DB6246FEF74AFA21F065
:109680000041FFF761FE002C08BFBDE8F08D012C02
:1096900004BF81F00041BDE8F08D114A114B022C4E
:1096A00007D0FEF7BEF92A46BDE8F04D0A4BFEF79B
:1096B000B8B9FEF7B6F92A46BDE8F04D064BFEF7FD
:1096C000B3B900000000F07F182D4454FB2109C0FD
:1096D000E20F0000FB21F9BFFB210940FB21F93F0C
:1096E000075C143326A6A13C00B5244B21F00042B0
:1096F00087B09A42DCBF0022134629DD204B9A42F4
:1097000008D140B94FF00100FFF782F8FFF761F888
:1097100007B000BD03DBFFF757F807B000BD02AA92
:10972000FEF744FD10F0030104BF0DF1080C9CE8A6
:109730000F000DD0012001290ED0022914D00DF107
:10974000080C00909CE80F00FEF7C8FF07B000BDB2
:10975000FEF7F0FE07B000BD0DF1080C00909CE88C
:109760000F00FEF7BBFF05E00DF1080C9CE80F00B1
:10977000FEF7E0FE07B081F0004100BDFB21E93FAC
:109780000000F07F00B5254B21F0004287B09A42DF
:1097900003DC0022134600922BE0214B9A4208D1B1
:1097A00040B94FF00100FFF733F8FFF712F807B0A8
:1097B00000BD03DBFFF708F807B000BD02AAFEF703
:1097C000F5FC10F003014FF001000DD0012914D079
:1097D00002291AD00DF1080C9CE80F00FEF7AAFE32
:1097E00007B081F0004100BD0DF1080C00909CE82D
:1097F0000F00FEF773FF07B000BD0DF1080C9CE8E9
:109800000F00FEF797FE07B000BD0DF1080C0090A9
:109810009CE80F00FEF762FFE2E70000FB21E93F52
:109820000000F07F2DE9F04106460F46FEF7EEFB03
:10983000041E0D4618BF0120284320F00040C0F14F
:109840007F6000F1E040C00F0ED0301C18BF012037
:10985000384320F00040C0F17F6000F1E040C00FCD
:1098600004BF0120FEF7D4FF20462946BDE8F08161
:109870000000000000406540B81E85EB51B8CE3FA7
:109880000000000000001240B81E85EB51B8BE3F3A
:109890006800000476005401F7FD000175191A0CE8
:1098A0006A231B1C1F207274433B4138393A6B6C8E
:1098B000376F06246D6E7000830000000008000002
:1098C0000001001832000500000020410000D242D3
:1098D000295C0F3E9A99993E3333733F295C0F3EC2
:1098E00000007000000000240000000200030000DF
:1098F00000650054FFEF0000FA80000B12820001A7
:10990000030C30C30E8C8CE914D5400213710F8EFA
:109910003883F8833000F883258EF8833000F8838D
:10992000FFFFFFFF0FFEA9D6240004001A8279A1D1
:109930000000003CFFFF00000010000038836FA211
:10994000003E03304000000002CAE3093E800000F0
:109950002000000000000000400000006000000047
:10996000000C0000000C186E000006920A16C0DF02
:10997000FFFF0256FD8CD377FFE1C496E0C5BEAA77
:1099800000000000FFFF0B2B0000165700000359DA
:109990004000000000001DFA00026C1D00000000E5
:1099A0003FFFDFEB003EB3B6000D227800002F3CF6
:1099B00000000000001942B5000039A20000B365A4
:1099C000D90E9FC91DCF4C3430000000500000005C
:1099D0003BB67AE80064000000C800000000000008
:1099E000100000001000FA921000225E000D229F6D
:1099F0000001000000320000FF46000063D40000B8
:109A00001000000004D6000004CC000004CC0000CC
:109A10000000107200000040000000000000000084
:109A200000060002000500070000000000640000BE
:109A30000000000000000005000500640020000098
:109A400000000000000000000000400000000300D3
:109A500000000032F8980000FF650000830F00004E
:109A6000FF9BFC0000000000000000000000000060
:109A700000000000000000000000000000000000E6
:109A800000000000000000000000000000001000C6
:109A900040000000000000060000B26A0002000062
:109AA0000001FB830068000000D9FC007CF1FF830B
:109AB0000000000000650000006403E80064002866
:109AC000000000250000000016A0000000001000AB
:109AD00000001000002F0000000001F40000100042
:109AE00000280000FFFF4581FFFFFA720000000020
:109AF00000000000004400050005BAC6004778A237
:109B0000000000010000000000000600000000143A
:109B10000000254D002F706D000005AE000C02D036
:109B20000000000000000000000000000000000035
:109B3000001B00000000000000000000000000000A
:109B400000640000000800000000000000000000A9
:109B50000000000000000000000000000000000005
:109B600000000000000000000000000000000000F5
:109B700000000000000000000000000000000000E5
:109B800000000000000000000000000000000000D5
:109B900000000000000000000000000000000000C5
:109BA000001B00000000000000000000000E000E7E
:109BB00000000AC70004000000000032FFFFFF9C05
:109BC00000000B2B000000020000000100000064F8
:109BD000FFE50000000000000000000000000000A1
:109BE0000000000100000000000100000000000073
:109BF000000180000001800000018000002426D3C5
:109C00000000000000000000000600100096003C6C
:109C10000000000000000000000000000000000044
:109C20000C0A4E68CDCF770950166759C619CE82F7
:109C30000000000000000000000000000000000024
:109C4000000000000000000017D78400030000009F
:109C50000000000000000000C7938F9D1E1B1C1910
:109C600000000000000000000000000000000000F4
:109C70000000000000000000020318850000400002
:109C800000000003000000030000000000000000CE
:109C90004000000000000000000000000000000084
:109CA00000000000000000000000000000000000B4
:109CB00000000000000000000000000000000000A4
:109CC00000000000677DDF7E72902E554CF6E6881E
:109CD0000000000000000000000000000000000084
:109CE000D8DCB4B8B0D8B9ABF3F8FAB3B7BB8E9E32
:109CF000AEF132F51BF1B4B8B08097F1A9DFDFDF28
:109D0000AADFDFDFF2AAC5CDC7A90CC92C97F1A93C
:109D100089264666B28999A92D557DB0B08AA89644
:109D2000365676F1BAA3B4B280C0B8A89711B28300
:109D300098BAA3F0240844106418B2B9B49883F117
:109D4000A329557DBAB5B1A38393F0002850F5B28D
:109D5000B6AA839328547CF1B9A3829361BAA2DA9C
:109D6000DEDFDB819AB9AEF5606870F1DABAA2DFA6
:109D7000D9BAA2FAB9A38292DB31BAA2D9BAA2F8AF
:109D8000DF85A4D0C1BBAD83C2C5C7B8A2DFDFDF0A
:109D9000BAA0DFDFDFD8D8F1B8AAB38DB4980D35FB
:109DA0005DB2B6BAAF8C96198F9FA70E161EB49AE5
:109DB000B8AA872C547CBAA4B08AB691325676B22F
:109DC0008494A4C808CDD8B8B4B0F19982A82D5510
:109DD0007D98A80E161EA22C547C92A4F02C5078CC
:109DE000F184A898C4CDFCD80DDBA8FC2DF3D9BA1A
:109DF000A6F8DABAA6DED8BAB2B68696A6D0F3C866
:109E000041DAA6C8F8D8B0B4B882A892F52C548824
:109E100098F135D9F418D8F1A2D0F8F9A884D9C7A7
:109E2000DFF8F883C5DADF69DF83C1D8F40114F104
:109E3000A8824EA884F311D182F5D992289788F18F
:109E400009F41C1CD884A8F3C0F9D1D99782F12950
:109E5000F40DD8F3F9F9D1D982F4C203D8DEDF1AB0
:109E6000D8F1A2FAF9A88498D9C7DFF8F8F883C71F
:109E7000DADF69DFF883C3D8F40114F198A8822EE1
:109E8000A884F311D182F5D992509788F109F41C76
:109E9000D884A8F3C0F8F9D1D99782F149F40DD844
:109EA000F3F9F9D1D982F4C403D8DEDFD8F1AD8853
:109EB00098CCA809F9D98292A8F57CF1883ACF9478
:109EC0004A6E98DB6931DAADF2DEF9D88795A8F2EF
:109ED00021D1DAA5F9F417D9F1AE8ED0C0C3AE8284
:109EE000C684C3A88595C8A588F2C0F1F4010EF117
:109EF0008E9EA8C63E56F554F18872F40115F1986D
:109F000045856EF58E9E0488F142985A8E9E06888D
:109F100069F4011CF1981E1108D0F504F11E970296
:109F200002983625DBF9D985A5F3C1DA85A5F3DFDB
:109F3000D88595A8F309DAA5FAD88292A8F578F120
:109F4000881A849F26889821DAF41DF3D8879F39D0
:109F5000D1AFD9DFDFFBF9F40CF3D8FAD0F8DAF996
:109F6000F9D0DFD9F9D8F40BD8F3879F39D1AFD91D
:109F7000DFDFF41DF3D8FAFCA869F9F9AFD0DADE17
:109F8000FAD9F88F9FA8F1CCF398DB45D9AFDFD091
:109F9000F8D8F18F9FA8CAF38809DAAF8FCBF8D829
:109FA000F2AD978D0CD9A5DFF9BAA6F3FAF412F247
:109FB000D8950DD1D9BAA6F3FADAA5F2C1BAA6F3AB
:109FC000DFD8F1BAB2B68696A6D0CAF349DAA6CBE4
:109FD000F8D8B0B4B8D8AD84F2C0DFF18FCBC3A845
:109FE000B2B68696C8C1CBC3F3B0B48898A821DBBB
:109FF000718D9D71859521D9ADF2FAD88597A828E4
:10A00000D9F408D8F28D29DAF405D9F285A4C2F280
:10A01000D8A88D9401D1D9F411F2D88721D8F40AA7
:10A02000D8F28498A8C801D1D9F411D8F3A4C8BB38
:10A03000AFD0F2DEF8F8F8F8F8F8F8F8D8F1B8F69A
:10A04000B5B9B08A95A3DE3CA3D9F8D85CA3D9F8FA
:10A05000D87CA3D9F8D8F8F9D1A5D9DFDAFAD8B1E4
:10A060008530F7D9DED8F830ADDADED8F2B48C9985
:10A07000A32D557DA083DFDFDFB591A0F629D9FBA5
:10A08000D8A0FC29D9FAD8A0D051D9F8D8FC51D9F8
:10A09000F9D879D9FBD8A0D0FC79D9FAD8A1F9F9A7
:10A0A000F9F9F9A0DADFDFDFD8A1F8F8F8F8F8ACB1
:10A0B000DEF8ADDE8393AC2C547CF1A8DFDFDFF655
:10A0C0009D2CDAA0DFD9FADB2DF8D8A850DAA0D081
:10A0D000DED9D0F8F8F8DB55F8D8A878DAA0D0DFC8
:10A0E000D9D0FAF8F8F8F8DB7DF8D89CA88CF530D0
:10A0F000DB38D9D0DEDFA0D0DEDFD8A848DB58D9E6
:10A10000DFD0DEA0DFD0DED8A868DB70D9DFDFA02B
:10A11000DFDFD8F1A888902C547C98A8D05C38D187
:10A12000DAF2AE8CDFF9D8B087A8C1C1B188A8C671
:10A13000F9F9DA36D8A8F9DA36D8A8F9DA36D8A88B
:10A14000F9DA36D8A8F9DA36D8F78D9DADF818DAED
:10A15000F2AEDFD8F7ADFA30D9A4DEF9D8F2AEDE30
:10A16000FAF983A7D9C3C5C7F1889BA77AADF7DEF3
:10A17000DFA4F8849408A797F300AEF29819A48896
:10A18000C6A39488F632DFF28393DB09D9F2AADF03
:10A19000D8D8AEF8F9D1DAF3A4DEA7F1889B7AD843
:10A1A000F38494AE19F9DAAAF1DFD8A881C0C3C547
:10A1B000C7A39283F628ADDED9F8D8A350ADD9F85D
:10A1C000D8A378ADD9F8D8F8F9D1A1DADEC3C5C7DC
:10A1D000D8A18194F818F2B089ACC3C5C7F1D8B83A
:10A1E000B4B09786A8319B069907AB9728889BF057
:10A1F0000C201440B0B4B8F0A88A9A285078B79BC5
:10A20000A8295179247059446938644831F1BBABAD
:10A2100088002C547CF0B38BB8A804285078F1B097
:10A2200088B49726A85998BBABB38B02264666B074
:10A23000B8F08A9CA82951798B2951798A247059C0
:10A240008B2058718A4469388B3940688A64483158
:10A250008B30496088F1AC002C547CF08CA8042829
:10A260005078F1889726A85998AC8C02264666F05B
:10A27000899CA8295179247059446938644831A9C6
:10A280008809205970AB11384069A8193148608C91
:10A29000A83C415C207C00F187981986A86E767EE8
:10A2A000A999882D557DD8B1B5B9A3DFDFDFAED030
:10A2B000DFAAD0DEF2ABF8F9D9B087C4AAF1DFDFAC
:10A2C000BBAFDFDFB9D8B1F1A3978E60DFB084F206
:10A2D000C8F8F9D9DED89385F14AB183A308B583CC
:10A2E0009A0810B79F10D8F1B0BAAEB08AC2B2B611
:10A2F0008E9EF1FBD9F41DD8F9D90CF1D8F8F8AD40
:10A3000061D9AEFBD8F40CF1D8F8F8AD19D9AEFB91
:10A31000DFD8F416F1D8F8AD8D61D9F4F4ACF59C22
:10A320009C8DDF2BBAB6AEFAF8F40BD8F1AED0F8AC
:10A33000AD51DAAEFAF8F1D8B9B1B6A3839C08B939
:10A34000B1839AB5AAC0FD3083B79F10B58B93F245
:10A350000202D1ABDADED8F1B080BAABC0C3B284AE
:10A36000C1C3D8B1B9F38BA391B609B4D9ABDEB0F0
:10A37000879CB9A3DDF1B38B8B8B8B8BB087A3A3A9
:10A38000A3A3B28BB69BF2A3A3A3A3A3A3A3A3A34C
:10A39000A3F1B087B59AA3F39BA3A3DCBAACDFB952
:10A3A000A3A3A3A3A3A3A3A3A3A3A3A3A3A3A3A37D
:10A3B000D8D8D8BBB3B7F1AAF9DAFFD9809AAA28BE
:10A3C000B48098A720B79787A86688F07951F19054
:10A3D0002C870CA781976293F07171608594012995
:10A3E000517990A5F1284C6C870C95188578A3833A
:10A3F00090284C6C886CD8F3A28200F210A89219B5
:10A4000080A2F2D926D8F188A84DD948D896A83983
:10A4100080D93CD89580A839A68698D92CDA87A708
:10A420002CD8A8899519A980D938D8A88939A980A4
:10A43000DA3CD8A82EA83990D90CD8A8953198D94B
:10A440000CD8A809D9FFD801DAFFD89539A9DA269E
:10A45000FFD890A80D8999A810809821DA2ED88964
:10A4600099A83180DA2ED8A886963180DA2ED8A81D
:10A47000873180DA2ED8A88292F34180F1D92ED884
:10A48000A882F31980F1D92ED882ACF3C0A2802221
:10A49000F1A62EA72EA92298A829DAACDEFFD8A211
:10A4A000F22AF1A92E8292A8F23180A696F1D90063
:10A4B000AC8C9C0C30ACDED0DEFFD88C9CACD010C9
:10A4C000ACDE8092A2F24C82A8F1CAF235F19688F5
:10A4D000A6D900D8F1FF0000555555555555C53F33
:10A4E0007D6FEB0312D6D4BF5544880E55C1C93FCA
:10A4F0003B8F68B52882A4BF88B20175E0EF493F61
:10A5000009F7FD0DE13D023F4B2D8A1C273A03C0A0
:10A51000C88A599CE52A004059018D1B6C06E6BF8C
:10A5200082922EB1C5B8B33F4FBB610567ACDD3F2A
:10A53000182D4454FB21E93F9BF681D20B73EF3F6A
:10A54000182D4454FB21F93FE2652F227F2B7A3CE2
:10A55000075C143326A6813CBDCBF07A8807703C9B
:10A56000075C143326A6913CC4EB98999999C9BF0E
:10A57000711623FEC671BCBF6D9A74AFF2B0B3BF43
:10A580009AFDDE522DDEADBF2F6C6A2C44B4A2BF03
:10A590000D5555555555D53FFF8300922449C23F6F
:10A5A0006E204CC5CD45B73F513DD0A0660DB13FA3
:10A5B000EB0D76244B7BA93F11DA22E33AAD903FB5
:10A5C0004C5555555555A53F7751C1166CC156BFD1
:10A5D0009015CB19A001FA3EAD529C804F7E92BEE1
:10A5E000C4B1B4BD9EEE213ED43888BEE9FAA8BD00
:10A5F000000000000000000000004054FB21F93F73
:10A600003163621A61B4D03D0000601A61B4D03D7C
:10A610007370032E8A19A33B0000002E8A19A33BF6
:10A62000C14920259A837B3900000000000000000A
:10A630006E83F9A22915444ED15727FCC0DD34F5AD
:10A64000999562DB4190433CAB6351FE61C5BBDE33
:10A650003A6E24B7E0D24D42EA2E49061C92D10947
:10A660001CEB1DFE3EA729B1F53582E88444BB2EC4
:10A6700026709CE9417E5FB439D69139F439538311
:10A680008B5F849C3B28F9BDFF97F81F0F9805DE70
:10A690008B112FEF1F6D0A5ACF7E366DB709CB276E
:10A6A000663F464F2DEA5F9EC7BA27757BF1E5EB03
:10A6B000F739073DEA92528AB15FFB6B085D8D1F47
:10A6C000A6F810111111813FD561C119A0012ABF4F
:10A6D0007DFEB157E31DC73EEB9C2B8AE6E55ABED3
:10A6E0007CD5CF5A3AD9E53D2050726F64756374BA
:10A6F0002049442072656164206173203020696EB6
:10A700006469636174657320646576696365206953
:10A71000732065697468657220696E636F6D70611E
:10A720007469626C65206F7220616E204D505533E4
:10A730003035302E0A00000058A700080000002025
:10A74000F401000006810008D4A70008F4010020ED
:10A750008405000000880008412D01020304041054
:10A7600009060708090204060884A24A0469183287
:10A77000FF290452010342803F234843280FC84267
:10A780009A99993FDA0FC93F9A99193E10A11AB4C4
:10A790000C9A8C10C1032E40411E2A438FC2756053
:10A7A000076890408FC2F53D0316881323200330BD
:10A7B000096F12833AA69B443B07293F0AD7A33B64
:10A7C00001EB803F0C139C981B08900401205AB8A1
:04A7D0002400000061
:04000005080000ED02
:00000001FF
