:020000040800F2
:100000007007002041480008B9310008BB310008E2
:10001000BF310008C3310008C731000800000000EC
:10002000000000000000000000000000CB310008CC
:10003000CD31000800000000CF310008D1310008A8
:100040005B4800085B4800085B4800085B48000804
:100050005B4800085B4800085B480008FB46000856
:100060005B4800085B4800085B4800085B480008E4
:100070005B4800085B4800085B4800085B480008D4
:100080005B4800085B4800085B4800085B480008C4
:100090005B4800085B4800085B4800085B480008B4
:1000A0005B4800085D4600085B4800085B480008A4
:1000B0005B48000865280008752800085B480008B0
:1000C0005B4800085B4800085B4800085B48000884
:1000D0005B4800085B4800085B4800085B48000874
:1000E0005B4800085B4800085B480008DFF80CD05C
:1000F00007F012FF00480047812600087007002023
:1001000031490143314A1160704770B50021002325
:100110000F22C47804B32D4C246804F4E064C4F5C1
:10012000E064210AC1F10403CA40447804FA03F1EF
:100130008478144021430901254C0678A1550478A0
:1001400004F01F050124AC4005786D11AD0005F1E8
:10015000E025C5F8004109E0047804F01F050124FA
:10016000AC401C4D0678761145F8264070BD1A4A01
:100170000A400243154B1B1F1A60704739B1134ADE
:10018000121D12680243114B1B1D1A6006E00F4A34
:10019000121D126882430D4B1B1D1A607047042804
:1001A00008D14FF0E021096941F004014FF0E0224D
:1001B000116107E04FF0E021096921F004014FF0DF
:1001C000E0221161704700000000FA050CED00E02C
:1001D00000E400E080E100E080FFFF1F00204449D0
:1001E0000860091D0860091D0860091D0860414874
:1001F0003F4914310860704700213D498279002A47
:100200003AD00A46126803689A430B461A600A1DE0
:10021000126803689A430B1D1A60027911440A6838
:1002200003681A430A60324A0832126803689A4324
:100230002F4B08331A601A1D126803689A432C4B1F
:100240000C331A604279102A0ED11A1F1268036803
:100250001A43274B08331A601A1D126803681A43A1
:10026000234B0C331A600DE02149427911440A688E
:1002700003681A430A6005E0027911440A680368BA
:100280009A430A6070470021016001710C2141719D
:100290000021817170471649103109680143144AE1
:1002A00010321160704701460020114A1432126862
:1002B0000A400AB1012000E0002070470C491431C7
:1002C00008607047014600200022094B1B6803EAC2
:1002D0000102074B14331B680B4013B10AB1012014
:1002E00000E00020704702491431086070470000A8
:1002F00000040140FFFF0F0010B50446CC488442C3
:1003000008D10121042000F02DFB0021042000F081
:1003100029FB46E0C748844208D10121082000F0AB
:1003200021FB0021082000F01DFB3AE0C248844276
:1003300008D10121102000F015FB0021102000F051
:1003400011FB2EE0BD48844208D10121202000F09D
:1003500009FB0021202000F005FB22E0B848844280
:1003600008D10121402000F0FDFA0021402000F0DA
:10037000F9FA16E0B348844208D10121802000F048
:10038000F1FA0021802000F0EDFA0AE0AE48844244
:1003900007D10121801500F0E5FA0021A01500F039
:1003A000E1FA10BD10B50121084600F0DBFA00218A
:1003B000012000F0D7FA10BD2DE9F04102460025DA
:1003C0000026002000230024002791F803C00CF031
:1003D0000F0591F803C00CF0100CBCF1000F03D016
:1003E00091F802C04CEA050591F800C0BCF1000F7D
:1003F00031D0146800202BE04FF0010C0CFA00F310
:10040000B1F800C00CEA03069E4220D183004FF0F1
:100410000F0C0CFA03F7BC4305FA03FC4CEA040486
:1004200091F803C0BCF1280F06D14FF0010C0CFA73
:1004300000FCC2F814C00AE091F803C0BCF1480FF8
:1004400005D14FF0010C0CFA00FCC2F810C0401CA2
:100450000828D1D31460B1F800C0BCF1FF0F34DD1F
:10046000546800202EE000F1080C4FF0010808FA53
:100470000CF3B1F800C00CEA03069E4221D18300C0
:100480004FF00F0C0CFA03F7BC4305FA03FC4CEADF
:10049000040491F803C0BCF1280F05D100F1080C49
:1004A00008FA0CF8C2F8148091F803C0BCF1480FA8
:1004B00007D100F1080C4FF0010808FA0CF8C2F857
:1004C0001080401C0828CED35460BDE8F0814FF660
:1004D000FF710180022181700421C17070470246C2
:1004E000002093680B400BB1012000E00020704712
:1004F0000146886880B2704702460020D3680B40EE
:100500000BB1012000E0002070470146C86880B2AE
:10051000704701617047416170470AB1016100E0B5
:1005200041617047C16070474FF480320A43826175
:100530008161826182698269704702460020434B73
:1005400018684FF68073184040EA021008433F4B8A
:10055000186070473E49C8617047F0B50A460023ED
:1005600000240021002500F00046B6F1004F02D122
:10057000364EF16901E0354E7168C0F3034583B230
:1005800000F44016B6F5401F08D121F070612F4EDF
:10059000766826F070662D4F7E6012E000F48016BB
:1005A000B6F5801F06D1032606FA05F4A14341F0F3
:1005B000706106E0460D360103FA06F6B14341F0DC
:1005C000706122B1460D360103FA06F6314300F0A0
:1005D0000046B6F1004F02D11C4EF16101E01B4E06
:1005E0007160F0BD30B500228B071C0F0F2303FA9A
:1005F00004F2164B08338C1053F824309343134CF9
:1006000008348D1044F8253023468C1053F82430DC
:100610008C07240F00FA04F423430C4C08348D108B
:1006200044F8253030BD0A49DC31086070470000CD
:1006300000080140000C014000100140001401407E
:1006400000180140001C0140002001400000014052
:1006500000002042DF48006840F00100DD490860EA
:1006600008464068DC490840DA49486008460068A6
:10067000DA490840D74908600846006820F480201D
:1006800008600846406820F4FE0048604FF41F00F0
:1006900088607047CF49096821F48031CD4A1160E4
:1006A0001146096821F480211160B0F5803F03D024
:1006B000B0F5802F0ED106E0C649096841F48031BB
:1006C000C44A116007E0C349096841F4A021C14A46
:1006D000116000E000BF00BF704710B50146002266
:1006E000002300204A11012A02D1BA4C236806E0F7
:1006F000022A02D1B74C236A01E0B64C636A01F0CA
:100700001F02012494401C400CB1012000E0002095
:1007100010BD38B5002000900024002500BF312016
:10072000FFF7DBFF05460098401C00900098B0F5ED
:10073000A06F01D0002DF2D03120FFF7CEFF08B11D
:10074000012400E00024204638BD01460020A14AD3
:10075000106820F0F80040EAC10010607047A0491E
:1007600008607047024600209A4B586820F47C10BD
:1007700042EA01031843974B58607047984908664E
:10078000704701460020934A506820F00300084358
:10079000506070478F48406800F00C007047014679
:1007A00000208C4A506820F0F000084350607047E9
:1007B00001460020874A506820F4E06008435060FA
:1007C000704701460020834A506820F4605040EA98
:1007D000C1005060704729B17E4A527A02437D4B76
:1007E0005A7204E07B4A527A82437A4B5A727047BB
:1007F0007B49D8310860704701460020754A50682F
:1008000020F440400843506070470021714A203274
:100810001170704A82F82010012802D004280AD1F1
:1008200004E001216B4A2032117005E00521694A7C
:100830002032117000E000BF00BF704769490860B6
:1008400070476449096A0143624A11627047654909
:1008500044390860704730B500210022002400238D
:100860005C4D6D6805F00C0121B1042905D0082903
:1008700023D105E05C4D056022E05B4D05601FE083
:10088000544D6D6805F47012524D6D6805F4803456
:10089000022505EB92421CB9544D554305600BE00F
:1008A0004C4D6D6805F400351DB1504D5543056044
:1008B00002E04D4D5543056002E04B4D056000BF21
:1008C00000BF444D6D6805F0F0010909484D6B5CAF
:1008D0000568DD4045603F4D6D6805F4E061090A3B
:1008E000434D6B5C4568DD4085603A4D6D6805F4AD
:1008F0006051C90A3E4D6B5C4568DD40C560354DB1
:100900006D6805F44041890B3A4D6B5CC568B5FBD9
:10091000F3F5056130BD29B12E4A526902432D4BD2
:100920005A6104E02B4A526982432A4B5A6170474C
:1009300029B1284A92690243264B9A6104E0254A6C
:1009400092698243234B9A61704729B1214AD26947
:100950000243204BDA6104E01E4AD26982431D4BF8
:10096000DA61704729B11B4AD2680243194BDA6039
:1009700004E0184AD2688243164BDA60704729B106
:10098000144A12690243134B1A6104E0114A1269B6
:100990008243104B1A617047124940390860704712
:1009A0000F49C86470470B49C87170470948406ACD
:1009B00040F0807007494862704701460020054AB0
:1009C00092680A400AB1012000E000207047014906
:1009D00088727047001002400000FFF8FFFFF6FE2B
:1009E000000042428004424200127A0000093D00A9
:1009F000000000201000002010B50446FE4884428C
:100A000008D10121C014FFF7ADFF0021E014FFF76A
:100A1000A9FFC4E0B4F1804F08D101210846FFF7D7
:100A2000AEFF00210120FFF7AAFFB8E0F34884429F
:100A300008D101210220FFF7A2FF00210220FFF7C9
:100A40009EFFACE0EE48844208D101210420FFF76C
:100A500096FF00210420FFF792FFA0E0E9488442BE
:100A600008D101210820FFF78AFF00210820FFF7A5
:100A700086FF94E0E448844208D101211020FFF76A
:100A80007EFF00211020FFF77AFF88E0DF488442D4
:100A900008D101212020FFF772FF00212020FFF75D
:100AA0006EFF7CE0DA48844208D101214014FFF750
:100AB00059FF00216014FFF755FF70E0D5488442CC
:100AC00009D10121C804FFF74DFF00214FF4002098
:100AD000FFF748FF63E0D048844209D101210805AF
:100AE000FFF740FF00214FF48010FFF73BFF56E077
:100AF000CA48844209D101214805FFF733FF00218C
:100B00004FF40010FFF72EFF49E0C548844208D19A
:100B100001214020FFF733FF00214020FFF72FFF86
:100B20003DE0C048844208D101218020FFF727FF23
:100B300000218020FFF723FF31E0BB48844208D129
:100B400001218015FFF71BFF0021A015FFF717FFFC
:100B500025E0B648844209D101210804FFF702FFCD
:100B600000214FF48030FFF7FDFE18E0B0488442CA
:100B700009D101214804FFF7F5FE00214FF40030B0
:100B8000FFF7F0FE0BE0AB48844208D10121880456
:100B9000FFF7E8FE00214FF48020FFF7E3FE10BDD1
:100BA00000220288944B98420ED0994B98420BD069
:100BB000B0F1804F08D0914B984205D0904B9842AD
:100BC00002D0904B984204D14FF68F731A404B8855
:100BD0001A438D4B984207D08C4B984204D04FF665
:100BE000FF431A40CB881A4302808B8883850B8889
:100BF0000385814B98420BD0854B984208D08B4B94
:100C0000984205D08A4B984202D08A4B984201D133
:100C10000B7A038601238382704770B5002400227B
:100C20000023058C4FF6FE7635400584028C8388C0
:100C3000048B4FF68F752C40B51E2C400D882C432D
:100C4000751E2A400D892A434D882A436A4DA842C1
:100C50000BD06F4DA84208D0744DA84205D0744DFA
:100C6000A84202D0734DA84213D14FF6F7752A401F
:100C70004D892A434FF6FB752A408D882A434FF64B
:100C8000FF652B404FF6FF552B408D892B43CD89B7
:100C90002B4383800483CD888586028470BD70B524
:100CA000002400220023058C4FF6EF7635400584A2
:100CB000028C8388048B48F6FF752C404FF6FF4565
:100CC0002C400D884FF6FF7606EA05252C434FF69B
:100CD000DF752A400D8906EA05152A434D8806EA84
:100CE00005152A43444DA84202D0494DA8421DD1C2
:100CF0004FF67F752A404D894FF6FF7606EA0515B7
:100D00002A434FF6BF752A408D8806EA05152A4307
:100D10004FF6FF352B404FF2FF752B408D8906EAC9
:100D200085052B43CD8906EA85052B438380048303
:100D3000CD880587028470BD70B500240022002391
:100D4000058C4FF6FF6635400584028C8388848BC2
:100D50004FF68F752C404FF6FC752C400D882C43B8
:100D60004FF6FF552A400D894FF6FF7606EA052516
:100D70002A434D8806EA05252A431F4DA84202D082
:100D8000234DA8421DD14FF2FF752A404D894FF6E1
:100D9000FF7606EA05252A434FF6FF352A408D885F
:100DA00006EA05252A434EF6FF752B404DF6FF75E2
:100DB0002B408D8906EA05152B43CD8906EA0515DA
:100DC0002B4383808483CD888587028470BD70B572
:100DD000002200230024058C4EF6FF763540058462
:100DE000038C8488828B48F6FF752A404FF6FF45B6
:100DF0002A400D8820E00000002C01400004004043
:100E000000080040000C00400010004000140040AA
:100E100000340140004C01400050014000540140AA
:100E200000180040001C004000200040004001402D
:100E300000440140004801404FF6FF7606EA0525D0
:100E40002A434DF6FF752B400D8906EA05352B43E5
:100E50004D8806EA05352B43FA4DA84202D0FA4DDB
:100E6000A84208D14BF6FF752C408D894FF6FF76CE
:100E700006EA85152C4384808283CD88A0F84050F3
:100E8000038470BD828B4FF2FF331A408283828BC2
:100E90004FF6FF7303EA01231A4382837047F0B5CC
:100EA0000C461546002200210026078C4EF6FF7CDA
:100EB00007EA0C070784828B018C4FF6FF7707EA5D
:100EC000043640F6FF473A404FF6FF7707EA05271A
:100ED0003A434FF6FF7707EA03373A43D94FB84210
:100EE0000ED0D94FB8420BD0B0F1804F08D0D74FB9
:100EF000B84205D0D64FB84202D0D64FB84206D13C
:100F00004DF6FF77394046F48057394305E047F600
:100F1000FF57394044F48057394382830184F0BD40
:100F2000828B4FF6F3731A408283828B0A4382834B
:100F30007047F0B50C461546002200210026078CAC
:100F40004FF6FF6C07EA0C070784828B018C4FF683
:100F5000FF7707EA04264FF60C773A404FF6FF7703
:100F600007EA03172F433A43B64FB8420ED0B64FA5
:100F7000B8420BD0B0F1804F08D0B44FB84205D082
:100F8000B34FB84202D0B34FB84206D14FF6FF5725
:100F9000394046F48077394305E04FF2FF57394036
:100FA00044F48077394382830184F0BD028B4FF291
:100FB000FF331A400283028B4FF6FF7303EA0123CB
:100FC0001A4302837047F0B50C46154600220021F3
:100FD0000026078C4FF6EF7C07EA0C070784028B8C
:100FE000018C4FF6FF7707EA041640F6FF473A40B8
:100FF0004FF6FF7707EA03373A434FF6FF7707EAE2
:1010000005273A438F4FB8420ED08F4FB8420BD0CE
:10101000B0F1804F08D08D4FB84205D08C4FB84208
:1010200002D08C4FB84206D14FF6DF77394046F0F8
:101030001007394305E04FF65F77394044F0100759
:10104000394302830184F0BD028B4FF6F3731A40DB
:101050000283028B0A4302837047F0B50C461546A3
:1010600000220021068C4FF6FE773E400684028B5C
:10107000018C4FF60C7632407E1C06EA03162E4396
:101080003243704EB0420ED06F4EB0420BD0B0F132
:10109000804F08D06D4EB04205D06D4EB04202D0A8
:1010A0006C4EB04206D14FF6FD76314044F0010659
:1010B000314305E04FF6F576314044F00106314307
:1010C00002830184F0BD70B505460C465D4885423B
:1010D0000ED05D4885420BD0B5F1804F08D05B48FB
:1010E000854205D05A48854202D05A48854200D1EF
:1010F00000E000BF208850B92389A2886188284673
:10110000FFF7ABFFE1882846FFF79EFF25E0208828
:1011100004280AD12389A28861882846FFF753FF53
:10112000E1882846FFF742FF17E0208808280AD107
:101130002389A28861882846FFF7FBFEE1882846BC
:10114000FFF7EEFE09E02389A28861882846FFF7B1
:10115000A6FEE1882846FFF795FE70BD2DE9F04117
:1011600005460C4600260127608808B9022600E0E3
:101170000026A088012801D1022700E0012720884D
:10118000A0B92389A28861882846FFF766FFE18815
:101190002846FFF759FF23893A4631462846FFF78C
:1011A00012FFE1882846FFF701FF13E02389A28898
:1011B00061882846FFF707FFE1882846FFF7F6FE1B
:1011C00023893A4631462846FFF747FFE1882846FB
:1011D000FFF73AFFBDE8F0810A884B881A438B88F5
:1011E0001A43CB881A430B891A434B891A438B89BC
:1011F0001A43A0F8442070474FF6FF718180002108
:101200000180C180418001727047002101804180CE
:101210008180C180018141818181C181704700212C
:1012200001804180012181800021C18001817047BE
:101230000021018041808180C180018141818181C3
:1012400070470000002C01400034014000040040C1
:1012500000080040000C004021B1028842F0010269
:10126000028004E002884FF6FE731A400280704745
:1012700031B1B0F8442042F40042A0F8442005E027
:10128000B0F84420C2F30E02A0F8442070471AB10F
:1012900083890B43838102E083898B438381704779
:1012A0008182704741EA0203A0F8483070471AB1C2
:1012B00083890B43838102E083898B438381704759
:1012C00001894FF6F8721140018170470A460021EA
:1012D00001894FF68F73194011430181704730B572
:1012E00004460D4629462046FFF7F0FF208940F0CE
:1012F0000700208130BD2DE9F04104460D46164619
:101300001F46602D06D13B46012231462046FFF79D
:101310005AFE05E03B46012231462046FFF79DFE7E
:1013200029462046FFF7D2FF208940F007002081A0
:10133000BDE8F08130B50C4600210189C9B24FF6F5
:10134000FF7505EA0325154325432943018130BD77
:101350002DE9F04105460E461746984600244346BF
:101360003A4631462846FFF7E5FF2C894FF6F870DC
:10137000044044F007044FF68F70044044F07004BA
:101380002C81BDE8F081F0B504460D4616461F4697
:101390003B46324629462046FFF7CCFF208940F4E1
:1013A00080402081F0BD0185828270470A4600217D
:1013B00001884FF68F731940114301807047F0B5D3
:1013C0000C4615461E460021002200230189028B8F
:1013D000038C4FF6F877394021434FF6FC473A40EB
:1013E00040F201173A434FF6DD773B404FF6FF7767
:1013F00007EA06172F433B43018102830384F0BDB4
:101400000A460021018B4FF68F7319401143018367
:1014100070470A460021018B48F6FF7319404FF6CA
:10142000FF7303EA02231943018370470A46002130
:10143000818B4FF68F7319401143818370470A46A1
:101440000021818B48F6FF7319404FF6FF7303EAC2
:10145000022319438183704721B1028842F0800240
:10146000028004E002884FF67F731A4002807047C2
:1014700021B1828842F00402828004E082884FF623
:10148000FB731A408280704721B1828842F00802C3
:10149000828004E082884FF6F7731A40828070479A
:1014A00021B1828842F00102828004E082884FF6F6
:1014B000FE731A40828070470A460021018B4FF666
:1014C000F77319401143018370470A460021018BCD
:1014D0004FF2FF7319404FF6FF7303EA02231943DB
:1014E000018370470A460021818B4FF6F77319403C
:1014F0001143818370470A460021818B4FF2FF73AD
:1015000019404FF6FF7303EA0223194381837047A2
:101510000A460021018B4FF6FB73194011430183EA
:1015200070470A460021018B4FF6FF3319404FF6F2
:10153000FF7303EA02231943018370470A4600211F
:10154000818B4FF6FB7319401143818370470A4624
:101550000021818B4FF6FF3319404FF6FF7303EAEA
:1015600002231943818370470A460021018B4FF6FD
:101570007F7319401143018370470A460021018B94
:10158000C1F30E014FF6FF7303EA022319430183EF
:1015900070470A460021818B4FF67F731940114333
:1015A000818370470A460021818BC1F30E014FF6FB
:1015B000FF7303EA02231943818370470A4600211F
:1015C000018C4FF6FD7319401143018470470A46A0
:1015D0000021018C4FF6F7731940114301847047C5
:1015E0000A460021018C4FF6DF7319404FF6FF7356
:1015F00003EA02131943018470470A460021018C53
:101600004FF67F7319404FF6FF7303EA0213194335
:10161000018470470A460021018C4FF6FF531940A0
:101620004FF6FF7303EA02231943018470470A4609
:101630000021018C4FF2FF7319404FF6FF7303EA4C
:1016400002231943018470470A460021018C4DF69C
:10165000FF7319404FF6FF7303EA02331943018405
:10166000704730B5002301248C40A3B2048C9C4306
:101670000484048C02FA01F5ADB22C43048430BD1D
:1016800030B5002304248C40A3B2048C9C43048412
:10169000048C02FA01F5ADB22C43048430BD70B560
:1016A0000346002000241846183001258D40ACB2B6
:1016B0001D8CA5431D8409B1082909D100EB6100E7
:1016C000056825F0700505600568154305600EE0A6
:1016D0000D1FC5F34E052844056825F4E045056057
:1016E00005684FF6FF7606EA02263543056070BDB1
:1016F00021B1028842F00202028004E002884FF623
:10170000FD731A400280704721B1028842F0040242
:10171000028004E002884FF6FB731A400280704793
:1017200021B1828842F08002828004E082884FF6F4
:101730007F731A408280704702884FF6F7731A4011
:10174000028002880A430280704782884FF68F73B6
:101750001A40828082880A438280704702894FF64D
:10176000F8731A40028102890A4302817047028994
:101770004FF67F731A40028102890A430281704743
:1017800081847047818570478186704701877047E3
:1017900081877047A0F84010704702884FF6FF43DA
:1017A0001A40028002880A43028070470146888EF0
:1017B00070470146088F70470146888F7047014681
:1017C000B1F8400070470146888C70470146088D8B
:1017D000704702460020138A0B400BB1012000E045
:1017E00000207047CA430282704730B5024600208D
:1017F00000230024158A05EA0103958905EA0104FE
:1018000013B10CB1012000E0002030BDCA430282B8
:101810007047000010B50446FB48844209D10121FD
:101820008803FFF79FF800214FF48040FFF79AF8F4
:1018300032E0F648844209D101214804FFF79FF8BD
:1018400000214FF40030FFF79AF825E0F048844279
:1018500009D101218804FFF792F800214FF480207C
:10186000FFF78DF818E0EB48844209D10121C80444
:10187000FFF785F800214FF40020FFF780F80BE018
:10188000E548844208D101210805FFF778F80021D6
:101890004FF48010FFF773F810BD2DE9F04786B0C4
:1018A00005460E460024A24600BFA1460027B08987
:1018B00000B100BF2F462C8A4CF6FF700440F08820
:1018C00004432C82AC894EF6F3100440B088318971
:1018D0000843718908430443AC81AC8A4FF6FF404A
:1018E0000440B0890443AC8201A8FEF7B4FFC648A7
:1018F000874202D1DDF810A001E0DDF80CA0A88934
:1019000000F4004040B10AEBCA0000EB0A10316855
:101910004900B0FBF1F807E00AEBCA0000EB0A103F
:1019200031688900B0FBF1F86420B8FBF0F00401E5
:101930002009642101FB1089A88900F4004040B10E
:10194000322000EBC900B0FBF1F000F007000443C7
:1019500008E0322000EB09106421B0FBF1F000F048
:101960000F0004432C8106B0BDE8F0874FF41651F8
:10197000016000218180C18001810C214181002111
:101980008181704710B502460020108A4FF2FF0394
:1019900018400B884C8823438C882343CC882343EE
:1019A0001843108210BD0021018041808180C180D8
:1019B000704721B1828942F40052828104E0828919
:1019C0004DF6FF731A4082817047F0B5034600243C
:1019D00000260025002040F66A17B94200D100BF5A
:1019E0001846C1F3421401F01F06012707FA06F555
:1019F000012C01D10C3004E0022C01D1103000E0A8
:101A000014301AB107682F43076002E00768AF433C
:101A10000760F0BD1AB1838A0B43838202E0838A98
:101A20008B4383827047028A4FF6F0731A4002821A
:101A3000028A0A430282704782894FF2FF731A407A
:101A4000828182890A438281704721B1828942F072
:101A50000202828104E082894FF6FD731A4082817E
:101A60007047028A4FF6DF731A400282028A0A43E5
:101A70000282704721B1028A42F48042028204E06D
:101A8000028A4BF6FF731A4002827047C1F30802C4
:101A90008280704701468888C0F3080070478189BA
:101AA00041F0010181817047028BD2B20283028B27
:101AB00042EA012202837047028B02F47F420283D2
:101AC000028B0A430283704721B1828A42F02002CE
:101AD000828204E0828A4FF6DF731A408282704766
:101AE00021B1828A42F01002828204E0828A4FF69B
:101AF000EF731A408282704721B1828A42F0080255
:101B0000828204E0828A4FF6F7731A40828270471D
:101B100021B1828942F40042828103E08289C2F3CA
:101B20000E028281704721B1828A42F40062828271
:101B300004E0828A4FF2FF731A4082827047828AE1
:101B40004FF6FB731A408282828A0A438282704770
:101B500021B1828A42F00202828204E0828A4FF638
:101B6000FD731A408282704702460020B1F5007F63
:101B700000D100BF13880B400BB1012000E0002012
:101B8000704701F40072B2F5007F00D100BFCA4374
:101B90000280704770B50246002400230025002013
:101BA00040F66A16B14200D100BFC1F3421501F000
:101BB0001F03012606FA03F3012D02D19689334053
:101BC00006E0022D02D1168A334001E0968A3340A6
:101BD0000C12012606FA04F41688344013B10CB135
:101BE000012000E0002070BD10B50022002340F667
:101BF0006A14A14200D100BF0A1201249440A3B28A
:101C0000DC43048010BD0000003801400044004067
:101C100000480040004C00400050004010B5044611
:101C2000FA48844208D101214015FEF79BFE0021AD
:101C30006015FEF797FE17E0F548844208D10121B0
:101C40000015FEF78FFE00212015FEF78BFE0BE03E
:101C5000F048844208D10121C803FEF783FE002129
:101C60004FF40040FEF77EFE10BD30B50246002066
:101C700000235068E84C20400D790C6844EA0524A4
:101C8000204350609068E54C2040D1E902542C4339
:101C90004D7944EA450420439060D06A20F47000F6
:101CA0000C7C641EE4B2234340EA0350D06230BD92
:101CB00000210160017141718160C16001210174E5
:101CC000704721B1826842F00102826003E08268BD
:101CD00022F001028260704721B1826842F4807272
:101CE000826003E0826822F480728260704710B5DF
:101CF0000023CBB21AB144681C43446002E044683C
:101D00009C43446010BD816841F0080181607047C8
:101D1000014600208A6802F008020AB1012000E0B2
:101D200000207047816841F00401816070470146DE
:101D300000208A6802F004020AB1012000E00020BD
:101D4000704721B1826842F4A002826003E0826899
:101D500022F4A00282607047014600208A6802F4E3
:101D600080020AB1012000E00020704710B50A4649
:101D700000210023416821F46041531E41EA4331B0
:101D8000416010BD21B1426842F40062426003E04C
:101D9000426822F4006242607047F0B504460D4686
:101DA00000200021092D11DDE068A5F10A0606EBEF
:101DB0004607072606FA07F18843A5F10A0606EB4F
:101DC000460603FA06F10843E0600CE0206905EBE3
:101DD0004507072606FA07F1884305EB450603FA8F
:101DE00006F108432061072A0FDA606B561E06EBE6
:101DF00086071F2606FA07F18843561E06EB86065D
:101E000005FA06F10843606322E00D2A0FDA206B21
:101E1000D61F06EB86071F2606FA07F18843D61F52
:101E200006EB860605FA06F10843206310E0E06A37
:101E3000A2F10D0606EB86071F2606FA07F1884376
:101E4000A2F10D0606EB860605FA06F10843E062EC
:101E5000F0BD21B1826842F48012826003E08268A2
:101E600022F48012826070470146C86C80B27047CD
:101E700066484C300068704721B1426842F4806285
:101E8000426003E0426822F480624260704721B100
:101E9000426842F48052426003E0426822F4805279
:101EA000426070470A460021816821F4E0411143F5
:101EB0008160704721B1826842F40042826003E091
:101EC000826822F400428260704721B1826842F445
:101ED0000212826003E0826822F40212826070477C
:101EE000014600208A6802F400120AB1012000E0D5
:101EF00000207047F0B50446154600200022002659
:101F0000092911DDE068A1F10A0707EB470C072753
:101F100007FA0CF29043A1F10A0707EB470703FA0F
:101F200007F21043E0600CE0206901EB410C072749
:101F300007FA0CF2904301EB410703FA07F2104352
:101F40002061A06BC0F30156EF1C06F1010CA7EB5A
:101F50000C0707EB870C1F2707FA0CF29043EF1CC6
:101F600006F1010CA7EB0C0707EB870701FA07F254
:101F70001043A063F0BD10B50A4600210023816B19
:101F800021F44011531E41EA0351816310BD08B58D
:101F9000002300930090009B0B440093009B1A6069
:101FA00008BD08B5024600200090009201F128000B
:101FB000009B184400900098006880B208BD0A4653
:101FC00000214168164B194011434160704741623E
:101FD000826270470A460021416821F01F011143C7
:101FE0004160704740B109490831096841F4000176
:101FF000064A0832116007E004490831096821F4F3
:102000000001024A083211607047000000240140BC
:1020100000280140003C0140FFFEF0FFFDF7F1FF0A
:10202000FFFD3FFF0246002013680B400BB101206B
:1020300000E000207047CA430260704770B5024656
:102040000020002300240B125568CEB205EA0604D6
:1020500015681D4015B10CB1012000E0002070BDD5
:1020600000220A12D3430360704700000CB5002021
:10207000019000906C48006840F480306A49086024
:1020800000BF6948006800F4003000900198401CCF
:102090000190009818B90198B0F5A06FF1D162488D
:1020A000006800F4003010B10120009001E0002031
:1020B00000900098012843D15C48006840F010006F
:1020C0005A4908600846006820F003000860084686
:1020D000006840F002000860534840685249486078
:1020E0000846406848600846406840F480604860A0
:1020F0000846406820F47C1048600846406840F478
:10210000E81048600846006840F08070086000BF32
:102110004548006800F000700028F9D04248406847
:1021200020F00300404948600846406840F0020043
:10213000486000BF3C48406800F00C000828F9D116
:102140000CBD10B5FFF792FF10BD10B53648006802
:1021500040F00100344908600846406834490840AE
:102160003149486008460068324908402E490860F5
:102170000846006820F4802008600846406820F483
:10218000FE0048604FF41F008860FFF7DAFF4FF051
:1021900000602949086010BD10B500210020002210
:1021A000214B5B6803F00C0121B1042906D00829FA
:1021B00028D107E0214B224C236027E01F4B204C05
:1021C000236023E0184B5B6803F47010164B5B68C8
:1021D00003F48032022303EB904022B9194B4343AE
:1021E000174C23600DE0104B5B6803F4003323B100
:1021F000144B4343124C236003E0104B4343104CF9
:10220000236003E00D4B0E4C236000BF00BF064B64
:102210005B68C3F303130C4CE15C094B1B68CB40B8
:10222000074C236010BD0000001002400020024057
:102230000000FFF8FFFFF6FE08ED00E000127A0054
:102240001400002000093D0018000020014605E0B0
:10225000002001E0421CD0B20A28FBDB0A1EA1F1DB
:102260000101F5D1704710B5044603E04FF47A70D0
:10227000FFF7ECFF201EA4F10104F7D110BD704759
:1022800008B50720009002E00098401E00900098DA
:102290000028F9D108BD10B54FF40070E649086078
:1022A00040100860FFF7ECFFE3480838006808B901
:1022B000012000E0002000F4007008B1002010BDF3
:1022C0004FF40070DC49091D0860FFF7D9FFDA48B8
:1022D0000838006800F4007008B10020EFE74FF400
:1022E0000070D549091D0860FFF7CAFF0120E6E725
:1022F00010B54FF48070D049091D0860FFF7C0FF8A
:102300004FF40070CC49091D0860FFF7B9FF4FF486
:102310008070C9490860FFF7B3FF4FF40070C649E9
:102320000860FFF7ADFF10BD10B54FF48070C249D3
:10233000091D0860FFF7A4FF4FF40070BE49091D96
:102340000860FFF79DFF4FF48070BB490860FFF7FE
:1023500097FF4FF48070B849091D0860FFF790FFA0
:1023600010BD10B54FF48070B349091D0860FFF728
:1023700087FF4FF40070B0490860FFF781FF4FF40A
:102380008070AD490860FFF77BFF4FF48070AA4969
:10239000091D0860FFF774FF10BD10B54FF4807081
:1023A000A549091D0860FFF76BFF4FF40070A249B3
:1023B0000860FFF765FF4FF480709F490860FFF7E2
:1023C0005FFF9D480838006800F4007030B14FF49A
:1023D00080709949091D0860002010BD4FF480707D
:1023E0009549091D08600120F7E770B504460825E6
:1023F0001DE04FF480709049091D0860FFF740FF11
:1024000004F0800020B14FF400708B49086004E0B4
:102410004FF400708849091D08606006040EFFF73C
:102420002FFF4FF4807084490860FFF729FF281EB2
:10243000A5F10101CDB2DCD14FF480707E49091DB8
:10244000086070BD70B508250024A8017A490860AD
:1024500016E06006040E4FF480707749091D08608D
:10246000FFF70EFF4FF4807073490860FFF708FF15
:1024700071480838006800F4007008B144F00104A5
:10248000281EA5F10101CDB2E3D14FF480706A4955
:10249000091D0860204670BD08B501210820FEF71F
:1024A00047FA4FF44070ADF8000002208DF80200AA
:1024B00014208DF8030069465F481038FDF77CFF53
:1024C00008BD2DE9F04105460E4617469846FFF730
:1024D000E2FE10B90020BDE8F081002141EA45018B
:1024E000C8B2FFF782FFFFF758FF18B9FFF700FFE8
:1024F0000020F0E73046FFF778FFFFF74EFF00249B
:102500000BE018F80400FFF770FFFFF746FF18B95B
:10251000FFF7EEFE0020DEE7641CBC42F1DBFFF7B4
:10252000E7FE0120D7E72DE9F04104460D461646A7
:102530001F463B46324629462046FFF7C2FF10B1F0
:102540000020BDE8F0814FF0FF30FAE72DE9F041BF
:1025500005460F4614461E46FFF79DFE10B90020A3
:10256000BDE8F081002141EA4501C8B2FFF73DFF17
:10257000FFF713FF18B9FFF7BBFE0020F0E738465E
:10258000FFF733FFFFF709FFFFF785FE012101EB9E
:102590004501C8B2FFF729FFFFF7FFFE0CE0FFF788
:1025A00051FF3070012C02D1FFF7DBFE01E0FFF795
:1025B000BBFE761C601EC4B2002CF0D1FFF798FE63
:1025C0000120CDE72DE9F04104460D4616461F4691
:1025D0003B46324629462046FFF7B8FF10B100209F
:1025E000BDE8F0814FF0FF30FAE770B504460D46C4
:1025F0001646FFF750FE08B9002070BD002141EAE1
:102600004401C8B2FFF7F1FEFFF7C7FE18B9FFF7A4
:102610006FFE0020F1E72846FFF7E7FEFFF7BDFE5B
:102620003046FFF7E2FEFFF7B8FEFFF761FE01203C
:10263000E3E7002070470000100C014008B50121BD
:102640001120FEF775F901210B48FDF786FF4FF4C5
:10265000C040ADF8000003208DF8020010208DF876
:10266000030069460548FDF7A7FE4FF4C041034843
:10267000FDF74FFF08BD00000002300000100140D0
:10268000002400270026FFF760FD41F61F4141F2BC
:10269000883001F0B5FF01F0EFFF01F01FFE00F000
:1026A000DBF800F03DF8FFF7C9FF02F06BF800F02F
:1026B000E9F800F050F9FFF7EFFE0A2000F028FEDD
:1026C00000F05CFA00F0CCFD00F043FE002108466B
:1026D00001F0C5FC104807784FF0E020006940F099
:1026E00001004FF0E021086114E000F0B7FA6EB984
:1026F00009480578E81BC0B204442F46B4F5C87FEA
:1027000003D3064800F014FE012600BF01F0B2FD1D
:1027100001F05FFCE9E70000A40000200000DC42BB
:1027200008B501210820FEF703F94FF47040ADF819
:10273000000010208DF8030003208DF80200694688
:10274000FE48FDF739FE4FF47041FC48FDF7E1FE0D
:1027500008BD08B501210846FEF7F7F8012104205D
:10276000FEF7E6F80C20ADF8000018208DF8030005
:1027700003208DF802006946F148FDF71DFE08BDF3
:1027800030B587B00025002440F2E730ADF81400E2
:102790000020ADF81000ADF81600ADF8120004A945
:1027A0004FF08040FEF7FCF96020ADF800000120FA
:1027B000ADF80200ADF806500020ADF808006946FB
:1027C0004FF08040FEF7B8FA0821C806FEF78AFEEF
:1027D0000120ADF80200ADF806400020ADF8080079
:1027E00069464FF08040FEF7F2FA0821C806FEF76E
:1027F00082FE01218807FEF72FFE01218807FEF7E0
:102800002BFD07B030BD2DE9FF4104460D4627469C
:102810002E466020ADF800000120ADF80200ADF8B2
:1028200006700020ADF8080069464FF08040FEF7C2
:1028300083FA0821C806FEF755FE0120ADF8020014
:10284000ADF8066069468007FEF7C1FA0821C806A0
:10285000FEF751FEBDE8FF8110B5FFF77AFFFFF7E5
:102860008FFF10BDB7490888098821F00101B54ADA
:1028700011807047B4490888098821F00101B24AE3
:102880001180704700B589B001210220FEF75DF884
:1028900001210420FEF74CF801A8FDF718FEC02026
:1028A000ADF8040004208DF8070003208DF8060021
:1028B00001A9A348FDF780FD4FF4A060FDF720FCBF
:1028C0001D208DF8080001208DF8090003208DF8E7
:1028D0000A0001208DF80B0002A8FDF716FC9948AC
:1028E0001038FEF789F806A8FEF786FC0020ADF840
:1028F00018004FF6FF70ADF81C000020ADF81E0068
:10290000ADF81A0006A98F481038FEF749F90A23D6
:102910001A4603218B481038FEF751FD03A8FEF735
:102920007EFC0620ADF8140003A986481038FEF797
:10293000CAFB012183481038FEF754FF01221146DB
:1029400080481038FEF7A3FC01217E481038FEF7BE
:1029500083FC09B000BD00B589B001210420FDF75A
:10296000F4FF01210820FDF7E3FF01A8FDF7AFFD0B
:10297000C020ADF8040004208DF8070003208DF876
:10298000060001A96D48FDF717FD4FF4A060FDF7A3
:10299000B7FB1E208DF8080001208DF809000320E8
:1029A0008DF80A0001208DF80B0002A8FDF7ADFBA1
:1029B00065481038FEF720F806A8FEF71DFC002039
:1029C000ADF818004FF6FF70ADF81C000020ADF810
:1029D0001E00ADF81A0006A95B481038FEF7E0F8B3
:1029E0000A231A46032158481038FEF7E8FC03A8CA
:1029F000FEF715FC0620ADF8140003A95248103864
:102A0000FEF761FB012150481038FEF7EBFE012272
:102A100011464D481038FEF73AFC01214A4810385B
:102A2000FEF71AFC09B000BD00B585B001210420F5
:102A3000FDF77EFF01210220FDF787FF8020ADF822
:102A4000100004208DF8130003208DF8120004A953
:102A50003B48FDF7B1FC4FF4A060FDF751FB1D2092
:102A60008DF8000001208DF8010003208DF8020090
:102A700001208DF803006846FDF747FB3148103808
:102A8000FDF7BAFF4FF6FF70ADF808000020ADF873
:102A90000400ADF80A00ADF8060001A92948103875
:102AA000FEF77EF800231A46602126481038FEF70C
:102AB00022FC002123481038FEF762FE0121214844
:102AC0001038FEF7C9FB05B000BD00B585B0012187
:102AD0000820FDF72DFF01210420FDF736FF80209F
:102AE000ADF8100004208DF8130003208DF81200BB
:102AF00004A91248FDF760FC4FF4A060FDF700FB4D
:102B00001E208DF8000001208DF8010003208DF8B3
:102B1000020001208DF803006846FDF7F6FA0A4826
:102B20001038FDF769FF4FF6FF70ADF80800002080
:102B3000ADF80400ADF80A0008E00000000C014008
:102B4000000801401004004010080040ADF80600E5
:102B500001A90948FEF724F800231A466021064817
:102B6000FEF7C9FB00210448FEF70AFE01210248D6
:102B7000FEF772FB05B000BD0008004070B50024F0
:102B800002F0CBFA0446002C60D17CA001F023FDBA
:102B9000782001F024FF18B981A001F01CFD02E0AB
:102BA00087A001F018FD782002F006F918B98FA06F
:102BB00001F011FD02E096A001F00DFD642002F08D
:102BC000DCF918B99EA001F006FD02E0A6A001F014
:102BD00002FD03F093FD18B9ACA001F0FCFC02E08B
:102BE000B7A001F0F8FCC54804F064FC054603F00A
:102BF0008FFD18B9C2A001F0EEFC02E0CAA001F0FE
:102C0000EAFC40F2731004F0C4F918B9D2A001F044
:102C1000E2FC02E0D9A001F0DEFC642003F032FF08
:102C200018B9E2A001F0D7FC02E0E9A001F0D3FC62
:102C300004F054FC012003F0A7FA18B9EFA001F04A
:102C4000CAFC0AE0F6A001F0C6FC06E04FF4005111
:102C5000FE48FDF760FC00BFFEE770BD2DE9F04FB8
:102C600089B0FB48FB49FC4BFC4ACDE90010FC490C
:102C7000FC4804F0EDFAF748008800F48070002862
:102C80007AD0F649086804F05BFF04464FF09D4196
:102C900004F090FDF4490860F049486804F050FFE2
:102CA00004464FF09D4104F085FDF0490860EB4972
:102CB000886804F045FF04464FF09D4104F07AFD1A
:102CC000EB490860E549C86804F03AFF04464FF054
:102CD0009D4104F06FFDE7490860E34801684FF04B
:102CE000804004F035FD0690E1480168069804F044
:102CF0002FFD8246DD4801684FF0404004F028FD7A
:102D00000690DC480168069804F022FD834651468F
:102D100004F0C6FC079004F05FFF064606F084F955
:102D200080464FF06632D44B04F029FE044604F08E
:102D30007FFFD2490860CE4801684FF0804004F020
:102D400007FD0390CA480168039804F001FD82461C
:102D5000C64801684FF0404004F0FAFC0390C348B5
:102D60000168039804F0F4FC8346514604F0EAFC41
:102D700081464FF07E5183E10CE200006D707520BA
:102D8000696E697469616C697A6174696F6E2063D8
:102D90006F6D706C6574652E2E2E2E2E2E0A2000FF
:102DA0006D70755F7365745F73656E736F722063AA
:102DB0006F6D706C657465202E2E2E2E2E2E0A00DF
:102DC0006D70755F7365745F73656E736F7220638A
:102DD0006F6D65206163726F7373206572726F72BD
:102DE000202E2E2E2E2E2E0A000000006D70755FF4
:102DF000636F6E6669677572655F6669666F20638B
:102E00006F6D706C657465202E2E2E2E2E2E0A008E
:102E10006D70755F636F6E6669677572655F666911
:102E2000666F20636F6D65206163726F73732065D9
:102E300072726F72202E2E2E2E2E2E0A000000008F
:102E40006D70755F7365745F73616D706C655F72D3
:102E500061746520636F6D706C657465202E2E2E15
:102E60002E2E2E0A000000006D70755F7365745F72
:102E700073616D706C655F72617465206572726FED
:102E800072202E2E2E2E2E2E0A000000646D705FF2
:102E90006C6F61645F6D6F74696F6E5F6472697689
:102EA00065725F6669726D7761726520636F6D70C0
:102EB0006C657465202E2E2E2E2E2E0A000000002A
:102EC000646D705F6C6F61645F6D6F74696F6E5F6E
:102ED0006472697665725F6669726D77617265208A
:102EE000636F6D65206163726F7373206572726FBB
:102EF00072202E2E2E2E2E2E0A00000028000020DA
:102F0000646D705F7365745F6F7269656E74617410
:102F1000696F6E20636F6D706C657465202E2E2E48
:102F20002E2E2E0A00000000646D705F7365745FC2
:102F30006F7269656E746174696F6E20636F6D6521
:102F4000206163726F7373206572726F72202E2E10
:102F50002E2E2E2E0A000000646D705F656E616279
:102F60006C655F6665617475726520636F6D706C0A
:102F7000657465202E2E2E2E2E2E0A00646D705F35
:102F8000656E61626C655F6665617475726520630C
:102F90006F6D65206163726F7373206572726F72FB
:102FA000202E2E2E2E2E2E0A00000000646D705F43
:102FB0007365745F6669666F5F7261746520636FC5
:102FC0006D706C657465202E2E2E2E2E2E0A00003C
:102FD000646D705F7365745F6669666F5F7261745C
:102FE0006520636F6D65206163726F737320657216
:102FF000726F72202E2E2E2E2E2E0A006D70755F8F
:103000007365745F646D705F737461746520636F62
:103010006D706C657465202E2E2E2E2E2E0A0000EB
:103020006D70755F7365745F646D705F73746174E8
:103030006520636F6D65206163726F7373206572C5
:10304000726F72202E2E2E2E2E2E0A00001001409E
:10305000620000206000002050000020EC010020F1
:103060005A000020540000203400002038000020C6
:103070003C0000204000002066A64C404400002098
:1030800004F00EFB044604F0A7FDCDE9040143481B
:1030900001684FF0804004F05BFB834640480168C4
:1030A000584604F055FB81463E4801684FF0804089
:1030B00004F04EFB83463C480168584604F048FB48
:1030C0008246494604F0ECFA044604F085FD0746C2
:1030D000DDE9042306F0F0F94FF06632334BCDE919
:1030E000060104F04CFC054604F0A2FD30490860DE
:1030F0002D480168006804F02BFB03902948016803
:10310000006804F025FB029025480168006804F07F
:103110001FFB834621480168006804F019FB5946EB
:10312000019004F0BDFA8246029904F00BFB81463F
:10313000039904F007FB044604F04EFDCDE90401B9
:10314000194801681548006804F002FB82461548DA
:1031500001681348006804F0FBFA8346514604F006
:103160009FFA81464FF0804104F0F2FA044604F0E1
:1031700033FD0746DDE9042306F09EF94FF0663281
:103180000A4BCDE9060104F0FAFB054604F050FDB8
:103190000849086009B0BDE8F08F00003400002045
:1031A000380000203C0000204000002066A64C4073
:1031B000480000204C000020704700BFFEE700BF21
:1031C000FEE700BFFEE700BFFEE7704770477047AD
:1031D00010B51D480078401C1B4908701B4800783A
:1031E000401C1A4908701A480078401C1849087099
:1031F00000F038FB17480078401C16490870164844
:103200000078401C1449087014480078401C134989
:1032100008700E480078012806DB01F09EFA00F0E5
:10322000CCFC00200949087009480078082806DB12
:1032300000F045FB0020064908700649087000F0C0
:103240002BF900F047FA10BDA4000020A9000020CF
:10325000A5000020A6000020A7000020A800002054
:1032600030B527480068C822B0FBF2F1B1F1807F89
:1032700001D301201DE021F07F40401E4FF0E022ED
:10328000506150170F22002807DA13071D0E1D4B3F
:1032900000F00F04241F1D5503E013071C0E1A4BEA
:1032A0001C5400BF00204FF0E02290610720106105
:1032B000002008B100BFFEE74FF0E020006920F0D9
:1032C00001004FF0E021086130BD01B50F490098C1
:1032D00008604FF0E020006940F001004FF0E0216D
:1032E000086100BF094800680028FBD108BD0748F5
:1032F000006820B105480068401E04490860704716
:103300001400002018ED00E000E400E0640000205C
:10331000002107E042F6E06100BF0A1EA1F10103AF
:1033200099B2FAD1021EA0F1010398B2F2D170470E
:103330000021FE4A1170FE490860FE490978FE4AE4
:1033400011700021FD4A1160FA490978FC4A117098
:10335000704700B50020FB490880FB490880FB4905
:103360000860FB490860FB490860FB490860FB49AD
:103370000860FB490860FB490860FB490860FB499D
:103380000860FB490860FB490860FB490860FB498D
:103390000860FB490860FB490860FB490860FB497D
:1033A0000860E4490870FA490870FA490870E14871
:1033B0000078E14908700020E0490860DD480078A5
:1033C000DF4908700020F4490860F4490860F448B7
:1033D000FFF7AEFF0020F349086000BD2DE9F04182
:1033E000F148006804F0F8FB0446F048D0E90063B7
:1033F0003246204604F004FC07D0EC48D0E9002116
:10340000104604F015FCE8490860E948006804F03B
:10341000E3FB0446E548D0E902633246204604F067
:10342000EFFB07D0E148D0E90221104604F000FC90
:10343000DF490860DF48006804F0CEFB04460D4613
:10344000DA49D1E904633246294604F0D9FB07D0B2
:10345000D648D0E90421104604F0EAFBD5490860BB
:10346000D548006804F0B8FB0446D048D0E90663AC
:103470003246204604F0C4FB07D0CC49D1E90621EE
:10348000104604F0D5FBCC4908600020C249086012
:10349000C2490860BDE8F0812DE9F041C7480068E5
:1034A000012810D10020C0490860C548006804F018
:1034B00055FB06460022C34B04F061FA044604F0B3
:1034C000B7FBB9490860BD480068022812D1002046
:1034D000B7490860BC490968A1F1400004F03EFB0F
:1034E00006460022B94B04F04AFA044604F0A0FB59
:1034F000AF490860B649B1F9040004F021FBB549B1
:103500000860B549B1F9040004F01AFBB34908603A
:103510000021B348006804F0A7FB0BD0B149B048C4
:10352000006804F0A1FB05D3AF49AD48006804F082
:10353000A5FB05D24FF40051AC48FCF7ECFF04E0CA
:103540004FF40051A948FCF7E4FF0021A8480068A7
:1035500004F0F8F8824908609F49B1F9000004F0CE
:10356000EFFA064692480168304604F0F1F8044646
:103570007C4801687A48006804F0E4F806468A4806
:103580000168304604F0E4F80546214604F088F866
:1035900077490860BDE8F0812DE9F04104460D4609
:1035A000002C0CDA4FF480419248FCF7B2FF4FF444
:1035B00000419048FCF7AFFF604204B20AE04FF4CC
:1035C00000418C48FCF7A5FF4FF480418948FCF787
:1035D000A2FF00BF002D0CDA4FF400518548FCF724
:1035E00098FF4FF480518348FCF795FF684205B27D
:1035F0000AE04FF480517F48FCF78BFF4FF40051F5
:103600007C48FCF788FF00BFAFB2A6B231464FF04E
:103610008040FEF7BDF839464FF08040FEF7BAF81B
:1036200075496F48006804F029FB23D373496C483F
:10363000006804F019FB02D24FF0010801E04FF0DE
:10364000000800215048006804F00EFB01D1012061
:1036500000E0002008EA000800214C48006804F05F
:1036600003FB01D1012000E0002008EA0008B8F1C6
:10367000000F0DD000214FF08040FEF789F80021A7
:103680004FF08040FEF786F801205D49086002E0B7
:1036900000205B4908605B493148006804F0EEFA9D
:1036A00005D359492E48006804F0DEFA0DD20021F6
:1036B0004FF08040FEF76CF800214FF08040FEF79D
:1036C00069F801204E49086002E000204C4908607A
:1036D000BDE8F08170B52448046830480168204690
:1036E00003F0DEFF044621462148006803F0D8FFBE
:1036F0002149086021461E48006804F023F81D494E
:1037000008601D48006804F03AFA00B2B0F57A7F0C
:1037100002DD3E48184908601748006804F02FFA97
:1037200000B210F57A7F78DA394874E0750000202D
:103730008C000020A40000207400002070000020F5
:1037400098000020F2000020F0000020000100207E
:10375000FC00002008010020040100200C010020D2
:10376000CC000020BC00002028010020B000002078
:10377000C0000020C8000020C40000202401002058
:103780006801002064010020300100202C0100208D
:10379000A5000020A60000209C000020A000002022
:1037A0000000C8421C010020DC000020C097000877
:1037B000E0000020E4000020E80000204C01002090
:1037C0003C0100200080FB3F400100200000C43F7E
:1037D0005A0000205C0100205400002060010020FD
:1037E000440000200000A0C10000A04100100140E2
:1037F00048000020000C014000002041000020C1D2
:103800001801002000004842000048C200007A442D
:1038100000007AC401E0FB490860FB48006804F03E
:10382000AEF900B2B0F57A7F02DDF848F6490860DB
:10383000F548006804F0A3F900B210F57A7F02DAC7
:10384000F348F1490860F048006804F098F905B2BF
:10385000EC48006804F093F906B229463046FFF7B9
:103860009BFE70BD70B5EB48FDF7ADFF0446EA481E
:10387000FDF7A9FF0546E9480460E9480560002115
:10388000E448FDF77DFF0021E348FDF779FF20B212
:10389000E4490880684200B2E3490880E3480068D0
:1038A000E049B1F900100844E0490860E0480068C8
:1038B000DD49B1F900100844DD49086070BD2DE90B
:1038C000FC5FDA490968DA4A1268881804F038F9A6
:1038D000D8490860D6490968D44A1268881A04F0A1
:1038E0002FF90446D44903F033FF8346D2495846A2
:1038F00004F0C4F907D24FF07E51584604F0B4F9F1
:1039000001D24FF0000B0020C9490860C749086088
:10391000CA48006804F060F906464FF06632C84BAA
:1039200004F02DF8044604F083F9C4490860C14846
:10393000006804F051F94FF03332C24BCDE9000179
:1039400004F01DF806460F46BC48006804F044F930
:10395000804632463B4603F06BFF044604F068F9AC
:10396000B649086008460168B748006803F098FE49
:10397000B5490860B5480168B348006803F090FE97
:10398000B1490860B2480168AF48006803F088FE9A
:10399000AD490860AF480068012801D100200860E7
:1039A000A948006804F0EBF8B0F5FA5F02DDAA4818
:1039B000A5490860A448006804F0E1F810F5FA5F32
:1039C00002DAA648A0490860A5480068032812D179
:1039D0000020A4490860A4490968A1F1800004F00E
:1039E000BDF806460022A14B03F0C9FF044604F0CF
:1039F0001FF99C4908609A480068042812D10020E9
:103A00009B4908609B490968A1F1C00004F0A6F831
:103A100006460022984B03F0B2FF044604F008F972
:103A20009349086000218848006803F08BFE064631
:103A30008F480168304603F08BFE044600217F4822
:103A4000006803F07FFE064686480168304603F0B2
:103A50007FFE0546214603F023FE88490860884919
:103A60008848006804F00AF905D38749854800684A
:103A700004F0FAF80AD28148006880F000448148D6
:103A80000168204603F096FE824601E04FF0000AEE
:103A900070480068012801D14FF0000A7B49504668
:103AA00004F0ECF801D2DFF8E4A17949504604F0C3
:103AB000DBF801D2DFF8D8A176480168504603F060
:103AC00041FE0546744903F043FE0446714801680F
:103AD000204603F0E5FD6F4908605E480068002855
:103AE0005BD15A48006820F000446C49204604F03D
:103AF000C5F852D80021584604F0B6F808D06848F6
:103B0000006820F000446749204604F0B7F807D267
:103B100065496648006803F01BFE644908600BE0D5
:103B20006349584603F014FE044660480168204685
:103B300003F0B6FD5D4908605E495C48006804F02A
:103B40009DF802D25B48594908605B4957480068B4
:103B500004F08AF802D25848544908605749584638
:103B600003F0F6FD044651480168204603F098FD35
:103B70005349086053495248006804F07FF802D264
:103B800050484F49086050494D48006804F06CF8AF
:103B900011D24D484A4908600DE04C49434800683D
:103BA00003F0D6FD4149086048494548006803F0E4
:103BB000CFFD43490860BDE8FC9F2DE9F041444832
:103BC000006800281DD14348FDF7FDFD00EB800093
:103BD00000EB00104400204603F0C0FF0546002221
:103BE0003D4B03F03EFF074604F022F83B490860D6
:103BF0003B48007820B9002015490860BDE8F081F5
:103C000070E099E0C4000020C800002000007A4461
:103C100000007AC4000400400008004010010020A9
:103C200014010020F0000020F2000020FC00002021
:103C30000001002004010020000080BF08010020D6
:103C40006666E63F3333D33F0C0100202401002099
:103C50001C010020180100200000FA450000FAC5F0
:103C60004C010020E4000020440100200000DE3F61
:103C7000E8000020480100200000C43FB8000020F8
:103C80006F12833ADC0000206F1283BA0000A0405C
:103C90000000A0C0BC0000209A99993E0000F041AD
:103CA000280100200000A04148E17A3F9C0000204C
:103CB0000AD7A33B00002042000020C20AD7233EBF
:103CC000A00000200000A0420000A0C2CDCC4C3FCC
:103CD00034010020002C0140000069402001002038
:103CE00075000020FE48006803F076FF04460022BD
:103CF000FC4B03F085FF03D8FB48FC4908601BE040
:103D0000FB49F748006803F0B9FF01D8012400E03F
:103D100000244FF08241F248006803F0A5FF01D86B
:103D2000012000E0002004401CB1F248EF49086087
:103D300002E00020ED49086000BFBDE8F0812DE9F8
:103D4000FC5FED480068012878D1EC48D0F800B05D
:103D5000EB4800680190EB48B0F90290EA48B0F9EE
:103D600000A0DF480468484603F0EAFE06464FF02C
:103D70008D4103F01FFD0546E44903F0E9FCE449E9
:103D80000860504603F0DCFE0646E24903F0DAFC28
:103D90000546E14903F00EFDE0490860584603F08E
:103DA0001BFF0746DE4ADF4B03F05BFE054603F0D0
:103DB0003FFF8346019803F00FFF0546D84AD94BD1
:103DC00003F04FFE074603F033FF01905021D64821
:103DD00003F042FCD448D5A1096801600A21D44807
:103DE00003F03AFCD34800210160416001810A21BF
:103DF000D14803F031FCD1480021016041600181CC
:103E00000A21CF4803F028FCCE4800210160416020
:103E10000181CD49584603F027FF10D8CB495846B9
:103E200003F02CFF0BD8584603F0D6FE05462A4671
:103E30000B46C7A1BE4804F039F902E0C7E0BDE86F
:103E4000FC9FC149019803F00FFF0FD8BF490198AB
:103E500003F014FF0AD8019803F0BEFE05462A4677
:103E60000B46BBA1B34804F021F900E0E7E7BA49EB
:103E7000A748006803F002FF11D2B849A4480068BF
:103E800003F0F2FE0BD2A248006803F0A5FE05463F
:103E90002A460B46AEA1A84804F008F900E0CEE798
:103EA000AF499E48006803F0E9FE11D2AD499B4836
:103EB000006803F0D9FE0BD29848006803F08CFE2E
:103EC00005462A460B46A2A19C4804F0EFF800E004
:103ED000B5E70021204603F0D1FE0FD8A2492046C5
:103EE00003F0C2FE0AD2204603F076FE05462A46BB
:103EF0000B4697A1924804F0D9F800E09FE7002014
:103F000000F082FC0090009803F023FE07469749DA
:103F100003F01EFC06464FF08B4103F04BFC0546B8
:103F2000934903F00FFC9349086000219148006811
:103F300003F0A4FE11D889498E48006803F094FE6E
:103F40000BD28C48006803F047FE05462A460B4614
:103F50007FA17C4804F0AAF800E070E77449724839
:103F600003F085FB84A1704803F081FB71496E4822
:103F700003F07DFB81A16C4803F079FB6E496A4830
:103F800003F075FB7EA1684803F071FB6B4966483E
:103F900003F06DFB7BA1644803F069FB684962484C
:103FA00003F065FB79A1604803F061FB65495E4859
:103FB00003F05DFB76A15C4803F059FB5021754886
:103FC00003F04AFB50225849724803F02CFB00BF13
:103FD00035E710B570480068401E6F4908604648D4
:103FE0000068012807D10846006820B9FFF7A7FE3E
:103FF000684800F0E4FA6848006818B941F288306F
:104000006549086010BD2DE9F04180460D46144613
:104010001E46069F6149204603F026FE00D25F4CF3
:104020000021384603F020FE00D200275C493846C4
:1040300003F024FE00D25A4F5A48C0F80080456071
:104040008460C660076101205749087057480078AE
:1040500057490870002057490860BDE8F0810222E6
:10406000514B1A70544A1060544A11604F4A1278EA
:104070004F4B1A7000224F4B1A60704770B5504872
:104080000568174804684F49204603F0F7FD06D23B
:104090004FF08241204603F0E7FD00D800254A4852
:1040A0000560002049490860494908600F490860D7
:1040B00070BD2DE9FF5F3D4804783D480078201A27
:1040C000C0B203903A4804703A4801680398084423
:1040D000384908600846006803F03BFD074679E070
:1040E0002001002000001040000096C31C010020A9
:1040F0000000A0400000FA4350010020C40000204E
:10410000C80000205A00002054000020CDCC1C41E3
:104110005C0100209A190043000003436001002065
:1041200048E17A14AE470F40FC010020244C5600B1
:10413000140300201E030020280300203203002067
:104140003C0300204603002000007A4400007AC4AB
:1041500025332E32660000000000A0C10000A041FF
:1041600000803BC500803B4500401C46CDCC5441FF
:10417000CDCC4C3EAC0000202C5256002C414300CC
:104180002C4759002C435342000000002C56540089
:10419000230000004C02002054010020CDCCCC3D77
:1041A0006666E63E7800002075000020A40000202E
:1041B0007400002070000020900000209400002077
:1041C0008C0000200AD7233C240100202801002075
:1041D00034010020384903F0BBFA064637488168AD
:1041E000304603F0B5FA05463448C168284603F066
:1041F00057FA814649464FF0804003F0A9FA0090F3
:1042000003F0EAFC054605F017FA074603F010FD37
:1042100083462A480169584603F09AFA824627489D
:1042200001694FF07E5003F08DFA5146019003F082
:1042300037FA029021490868029903F089FA204967
:104240000860484603F0C8FC074605F043FA0546F7
:1042500003F0EEFC824619484168504603F078FAB4
:1042600018490860012018490860002017490860B3
:10427000BDE8FF9F10B516480078B8B1012802D0FC
:10428000022812D102E0FFF714FF12E01148006883
:104290000B490860104800680A49086001200A4973
:1042A000086000200949086003E000BFFFF7E6FE50
:1042B00000BF00BF10BD00000AD7A33B780000205C
:1042C0002401002028010020340100201C010020CE
:1042D00075000020900000209400002000B585B0FB
:1042E000012144F20400FCF723FB4FF40070ADF809
:1042F000100018208DF8130003208DF8120004A977
:10430000BB48FCF759F84FF48060ADF8100004206A
:104310008DF8130004A9B648FCF74EF84FF4E130CD
:1043200000900020ADF80400ADF80600ADF80800DC
:10433000ADF80C000C20ADF80A006946AD48FDF759
:10434000ACFA0121AB48FDF734FB05B000BD08B560
:104350004FF48060FBF7D4FE27208DF80000042086
:104360008DF8010001208DF802008DF803006846E9
:10437000FBF7CBFE08BD00B585B001218804FCF732
:10438000E4FA01210820FCF7D3FA4FF48060ADF87D
:10439000100018208DF8130003208DF8120004A9D6
:1043A0009548FCF709F84FF40060ADF810000420C0
:1043B0008DF8130004A99048FBF7FEFFFFF7C7FF35
:1043C0004FF4165000900020ADF80400ADF8060040
:1043D000ADF80800ADF80C000C20ADF80A006946F5
:1043E0008648FDF75AFA012240F225518348FDF72D
:1043F000ECFA01218148FDF7DCFA05B000BD70B58B
:1044000004460D46E1B27B48FDF740FB00BF40216A
:104410007848FDF7A9FB0128F9D1204670BDF0B519
:1044200003460D461646002729460A2E03D00020D3
:1044300008702846F0BD33B9302001F8010B002088
:1044400008702846F6E7002B03DA2D2001F8010B4F
:104450005B4242F210720DE093FBF2F404B937B103
:1044600004F1300001F8010B04FB123301270A208C
:1044700092FBF0F2002AEFDC002008702846D9E712
:104480000FB470B586B006460CA8019073E00B9887
:1044900000785C281CD10B98401C0B9000786E288B
:1044A00009D072280FD10D213046FDF7EFFA0B9895
:1044B000401C0B900BE00A213046FDF7E7FA0B9801
:1044C000401C0B9003E00B98401C0B9000BF4BE08E
:1044D0000B980078252840D10B98401C0B90007851
:1044E000642818D0732833D1019810C801900BE0CC
:1044F00021783046FDF7CAFA00BF40213046FDF76B
:1045000033FB0028F9D0641C20780028F0D10B98E8
:10451000401C0B9020E0019820C801900A2202A9BB
:104520002846FFF77CFF02AC0BE021783046FDF710
:10453000ADFA00BF40213046FDF716FB0028F9D048
:10454000641C20780028F0D10B98401C0B9003E0ED
:104550000B98401C0B9000BF06E00B9810F8011B55
:104560000B903046FDF792FA00BF40213046FDF730
:10457000FBFA0028F9D00B980078002887D106B004
:1045800070BC5DF814FB10B5044621461948FDF7D0
:104590007DFA00BF40211748FDF7E6FA0128F9D15E
:1045A00010BD10B5044621461448FDF76FFA00BF50
:1045B00040211248FDF7D8FA0128F9D110BD70B595
:1045C00005462C4603E02078FFF7EBFF641C2078BB
:1045D0000028F8D170BD70B505462C4603E0207860
:1045E000FFF7D1FF641C20780028F8D170BD0000CF
:1045F0000008014000380140000C01400048004024
:104600007FB504460D460121C802FCF791F941F23D
:104610008830ADF8080041F61F40ADF804000120D5
:10462000ADF80A000020ADF8060001A91148FCF71A
:10463000B7FA012241210F48FCF729FE19208DF815
:10464000000003208DF8010000208DF802000120F9
:104650008DF803006846FBF758FD7FBD10B50121BA
:104660000448FDF7C2F818B101210248FDF7CEF861
:1046700010BD0000002C01401FB501213D48FBF793
:104680006CFF01210920FCF753F90120ADF80C0063
:1046900010208DF80F0003208DF80E0003A9364876
:1046A000FBF78AFE0220ADF80C0028208DF80F00E1
:1046B00003A93148FBF780FE01210846FBF792FF72
:1046C0000220019000208DF8080008208DF80900D4
:1046D00001208DF80A0001A8FBF78EFD07208DF858
:1046E000000003208DF8010001208DF802008DF8F4
:1046F00003006846FBF709FD1FBD10B50220FBF75C
:10470000E1FD48B300211D48FDF73AF801211B489F
:10471000FCF7A2FD01201A49086012E01748FDF7D6
:1047200052F80A2807DB00211448FCF795FD002009
:104730001349086005E002210F48FBF7D0FE10493D
:1047400008600F4800680028E8D100210B48FCF7FA
:1047500083FD0220FBF7C7FD10BD10B501210648FF
:10476000FBF7D7FE0C20FDF771FD01210248FBF796
:10477000D2FE10BD00023000000C0140002C0140B0
:10478000B801002000B587B001214FF40170FCF79B
:10479000CFF84FF40040FCF72FF80120ADF80400EB
:1047A00000208DF8070001A92348FBF705FE2348E8
:1047B000FDF734FA002002908DF80C008DF80D0002
:1047C0004FF4602004900020059001208DF818001F
:1047D00002A91A48FDF749FA01211848FDF771FAB4
:1047E0001648FDF790FA00BF1448FDF791FA00282B
:1047F000FAD11248FDF796FA00BF1048FDF797FA74
:104800000028FAD107B000BD10B5044607230122E5
:1048100021460A48FDF7C1FA01210848FDF791FA3F
:1048200000BF02210548FDF7FDFB0028F9D0034831
:10483000FDF71AFB10BD00000008014000240140F4
:104840000648804706480047FEE7FEE7FEE7FEE72A
:10485000FEE7FEE7FEE7FEE7FEE7FEE74B21000886
:10486000ED00000838B50446FB4890F82400C0B1BC
:1048700014B10220009001E000200090F64A126876
:10488000D17BF54A526810786B460122FDF74BFE4A
:1048900010B14FF0FF3038BD9DF80010EE48417464
:1048A00023E0ED48807A10B94FF0FF30F3E724B1F0
:1048B000E948407C08B10020EDE714B101200090E8
:1048C00001E000200090E44A1268D17BE24A52687D
:1048D00010786B460122FDF726FE10B14FF0FF3035
:1048E000D9E79DF80010DC4841740020D3E738B5C3
:1048F000002419E0D8480068C07AA04204D0D64805
:104900000068407DA04200D10CE0D3494968087896
:104910006B4601222146FDF755FE10B14FF0FF30E6
:1049200038BD00BF601CC4B2CB4840680079A042CB
:10493000E0DC0020F4E770B504460D46C648006888
:10494000C07AA04204D0C4480068407DA04202D191
:104950004FF0FF3070BDC04840680079A04202DCD3
:104960004FF0FF30F6E7BC49496808782B46012232
:104970002146FDF727FEEDE738B50446B64890F826
:104980002300A04201D1002038BD14B13020009096
:1049900001E000200090B048807C20B19DF800002C
:1049A00040F002000090AC4890F8220020B19DF841
:1049B000000040F080000090A74A1268117DA64ACE
:1049C000526810786B460122FDF7ADFD10B14FF033
:1049D000FF30D9E7A04880F823400020D4E738B55D
:1049E000044604F0700010B10120009005E014B1FD
:1049F0000020009001E040200090974A1268917CCE
:104A0000954A526810786B460122FDF78CFD20B163
:104A1000002191488172481E38BD9DF8000020F0A9
:104A200040018D4801730020009004F0400020B93F
:104A30009DF8000040F00400009004F0200020B930
:104A40009DF8000040F00200009004F0100020B932
:104A50009DF8000040F00100009004F0080020B92B
:104A60009DF8000040F0380000907B4A1268D17C2D
:104A7000794A526810786B460122FDF754FD20B147
:104A8000002175488172481EC6E724B1082C02D067
:104A90000020FFF771FF70488472002101753220F9
:104AA000FDF7E1FB0020B7E738B504466A48807C93
:104AB000A04201D1002038BD002C46D0664A1268C1
:104AC0001179654A526810786B460122FDF77AFD2C
:104AD00010B14FF0FF30EEE79DF8000020F020000D
:104AE00000905D4A126811795B4A526810786B46F3
:104AF0000122FDF718FD10B14FF0FF30DBE7032076
:104B0000FDF7B1FB02200090534890F8220020B13D
:104B10009DF8000040F0800000904F4890F823007E
:104B200020B19DF8000040F0300000904A4A126821
:104B3000117D494A526810786B460122FDF7F3FC5B
:104B4000002851D04FF0FF30B5E7434A1268117981
:104B5000414A526810786B460122FDF733FD10B1CF
:104B60004FF0FF30A7E73C48807A00F0010028B101
:104B70009DF8000040F02000009004E09DF8000047
:104B800020F020000090344A12681179324A5268AD
:104B900010786B460122FDF7C6FC10B14FF0FF30D4
:104BA00089E70320FDF75FFB2B4890F8220010B146
:104BB0008020009001E000200090274890F823001A
:104BC00020B19DF8000040F030000090224A1268A9
:104BD000117D214A526810786B460122FDF7A3FC33
:104BE00010B14FF0FF3066E71B488474002062E785
:104BF00008B51948807A10B94FF0FF3008BD002081
:104C00000090154A1268D17B134A526810786B469F
:104C10000122FDF788FC10B14FF0FF30EEE70E4A9D
:104C2000126851790C4A526810786B460122FDF7E0
:104C30007AFC10B14FF0FF30E0E7074A12681179B3
:104C4000054A526810786B460122FDF76CFC28B1CA
:104C50004FF0FF30D2E70000BC010020F74890F889
:104C60002400002853D00C200090F44A12681179D7
:104C7000F24A526810786B460122FDF754FC10B1DD
:104C80004FF0FF30BAE73220FDF7EDFAC020009078
:104C9000EA48807A00F0010020B19DF8000040F061
:104CA00020000090E54A12681179E44A52681078B1
:104CB0006B460122FDF737FC10B14FF0FF309DE746
:104CC000DE48407C10B10220009001E000200090FE
:104CD000DA4A1268D17BD94A526810786B460122B1
:104CE000FDF721FC10B14FF0FF3087E70020009066
:104CF000D24A12685179D14A526810786B46012223
:104D0000FDF711FC002855D04FF0FF3076E7042066
:104D10000090CA4A12681179C84A526810786B46E6
:104D20000122FDF700FC10B14FF0FF3066E7C348E9
:104D3000807C20B9C148807A00F0010010B9402081
:104D4000009001E060200090BC4A12681179BB4AD3
:104D5000526810786B460122FDF7E5FB10B14FF069
:104D6000FF304BE73220FDF77EFAB448407C10B1AB
:104D70000120009001E000200090B04A1268D17B31
:104D8000AE4A526810786B460122FDF7CCFB10B199
:104D90004FF0FF3032E7A94A12685179A74A5268AA
:104DA0001078A64B10330122FDF7BDFB10B14FF078
:104DB000FF3023E7002021E770B50446002624F0E9
:104DC00001049E4890F8240008B1002070BD9B4863
:104DD000807A10B94FF0FF30F8E79848057C807A68
:104DE0002040964908740846007CA04202D04FF04B
:104DF000FF3600E0002614B99048007D18B101206C
:104E0000FFF730FD02E00020FFF72CFD3CB1FFF77B
:104E1000EFFE20B1894805744FF0FF30D6E73046E9
:104E2000D4E738B504468548807A10B94FF0FF3092
:104E300038BDBC2C02DB0120009015E0622C02DBA7
:104E40000220009010E02A2C02DB032000900BE0EF
:104E5000142C02DB0420009006E00A2C02DB052063
:104E6000009001E0062000907448C07A9DF8001080
:104E7000884201D10020DBE7704A126891786F4ABE
:104E8000526810786B460122FDF74DFB10B14FF0D0
:104E9000FF30CDE79DF800106848C1720020C7E7D9
:104EA00038B50446282C02DD4FF0FF3038BDDCB9A0
:104EB0000020FFF761FD00208DF8000007208DF82D
:104EC00001005E4A1268917C5C4A526810786B4619
:104ED0000222FDF728FB10B14FF0FF30E6E700217A
:104EE000564801750020E1E70120FFF745FD20202D
:104EF0008DF80000012C06D100208DF8010005205E
:104F0000FFF78FFF17E0052C06DC01208DF801006C
:104F10000520FFF786FF0EE0142C06DC02208DF83A
:104F200001000A20FFF77DFF05E003208DF8010056
:104F30001420FFF776FF9DF80100072101EB801098
:104F4000C0B28DF801003D4A1268917C3B4A52681C
:104F500010786B460222FDF7E6FA10B14FF0FF30F1
:104F6000A4E70821354881720021017301210175F0
:104F70000020FFF721FF002098E738B504462F48AE
:104F8000807A10B94FF0FF3038BD2C4890F82400DB
:104F900010B14FF0FF30F7E72848007D50B134B131
:104FA000282C04DCE0B2FFF77BFF0020ECE70020B8
:104FB000FFF776FF042C01DA042404E0B4F57A7FCD
:104FC00001DD4FF47A744FF47A7090FBF4F0401ED8
:104FD000C0B20090194A12685178184A5268107885
:104FE0006B460122FDF79FFA10B14FF0FF30CBE77F
:104FF0009DF80000401C4FF47A7191FBF0F081B2F3
:105000000E48C1810146C9894810FFF70AFF0020F8
:10501000BAE738B504460948807A10B94FF0FF3036
:1050200038BD022C06D0042C0AD0082C0BD0102C32
:105030000FD10BE0002000900EE00000BC0100202A
:105040000820009008E01020009005E01820009053
:1050500002E04FF0FF30E3E700BFF848407A9DF8E8
:105060000010B0EBE10F01D10020D9E7F34A12683C
:10507000D179F24A526810786B460122FDF753FA53
:1050800010B14FF0FF30CBE79DF80000C110EB48A6
:1050900041720020C4E738B50446E848807A10B968
:1050A0004FF0FF3038BDFA2C09D0B4F5FA7F09D0A3
:1050B000B4F57A7F09D0B4F5FA6F0CD108E000207E
:1050C00000900BE00820009008E01020009005E020
:1050D0001820009002E04FF0FF30E3E700BFD74810
:1050E000007A9DF80010B0EBE10F01D10020D9E764
:1050F000D24A12689179D14A526810786B460122DF
:10510000FDF711FA10B14FF0FF30CBE79DF800002A
:10511000C010CA4908720020C4E71CB580208DF871
:105120000000C64A1268917CC44A526810786B46E7
:105130000122FDF7F8F910B14FF0FF301CBD6420DB
:10514000FDF791F800208DF80000BC4A1268917CB0
:10515000BA4A526810786B460122FDF7E4F910B1A3
:105160004FF0FF30EAE7B54A1268917DB34A5268C2
:1051700010786B460622FDF725FA10B14FF0FF308C
:10518000DCE79DF80500C007400F9DF8031001F013
:10519000010140EA41009DF8011001F0010140EADF
:1051A00001048CB1012C03D10121A448C17430E069
:1051B000022C03D10021A148C1742AE0A0A0FFF76E
:1051C0000AFA4FF0FF30B9E79C4A1268D1789B4A3F
:1051D000526810786B460122FDF7F4F910B14FF0D8
:1051E000FF30ABE79DF8000000F00F042CB99E489B
:1051F000FFF7F1F94FF0FF30A0E7042C06D19BA098
:10520000FFF7E9F901218D48C17402E000218B48C4
:10521000C174FF2189488172FF2088490872FF21EB
:1052200086484172C1724FF6FF71C181FF2101743E
:1052300081740121017380F82210002180F823106D
:10524000417501751630016041608160163880F843
:10525000241080F82510C1844FF4FA60FFF71BFF7B
:1052600010B14FF0FF3069E70220FFF7D2FE10B116
:105270004FF0FF3062E72A20FFF7D3FD10B14FF067
:10528000FF305BE73220FFF778FE10B14FF0FF30C0
:1052900054E70020FFF790FD10B14FF0FF304DE7CD
:1052A0000020FFF701FC10B14FF0FF3046E700206F
:1052B000FFF795FB002041E77CB504460D465F48AB
:1052C000807A00F0700010B94FF0FF307CBD5B4A6F
:1052D0001268117B594A526810786B460622FDF716
:1052E00071F910B14FF0FF30F0E79DF801009DF823
:1052F000001040EA012000B220809DF803009DF8D4
:10530000021040EA012000B260809DF805009DF87F
:10531000041040EA012000B2A08015B12846FCF735
:10532000AEFF0020D2E77CB504460D464348807AA4
:1053300000F0080010B94FF0FF307CBD3F4A126802
:10534000517B3E4A526810786B460622FDF73AF9C7
:1053500010B14FF0FF30F0E79DF801009DF800100C
:1053600040EA012000B220809DF803009DF8021061
:1053700040EA012000B260809DF805009DF804100D
:1053800040EA012000B2A08015B12846FCF777FF63
:105390000020D2E72DE9FE4F05460C462748807ACB
:1053A00018B94FF0FF30BDE8FE8F244A1268917B98
:1053B000224A5268107802AB0222FDF703F910B1BD
:1053C0004FF0FF30EFE79DF809009DF8081040EA24
:1053D000012006B214B12046FCF751FF1749496875
:1053E000C88802F0B6FB154901904968B1F9080078
:1053F00002F0A6FB8346304602F0A2FB594600901D
:1054000002F0A0F98246019902F0D4F981461F49C1
:1054100002F046F980464FF08F4102F099F90746B5
:1054200002F0ADFB28600020BDE710B588B004464F
:105430001CB94FF0FF3008B010BD29E0BC010020BE
:10544000556E737570706F7274656420736F6674D7
:10545000776172652070726F64756374207265760F
:105460002025642E0A00000038A6000848616C66FA
:105470002073656E736974697669747920706172DE
:105480007420666F756E642E0A00000000000C42E6
:10549000206830B9606820B9A06810B9002008B051
:1054A00010BDFA494968087806AB03221146FDF79A
:1054B00089F810B14FF0FF30F1E79DF8180008218E
:1054C00001EB201000F00F00ADF800009DF819006E
:1054D00001EB201000F00F00ADF802009DF81A005B
:1054E00001EB201000F00F00ADF80400206841002F
:1054F000BDF90000403091FBF0F000B2ADF81000B3
:1055000060684100BDF90200403091FBF0F000B24C
:10551000ADF81200A0684100BDF90400403091FBD5
:10552000F0F000B2ADF81400D8494968087806AB2D
:1055300006221146FDF746F810B14FF0FF30AEE7F6
:105540009DF819009DF8181040EA012000B2ADF84E
:1055500008009DF81B009DF81A1040EA012000B2D7
:10556000ADF80A009DF81D009DF81C1040EA0120CE
:1055700000B2ADF80C00BDF81000BDF808100844EA
:1055800000B2ADF81000BDF81200BDF80A100844D2
:1055900000B2ADF81200BDF81400BDF80C100844BC
:1055A00000B2ADF81400BDF81000000A8DF8180024
:1055B000BDF81000C0B28DF81900BDF81200000A45
:1055C0008DF81A00BDF81200C0B28DF81B00BDF8AE
:1055D0001400000A8DF81C00BDF81400C0B28DF84C
:1055E0001D00AA494968087806AB06221146FCF757
:1055F0009AFF10B14FF0FF3051E700204FE701460E
:10560000A248007A30B1012807D0022809D0032827
:105610000FD10AE0FA2008800EE04FF4FA700880FB
:105620000AE04FF47A70088006E04FF4FA600880D0
:1056300002E00020088000BF00BF00207047014644
:105640009248407A30B1012807D0022808D00328B8
:105650000CD108E0022008700BE00420087008E07C
:105660000820087005E01020087002E04FF0FF30BD
:10567000704700BF8548C07C18B108784006000E0E
:1056800008700020F4E701468048C07A082817D245
:10569000DFE800F01704070A0D101318BC2008807B
:1056A00013E06220088010E02A2008800DE014201A
:1056B00008800AE00A20088007E00520088004E04E
:1056C00000BF00BF0020088000BF00BF002070475F
:1056D00001466E4890F8240010B14FF0FF3070473B
:1056E0006A48C08908800020F9E701460020088048
:1056F000401E704701464FF0FF3070470146634837
:10570000007A30B1012807D0022808D003280CD134
:1057100008E05F4808600BE05E48086008E05E480B
:10572000086005E05D48086002E04FF0FF30704718
:1057300000BF0020FBE701465448407A30B1012801
:1057400008D002280AD0032810D10BE04FF4804083
:1057500008800EE041F69C7008800AE04FF480500B
:10576000088006E04FF40060088002E04FF0FF3050
:10577000704700BF4548C07C10B1088840100880C1
:105780000020F5E701464148007C08700020704782
:1057900001463E48807A10B10120087001E00020E7
:1057A00008700020704738B504463848807A10B930
:1057B0004FF0FF3038BD354A1268117C334A5268C9
:1057C00010786B460222FCF7FDFE10B14FF0FF305F
:1057D000F0E79DF801009DF8001040EA012000B2BA
:1057E00020800020E6E72DE9FE4F074688469246D6
:1057F0001D46DDF830B000260024244890F824002F
:1058000010B1601EBDE8FE8F002028701F48807A0E
:1058100010B94FF0FF30F5E71C48007C10B94FF08D
:10582000FF30EFE71948007C00F0400008B1B01CE1
:10583000C6B21648007C00F0200008B1B01CC6B209
:105840001248007C00F0100008B1B01CC6B20F482E
:10585000007C00F0080008B1B01DC6B20B4A126807
:10586000917A0A4A526810786B460222FCF7AAFE27
:1058700010B14FF0FF30C5E79DF801009DF8001012
:1058800040EA0129B1450BDA0020BBE7BC0100204A
:105890000000034300008342333303423333834128
:1058A000FC4840684088B9EB600F17DDF94A126880
:1058B000517CF84A526810786B460122FCF782FE50
:1058C00010B14FF0FF309DE79DF8000000F0100090
:1058D00020B1FFF78DF96FF0010093E75046FCF718
:1058E000CEFCEC4A1268D17AEA4A526810786B46CC
:1058F0003246FCF767FE10B14FF0FF3082E799FBAC
:10590000F6F0401E8BF8000000202870B4422AD028
:10591000E048007C00F0080028B3601C1DF800007F
:105920001DF8041040EA012000B2A8F80000E01CB5
:105930001DF80010A01C1DF8000041EA002000B274
:10594000A8F80200601D1DF80010201D1DF80000C1
:1059500041EA002000B2A8F80400287840F00800CE
:105960002870A01D84B2B44213D0CA48007C00F055
:10597000400070B1601C1DF800001DF8041040EAE2
:10598000012000B23880287840F040002870A01C28
:1059900084B2B44213D0BF48007C00F0200070B144
:1059A000601C1DF800001DF8041040EA012000B240
:1059B0007880287840F020002870A01C84B2B4427F
:1059C00013D0B448007C00F0100070B1601C1DF8CA
:1059D00000001DF8041040EA012000B2B8802878C9
:1059E00040F010002870A01C84B200200AE7F8B52F
:1059F00004460F461646A74890F8240010B94FF009
:105A0000FF30F8BDA348807A10B94FF0FF30F8E7B7
:105A1000A04A1268917A9F4A526810786B46022217
:105A2000FCF7D0FD10B14FF0FF30EAE79DF8010020
:105A30009DF8001040EA0125A54203DA00203070ED
:105A4000401EDEE7934840684088B5EB600F17DDE5
:105A5000904A1268517C8F4A526810786B46012236
:105A6000FCF7B0FD10B14FF0FF30CAE79DF8000021
:105A700000F0100020B1FFF7BBF86FF00100C0E7A5
:105A8000E2B2844B1B68D97A824B5B6818783B463C
:105A9000FCF798FD10B14FF0FF30B2E795FBF4F042
:105AA000401E30700020ACE701467A4880F8221092
:105AB000002070477CB5054676494968087801ABF7
:105AC00004220D21FCF77EFD08B107207CBD9DF866
:105AD0000700C0F301109DF8041001F0E00140EA56
:105AE000E1008DF800009DF80700C0F381009DF8EB
:105AF000051001F0E00140EAE1008DF801009DF899
:105B0000070000F003009DF8061001F0E00140EAF4
:105B1000E1008DF8020000241CE01DF8040018B913
:105B2000002045F8240013E05B4845F8240006E017
:105B300055F82400594901F00BFE45F824001DF8E2
:105B40000400401EC0B20DF804000028F0D100BFD0
:105B5000601CC4B2032CE0DB0020B7E72DE9FE4F48
:105B600006460F4600256846FFF7A4FF002442E0E2
:105B700056F8240057F82410A0EB010ABAF1000FE0
:105B800001DB514601E0CAF10001084601F0D8FFEF
:105B900083464FF08F4101F00DFE80465DF82400F2
:105BA000002102F061F816D05DF82410404601F0A3
:105BB00001FE82464FF07E5101F0C4FD814629F07E
:105BC000004A3748416A504602F058F812D2012084
:105BD000A04005430EE03248C169404602F044F857
:105BE00005D32F48016A404602F048F802D201204E
:105BF000A0400543641C032CBADB2846BDE8FE8F99
:105C00002DE9FC5F06460F460025224949680878C1
:105C100001AB03220D21FCF7D5FC10B10720BDE834
:105C2000FC9F9DF8040000F01F008DF804009DF813
:105C3000050000F01F008DF805009DF8060000F03B
:105C40001F008DF80600002462E056F8240057F883
:105C50002410A0EB010BBBF1000F01DB594601E062
:105C6000CBF10001084601F06BFF4FF08F4100902F
:105C700001F0A0FD814601A8005DC0B30849086895
:105C800001F067FF83465946064801F093FD8046C0
:105C90000FE00000BC0100207B14AE3E1D5A843F83
:105CA0000898000800B04C45FE49404601F050FD00
:105CB000804601A8005D401EC0B201A90855002819
:105CC000F2D14146484601F075FD83464FF07E51C2
:105CD00001F038FD82462AF0004BF34881695846AE
:105CE00001F0CCFF13D20120A04005430FE0FFE7F5
:105CF000ED480169484601F0B7FF05D3EA4841691C
:105D0000484601F0BBFF02D20120A0400543641CBD
:105D1000032C9ADB284682E72DE9F04F87B0054631
:105D20000C46914601208DF8100000208DF81100DE
:105D3000DE4A1268917CDD4A5268107804AB022278
:105D4000FCF7F1FB20B14FF0FF3007B0BDE8F08F5A
:105D5000C820FCF788FA00208DF81000D34A12689A
:105D6000D17BD24A5268107804AB0122FCF7DBFBEE
:105D700010B14FF0FF30E8E7CC4A12685179CB4AB6
:105D80005268107804AB0122FCF7CDFB10B14FF044
:105D9000FF30DAE7C54A1268917CC44A526810782D
:105DA00004AB0122FCF7BFFB10B14FF0FF30CCE792
:105DB000BE4A1268D17DBD4A5268107804AB0122F8
:105DC000FCF7B1FB10B14FF0FF30BEE7B74A1268E5
:105DD0001179B64A5268107804AB0122FCF7A3FB94
:105DE00010B14FF0FF30B0E70C208DF81000AF4A33
:105DF00012681179AD4A5268107804AB0122FCF7A1
:105E000092FB10B14FF0FF309FE70F20FCF72BFA09
:105E1000A648806A407A8DF81000A44A12689178EA
:105E2000A24A5268107804AB0122FCF77CFB10B147
:105E30004FF0FF3089E79D48806A007A8DF81000A6
:105E40009A4A12685178994A5268107804AB012234
:105E5000FCF769FB10B14FF0FF3076E7B9F1000FA6
:105E600007D09248806A807A40F0E0008DF81000F8
:105E700004E08E48806A807A8DF810008B4A1268A0
:105E800091798A4A5268107804AB0122FCF74BFBE7
:105E900010B14FF0FF3058E7B9F1000F07D0834839
:105EA000806AC07A40F0E0008DF8100003E07E4880
:105EB000C07A8DF810007D4A1268D1797B4A526809
:105EC000107804AB0122FCF72EFB10B14FF0FF302D
:105ED0003BE7B9F1000F02D0C820FCF7C4F940201D
:105EE0008DF81000714A12681179704A5268107862
:105EF00004AB0122FCF717FB10B14FF0FF3024E791
:105F000078208DF81000694A12685179674A526802
:105F1000107804AB0122FCF706FB10B14FF0FF3004
:105F200013E761498889FCF79EF900208DF810007D
:105F30005E4A126851795D4A5268107804AB0122BA
:105F4000FCF7F1FA10B14FF0FF30FEE6574A126845
:105F5000917A564A5268107804AB0222FCF732FB61
:105F600010B14FF0FF30F0E69DF811009DF81010D1
:105F700040EA012B0C209BFBF0F0C6B20020A86089
:105F800068602860A06060602060824665E0474AE3
:105F90001268D17A454A5268107804AB0C22FCF79B
:105FA00011FB10B14FF0FF30CFE69DF811009DF8C6
:105FB000101040EA012000B2ADF808009DF813006F
:105FC0009DF8121040EA012000B2ADF80A009DF8D9
:105FD00015009DF8141040EA012000B2ADF80C0045
:105FE000BDF90810206808442060BDF90A106068F7
:105FF00008446060BDF90C10A0680844A0609DF8DA
:1060000017009DF8161040EA012000B2ADF800001C
:106010009DF819009DF8181040EA012000B2ADF873
:1060200002009DF81B009DF81A1040EA012000B202
:10603000ADF80400BDF90010286808442860BDF9D7
:106040000210686808446860BDF90410A868084434
:10605000A8600AF1010000F0FF0AB24597DB124880
:10606000D0F800C02868C117090441EA10410704AC
:1060700062460023384601F0A5FA32460023CDE9F6
:10608000020101F09FFA28600748D0F800C0686854
:10609000C117090441EA104107046246002338464B
:1060A00006E0000054E3853F08980008BC0100208A
:1060B00001F088FA32460023CDE9020101F082FAAC
:1060C0006860FE48D0F800C0A868C117090441EA1A
:1060D0001041070462460023384601F073FA324645
:1060E0000023CDE9020101F06DFAA860F348D0F871
:1060F00004C02168C817000440EA11480F04624632
:1061000000233846414601F05DFA32460023CDE9CE
:10611000020101F057FA2060E848D0F804C0606836
:10612000C117090441EA10410704624600233846BA
:1061300001F048FA32460023CDE9020101F042FAAB
:106140006060DE48D0F804C0A068C117090441EAC5
:106150001041070462460023384601F033FA324604
:106160000023CDE9020101F02DFAA060A06800280B
:1061700004DDA068A0F58030A06003E0A06800F511
:106180008030A0600020E0E538B50446CC4890F8A7
:106190002400A04201D1002038BD24B3C84890F8A3
:1061A000250010B94FF0FF30F6E70020FEF75AFB4C
:1061B0000020FEF779FCC249C88CFEF7DEFE002005
:1061C0000090BF49496808786B4601222321FCF7FB
:1061D000AAF90121BA4880F824100120FEF742FBF9
:1061E000FEF706FD13E00020FEF73CFBB448007C00
:1061F0000090B349496808786B4601222321FCF7D7
:1062000092F90021AE4880F82410FEF7F1FC00203E
:10621000C2E72DE9F04F8DB083460F4602200C9067
:10622000A74890F8240020B10020FFF7ADFF012619
:1062300000E0002603A8FFF7E2F905A8FFF7FFF941
:1062400001A8FFF720FA02A8FFF742FA9C4890F84D
:106250000AA004A8FFF796FA002407E000223946B6
:106260005846FFF759FD00B902E0641C022CF5DB2B
:1062700000BF022C01D1002528E0002407E0012204
:1062800006A909A8FFF748FD00B902E0641C022C2A
:10629000F5DB00BF022C01D1002517E006A9384626
:1062A000FFF75CFC00F0FF0809A95846FFF7A8FCBF
:1062B00000F0FF090025B9F1000F01D145F00105FB
:1062C000B8F1000F01D145F0020500BFFF207C4965
:1062D0000872FF217A484172C1724FF6FF71C18185
:1062E000FF218172017401210173BDF80C00FEF7DA
:1062F000D2FE9DF81400FEF78CFEBDF80400FEF7F8
:1063000090FDBDF80800FEF738FE5046FEF767FB2B
:106310009DF81000FEF750FD16B10120FFF734FF85
:1063200028460DB0BDE8F08FF8B504460D46164678
:1063300016B94FF0FF30F8BD6148807A10B94FF0C0
:10634000FF30F8E720128DF80000E0B28DF8010070
:106350009DF8010028445A4949684989884202DD6C
:106360004FF0FF30E7E7564A1268117E544A5268F0
:1063700010786B460222FCF7D6F810B14FF0FF30D0
:10638000D9E7EAB24E4B1B68597D4D4B5B681878D4
:106390003346FCF7C8F810B14FF0FF30CBE70020D0
:1063A000C9E7F8B504460D46164616B94FF0FF305A
:1063B000F8BD4348807A10B94FF0FF30F8E720125B
:1063C0008DF80000E0B28DF801009DF8010028442E
:1063D0003B4949684989884202DD4FF0FF30E7E7D1
:1063E000374A1268117E364A526810786B4602228C
:1063F000FCF799F810B14FF0FF30D9E7EAB2304B13
:106400001B68597D2E4B5B6818783346FCF7DAF829
:1064100010B14FF0FF30CBE70020C9E72DE9F04382
:1064200085B005460E4690469946254890F82500C9
:1064300020B14FF0FF3005B0BDE8F08316B94FF042
:10644000FF30F8E7002423E0281B102801DD10208E
:1064500000E0281B87B2321939462046FFF764FF57
:1064600010B14FF0FF30E6E701AA39462046FFF7AA
:1064700098FF10B14FF0FF30DDE730193A4601A91F
:1064800001F001F910B16FF00100D4E7E01984B216
:10649000AC42D9DB4FEA28208DF8000008F0FF005D
:1064A0008DF80100064A1268917E054A52681078FC
:1064B0006B460222FCF737F838B103E00898000871
:1064C000BC0100204FF0FF30B5E701218A4880F879
:1064D0002510A0F826900020ADE70146864890F8E8
:1064E000240008700020704702464FF0FF307047CC
:1064F00001464FF0FF307047F8B505460F46144689
:10650000002C70D0B5F5FF5F01DDFF2605E0202DE2
:1065100001DA012601E0C5F3471607B90127282C47
:1065200002DD4FF0FF30F8BD7348407D28BB724854
:1065300090F8240038B10020FFF726FE01216E48B4
:1065400080F8201003E000216B4880F820106A4892
:106550001630FFF754F868481830FFF770F86648AF
:106560001A30FFF790F864481C30FFF7B1F8624822
:10657000817A81771F30FFF705F90020FEF772F965
:106580000020FEF78DFC00208DF800005A4A1268AA
:106590009178594A526810786B460122FBF7C3FF85
:1065A00010B14FF0FF30BEE740208DF80000524A96
:1065B0001268D17B504A526810786B460122FBF773
:1065C000B2FF00B165E08DF800608DF801704A4AB5
:1065D0001268117A484A526810786B460222FBF71B
:1065E000A2FF08B155E047E00520FBF73CFE42481A
:1065F000407A072101EBC000C0B28DF800003E4A8E
:106600001268D1793C4A526810786B460122FBF738
:106610008AFF00B13DE020208DF80000012C03D15D
:1066200000208DF801000EE0052C03DC01208DF820
:10663000010008E0142C03DC02208DF8010002E0C8
:1066400003208DF801009DF80100072101EB801067
:10665000C0B28DF80100284A1268917C264A52681F
:1066600010786B460222FBF75EFF00B111E00121BA
:1066700021484175002056E71F4A1632002103E0E9
:10668000505C00B105E0491C0C29F9D34FF0FF30F4
:1066900049E7FF2018490872FF2117484172C1726B
:1066A0004FF6FF71C181FF218172017401210173D5
:1066B0000146887FFEF793F90F49C88AFEF7EBFC85
:1066C0000D49087EFEF7A5FC0B49488BFEF7A9FB98
:1066D0000949888BFEF751FC0749C87FFEF76CFB20
:1066E000054890F8200010B10120FFF74DFD002172
:1066F00001484175002016E7BC01002010B5C823F1
:106700004FF48062F74940F6F630FFF787FE10BD80
:1067100010B586B00446F4A000680390F3A00068AA
:106720000290F3A000680190F2A00068009004F0CD
:10673000030003A9085C8DF8140003A8C4F3C10189
:10674000405C8DF8150003A8C4F38111405C8DF8FE
:10675000160004F0030002A9085C8DF8100002A8DE
:10676000C4F3C101405C8DF8110002A8C4F381118B
:10677000405C8DF8120005AA032140F22640FFF785
:10678000D3FD18B14FF0FF3006B010BD04AA0321AD
:1067900040F22A40FFF7C8FD10B14FF0FF30F3E799
:1067A000019805900098049004F0040058B19DF8F9
:1067B000140040F001008DF814009DF8100040F026
:1067C00001008DF8100004F0200058B19DF815006C
:1067D00040F001008DF815009DF8110040F0010017
:1067E0008DF8110004F4807058B19DF8160040F047
:1067F00001008DF816009DF8120040F001008DF8A0
:10680000120005AA03214FF48860FFF78DFD10B137
:106810004FF0FF30B8E704AA032140F23140FFF700
:1068200083FD10B14FF0FF30AEE7B3480481002084
:10683000AAE71FB50446B048007A00F0030054F8F8
:1068400020000190AC48007A00F0040010B10198DB
:1068500040420190A848007AC0F3C10054F82000DB
:106860000290A548007A00F0200010B10298404242
:106870000290A148007AC0F3811054F820000390E0
:106880009D48008900F4807010B103984042039045
:106890009A49019880FB0101800F40EA8100019034
:1068A0009649029880FB0110820042EA91700290A2
:1068B0009249039880FB0110820042EA9170039094
:1068C0000198000E8DF800000198000C8DF8010071
:1068D0000198000A8DF802000198C0B28DF80300FB
:1068E0006A4604214FF47470FFF71EFD18B14FF093
:1068F000FF3004B010BD0298000E8DF80000029821
:10690000000C8DF801000298000A8DF80200029830
:10691000C0B28DF803006A4604214FF47570FFF78A
:1069200003FD10B14FF0FF30E3E70398000E8DF840
:1069300000000398000C8DF801000398000A8DF800
:1069400002000398C0B28DF803006A4604214FF498
:106950007670FFF7E9FCCCE770B588B0064601A871
:10696000FEF7E9FEBDF804000021C90341EA5045E5
:10697000C4036148007A00F0030056F82000059037
:106980005D48007A00F0040010B10598404205907F
:106990005948007AC0F3C10056F8200006905648C6
:1069A000007A00F0200010B106984042069052484C
:1069B000007AC0F3811056F8200007904E480089F5
:1069C00000F4807010B10798404207900598C117F5
:1069D000A0FB042301FB043100FB0510810041EA08
:1069E000927005900698C117A0FB042301FB0431A7
:1069F00000FB0510810041EA927006900798C117CC
:106A0000A0FB042301FB043100FB0510810041EAD7
:106A1000927007900598000E8DF808000598000CFC
:106A20008DF809000598000A8DF80A000598C0B293
:106A30008DF80B000698000E8DF80C000698000CDF
:106A40008DF80D000698000A8DF80E000698C0B269
:106A50008DF80F000798000E8DF810000798000CB5
:106A60008DF811000798000A8DF812000798C0B23F
:106A70008DF8130002AA0C214FF42570FFF754FC87
:106A800008B070BD30B585B004461DA207CA02AB80
:106A900007C3C82C03DD4FF0FF3005B030BDC82060
:106AA00090FBF4F0401E85B2280A8DF80000E8B291
:106AB0008DF801006A46022140F21620FFF734FCEF
:106AC00010B14FF0FF30E8E702AA0C2140F6C120D8
:106AD000FFF72AFC10B14FF0FF30DEE70648848153
:106AE0000020DAE7309800084CCD6C000CC92C006F
:106AF00036567600264666006003002009E3CA0287
:106B0000FEF2ABC4AAF1DFDFBBAFDFDF0146FC481A
:106B100080890880002070472DE9FC4706460F4613
:106B200006F0070010B1B7F5C86F03DD4FF0FF3076
:106B3000BDE8FC87384601F00CF88146F14900F0C9
:106B400039FE80466846FEF77AFD9DF8000002286F
:106B500006D0042816D0082826D0102848D135E0C1
:106B60004FF08D41404600F0F3FD814601F020F8E2
:106B700084B2E549404600F0EBFD814601F018F88B
:106B800085B238E04FF08C41404600F0E1FD81468F
:106B900001F00EF884B2DD49404600F0D9FD81468F
:106BA00001F006F885B226E04FF08B41404600F038
:106BB000CFFD814600F0FCFF84B2D549404600F08D
:106BC000C7FD814600F0F4FF85B214E04FF08A4122
:106BD000404600F0BDFD814600F0EAFF84B2CD4999
:106BE000404600F0B5FD814600F0E2FF85B202E0CC
:106BF0004FF0FF309CE700BF20128DF80400E0B298
:106C00008DF8050028128DF80600E8B28DF807000F
:106C100006F00100A0B101AA02214FF4EA70FFF7CB
:106C200083FB10B14FF0FF3082E70DF10602022125
:106C30004FF49270FFF778FB10B14FF0FF3077E719
:106C400006F00200A0B101AA02214FF4EC70FFF798
:106C50006BFB10B14FF0FF306AE70DF10602022125
:106C60004FF49470FFF760FB10B14FF0FF305FE717
:106C700006F00400A0B101AA02214FF4EE70FFF764
:106C800053FB10B14FF0FF3052E70DF10602022125
:106C90004FF49670FFF748FB10B14FF0FF3047E715
:106CA000002045E738B504460020009004F00100BC
:106CB00020B19DF8000040F03000009004F0020088
:106CC00020B19DF8000040F00C00009004F004009A
:106CD00020B19DF8000040F0030000906A460121B9
:106CE0004FF4A470FFF720FB38BD38B50446012CE3
:106CF00001DA012402E0042C00DD0424601EC0B28D
:106D000000906A46012140F24F10FFF70DFB38BD9D
:106D100038B50446052094FBF0F085B228128DF8B2
:106D20000000E8B28DF801006A4602214FF4EF70CE
:106D3000FFF7FAFA38BD38B50446052094FBF0F0A9
:106D400085B228128DF80000E8B28DF801006A467D
:106D500002214FF4ED70FFF7E7FA38BDF8B50546AC
:106D60000E464FF47A7095FBF0F000FB06F4200E0F
:106D70008DF80000200C8DF80100200A8DF802002B
:106D8000E0B28DF803006A4604214FF4AE70FFF7BD
:106D9000CBFAF8BD38B50446052094FBF0F084B278
:106DA00020128DF80000E0B28DF801006A46022141
:106DB0004FF4AD70FFF7B8FA38BD38B5044605207A
:106DC00094FBF0F084B220128DF80000E0B28DF850
:106DD00001006A4602214FF4AC70FFF7A5FA38BDF6
:106DE00038B5044614B94FF0FF3038BD6A46042167
:106DF0004FF45870FFF7D5FA10B14FF0FF30F4E7B9
:106E00009DF8000000069DF8011040EA01409DF841
:106E1000021040EA01209DF8031008432060002082
:106E2000E3E738B50446200E8DF80000200C8DF8FD
:106E30000100200A8DF80200E0B28DF803006A46D6
:106E400004214FF45870FFF76FFA38BD38B5044687
:106E500014B94FF0FF3038BD6A4604214FF4717009
:106E6000FFF79FFA10B14FF0FF30F4E79DF80000F4
:106E700000069DF8011040EA01409DF8021040EA2A
:106E800001209DF80310084300EB80008000206083
:106E90000020E0E738B504461420B4FBF0F4200EDF
:106EA0008DF80000200C8DF80100200A8DF80200FA
:106EB000E0B28DF803006A4604214FF47170FFF7C9
:106EC00033FA38BD38B5044664B120208DF800008F
:106ED00028208DF8010030208DF8020038208DF830
:106EE000030004E0A3220421684600F0AEFB6A46DA
:106EF000042140F69E20FFF717FAFDF779FE38BD12
:106F00006003002000004843000040460000C045E8
:106F1000000040450000C04438B5044664B1C020BC
:106F20008DF80000C2208DF80100C4208DF8020009
:106F3000C6208DF8030004E08B220421684600F08F
:106F400084FB6A46042140F69820FFF7EDF9FDF72F
:106F50004FFE38BD3EB504466CB1FDA1D1E900201D
:106F60008968CDE9002002916A4609214FF49760B3
:106F7000FFF7DAF93EBDF9A2D2E900109268CDE937
:106F8000010200916A4609214FF49760FFF7CCF99E
:106F9000F0E73EB5044602208DF80000CA208DF8C7
:106FA0000100E3208DF8020009208DF803006A46F5
:106FB00004216820FFF7B8F9A3208DF8000004F041
:106FC000400048B1C0208DF80100C8208DF80200B3
:106FD000C2208DF8030006E0A3208DF801008DF893
:106FE00002008DF8030004F4C07048B1C4208DF88D
:106FF0000400CC208DF80500C6208DF8060006E0C0
:10700000A3208DF804008DF805008DF80600A3205C
:107010008DF807008DF808008DF809006A460A21EE
:1070200040F6A720FFF780F904F0030018B12020F4
:107030008DF8000002E0D8208DF800006A4601219A
:1070400040F6B620FFF770F904F0200018B10120D7
:10705000FFF780FF02E00020FFF77CFF04F4C07020
:1070600008B304F4807060B1B2208DF800008B206A
:107070008DF80100B6208DF802009B208DF80300EA
:107080000BE0B0208DF8000080208DF80100B420C6
:107090008DF8020090208DF803006A46042140F626
:1070A000A220FFF741F904F0010020B3F8208DF889
:1070B00000006A4601214FF40B60FFF735F9FA2111
:1070C0000720FFF729FD0720FFF7ECFD0120FFF760
:1070D0000CFE6420FFF71CFE4FF4FA70FFF72BFE46
:1070E000C821A148FFF73AFE2820FFF753FE0A20E7
:1070F000FFF763FE08E0D8208DF800006A46012102
:107100004FF40B60FFF710F904F0020018B1D9201A
:107110008DF8000002E0D8208DF800006A460121B9
:1071200040F23D70FFF700F904F0040018B10120AF
:10713000FFF7F2FE02E00020FFF7EEFE04F0100081
:1071400018B10120FFF7BEFE02E00020FFF7BAFEF3
:1071500044F0080085494881FDF74AFD0020834935
:10716000887304F0400018B10846807B801D887346
:1071700004F4C07020B17D48807B801D7B498873FA
:1071800004F0140020B17948807B1030774988736F
:1071900004F0030020B17548807B001D734988739B
:1071A00000203EBD0146714840890880002070479C
:1071B0002DE9F0410446E07800F0C006E07800F0E8
:1071C0003F05607800F0010098B1EF102846E917FC
:1071D00005EB5171C910A5EBC101491C01F0FF0875
:1071E0006248006820B161484146026838469047CD
:1071F00000BF607800F0080030B15C48406818B10A
:10720000B0115A4A516888470020BDE8F08110B596
:1072100086B0044656A207CA03AB07C357A207CAE3
:107220008DE80700012C09D0022C0ED103AA0B21F6
:1072300040F68220FFF778F806B010BD6A460B21B1
:1072400040F68220FFF770F8F6E74FF0FF30F3E7E3
:107250002DE9F04F8DB00746884615469946DDE981
:10726000166B0024002030804049887B5A4605A9CF
:10727000FEF7BDFB18B1601E0DB0BDE8F08F3B48B6
:10728000807A00F01400002861D09DF814000006F8
:107290009DF8151040EA01409DF8161040EA0120C3
:1072A0009DF81710084328609DF8180000069DF807
:1072B000191040EA01409DF81A1040EA01209DF89B
:1072C0001B10084368609DF81C0000069DF81D1007
:1072D00040EA01409DF81E1040EA01209DF81F1071
:1072E0000843A8609DF8200000069DF8211040EAA0
:1072F00001409DF8221040EA01209DF82310084328
:10730000E86004F11000C4B22868001401906868B5
:1073100000140290A86800140390E8680014049018
:1073200001984043029901FB0100039901FB010010
:10733000049901FB010ABAF1706F02DBBAF1885FB0
:1073400022DDFDF755FC00203080401E94E721E04F
:10735000B8AAB38DB4980D355D000000B8AAAAAAEA
:10736000B088C3C5C700000009E3CA02600300205B
:10737000D8B1B9F38BA391B609B4D900DAB1B9F396
:107380008BA391B6DAB4DA00B6F9000040F480704D
:10739000308000BF7848807A00F0400020B305A913
:1073A000601C085C095D40EA012000B2A8F80000FA
:1073B00005A9E01C095C05AAA01C105C41EA00209C
:1073C00000B2A8F8020005A9601D095C201D105C30
:1073D00041EA002000B2A8F80400A01DC4B2B6F92A
:1073E000000040F0080030806348408900F4C0701D
:1073F00008B305A9601C085C095D40EA012000B2E1
:10740000388005A9E01C095C05AAA01C105C41EAB3
:10741000002000B2788005A9601D095C201D105C69
:1074200041EA002000B2B880A01DC4B2B6F9000045
:1074300040F0700030805048807A00F0030018B1AE
:1074400005A90819FFF7B4FE4846FAF718FF00200F
:1074500012E701464848016000207047014646484F
:10746000416000207047014691F90020002A01DDAB
:1074700000201EE091F90020002A01DA042018E023
:1074800091F90120002A01DD012012E091F901208B
:10749000002A01DA05200CE091F90220002A01DD22
:1074A000022006E091F90220002A01DA062000E01D
:1074B0000720704770B505462846FFF7D4FF0446FD
:1074C000E81CFFF7D0FF44EAC00084B2A81DFFF714
:1074D000CAFF44EA801084B2204670BD70B588B0FF
:1074E00002A905A8FEF795FE0446032C3FD101A88A
:1074F000FEF704F9059800F023FB0646019900F019
:1075000027F9054600F03BFB0590069800F018FBB4
:107510000646019900F01CF9054600F030FB069084
:10752000079800F00DFB0646019900F011F9054699
:1075300000F025FB079005A8FFF77BF96846FEF7EA
:10754000FAF8BDF80010029848430290BDF8001008
:10755000039848430390BDF80010049848430490F2
:1075600002A8FFF7F9F905A0FDF735F802E00CA035
:10757000FDF731F808B070BD6003002073657474C6
:10758000696E6720626961732073756363657366F2
:10759000756C6C79202E2E2E2E2E2E0A00000000E7
:1075A0006269617320686173206E6F742062656523
:1075B0006E206D6F646966696564202E2E2E2E2EF6
:1075C0002E0A00002DE9F0410024061B254671F12A
:1075D000000605DA01240027D0EB070067EB010164
:1075E000161E73F1000605DA0027D2EB070201250B
:1075F00067EB030300F062FB86460E4617469C4687
:10760000AC4204D00025D0EB050E65EB010624B199
:107610000020D2EB000760EB030C704631463A467F
:107620006346BDE8F08140EA01039B0703D009E00F
:1076300008C9121F08C0042AFAD203E011F8013B5E
:1076400000F8013B521EF9D27047D2B201E000F8B7
:10765000012B491EFBD270470022F6E710B51346F6
:107660000A4604461946FFF7F0FF204610BD421EA9
:1076700012F8013F002BFBD111F8013B02F8013B4E
:10768000002BF9D1704730B504460020034600E0D6
:107690005B1C934203D2E05CCD5C401BF8D030BD54
:1076A000F0B480EA0102D40F4200B2EB410F02D2E3
:1076B0000246084611464A0042D0C30DDDB2C1F36E
:1076C000C752AD1A202D35DAC1F3160141F400027C
:1076D00004B15242C5F1200602FA06F12A411044D3
:1076E000B3EBD05F23D0C4B1012DA0EBC35009DCB4
:1076F000F0BC4FF0004202EAC352DBB200F50000DA
:1077000000F037BB400000F1807000EBC350A0F1E7
:10771000807040EAD170490009E0490841EAC0712F
:10772000A0EBC35000F50000400800EBC350F0BCD4
:1077300000F016BB6142012202EB4101001BF6E79B
:10774000F0BC704781F00041AAE780F00040A7E755
:1077500080EA010210B502F00043400022D04A0046
:107760001FD0010E01EB1261C0F35600C2F35602A6
:1077700040F4000042F40002A0FB022000047F3924
:10778000140400D0401C50EA124001D44000491EAD
:10779000C2B20C0604EBD010401C4008802A02D074
:1077A00003E0002010BD20F00100002900DA0020D5
:1077B000184310BD30B480EA010202F0004530F0F9
:1077C000004221F0004013D090B1C30DD40DC2F39C
:1077D0001601C0F31600E41A41F4000140F400025F
:1077E0007D34914201D3641C00E04900002C02DA90
:1077F00030BC002070474FF400000023914201D3B9
:10780000891A034340084FEA4101F7D151B191422F
:1078100002D14FF0004105E002D24FF0010101E03A
:107820006FF0010103EBC450284430BC00F098BA5B
:107830002DE9FE4F804681EA0300C00F0C46009000
:1078400021F0004123F00045B8EB0200A94105D228
:107850004046214690461C460B46024623F0004017
:10786000104347D0270DC7F30A00C3F30A51029013
:10787000401A019040286BDAC3F3130040F4801BD8
:107880000098924620B10023D2EB030A63EB0B0B66
:1078900001985946C0F14002504600F040FA0646B1
:1078A0000D4650465946019A00F048FA10EB080080
:1078B0006141002487EA115284EAE7731A4340D0F9
:1078C000009A62B3019A012A4FEA075215DC001BA5
:1078D00061EB02014FF0004202EA0752CDE900429B
:1078E000001C41F5801132462B4600F07FFA03B0B0
:1078F000BDE8F08F40462146F9E7001B61EB02012D
:10790000001C41F5801300185B412018A2F50017F8
:1079100047EB030140EAD570B6196D4111E06D08DF
:107920004FEA360645EAC0754FEA0752001B61EB85
:107930000201001C41F5801149084FEA300000198E
:10794000514132462B4603B0BDE8F04F00F03FBA3C
:107950000098012240000023D0EB020263EBE073A9
:10796000009821464FEAE074B8EB000061EB040197
:10797000E9E783F000435BE781F0004158E72DE938
:10798000FE4F81EA030404F0004421F0004100941A
:107990004FF0000B23F0004350EA01045ED052EA9E
:1079A00003045BD0C3F30A54C1F30A552C44A4F278
:1079B000F3340194A0FB0254C1F3130141F480118C
:1079C000C3F3130343F4801301FB024400FB034E93
:1079D000840A970A44EA815447EA8357A4FB07685C
:1079E00002958D0A05FB07854FEA932C04FB0C5486
:1079F0002705029D4FEA065847EA1637B5EB0805FA
:107A00006EEB070C870E920E47EA811742EA83124B
:107A1000A7FB0201B6EB0B0164EB00042B0D43EA5C
:107A20000C335E1844EB1C50DA465146E7FB02016A
:107A3000C5F313044FEA0B3343EA14534FEA0432FD
:107A4000019C43EA0603A4F10C040294009CCDE9D6
:107A500000B400F0CBF903B0BDE8F08F0020014680
:107A6000F9E72DE9F04D81EA030404F0004B21F021
:107A7000004514464FF0000A23F0004150EA050289
:107A800020D054EA01021DD0C5F30A570246C5F3BF
:107A90001303C1F31300C1F30A5640F4801543F4F5
:107AA0008013A7EB0608101BD64608F2FD3873EBCF
:107AB000050002D308F1010801E092185B41B8F11A
:107AC000000F03DA00200146BDE8F08D00204FF4DE
:107AD0008011064684460EE0171B73EB050705D39D
:107AE000121B63EB050306434CEA010C49084FEAFD
:107AF000300092185B4150EA0107EDD152EA0300D1
:107B000012D082EA040083EA0501084305D0101B65
:107B1000AB4106D20122002306E000224FF00043D1
:107B200002E06FF0010253101AEB06004CEB085113
:107B300010EB0A0041EB0B01BDE8F04D00F047B936
:107B4000C10F80EAE0700844CA079623002100F0C4
:107B500010B996230022114600F00BB90EB5C10FE3
:107B600080EAE0700844CA07002140F233438DE800
:107B70000E000A460B4600F039F903B000BD00F0D4
:107B8000004220F00040C10DC0F3160040F4000098
:107B90007F2901DA00207047962903DCC1F19601A4
:107BA000C84001E096398840002AF4D0404270472E
:107BB00020F00040C10DC0F3160040F400007F2902
:107BC00001DA00207047962903DCC1F19601C84014
:107BD000704796398840704700F0004230F000400E
:107BE0000AD0C10D01F56071C0F3160042EA0151DF
:107BF000C20840071143704700200146704700004B
:107C000030B5041E71F1000404DB4FF00044404223
:107C100064EB0101141E73F1000405DB1C464FF0F8
:107C20000043524263EB04038B4208BF824230BDE3
:107C300001F0004330B421F0004150EA010206D0C7
:107C40000A0DA2F56072C1F31301002A02DC30BCF8
:107C500000207047440F44EAC104C100E01830BC62
:107C600000EBC25000F07CB8002801DBC0F10040FE
:107C7000002901DBC1F1004181427047002801DB8E
:107C8000C0F10040002901DBC1F10041884270478A
:107C900030B50B46014600202022012409E021FADC
:107CA00002F59D4205D303FA02F5491B04FA02F5D9
:107CB0002844151EA2F10102F1DC30BD2DE9F05F70
:107CC0000546002092469B4688460646814640244B
:107CD0001BE0284641464746224600F02FF953460E
:107CE0005A46C01A914110D311461846224600F058
:107CF00016F82D1A67EB01084F4622460120002195
:107D000000F00DF817EB00094E41201EA4F101040C
:107D1000DFDC484631462A464346BDE8F09F202A2C
:107D200004DB203A00FA02F1002070479140C2F1D2
:107D3000200320FA03F3194390407047202A06DB02
:107D4000CB17203A41FA02F043EAE07306E041FA29
:107D500002F3D040C2F12002914008431946704717
:107D60000029A8BF7047401C490008BF20F001004F
:107D7000704710B4B0FA80FC00FA0CF050EA01042D
:107D800004BF10BC704749B1CCF1200421FA04F4BF
:107D900011FA0CF118BF012121430843A3EB0C0198
:107DA000CB1D4FEA00614FEA102042BF002010BCFB
:107DB000704700EBC35010440029A4BF10BC7047AB
:107DC000401C490008BF20F0010010BC704710B5EE
:107DD000141E73F1000408DA401C41F100019218EE
:107DE0005B411A4301D120F0010010BD2DE9F04D97
:107DF00092469B4611B1B1FA81F202E0B0FA80F2EC
:107E000020329046FFF78BFF04460F4640EA0A00F7
:107E100041EA0B0153465A46084313D0114653EA30
:107E2000010019D0C8F14002504600F087F805461D
:107E30000E46504659464246FFF771FF084305D0AB
:107E4000012004E020463946BDE8F08D00200543BE
:107E500046EAE0762C4337430A986305E40AA0EB30
:107E600008000022FD0A44EA47540A3002D50020E7
:107E70000146E9E7010510196941DDE908450019E6
:107E80006941BDE8F04DA2E770B521F0004303431E
:107E90000CD0C1F30A550024D5EB040564EB0403B0
:107EA000D617AD1AB34102DB0020014670BD201881
:107EB00041EB025170BDC1F30A52C1F3130140F20C
:107EC000FF3341F480119A4202DA002001467047E4
:107ED00040F233439A42A2F2334202DC524200F0B3
:107EE0002DB8FFF71CBF000030B5041E71F100046F
:107EF00004DB4FF00044404264EB0101141E73F1B7
:107F0000000405DB1C464FF00043524263EB0403C0
:107F1000994208BF904230BD064C074D06E0E0682C
:107F200040F0010394E8070098471034AC42F6D3C0
:107F3000F8F7E0F888A60008A8A60008202A04DBC5
:107F4000203A21FA02F00021704721FA02F3D040D2
:107F5000C2F1200291400843194670472DE9F04DC7
:107F600000231A461B1A8A4103DB00200146BDE8A4
:107F7000F08DC1F30A52C1F3130141F480154FF0A3
:107F8000000BD10702D100186D41521E0027044694
:107F900040F2FF11384601EB620A3E468046024637
:107FA00000204FF48011FFF7C9FFC2197141BB18BF
:107FB00046EB0100B4EB030C75EB000C04D3E41AA0
:107FC00065EB000517460E46241908F101006D41C6
:107FD00080463428E3DDF91946EB0600091BA84169
:107FE00003D24FF0FF32134601E0002213461BEB91
:107FF000070046EB0A51BDE8F04DFFF7E8BE0EB5AD
:1080000040F2334102910021CDE900110A460B46AE
:10801000FFF7ECFE03B000BD70B5C1F30A5201F0EA
:1080200000450024C1F3130140F2FF3341F48011F5
:108030009A4201DA002070BD40F233439A42A2F224
:10804000334203DC5242FFF779FF00E090402C43BB
:10805000F1D0404270BD70B58C1810F8015B15F07E
:10806000070301D110F8013B2A1106D110F8012BAA
:1080700003E010F8016B01F8016B5B1EF9D12B07CF
:1080800005D40023521E0DD401F8013BFAE710F885
:10809000013BCB1A921C03E013F8015B01F8015B72
:1080A000521EF9D5A142D8D3002070BD0FB4084BA1
:1080B00010B504A902AA039800F01AFC044602A90C
:1080C000002000F0ACFF204610BC5DF814FB00005F
:1080D0001F900008490050EAC12018BF04204A0D33
:1080E00018BF40F0010040F2FF72B2EB515F08BFD1
:1080F00040F00200012808BF052070472DE9F74F26
:10810000144694B00021C4E902111599079121F099
:108110000045C9498D4206DC1599C4E9000117B034
:108120000020BDE8F08FC549DFF814A3A9423CDD6B
:108130000799C44E0029C44FC44A1599534619DD06
:10814000FFF717FC554506D0C14AC24BFFF711FC9B
:10815000C4E900010AE04FF0D352BE4BFFF709FC1F
:1081600032463B46FFF705FCC4E9000117B0012089
:10817000BDE8F08FFFF75CFB554506D0B44AB54B20
:10818000FFF756FBC4E900010AE04FF0D352B14BB0
:10819000FFF74EFB32463B46FFF74AFBC4E90001BE
:1081A00017B04FF0FF30BDE8F08FAB49A9421599E9
:1081B00078DB21F0004183468846A84AA84BFFF7A8
:1081C000DEFB0022A74BFFF733FBFFF725FF0990EB
:1081D000FFF7C4FC06460F469C4A5346FFF7CFFB09
:1081E00043465A46FFF7C8FB80468A46984A994B51
:1081F00030463946FFF7C3FB2A0D01250B92424654
:108200005346FFF7B9FB032DC4E9000139D00B98A1
:10821000C1F30A51401A05EB45111139814230DA98
:108220009148C346784400EB0510CDF80CA00C90A3
:10823000D0E9002330463946FFF7A1FB02460B4642
:108240000491069058460399FFF793FB80468A46AF
:1082500002460B4658460399FFF78BFB049B069A90
:10826000FFF787FB83460C9803913946D0E9022338
:108270003046FFF784FB5A46039BFFF77AFB6D1CE1
:10828000BDE707980028A2BF099817B0BDE8F08F96
:10829000616881F000416160099817B04042BDE813
:1082A000F08FFFE784461598C1F31301C0F30A501D
:1082B000A0F2F5304FEA601800F01F06C6F120006A
:1082C000139000200690079041F4801E05206D4613
:1082D00076B1664A08EB00017A4452F8213002EB8D
:1082E0008101B3404A68139922FA01F1194305E06C
:1082F0005F4908EB0002794451F82210A1FB0E27D8
:10830000A1FB0C131A449A4234BF0123002303EB50
:10831000070A05EB8003D3E901B70F448F4234BF4E
:108320000121002193448B4411B1934502D903E00C
:10833000934501D2012100E00021C3E901B7514476
:1083400045F82010011EA0F10100C1DC0298059F34
:1083500000F10050800F12900298DDE90356800072
:10836000FFF7FCFB834628460D91FFF748FE6FF0B0
:108370001D02FFF789FDCDE90E013046FFF73FFEF4
:108380006FF03D02FFF780FD80468A463846FFF7D2
:1083900036FE6FF05D02FFF777FD07464246534613
:1083A0001191FFF745FADDE90E23FFF741FA5A462E
:1083B0000D9BFFF73DFA00250E465A4628460D9BB9
:1083C000FFF7D7FADDE90E23FFF7D3FA424653460B
:1083D000FFF7CFFA3A46119BFFF7CEFADFF898A0E5
:1083E000244A5346FFF7CBFA07468846234A244BD4
:1083F00031462846FFF7C3FA3A464346FFF718FAD4
:10840000074688464FF0A842534631462846FFF7B4
:10841000B6FA3A464346FFF70BFA159A12F0004FA8
:1084200004D0129A81F0004152421292C4E9000134
:10843000129817B0BDE8F08FFB21E93F7CD90240CC
:10844000FB21F93F7370032E8A19A33B00004054AF
:108450003163621A61B4D03DFB21394183C8C96DD3
:10846000305FE43F0000E03F202300009C2200003A
:108470007E220000182D4454FB21F93D3326A6111D
:10848000460B113C2DE9FF4D21F0004807460C46F4
:10849000B8F1795F08DAFFF7BFFD002801BF0020BF
:1084A000324904B0BDE8F08D3A46234610461946DD
:1084B000FFF765FA054602462D480E460B46062193
:1084C000784400F05DF82A463346FFF758FADDE9B4
:1084D000022382468B4638462146FFF750FA04466F
:1084E0000F4652465B4628463146FFF748FA224679
:1084F0003B46FFF73EFA07468A464FF0FF322846D2
:108500003146FFF7C1FC1B4A90450ADA3A4653460A
:10851000FFF72FFA04B00022BDE8F04D134BFFF730
:108520002BBA154A4245A8BFA8F500154FF0000424
:10853000B8BF124D22462B46FFF71BFA0646884667
:1085400022462B4600200949FFF713FA04460D4640
:108550003A46534630464146FFF70BFA04B02246EE
:108560002B46BDE8F04DFFF707BA00000000F03FD2
:108570004C2000003333D33F0000E93F0000D23FDE
:108580002DE9F0414F1E00EBC7010446D1E900017F
:1085900015461E4637F006020DD02A463346FFF731
:1085A000EEF97F1E04EBC703D3E90023FFF740F980
:1085B00037F00602F1D1022F25D0042F13D0062F59
:1085C00018BFBDE8F0812A463346FFF7D8F9D4E951
:1085D0000A23FFF72DF92A463346FFF7D0F9D4E9ED
:1085E0000823FFF725F92A463346FFF7C8F9D4E9EF
:1085F0000623FFF71DF92A463346FFF7C0F9D4E9F1
:108600000423FFF715F92A463346FFF7B8F9D4E9F2
:108610000223FFF70DF92A463346FFF7B0F9D4E9F4
:108620000023BDE8F041FFF703B900002DE9FF4D3D
:10863000054621F0004084B00C46B0F1795F0BDABA
:108640002846FFF747FD042808BF00F071F82846C8
:1086500008B02146BDE8F08D2A460B461046FFF7CC
:108660008EF906460F462A462346FFF788F98046CC
:1086700026488A4632463B4605217844FFF780FF6C
:1086800083461098029160B3214A224B40465146DE
:10869000FFF775F9CDE900015A4640465146029B65
:1086A000FFF76DF982468846DDE906014FF0FF329B
:1086B000FFF7EAFB52464346FFF75BF932463B467B
:1086C000FFF75DF9DDE90623FFF753F9DDE9002344
:1086D000FFF74FF908B02A462346BDE8F04DFFF7F3
:1086E0004BB90B465A4630463946FFF748F9084A17
:1086F000084BFFF79DF842465346FFF740F908B094
:108700002A462346BDE8F04DFFF792B8921F0000BD
:10871000495555555555C5BF0122FFF7B5BBFFF764
:1087200087B80022134610461146FFF79AB9000099
:10873000024A00201107FFF7A7BB000001FDFFFF61
:1087400002E008C8121F08C1002AFAD1704770471A
:10875000002001E001C1121F002AFBD17047000078
:108760000149086070470000E80100202DE9FF5F23
:1087700082B00021DDE90430020DDDF840B0034392
:1087800018D044F61050A2F2FF324243151411984B
:1087900001281FD0A5EB0B00401C5FEA000A4FF038
:1087A00000064E4FDFF83891B046504615D5CAF155
:1087B000000413E0119801244AA3012801D16FEAB3
:1087C0000B010298119AC0E90031C0E9024206B0DB
:1087D000BDE8F09FCBF10000DFE704460021404AEE
:1087E000491842EB0450CDE9001012E0E00707D031
:1087F00032463B4640464946FFF7C1F88046894627
:1088000032463B4610461946FFF7B9F806460F4672
:108810006410002CEAD1DDE90401DDE90023BAF19E
:10882000000F06DAFFF7ABF842464B46FFF7A7F812
:1088300005E0FFF716F942464B46FFF712F90446EA
:108840000E460022284BFFF74FFB03D84FF0FF30B6
:10885000014607E00022254B20463146FEF7E8FF9F
:10886000FFF729FB102409E0002C0ADB0A22002371
:10887000FFF724FA039B30321A55641E50EA0102B6
:10888000F2D1641C039AC4F111031444119A012A11
:1088900003D0012208430DD10AE0084304D0002090
:1088A0004FF0110B119072E7A3EB0B056D1E0DE05D
:1088B0005B4504DD4FF0000205F1010504E003DA39
:1088C0004FF00002A5F10105002AECD002981199A1
:1088D000C0E90231C0E9004579E70000000014401A
:1088E0000000F03F300000000000F0430000E03FD7
:1088F0002DE9FF4F95B09B468946064600250FE2BD
:10890000252877D100242746F84A0121059400E064
:10891000044316F8013F203B01FA03F01042F7D15F
:1089200030782A2811D06FF02F033078A0F1300270
:10893000092A16D8059A44F0020402EB820203EBDE
:1089400042021044761C0590EFE759F8042B05927B
:10895000002A03DA504244F40054059044F0020423
:10896000761C30782E2816D116F8010F44F0040436
:108970002A280DD06FF02F023078A0F13003092B98
:1089800009D807EB870302EB4303C718761CF3E70C
:1089900059F8047B761C30786C280FD006DC4C2804
:1089A00017D068280DD06A2814D104E0742810D09C
:1089B0007A280FD10DE044F400140AE044F4801446
:1089C00001E044F440147278824202D104F580142C
:1089D000761C761C307866280BD013DC582877D0AC
:1089E00009DC002875D04528F6D04628F4D0472861
:1089F0001AD19DE118E0632835D0642879D0652824
:108A000012D195E1702873D008DC6728F1D069286D
:108A10006FD06E280DD06F2806D1B5E073282CD00A
:108A2000752875D0782874D05A46179990476D1CD0
:108A300075E1C4F30250022809D003280DD0D9F8FB
:108A4000001004280DD00D6009F1040967E1D9F880
:108A50000010EA17C1E90052F6E7D9F800100D80BE
:108A6000F2E70D70F0E719F8041B8DF800100020F4
:108A70008DF80100EA46012003E059F804AB4FF0FD
:108A8000FF3061074FF0000102D40DE008F1010151
:108A90008846B9420FDA8045F8DB1AF80810002939
:108AA000F4D108E008F1010188468142FADB1AF8A6
:108AB00008100029F6D105985B46A0EB080721466F
:108AC0003846179A00F094FA284400EB080507E0AE
:108AD0004DE029E10DE01AF8010B5A46179990472D
:108AE000B8F10108F7D25B4621463846179A13E1E0
:108AF00042E00A220092C4F302524FF0000A022A16
:108B000008D059F804CB032A4FEAEC710AD00DE0E3
:108B100029E02AE009F1070121F00702F2E802C189
:108B2000914609E00FFA8CFC4FEAEC71042A03D15C
:108B30004FFA8CFC4FEAEC71002907DA0A46002153
:108B4000DCF1000C61EB02012D2202E0220504D5CC
:108B50002B228DF80420012203E0E20701D020221D
:108B6000F7E7904659E00A2102E010220DE01021BB
:108B70004FF0000A00910BE010224FF0000A44F081
:108B800004040827009203E008224FF0000A009234
:108B9000C4F30252022A05D059F804CB0021032A5B
:108BA00008D009E009F1070121F00702F2E802C14B
:108BB000914605E01FFA8CFC042A01D10CF0FF0C51
:108BC0004FF00008220728D5702806D0009B83F0BC
:108BD000100353EA0A0305D00EE040228DF804206A
:108BE000012208E05CEA010206D030228DF8042060
:108BF0008DF8050002229046009B83F0080353EA9B
:108C00000A030AD15CEA010201D1620705D53022CC
:108C10008DF804204FF001087F1E582804D034A09E
:108C200003900EA802900DE036A0F9E75346604687
:108C3000009AFFF743F884460398825C0298401E2E
:108C4000029002705CEA0100F0D1029806A9081AAD
:108C500000F1200A600702D524F4803400E00127E7
:108C6000574502DDA7EB0A0000E0002000EB0A01F7
:108C7000009005984144401A0590E00306D45B46F5
:108C80002146179A059800F0B3F90544002706E03D
:108C900001A85A46C05D179990476D1C7F1C474537
:108CA000F6DBE0030CD55B462146179A059800F0E9
:108CB0009FF9054404E030205A46179990476D1CEF
:108CC0000099481E00900029F5DC08E002980299FE
:108CD0005A460078491C0291179990476D1CBAF1C9
:108CE0000001AAF1010AF1DC65E100000928010098
:108CF0003031323334353637383961626364656612
:108D000000000000303132333435363738394142D3
:108D1000434445460000000000F058F90544761C25
:108D2000307800287FF4ECAD19B02846BDE8F08F0C
:108D3000620700D4062709F1070222F0070CFCE8BD
:108D40000223E14603F000485FEA080C02D00FF26C
:108D5000702C0DE05FEA045C02D50FF2682C07E08E
:108D60005FEAC47C02D00FF2602C01E0AFF2700C1D
:108D70004FF0FF3823F00043CDF850C065280CD0E9
:108D800006DC452809D046281DD047283DD13DE0C6
:108D9000662818D067287ED138E00021112F01DB2A
:108DA000112000E0781CCDE9000106A90EA8FFF70C
:108DB000DDFCDDE90F010E9A03910021009207F11D
:108DC000010A04914DE04FF000400097CDE90110F9
:108DD00006A90EA8FFF7CAFCDDE90F0203920E9B5D
:108DE00011990022DDF80CA00093049211B9791CAE
:108DF00000EB010AB7EB0A0004D4C0F1FF3007F121
:108E0000010A0490AAEB0700019044E0012F00DA68
:108E100001270021112F01DD112000E03846CDE9A6
:108E2000000106A90EA8FFF7A1FCDDE90F010E9ACB
:108E30000391002104910092BA4621070CD40399B2
:108E4000514500DA8A46BAF1010F05DD009AAAF110
:108E50000101515C302908D0B84202DA10F1040F48
:108E600006DA0121CDE9011015E0AAF10101E9E7D7
:108E7000002805DC049901440491AAEB000102E0FA
:108E8000411C514500DD8A460499401A401C01905E
:108E90004FF000400290200704D40198504501DBB8
:108EA000CDF8048000208DF84F0002980DF14F0797
:108EB000B0F1004F25D02B200E9002984FF0020801
:108EC00000280CDA404202902D200E9007E00A2183
:108ED0000298FEF7DDFE3031029007F8011DB8F16F
:108EE0000001A8F10108F2DC02980028EFD1791EF8
:108EF0000E980870307800F0200040F0450007F828
:108F0000020D12A8C01B00F107081498007800B1E8
:108F1000012000EB0A01019801EBE0710598414442
:108F2000401A401E0590E00306D45B462146179A7E
:108F3000059800F05DF805441498007818B15A4679
:108F4000179990476D1CE00324D55B462146179A7C
:108F5000059800F04DF805441CE00498002807DB54
:108F6000DDE90301884203DD0098405C179901E0C8
:108F7000179930205A469047049805F10105401C86
:108F800004900198401E019004D12E205A46179952
:108F900090476D1CBAF10001AAF1010ADDDC05E081
:108FA00017F8010B5A46179990476D1CB8F100014C
:108FB000A8F10108F4DC5B462146179A0598ABE658
:108FC0002D0000002B000000200000002DE9F041E2
:108FD000044600251E461746880404D405E0394699
:108FE0002020B0476D1C641EF9D52846BDE8F081ED
:108FF0002DE9F041044600251E469046C80301D5E0
:10900000302700E02027880404D505E04146384693
:10901000B0476D1C641EF9D52846BDE8F0810A688A
:10902000531C0B60107070472DE9F04D8D4F21F0EF
:10903000004A86B005460C46BA452ADBAAEB070073
:1090400028430AD08848824501DC1AD1CDB106B048
:109050002846BDE8F04DFFF75FBB844A844B2846A5
:10906000FEF78DFC07460E46824A834B2846214672
:10907000FEF785FC06B03A463346BDE8F04DFEF7F4
:10908000D7BB0120FFF76CFB06B0BDE8F04DFFF742
:1090900048BB7A48824542DABAF1795F0BDA284652
:1090A000FFF718F8042808BFFFF742FB284606B070
:1090B0002146BDE8F08D2A460B461046FEF75FFCC0
:1090C000834602466E480E460B4606217844FFF75B
:1090D00057FA5A463346FEF752FC804669488A469C
:1090E0005A46334604217844FFF74AFA5A46334633
:1090F000FEF745FC00223B46FEF79AFB02460B4674
:1091000040465146FEF7ADFC2A462346FEF737FCA3
:1091100006B02A462346BDE8F04DFEF789BB284637
:1091200024F0004100223D463B46FEF725FC4FF06F
:10913000FF32FEF7A9FE0646024653480F460B468D
:1091400006217844FFF71CFA32463B46FEF717FC2F
:10915000CDE900014D4832463B4604217844FFF7F3
:109160000FFA32463B46FEF70AFC00222B46FEF77A
:109170005FFB834602913046394600F0FBFA804699
:1091800043480D46504517DCDDE900015A46029B75
:10919000FEF767FC42462B46FEF7F1FB42462B46A4
:1091A000FEF746FB0122FEF76FFE304A304BFEF71A
:1091B000E0FB304A304B4CE04FF0000A52460B4681
:1091C0004046FEF735FBCDE9031052462B461046CC
:1091D0001946FEF7D4FB32463B46FEF7CDFBDDE9F0
:1091E0000332FEF73EFC06460F46DDE900015A4613
:1091F000029BFEF736FC8346009101223046394639
:10920000FEF742FE194A1A4BFEF7B6FB06460F461A
:10921000012240462946FEF737FE5A46009BFEF7DC
:10922000AEFB32463B46FEF7A4FB06460F46012244
:1092300050462946FEF728FE0E4DDFF858802A4694
:109240004346FEF799FB32463B46FEF795FB2A461E
:109250004346FEF791FB002CD8BF81F0004106B0D9
:10926000BDE8F08D0000F03F0000F07F075C143394
:1092700026A6913C182D4454FB21F93F0000E03F05
:10928000581300006E130000E2120000F8120000F4
:109290003333EF3FFB21E93F2DE9F84F04460D46FC
:1092A00021F0004000917349814211DC72498842EB
:1092B00001DC06D12CB120462946BDE8F84FFFF766
:1092C0002BBA6E48002DCCBF6D496E49BDE8F88FB2
:1092D0006D49814211DD6D498142D8BF4FF0FF36A3
:1092E0006DDD20462946FEF7F5FE042808BFFFF78E
:1092F0001FFA20462946BDE8F88F6549654F25F0DD
:109300000045814233DD6449814219DD0026324641
:109310004FF0804320462946FEF78AFA80468A4667
:10932000012220462946FEF7AFFD00223B46FEF70C
:1093300020FB42465346FEF794FB04460D463EE0B2
:1093400001260022BA463B4620462946FEF770FA1F
:1093500080460F460022534620462946FEF709FB69
:1093600042463B46FEF77DFB04460D4627E04B494F
:1093700081421BDDDFF828A1022600225346204649
:109380002946FEF7FCFA00223B46FEF751FA8046DA
:109390000F460022534620462946FEF7EAFA424687
:1093A0003B46FEF75EFB04460D4608E003262246D8
:1093B0002B4600203B49FEF754FB04460D4622464F
:1093C0002B4610461946FEF7DAFA8B4682460246CD
:1093D0000B46FEF7D4FA07460246334888460B464A
:1093E00006217844FFF7CCF852465B46FEF7C7FAF1
:1093F00082462E488B463A46434605217844FFF77D
:10940000BFF83A464346FEF7BAFA02460B46002E2C
:10941000504659460CDAFEF70BFA22462B46FEF769
:10942000AEFA01B022462B46BDE8F04FFEF7A4BAD3
:10943000FEF7FEF922462B46FEF7A1FA1C4A7A44B3
:1094400002EBC603D3E90023FEF793FA22462B462C
:10945000FEF78FFA174A7A4402EBC603D3E90023DA
:10946000FEF78AFA009A002AB8BF81F00041BDE8F1
:10947000F88F0000000010440000F07F182D4454C5
:10948000FB21F93FFB21F9BF0000DC3F0000203E3B
:109490000000F33F0000F03F0000E63F0080034083
:1094A0000000F83F0000F0BFFA100000B810000004
:1094B000561000001E1000002DE9F04D9446CCF12E
:1094C000000423F000464CEA0404524F46EAD474E8
:1094D0009A46884621F00042BC4206D8454240EAFE
:1094E000050442EAD474BC4204D9BDE8F04D62469A
:1094F000FFF715B9AAF14055A5F17F6555EA0C04AF
:109500000BD0022404EAAA74434DDFF810E144EAC8
:10951000D87452EA000B04D00CE0BDE8F04DFFF720
:10952000BBBE002C14BF012CBDE8F08D022C30D046
:10953000032C32D056EA0C0B0AD0BE4220D1BA42DC
:1095400009D126F0804622F080423346114617E0CA
:1095500000291ADB25E0DFF8C8B0FB44002C04BF6B
:10956000DBE90001BDE8F08D012C02BFDBE9000161
:1095700081F00041BDE8F08D022C0AD0032C0CD004
:10958000BA4212D1B8F1000F0BDA23482549BDE8E1
:10959000F08D28462449BDE8F08D28467146BDE887
:1095A000F08D1D482149BDE8F08D921B12153C2A13
:1095B000C4BF19481D490EDCBAF1000FBEBF12F13D
:1095C0003C0F0020014606DB6246FEF74AFA21F016
:1095D0000041FFF761FE002C08BFBDE8F08D012CB3
:1095E00004BF81F00041BDE8F08D114A114B022CFF
:1095F00007D0FEF7BEF92A46BDE8F04D0A4BFEF74C
:10960000B8B9FEF7B6F92A46BDE8F04D064BFEF7AD
:10961000B3B900000000F07F182D4454FB2109C0AD
:10962000E20F0000FB21F9BFFB210940FB21F93FBC
:10963000075C143326A6A13C00B5244B21F0004260
:1096400087B09A42DCBF0022134629DD204B9A42A4
:1096500008D140B94FF00100FFF782F8FFF761F839
:1096600007B000BD03DBFFF757F807B000BD02AA43
:10967000FEF744FD10F0030104BF0DF1080C9CE857
:109680000F000DD0012001290ED0022914D00DF1B8
:10969000080C00909CE80F00FEF7C8FF07B000BD63
:1096A000FEF7F0FE07B000BD0DF1080C00909CE83D
:1096B0000F00FEF7BBFF05E00DF1080C9CE80F0062
:1096C000FEF7E0FE07B081F0004100BDFB21E93F5D
:1096D0000000F07F00B5254B21F0004287B09A4290
:1096E00003DC0022134600922BE0214B9A4208D162
:1096F00040B94FF00100FFF733F8FFF712F807B059
:1097000000BD03DBFFF708F807B000BD02AAFEF7B3
:10971000F5FC10F003014FF001000DD0012914D029
:1097200002291AD00DF1080C9CE80F00FEF7AAFEE2
:1097300007B081F0004100BD0DF1080C00909CE8DD
:109740000F00FEF773FF07B000BD0DF1080C9CE899
:109750000F00FEF797FE07B000BD0DF1080C00905A
:109760009CE80F00FEF762FFE2E70000FB21E93F03
:109770000000F07F2DE9F04106460F46FEF7EEFBB4
:10978000041E0D4618BF0120284320F00040C0F100
:109790007F6000F1E040C00F0ED0301C18BF0120E8
:1097A000384320F00040C0F17F6000F1E040C00F7E
:1097B00004BF0120FEF7D4FF20462946BDE8F08112
:1097C0000000000000406540333333333333D33F70
:1097D0000000000000001240B81E85EB51B8BE3FEB
:1097E0006800000476005401F7FD000175191A0C99
:1097F0006A231B1C1F207274433B4138393A6B6C3F
:10980000376F06246D6E70008300000000080000B2
:109810000001001832000500000020410000D24283
:10982000295C0F3E9A99993E3333733F295C0F3E72
:10983000000070000000002400000002000300008F
:1098400000650054FFEF0000FA80000B1282000157
:10985000030C30C30E8C8CE914D5400213710F8EAB
:109860003883F8833000F883258EF8833000F8833E
:10987000FFFFFFFF0FFEA9D6240004001A8279A182
:109880000000003CFFFF00000010000038836FA2C2
:10989000003E03304000000002CAE3093E800000A1
:1098A00020000000000000004000000060000000F8
:1098B000000C0000000C186E000006920A16C0DFB3
:1098C000FFFF0256FD8CD377FFE1C496E0C5BEAA28
:1098D00000000000FFFF0B2B00001657000003598B
:1098E0004000000000001DFA00026C1D0000000096
:1098F0003FFFDFEB003EB3B6000D227800002F3CA7
:1099000000000000001942B5000039A20000B36554
:10991000D90E9FC91DCF4C3430000000500000000C
:109920003BB67AE80064000000C8000000000000B8
:10993000100000001000FA921000225E000D229F1D
:109940000001000000320000FF46000063D4000068
:109950001000000004D6000004CC000004CC00007D
:109960000000107200000040000000000000000035
:10997000000600020005000700000000006400006F
:109980000000000000000005000500640020000049
:109990000000000000000000000040000000030084
:1099A00000000032F8980000FF650000830F0000FF
:1099B000FF9BFC0000000000000000000000000011
:1099C0000000000000000000000000000000000097
:1099D0000000000000000000000000000000100077
:1099E00040000000000000060000B26A0002000013
:1099F0000001FB830068000000D9FC007CF1FF83BC
:109A00000000000000650000006403E80064002816
:109A1000000000250000000016A00000000010005B
:109A200000001000002F0000000001F400001000F2
:109A300000280000FFFF4581FFFFFA7200000000D0
:109A400000000000004400050005BAC6004778A2E7
:109A500000000001000000000000060000000014EB
:109A60000000254D002F706D000005AE000C02D0E7
:109A700000000000000000000000000000000000E6
:109A8000001B0000000000000000000000000000BB
:109A9000006400000008000000000000000000005A
:109AA00000000000000000000000000000000000B6
:109AB00000000000000000000000000000000000A6
:109AC0000000000000000000000000000000000096
:109AD0000000000000000000000000000000000086
:109AE0000000000000000000000000000000000076
:109AF000001B00000000000000000000000E000E2F
:109B000000000AC70004000000000032FFFFFF9CB5
:109B100000000B2B000000020000000100000064A8
:109B2000FFE5000000000000000000000000000051
:109B30000000000100000000000100000000000023
:109B4000000180000001800000018000002426D375
:109B50000000000000000000000600100096003C1D
:109B600000000000000000000000000000000000F5
:109B70000C0A4E68CDCF770950166759C619CE82A8
:109B800000000000000000000000000000000000D5
:109B9000000000000000000017D784000300000050
:109BA0000000000000000000C7938F9D1E1B1C19C1
:109BB00000000000000000000000000000000000A5
:109BC00000000000000000000203188500004000B3
:109BD000000000030000000300000000000000007F
:109BE0004000000000000000000000000000000035
:109BF0000000000000000000000000000000000065
:109C00000000000000000000000000000000000054
:109C100000000000677DDF7E72902E554CF6E688CE
:109C20000000000000000000000000000000000034
:109C3000D8DCB4B8B0D8B9ABF3F8FAB3B7BB8E9EE2
:109C4000AEF132F51BF1B4B8B08097F1A9DFDFDFD8
:109C5000AADFDFDFF2AAC5CDC7A90CC92C97F1A9ED
:109C600089264666B28999A92D557DB0B08AA896F5
:109C7000365676F1BAA3B4B280C0B8A89711B283B1
:109C800098BAA3F0240844106418B2B9B49883F1C8
:109C9000A329557DBAB5B1A38393F0002850F5B23E
:109CA000B6AA839328547CF1B9A3829361BAA2DA4D
:109CB000DEDFDB819AB9AEF5606870F1DABAA2DF57
:109CC000D9BAA2FAB9A38292DB31BAA2D9BAA2F860
:109CD000DF85A4D0C1BBAD83C2C5C7B8A2DFDFDFBB
:109CE000BAA0DFDFDFD8D8F1B8AAB38DB4980D35AC
:109CF0005DB2B6BAAF8C96198F9FA70E161EB49A96
:109D0000B8AA872C547CBAA4B08AB691325676B2DF
:109D10008494A4C808CDD8B8B4B0F19982A82D55C0
:109D20007D98A80E161EA22C547C92A4F02C50787C
:109D3000F184A898C4CDFCD80DDBA8FC2DF3D9BACA
:109D4000A6F8DABAA6DED8BAB2B68696A6D0F3C816
:109D500041DAA6C8F8D8B0B4B882A892F52C5488D5
:109D600098F135D9F418D8F1A2D0F8F9A884D9C758
:109D7000DFF8F883C5DADF69DF83C1D8F40114F1B5
:109D8000A8824EA884F311D182F5D992289788F140
:109D900009F41C1CD884A8F3C0F9D1D99782F12901
:109DA000F40DD8F3F9F9D1D982F4C203D8DEDF1A61
:109DB000D8F1A2FAF9A88498D9C7DFF8F8F883C7D0
:109DC000DADF69DFF883C3D8F40114F198A8822E92
:109DD000A884F311D182F5D992509788F109F41C27
:109DE000D884A8F3C0F8F9D1D99782F149F40DD8F5
:109DF000F3F9F9D1D982F4C403D8DEDFD8F1AD8804
:109E000098CCA809F9D98292A8F57CF1883ACF9428
:109E10004A6E98DB6931DAADF2DEF9D88795A8F29F
:109E200021D1DAA5F9F417D9F1AE8ED0C0C3AE8234
:109E3000C684C3A88595C8A588F2C0F1F4010EF1C7
:109E40008E9EA8C63E56F554F18872F40115F1981D
:109E500045856EF58E9E0488F142985A8E9E06883E
:109E600069F4011CF1981E1108D0F504F11E970247
:109E700002983625DBF9D985A5F3C1DA85A5F3DF8C
:109E8000D88595A8F309DAA5FAD88292A8F578F1D1
:109E9000881A849F26889821DAF41DF3D8879F3981
:109EA000D1AFD9DFDFFBF9F40CF3D8FAD0F8DAF947
:109EB000F9D0DFD9F9D8F40BD8F3879F39D1AFD9CE
:109EC000DFDFF41DF3D8FAFCA869F9F9AFD0DADEC8
:109ED000FAD9F88F9FA8F1CCF398DB45D9AFDFD042
:109EE000F8D8F18F9FA8CAF38809DAAF8FCBF8D8DA
:109EF000F2AD978D0CD9A5DFF9BAA6F3FAF412F2F8
:109F0000D8950DD1D9BAA6F3FADAA5F2C1BAA6F35B
:109F1000DFD8F1BAB2B68696A6D0CAF349DAA6CB94
:109F2000F8D8B0B4B8D8AD84F2C0DFF18FCBC3A8F5
:109F3000B2B68696C8C1CBC3F3B0B48898A821DB6B
:109F4000718D9D71859521D9ADF2FAD88597A82894
:109F5000D9F408D8F28D29DAF405D9F285A4C2F231
:109F6000D8A88D9401D1D9F411F2D88721D8F40A58
:109F7000D8F28498A8C801D1D9F411D8F3A4C8BBE9
:109F8000AFD0F2DEF8F8F8F8F8F8F8F8D8F1B8F64B
:109F9000B5B9B08A95A3DE3CA3D9F8D85CA3D9F8AB
:109FA000D87CA3D9F8D8F8F9D1A5D9DFDAFAD8B195
:109FB0008530F7D9DED8F830ADDADED8F2B48C9936
:109FC000A32D557DA083DFDFDFB591A0F629D9FB56
:109FD000D8A0FC29D9FAD8A0D051D9F8D8FC51D9A9
:109FE000F9D879D9FBD8A0D0FC79D9FAD8A1F9F958
:109FF000F9F9F9A0DADFDFDFD8A1F8F8F8F8F8AC62
:10A00000DEF8ADDE8393AC2C547CF1A8DFDFDFF605
:10A010009D2CDAA0DFD9FADB2DF8D8A850DAA0D031
:10A02000DED9D0F8F8F8DB55F8D8A878DAA0D0DF78
:10A03000D9D0FAF8F8F8F8DB7DF8D89CA88CF53080
:10A04000DB38D9D0DEDFA0D0DEDFD8A848DB58D996
:10A05000DFD0DEA0DFD0DED8A868DB70D9DFDFA0DC
:10A06000DFDFD8F1A888902C547C98A8D05C38D138
:10A07000DAF2AE8CDFF9D8B087A8C1C1B188A8C622
:10A08000F9F9DA36D8A8F9DA36D8A8F9DA36D8A83C
:10A09000F9DA36D8A8F9DA36D8F78D9DADF818DA9E
:10A0A000F2AEDFD8F7ADFA30D9A4DEF9D8F2AEDEE1
:10A0B000FAF983A7D9C3C5C7F1889BA77AADF7DEA4
:10A0C000DFA4F8849408A797F300AEF29819A48847
:10A0D000C6A39488F632DFF28393DB09D9F2AADFB4
:10A0E000D8D8AEF8F9D1DAF3A4DEA7F1889B7AD8F4
:10A0F000F38494AE19F9DAAAF1DFD8A881C0C3C5F8
:10A10000C7A39283F628ADDED9F8D8A350ADD9F80D
:10A11000D8A378ADD9F8D8F8F9D1A1DADEC3C5C78C
:10A12000D8A18194F818F2B089ACC3C5C7F1D8B8EA
:10A13000B4B09786A8319B069907AB9728889BF007
:10A140000C201440B0B4B8F0A88A9A285078B79B75
:10A15000A8295179247059446938644831F1BBAB5E
:10A1600088002C547CF0B38BB8A804285078F1B048
:10A1700088B49726A85998BBABB38B02264666B025
:10A18000B8F08A9CA82951798B2951798A24705971
:10A190008B2058718A4469388B3940688A64483109
:10A1A0008B30496088F1AC002C547CF08CA80428DA
:10A1B0005078F1889726A85998AC8C02264666F00C
:10A1C000899CA8295179247059446938644831A977
:10A1D0008809205970AB11384069A8193148608C42
:10A1E000A83C415C207C00F187981986A86E767E99
:10A1F000A999882D557DD8B1B5B9A3DFDFDFAED0E1
:10A20000DFAAD0DEF2ABF8F9D9B087C4AAF1DFDF5C
:10A21000BBAFDFDFB9D8B1F1A3978E60DFB084F2B6
:10A22000C8F8F9D9DED89385F14AB183A308B5837C
:10A230009A0810B79F10D8F1B0BAAEB08AC2B2B6C1
:10A240008E9EF1FBD9F41DD8F9D90CF1D8F8F8ADF0
:10A2500061D9AEFBD8F40CF1D8F8F8AD19D9AEFB42
:10A26000DFD8F416F1D8F8AD8D61D9F4F4ACF59CD3
:10A270009C8DDF2BBAB6AEFAF8F40BD8F1AED0F85D
:10A28000AD51DAAEFAF8F1D8B9B1B6A3839C08B9EA
:10A29000B1839AB5AAC0FD3083B79F10B58B93F2F6
:10A2A0000202D1ABDADED8F1B080BAABC0C3B2845F
:10A2B000C1C3D8B1B9F38BA391B609B4D9ABDEB0A1
:10A2C000879CB9A3DDF1B38B8B8B8B8BB087A3A35A
:10A2D000A3A3B28BB69BF2A3A3A3A3A3A3A3A3A3FD
:10A2E000A3F1B087B59AA3F39BA3A3DCBAACDFB903
:10A2F000A3A3A3A3A3A3A3A3A3A3A3A3A3A3A3A32E
:10A30000D8D8D8BBB3B7F1AAF9DAFFD9809AAA286E
:10A31000B48098A720B79787A86688F07951F19004
:10A320002C870CA781976293F07171608594012945
:10A33000517990A5F1284C6C870C95188578A383EA
:10A3400090284C6C886CD8F3A28200F210A8921965
:10A3500080A2F2D926D8F188A84DD948D896A83934
:10A3600080D93CD89580A839A68698D92CDA87A7B9
:10A370002CD8A8899519A980D938D8A88939A98055
:10A38000DA3CD8A82EA83990D90CD8A8953198D9FC
:10A390000CD8A809D9FFD801DAFFD89539A9DA264F
:10A3A000FFD890A80D8999A810809821DA2ED88915
:10A3B00099A83180DA2ED8A886963180DA2ED8A8CE
:10A3C000873180DA2ED8A88292F34180F1D92ED835
:10A3D000A882F31980F1D92ED882ACF3C0A28022D2
:10A3E000F1A62EA72EA92298A829DAACDEFFD8A2C2
:10A3F000F22AF1A92E8292A8F23180A696F1D90014
:10A40000AC8C9C0C30ACDED0DEFFD88C9CACD01079
:10A41000ACDE8092A2F24C82A8F1CAF235F19688A5
:10A42000A6D900D8F1FF0000555555555555C53FE3
:10A430007D6FEB0312D6D4BF5544880E55C1C93F7A
:10A440003B8F68B52882A4BF88B20175E0EF493F11
:10A4500009F7FD0DE13D023F4B2D8A1C273A03C051
:10A46000C88A599CE52A004059018D1B6C06E6BF3D
:10A4700082922EB1C5B8B33F4FBB610567ACDD3FDB
:10A48000182D4454FB21E93F9BF681D20B73EF3F1B
:10A49000182D4454FB21F93FE2652F227F2B7A3C93
:10A4A000075C143326A6813CBDCBF07A8807703C4C
:10A4B000075C143326A6913CC4EB98999999C9BFBF
:10A4C000711623FEC671BCBF6D9A74AFF2B0B3BFF4
:10A4D0009AFDDE522DDEADBF2F6C6A2C44B4A2BFB4
:10A4E0000D5555555555D53FFF8300922449C23F20
:10A4F0006E204CC5CD45B73F513DD0A0660DB13F54
:10A50000EB0D76244B7BA93F11DA22E33AAD903F65
:10A510004C5555555555A53F7751C1166CC156BF81
:10A520009015CB19A001FA3EAD529C804F7E92BE91
:10A53000C4B1B4BD9EEE213ED43888BEE9FAA8BDB0
:10A54000000000000000000000004054FB21F93F23
:10A550003163621A61B4D03D0000601A61B4D03D2D
:10A560007370032E8A19A33B0000002E8A19A33BA7
:10A57000C14920259A837B390000000000000000BB
:10A580006E83F9A22915444ED15727FCC0DD34F55E
:10A59000999562DB4190433CAB6351FE61C5BBDEE4
:10A5A0003A6E24B7E0D24D42EA2E49061C92D109F8
:10A5B0001CEB1DFE3EA729B1F53582E88444BB2E75
:10A5C00026709CE9417E5FB439D69139F4395383C2
:10A5D0008B5F849C3B28F9BDFF97F81F0F9805DE21
:10A5E0008B112FEF1F6D0A5ACF7E366DB709CB271F
:10A5F000663F464F2DEA5F9EC7BA27757BF1E5EBB4
:10A60000F739073DEA92528AB15FFB6B085D8D1FF7
:10A61000A6F810111111813FD561C119A0012ABFFF
:10A620007DFEB157E31DC73EEB9C2B8AE6E55ABE83
:10A630007CD5CF5A3AD9E53D2050726F647563746A
:10A640002049442072656164206173203020696E66
:10A650006469636174657320646576696365206904
:10A66000732065697468657220696E636F6D7061CF
:10A670007469626C65206F7220616E204D50553395
:10A680003035302E0A000000A8A600080000002087
:10A69000EC010000568000081CA70008EC01002017
:10A6A0008405000050870008412D010203040410B6
:10A6B00009060708090204060884A24A0469183238
:10A6C000FF290452010342803F234843280FC84218
:10A6D0009A99993FDA0FC93F9A99193E10011E03C2
:10A6E0002E40411B2A43601958076890408FC2F5DD
:10A6F0003D0316881323200330096F12833AA69B6B
:10A70000443B07293F0AD7A33B01EB803F0C13ECE6
:0CA71000971B08E00401204B089824006F
:04000005080000ED02
:00000001FF
