:020000040800F2
:1000000070070020F1470008B9310008BB31000833
:10001000BF310008C3310008C731000800000000EC
:10002000000000000000000000000000CB310008CC
:10003000CD31000800000000CF310008D1310008A8
:100040000B4800080B4800080B4800080B48000844
:100050000B4800080B4800080B480008AB46000896
:100060000B4800080B4800080B4800080B48000824
:100070000B4800080B4800080B4800080B48000814
:100080000B4800080B4800080B4800080B48000804
:100090000B4800080B4800080B4800080B480008F4
:1000A0000B4800080D4600080B4800080B480008E4
:1000B0000B48000865280008752800080B48000850
:1000C0000B4800080B4800080B4800080B480008C4
:1000D0000B4800080B4800080B4800080B480008B4
:1000E0000B4800080B4800080B480008DFF80CD04C
:1000F00007F0EAFE0048004781260008700700204C
:1001000031490143314A1160704770B50021002325
:100110000F22C47804B32D4C246804F4E064C4F5C1
:10012000E064210AC1F10403CA40447804FA03F1EF
:100130008478144021430901254C0678A1550478A0
:1001400004F01F050124AC4005786D11AD0005F1E8
:10015000E025C5F8004109E0047804F01F050124FA
:10016000AC401C4D0678761145F8264070BD1A4A01
:100170000A400243154B1B1F1A60704739B1134ADE
:10018000121D12680243114B1B1D1A6006E00F4A34
:10019000121D126882430D4B1B1D1A607047042804
:1001A00008D14FF0E021096941F004014FF0E0224D
:1001B000116107E04FF0E021096921F004014FF0DF
:1001C000E0221161704700000000FA050CED00E02C
:1001D00000E400E080E100E080FFFF1F00204449D0
:1001E0000860091D0860091D0860091D0860414874
:1001F0003F4914310860704700213D498279002A47
:100200003AD00A46126803689A430B461A600A1DE0
:10021000126803689A430B1D1A60027911440A6838
:1002200003681A430A60324A0832126803689A4324
:100230002F4B08331A601A1D126803689A432C4B1F
:100240000C331A604279102A0ED11A1F1268036803
:100250001A43274B08331A601A1D126803681A43A1
:10026000234B0C331A600DE02149427911440A688E
:1002700003681A430A6005E0027911440A680368BA
:100280009A430A6070470021016001710C2141719D
:100290000021817170471649103109680143144AE1
:1002A00010321160704701460020114A1432126862
:1002B0000A400AB1012000E0002070470C491431C7
:1002C00008607047014600200022094B1B6803EAC2
:1002D0000102074B14331B680B4013B10AB1012014
:1002E00000E00020704702491431086070470000A8
:1002F00000040140FFFF0F0010B50446CC488442C3
:1003000008D10121042000F02DFB0021042000F081
:1003100029FB46E0C748844208D10121082000F0AB
:1003200021FB0021082000F01DFB3AE0C248844276
:1003300008D10121102000F015FB0021102000F051
:1003400011FB2EE0BD48844208D10121202000F09D
:1003500009FB0021202000F005FB22E0B848844280
:1003600008D10121402000F0FDFA0021402000F0DA
:10037000F9FA16E0B348844208D10121802000F048
:10038000F1FA0021802000F0EDFA0AE0AE48844244
:1003900007D10121801500F0E5FA0021A01500F039
:1003A000E1FA10BD10B50121084600F0DBFA00218A
:1003B000012000F0D7FA10BD2DE9F04102460025DA
:1003C0000026002000230024002791F803C00CF031
:1003D0000F0591F803C00CF0100CBCF1000F03D016
:1003E00091F802C04CEA050591F800C0BCF1000F7D
:1003F00031D0146800202BE04FF0010C0CFA00F310
:10040000B1F800C00CEA03069E4220D183004FF0F1
:100410000F0C0CFA03F7BC4305FA03FC4CEA040486
:1004200091F803C0BCF1280F06D14FF0010C0CFA73
:1004300000FCC2F814C00AE091F803C0BCF1480FF8
:1004400005D14FF0010C0CFA00FCC2F810C0401CA2
:100450000828D1D31460B1F800C0BCF1FF0F34DD1F
:10046000546800202EE000F1080C4FF0010808FA53
:100470000CF3B1F800C00CEA03069E4221D18300C0
:100480004FF00F0C0CFA03F7BC4305FA03FC4CEADF
:10049000040491F803C0BCF1280F05D100F1080C49
:1004A00008FA0CF8C2F8148091F803C0BCF1480FA8
:1004B00007D100F1080C4FF0010808FA0CF8C2F857
:1004C0001080401C0828CED35460BDE8F0814FF660
:1004D000FF710180022181700421C17070470246C2
:1004E000002093680B400BB1012000E00020704712
:1004F0000146886880B2704702460020D3680B40EE
:100500000BB1012000E0002070470146C86880B2AE
:10051000704701617047416170470AB1016100E0B5
:1005200041617047C16070474FF480320A43826175
:100530008161826182698269704702460020434B73
:1005400018684FF68073184040EA021008433F4B8A
:10055000186070473E49C8617047F0B50A460023ED
:1005600000240021002500F00046B6F1004F02D122
:10057000364EF16901E0354E7168C0F3034583B230
:1005800000F44016B6F5401F08D121F070612F4EDF
:10059000766826F070662D4F7E6012E000F48016BB
:1005A000B6F5801F06D1032606FA05F4A14341F0F3
:1005B000706106E0460D360103FA06F6B14341F0DC
:1005C000706122B1460D360103FA06F6314300F0A0
:1005D0000046B6F1004F02D11C4EF16101E01B4E06
:1005E0007160F0BD30B500228B071C0F0F2303FA9A
:1005F00004F2164B08338C1053F824309343134CF9
:1006000008348D1044F8253023468C1053F82430DC
:100610008C07240F00FA04F423430C4C08348D108B
:1006200044F8253030BD0A49DC31086070470000CD
:1006300000080140000C014000100140001401407E
:1006400000180140001C0140002001400000014052
:1006500000002042DF48006840F00100DD490860EA
:1006600008464068DC490840DA49486008460068A6
:10067000DA490840D74908600846006820F480201D
:1006800008600846406820F4FE0048604FF41F00F0
:1006900088607047CF49096821F48031CD4A1160E4
:1006A0001146096821F480211160B0F5803F03D024
:1006B000B0F5802F0ED106E0C649096841F48031BB
:1006C000C44A116007E0C349096841F4A021C14A46
:1006D000116000E000BF00BF704710B50146002266
:1006E000002300204A11012A02D1BA4C236806E0F7
:1006F000022A02D1B74C236A01E0B64C636A01F0CA
:100700001F02012494401C400CB1012000E0002095
:1007100010BD38B5002000900024002500BF312016
:10072000FFF7DBFF05460098401C00900098B0F5ED
:10073000A06F01D0002DF2D03120FFF7CEFF08B11D
:10074000012400E00024204638BD01460020A14AD3
:10075000106820F0F80040EAC10010607047A0491E
:1007600008607047024600209A4B586820F47C10BD
:1007700042EA01031843974B58607047984908664E
:10078000704701460020934A506820F00300084358
:10079000506070478F48406800F00C007047014679
:1007A00000208C4A506820F0F000084350607047E9
:1007B00001460020874A506820F4E06008435060FA
:1007C000704701460020834A506820F4605040EA98
:1007D000C1005060704729B17E4A527A02437D4B76
:1007E0005A7204E07B4A527A82437A4B5A727047BB
:1007F0007B49D8310860704701460020754A50682F
:1008000020F440400843506070470021714A203274
:100810001170704A82F82010012802D004280AD1F1
:1008200004E001216B4A2032117005E00521694A7C
:100830002032117000E000BF00BF704769490860B6
:1008400070476449096A0143624A11627047654909
:1008500044390860704730B500210022002400238D
:100860005C4D6D6805F00C0121B1042905D0082903
:1008700023D105E05C4D056022E05B4D05601FE083
:10088000544D6D6805F47012524D6D6805F4803456
:10089000022505EB92421CB9544D554305600BE00F
:1008A0004C4D6D6805F400351DB1504D5543056044
:1008B00002E04D4D5543056002E04B4D056000BF21
:1008C00000BF444D6D6805F0F0010909484D6B5CAF
:1008D0000568DD4045603F4D6D6805F4E061090A3B
:1008E000434D6B5C4568DD4085603A4D6D6805F4AD
:1008F0006051C90A3E4D6B5C4568DD40C560354DB1
:100900006D6805F44041890B3A4D6B5CC568B5FBD9
:10091000F3F5056130BD29B12E4A526902432D4BD2
:100920005A6104E02B4A526982432A4B5A6170474C
:1009300029B1284A92690243264B9A6104E0254A6C
:1009400092698243234B9A61704729B1214AD26947
:100950000243204BDA6104E01E4AD26982431D4BF8
:10096000DA61704729B11B4AD2680243194BDA6039
:1009700004E0184AD2688243164BDA60704729B106
:10098000144A12690243134B1A6104E0114A1269B6
:100990008243104B1A617047124940390860704712
:1009A0000F49C86470470B49C87170470948406ACD
:1009B00040F0807007494862704701460020054AB0
:1009C00092680A400AB1012000E000207047014906
:1009D00088727047001002400000FFF8FFFFF6FE2B
:1009E000000042428004424200127A0000093D00A9
:1009F000000000201000002010B50446FE4884428C
:100A000008D10121C014FFF7ADFF0021E014FFF76A
:100A1000A9FFC4E0B4F1804F08D101210846FFF7D7
:100A2000AEFF00210120FFF7AAFFB8E0F34884429F
:100A300008D101210220FFF7A2FF00210220FFF7C9
:100A40009EFFACE0EE48844208D101210420FFF76C
:100A500096FF00210420FFF792FFA0E0E9488442BE
:100A600008D101210820FFF78AFF00210820FFF7A5
:100A700086FF94E0E448844208D101211020FFF76A
:100A80007EFF00211020FFF77AFF88E0DF488442D4
:100A900008D101212020FFF772FF00212020FFF75D
:100AA0006EFF7CE0DA48844208D101214014FFF750
:100AB00059FF00216014FFF755FF70E0D5488442CC
:100AC00009D10121C804FFF74DFF00214FF4002098
:100AD000FFF748FF63E0D048844209D101210805AF
:100AE000FFF740FF00214FF48010FFF73BFF56E077
:100AF000CA48844209D101214805FFF733FF00218C
:100B00004FF40010FFF72EFF49E0C548844208D19A
:100B100001214020FFF733FF00214020FFF72FFF86
:100B20003DE0C048844208D101218020FFF727FF23
:100B300000218020FFF723FF31E0BB48844208D129
:100B400001218015FFF71BFF0021A015FFF717FFFC
:100B500025E0B648844209D101210804FFF702FFCD
:100B600000214FF48030FFF7FDFE18E0B0488442CA
:100B700009D101214804FFF7F5FE00214FF40030B0
:100B8000FFF7F0FE0BE0AB48844208D10121880456
:100B9000FFF7E8FE00214FF48020FFF7E3FE10BDD1
:100BA00000220288944B98420ED0994B98420BD069
:100BB000B0F1804F08D0914B984205D0904B9842AD
:100BC00002D0904B984204D14FF68F731A404B8855
:100BD0001A438D4B984207D08C4B984204D04FF665
:100BE000FF431A40CB881A4302808B8883850B8889
:100BF0000385814B98420BD0854B984208D08B4B94
:100C0000984205D08A4B984202D08A4B984201D133
:100C10000B7A038601238382704770B5002400227B
:100C20000023058C4FF6FE7635400584028C8388C0
:100C3000048B4FF68F752C40B51E2C400D882C432D
:100C4000751E2A400D892A434D882A436A4DA842C1
:100C50000BD06F4DA84208D0744DA84205D0744DFA
:100C6000A84202D0734DA84213D14FF6F7752A401F
:100C70004D892A434FF6FB752A408D882A434FF64B
:100C8000FF652B404FF6FF552B408D892B43CD89B7
:100C90002B4383800483CD888586028470BD70B524
:100CA000002400220023058C4FF6EF7635400584A2
:100CB000028C8388048B48F6FF752C404FF6FF4565
:100CC0002C400D884FF6FF7606EA05252C434FF69B
:100CD000DF752A400D8906EA05152A434D8806EA84
:100CE00005152A43444DA84202D0494DA8421DD1C2
:100CF0004FF67F752A404D894FF6FF7606EA0515B7
:100D00002A434FF6BF752A408D8806EA05152A4307
:100D10004FF6FF352B404FF2FF752B408D8906EAC9
:100D200085052B43CD8906EA85052B438380048303
:100D3000CD880587028470BD70B500240022002391
:100D4000058C4FF6FF6635400584028C8388848BC2
:100D50004FF68F752C404FF6FC752C400D882C43B8
:100D60004FF6FF552A400D894FF6FF7606EA052516
:100D70002A434D8806EA05252A431F4DA84202D082
:100D8000234DA8421DD14FF2FF752A404D894FF6E1
:100D9000FF7606EA05252A434FF6FF352A408D885F
:100DA00006EA05252A434EF6FF752B404DF6FF75E2
:100DB0002B408D8906EA05152B43CD8906EA0515DA
:100DC0002B4383808483CD888587028470BD70B572
:100DD000002200230024058C4EF6FF763540058462
:100DE000038C8488828B48F6FF752A404FF6FF45B6
:100DF0002A400D8820E00000002C01400004004043
:100E000000080040000C00400010004000140040AA
:100E100000340140004C01400050014000540140AA
:100E200000180040001C004000200040004001402D
:100E300000440140004801404FF6FF7606EA0525D0
:100E40002A434DF6FF752B400D8906EA05352B43E5
:100E50004D8806EA05352B43FA4DA84202D0FA4DDB
:100E6000A84208D14BF6FF752C408D894FF6FF76CE
:100E700006EA85152C4384808283CD88A0F84050F3
:100E8000038470BD828B4FF2FF331A408283828BC2
:100E90004FF6FF7303EA01231A4382837047F0B5CC
:100EA0000C461546002200210026078C4EF6FF7CDA
:100EB00007EA0C070784828B018C4FF6FF7707EA5D
:100EC000043640F6FF473A404FF6FF7707EA05271A
:100ED0003A434FF6FF7707EA03373A43D94FB84210
:100EE0000ED0D94FB8420BD0B0F1804F08D0D74FB9
:100EF000B84205D0D64FB84202D0D64FB84206D13C
:100F00004DF6FF77394046F48057394305E047F600
:100F1000FF57394044F48057394382830184F0BD40
:100F2000828B4FF6F3731A408283828B0A4382834B
:100F30007047F0B50C461546002200210026078CAC
:100F40004FF6FF6C07EA0C070784828B018C4FF683
:100F5000FF7707EA04264FF60C773A404FF6FF7703
:100F600007EA03172F433A43B64FB8420ED0B64FA5
:100F7000B8420BD0B0F1804F08D0B44FB84205D082
:100F8000B34FB84202D0B34FB84206D14FF6FF5725
:100F9000394046F48077394305E04FF2FF57394036
:100FA00044F48077394382830184F0BD028B4FF291
:100FB000FF331A400283028B4FF6FF7303EA0123CB
:100FC0001A4302837047F0B50C46154600220021F3
:100FD0000026078C4FF6EF7C07EA0C070784028B8C
:100FE000018C4FF6FF7707EA041640F6FF473A40B8
:100FF0004FF6FF7707EA03373A434FF6FF7707EAE2
:1010000005273A438F4FB8420ED08F4FB8420BD0CE
:10101000B0F1804F08D08D4FB84205D08C4FB84208
:1010200002D08C4FB84206D14FF6DF77394046F0F8
:101030001007394305E04FF65F77394044F0100759
:10104000394302830184F0BD028B4FF6F3731A40DB
:101050000283028B0A4302837047F0B50C461546A3
:1010600000220021068C4FF6FE773E400684028B5C
:10107000018C4FF60C7632407E1C06EA03162E4396
:101080003243704EB0420ED06F4EB0420BD0B0F132
:10109000804F08D06D4EB04205D06D4EB04202D0A8
:1010A0006C4EB04206D14FF6FD76314044F0010659
:1010B000314305E04FF6F576314044F00106314307
:1010C00002830184F0BD70B505460C465D4885423B
:1010D0000ED05D4885420BD0B5F1804F08D05B48FB
:1010E000854205D05A48854202D05A48854200D1EF
:1010F00000E000BF208850B92389A2886188284673
:10110000FFF7ABFFE1882846FFF79EFF25E0208828
:1011100004280AD12389A28861882846FFF753FF53
:10112000E1882846FFF742FF17E0208808280AD107
:101130002389A28861882846FFF7FBFEE1882846BC
:10114000FFF7EEFE09E02389A28861882846FFF7B1
:10115000A6FEE1882846FFF795FE70BD2DE9F04117
:1011600005460C4600260127608808B9022600E0E3
:101170000026A088012801D1022700E0012720884D
:10118000A0B92389A28861882846FFF766FFE18815
:101190002846FFF759FF23893A4631462846FFF78C
:1011A00012FFE1882846FFF701FF13E02389A28898
:1011B00061882846FFF707FFE1882846FFF7F6FE1B
:1011C00023893A4631462846FFF747FFE1882846FB
:1011D000FFF73AFFBDE8F0810A884B881A438B88F5
:1011E0001A43CB881A430B891A434B891A438B89BC
:1011F0001A43A0F8442070474FF6FF718180002108
:101200000180C180418001727047002101804180CE
:101210008180C180018141818181C181704700212C
:1012200001804180012181800021C18001817047BE
:101230000021018041808180C180018141818181C3
:1012400070470000002C01400034014000040040C1
:1012500000080040000C004021B1028842F0010269
:10126000028004E002884FF6FE731A400280704745
:1012700031B1B0F8442042F40042A0F8442005E027
:10128000B0F84420C2F30E02A0F8442070471AB10F
:1012900083890B43838102E083898B438381704779
:1012A0008182704741EA0203A0F8483070471AB1C2
:1012B00083890B43838102E083898B438381704759
:1012C00001894FF6F8721140018170470A460021EA
:1012D00001894FF68F73194011430181704730B572
:1012E00004460D4629462046FFF7F0FF208940F0CE
:1012F0000700208130BD2DE9F04104460D46164619
:101300001F46602D06D13B46012231462046FFF79D
:101310005AFE05E03B46012231462046FFF79DFE7E
:1013200029462046FFF7D2FF208940F007002081A0
:10133000BDE8F08130B50C4600210189C9B24FF6F5
:10134000FF7505EA0325154325432943018130BD77
:101350002DE9F04105460E461746984600244346BF
:101360003A4631462846FFF7E5FF2C894FF6F870DC
:10137000044044F007044FF68F70044044F07004BA
:101380002C81BDE8F081F0B504460D4616461F4697
:101390003B46324629462046FFF7CCFF208940F4E1
:1013A00080402081F0BD0185828270470A4600217D
:1013B00001884FF68F731940114301807047F0B5D3
:1013C0000C4615461E460021002200230189028B8F
:1013D000038C4FF6F877394021434FF6FC473A40EB
:1013E00040F201173A434FF6DD773B404FF6FF7767
:1013F00007EA06172F433B43018102830384F0BDB4
:101400000A460021018B4FF68F7319401143018367
:1014100070470A460021018B48F6FF7319404FF6CA
:10142000FF7303EA02231943018370470A46002130
:10143000818B4FF68F7319401143818370470A46A1
:101440000021818B48F6FF7319404FF6FF7303EAC2
:10145000022319438183704721B1028842F0800240
:10146000028004E002884FF67F731A4002807047C2
:1014700021B1828842F00402828004E082884FF623
:10148000FB731A408280704721B1828842F00802C3
:10149000828004E082884FF6F7731A40828070479A
:1014A00021B1828842F00102828004E082884FF6F6
:1014B000FE731A40828070470A460021018B4FF666
:1014C000F77319401143018370470A460021018BCD
:1014D0004FF2FF7319404FF6FF7303EA02231943DB
:1014E000018370470A460021818B4FF6F77319403C
:1014F0001143818370470A460021818B4FF2FF73AD
:1015000019404FF6FF7303EA0223194381837047A2
:101510000A460021018B4FF6FB73194011430183EA
:1015200070470A460021018B4FF6FF3319404FF6F2
:10153000FF7303EA02231943018370470A4600211F
:10154000818B4FF6FB7319401143818370470A4624
:101550000021818B4FF6FF3319404FF6FF7303EAEA
:1015600002231943818370470A460021018B4FF6FD
:101570007F7319401143018370470A460021018B94
:10158000C1F30E014FF6FF7303EA022319430183EF
:1015900070470A460021818B4FF67F731940114333
:1015A000818370470A460021818BC1F30E014FF6FB
:1015B000FF7303EA02231943818370470A4600211F
:1015C000018C4FF6FD7319401143018470470A46A0
:1015D0000021018C4FF6F7731940114301847047C5
:1015E0000A460021018C4FF6DF7319404FF6FF7356
:1015F00003EA02131943018470470A460021018C53
:101600004FF67F7319404FF6FF7303EA0213194335
:10161000018470470A460021018C4FF6FF531940A0
:101620004FF6FF7303EA02231943018470470A4609
:101630000021018C4FF2FF7319404FF6FF7303EA4C
:1016400002231943018470470A460021018C4DF69C
:10165000FF7319404FF6FF7303EA02331943018405
:10166000704730B5002301248C40A3B2048C9C4306
:101670000484048C02FA01F5ADB22C43048430BD1D
:1016800030B5002304248C40A3B2048C9C43048412
:10169000048C02FA01F5ADB22C43048430BD70B560
:1016A0000346002000241846183001258D40ACB2B6
:1016B0001D8CA5431D8409B1082909D100EB6100E7
:1016C000056825F0700505600568154305600EE0A6
:1016D0000D1FC5F34E052844056825F4E045056057
:1016E00005684FF6FF7606EA02263543056070BDB1
:1016F00021B1028842F00202028004E002884FF623
:10170000FD731A400280704721B1028842F0040242
:10171000028004E002884FF6FB731A400280704793
:1017200021B1828842F08002828004E082884FF6F4
:101730007F731A408280704702884FF6F7731A4011
:10174000028002880A430280704782884FF68F73B6
:101750001A40828082880A438280704702894FF64D
:10176000F8731A40028102890A4302817047028994
:101770004FF67F731A40028102890A430281704743
:1017800081847047818570478186704701877047E3
:1017900081877047A0F84010704702884FF6FF43DA
:1017A0001A40028002880A43028070470146888EF0
:1017B00070470146088F70470146888F7047014681
:1017C000B1F8400070470146888C70470146088D8B
:1017D000704702460020138A0B400BB1012000E045
:1017E00000207047CA430282704730B5024600208D
:1017F00000230024158A05EA0103958905EA0104FE
:1018000013B10CB1012000E0002030BDCA430282B8
:101810007047000010B50446FB48844209D10121FD
:101820008803FFF79FF800214FF48040FFF79AF8F4
:1018300032E0F648844209D101214804FFF79FF8BD
:1018400000214FF40030FFF79AF825E0F048844279
:1018500009D101218804FFF792F800214FF480207C
:10186000FFF78DF818E0EB48844209D10121C80444
:10187000FFF785F800214FF40020FFF780F80BE018
:10188000E548844208D101210805FFF778F80021D6
:101890004FF48010FFF773F810BD2DE9F04786B0C4
:1018A00005460E460024A24600BFA1460027B08987
:1018B00000B100BF2F462C8A4CF6FF700440F08820
:1018C00004432C82AC894EF6F3100440B088318971
:1018D0000843718908430443AC81AC8A4FF6FF404A
:1018E0000440B0890443AC8201A8FEF7B4FFC648A7
:1018F000874202D1DDF810A001E0DDF80CA0A88934
:1019000000F4004040B10AEBCA0000EB0A10316855
:101910004900B0FBF1F807E00AEBCA0000EB0A103F
:1019200031688900B0FBF1F86420B8FBF0F00401E5
:101930002009642101FB1089A88900F4004040B10E
:10194000322000EBC900B0FBF1F000F007000443C7
:1019500008E0322000EB09106421B0FBF1F000F048
:101960000F0004432C8106B0BDE8F0874FF41651F8
:10197000016000218180C18001810C214181002111
:101980008181704710B502460020108A4FF2FF0394
:1019900018400B884C8823438C882343CC882343EE
:1019A0001843108210BD0021018041808180C180D8
:1019B000704721B1828942F40052828104E0828919
:1019C0004DF6FF731A4082817047F0B5034600243C
:1019D00000260025002040F66A17B94200D100BF5A
:1019E0001846C1F3421401F01F06012707FA06F555
:1019F000012C01D10C3004E0022C01D1103000E0A8
:101A000014301AB107682F43076002E00768AF433C
:101A10000760F0BD1AB1838A0B43838202E0838A98
:101A20008B4383827047028A4FF6F0731A4002821A
:101A3000028A0A430282704782894FF2FF731A407A
:101A4000828182890A438281704721B1828942F072
:101A50000202828104E082894FF6FD731A4082817E
:101A60007047028A4FF6DF731A400282028A0A43E5
:101A70000282704721B1028A42F48042028204E06D
:101A8000028A4BF6FF731A4002827047C1F30802C4
:101A90008280704701468888C0F3080070478189BA
:101AA00041F0010181817047028BD2B20283028B27
:101AB00042EA012202837047028B02F47F420283D2
:101AC000028B0A430283704721B1828A42F02002CE
:101AD000828204E0828A4FF6DF731A408282704766
:101AE00021B1828A42F01002828204E0828A4FF69B
:101AF000EF731A408282704721B1828A42F0080255
:101B0000828204E0828A4FF6F7731A40828270471D
:101B100021B1828942F40042828103E08289C2F3CA
:101B20000E028281704721B1828A42F40062828271
:101B300004E0828A4FF2FF731A4082827047828AE1
:101B40004FF6FB731A408282828A0A438282704770
:101B500021B1828A42F00202828204E0828A4FF638
:101B6000FD731A408282704702460020B1F5007F63
:101B700000D100BF13880B400BB1012000E0002012
:101B8000704701F40072B2F5007F00D100BFCA4374
:101B90000280704770B50246002400230025002013
:101BA00040F66A16B14200D100BFC1F3421501F000
:101BB0001F03012606FA03F3012D02D19689334053
:101BC00006E0022D02D1168A334001E0968A3340A6
:101BD0000C12012606FA04F41688344013B10CB135
:101BE000012000E0002070BD10B50022002340F667
:101BF0006A14A14200D100BF0A1201249440A3B28A
:101C0000DC43048010BD0000003801400044004067
:101C100000480040004C00400050004010B5044611
:101C2000FA48844208D101214015FEF79BFE0021AD
:101C30006015FEF797FE17E0F548844208D10121B0
:101C40000015FEF78FFE00212015FEF78BFE0BE03E
:101C5000F048844208D10121C803FEF783FE002129
:101C60004FF40040FEF77EFE10BD30B50246002066
:101C700000235068E84C20400D790C6844EA0524A4
:101C8000204350609068E54C2040D1E902542C4339
:101C90004D7944EA450420439060D06A20F47000F6
:101CA0000C7C641EE4B2234340EA0350D06230BD92
:101CB00000210160017141718160C16001210174E5
:101CC000704721B1826842F00102826003E08268BD
:101CD00022F001028260704721B1826842F4807272
:101CE000826003E0826822F480728260704710B5DF
:101CF0000023CBB21AB144681C43446002E044683C
:101D00009C43446010BD816841F0080181607047C8
:101D1000014600208A6802F008020AB1012000E0B2
:101D200000207047816841F00401816070470146DE
:101D300000208A6802F004020AB1012000E00020BD
:101D4000704721B1826842F4A002826003E0826899
:101D500022F4A00282607047014600208A6802F4E3
:101D600080020AB1012000E00020704710B50A4649
:101D700000210023416821F46041531E41EA4331B0
:101D8000416010BD21B1426842F40062426003E04C
:101D9000426822F4006242607047F0B504460D4686
:101DA00000200021092D11DDE068A5F10A0606EBEF
:101DB0004607072606FA07F18843A5F10A0606EB4F
:101DC000460603FA06F10843E0600CE0206905EBE3
:101DD0004507072606FA07F1884305EB450603FA8F
:101DE00006F108432061072A0FDA606B561E06EBE6
:101DF00086071F2606FA07F18843561E06EB86065D
:101E000005FA06F10843606322E00D2A0FDA206B21
:101E1000D61F06EB86071F2606FA07F18843D61F52
:101E200006EB860605FA06F10843206310E0E06A37
:101E3000A2F10D0606EB86071F2606FA07F1884376
:101E4000A2F10D0606EB860605FA06F10843E062EC
:101E5000F0BD21B1826842F48012826003E08268A2
:101E600022F48012826070470146C86C80B27047CD
:101E700066484C300068704721B1426842F4806285
:101E8000426003E0426822F480624260704721B100
:101E9000426842F48052426003E0426822F4805279
:101EA000426070470A460021816821F4E0411143F5
:101EB0008160704721B1826842F40042826003E091
:101EC000826822F400428260704721B1826842F445
:101ED0000212826003E0826822F40212826070477C
:101EE000014600208A6802F400120AB1012000E0D5
:101EF00000207047F0B50446154600200022002659
:101F0000092911DDE068A1F10A0707EB470C072753
:101F100007FA0CF29043A1F10A0707EB470703FA0F
:101F200007F21043E0600CE0206901EB410C072749
:101F300007FA0CF2904301EB410703FA07F2104352
:101F40002061A06BC0F30156EF1C06F1010CA7EB5A
:101F50000C0707EB870C1F2707FA0CF29043EF1CC6
:101F600006F1010CA7EB0C0707EB870701FA07F254
:101F70001043A063F0BD10B50A4600210023816B19
:101F800021F44011531E41EA0351816310BD08B58D
:101F9000002300930090009B0B440093009B1A6069
:101FA00008BD08B5024600200090009201F128000B
:101FB000009B184400900098006880B208BD0A4653
:101FC00000214168164B194011434160704741623E
:101FD000826270470A460021416821F01F011143C7
:101FE0004160704740B109490831096841F4000176
:101FF000064A0832116007E004490831096821F4F3
:102000000001024A083211607047000000240140BC
:1020100000280140003C0140FFFEF0FFFDF7F1FF0A
:10202000FFFD3FFF0246002013680B400BB101206B
:1020300000E000207047CA430260704770B5024656
:102040000020002300240B125568CEB205EA0604D6
:1020500015681D4015B10CB1012000E0002070BDD5
:1020600000220A12D3430360704700000CB5002021
:10207000019000906C48006840F480306A49086024
:1020800000BF6948006800F4003000900198401CCF
:102090000190009818B90198B0F5A06FF1D162488D
:1020A000006800F4003010B10120009001E0002031
:1020B00000900098012843D15C48006840F010006F
:1020C0005A4908600846006820F003000860084686
:1020D000006840F002000860534840685249486078
:1020E0000846406848600846406840F480604860A0
:1020F0000846406820F47C1048600846406840F478
:10210000E81048600846006840F08070086000BF32
:102110004548006800F000700028F9D04248406847
:1021200020F00300404948600846406840F0020043
:10213000486000BF3C48406800F00C000828F9D116
:102140000CBD10B5FFF792FF10BD10B53648006802
:1021500040F00100344908600846406834490840AE
:102160003149486008460068324908402E490860F5
:102170000846006820F4802008600846406820F483
:10218000FE0048604FF41F008860FFF7DAFF4FF051
:1021900000602949086010BD10B500210020002210
:1021A000214B5B6803F00C0121B1042906D00829FA
:1021B00028D107E0214B224C236027E01F4B204C05
:1021C000236023E0184B5B6803F47010164B5B68C8
:1021D00003F48032022303EB904022B9194B4343AE
:1021E000174C23600DE0104B5B6803F4003323B100
:1021F000144B4343124C236003E0104B4343104CF9
:10220000236003E00D4B0E4C236000BF00BF064B64
:102210005B68C3F303130C4CE15C094B1B68CB40B8
:10222000074C236010BD0000001002400020024057
:102230000000FFF8FFFFF6FE08ED00E000127A0054
:102240001400002000093D0018000020014605E0B0
:10225000002001E0421CD0B20A28FBDB0A1EA1F1DB
:102260000101F5D1704710B5044603E04FF47A70D0
:10227000FFF7ECFF201EA4F10104F7D110BD704759
:1022800008B50720009002E00098401E00900098DA
:102290000028F9D108BD10B54FF40070E649086078
:1022A00040100860FFF7ECFFE3480838006808B901
:1022B000012000E0002000F4007008B1002010BDF3
:1022C0004FF40070DC49091D0860FFF7D9FFDA48B8
:1022D0000838006800F4007008B10020EFE74FF400
:1022E0000070D549091D0860FFF7CAFF0120E6E725
:1022F00010B54FF48070D049091D0860FFF7C0FF8A
:102300004FF40070CC49091D0860FFF7B9FF4FF486
:102310008070C9490860FFF7B3FF4FF40070C649E9
:102320000860FFF7ADFF10BD10B54FF48070C249D3
:10233000091D0860FFF7A4FF4FF40070BE49091D96
:102340000860FFF79DFF4FF48070BB490860FFF7FE
:1023500097FF4FF48070B849091D0860FFF790FFA0
:1023600010BD10B54FF48070B349091D0860FFF728
:1023700087FF4FF40070B0490860FFF781FF4FF40A
:102380008070AD490860FFF77BFF4FF48070AA4969
:10239000091D0860FFF774FF10BD10B54FF4807081
:1023A000A549091D0860FFF76BFF4FF40070A249B3
:1023B0000860FFF765FF4FF480709F490860FFF7E2
:1023C0005FFF9D480838006800F4007030B14FF49A
:1023D00080709949091D0860002010BD4FF480707D
:1023E0009549091D08600120F7E770B504460825E6
:1023F0001DE04FF480709049091D0860FFF740FF11
:1024000004F0800020B14FF400708B49086004E0B4
:102410004FF400708849091D08606006040EFFF73C
:102420002FFF4FF4807084490860FFF729FF281EB2
:10243000A5F10101CDB2DCD14FF480707E49091DB8
:10244000086070BD70B508250024A8017A490860AD
:1024500016E06006040E4FF480707749091D08608D
:10246000FFF70EFF4FF4807073490860FFF708FF15
:1024700071480838006800F4007008B144F00104A5
:10248000281EA5F10101CDB2E3D14FF480706A4955
:10249000091D0860204670BD08B501210820FEF71F
:1024A00047FA4FF44070ADF8000002208DF80200AA
:1024B00014208DF8030069465F481038FDF77CFF53
:1024C00008BD2DE9F04105460E4617469846FFF730
:1024D000E2FE10B90020BDE8F081002141EA45018B
:1024E000C8B2FFF782FFFFF758FF18B9FFF700FFE8
:1024F0000020F0E73046FFF778FFFFF74EFF00249B
:102500000BE018F80400FFF770FFFFF746FF18B95B
:10251000FFF7EEFE0020DEE7641CBC42F1DBFFF7B4
:10252000E7FE0120D7E72DE9F04104460D461646A7
:102530001F463B46324629462046FFF7C2FF10B1F0
:102540000020BDE8F0814FF0FF30FAE72DE9F041BF
:1025500005460F4614461E46FFF79DFE10B90020A3
:10256000BDE8F081002141EA4501C8B2FFF73DFF17
:10257000FFF713FF18B9FFF7BBFE0020F0E738465E
:10258000FFF733FFFFF709FFFFF785FE012101EB9E
:102590004501C8B2FFF729FFFFF7FFFE0CE0FFF788
:1025A00051FF3070012C02D1FFF7DBFE01E0FFF795
:1025B000BBFE761C601EC4B2002CF0D1FFF798FE63
:1025C0000120CDE72DE9F04104460D4616461F4691
:1025D0003B46324629462046FFF7B8FF10B100209F
:1025E000BDE8F0814FF0FF30FAE770B504460D46C4
:1025F0001646FFF750FE08B9002070BD002141EAE1
:102600004401C8B2FFF7F1FEFFF7C7FE18B9FFF7A4
:102610006FFE0020F1E72846FFF7E7FEFFF7BDFE5B
:102620003046FFF7E2FEFFF7B8FEFFF761FE01203C
:10263000E3E7002070470000100C014008B50121BD
:102640001120FEF775F901210B48FDF786FF4FF4C5
:10265000C040ADF8000003208DF8020010208DF876
:10266000030069460548FDF7A7FE4FF4C041034843
:10267000FDF74FFF08BD00000002300000100140D0
:10268000002400270026FFF760FD41F61F4141F2BC
:10269000883001F08DFF01F0C7FF01F0F7FD00F079
:1026A000DBF800F03DF8FFF7C9FF02F043F800F057
:1026B000E9F800F050F9FFF7EFFE0A2000F028FEDD
:1026C00000F05CFA00F0CCFD00F043FE002108466B
:1026D00001F0A3FC104807784FF0E020006940F0BB
:1026E00001004FF0E021086114E000F0B7FA6EB984
:1026F00009480578E81BC0B204442F46B4F5C87FEA
:1027000003D3064800F014FE012600BF01F08DFD42
:1027100001F03DFCE9E70000A40000200000DC42DD
:1027200008B501210820FEF703F94FF47040ADF819
:10273000000010208DF8030003208DF80200694688
:10274000FE48FDF739FE4FF47041FC48FDF7E1FE0D
:1027500008BD08B501210846FEF7F7F8012104205D
:10276000FEF7E6F80C20ADF8000018208DF8030005
:1027700003208DF802006946F148FDF71DFE08BDF3
:1027800030B587B00025002440F2E730ADF81400E2
:102790000020ADF81000ADF81600ADF8120004A945
:1027A0004FF08040FEF7FCF96020ADF800000120FA
:1027B000ADF80200ADF806500020ADF808006946FB
:1027C0004FF08040FEF7B8FA0821C806FEF78AFEEF
:1027D0000120ADF80200ADF806400020ADF8080079
:1027E00069464FF08040FEF7F2FA0821C806FEF76E
:1027F00082FE01218807FEF72FFE01218807FEF7E0
:102800002BFD07B030BD2DE9FF4104460D4627469C
:102810002E466020ADF800000120ADF80200ADF8B2
:1028200006700020ADF8080069464FF08040FEF7C2
:1028300083FA0821C806FEF755FE0120ADF8020014
:10284000ADF8066069468007FEF7C1FA0821C806A0
:10285000FEF751FEBDE8FF8110B5FFF77AFFFFF7E5
:102860008FFF10BDB7490888098821F00101B54ADA
:1028700011807047B4490888098821F00101B24AE3
:102880001180704700B589B001210220FEF75DF884
:1028900001210420FEF74CF801A8FDF718FEC02026
:1028A000ADF8040004208DF8070003208DF8060021
:1028B00001A9A348FDF780FD4FF4A060FDF720FCBF
:1028C0001D208DF8080001208DF8090003208DF8E7
:1028D0000A0001208DF80B0002A8FDF716FC9948AC
:1028E0001038FEF789F806A8FEF786FC0020ADF840
:1028F00018004FF6FF70ADF81C000020ADF81E0068
:10290000ADF81A0006A98F481038FEF749F90A23D6
:102910001A4603218B481038FEF751FD03A8FEF735
:102920007EFC0620ADF8140003A986481038FEF797
:10293000CAFB012183481038FEF754FF01221146DB
:1029400080481038FEF7A3FC01217E481038FEF7BE
:1029500083FC09B000BD00B589B001210420FDF75A
:10296000F4FF01210820FDF7E3FF01A8FDF7AFFD0B
:10297000C020ADF8040004208DF8070003208DF876
:10298000060001A96D48FDF717FD4FF4A060FDF7A3
:10299000B7FB1E208DF8080001208DF809000320E8
:1029A0008DF80A0001208DF80B0002A8FDF7ADFBA1
:1029B00065481038FEF720F806A8FEF71DFC002039
:1029C000ADF818004FF6FF70ADF81C000020ADF810
:1029D0001E00ADF81A0006A95B481038FEF7E0F8B3
:1029E0000A231A46032158481038FEF7E8FC03A8CA
:1029F000FEF715FC0620ADF8140003A95248103864
:102A0000FEF761FB012150481038FEF7EBFE012272
:102A100011464D481038FEF73AFC01214A4810385B
:102A2000FEF71AFC09B000BD00B585B001210420F5
:102A3000FDF77EFF01210220FDF787FF8020ADF822
:102A4000100004208DF8130003208DF8120004A953
:102A50003B48FDF7B1FC4FF4A060FDF751FB1D2092
:102A60008DF8000001208DF8010003208DF8020090
:102A700001208DF803006846FDF747FB3148103808
:102A8000FDF7BAFF4FF6FF70ADF808000020ADF873
:102A90000400ADF80A00ADF8060001A92948103875
:102AA000FEF77EF800231A46602126481038FEF70C
:102AB00022FC002123481038FEF762FE0121214844
:102AC0001038FEF7C9FB05B000BD00B585B0012187
:102AD0000820FDF72DFF01210420FDF736FF80209F
:102AE000ADF8100004208DF8130003208DF81200BB
:102AF00004A91248FDF760FC4FF4A060FDF700FB4D
:102B00001E208DF8000001208DF8010003208DF8B3
:102B1000020001208DF803006846FDF7F6FA0A4826
:102B20001038FDF769FF4FF6FF70ADF80800002080
:102B3000ADF80400ADF80A0008E00000000C014008
:102B4000000801401004004010080040ADF80600E5
:102B500001A90948FEF724F800231A466021064817
:102B6000FEF7C9FB00210448FEF70AFE01210248D6
:102B7000FEF772FB05B000BD0008004070B50024F0
:102B800002F0A3FA0446002C60D17CA001F0FBFC0B
:102B9000782001F0FCFE18B981A001F0F4FC02E0FD
:102BA00087A001F0F0FC782002F0DEF818B98FA0C1
:102BB00001F0E9FC02E096A001F0E5FC642002F0DF
:102BC000B4F918B99EA001F0DEFC02E0A6A001F065
:102BD000DAFC03F06BFD18B9ACA001F0D4FC02E004
:102BE000B7A001F0D0FCC54804F03CFC054603F05A
:102BF00067FD18B9C2A001F0C6FC02E0CAA001F04E
:102C0000C2FC40F2731004F09CF918B9D2A001F094
:102C1000BAFC02E0D9A001F0B6FC642003F00AFF80
:102C200018B9E2A001F0AFFC02E0E9A001F0ABFCB2
:102C300004F02CFC012003F07FFA18B9EFA001F09A
:102C4000A2FC0AE0F6A001F09EFC06E04FF4005161
:102C5000FE48FDF760FC00BFFEE770BD2DE9F04FB8
:102C600089B0FB48FB49FC4BFC4ACDE90010FC490C
:102C7000FC4804F0C5FAF748008800F4807000288A
:102C80007AD0F649086804F033FF04464FF09D41BE
:102C900004F068FDF4490860F049486804F028FF32
:102CA00004464FF09D4104F05DFDF0490860EB499A
:102CB000886804F01DFF04464FF09D4104F052FD6A
:102CC000EB490860E549C86804F012FF04464FF07C
:102CD0009D4104F047FDE7490860E34801684FF073
:102CE000804004F00DFD0690E1480168069804F06C
:102CF00007FD8246DD4801684FF0404004F000FDCA
:102D00000690DC480168069804F0FAFC83465146B8
:102D100004F09EFC079004F037FF064606F05CF9CD
:102D200080464FF06632D44B04F001FE044604F0B6
:102D300057FFD2490860CE4801684FF0804004F048
:102D4000DFFC0390CA480168039804F0D9FC82466E
:102D5000C64801684FF0404004F0D2FC0390C348DD
:102D60000168039804F0CCFC8346514604F0C2FC91
:102D700081464FF07E5183E10CE200006D707520BA
:102D8000696E697469616C697A6174696F6E2063D8
:102D90006F6D706C6574652E2E2E2E2E2E0A2000FF
:102DA0006D70755F7365745F73656E736F722063AA
:102DB0006F6D706C657465202E2E2E2E2E2E0A00DF
:102DC0006D70755F7365745F73656E736F7220638A
:102DD0006F6D65206163726F7373206572726F72BD
:102DE000202E2E2E2E2E2E0A000000006D70755FF4
:102DF000636F6E6669677572655F6669666F20638B
:102E00006F6D706C657465202E2E2E2E2E2E0A008E
:102E10006D70755F636F6E6669677572655F666911
:102E2000666F20636F6D65206163726F73732065D9
:102E300072726F72202E2E2E2E2E2E0A000000008F
:102E40006D70755F7365745F73616D706C655F72D3
:102E500061746520636F6D706C657465202E2E2E15
:102E60002E2E2E0A000000006D70755F7365745F72
:102E700073616D706C655F72617465206572726FED
:102E800072202E2E2E2E2E2E0A000000646D705FF2
:102E90006C6F61645F6D6F74696F6E5F6472697689
:102EA00065725F6669726D7761726520636F6D70C0
:102EB0006C657465202E2E2E2E2E2E0A000000002A
:102EC000646D705F6C6F61645F6D6F74696F6E5F6E
:102ED0006472697665725F6669726D77617265208A
:102EE000636F6D65206163726F7373206572726FBB
:102EF00072202E2E2E2E2E2E0A00000028000020DA
:102F0000646D705F7365745F6F7269656E74617410
:102F1000696F6E20636F6D706C657465202E2E2E48
:102F20002E2E2E0A00000000646D705F7365745FC2
:102F30006F7269656E746174696F6E20636F6D6521
:102F4000206163726F7373206572726F72202E2E10
:102F50002E2E2E2E0A000000646D705F656E616279
:102F60006C655F6665617475726520636F6D706C0A
:102F7000657465202E2E2E2E2E2E0A00646D705F35
:102F8000656E61626C655F6665617475726520630C
:102F90006F6D65206163726F7373206572726F72FB
:102FA000202E2E2E2E2E2E0A00000000646D705F43
:102FB0007365745F6669666F5F7261746520636FC5
:102FC0006D706C657465202E2E2E2E2E2E0A00003C
:102FD000646D705F7365745F6669666F5F7261745C
:102FE0006520636F6D65206163726F737320657216
:102FF000726F72202E2E2E2E2E2E0A006D70755F8F
:103000007365745F646D705F737461746520636F62
:103010006D706C657465202E2E2E2E2E2E0A0000EB
:103020006D70755F7365745F646D705F73746174E8
:103030006520636F6D65206163726F7373206572C5
:10304000726F72202E2E2E2E2E2E0A00001001409E
:10305000620000206000002050000020EC010020F1
:103060005A000020540000203400002038000020C6
:103070003C0000204000002066A64C404400002098
:1030800004F0E6FA044604F07FFDCDE9040143486C
:1030900001684FF0804004F033FB834640480168EC
:1030A000584604F02DFB81463E4801684FF08040B1
:1030B00004F026FB83463C480168584604F020FB98
:1030C0008246494604F0C4FA044604F05DFD074612
:1030D000DDE9042306F0C8F94FF06632334BCDE941
:1030E000060104F024FC054604F07AFD304908602E
:1030F0002D480168006804F003FB0390294801682B
:10310000006804F0FDFA029025480168006804F0A8
:10311000F7FA834621480168006804F0F1FA59463D
:10312000019004F095FA8246029904F0E3FA814690
:10313000039904F0DFFA044604F026FDCDE904010A
:10314000194801681548006804F0DAFA8246154803
:1031500001681348006804F0D3FA8346514604F02E
:1031600077FA81464FF0804104F0CAFA044604F031
:103170000BFD0746DDE9042306F076F94FF06632D1
:103180000A4BCDE9060104F0D2FB054604F028FD08
:103190000849086009B0BDE8F08F00003400002045
:1031A000380000203C0000204000002066A64C4073
:1031B000480000204C000020704700BFFEE700BF21
:1031C000FEE700BFFEE700BFFEE7704770477047AD
:1031D00010B51D480078401C1B4908701B4800783A
:1031E000401C1A4908701A480078401C1849087099
:1031F00000F038FB17480078401C16490870164844
:103200000078401C1449087014480078401C134989
:1032100008700E480078022806DB01F076FA00F00C
:10322000AEFC00200949087009480078082806DB30
:1032300000F045FB0020064908700649087000F0C0
:103240002BF900F047FA10BDA4000020A9000020CF
:10325000A5000020A6000020A7000020A800002054
:1032600030B527480068C822B0FBF2F1B1F1807F89
:1032700001D301201DE021F07F40401E4FF0E022ED
:10328000506150170F22002807DA13071D0E1D4B3F
:1032900000F00F04241F1D5503E013071C0E1A4BEA
:1032A0001C5400BF00204FF0E02290610720106105
:1032B000002008B100BFFEE74FF0E020006920F0D9
:1032C00001004FF0E021086130BD01B50F490098C1
:1032D00008604FF0E020006940F001004FF0E0216D
:1032E000086100BF094800680028FBD108BD0748F5
:1032F000006820B105480068401E04490860704716
:103300001400002018ED00E000E400E0640000205C
:10331000002107E042F6E06100BF0A1EA1F10103AF
:1033200099B2FAD1021EA0F1010398B2F2D170470E
:103330000021FE4A1170FE490860FE490978FE4AE4
:1033400011700021FD4A1160FA490978FC4A117098
:10335000704700B50020FB490880FB490880FB4905
:103360000860FB490860FB490860FB490860FB49AD
:103370000860FB490860FB490860FB490860FB499D
:103380000860FB490860FB490860FB490860FB498D
:103390000860FB490860FB490860FB490860FB497D
:1033A0000860E4490870FA490870FA490870E14871
:1033B0000078E14908700020E0490860DD480078A5
:1033C000DF4908700020F4490860F4490860F448B7
:1033D000FFF7AEFF0020F349086000BD2DE9F04182
:1033E000F148006804F0D0FB0446F048D0E90063DF
:1033F0003246204604F0DCFB07D0EC48D0E900213F
:10340000104604F0EDFBE8490860E948006804F064
:10341000BBFB0446E548D0E902633246204604F08F
:10342000C7FB07D0E148D0E90221104604F0D8FBE1
:10343000DF490860DF48006804F0A6FB04460D463B
:10344000DA49D1E904633246294604F0B1FB07D0DA
:10345000D648D0E90421104604F0C2FBD5490860E3
:10346000D548006804F090FB0446D048D0E90663D4
:103470003246204604F09CFB07D0CC49D1E9062116
:10348000104604F0ADFBCC4908600020C24908603A
:10349000C2490860BDE8F0812DE9F041C7480068E5
:1034A000012810D10020C0490860C548006804F018
:1034B0002DFB06460022C34B04F039FA044604F003
:1034C0008FFBB9490860BD480068022812D100206E
:1034D000B7490860BC490968A1F1400004F016FB37
:1034E00006460022B94B04F022FA044604F078FBA9
:1034F000AF490860B649B1F9040004F0F9FAB549DA
:103500000860B549B1F9040004F0F2FAB349086063
:103510000021B348006804F07FFB0BD0B149B048EC
:10352000006804F079FB05D3AF49AD48006804F0AA
:103530007DFB05D24FF40051AC48FCF7ECFF04E0F2
:103540004FF40051A948FCF7E4FF0021A8480068A7
:1035500004F0D0F8824908609F49B1F9000004F0F6
:10356000C7FA064692480168304604F0C9F8044696
:103570007C4801687A48006804F0BCF806468A482E
:103580000168304604F0BCF80546214604F060F8B6
:1035900077490860BDE8F0812DE9F04104460D4609
:1035A000002C0CDA4FF480419248FCF7B2FF4FF444
:1035B00000419048FCF7AFFF604204B20AE04FF4CC
:1035C00000418C48FCF7A5FF4FF480418948FCF787
:1035D000A2FF00BF002D0CDA4FF400518548FCF724
:1035E00098FF4FF480518348FCF795FF684205B27D
:1035F0000AE04FF480517F48FCF78BFF4FF40051F5
:103600007C48FCF788FF00BFAFB2A6B231464FF04E
:103610008040FEF7BDF839464FF08040FEF7BAF81B
:1036200075496F48006804F001FB23D373496C4867
:10363000006804F0F1FA02D24FF0010801E04FF007
:10364000000800215048006804F0E6FA01D101208A
:1036500000E0002008EA000800214C48006804F05F
:10366000DBFA01D1012000E0002008EA0008B8F1EF
:10367000000F0DD000214FF08040FEF789F80021A7
:103680004FF08040FEF786F801205D49086002E0B7
:1036900000205B4908605B493148006804F0C6FAC5
:1036A00005D359492E48006804F0B6FA0DD200211E
:1036B0004FF08040FEF76CF800214FF08040FEF79D
:1036C00069F801204E49086002E000204C4908607A
:1036D000BDE8F08170B52448046830480168204690
:1036E00003F0B6FF044621462148006803F0B0FF0E
:1036F0002149086021461E48006803F0FBFF1D4970
:1037000008601D48006804F012FA00B2B0F57A7F34
:1037100002DD3E48184908601748006804F007FABF
:1037200000B210F57A7F78DA394874E0750000202D
:103730008C000020A40000207400002070000020F5
:1037400098000020F2000020F0000020000100207E
:10375000FC00002008010020040100200C010020D2
:10376000CC000020BC00002028010020B000002078
:10377000C0000020C8000020C40000202401002058
:103780006801002064010020300100202C0100208D
:10379000A5000020A60000209C000020A000002022
:1037A0000000C8421C010020DC00002070970008C7
:1037B000E0000020E4000020E80000204C01002090
:1037C0003C0100200080FB3F400100200000C43F7E
:1037D0005A0000205C0100205400002060010020FD
:1037E000440000200000A0C10000A04100100140E2
:1037F00048000020000C014000002041000020C1D2
:103800001801002000004842000048C200007A442D
:1038100000007AC401E0F6490860F648006804F048
:1038200086F900B2B0F57A7F02DDF348F14908600D
:10383000F048006804F07BF900B210F57A7F02DAF4
:10384000EE48EC490860EB48006804F070F905B2F6
:10385000E748006804F06BF906B229463046FFF7E6
:103860009BFE70BD70B5E648FDF7ADFF0446E54828
:10387000FDF7A9FF0546E4480460E448056000211F
:10388000DF48FDF77DFF0021DE48FDF779FF20B21C
:10389000DF490880684200B2DE490880DE480068DF
:1038A000DB49B1F900100844DB490860DB480068D7
:1038B000D849B1F900100844D849086070BD2DE915
:1038C000F84FD5490968D54A1268881804F010F9EC
:1038D000D3490860D1490968CF4A1268881A04F0B0
:1038E00007F900904FF04041009804F09FF907D28B
:1038F0004FF08041009804F08FF901D20020009031
:103900000020C6490860C4490860C648006804F041
:103910003BF906464FF06632C34B04F008F8044604
:1039200004F05EF9BF490860BD48006804F02CF956
:1039300080464FF03332BD4B03F0F9FF04460D468D
:10394000B848006804F020F9064622462B4603F0EA
:1039500047FF824604F044F9B2490860084601680E
:10396000B348006803F074FEB1490860B1480168CB
:10397000AF48006803F06CFEAD490860AE480168CE
:10398000AB48006803F064FEA9490860AB480068D2
:10399000012801D100200860A548006804F0C7F89C
:1039A000B0F5FA5F02DDA648A1490860A0480068AA
:1039B00004F0BDF810F5FA5F02DAA2489C490860ED
:1039C000A1480068032812D10020A0490860A0493E
:1039D0000968A1F1800004F099F8064600229D4B89
:1039E00003F0A5FF044604F0FBF8984908609648E8
:1039F0000068042812D10020974908609749096897
:103A0000A1F1C00004F082F806460022944B03F0B6
:103A10008EFF044604F0E4F88F49086000218448D2
:103A2000006803F067FE06468B480168304603F0E5
:103A300067FE044600217B48006803F05BFE0646F3
:103A400082480168304603F05BFE0546214603F0DC
:103A5000FFFD8449086084498448006804F0E6F862
:103A600005D383498148006804F0D6F80BD27D481D
:103A7000006880F000447D480168204603F072FE33
:103A80007C49086002E000207A4908607A49794858
:103A9000006804F0CBF802D277487649086077498D
:103AA0007448006804F0B8F802D27448714908609C
:103AB00062480068002852D15E48006820F0004447
:103AC0006F49204604F0B2F849D80021009804F06C
:103AD000A3F807D16B496C48006803F011FE6A49EE
:103AE00008600BE06949009803F00AFE0446664846
:103AF0000168204603F0ACFD6349086064496248F0
:103B0000006804F093F802D261485F490860614997
:103B10005D48006804F080F802D25E485A490860A7
:103B20005D49009803F0ECFD0446574801682046C3
:103B300003F08EFD5949086059495848006804F05F
:103B400075F802D2564855490860564953480068EE
:103B500004F062F811D25348504908600DE0524910
:103B60004948006803F0CCFD474908604E494B487E
:103B7000006803F0C5FD49490860BDE8F88F2DE9EC
:103B8000F0414A480068002829D14948FDF71BFE4A
:103B900000EB800000EB00104400204603F0B6FF6D
:103BA00005460022434B03F034FF074604F018F8A3
:103BB000414908604148007820B900201E4908604A
:103BC000BDE8F0813C48006803F0DEFF04460022B7
:103BD0003B4B03F0EDFF03D83A48174908608AE0F1
:103BE00039493548006804F021F870D801246FE0A5
:103BF000C4000020C800002000007A4400007AC4FD
:103C000000040040000800401001002014010020C2
:103C1000F0000020F2000020FC0000200001002045
:103C200004010020080100206666E63F3333D33FDD
:103C30000C010020240100201C010020180100209C
:103C40000000FA450000FAC54C010020E400002005
:103C5000440100200000DE3FE80000204801002071
:103C60000000C43FB80000206F12833ADC0000203F
:103C70006F1283BABC0000200000C0400000C0C02A
:103C80000000F04148E17A3F9C000020A69B443BA5
:103C900000002042000020C20AD7233EA0000020DE
:103CA0000000A0420000A0C2CDCC4C3F3401002057
:103CB000002C014000006940200100207500002018
:103CC00000001040000096C30000A040FFE7002461
:103CD0004FF08241FE48006803F09EFF01D80120AA
:103CE00000E0002004401CB1FA48FB49086002E0F3
:103CF0000020F949086000BF62E72DE9FC5FF74842
:103D00000068012878D1F648D0F800B0F54800687E
:103D10000190F548B0F90290F448B0F900A0EC48E1
:103D20000468484603F0E4FE06464FF08D4103F078
:103D300019FD0546EE4903F0E3FCEE4908605046E4
:103D400003F0D6FE0646EC4903F0D4FC0546EB49E9
:103D500003F008FDEA490860584603F015FF0746DE
:103D6000E84AE94B03F055FE054603F039FF834668
:103D7000019803F009FF0546E24AE34B03F049FED0
:103D8000074603F02DFF01905021E04803F03CFC72
:103D9000DE48DFA1096801600A21DE4803F034FC37
:103DA000DD4800210160416001810A21DB4803F008
:103DB0002BFCDB4800210160416001810A21D948C8
:103DC00003F022FCD8480021016041600181D749FD
:103DD000584603F021FF10D8D549584603F026FF76
:103DE0000BD8584603F0D0FE05462A460B46D1A113
:103DF000C84804F033F902E0C7E0BDE8FC9FCB49B6
:103E0000019803F009FF0FD8C949019803F00EFF8C
:103E10000AD8019803F0B8FE05462A460B46C5A10C
:103E2000BD4804F01BF900E0E7E7C449B148006869
:103E300003F0FCFE11D2C249AE48006803F0ECFE6C
:103E40000BD2AC48006803F09FFE05462A460B469D
:103E5000B8A1B24804F002F900E0CEE7B949A84899
:103E6000006803F0E3FE11D2B749A548006803F0EB
:103E7000D3FE0BD2A248006803F086FE05462A4610
:103E80000B46ACA1A64804F0E9F800E0B5E7002134
:103E9000204603F0CBFE0FD8AC49204603F0BCFE11
:103EA0000AD2204603F070FE05462A460B46A1A121
:103EB0009C4804F0D3F800E09FE7002000F07CFC71
:103EC0000090009803F01DFE0746A14903F018FC7E
:103ED00006464FF08B4103F045FC05469D4903F033
:103EE00009FC9D49086000219B48006803F09EFE84
:103EF00011D893499848006803F08EFE0BD296487B
:103F0000006803F041FE05462A460B4689A1864813
:103F100004F0A4F800E070E77E497C4803F07FFBE2
:103F20008EA17A4803F07BFB7B49784803F077FB4E
:103F30008BA1764803F073FB7849744803F06FFB5C
:103F400088A1724803F06BFB7549704803F067FB6A
:103F500085A16E4803F063FB72496C4803F05FFB78
:103F600083A16A4803F05BFB6F49684803F057FB85
:103F700080A1664803F053FB50217F4803F044FBC7
:103F8000502262497C4803F026FB00BF35E710B59C
:103F90007A480068401E7949086050480068012846
:103FA00007D10846006820B9FFF7A7FE724800F065
:103FB000DEFA7248006818B941F288306F4908602B
:103FC00010BD2DE9F04180460D4614461E46069F61
:103FD0006B49204603F020FE00D2694C0021384690
:103FE00003F01AFE00D200276649384603F01EFE91
:103FF00000D2644F6448C0F8008045608460C660A9
:1040000007610120614908706148007861490870C2
:10401000002061490860BDE8F08102225B4B1A7004
:104020005E4A10605E4A1160594A1278594B1A7004
:104030000022594B1A60704770B55A4805682448E9
:1040400004685949204603F0F1FD05D2574920463E
:1040500003F0E2FD00D800255548056000205549D1
:104060000860554908601C49086070BD2DE9FF5F74
:104070004748047847480078201AC0B20390454862
:10408000047045480168039808444349086008469D
:10409000006803F036FD0746484903F031FB064649
:1040A00039488168304603F02BFB05463648C16825
:1040B000284603F0CDFA814649464FF0804003F090
:1040C0001FFB009003F060FD054605F08DFA77E0D8
:1040D000200100200000FA431C01002050010020B4
:1040E000C4000020C80000205A0000205400002016
:1040F000CDCC1C415C0100209A1900430000034311
:104100006001002048E17A14AE470F40FC01002016
:10411000244C5600140300201E0300202803002016
:10412000320300203C0300204603002000007A44B4
:1041300000007AC425332E32660000000000A0C1C2
:104140000000A04100803BC500803B4500401C466C
:10415000CDCC5441CDCC4C3EAC0000202C5256006E
:104160002C4143002C4759002C43534200000000CF
:104170002C565400230000004C0200205401002063
:10418000CDCCCC3D6666E63E780000207500002070
:10419000A400002074000020700000209000002087
:1041A000940000208C0000200AD7233C000090419E
:1041B0002401002028010020340100200AD7A33B5D
:1041C000074603F00DFD834628480169584603F071
:1041D00097FA8246254801694FF07E5003F08AFA2B
:1041E0005146019003F034FA029020490868029980
:1041F00003F086FA1E490860484603F0C5FC0746EE
:1042000005F040FA054603F0EBFC8246174841688A
:10421000504603F075FA17490860012016490860F6
:10422000002016490860BDE8FF9F10B514480078CB
:10423000B8B1012802D0022812D102E0FFF716FF20
:1042400012E0104800680A4908600F4800680949F0
:10425000086001200849086000200849086003E060
:1042600000BFFFF7E9FE00BF00BF10BD78000020CF
:104270002401002028010020340100201C0100201E
:1042800075000020900000209400002000B585B04B
:10429000012144F20400FCF74BFB4FF40070ADF831
:1042A000100018208DF8130003208DF8120004A9C7
:1042B000BB48FCF781F84FF48060ADF81000042093
:1042C0008DF8130004A9B648FCF776F84FF4E130F6
:1042D00000900020ADF80400ADF80600ADF808002D
:1042E000ADF80C000C20ADF80A006946AD48FDF7AA
:1042F000D4FA0121AB48FDF75CFB05B000BD08B561
:104300004FF48060FBF7FCFE27208DF800000420AE
:104310008DF8010001208DF802008DF80300684639
:10432000FBF7F3FE08BD00B585B001218804FCF75A
:104330000CFB01210820FCF7FBFA4FF48060ADF87C
:10434000100018208DF8130003208DF8120004A926
:104350009548FCF731F84FF40060ADF810000420E8
:104360008DF8130004A99048FCF726F8FFF7C7FF63
:104370004FF4165000900020ADF80400ADF8060090
:10438000ADF80800ADF80C000C20ADF80A00694645
:104390008648FDF782FA012240F225518348FDF755
:1043A00014FB01218148FDF704FB05B000BD70B589
:1043B00004460D46E1B27B48FDF768FB00BF402193
:1043C0007848FDF7D1FB0128F9D1204670BDF0B542
:1043D00003460D461646002729460A2E03D0002024
:1043E00008702846F0BD33B9302001F8010B0020D9
:1043F00008702846F6E7002B03DA2D2001F8010BA0
:104400005B4242F210720DE093FBF2F404B937B153
:1044100004F1300001F8010B04FB123301270A20DC
:1044200092FBF0F2002AEFDC002008702846D9E762
:104430000FB470B586B006460CA8019073E00B98D7
:1044400000785C281CD10B98401C0B9000786E28DB
:1044500009D072280FD10D213046FDF717FB0B98BC
:10446000401C0B900BE00A213046FDF70FFB0B9828
:10447000401C0B9003E00B98401C0B9000BF4BE0DE
:104480000B980078252840D10B98401C0B900078A1
:10449000642818D0732833D1019810C801900BE01C
:1044A00021783046FDF7F2FA00BF40213046FDF793
:1044B0005BFB0028F9D0641C20780028F0D10B9811
:1044C000401C0B9020E0019820C801900A2202A90C
:1044D0002846FFF77CFF02AC0BE021783046FDF761
:1044E000D5FA00BF40213046FDF73EFB0028F9D049
:1044F000641C20780028F0D10B98401C0B9003E03E
:104500000B98401C0B9000BF06E00B9810F8011BA5
:104510000B903046FDF7BAFA00BF40213046FDF758
:1045200023FB0028F9D00B980078002887D106B02B
:1045300070BC5DF814FB10B5044621461948FDF720
:10454000A5FA00BF40211748FDF70EFB0128F9D15D
:1045500010BD10B5044621461448FDF797FA00BF78
:1045600040211248FDF700FB0128F9D110BD70B5BC
:1045700005462C4603E02078FFF7EBFF641C20780B
:104580000028F8D170BD70B505462C4603E02078B0
:10459000FFF7D1FF641C20780028F8D170BD00001F
:1045A0000008014000380140000C01400048004074
:1045B0007FB504460D460121C802FCF7B9F941F266
:1045C0008830ADF8080041F61F40ADF80400012026
:1045D000ADF80A000020ADF8060001A91148FCF76B
:1045E000DFFA012241210F48FCF751FE19208DF816
:1045F000000003208DF8010000208DF8020001204A
:104600008DF803006846FBF780FD7FBD10B50121E2
:104610000448FDF7EAF818B101210248FDF7F6F861
:1046200010BD0000002C01401FB501213D48FBF7E3
:1046300094FF01210920FCF77BF90120ADF80C0063
:1046400010208DF80F0003208DF80E0003A93648C6
:10465000FBF7B2FE0220ADF80C0028208DF80F0009
:1046600003A93148FBF7A8FE01210846FBF7BAFF72
:104670000220019000208DF8080008208DF8090024
:1046800001208DF80A0001A8FBF7B6FD07208DF880
:10469000000003208DF8010001208DF802008DF844
:1046A00003006846FBF731FD1FBD10B50220FBF784
:1046B00009FE48B300211D48FDF762F801211B489F
:1046C000FCF7CAFD01201A49086012E01748FDF7FF
:1046D0007AF80A2807DB00211448FCF7BDFD00200A
:1046E0001349086005E002210F48FBF7F8FE104966
:1046F00008600F4800680028E8D100210B48FCF74B
:10470000ABFD0220FBF7EFFD10BD10B501210648FF
:10471000FBF7FFFE0C20FDF799FD01210248FBF796
:10472000FAFE10BD00023000000C0140002C0140D8
:10473000B801002000B587B001214FF40170FCF7EB
:10474000F7F84FF40040FCF757F80120ADF80400EB
:1047500000208DF8070001A92348FBF72DFE234810
:10476000FDF75CFA002002908DF80C008DF80D002A
:104770004FF4602004900020059001208DF818006F
:1047800002A91A48FDF771FA01211848FDF799FAB4
:104790001648FDF7B8FA00BF1448FDF7B9FA00282B
:1047A000FAD11248FDF7BEFA00BF1048FDF7BFFA74
:1047B0000028FAD107B000BD10B504460723012236
:1047C00021460A48FDF7E9FA01210848FDF7B9FA40
:1047D00000BF02210548FDF725FC0028F9D0034859
:1047E000FDF742FB10BD000000080140002401401D
:1047F0000648804706480047FEE7FEE7FEE7FEE77B
:10480000FEE7FEE7FEE7FEE7FEE7FEE74B210008D6
:10481000ED00000838B50446FB4890F82400C0B10C
:1048200014B10220009001E000200090F64A1268C6
:10483000D17BF54A526810786B460122FDF773FE72
:1048400010B14FF0FF3038BD9DF80010EE484174B4
:1048500023E0ED48807A10B94FF0FF30F3E724B140
:10486000E948407C08B10020EDE714B10120009038
:1048700001E000200090E44A1268D17BE24A5268CD
:1048800010786B460122FDF74EFE10B14FF0FF305D
:10489000D9E79DF80010DC4841740020D3E738B513
:1048A000002419E0D8480068C07AA04204D0D64855
:1048B0000068407DA04200D10CE0D34949680878E7
:1048C0006B4601222146FDF77DFE10B14FF0FF300F
:1048D00038BD00BF601CC4B2CB4840680079A0421C
:1048E000E0DC0020F4E770B504460D46C6480068D9
:1048F000C07AA04204D0C4480068407DA04202D1E2
:104900004FF0FF3070BDC04840680079A04202DC23
:104910004FF0FF30F6E7BC49496808782B46012282
:104920002146FDF74FFEEDE738B50446B64890F84E
:104930002300A04201D1002038BD14B130200090E6
:1049400001E000200090B048807C20B19DF800007C
:1049500040F002000090AC4890F8220020B19DF891
:10496000000040F080000090A74A1268117DA64A1E
:10497000526810786B460122FDF7D5FD10B14FF05B
:10498000FF30D9E7A04880F823400020D4E738B5AD
:10499000044604F0700010B10120009005E014B14D
:1049A0000020009001E040200090974A1268917C1E
:1049B000954A526810786B460122FDF7B4FD20B18C
:1049C000002191488172481E38BD9DF8000020F0FA
:1049D00040018D4801730020009004F0400020B990
:1049E0009DF8000040F00400009004F0200020B981
:1049F0009DF8000040F00200009004F0100020B983
:104A00009DF8000040F00100009004F0080020B97B
:104A10009DF8000040F0380000907B4A1268D17C7D
:104A2000794A526810786B460122FDF77CFD20B16F
:104A3000002175488172481EC6E724B1082C02D0B7
:104A40000020FFF771FF7048847200210175322049
:104A5000FDF709FC0020B7E738B504466A48807CBA
:104A6000A04201D1002038BD002C46D0664A126811
:104A70001179654A526810786B460122FDF7A2FD54
:104A800010B14FF0FF30EEE79DF8000020F020005D
:104A900000905D4A126811795B4A526810786B4643
:104AA0000122FDF740FD10B14FF0FF30DBE703209E
:104AB000FDF7D9FB02200090534890F8220020B166
:104AC0009DF8000040F0800000904F4890F82300CF
:104AD00020B19DF8000040F0300000904A4A126872
:104AE000117D494A526810786B460122FDF71BFD83
:104AF000002851D04FF0FF30B5E7434A12681179D2
:104B0000414A526810786B460122FDF75BFD10B1F7
:104B10004FF0FF30A7E73C48807A00F0010028B151
:104B20009DF8000040F02000009004E09DF8000097
:104B300020F020000090344A12681179324A5268FD
:104B400010786B460122FDF7EEFC10B14FF0FF30FC
:104B500089E70320FDF787FB2B4890F8220010B16E
:104B60008020009001E000200090274890F823006A
:104B700020B19DF8000040F030000090224A1268F9
:104B8000117D214A526810786B460122FDF7CBFC5B
:104B900010B14FF0FF3066E71B488474002062E7D5
:104BA00008B51948807A10B94FF0FF3008BD0020D1
:104BB0000090154A1268D17B134A526810786B46F0
:104BC0000122FDF7B0FC10B14FF0FF30EEE70E4AC6
:104BD000126851790C4A526810786B460122FDF731
:104BE000A2FC10B14FF0FF30E0E7074A12681179DC
:104BF000054A526810786B460122FDF794FC28B1F3
:104C00004FF0FF30D2E70000BC010020F74890F8D9
:104C10002400002853D00C200090F44A1268117927
:104C2000F24A526810786B460122FDF77CFC10B105
:104C30004FF0FF30BAE73220FDF715FBC02000909F
:104C4000EA48807A00F0010020B19DF8000040F0B1
:104C500020000090E54A12681179E44A5268107801
:104C60006B460122FDF75FFC10B14FF0FF309DE76E
:104C7000DE48407C10B10220009001E0002000904E
:104C8000DA4A1268D17BD94A526810786B46012201
:104C9000FDF749FC10B14FF0FF3087E7002000908E
:104CA000D24A12685179D14A526810786B46012273
:104CB000FDF739FC002855D04FF0FF3076E704208F
:104CC0000090CA4A12681179C84A526810786B4637
:104CD0000122FDF728FC10B14FF0FF3066E7C34812
:104CE000807C20B9C148807A00F0010010B94020D2
:104CF000009001E060200090BC4A12681179BB4A24
:104D0000526810786B460122FDF70DFC10B14FF090
:104D1000FF304BE73220FDF7A6FAB448407C10B1D3
:104D20000120009001E000200090B04A1268D17B81
:104D3000AE4A526810786B460122FDF7F4FB10B1C1
:104D40004FF0FF3032E7A94A12685179A74A5268FA
:104D50001078A64B10330122FDF7E5FB10B14FF0A0
:104D6000FF3023E7002021E770B50446002624F039
:104D700001049E4890F8240008B1002070BD9B48B3
:104D8000807A10B94FF0FF30F8E79848057C807AB8
:104D90002040964908740846007CA04202D04FF09B
:104DA000FF3600E0002614B99048007D18B10120BC
:104DB000FFF730FD02E00020FFF72CFD3CB1FFF7CC
:104DC000EFFE20B1894805744FF0FF30D6E730463A
:104DD000D4E738B504468548807A10B94FF0FF30E3
:104DE00038BDBC2C02DB0120009015E0622C02DBF8
:104DF0000220009010E02A2C02DB032000900BE040
:104E0000142C02DB0420009006E00A2C02DB0520B3
:104E1000009001E0062000907448C07A9DF80010D0
:104E2000884201D10020DBE7704A126891786F4A0E
:104E3000526810786B460122FDF775FB10B14FF0F8
:104E4000FF30CDE79DF800106848C1720020C7E729
:104E500038B50446282C02DD4FF0FF3038BDDCB9F0
:104E60000020FFF761FD00208DF8000007208DF87D
:104E700001005E4A1268917C5C4A526810786B4669
:104E80000222FDF750FB10B14FF0FF30E6E70021A2
:104E9000564801750020E1E70120FFF745FD20207D
:104EA0008DF80000012C06D100208DF801000520AE
:104EB000FFF78FFF17E0052C06DC01208DF80100BD
:104EC0000520FFF786FF0EE0142C06DC02208DF88B
:104ED00001000A20FFF77DFF05E003208DF80100A7
:104EE0001420FFF776FF9DF80100072101EB8010E9
:104EF000C0B28DF801003D4A1268917C3B4A52686D
:104F000010786B460222FDF70EFB10B14FF0FF3018
:104F1000A4E7082135488172002101730121017540
:104F20000020FFF721FF002098E738B504462F48FE
:104F3000807A10B94FF0FF3038BD2C4890F824002B
:104F400010B14FF0FF30F7E72848007D50B134B181
:104F5000282C04DCE0B2FFF77BFF0020ECE7002008
:104F6000FFF776FF042C01DA042404E0B4F57A7F1D
:104F700001DD4FF47A744FF47A7090FBF4F0401E28
:104F8000C0B20090194A12685178184A52681078D5
:104F90006B460122FDF7C7FA10B14FF0FF30CBE7A7
:104FA0009DF80000401C4FF47A7191FBF0F081B243
:104FB0000E48C1810146C9894810FFF70AFF002049
:104FC000BAE738B504460948807A10B94FF0FF3087
:104FD00038BD022C06D0042C0AD0082C0BD0102C83
:104FE0000FD10BE0002000900EE00000BC0100207B
:104FF0000820009008E01020009005E018200090A4
:1050000002E04FF0FF30E3E700BFF848407A9DF838
:105010000010B0EBE10F01D10020D9E7F34A12688C
:10502000D179F24A526810786B460122FDF77BFA7B
:1050300010B14FF0FF30CBE79DF80000C110EB48F6
:1050400041720020C4E738B50446E848807A10B9B8
:105050004FF0FF3038BDFA2C09D0B4F5FA7F09D0F3
:10506000B4F57A7F09D0B4F5FA6F0CD108E00020CE
:1050700000900BE00820009008E01020009005E070
:105080001820009002E04FF0FF30E3E700BFD74860
:10509000007A9DF80010B0EBE10F01D10020D9E7B4
:1050A000D24A12689179D14A526810786B4601222F
:1050B000FDF739FA10B14FF0FF30CBE79DF8000053
:1050C000C010CA4908720020C4E71CB580208DF8C2
:1050D0000000C64A1268917CC44A526810786B4638
:1050E0000122FDF720FA10B14FF0FF301CBD642003
:1050F000FDF7B9F800208DF80000BC4A1268917CD9
:10510000BA4A526810786B460122FDF70CFA10B1CA
:105110004FF0FF30EAE7B54A1268917DB34A526812
:1051200010786B460622FDF74DFA10B14FF0FF30B4
:10513000DCE79DF80500C007400F9DF8031001F063
:10514000010140EA41009DF8011001F0010140EA2F
:1051500001048CB1012C03D10121A448C17430E0B9
:10516000022C03D10021A148C1742AE0A0A0FFF7BE
:105170000AFA4FF0FF30B9E79C4A1268D1789B4A8F
:10518000526810786B460122FDF71CFA10B14FF0FF
:10519000FF30ABE79DF8000000F00F042CB99E48EB
:1051A000FFF7F1F94FF0FF30A0E7042C06D19BA0E8
:1051B000FFF7E9F901218D48C17402E000218B4815
:1051C000C174FF2189488172FF2088490872FF213C
:1051D00086484172C1724FF6FF71C181FF2101748F
:1051E00081740121017380F82210002180F82310BE
:1051F000417501751630016041608160163880F894
:10520000241080F82510C1844FF4FA60FFF71BFFCB
:1052100010B14FF0FF3069E70220FFF7D2FE10B166
:105220004FF0FF3062E72A20FFF7D3FD10B14FF0B7
:10523000FF305BE73220FFF778FE10B14FF0FF3010
:1052400054E70020FFF790FD10B14FF0FF304DE71D
:105250000020FFF701FC10B14FF0FF3046E70020BF
:10526000FFF795FB002041E77CB504460D465F48FB
:10527000807A00F0700010B94FF0FF307CBD5B4ABF
:105280001268117B594A526810786B460622FDF766
:1052900099F910B14FF0FF30F0E79DF801009DF84B
:1052A000001040EA012000B220809DF803009DF824
:1052B000021040EA012000B260809DF805009DF8D0
:1052C000041040EA012000B2A08015B12846FCF786
:1052D000D6FF0020D2E77CB504460D464348807ACD
:1052E00000F0080010B94FF0FF307CBD3F4A126853
:1052F000517B3E4A526810786B460622FDF762F9F0
:1053000010B14FF0FF30F0E79DF801009DF800105C
:1053100040EA012000B220809DF803009DF80210B1
:1053200040EA012000B260809DF805009DF804105D
:1053300040EA012000B2A08015B12846FCF79FFF8B
:105340000020D2E72DE9FE4F05460C462748807A1B
:1053500018B94FF0FF30BDE8FE8F244A1268917BE8
:10536000224A5268107802AB0222FDF72BF910B1E5
:105370004FF0FF30EFE79DF809009DF8081040EA74
:10538000012006B214B12046FCF779FF174949689D
:10539000C88802F0B6FB154901904968B1F90800C8
:1053A00002F0A6FB8346304602F0A2FB594600906D
:1053B00002F0A0F98246019902F0D4F981461F4912
:1053C00002F046F980464FF08F4102F099F9074606
:1053D00002F0ADFB28600020BDE710B588B00446A0
:1053E0001CB94FF0FF3008B010BD29E0BC0100200F
:1053F000556E737570706F7274656420736F667428
:10540000776172652070726F64756374207265765F
:105410002025642E0A000000E8A5000848616C669B
:105420002073656E7369746976697479207061722E
:105430007420666F756E642E0A00000000000C4236
:10544000206830B9606820B9A06810B9002008B0A1
:1054500010BDFA494968087806AB03221146FDF7EA
:10546000B1F810B14FF0FF30F1E79DF818000821B6
:1054700001EB201000F00F00ADF800009DF81900BE
:1054800001EB201000F00F00ADF802009DF81A00AB
:1054900001EB201000F00F00ADF80400206841007F
:1054A000BDF90000403091FBF0F000B2ADF8100003
:1054B00060684100BDF90200403091FBF0F000B29D
:1054C000ADF81200A0684100BDF90400403091FB26
:1054D000F0F000B2ADF81400D8494968087806AB7E
:1054E00006221146FDF76EF810B14FF0FF30AEE71F
:1054F0009DF819009DF8181040EA012000B2ADF89F
:1055000008009DF81B009DF81A1040EA012000B227
:10551000ADF80A009DF81D009DF81C1040EA01201E
:1055200000B2ADF80C00BDF81000BDF8081008443A
:1055300000B2ADF81000BDF81200BDF80A10084422
:1055400000B2ADF81200BDF81400BDF80C1008440C
:1055500000B2ADF81400BDF81000000A8DF8180074
:10556000BDF81000C0B28DF81900BDF81200000A95
:105570008DF81A00BDF81200C0B28DF81B00BDF8FE
:105580001400000A8DF81C00BDF81400C0B28DF89C
:105590001D00AA494968087806AB06221146FCF7A7
:1055A000C2FF10B14FF0FF3051E700204FE7014636
:1055B000A248007A30B1012807D0022809D0032878
:1055C0000FD10AE0FA2008800EE04FF4FA7008804C
:1055D0000AE04FF47A70088006E04FF4FA60088021
:1055E00002E00020088000BF00BF00207047014695
:1055F0009248407A30B1012807D0022808D0032809
:105600000CD108E0022008700BE00420087008E0CC
:105610000820087005E01020087002E04FF0FF300D
:10562000704700BF8548C07C18B108784006000E5E
:1056300008700020F4E701468048C07A082817D295
:10564000DFE800F01704070A0D101318BC200880CB
:1056500013E06220088010E02A2008800DE014206A
:1056600008800AE00A20088007E00520088004E09E
:1056700000BF00BF0020088000BF00BF00207047AF
:1056800001466E4890F8240010B14FF0FF3070478B
:105690006A48C08908800020F9E701460020088098
:1056A000401E704701464FF0FF3070470146634887
:1056B000007A30B1012807D0022808D003280CD185
:1056C00008E05F4808600BE05E48086008E05E485C
:1056D000086005E05D48086002E04FF0FF30704769
:1056E00000BF0020FBE701465448407A30B1012852
:1056F00008D002280AD0032810D10BE04FF48040D4
:1057000008800EE041F69C7008800AE04FF480505B
:10571000088006E04FF40060088002E04FF0FF30A0
:10572000704700BF4548C07C10B108884010088011
:105730000020F5E701464148007C087000207047D2
:1057400001463E48807A10B10120087001E0002037
:1057500008700020704738B504463848807A10B980
:105760004FF0FF3038BD354A1268117C334A526819
:1057700010786B460222FCF725FF10B14FF0FF3086
:10578000F0E79DF801009DF8001040EA012000B20A
:1057900020800020E6E72DE9FE4F07468846924626
:1057A0001D46DDF830B000260024244890F824007F
:1057B00010B1601EBDE8FE8F002028701F48807A5F
:1057C00010B94FF0FF30F5E71C48007C10B94FF0DE
:1057D000FF30EFE71948007C00F0400008B1B01C32
:1057E000C6B21648007C00F0200008B1B01CC6B25A
:1057F0001248007C00F0100008B1B01CC6B20F487F
:10580000007C00F0080008B1B01DC6B20B4A126857
:10581000917A0A4A526810786B460222FCF7D2FE4F
:1058200010B14FF0FF30C5E79DF801009DF8001062
:1058300040EA0129B1450BDA0020BBE7BC0100209A
:105840000000034300008342333303423333834178
:10585000FC4840684088B9EB600F17DDF94A1268D0
:10586000517CF84A526810786B460122FCF7AAFE78
:1058700010B14FF0FF309DE79DF8000000F01000E0
:1058800020B1FFF78DF96FF0010093E75046FCF768
:10589000F6FCEC4A1268D17AEA4A526810786B46F4
:1058A0003246FCF78FFE10B14FF0FF3082E799FBD4
:1058B000F6F0401E8BF8000000202870B4422AD079
:1058C000E048007C00F0080028B3601C1DF80000D0
:1058D0001DF8041040EA012000B2A8F80000E01C06
:1058E0001DF80010A01C1DF8000041EA002000B2C5
:1058F000A8F80200601D1DF80010201D1DF8000012
:1059000041EA002000B2A8F80400287840F008001E
:105910002870A01D84B2B44213D0CA48007C00F0A5
:10592000400070B1601C1DF800001DF8041040EA32
:10593000012000B23880287840F040002870A01C78
:1059400084B2B44213D0BF48007C00F0200070B194
:10595000601C1DF800001DF8041040EA012000B290
:105960007880287840F020002870A01C84B2B442CF
:1059700013D0B448007C00F0100070B1601C1DF81A
:1059800000001DF8041040EA012000B2B880287819
:1059900040F010002870A01C84B200200AE7F8B57F
:1059A00004460F461646A74890F8240010B94FF059
:1059B000FF30F8BDA348807A10B94FF0FF30F8E708
:1059C000A04A1268917A9F4A526810786B46022268
:1059D000FCF7F8FD10B14FF0FF30EAE79DF8010049
:1059E0009DF8001040EA0125A54203DA002030703E
:1059F000401EDEE7934840684088B5EB600F17DD36
:105A0000904A1268517C8F4A526810786B46012286
:105A1000FCF7D8FD10B14FF0FF30CAE79DF8000049
:105A200000F0100020B1FFF7BBF86FF00100C0E7F5
:105A3000E2B2844B1B68D97A824B5B6818783B468C
:105A4000FCF7C0FD10B14FF0FF30B2E795FBF4F06A
:105A5000401E30700020ACE701467A4880F82210E2
:105A6000002070477CB5054676494968087801AB47
:105A700004220D21FCF7A6FD08B107207CBD9DF88E
:105A80000700C0F301109DF8041001F0E00140EAA6
:105A9000E1008DF800009DF80700C0F381009DF83B
:105AA000051001F0E00140EAE1008DF801009DF8E9
:105AB000070000F003009DF8061001F0E00140EA45
:105AC000E1008DF8020000241CE01DF8040018B964
:105AD000002045F8240013E05B4845F8240006E068
:105AE00055F82400594901F00BFE45F824001DF833
:105AF0000400401EC0B20DF804000028F0D100BF21
:105B0000601CC4B2032CE0DB0020B7E72DE9FE4F98
:105B100006460F4600256846FFF7A4FF002442E032
:105B200056F8240057F82410A0EB010ABAF1000F30
:105B300001DB514601E0CAF10001084601F0D8FF3F
:105B400083464FF08F4101F00DFE80465DF8240042
:105B5000002102F061F816D05DF82410404601F0F3
:105B600001FE82464FF07E5101F0C4FD814629F0CE
:105B7000004A3748416A504602F058F812D20120D4
:105B8000A04005430EE03248C169404602F044F8A7
:105B900005D32F48016A404602F048F802D201209E
:105BA000A0400543641C032CBADB2846BDE8FE8FE9
:105BB0002DE9FC5F06460F46002522494968087812
:105BC00001AB03220D21FCF7FDFC10B10720BDE85D
:105BD000FC9F9DF8040000F01F008DF804009DF864
:105BE000050000F01F008DF805009DF8060000F08C
:105BF0001F008DF80600002462E056F8240057F8D4
:105C00002410A0EB010BBBF1000F01DB594601E0B2
:105C1000CBF10001084601F06BFF4FF08F4100907F
:105C200001F0A0FD814601A8005DC0B308490868E5
:105C300001F067FF83465946064801F093FD804610
:105C40000FE00000BC0100207B14AE3E1D5A843FD3
:105C5000B897000800B04C45FE49404601F050FDA1
:105C6000804601A8005D401EC0B201A90855002869
:105C7000F2D14146484601F075FD83464FF07E5112
:105C800001F038FD82462AF0004BF34881695846FE
:105C900001F0CCFF13D20120A04005430FE0FFE745
:105CA000ED480169484601F0B7FF05D3EA4841696C
:105CB000484601F0BBFF02D20120A0400543641C0E
:105CC000032C9ADB284682E72DE9F04F87B0054682
:105CD0000C46914601208DF8100000208DF811002F
:105CE000DE4A1268917CDD4A5268107804AB0222C9
:105CF000FCF719FC20B14FF0FF3007B0BDE8F08F82
:105D0000C820FCF7B0FA00208DF81000D34A1268C2
:105D1000D17BD24A5268107804AB0122FCF703FC15
:105D200010B14FF0FF30E8E7CC4A12685179CB4A06
:105D30005268107804AB0122FCF7F5FB10B14FF06C
:105D4000FF30DAE7C54A1268917CC44A526810787D
:105D500004AB0122FCF7E7FB10B14FF0FF30CCE7BA
:105D6000BE4A1268D17DBD4A5268107804AB012248
:105D7000FCF7D9FB10B14FF0FF30BEE7B74A12680D
:105D80001179B64A5268107804AB0122FCF7CBFBBC
:105D900010B14FF0FF30B0E70C208DF81000AF4A83
:105DA00012681179AD4A5268107804AB0122FCF7F1
:105DB000BAFB10B14FF0FF309FE70F20FCF753FA0A
:105DC000A648806A407A8DF81000A44A126891783B
:105DD000A24A5268107804AB0122FCF7A4FB10B170
:105DE0004FF0FF3089E79D48806A007A8DF81000F7
:105DF0009A4A12685178994A5268107804AB012285
:105E0000FCF791FB10B14FF0FF3076E7B9F1000FCE
:105E100007D09248806A807A40F0E0008DF8100048
:105E200004E08E48806A807A8DF810008B4A1268F0
:105E300091798A4A5268107804AB0122FCF773FB0F
:105E400010B14FF0FF3058E7B9F1000F07D0834889
:105E5000806AC07A40F0E0008DF8100003E07E48D0
:105E6000C07A8DF810007D4A1268D1797B4A526859
:105E7000107804AB0122FCF756FB10B14FF0FF3055
:105E80003BE7B9F1000F02D0C820FCF7ECF9402045
:105E90008DF81000714A12681179704A52681078B2
:105EA00004AB0122FCF73FFB10B14FF0FF3024E7B9
:105EB00078208DF81000694A12685179674A526853
:105EC000107804AB0122FCF72EFB10B14FF0FF302D
:105ED00013E761498889FCF7C6F900208DF81000A6
:105EE0005E4A126851795D4A5268107804AB01220B
:105EF000FCF719FB10B14FF0FF30FEE6574A12686D
:105F0000917A564A5268107804AB0222FCF75AFB89
:105F100010B14FF0FF30F0E69DF811009DF8101021
:105F200040EA012B0C209BFBF0F0C6B20020A860D9
:105F300068602860A06060602060824665E0474A33
:105F40001268D17A454A5268107804AB0C22FCF7EB
:105F500039FB10B14FF0FF30CFE69DF811009DF8EE
:105F6000101040EA012000B2ADF808009DF81300BF
:105F70009DF8121040EA012000B2ADF80A009DF829
:105F800015009DF8141040EA012000B2ADF80C0095
:105F9000BDF90810206808442060BDF90A10606847
:105FA00008446060BDF90C10A0680844A0609DF82A
:105FB00017009DF8161040EA012000B2ADF800006D
:105FC0009DF819009DF8181040EA012000B2ADF8C4
:105FD00002009DF81B009DF81A1040EA012000B253
:105FE000ADF80400BDF90010286808442860BDF928
:105FF0000210686808446860BDF90410A868084485
:10600000A8600AF1010000F0FF0AB24597DB1248D0
:10601000D0F800C02868C117090441EA10410704FC
:1060200062460023384601F0A5FA32460023CDE946
:10603000020101F09FFA28600748D0F800C06868A4
:10604000C117090441EA104107046246002338469B
:1060500006E0000054E3853FB8970008BC0100202B
:1060600001F088FA32460023CDE9020101F082FAFC
:106070006860FE48D0F800C0A868C117090441EA6A
:106080001041070462460023384601F073FA324695
:106090000023CDE9020101F06DFAA860F348D0F8C1
:1060A00004C02168C817000440EA11480F04624682
:1060B00000233846414601F05DFA32460023CDE91F
:1060C000020101F057FA2060E848D0F804C0606887
:1060D000C117090441EA104107046246002338460B
:1060E00001F048FA32460023CDE9020101F042FAFC
:1060F0006060DE48D0F804C0A068C117090441EA16
:106100001041070462460023384601F033FA324654
:106110000023CDE9020101F02DFAA060A06800285B
:1061200004DDA068A0F58030A06003E0A06800F561
:106130008030A0600020E0E538B50446CC4890F8F7
:106140002400A04201D1002038BD24B3C84890F8F3
:10615000250010B94FF0FF30F6E70020FEF75AFB9C
:106160000020FEF779FCC249C88CFEF7DEFE002055
:106170000090BF49496808786B4601222321FCF74B
:10618000D2F90121BA4880F824100120FEF742FB21
:10619000FEF706FD13E00020FEF73CFBB448007C50
:1061A0000090B349496808786B4601222321FCF727
:1061B000BAF90021AE4880F82410FEF7F1FC002067
:1061C000C2E72DE9F04F8DB083460F4602200C90B8
:1061D000A74890F8240020B10020FFF7ADFF01266A
:1061E00000E0002603A8FFF7E2F905A8FFF7FFF992
:1061F00001A8FFF720FA02A8FFF742FA9C4890F89E
:106200000AA004A8FFF796FA002407E00022394606
:106210005846FFF759FD00B902E0641C022CF5DB7B
:1062200000BF022C01D1002528E0002407E0012254
:1062300006A909A8FFF748FD00B902E0641C022C7A
:10624000F5DB00BF022C01D1002517E006A9384676
:10625000FFF75CFC00F0FF0809A95846FFF7A8FC0F
:1062600000F0FF090025B9F1000F01D145F001054B
:10627000B8F1000F01D145F0020500BFFF207C49B5
:106280000872FF217A484172C1724FF6FF71C181D5
:10629000FF218172017401210173BDF80C00FEF72A
:1062A000D2FE9DF81400FEF78CFEBDF80400FEF748
:1062B00090FDBDF80800FEF738FE5046FEF767FB7C
:1062C0009DF81000FEF750FD16B10120FFF734FFD6
:1062D00028460DB0BDE8F08FF8B504460D461646C9
:1062E00016B94FF0FF30F8BD6148807A10B94FF011
:1062F000FF30F8E720128DF80000E0B28DF80100C1
:106300009DF8010028445A4949684989884202DDBC
:106310004FF0FF30E7E7564A1268117E544A526840
:1063200010786B460222FCF7FEF810B14FF0FF30F8
:10633000D9E7EAB24E4B1B68597D4D4B5B68187824
:106340003346FCF7F0F810B14FF0FF30CBE70020F8
:10635000C9E7F8B504460D46164616B94FF0FF30AA
:10636000F8BD4348807A10B94FF0FF30F8E72012AB
:106370008DF80000E0B28DF801009DF8010028447E
:106380003B4949684989884202DD4FF0FF30E7E721
:10639000374A1268117E364A526810786B460222DC
:1063A000FCF7C1F810B14FF0FF30D9E7EAB2304B3B
:1063B0001B68597D2E4B5B6818783346FCF702F951
:1063C00010B14FF0FF30CBE70020C9E72DE9F043D3
:1063D00085B005460E4690469946254890F825001A
:1063E00020B14FF0FF3005B0BDE8F08316B94FF093
:1063F000FF30F8E7002423E0281B102801DD1020DF
:1064000000E0281B87B2321939462046FFF764FFA7
:1064100010B14FF0FF30E6E701AA39462046FFF7FA
:1064200098FF10B14FF0FF30DDE730193A4601A96F
:1064300001F001F910B16FF00100D4E7E01984B266
:10644000AC42D9DB4FEA28208DF8000008F0FF00AD
:106450008DF80100064A1268917E054A526810784C
:106460006B460222FCF75FF838B103E0B8970008EA
:10647000BC0100204FF0FF30B5E701218A4880F8C9
:106480002510A0F826900020ADE70146864890F838
:10649000240008700020704702464FF0FF3070471C
:1064A00001464FF0FF307047F8B505460F461446D9
:1064B000002C70D0B5F5FF5F01DDFF2605E0202D33
:1064C00001DA012601E0C5F3471607B90127282C98
:1064D00002DD4FF0FF30F8BD7348407D28BB7248A5
:1064E00090F8240038B10020FFF726FE01216E4805
:1064F00080F8201003E000216B4880F820106A48E3
:106500001630FFF754F868481830FFF770F86648FF
:106510001A30FFF790F864481C30FFF7B1F8624872
:10652000817A81771F30FFF705F90020FEF772F9B5
:106530000020FEF78DFC00208DF800005A4A1268FA
:106540009178594A526810786B460122FBF7EBFFAD
:1065500010B14FF0FF30BEE740208DF80000524AE6
:106560001268D17B504A526810786B460122FBF7C3
:10657000DAFF00B165E08DF800608DF801704A4ADD
:106580001268117A484A526810786B460222FBF76B
:10659000CAFF08B155E047E00520FBF764FE42481A
:1065A000407A072101EBC000C0B28DF800003E4ADE
:1065B0001268D1793C4A526810786B460122FBF789
:1065C000B2FF00B13DE020208DF80000012C03D186
:1065D00000208DF801000EE0052C03DC01208DF871
:1065E000010008E0142C03DC02208DF8010002E019
:1065F00003208DF801009DF80100072101EB8010B8
:10660000C0B28DF80100284A1268917C264A52686F
:1066100010786B460222FBF786FF00B111E00121E2
:1066200021484175002056E71F4A1632002103E039
:10663000505C00B105E0491C0C29F9D34FF0FF3044
:1066400049E7FF2018490872FF2117484172C172BB
:106650004FF6FF71C181FF21817201740121017325
:106660000146887FFEF793F90F49C88AFEF7EBFCD5
:106670000D49087EFEF7A5FC0B49488BFEF7A9FBE8
:106680000949888BFEF751FC0749C87FFEF76CFB70
:10669000054890F8200010B10120FFF74DFD0021C2
:1066A00001484175002016E7BC01002010B5C82341
:1066B0004FF48062F74940F6F630FFF787FE10BDD1
:1066C00010B586B00446F4A000680390F3A00068FB
:1066D0000290F3A000680190F2A00068009004F01E
:1066E000030003A9085C8DF8140003A8C4F3C101DA
:1066F000405C8DF8150003A8C4F38111405C8DF84F
:10670000160004F0030002A9085C8DF8100002A82E
:10671000C4F3C101405C8DF8110002A8C4F38111DB
:10672000405C8DF8120005AA032140F22640FFF7D5
:10673000D3FD18B14FF0FF3006B010BD04AA0321FD
:1067400040F22A40FFF7C8FD10B14FF0FF30F3E7E9
:10675000019805900098049004F0040058B19DF849
:10676000140040F001008DF814009DF8100040F076
:1067700001008DF8100004F0200058B19DF81500BC
:1067800040F001008DF815009DF8110040F0010067
:106790008DF8110004F4807058B19DF8160040F097
:1067A00001008DF816009DF8120040F001008DF8F0
:1067B000120005AA03214FF48860FFF78DFD10B188
:1067C0004FF0FF30B8E704AA032140F23140FFF751
:1067D00083FD10B14FF0FF30AEE7B34804810020D5
:1067E000AAE71FB50446B048007A00F0030054F849
:1067F00020000190AC48007A00F0040010B101982C
:1068000040420190A848007AC0F3C10054F820002B
:106810000290A548007A00F0200010B10298404292
:106820000290A148007AC0F3811054F82000039030
:106830009D48008900F4807010B103984042039095
:106840009A49019880FB0101800F40EA8100019084
:106850009649029880FB0110820042EA91700290F2
:106860009249039880FB0110820042EA91700390E4
:106870000198000E8DF800000198000C8DF80100C1
:106880000198000A8DF802000198C0B28DF803004B
:106890006A4604214FF47470FFF71EFD18B14FF0E3
:1068A000FF3004B010BD0298000E8DF80000029871
:1068B000000C8DF801000298000A8DF80200029881
:1068C000C0B28DF803006A4604214FF47570FFF7DB
:1068D00003FD10B14FF0FF30E3E70398000E8DF891
:1068E00000000398000C8DF801000398000A8DF851
:1068F00002000398C0B28DF803006A4604214FF4E9
:106900007670FFF7E9FCCCE770B588B0064601A8C1
:10691000FEF7E9FEBDF804000021C90341EA504535
:10692000C4036148007A00F0030056F82000059087
:106930005D48007A00F0040010B1059840420590CF
:106940005948007AC0F3C10056F820000690564816
:10695000007A00F0200010B106984042069052489C
:10696000007AC0F3811056F8200007904E48008945
:1069700000F4807010B10798404207900598C11745
:10698000A0FB042301FB043100FB0510810041EA58
:10699000927005900698C117A0FB042301FB0431F7
:1069A00000FB0510810041EA927006900798C1171C
:1069B000A0FB042301FB043100FB0510810041EA28
:1069C000927007900598000E8DF808000598000C4D
:1069D0008DF809000598000A8DF80A000598C0B2E4
:1069E0008DF80B000698000E8DF80C000698000C30
:1069F0008DF80D000698000A8DF80E000698C0B2BA
:106A00008DF80F000798000E8DF810000798000C05
:106A10008DF811000798000A8DF812000798C0B28F
:106A20008DF8130002AA0C214FF42570FFF754FCD7
:106A300008B070BD30B585B004461DA207CA02ABD0
:106A400007C3C82C03DD4FF0FF3005B030BDC820B0
:106A500090FBF4F0401E85B2280A8DF80000E8B2E1
:106A60008DF801006A46022140F21620FFF734FC3F
:106A700010B14FF0FF30E8E702AA0C2140F6C12028
:106A8000FFF72AFC10B14FF0FF30DEE706488481A3
:106A90000020DAE7E09700084CCD6C000CC92C0010
:106AA00036567600264666006003002009E3CA02D7
:106AB000FEF2ABC4AAF1DFDFBBAFDFDF0146FC486B
:106AC00080890880002070472DE9FC4706460F4664
:106AD00006F0070010B1B7F5C86F03DD4FF0FF30C7
:106AE000BDE8FC87384601F00CF88146F14900F01A
:106AF00039FE80466846FEF77AFD9DF800000228C0
:106B000006D0042816D0082826D0102848D135E011
:106B10004FF08D41404600F0F3FD814601F020F832
:106B200084B2E549404600F0EBFD814601F018F8DB
:106B300085B238E04FF08C41404600F0E1FD8146DF
:106B400001F00EF884B2DD49404600F0D9FD8146DF
:106B500001F006F885B226E04FF08B41404600F088
:106B6000CFFD814600F0FCFF84B2D549404600F0DD
:106B7000C7FD814600F0F4FF85B214E04FF08A4172
:106B8000404600F0BDFD814600F0EAFF84B2CD49E9
:106B9000404600F0B5FD814600F0E2FF85B202E01C
:106BA0004FF0FF309CE700BF20128DF80400E0B2E8
:106BB0008DF8050028128DF80600E8B28DF8070060
:106BC00006F00100A0B101AA02214FF4EA70FFF71C
:106BD00083FB10B14FF0FF3082E70DF10602022176
:106BE0004FF49270FFF778FB10B14FF0FF3077E76A
:106BF00006F00200A0B101AA02214FF4EC70FFF7E9
:106C00006BFB10B14FF0FF306AE70DF10602022175
:106C10004FF49470FFF760FB10B14FF0FF305FE767
:106C200006F00400A0B101AA02214FF4EE70FFF7B4
:106C300053FB10B14FF0FF3052E70DF10602022175
:106C40004FF49670FFF748FB10B14FF0FF3047E765
:106C5000002045E738B504460020009004F001000C
:106C600020B19DF8000040F03000009004F00200D8
:106C700020B19DF8000040F00C00009004F00400EA
:106C800020B19DF8000040F0030000906A46012109
:106C90004FF4A470FFF720FB38BD38B50446012C33
:106CA00001DA012402E0042C00DD0424601EC0B2DD
:106CB00000906A46012140F24F10FFF70DFB38BDEE
:106CC00038B50446052094FBF0F085B228128DF803
:106CD0000000E8B28DF801006A4602214FF4EF701F
:106CE000FFF7FAFA38BD38B50446052094FBF0F0FA
:106CF00085B228128DF80000E8B28DF801006A46CE
:106D000002214FF4ED70FFF7E7FA38BDF8B50546FC
:106D10000E464FF47A7095FBF0F000FB06F4200E5F
:106D20008DF80000200C8DF80100200A8DF802007B
:106D3000E0B28DF803006A4604214FF4AE70FFF70D
:106D4000CBFAF8BD38B50446052094FBF0F084B2C8
:106D500020128DF80000E0B28DF801006A46022191
:106D60004FF4AD70FFF7B8FA38BD38B504460520CA
:106D700094FBF0F084B220128DF80000E0B28DF8A0
:106D800001006A4602214FF4AC70FFF7A5FA38BD46
:106D900038B5044614B94FF0FF3038BD6A460421B7
:106DA0004FF45870FFF7D5FA10B14FF0FF30F4E709
:106DB0009DF8000000069DF8011040EA01409DF892
:106DC000021040EA01209DF80310084320600020D3
:106DD000E3E738B50446200E8DF80000200C8DF84E
:106DE0000100200A8DF80200E0B28DF803006A4627
:106DF00004214FF45870FFF76FFA38BD38B50446D8
:106E000014B94FF0FF3038BD6A4604214FF4717059
:106E1000FFF79FFA10B14FF0FF30F4E79DF8000044
:106E200000069DF8011040EA01409DF8021040EA7A
:106E300001209DF80310084300EB800080002060D3
:106E40000020E0E738B504461420B4FBF0F4200E2F
:106E50008DF80000200C8DF80100200A8DF802004A
:106E6000E0B28DF803006A4604214FF47170FFF719
:106E700033FA38BD38B5044664B120208DF80000DF
:106E800028208DF8010030208DF8020038208DF880
:106E9000030004E0A3220421684600F0AEFB6A462A
:106EA000042140F69E20FFF717FAFDF779FE38BD62
:106EB0006003002000004843000040460000C04539
:106EC000000040450000C04438B5044664B1C0200D
:106ED0008DF80000C2208DF80100C4208DF802005A
:106EE000C6208DF8030004E08B220421684600F0E0
:106EF00084FB6A46042140F69820FFF7EDF9FDF780
:106F00004FFE38BD3EB504466CB1FDA1D1E900206D
:106F10008968CDE9002002916A4609214FF4976003
:106F2000FFF7DAF93EBDF9A2D2E900109268CDE987
:106F3000010200916A4609214FF49760FFF7CCF9EE
:106F4000F0E73EB5044602208DF80000CA208DF817
:106F50000100E3208DF8020009208DF803006A4645
:106F600004216820FFF7B8F9A3208DF8000004F091
:106F7000400048B1C0208DF80100C8208DF8020003
:106F8000C2208DF8030006E0A3208DF801008DF8E3
:106F900002008DF8030004F4C07048B1C4208DF8DD
:106FA0000400CC208DF80500C6208DF8060006E010
:106FB000A3208DF804008DF805008DF80600A320AD
:106FC0008DF807008DF808008DF809006A460A213F
:106FD00040F6A720FFF780F904F0030018B1202045
:106FE0008DF8000002E0D8208DF800006A460121EB
:106FF00040F6B620FFF770F904F0200018B1012028
:10700000FFF780FF02E00020FFF77CFF04F4C07070
:1070100008B304F4807060B1B2208DF800008B20BA
:107020008DF80100B6208DF802009B208DF803003A
:107030000BE0B0208DF8000080208DF80100B42016
:107040008DF8020090208DF803006A46042140F676
:10705000A220FFF741F904F0010020B3F8208DF8D9
:1070600000006A4601214FF40B60FFF735F9FA2161
:107070000720FFF729FD0720FFF7ECFD0120FFF7B0
:107080000CFE6420FFF71CFE4FF4FA70FFF72BFE96
:10709000C821A148FFF73AFE2820FFF753FE0A2037
:1070A000FFF763FE08E0D8208DF800006A46012152
:1070B0004FF40B60FFF710F904F0020018B1D9206B
:1070C0008DF8000002E0D8208DF800006A4601210A
:1070D00040F23D70FFF700F904F0040018B1012000
:1070E000FFF7F2FE02E00020FFF7EEFE04F01000D2
:1070F00018B10120FFF7BEFE02E00020FFF7BAFE44
:1071000044F0080085494881FDF74AFD0020834985
:10711000887304F0400018B10846807B801D887396
:1071200004F4C07020B17D48807B801D7B4988734A
:1071300004F0140020B17948807B103077498873BF
:1071400004F0030020B17548807B001D73498873EB
:1071500000203EBD014671484089088000207047EC
:107160002DE9F0410446E07800F0C006E07800F038
:107170003F05607800F0010098B1EF102846E9174C
:1071800005EB5171C910A5EBC101491C01F0FF08C5
:107190006248006820B1614841460268384690471D
:1071A00000BF607800F0080030B15C48406818B15A
:1071B000B0115A4A516888470020BDE8F08110B5E7
:1071C00086B0044656A207CA03AB07C357A207CA34
:1071D0008DE80700012C09D0022C0ED103AA0B2147
:1071E00040F68220FFF778F806B010BD6A460B2102
:1071F00040F68220FFF770F8F6E74FF0FF30F3E734
:107200002DE9F04F8DB00746884615469946DDE9D1
:10721000166B0024002030804049887B5A4605A91F
:10722000FEF7BDFB18B1601E0DB0BDE8F08F3B4806
:10723000807A00F01400002861D09DF81400000648
:107240009DF8151040EA01409DF8161040EA012013
:107250009DF81710084328609DF8180000069DF857
:10726000191040EA01409DF81A1040EA01209DF8EB
:107270001B10084368609DF81C0000069DF81D1057
:1072800040EA01409DF81E1040EA01209DF81F10C1
:107290000843A8609DF8200000069DF8211040EAF0
:1072A00001409DF8221040EA01209DF82310084378
:1072B000E86004F11000C4B2286800140190686806
:1072C00000140290A86800140390E8680014049069
:1072D00001984043029901FB0100039901FB010061
:1072E000049901FB010ABAF1706F02DBBAF1885F01
:1072F00022DDFDF755FC00203080401E94E721E0A0
:10730000B8AAB38DB4980D355D000000B8AAAAAA3A
:10731000B088C3C5C700000009E3CA0260030020AB
:10732000D8B1B9F38BA391B609B4D900DAB1B9F3E6
:107330008BA391B6DAB4DA00B6F9000040F480709D
:10734000308000BF7848807A00F0400020B305A963
:10735000601C085C095D40EA012000B2A8F800004A
:1073600005A9E01C095C05AAA01C105C41EA0020EC
:1073700000B2A8F8020005A9601D095C201D105C80
:1073800041EA002000B2A8F80400A01DC4B2B6F97A
:10739000000040F0080030806348408900F4C0706D
:1073A00008B305A9601C085C095D40EA012000B231
:1073B000388005A9E01C095C05AAA01C105C41EA04
:1073C000002000B2788005A9601D095C201D105CBA
:1073D00041EA002000B2B880A01DC4B2B6F9000096
:1073E00040F0700030805048807A00F0030018B1FF
:1073F00005A90819FFF7B4FE4846FAF740FF002038
:1074000012E701464848016000207047014646489F
:10741000416000207047014691F90020002A01DDFB
:1074200000201EE091F90020002A01DA042018E073
:1074300091F90120002A01DD012012E091F90120DB
:10744000002A01DA05200CE091F90220002A01DD72
:10745000022006E091F90220002A01DA062000E06D
:107460000720704770B505462846FFF7D4FF04464D
:10747000E81CFFF7D0FF44EAC00084B2A81DFFF764
:10748000CAFF44EA801084B2204670BD70B588B04F
:1074900002A905A8FEF795FE0446032C3FD101A8DA
:1074A000FEF704F9059800F023FB0646019900F069
:1074B00027F9054600F03BFB0590069800F018FB05
:1074C0000646019900F01CF9054600F030FB0690D5
:1074D000079800F00DFB0646019900F011F90546EA
:1074E00000F025FB079005A8FFF77BF96846FEF73B
:1074F000FAF8BDF80010029848430290BDF8001059
:10750000039848430390BDF8001004984843049042
:1075100002A8FFF7F9F905A0FDF735F802E00CA085
:10752000FDF731F808B070BD600300207365747416
:10753000696E672062696173207375636365736642
:10754000756C6C79202E2E2E2E2E2E0A0000000037
:107550006269617320686173206E6F742062656573
:107560006E206D6F646966696564202E2E2E2E2E46
:107570002E0A00002DE9F0410024061B254671F17A
:10758000000605DA01240027D0EB070067EB0101B4
:10759000161E73F1000605DA0027D2EB070201255B
:1075A00067EB030300F062FB86460E4617469C46D7
:1075B000AC4204D00025D0EB050E65EB010624B1EA
:1075C0000020D2EB000760EB030C704631463A46D0
:1075D0006346BDE8F08140EA01039B0703D009E060
:1075E00008C9121F08C0042AFAD203E011F8013BAF
:1075F00000F8013B521EF9D27047D2B201E000F808
:10760000012B491EFBD270470022F6E710B5134646
:107610000A4604461946FFF7F0FF204610BD421EF9
:1076200012F8013F002BFBD111F8013B02F8013B9E
:10763000002BF9D1704730B504460020034600E026
:107640005B1C934203D2E05CCD5C401BF8D030BDA4
:10765000F0B480EA0102D40F4200B2EB410F02D233
:107660000246084611464A0042D0C30DDDB2C1F3BE
:10767000C752AD1A202D35DAC1F3160141F40002CC
:1076800004B15242C5F1200602FA06F12A41104423
:10769000B3EBD05F23D0C4B1012DA0EBC35009DC04
:1076A000F0BC4FF0004202EAC352DBB200F500002A
:1076B00000F037BB400000F1807000EBC350A0F138
:1076C000807040EAD170490009E0490841EAC07180
:1076D000A0EBC35000F50000400800EBC350F0BC25
:1076E00000F016BB6142012202EB4101001BF6E7EC
:1076F000F0BC704781F00041AAE780F00040A7E7A6
:1077000080EA010210B502F00043400022D04A0096
:107710001FD0010E01EB1261C0F35600C2F35602F6
:1077200040F4000042F40002A0FB022000047F3974
:10773000140400D0401C50EA124001D44000491EFD
:10774000C2B20C0604EBD010401C4008802A02D0C4
:1077500003E0002010BD20F00100002900DA002025
:10776000184310BD30B480EA010202F0004530F049
:10777000004221F0004013D090B1C30DD40DC2F3EC
:107780001601C0F31600E41A41F4000140F40002AF
:107790007D34914201D3641C00E04900002C02DAE0
:1077A00030BC002070474FF400000023914201D309
:1077B000891A034340084FEA4101F7D151B1914280
:1077C00002D14FF0004105E002D24FF0010101E08B
:1077D0006FF0010103EBC450284430BC00F098BAAC
:1077E0002DE9FE4F804681EA0300C00F0C46009051
:1077F00021F0004123F00045B8EB0200A94105D279
:107800004046214690461C460B46024623F0004067
:10781000104347D0270DC7F30A00C3F30A51029063
:10782000401A019040286BDAC3F3130040F4801B28
:107830000098924620B10023D2EB030A63EB0B0BB6
:1078400001985946C0F14002504600F040FA064601
:107850000D4650465946019A00F048FA10EB0800D0
:107860006141002487EA115284EAE7731A4340D049
:10787000009A62B3019A012A4FEA075215DC001BF5
:1078800061EB02014FF0004202EA0752CDE90042EB
:10789000001C41F5801132462B4600F07FFA03B000
:1078A000BDE8F08F40462146F9E7001B61EB02017D
:1078B000001C41F5801300185B412018A2F5001749
:1078C00047EB030140EAD570B6196D4111E06D0830
:1078D0004FEA360645EAC0754FEA0752001B61EBD6
:1078E0000201001C41F5801149084FEA30000019DF
:1078F000514132462B4603B0BDE8F04F00F03FBA8D
:107900000098012240000023D0EB020263EBE073F9
:10791000009821464FEAE074B8EB000061EB0401E7
:10792000E9E783F000435BE781F0004158E72DE988
:10793000FE4F81EA030404F0004421F0004100946A
:107940004FF0000B23F0004350EA01045ED052EAEE
:1079500003045BD0C3F30A54C1F30A552C44A4F2C8
:10796000F3340194A0FB0254C1F3130141F48011DC
:10797000C3F3130343F4801301FB024400FB034EE3
:10798000840A970A44EA815447EA8357A4FB0768AC
:1079900002958D0A05FB07854FEA932C04FB0C54D6
:1079A0002705029D4FEA065847EA1637B5EB08054A
:1079B0006EEB070C870E920E47EA811742EA83129C
:1079C000A7FB0201B6EB0B0164EB00042B0D43EAAD
:1079D0000C335E1844EB1C50DA465146E7FB0201BB
:1079E000C5F313044FEA0B3343EA14534FEA04324E
:1079F000019C43EA0603A4F10C040294009CCDE927
:107A000000B400F0CBF903B0BDE8F08F00200146D0
:107A1000F9E72DE9F04D81EA030404F0004B21F071
:107A2000004514464FF0000A23F0004150EA0502D9
:107A300020D054EA01021DD0C5F30A570246C5F30F
:107A40001303C1F31300C1F30A5640F4801543F445
:107A50008013A7EB0608101BD64608F2FD3873EB1F
:107A6000050002D308F1010801E092185B41B8F16A
:107A7000000F03DA00200146BDE8F08D00204FF42E
:107A80008011064684460EE0171B73EB050705D3ED
:107A9000121B63EB050306434CEA010C49084FEA4D
:107AA000300092185B4150EA0107EDD152EA030021
:107AB00012D082EA040083EA0501084305D0101BB6
:107AC000AB4106D20122002306E000224FF0004322
:107AD00002E06FF0010253101AEB06004CEB085164
:107AE00010EB0A0041EB0B01BDE8F04D00F047B987
:107AF000C10F80EAE0700844CA079623002100F015
:107B000010B996230022114600F00BB90EB5C10F33
:107B100080EAE0700844CA07002140F233438DE850
:107B20000E000A460B4600F039F903B000BD00F024
:107B3000004220F00040C10DC0F3160040F40000E8
:107B40007F2901DA00207047962903DCC1F19601F4
:107B5000C84001E096398840002AF4D0404270477E
:107B600020F00040C10DC0F3160040F400007F2952
:107B700001DA00207047962903DCC1F19601C84064
:107B8000704796398840704700F0004230F000405E
:107B90000AD0C10D01F56071C0F3160042EA01512F
:107BA000C20840071143704700200146704700009B
:107BB00030B5041E71F1000404DB4FF00044404274
:107BC00064EB0101141E73F1000405DB1C464FF049
:107BD0000043524263EB04038B4208BF824230BD34
:107BE00001F0004330B421F0004150EA010206D018
:107BF0000A0DA2F56072C1F31301002A02DC30BC49
:107C000000207047440F44EAC104C100E01830BCB2
:107C100000EBC25000F07CB8002801DBC0F100404E
:107C2000002901DBC1F1004181427047002801DBDE
:107C3000C0F10040002901DBC1F1004188427047DA
:107C400030B50B46014600202022012409E021FA2C
:107C500002F59D4205D303FA02F5491B04FA02F529
:107C60002844151EA2F10102F1DC30BD2DE9F05FC0
:107C70000546002092469B4688460646814640249B
:107C80001BE0284641464746224600F02FF953465E
:107C90005A46C01A914110D311461846224600F0A8
:107CA00016F82D1A67EB01084F46224601200021E5
:107CB00000F00DF817EB00094E41201EA4F101045D
:107CC000DFDC484631462A464346BDE8F09F202A7D
:107CD00004DB203A00FA02F1002070479140C2F123
:107CE000200320FA03F3194390407047202A06DB53
:107CF000CB17203A41FA02F043EAE07306E041FA7A
:107D000002F3D040C2F12002914008431946704767
:107D10000029A8BF7047401C490008BF20F001009F
:107D2000704710B4B0FA80FC00FA0CF050EA01047D
:107D300004BF10BC704749B1CCF1200421FA04F40F
:107D400011FA0CF118BF012121430843A3EB0C01E8
:107D5000CB1D4FEA00614FEA102042BF002010BC4B
:107D6000704700EBC35010440029A4BF10BC7047FB
:107D7000401C490008BF20F0010010BC704710B53E
:107D8000141E73F1000408DA401C41F1000192183E
:107D90005B411A4301D120F0010010BD2DE9F04DE7
:107DA00092469B4611B1B1FA81F202E0B0FA80F23C
:107DB00020329046FFF78BFF04460F4640EA0A0048
:107DC00041EA0B0153465A46084313D0114653EA81
:107DD000010019D0C8F14002504600F087F805466E
:107DE0000E46504659464246FFF771FF084305D0FC
:107DF000012004E020463946BDE8F08D002005430F
:107E000046EAE0762C4337430A986305E40AA0EB80
:107E100008000022FD0A44EA47540A3002D5002037
:107E20000146E9E7010510196941DDE90845001936
:107E30006941BDE8F04DA2E770B521F0004303436E
:107E40000CD0C1F30A550024D5EB040564EB040300
:107E5000D617AD1AB34102DB0020014670BD2018D1
:107E600041EB025170BDC1F30A52C1F3130140F25C
:107E7000FF3341F480119A4202DA00200146704734
:107E800040F233439A42A2F2334202DC524200F003
:107E90002DB8FFF71CBF000030B5041E71F10004BF
:107EA00004DB4FF00044404264EB0101141E73F107
:107EB000000405DB1C464FF00043524263EB040311
:107EC000994208BF904230BD064C074D06E0E0687D
:107ED00040F0010394E8070098471034AC42F6D311
:107EE000F8F708F938A6000858A60008202A04DB8D
:107EF000203A21FA02F00021704721FA02F3D04023
:107F0000C2F1200291400843194670472DE9F04D17
:107F100000231A461B1A8A4103DB00200146BDE8F4
:107F2000F08DC1F30A52C1F3130141F480154FF0F3
:107F3000000BD10702D100186D41521E00270446E4
:107F400040F2FF11384601EB620A3E468046024687
:107F500000204FF48011FFF7C9FFC2197141BB180F
:107F600046EB0100B4EB030C75EB000C04D3E41AF0
:107F700065EB000517460E46241908F101006D4116
:107F800080463428E3DDF91946EB0600091BA841B9
:107F900003D24FF0FF32134601E0002213461BEBE1
:107FA000070046EB0A51BDE8F04DFFF7E8BE0EB5FD
:107FB00040F2334102910021CDE900110A460B46FF
:107FC000FFF7ECFE03B000BD70B5C1F30A5201F03B
:107FD00000450024C1F3130140F2FF3341F4801146
:107FE0009A4201DA002070BD40F233439A42A2F275
:107FF000334203DC5242FFF779FF00E090402C430C
:10800000F1D0404270BD70B58C1810F8015B15F0CE
:10801000070301D110F8013B2A1106D110F8012BFA
:1080200003E010F8016B01F8016B5B1EF9D12B071F
:1080300005D40023521E0DD401F8013BFAE710F8D5
:10804000013BCB1A921C03E013F8015B01F8015BC2
:10805000521EF9D5A142D8D3002070BD0FB4084BF1
:1080600010B504A902AA039800F01AFC044602A95C
:10807000002000F0ACFF204610BC5DF814FB0000AF
:10808000CF8F0008490050EAC12018BF04204A0DD4
:1080900018BF40F0010040F2FF72B2EB515F08BF21
:1080A00040F00200012808BF052070472DE9F74F76
:1080B000144694B00021C4E902111599079121F0EA
:1080C0000045C9498D4206DC1599C4E9000117B085
:1080D0000020BDE8F08FC549DFF814A3A9423CDDBC
:1080E0000799C44E0029C44FC44A1599534619DD57
:1080F000FFF717FC554506D0C14AC24BFFF711FCEC
:10810000C4E900010AE04FF0D352BE4BFFF709FC6F
:1081100032463B46FFF705FCC4E9000117B00120D9
:10812000BDE8F08FFFF75CFB554506D0B44AB54B70
:10813000FFF756FBC4E900010AE04FF0D352B14B00
:10814000FFF74EFB32463B46FFF74AFBC4E900010E
:1081500017B04FF0FF30BDE8F08FAB49A942159939
:1081600078DB21F0004183468846A84AA84BFFF7F8
:10817000DEFB0022A74BFFF733FBFFF725FF09903B
:10818000FFF7C4FC06460F469C4A5346FFF7CFFB59
:1081900043465A46FFF7C8FB80468A46984A994BA1
:1081A00030463946FFF7C3FB2A0D01250B924246A4
:1081B0005346FFF7B9FB032DC4E9000139D00B98F2
:1081C000C1F30A51401A05EB45111139814230DAE9
:1081D0009148C346784400EB0510CDF80CA00C90F4
:1081E000D0E9002330463946FFF7A1FB02460B4693
:1081F0000491069058460399FFF793FB80468A4600
:1082000002460B4658460399FFF78BFB049B069AE0
:10821000FFF787FB83460C9803913946D0E9022388
:108220003046FFF784FB5A46039BFFF77AFB6D1C31
:10823000BDE707980028A2BF099817B0BDE8F08FE6
:10824000616881F000416160099817B04042BDE863
:10825000F08FFFE784461598C1F31301C0F30A506D
:10826000A0F2F5304FEA601800F01F06C6F12000BA
:10827000139000200690079041F4801E05206D4663
:1082800076B1664A08EB00017A4452F8213002EBDD
:108290008101B3404A68139922FA01F1194305E0BC
:1082A0005F4908EB0002794451F82210A1FB0E2728
:1082B000A1FB0C131A449A4234BF0123002303EBA1
:1082C000070A05EB8003D3E901B70F448F4234BF9F
:1082D0000121002193448B4411B1934502D903E05D
:1082E000934501D2012100E00021C3E901B75144C7
:1082F00045F82010011EA0F10100C1DC0298059F85
:1083000000F10050800F12900298DDE903568000C2
:10831000FFF7FCFB834628460D91FFF748FE6FF000
:108320001D02FFF789FDCDE90E013046FFF73FFE44
:108330006FF03D02FFF780FD80468A463846FFF722
:1083400036FE6FF05D02FFF777FD07464246534663
:108350001191FFF745FADDE90E23FFF741FA5A467E
:108360000D9BFFF73DFA00250E465A4628460D9B09
:10837000FFF7D7FADDE90E23FFF7D3FA424653465B
:10838000FFF7CFFA3A46119BFFF7CEFADFF898A035
:10839000244A5346FFF7CBFA07468846234A244B24
:1083A00031462846FFF7C3FA3A464346FFF718FA24
:1083B000074688464FF0A842534631462846FFF705
:1083C000B6FA3A464346FFF70BFA159A12F0004FF9
:1083D00004D0129A81F0004152421292C4E9000185
:1083E000129817B0BDE8F08FFB21E93F7CD902401D
:1083F000FB21F93F7370032E8A19A33B0000405400
:108400003163621A61B4D03DFB21394183C8C96D23
:10841000305FE43F0000E03F202300009C2200008A
:108420007E220000182D4454FB21F93D3326A6116D
:10843000460B113C2DE9FF4D21F0004807460C4644
:10844000B8F1795F08DAFFF7BFFD002801BF00200F
:10845000324904B0BDE8F08D3A462346104619462D
:10846000FFF765FA054602462D480E460B460621E3
:10847000784400F05DF82A463346FFF758FADDE904
:10848000022382468B4638462146FFF750FA0446BF
:108490000F4652465B4628463146FFF748FA2246C9
:1084A0003B46FFF73EFA07468A464FF0FF32284622
:1084B0003146FFF7C1FC1B4A90450ADA3A4653465B
:1084C000FFF72FFA04B00022BDE8F04D134BFFF781
:1084D0002BBA154A4245A8BFA8F500154FF0000475
:1084E000B8BF124D22462B46FFF71BFA06468846B8
:1084F00022462B4600200949FFF713FA04460D4691
:108500003A46534630464146FFF70BFA04B022463E
:108510002B46BDE8F04DFFF707BA00000000F03F22
:108520004C2000003333D33F0000E93F0000D23F2E
:108530002DE9F0414F1E00EBC7010446D1E90001CF
:1085400015461E4637F006020DD02A463346FFF781
:10855000EEF97F1E04EBC703D3E90023FFF740F9D0
:1085600037F00602F1D1022F25D0042F13D0062FA9
:1085700018BFBDE8F0812A463346FFF7D8F9D4E9A1
:108580000A23FFF72DF92A463346FFF7D0F9D4E93D
:108590000823FFF725F92A463346FFF7C8F9D4E93F
:1085A0000623FFF71DF92A463346FFF7C0F9D4E941
:1085B0000423FFF715F92A463346FFF7B8F9D4E943
:1085C0000223FFF70DF92A463346FFF7B0F9D4E945
:1085D0000023BDE8F041FFF703B900002DE9FF4D8E
:1085E000054621F0004084B00C46B0F1795F0BDA0B
:1085F0002846FFF747FD042808BF00F071F8284619
:1086000008B02146BDE8F08D2A460B461046FFF71C
:108610008EF906460F462A462346FFF788F980461C
:1086200026488A4632463B4605217844FFF780FFBC
:1086300083461098029160B3214A224B404651462E
:10864000FFF775F9CDE900015A4640465146029BB5
:10865000FFF76DF982468846DDE906014FF0FF32EB
:10866000FFF7EAFB52464346FFF75BF932463B46CB
:10867000FFF75DF9DDE90623FFF753F9DDE9002394
:10868000FFF74FF908B02A462346BDE8F04DFFF743
:108690004BB90B465A4630463946FFF748F9084A67
:1086A000084BFFF79DF842465346FFF740F908B0E4
:1086B0002A462346BDE8F04DFFF792B8921F00000E
:1086C000495555555555C5BF0122FFF7B5BBFFF7B5
:1086D00087B80022134610461146FFF79AB90000EA
:1086E000024A00201107FFF7A7BB000001FDFFFFB2
:1086F00002E008C8121F08C1002AFAD1704770476B
:10870000002001E001C1121F002AFBD170470000C8
:108710000149086070470000E80100202DE9FF5F73
:1087200082B00021DDE90430020DDDF840B00343E2
:1087300018D044F61050A2F2FF324243151411989B
:1087400001281FD0A5EB0B00401C5FEA000A4FF088
:1087500000064E4FDFF83891B046504615D5CAF1A5
:10876000000413E0119801244AA3012801D16FEA03
:108770000B010298119AC0E90031C0E9024206B02B
:10878000BDE8F09FCBF10000DFE704460021404A3E
:10879000491842EB0450CDE9001012E0E00707D081
:1087A00032463B4640464946FFF7C1F88046894677
:1087B00032463B4610461946FFF7B9F806460F46C3
:1087C0006410002CEAD1DDE90401DDE90023BAF1EF
:1087D000000F06DAFFF7ABF842464B46FFF7A7F863
:1087E00005E0FFF716F942464B46FFF712F904463B
:1087F0000E460022284BFFF74FFB03D84FF0FF3007
:10880000014607E00022254B20463146FEF7E8FFEF
:10881000FFF729FB102409E0002C0ADB0A220023C1
:10882000FFF724FA039B30321A55641E50EA010206
:10883000F2D1641C039AC4F111031444119A012A61
:1088400003D0012208430DD10AE0084304D00020E0
:108850004FF0110B119072E7A3EB0B056D1E0DE0AD
:108860005B4504DD4FF0000205F1010504E003DA89
:108870004FF00002A5F10105002AECD002981199F1
:10888000C0E90231C0E9004579E70000000014406A
:108890000000F03F300000000000F0430000E03F27
:1088A0002DE9FF4F95B09B468946064600250FE20D
:1088B000252877D100242746F84A0121059400E0B5
:1088C000044316F8013F203B01FA03F01042F7D1B0
:1088D00030782A2811D06FF02F033078A0F13002C1
:1088E000092A16D8059A44F0020402EB820203EB2F
:1088F00042021044761C0590EFE759F8042B0592CC
:10890000002A03DA504244F40054059044F0020473
:10891000761C30782E2816D116F8010F44F0040486
:108920002A280DD06FF02F023078A0F13003092BE8
:1089300009D807EB870302EB4303C718761CF3E75C
:1089400059F8047B761C30786C280FD006DC4C2854
:1089500017D068280DD06A2814D104E0742810D0EC
:108960007A280FD10DE044F400140AE044F4801496
:1089700001E044F440147278824202D104F580147C
:10898000761C761C307866280BD013DC582877D0FC
:1089900009DC002875D04528F6D04628F4D04728B1
:1089A0001AD19DE118E0632835D0642879D0652874
:1089B00012D195E1702873D008DC6728F1D06928BE
:1089C0006FD06E280DD06F2806D1B5E073282CD05B
:1089D000752875D0782874D05A46179990476D1C21
:1089E00075E1C4F30250022809D003280DD0D9F84C
:1089F000001004280DD00D6009F1040967E1D9F8D1
:108A00000010EA17C1E90052F6E7D9F800100D800E
:108A1000F2E70D70F0E719F8041B8DF80010002044
:108A20008DF80100EA46012003E059F804AB4FF04D
:108A3000FF3061074FF0000102D40DE008F10101A1
:108A40008846B9420FDA8045F8DB1AF80810002989
:108A5000F4D108E008F1010188468142FADB1AF8F6
:108A600008100029F6D105985B46A0EB08072146BF
:108A70003846179A00F094FA284400EB080507E0FE
:108A80004DE029E10DE01AF8010B5A46179990477D
:108A9000B8F10108F7D25B4621463846179A13E130
:108AA00042E00A220092C4F302524FF0000A022A66
:108AB00008D059F804CB032A4FEAEC710AD00DE034
:108AC00029E02AE009F1070121F00702F2E802C1DA
:108AD000914609E00FFA8CFC4FEAEC71042A03D1AD
:108AE0004FFA8CFC4FEAEC71002907DA0A460021A4
:108AF000DCF1000C61EB02012D2202E0220504D51D
:108B00002B228DF80420012203E0E20701D020226D
:108B1000F7E7904659E00A2102E010220DE010210B
:108B20004FF0000A00910BE010224FF0000A44F0D1
:108B300004040827009203E008224FF0000A009284
:108B4000C4F30252022A05D059F804CB0021032AAB
:108B500008D009E009F1070121F00702F2E802C19B
:108B6000914605E01FFA8CFC042A01D10CF0FF0CA1
:108B70004FF00008220728D5702806D0009B83F00C
:108B8000100353EA0A0305D00EE040228DF80420BA
:108B9000012208E05CEA010206D030228DF80420B0
:108BA0008DF8050002229046009B83F0080353EAEB
:108BB0000A030AD15CEA010201D1620705D530221D
:108BC0008DF804204FF001087F1E582804D034A0EF
:108BD00003900EA802900DE036A0F9E753466046D8
:108BE000009AFFF743F884460398825C0298401E7F
:108BF000029002705CEA0100F0D1029806A9081AFE
:108C000000F1200A600702D524F4803400E0012737
:108C1000574502DDA7EB0A0000E0002000EB0A0147
:108C2000009005984144401A0590E00306D45B4645
:108C30002146179A059800F0B3F90544002706E08D
:108C400001A85A46C05D179990476D1C7F1C474587
:108C5000F6DBE0030CD55B462146179A059800F039
:108C60009FF9054404E030205A46179990476D1C3F
:108C70000099481E00900029F5DC08E0029802994E
:108C80005A460078491C0291179990476D1CBAF119
:108C90000001AAF1010AF1DC65E1000009280100E8
:108CA0003031323334353637383961626364656662
:108CB0000000000030313233343536373839414224
:108CC000434445460000000000F058F90544761C76
:108CD000307800287FF4ECAD19B02846BDE8F08F5D
:108CE000620700D4062709F1070222F0070CFCE80E
:108CF0000223E14603F000485FEA080C02D00FF2BD
:108D0000702C0DE05FEA045C02D50FF2682C07E0DE
:108D10005FEAC47C02D00FF2602C01E0AFF2700C6D
:108D20004FF0FF3823F00043CDF850C065280CD039
:108D300006DC452809D046281DD047283DD13DE016
:108D4000662818D067287ED138E00021112F01DB7A
:108D5000112000E0781CCDE9000106A90EA8FFF75C
:108D6000DDFCDDE90F010E9A03910021009207F16D
:108D7000010A04914DE04FF000400097CDE9011049
:108D800006A90EA8FFF7CAFCDDE90F0203920E9BAD
:108D900011990022DDF80CA00093049211B9791CFE
:108DA00000EB010AB7EB0A0004D4C0F1FF3007F171
:108DB000010A0490AAEB0700019044E0012F00DAB9
:108DC00001270021112F01DD112000E03846CDE9F7
:108DD000000106A90EA8FFF7A1FCDDE90F010E9A1C
:108DE0000391002104910092BA4621070CD4039903
:108DF000514500DA8A46BAF1010F05DD009AAAF161
:108E00000101515C302908D0B84202DA10F1040F98
:108E100006DA0121CDE9011015E0AAF10101E9E727
:108E2000002805DC049901440491AAEB000102E04A
:108E3000411C514500DD8A460499401A401C0190AE
:108E40004FF000400290200704D40198504501DB08
:108E5000CDF8048000208DF84F0002980DF14F07E7
:108E6000B0F1004F25D02B200E9002984FF0020851
:108E700000280CDA404202902D200E9007E00A21D3
:108E80000298FEF7DDFE3031029007F8011DB8F1BF
:108E90000001A8F10108F2DC02980028EFD1791E48
:108EA0000E980870307800F0200040F0450007F878
:108EB000020D12A8C01B00F107081498007800B139
:108EC000012000EB0A01019801EBE0710598414493
:108ED000401A401E0590E00306D45B462146179ACF
:108EE000059800F05DF805441498007818B15A46CA
:108EF000179990476D1CE00324D55B462146179ACD
:108F0000059800F04DF805441CE00498002807DBA4
:108F1000DDE90301884203DD0098405C179901E018
:108F2000179930205A469047049805F10105401CD6
:108F300004900198401E019004D12E205A461799A2
:108F400090476D1CBAF10001AAF1010ADDDC05E0D1
:108F500017F8010B5A46179990476D1CB8F100019C
:108F6000A8F10108F4DC5B462146179A0598ABE6A8
:108F70002D0000002B000000200000002DE9F04132
:108F8000044600251E461746880404D405E03946E9
:108F90002020B0476D1C641EF9D52846BDE8F0813D
:108FA0002DE9F041044600251E469046C80301D530
:108FB000302700E02027880404D505E041463846E4
:108FC000B0476D1C641EF9D52846BDE8F0810A68DB
:108FD000531C0B60107070472DE9F04D8D4F21F040
:108FE000004A86B005460C46BA452ADBAAEB0700C4
:108FF00028430AD08848824501DC1AD1CDB106B099
:109000002846BDE8F04DFFF75FBB844A844B2846F5
:10901000FEF78DFC07460E46824A834B28462146C2
:10902000FEF785FC06B03A463346BDE8F04DFEF744
:10903000D7BB0120FFF76CFB06B0BDE8F04DFFF792
:1090400048BB7A48824542DABAF1795F0BDA2846A2
:10905000FFF718F8042808BFFFF742FB284606B0C0
:109060002146BDE8F08D2A460B461046FEF75FFC10
:10907000834602466E480E460B4606217844FFF7AB
:1090800057FA5A463346FEF752FC804669488A46EC
:109090005A46334604217844FFF74AFA5A46334683
:1090A000FEF745FC00223B46FEF79AFB02460B46C4
:1090B00040465146FEF7ADFC2A462346FEF737FCF4
:1090C00006B02A462346BDE8F04DFEF789BB284688
:1090D00024F0004100223D463B46FEF725FC4FF0C0
:1090E000FF32FEF7A9FE0646024653480F460B46DE
:1090F00006217844FFF71CFA32463B46FEF717FC80
:10910000CDE900014D4832463B4604217844FFF743
:109110000FFA32463B46FEF70AFC00222B46FEF7CA
:109120005FFB834602913046394600F0FBFA8046E9
:1091300043480D46504517DCDDE900015A46029BC5
:10914000FEF767FC42462B46FEF7F1FB42462B46F4
:10915000FEF746FB0122FEF76FFE304A304BFEF76A
:10916000E0FB304A304B4CE04FF0000A52460B46D1
:109170004046FEF735FBCDE9031052462B4610461C
:109180001946FEF7D4FB32463B46FEF7CDFBDDE940
:109190000332FEF73EFC06460F46DDE900015A4663
:1091A000029BFEF736FC8346009101223046394689
:1091B000FEF742FE194A1A4BFEF7B6FB06460F466B
:1091C000012240462946FEF737FE5A46009BFEF72D
:1091D000AEFB32463B46FEF7A4FB06460F46012295
:1091E00050462946FEF728FE0E4DDFF858802A46E5
:1091F0004346FEF799FB32463B46FEF795FB2A466F
:109200004346FEF791FB002CD8BF81F0004106B029
:10921000BDE8F08D0000F03F0000F07F075C1433E4
:1092200026A6913C182D4454FB21F93F0000E03F55
:10923000581300006E130000E2120000F812000044
:109240003333EF3FFB21E93F2DE9F84F04460D464C
:1092500021F0004000917349814211DC724988423B
:1092600001DC06D12CB120462946BDE8F84FFFF7B6
:109270002BBA6E48002DCCBF6D496E49BDE8F88F02
:109280006D49814211DD6D498142D8BF4FF0FF36F3
:109290006DDD20462946FEF7F5FE042808BFFFF7DE
:1092A0001FFA20462946BDE8F88F6549654F25F02D
:1092B0000045814233DD6449814219DD0026324692
:1092C0004FF0804320462946FEF78AFA80468A46B8
:1092D000012220462946FEF7AFFD00223B46FEF75D
:1092E00020FB42465346FEF794FB04460D463EE003
:1092F00001260022BA463B4620462946FEF770FA70
:1093000080460F460022534620462946FEF709FBB9
:1093100042463B46FEF77DFB04460D4627E04B499F
:1093200081421BDDDFF828A1022600225346204699
:109330002946FEF7FCFA00223B46FEF751FA80462A
:109340000F460022534620462946FEF7EAFA4246D7
:109350003B46FEF75EFB04460D4608E00326224628
:109360002B4600203B49FEF754FB04460D4622469F
:109370002B4610461946FEF7DAFA8B46824602461D
:109380000B46FEF7D4FA07460246334888460B469A
:1093900006217844FFF7CCF852465B46FEF7C7FA41
:1093A00082462E488B463A46434605217844FFF7CD
:1093B000BFF83A464346FEF7BAFA02460B46002E7D
:1093C000504659460CDAFEF70BFA22462B46FEF7BA
:1093D000AEFA01B022462B46BDE8F04FFEF7A4BA24
:1093E000FEF7FEF922462B46FEF7A1FA1C4A7A4404
:1093F00002EBC603D3E90023FEF793FA22462B467D
:10940000FEF78FFA174A7A4402EBC603D3E900232A
:10941000FEF78AFA009A002AB8BF81F00041BDE841
:10942000F88F0000000010440000F07F182D445415
:10943000FB21F93FFB21F9BF0000DC3F0000203E8B
:109440000000F33F0000F03F0000E63F00800340D3
:109450000000F83F0000F0BFFA100000B810000054
:10946000561000001E1000002DE9F04D9446CCF17E
:10947000000423F000464CEA0404524F46EAD47438
:109480009A46884621F00042BC4206D8454240EA4E
:10949000050442EAD474BC4204D9BDE8F04D6246EA
:1094A000FFF715B9AAF14055A5F17F6555EA0C04FF
:1094B0000BD0022404EAAA74434DDFF810E144EA19
:1094C000D87452EA000B04D00CE0BDE8F04DFFF771
:1094D000BBBE002C14BF012CBDE8F08D022C30D097
:1094E000032C32D056EA0C0B0AD0BE4220D1BA422D
:1094F00009D126F0804622F080423346114617E01B
:1095000000291ADB25E0DFF8C8B0FB44002C04BFBB
:10951000DBE90001BDE8F08D012C02BFDBE90001B1
:1095200081F00041BDE8F08D022C0AD0032C0CD054
:10953000BA4212D1B8F1000F0BDA23482549BDE831
:10954000F08D28462449BDE8F08D28467146BDE8D7
:10955000F08D1D482149BDE8F08D921B12153C2A63
:10956000C4BF19481D490EDCBAF1000FBEBF12F18D
:109570003C0F0020014606DB6246FEF74AFA21F066
:109580000041FFF761FE002C08BFBDE8F08D012C03
:1095900004BF81F00041BDE8F08D114A114B022C4F
:1095A00007D0FEF7BEF92A46BDE8F04D0A4BFEF79C
:1095B000B8B9FEF7B6F92A46BDE8F04D064BFEF7FE
:1095C000B3B900000000F07F182D4454FB2109C0FE
:1095D000E20F0000FB21F9BFFB210940FB21F93F0D
:1095E000075C143326A6A13C00B5244B21F00042B1
:1095F00087B09A42DCBF0022134629DD204B9A42F5
:1096000008D140B94FF00100FFF782F8FFF761F889
:1096100007B000BD03DBFFF757F807B000BD02AA93
:10962000FEF744FD10F0030104BF0DF1080C9CE8A7
:109630000F000DD0012001290ED0022914D00DF108
:10964000080C00909CE80F00FEF7C8FF07B000BDB3
:10965000FEF7F0FE07B000BD0DF1080C00909CE88D
:109660000F00FEF7BBFF05E00DF1080C9CE80F00B2
:10967000FEF7E0FE07B081F0004100BDFB21E93FAD
:109680000000F07F00B5254B21F0004287B09A42E0
:1096900003DC0022134600922BE0214B9A4208D1B2
:1096A00040B94FF00100FFF733F8FFF712F807B0A9
:1096B00000BD03DBFFF708F807B000BD02AAFEF704
:1096C000F5FC10F003014FF001000DD0012914D07A
:1096D00002291AD00DF1080C9CE80F00FEF7AAFE33
:1096E00007B081F0004100BD0DF1080C00909CE82E
:1096F0000F00FEF773FF07B000BD0DF1080C9CE8EA
:109700000F00FEF797FE07B000BD0DF1080C0090AA
:109710009CE80F00FEF762FFE2E70000FB21E93F53
:109720000000F07F2DE9F04106460F46FEF7EEFB04
:10973000041E0D4618BF0120284320F00040C0F150
:109740007F6000F1E040C00F0ED0301C18BF012038
:10975000384320F00040C0F17F6000F1E040C00FCE
:1097600004BF0120FEF7D4FF20462946BDE8F08162
:109770000000000000406540B81E85EB51B8CE3FA8
:109780000000000000001240B81E85EB51B8BE3F3B
:109790006800000476005401F7FD000175191A0CE9
:1097A0006A231B1C1F207274433B4138393A6B6C8F
:1097B000376F06246D6E7000830000000008000003
:1097C0000001001832000500000020410000D242D4
:1097D000295C0F3E9A99993E3333733F295C0F3EC3
:1097E00000007000000000240000000200030000E0
:1097F00000650054FFEF0000FA80000B12820001A8
:10980000030C30C30E8C8CE914D5400213710F8EFB
:109810003883F8833000F883258EF8833000F8838E
:10982000FFFFFFFF0FFEA9D6240004001A8279A1D2
:109830000000003CFFFF00000010000038836FA212
:10984000003E03304000000002CAE3093E800000F1
:109850002000000000000000400000006000000048
:10986000000C0000000C186E000006920A16C0DF03
:10987000FFFF0256FD8CD377FFE1C496E0C5BEAA78
:1098800000000000FFFF0B2B0000165700000359DB
:109890004000000000001DFA00026C1D00000000E6
:1098A0003FFFDFEB003EB3B6000D227800002F3CF7
:1098B00000000000001942B5000039A20000B365A5
:1098C000D90E9FC91DCF4C3430000000500000005D
:1098D0003BB67AE80064000000C800000000000009
:1098E000100000001000FA921000225E000D229F6E
:1098F0000001000000320000FF46000063D40000B9
:109900001000000004D6000004CC000004CC0000CD
:109910000000107200000040000000000000000085
:1099200000060002000500070000000000640000BF
:109930000000000000000005000500640020000099
:1099400000000000000000000000400000000300D4
:1099500000000032F8980000FF650000830F00004F
:10996000FF9BFC0000000000000000000000000061
:1099700000000000000000000000000000000000E7
:1099800000000000000000000000000000001000C7
:1099900040000000000000060000B26A0002000063
:1099A0000001FB830068000000D9FC007CF1FF830C
:1099B0000000000000650000006403E80064002867
:1099C000000000250000000016A0000000001000AC
:1099D00000001000002F0000000001F40000100043
:1099E00000280000FFFF4581FFFFFA720000000021
:1099F00000000000004400050005BAC6004778A238
:109A0000000000010000000000000600000000143B
:109A10000000254D002F706D000005AE000C02D037
:109A20000000000000000000000000000000000036
:109A3000001B00000000000000000000000000000B
:109A400000640000000800000000000000000000AA
:109A50000000000000000000000000000000000006
:109A600000000000000000000000000000000000F6
:109A700000000000000000000000000000000000E6
:109A800000000000000000000000000000000000D6
:109A900000000000000000000000000000000000C6
:109AA000001B00000000000000000000000E000E7F
:109AB00000000AC70004000000000032FFFFFF9C06
:109AC00000000B2B000000020000000100000064F9
:109AD000FFE50000000000000000000000000000A2
:109AE0000000000100000000000100000000000074
:109AF000000180000001800000018000002426D3C6
:109B00000000000000000000000600100096003C6D
:109B10000000000000000000000000000000000045
:109B20000C0A4E68CDCF770950166759C619CE82F8
:109B30000000000000000000000000000000000025
:109B4000000000000000000017D7840003000000A0
:109B50000000000000000000C7938F9D1E1B1C1911
:109B600000000000000000000000000000000000F5
:109B70000000000000000000020318850000400003
:109B800000000003000000030000000000000000CF
:109B90004000000000000000000000000000000085
:109BA00000000000000000000000000000000000B5
:109BB00000000000000000000000000000000000A5
:109BC00000000000677DDF7E72902E554CF6E6881F
:109BD0000000000000000000000000000000000085
:109BE000D8DCB4B8B0D8B9ABF3F8FAB3B7BB8E9E33
:109BF000AEF132F51BF1B4B8B08097F1A9DFDFDF29
:109C0000AADFDFDFF2AAC5CDC7A90CC92C97F1A93D
:109C100089264666B28999A92D557DB0B08AA89645
:109C2000365676F1BAA3B4B280C0B8A89711B28301
:109C300098BAA3F0240844106418B2B9B49883F118
:109C4000A329557DBAB5B1A38393F0002850F5B28E
:109C5000B6AA839328547CF1B9A3829361BAA2DA9D
:109C6000DEDFDB819AB9AEF5606870F1DABAA2DFA7
:109C7000D9BAA2FAB9A38292DB31BAA2D9BAA2F8B0
:109C8000DF85A4D0C1BBAD83C2C5C7B8A2DFDFDF0B
:109C9000BAA0DFDFDFD8D8F1B8AAB38DB4980D35FC
:109CA0005DB2B6BAAF8C96198F9FA70E161EB49AE6
:109CB000B8AA872C547CBAA4B08AB691325676B230
:109CC0008494A4C808CDD8B8B4B0F19982A82D5511
:109CD0007D98A80E161EA22C547C92A4F02C5078CD
:109CE000F184A898C4CDFCD80DDBA8FC2DF3D9BA1B
:109CF000A6F8DABAA6DED8BAB2B68696A6D0F3C867
:109D000041DAA6C8F8D8B0B4B882A892F52C548825
:109D100098F135D9F418D8F1A2D0F8F9A884D9C7A8
:109D2000DFF8F883C5DADF69DF83C1D8F40114F105
:109D3000A8824EA884F311D182F5D992289788F190
:109D400009F41C1CD884A8F3C0F9D1D99782F12951
:109D5000F40DD8F3F9F9D1D982F4C203D8DEDF1AB1
:109D6000D8F1A2FAF9A88498D9C7DFF8F8F883C720
:109D7000DADF69DFF883C3D8F40114F198A8822EE2
:109D8000A884F311D182F5D992509788F109F41C77
:109D9000D884A8F3C0F8F9D1D99782F149F40DD845
:109DA000F3F9F9D1D982F4C403D8DEDFD8F1AD8854
:109DB00098CCA809F9D98292A8F57CF1883ACF9479
:109DC0004A6E98DB6931DAADF2DEF9D88795A8F2F0
:109DD00021D1DAA5F9F417D9F1AE8ED0C0C3AE8285
:109DE000C684C3A88595C8A588F2C0F1F4010EF118
:109DF0008E9EA8C63E56F554F18872F40115F1986E
:109E000045856EF58E9E0488F142985A8E9E06888E
:109E100069F4011CF1981E1108D0F504F11E970297
:109E200002983625DBF9D985A5F3C1DA85A5F3DFDC
:109E3000D88595A8F309DAA5FAD88292A8F578F121
:109E4000881A849F26889821DAF41DF3D8879F39D1
:109E5000D1AFD9DFDFFBF9F40CF3D8FAD0F8DAF997
:109E6000F9D0DFD9F9D8F40BD8F3879F39D1AFD91E
:109E7000DFDFF41DF3D8FAFCA869F9F9AFD0DADE18
:109E8000FAD9F88F9FA8F1CCF398DB45D9AFDFD092
:109E9000F8D8F18F9FA8CAF38809DAAF8FCBF8D82A
:109EA000F2AD978D0CD9A5DFF9BAA6F3FAF412F248
:109EB000D8950DD1D9BAA6F3FADAA5F2C1BAA6F3AC
:109EC000DFD8F1BAB2B68696A6D0CAF349DAA6CBE5
:109ED000F8D8B0B4B8D8AD84F2C0DFF18FCBC3A846
:109EE000B2B68696C8C1CBC3F3B0B48898A821DBBC
:109EF000718D9D71859521D9ADF2FAD88597A828E5
:109F0000D9F408D8F28D29DAF405D9F285A4C2F281
:109F1000D8A88D9401D1D9F411F2D88721D8F40AA8
:109F2000D8F28498A8C801D1D9F411D8F3A4C8BB39
:109F3000AFD0F2DEF8F8F8F8F8F8F8F8D8F1B8F69B
:109F4000B5B9B08A95A3DE3CA3D9F8D85CA3D9F8FB
:109F5000D87CA3D9F8D8F8F9D1A5D9DFDAFAD8B1E5
:109F60008530F7D9DED8F830ADDADED8F2B48C9986
:109F7000A32D557DA083DFDFDFB591A0F629D9FBA6
:109F8000D8A0FC29D9FAD8A0D051D9F8D8FC51D9F9
:109F9000F9D879D9FBD8A0D0FC79D9FAD8A1F9F9A8
:109FA000F9F9F9A0DADFDFDFD8A1F8F8F8F8F8ACB2
:109FB000DEF8ADDE8393AC2C547CF1A8DFDFDFF656
:109FC0009D2CDAA0DFD9FADB2DF8D8A850DAA0D082
:109FD000DED9D0F8F8F8DB55F8D8A878DAA0D0DFC9
:109FE000D9D0FAF8F8F8F8DB7DF8D89CA88CF530D1
:109FF000DB38D9D0DEDFA0D0DEDFD8A848DB58D9E7
:10A00000DFD0DEA0DFD0DED8A868DB70D9DFDFA02C
:10A01000DFDFD8F1A888902C547C98A8D05C38D188
:10A02000DAF2AE8CDFF9D8B087A8C1C1B188A8C672
:10A03000F9F9DA36D8A8F9DA36D8A8F9DA36D8A88C
:10A04000F9DA36D8A8F9DA36D8F78D9DADF818DAEE
:10A05000F2AEDFD8F7ADFA30D9A4DEF9D8F2AEDE31
:10A06000FAF983A7D9C3C5C7F1889BA77AADF7DEF4
:10A07000DFA4F8849408A797F300AEF29819A48897
:10A08000C6A39488F632DFF28393DB09D9F2AADF04
:10A09000D8D8AEF8F9D1DAF3A4DEA7F1889B7AD844
:10A0A000F38494AE19F9DAAAF1DFD8A881C0C3C548
:10A0B000C7A39283F628ADDED9F8D8A350ADD9F85E
:10A0C000D8A378ADD9F8D8F8F9D1A1DADEC3C5C7DD
:10A0D000D8A18194F818F2B089ACC3C5C7F1D8B83B
:10A0E000B4B09786A8319B069907AB9728889BF058
:10A0F0000C201440B0B4B8F0A88A9A285078B79BC6
:10A10000A8295179247059446938644831F1BBABAE
:10A1100088002C547CF0B38BB8A804285078F1B098
:10A1200088B49726A85998BBABB38B02264666B075
:10A13000B8F08A9CA82951798B2951798A247059C1
:10A140008B2058718A4469388B3940688A64483159
:10A150008B30496088F1AC002C547CF08CA804282A
:10A160005078F1889726A85998AC8C02264666F05C
:10A17000899CA8295179247059446938644831A9C7
:10A180008809205970AB11384069A8193148608C92
:10A19000A83C415C207C00F187981986A86E767EE9
:10A1A000A999882D557DD8B1B5B9A3DFDFDFAED031
:10A1B000DFAAD0DEF2ABF8F9D9B087C4AAF1DFDFAD
:10A1C000BBAFDFDFB9D8B1F1A3978E60DFB084F207
:10A1D000C8F8F9D9DED89385F14AB183A308B583CD
:10A1E0009A0810B79F10D8F1B0BAAEB08AC2B2B612
:10A1F0008E9EF1FBD9F41DD8F9D90CF1D8F8F8AD41
:10A2000061D9AEFBD8F40CF1D8F8F8AD19D9AEFB92
:10A21000DFD8F416F1D8F8AD8D61D9F4F4ACF59C23
:10A220009C8DDF2BBAB6AEFAF8F40BD8F1AED0F8AD
:10A23000AD51DAAEFAF8F1D8B9B1B6A3839C08B93A
:10A24000B1839AB5AAC0FD3083B79F10B58B93F246
:10A250000202D1ABDADED8F1B080BAABC0C3B284AF
:10A26000C1C3D8B1B9F38BA391B609B4D9ABDEB0F1
:10A27000879CB9A3DDF1B38B8B8B8B8BB087A3A3AA
:10A28000A3A3B28BB69BF2A3A3A3A3A3A3A3A3A34D
:10A29000A3F1B087B59AA3F39BA3A3DCBAACDFB953
:10A2A000A3A3A3A3A3A3A3A3A3A3A3A3A3A3A3A37E
:10A2B000D8D8D8BBB3B7F1AAF9DAFFD9809AAA28BF
:10A2C000B48098A720B79787A86688F07951F19055
:10A2D0002C870CA781976293F07171608594012996
:10A2E000517990A5F1284C6C870C95188578A3833B
:10A2F00090284C6C886CD8F3A28200F210A89219B6
:10A3000080A2F2D926D8F188A84DD948D896A83984
:10A3100080D93CD89580A839A68698D92CDA87A709
:10A320002CD8A8899519A980D938D8A88939A980A5
:10A33000DA3CD8A82EA83990D90CD8A8953198D94C
:10A340000CD8A809D9FFD801DAFFD89539A9DA269F
:10A35000FFD890A80D8999A810809821DA2ED88965
:10A3600099A83180DA2ED8A886963180DA2ED8A81E
:10A37000873180DA2ED8A88292F34180F1D92ED885
:10A38000A882F31980F1D92ED882ACF3C0A2802222
:10A39000F1A62EA72EA92298A829DAACDEFFD8A212
:10A3A000F22AF1A92E8292A8F23180A696F1D90064
:10A3B000AC8C9C0C30ACDED0DEFFD88C9CACD010CA
:10A3C000ACDE8092A2F24C82A8F1CAF235F19688F6
:10A3D000A6D900D8F1FF0000555555555555C53F34
:10A3E0007D6FEB0312D6D4BF5544880E55C1C93FCB
:10A3F0003B8F68B52882A4BF88B20175E0EF493F62
:10A4000009F7FD0DE13D023F4B2D8A1C273A03C0A1
:10A41000C88A599CE52A004059018D1B6C06E6BF8D
:10A4200082922EB1C5B8B33F4FBB610567ACDD3F2B
:10A43000182D4454FB21E93F9BF681D20B73EF3F6B
:10A44000182D4454FB21F93FE2652F227F2B7A3CE3
:10A45000075C143326A6813CBDCBF07A8807703C9C
:10A46000075C143326A6913CC4EB98999999C9BF0F
:10A47000711623FEC671BCBF6D9A74AFF2B0B3BF44
:10A480009AFDDE522DDEADBF2F6C6A2C44B4A2BF04
:10A490000D5555555555D53FFF8300922449C23F70
:10A4A0006E204CC5CD45B73F513DD0A0660DB13FA4
:10A4B000EB0D76244B7BA93F11DA22E33AAD903FB6
:10A4C0004C5555555555A53F7751C1166CC156BFD2
:10A4D0009015CB19A001FA3EAD529C804F7E92BEE2
:10A4E000C4B1B4BD9EEE213ED43888BEE9FAA8BD01
:10A4F000000000000000000000004054FB21F93F74
:10A500003163621A61B4D03D0000601A61B4D03D7D
:10A510007370032E8A19A33B0000002E8A19A33BF7
:10A52000C14920259A837B3900000000000000000B
:10A530006E83F9A22915444ED15727FCC0DD34F5AE
:10A54000999562DB4190433CAB6351FE61C5BBDE34
:10A550003A6E24B7E0D24D42EA2E49061C92D10948
:10A560001CEB1DFE3EA729B1F53582E88444BB2EC5
:10A5700026709CE9417E5FB439D69139F439538312
:10A580008B5F849C3B28F9BDFF97F81F0F9805DE71
:10A590008B112FEF1F6D0A5ACF7E366DB709CB276F
:10A5A000663F464F2DEA5F9EC7BA27757BF1E5EB04
:10A5B000F739073DEA92528AB15FFB6B085D8D1F48
:10A5C000A6F810111111813FD561C119A0012ABF50
:10A5D0007DFEB157E31DC73EEB9C2B8AE6E55ABED4
:10A5E0007CD5CF5A3AD9E53D2050726F64756374BB
:10A5F0002049442072656164206173203020696EB7
:10A600006469636174657320646576696365206954
:10A61000732065697468657220696E636F6D70611F
:10A620007469626C65206F7220616E204D505533E5
:10A630003035302E0A00000058A600080000002027
:10A64000EC01000006800008CCA60008EC01002008
:10A650008405000000870008412D01020304041056
:10A6600009060708090204060884A24A0469183288
:10A67000FF290452010342803F234843280FC84268
:10A680009A99993FDA0FC93F9A99193E10011E0312
:10A690002E40411E2A438FC27558076890408FC2D2
:10A6A000F53D0316881323200330096F12833AA661
:10A6B0009B443B07293F0AD7A33B01EB803F0C1388
:0CA6C0009C971B08900401205AB824004D
:04000005080000ED02
:00000001FF
