:020000040800F2
:10000000A0070020154F0008BD320008BF320008CD
:10001000C3320008C7320008CB32000800000000DD
:10002000000000000000000000000000CF320008C7
:10003000D132000800000000D3320008D532000899
:100040002F4F00082F4F00082F4F00082F4F000898
:100050002F4F00082F4F00082F4F0008CF4D0008EA
:100060002F4F00082F4F00082F4F00082F4F000878
:100070002F4F00082F4F00082F4F00082F4F000868
:100080002F4F00082F4F00082F4F00082F4F000858
:100090002F4F00082F4F00082F4F00082F4F000848
:1000A0002F4F0008314D00082F4F00082F4F000838
:1000B0002F4F000869290008792900082F4F0008F0
:1000C0002F4F00082F4F00082F4F00082F4F000818
:1000D0002F4F00082F4F00082F4F00082F4F000808
:1000E0002F4F00082F4F00082F4F0008DFF80CD0CB
:1000F00008F07CFA0048004781260008A00700208D
:1001000031490143314A1160704770B50021002325
:100110000F22C47804B32D4C246804F4E064C4F5C1
:10012000E064210AC1F10403CA40447804FA03F1EF
:100130008478144021430901254C0678A1550478A0
:1001400004F01F050124AC4005786D11AD0005F1E8
:10015000E025C5F8004109E0047804F01F050124FA
:10016000AC401C4D0678761145F8264070BD1A4A01
:100170000A400243154B1B1F1A60704739B1134ADE
:10018000121D12680243114B1B1D1A6006E00F4A34
:10019000121D126882430D4B1B1D1A607047042804
:1001A00008D14FF0E021096941F004014FF0E0224D
:1001B000116107E04FF0E021096921F004014FF0DF
:1001C000E0221161704700000000FA050CED00E02C
:1001D00000E400E080E100E080FFFF1F00204449D0
:1001E0000860091D0860091D0860091D0860414874
:1001F0003F4914310860704700213D498279002A47
:100200003AD00A46126803689A430B461A600A1DE0
:10021000126803689A430B1D1A60027911440A6838
:1002200003681A430A60324A0832126803689A4324
:100230002F4B08331A601A1D126803689A432C4B1F
:100240000C331A604279102A0ED11A1F1268036803
:100250001A43274B08331A601A1D126803681A43A1
:10026000234B0C331A600DE02149427911440A688E
:1002700003681A430A6005E0027911440A680368BA
:100280009A430A6070470021016001710C2141719D
:100290000021817170471649103109680143144AE1
:1002A00010321160704701460020114A1432126862
:1002B0000A400AB1012000E0002070470C491431C7
:1002C00008607047014600200022094B1B6803EAC2
:1002D0000102074B14331B680B4013B10AB1012014
:1002E00000E00020704702491431086070470000A8
:1002F00000040140FFFF0F0010B50446CC488442C3
:1003000008D10121042000F02DFB0021042000F081
:1003100029FB46E0C748844208D10121082000F0AB
:1003200021FB0021082000F01DFB3AE0C248844276
:1003300008D10121102000F015FB0021102000F051
:1003400011FB2EE0BD48844208D10121202000F09D
:1003500009FB0021202000F005FB22E0B848844280
:1003600008D10121402000F0FDFA0021402000F0DA
:10037000F9FA16E0B348844208D10121802000F048
:10038000F1FA0021802000F0EDFA0AE0AE48844244
:1003900007D10121801500F0E5FA0021A01500F039
:1003A000E1FA10BD10B50121084600F0DBFA00218A
:1003B000012000F0D7FA10BD2DE9F04102460025DA
:1003C0000026002000230024002791F803C00CF031
:1003D0000F0591F803C00CF0100CBCF1000F03D016
:1003E00091F802C04CEA050591F800C0BCF1000F7D
:1003F00031D0146800202BE04FF0010C0CFA00F310
:10040000B1F800C00CEA03069E4220D183004FF0F1
:100410000F0C0CFA03F7BC4305FA03FC4CEA040486
:1004200091F803C0BCF1280F06D14FF0010C0CFA73
:1004300000FCC2F814C00AE091F803C0BCF1480FF8
:1004400005D14FF0010C0CFA00FCC2F810C0401CA2
:100450000828D1D31460B1F800C0BCF1FF0F34DD1F
:10046000546800202EE000F1080C4FF0010808FA53
:100470000CF3B1F800C00CEA03069E4221D18300C0
:100480004FF00F0C0CFA03F7BC4305FA03FC4CEADF
:10049000040491F803C0BCF1280F05D100F1080C49
:1004A00008FA0CF8C2F8148091F803C0BCF1480FA8
:1004B00007D100F1080C4FF0010808FA0CF8C2F857
:1004C0001080401C0828CED35460BDE8F0814FF660
:1004D000FF710180022181700421C17070470246C2
:1004E000002093680B400BB1012000E00020704712
:1004F0000146886880B2704702460020D3680B40EE
:100500000BB1012000E0002070470146C86880B2AE
:10051000704701617047416170470AB1016100E0B5
:1005200041617047C16070474FF480320A43826175
:100530008161826182698269704702460020434B73
:1005400018684FF68073184040EA021008433F4B8A
:10055000186070473E49C8617047F0B50A460023ED
:1005600000240021002500F00046B6F1004F02D122
:10057000364EF16901E0354E7168C0F3034583B230
:1005800000F44016B6F5401F08D121F070612F4EDF
:10059000766826F070662D4F7E6012E000F48016BB
:1005A000B6F5801F06D1032606FA05F4A14341F0F3
:1005B000706106E0460D360103FA06F6B14341F0DC
:1005C000706122B1460D360103FA06F6314300F0A0
:1005D0000046B6F1004F02D11C4EF16101E01B4E06
:1005E0007160F0BD30B500228B071C0F0F2303FA9A
:1005F00004F2164B08338C1053F824309343134CF9
:1006000008348D1044F8253023468C1053F82430DC
:100610008C07240F00FA04F423430C4C08348D108B
:1006200044F8253030BD0A49DC31086070470000CD
:1006300000080140000C014000100140001401407E
:1006400000180140001C0140002001400000014052
:1006500000002042DF48006840F00100DD490860EA
:1006600008464068DC490840DA49486008460068A6
:10067000DA490840D74908600846006820F480201D
:1006800008600846406820F4FE0048604FF41F00F0
:1006900088607047CF49096821F48031CD4A1160E4
:1006A0001146096821F480211160B0F5803F03D024
:1006B000B0F5802F0ED106E0C649096841F48031BB
:1006C000C44A116007E0C349096841F4A021C14A46
:1006D000116000E000BF00BF704710B50146002266
:1006E000002300204A11012A02D1BA4C236806E0F7
:1006F000022A02D1B74C236A01E0B64C636A01F0CA
:100700001F02012494401C400CB1012000E0002095
:1007100010BD38B5002000900024002500BF312016
:10072000FFF7DBFF05460098401C00900098B0F5ED
:10073000A06F01D0002DF2D03120FFF7CEFF08B11D
:10074000012400E00024204638BD01460020A14AD3
:10075000106820F0F80040EAC10010607047A0491E
:1007600008607047024600209A4B586820F47C10BD
:1007700042EA01031843974B58607047984908664E
:10078000704701460020934A506820F00300084358
:10079000506070478F48406800F00C007047014679
:1007A00000208C4A506820F0F000084350607047E9
:1007B00001460020874A506820F4E06008435060FA
:1007C000704701460020834A506820F4605040EA98
:1007D000C1005060704729B17E4A527A02437D4B76
:1007E0005A7204E07B4A527A82437A4B5A727047BB
:1007F0007B49D8310860704701460020754A50682F
:1008000020F440400843506070470021714A203274
:100810001170704A82F82010012802D004280AD1F1
:1008200004E001216B4A2032117005E00521694A7C
:100830002032117000E000BF00BF704769490860B6
:1008400070476449096A0143624A11627047654909
:1008500044390860704730B500210022002400238D
:100860005C4D6D6805F00C0121B1042905D0082903
:1008700023D105E05C4D056022E05B4D05601FE083
:10088000544D6D6805F47012524D6D6805F4803456
:10089000022505EB92421CB9544D554305600BE00F
:1008A0004C4D6D6805F400351DB1504D5543056044
:1008B00002E04D4D5543056002E04B4D056000BF21
:1008C00000BF444D6D6805F0F0010909484D6B5CAF
:1008D0000568DD4045603F4D6D6805F4E061090A3B
:1008E000434D6B5C4568DD4085603A4D6D6805F4AD
:1008F0006051C90A3E4D6B5C4568DD40C560354DB1
:100900006D6805F44041890B3A4D6B5CC568B5FBD9
:10091000F3F5056130BD29B12E4A526902432D4BD2
:100920005A6104E02B4A526982432A4B5A6170474C
:1009300029B1284A92690243264B9A6104E0254A6C
:1009400092698243234B9A61704729B1214AD26947
:100950000243204BDA6104E01E4AD26982431D4BF8
:10096000DA61704729B11B4AD2680243194BDA6039
:1009700004E0184AD2688243164BDA60704729B106
:10098000144A12690243134B1A6104E0114A1269B6
:100990008243104B1A617047124940390860704712
:1009A0000F49C86470470B49C87170470948406ACD
:1009B00040F0807007494862704701460020054AB0
:1009C00092680A400AB1012000E000207047014906
:1009D00088727047001002400000FFF8FFFFF6FE2B
:1009E000000042428004424200127A0000093D00A9
:1009F000000000201000002010B50446FE4884428C
:100A000008D10121C014FFF7ADFF0021E014FFF76A
:100A1000A9FFC4E0B4F1804F08D101210846FFF7D7
:100A2000AEFF00210120FFF7AAFFB8E0F34884429F
:100A300008D101210220FFF7A2FF00210220FFF7C9
:100A40009EFFACE0EE48844208D101210420FFF76C
:100A500096FF00210420FFF792FFA0E0E9488442BE
:100A600008D101210820FFF78AFF00210820FFF7A5
:100A700086FF94E0E448844208D101211020FFF76A
:100A80007EFF00211020FFF77AFF88E0DF488442D4
:100A900008D101212020FFF772FF00212020FFF75D
:100AA0006EFF7CE0DA48844208D101214014FFF750
:100AB00059FF00216014FFF755FF70E0D5488442CC
:100AC00009D10121C804FFF74DFF00214FF4002098
:100AD000FFF748FF63E0D048844209D101210805AF
:100AE000FFF740FF00214FF48010FFF73BFF56E077
:100AF000CA48844209D101214805FFF733FF00218C
:100B00004FF40010FFF72EFF49E0C548844208D19A
:100B100001214020FFF733FF00214020FFF72FFF86
:100B20003DE0C048844208D101218020FFF727FF23
:100B300000218020FFF723FF31E0BB48844208D129
:100B400001218015FFF71BFF0021A015FFF717FFFC
:100B500025E0B648844209D101210804FFF702FFCD
:100B600000214FF48030FFF7FDFE18E0B0488442CA
:100B700009D101214804FFF7F5FE00214FF40030B0
:100B8000FFF7F0FE0BE0AB48844208D10121880456
:100B9000FFF7E8FE00214FF48020FFF7E3FE10BDD1
:100BA00000220288944B98420ED0994B98420BD069
:100BB000B0F1804F08D0914B984205D0904B9842AD
:100BC00002D0904B984204D14FF68F731A404B8855
:100BD0001A438D4B984207D08C4B984204D04FF665
:100BE000FF431A40CB881A4302808B8883850B8889
:100BF0000385814B98420BD0854B984208D08B4B94
:100C0000984205D08A4B984202D08A4B984201D133
:100C10000B7A038601238382704770B5002400227B
:100C20000023058C4FF6FE7635400584028C8388C0
:100C3000048B4FF68F752C40B51E2C400D882C432D
:100C4000751E2A400D892A434D882A436A4DA842C1
:100C50000BD06F4DA84208D0744DA84205D0744DFA
:100C6000A84202D0734DA84213D14FF6F7752A401F
:100C70004D892A434FF6FB752A408D882A434FF64B
:100C8000FF652B404FF6FF552B408D892B43CD89B7
:100C90002B4383800483CD888586028470BD70B524
:100CA000002400220023058C4FF6EF7635400584A2
:100CB000028C8388048B48F6FF752C404FF6FF4565
:100CC0002C400D884FF6FF7606EA05252C434FF69B
:100CD000DF752A400D8906EA05152A434D8806EA84
:100CE00005152A43444DA84202D0494DA8421DD1C2
:100CF0004FF67F752A404D894FF6FF7606EA0515B7
:100D00002A434FF6BF752A408D8806EA05152A4307
:100D10004FF6FF352B404FF2FF752B408D8906EAC9
:100D200085052B43CD8906EA85052B438380048303
:100D3000CD880587028470BD70B500240022002391
:100D4000058C4FF6FF6635400584028C8388848BC2
:100D50004FF68F752C404FF6FC752C400D882C43B8
:100D60004FF6FF552A400D894FF6FF7606EA052516
:100D70002A434D8806EA05252A431F4DA84202D082
:100D8000234DA8421DD14FF2FF752A404D894FF6E1
:100D9000FF7606EA05252A434FF6FF352A408D885F
:100DA00006EA05252A434EF6FF752B404DF6FF75E2
:100DB0002B408D8906EA05152B43CD8906EA0515DA
:100DC0002B4383808483CD888587028470BD70B572
:100DD000002200230024058C4EF6FF763540058462
:100DE000038C8488828B48F6FF752A404FF6FF45B6
:100DF0002A400D8820E00000002C01400004004043
:100E000000080040000C00400010004000140040AA
:100E100000340140004C01400050014000540140AA
:100E200000180040001C004000200040004001402D
:100E300000440140004801404FF6FF7606EA0525D0
:100E40002A434DF6FF752B400D8906EA05352B43E5
:100E50004D8806EA05352B43FA4DA84202D0FA4DDB
:100E6000A84208D14BF6FF752C408D894FF6FF76CE
:100E700006EA85152C4384808283CD88A0F84050F3
:100E8000038470BD828B4FF2FF331A408283828BC2
:100E90004FF6FF7303EA01231A4382837047F0B5CC
:100EA0000C461546002200210026078C4EF6FF7CDA
:100EB00007EA0C070784828B018C4FF6FF7707EA5D
:100EC000043640F6FF473A404FF6FF7707EA05271A
:100ED0003A434FF6FF7707EA03373A43D94FB84210
:100EE0000ED0D94FB8420BD0B0F1804F08D0D74FB9
:100EF000B84205D0D64FB84202D0D64FB84206D13C
:100F00004DF6FF77394046F48057394305E047F600
:100F1000FF57394044F48057394382830184F0BD40
:100F2000828B4FF6F3731A408283828B0A4382834B
:100F30007047F0B50C461546002200210026078CAC
:100F40004FF6FF6C07EA0C070784828B018C4FF683
:100F5000FF7707EA04264FF60C773A404FF6FF7703
:100F600007EA03172F433A43B64FB8420ED0B64FA5
:100F7000B8420BD0B0F1804F08D0B44FB84205D082
:100F8000B34FB84202D0B34FB84206D14FF6FF5725
:100F9000394046F48077394305E04FF2FF57394036
:100FA00044F48077394382830184F0BD028B4FF291
:100FB000FF331A400283028B4FF6FF7303EA0123CB
:100FC0001A4302837047F0B50C46154600220021F3
:100FD0000026078C4FF6EF7C07EA0C070784028B8C
:100FE000018C4FF6FF7707EA041640F6FF473A40B8
:100FF0004FF6FF7707EA03373A434FF6FF7707EAE2
:1010000005273A438F4FB8420ED08F4FB8420BD0CE
:10101000B0F1804F08D08D4FB84205D08C4FB84208
:1010200002D08C4FB84206D14FF6DF77394046F0F8
:101030001007394305E04FF65F77394044F0100759
:10104000394302830184F0BD028B4FF6F3731A40DB
:101050000283028B0A4302837047F0B50C461546A3
:1010600000220021068C4FF6FE773E400684028B5C
:10107000018C4FF60C7632407E1C06EA03162E4396
:101080003243704EB0420ED06F4EB0420BD0B0F132
:10109000804F08D06D4EB04205D06D4EB04202D0A8
:1010A0006C4EB04206D14FF6FD76314044F0010659
:1010B000314305E04FF6F576314044F00106314307
:1010C00002830184F0BD70B505460C465D4885423B
:1010D0000ED05D4885420BD0B5F1804F08D05B48FB
:1010E000854205D05A48854202D05A48854200D1EF
:1010F00000E000BF208850B92389A2886188284673
:10110000FFF7ABFFE1882846FFF79EFF25E0208828
:1011100004280AD12389A28861882846FFF753FF53
:10112000E1882846FFF742FF17E0208808280AD107
:101130002389A28861882846FFF7FBFEE1882846BC
:10114000FFF7EEFE09E02389A28861882846FFF7B1
:10115000A6FEE1882846FFF795FE70BD2DE9F04117
:1011600005460C4600260127608808B9022600E0E3
:101170000026A088012801D1022700E0012720884D
:10118000A0B92389A28861882846FFF766FFE18815
:101190002846FFF759FF23893A4631462846FFF78C
:1011A00012FFE1882846FFF701FF13E02389A28898
:1011B00061882846FFF707FFE1882846FFF7F6FE1B
:1011C00023893A4631462846FFF747FFE1882846FB
:1011D000FFF73AFFBDE8F0810A884B881A438B88F5
:1011E0001A43CB881A430B891A434B891A438B89BC
:1011F0001A43A0F8442070474FF6FF718180002108
:101200000180C180418001727047002101804180CE
:101210008180C180018141818181C181704700212C
:1012200001804180012181800021C18001817047BE
:101230000021018041808180C180018141818181C3
:1012400070470000002C01400034014000040040C1
:1012500000080040000C004021B1028842F0010269
:10126000028004E002884FF6FE731A400280704745
:1012700031B1B0F8442042F40042A0F8442005E027
:10128000B0F84420C2F30E02A0F8442070471AB10F
:1012900083890B43838102E083898B438381704779
:1012A0008182704741EA0203A0F8483070471AB1C2
:1012B00083890B43838102E083898B438381704759
:1012C00001894FF6F8721140018170470A460021EA
:1012D00001894FF68F73194011430181704730B572
:1012E00004460D4629462046FFF7F0FF208940F0CE
:1012F0000700208130BD2DE9F04104460D46164619
:101300001F46602D06D13B46012231462046FFF79D
:101310005AFE05E03B46012231462046FFF79DFE7E
:1013200029462046FFF7D2FF208940F007002081A0
:10133000BDE8F08130B50C4600210189C9B24FF6F5
:10134000FF7505EA0325154325432943018130BD77
:101350002DE9F04105460E461746984600244346BF
:101360003A4631462846FFF7E5FF2C894FF6F870DC
:10137000044044F007044FF68F70044044F07004BA
:101380002C81BDE8F081F0B504460D4616461F4697
:101390003B46324629462046FFF7CCFF208940F4E1
:1013A00080402081F0BD0185828270470A4600217D
:1013B00001884FF68F731940114301807047F0B5D3
:1013C0000C4615461E460021002200230189028B8F
:1013D000038C4FF6F877394021434FF6FC473A40EB
:1013E00040F201173A434FF6DD773B404FF6FF7767
:1013F00007EA06172F433B43018102830384F0BDB4
:101400000A460021018B4FF68F7319401143018367
:1014100070470A460021018B48F6FF7319404FF6CA
:10142000FF7303EA02231943018370470A46002130
:10143000818B4FF68F7319401143818370470A46A1
:101440000021818B48F6FF7319404FF6FF7303EAC2
:10145000022319438183704721B1028842F0800240
:10146000028004E002884FF67F731A4002807047C2
:1014700021B1828842F00402828004E082884FF623
:10148000FB731A408280704721B1828842F00802C3
:10149000828004E082884FF6F7731A40828070479A
:1014A00021B1828842F00102828004E082884FF6F6
:1014B000FE731A40828070470A460021018B4FF666
:1014C000F77319401143018370470A460021018BCD
:1014D0004FF2FF7319404FF6FF7303EA02231943DB
:1014E000018370470A460021818B4FF6F77319403C
:1014F0001143818370470A460021818B4FF2FF73AD
:1015000019404FF6FF7303EA0223194381837047A2
:101510000A460021018B4FF6FB73194011430183EA
:1015200070470A460021018B4FF6FF3319404FF6F2
:10153000FF7303EA02231943018370470A4600211F
:10154000818B4FF6FB7319401143818370470A4624
:101550000021818B4FF6FF3319404FF6FF7303EAEA
:1015600002231943818370470A460021018B4FF6FD
:101570007F7319401143018370470A460021018B94
:10158000C1F30E014FF6FF7303EA022319430183EF
:1015900070470A460021818B4FF67F731940114333
:1015A000818370470A460021818BC1F30E014FF6FB
:1015B000FF7303EA02231943818370470A4600211F
:1015C000018C4FF6FD7319401143018470470A46A0
:1015D0000021018C4FF6F7731940114301847047C5
:1015E0000A460021018C4FF6DF7319404FF6FF7356
:1015F00003EA02131943018470470A460021018C53
:101600004FF67F7319404FF6FF7303EA0213194335
:10161000018470470A460021018C4FF6FF531940A0
:101620004FF6FF7303EA02231943018470470A4609
:101630000021018C4FF2FF7319404FF6FF7303EA4C
:1016400002231943018470470A460021018C4DF69C
:10165000FF7319404FF6FF7303EA02331943018405
:10166000704730B5002301248C40A3B2048C9C4306
:101670000484048C02FA01F5ADB22C43048430BD1D
:1016800030B5002304248C40A3B2048C9C43048412
:10169000048C02FA01F5ADB22C43048430BD70B560
:1016A0000346002000241846183001258D40ACB2B6
:1016B0001D8CA5431D8409B1082909D100EB6100E7
:1016C000056825F0700505600568154305600EE0A6
:1016D0000D1FC5F34E052844056825F4E045056057
:1016E00005684FF6FF7606EA02263543056070BDB1
:1016F00021B1028842F00202028004E002884FF623
:10170000FD731A400280704721B1028842F0040242
:10171000028004E002884FF6FB731A400280704793
:1017200021B1828842F08002828004E082884FF6F4
:101730007F731A408280704702884FF6F7731A4011
:10174000028002880A430280704782884FF68F73B6
:101750001A40828082880A438280704702894FF64D
:10176000F8731A40028102890A4302817047028994
:101770004FF67F731A40028102890A430281704743
:1017800081847047818570478186704701877047E3
:1017900081877047A0F84010704702884FF6FF43DA
:1017A0001A40028002880A43028070470146888EF0
:1017B00070470146088F70470146888F7047014681
:1017C000B1F8400070470146888C70470146088D8B
:1017D000704702460020138A0B400BB1012000E045
:1017E00000207047CA430282704730B5024600208D
:1017F00000230024158A05EA0103958905EA0104FE
:1018000013B10CB1012000E0002030BDCA430282B8
:101810007047000010B50446FB48844209D10121FD
:101820008803FFF79FF800214FF48040FFF79AF8F4
:1018300032E0F648844209D101214804FFF79FF8BD
:1018400000214FF40030FFF79AF825E0F048844279
:1018500009D101218804FFF792F800214FF480207C
:10186000FFF78DF818E0EB48844209D10121C80444
:10187000FFF785F800214FF40020FFF780F80BE018
:10188000E548844208D101210805FFF778F80021D6
:101890004FF48010FFF773F810BD2DE9F04786B0C4
:1018A00005460E460024A24600BFA1460027B08987
:1018B00000B100BF2F462C8A4CF6FF700440F08820
:1018C00004432C82AC894EF6F3100440B088318971
:1018D0000843718908430443AC81AC8A4FF6FF404A
:1018E0000440B0890443AC8201A8FEF7B4FFC648A7
:1018F000874202D1DDF810A001E0DDF80CA0A88934
:1019000000F4004040B10AEBCA0000EB0A10316855
:101910004900B0FBF1F807E00AEBCA0000EB0A103F
:1019200031688900B0FBF1F86420B8FBF0F00401E5
:101930002009642101FB1089A88900F4004040B10E
:10194000322000EBC900B0FBF1F000F007000443C7
:1019500008E0322000EB09106421B0FBF1F000F048
:101960000F0004432C8106B0BDE8F0874FF41651F8
:10197000016000218180C18001810C214181002111
:101980008181704710B502460020108A4FF2FF0394
:1019900018400B884C8823438C882343CC882343EE
:1019A0001843108210BD0021018041808180C180D8
:1019B000704721B1828942F40052828104E0828919
:1019C0004DF6FF731A4082817047F0B5034600243C
:1019D00000260025002040F66A17B94200D100BF5A
:1019E0001846C1F3421401F01F06012707FA06F555
:1019F000012C01D10C3004E0022C01D1103000E0A8
:101A000014301AB107682F43076002E00768AF433C
:101A10000760F0BD1AB1838A0B43838202E0838A98
:101A20008B4383827047028A4FF6F0731A4002821A
:101A3000028A0A430282704782894FF2FF731A407A
:101A4000828182890A438281704721B1828942F072
:101A50000202828104E082894FF6FD731A4082817E
:101A60007047028A4FF6DF731A400282028A0A43E5
:101A70000282704721B1028A42F48042028204E06D
:101A8000028A4BF6FF731A4002827047C1F30802C4
:101A90008280704701468888C0F3080070478189BA
:101AA00041F0010181817047028BD2B20283028B27
:101AB00042EA012202837047028B02F47F420283D2
:101AC000028B0A430283704721B1828A42F02002CE
:101AD000828204E0828A4FF6DF731A408282704766
:101AE00021B1828A42F01002828204E0828A4FF69B
:101AF000EF731A408282704721B1828A42F0080255
:101B0000828204E0828A4FF6F7731A40828270471D
:101B100021B1828942F40042828103E08289C2F3CA
:101B20000E028281704721B1828A42F40062828271
:101B300004E0828A4FF2FF731A4082827047828AE1
:101B40004FF6FB731A408282828A0A438282704770
:101B500021B1828A42F00202828204E0828A4FF638
:101B6000FD731A408282704702460020B1F5007F63
:101B700000D100BF13880B400BB1012000E0002012
:101B8000704701F40072B2F5007F00D100BFCA4374
:101B90000280704770B50246002400230025002013
:101BA00040F66A16B14200D100BFC1F3421501F000
:101BB0001F03012606FA03F3012D02D19689334053
:101BC00006E0022D02D1168A334001E0968A3340A6
:101BD0000C12012606FA04F41688344013B10CB135
:101BE000012000E0002070BD10B50022002340F667
:101BF0006A14A14200D100BF0A1201249440A3B28A
:101C0000DC43048010BD0000003801400044004067
:101C100000480040004C00400050004010B5044611
:101C2000FA48844208D101214015FEF79BFE0021AD
:101C30006015FEF797FE17E0F548844208D10121B0
:101C40000015FEF78FFE00212015FEF78BFE0BE03E
:101C5000F048844208D10121C803FEF783FE002129
:101C60004FF40040FEF77EFE10BD30B50246002066
:101C700000235068E84C20400D790C6844EA0524A4
:101C8000204350609068E54C2040D1E902542C4339
:101C90004D7944EA450420439060D06A20F47000F6
:101CA0000C7C641EE4B2234340EA0350D06230BD92
:101CB00000210160017141718160C16001210174E5
:101CC000704721B1826842F00102826003E08268BD
:101CD00022F001028260704721B1826842F4807272
:101CE000826003E0826822F480728260704710B5DF
:101CF0000023CBB21AB144681C43446002E044683C
:101D00009C43446010BD816841F0080181607047C8
:101D1000014600208A6802F008020AB1012000E0B2
:101D200000207047816841F00401816070470146DE
:101D300000208A6802F004020AB1012000E00020BD
:101D4000704721B1826842F4A002826003E0826899
:101D500022F4A00282607047014600208A6802F4E3
:101D600080020AB1012000E00020704710B50A4649
:101D700000210023416821F46041531E41EA4331B0
:101D8000416010BD21B1426842F40062426003E04C
:101D9000426822F4006242607047F0B504460D4686
:101DA00000200021092D11DDE068A5F10A0606EBEF
:101DB0004607072606FA07F18843A5F10A0606EB4F
:101DC000460603FA06F10843E0600CE0206905EBE3
:101DD0004507072606FA07F1884305EB450603FA8F
:101DE00006F108432061072A0FDA606B561E06EBE6
:101DF00086071F2606FA07F18843561E06EB86065D
:101E000005FA06F10843606322E00D2A0FDA206B21
:101E1000D61F06EB86071F2606FA07F18843D61F52
:101E200006EB860605FA06F10843206310E0E06A37
:101E3000A2F10D0606EB86071F2606FA07F1884376
:101E4000A2F10D0606EB860605FA06F10843E062EC
:101E5000F0BD21B1826842F48012826003E08268A2
:101E600022F48012826070470146C86C80B27047CD
:101E700066484C300068704721B1426842F4806285
:101E8000426003E0426822F480624260704721B100
:101E9000426842F48052426003E0426822F4805279
:101EA000426070470A460021816821F4E0411143F5
:101EB0008160704721B1826842F40042826003E091
:101EC000826822F400428260704721B1826842F445
:101ED0000212826003E0826822F40212826070477C
:101EE000014600208A6802F400120AB1012000E0D5
:101EF00000207047F0B50446154600200022002659
:101F0000092911DDE068A1F10A0707EB470C072753
:101F100007FA0CF29043A1F10A0707EB470703FA0F
:101F200007F21043E0600CE0206901EB410C072749
:101F300007FA0CF2904301EB410703FA07F2104352
:101F40002061A06BC0F30156EF1C06F1010CA7EB5A
:101F50000C0707EB870C1F2707FA0CF29043EF1CC6
:101F600006F1010CA7EB0C0707EB870701FA07F254
:101F70001043A063F0BD10B50A4600210023816B19
:101F800021F44011531E41EA0351816310BD08B58D
:101F9000002300930090009B0B440093009B1A6069
:101FA00008BD08B5024600200090009201F128000B
:101FB000009B184400900098006880B208BD0A4653
:101FC00000214168164B194011434160704741623E
:101FD000826270470A460021416821F01F011143C7
:101FE0004160704740B109490831096841F4000176
:101FF000064A0832116007E004490831096821F4F3
:102000000001024A083211607047000000240140BC
:1020100000280140003C0140FFFEF0FFFDF7F1FF0A
:10202000FFFD3FFF0246002013680B400BB101206B
:1020300000E000207047CA430260704770B5024656
:102040000020002300240B125568CEB205EA0604D6
:1020500015681D4015B10CB1012000E0002070BDD5
:1020600000220A12D3430360704700000CB5002021
:10207000019000906C48006840F480306A49086024
:1020800000BF6948006800F4003000900198401CCF
:102090000190009818B90198B0F5A06FF1D162488D
:1020A000006800F4003010B10120009001E0002031
:1020B00000900098012843D15C48006840F010006F
:1020C0005A4908600846006820F003000860084686
:1020D000006840F002000860534840685249486078
:1020E0000846406848600846406840F480604860A0
:1020F0000846406820F47C1048600846406840F478
:10210000E81048600846006840F08070086000BF32
:102110004548006800F000700028F9D04248406847
:1021200020F00300404948600846406840F0020043
:10213000486000BF3C48406800F00C000828F9D116
:102140000CBD10B5FFF792FF10BD10B53648006802
:1021500040F00100344908600846406834490840AE
:102160003149486008460068324908402E490860F5
:102170000846006820F4802008600846406820F483
:10218000FE0048604FF41F008860FFF7DAFF4FF051
:1021900000602949086010BD10B500210020002210
:1021A000214B5B6803F00C0121B1042906D00829FA
:1021B00028D107E0214B224C236027E01F4B204C05
:1021C000236023E0184B5B6803F47010164B5B68C8
:1021D00003F48032022303EB904022B9194B4343AE
:1021E000174C23600DE0104B5B6803F4003323B100
:1021F000144B4343124C236003E0104B4343104CF9
:10220000236003E00D4B0E4C236000BF00BF064B64
:102210005B68C3F303130C4CE15C094B1B68CB40B8
:10222000074C236010BD0000001002400020024057
:102230000000FFF8FFFFF6FE08ED00E000127A0054
:102240001400002000093D0018000020014605E0B0
:10225000002001E0421CD0B20A28FBDB0A1EA1F1DB
:102260000101F5D1704710B5044603E04FF47A70D0
:10227000FFF7ECFF201EA4F10104F7D110BD704759
:1022800008B50720009002E00098401E00900098DA
:102290000028F9D108BD10B54FF40070E649086078
:1022A00040100860FFF7ECFFE3480838006808B901
:1022B000012000E0002000F4007008B1002010BDF3
:1022C0004FF40070DC49091D0860FFF7D9FFDA48B8
:1022D0000838006800F4007008B10020EFE74FF400
:1022E0000070D549091D0860FFF7CAFF0120E6E725
:1022F00010B54FF48070D049091D0860FFF7C0FF8A
:102300004FF40070CC49091D0860FFF7B9FF4FF486
:102310008070C9490860FFF7B3FF4FF40070C649E9
:102320000860FFF7ADFF10BD10B54FF48070C249D3
:10233000091D0860FFF7A4FF4FF40070BE49091D96
:102340000860FFF79DFF4FF48070BB490860FFF7FE
:1023500097FF4FF48070B849091D0860FFF790FFA0
:1023600010BD10B54FF48070B349091D0860FFF728
:1023700087FF4FF40070B0490860FFF781FF4FF40A
:102380008070AD490860FFF77BFF4FF48070AA4969
:10239000091D0860FFF774FF10BD10B54FF4807081
:1023A000A549091D0860FFF76BFF4FF40070A249B3
:1023B0000860FFF765FF4FF480709F490860FFF7E2
:1023C0005FFF9D480838006800F4007030B14FF49A
:1023D00080709949091D0860002010BD4FF480707D
:1023E0009549091D08600120F7E770B504460825E6
:1023F0001DE04FF480709049091D0860FFF740FF11
:1024000004F0800020B14FF400708B49086004E0B4
:102410004FF400708849091D08606006040EFFF73C
:102420002FFF4FF4807084490860FFF729FF281EB2
:10243000A5F10101CDB2DCD14FF480707E49091DB8
:10244000086070BD70B508250024A8017A490860AD
:1024500016E06006040E4FF480707749091D08608D
:10246000FFF70EFF4FF4807073490860FFF708FF15
:1024700071480838006800F4007008B144F00104A5
:10248000281EA5F10101CDB2E3D14FF480706A4955
:10249000091D0860204670BD08B501210820FEF71F
:1024A00047FA4FF44070ADF8000002208DF80200AA
:1024B00014208DF8030069465F481038FDF77CFF53
:1024C00008BD2DE9F04105460E4617469846FFF730
:1024D000E2FE10B90020BDE8F081002141EA45018B
:1024E000C8B2FFF782FFFFF758FF18B9FFF700FFE8
:1024F0000020F0E73046FFF778FFFFF74EFF00249B
:102500000BE018F80400FFF770FFFFF746FF18B95B
:10251000FFF7EEFE0020DEE7641CBC42F1DBFFF7B4
:10252000E7FE0120D7E72DE9F04104460D461646A7
:102530001F463B46324629462046FFF7C2FF10B1F0
:102540000020BDE8F0814FF0FF30FAE72DE9F041BF
:1025500005460F4614461E46FFF79DFE10B90020A3
:10256000BDE8F081002141EA4501C8B2FFF73DFF17
:10257000FFF713FF18B9FFF7BBFE0020F0E738465E
:10258000FFF733FFFFF709FFFFF785FE012101EB9E
:102590004501C8B2FFF729FFFFF7FFFE0CE0FFF788
:1025A00051FF3070012C02D1FFF7DBFE01E0FFF795
:1025B000BBFE761C601EC4B2002CF0D1FFF798FE63
:1025C0000120CDE72DE9F04104460D4616461F4691
:1025D0003B46324629462046FFF7B8FF10B100209F
:1025E000BDE8F0814FF0FF30FAE770B504460D46C4
:1025F0001646FFF750FE08B9002070BD002141EAE1
:102600004401C8B2FFF7F1FEFFF7C7FE18B9FFF7A4
:102610006FFE0020F1E72846FFF7E7FEFFF7BDFE5B
:102620003046FFF7E2FEFFF7B8FEFFF761FE01203C
:10263000E3E7002070470000100C014008B50121BD
:102640001120FEF775F901210B48FDF786FF4FF4C5
:10265000C040ADF8000003208DF8020010208DF876
:10266000030069460548FDF7A7FE4FF4C041034843
:10267000FDF74FFF08BD00000002300000100140D0
:102680000024002700250026FFF75FFD41F61F41CB
:1026900041F2883002F01EFB02F058FB02F088F98C
:1026A00000F05CF900F0BEF8FFF7C8FF02F0D4FBC1
:1026B00000F06AF900F0D1F9FFF7EEFE0A2000F011
:1026C000A9FE00F0DDFA00F04DFE00F0D9FE002179
:1026D000084601F0BBFF494807784FF0E020006949
:1026E00040F001004FF0E021086185E000F038FB88
:1026F00042490878C11BC9B20C4407460A2E75D25C
:10270000DFE806F0050B141C242D3439406C322C04
:1027100002D300240025012669E04FF448723849AD
:10272000384801F056FE0024022660E0B4F5487FE8
:1027300003D30024681CC5B2032658E0782232492E
:10274000002001F046FE0024042650E0782C05D33A
:102750000024042D01D3072600E0052647E0B4211C
:102760002A4801F089FE0024062640E0B42C01D35B
:10277000002407263BE00021084601F067FF002403
:10278000082634E03C2C18D321492248006805F083
:10279000DFFD12D24FF07F511E48006805F0CEFDDC
:1027A0000BD21D491D48006805F0D2FD05D21C4919
:1027B0001A48006805F0C2FD01D3FA2C0DD300249D
:1027C000042D09D300F036FE00F009FF0021084671
:1027D00001F03CFF092600E0012608E000F0FFFEC2
:1027E0000021084601F032FF01E0FFE700BF00BF13
:1027F00002F08AF801F09BFC78E70000D40000208A
:102800009A99193E0000C8429A99993F0000FAC36C
:102810000000C0BFFC0000200000C8C1380100203B
:102820000000C84108B501210820FEF781F84FF4E7
:102830007040ADF8000010208DF8030003208DF8E3
:1028400002006946FE48FDF7B7FD4FF47041FC48B1
:10285000FDF75FFE08BD08B501210846FEF775F8D3
:1028600001210420FEF764F80C20ADF800001820C8
:102870008DF8030003208DF802006946F148FDF74A
:102880009BFD08BD30B587B00025002440F2E7303D
:10289000ADF814000020ADF81000ADF81600ADF84A
:1028A000120004A94FF08040FEF77AF96020ADF8DD
:1028B00000000120ADF80200ADF806500020ADF890
:1028C000080069464FF08040FEF736FA0821C80636
:1028D000FEF708FE0120ADF80200ADF8064000202A
:1028E000ADF8080069464FF08040FEF770FA082105
:1028F000C806FEF700FE01218807FEF7ADFD0121A5
:102900008807FEF7A9FC07B030BD2DE9FF4104465A
:102910000D4627462E466020ADF800000120ADF898
:102920000200ADF806700020ADF8080069464FF0CF
:102930008040FEF701FA0821C806FEF7D3FD01200A
:10294000ADF80200ADF8066069468007FEF73FFA71
:102950000821C806FEF7CFFDBDE8FF8110B5FFF7DF
:102960007AFFFFF78FFF10BDB7490888098821F06B
:102970000101B54A11807047B4490888098821F0DF
:102980000101B24A1180704700B589B001210220CF
:10299000FDF7DBFF01210420FDF7CAFF01A8FDF7C9
:1029A00096FDC020ADF8040004208DF80700032038
:1029B0008DF8060001A9A348FDF7FEFC4FF4A060C6
:1029C000FDF79EFB1D208DF8080001208DF8090001
:1029D00003208DF80A0001208DF80B0002A8FDF7F6
:1029E00094FB99481038FEF707F806A8FEF704FC98
:1029F0000020ADF818004FF6FF70ADF81C00002065
:102A0000ADF81E00ADF81A0006A98F481038FEF781
:102A1000C7F80A231A4603218B481038FEF7CFFC6B
:102A200003A8FEF7FCFB0620ADF8140003A98648B6
:102A30001038FEF748FB012183481038FEF7D2FE1C
:102A40000122114680481038FEF721FC01217E4802
:102A50001038FEF701FC09B000BD00B589B00121B6
:102A60000420FDF772FF01210820FDF761FF01A896
:102A7000FDF72DFDC020ADF8040004208DF80700FF
:102A800003208DF8060001A96D48FDF795FC4FF471
:102A9000A060FDF735FB1E208DF8080001208DF8A1
:102AA000090003208DF80A0001208DF80B0002A810
:102AB000FDF72BFB65481038FDF79EFF06A8FEF7D3
:102AC0009BFB0020ADF818004FF6FF70ADF81C001E
:102AD0000020ADF81E00ADF81A0006A95B481038BA
:102AE000FEF75EF80A231A46032158481038FEF70D
:102AF00066FC03A8FEF793FB0620ADF8140003A9BB
:102B000052481038FEF7DFFA012150481038FEF71E
:102B100069FE012211464D481038FEF7B8FB01212D
:102B20004A481038FEF798FB09B000BD00B585B0E3
:102B300001210420FDF7FCFE01210220FDF705FF25
:102B40008020ADF8100004208DF8130003208DF8CC
:102B5000120004A93B48FDF72FFC4FF4A060FDF7DD
:102B6000CFFA1D208DF8000001208DF80100032010
:102B70008DF8020001208DF803006846FDF7C5FAC4
:102B800031481038FDF738FF4FF6FF70ADF80800F8
:102B90000020ADF80400ADF80A00ADF8060001A968
:102BA00029481038FDF7FCFF00231A46602126480B
:102BB0001038FEF7A0FB002123481038FEF7E0FD97
:102BC000012121481038FEF747FB05B000BD00B5D4
:102BD00085B001210820FDF7ABFE01210420FDF79F
:102BE000B4FE8020ADF8100004208DF813000320FF
:102BF0008DF8120004A91248FDF7DEFB4FF4A06027
:102C0000FDF77EFA1E208DF8000001208DF80100EE
:102C100003208DF8020001208DF803006846FDF7BF
:102C200074FA0A481038FDF7E7FE4FF6FF70ADF86A
:102C300008000020ADF80400ADF80A0008E000002C
:102C4000000C014000080140100400401008004042
:102C5000ADF8060001A90948FDF7A2FF00231A46B6
:102C600060210648FEF747FB00210448FEF788FD77
:102C700001210248FEF7F0FA05B000BD000800404F
:102C800070B5002402F0B3FD0446002C60D17CA096
:102C900002F00BF8782002F00CFA18B981A002F0CB
:102CA00004F802E087A002F000F8782002F0EEFBC2
:102CB00018B98FA001F0F9FF02E096A001F0F5FF2E
:102CC000642002F0C4FC18B99EA001F0EEFF02E0FF
:102CD000A6A001F0EAFF04F07BF818B9ACA001F05F
:102CE000E4FF02E0B7A001F0E0FFC54804F04CFFAC
:102CF000054604F077F818B9C2A001F0D6FF02E04B
:102D0000CAA001F0D2FF40F2731004F0ACFC18B975
:102D1000D2A001F0CAFF02E0D9A001F0C6FF6420F2
:102D200004F01AFA18B9E2A001F0BFFF02E0E9A02E
:102D300001F0BBFF04F03CFF012003F08FFD18B948
:102D4000EFA001F0B2FF0AE0F6A001F0AEFF06E04E
:102D50004FF40051FE48FDF7DEFB00BFFEE770BDFB
:102D60002DE9F04F89B0FB48FB49FC4BFC4ACDE90B
:102D70000010FC49FC4804F0D5FDF748008800F439
:102D8000807000287AD0F649086805F043FA0446B6
:102D90004FF09D4105F078F8F4490860F049486823
:102DA00005F038FA04464FF09D4105F06DF8F04902
:102DB0000860EB49886805F02DFA04464FF09D4104
:102DC00005F062F8EB490860E549C86805F022FAA9
:102DD00004464FF09D4105F057F8E7490860E34885
:102DE00001684FF0804005F01DF80690E148016849
:102DF000069805F017F88246DD4801684FF040401C
:102E000005F010F80690DC480168069805F00AF80D
:102E10008346514604F0AEFF079005F047FA064698
:102E200006F07CFC80464FF06632D44B05F011F979
:102E3000044605F067FAD2490860CE4801684FF0B1
:102E4000804004F0EFFF0390CA480168039804F043
:102E5000E9FF8246C64801684FF0404004F0E2FFB7
:102E60000390C3480168039804F0DCFF8346514691
:102E700004F0D2FF81464FF07E5183E10CE2000066
:102E80006D707520696E697469616C697A617469C5
:102E90006F6E20636F6D706C6574652E2E2E2E2EF6
:102EA0002E0A20006D70755F7365745F73656E73B5
:102EB0006F7220636F6D706C657465202E2E2E2EE0
:102EC0002E2E0A006D70755F7365745F73656E7387
:102ED0006F7220636F6D65206163726F737320651D
:102EE00072726F72202E2E2E2E2E2E0A00000000DF
:102EF0006D70755F636F6E6669677572655F666931
:102F0000666F20636F6D706C657465202E2E2E2E9B
:102F10002E2E0A006D70755F636F6E66696775723D
:102F2000655F6669666F20636F6D65206163726FB0
:102F30007373206572726F72202E2E2E2E2E2E0A23
:102F4000000000006D70755F7365745F73616D7074
:102F50006C655F7261746520636F6D706C6574651C
:102F6000202E2E2E2E2E2E0A000000006D70755F72
:102F70007365745F73616D706C655F7261746520F9
:102F80006572726F72202E2E2E2E2E2E0A000000D9
:102F9000646D705F6C6F61645F6D6F74696F6E5F9D
:102FA0006472697665725F6669726D7761726520B9
:102FB000636F6D706C657465202E2E2E2E2E2E0A7A
:102FC00000000000646D705F6C6F61645F6D6F7412
:102FD000696F6E5F6472697665725F6669726D773C
:102FE00061726520636F6D65206163726F7373201A
:102FF0006572726F72202E2E2E2E2E2E0A00000069
:1030000028000020646D705F7365745F6F7269657E
:103010006E746174696F6E20636F6D706C6574653A
:10302000202E2E2E2E2E2E0A00000000646D705FC2
:103030007365745F6F7269656E746174696F6E2019
:10304000636F6D65206163726F7373206572726F59
:1030500072202E2E2E2E2E2E0A000000646D705F20
:10306000656E61626C655F6665617475726520632B
:103070006F6D706C657465202E2E2E2E2E2E0A001C
:10308000646D705F656E61626C655F6665617475C5
:10309000726520636F6D65206163726F7373206565
:1030A00072726F72202E2E2E2E2E2E0A000000001D
:1030B000646D705F7365745F6669666F5F7261747B
:1030C0006520636F6D706C657465202E2E2E2E2E1C
:1030D0002E0A0000646D705F7365745F6669666FC9
:1030E0005F7261746520636F6D65206163726F73D9
:1030F00073206572726F72202E2E2E2E2E2E0A00D5
:103100006D70755F7365745F646D705F7374617407
:103110006520636F6D706C657465202E2E2E2E2ECB
:103120002E0A00006D70755F7365745F646D705F6B
:10313000737461746520636F6D65206163726F7372
:1031400073206572726F72202E2E2E2E2E2E0A0084
:1031500000100140620000206000002050000020AC
:103160001C0200205A0000205400002034000020DF
:10317000380000203C0000204000002066A64C40A3
:103180004400002004F0F6FD044605F08FF8CDE978
:103190000401434801684FF0804004F043FE834639
:1031A00040480168584604F03DFE81463E480168AB
:1031B0004FF0804004F036FE83463C480168584694
:1031C00004F030FE8246494604F0D4FD044605F082
:1031D0006DF80746DDE9042306F0E8FC4FF066329F
:1031E000334BCDE9060104F034FF054605F08AF8BB
:1031F000304908602D480168006804F013FE039010
:1032000029480168006804F00DFE02902548016815
:10321000006804F007FE834621480168006804F056
:1032200001FE5946019004F0A5FD8246029904F082
:10323000F3FD8146039904F0EFFD044605F036F8EE
:10324000CDE90401194801681548006804F0EAFD59
:103250008246154801681348006804F0E3FD834680
:10326000514604F087FD81464FF0804104F0DAFDBD
:10327000044605F01BF80746DDE9042306F096FC3A
:103280004FF066320A4BCDE9060104F0E2FE054636
:1032900005F038F80849086009B0BDE8F08F000073
:1032A00034000020380000203C00002040000020B6
:1032B00066A64C40480000204C000020704700BF2C
:1032C000FEE700BFFEE700BFFEE700BFFEE7704776
:1032D0007047704710B51D480078401C1B490870A6
:1032E0001B480078401C1A4908701A480078401C96
:1032F0001849087000F090FB17480078401C1649E8
:10330000087016480078401C14490870144800786A
:10331000401C134908700E480078022806DB01F0B3
:1033200086FD00F061FD0020094908700948007819
:10333000082806DB00F09DFB0020064908700649BE
:10334000087000F056F900F0F6FA10BDD400002025
:10335000D9000020D5000020D6000020D700002092
:10336000D800002030B527480068C822B0FBF2F131
:10337000B1F1807F01D301201DE021F07F40401E8C
:103380004FF0E022506150170F22002807DA130790
:103390001D0E1D4B00F00F04241F1D5503E01307E5
:1033A0001C0E1A4B1C5400BF00204FF0E02290610D
:1033B00007201061002008B100BFFEE74FF0E020B9
:1033C000006920F001004FF0E021086130BD01B537
:1033D0000F49009808604FF0E020006940F00100BC
:1033E0004FF0E021086100BF094800680028FBD1C8
:1033F00008BD0748006820B105480068401E044920
:10340000086070471400002018ED00E000E400E0C0
:1034100064000020002107E042F6E06100BF0A1EC0
:10342000A1F1010399B2FAD1021EA0F1010398B2F1
:10343000F2D170470020FC49087608704860886027
:10344000FA480068C8600020C882704700B502468C
:103450000020F7490870F7480260FFF7EBFF0020F3
:10346000F5490870F5490870F5480078F549087085
:103470000020F5490860F2480078F449087000BD62
:1034800000B50020F2490880F2490880F24908603E
:10349000F2490860F2490860F2490860F2490860A0
:1034A000F2490860F2490860F2490860F249086090
:1034B000F2490860F2490860DC490860F149086097
:1034C000F1490860F1490860F1490860DC49087079
:1034D000F0490870F0490870D9480078D949087057
:1034E0000020D9490860D6480078D84908704FF4C0
:1034F0006170EA490880EA48EA4908600120EA491F
:1035000008700020E9490870E9490870E949086035
:10351000E9490860E948FFF799FF0020E849086099
:1035200000BD2DE9F041E748006804F0BFFE044605
:10353000E548D0E900633246204604F0CBFE07D0D0
:10354000E148D0E90021104604F0DCFEDD490860C6
:10355000DE48006804F0AAFE0446DB48D0E90263B6
:103560003246204604F0B6FE07D0D748D0E9022103
:10357000104604F0C7FED5490860D548006804F03D
:1035800095FE04460D46D049D1E9046332462946EA
:1035900004F0A0FE07D0CC48D0E90421104604F086
:1035A000B1FECB490860CB48006804F07FFE0446BA
:1035B000C548D0E906633246204604F08BFE07D0AA
:1035C000C149D1E90621104604F09CFEC1490860BA
:1035D0000020B8490860B8490860BDE8F0810020C3
:1035E000B4490860B4490860BB4908609F49086055
:1035F00070472DE9F041B9480068012810D100203A
:10360000B0490860B648006804F012FE0646002281
:10361000B44B04F01EFD044604F074FEA949086092
:10362000AE480068022812D10020A8490860AE49BF
:103630000968A1F1400004F0FBFD06460022AB4BF7
:1036400004F007FD044604F05DFEA0490860A849A7
:10365000B1F9040004F0DEFDA6490860A649B1F9FD
:10366000040004F0D7FDA54908600021A4480068C3
:1036700004F064FE0BD0A349A148006804F05EFE8C
:1036800005D3A1499E48006804F062FE05D24FF4BC
:1036900000519E48FCF73FFF04E04FF400519B4867
:1036A000FCF737FF00219A48006804F0B5FB6E492B
:1036B00008609149B1F9000004F0ACFD064683486A
:1036C0000168304604F0AEFB04466848016866486D
:1036D000006804F0A1FB06467A480168304604F011
:1036E000A1FB0546214604F045FB63490860BDE89F
:1036F000F0812DE9F04104460D46002C0CDA4FF420
:1037000080418448FCF705FF4FF400418148FCF7F5
:1037100002FF604204B20AE04FF400417D48FCF72A
:10372000F8FE4FF480417B48FCF7F5FE00BF002D0A
:103730000CDA4FF400517748FCF7EBFE4FF4805160
:103740007448FCF7E8FE684205B20AE04FF4805185
:103750007048FCF7DEFE4FF400516E48FCF7DBFECC
:1037600000BFAFB2A6B231464FF08040FEF710F86E
:1037700039464FF08040FEF70DF867496048006811
:1037800004F0E6FD23D365495D48006804F0D6FDEA
:1037900002D24FF0010801E04FF0000800213B4841
:1037A000006804F0CBFD01D1012000E0002008EA10
:1037B000000800213648006804F0C0FD01D1012056
:1037C00000E0002008EA0008B8F1000F0DD0002149
:1037D0004FF08040FDF7DCFF00214FF08040FDF707
:1037E000D9FF01204E49086002E000204C490860E2
:1037F0004C491D48006804F0ABFD05D34A491A48FE
:10380000006804F09BFD0DD200214FF08040FDF7D1
:10381000BFFF00214FF08040FDF7BCFF0120404971
:10382000086086E082E00000A00000205001002037
:10383000750000208C000020C7000020C800002078
:10384000D40000207400002070000020C900002077
:103850002201002020010020300100202C01002046
:103860003801002034010020FC000020EC00002082
:1038700054010020E0000020F0000020F8000020AB
:10388000F400002094010020900100205C01002041
:1038900058010020D5000020D6000020BC000020E8
:1038A0003333B33EC0000020C4000020C500002018
:1038B000C6000020CC000020D00000200000C8423C
:1038C000480100200C010020189E00081001002073
:1038D0001401002018010020E800002078010020D9
:1038E000680100200080FB3F6C0100200000C43F05
:1038F0005A00002088010020540000208C01002084
:10390000440000200000A0C10000A04100100140C0
:1039100048000020000C014000002041000020C1B0
:103920004401002000004842000048C20020F8493D
:103930000860BDE8F0812DE9F041F64804680025F3
:103940000026F3480068A0B9F348006820F000475B
:10395000F249384604F0FCFC0BD8EE48006820F031
:103960000047EF49384604F0E9FC02D800BF4FF0A9
:1039700082462146EB48006804F0FCF907462946D8
:1039800004F0F8F9E84908602146E648006804F0C8
:1039900043FA0746314604F0EDF9E4490860E2488D
:1039A000006804F056FC00B2B0F57A7F02DDE04812
:1039B000DD490860DC48006804F04BFC00B210F5FB
:1039C0007A7F02DADB48D8490860D848006804F0FA
:1039D00040FC00B2B0F57A7F02DDD548D3490860DB
:1039E000D248006804F035FC00B210F57A7F02DAA4
:1039F000D048CE490860CD48006804F02AFC07B2E0
:103A0000C948006804F025FC0FFA80F839464046A2
:103A1000FFF76FFEBDE8F08170B5C748FDF7D3FE34
:103A20000446C648FDF7CFFE0546C5480460C548B4
:103A300005600021C048FDF7A3FE0021BF48FDF747
:103A40009FFE20B2C0490880684200B2BF4908808A
:103A5000BF480068BC49B1F900100844BC4908607F
:103A6000BC480068B949B1F900100844B949086078
:103A700070BD2DE9F04F87B0B5490968B54A1268A5
:103A8000881804F0C7FBB44908600020B1490860F9
:103A9000AF490860B148006804F008FC4FF0663296
:103AA000AF4BCDE9040104F0D4FA074604F02AFC38
:103AB000AA490860A848006804F0F8FB4FF03332C8
:103AC000A84BCDE9000104F0C4FACDE90401A348F4
:103AD000006804F0EBFBCDE90201DDE9042304F00A
:103AE00011FA074604F00EFC9C4908609E498A487A
:103AF000006804F097F9064698480168304604F0DB
:103B00008BF9044626F0004B9448006820F00040F2
:103B10000690A14621469548006804F083F90746BF
:103B2000002104F00BFC04D29149484604F07AF9D4
:103B3000814649468D48006804F01CF98B490860AD
:103B40004FF08241584604F0F9FB12D88949874862
:103B5000006804F067F9854908607049069804F028
:103B6000EDFB06D883498148006804F05BF97F4982
:103B7000086081497D48006804F0EAFB02D27E4873
:103B80007A4908607D497948006804F0D7FB02D281
:103B90007A48764908607A480068032813D10020E3
:103BA0007849086078490968A1F1800004F040FB79
:103BB00007460022754B04F04CFACDE9040104F0ED
:103BC000A1FB704908606E480068042813D10020EA
:103BD0006F4908606F490968A1F1C00004F028FB33
:103BE00000226D4BCDE9040104F033FA074604F0DE
:103BF00089FB67490860664801685C48006804F012
:103C000011F907465F480168204604F00BF9804629
:103C1000394604F0AFF880F0004060490860604920
:103C20006048006804F094FB05D35F495D48006874
:103C300004F084FB6AD25948006880F00047594874
:103C40000168384604F020F982464FF08241584618
:103C500004F074FB0DD85549504604F079FB01D2AD
:103C6000DFF848A15249504604F068FB01D2DFF862
:103C700040A15049504604F06BFB01D2DFF834A15B
:103C80004D49504604F05AFB01D2DFF82CA14B48B5
:103C90000168504604F0C0F805464949284604F03A
:103CA00057FB00D2464D4749284604F047FB00D257
:103CB000444D29464148006804F05CF83F490860DB
:103CC0004FF08241584604F039FB1AD81349069840
:103CD00004F034FB15D83C493848006804F0A2F8D9
:103CE0003649086039493548006804F031FB08D28C
:103CF00037493248006804F021FB02D200202F49E6
:103D000008602E480068334908606AE064E00000FB
:103D10004401002054010020500100200000F04127
:103D20000000C841F0000020F4000020F80000204E
:103D300000007A4400007AC40004004000080040FB
:103D40003C01002040010020200100202201002031
:103D50002C01002030010020340100203801002017
:103D60006666E63F3333D33F000080BFCC000020BF
:103D7000CDCC0C406666663F0000FA450000FAC5EF
:103D80007801002014010020700100200000DE3FB7
:103D900018010020740100200000C43FE80000204A
:103DA0006F12833A0C0100206F1283BA9A99993FDF
:103DB0009A9999BF0000C0400000C0C0D000002008
:103DC000CDCC4C3ECDCC4CBE9A99593FCDCC4CBDC0
:103DD000CDCC4C3DEC0000200020FE490860FE499F
:103DE000086007B0BDE8F08F2DE9F041FB4800689E
:103DF000002850D1FA48FDF7E6FC00EB800000EB0C
:103E000000104400204604F013FA05460022F54B4A
:103E100004F091F9074604F075FAF3490860084682
:103E2000006804F043FA044622460B46EFA004F073
:103E3000A7FCF148007820B90020F0490860BDE8EF
:103E4000F081E948006804F031FA04460022EC4BA6
:103E500004F040FA03D8EB48E84908601BE0EA495F
:103E6000E148006804F074FA01D8012400E000245D
:103E70004FF08241DC48006804F060FA01D801206C
:103E800000E0002004401CB1E048DC49086002E08A
:103E90000020DA49086000BFD1E72DE9FC5FDC486B
:103EA0000068012878D1DB48D0F800B0DA48006813
:103EB0000190DA48B0F90290D948B0F900A0CA4898
:103EC0000468484604F0A6F906464FF08D4103F019
:103ED000DBFF0546D34903F0A5FFD34908605046F0
:103EE00004F098F90646D14903F096FF0546D049FB
:103EF00003F0CAFFCF490860584604F0D7F90746D7
:103F0000CD4ACE4B04F017F9054604F0FBF9834681
:103F1000019804F0CBF90546C74AC84B04F00BF9E9
:103F2000074604F0EFF901905021C54803F0FEFE6A
:103F3000C348C4A1096801600A21C34803F0F6FE22
:103F4000C24800210160416001810A21C04803F09C
:103F5000EDFEC04800210160416001810A21BE4898
:103F600003F0E4FEBD480021016041600181BC49CD
:103F7000584604F0E3F910D8BA49584604F0E8F975
:103F80000BD8584604F092F905462A460B46B6A1CE
:103F9000AD4804F005FC02E0C7E0BDE8FC9FB04975
:103FA000019804F0CBF90FD8AE49019804F0D0F98C
:103FB0000AD8019804F07AF905462A460B46AAA1C8
:103FC000A24804F0EDFB00E0E7E7A9499648006845
:103FD00004F0BEF911D2A7499348006804F0AEF985
:103FE0000BD29148006804F061F905462A460B4659
:103FF0009DA1974804F0D4FB00E0CEE79E498D4890
:10400000006804F0A5F911D29C498A48006804F0C0
:1040100095F90BD28748006804F048F905462A460E
:104020000B4691A18B4804F0BBFB00E0B5E70021F3
:10403000204604F08DF90FD89149204604F07EF90E
:104040000AD2204604F032F905462A460B4686A1DC
:10405000814804F0A5FB00E09FE7002000F03EFF50
:104060000090009804F0DFF80746864903F0DAFE76
:1040700006464FF08B4103F007FF0546824903F0E7
:10408000CBFE8249086000218048006804F060F996
:1040900011D878497D48006804F050F90BD27B486C
:1040A000006804F003F905462A460B466EA16B48EA
:1040B00004F076FB00E070E76349614803F041FEDD
:1040C00073A15F4803F03DFE60495D4803F039FE8F
:1040D00070A15B4803F035FE5D49594803F031FE9D
:1040E0006DA1574803F02DFE5A49554803F029FEAB
:1040F0006AA1534803F025FE5749514803F021FEB9
:1041000068A14F4803F01DFE54494D4803F019FEC5
:1041100065A14B4803F015FE5021644803F006FEEC
:1041200050224749614803F0E8FD00BF35E710B56C
:104130005F480068401E5E490860354800680128F5
:1041400007D10846006820B9FFF7A7FE574800F0DE
:10415000A0FD5748006818B941F2883054490860FA
:1041600010BD70B506460D4614462146304604F093
:10417000EFF801D2204670BD2946304604F0DEF843
:1041800001D22846F7E73046F5E72DE9F047044627
:104190000E4617461D46DDE90889464A464930461F
:1041A000FFF7DFFF0646434A43493846FFF7D9FF8A
:1041B00007460021284604F0C1F801D285F00045E9
:1041C0003E4A3F492846FFF7CCFF0546B8F1000FAD
:1041D0007BD178E0EC000020D000002060010020BE
:1041E000002C0140000069404C0100206A756C6998
:1041F0003D25660A000000007500002048010020EF
:1042000000001040000096C30000A0400000FA43E8
:104210007C010020F4000020F80000205A0000205B
:1042200054000020CDCC1C41880100209A19004385
:10423000000003438C01002048E17A14AE470F4090
:104240002C020020244C5600440300204E03002082
:1042500058030020620300206C0300207603002036
:1042600000007A4400007AC425332E326600000034
:104270000000A0C10000A04100803BC500803B457C
:1042800000401C46CDCC5441CDCC4C3EDC0000203F
:104290002C5256002C4143002C4759002C435342CA
:1042A000000000002C565400230000007C02002077
:1042B0008001002000008243000082C300004040D3
:1042C0000AD7233C01E04FF0010841F288308045D5
:1042D00000D98046012C00D10027042C00D10026F3
:1042E000FC48047046608760FB480068F949C86074
:1042F00008460561A0F814800020C88201200876D5
:10430000B9F1000F06D00320F4490870F448007892
:10431000F4490870BDE8F0872DE9F04780460C4667
:104320001546EC48007E20B9002020602860BDE8DA
:10433000F08700263DE0E74AD168506803F06CFD45
:10434000074627F00049E3480169484603F0F6FFB5
:1043500004D8E0484068DF49C86013E000213846CF
:1043600003F0F6FF07D2DB4A1169D06803F002FDC3
:10437000D849C86006E0D74A1169D06803F04CFDFF
:10438000D449C860D348C08AD249898A884204DAAD
:10439000D048C08A401CCF49C882CE48C08ACD4987
:1043A000898A884203DB0020CA49087603E0701C32
:1043B000C6B24645BFDB00BFC648C0682060C548DE
:1043C00080682860C348007E08B90220AFE701205A
:1043D000ADE77CB504460D4616460020C24908707C
:1043E00001202B4600222146CDE90060FFF7CDFEDB
:1043F0007CBD2DE9FC4104460D4616461F460FB113
:10440000012000E00020B84908700020B74908707A
:10441000B749087001202B4600222146CDE90060F3
:10442000FFF7B3FEBDE8FC8108B1012100E00021E7
:10443000AD4A11700021AD4A1170AD4A117070473C
:104440007CB504460D4616460120AA4B2A46214655
:10445000CDE900600220FFF798FE7CBD7CB50446E4
:104460000D4616460120A34B2A462146CDE90060A1
:104470000320FFF78AFE7CBD7CB504460D46012073
:104480009C4B22460021CDE900500420FFF77DFE21
:104490007CBD70B505460C460021284603F04EFF52
:1044A00001D285F000450021204603F047FF01D2EC
:1044B00084F00044904805609048046070BD2DE988
:1044C000F04705460C4616461F46DDF8208025F0CD
:1044D000004524F000448A4A00212846FFF741FEA7
:1044E00088490860864A00212046FFF73AFE854940
:1044F000486085480680008810B9012082490880FC
:104500008148008841F28831884202D908467E49B4
:10451000088027F000497D4A7D494846FFF721FE83
:104520007C490860B8F1000F01D0012000E00020B4
:10453000794908700020794908707348008803F0B1
:1045400072FE8246764903F06DFC81464946754805
:1045500003F09AFC6B4988606F48007808B1724894
:1045600000E072486749C86000200861FEF762FFFA
:1045700001205A4908705A4800785A4908700020AA
:104580006B490860BDE8F0872DE9FF4F85B0834691
:1045900014461D466749204603F0D0FE00D2654C04
:1045A0000021129803F0CAFE01D200201290624945
:1045B000129803F0CDFE01D25F481290214659486F
:1045C00003F062FC0746564903F05EFC06464FF0D6
:1045D0007E51304603F0B2FE01D24FF07E5657496D
:1045E000304603F0B5FE00D2544E4FF07C513046B9
:1045F00003F0C0FB074603F045FE1FFA80F950495F
:10460000129803F00FFC07463A4903F0B3FB8246C9
:10461000284603F04BFE074605F088FBCDE9000174
:1046200003F070FE0021029003F092FE01D80120F9
:1046300000E000200390039853464A4600905846F5
:104640000699FFF73CFF09B0BDE8F08F00B50346BF
:104650000A46022021490870FEF7ECFE3948036043
:10466000394802601E4800781E4908700020304911
:10467000086000BD2DE9F05F04460D46D4F80090B7
:10468000D5F800A0314F3249384603F057FE00D824
:10469000304F3148D0F800803049404603F058FE92
:1046A00060D82F49404603F049FE5BD800200F49EF
:1046B00008700F480078FF2804D20D480078401C8D
:1046C0000B4908700A48007804287ED34FF000098F
:1046D000CA467AE0A00000205001002075000020AA
:1046E000D400002074000020C6000020C700002075
:1046F000C80000203333B33E980000209C00002007
:104700000000824378000020BC00002000004040F0
:104710000AD7233CC0000020C4000020C5000020B0
:104720000AD7A33BDB0FC940DA0FC93FDA0FC9BF75
:1047300070000020CDCCCC3D6666E63E00409C4536
:104740009A99993F90000020940000200000C841F1
:1047500000003041000090414C010020000020404A
:10476000000020417B49404603F0F2FD28D2394643
:10477000404603F0E3FD23D80020774908707748CE
:104780000078FF2804D275480078401C73490870EF
:10479000724800780C2818D37148D0F800907148FE
:1047A000D0F800A029F0004B6F49584603F03AFBBF
:1047B00006463146504603F0CBFD06D2B24604E031
:1047C00000206649087064490870C4F80090C5F874
:1047D00000A0BDE8F09F1CB564480068019000206F
:1047E0000090694601A8FFF745FF614901980860FC
:1047F00060490098086000205F4908605F490860D0
:104800001CBD2DE9FF415E4805785E480078281AF6
:10481000C6B25C4805705C48007E40BB5B480078CF
:1048200000F0010058B95A48007810B15948406862
:1048300003E05848406880F0004007460AE05448CA
:10484000007820B15348406880F0004001E05148B2
:1048500040680746002050490988CDE900104D48BE
:1048600001684E483A4603680220FFF78EFC02AA10
:1048700003A93046FFF750FD0446022C05D14348FA
:10488000007880F0010041490870394903980860B8
:1048900038490298086001203749086000203749EC
:1048A0000860BDE8FF817CB535480478354800785C
:1048B000201AC5B2334804706A4601A92846FFF79A
:1048C0002BFD064616B90020019000902E48007876
:1048D000012807D13248007820B1694601A8FFF7C6
:1048E000C9FE04E000201D4908701B4908702049DA
:1048F000019808601F490098086001201E4908605F
:1049000000201E4908607CBD10B526480078E0B143
:10491000012804D0022808D0032815D102E0FFF7AF
:1049200070FF15E0FFF7BFFF12E01F480068104955
:1049300008601E4800680F49086001200E490860A1
:1049400000200E49086003E000BFFFF744FF00BFEE
:1049500000BF10BD00002041C8000020C70000209B
:10496000980000209C000020CDCC4C3F8C00002003
:104970005001002054010020600100204801002067
:10498000D400002074000020A0000020C5000020FA
:10499000C400002078000020BC000020C0000020DF
:1049A000C600002075000020900000209400002028
:1049B00000B585B0012144F20400FBF7B9FF4FF4C4
:1049C0000070ADF8100018208DF8130003208DF84A
:1049D000120004A9BB48FBF7EFFC4FF48060ADF870
:1049E000100004208DF8130004A9B648FBF7E4FC7E
:1049F0004FF4E13000900020ADF80400ADF806005F
:104A0000ADF80800ADF80C000C20ADF80A006946BE
:104A1000AD48FCF742FF0121AB48FCF7CAFF05B0E7
:104A200000BD08B54FF48060FBF76AFB27208DF8C6
:104A3000000004208DF8010001208DF802008DF89F
:104A400003006846FBF761FB08BD00B585B0012196
:104A50008804FBF77AFF01210820FBF769FF4FF478
:104A60008060ADF8100018208DF8130003208DF839
:104A7000120004A99548FBF79FFC4FF40060ADF8C5
:104A8000100004208DF8130004A99048FBF794FC53
:104A9000FFF7C7FF4FF4165000900020ADF8040058
:104AA000ADF80600ADF80800ADF80C000C20ADF82C
:104AB0000A0069468648FCF7F0FE012240F22551C3
:104AC0008348FCF782FF01218148FCF772FF05B0A3
:104AD00000BD70B504460D46E1B27B48FCF7D6FF39
:104AE00000BF40217848FDF73FF80128F9D1204662
:104AF00070BDF0B503460D461646002729460A2E1E
:104B000003D0002008702846F0BD33B9302001F8EA
:104B1000010B002008702846F6E7002B03DA2D2051
:104B200001F8010B5B4242F210720DE093FBF2F4CC
:104B300004B937B104F1300001F8010B04FB123362
:104B400001270A2092FBF0F2002AEFDC0020087017
:104B50002846D9E70FB470B586B006460CA8019078
:104B600073E00B9800785C281CD10B98401C0B90CC
:104B700000786E2809D072280FD10D213046FCF73D
:104B800085FF0B98401C0B900BE00A213046FCF788
:104B90007DFF0B98401C0B9003E00B98401C0B9082
:104BA00000BF4BE00B980078252840D10B98401CA3
:104BB0000B900078642818D0732833D1019810C85E
:104BC00001900BE021783046FCF760FF00BF4021E8
:104BD0003046FCF7C9FF0028F9D0641C2078002873
:104BE000F0D10B98401C0B9020E0019820C8019058
:104BF0000A2202A92846FFF77CFF02AC0BE02178CD
:104C00003046FCF743FF00BF40213046FCF7ACFFC5
:104C10000028F9D0641C20780028F0D10B98401CA3
:104C20000B9003E00B98401C0B9000BF06E00B9824
:104C300010F8011B0B903046FCF728FF00BF402105
:104C40003046FCF791FF0028F9D00B980078002837
:104C500087D106B070BC5DF814FB10B50446214640
:104C60001948FCF713FF00BF40211748FCF77CFFF1
:104C70000128F9D110BD10B5044621461448FCF7AF
:104C800005FF00BF40211248FCF76EFF0128F9D153
:104C900010BD70B505462C4603E02078FFF7EBFF0A
:104CA000641C20780028F8D170BD70B505462C46EC
:104CB00003E02078FFF7D1FF641C20780028F8D1AA
:104CC00070BD00000008014000380140000C0140A8
:104CD000004800407FB504460D460121C802FBF79D
:104CE00027FE41F28830ADF8080041F61F40ADF8CC
:104CF00004000120ADF80A000020ADF8060001A96B
:104D00001148FBF74DFF012241210F48FCF7BFFA84
:104D100019208DF8000003208DF8010000208DF887
:104D2000020001208DF803006846FBF7EEF97FBD15
:104D300010B501210448FCF758FD18B101210248C3
:104D4000FCF764FD10BD0000002C01401FB50121DF
:104D50003D48FBF702FC01210920FBF7E9FD01209A
:104D6000ADF80C0010208DF80F0003208DF80E0018
:104D700003A93648FBF720FB0220ADF80C002820E1
:104D80008DF80F0003A93148FBF716FB01210846F7
:104D9000FBF728FC0220019000208DF80800082075
:104DA0008DF8090001208DF80A0001A8FBF724FA0C
:104DB00007208DF8000003208DF8010001208DF8F8
:104DC00002008DF803006846FBF79FF91FBD10B580
:104DD0000220FBF777FA48B300211D48FCF7D0FC0E
:104DE00001211B48FCF738FA01201A49086012E03B
:104DF0001748FCF7E8FC3C2807DB00211448FCF7C7
:104E00002BFA00201349086005E002210F48FBF748
:104E100066FB104908600F4800680028E8D10021AF
:104E20000B48FCF719FA0220FBF75DFA10BD10B52C
:104E300001210648FBF76DFB0C20FDF707FA012165
:104E40000248FBF768FB10BD00023000000C014077
:104E5000002C0140E401002000B587B001214FF48F
:104E60000170FBF765FD4FF40040FBF7C5FC012026
:104E7000ADF8040000208DF8070001A92348FBF7D6
:104E80009BFA2348FCF7CAFE002002908DF80C0024
:104E90008DF80D004FF46020049000200590012053
:104EA0008DF8180002A91A48FCF7DFFE0121184806
:104EB000FCF707FF1648FCF726FF00BF1448FCF775
:104EC00027FF0028FAD11248FCF72CFF00BF10483A
:104ED000FCF72DFF0028FAD107B000BD10B504463D
:104EE0000723012221460A48FCF757FF0121084801
:104EF000FCF727FF00BF02210548FDF793F80028C3
:104F0000F9D00348FCF7B0FF10BD000000080140D5
:104F1000002401400648804706480047FEE7FEE7B8
:104F2000FEE7FEE7FEE7FEE7FEE7FEE7FEE7FEE759
:104F30004B210008ED00000838B50446FB4890F806
:104F40002400C0B114B10220009001E000200090C4
:104F5000F64A1268D17BF54A526810786B460122F6
:104F6000FDF7E1FA10B14FF0FF3038BD9DF80010A9
:104F7000EE48417423E0ED48807A10B94FF0FF30DD
:104F8000F3E724B1E948407C08B10020EDE714B113
:104F90000120009001E000200090E44A1268D17BDB
:104FA000E24A526810786B460122FDF7BCFA10B154
:104FB0004FF0FF30D9E79DF80010DC484174002025
:104FC000D3E738B5002419E0D8480068C07AA04279
:104FD00004D0D6480068407DA04200D10CE0D349FF
:104FE000496808786B4601222146FDF7EBFA10B1BB
:104FF0004FF0FF3038BD00BF601CC4B2CB484068E2
:105000000079A042E0DC0020F4E770B504460D46CC
:10501000C6480068C07AA04204D0C4480068407DF9
:10502000A04202D14FF0FF3070BDC0484068007907
:10503000A04202DC4FF0FF30F6E7BC49496808782F
:105040002B4601222146FDF7BDFAEDE738B50446AF
:10505000B64890F82300A04201D1002038BD14B119
:105060003020009001E000200090B048807C20B10A
:105070009DF8000040F002000090AC4890F822003B
:1050800020B19DF8000040F080000090A74A12680F
:10509000117DA64A526810786B460122FDF743FA4B
:1050A00010B14FF0FF30D9E7A04880F8234000202E
:1050B000D4E738B5044604F0700010B10120009028
:1050C00005E014B10020009001E040200090974AD4
:1050D0001268917C954A526810786B460122FDF760
:1050E00022FA20B1002191488172481E38BD9DF8F6
:1050F000000020F040018D4801730020009004F072
:10510000400020B99DF8000040F00400009004F039
:10511000200020B99DF8000040F00200009004F04B
:10512000100020B99DF8000040F00100009004F04C
:10513000080020B99DF8000040F0380000907B4A3C
:105140001268D17C794A526810786B460122FDF7CB
:10515000EAF920B1002175488172481EC6E724B1E2
:10516000082C02D00020FFF771FF704884720021E4
:1051700001753220FDF777F80020B7E738B504460F
:105180006A48807CA04201D1002038BD002C46D066
:10519000664A12681179654A526810786B46012296
:1051A000FDF710FA10B14FF0FF30EEE79DF8000068
:1051B00020F0200000905D4A126811795B4A526825
:1051C00010786B460122FDF7AEF910B14FF0FF30B9
:1051D000DBE70320FDF747F802200090534890F8E2
:1051E000220020B19DF8000040F0800000904F4860
:1051F00090F8230020B19DF8000040F030000090AE
:105200004A4A1268117D494A526810786B46012259
:10521000FDF789F9002851D04FF0FF30B5E7434A38
:1052200012681179414A526810786B460122FDF7E5
:10523000C9F910B14FF0FF30A7E73C48807A00F081
:10524000010028B19DF8000040F02000009004E02B
:105250009DF8000020F020000090344A1268117977
:10526000324A526810786B460122FDF75CF910B1A2
:105270004FF0FF3089E70320FCF7F5FF2B4890F84B
:10528000220010B18020009001E00020009027480B
:1052900090F8230020B19DF8000040F0300000900D
:1052A000224A1268117D214A526810786B46012209
:1052B000FDF739F910B14FF0FF3066E71B488474F1
:1052C000002062E708B51948807A10B94FF0FF3026
:1052D00008BD00200090154A1268D17B134A52681D
:1052E00010786B460122FDF71EF910B14FF0FF3028
:1052F000EEE70E4A126851790C4A526810786B46F4
:105300000122FDF710F910B14FF0FF30E0E7074A36
:1053100012681179054A526810786B460122FDF730
:1053200002F928B14FF0FF30D2E70000E801002079
:10533000F74890F82400002853D00C200090F44A3D
:1053400012681179F24A526810786B460122FDF713
:10535000EAF810B14FF0FF30BAE73220FCF783FFD4
:10536000C0200090EA48807A00F0010020B19DF84A
:10537000000040F020000090E54A12681179E44AEC
:10538000526810786B460122FDF7CDF810B14FF04E
:10539000FF309DE7DE48407C10B10220009001E024
:1053A00000200090DA4A1268D17BD94A52681078FE
:1053B0006B460122FDF7B7F810B14FF0FF3087E7D9
:1053C00000200090D24A12685179D14A5268107870
:1053D0006B460122FDF7A7F8002855D04FF0FF30AB
:1053E00076E704200090CA4A12681179C84A5268C8
:1053F00010786B460122FDF796F810B14FF0FF30A0
:1054000066E7C348807C20B9C148807A00F001007B
:1054100010B94020009001E060200090BC4A126862
:105420001179BB4A526810786B460122FDF77BF870
:1054300010B14FF0FF304BE73220FCF714FFB448B7
:10544000407C10B10120009001E000200090B04AA3
:105450001268D17BAE4A526810786B460122FDF784
:1054600062F810B14FF0FF3032E7A94A1268517963
:10547000A74A52681078A64B10330122FDF753F863
:1054800010B14FF0FF3023E7002021E770B504464C
:10549000002624F001049E4890F8240008B1002062
:1054A00070BD9B48807A10B94FF0FF30F8E79848FC
:1054B000057C807A2040964908740846007CA0420A
:1054C00002D04FF0FF3600E0002614B99048007D6E
:1054D00018B10120FFF730FD02E00020FFF72CFD9E
:1054E0003CB1FFF7EFFE20B1894805744FF0FF3063
:1054F000D6E73046D4E738B504468548807A10B9F7
:105500004FF0FF3038BDBC2C02DB0120009015E0CD
:10551000622C02DB0220009010E02A2C02DB032028
:1055200000900BE0142C02DB0420009006E00A2C13
:1055300002DB0520009001E0062000907448C07A4C
:105540009DF80010884201D10020DBE7704A126804
:1055500091786F4A526810786B460122FCF7E3FF9E
:1055600010B14FF0FF30CDE79DF800106848C172D0
:105570000020C7E738B50446282C02DD4FF0FF3085
:1055800038BDDCB90020FFF761FD00208DF8000078
:1055900007208DF801005E4A1268917C5C4A5268CF
:1055A00010786B460222FCF7BEFF10B14FF0FF30BF
:1055B000E6E70021564801750020E1E70120FFF7EA
:1055C00045FD20208DF80000012C06D100208DF82B
:1055D00001000520FFF78FFF17E0052C06DC0120F6
:1055E0008DF801000520FFF786FF0EE0142C06DC85
:1055F00002208DF801000A20FFF77DFF05E003205F
:105600008DF801001420FFF776FF9DF801000721B7
:1056100001EB8010C0B28DF801003D4A1268917C08
:105620003B4A526810786B460222FCF77CFF10B1AF
:105630004FF0FF30A4E70821354881720021017343
:10564000012101750020FFF721FF002098E738B500
:1056500004462F48807A10B94FF0FF3038BD2C48EF
:1056600090F8240010B14FF0FF30F7E72848007D94
:1056700050B134B1282C04DCE0B2FFF77BFF0020EE
:10568000ECE70020FFF776FF042C01DA042404E0A5
:10569000B4F57A7F01DD4FF47A744FF47A7090FBA1
:1056A000F4F0401EC0B20090194A12685178184AAE
:1056B000526810786B460122FCF735FF10B14FF0AD
:1056C000FF30CBE79DF80000401C4FF47A7191FB4E
:1056D000F0F081B20E48C1810146C9894810FFF738
:1056E0000AFF0020BAE738B504460948807A10B9A5
:1056F0004FF0FF3038BD022C06D0042C0AD0082C05
:105700000BD0102C0FD10BE0002000900EE0000019
:10571000E80100200820009008E01020009005E03B
:105720001820009002E04FF0FF30E3E700BFF84898
:10573000407A9DF80010B0EBE10F01D10020D9E7CD
:10574000F34A1268D179F24A526810786B46012206
:10575000FCF7E9FE10B14FF0FF30CBE79DF80000F9
:10576000C110EB4841720020C4E738B50446E84850
:10577000807A10B94FF0FF3038BDFA2C09D0B4F55B
:10578000FA7F09D0B4F57A7F09D0B4F5FA6F0CD15D
:1057900008E0002000900BE00820009008E01020B6
:1057A000009005E01820009002E04FF0FF30E3E7A2
:1057B00000BFD748007A9DF80010B0EBE10F01D18F
:1057C0000020D9E7D24A12689179D14A52681078FC
:1057D0006B460122FCF7A7FE10B14FF0FF30CBE77C
:1057E0009DF80000C010CA4908720020C4E71CB52B
:1057F00080208DF80000C64A1268917CC44A526825
:1058000010786B460122FCF78EFE10B14FF0FF308E
:105810001CBD6420FCF727FD00208DF80000BC4A69
:105820001268917CBA4A526810786B460122FCF7E4
:105830007AFE10B14FF0FF30EAE7B54A1268917D69
:10584000B34A526810786B460622FCF7BBFE10B1D3
:105850004FF0FF30DCE79DF80500C007400F9DF8D2
:10586000031001F0010140EA41009DF8011001F030
:10587000010140EA01048CB1012C03D10121A448AB
:10588000C17430E0022C03D10021A148C1742AE088
:10589000A0A0FFF70AFA4FF0FF30B9E79C4A126860
:1058A000D1789B4A526810786B460122FCF78AFE39
:1058B00010B14FF0FF30ABE79DF8000000F00F048F
:1058C0002CB99E48FFF7F1F94FF0FF30A0E7042C08
:1058D00006D19BA0FFF7E9F901218D48C17402E0D0
:1058E00000218B48C174FF2189488172FF208849BB
:1058F0000872FF2186484172C1724FF6FF71C18163
:10590000FF21017481740121017380F822100021AC
:1059100080F8231041750175163001604160816087
:10592000163880F8241080F82510C1844FF4FA60EE
:10593000FFF71BFF10B14FF0FF3069E70220FFF7C0
:10594000D2FE10B14FF0FF3062E72A20FFF7D3FDFF
:1059500010B14FF0FF305BE73220FFF778FE10B157
:105960004FF0FF3054E70020FFF790FD10B14FF0EB
:10597000FF304DE70020FFF701FC10B14FF0FF3082
:1059800046E70020FFF795FB002041E77CB5044681
:105990000D465F48807A00F0700010B94FF0FF307C
:1059A0007CBD5B4A1268117B594A526810786B467D
:1059B0000622FCF707FE10B14FF0FF30F0E79DF82C
:1059C00001009DF8001040EA012000B220809DF8FF
:1059D00003009DF8021040EA012000B260809DF8AB
:1059E00005009DF8041040EA012000B2A08015B126
:1059F0002846FCF744FC0020D2E77CB504460D465F
:105A00004348807A00F0080010B94FF0FF307CBDA9
:105A10003F4A1268517B3E4A526810786B46062214
:105A2000FCF7D0FD10B14FF0FF30F0E79DF801001A
:105A30009DF8001040EA012000B220809DF803008C
:105A40009DF8021040EA012000B260809DF8050038
:105A50009DF8041040EA012000B2A08015B128464C
:105A6000FCF70DFC0020D2E72DE9FE4F05460C4661
:105A70002748807A18B94FF0FF30BDE8FE8F244ADE
:105A80001268917B224A5268107802AB0222FCF71E
:105A900099FD10B14FF0FF30EFE79DF809009DF838
:105AA000081040EA012006B214B12046FCF7E7FBDB
:105AB00017494968C88802F0B6FB15490190496842
:105AC000B1F9080002F0A6FB8346304602F0A2FBC3
:105AD0005946009002F0A0F98246019902F0D4F9EB
:105AE00081461F4902F046F980464FF08F4102F08F
:105AF00099F9074602F0ADFB28600020BDE710B51C
:105B000088B004461CB94FF0FF3008B010BD29E042
:105B1000E8010020556E737570706F7274656420B3
:105B2000736F6674776172652070726F64756374E9
:105B3000207265762025642E0A00000090AC0008D3
:105B400048616C662073656E7369746976697479EF
:105B5000207061727420666F756E642E0A000000FA
:105B600000000C42206830B9606820B9A06810B904
:105B7000002008B010BDFA494968087806AB032236
:105B80001146FCF71FFD10B14FF0FF30F1E79DF813
:105B90001800082101EB201000F00F00ADF8000004
:105BA0009DF8190001EB201000F00F00ADF8020085
:105BB0009DF81A0001EB201000F00F00ADF8040072
:105BC00020684100BDF90000403091FBF0F000B2C8
:105BD000ADF8100060684100BDF90200403091FB53
:105BE000F0F000B2ADF81200A0684100BDF9040069
:105BF000403091FBF0F000B2ADF81400D84949688C
:105C0000087806AB06221146FCF7DCFC10B14FF019
:105C1000FF30AEE79DF819009DF8181040EA01200A
:105C200000B2ADF808009DF81B009DF81A1040EA7C
:105C3000012000B2ADF80A009DF81D009DF81C106F
:105C400040EA012000B2ADF80C00BDF81000BDF82C
:105C50000810084400B2ADF81000BDF81200BDF8FD
:105C60000A10084400B2ADF81200BDF81400BDF8E7
:105C70000C10084400B2ADF81400BDF81000000A82
:105C80008DF81800BDF81000C0B28DF81900BDF8ED
:105C90001200000A8DF81A00BDF81200C0B28DF88B
:105CA0001B00BDF81400000A8DF81C00BDF814009C
:105CB000C0B28DF81D00AA494968087806AB0622D3
:105CC0001146FCF730FC10B14FF0FF3051E70020D7
:105CD0004FE70146A248007A30B1012807D00228D8
:105CE00009D003280FD10AE0FA2008800EE04FF413
:105CF000FA7008800AE04FF47A70088006E04FF4EA
:105D0000FA60088002E00020088000BF00BF002089
:105D1000704701469248407A30B1012807D00228E6
:105D200008D003280CD108E0022008700BE0042002
:105D3000087008E00820087005E01020087002E0F4
:105D40004FF0FF30704700BF8548C07C18B108781D
:105D50004006000E08700020F4E701468048C07A33
:105D6000082817D2DFE800F01704070A0D101318EF
:105D7000BC20088013E06220088010E02A20088000
:105D80000DE0142008800AE00A20088007E00520C2
:105D9000088004E000BF00BF0020088000BF00BFF3
:105DA0000020704701466E4890F8240010B14FF073
:105DB000FF3070476A48C08908800020F9E7014633
:105DC00000200880401E704701464FF0FF307047AA
:105DD00001466348007A30B1012807D0022808D074
:105DE00003280CD108E05F4808600BE05E480860BB
:105DF00008E05E48086005E05D48086002E04FF09A
:105E0000FF30704700BF0020FBE701465448407A4E
:105E100030B1012808D002280AD0032810D10BE0A5
:105E20004FF4804008800EE041F69C7008800AE044
:105E30004FF48050088006E04FF40060088002E0D4
:105E40004FF0FF30704700BF4548C07C10B1088854
:105E5000401008800020F5E701464148007C0870AA
:105E60000020704701463E48807A10B1012008703A
:105E700001E0002008700020704738B5044638481B
:105E8000807A10B94FF0FF3038BD354A1268117C66
:105E9000334A526810786B460222FCF793FB10B12C
:105EA0004FF0FF30F0E79DF801009DF8001040EA48
:105EB000012000B220800020E6E72DE9FE4F0746D2
:105EC000884692461D46DDF830B00026002424485E
:105ED00090F8240010B1601EBDE8FE8F00202870ED
:105EE0001F48807A10B94FF0FF30F5E71C48007C5E
:105EF00010B94FF0FF30EFE71948007C00F0400088
:105F000008B1B01CC6B21648007C00F0200008B1F1
:105F1000B01CC6B21248007C00F0100008B1B01CE2
:105F2000C6B20F48007C00F0080008B1B01DC6B230
:105F30000B4A1268917A0A4A526810786B4602221C
:105F4000FCF740FB10B14FF0FF30C5E79DF80100B2
:105F50009DF8001040EA0129B1450BDA0020BBE7AB
:105F6000E801002000000343000083423333034272
:105F700033338341FC4840684088B9EB600F17DD3C
:105F8000F94A1268517CF84A526810786B4601222F
:105F9000FCF718FB10B14FF0FF309DE79DF80000B3
:105FA00000F0100020B1FFF78DF96FF0010093E7CA
:105FB0005046FCF764F9EC4A1268D17AEA4A526812
:105FC00010786B463246FCF7FDFA10B14FF0FF3007
:105FD00082E799FBF6F0401E8BF800000020287045
:105FE000B4422AD0E048007C00F0080028B3601CCE
:105FF0001DF800001DF8041040EA012000B2A8F8C6
:106000000000E01C1DF80010A01C1DF8000041EA73
:10601000002000B2A8F80200601D1DF80010201D2D
:106020001DF8000041EA002000B2A8F8040028781A
:1060300040F008002870A01D84B2B44213D0CA48B2
:10604000007C00F0400070B1601C1DF800001DF8DD
:10605000041040EA012000B23880287840F0400067
:106060002870A01C84B2B44213D0BF48007C00F05A
:10607000200070B1601C1DF800001DF8041040EAFB
:10608000012000B27880287840F020002870A01C01
:1060900084B2B44213D0B448007C00F0100070B158
:1060A000601C1DF800001DF8041040EA012000B239
:1060B000B880287840F010002870A01C84B200201E
:1060C0000AE7F8B504460F461646A74890F824009C
:1060D00010B94FF0FF30F8BDA348807A10B94FF0E7
:1060E000FF30F8E7A04A1268917A9F4A5268107808
:1060F0006B460222FCF766FA10B14FF0FF30EAE778
:106100009DF801009DF8001040EA0125A54203DA40
:1061100000203070401EDEE7934840684088B5EBB1
:10612000600F17DD904A1268517C8F4A52681078D0
:106130006B460122FCF746FA10B14FF0FF30CAE778
:106140009DF8000000F0100020B1FFF7BBF86FF0E1
:106150000100C0E7E2B2844B1B68D97A824B5B68CE
:1061600018783B46FCF72EFA10B14FF0FF30B2E73B
:1061700095FBF4F0401E30700020ACE701467A48F1
:1061800080F82210002070477CB5054676494968A2
:10619000087801AB04220D21FCF714FA08B107209E
:1061A0007CBD9DF80700C0F301109DF8041001F0BC
:1061B000E00140EAE1008DF800009DF80700C0F31F
:1061C00081009DF8051001F0E00140EAE1008DF842
:1061D00001009DF8070000F003009DF8061001F093
:1061E000E00140EAE1008DF8020000241CE01DF807
:1061F000040018B9002045F8240013E05B4845F876
:10620000240006E055F82400594901F00BFE45F83A
:1062100024001DF80400401EC0B20DF80400002840
:10622000F0D100BF601CC4B2032CE0DB0020B7E754
:106230002DE9FE4F06460F4600256846FFF7A4FFEE
:10624000002442E056F8240057F82410A0EB010A7D
:10625000BAF1000F01DB514601E0CAF10001084626
:1062600001F0D8FF83464FF08F4101F00DFE8046CC
:106270005DF82400002102F061F816D05DF82410CA
:10628000404601F001FE82464FF07E5101F0C4FD10
:10629000814629F0004A3748416A504602F058F8D2
:1062A00012D20120A04005430EE03248C1694046A9
:1062B00002F044F805D32F48016A404602F048F83E
:1062C00002D20120A0400543641C032CBADB2846FF
:1062D000BDE8FE8F2DE9FC5F06460F4600252249EA
:1062E0004968087801AB03220D21FCF76BF910B166
:1062F0000720BDE8FC9F9DF8040000F01F008DF80A
:1063000004009DF8050000F01F008DF805009DF8C1
:10631000060000F01F008DF80600002462E056F829
:10632000240057F82410A0EB010BBBF1000F01DB98
:10633000594601E0CBF10001084601F06BFF4FF038
:106340008F41009001F0A0FD814601A8005DC0B31F
:106350000849086801F067FF83465946064801F07E
:1063600093FD80460FE00000E80100207B14AE3E64
:106370001D5A843F609E000800B04C45FE494046CF
:1063800001F050FD804601A8005D401EC0B201A989
:1063900008550028F2D14146484601F075FD834674
:1063A0004FF07E5101F038FD82462AF0004BF34851
:1063B0008169584601F0CCFF13D20120A04005436B
:1063C0000FE0FFE7ED480169484601F0B7FF05D34C
:1063D000EA484169484601F0BBFF02D20120A040D3
:1063E0000543641C032C9ADB284682E72DE9F04F15
:1063F00087B005460C46914601208DF8100000201C
:106400008DF81100DE4A1268917CDD4A52681078DE
:1064100004AB0222FCF787F820B14FF0FF3007B041
:10642000BDE8F08FC820FBF71EFF00208DF810009C
:10643000D34A1268D17BD24A5268107804AB012249
:10644000FCF771F810B14FF0FF30E8E7CC4A126862
:106450005179CB4A5268107804AB0122FCF763F8FB
:1064600010B14FF0FF30DAE7C54A1268917CC44A98
:106470005268107804AB0122FCF755F810B14FF0C8
:10648000FF30CCE7BE4A1268D17DBD4A5268107811
:1064900004AB0122FCF747F810B14FF0FF30BEE724
:1064A000B74A12681179B64A5268107804AB0122D3
:1064B000FCF739F810B14FF0FF30B0E70C208DF841
:1064C0001000AF4A12681179AD4A5268107804ABD7
:1064D0000122FCF728F810B14FF0FF309FE70F20A2
:1064E000FBF7C1FEA648806A407A8DF81000A44AE6
:1064F00012689178A24A5268107804AB0122FCF726
:1065000012F810B14FF0FF3089E79D48806A007A99
:106510008DF810009A4A12685178994A526810789A
:1065200004AB0122FBF7FFFF10B14FF0FF3076E71D
:10653000B9F1000F07D09248806A807A40F0E000FD
:106540008DF8100004E08E48806A807A8DF8100083
:106550008B4A126891798A4A5268107804AB0122FA
:10656000FBF7E1FF10B14FF0FF3058E7B9F1000F32
:1065700007D08348806AC07A40F0E0008DF81000B0
:1065800003E07E48C07A8DF810007D4A1268D17908
:106590007B4A5268107804AB0122FBF7C4FF10B1AC
:1065A0004FF0FF303BE7B9F1000F02D0C820FBF7F6
:1065B0005AFE40208DF81000714A12681179704A15
:1065C0005268107804AB0122FBF7ADFF10B14FF019
:1065D000FF3024E778208DF81000694A126851795D
:1065E000674A5268107804AB0122FBF79CFF10B198
:1065F0004FF0FF3013E761498889FBF734FE002034
:106600008DF810005E4A126851795D4A5268107820
:1066100004AB0122FBF787FF10B14FF0FF30FEE61D
:10662000574A1268917A564A5268107804AB02228F
:10663000FBF7C8FF10B14FF0FF30F0E69DF81100F6
:106640009DF8101040EA012B0C209BFBF0F0C6B225
:106650000020A86068602860A060606020608246BA
:1066600065E0474A1268D17A454A5268107804AB0F
:106670000C22FBF7A7FF10B14FF0FF30CFE69DF8DB
:1066800011009DF8101040EA012000B2ADF808009A
:106690009DF813009DF8121040EA012000B2ADF8F9
:1066A0000A009DF815009DF8141040EA012000B280
:1066B000ADF80C00BDF90810206808442060BDF951
:1066C0000A10606808446060BDF90C10A0680844B6
:1066D000A0609DF817009DF8161040EA012000B256
:1066E000ADF800009DF819009DF8181040EA01204F
:1066F00000B2ADF802009DF81B009DF81A1040EAA8
:10670000012000B2ADF80400BDF90010286808446B
:106710002860BDF90210686808446860BDF904107B
:10672000A8680844A8600AF1010000F0FF0AB24519
:1067300097DB1248D0F800C02868C117090441EA65
:106740001041070462460023384601F0A5FA32469C
:106750000023CDE9020101F09FFA28600748D0F834
:1067600000C06868C117090441EA10410704624685
:106770000023384606E0000054E3853F609E000891
:10678000E801002001F088FA32460023CDE9020139
:1067900001F082FA6860FE48D0F800C0A868C1170E
:1067A000090441EA1041070462460023384601F01B
:1067B00073FA32460023CDE9020101F06DFAA860B8
:1067C000F348D0F804C02168C817000440EA114813
:1067D0000F04624600233846414601F05DFA324616
:1067E0000023CDE9020101F057FA2060E848D0F813
:1067F00004C06068C117090441EA104107046246F9
:106800000023384601F048FA32460023CDE9020160
:1068100001F042FA6060DE48D0F804C0A068C117F9
:10682000090441EA1041070462460023384601F09A
:1068300033FA32460023CDE9020101F02DFAA060BF
:10684000A068002804DDA068A0F58030A06003E007
:10685000A06800F58030A0600020E0E538B504466F
:10686000CC4890F82400A04201D1002038BD24B3C8
:10687000C84890F8250010B94FF0FF30F6E7002027
:10688000FEF75AFB0020FEF779FCC249C88CFEF7E0
:10689000DEFE00200090BF49496808786B4601225F
:1068A0002321FBF740FE0121BA4880F82410012083
:1068B000FEF742FBFEF706FD13E00020FEF73CFB6F
:1068C000B448007C0090B349496808786B460122BF
:1068D0002321FBF728FE0021AE4880F82410FEF7A4
:1068E000F1FC0020C2E72DE9F04F8DB083460F4642
:1068F00002200C90A74890F8240020B10020FFF758
:10690000ADFF012600E0002603A8FFF7E2F905A885
:10691000FFF7FFF901A8FFF720FA02A8FFF742FAF4
:106920009C4890F80AA004A8FFF796FA002407E014
:10693000002239465846FFF759FD00B902E0641CB1
:10694000022CF5DB00BF022C01D1002528E0002439
:1069500007E0012206A909A8FFF748FD00B902E0F7
:10696000641C022CF5DB00BF022C01D1002517E0CE
:1069700006A93846FFF75CFC00F0FF0809A9584655
:10698000FFF7A8FC00F0FF090025B9F1000F01D1C5
:1069900045F00105B8F1000F01D145F0020500BF37
:1069A000FF207C490872FF217A484172C1724FF67C
:1069B000FF71C181FF218172017401210173BDF852
:1069C0000C00FEF7D2FE9DF81400FEF78CFEBDF819
:1069D0000400FEF790FDBDF80800FEF738FE5046B3
:1069E000FEF767FB9DF81000FEF750FD16B1012081
:1069F000FFF734FF28460DB0BDE8F08FF8B5044628
:106A00000D46164616B94FF0FF30F8BD6148807A42
:106A100010B94FF0FF30F8E720128DF80000E0B217
:106A20008DF801009DF8010028445A4949684989B8
:106A3000884202DD4FF0FF30E7E7564A1268117EC8
:106A4000544A526810786B460222FBF76CFD10B175
:106A50004FF0FF30D9E7EAB24E4B1B68597D4D4BE2
:106A60005B6818783346FBF75EFD10B14FF0FF30DE
:106A7000CBE70020C9E7F8B504460D46164616B91F
:106A80004FF0FF30F8BD4348807A10B94FF0FF3027
:106A9000F8E720128DF80000E0B28DF801009DF8B3
:106AA000010028443B4949684989884202DD4FF08A
:106AB000FF30E7E7374A1268117E364A526810788D
:106AC0006B460222FBF72FFD10B14FF0FF30D9E7E4
:106AD000EAB2304B1B68597D2E4B5B681878334601
:106AE000FBF770FD10B14FF0FF30CBE70020C9E796
:106AF0002DE9F04385B005460E4690469946254857
:106B000090F8250020B14FF0FF3005B0BDE8F083CC
:106B100016B94FF0FF30F8E7002423E0281B1028B7
:106B200001DD102000E0281B87B2321939462046CB
:106B3000FFF764FF10B14FF0FF30E6E701AA3946D6
:106B40002046FFF798FF10B14FF0FF30DDE7301916
:106B50003A4601A901F001F910B16FF00100D4E744
:106B6000E01984B2AC42D9DB4FEA28208DF800004E
:106B700008F0FF008DF80100064A1268917E054A70
:106B8000526810786B460222FBF7CDFC38B103E067
:106B9000609E0008E80100204FF0FF30B5E70121BA
:106BA0008A4880F82510A0F826900020ADE701461D
:106BB000864890F8240008700020704702464FF085
:106BC000FF30704701464FF0FF307047F8B505467B
:106BD0000F461446002C70D0B5F5FF5F01DDFF268F
:106BE00005E0202D01DA012601E0C5F3471607B9BB
:106BF0000127282C02DD4FF0FF30F8BD7348407D9F
:106C000028BB724890F8240038B10020FFF726FE18
:106C100001216E4880F8201003E000216B4880F8C5
:106C200020106A481630FFF754F868481830FFF70C
:106C300070F866481A30FFF790F864481C30FFF788
:106C4000B1F86248817A81771F30FFF705F900209B
:106C5000FEF772F90020FEF78DFC00208DF8000091
:106C60005A4A12689178594A526810786B46012244
:106C7000FBF759FC10B14FF0FF30BEE740208DF814
:106C80000000524A1268D17B504A526810786B4615
:106C90000122FBF748FC00B165E08DF800608DF83B
:106CA00001704A4A1268117A484A526810786B4655
:106CB0000222FBF738FC08B155E047E00520FBF75E
:106CC000D2FA4248407A072101EBC000C0B28DF8E9
:106CD00000003E4A1268D1793C4A526810786B46EF
:106CE0000122FBF720FC00B13DE020208DF80000E0
:106CF000012C03D100208DF801000EE0052C03DCEF
:106D000001208DF8010008E0142C03DC02208DF82E
:106D1000010002E003208DF801009DF80100072129
:106D200001EB8010C0B28DF80100284A1268917CF6
:106D3000264A526810786B460222FBF7F4FB00B13A
:106D400011E0012121484175002056E71F4A163203
:106D5000002103E0505C00B105E0491C0C29F9D387
:106D60004FF0FF3049E7FF2018490872FF2117480C
:106D70004172C1724FF6FF71C181FF2181720174AE
:106D8000012101730146887FFEF793F90F49C88AF4
:106D9000FEF7EBFC0D49087EFEF7A5FC0B49488B7E
:106DA000FEF7A9FB0949888BFEF751FC0749C87F0C
:106DB000FEF76CFB054890F8200010B10120FFF7AA
:106DC0004DFD002101484175002016E7E801002033
:106DD00010B5C8234FF48062F74940F6F630FFF74C
:106DE00087FE10BD10B586B00446F4A0006803907D
:106DF000F3A000680290F3A000680190F2A0006880
:106E0000009004F0030003A9085C8DF8140003A8A7
:106E1000C4F3C101405C8DF8150003A8C4F38111CF
:106E2000405C8DF8160004F0030002A9085C8DF8A0
:106E3000100002A8C4F3C101405C8DF8110002A843
:106E4000C4F38111405C8DF8120005AA032140F2C1
:106E50002640FFF7D3FD18B14FF0FF3006B010BD4C
:106E600004AA032140F22A40FFF7C8FD10B14FF0F9
:106E7000FF30F3E7019805900098049004F00400B7
:106E800058B19DF8140040F001008DF814009DF8F1
:106E9000100040F001008DF8100004F0200058B1FF
:106EA0009DF8150040F001008DF815009DF81100C7
:106EB00040F001008DF8110004F4807058B19DF885
:106EC000160040F001008DF816009DF8120040F009
:106ED00001008DF8120005AA03214FF48860FFF726
:106EE0008DFD10B14FF0FF30B8E704AA032140F246
:106EF0003140FFF783FD10B14FF0FF30AEE7B348EC
:106F000004810020AAE71FB50446B048007A00F0CB
:106F1000030054F820000190AC48007A00F004000F
:106F200010B1019840420190A848007AC0F3C10016
:106F300054F820000290A548007A00F0200010B11B
:106F4000029840420290A148007AC0F3811054F8A0
:106F5000200003909D48008900F4807010B10398D0
:106F6000404203909A49019880FB0101800F40EA5A
:106F7000810001909649029880FB0110820042EA4C
:106F8000917002909249039880FB0110820042EABE
:106F9000917003900198000E8DF800000198000C8C
:106FA0008DF801000198000A8DF802000198C0B226
:106FB0008DF803006A4604214FF47470FFF71EFD3C
:106FC00018B14FF0FF3004B010BD0298000E8DF8DC
:106FD00000000298000C8DF801000298000A8DF85C
:106FE00002000298C0B28DF803006A4604214FF4F3
:106FF0007570FFF703FD10B14FF0FF30E3E7039822
:10700000000E8DF800000398000C8DF80100039825
:10701000000A8DF802000398C0B28DF803006A469A
:1070200004214FF47670FFF7E9FCCCE770B588B027
:10703000064601A8FEF7E9FEBDF804000021C903D9
:1070400041EA5045C4036148007A00F0030056F855
:10705000200005905D48007A00F0040010B105980A
:10706000404205905948007AC0F3C10056F820000C
:1070700006905648007A00F0200010B10698404271
:1070800006905248007AC0F3811056F8200007900D
:107090004E48008900F4807010B107984042079074
:1070A0000598C117A0FB042301FB043100FB051068
:1070B000810041EA927005900698C117A0FB042355
:1070C00001FB043100FB0510810041EA927006903B
:1070D0000798C117A0FB042301FB043100FB051036
:1070E000810041EA927007900598000E8DF8080023
:1070F0000598000C8DF809000598000A8DF80A0023
:107100000598C0B28DF80B000698000E8DF80C00A3
:107110000698000C8DF80D000698000A8DF80E00F8
:107120000698C0B28DF80F000798000E8DF8100079
:107130000798000C8DF811000798000A8DF81200CE
:107140000798C0B28DF8130002AA0C214FF42570E5
:10715000FFF754FC08B070BD30B585B004461DA2E1
:1071600007CA02AB07C3C82C03DD4FF0FF3005B0E0
:1071700030BDC82090FBF4F0401E85B2280A8DF87F
:107180000000E8B28DF801006A46022140F21620A4
:10719000FFF734FC10B14FF0FF30E8E702AA0C21F2
:1071A00040F6C120FFF72AFC10B14FF0FF30DEE7B8
:1071B000064884810020DAE7889E00084CCD6C00E8
:1071C0000CC92C0036567600264666009003002037
:1071D00009E3CA02FEF2ABC4AAF1DFDFBBAFDFDF17
:1071E0000146FC4880890880002070472DE9FC4753
:1071F00006460F4606F0070010B1B7F5C86F03DD6D
:107200004FF0FF30BDE8FC87384601F00CF88146AE
:10721000F14900F039FE80466846FEF77AFD9DF898
:107220000000022806D0042816D0082826D01028EE
:1072300048D135E04FF08D41404600F0F3FD8146E6
:1072400001F020F884B2E549404600F0EBFD8146AC
:1072500001F018F885B238E04FF08C41404600F05C
:10726000E1FD814601F00EF884B2DD49404600F0B0
:10727000D9FD814601F006F885B226E04FF08B413A
:10728000404600F0CFFD814600F0FCFF84B2D549B6
:10729000404600F0C7FD814600F0F4FF85B214E0DF
:1072A0004FF08A41404600F0BDFD814600F0EAFF04
:1072B00084B2CD49404600F0B5FD814600F0E2FFC2
:1072C00085B202E04FF0FF309CE700BF20128DF83E
:1072D0000400E0B28DF8050028128DF80600E8B22F
:1072E0008DF8070006F00100A0B101AA02214FF4B9
:1072F000EA70FFF783FB10B14FF0FF3082E70DF12A
:10730000060202214FF49270FFF778FB10B14FF0A4
:10731000FF3077E706F00200A0B101AA02214FF486
:10732000EC70FFF76BFB10B14FF0FF306AE70DF127
:10733000060202214FF49470FFF760FB10B14FF08A
:10734000FF305FE706F00400A0B101AA02214FF46C
:10735000EE70FFF753FB10B14FF0FF3052E70DF125
:10736000060202214FF49670FFF748FB10B14FF070
:10737000FF3047E7002045E738B50446002000907D
:1073800004F0010020B19DF8000040F030000090B2
:1073900004F0020020B19DF8000040F00C000090C5
:1073A00004F0040020B19DF8000040F003000090BC
:1073B0006A4601214FF4A470FFF720FB38BD38B5B1
:1073C0000446012C01DA012402E0042C00DD04242F
:1073D000601EC0B200906A46012140F24F10FFF7D4
:1073E0000DFB38BD38B50446052094FBF0F085B29E
:1073F00028128DF80000E8B28DF801006A460221DB
:107400004FF4EF70FFF7FAFA38BD38B5044605209F
:1074100094FBF0F085B228128DF80000E8B28DF8E8
:1074200001006A4602214FF4ED70FFF7E7FA38BD1C
:10743000F8B505460E464FF47A7095FBF0F000FB68
:1074400006F4200E8DF80000200C8DF80100200AB3
:107450008DF80200E0B28DF803006A4604214FF473
:10746000AE70FFF7CBFAF8BD38B50446052094FBA3
:10747000F0F084B220128DF80000E0B28DF8010027
:107480006A4602214FF4AD70FFF7B8FA38BD38B53F
:107490000446052094FBF0F084B220128DF8000021
:1074A000E0B28DF801006A4602214FF4AC70FFF79C
:1074B000A5FA38BD38B5044614B94FF0FF3038BDD1
:1074C0006A4604214FF45870FFF7D5FA10B14FF017
:1074D000FF30F4E79DF8000000069DF8011040EA37
:1074E00001409DF8021040EA01209DF80310084376
:1074F00020600020E3E738B50446200E8DF8000038
:10750000200C8DF80100200A8DF80200E0B28DF801
:1075100003006A4604214FF45870FFF76FFA38BD34
:1075200038B5044614B94FF0FF3038BD6A4604211F
:107530004FF47170FFF79FFA10B14FF0FF30F4E78E
:107540009DF8000000069DF8011040EA01409DF8FA
:10755000021040EA01209DF80310084300EB800070
:10756000800020600020E0E738B504461420B4FB1A
:10757000F0F4200E8DF80000200C8DF80100200A98
:107580008DF80200E0B28DF803006A4604214FF442
:107590007170FFF733FA38BD38B5044664B1202066
:1075A0008DF8000028208DF8010030208DF80200B1
:1075B00038208DF8030004E0A3220421684600F07F
:1075C000AEFB6A46042140F69E20FFF717FAFDF74E
:1075D00079FE38BD9003002000004843000040467B
:1075E0000000C045000040450000C04438B50446D6
:1075F00064B1C0208DF80000C2208DF80100C420C5
:107600008DF80200C6208DF8030004E08B220421CF
:10761000684600F084FB6A46042140F69820FFF794
:10762000EDF9FDF74FFE38BD3EB504466CB1FDA146
:10763000D1E900208968CDE9002002916A4609213C
:107640004FF49760FFF7DAF93EBDF9A2D2E90010D6
:107650009268CDE9010200916A4609214FF49760D2
:10766000FFF7CCF9F0E73EB5044602208DF80000A4
:10767000CA208DF80100E3208DF8020009208DF862
:1076800003006A4604216820FFF7B8F9A3208DF8AB
:10769000000004F0400048B1C0208DF80100C8206F
:1076A0008DF80200C2208DF8030006E0A3208DF8BB
:1076B00001008DF802008DF8030004F4C07048B199
:1076C000C4208DF80400CC208DF80500C6208DF86C
:1076D000060006E0A3208DF804008DF805008DF863
:1076E0000600A3208DF807008DF808008DF809002A
:1076F0006A460A2140F6A720FFF780F904F003004C
:1077000018B120208DF8000002E0D8208DF800008C
:107710006A46012140F6B620FFF770F904F0200018
:1077200018B10120FFF780FF02E00020FFF77CFF87
:1077300004F4C07008B304F4807060B1B2208DF816
:1077400000008B208DF80100B6208DF802009B20F0
:107750008DF803000BE0B0208DF8000080208DF83C
:107760000100B4208DF8020090208DF803006A46D5
:10777000042140F6A220FFF741F904F0010020B3F4
:10778000F8208DF800006A4601214FF40B60FFF7E6
:1077900035F9FA210720FFF729FD0720FFF7ECFD57
:1077A0000120FFF70CFE6420FFF71CFE4FF4FA7077
:1077B000FFF72BFEC821A148FFF73AFE2820FFF76C
:1077C00053FE0A20FFF763FE08E0D8208DF8000082
:1077D0006A4601214FF40B60FFF710F904F0020034
:1077E00018B1D9208DF8000002E0D8208DF80000F3
:1077F0006A46012140F23D70FFF700F904F00400F1
:1078000018B10120FFF7F2FE02E00020FFF7EEFEC4
:1078100004F0100018B10120FFF7BEFE02E00020C6
:10782000FFF7BAFE44F0080085494881FDF74AFD9C
:1078300000208349887304F0400018B10846807B1B
:10784000801D887304F4C07020B17D48807B801D4A
:107850007B49887304F0140020B17948807B103094
:107860007749887304F0030020B17548807B001DC0
:107870007349887300203EBD0146714840890880E5
:10788000002070472DE9F0410446E07800F0C00682
:10789000E07800F03F05607800F0010098B1EF104B
:1078A0002846E91705EB5171C910A5EBC101491C28
:1078B00001F0FF086248006820B161484146026853
:1078C0003846904700BF607800F0080030B15C484F
:1078D000406818B1B0115A4A516888470020BDE885
:1078E000F08110B586B0044656A207CA03AB07C3A1
:1078F00057A207CA8DE80700012C09D0022C0ED12F
:1079000003AA0B2140F68220FFF778F806B010BDDD
:107910006A460B2140F68220FFF770F8F6E74FF039
:10792000FF30F3E72DE9F04F8DB007468846154646
:107930009946DDE9166B0024002030804049887BA1
:107940005A4605A9FEF7BDFB18B1601E0DB0BDE893
:10795000F08F3B48807A00F01400002861D09DF839
:10796000140000069DF8151040EA01409DF816101D
:1079700040EA01209DF81710084328609DF8180080
:1079800000069DF8191040EA01409DF81A1040EADF
:1079900001209DF81B10084368609DF81C0000063C
:1079A0009DF81D1040EA01409DF81E1040EA01209C
:1079B0009DF81F100843A8609DF8200000069DF860
:1079C000211040EA01409DF8221040EA01209DF874
:1079D00023100843E86004F11000C4B228680014C2
:1079E0000190686800140290A86800140390E86889
:1079F0000014049001984043029901FB010003998F
:107A000001FB0100049901FB010ABAF1706F02DB6E
:107A1000BAF1885F22DDFDF755FC00203080401E62
:107A200094E721E0B8AAB38DB4980D355D0000004D
:107A3000B8AAAAAAB088C3C5C700000009E3CA0251
:107A400090030020D8B1B9F38BA391B609B4D90043
:107A5000DAB1B9F38BA391B6DAB4DA00B6F9000063
:107A600040F48070308000BF7848807A00F0400099
:107A700020B305A9601C085C095D40EA012000B242
:107A8000A8F8000005A9E01C095C05AAA01C105C70
:107A900041EA002000B2A8F8020005A9601D095CB7
:107AA000201D105C41EA002000B2A8F80400A01DCF
:107AB000C4B2B6F9000040F0080030806348408945
:107AC00000F4C07008B305A9601C085C095D40EAB9
:107AD000012000B2388005A9E01C095C05AAA01CA1
:107AE000105C41EA002000B2788005A9601D095CA5
:107AF000201D105C41EA002000B2B880A01DC4B275
:107B0000B6F9000040F0700030805048807A00F0F4
:107B1000030018B105A90819FFF7B4FE4846FAF7A3
:107B2000AEFB002012E70146484801600020704784
:107B300001464648416000207047014691F9002007
:107B4000002A01DD00201EE091F90020002A01DA60
:107B5000042018E091F90120002A01DD012012E043
:107B600091F90120002A01DA05200CE091F90220A8
:107B7000002A01DD022006E091F90220002A01DA44
:107B8000062000E00720704770B505462846FFF73D
:107B9000D4FF0446E81CFFF7D0FF44EAC00084B2DB
:107BA000A81DFFF7CAFF44EA801084B2204670BDCA
:107BB00070B588B002A905A8FEF795FE0446032C0F
:107BC0003FD101A8FEF704F9059800F023FB064613
:107BD000019900F027F9054600F03BFB0590069857
:107BE00000F018FB0646019900F01CF9054600F06C
:107BF00030FB0690079800F00DFB0646019900F057
:107C000011F9054600F025FB079005A8FFF77BF961
:107C10006846FEF7FAF8BDF8001002984843029053
:107C2000BDF80010039848430390BDF80010049875
:107C30004843049002A8FFF7F9F905A0FDF735F8CD
:107C400002E00CA0FDF731F808B070BD90030020F1
:107C500073657474696E67206269617320737563FC
:107C600063657366756C6C79202E2E2E2E2E2E0A6F
:107C7000000000006269617320686173206E6F7498
:107C8000206265656E206D6F646966696564202E8B
:107C90002E2E2E2E2E0A00002DE9F0410024061B68
:107CA000254671F1000605DA01240027D0EB070014
:107CB00067EB0101161E73F1000605DA0027D2EB0F
:107CC0000702012567EB030300F062FB86460E46C0
:107CD00017469C46AC4204D00025D0EB050E65EB60
:107CE000010624B10020D2EB000760EB030C7046C4
:107CF00031463A466346BDE8F08140EA01039B07FE
:107D000003D009E008C9121F08C0042AFAD203E010
:107D100011F8013B00F8013B521EF9D27047D2B274
:107D200001E000F8012B491EFBD270470022F6E764
:107D300010B513460A4604461946FFF7F0FF2046E1
:107D400010BD421E12F8013F002BFBD111F8013B80
:107D500002F8013B002BF9D1704730B504460020F2
:107D6000034600E05B1C934203D2E05CCD5C401B09
:107D7000F8D030BDF0B480EA0102D40F4200B2EB7B
:107D8000410F02D20246084611464A0042D0C30DB6
:107D9000DDB2C1F3C752AD1A202D35DAC1F3160199
:107DA00041F4000204B15242C5F1200602FA06F184
:107DB0002A411044B3EBD05F23D0C4B1012DA0EB16
:107DC000C35009DCF0BC4FF0004202EAC352DBB200
:107DD00000F5000000F037BB400000F1807000EBC0
:107DE000C350A0F1807040EAD170490009E0490811
:107DF00041EAC071A0EBC35000F50000400800EB61
:107E0000C350F0BC00F016BB6142012202EB4101FD
:107E1000001BF6E7F0BC704781F00041AAE780F054
:107E20000040A7E780EA010210B502F000434000DD
:107E300022D04A001FD0010E01EB1261C0F35600A0
:107E4000C2F3560240F4000042F40002A0FB0220FC
:107E500000047F39140400D0401C50EA124001D4C1
:107E60004000491EC2B20C0604EBD010401C400872
:107E7000802A02D003E0002010BD20F0010000297C
:107E800000DA0020184310BD30B480EA010202F08D
:107E9000004530F0004221F0004013D090B1C30DF6
:107EA000D40DC2F31601C0F31600E41A41F4000128
:107EB00040F400027D34914201D3641C00E049008B
:107EC000002C02DA30BC002070474FF40000002381
:107ED000914201D3891A034340084FEA4101F7D187
:107EE00051B1914202D14FF0004105E002D24FF072
:107EF000010101E06FF0010103EBC450284430BCE4
:107F000000F098BA2DE9FE4F804681EA0300C00FC9
:107F10000C46009021F0004123F00045B8EB020030
:107F2000A94105D24046214690461C460B460246D2
:107F300023F00040104347D0270DC7F30A00C3F3D6
:107F40000A510290401A019040286BDAC3F31300E3
:107F500040F4801B0098924620B10023D2EB030A24
:107F600063EB0B0B01985946C0F14002504600F0FC
:107F700040FA06460D4650465946019A00F048FA26
:107F800010EB08006141002487EA115284EAE7738C
:107F90001A4340D0009A62B3019A012A4FEA07526D
:107FA00015DC001B61EB02014FF0004202EA0752B0
:107FB000CDE90042001C41F5801132462B4600F00D
:107FC0007FFA03B0BDE8F08F40462146F9E7001B79
:107FD00061EB0201001C41F5801300185B41201881
:107FE000A2F5001747EB030140EAD570B6196D41C1
:107FF00011E06D084FEA360645EAC0754FEA0752B0
:10800000001B61EB0201001C41F5801149084FEA99
:1080100030000019514132462B4603B0BDE8F04F05
:1080200000F03FBA0098012240000023D0EB02028A
:1080300063EBE073009821464FEAE074B8EB000070
:1080400061EB0401E9E783F000435BE781F0004165
:1080500058E72DE9FE4F81EA030404F0004421F0C3
:10806000004100944FF0000B23F0004350EA01045C
:108070005ED052EA03045BD0C3F30A54C1F30A553D
:108080002C44A4F2F3340194A0FB0254C1F3130175
:1080900041F48011C3F3130343F4801301FB024442
:1080A00000FB034E840A970A44EA815447EA835747
:1080B000A4FB076802958D0A05FB07854FEA932C00
:1080C00004FB0C542705029D4FEA065847EA163771
:1080D000B5EB08056EEB070C870E920E47EA811789
:1080E00042EA8312A7FB0201B6EB0B0164EB00042A
:1080F0002B0D43EA0C335E1844EB1C50DA46514614
:10810000E7FB0201C5F313044FEA0B3343EA1453B0
:108110004FEA0432019C43EA0603A4F10C040294E2
:10812000009CCDE900B400F0CBF903B0BDE8F08FBE
:1081300000200146F9E72DE9F04D81EA030404F03F
:10814000004B21F0004514464FF0000A23F0004197
:1081500050EA050220D054EA01021DD0C5F30A57A7
:108160000246C5F31303C1F31300C1F30A5640F4EA
:10817000801543F48013A7EB0608101BD64608F2BF
:10818000FD3873EB050002D308F1010801E09218F5
:108190005B41B8F1000F03DA00200146BDE8F08D25
:1081A00000204FF48011064684460EE0171B73EB47
:1081B000050705D3121B63EB050306434CEA010CCC
:1081C00049084FEA300092185B4150EA0107EDD1AF
:1081D00052EA030012D082EA040083EA0501084350
:1081E00005D0101BAB4106D20122002306E000227D
:1081F0004FF0004302E06FF0010253101AEB06004B
:108200004CEB085110EB0A0041EB0B01BDE8F04DBF
:1082100000F047B9C10F80EAE0700844CA0796230E
:10822000002100F010B996230022114600F00BB98E
:108230000EB5C10F80EAE0700844CA07002140F281
:1082400033438DE80E000A460B4600F039F903B0BF
:1082500000BD00F0004220F00040C10DC0F3160048
:1082600040F400007F2901DA00207047962903DCE2
:10827000C1F19601C84001E096398840002AF4D047
:108280004042704720F00040C10DC0F3160040F49A
:1082900000007F2901DA00207047962903DCC1F134
:1082A0009601C840704796398840704700F00042F8
:1082B00030F000400AD0C10D01F56071C0F3160026
:1082C00042EA0151C20840071143704700200146AD
:1082D0007047000030B5041E71F1000404DB4FF05C
:1082E0000044404264EB0101141E73F1000405DBFD
:1082F0001C464FF00043524263EB04038B4208BF1D
:10830000824230BD01F0004330B421F0004150EA18
:10831000010206D00A0DA2F56072C1F31301002A12
:1083200002DC30BC00207047440F44EAC104C100A5
:10833000E01830BC00EBC25000F07CB8002801DB34
:10834000C0F10040002901DBC1F1004181427047CA
:10835000002801DBC0F10040002901DBC1F1004130
:108360008842704730B50B46014600202022012488
:1083700009E021FA02F59D4205D303FA02F5491BF3
:1083800004FA02F52844151EA2F10102F1DC30BD09
:108390002DE9F05F0546002092469B46884606463A
:1083A000814640241BE0284641464746224600F0CD
:1083B0002FF953465A46C01A914110D31146184618
:1083C000224600F016F82D1A67EB01084F462246A8
:1083D0000120002100F00DF817EB00094E41201E8E
:1083E000A4F10104DFDC484631462A464346BDE895
:1083F000F09F202A04DB203A00FA02F100207047A7
:108400009140C2F1200320FA03F3194390407047D2
:10841000202A06DBCB17203A41FA02F043EAE07348
:1084200006E041FA02F3D040C2F120029140084335
:10843000194670470029A8BF7047401C490008BF73
:1084400020F00100704710B4B0FA80FC00FA0CF084
:1084500050EA010404BF10BC704749B1CCF12004BC
:1084600021FA04F411FA0CF118BF01212143084349
:10847000A3EB0C01CB1D4FEA00614FEA102042BF75
:10848000002010BC704700EBC35010440029A4BF6B
:1084900010BC7047401C490008BF20F0010010BC10
:1084A000704710B5141E73F1000408DA401C41F146
:1084B000000192185B411A4301D120F0010010BD68
:1084C0002DE9F04D92469B4611B1B1FA81F202E0DE
:1084D000B0FA80F220329046FFF78BFF04460F4639
:1084E00040EA0A0041EA0B0153465A46084313D0BA
:1084F000114653EA010019D0C8F14002504600F07D
:1085000087F805460E46504659464246FFF771FF2A
:10851000084305D0012004E020463946BDE8F08D2F
:108520000020054346EAE0762C4337430A9863056A
:10853000E40AA0EB08000022FD0A44EA47540A308E
:1085400002D500200146E9E7010510196941DDE97E
:10855000084500196941BDE8F04DA2E770B521F06A
:10856000004303430CD0C1F30A550024D5EB0405A6
:1085700064EB0403D617AD1AB34102DB00200146B9
:1085800070BD201841EB025170BDC1F30A52C1F316
:10859000130140F2FF3341F480119A4202DA0020C5
:1085A0000146704740F233439A42A2F2334202DC62
:1085B000524200F02DB8FFF71CBF000030B5041E7A
:1085C00071F1000404DB4FF00044404264EB010110
:1085D000141E73F1000405DB1C464FF000435242A9
:1085E00063EB0403994208BF904230BD064C074D2F
:1085F00006E0E06840F0010394E807009847103473
:10860000AC42F6D3F7F776FDE0AC000800AD000809
:10861000202A04DB203A21FA02F00021704721FAD7
:1086200002F3D040C2F1200291400843194670473E
:108630002DE9F04D00231A461B1A8A4103DB002066
:108640000146BDE8F08DC1F30A52C1F3130141F4B4
:1086500080154FF0000BD10702D100186D41521E5A
:108660000027044640F2FF11384601EB620A3E46FD
:108670008046024600204FF48011FFF7C9FFC2195F
:108680007141BB1846EB0100B4EB030C75EB000C19
:1086900004D3E41A65EB000517460E46241908F1C9
:1086A00001006D4180463428E3DDF91946EB0600F0
:1086B000091BA84103D24FF0FF32134601E000220C
:1086C00013461BEB070046EB0A51BDE8F04DFFF7E0
:1086D000E8BE0EB540F2334102910021CDE9001110
:1086E0000A460B46FFF7ECFE03B000BD70B5C1F3C0
:1086F0000A5201F000450024C1F3130140F2FF3398
:1087000041F480119A4201DA002070BD40F23343F7
:108710009A42A2F2334203DC5242FFF779FF00E0B3
:1087200090402C43F1D0404270BD70B58C1810F8C9
:10873000015B15F0070301D110F8013B2A1106D1A6
:1087400010F8012B03E010F8016B01F8016B5B1EC0
:10875000F9D12B0705D40023521E0DD401F8013B9B
:10876000FAE710F8013BCB1A921C03E013F8015B07
:1087700001F8015B521EF9D5A142D8D3002070BD8B
:108780000FB4054B10B503A9044A029800F02AFC67
:1087900010BC5DF814FB0000D34A0008140200204E
:1087A0000FB4084B10B504A902AA039800F01AFCF4
:1087B000044602A9002000F0ACFF204610BC5DF882
:1087C00014FB000013970008490050EAC12018BFAD
:1087D00004204A0D18BF40F0010040F2FF72B2EBD6
:1087E000515F08BF40F00200012808BF0520704714
:1087F0002DE9F74F144694B00021C4E902111599F0
:10880000079121F00045C9498D4206DC1599C4E95C
:10881000000117B00020BDE8F08FC549DFF814A3B0
:10882000A9423CDD0799C44E0029C44FC44A15999A
:10883000534619DDFFF707FC554506D0C14AC24B28
:10884000FFF701FCC4E900010AE04FF0D352BE4B30
:10885000FFF7F9FB32463B46FFF7F5FBC4E90001A1
:1088600017B00120BDE8F08FFFF74CFB554506D04F
:10887000B44AB54BFFF746FBC4E900010AE04FF0EC
:10888000D352B14BFFF73EFB32463B46FFF73AFB74
:10889000C4E9000117B04FF0FF30BDE8F08FAB49DD
:1088A000A942159978DB21F0004183468846A84A01
:1088B000A84BFFF7CEFB0022A74BFFF723FBFFF7E8
:1088C00015FF0990FFF7B4FC06460F469C4A534635
:1088D000FFF7BFFB43465A46FFF7B8FB80468A4680
:1088E000984A994B30463946FFF7B3FB2A0D0125CC
:1088F0000B9242465346FFF7A9FB032DC4E9000142
:1089000039D00B98C1F30A51401A05EB45111139C2
:10891000814230DA9148C346784400EB0510CDF827
:108920000CA00C90D0E9002330463946FFF791FBAC
:1089300002460B460491069058460399FFF783FBC5
:1089400080468A4602460B4658460399FFF77BFB52
:10895000049B069AFFF777FB83460C9803913946F0
:10896000D0E902233046FFF774FB5A46039BFFF71A
:108970006AFB6D1CBDE707980028A2BF099817B0D5
:10898000BDE8F08F616881F000416160099817B01F
:108990004042BDE8F08FFFE784461598C1F313010C
:1089A000C0F30A50A0F2F5304FEA601800F01F063D
:1089B000C6F12000139000200690079041F4801E1D
:1089C00005206D4676B1664A08EB00017A4452F8FC
:1089D000213002EB8101B3404A68139922FA01F178
:1089E000194305E05F4908EB0002794451F8221071
:1089F000A1FB0E27A1FB0C131A449A4234BF01239A
:108A0000002303EB070A05EB8003D3E901B70F440A
:108A10008F4234BF0121002193448B4411B193450F
:108A200002D903E0934501D2012100E00021C3E90E
:108A300001B7514445F82010011EA0F10100C1DC2E
:108A40000298059F00F10050800F12900298DDE916
:108A500003568000FFF7ECFB834628460D91FFF795
:108A600038FE6FF01D02FFF779FDCDE90E013046AB
:108A7000FFF72FFE6FF03D02FFF770FD80468A463C
:108A80003846FFF726FE6FF05D02FFF767FD0746E9
:108A9000424653461191FFF735FADDE90E23FFF701
:108AA00031FA5A460D9BFFF72DFA00250E465A461D
:108AB00028460D9BFFF7C7FADDE90E23FFF7C3FA3F
:108AC00042465346FFF7BFFA3A46119BFFF7BEFAFC
:108AD000DFF898A0244A5346FFF7BBFA07468846BA
:108AE000234A244B31462846FFF7B3FA3A46434619
:108AF000FFF708FA074688464FF0A842534631462A
:108B00002846FFF7A6FA3A464346FFF7FBF9159ABF
:108B100012F0004F04D0129A81F00041524212929A
:108B2000C4E90001129817B0BDE8F08FFB21E93FBE
:108B30007CD90240FB21F93F7370032E8A19A33BB5
:108B4000000040543163621A61B4D03DFB213941C9
:108B500083C8C96D305FE43F0000E03F842200001D
:108B600000220000E2210000182D4454FB21F93DB1
:108B70003326A611460B113C2DE9FF4D21F000488C
:108B800007460C46B8F1795F08DAFFF7AFFD002819
:108B900001BF0020324904B0BDE8F08D3A462346BB
:108BA00010461946FFF755FA054602462D480E466F
:108BB0000B460621784400F05DF82A463346FFF75D
:108BC00048FADDE9022382468B4638462146FFF704
:108BD00040FA04460F4652465B4628463146FFF7A8
:108BE00038FA22463B46FFF72EFA07468A464FF0F0
:108BF000FF3228463146FFF7B1FC1B4A90450ADA9E
:108C00003A465346FFF71FFA04B00022BDE8F04D84
:108C1000134BFFF71BBA154A4245A8BFA8F500152C
:108C20004FF00004B8BF124D22462B46FFF70BFA57
:108C30000646884622462B4600200949FFF703FADC
:108C400004460D463A46534630464146FFF7FBF987
:108C500004B022462B46BDE8F04DFFF7F7B90000FF
:108C60000000F03FB01F00003333D33F0000E93F66
:108C70000000D23F2DE9F0414F1E00EBC701044632
:108C8000D1E9000115461E4637F006020DD02A46EE
:108C90003346FFF7DEF97F1E04EBC703D3E9002359
:108CA000FFF730F937F00602F1D1022F25D0042F5B
:108CB00013D0062F18BFBDE8F0812A463346FFF7D0
:108CC000C8F9D4E90A23FFF71DF92A463346FFF70E
:108CD000C0F9D4E90823FFF715F92A463346FFF710
:108CE000B8F9D4E90623FFF70DF92A463346FFF712
:108CF000B0F9D4E90423FFF705F92A463346FFF714
:108D0000A8F9D4E90223FFF7FDF82A463346FFF716
:108D1000A0F9D4E90023BDE8F041FFF7F3B8000063
:108D20002DE9FF4D054621F0004084B00C46B0F11E
:108D3000795F0BDA2846FFF747FD042808BF00F0EB
:108D400071F8284608B02146BDE8F08D2A460B464A
:108D50001046FFF77EF906460F462A462346FFF7E0
:108D600078F9804626488A4632463B4605217844B3
:108D7000FFF780FF83461098029160B3214A224B8F
:108D800040465146FFF765F9CDE900015A46404695
:108D90005146029BFFF75DF982468846DDE90601F0
:108DA0004FF0FF32FFF7DAFB52464346FFF74BF92D
:108DB00032463B46FFF74DF9DDE90623FFF743F95D
:108DC000DDE90023FFF73FF908B02A462346BDE856
:108DD000F04DFFF73BB90B465A4630463946FFF790
:108DE00038F9084A084BFFF78DF842465346FFF71B
:108DF00030F908B02A462346BDE8F04DFFF782B8A7
:108E0000F61E0000495555555555C5BF0122FFF7BF
:108E1000A5BBFFF777B80022134610461146FFF7AF
:108E20008AB90000024A00201107FFF797BB000033
:108E300001FDFFFF02E008C8121F08C1002AFAD195
:108E400070477047002001E001C1121F002AFBD1CA
:108E500070470000014908607047000018020020B8
:108E60002DE9FF5F82B00021DDE90430020DDDF85D
:108E700040B0034318D044F61050A2F2FF324243F0
:108E80001514119801281FD0A5EB0B00401C5FEAB8
:108E9000000A4FF000064E4FDFF83891B0465046BA
:108EA00015D5CAF1000413E0119801244AA3012842
:108EB00001D16FEA0B010298119AC0E90031C0E9B3
:108EC000024206B0BDE8F09FCBF10000DFE70446A8
:108ED0000021404A491842EB0450CDE9001012E04D
:108EE000E00707D032463B4640464946FFF7B1F817
:108EF0008046894632463B4610461946FFF7A9F898
:108F000006460F466410002CEAD1DDE90401DDE9D4
:108F10000023BAF1000F06DAFFF79BF842464B46F2
:108F2000FFF797F805E0FFF706F942464B46FFF7D3
:108F300002F904460E460022284BFFF73FFB03D8F8
:108F40004FF0FF30014607E00022254B2046314616
:108F5000FEF7D8FFFFF719FB102409E0002C0ADB0D
:108F60000A220023FFF714FA039B30321A55641EBD
:108F700050EA0102F2D1641C039AC4F111031444B3
:108F8000119A012A03D0012208430DD10AE00843B7
:108F900004D000204FF0110B119072E7A3EB0B05EA
:108FA0006D1E0DE05B4504DD4FF0000205F101058B
:108FB00004E003DA4FF00002A5F10105002AECD02D
:108FC00002981199C0E90231C0E9004579E7000033
:108FD000000014400000F03F300000000000F043AB
:108FE0000000E03F2DE9FF4F95B09B4689460646BD
:108FF00000250FE2252877D100242746F84A0121D1
:10900000059400E0044316F8013F203B01FA03F009
:109010001042F7D130782A2811D06FF02F03307822
:10902000A0F13002092A16D8059A44F0020402EB96
:10903000820203EB42021044761C0590EFE759F8D8
:10904000042B0592002A03DA504244F400540590A0
:1090500044F00204761C30782E2816D116F8010F41
:1090600044F004042A280DD06FF02F023078A0F1CC
:109070003003092B09D807EB870302EB4303C7181A
:10908000761CF3E759F8047B761C30786C280FD0F7
:1090900006DC4C2817D068280DD06A2814D104E0CB
:1090A000742810D07A280FD10DE044F400140AE09F
:1090B00044F4801401E044F440147278824202D1F6
:1090C00004F58014761C761C307866280BD013DCEF
:1090D000582877D009DC002875D04528F6D04628D6
:1090E000F4D047281AD19DE118E0632835D06428D0
:1090F00079D0652812D195E1702873D008DC6728F3
:10910000F1D069286FD06E280DD06F2806D1B5E058
:1091100073282CD0752875D0782874D05A461799A2
:1091200090476D1C75E1C4F30250022809D0032852
:109130000DD0D9F8001004280DD00D6009F10409F4
:1091400067E1D9F80010EA17C1E90052F6E7D9F84B
:1091500000100D80F2E70D70F0E719F8041B8DF890
:10916000001000208DF80100EA46012003E059F8C4
:1091700004AB4FF0FF3061074FF0000102D40DE067
:1091800008F101018846B9420FDA8045F8DB1AF888
:1091900008100029F4D108E008F101018846814255
:1091A000FADB1AF808100029F6D105985B46A0EB07
:1091B000080721463846179A00F094FA284400EB35
:1091C000080507E04DE029E10DE01AF8010B5A46C9
:1091D00017999047B8F10108F7D25B462146384607
:1091E000179A13E142E00A220092C4F302524FF0B0
:1091F000000A022A08D059F804CB032A4FEAEC717E
:109200000AD00DE029E02AE009F1070121F0070268
:10921000F2E802C1914609E00FFA8CFC4FEAEC71CA
:10922000042A03D14FFA8CFC4FEAEC71002907DACB
:109230000A460021DCF1000C61EB02012D2202E064
:10924000220504D52B228DF80420012203E0E20739
:1092500001D02022F7E7904659E00A2102E01022CF
:109260000DE010214FF0000A00910BE010224FF0AA
:10927000000A44F004040827009203E008224FF09B
:10928000000A0092C4F30252022A05D059F804CB16
:109290000021032A08D009E009F1070121F00702A3
:1092A000F2E802C1914605E01FFA8CFC042A01D1C4
:1092B0000CF0FF0C4FF00008220728D5702806D0CC
:1092C000009B83F0100353EA0A0305D00EE040220E
:1092D0008DF80420012208E05CEA010206D0302269
:1092E0008DF804208DF8050002229046009B83F043
:1092F000080353EA0A030AD15CEA010201D16207BA
:1093000005D530228DF804204FF001087F1E582823
:1093100004D034A003900EA802900DE036A0F9E727
:1093200053466046009AFFF733F884460398825C00
:109330000298401E029002705CEA0100F0D102988F
:1093400006A9081A00F1200A600702D524F4803427
:1093500000E00127574502DDA7EB0A0000E00020EE
:1093600000EB0A01009005984144401A0590E00383
:1093700006D45B462146179A059800F0B3F90544D8
:10938000002706E001A85A46C05D179990476D1C5A
:109390007F1C4745F6DBE0030CD55B462146179A58
:1093A000059800F09FF9054404E030205A461799CB
:1093B00090476D1C0099481E00900029F5DC08E0DC
:1093C000029802995A460078491C029117999047D1
:1093D0006D1CBAF10001AAF1010AF1DC65E100009F
:1093E000092801003031323334353637383961627B
:1093F000636465660000000030313233343536373F
:1094000038394142434445460000000000F058F915
:109410000544761C307800287FF4ECAD19B028465E
:10942000BDE8F08F620700D4062709F1070222F099
:10943000070CFCE80223E14603F000485FEA080C51
:1094400002D00FF2702C0DE05FEA045C02D50FF23F
:10945000682C07E05FEAC47C02D00FF2602C01E0C8
:10946000AFF2700C4FF0FF3823F00043CDF850C03E
:1094700065280CD006DC452809D046281DD0472891
:109480003DD13DE0662818D067287ED138E0002124
:10949000112F01DB112000E0781CCDE9000106A9A5
:1094A0000EA8FFF7DDFCDDE90F010E9A0391002104
:1094B000009207F1010A04914DE04FF0004000973F
:1094C000CDE9011006A90EA8FFF7CAFCDDE90F02DD
:1094D00003920E9B11990022DDF80CA000930492D8
:1094E00011B9791C00EB010AB7EB0A0004D4C0F1F2
:1094F000FF3007F1010A0490AAEB0700019044E055
:10950000012F00DA01270021112F01DD112000E0D9
:109510003846CDE9000106A90EA8FFF7A1FCDDE958
:109520000F010E9A0391002104910092BA4621077F
:109530000CD40399514500DA8A46BAF1010F05DDD2
:10954000009AAAF10101515C302908D0B84202DA30
:1095500010F1040F06DA0121CDE9011015E0AAF19E
:109560000101E9E7002805DC049901440491AAEB14
:10957000000102E0411C514500DD8A460499401A71
:10958000401C01904FF000400290200704D4019845
:10959000504501DBCDF8048000208DF84F00029883
:1095A0000DF14F07B0F1004F25D02B200E900298FF
:1095B0004FF0020800280CDA404202902D200E9055
:1095C00007E00A210298FEF7CDFE3031029007F83D
:1095D000011DB8F10001A8F10108F2DC0298002891
:1095E000EFD1791E0E980870307800F0200040F01E
:1095F000450007F8020D12A8C01B00F107081498D7
:10960000007800B1012000EB0A01019801EBE07144
:1096100005984144401A401E0590E00306D45B467D
:109620002146179A059800F05DF8054414980078D3
:1096300018B15A46179990476D1CE00324D55B4634
:109640002146179A059800F04DF805441CE004984F
:10965000002807DBDDE90301884203DD0098405C58
:10966000179901E0179930205A469047049805F160
:109670000105401C04900198401E019004D12E2049
:109680005A46179990476D1CBAF10001AAF1010AD8
:10969000DDDC05E017F8010B5A46179990476D1C61
:1096A000B8F10001A8F10108F4DC5B462146179AE5
:1096B0000598ABE62D0000002B0000002000000004
:1096C0002DE9F041044600251E461746880404D4BF
:1096D00005E039462020B0476D1C641EF9D52846A8
:1096E000BDE8F0812DE9F041044600251E46904674
:1096F000C80301D5302700E02027880404D505E001
:1097000041463846B0476D1C641EF9D52846BDE871
:10971000F0810A68531C0B60107070472DE9F04D02
:109720008D4F21F0004A86B005460C46BA452ADB2B
:10973000AAEB070028430AD08848824501DC1AD1E9
:10974000CDB106B02846BDE8F04DFFF75FBB844AB7
:10975000844B2846FEF77DFC07460E46824A834B23
:1097600028462146FEF775FC06B03A463346BDE86A
:10977000F04DFEF7C7BB0120FFF76CFB06B0BDE85C
:10978000F04DFFF748BB7A48824542DABAF1795F7B
:109790000BDA2846FFF718F8042808BFFFF742FB4A
:1097A000284606B02146BDE8F08D2A460B461046F5
:1097B000FEF74FFC834602466E480E460B460621D6
:1097C0007844FFF757FA5A463346FEF742FC804684
:1097D00069488A465A46334604217844FFF74AFAD4
:1097E0005A463346FEF735FC00223B46FEF78AFB1D
:1097F00002460B4640465146FEF79DFC2A4623464C
:10980000FEF727FC06B02A462346BDE8F04DFEF7DA
:1098100079BB284624F0004100223D463B46FEF736
:1098200015FC4FF0FF32FEF799FE064602465348FC
:109830000F460B4606217844FFF71CFA32463B469A
:10984000FEF707FCCDE900014D4832463B460421B6
:109850007844FFF70FFA32463B46FEF7FAFB002248
:109860002B46FEF74FFB834602913046394600F007
:10987000ADFA804643480D46504517DCDDE900014E
:109880005A46029BFEF757FC42462B46FEF7E1FB89
:1098900042462B46FEF736FB0122FEF75FFE304ABA
:1098A000304BFEF7D0FB304A304B4CE04FF0000A13
:1098B00052460B464046FEF725FBCDE903105246C3
:1098C0002B4610461946FEF7C4FB32463B46FEF7D0
:1098D000BDFBDDE90332FEF72EFC06460F46DDE94F
:1098E00000015A46029BFEF726FC834600910122A6
:1098F00030463946FEF732FE194A1A4BFEF7A6FBF0
:1099000006460F46012240462946FEF727FE5A46E4
:10991000009BFEF79EFB32463B46FEF794FB064655
:109920000F46012250462946FEF718FE0E4DDFF87D
:1099300058802A464346FEF789FB32463B46FEF7EF
:1099400085FB2A464346FEF781FB002CD8BF81F0F9
:10995000004106B0BDE8F08D0000F03F0000F07F50
:10996000075C143326A6913C182D4454FB21F93F83
:109970000000E03FBC120000D212000046120000BE
:109980005C1200003333EF3FFB21E93F2DE9F84F34
:1099900004460D4621F0004000917349814211DCDC
:1099A0007249884201DC06D12CB120462946BDE827
:1099B000F84FFFF72BBA6E48002DCCBF6D496E49AA
:1099C000BDE8F88F6D49814211DD6D498142D8BFF4
:1099D0004FF0FF366DDD20462946FEF7F5FE0428E0
:1099E00008BFFFF71FFA20462946BDE8F88F6549F2
:1099F000654F25F00045814233DD6449814219DD20
:109A0000002632464FF0804320462946FEF77AFA78
:109A100080468A46012220462946FEF79FFD002205
:109A20003B46FEF710FB42465346FEF784FB0446D6
:109A30000D463EE001260022BA463B462046294616
:109A4000FEF760FA80460F4600225346204629461C
:109A5000FEF7F9FA42463B46FEF76DFB04460D461B
:109A600027E04B4981421BDDDFF828A102260022B6
:109A7000534620462946FEF7ECFA00223B46FEF705
:109A800041FA80460F460022534620462946FEF7FB
:109A9000DAFA42463B46FEF74EFB04460D4608E026
:109AA000032622462B4600203B49FEF744FB044692
:109AB0000D4622462B4610461946FEF7CAFA8B463B
:109AC000824602460B46FEF7C4FA07460246334872
:109AD00088460B4606217844FFF7CCF852465B4691
:109AE000FEF7B7FA82462E488B463A464346052192
:109AF0007844FFF7BFF83A464346FEF7AAFA024613
:109B00000B46002E504659460CDAFEF7FBF922466A
:109B10002B46FEF79EFA01B022462B46BDE8F04FD9
:109B2000FEF794BAFEF7EEF922462B46FEF791FABD
:109B30001C4A7A4402EBC603D3E90023FEF783FAFA
:109B400022462B46FEF77FFA174A7A4402EBC603F9
:109B5000D3E90023FEF77AFA009A002AB8BF81F011
:109B60000041BDE8F88F0000000010440000F07FC5
:109B7000182D4454FB21F93FFB21F9BF0000DC3FC5
:109B80000000203E0000F33F0000F03F0000E63FF1
:109B9000008003400000F83F0000F0BF5E100000AE
:109BA0001C100000BA0F0000820F00002DE9F04DDC
:109BB0009446CCF1000423F000464CEA0404524FD2
:109BC00046EAD4749A46884621F00042BC4206D840
:109BD000454240EA050442EAD474BC4204D9BDE8D7
:109BE000F04D6246FFF715B9AAF14055A5F17F6522
:109BF00055EA0C040BD0022404EAAA74434DDFF8A2
:109C000010E144EAD87452EA000B04D00CE0BDE83D
:109C1000F04DFFF7BBBE002C14BF012CBDE8F08D4A
:109C2000022C30D0032C32D056EA0C0B0AD0BE42A4
:109C300020D1BA4209D126F0804622F08042334634
:109C4000114617E000291ADB25E0DFF8C8B0FB4415
:109C5000002C04BFDBE90001BDE8F08D012C02BF40
:109C6000DBE9000181F00041BDE8F08D022C0AD053
:109C7000032C0CD0BA4212D1B8F1000F0BDA2348F2
:109C80002549BDE8F08D28462449BDE8F08D2846D9
:109C90007146BDE8F08D1D482149BDE8F08D921B4D
:109CA00012153C2AC4BF19481D490EDCBAF1000F39
:109CB000BEBF12F13C0F0020014606DB6246FEF7F4
:109CC0003AFA21F00041FFF761FE002C08BFBDE821
:109CD000F08D012C04BF81F00041BDE8F08D114AE8
:109CE000114B022C07D0FEF7AEF92A46BDE8F04D25
:109CF0000A4BFEF7A8B9FEF7A6F92A46BDE8F04DD3
:109D0000064BFEF7A3B900000000F07F182D445465
:109D1000FB2109C0460F0000FB21F9BFFB210940D0
:109D2000FB21F93F075C143326A6A13C00B5254B67
:109D300021F0004287B09A4203DC002213460092D1
:109D40002BE0214B9A4208D140B94FF00100FFF7B8
:109D500081F8FFF760F807B000BD03DBFFF756F8A6
:109D600007B000BD02AAFEF743FD10F003014FF05B
:109D700001000DD0012914D002291AD00DF1080CD0
:109D80009CE80F00FEF7F8FE07B081F0004100BD2F
:109D90000DF1080C00909CE80F00FEF7C1FF07B022
:109DA00000BD0DF1080C9CE80F00FEF7E5FE07B0C2
:109DB00000BD0DF1080C00909CE80F00FEF7B0FF0D
:109DC000E2E70000FB21E93F0000F07F2DE9F041D0
:109DD00006460F46FEF72CFC041E0D4618BF012058
:109DE000284320F00040C0F17F6000F1E040C00F48
:109DF0000ED0301C18BF0120384320F00040C0F1C5
:109E00007F6000F1E040C00F04BF0120FFF722F89F
:109E100020462946BDE8F081000000000040654072
:109E2000B81E85EB51B8CE3F000000000000124084
:109E3000B81E85EB51B8BE3F68000004760054019F
:109E4000F7FD000175191A0C6A231B1C1F20727480
:109E5000433B4138393A6B6C376F06246D6E7000A6
:109E60008300000000080000000100183200050017
:109E7000000020410000D242295C0F3E9A99993E91
:109E80003333733F295C0F3E000070000000002454
:109E9000000000020003000000650054FFEF000016
:109EA000FA80000B12820001030C30C30E8C8CE987
:109EB00014D5400213710F8E3883F8833000F88375
:109EC000258EF8833000F883FFFFFFFF0FFEA9D631
:109ED000240004001A8279A10000003CFFFF00006A
:109EE0000010000038836FA2003E033040000000E5
:109EF00002CAE3093E8000002000000000000000CC
:109F00004000000060000000000C0000000C186E13
:109F1000000006920A16C0DFFFFF0256FD8CD377C1
:109F2000FFE1C496E0C5BEAA00000000FFFF0B2BB6
:109F300000001657000003594000000000001DFA01
:109F400000026C1D000000003FFFDFEB003EB3B6D7
:109F5000000D227800002F3C00000000001942B5DF
:109F6000000039A20000B365D90E9FC91DCF4C3443
:109F700030000000500000003BB67AE800640000AA
:109F800000C8000000000000100000001000FA925D
:109F90001000225E000D229F000100000032000030
:109FA000FF46000063D400001000000004D600004B
:109FB00004CC000004CC000000001072000000403F
:109FC000000000000000000000060002000500077D
:109FD0000000000000640000000000000000000518
:109FE00000050064002000000000000000000000E8
:109FF000000040000000030000000032F89800005C
:10A00000FF650000830F0000FF9BFC0000000000C4
:10A010000000000000000000000000000000000040
:10A020000000000000000000000000000000000030
:10A0300000000000000010004000000000000006CA
:10A040000000B26A000200000001FB83006800000B
:10A0500000D9FC007CF1FF830000000000650000D7
:10A06000006403E8006400280000002500000000F0
:10A0700016A000000000100000001000002F0000DB
:10A08000000001F40000100000280000FFFF4581DF
:10A09000FFFFFA720000000000000000004400050D
:10A0A0000005BAC6004778A20000000100000000C9
:10A0B00000000600000000140000254D002F706D08
:10A0C000000005AE000C02D00000000000000000FF
:10A0D0000000000000000000001B00000000000065
:10A0E0000000000000000000006400000008000004
:10A0F0000000000000000000000000000000000060
:10A10000000000000000000000000000000000004F
:10A11000000000000000000000000000000000003F
:10A12000000000000000000000000000000000002F
:10A13000000000000000000000000000000000001F
:10A140000000000000000000001B000000000000F4
:10A1500000000000000E000E00000AC7000400000E
:10A1600000000032FFFFFF9C00000B2B00000002EC
:10A170000000000100000064FFE500000000000096
:10A1800000000000000000000000000100000000CE
:10A1900000010000000000000001800000018000BC
:10A1A00000018000002426D3000000000000000011
:10A1B000000600100096003C0000000000000000B7
:10A1C00000000000000000000C0A4E68CDCF7709A7
:10A1D00050166759C619CE8200000000000000002A
:10A1E000000000000000000000000000000000006F
:10A1F00017D78400030000000000000000000000EA
:10A20000C7938F9D1E1B1C1900000000000000005A
:10A21000000000000000000000000000000000003E
:10A220000203188500004000000000030000000346
:10A2300000000000000000004000000000000000DE
:10A24000000000000000000000000000000000000E
:10A2500000000000000000000000000000000000FE
:10A26000000000000000000000000000677DDF7EAD
:10A2700072902E554CF6E6880000000000000000A9
:10A280000000000000000000D8DCB4B8B0D8B9ABC2
:10A29000F3F8FAB3B7BB8E9EAEF132F51BF1B4B84A
:10A2A000B08097F1A9DFDFDFAADFDFDFF2AAC5CD3B
:10A2B000C7A90CC92C97F1A989264666B28999A924
:10A2C0002D557DB0B08AA896365676F1BAA3B4B2B1
:10A2D00080C0B8A89711B28398BAA3F0240844109C
:10A2E0006418B2B9B49883F1A329557DBAB5B1A366
:10A2F0008393F0002850F5B2B6AA839328547CF1DA
:10A30000B9A3829361BAA2DADEDFDB819AB9AEF536
:10A31000606870F1DABAA2DFD9BAA2FAB9A3829260
:10A32000DB31BAA2D9BAA2F8DF85A4D0C1BBAD8314
:10A33000C2C5C7B8A2DFDFDFBAA0DFDFDFD8D8F140
:10A34000B8AAB38DB4980D355DB2B6BAAF8C961974
:10A350008F9FA70E161EB49AB8AA872C547CBAA455
:10A36000B08AB691325676B28494A4C808CDD8B8D3
:10A37000B4B0F19982A82D557D98A80E161EA22C76
:10A38000547C92A4F02C5078F184A898C4CDFCD8C9
:10A390000DDBA8FC2DF3D9BAA6F8DABAA6DED8BA36
:10A3A000B2B68696A6D0F3C841DAA6C8F8D8B0B43B
:10A3B000B882A892F52C548898F135D9F418D8F1C0
:10A3C000A2D0F8F9A884D9C7DFF8F883C5DADF6925
:10A3D000DF83C1D8F40114F1A8824EA884F311D10F
:10A3E00082F5D992289788F109F41C1CD884A8F327
:10A3F000C0F9D1D99782F129F40DD8F3F9F9D1D95F
:10A4000082F4C203D8DEDF1AD8F1A2FAF9A8849840
:10A41000D9C7DFF8F8F883C7DADF69DFF883C3D874
:10A42000F40114F198A8822EA884F311D182F5D9F1
:10A4300092509788F109F41CD884A8F3C0F8F9D198
:10A44000D99782F149F40DD8F3F9F9D1D982F4C43E
:10A4500003D8DEDFD8F1AD8898CCA809F9D982926B
:10A46000A8F57CF1883ACF944A6E98DB6931DAAD71
:10A47000F2DEF9D88795A8F221D1DAA5F9F417D937
:10A48000F1AE8ED0C0C3AE82C684C3A88595C8A5E0
:10A4900088F2C0F1F4010EF18E9EA8C63E56F55426
:10A4A000F18872F40115F19845856EF58E9E048849
:10A4B000F142985A8E9E068869F4011CF1981E118B
:10A4C00008D0F504F11E970202983625DBF9D985EC
:10A4D000A5F3C1DA85A5F3DFD88595A8F309DAA538
:10A4E000FAD88292A8F578F1881A849F2688982154
:10A4F000DAF41DF3D8879F39D1AFD9DFDFFBF9F448
:10A500000CF3D8FAD0F8DAF9F9D0DFD9F9D8F40B8E
:10A51000D8F3879F39D1AFD9DFDFF41DF3D8FAFC28
:10A52000A869F9F9AFD0DADEFAD9F88F9FA8F1CC93
:10A53000F398DB45D9AFDFD0F8D8F18F9FA8CAF3E5
:10A540008809DAAF8FCBF8D8F2AD978D0CD9A5DF9B
:10A55000F9BAA6F3FAF412F2D8950DD1D9BAA6F346
:10A56000FADAA5F2C1BAA6F3DFD8F1BAB2B6869686
:10A57000A6D0CAF349DAA6CBF8D8B0B4B8D8AD841F
:10A58000F2C0DFF18FCBC3A8B2B68696C8C1CBC3E9
:10A59000F3B0B48898A821DB718D9D71859521D980
:10A5A000ADF2FAD88597A828D9F408D8F28D29DA1F
:10A5B000F405D9F285A4C2F2D8A88D9401D1D9F4BA
:10A5C00011F2D88721D8F40AD8F28498A8C801D10A
:10A5D000D9F411D8F3A4C8BBAFD0F2DEF8F8F8F87C
:10A5E000F8F8F8F8D8F1B8F6B5B9B08A95A3DE3C1A
:10A5F000A3D9F8D85CA3D9F8D87CA3D9F8D8F8F9AE
:10A60000D1A5D9DFDAFAD8B18530F7D9DED8F8305C
:10A61000ADDADED8F2B48C99A32D557DA083DFDFAF
:10A62000DFB591A0F629D9FBD8A0FC29D9FAD8A08A
:10A63000D051D9F8D8FC51D9F9D879D9FBD8A0D0C4
:10A64000FC79D9FAD8A1F9F9F9F9F9A0DADFDFDF55
:10A65000D8A1F8F8F8F8F8ACDEF8ADDE8393AC2CAE
:10A66000547CF1A8DFDFDFF69D2CDAA0DFD9FADB1E
:10A670002DF8D8A850DAA0D0DED9D0F8F8F8DB55FC
:10A68000F8D8A878DAA0D0DFD9D0FAF8F8F8F8DB53
:10A690007DF8D89CA88CF530DB38D9D0DEDFA0D08F
:10A6A000DEDFD8A848DB58D9DFD0DEA0DFD0DED887
:10A6B000A868DB70D9DFDFA0DFDFD8F1A888902C95
:10A6C000547C98A8D05C38D1DAF2AE8CDFF9D8B0DF
:10A6D00087A8C1C1B188A8C6F9F9DA36D8A8F9DACD
:10A6E00036D8A8F9DA36D8A8F9DA36D8A8F9DA3699
:10A6F000D8F78D9DADF818DAF2AEDFD8F7ADFA30A5
:10A70000D9A4DEF9D8F2AEDEFAF983A7D9C3C5C75A
:10A71000F1889BA77AADF7DEDFA4F8849408A797A9
:10A72000F300AEF29819A488C6A39488F632DFF23B
:10A730008393DB09D9F2AADFD8D8AEF8F9D1DAF3DE
:10A74000A4DEA7F1889B7AD8F38494AE19F9DAAA2B
:10A75000F1DFD8A881C0C3C5C7A39283F628ADDEB8
:10A76000D9F8D8A350ADD9F8D8A378ADD9F8D8F88E
:10A77000F9D1A1DADEC3C5C7D8A18194F818F2B027
:10A7800089ACC3C5C7F1D8B8B4B09786A8319B06C9
:10A790009907AB9728889BF00C201440B0B4B8F010
:10A7A000A88A9A285078B79BA829517924705944CF
:10A7B0006938644831F1BBAB88002C547CF0B38B12
:10A7C000B8A804285078F1B088B49726A85998BB47
:10A7D000ABB38B02264666B0B8F08A9CA8295179A3
:10A7E0008B2951798A2470598B2058718A44693891
:10A7F0008B3940688A6448318B30496088F1AC00FD
:10A800002C547CF08CA804285078F1889726A859FD
:10A8100098AC8C02264666F0899CA8295179247050
:10A8200059446938644831A98809205970AB1138F6
:10A830004069A8193148608CA83C415C207C00F13B
:10A8400087981986A86E767EA999882D557DD8B1EE
:10A85000B5B9A3DFDFDFAED0DFAAD0DEF2ABF8F907
:10A86000D9B087C4AAF1DFDFBBAFDFDFB9D8B1F160
:10A87000A3978E60DFB084F2C8F8F9D9DED893854B
:10A88000F14AB183A308B5839A0810B79F10D8F195
:10A89000B0BAAEB08AC2B2B68E9EF1FBD9F41DD862
:10A8A000F9D90CF1D8F8F8AD61D9AEFBD8F40CF1B8
:10A8B000D8F8F8AD19D9AEFBDFD8F416F1D8F8AD59
:10A8C0008D61D9F4F4ACF59C9C8DDF2BBAB6AEFA51
:10A8D000F8F40BD8F1AED0F8AD51DAAEFAF8F1D801
:10A8E000B9B1B6A3839C08B9B1839AB5AAC0FD30AB
:10A8F00083B79F10B58B93F20202D1ABDADED8F1A9
:10A90000B080BAABC0C3B284C1C3D8B1B9F38BA312
:10A9100091B609B4D9ABDEB0879CB9A3DDF1B38B96
:10A920008B8B8B8BB087A3A3A3A3B28BB69BF2A315
:10A93000A3A3A3A3A3A3A3A3A3F1B087B59AA3F34F
:10A940009BA3A3DCBAACDFB9A3A3A3A3A3A3A3A334
:10A95000A3A3A3A3A3A3A3A3D8D8D8BBB3B7F1AA97
:10A96000F9DAFFD9809AAA28B48098A720B79787E8
:10A97000A86688F07951F1902C870CA78197629393
:10A98000F071716085940129517990A5F1284C6C82
:10A99000870C95188578A38390284C6C886CD8F325
:10A9A000A28200F210A8921980A2F2D926D8F188CA
:10A9B000A84DD948D896A83980D93CD89580A839CF
:10A9C000A68698D92CDA87A72CD8A8899519A980AA
:10A9D000D938D8A88939A980DA3CD8A82EA83990C6
:10A9E000D90CD8A8953198D90CD8A809D9FFD80185
:10A9F000DAFFD89539A9DA26FFD890A80D8999A849
:10AA000010809821DA2ED88999A83180DA2ED8A81A
:10AA100086963180DA2ED8A8873180DA2ED8A8829F
:10AA200092F34180F1D92ED8A882F31980F1D92E62
:10AA3000D882ACF3C0A28022F1A62EA72EA922981C
:10AA4000A829DAACDEFFD8A2F22AF1A92E8292A8B8
:10AA5000F23180A696F1D900AC8C9C0C30ACDED0E3
:10AA6000DEFFD88C9CACD010ACDE8092A2F24C827F
:10AA7000A8F1CAF235F19688A6D900D8F1FF0000F6
:10AA8000555555555555C53F7D6FEB0312D6D4BF6F
:10AA90005544880E55C1C93F3B8F68B52882A4BF75
:10AAA00088B20175E0EF493F09F7FD0DE13D023F36
:10AAB0004B2D8A1C273A03C0C88A599CE52A0040BE
:10AAC00059018D1B6C06E6BF82922EB1C5B8B33F0B
:10AAD0004FBB610567ACDD3F182D4454FB21E93FB6
:10AAE0009BF681D20B73EF3F182D4454FB21F93FA5
:10AAF000E2652F227F2B7A3C075C143326A6813C2B
:10AB0000BDCBF07A8807703C075C143326A6913CD5
:10AB1000C4EB98999999C9BF711623FEC671BCBF41
:10AB20006D9A74AFF2B0B3BF9AFDDE522DDEADBFA9
:10AB30002F6C6A2C44B4A2BF0D5555555555D53FC1
:10AB4000FF8300922449C23F6E204CC5CD45B73FDC
:10AB5000513DD0A0660DB13FEB0D76244B7BA93F54
:10AB600011DA22E33AAD903F4C5555555555A53F66
:10AB70007751C1166CC156BF9015CB19A001FA3E92
:10AB8000AD529C804F7E92BEC4B1B4BD9EEE213EBC
:10AB9000D43888BEE9FAA8BD00000000000000001B
:10ABA00000004054FB21F93F3163621A61B4D03D8B
:10ABB0000000601A61B4D03D7370032E8A19A33B64
:10ABC0000000002E8A19A33BC14920259A837B39B6
:10ABD00000000000000000006E83F9A22915444E19
:10ABE000D15727FCC0DD34F5999562DB4190433C99
:10ABF000AB6351FE61C5BBDE3A6E24B7E0D24D4275
:10AC0000EA2E49061C92D1091CEB1DFE3EA729B174
:10AC1000F53582E88444BB2E26709CE9417E5FB402
:10AC200039D69139F43953838B5F849C3B28F9BD25
:10AC3000FF97F81F0F9805DE8B112FEF1F6D0A5A33
:10AC4000CF7E366DB709CB27663F464F2DEA5F9E14
:10AC5000C7BA27757BF1E5EBF739073DEA92528ACF
:10AC6000B15FFB6B085D8D1FA6F810111111813FBC
:10AC7000D561C119A0012ABF7DFEB157E31DC73EB2
:10AC8000EB9C2B8AE6E55ABE7CD5CF5A3AD9E53DF6
:10AC90002050726F6475637420494420726561644A
:10ACA000206173203020696E64696361746573206C
:10ACB0006465766963652069732065697468657287
:10ACC00020696E636F6D70617469626C65206F726C
:10ACD00020616E204D5055333035302E0A00000073
:10ACE00000AD0008000000201C0200002A870008B8
:10ACF00088AD00081C02002084050000448E000876
:10AD0000412D010203040410090607080902040684
:10AD10000884A24A04691832FF29045201034280C0
:10AD20003F234843280FC8429A99993FDA0FC93FF9
:10AD30009A99193E10A11AB40C2904E14D3333B38A
:10AD40003E8421CB8403100112032E40411E164382
:10AD5000295C8F88076490400AD7A33D03168813A7
:10AD60001A20DC30096F12833AA69B443B1A3F90AD
:10AD70000A183BE80110EB803F0C13449E1B083877
:08AD80000401209A6024000088
:04000005080000ED02
:00000001FF
