:020000040800F2
:100000007007002015480008B9310008BB3100080E
:10001000BF310008C3310008C731000800000000EC
:10002000000000000000000000000000CB310008CC
:10003000CD31000800000000CF310008D1310008A8
:100040002F4800082F4800082F4800082F480008B4
:100050002F4800082F4800082F480008CF46000806
:100060002F4800082F4800082F4800082F48000894
:100070002F4800082F4800082F4800082F48000884
:100080002F4800082F4800082F4800082F48000874
:100090002F4800082F4800082F4800082F48000864
:1000A0002F480008314600082F4800082F48000854
:1000B0002F48000865280008752800082F48000808
:1000C0002F4800082F4800082F4800082F48000834
:1000D0002F4800082F4800082F4800082F48000824
:1000E0002F4800082F4800082F480008DFF80CD0E0
:1000F00007F0FCFE0048004781260008700700203A
:1001000031490143314A1160704770B50021002325
:100110000F22C47804B32D4C246804F4E064C4F5C1
:10012000E064210AC1F10403CA40447804FA03F1EF
:100130008478144021430901254C0678A1550478A0
:1001400004F01F050124AC4005786D11AD0005F1E8
:10015000E025C5F8004109E0047804F01F050124FA
:10016000AC401C4D0678761145F8264070BD1A4A01
:100170000A400243154B1B1F1A60704739B1134ADE
:10018000121D12680243114B1B1D1A6006E00F4A34
:10019000121D126882430D4B1B1D1A607047042804
:1001A00008D14FF0E021096941F004014FF0E0224D
:1001B000116107E04FF0E021096921F004014FF0DF
:1001C000E0221161704700000000FA050CED00E02C
:1001D00000E400E080E100E080FFFF1F00204449D0
:1001E0000860091D0860091D0860091D0860414874
:1001F0003F4914310860704700213D498279002A47
:100200003AD00A46126803689A430B461A600A1DE0
:10021000126803689A430B1D1A60027911440A6838
:1002200003681A430A60324A0832126803689A4324
:100230002F4B08331A601A1D126803689A432C4B1F
:100240000C331A604279102A0ED11A1F1268036803
:100250001A43274B08331A601A1D126803681A43A1
:10026000234B0C331A600DE02149427911440A688E
:1002700003681A430A6005E0027911440A680368BA
:100280009A430A6070470021016001710C2141719D
:100290000021817170471649103109680143144AE1
:1002A00010321160704701460020114A1432126862
:1002B0000A400AB1012000E0002070470C491431C7
:1002C00008607047014600200022094B1B6803EAC2
:1002D0000102074B14331B680B4013B10AB1012014
:1002E00000E00020704702491431086070470000A8
:1002F00000040140FFFF0F0010B50446CC488442C3
:1003000008D10121042000F02DFB0021042000F081
:1003100029FB46E0C748844208D10121082000F0AB
:1003200021FB0021082000F01DFB3AE0C248844276
:1003300008D10121102000F015FB0021102000F051
:1003400011FB2EE0BD48844208D10121202000F09D
:1003500009FB0021202000F005FB22E0B848844280
:1003600008D10121402000F0FDFA0021402000F0DA
:10037000F9FA16E0B348844208D10121802000F048
:10038000F1FA0021802000F0EDFA0AE0AE48844244
:1003900007D10121801500F0E5FA0021A01500F039
:1003A000E1FA10BD10B50121084600F0DBFA00218A
:1003B000012000F0D7FA10BD2DE9F04102460025DA
:1003C0000026002000230024002791F803C00CF031
:1003D0000F0591F803C00CF0100CBCF1000F03D016
:1003E00091F802C04CEA050591F800C0BCF1000F7D
:1003F00031D0146800202BE04FF0010C0CFA00F310
:10040000B1F800C00CEA03069E4220D183004FF0F1
:100410000F0C0CFA03F7BC4305FA03FC4CEA040486
:1004200091F803C0BCF1280F06D14FF0010C0CFA73
:1004300000FCC2F814C00AE091F803C0BCF1480FF8
:1004400005D14FF0010C0CFA00FCC2F810C0401CA2
:100450000828D1D31460B1F800C0BCF1FF0F34DD1F
:10046000546800202EE000F1080C4FF0010808FA53
:100470000CF3B1F800C00CEA03069E4221D18300C0
:100480004FF00F0C0CFA03F7BC4305FA03FC4CEADF
:10049000040491F803C0BCF1280F05D100F1080C49
:1004A00008FA0CF8C2F8148091F803C0BCF1480FA8
:1004B00007D100F1080C4FF0010808FA0CF8C2F857
:1004C0001080401C0828CED35460BDE8F0814FF660
:1004D000FF710180022181700421C17070470246C2
:1004E000002093680B400BB1012000E00020704712
:1004F0000146886880B2704702460020D3680B40EE
:100500000BB1012000E0002070470146C86880B2AE
:10051000704701617047416170470AB1016100E0B5
:1005200041617047C16070474FF480320A43826175
:100530008161826182698269704702460020434B73
:1005400018684FF68073184040EA021008433F4B8A
:10055000186070473E49C8617047F0B50A460023ED
:1005600000240021002500F00046B6F1004F02D122
:10057000364EF16901E0354E7168C0F3034583B230
:1005800000F44016B6F5401F08D121F070612F4EDF
:10059000766826F070662D4F7E6012E000F48016BB
:1005A000B6F5801F06D1032606FA05F4A14341F0F3
:1005B000706106E0460D360103FA06F6B14341F0DC
:1005C000706122B1460D360103FA06F6314300F0A0
:1005D0000046B6F1004F02D11C4EF16101E01B4E06
:1005E0007160F0BD30B500228B071C0F0F2303FA9A
:1005F00004F2164B08338C1053F824309343134CF9
:1006000008348D1044F8253023468C1053F82430DC
:100610008C07240F00FA04F423430C4C08348D108B
:1006200044F8253030BD0A49DC31086070470000CD
:1006300000080140000C014000100140001401407E
:1006400000180140001C0140002001400000014052
:1006500000002042DF48006840F00100DD490860EA
:1006600008464068DC490840DA49486008460068A6
:10067000DA490840D74908600846006820F480201D
:1006800008600846406820F4FE0048604FF41F00F0
:1006900088607047CF49096821F48031CD4A1160E4
:1006A0001146096821F480211160B0F5803F03D024
:1006B000B0F5802F0ED106E0C649096841F48031BB
:1006C000C44A116007E0C349096841F4A021C14A46
:1006D000116000E000BF00BF704710B50146002266
:1006E000002300204A11012A02D1BA4C236806E0F7
:1006F000022A02D1B74C236A01E0B64C636A01F0CA
:100700001F02012494401C400CB1012000E0002095
:1007100010BD38B5002000900024002500BF312016
:10072000FFF7DBFF05460098401C00900098B0F5ED
:10073000A06F01D0002DF2D03120FFF7CEFF08B11D
:10074000012400E00024204638BD01460020A14AD3
:10075000106820F0F80040EAC10010607047A0491E
:1007600008607047024600209A4B586820F47C10BD
:1007700042EA01031843974B58607047984908664E
:10078000704701460020934A506820F00300084358
:10079000506070478F48406800F00C007047014679
:1007A00000208C4A506820F0F000084350607047E9
:1007B00001460020874A506820F4E06008435060FA
:1007C000704701460020834A506820F4605040EA98
:1007D000C1005060704729B17E4A527A02437D4B76
:1007E0005A7204E07B4A527A82437A4B5A727047BB
:1007F0007B49D8310860704701460020754A50682F
:1008000020F440400843506070470021714A203274
:100810001170704A82F82010012802D004280AD1F1
:1008200004E001216B4A2032117005E00521694A7C
:100830002032117000E000BF00BF704769490860B6
:1008400070476449096A0143624A11627047654909
:1008500044390860704730B500210022002400238D
:100860005C4D6D6805F00C0121B1042905D0082903
:1008700023D105E05C4D056022E05B4D05601FE083
:10088000544D6D6805F47012524D6D6805F4803456
:10089000022505EB92421CB9544D554305600BE00F
:1008A0004C4D6D6805F400351DB1504D5543056044
:1008B00002E04D4D5543056002E04B4D056000BF21
:1008C00000BF444D6D6805F0F0010909484D6B5CAF
:1008D0000568DD4045603F4D6D6805F4E061090A3B
:1008E000434D6B5C4568DD4085603A4D6D6805F4AD
:1008F0006051C90A3E4D6B5C4568DD40C560354DB1
:100900006D6805F44041890B3A4D6B5CC568B5FBD9
:10091000F3F5056130BD29B12E4A526902432D4BD2
:100920005A6104E02B4A526982432A4B5A6170474C
:1009300029B1284A92690243264B9A6104E0254A6C
:1009400092698243234B9A61704729B1214AD26947
:100950000243204BDA6104E01E4AD26982431D4BF8
:10096000DA61704729B11B4AD2680243194BDA6039
:1009700004E0184AD2688243164BDA60704729B106
:10098000144A12690243134B1A6104E0114A1269B6
:100990008243104B1A617047124940390860704712
:1009A0000F49C86470470B49C87170470948406ACD
:1009B00040F0807007494862704701460020054AB0
:1009C00092680A400AB1012000E000207047014906
:1009D00088727047001002400000FFF8FFFFF6FE2B
:1009E000000042428004424200127A0000093D00A9
:1009F000000000201000002010B50446FE4884428C
:100A000008D10121C014FFF7ADFF0021E014FFF76A
:100A1000A9FFC4E0B4F1804F08D101210846FFF7D7
:100A2000AEFF00210120FFF7AAFFB8E0F34884429F
:100A300008D101210220FFF7A2FF00210220FFF7C9
:100A40009EFFACE0EE48844208D101210420FFF76C
:100A500096FF00210420FFF792FFA0E0E9488442BE
:100A600008D101210820FFF78AFF00210820FFF7A5
:100A700086FF94E0E448844208D101211020FFF76A
:100A80007EFF00211020FFF77AFF88E0DF488442D4
:100A900008D101212020FFF772FF00212020FFF75D
:100AA0006EFF7CE0DA48844208D101214014FFF750
:100AB00059FF00216014FFF755FF70E0D5488442CC
:100AC00009D10121C804FFF74DFF00214FF4002098
:100AD000FFF748FF63E0D048844209D101210805AF
:100AE000FFF740FF00214FF48010FFF73BFF56E077
:100AF000CA48844209D101214805FFF733FF00218C
:100B00004FF40010FFF72EFF49E0C548844208D19A
:100B100001214020FFF733FF00214020FFF72FFF86
:100B20003DE0C048844208D101218020FFF727FF23
:100B300000218020FFF723FF31E0BB48844208D129
:100B400001218015FFF71BFF0021A015FFF717FFFC
:100B500025E0B648844209D101210804FFF702FFCD
:100B600000214FF48030FFF7FDFE18E0B0488442CA
:100B700009D101214804FFF7F5FE00214FF40030B0
:100B8000FFF7F0FE0BE0AB48844208D10121880456
:100B9000FFF7E8FE00214FF48020FFF7E3FE10BDD1
:100BA00000220288944B98420ED0994B98420BD069
:100BB000B0F1804F08D0914B984205D0904B9842AD
:100BC00002D0904B984204D14FF68F731A404B8855
:100BD0001A438D4B984207D08C4B984204D04FF665
:100BE000FF431A40CB881A4302808B8883850B8889
:100BF0000385814B98420BD0854B984208D08B4B94
:100C0000984205D08A4B984202D08A4B984201D133
:100C10000B7A038601238382704770B5002400227B
:100C20000023058C4FF6FE7635400584028C8388C0
:100C3000048B4FF68F752C40B51E2C400D882C432D
:100C4000751E2A400D892A434D882A436A4DA842C1
:100C50000BD06F4DA84208D0744DA84205D0744DFA
:100C6000A84202D0734DA84213D14FF6F7752A401F
:100C70004D892A434FF6FB752A408D882A434FF64B
:100C8000FF652B404FF6FF552B408D892B43CD89B7
:100C90002B4383800483CD888586028470BD70B524
:100CA000002400220023058C4FF6EF7635400584A2
:100CB000028C8388048B48F6FF752C404FF6FF4565
:100CC0002C400D884FF6FF7606EA05252C434FF69B
:100CD000DF752A400D8906EA05152A434D8806EA84
:100CE00005152A43444DA84202D0494DA8421DD1C2
:100CF0004FF67F752A404D894FF6FF7606EA0515B7
:100D00002A434FF6BF752A408D8806EA05152A4307
:100D10004FF6FF352B404FF2FF752B408D8906EAC9
:100D200085052B43CD8906EA85052B438380048303
:100D3000CD880587028470BD70B500240022002391
:100D4000058C4FF6FF6635400584028C8388848BC2
:100D50004FF68F752C404FF6FC752C400D882C43B8
:100D60004FF6FF552A400D894FF6FF7606EA052516
:100D70002A434D8806EA05252A431F4DA84202D082
:100D8000234DA8421DD14FF2FF752A404D894FF6E1
:100D9000FF7606EA05252A434FF6FF352A408D885F
:100DA00006EA05252A434EF6FF752B404DF6FF75E2
:100DB0002B408D8906EA05152B43CD8906EA0515DA
:100DC0002B4383808483CD888587028470BD70B572
:100DD000002200230024058C4EF6FF763540058462
:100DE000038C8488828B48F6FF752A404FF6FF45B6
:100DF0002A400D8820E00000002C01400004004043
:100E000000080040000C00400010004000140040AA
:100E100000340140004C01400050014000540140AA
:100E200000180040001C004000200040004001402D
:100E300000440140004801404FF6FF7606EA0525D0
:100E40002A434DF6FF752B400D8906EA05352B43E5
:100E50004D8806EA05352B43FA4DA84202D0FA4DDB
:100E6000A84208D14BF6FF752C408D894FF6FF76CE
:100E700006EA85152C4384808283CD88A0F84050F3
:100E8000038470BD828B4FF2FF331A408283828BC2
:100E90004FF6FF7303EA01231A4382837047F0B5CC
:100EA0000C461546002200210026078C4EF6FF7CDA
:100EB00007EA0C070784828B018C4FF6FF7707EA5D
:100EC000043640F6FF473A404FF6FF7707EA05271A
:100ED0003A434FF6FF7707EA03373A43D94FB84210
:100EE0000ED0D94FB8420BD0B0F1804F08D0D74FB9
:100EF000B84205D0D64FB84202D0D64FB84206D13C
:100F00004DF6FF77394046F48057394305E047F600
:100F1000FF57394044F48057394382830184F0BD40
:100F2000828B4FF6F3731A408283828B0A4382834B
:100F30007047F0B50C461546002200210026078CAC
:100F40004FF6FF6C07EA0C070784828B018C4FF683
:100F5000FF7707EA04264FF60C773A404FF6FF7703
:100F600007EA03172F433A43B64FB8420ED0B64FA5
:100F7000B8420BD0B0F1804F08D0B44FB84205D082
:100F8000B34FB84202D0B34FB84206D14FF6FF5725
:100F9000394046F48077394305E04FF2FF57394036
:100FA00044F48077394382830184F0BD028B4FF291
:100FB000FF331A400283028B4FF6FF7303EA0123CB
:100FC0001A4302837047F0B50C46154600220021F3
:100FD0000026078C4FF6EF7C07EA0C070784028B8C
:100FE000018C4FF6FF7707EA041640F6FF473A40B8
:100FF0004FF6FF7707EA03373A434FF6FF7707EAE2
:1010000005273A438F4FB8420ED08F4FB8420BD0CE
:10101000B0F1804F08D08D4FB84205D08C4FB84208
:1010200002D08C4FB84206D14FF6DF77394046F0F8
:101030001007394305E04FF65F77394044F0100759
:10104000394302830184F0BD028B4FF6F3731A40DB
:101050000283028B0A4302837047F0B50C461546A3
:1010600000220021068C4FF6FE773E400684028B5C
:10107000018C4FF60C7632407E1C06EA03162E4396
:101080003243704EB0420ED06F4EB0420BD0B0F132
:10109000804F08D06D4EB04205D06D4EB04202D0A8
:1010A0006C4EB04206D14FF6FD76314044F0010659
:1010B000314305E04FF6F576314044F00106314307
:1010C00002830184F0BD70B505460C465D4885423B
:1010D0000ED05D4885420BD0B5F1804F08D05B48FB
:1010E000854205D05A48854202D05A48854200D1EF
:1010F00000E000BF208850B92389A2886188284673
:10110000FFF7ABFFE1882846FFF79EFF25E0208828
:1011100004280AD12389A28861882846FFF753FF53
:10112000E1882846FFF742FF17E0208808280AD107
:101130002389A28861882846FFF7FBFEE1882846BC
:10114000FFF7EEFE09E02389A28861882846FFF7B1
:10115000A6FEE1882846FFF795FE70BD2DE9F04117
:1011600005460C4600260127608808B9022600E0E3
:101170000026A088012801D1022700E0012720884D
:10118000A0B92389A28861882846FFF766FFE18815
:101190002846FFF759FF23893A4631462846FFF78C
:1011A00012FFE1882846FFF701FF13E02389A28898
:1011B00061882846FFF707FFE1882846FFF7F6FE1B
:1011C00023893A4631462846FFF747FFE1882846FB
:1011D000FFF73AFFBDE8F0810A884B881A438B88F5
:1011E0001A43CB881A430B891A434B891A438B89BC
:1011F0001A43A0F8442070474FF6FF718180002108
:101200000180C180418001727047002101804180CE
:101210008180C180018141818181C181704700212C
:1012200001804180012181800021C18001817047BE
:101230000021018041808180C180018141818181C3
:1012400070470000002C01400034014000040040C1
:1012500000080040000C004021B1028842F0010269
:10126000028004E002884FF6FE731A400280704745
:1012700031B1B0F8442042F40042A0F8442005E027
:10128000B0F84420C2F30E02A0F8442070471AB10F
:1012900083890B43838102E083898B438381704779
:1012A0008182704741EA0203A0F8483070471AB1C2
:1012B00083890B43838102E083898B438381704759
:1012C00001894FF6F8721140018170470A460021EA
:1012D00001894FF68F73194011430181704730B572
:1012E00004460D4629462046FFF7F0FF208940F0CE
:1012F0000700208130BD2DE9F04104460D46164619
:101300001F46602D06D13B46012231462046FFF79D
:101310005AFE05E03B46012231462046FFF79DFE7E
:1013200029462046FFF7D2FF208940F007002081A0
:10133000BDE8F08130B50C4600210189C9B24FF6F5
:10134000FF7505EA0325154325432943018130BD77
:101350002DE9F04105460E461746984600244346BF
:101360003A4631462846FFF7E5FF2C894FF6F870DC
:10137000044044F007044FF68F70044044F07004BA
:101380002C81BDE8F081F0B504460D4616461F4697
:101390003B46324629462046FFF7CCFF208940F4E1
:1013A00080402081F0BD0185828270470A4600217D
:1013B00001884FF68F731940114301807047F0B5D3
:1013C0000C4615461E460021002200230189028B8F
:1013D000038C4FF6F877394021434FF6FC473A40EB
:1013E00040F201173A434FF6DD773B404FF6FF7767
:1013F00007EA06172F433B43018102830384F0BDB4
:101400000A460021018B4FF68F7319401143018367
:1014100070470A460021018B48F6FF7319404FF6CA
:10142000FF7303EA02231943018370470A46002130
:10143000818B4FF68F7319401143818370470A46A1
:101440000021818B48F6FF7319404FF6FF7303EAC2
:10145000022319438183704721B1028842F0800240
:10146000028004E002884FF67F731A4002807047C2
:1014700021B1828842F00402828004E082884FF623
:10148000FB731A408280704721B1828842F00802C3
:10149000828004E082884FF6F7731A40828070479A
:1014A00021B1828842F00102828004E082884FF6F6
:1014B000FE731A40828070470A460021018B4FF666
:1014C000F77319401143018370470A460021018BCD
:1014D0004FF2FF7319404FF6FF7303EA02231943DB
:1014E000018370470A460021818B4FF6F77319403C
:1014F0001143818370470A460021818B4FF2FF73AD
:1015000019404FF6FF7303EA0223194381837047A2
:101510000A460021018B4FF6FB73194011430183EA
:1015200070470A460021018B4FF6FF3319404FF6F2
:10153000FF7303EA02231943018370470A4600211F
:10154000818B4FF6FB7319401143818370470A4624
:101550000021818B4FF6FF3319404FF6FF7303EAEA
:1015600002231943818370470A460021018B4FF6FD
:101570007F7319401143018370470A460021018B94
:10158000C1F30E014FF6FF7303EA022319430183EF
:1015900070470A460021818B4FF67F731940114333
:1015A000818370470A460021818BC1F30E014FF6FB
:1015B000FF7303EA02231943818370470A4600211F
:1015C000018C4FF6FD7319401143018470470A46A0
:1015D0000021018C4FF6F7731940114301847047C5
:1015E0000A460021018C4FF6DF7319404FF6FF7356
:1015F00003EA02131943018470470A460021018C53
:101600004FF67F7319404FF6FF7303EA0213194335
:10161000018470470A460021018C4FF6FF531940A0
:101620004FF6FF7303EA02231943018470470A4609
:101630000021018C4FF2FF7319404FF6FF7303EA4C
:1016400002231943018470470A460021018C4DF69C
:10165000FF7319404FF6FF7303EA02331943018405
:10166000704730B5002301248C40A3B2048C9C4306
:101670000484048C02FA01F5ADB22C43048430BD1D
:1016800030B5002304248C40A3B2048C9C43048412
:10169000048C02FA01F5ADB22C43048430BD70B560
:1016A0000346002000241846183001258D40ACB2B6
:1016B0001D8CA5431D8409B1082909D100EB6100E7
:1016C000056825F0700505600568154305600EE0A6
:1016D0000D1FC5F34E052844056825F4E045056057
:1016E00005684FF6FF7606EA02263543056070BDB1
:1016F00021B1028842F00202028004E002884FF623
:10170000FD731A400280704721B1028842F0040242
:10171000028004E002884FF6FB731A400280704793
:1017200021B1828842F08002828004E082884FF6F4
:101730007F731A408280704702884FF6F7731A4011
:10174000028002880A430280704782884FF68F73B6
:101750001A40828082880A438280704702894FF64D
:10176000F8731A40028102890A4302817047028994
:101770004FF67F731A40028102890A430281704743
:1017800081847047818570478186704701877047E3
:1017900081877047A0F84010704702884FF6FF43DA
:1017A0001A40028002880A43028070470146888EF0
:1017B00070470146088F70470146888F7047014681
:1017C000B1F8400070470146888C70470146088D8B
:1017D000704702460020138A0B400BB1012000E045
:1017E00000207047CA430282704730B5024600208D
:1017F00000230024158A05EA0103958905EA0104FE
:1018000013B10CB1012000E0002030BDCA430282B8
:101810007047000010B50446FB48844209D10121FD
:101820008803FFF79FF800214FF48040FFF79AF8F4
:1018300032E0F648844209D101214804FFF79FF8BD
:1018400000214FF40030FFF79AF825E0F048844279
:1018500009D101218804FFF792F800214FF480207C
:10186000FFF78DF818E0EB48844209D10121C80444
:10187000FFF785F800214FF40020FFF780F80BE018
:10188000E548844208D101210805FFF778F80021D6
:101890004FF48010FFF773F810BD2DE9F04786B0C4
:1018A00005460E460024A24600BFA1460027B08987
:1018B00000B100BF2F462C8A4CF6FF700440F08820
:1018C00004432C82AC894EF6F3100440B088318971
:1018D0000843718908430443AC81AC8A4FF6FF404A
:1018E0000440B0890443AC8201A8FEF7B4FFC648A7
:1018F000874202D1DDF810A001E0DDF80CA0A88934
:1019000000F4004040B10AEBCA0000EB0A10316855
:101910004900B0FBF1F807E00AEBCA0000EB0A103F
:1019200031688900B0FBF1F86420B8FBF0F00401E5
:101930002009642101FB1089A88900F4004040B10E
:10194000322000EBC900B0FBF1F000F007000443C7
:1019500008E0322000EB09106421B0FBF1F000F048
:101960000F0004432C8106B0BDE8F0874FF41651F8
:10197000016000218180C18001810C214181002111
:101980008181704710B502460020108A4FF2FF0394
:1019900018400B884C8823438C882343CC882343EE
:1019A0001843108210BD0021018041808180C180D8
:1019B000704721B1828942F40052828104E0828919
:1019C0004DF6FF731A4082817047F0B5034600243C
:1019D00000260025002040F66A17B94200D100BF5A
:1019E0001846C1F3421401F01F06012707FA06F555
:1019F000012C01D10C3004E0022C01D1103000E0A8
:101A000014301AB107682F43076002E00768AF433C
:101A10000760F0BD1AB1838A0B43838202E0838A98
:101A20008B4383827047028A4FF6F0731A4002821A
:101A3000028A0A430282704782894FF2FF731A407A
:101A4000828182890A438281704721B1828942F072
:101A50000202828104E082894FF6FD731A4082817E
:101A60007047028A4FF6DF731A400282028A0A43E5
:101A70000282704721B1028A42F48042028204E06D
:101A8000028A4BF6FF731A4002827047C1F30802C4
:101A90008280704701468888C0F3080070478189BA
:101AA00041F0010181817047028BD2B20283028B27
:101AB00042EA012202837047028B02F47F420283D2
:101AC000028B0A430283704721B1828A42F02002CE
:101AD000828204E0828A4FF6DF731A408282704766
:101AE00021B1828A42F01002828204E0828A4FF69B
:101AF000EF731A408282704721B1828A42F0080255
:101B0000828204E0828A4FF6F7731A40828270471D
:101B100021B1828942F40042828103E08289C2F3CA
:101B20000E028281704721B1828A42F40062828271
:101B300004E0828A4FF2FF731A4082827047828AE1
:101B40004FF6FB731A408282828A0A438282704770
:101B500021B1828A42F00202828204E0828A4FF638
:101B6000FD731A408282704702460020B1F5007F63
:101B700000D100BF13880B400BB1012000E0002012
:101B8000704701F40072B2F5007F00D100BFCA4374
:101B90000280704770B50246002400230025002013
:101BA00040F66A16B14200D100BFC1F3421501F000
:101BB0001F03012606FA03F3012D02D19689334053
:101BC00006E0022D02D1168A334001E0968A3340A6
:101BD0000C12012606FA04F41688344013B10CB135
:101BE000012000E0002070BD10B50022002340F667
:101BF0006A14A14200D100BF0A1201249440A3B28A
:101C0000DC43048010BD0000003801400044004067
:101C100000480040004C00400050004010B5044611
:101C2000FA48844208D101214015FEF79BFE0021AD
:101C30006015FEF797FE17E0F548844208D10121B0
:101C40000015FEF78FFE00212015FEF78BFE0BE03E
:101C5000F048844208D10121C803FEF783FE002129
:101C60004FF40040FEF77EFE10BD30B50246002066
:101C700000235068E84C20400D790C6844EA0524A4
:101C8000204350609068E54C2040D1E902542C4339
:101C90004D7944EA450420439060D06A20F47000F6
:101CA0000C7C641EE4B2234340EA0350D06230BD92
:101CB00000210160017141718160C16001210174E5
:101CC000704721B1826842F00102826003E08268BD
:101CD00022F001028260704721B1826842F4807272
:101CE000826003E0826822F480728260704710B5DF
:101CF0000023CBB21AB144681C43446002E044683C
:101D00009C43446010BD816841F0080181607047C8
:101D1000014600208A6802F008020AB1012000E0B2
:101D200000207047816841F00401816070470146DE
:101D300000208A6802F004020AB1012000E00020BD
:101D4000704721B1826842F4A002826003E0826899
:101D500022F4A00282607047014600208A6802F4E3
:101D600080020AB1012000E00020704710B50A4649
:101D700000210023416821F46041531E41EA4331B0
:101D8000416010BD21B1426842F40062426003E04C
:101D9000426822F4006242607047F0B504460D4686
:101DA00000200021092D11DDE068A5F10A0606EBEF
:101DB0004607072606FA07F18843A5F10A0606EB4F
:101DC000460603FA06F10843E0600CE0206905EBE3
:101DD0004507072606FA07F1884305EB450603FA8F
:101DE00006F108432061072A0FDA606B561E06EBE6
:101DF00086071F2606FA07F18843561E06EB86065D
:101E000005FA06F10843606322E00D2A0FDA206B21
:101E1000D61F06EB86071F2606FA07F18843D61F52
:101E200006EB860605FA06F10843206310E0E06A37
:101E3000A2F10D0606EB86071F2606FA07F1884376
:101E4000A2F10D0606EB860605FA06F10843E062EC
:101E5000F0BD21B1826842F48012826003E08268A2
:101E600022F48012826070470146C86C80B27047CD
:101E700066484C300068704721B1426842F4806285
:101E8000426003E0426822F480624260704721B100
:101E9000426842F48052426003E0426822F4805279
:101EA000426070470A460021816821F4E0411143F5
:101EB0008160704721B1826842F40042826003E091
:101EC000826822F400428260704721B1826842F445
:101ED0000212826003E0826822F40212826070477C
:101EE000014600208A6802F400120AB1012000E0D5
:101EF00000207047F0B50446154600200022002659
:101F0000092911DDE068A1F10A0707EB470C072753
:101F100007FA0CF29043A1F10A0707EB470703FA0F
:101F200007F21043E0600CE0206901EB410C072749
:101F300007FA0CF2904301EB410703FA07F2104352
:101F40002061A06BC0F30156EF1C06F1010CA7EB5A
:101F50000C0707EB870C1F2707FA0CF29043EF1CC6
:101F600006F1010CA7EB0C0707EB870701FA07F254
:101F70001043A063F0BD10B50A4600210023816B19
:101F800021F44011531E41EA0351816310BD08B58D
:101F9000002300930090009B0B440093009B1A6069
:101FA00008BD08B5024600200090009201F128000B
:101FB000009B184400900098006880B208BD0A4653
:101FC00000214168164B194011434160704741623E
:101FD000826270470A460021416821F01F011143C7
:101FE0004160704740B109490831096841F4000176
:101FF000064A0832116007E004490831096821F4F3
:102000000001024A083211607047000000240140BC
:1020100000280140003C0140FFFEF0FFFDF7F1FF0A
:10202000FFFD3FFF0246002013680B400BB101206B
:1020300000E000207047CA430260704770B5024656
:102040000020002300240B125568CEB205EA0604D6
:1020500015681D4015B10CB1012000E0002070BDD5
:1020600000220A12D3430360704700000CB5002021
:10207000019000906C48006840F480306A49086024
:1020800000BF6948006800F4003000900198401CCF
:102090000190009818B90198B0F5A06FF1D162488D
:1020A000006800F4003010B10120009001E0002031
:1020B00000900098012843D15C48006840F010006F
:1020C0005A4908600846006820F003000860084686
:1020D000006840F002000860534840685249486078
:1020E0000846406848600846406840F480604860A0
:1020F0000846406820F47C1048600846406840F478
:10210000E81048600846006840F08070086000BF32
:102110004548006800F000700028F9D04248406847
:1021200020F00300404948600846406840F0020043
:10213000486000BF3C48406800F00C000828F9D116
:102140000CBD10B5FFF792FF10BD10B53648006802
:1021500040F00100344908600846406834490840AE
:102160003149486008460068324908402E490860F5
:102170000846006820F4802008600846406820F483
:10218000FE0048604FF41F008860FFF7DAFF4FF051
:1021900000602949086010BD10B500210020002210
:1021A000214B5B6803F00C0121B1042906D00829FA
:1021B00028D107E0214B224C236027E01F4B204C05
:1021C000236023E0184B5B6803F47010164B5B68C8
:1021D00003F48032022303EB904022B9194B4343AE
:1021E000174C23600DE0104B5B6803F4003323B100
:1021F000144B4343124C236003E0104B4343104CF9
:10220000236003E00D4B0E4C236000BF00BF064B64
:102210005B68C3F303130C4CE15C094B1B68CB40B8
:10222000074C236010BD0000001002400020024057
:102230000000FFF8FFFFF6FE08ED00E000127A0054
:102240001400002000093D0018000020014605E0B0
:10225000002001E0421CD0B20A28FBDB0A1EA1F1DB
:102260000101F5D1704710B5044603E04FF47A70D0
:10227000FFF7ECFF201EA4F10104F7D110BD704759
:1022800008B50720009002E00098401E00900098DA
:102290000028F9D108BD10B54FF40070E649086078
:1022A00040100860FFF7ECFFE3480838006808B901
:1022B000012000E0002000F4007008B1002010BDF3
:1022C0004FF40070DC49091D0860FFF7D9FFDA48B8
:1022D0000838006800F4007008B10020EFE74FF400
:1022E0000070D549091D0860FFF7CAFF0120E6E725
:1022F00010B54FF48070D049091D0860FFF7C0FF8A
:102300004FF40070CC49091D0860FFF7B9FF4FF486
:102310008070C9490860FFF7B3FF4FF40070C649E9
:102320000860FFF7ADFF10BD10B54FF48070C249D3
:10233000091D0860FFF7A4FF4FF40070BE49091D96
:102340000860FFF79DFF4FF48070BB490860FFF7FE
:1023500097FF4FF48070B849091D0860FFF790FFA0
:1023600010BD10B54FF48070B349091D0860FFF728
:1023700087FF4FF40070B0490860FFF781FF4FF40A
:102380008070AD490860FFF77BFF4FF48070AA4969
:10239000091D0860FFF774FF10BD10B54FF4807081
:1023A000A549091D0860FFF76BFF4FF40070A249B3
:1023B0000860FFF765FF4FF480709F490860FFF7E2
:1023C0005FFF9D480838006800F4007030B14FF49A
:1023D00080709949091D0860002010BD4FF480707D
:1023E0009549091D08600120F7E770B504460825E6
:1023F0001DE04FF480709049091D0860FFF740FF11
:1024000004F0800020B14FF400708B49086004E0B4
:102410004FF400708849091D08606006040EFFF73C
:102420002FFF4FF4807084490860FFF729FF281EB2
:10243000A5F10101CDB2DCD14FF480707E49091DB8
:10244000086070BD70B508250024A8017A490860AD
:1024500016E06006040E4FF480707749091D08608D
:10246000FFF70EFF4FF4807073490860FFF708FF15
:1024700071480838006800F4007008B144F00104A5
:10248000281EA5F10101CDB2E3D14FF480706A4955
:10249000091D0860204670BD08B501210820FEF71F
:1024A00047FA4FF44070ADF8000002208DF80200AA
:1024B00014208DF8030069465F481038FDF77CFF53
:1024C00008BD2DE9F04105460E4617469846FFF730
:1024D000E2FE10B90020BDE8F081002141EA45018B
:1024E000C8B2FFF782FFFFF758FF18B9FFF700FFE8
:1024F0000020F0E73046FFF778FFFFF74EFF00249B
:102500000BE018F80400FFF770FFFFF746FF18B95B
:10251000FFF7EEFE0020DEE7641CBC42F1DBFFF7B4
:10252000E7FE0120D7E72DE9F04104460D461646A7
:102530001F463B46324629462046FFF7C2FF10B1F0
:102540000020BDE8F0814FF0FF30FAE72DE9F041BF
:1025500005460F4614461E46FFF79DFE10B90020A3
:10256000BDE8F081002141EA4501C8B2FFF73DFF17
:10257000FFF713FF18B9FFF7BBFE0020F0E738465E
:10258000FFF733FFFFF709FFFFF785FE012101EB9E
:102590004501C8B2FFF729FFFFF7FFFE0CE0FFF788
:1025A00051FF3070012C02D1FFF7DBFE01E0FFF795
:1025B000BBFE761C601EC4B2002CF0D1FFF798FE63
:1025C0000120CDE72DE9F04104460D4616461F4691
:1025D0003B46324629462046FFF7B8FF10B100209F
:1025E000BDE8F0814FF0FF30FAE770B504460D46C4
:1025F0001646FFF750FE08B9002070BD002141EAE1
:102600004401C8B2FFF7F1FEFFF7C7FE18B9FFF7A4
:102610006FFE0020F1E72846FFF7E7FEFFF7BDFE5B
:102620003046FFF7E2FEFFF7B8FEFFF761FE01203C
:10263000E3E7002070470000100C014008B50121BD
:102640001120FEF775F901210B48FDF786FF4FF4C5
:10265000C040ADF8000003208DF8020010208DF876
:10266000030069460548FDF7A7FE4FF4C041034843
:10267000FDF74FFF08BD00000002300000100140D0
:10268000002400270026FFF760FD41F61F4141F2BC
:10269000883001F09FFF01F0D9FF01F009FE00F042
:1026A000DBF800F03DF8FFF7C9FF02F055F800F045
:1026B000E9F800F050F9FFF7EFFE0A2000F028FEDD
:1026C00000F05CFA00F0CCFD00F043FE002108466B
:1026D00001F0B3FC104807784FF0E020006940F0AB
:1026E00001004FF0E021086114E000F0B7FA6EB984
:1026F00009480578E81BC0B204442F46B4F5C87FEA
:1027000003D3064800F014FE012600BF01F09FFD30
:1027100001F04DFCE9E70000A40000200000DC42CD
:1027200008B501210820FEF703F94FF47040ADF819
:10273000000010208DF8030003208DF80200694688
:10274000FE48FDF739FE4FF47041FC48FDF7E1FE0D
:1027500008BD08B501210846FEF7F7F8012104205D
:10276000FEF7E6F80C20ADF8000018208DF8030005
:1027700003208DF802006946F148FDF71DFE08BDF3
:1027800030B587B00025002440F2E730ADF81400E2
:102790000020ADF81000ADF81600ADF8120004A945
:1027A0004FF08040FEF7FCF96020ADF800000120FA
:1027B000ADF80200ADF806500020ADF808006946FB
:1027C0004FF08040FEF7B8FA0821C806FEF78AFEEF
:1027D0000120ADF80200ADF806400020ADF8080079
:1027E00069464FF08040FEF7F2FA0821C806FEF76E
:1027F00082FE01218807FEF72FFE01218807FEF7E0
:102800002BFD07B030BD2DE9FF4104460D4627469C
:102810002E466020ADF800000120ADF80200ADF8B2
:1028200006700020ADF8080069464FF08040FEF7C2
:1028300083FA0821C806FEF755FE0120ADF8020014
:10284000ADF8066069468007FEF7C1FA0821C806A0
:10285000FEF751FEBDE8FF8110B5FFF77AFFFFF7E5
:102860008FFF10BDB7490888098821F00101B54ADA
:1028700011807047B4490888098821F00101B24AE3
:102880001180704700B589B001210220FEF75DF884
:1028900001210420FEF74CF801A8FDF718FEC02026
:1028A000ADF8040004208DF8070003208DF8060021
:1028B00001A9A348FDF780FD4FF4A060FDF720FCBF
:1028C0001D208DF8080001208DF8090003208DF8E7
:1028D0000A0001208DF80B0002A8FDF716FC9948AC
:1028E0001038FEF789F806A8FEF786FC0020ADF840
:1028F00018004FF6FF70ADF81C000020ADF81E0068
:10290000ADF81A0006A98F481038FEF749F90A23D6
:102910001A4603218B481038FEF751FD03A8FEF735
:102920007EFC0620ADF8140003A986481038FEF797
:10293000CAFB012183481038FEF754FF01221146DB
:1029400080481038FEF7A3FC01217E481038FEF7BE
:1029500083FC09B000BD00B589B001210420FDF75A
:10296000F4FF01210820FDF7E3FF01A8FDF7AFFD0B
:10297000C020ADF8040004208DF8070003208DF876
:10298000060001A96D48FDF717FD4FF4A060FDF7A3
:10299000B7FB1E208DF8080001208DF809000320E8
:1029A0008DF80A0001208DF80B0002A8FDF7ADFBA1
:1029B00065481038FEF720F806A8FEF71DFC002039
:1029C000ADF818004FF6FF70ADF81C000020ADF810
:1029D0001E00ADF81A0006A95B481038FEF7E0F8B3
:1029E0000A231A46032158481038FEF7E8FC03A8CA
:1029F000FEF715FC0620ADF8140003A95248103864
:102A0000FEF761FB012150481038FEF7EBFE012272
:102A100011464D481038FEF73AFC01214A4810385B
:102A2000FEF71AFC09B000BD00B585B001210420F5
:102A3000FDF77EFF01210220FDF787FF8020ADF822
:102A4000100004208DF8130003208DF8120004A953
:102A50003B48FDF7B1FC4FF4A060FDF751FB1D2092
:102A60008DF8000001208DF8010003208DF8020090
:102A700001208DF803006846FDF747FB3148103808
:102A8000FDF7BAFF4FF6FF70ADF808000020ADF873
:102A90000400ADF80A00ADF8060001A92948103875
:102AA000FEF77EF800231A46602126481038FEF70C
:102AB00022FC002123481038FEF762FE0121214844
:102AC0001038FEF7C9FB05B000BD00B585B0012187
:102AD0000820FDF72DFF01210420FDF736FF80209F
:102AE000ADF8100004208DF8130003208DF81200BB
:102AF00004A91248FDF760FC4FF4A060FDF700FB4D
:102B00001E208DF8000001208DF8010003208DF8B3
:102B1000020001208DF803006846FDF7F6FA0A4826
:102B20001038FDF769FF4FF6FF70ADF80800002080
:102B3000ADF80400ADF80A0008E00000000C014008
:102B4000000801401004004010080040ADF80600E5
:102B500001A90948FEF724F800231A466021064817
:102B6000FEF7C9FB00210448FEF70AFE01210248D6
:102B7000FEF772FB05B000BD0008004070B50024F0
:102B800002F0B5FA0446002C60D17CA001F00DFDE6
:102B9000782001F00EFF18B981A001F006FD02E0D7
:102BA00087A001F002FD782002F0F0F818B98FA09C
:102BB00001F0FBFC02E096A001F0F7FC642002F0BB
:102BC000C6F918B99EA001F0F0FC02E0A6A001F041
:102BD000ECFC03F07DFD18B9ACA001F0E6FC02E0CE
:102BE000B7A001F0E2FCC54804F04EFC054603F036
:102BF00079FD18B9C2A001F0D8FC02E0CAA001F02A
:102C0000D4FC40F2731004F0AEF918B9D2A001F070
:102C1000CCFC02E0D9A001F0C8FC642003F01CFF4A
:102C200018B9E2A001F0C1FC02E0E9A001F0BDFC8E
:102C300004F03EFC012003F091FA18B9EFA001F076
:102C4000B4FC0AE0F6A001F0B0FC06E04FF400513D
:102C5000FE48FDF760FC00BFFEE770BD2DE9F04FB8
:102C600089B0FB48FB49FC4BFC4ACDE90010FC490C
:102C7000FC4804F0D7FAF748008800F48070002878
:102C80007AD0F649086804F045FF04464FF09D41AC
:102C900004F07AFDF4490860F049486804F03AFF0E
:102CA00004464FF09D4104F06FFDF0490860EB4988
:102CB000886804F02FFF04464FF09D4104F064FD46
:102CC000EB490860E549C86804F024FF04464FF06A
:102CD0009D4104F059FDE7490860E34801684FF061
:102CE000804004F01FFD0690E1480168069804F05A
:102CF00019FD8246DD4801684FF0404004F012FDA6
:102D00000690DC480168069804F00CFD83465146A5
:102D100004F0B0FC079004F049FF064606F06EF997
:102D200080464FF06632D44B04F013FE044604F0A4
:102D300069FFD2490860CE4801684FF0804004F036
:102D4000F1FC0390CA480168039804F0EBFC82464A
:102D5000C64801684FF0404004F0E4FC0390C348CB
:102D60000168039804F0DEFC8346514604F0D4FC6D
:102D700081464FF07E5183E10CE200006D707520BA
:102D8000696E697469616C697A6174696F6E2063D8
:102D90006F6D706C6574652E2E2E2E2E2E0A2000FF
:102DA0006D70755F7365745F73656E736F722063AA
:102DB0006F6D706C657465202E2E2E2E2E2E0A00DF
:102DC0006D70755F7365745F73656E736F7220638A
:102DD0006F6D65206163726F7373206572726F72BD
:102DE000202E2E2E2E2E2E0A000000006D70755FF4
:102DF000636F6E6669677572655F6669666F20638B
:102E00006F6D706C657465202E2E2E2E2E2E0A008E
:102E10006D70755F636F6E6669677572655F666911
:102E2000666F20636F6D65206163726F73732065D9
:102E300072726F72202E2E2E2E2E2E0A000000008F
:102E40006D70755F7365745F73616D706C655F72D3
:102E500061746520636F6D706C657465202E2E2E15
:102E60002E2E2E0A000000006D70755F7365745F72
:102E700073616D706C655F72617465206572726FED
:102E800072202E2E2E2E2E2E0A000000646D705FF2
:102E90006C6F61645F6D6F74696F6E5F6472697689
:102EA00065725F6669726D7761726520636F6D70C0
:102EB0006C657465202E2E2E2E2E2E0A000000002A
:102EC000646D705F6C6F61645F6D6F74696F6E5F6E
:102ED0006472697665725F6669726D77617265208A
:102EE000636F6D65206163726F7373206572726FBB
:102EF00072202E2E2E2E2E2E0A00000028000020DA
:102F0000646D705F7365745F6F7269656E74617410
:102F1000696F6E20636F6D706C657465202E2E2E48
:102F20002E2E2E0A00000000646D705F7365745FC2
:102F30006F7269656E746174696F6E20636F6D6521
:102F4000206163726F7373206572726F72202E2E10
:102F50002E2E2E2E0A000000646D705F656E616279
:102F60006C655F6665617475726520636F6D706C0A
:102F7000657465202E2E2E2E2E2E0A00646D705F35
:102F8000656E61626C655F6665617475726520630C
:102F90006F6D65206163726F7373206572726F72FB
:102FA000202E2E2E2E2E2E0A00000000646D705F43
:102FB0007365745F6669666F5F7261746520636FC5
:102FC0006D706C657465202E2E2E2E2E2E0A00003C
:102FD000646D705F7365745F6669666F5F7261745C
:102FE0006520636F6D65206163726F737320657216
:102FF000726F72202E2E2E2E2E2E0A006D70755F8F
:103000007365745F646D705F737461746520636F62
:103010006D706C657465202E2E2E2E2E2E0A0000EB
:103020006D70755F7365745F646D705F73746174E8
:103030006520636F6D65206163726F7373206572C5
:10304000726F72202E2E2E2E2E2E0A00001001409E
:10305000620000206000002050000020EC010020F1
:103060005A000020540000203400002038000020C6
:103070003C0000204000002066A64C404400002098
:1030800004F0F8FA044604F091FDCDE90401434848
:1030900001684FF0804004F045FB834640480168DA
:1030A000584604F03FFB81463E4801684FF080409F
:1030B00004F038FB83463C480168584604F032FB74
:1030C0008246494604F0D6FA044604F06FFD0746EE
:1030D000DDE9042306F0DAF94FF06632334BCDE92F
:1030E000060104F036FC054604F08CFD304908600A
:1030F0002D480168006804F015FB03902948016819
:10310000006804F00FFB029025480168006804F095
:1031100009FB834621480168006804F003FB594617
:10312000019004F0A7FA8246029904F0F5FA81466C
:10313000039904F0F1FA044604F038FDCDE90401E6
:10314000194801681548006804F0ECFA82461548F1
:1031500001681348006804F0E5FA8346514604F01C
:1031600089FA81464FF0804104F0DCFA044604F00D
:103170001DFD0746DDE9042306F088F94FF06632AD
:103180000A4BCDE9060104F0E4FB054604F03AFDE4
:103190000849086009B0BDE8F08F00003400002045
:1031A000380000203C0000204000002066A64C4073
:1031B000480000204C000020704700BFFEE700BF21
:1031C000FEE700BFFEE700BFFEE7704770477047AD
:1031D00010B51D480078401C1B4908701B4800783A
:1031E000401C1A4908701A480078401C1849087099
:1031F00000F036FB17480078401C16490870164846
:103200000078401C1449087014480078401C134989
:1032100008700E480078012806DB01F088FA00F0FB
:10322000BEFC00200949087009480078082806DB20
:1032300000F043FB0020064908700649087000F0C2
:103240002BF900F047FA10BDA4000020A9000020CF
:10325000A5000020A6000020A7000020A800002054
:1032600030B527480068C822B0FBF2F1B1F1807F89
:1032700001D301201DE021F07F40401E4FF0E022ED
:10328000506150170F22002807DA13071D0E1D4B3F
:1032900000F00F04241F1D5503E013071C0E1A4BEA
:1032A0001C5400BF00204FF0E02290610720106105
:1032B000002008B100BFFEE74FF0E020006920F0D9
:1032C00001004FF0E021086130BD01B50F490098C1
:1032D00008604FF0E020006940F001004FF0E0216D
:1032E000086100BF094800680028FBD108BD0748F5
:1032F000006820B105480068401E04490860704716
:103300001400002018ED00E000E400E0640000205C
:10331000002107E042F6E06100BF0A1EA1F10103AF
:1033200099B2FAD1021EA0F1010398B2F2D170470E
:103330000021FE4A1170FE490860FE490978FE4AE4
:1033400011700021FD4A1160FA490978FC4A117098
:10335000704700B50020FB490880FB490880FB4905
:103360000860FB490860FB490860FB490860FB49AD
:103370000860FB490860FB490860FB490860FB499D
:103380000860FB490860FB490860FB490860FB498D
:103390000860FB490860FB490860FB490860FB497D
:1033A0000860E4490870FA490870FA490870E14871
:1033B0000078E14908700020E0490860DD480078A5
:1033C000DF4908700020F4490860F4490860F448B7
:1033D000FFF7AEFF0020F349086000BD2DE9F04182
:1033E000F148006804F0E2FB0446F048D0E90063CD
:1033F0003246204604F0EEFB07D0EC48D0E900212D
:10340000104604F0FFFBE8490860E948006804F052
:10341000CDFB0446E548D0E902633246204604F07D
:10342000D9FB07D0E148D0E90221104604F0EAFBBD
:10343000DF490860DF48006804F0B8FB04460D4629
:10344000DA49D1E904633246294604F0C3FB07D0C8
:10345000D648D0E90421104604F0D4FBD5490860D1
:10346000D548006804F0A2FB0446D048D0E90663C2
:103470003246204604F0AEFB07D0CC49D1E9062104
:10348000104604F0BFFBCC4908600020C249086028
:10349000C2490860BDE8F0812DE9F041C7480068E5
:1034A000012810D10020C0490860C548006804F018
:1034B0003FFB06460022C34B04F04BFA044604F0DF
:1034C000A1FBB9490860BD480068022812D100205C
:1034D000B7490860BC490968A1F1400004F028FB25
:1034E00006460022B94B04F034FA044604F08AFB85
:1034F000AF490860B649B1F9040004F00BFBB549C7
:103500000860B549B1F9040004F004FBB349086050
:103510000021B348006804F091FB0BD0B149B048DA
:10352000006804F08BFB05D3AF49AD48006804F098
:103530008FFB05D24FF40051AC48FCF7ECFF04E0E0
:103540004FF40051A948FCF7E4FF0021A8480068A7
:1035500004F0E2F8824908609F49B1F9000004F0E4
:10356000D9FA064692480168304604F0DBF8044672
:103570007C4801687A48006804F0CEF806468A481C
:103580000168304604F0CEF80546214604F072F892
:1035900077490860BDE8F0812DE9F04104460D4609
:1035A000002C0CDA4FF480419248FCF7B2FF4FF444
:1035B00000419048FCF7AFFF604204B20AE04FF4CC
:1035C00000418C48FCF7A5FF4FF480418948FCF787
:1035D000A2FF00BF002D0CDA4FF400518548FCF724
:1035E00098FF4FF480518348FCF795FF684205B27D
:1035F0000AE04FF480517F48FCF78BFF4FF40051F5
:103600007C48FCF788FF00BFAFB2A6B231464FF04E
:103610008040FEF7BDF839464FF08040FEF7BAF81B
:1036200075496F48006804F013FB23D373496C4855
:10363000006804F003FB02D24FF0010801E04FF0F4
:10364000000800215048006804F0F8FA01D1012078
:1036500000E0002008EA000800214C48006804F05F
:10366000EDFA01D1012000E0002008EA0008B8F1DD
:10367000000F0DD000214FF08040FEF789F80021A7
:103680004FF08040FEF786F801205D49086002E0B7
:1036900000205B49086042493148006804F0D8FACC
:1036A00005D358492E48006804F0C8FA0DD200210D
:1036B0004FF08040FEF76CF800214FF08040FEF79D
:1036C00069F801204E49086002E000204C4908607A
:1036D000BDE8F08170B52448046830480168204690
:1036E00003F0C8FF044621462148006803F0C2FFEA
:1036F0002149086021461E48006804F00DF81D4964
:1037000008601D48006804F024FA00B2B0F57A7F22
:1037100002DD3D48184908601748006804F019FAAE
:1037200000B210F57A7F76DA384872E07500002032
:103730008C000020A40000207400002070000020F5
:1037400098000020F2000020F0000020000100207E
:10375000FC00002008010020040100200C010020D2
:10376000CC000020BC00002028010020B000002078
:10377000C0000020C8000020C40000202401002058
:103780006801002064010020300100202C0100208D
:10379000A5000020A60000209C000020A000002022
:1037A000000048421C010020DC000020989700081F
:1037B000E0000020E4000020E80000204C01002090
:1037C0003C0100200080FB3F400100200000C43F7E
:1037D0005A0000205C0100205400002060010020FD
:1037E000440000200000A0C10000A04100100140E2
:1037F00048000020000C014000002041000020C1D2
:1038000018010020000048C200007A4400007AC479
:1038100001E0FB490860FB48006804F09AF900B237
:10382000B0F57A7F02DDF848F6490860F54800688F
:1038300004F08FF900B210F57A7F02DAF348F1490B
:103840000860F048006804F084F905B2EC480068AC
:1038500004F07FF906B229463046FFF79DFE70BDA1
:1038600070B5EB48FDF7AFFF0446EA48FDF7ABFF44
:103870000546E9480460E94805600021E448FDF791
:103880007FFF0021E348FDF77BFF20B2E449088079
:10389000684200B2E3490880E3480068E049B1F9B2
:1038A00000100844E0490860E0480068DD49B1F9CB
:1038B00000100844DD49086070BD2DE9FC5FDA495D
:1038C0000968DA4A1268881804F024F9D8490860AF
:1038D000D6490968D44A1268881A04F01BF983464D
:1038E0004FF04041584604F0B3F907D24FF0804101
:1038F000584604F0A3F901D24FF0000B0020CB4949
:103900000860C9490860CB48006804F04FF90646D2
:103910004FF06632C84B04F01CF8044604F072F90C
:10392000C4490860C248006804F040F94FF03332DF
:10393000C24BCDE9000104F00CF806460F46BD4825
:10394000006804F033F9804632463B4603F05AFFE4
:10395000044604F057F9B749086008460168B848BA
:10396000006803F087FEB6490860B6480168B448AD
:10397000006803F07FFEB2490860B3480168B048B0
:10398000006803F077FEAE490860B048006801287F
:1039900001D100200860AA48006804F0DAF8B0F508
:1039A000FA5F02DDAA48A6490860A548006804F04D
:1039B000D0F810F5FA5F02DAA648A1490860A648D7
:1039C0000068032812D10020A4490860A4490968AE
:1039D000A1F1800004F0ACF806460022A14B03F0F0
:1039E000B8FF044604F00EF99C4908609A48006844
:1039F000042812D100209C4908609C490968A1F163
:103A0000C00004F095F806460022994B03F0A1FF90
:103A1000044604F0F7F894490860002188480068DB
:103A200003F07AFE064690480168304603F07AFEBD
:103A3000044600217F48006803F06EFE0646874872
:103A40000168304603F06EFE0546214603F012FE83
:103A50008849086088498948006804F0F9F805D366
:103A600087498648006804F0E9F80AD2814800686E
:103A700080F0004481480168204603F085FE8246BC
:103A800001E04FF0000A71480068012801D14FF0B1
:103A9000000A7C49504604F0DBF801D2DFF8E4A1CB
:103AA0007949504604F0CAF801D2DFF8DCA1774822
:103AB0000168504603F030FE0546754903F032FEBA
:103AC000044672480168204603F0D4FD6F4908603F
:103AD0005E480068002852D15A48006820F000442F
:103AE0006C49204604F0B4F849D80021584604F047
:103AF000A5F807D168496948006803F013FE6749D3
:103B000008600BE06649584603F00CFE0446634823
:103B10000168204603F0AEFD6049086061495F48D6
:103B2000006804F095F802D25E485C4908605E497E
:103B30005A48006804F082F802D25B48574908608E
:103B40005A49584603F0EEFD0446544801682046A1
:103B500003F090FD5649086056495548006804F046
:103B600077F802D2534852490860534950480068D8
:103B700004F064F811D250484D4908600DE04F49F7
:103B80004648006803F0CEFD444908604B49484868
:103B9000006803F0C7FD46490860BDE8FC9F2DE9B9
:103BA000F04147480068002829D14648FDF70BFE40
:103BB00000EB800000EB00104400204603F0B8FF4B
:103BC00005460022404B03F036FF074604F01AF882
:103BD0003E4908603E48007820B900201A49086034
:103BE000BDE8F0813948006803F0E0FF0446002298
:103BF000384B03F0EFFF72D83748134908608AE06A
:103C0000C4000020C800002000007A4400007AC4EC
:103C100000040040000800401001002014010020B2
:103C2000F0000020F2000020FC0000200001002035
:103C300004010020080100206666E63F3333D33FCD
:103C40000C010020240100201C010020180100208C
:103C50000000FA450000FAC54C010020E4000020F5
:103C6000440100200000DE3FE80000204801002061
:103C70000000C43FB80000206F12833ADC0000202F
:103C80006F1283BA0000A0400000A0C0BC0000205A
:103C90009A99993E0000F04148E17A3F9C0000204B
:103CA000A69B443B00002042000020C20AD7233ECE
:103CB000A00000200000A0420000A0C2CDCC4C3FDC
:103CC00034010020002C0140000069402001002048
:103CD0007500002000001040000096C3FFE7FE4979
:103CE000FE48006803F0B4FF01D8012400E000247E
:103CF0004FF08241F948006803F0A0FF01D801208D
:103D000000E0002004401CB1F548F649086002E0DC
:103D10000020F449086000BF62E72DE9FC5FF2482B
:103D20000068012878D1F148D0F800B0F048006868
:103D30000190F048B0F90290EF48B0F900A0E748D0
:103D40000468484603F0E6FE06464FF08D4103F056
:103D50001BFD0546E94903F0E5FCE94908605046CA
:103D600003F0D8FE0646E74903F0D6FC0546E649CF
:103D700003F00AFDE5490860584603F017FF0746BF
:103D8000E34AE44B03F057FE054603F03BFF83464E
:103D9000019803F00BFF0546DD4ADE4B03F04BFEB6
:103DA000074603F02FFF01905021DB4803F03EFC53
:103DB000D948DAA1096801600A21D94803F036FC24
:103DC000D84800210160416001810A21D64803F0F2
:103DD0002DFCD64800210160416001810A21D448B0
:103DE00003F024FCD3480021016041600181D249E5
:103DF000584603F023FF10D8D049584603F028FF57
:103E00000BD8584603F0D2FE05462A460B46CCA1F5
:103E1000C34804F035F902E0C7E0BDE8FC9FC6499D
:103E2000019803F00BFF0FD8C449019803F010FF6D
:103E30000AD8019803F0BAFE05462A460B46C0A1EF
:103E4000B84804F01DF900E0E7E7BF49AC48006856
:103E500003F0FEFE11D2BD49A948006803F0EEFE52
:103E60000BD2A748006803F0A1FE05462A460B4680
:103E7000B3A1AD4804F004F900E0CEE7B449A3488B
:103E8000006803F0E5FE11D2B249A048006803F0D3
:103E9000D5FE0BD29D48006803F088FE05462A46F1
:103EA0000B46A7A1A14804F0EBF800E0B5E700211C
:103EB000204603F0CDFE0FD8A749204603F0BEFEF2
:103EC0000AD2204603F072FE05462A460B469CA104
:103ED000974804F0D5F800E09FE7002000F07EFC52
:103EE0000090009803F01FFE07469C4903F01AFC5F
:103EF00006464FF08B4103F047FC0546984903F016
:103F00000BFC9849086000219648006803F0A0FE69
:103F100011D88E499348006803F090FE0BD2914867
:103F2000006803F043FE05462A460B4684A18148FB
:103F300004F0A6F800E070E77949774803F081FBC8
:103F400089A1754803F07DFB7649734803F079FB3E
:103F500086A1714803F075FB73496F4803F071FB4C
:103F600083A16D4803F06DFB70496B4803F069FB5A
:103F700080A1694803F065FB6D49674803F061FB68
:103F80007EA1654803F05DFB6A49634803F059FB75
:103F90007BA1614803F055FB50217A4803F046FBB2
:103FA00050225D49774803F028FB00BF35E710B584
:103FB00075480068401E744908604B480068012835
:103FC00007D10846006820B9FFF7A7FE6D4800F04A
:103FD000E0FA6D48006818B941F288306A49086013
:103FE00010BD2DE9F04180460D4614461E46069F41
:103FF0006649204603F022FE00D2644C0021384678
:1040000003F01CFE00D200276149384603F020FE71
:1040100000D25F4F5F48C0F8008045608460C66092
:10402000076101205C4908705C4800785C490870B1
:1040300000205C490860BDE8F0810222564B1A70EE
:10404000594A1060594A1160544A1278544B1A70F8
:104050000022544B1A60704770B5554805681F48D8
:1040600004685449204603F0F3FD06D24FF0824124
:10407000204603F0E3FD00D800254F4805600020EE
:104080004E4908604E4908601649086070BD2DE928
:10409000FF5F4248047842480078201AC0B203907B
:1040A0003F4804703F480168039808443D49086050
:1040B0000846006803F037FD0746424903F032FB2B
:1040C000064634488168304603F02CFB05463148EB
:1040D000C168284678E000000000A04020010020D0
:1040E0000000FA431C01002050010020C400002001
:1040F000C80000205A00002054000020CDCC1C41F4
:104100005C0100209A190043000003436001002075
:1041100048E17A14AE470F40FC010020244C5600C1
:10412000140300201E030020280300203203002077
:104130003C0300204603002000007A4400007AC4BB
:1041400025332E32660000000000A0C10000A0410F
:1041500000803BC500803B4500401C46CDCC54410F
:10416000CDCC4C3EAC0000202C5256002C414300DC
:104170002C4759002C435342000000002C56540099
:10418000230000004C02002054010020CDCCCC3D87
:104190006666E63E7800002075000020A40000203E
:1041A0007400002070000020900000209400002087
:1041B0008C0000200AD7233C240100202801002085
:1041C000340100200AD7A33B03F054FA8146494644
:1041D0004FF0804003F0A6FA009003F0E7FC05469C
:1041E00005F014FA074603F00DFD834628480169DF
:1041F000584603F097FA8246254801694FF07E50F1
:1042000003F08AFA5146019003F034FA02902049F3
:104210000868029903F086FA1E490860484603F0D0
:10422000C5FC074605F040FA054603F0EBFC824664
:1042300017484168504603F075FA17490860012095
:1042400016490860002016490860BDE8FF9F10B5B8
:1042500014480078B8B1012802D0022812D102E037
:10426000FFF715FF12E0104800680A4908600F4880
:1042700000680949086001200849086000200849D1
:10428000086003E000BFFFF7E7FE00BF00BF10BDFE
:1042900078000020240100202801002034010020A3
:1042A0001C010020750000209000002094000020D8
:1042B00000B585B0012144F20400FCF739FB4FF44E
:1042C0000070ADF8100018208DF8130003208DF851
:1042D000120004A9BB48FCF76FF84FF48060ADF8FA
:1042E000100004208DF8130004A9B648FCF764F808
:1042F0004FF4E13000900020ADF80400ADF8060066
:10430000ADF80800ADF80C000C20ADF80A006946C5
:10431000AD48FDF7C2FA0121AB48FDF74AFB05B0F5
:1043200000BD08B54FF48060FBF7EAFE27208DF84A
:10433000000004208DF8010001208DF802008DF8A6
:1043400003006846FBF7E1FE08BD00B585B001211A
:104350008804FCF7FAFA01210820FCF7E9FA4FF487
:104360008060ADF8100018208DF8130003208DF840
:10437000120004A99548FCF71FF84FF40060ADF84F
:10438000100004208DF8130004A99048FCF714F8DD
:10439000FFF7C7FF4FF4165000900020ADF804005F
:1043A000ADF80600ADF80800ADF80C000C20ADF833
:1043B0000A0069468648FDF770FA012240F225514D
:1043C0008348FDF702FB01218148FDF7F2FA05B0B1
:1043D00000BD70B504460D46E1B27B48FDF756FBC3
:1043E00000BF40217848FDF7BFFB0128F9D12046E6
:1043F00070BDF0B503460D461646002729460A2E25
:1044000003D0002008702846F0BD33B9302001F8F1
:10441000010B002008702846F6E7002B03DA2D2058
:1044200001F8010B5B4242F210720DE093FBF2F4D3
:1044300004B937B104F1300001F8010B04FB123369
:1044400001270A2092FBF0F2002AEFDC002008701E
:104450002846D9E70FB470B586B006460CA801907F
:1044600073E00B9800785C281CD10B98401C0B90D3
:1044700000786E2809D072280FD10D213046FDF743
:1044800005FB0B98401C0B900BE00A213046FDF712
:10449000FDFA0B98401C0B9003E00B98401C0B900E
:1044A00000BF4BE00B980078252840D10B98401CAA
:1044B0000B900078642818D0732833D1019810C865
:1044C00001900BE021783046FDF7E0FA00BF402173
:1044D0003046FDF749FB0028F9D0641C20780028FD
:1044E000F0D10B98401C0B9020E0019820C801905F
:1044F0000A2202A92846FFF77CFF02AC0BE02178D4
:104500003046FDF7C3FA00BF40213046FDF72CFBD3
:104510000028F9D0641C20780028F0D10B98401CAA
:104520000B9003E00B98401C0B9000BF06E00B982B
:1045300010F8011B0B903046FDF7A8FA00BF402190
:104540003046FDF711FB0028F9D00B9800780028C1
:1045500087D106B070BC5DF814FB10B50446214647
:104560001948FDF793FA00BF40211748FDF7FCFA00
:104570000128F9D110BD10B5044621461448FDF7B5
:1045800085FA00BF40211248FDF7EEFA0128F9D163
:1045900010BD70B505462C4603E02078FFF7EBFF11
:1045A000641C20780028F8D170BD70B505462C46F3
:1045B00003E02078FFF7D1FF641C20780028F8D1B1
:1045C00070BD00000008014000380140000C0140AF
:1045D000004800407FB504460D460121C802FCF7A3
:1045E000A7F941F28830ADF8080041F61F40ADF858
:1045F00004000120ADF80A000020ADF8060001A972
:104600001148FCF7CDFA012241210F48FCF73FFE8B
:1046100019208DF8000003208DF8010000208DF88E
:10462000020001208DF803006846FBF76EFD7FBD98
:1046300010B501210448FDF7D8F818B1012102484E
:10464000FDF7E4F810BD0000002C01401FB501216A
:104650003D48FBF782FF01210920FCF769F90120A1
:10466000ADF80C0010208DF80F0003208DF80E001F
:1046700003A93648FBF7A0FE0220ADF80C00282065
:104680008DF80F0003A93148FBF796FE012108467B
:10469000FBF7A8FF0220019000208DF808000820F9
:1046A0008DF8090001208DF80A0001A8FBF7A4FD90
:1046B00007208DF8000003208DF8010001208DF8FF
:1046C00002008DF803006846FBF71FFD1FBD10B503
:1046D0000220FBF7F7FD48B300211D48FDF750F815
:1046E00001211B48FCF7B8FD01201A49086012E0BF
:1046F0001748FDF768F80A2807DB00211448FCF783
:10470000ABFD00201349086005E002210F48FBF7CC
:10471000E6FE104908600F4800680028E8D1002133
:104720000B48FCF799FD0220FBF7DDFD10BD10B52D
:1047300001210648FBF7EDFE0C20FDF787FD012166
:104740000248FBF7E8FE10BD00023000000C0140FB
:10475000002C0140B801002000B587B001214FF4C2
:104760000170FCF7E5F84FF40040FCF745F8012034
:10477000ADF8040000208DF8070001A92348FBF7DD
:104780001BFE2348FDF74AFA002002908DF80C002A
:104790008DF80D004FF4602004900020059001205A
:1047A0008DF8180002A91A48FDF75FFA0121184890
:1047B000FDF787FA1648FDF7A6FA00BF1448FDF783
:1047C000A7FA0028FAD11248FDF7ACFA00BF10484A
:1047D000FDF7ADFA0028FAD107B000BD10B50446C8
:1047E0000723012221460A48FDF7D7FA012108488C
:1047F000FDF7A7FA00BF02210548FDF713FC0028CA
:10480000F9D00348FDF730FB10BD0000000801405F
:10481000002401400648804706480047FEE7FEE7BF
:10482000FEE7FEE7FEE7FEE7FEE7FEE7FEE7FEE760
:104830004B210008ED00000838B50446FB4890F80D
:104840002400C0B114B10220009001E000200090CB
:10485000F64A1268D17BF54A526810786B460122FD
:10486000FDF761FE10B14FF0FF3038BD9DF800102C
:10487000EE48417423E0ED48807A10B94FF0FF30E4
:10488000F3E724B1E948407C08B10020EDE714B11A
:104890000120009001E000200090E44A1268D17BE2
:1048A000E24A526810786B460122FDF73CFE10B1D7
:1048B0004FF0FF30D9E79DF80010DC48417400202C
:1048C000D3E738B5002419E0D8480068C07AA04280
:1048D00004D0D6480068407DA04200D10CE0D34906
:1048E000496808786B4601222146FDF76BFE10B13E
:1048F0004FF0FF3038BD00BF601CC4B2CB484068E9
:104900000079A042E0DC0020F4E770B504460D46D3
:10491000C6480068C07AA04204D0C4480068407D00
:10492000A04202D14FF0FF3070BDC048406800790E
:10493000A04202DC4FF0FF30F6E7BC494968087836
:104940002B4601222146FDF73DFEEDE738B5044632
:10495000B64890F82300A04201D1002038BD14B120
:104960003020009001E000200090B048807C20B111
:104970009DF8000040F002000090AC4890F8220042
:1049800020B19DF8000040F080000090A74A126816
:10499000117DA64A526810786B460122FDF7C3FDCF
:1049A00010B14FF0FF30D9E7A04880F82340002035
:1049B000D4E738B5044604F0700010B1012000902F
:1049C00005E014B10020009001E040200090974ADB
:1049D0001268917C954A526810786B460122FDF767
:1049E000A2FD20B1002191488172481E38BD9DF87A
:1049F000000020F040018D4801730020009004F079
:104A0000400020B99DF8000040F00400009004F040
:104A1000200020B99DF8000040F00200009004F052
:104A2000100020B99DF8000040F00100009004F053
:104A3000080020B99DF8000040F0380000907B4A43
:104A40001268D17C794A526810786B460122FDF7D2
:104A50006AFD20B1002175488172481EC6E724B165
:104A6000082C02D00020FFF771FF704884720021EB
:104A700001753220FDF7F7FB0020B7E738B5044693
:104A80006A48807CA04201D1002038BD002C46D06D
:104A9000664A12681179654A526810786B4601229D
:104AA000FDF790FD10B14FF0FF30EEE79DF80000EC
:104AB00020F0200000905D4A126811795B4A52682C
:104AC00010786B460122FDF72EFD10B14FF0FF303C
:104AD000DBE70320FDF7C7FB02200090534890F866
:104AE000220020B19DF8000040F0800000904F4867
:104AF00090F8230020B19DF8000040F030000090B5
:104B00004A4A1268117D494A526810786B46012260
:104B1000FDF709FD002851D04FF0FF30B5E7434ABB
:104B200012681179414A526810786B460122FDF7EC
:104B300049FD10B14FF0FF30A7E73C48807A00F004
:104B4000010028B19DF8000040F02000009004E032
:104B50009DF8000020F020000090344A126811797E
:104B6000324A526810786B460122FDF7DCFC10B126
:104B70004FF0FF3089E70320FDF775FB2B4890F8D5
:104B8000220010B18020009001E000200090274812
:104B900090F8230020B19DF8000040F03000009014
:104BA000224A1268117D214A526810786B46012210
:104BB000FDF7B9FC10B14FF0FF3066E71B48847475
:104BC000002062E708B51948807A10B94FF0FF302D
:104BD00008BD00200090154A1268D17B134A526824
:104BE00010786B460122FDF79EFC10B14FF0FF30AC
:104BF000EEE70E4A126851790C4A526810786B46FB
:104C00000122FDF790FC10B14FF0FF30E0E7074ABA
:104C100012681179054A526810786B460122FDF737
:104C200082FC28B14FF0FF30D2E70000BC01002029
:104C3000F74890F82400002853D00C200090F44A44
:104C400012681179F24A526810786B460122FDF71A
:104C50006AFC10B14FF0FF30BAE73220FDF703FBDA
:104C6000C0200090EA48807A00F0010020B19DF851
:104C7000000040F020000090E54A12681179E44AF3
:104C8000526810786B460122FDF74DFC10B14FF0D1
:104C9000FF309DE7DE48407C10B10220009001E02B
:104CA00000200090DA4A1268D17BD94A5268107805
:104CB0006B460122FDF737FC10B14FF0FF3087E75C
:104CC00000200090D24A12685179D14A5268107877
:104CD0006B460122FDF727FC002855D04FF0FF302E
:104CE00076E704200090CA4A12681179C84A5268CF
:104CF00010786B460122FDF716FC10B14FF0FF3023
:104D000066E7C348807C20B9C148807A00F0010082
:104D100010B94020009001E060200090BC4A126869
:104D20001179BB4A526810786B460122FDF7FBFBF4
:104D300010B14FF0FF304BE73220FDF794FAB44842
:104D4000407C10B10120009001E000200090B04AAA
:104D50001268D17BAE4A526810786B460122FDF78B
:104D6000E2FB10B14FF0FF3032E7A94A12685179E7
:104D7000A74A52681078A64B10330122FDF7D3FBE7
:104D800010B14FF0FF3023E7002021E770B5044653
:104D9000002624F001049E4890F8240008B1002069
:104DA00070BD9B48807A10B94FF0FF30F8E7984803
:104DB000057C807A2040964908740846007CA04211
:104DC00002D04FF0FF3600E0002614B99048007D75
:104DD00018B10120FFF730FD02E00020FFF72CFDA5
:104DE0003CB1FFF7EFFE20B1894805744FF0FF306A
:104DF000D6E73046D4E738B504468548807A10B9FE
:104E00004FF0FF3038BDBC2C02DB0120009015E0D4
:104E1000622C02DB0220009010E02A2C02DB03202F
:104E200000900BE0142C02DB0420009006E00A2C1A
:104E300002DB0520009001E0062000907448C07A53
:104E40009DF80010884201D10020DBE7704A12680B
:104E500091786F4A526810786B460122FDF763FB28
:104E600010B14FF0FF30CDE79DF800106848C172D7
:104E70000020C7E738B50446282C02DD4FF0FF308C
:104E800038BDDCB90020FFF761FD00208DF800007F
:104E900007208DF801005E4A1268917C5C4A5268D6
:104EA00010786B460222FDF73EFB10B14FF0FF3049
:104EB000E6E70021564801750020E1E70120FFF7F1
:104EC00045FD20208DF80000012C06D100208DF832
:104ED00001000520FFF78FFF17E0052C06DC0120FD
:104EE0008DF801000520FFF786FF0EE0142C06DC8C
:104EF00002208DF801000A20FFF77DFF05E0032066
:104F00008DF801001420FFF776FF9DF801000721BE
:104F100001EB8010C0B28DF801003D4A1268917C0F
:104F20003B4A526810786B460222FDF7FCFA10B13A
:104F30004FF0FF30A4E7082135488172002101734A
:104F4000012101750020FFF721FF002098E738B507
:104F500004462F48807A10B94FF0FF3038BD2C48F6
:104F600090F8240010B14FF0FF30F7E72848007D9B
:104F700050B134B1282C04DCE0B2FFF77BFF0020F5
:104F8000ECE70020FFF776FF042C01DA042404E0AC
:104F9000B4F57A7F01DD4FF47A744FF47A7090FBA8
:104FA000F4F0401EC0B20090194A12685178184AB5
:104FB000526810786B460122FDF7B5FA10B14FF038
:104FC000FF30CBE79DF80000401C4FF47A7191FB55
:104FD000F0F081B20E48C1810146C9894810FFF73F
:104FE0000AFF0020BAE738B504460948807A10B9AC
:104FF0004FF0FF3038BD022C06D0042C0AD0082C0C
:105000000BD0102C0FD10BE0002000900EE0000020
:10501000BC0100200820009008E01020009005E06E
:105020001820009002E04FF0FF30E3E700BFF8489F
:10503000407A9DF80010B0EBE10F01D10020D9E7D4
:10504000F34A1268D179F24A526810786B4601220D
:10505000FDF769FA10B14FF0FF30CBE79DF8000083
:10506000C110EB4841720020C4E738B50446E84857
:10507000807A10B94FF0FF3038BDFA2C09D0B4F562
:10508000FA7F09D0B4F57A7F09D0B4F5FA6F0CD164
:1050900008E0002000900BE00820009008E01020BD
:1050A000009005E01820009002E04FF0FF30E3E7A9
:1050B00000BFD748007A9DF80010B0EBE10F01D196
:1050C0000020D9E7D24A12689179D14A5268107803
:1050D0006B460122FDF727FA10B14FF0FF30CBE706
:1050E0009DF80000C010CA4908720020C4E71CB532
:1050F00080208DF80000C64A1268917CC44A52682C
:1051000010786B460122FDF70EFA10B14FF0FF3018
:105110001CBD6420FDF7A7F800208DF80000BC4AF4
:105120001268917CBA4A526810786B460122FDF7EA
:10513000FAF910B14FF0FF30EAE7B54A1268917DF5
:10514000B34A526810786B460622FDF73BFA10B15D
:105150004FF0FF30DCE79DF80500C007400F9DF8D9
:10516000031001F0010140EA41009DF8011001F037
:10517000010140EA01048CB1012C03D10121A448B2
:10518000C17430E0022C03D10021A148C1742AE08F
:10519000A0A0FFF70AFA4FF0FF30B9E79C4A126867
:1051A000D1789B4A526810786B460122FDF70AFAC3
:1051B00010B14FF0FF30ABE79DF8000000F00F0496
:1051C0002CB99E48FFF7F1F94FF0FF30A0E7042C0F
:1051D00006D19BA0FFF7E9F901218D48C17402E0D7
:1051E00000218B48C174FF2189488172FF208849C2
:1051F0000872FF2186484172C1724FF6FF71C1816A
:10520000FF21017481740121017380F822100021B3
:1052100080F823104175017516300160416081608E
:10522000163880F8241080F82510C1844FF4FA60F5
:10523000FFF71BFF10B14FF0FF3069E70220FFF7C7
:10524000D2FE10B14FF0FF3062E72A20FFF7D3FD06
:1052500010B14FF0FF305BE73220FFF778FE10B15E
:105260004FF0FF3054E70020FFF790FD10B14FF0F2
:10527000FF304DE70020FFF701FC10B14FF0FF3089
:1052800046E70020FFF795FB002041E77CB5044688
:105290000D465F48807A00F0700010B94FF0FF3083
:1052A0007CBD5B4A1268117B594A526810786B4684
:1052B0000622FDF787F910B14FF0FF30F0E79DF8B7
:1052C00001009DF8001040EA012000B220809DF806
:1052D00003009DF8021040EA012000B260809DF8B2
:1052E00005009DF8041040EA012000B2A08015B12D
:1052F0002846FCF7C4FF0020D2E77CB504460D46E3
:105300004348807A00F0080010B94FF0FF307CBDB0
:105310003F4A1268517B3E4A526810786B4606221B
:10532000FDF750F910B14FF0FF30F0E79DF80100A4
:105330009DF8001040EA012000B220809DF8030093
:105340009DF8021040EA012000B260809DF805003F
:105350009DF8041040EA012000B2A08015B1284653
:10536000FCF78DFF0020D2E72DE9FE4F05460C46E5
:105370002748807A18B94FF0FF30BDE8FE8F244AE5
:105380001268917B224A5268107802AB0222FDF724
:1053900019F910B14FF0FF30EFE79DF809009DF8C3
:1053A000081040EA012006B214B12046FCF767FF5E
:1053B00017494968C88802F0B6FB15490190496849
:1053C000B1F9080002F0A6FB8346304602F0A2FBCA
:1053D0005946009002F0A0F98246019902F0D4F9F2
:1053E00081461F4902F046F980464FF08F4102F096
:1053F00099F9074602F0ADFB28600020BDE710B523
:1054000088B004461CB94FF0FF3008B010BD29E049
:10541000BC010020556E737570706F7274656420E6
:10542000736F6674776172652070726F64756374F0
:10543000207265762025642E0A00000010A6000860
:1054400048616C662073656E7369746976697479F6
:10545000207061727420666F756E642E0A00000001
:1054600000000C42206830B9606820B9A06810B90B
:10547000002008B010BDFA494968087806AB03223D
:105480001146FDF79FF810B14FF0FF30F1E79DF89E
:105490001800082101EB201000F00F00ADF800000B
:1054A0009DF8190001EB201000F00F00ADF802008C
:1054B0009DF81A0001EB201000F00F00ADF8040079
:1054C00020684100BDF90000403091FBF0F000B2CF
:1054D000ADF8100060684100BDF90200403091FB5A
:1054E000F0F000B2ADF81200A0684100BDF9040070
:1054F000403091FBF0F000B2ADF81400D849496893
:10550000087806AB06221146FDF75CF810B14FF0A3
:10551000FF30AEE79DF819009DF8181040EA012011
:1055200000B2ADF808009DF81B009DF81A1040EA83
:10553000012000B2ADF80A009DF81D009DF81C1076
:1055400040EA012000B2ADF80C00BDF81000BDF833
:105550000810084400B2ADF81000BDF81200BDF804
:105560000A10084400B2ADF81200BDF81400BDF8EE
:105570000C10084400B2ADF81400BDF81000000A89
:105580008DF81800BDF81000C0B28DF81900BDF8F4
:105590001200000A8DF81A00BDF81200C0B28DF892
:1055A0001B00BDF81400000A8DF81C00BDF81400A3
:1055B000C0B28DF81D00AA494968087806AB0622DA
:1055C0001146FCF7B0FF10B14FF0FF3051E700205B
:1055D0004FE70146A248007A30B1012807D00228DF
:1055E00009D003280FD10AE0FA2008800EE04FF41A
:1055F000FA7008800AE04FF47A70088006E04FF4F1
:10560000FA60088002E00020088000BF00BF002090
:10561000704701469248407A30B1012807D00228ED
:1056200008D003280CD108E0022008700BE0042009
:10563000087008E00820087005E01020087002E0FB
:105640004FF0FF30704700BF8548C07C18B1087824
:105650004006000E08700020F4E701468048C07A3A
:10566000082817D2DFE800F01704070A0D101318F6
:10567000BC20088013E06220088010E02A20088007
:105680000DE0142008800AE00A20088007E00520C9
:10569000088004E000BF00BF0020088000BF00BFFA
:1056A0000020704701466E4890F8240010B14FF07A
:1056B000FF3070476A48C08908800020F9E701463A
:1056C00000200880401E704701464FF0FF307047B1
:1056D00001466348007A30B1012807D0022808D07B
:1056E00003280CD108E05F4808600BE05E480860C2
:1056F00008E05E48086005E05D48086002E04FF0A1
:10570000FF30704700BF0020FBE701465448407A55
:1057100030B1012808D002280AD0032810D10BE0AC
:105720004FF4804008800EE041F69C7008800AE04B
:105730004FF48050088006E04FF40060088002E0DB
:105740004FF0FF30704700BF4548C07C10B108885B
:10575000401008800020F5E701464148007C0870B1
:105760000020704701463E48807A10B10120087041
:1057700001E0002008700020704738B50446384822
:10578000807A10B94FF0FF3038BD354A1268117C6D
:10579000334A526810786B460222FCF713FF10B1AF
:1057A0004FF0FF30F0E79DF801009DF8001040EA4F
:1057B000012000B220800020E6E72DE9FE4F0746D9
:1057C000884692461D46DDF830B000260024244865
:1057D00090F8240010B1601EBDE8FE8F00202870F4
:1057E0001F48807A10B94FF0FF30F5E71C48007C65
:1057F00010B94FF0FF30EFE71948007C00F040008F
:1058000008B1B01CC6B21648007C00F0200008B1F8
:10581000B01CC6B21248007C00F0100008B1B01CE9
:10582000C6B20F48007C00F0080008B1B01DC6B237
:105830000B4A1268917A0A4A526810786B46022223
:10584000FCF7C0FE10B14FF0FF30C5E79DF8010036
:105850009DF8001040EA0129B1450BDA0020BBE7B2
:10586000BC010020000003430000834233330342A5
:1058700033338341FC4840684088B9EB600F17DD43
:10588000F94A1268517CF84A526810786B46012236
:10589000FCF798FE10B14FF0FF309DE79DF8000037
:1058A00000F0100020B1FFF78DF96FF0010093E7D1
:1058B0005046FCF7E4FCEC4A1268D17AEA4A526896
:1058C00010786B463246FCF77DFE10B14FF0FF308A
:1058D00082E799FBF6F0401E8BF80000002028704C
:1058E000B4422AD0E048007C00F0080028B3601CD5
:1058F0001DF800001DF8041040EA012000B2A8F8CD
:105900000000E01C1DF80010A01C1DF8000041EA7A
:10591000002000B2A8F80200601D1DF80010201D34
:105920001DF8000041EA002000B2A8F80400287821
:1059300040F008002870A01D84B2B44213D0CA48B9
:10594000007C00F0400070B1601C1DF800001DF8E4
:10595000041040EA012000B23880287840F040006E
:105960002870A01C84B2B44213D0BF48007C00F061
:10597000200070B1601C1DF800001DF8041040EA02
:10598000012000B27880287840F020002870A01C08
:1059900084B2B44213D0B448007C00F0100070B15F
:1059A000601C1DF800001DF8041040EA012000B240
:1059B000B880287840F010002870A01C84B2002025
:1059C0000AE7F8B504460F461646A74890F82400A3
:1059D00010B94FF0FF30F8BDA348807A10B94FF0EE
:1059E000FF30F8E7A04A1268917A9F4A526810780F
:1059F0006B460222FCF7E6FD10B14FF0FF30EAE7FC
:105A00009DF801009DF8001040EA0125A54203DA47
:105A100000203070401EDEE7934840684088B5EBB8
:105A2000600F17DD904A1268517C8F4A52681078D7
:105A30006B460122FCF7C6FD10B14FF0FF30CAE7FC
:105A40009DF8000000F0100020B1FFF7BBF86FF0E8
:105A50000100C0E7E2B2844B1B68D97A824B5B68D5
:105A600018783B46FCF7AEFD10B14FF0FF30B2E7BF
:105A700095FBF4F0401E30700020ACE701467A48F8
:105A800080F82210002070477CB5054676494968A9
:105A9000087801AB04220D21FCF794FD08B1072022
:105AA0007CBD9DF80700C0F301109DF8041001F0C3
:105AB000E00140EAE1008DF800009DF80700C0F326
:105AC00081009DF8051001F0E00140EAE1008DF849
:105AD00001009DF8070000F003009DF8061001F09A
:105AE000E00140EAE1008DF8020000241CE01DF80E
:105AF000040018B9002045F8240013E05B4845F87D
:105B0000240006E055F82400594901F00BFE45F841
:105B100024001DF80400401EC0B20DF80400002847
:105B2000F0D100BF601CC4B2032CE0DB0020B7E75B
:105B30002DE9FE4F06460F4600256846FFF7A4FFF5
:105B4000002442E056F8240057F82410A0EB010A84
:105B5000BAF1000F01DB514601E0CAF1000108462D
:105B600001F0D8FF83464FF08F4101F00DFE8046D3
:105B70005DF82400002102F061F816D05DF82410D1
:105B8000404601F001FE82464FF07E5101F0C4FD17
:105B9000814629F0004A3748416A504602F058F8D9
:105BA00012D20120A04005430EE03248C1694046B0
:105BB00002F044F805D32F48016A404602F048F845
:105BC00002D20120A0400543641C032CBADB284606
:105BD000BDE8FE8F2DE9FC5F06460F4600252249F1
:105BE0004968087801AB03220D21FCF7EBFC10B1EA
:105BF0000720BDE8FC9F9DF8040000F01F008DF811
:105C000004009DF8050000F01F008DF805009DF8C8
:105C1000060000F01F008DF80600002462E056F830
:105C2000240057F82410A0EB010BBBF1000F01DB9F
:105C3000594601E0CBF10001084601F06BFF4FF03F
:105C40008F41009001F0A0FD814601A8005DC0B326
:105C50000849086801F067FF83465946064801F085
:105C600093FD80460FE00000BC0100207B14AE3E97
:105C70001D5A843FE097000800B04C45FE4940465D
:105C800001F050FD804601A8005D401EC0B201A990
:105C900008550028F2D14146484601F075FD83467B
:105CA0004FF07E5101F038FD82462AF0004BF34858
:105CB0008169584601F0CCFF13D20120A040054372
:105CC0000FE0FFE7ED480169484601F0B7FF05D353
:105CD000EA484169484601F0BBFF02D20120A040DA
:105CE0000543641C032C9ADB284682E72DE9F04F1C
:105CF00087B005460C46914601208DF81000002023
:105D00008DF81100DE4A1268917CDD4A52681078E5
:105D100004AB0222FCF707FC20B14FF0FF3007B0C4
:105D2000BDE8F08FC820FCF79EFA00208DF8100027
:105D3000D34A1268D17BD24A5268107804AB012250
:105D4000FCF7F1FB10B14FF0FF30E8E7CC4A1268E6
:105D50005179CB4A5268107804AB0122FCF7E3FB7F
:105D600010B14FF0FF30DAE7C54A1268917CC44A9F
:105D70005268107804AB0122FCF7D5FB10B14FF04C
:105D8000FF30CCE7BE4A1268D17DBD4A5268107818
:105D900004AB0122FCF7C7FB10B14FF0FF30BEE7A8
:105DA000B74A12681179B64A5268107804AB0122DA
:105DB000FCF7B9FB10B14FF0FF30B0E70C208DF8C5
:105DC0001000AF4A12681179AD4A5268107804ABDE
:105DD0000122FCF7A8FB10B14FF0FF309FE70F2026
:105DE000FCF741FAA648806A407A8DF81000A44A70
:105DF00012689178A24A5268107804AB0122FCF72D
:105E000092FB10B14FF0FF3089E79D48806A007A1D
:105E10008DF810009A4A12685178994A52681078A1
:105E200004AB0122FCF77FFB10B14FF0FF3076E7A7
:105E3000B9F1000F07D09248806A807A40F0E00004
:105E40008DF8100004E08E48806A807A8DF810008A
:105E50008B4A126891798A4A5268107804AB012201
:105E6000FCF761FB10B14FF0FF3058E7B9F1000FBC
:105E700007D08348806AC07A40F0E0008DF81000B7
:105E800003E07E48C07A8DF810007D4A1268D1790F
:105E90007B4A5268107804AB0122FCF744FB10B136
:105EA0004FF0FF303BE7B9F1000F02D0C820FCF7FC
:105EB000DAF940208DF81000714A12681179704AA1
:105EC0005268107804AB0122FCF72DFB10B14FF0A3
:105ED000FF3024E778208DF81000694A1268517964
:105EE000674A5268107804AB0122FCF71CFB10B122
:105EF0004FF0FF3013E761498889FCF7B4F90020BF
:105F00008DF810005E4A126851795D4A5268107827
:105F100004AB0122FCF707FB10B14FF0FF30FEE6A7
:105F2000574A1268917A564A5268107804AB022296
:105F3000FCF748FB10B14FF0FF30F0E69DF8110080
:105F40009DF8101040EA012B0C209BFBF0F0C6B22C
:105F50000020A86068602860A060606020608246C1
:105F600065E0474A1268D17A454A5268107804AB16
:105F70000C22FCF727FB10B14FF0FF30CFE69DF865
:105F800011009DF8101040EA012000B2ADF80800A1
:105F90009DF813009DF8121040EA012000B2ADF800
:105FA0000A009DF815009DF8141040EA012000B287
:105FB000ADF80C00BDF90810206808442060BDF958
:105FC0000A10606808446060BDF90C10A0680844BD
:105FD000A0609DF817009DF8161040EA012000B25D
:105FE000ADF800009DF819009DF8181040EA012056
:105FF00000B2ADF802009DF81B009DF81A1040EAAF
:10600000012000B2ADF80400BDF900102868084472
:106010002860BDF90210686808446860BDF9041082
:10602000A8680844A8600AF1010000F0FF0AB24520
:1060300097DB1248D0F800C02868C117090441EA6C
:106040001041070462460023384601F0A5FA3246A3
:106050000023CDE9020101F09FFA28600748D0F83B
:1060600000C06868C117090441EA1041070462468C
:106070000023384606E0000054E3853FE09700081F
:10608000BC01002001F088FA32460023CDE902016C
:1060900001F082FA6860FE48D0F800C0A868C11715
:1060A000090441EA1041070462460023384601F022
:1060B00073FA32460023CDE9020101F06DFAA860BF
:1060C000F348D0F804C02168C817000440EA11481A
:1060D0000F04624600233846414601F05DFA32461D
:1060E0000023CDE9020101F057FA2060E848D0F81A
:1060F00004C06068C117090441EA10410704624600
:106100000023384601F048FA32460023CDE9020167
:1061100001F042FA6060DE48D0F804C0A068C11700
:10612000090441EA1041070462460023384601F0A1
:1061300033FA32460023CDE9020101F02DFAA060C6
:10614000A068002804DDA068A0F58030A06003E00E
:10615000A06800F58030A0600020E0E538B5044676
:10616000CC4890F82400A04201D1002038BD24B3CF
:10617000C84890F8250010B94FF0FF30F6E700202E
:10618000FEF75AFB0020FEF779FCC249C88CFEF7E7
:10619000DEFE00200090BF49496808786B46012266
:1061A0002321FCF7C0F90121BA4880F8241001200E
:1061B000FEF742FBFEF706FD13E00020FEF73CFB76
:1061C000B448007C0090B349496808786B460122C6
:1061D0002321FCF7A8F90021AE4880F82410FEF72F
:1061E000F1FC0020C2E72DE9F04F8DB083460F4649
:1061F00002200C90A74890F8240020B10020FFF75F
:10620000ADFF012600E0002603A8FFF7E2F905A88C
:10621000FFF7FFF901A8FFF720FA02A8FFF742FAFB
:106220009C4890F80AA004A8FFF796FA002407E01B
:10623000002239465846FFF759FD00B902E0641CB8
:10624000022CF5DB00BF022C01D1002528E0002440
:1062500007E0012206A909A8FFF748FD00B902E0FE
:10626000641C022CF5DB00BF022C01D1002517E0D5
:1062700006A93846FFF75CFC00F0FF0809A958465C
:10628000FFF7A8FC00F0FF090025B9F1000F01D1CC
:1062900045F00105B8F1000F01D145F0020500BF3E
:1062A000FF207C490872FF217A484172C1724FF683
:1062B000FF71C181FF218172017401210173BDF859
:1062C0000C00FEF7D2FE9DF81400FEF78CFEBDF820
:1062D0000400FEF790FDBDF80800FEF738FE5046BA
:1062E000FEF767FB9DF81000FEF750FD16B1012088
:1062F000FFF734FF28460DB0BDE8F08FF8B504462F
:106300000D46164616B94FF0FF30F8BD6148807A49
:1063100010B94FF0FF30F8E720128DF80000E0B21E
:106320008DF801009DF8010028445A4949684989BF
:10633000884202DD4FF0FF30E7E7564A1268117ECF
:10634000544A526810786B460222FCF7ECF810B100
:106350004FF0FF30D9E7EAB24E4B1B68597D4D4BE9
:106360005B6818783346FCF7DEF810B14FF0FF3069
:10637000CBE70020C9E7F8B504460D46164616B926
:106380004FF0FF30F8BD4348807A10B94FF0FF302E
:10639000F8E720128DF80000E0B28DF801009DF8BA
:1063A000010028443B4949684989884202DD4FF091
:1063B000FF30E7E7374A1268117E364A5268107894
:1063C0006B460222FCF7AFF810B14FF0FF30D9E76F
:1063D000EAB2304B1B68597D2E4B5B681878334608
:1063E000FCF7F0F810B14FF0FF30CBE70020C9E721
:1063F0002DE9F04385B005460E469046994625485E
:1064000090F8250020B14FF0FF3005B0BDE8F083D3
:1064100016B94FF0FF30F8E7002423E0281B1028BE
:1064200001DD102000E0281B87B2321939462046D2
:10643000FFF764FF10B14FF0FF30E6E701AA3946DD
:106440002046FFF798FF10B14FF0FF30DDE730191D
:106450003A4601A901F001F910B16FF00100D4E74B
:10646000E01984B2AC42D9DB4FEA28208DF8000055
:1064700008F0FF008DF80100064A1268917E054A77
:10648000526810786B460222FCF74DF838B103E0F1
:10649000E0970008BC0100204FF0FF30B5E7012174
:1064A0008A4880F82510A0F826900020ADE7014624
:1064B000864890F8240008700020704702464FF08C
:1064C000FF30704701464FF0FF307047F8B5054682
:1064D0000F461446002C70D0B5F5FF5F01DDFF2696
:1064E00005E0202D01DA012601E0C5F3471607B9C2
:1064F0000127282C02DD4FF0FF30F8BD7348407DA6
:1065000028BB724890F8240038B10020FFF726FE1F
:1065100001216E4880F8201003E000216B4880F8CC
:1065200020106A481630FFF754F868481830FFF713
:1065300070F866481A30FFF790F864481C30FFF78F
:10654000B1F86248817A81771F30FFF705F90020A2
:10655000FEF772F90020FEF78DFC00208DF8000098
:106560005A4A12689178594A526810786B4601224B
:10657000FBF7D9FF10B14FF0FF30BEE740208DF898
:106580000000524A1268D17B504A526810786B461C
:106590000122FBF7C8FF00B165E08DF800608DF8BF
:1065A00001704A4A1268117A484A526810786B465C
:1065B0000222FBF7B8FF08B155E047E00520FBF7E2
:1065C00052FE4248407A072101EBC000C0B28DF86C
:1065D00000003E4A1268D1793C4A526810786B46F6
:1065E0000122FBF7A0FF00B13DE020208DF8000064
:1065F000012C03D100208DF801000EE0052C03DCF6
:1066000001208DF8010008E0142C03DC02208DF835
:10661000010002E003208DF801009DF80100072130
:1066200001EB8010C0B28DF80100284A1268917CFD
:10663000264A526810786B460222FBF774FF00B1BD
:1066400011E0012121484175002056E71F4A16320A
:10665000002103E0505C00B105E0491C0C29F9D38E
:106660004FF0FF3049E7FF2018490872FF21174813
:106670004172C1724FF6FF71C181FF2181720174B5
:10668000012101730146887FFEF793F90F49C88AFB
:10669000FEF7EBFC0D49087EFEF7A5FC0B49488B85
:1066A000FEF7A9FB0949888BFEF751FC0749C87F13
:1066B000FEF76CFB054890F8200010B10120FFF7B1
:1066C0004DFD002101484175002016E7BC01002066
:1066D00010B5C8234FF48062F74940F6F630FFF753
:1066E00087FE10BD10B586B00446F4A00068039084
:1066F000F3A000680290F3A000680190F2A0006887
:10670000009004F0030003A9085C8DF8140003A8AE
:10671000C4F3C101405C8DF8150003A8C4F38111D6
:10672000405C8DF8160004F0030002A9085C8DF8A7
:10673000100002A8C4F3C101405C8DF8110002A84A
:10674000C4F38111405C8DF8120005AA032140F2C8
:106750002640FFF7D3FD18B14FF0FF3006B010BD53
:1067600004AA032140F22A40FFF7C8FD10B14FF000
:10677000FF30F3E7019805900098049004F00400BE
:1067800058B19DF8140040F001008DF814009DF8F8
:10679000100040F001008DF8100004F0200058B106
:1067A0009DF8150040F001008DF815009DF81100CE
:1067B00040F001008DF8110004F4807058B19DF88C
:1067C000160040F001008DF816009DF8120040F010
:1067D00001008DF8120005AA03214FF48860FFF72D
:1067E0008DFD10B14FF0FF30B8E704AA032140F24D
:1067F0003140FFF783FD10B14FF0FF30AEE7B348F3
:1068000004810020AAE71FB50446B048007A00F0D2
:10681000030054F820000190AC48007A00F0040016
:1068200010B1019840420190A848007AC0F3C1001D
:1068300054F820000290A548007A00F0200010B122
:10684000029840420290A148007AC0F3811054F8A7
:10685000200003909D48008900F4807010B10398D7
:10686000404203909A49019880FB0101800F40EA61
:10687000810001909649029880FB0110820042EA53
:10688000917002909249039880FB0110820042EAC5
:10689000917003900198000E8DF800000198000C93
:1068A0008DF801000198000A8DF802000198C0B22D
:1068B0008DF803006A4604214FF47470FFF71EFD43
:1068C00018B14FF0FF3004B010BD0298000E8DF8E3
:1068D00000000298000C8DF801000298000A8DF863
:1068E00002000298C0B28DF803006A4604214FF4FA
:1068F0007570FFF703FD10B14FF0FF30E3E7039829
:10690000000E8DF800000398000C8DF8010003982C
:10691000000A8DF802000398C0B28DF803006A46A1
:1069200004214FF47670FFF7E9FCCCE770B588B02E
:10693000064601A8FEF7E9FEBDF804000021C903E0
:1069400041EA5045C4036148007A00F0030056F85C
:10695000200005905D48007A00F0040010B1059811
:10696000404205905948007AC0F3C10056F8200013
:1069700006905648007A00F0200010B10698404278
:1069800006905248007AC0F3811056F82000079014
:106990004E48008900F4807010B10798404207907B
:1069A0000598C117A0FB042301FB043100FB05106F
:1069B000810041EA927005900698C117A0FB04235C
:1069C00001FB043100FB0510810041EA9270069042
:1069D0000798C117A0FB042301FB043100FB05103D
:1069E000810041EA927007900598000E8DF808002A
:1069F0000598000C8DF809000598000A8DF80A002A
:106A00000598C0B28DF80B000698000E8DF80C00AA
:106A10000698000C8DF80D000698000A8DF80E00FF
:106A20000698C0B28DF80F000798000E8DF8100080
:106A30000798000C8DF811000798000A8DF81200D5
:106A40000798C0B28DF8130002AA0C214FF42570EC
:106A5000FFF754FC08B070BD30B585B004461DA2E8
:106A600007CA02AB07C3C82C03DD4FF0FF3005B0E7
:106A700030BDC82090FBF4F0401E85B2280A8DF886
:106A80000000E8B28DF801006A46022140F21620AB
:106A9000FFF734FC10B14FF0FF30E8E702AA0C21F9
:106AA00040F6C120FFF72AFC10B14FF0FF30DEE7BF
:106AB000064884810020DAE7089800084CCD6C0075
:106AC0000CC92C003656760026466600600300206E
:106AD00009E3CA02FEF2ABC4AAF1DFDFBBAFDFDF1E
:106AE0000146FC4880890880002070472DE9FC475A
:106AF00006460F4606F0070010B1B7F5C86F03DD74
:106B00004FF0FF30BDE8FC87384601F00CF88146B5
:106B1000F14900F039FE80466846FEF77AFD9DF89F
:106B20000000022806D0042816D0082826D01028F5
:106B300048D135E04FF08D41404600F0F3FD8146ED
:106B400001F020F884B2E549404600F0EBFD8146B3
:106B500001F018F885B238E04FF08C41404600F063
:106B6000E1FD814601F00EF884B2DD49404600F0B7
:106B7000D9FD814601F006F885B226E04FF08B4141
:106B8000404600F0CFFD814600F0FCFF84B2D549BD
:106B9000404600F0C7FD814600F0F4FF85B214E0E6
:106BA0004FF08A41404600F0BDFD814600F0EAFF0B
:106BB00084B2CD49404600F0B5FD814600F0E2FFC9
:106BC00085B202E04FF0FF309CE700BF20128DF845
:106BD0000400E0B28DF8050028128DF80600E8B236
:106BE0008DF8070006F00100A0B101AA02214FF4C0
:106BF000EA70FFF783FB10B14FF0FF3082E70DF131
:106C0000060202214FF49270FFF778FB10B14FF0AB
:106C1000FF3077E706F00200A0B101AA02214FF48D
:106C2000EC70FFF76BFB10B14FF0FF306AE70DF12E
:106C3000060202214FF49470FFF760FB10B14FF091
:106C4000FF305FE706F00400A0B101AA02214FF473
:106C5000EE70FFF753FB10B14FF0FF3052E70DF12C
:106C6000060202214FF49670FFF748FB10B14FF077
:106C7000FF3047E7002045E738B504460020009084
:106C800004F0010020B19DF8000040F030000090B9
:106C900004F0020020B19DF8000040F00C000090CC
:106CA00004F0040020B19DF8000040F003000090C3
:106CB0006A4601214FF4A470FFF720FB38BD38B5B8
:106CC0000446012C01DA012402E0042C00DD042436
:106CD000601EC0B200906A46012140F24F10FFF7DB
:106CE0000DFB38BD38B50446052094FBF0F085B2A5
:106CF00028128DF80000E8B28DF801006A460221E2
:106D00004FF4EF70FFF7FAFA38BD38B504460520A6
:106D100094FBF0F085B228128DF80000E8B28DF8EF
:106D200001006A4602214FF4ED70FFF7E7FA38BD23
:106D3000F8B505460E464FF47A7095FBF0F000FB6F
:106D400006F4200E8DF80000200C8DF80100200ABA
:106D50008DF80200E0B28DF803006A4604214FF47A
:106D6000AE70FFF7CBFAF8BD38B50446052094FBAA
:106D7000F0F084B220128DF80000E0B28DF801002E
:106D80006A4602214FF4AD70FFF7B8FA38BD38B546
:106D90000446052094FBF0F084B220128DF8000028
:106DA000E0B28DF801006A4602214FF4AC70FFF7A3
:106DB000A5FA38BD38B5044614B94FF0FF3038BDD8
:106DC0006A4604214FF45870FFF7D5FA10B14FF01E
:106DD000FF30F4E79DF8000000069DF8011040EA3E
:106DE00001409DF8021040EA01209DF8031008437D
:106DF00020600020E3E738B50446200E8DF800003F
:106E0000200C8DF80100200A8DF80200E0B28DF808
:106E100003006A4604214FF45870FFF76FFA38BD3B
:106E200038B5044614B94FF0FF3038BD6A46042126
:106E30004FF47170FFF79FFA10B14FF0FF30F4E795
:106E40009DF8000000069DF8011040EA01409DF801
:106E5000021040EA01209DF80310084300EB800077
:106E6000800020600020E0E738B504461420B4FB21
:106E7000F0F4200E8DF80000200C8DF80100200A9F
:106E80008DF80200E0B28DF803006A4604214FF449
:106E90007170FFF733FA38BD38B5044664B120206D
:106EA0008DF8000028208DF8010030208DF80200B8
:106EB00038208DF8030004E0A3220421684600F086
:106EC000AEFB6A46042140F69E20FFF717FAFDF755
:106ED00079FE38BD600300200000484300004046B2
:106EE0000000C045000040450000C04438B50446DD
:106EF00064B1C0208DF80000C2208DF80100C420CC
:106F00008DF80200C6208DF8030004E08B220421D6
:106F1000684600F084FB6A46042140F69820FFF79B
:106F2000EDF9FDF74FFE38BD3EB504466CB1FDA14D
:106F3000D1E900208968CDE9002002916A46092143
:106F40004FF49760FFF7DAF93EBDF9A2D2E90010DD
:106F50009268CDE9010200916A4609214FF49760D9
:106F6000FFF7CCF9F0E73EB5044602208DF80000AB
:106F7000CA208DF80100E3208DF8020009208DF869
:106F800003006A4604216820FFF7B8F9A3208DF8B2
:106F9000000004F0400048B1C0208DF80100C82076
:106FA0008DF80200C2208DF8030006E0A3208DF8C2
:106FB00001008DF802008DF8030004F4C07048B1A0
:106FC000C4208DF80400CC208DF80500C6208DF873
:106FD000060006E0A3208DF804008DF805008DF86A
:106FE0000600A3208DF807008DF808008DF8090031
:106FF0006A460A2140F6A720FFF780F904F0030053
:1070000018B120208DF8000002E0D8208DF8000093
:107010006A46012140F6B620FFF770F904F020001F
:1070200018B10120FFF780FF02E00020FFF77CFF8E
:1070300004F4C07008B304F4807060B1B2208DF81D
:1070400000008B208DF80100B6208DF802009B20F7
:107050008DF803000BE0B0208DF8000080208DF843
:107060000100B4208DF8020090208DF803006A46DC
:10707000042140F6A220FFF741F904F0010020B3FB
:10708000F8208DF800006A4601214FF40B60FFF7ED
:1070900035F9FA210720FFF729FD0720FFF7ECFD5E
:1070A0000120FFF70CFE6420FFF71CFE4FF4FA707E
:1070B000FFF72BFEC821A148FFF73AFE2820FFF773
:1070C00053FE0A20FFF763FE08E0D8208DF8000089
:1070D0006A4601214FF40B60FFF710F904F002003B
:1070E00018B1D9208DF8000002E0D8208DF80000FA
:1070F0006A46012140F23D70FFF700F904F00400F8
:1071000018B10120FFF7F2FE02E00020FFF7EEFECB
:1071100004F0100018B10120FFF7BEFE02E00020CD
:10712000FFF7BAFE44F0080085494881FDF74AFDA3
:1071300000208349887304F0400018B10846807B22
:10714000801D887304F4C07020B17D48807B801D51
:107150007B49887304F0140020B17948807B10309B
:107160007749887304F0030020B17548807B001DC7
:107170007349887300203EBD0146714840890880EC
:10718000002070472DE9F0410446E07800F0C00689
:10719000E07800F03F05607800F0010098B1EF1052
:1071A0002846E91705EB5171C910A5EBC101491C2F
:1071B00001F0FF086248006820B16148414602685A
:1071C0003846904700BF607800F0080030B15C4856
:1071D000406818B1B0115A4A516888470020BDE88C
:1071E000F08110B586B0044656A207CA03AB07C3A8
:1071F00057A207CA8DE80700012C09D0022C0ED136
:1072000003AA0B2140F68220FFF778F806B010BDE4
:107210006A460B2140F68220FFF770F8F6E74FF040
:10722000FF30F3E72DE9F04F8DB00746884615464D
:107230009946DDE9166B0024002030804049887BA8
:107240005A4605A9FEF7BDFB18B1601E0DB0BDE89A
:10725000F08F3B48807A00F01400002861D09DF840
:10726000140000069DF8151040EA01409DF8161024
:1072700040EA01209DF81710084328609DF8180087
:1072800000069DF8191040EA01409DF81A1040EAE6
:1072900001209DF81B10084368609DF81C00000643
:1072A0009DF81D1040EA01409DF81E1040EA0120A3
:1072B0009DF81F100843A8609DF8200000069DF867
:1072C000211040EA01409DF8221040EA01209DF87B
:1072D00023100843E86004F11000C4B228680014C9
:1072E0000190686800140290A86800140390E86890
:1072F0000014049001984043029901FB0100039996
:1073000001FB0100049901FB010ABAF1706F02DB75
:10731000BAF1885F22DDFDF755FC00203080401E69
:1073200094E721E0B8AAB38DB4980D355D00000054
:10733000B8AAAAAAB088C3C5C700000009E3CA0258
:1073400060030020D8B1B9F38BA391B609B4D9007A
:10735000DAB1B9F38BA391B6DAB4DA00B6F900006A
:1073600040F48070308000BF7848807A00F04000A0
:1073700020B305A9601C085C095D40EA012000B249
:10738000A8F8000005A9E01C095C05AAA01C105C77
:1073900041EA002000B2A8F8020005A9601D095CBE
:1073A000201D105C41EA002000B2A8F80400A01DD6
:1073B000C4B2B6F9000040F008003080634840894C
:1073C00000F4C07008B305A9601C085C095D40EAC0
:1073D000012000B2388005A9E01C095C05AAA01CA8
:1073E000105C41EA002000B2788005A9601D095CAC
:1073F000201D105C41EA002000B2B880A01DC4B27C
:10740000B6F9000040F0700030805048807A00F0FB
:10741000030018B105A90819FFF7B4FE4846FAF7AA
:107420002EFF002012E70146484801600020704707
:1074300001464648416000207047014691F900200E
:10744000002A01DD00201EE091F90020002A01DA67
:10745000042018E091F90120002A01DD012012E04A
:1074600091F90120002A01DA05200CE091F90220AF
:10747000002A01DD022006E091F90220002A01DA4B
:10748000062000E00720704770B505462846FFF744
:10749000D4FF0446E81CFFF7D0FF44EAC00084B2E2
:1074A000A81DFFF7CAFF44EA801084B2204670BDD1
:1074B00070B588B002A905A8FEF795FE0446032C16
:1074C0003FD101A8FEF704F9059800F023FB06461A
:1074D000019900F027F9054600F03BFB059006985E
:1074E00000F018FB0646019900F01CF9054600F073
:1074F00030FB0690079800F00DFB0646019900F05E
:1075000011F9054600F025FB079005A8FFF77BF968
:107510006846FEF7FAF8BDF800100298484302905A
:10752000BDF80010039848430390BDF8001004987C
:107530004843049002A8FFF7F9F905A0FDF735F8D4
:1075400002E00CA0FDF731F808B070BD6003002028
:1075500073657474696E6720626961732073756303
:1075600063657366756C6C79202E2E2E2E2E2E0A76
:10757000000000006269617320686173206E6F749F
:10758000206265656E206D6F646966696564202E92
:107590002E2E2E2E2E0A00002DE9F0410024061B6F
:1075A000254671F1000605DA01240027D0EB07001B
:1075B00067EB0101161E73F1000605DA0027D2EB16
:1075C0000702012567EB030300F062FB86460E46C7
:1075D00017469C46AC4204D00025D0EB050E65EB67
:1075E000010624B10020D2EB000760EB030C7046CB
:1075F00031463A466346BDE8F08140EA01039B0705
:1076000003D009E008C9121F08C0042AFAD203E017
:1076100011F8013B00F8013B521EF9D27047D2B27B
:1076200001E000F8012B491EFBD270470022F6E76B
:1076300010B513460A4604461946FFF7F0FF2046E8
:1076400010BD421E12F8013F002BFBD111F8013B87
:1076500002F8013B002BF9D1704730B504460020F9
:10766000034600E05B1C934203D2E05CCD5C401B10
:10767000F8D030BDF0B480EA0102D40F4200B2EB82
:10768000410F02D20246084611464A0042D0C30DBD
:10769000DDB2C1F3C752AD1A202D35DAC1F31601A0
:1076A00041F4000204B15242C5F1200602FA06F18B
:1076B0002A411044B3EBD05F23D0C4B1012DA0EB1D
:1076C000C35009DCF0BC4FF0004202EAC352DBB207
:1076D00000F5000000F037BB400000F1807000EBC7
:1076E000C350A0F1807040EAD170490009E0490818
:1076F00041EAC071A0EBC35000F50000400800EB68
:10770000C350F0BC00F016BB6142012202EB410104
:10771000001BF6E7F0BC704781F00041AAE780F05B
:107720000040A7E780EA010210B502F000434000E4
:1077300022D04A001FD0010E01EB1261C0F35600A7
:10774000C2F3560240F4000042F40002A0FB022003
:1077500000047F39140400D0401C50EA124001D4C8
:107760004000491EC2B20C0604EBD010401C400879
:10777000802A02D003E0002010BD20F00100002983
:1077800000DA0020184310BD30B480EA010202F094
:10779000004530F0004221F0004013D090B1C30DFD
:1077A000D40DC2F31601C0F31600E41A41F400012F
:1077B00040F400027D34914201D3641C00E0490092
:1077C000002C02DA30BC002070474FF40000002388
:1077D000914201D3891A034340084FEA4101F7D18E
:1077E00051B1914202D14FF0004105E002D24FF079
:1077F000010101E06FF0010103EBC450284430BCEB
:1078000000F098BA2DE9FE4F804681EA0300C00FD0
:107810000C46009021F0004123F00045B8EB020037
:10782000A94105D24046214690461C460B460246D9
:1078300023F00040104347D0270DC7F30A00C3F3DD
:107840000A510290401A019040286BDAC3F31300EA
:1078500040F4801B0098924620B10023D2EB030A2B
:1078600063EB0B0B01985946C0F14002504600F003
:1078700040FA06460D4650465946019A00F048FA2D
:1078800010EB08006141002487EA115284EAE77393
:107890001A4340D0009A62B3019A012A4FEA075274
:1078A00015DC001B61EB02014FF0004202EA0752B7
:1078B000CDE90042001C41F5801132462B4600F014
:1078C0007FFA03B0BDE8F08F40462146F9E7001B80
:1078D00061EB0201001C41F5801300185B41201888
:1078E000A2F5001747EB030140EAD570B6196D41C8
:1078F00011E06D084FEA360645EAC0754FEA0752B7
:10790000001B61EB0201001C41F5801149084FEAA0
:1079100030000019514132462B4603B0BDE8F04F0C
:1079200000F03FBA0098012240000023D0EB020291
:1079300063EBE073009821464FEAE074B8EB000077
:1079400061EB0401E9E783F000435BE781F000416C
:1079500058E72DE9FE4F81EA030404F0004421F0CA
:10796000004100944FF0000B23F0004350EA010463
:107970005ED052EA03045BD0C3F30A54C1F30A5544
:107980002C44A4F2F3340194A0FB0254C1F313017C
:1079900041F48011C3F3130343F4801301FB024449
:1079A00000FB034E840A970A44EA815447EA83574E
:1079B000A4FB076802958D0A05FB07854FEA932C07
:1079C00004FB0C542705029D4FEA065847EA163778
:1079D000B5EB08056EEB070C870E920E47EA811790
:1079E00042EA8312A7FB0201B6EB0B0164EB000431
:1079F0002B0D43EA0C335E1844EB1C50DA4651461B
:107A0000E7FB0201C5F313044FEA0B3343EA1453B7
:107A10004FEA0432019C43EA0603A4F10C040294E9
:107A2000009CCDE900B400F0CBF903B0BDE8F08FC5
:107A300000200146F9E72DE9F04D81EA030404F046
:107A4000004B21F0004514464FF0000A23F000419E
:107A500050EA050220D054EA01021DD0C5F30A57AE
:107A60000246C5F31303C1F31300C1F30A5640F4F1
:107A7000801543F48013A7EB0608101BD64608F2C6
:107A8000FD3873EB050002D308F1010801E09218FC
:107A90005B41B8F1000F03DA00200146BDE8F08D2C
:107AA00000204FF48011064684460EE0171B73EB4E
:107AB000050705D3121B63EB050306434CEA010CD3
:107AC00049084FEA300092185B4150EA0107EDD1B6
:107AD00052EA030012D082EA040083EA0501084357
:107AE00005D0101BAB4106D20122002306E0002284
:107AF0004FF0004302E06FF0010253101AEB060052
:107B00004CEB085110EB0A0041EB0B01BDE8F04DC6
:107B100000F047B9C10F80EAE0700844CA07962315
:107B2000002100F010B996230022114600F00BB995
:107B30000EB5C10F80EAE0700844CA07002140F288
:107B400033438DE80E000A460B4600F039F903B0C6
:107B500000BD00F0004220F00040C10DC0F316004F
:107B600040F400007F2901DA00207047962903DCE9
:107B7000C1F19601C84001E096398840002AF4D04E
:107B80004042704720F00040C10DC0F3160040F4A1
:107B900000007F2901DA00207047962903DCC1F13B
:107BA0009601C840704796398840704700F00042FF
:107BB00030F000400AD0C10D01F56071C0F316002D
:107BC00042EA0151C20840071143704700200146B4
:107BD0007047000030B5041E71F1000404DB4FF063
:107BE0000044404264EB0101141E73F1000405DB04
:107BF0001C464FF00043524263EB04038B4208BF24
:107C0000824230BD01F0004330B421F0004150EA1F
:107C1000010206D00A0DA2F56072C1F31301002A19
:107C200002DC30BC00207047440F44EAC104C100AC
:107C3000E01830BC00EBC25000F07CB8002801DB3B
:107C4000C0F10040002901DBC1F1004181427047D1
:107C5000002801DBC0F10040002901DBC1F1004137
:107C60008842704730B50B4601460020202201248F
:107C700009E021FA02F59D4205D303FA02F5491BFA
:107C800004FA02F52844151EA2F10102F1DC30BD10
:107C90002DE9F05F0546002092469B468846064641
:107CA000814640241BE0284641464746224600F0D4
:107CB0002FF953465A46C01A914110D3114618461F
:107CC000224600F016F82D1A67EB01084F462246AF
:107CD0000120002100F00DF817EB00094E41201E95
:107CE000A4F10104DFDC484631462A464346BDE89C
:107CF000F09F202A04DB203A00FA02F100207047AE
:107D00009140C2F1200320FA03F3194390407047D9
:107D1000202A06DBCB17203A41FA02F043EAE0734F
:107D200006E041FA02F3D040C2F12002914008433C
:107D3000194670470029A8BF7047401C490008BF7A
:107D400020F00100704710B4B0FA80FC00FA0CF08B
:107D500050EA010404BF10BC704749B1CCF12004C3
:107D600021FA04F411FA0CF118BF01212143084350
:107D7000A3EB0C01CB1D4FEA00614FEA102042BF7C
:107D8000002010BC704700EBC35010440029A4BF72
:107D900010BC7047401C490008BF20F0010010BC17
:107DA000704710B5141E73F1000408DA401C41F14D
:107DB000000192185B411A4301D120F0010010BD6F
:107DC0002DE9F04D92469B4611B1B1FA81F202E0E5
:107DD000B0FA80F220329046FFF78BFF04460F4640
:107DE00040EA0A0041EA0B0153465A46084313D0C1
:107DF000114653EA010019D0C8F14002504600F084
:107E000087F805460E46504659464246FFF771FF31
:107E1000084305D0012004E020463946BDE8F08D36
:107E20000020054346EAE0762C4337430A98630571
:107E3000E40AA0EB08000022FD0A44EA47540A3095
:107E400002D500200146E9E7010510196941DDE985
:107E5000084500196941BDE8F04DA2E770B521F071
:107E6000004303430CD0C1F30A550024D5EB0405AD
:107E700064EB0403D617AD1AB34102DB00200146C0
:107E800070BD201841EB025170BDC1F30A52C1F31D
:107E9000130140F2FF3341F480119A4202DA0020CC
:107EA0000146704740F233439A42A2F2334202DC69
:107EB000524200F02DB8FFF71CBF000030B5041E81
:107EC00071F1000404DB4FF00044404264EB010117
:107ED000141E73F1000405DB1C464FF000435242B0
:107EE00063EB0403994208BF904230BD064C074D36
:107EF00006E0E06840F0010394E80700984710347A
:107F0000AC42F6D3F8F7F6F860A6000880A60008A1
:107F1000202A04DB203A21FA02F00021704721FADE
:107F200002F3D040C2F12002914008431946704745
:107F30002DE9F04D00231A461B1A8A4103DB00206D
:107F40000146BDE8F08DC1F30A52C1F3130141F4BB
:107F500080154FF0000BD10702D100186D41521E61
:107F60000027044640F2FF11384601EB620A3E4604
:107F70008046024600204FF48011FFF7C9FFC21966
:107F80007141BB1846EB0100B4EB030C75EB000C20
:107F900004D3E41A65EB000517460E46241908F1D0
:107FA00001006D4180463428E3DDF91946EB0600F7
:107FB000091BA84103D24FF0FF32134601E0002213
:107FC00013461BEB070046EB0A51BDE8F04DFFF7E7
:107FD000E8BE0EB540F2334102910021CDE9001117
:107FE0000A460B46FFF7ECFE03B000BD70B5C1F3C7
:107FF0000A5201F000450024C1F3130140F2FF339F
:1080000041F480119A4201DA002070BD40F23343FE
:108010009A42A2F2334203DC5242FFF779FF00E0BA
:1080200090402C43F1D0404270BD70B58C1810F8D0
:10803000015B15F0070301D110F8013B2A1106D1AD
:1080400010F8012B03E010F8016B01F8016B5B1EC7
:10805000F9D12B0705D40023521E0DD401F8013BA2
:10806000FAE710F8013BCB1A921C03E013F8015B0E
:1080700001F8015B521EF9D5A142D8D3002070BD92
:108080000FB4084B10B504A902AA039800F01AFC1B
:10809000044602A9002000F0ACFF204610BC5DF8A9
:1080A00014FB0000F38F0008490050EAC12018BFFC
:1080B00004204A0D18BF40F0010040F2FF72B2EBFD
:1080C000515F08BF40F00200012808BF052070473B
:1080D0002DE9F74F144694B00021C4E90211159917
:1080E000079121F00045C9498D4206DC1599C4E984
:1080F000000117B00020BDE8F08FC549DFF814A3D8
:10810000A9423CDD0799C44E0029C44FC44A1599C1
:10811000534619DDFFF717FC554506D0C14AC24B3F
:10812000FFF711FCC4E900010AE04FF0D352BE4B47
:10813000FFF709FC32463B46FFF705FCC4E90001A6
:1081400017B00120BDE8F08FFFF75CFB554506D066
:10815000B44AB54BFFF756FBC4E900010AE04FF003
:10816000D352B14BFFF74EFB32463B46FFF74AFB7B
:10817000C4E9000117B04FF0FF30BDE8F08FAB4904
:10818000A942159978DB21F0004183468846A84A28
:10819000A84BFFF7DEFB0022A74BFFF733FBFFF7EF
:1081A00025FF0990FFF7C4FC06460F469C4A53463C
:1081B000FFF7CFFB43465A46FFF7C8FB80468A4687
:1081C000984A994B30463946FFF7C3FB2A0D0125E3
:1081D0000B9242465346FFF7B9FB032DC4E9000159
:1081E00039D00B98C1F30A51401A05EB45111139EA
:1081F000814230DA9148C346784400EB0510CDF84F
:108200000CA00C90D0E9002330463946FFF7A1FBC3
:1082100002460B460491069058460399FFF793FBDC
:1082200080468A4602460B4658460399FFF78BFB69
:10823000049B069AFFF787FB83460C980391394607
:10824000D0E902233046FFF784FB5A46039BFFF731
:108250007AFB6D1CBDE707980028A2BF099817B0EC
:10826000BDE8F08F616881F000416160099817B046
:108270004042BDE8F08FFFE784461598C1F3130133
:10828000C0F30A50A0F2F5304FEA601800F01F0664
:10829000C6F12000139000200690079041F4801E44
:1082A00005206D4676B1664A08EB00017A4452F823
:1082B000213002EB8101B3404A68139922FA01F19F
:1082C000194305E05F4908EB0002794451F8221098
:1082D000A1FB0E27A1FB0C131A449A4234BF0123C1
:1082E000002303EB070A05EB8003D3E901B70F4432
:1082F0008F4234BF0121002193448B4411B1934537
:1083000002D903E0934501D2012100E00021C3E935
:1083100001B7514445F82010011EA0F10100C1DC55
:108320000298059F00F10050800F12900298DDE93D
:1083300003568000FFF7FCFB834628460D91FFF7AC
:1083400048FE6FF01D02FFF789FDCDE90E013046B2
:10835000FFF73FFE6FF03D02FFF780FD80468A4643
:108360003846FFF736FE6FF05D02FFF777FD0746F0
:10837000424653461191FFF745FADDE90E23FFF718
:1083800041FA5A460D9BFFF73DFA00250E465A4624
:1083900028460D9BFFF7D7FADDE90E23FFF7D3FA46
:1083A00042465346FFF7CFFA3A46119BFFF7CEFA03
:1083B000DFF898A0244A5346FFF7CBFA07468846D1
:1083C000234A244B31462846FFF7C3FA3A46434630
:1083D000FFF718FA074688464FF0A8425346314641
:1083E0002846FFF7B6FA3A464346FFF70BFA159AC6
:1083F00012F0004F04D0129A81F0004152421292C2
:10840000C4E90001129817B0BDE8F08FFB21E93FE5
:108410007CD90240FB21F93F7370032E8A19A33BDC
:10842000000040543163621A61B4D03DFB213941F0
:1084300083C8C96D305FE43F0000E03F24230000A3
:10844000A022000082220000182D4454FB21F93D97
:108450003326A611460B113C2DE9FF4D21F00048B3
:1084600007460C46B8F1795F08DAFFF7BFFD002830
:1084700001BF0020324904B0BDE8F08D3A462346E2
:1084800010461946FFF765FA054602462D480E4686
:108490000B460621784400F05DF82A463346FFF784
:1084A00058FADDE9022382468B4638462146FFF71B
:1084B00050FA04460F4652465B4628463146FFF7BF
:1084C00048FA22463B46FFF73EFA07468A464FF0F7
:1084D000FF3228463146FFF7C1FC1B4A90450ADAB5
:1084E0003A465346FFF72FFA04B00022BDE8F04D9C
:1084F000134BFFF72BBA154A4245A8BFA8F5001544
:108500004FF00004B8BF124D22462B46FFF71BFA6E
:108510000646884622462B4600200949FFF713FAF3
:1085200004460D463A46534630464146FFF70BFA9D
:1085300004B022462B46BDE8F04DFFF707BA000015
:108540000000F03F502000003333D33F0000E93FEC
:108550000000D23F2DE9F0414F1E00EBC701044659
:10856000D1E9000115461E4637F006020DD02A4615
:108570003346FFF7EEF97F1E04EBC703D3E9002370
:10858000FFF740F937F00602F1D1022F25D0042F72
:1085900013D0062F18BFBDE8F0812A463346FFF7F7
:1085A000D8F9D4E90A23FFF72DF92A463346FFF715
:1085B000D0F9D4E90823FFF725F92A463346FFF717
:1085C000C8F9D4E90623FFF71DF92A463346FFF719
:1085D000C0F9D4E90423FFF715F92A463346FFF71B
:1085E000B8F9D4E90223FFF70DF92A463346FFF71D
:1085F000B0F9D4E90023BDE8F041FFF703B900006A
:108600002DE9FF4D054621F0004084B00C46B0F145
:10861000795F0BDA2846FFF747FD042808BF00F012
:1086200071F8284608B02146BDE8F08D2A460B4671
:108630001046FFF78EF906460F462A462346FFF7F7
:1086400088F9804626488A4632463B4605217844CA
:10865000FFF780FF83461098029160B3214A224BB6
:1086600040465146FFF775F9CDE900015A464046AC
:108670005146029BFFF76DF982468846DDE9060107
:108680004FF0FF32FFF7EAFB52464346FFF75BF934
:1086900032463B46FFF75DF9DDE90623FFF753F964
:1086A000DDE90023FFF74FF908B02A462346BDE86D
:1086B000F04DFFF74BB90B465A4630463946FFF7A7
:1086C00048F9084A084BFFF79DF842465346FFF722
:1086D00040F908B02A462346BDE8F04DFFF792B8AE
:1086E000961F0000495555555555C5BF0122FFF746
:1086F000B5BBFFF787B80022134610461146FFF7B7
:108700009AB90000024A00201107FFF7A7BB00003A
:1087100001FDFFFF02E008C8121F08C1002AFAD1BC
:1087200070477047002001E001C1121F002AFBD1F1
:10873000704700000149086070470000E801002010
:108740002DE9FF5F82B00021DDE90430020DDDF884
:1087500040B0034318D044F61050A2F2FF32424317
:108760001514119801281FD0A5EB0B00401C5FEADF
:10877000000A4FF000064E4FDFF83891B0465046E1
:1087800015D5CAF1000413E0119801244AA3012869
:1087900001D16FEA0B010298119AC0E90031C0E9DA
:1087A000024206B0BDE8F09FCBF10000DFE70446CF
:1087B0000021404A491842EB0450CDE9001012E074
:1087C000E00707D032463B4640464946FFF7C1F82E
:1087D0008046894632463B4610461946FFF7B9F8AF
:1087E00006460F466410002CEAD1DDE90401DDE9FC
:1087F0000023BAF1000F06DAFFF7ABF842464B460A
:10880000FFF7A7F805E0FFF716F942464B46FFF7DA
:1088100012F904460E460022284BFFF74FFB03D8FF
:108820004FF0FF30014607E00022254B204631463D
:10883000FEF7E8FFFFF729FB102409E0002C0ADB14
:108840000A220023FFF724FA039B30321A55641ED4
:1088500050EA0102F2D1641C039AC4F111031444DA
:10886000119A012A03D0012208430DD10AE00843DE
:1088700004D000204FF0110B119072E7A3EB0B0511
:108880006D1E0DE05B4504DD4FF0000205F10105B2
:1088900004E003DA4FF00002A5F10105002AECD054
:1088A00002981199C0E90231C0E9004579E700005A
:1088B000000014400000F03F300000000000F043D2
:1088C0000000E03F2DE9FF4F95B09B4689460646E4
:1088D00000250FE2252877D100242746F84A0121F8
:1088E000059400E0044316F8013F203B01FA03F031
:1088F0001042F7D130782A2811D06FF02F0330784A
:10890000A0F13002092A16D8059A44F0020402EBBD
:10891000820203EB42021044761C0590EFE759F8FF
:10892000042B0592002A03DA504244F400540590C7
:1089300044F00204761C30782E2816D116F8010F68
:1089400044F004042A280DD06FF02F023078A0F1F3
:108950003003092B09D807EB870302EB4303C71841
:10896000761CF3E759F8047B761C30786C280FD01E
:1089700006DC4C2817D068280DD06A2814D104E0F2
:10898000742810D07A280FD10DE044F400140AE0C6
:1089900044F4801401E044F440147278824202D11D
:1089A00004F58014761C761C307866280BD013DC16
:1089B000582877D009DC002875D04528F6D04628FD
:1089C000F4D047281AD19DE118E0632835D06428F7
:1089D00079D0652812D195E1702873D008DC67281A
:1089E000F1D069286FD06E280DD06F2806D1B5E080
:1089F00073282CD0752875D0782874D05A461799CA
:108A000090476D1C75E1C4F30250022809D0032879
:108A10000DD0D9F8001004280DD00D6009F104091B
:108A200067E1D9F80010EA17C1E90052F6E7D9F872
:108A300000100D80F2E70D70F0E719F8041B8DF8B7
:108A4000001000208DF80100EA46012003E059F8EB
:108A500004AB4FF0FF3061074FF0000102D40DE08E
:108A600008F101018846B9420FDA8045F8DB1AF8AF
:108A700008100029F4D108E008F10101884681427C
:108A8000FADB1AF808100029F6D105985B46A0EB2E
:108A9000080721463846179A00F094FA284400EB5C
:108AA000080507E04DE029E10DE01AF8010B5A46F0
:108AB00017999047B8F10108F7D25B46214638462E
:108AC000179A13E142E00A220092C4F302524FF0D7
:108AD000000A022A08D059F804CB032A4FEAEC71A5
:108AE0000AD00DE029E02AE009F1070121F0070290
:108AF000F2E802C1914609E00FFA8CFC4FEAEC71F2
:108B0000042A03D14FFA8CFC4FEAEC71002907DAF2
:108B10000A460021DCF1000C61EB02012D2202E08B
:108B2000220504D52B228DF80420012203E0E20760
:108B300001D02022F7E7904659E00A2102E01022F6
:108B40000DE010214FF0000A00910BE010224FF0D1
:108B5000000A44F004040827009203E008224FF0C2
:108B6000000A0092C4F30252022A05D059F804CB3D
:108B70000021032A08D009E009F1070121F00702CA
:108B8000F2E802C1914605E01FFA8CFC042A01D1EB
:108B90000CF0FF0C4FF00008220728D5702806D0F3
:108BA000009B83F0100353EA0A0305D00EE0402235
:108BB0008DF80420012208E05CEA010206D0302290
:108BC0008DF804208DF8050002229046009B83F06A
:108BD000080353EA0A030AD15CEA010201D16207E1
:108BE00005D530228DF804204FF001087F1E58284B
:108BF00004D034A003900EA802900DE036A0F9E74F
:108C000053466046009AFFF743F884460398825C17
:108C10000298401E029002705CEA0100F0D10298B6
:108C200006A9081A00F1200A600702D524F480344E
:108C300000E00127574502DDA7EB0A0000E0002015
:108C400000EB0A01009005984144401A0590E003AA
:108C500006D45B462146179A059800F0B3F90544FF
:108C6000002706E001A85A46C05D179990476D1C81
:108C70007F1C4745F6DBE0030CD55B462146179A7F
:108C8000059800F09FF9054404E030205A461799F2
:108C900090476D1C0099481E00900029F5DC08E003
:108CA000029802995A460078491C029117999047F8
:108CB0006D1CBAF10001AAF1010AF1DC65E10000C6
:108CC00009280100303132333435363738396162A2
:108CD0006364656600000000303132333435363766
:108CE00038394142434445460000000000F058F93D
:108CF0000544761C307800287FF4ECAD19B0284686
:108D0000BDE8F08F620700D4062709F1070222F0C0
:108D1000070CFCE80223E14603F000485FEA080C78
:108D200002D00FF2702C0DE05FEA045C02D50FF266
:108D3000682C07E05FEAC47C02D00FF2602C01E0EF
:108D4000AFF2700C4FF0FF3823F00043CDF850C065
:108D500065280CD006DC452809D046281DD04728B8
:108D60003DD13DE0662818D067287ED138E000214B
:108D7000112F01DB112000E0781CCDE9000106A9CC
:108D80000EA8FFF7DDFCDDE90F010E9A039100212B
:108D9000009207F1010A04914DE04FF00040009766
:108DA000CDE9011006A90EA8FFF7CAFCDDE90F0204
:108DB00003920E9B11990022DDF80CA000930492FF
:108DC00011B9791C00EB010AB7EB0A0004D4C0F119
:108DD000FF3007F1010A0490AAEB0700019044E07C
:108DE000012F00DA01270021112F01DD112000E001
:108DF0003846CDE9000106A90EA8FFF7A1FCDDE980
:108E00000F010E9A0391002104910092BA462107A6
:108E10000CD40399514500DA8A46BAF1010F05DDF9
:108E2000009AAAF10101515C302908D0B84202DA57
:108E300010F1040F06DA0121CDE9011015E0AAF1C5
:108E40000101E9E7002805DC049901440491AAEB3B
:108E5000000102E0411C514500DD8A460499401A98
:108E6000401C01904FF000400290200704D401986C
:108E7000504501DBCDF8048000208DF84F000298AA
:108E80000DF14F07B0F1004F25D02B200E90029826
:108E90004FF0020800280CDA404202902D200E907C
:108EA00007E00A210298FEF7DDFE3031029007F854
:108EB000011DB8F10001A8F10108F2DC02980028B8
:108EC000EFD1791E0E980870307800F0200040F045
:108ED000450007F8020D12A8C01B00F107081498FE
:108EE000007800B1012000EB0A01019801EBE0716C
:108EF00005984144401A401E0590E00306D45B46A5
:108F00002146179A059800F05DF8054414980078FA
:108F100018B15A46179990476D1CE00324D55B465B
:108F20002146179A059800F04DF805441CE0049876
:108F3000002807DBDDE90301884203DD0098405C7F
:108F4000179901E0179930205A469047049805F187
:108F50000105401C04900198401E019004D12E2070
:108F60005A46179990476D1CBAF10001AAF1010AFF
:108F7000DDDC05E017F8010B5A46179990476D1C88
:108F8000B8F10001A8F10108F4DC5B462146179A0C
:108F90000598ABE62D0000002B000000200000002B
:108FA0002DE9F041044600251E461746880404D4E6
:108FB00005E039462020B0476D1C641EF9D52846CF
:108FC000BDE8F0812DE9F041044600251E4690469B
:108FD000C80301D5302700E02027880404D505E028
:108FE00041463846B0476D1C641EF9D52846BDE899
:108FF000F0810A68531C0B60107070472DE9F04D2A
:109000008D4F21F0004A86B005460C46BA452ADB52
:10901000AAEB070028430AD08848824501DC1AD110
:10902000CDB106B02846BDE8F04DFFF75FBB844ADE
:10903000844B2846FEF78DFC07460E46824A834B3A
:1090400028462146FEF785FC06B03A463346BDE881
:10905000F04DFEF7D7BB0120FFF76CFB06B0BDE873
:10906000F04DFFF748BB7A48824542DABAF1795FA2
:109070000BDA2846FFF718F8042808BFFFF742FB71
:10908000284606B02146BDE8F08D2A460B4610461C
:10909000FEF75FFC834602466E480E460B460621ED
:1090A0007844FFF757FA5A463346FEF752FC80469B
:1090B00069488A465A46334604217844FFF74AFAFB
:1090C0005A463346FEF745FC00223B46FEF79AFB24
:1090D00002460B4640465146FEF7ADFC2A46234663
:1090E000FEF737FC06B02A462346BDE8F04DFEF7F2
:1090F00089BB284624F0004100223D463B46FEF74E
:1091000025FC4FF0FF32FEF7A9FE06460246534803
:109110000F460B4606217844FFF71CFA32463B46C1
:10912000FEF717FCCDE900014D4832463B460421CD
:109130007844FFF70FFA32463B46FEF70AFC00225E
:109140002B46FEF75FFB834602913046394600F01E
:10915000FBFA804643480D46504517DCDDE9000127
:109160005A46029BFEF767FC42462B46FEF7F1FB90
:1091700042462B46FEF746FB0122FEF76FFE304AC1
:10918000304BFEF7E0FB304A304B4CE04FF0000A2A
:1091900052460B464046FEF735FBCDE903105246DA
:1091A0002B4610461946FEF7D4FB32463B46FEF7E7
:1091B000CDFBDDE90332FEF73EFC06460F46DDE956
:1091C00000015A46029BFEF736FC834600910122BD
:1091D00030463946FEF742FE194A1A4BFEF7B6FBF7
:1091E00006460F46012240462946FEF737FE5A46FC
:1091F000009BFEF7AEFB32463B46FEF7A4FB06465D
:109200000F46012250462946FEF728FE0E4DDFF894
:1092100058802A464346FEF799FB32463B46FEF706
:1092200095FB2A464346FEF791FB002CD8BF81F000
:10923000004106B0BDE8F08D0000F03F0000F07F77
:10924000075C143326A6913C182D4454FB21F93FAA
:109250000000E03F5C13000072130000E612000003
:10926000FC1200003333EF3FFB21E93F2DE9F84FBB
:1092700004460D4621F0004000917349814211DC03
:109280007249884201DC06D12CB120462946BDE84E
:10929000F84FFFF72BBA6E48002DCCBF6D496E49D1
:1092A000BDE8F88F6D49814211DD6D498142D8BF1B
:1092B0004FF0FF366DDD20462946FEF7F5FE042807
:1092C00008BFFFF71FFA20462946BDE8F88F654919
:1092D000654F25F00045814233DD6449814219DD47
:1092E000002632464FF0804320462946FEF78AFA90
:1092F00080468A46012220462946FEF7AFFD00221D
:109300003B46FEF720FB42465346FEF794FB0446DD
:109310000D463EE001260022BA463B46204629463D
:10932000FEF770FA80460F46002253462046294633
:10933000FEF709FB42463B46FEF77DFB04460D4621
:1093400027E04B4981421BDDDFF828A102260022DD
:10935000534620462946FEF7FCFA00223B46FEF71C
:1093600051FA80460F460022534620462946FEF712
:10937000EAFA42463B46FEF75EFB04460D4608E02D
:10938000032622462B4600203B49FEF754FB0446A9
:109390000D4622462B4610461946FEF7DAFA8B4652
:1093A000824602460B46FEF7D4FA07460246334889
:1093B00088460B4606217844FFF7CCF852465B46B8
:1093C000FEF7C7FA82462E488B463A4643460521A9
:1093D0007844FFF7BFF83A464346FEF7BAFA02462A
:1093E0000B46002E504659460CDAFEF70BFA224681
:1093F0002B46FEF7AEFA01B022462B46BDE8F04FF1
:10940000FEF7A4BAFEF7FEF922462B46FEF7A1FAB4
:109410001C4A7A4402EBC603D3E90023FEF793FA11
:1094200022462B46FEF78FFA174A7A4402EBC60310
:10943000D3E90023FEF78AFA009A002AB8BF81F028
:109440000041BDE8F88F0000000010440000F07FEC
:10945000182D4454FB21F93FFB21F9BF0000DC3FEC
:109460000000203E0000F33F0000F03F0000E63F18
:10947000008003400000F83F0000F0BFFE10000035
:10948000BC1000005A100000221000002DE9F04D21
:109490009446CCF1000423F000464CEA0404524FF9
:1094A00046EAD4749A46884621F00042BC4206D867
:1094B000454240EA050442EAD474BC4204D9BDE8FE
:1094C000F04D6246FFF715B9AAF14055A5F17F6549
:1094D00055EA0C040BD0022404EAAA74434DDFF8C9
:1094E00010E144EAD87452EA000B04D00CE0BDE865
:1094F000F04DFFF7BBBE002C14BF012CBDE8F08D72
:10950000022C30D0032C32D056EA0C0B0AD0BE42CB
:1095100020D1BA4209D126F0804622F0804233465B
:10952000114617E000291ADB25E0DFF8C8B0FB443C
:10953000002C04BFDBE90001BDE8F08D012C02BF67
:10954000DBE9000181F00041BDE8F08D022C0AD07A
:10955000032C0CD0BA4212D1B8F1000F0BDA234819
:109560002549BDE8F08D28462449BDE8F08D284600
:109570007146BDE8F08D1D482149BDE8F08D921B74
:1095800012153C2AC4BF19481D490EDCBAF1000F60
:10959000BEBF12F13C0F0020014606DB6246FEF71B
:1095A0004AFA21F00041FFF761FE002C08BFBDE838
:1095B000F08D012C04BF81F00041BDE8F08D114A0F
:1095C000114B022C07D0FEF7BEF92A46BDE8F04D3C
:1095D0000A4BFEF7B8B9FEF7B6F92A46BDE8F04DDA
:1095E000064BFEF7B3B900000000F07F182D44547D
:1095F000FB2109C0E60F0000FB21F9BFFB21094058
:10960000FB21F93F075C143326A6A13C00B5244B8F
:1096100021F0004287B09A42DCBF0022134629DDC8
:10962000204B9A4208D140B94FF00100FFF782F871
:10963000FFF761F807B000BD03DBFFF757F807B08D
:1096400000BD02AAFEF744FD10F0030104BF0DF1B6
:10965000080C9CE80F000DD0012001290ED0022932
:1096600014D00DF1080C00909CE80F00FEF7C8FF25
:1096700007B000BDFEF7F0FE07B000BD0DF1080C0D
:1096800000909CE80F00FEF7BBFF05E00DF1080C11
:109690009CE80F00FEF7E0FE07B081F0004100BD3E
:1096A000FB21E93F0000F07F00B5254B21F000428F
:1096B00087B09A4203DC0022134600922BE0214B34
:1096C0009A4208D140B94FF00100FFF733F8FFF795
:1096D00012F807B000BD03DBFFF708F807B000BDC4
:1096E00002AAFEF7F5FC10F003014FF001000DD0C7
:1096F000012914D002291AD00DF1080C9CE80F00A2
:10970000FEF7AAFE07B081F0004100BD0DF1080C84
:1097100000909CE80F00FEF773FF07B000BD0DF14D
:10972000080C9CE80F00FEF797FE07B000BD0DF196
:10973000080C00909CE80F00FEF762FFE2E70000D3
:10974000FB21E93F0000F07F2DE9F04106460F467E
:10975000FEF7EEFB041E0D4618BF0120284320F043
:109760000040C0F17F6000F1E040C00F0ED0301C1F
:1097700018BF0120384320F00040C0F17F6000F1A5
:10978000E040C00F04BF0120FEF7D4FF2046294669
:10979000BDE8F081000000000000000000406540CE
:1097A000333333333333D33F000000000000124023
:1097B000B81E85EB51B8BE3F680000047600540126
:1097C000F7FD000175191A0C6A231B1C1F20727407
:1097D000433B4138393A6B6C376F06246D6E70002D
:1097E000830000000008000000010018320005009E
:1097F000000020410000D242295C0F3E9A99993E18
:109800003333733F295C0F3E0000700000000024DA
:10981000000000020003000000650054FFEF00009C
:10982000FA80000B12820001030C30C30E8C8CE90D
:1098300014D5400213710F8E3883F8833000F883FB
:10984000258EF8833000F883FFFFFFFF0FFEA9D6B7
:10985000240004001A8279A10000003CFFFF0000F0
:109860000010000038836FA2003E0330400000006B
:1098700002CAE3093E800000200000000000000052
:109880004000000060000000000C0000000C186E9A
:10989000000006920A16C0DFFFFF0256FD8CD37748
:1098A000FFE1C496E0C5BEAA00000000FFFF0B2B3D
:1098B00000001657000003594000000000001DFA88
:1098C00000026C1D000000003FFFDFEB003EB3B65E
:1098D000000D227800002F3C00000000001942B566
:1098E000000039A20000B365D90E9FC91DCF4C34CA
:1098F00030000000500000003BB67AE80064000031
:1099000000C8000000000000100000001000FA92E3
:109910001000225E000D229F0001000000320000B6
:10992000FF46000063D400001000000004D60000D1
:1099300004CC000004CC00000000107200000040C5
:109940000000000000000000000600020005000703
:10995000000000000064000000000000000000059E
:10996000000500640020000000000000000000006E
:10997000000040000000030000000032F8980000E2
:10998000FF650000830F0000FF9BFC00000000004B
:1099900000000000000000000000000000000000C7
:1099A00000000000000000000000000000000000B7
:1099B0000000000000001000400000000000000651
:1099C0000000B26A000200000001FB830068000092
:1099D00000D9FC007CF1FF8300000000006500005E
:1099E000006403E800640028000000250000000077
:1099F00016A000000000100000001000002F000062
:109A0000000001F40000100000280000FFFF458165
:109A1000FFFFFA7200000000000000000044000593
:109A20000005BAC6004778A200000001000000004F
:109A300000000600000000140000254D002F706D8E
:109A4000000005AE000C02D0000000000000000085
:109A50000000000000000000001B000000000000EB
:109A6000000000000000000000640000000800008A
:109A700000000000000000000000000000000000E6
:109A800000000000000000000000000000000000D6
:109A900000000000000000000000000000000000C6
:109AA00000000000000000000000000000000000B6
:109AB00000000000000000000000000000000000A6
:109AC0000000000000000000001B0000000000007B
:109AD00000000000000E000E00000AC70004000095
:109AE00000000032FFFFFF9C00000B2B0000000273
:109AF0000000000100000064FFE50000000000001D
:109B00000000000000000000000000010000000054
:109B10000001000000000000000180000001800042
:109B200000018000002426D3000000000000000097
:109B3000000600100096003C00000000000000003D
:109B400000000000000000000C0A4E68CDCF77092D
:109B500050166759C619CE820000000000000000B0
:109B600000000000000000000000000000000000F5
:109B700017D7840003000000000000000000000070
:109B8000C7938F9D1E1B1C190000000000000000E1
:109B900000000000000000000000000000000000C5
:109BA00002031885000040000000000300000003CD
:109BB0000000000000000000400000000000000065
:109BC0000000000000000000000000000000000095
:109BD0000000000000000000000000000000000085
:109BE000000000000000000000000000677DDF7E34
:109BF00072902E554CF6E688000000000000000030
:109C00000000000000000000D8DCB4B8B0D8B9AB48
:109C1000F3F8FAB3B7BB8E9EAEF132F51BF1B4B8D0
:109C2000B08097F1A9DFDFDFAADFDFDFF2AAC5CDC1
:109C3000C7A90CC92C97F1A989264666B28999A9AA
:109C40002D557DB0B08AA896365676F1BAA3B4B237
:109C500080C0B8A89711B28398BAA3F02408441022
:109C60006418B2B9B49883F1A329557DBAB5B1A3EC
:109C70008393F0002850F5B2B6AA839328547CF160
:109C8000B9A3829361BAA2DADEDFDB819AB9AEF5BD
:109C9000606870F1DABAA2DFD9BAA2FAB9A38292E7
:109CA000DB31BAA2D9BAA2F8DF85A4D0C1BBAD839B
:109CB000C2C5C7B8A2DFDFDFBAA0DFDFDFD8D8F1C7
:109CC000B8AAB38DB4980D355DB2B6BAAF8C9619FB
:109CD0008F9FA70E161EB49AB8AA872C547CBAA4DC
:109CE000B08AB691325676B28494A4C808CDD8B85A
:109CF000B4B0F19982A82D557D98A80E161EA22CFD
:109D0000547C92A4F02C5078F184A898C4CDFCD84F
:109D10000DDBA8FC2DF3D9BAA6F8DABAA6DED8BABC
:109D2000B2B68696A6D0F3C841DAA6C8F8D8B0B4C1
:109D3000B882A892F52C548898F135D9F418D8F146
:109D4000A2D0F8F9A884D9C7DFF8F883C5DADF69AB
:109D5000DF83C1D8F40114F1A8824EA884F311D195
:109D600082F5D992289788F109F41C1CD884A8F3AD
:109D7000C0F9D1D99782F129F40DD8F3F9F9D1D9E5
:109D800082F4C203D8DEDF1AD8F1A2FAF9A88498C7
:109D9000D9C7DFF8F8F883C7DADF69DFF883C3D8FB
:109DA000F40114F198A8822EA884F311D182F5D978
:109DB00092509788F109F41CD884A8F3C0F8F9D11F
:109DC000D99782F149F40DD8F3F9F9D1D982F4C4C5
:109DD00003D8DEDFD8F1AD8898CCA809F9D98292F2
:109DE000A8F57CF1883ACF944A6E98DB6931DAADF8
:109DF000F2DEF9D88795A8F221D1DAA5F9F417D9BE
:109E0000F1AE8ED0C0C3AE82C684C3A88595C8A566
:109E100088F2C0F1F4010EF18E9EA8C63E56F554AC
:109E2000F18872F40115F19845856EF58E9E0488CF
:109E3000F142985A8E9E068869F4011CF1981E1111
:109E400008D0F504F11E970202983625DBF9D98572
:109E5000A5F3C1DA85A5F3DFD88595A8F309DAA5BE
:109E6000FAD88292A8F578F1881A849F26889821DA
:109E7000DAF41DF3D8879F39D1AFD9DFDFFBF9F4CE
:109E80000CF3D8FAD0F8DAF9F9D0DFD9F9D8F40B15
:109E9000D8F3879F39D1AFD9DFDFF41DF3D8FAFCAF
:109EA000A869F9F9AFD0DADEFAD9F88F9FA8F1CC1A
:109EB000F398DB45D9AFDFD0F8D8F18F9FA8CAF36C
:109EC0008809DAAF8FCBF8D8F2AD978D0CD9A5DF22
:109ED000F9BAA6F3FAF412F2D8950DD1D9BAA6F3CD
:109EE000FADAA5F2C1BAA6F3DFD8F1BAB2B686960D
:109EF000A6D0CAF349DAA6CBF8D8B0B4B8D8AD84A6
:109F0000F2C0DFF18FCBC3A8B2B68696C8C1CBC36F
:109F1000F3B0B48898A821DB718D9D71859521D906
:109F2000ADF2FAD88597A828D9F408D8F28D29DAA5
:109F3000F405D9F285A4C2F2D8A88D9401D1D9F440
:109F400011F2D88721D8F40AD8F28498A8C801D190
:109F5000D9F411D8F3A4C8BBAFD0F2DEF8F8F8F802
:109F6000F8F8F8F8D8F1B8F6B5B9B08A95A3DE3CA0
:109F7000A3D9F8D85CA3D9F8D87CA3D9F8D8F8F934
:109F8000D1A5D9DFDAFAD8B18530F7D9DED8F830E3
:109F9000ADDADED8F2B48C99A32D557DA083DFDF36
:109FA000DFB591A0F629D9FBD8A0FC29D9FAD8A011
:109FB000D051D9F8D8FC51D9F9D879D9FBD8A0D04B
:109FC000FC79D9FAD8A1F9F9F9F9F9A0DADFDFDFDC
:109FD000D8A1F8F8F8F8F8ACDEF8ADDE8393AC2C35
:109FE000547CF1A8DFDFDFF69D2CDAA0DFD9FADBA5
:109FF0002DF8D8A850DAA0D0DED9D0F8F8F8DB5583
:10A00000F8D8A878DAA0D0DFD9D0FAF8F8F8F8DBD9
:10A010007DF8D89CA88CF530DB38D9D0DEDFA0D015
:10A02000DEDFD8A848DB58D9DFD0DEA0DFD0DED80D
:10A03000A868DB70D9DFDFA0DFDFD8F1A888902C1B
:10A04000547C98A8D05C38D1DAF2AE8CDFF9D8B065
:10A0500087A8C1C1B188A8C6F9F9DA36D8A8F9DA53
:10A0600036D8A8F9DA36D8A8F9DA36D8A8F9DA361F
:10A07000D8F78D9DADF818DAF2AEDFD8F7ADFA302B
:10A08000D9A4DEF9D8F2AEDEFAF983A7D9C3C5C7E1
:10A09000F1889BA77AADF7DEDFA4F8849408A79730
:10A0A000F300AEF29819A488C6A39488F632DFF2C2
:10A0B0008393DB09D9F2AADFD8D8AEF8F9D1DAF365
:10A0C000A4DEA7F1889B7AD8F38494AE19F9DAAAB2
:10A0D000F1DFD8A881C0C3C5C7A39283F628ADDE3F
:10A0E000D9F8D8A350ADD9F8D8A378ADD9F8D8F815
:10A0F000F9D1A1DADEC3C5C7D8A18194F818F2B0AE
:10A1000089ACC3C5C7F1D8B8B4B09786A8319B064F
:10A110009907AB9728889BF00C201440B0B4B8F096
:10A12000A88A9A285078B79BA82951792470594455
:10A130006938644831F1BBAB88002C547CF0B38B98
:10A14000B8A804285078F1B088B49726A85998BBCD
:10A15000ABB38B02264666B0B8F08A9CA829517929
:10A160008B2951798A2470598B2058718A44693817
:10A170008B3940688A6448318B30496088F1AC0083
:10A180002C547CF08CA804285078F1889726A85984
:10A1900098AC8C02264666F0899CA82951792470D7
:10A1A00059446938644831A98809205970AB11387D
:10A1B0004069A8193148608CA83C415C207C00F1C2
:10A1C00087981986A86E767EA999882D557DD8B175
:10A1D000B5B9A3DFDFDFAED0DFAAD0DEF2ABF8F98E
:10A1E000D9B087C4AAF1DFDFBBAFDFDFB9D8B1F1E7
:10A1F000A3978E60DFB084F2C8F8F9D9DED89385D2
:10A20000F14AB183A308B5839A0810B79F10D8F11B
:10A21000B0BAAEB08AC2B2B68E9EF1FBD9F41DD8E8
:10A22000F9D90CF1D8F8F8AD61D9AEFBD8F40CF13E
:10A23000D8F8F8AD19D9AEFBDFD8F416F1D8F8ADDF
:10A240008D61D9F4F4ACF59C9C8DDF2BBAB6AEFAD7
:10A25000F8F40BD8F1AED0F8AD51DAAEFAF8F1D887
:10A26000B9B1B6A3839C08B9B1839AB5AAC0FD3031
:10A2700083B79F10B58B93F20202D1ABDADED8F12F
:10A28000B080BAABC0C3B284C1C3D8B1B9F38BA399
:10A2900091B609B4D9ABDEB0879CB9A3DDF1B38B1D
:10A2A0008B8B8B8BB087A3A3A3A3B28BB69BF2A39C
:10A2B000A3A3A3A3A3A3A3A3A3F1B087B59AA3F3D6
:10A2C0009BA3A3DCBAACDFB9A3A3A3A3A3A3A3A3BB
:10A2D000A3A3A3A3A3A3A3A3D8D8D8BBB3B7F1AA1E
:10A2E000F9DAFFD9809AAA28B48098A720B797876F
:10A2F000A86688F07951F1902C870CA7819762931A
:10A30000F071716085940129517990A5F1284C6C08
:10A31000870C95188578A38390284C6C886CD8F3AB
:10A32000A28200F210A8921980A2F2D926D8F18850
:10A33000A84DD948D896A83980D93CD89580A83955
:10A34000A68698D92CDA87A72CD8A8899519A98030
:10A35000D938D8A88939A980DA3CD8A82EA839904C
:10A36000D90CD8A8953198D90CD8A809D9FFD8010B
:10A37000DAFFD89539A9DA26FFD890A80D8999A8CF
:10A3800010809821DA2ED88999A83180DA2ED8A8A1
:10A3900086963180DA2ED8A8873180DA2ED8A88226
:10A3A00092F34180F1D92ED8A882F31980F1D92EE9
:10A3B000D882ACF3C0A28022F1A62EA72EA92298A3
:10A3C000A829DAACDEFFD8A2F22AF1A92E8292A83F
:10A3D000F23180A696F1D900AC8C9C0C30ACDED06A
:10A3E000DEFFD88C9CACD010ACDE8092A2F24C8206
:10A3F000A8F1CAF235F19688A6D900D8F1FF00007D
:10A40000555555555555C53F7D6FEB0312D6D4BFF5
:10A410005544880E55C1C93F3B8F68B52882A4BFFB
:10A4200088B20175E0EF493F09F7FD0DE13D023FBC
:10A430004B2D8A1C273A03C0C88A599CE52A004044
:10A4400059018D1B6C06E6BF82922EB1C5B8B33F91
:10A450004FBB610567ACDD3F182D4454FB21E93F3C
:10A460009BF681D20B73EF3F182D4454FB21F93F2B
:10A47000E2652F227F2B7A3C075C143326A6813CB1
:10A48000BDCBF07A8807703C075C143326A6913C5C
:10A49000C4EB98999999C9BF711623FEC671BCBFC8
:10A4A0006D9A74AFF2B0B3BF9AFDDE522DDEADBF30
:10A4B0002F6C6A2C44B4A2BF0D5555555555D53F48
:10A4C000FF8300922449C23F6E204CC5CD45B73F63
:10A4D000513DD0A0660DB13FEB0D76244B7BA93FDB
:10A4E00011DA22E33AAD903F4C5555555555A53FED
:10A4F0007751C1166CC156BF9015CB19A001FA3E19
:10A50000AD529C804F7E92BEC4B1B4BD9EEE213E42
:10A51000D43888BEE9FAA8BD0000000000000000A1
:10A5200000004054FB21F93F3163621A61B4D03D11
:10A530000000601A61B4D03D7370032E8A19A33BEA
:10A540000000002E8A19A33BC14920259A837B393C
:10A5500000000000000000006E83F9A22915444E9F
:10A56000D15727FCC0DD34F5999562DB4190433C1F
:10A57000AB6351FE61C5BBDE3A6E24B7E0D24D42FB
:10A58000EA2E49061C92D1091CEB1DFE3EA729B1FB
:10A59000F53582E88444BB2E26709CE9417E5FB489
:10A5A00039D69139F43953838B5F849C3B28F9BDAC
:10A5B000FF97F81F0F9805DE8B112FEF1F6D0A5ABA
:10A5C000CF7E366DB709CB27663F464F2DEA5F9E9B
:10A5D000C7BA27757BF1E5EBF739073DEA92528A56
:10A5E000B15FFB6B085D8D1FA6F810111111813F43
:10A5F000D561C119A0012ABF7DFEB157E31DC73E39
:10A60000EB9C2B8AE6E55ABE7CD5CF5A3AD9E53D7C
:10A610002050726F647563742049442072656164D0
:10A62000206173203020696E6469636174657320F2
:10A63000646576696365206973206569746865720D
:10A6400020696E636F6D70617469626C65206F72F2
:10A6500020616E204D5055333035302E0A000000F9
:10A6600080A6000800000020EC0100002A800008FD
:10A67000F4A60008EC0100208405000024870008EF
:10A68000412D01020304041009060708090204060B
:10A690000884A24A04691832FF2904520103428047
:10A6A0003F234843180FC8429A99993FDA0FC93F90
:10A6B0009A99193E14021E42032E40411B2A436000
:10A6C0001958076890408FC2F53D03168813232060
:10A6D0000330096F12833AA69B443B07293F0AD7F0
:10A6E000A33B01EB803F0C13C4971B08B804012067
:04A6F0005AE0240008
:04000005080000ED02
:00000001FF
