:020000040800F2
:100000007807002029480008B9310008BB310008F2
:10001000BF310008C3310008C731000800000000EC
:10002000000000000000000000000000CB310008CC
:10003000CD31000800000000CF310008D1310008A8
:100040004348000843480008434800084348000864
:10005000434800084348000843480008E3460008B6
:100060004348000843480008434800084348000844
:100070004348000843480008434800084348000834
:100080004348000843480008434800084348000824
:100090004348000843480008434800084348000814
:1000A0004348000845460008434800084348000804
:1000B00043480008652800087528000843480008E0
:1000C00043480008434800084348000843480008E4
:1000D00043480008434800084348000843480008D4
:1000E000434800084348000843480008DFF80CD0A4
:1000F00007F006FF00480047812600087807002027
:1001000031490143314A1160704770B50021002325
:100110000F22C47804B32D4C246804F4E064C4F5C1
:10012000E064210AC1F10403CA40447804FA03F1EF
:100130008478144021430901254C0678A1550478A0
:1001400004F01F050124AC4005786D11AD0005F1E8
:10015000E025C5F8004109E0047804F01F050124FA
:10016000AC401C4D0678761145F8264070BD1A4A01
:100170000A400243154B1B1F1A60704739B1134ADE
:10018000121D12680243114B1B1D1A6006E00F4A34
:10019000121D126882430D4B1B1D1A607047042804
:1001A00008D14FF0E021096941F004014FF0E0224D
:1001B000116107E04FF0E021096921F004014FF0DF
:1001C000E0221161704700000000FA050CED00E02C
:1001D00000E400E080E100E080FFFF1F00204449D0
:1001E0000860091D0860091D0860091D0860414874
:1001F0003F4914310860704700213D498279002A47
:100200003AD00A46126803689A430B461A600A1DE0
:10021000126803689A430B1D1A60027911440A6838
:1002200003681A430A60324A0832126803689A4324
:100230002F4B08331A601A1D126803689A432C4B1F
:100240000C331A604279102A0ED11A1F1268036803
:100250001A43274B08331A601A1D126803681A43A1
:10026000234B0C331A600DE02149427911440A688E
:1002700003681A430A6005E0027911440A680368BA
:100280009A430A6070470021016001710C2141719D
:100290000021817170471649103109680143144AE1
:1002A00010321160704701460020114A1432126862
:1002B0000A400AB1012000E0002070470C491431C7
:1002C00008607047014600200022094B1B6803EAC2
:1002D0000102074B14331B680B4013B10AB1012014
:1002E00000E00020704702491431086070470000A8
:1002F00000040140FFFF0F0010B50446CC488442C3
:1003000008D10121042000F02DFB0021042000F081
:1003100029FB46E0C748844208D10121082000F0AB
:1003200021FB0021082000F01DFB3AE0C248844276
:1003300008D10121102000F015FB0021102000F051
:1003400011FB2EE0BD48844208D10121202000F09D
:1003500009FB0021202000F005FB22E0B848844280
:1003600008D10121402000F0FDFA0021402000F0DA
:10037000F9FA16E0B348844208D10121802000F048
:10038000F1FA0021802000F0EDFA0AE0AE48844244
:1003900007D10121801500F0E5FA0021A01500F039
:1003A000E1FA10BD10B50121084600F0DBFA00218A
:1003B000012000F0D7FA10BD2DE9F04102460025DA
:1003C0000026002000230024002791F803C00CF031
:1003D0000F0591F803C00CF0100CBCF1000F03D016
:1003E00091F802C04CEA050591F800C0BCF1000F7D
:1003F00031D0146800202BE04FF0010C0CFA00F310
:10040000B1F800C00CEA03069E4220D183004FF0F1
:100410000F0C0CFA03F7BC4305FA03FC4CEA040486
:1004200091F803C0BCF1280F06D14FF0010C0CFA73
:1004300000FCC2F814C00AE091F803C0BCF1480FF8
:1004400005D14FF0010C0CFA00FCC2F810C0401CA2
:100450000828D1D31460B1F800C0BCF1FF0F34DD1F
:10046000546800202EE000F1080C4FF0010808FA53
:100470000CF3B1F800C00CEA03069E4221D18300C0
:100480004FF00F0C0CFA03F7BC4305FA03FC4CEADF
:10049000040491F803C0BCF1280F05D100F1080C49
:1004A00008FA0CF8C2F8148091F803C0BCF1480FA8
:1004B00007D100F1080C4FF0010808FA0CF8C2F857
:1004C0001080401C0828CED35460BDE8F0814FF660
:1004D000FF710180022181700421C17070470246C2
:1004E000002093680B400BB1012000E00020704712
:1004F0000146886880B2704702460020D3680B40EE
:100500000BB1012000E0002070470146C86880B2AE
:10051000704701617047416170470AB1016100E0B5
:1005200041617047C16070474FF480320A43826175
:100530008161826182698269704702460020434B73
:1005400018684FF68073184040EA021008433F4B8A
:10055000186070473E49C8617047F0B50A460023ED
:1005600000240021002500F00046B6F1004F02D122
:10057000364EF16901E0354E7168C0F3034583B230
:1005800000F44016B6F5401F08D121F070612F4EDF
:10059000766826F070662D4F7E6012E000F48016BB
:1005A000B6F5801F06D1032606FA05F4A14341F0F3
:1005B000706106E0460D360103FA06F6B14341F0DC
:1005C000706122B1460D360103FA06F6314300F0A0
:1005D0000046B6F1004F02D11C4EF16101E01B4E06
:1005E0007160F0BD30B500228B071C0F0F2303FA9A
:1005F00004F2164B08338C1053F824309343134CF9
:1006000008348D1044F8253023468C1053F82430DC
:100610008C07240F00FA04F423430C4C08348D108B
:1006200044F8253030BD0A49DC31086070470000CD
:1006300000080140000C014000100140001401407E
:1006400000180140001C0140002001400000014052
:1006500000002042DF48006840F00100DD490860EA
:1006600008464068DC490840DA49486008460068A6
:10067000DA490840D74908600846006820F480201D
:1006800008600846406820F4FE0048604FF41F00F0
:1006900088607047CF49096821F48031CD4A1160E4
:1006A0001146096821F480211160B0F5803F03D024
:1006B000B0F5802F0ED106E0C649096841F48031BB
:1006C000C44A116007E0C349096841F4A021C14A46
:1006D000116000E000BF00BF704710B50146002266
:1006E000002300204A11012A02D1BA4C236806E0F7
:1006F000022A02D1B74C236A01E0B64C636A01F0CA
:100700001F02012494401C400CB1012000E0002095
:1007100010BD38B5002000900024002500BF312016
:10072000FFF7DBFF05460098401C00900098B0F5ED
:10073000A06F01D0002DF2D03120FFF7CEFF08B11D
:10074000012400E00024204638BD01460020A14AD3
:10075000106820F0F80040EAC10010607047A0491E
:1007600008607047024600209A4B586820F47C10BD
:1007700042EA01031843974B58607047984908664E
:10078000704701460020934A506820F00300084358
:10079000506070478F48406800F00C007047014679
:1007A00000208C4A506820F0F000084350607047E9
:1007B00001460020874A506820F4E06008435060FA
:1007C000704701460020834A506820F4605040EA98
:1007D000C1005060704729B17E4A527A02437D4B76
:1007E0005A7204E07B4A527A82437A4B5A727047BB
:1007F0007B49D8310860704701460020754A50682F
:1008000020F440400843506070470021714A203274
:100810001170704A82F82010012802D004280AD1F1
:1008200004E001216B4A2032117005E00521694A7C
:100830002032117000E000BF00BF704769490860B6
:1008400070476449096A0143624A11627047654909
:1008500044390860704730B500210022002400238D
:100860005C4D6D6805F00C0121B1042905D0082903
:1008700023D105E05C4D056022E05B4D05601FE083
:10088000544D6D6805F47012524D6D6805F4803456
:10089000022505EB92421CB9544D554305600BE00F
:1008A0004C4D6D6805F400351DB1504D5543056044
:1008B00002E04D4D5543056002E04B4D056000BF21
:1008C00000BF444D6D6805F0F0010909484D6B5CAF
:1008D0000568DD4045603F4D6D6805F4E061090A3B
:1008E000434D6B5C4568DD4085603A4D6D6805F4AD
:1008F0006051C90A3E4D6B5C4568DD40C560354DB1
:100900006D6805F44041890B3A4D6B5CC568B5FBD9
:10091000F3F5056130BD29B12E4A526902432D4BD2
:100920005A6104E02B4A526982432A4B5A6170474C
:1009300029B1284A92690243264B9A6104E0254A6C
:1009400092698243234B9A61704729B1214AD26947
:100950000243204BDA6104E01E4AD26982431D4BF8
:10096000DA61704729B11B4AD2680243194BDA6039
:1009700004E0184AD2688243164BDA60704729B106
:10098000144A12690243134B1A6104E0114A1269B6
:100990008243104B1A617047124940390860704712
:1009A0000F49C86470470B49C87170470948406ACD
:1009B00040F0807007494862704701460020054AB0
:1009C00092680A400AB1012000E000207047014906
:1009D00088727047001002400000FFF8FFFFF6FE2B
:1009E000000042428004424200127A0000093D00A9
:1009F000000000201000002010B50446FE4884428C
:100A000008D10121C014FFF7ADFF0021E014FFF76A
:100A1000A9FFC4E0B4F1804F08D101210846FFF7D7
:100A2000AEFF00210120FFF7AAFFB8E0F34884429F
:100A300008D101210220FFF7A2FF00210220FFF7C9
:100A40009EFFACE0EE48844208D101210420FFF76C
:100A500096FF00210420FFF792FFA0E0E9488442BE
:100A600008D101210820FFF78AFF00210820FFF7A5
:100A700086FF94E0E448844208D101211020FFF76A
:100A80007EFF00211020FFF77AFF88E0DF488442D4
:100A900008D101212020FFF772FF00212020FFF75D
:100AA0006EFF7CE0DA48844208D101214014FFF750
:100AB00059FF00216014FFF755FF70E0D5488442CC
:100AC00009D10121C804FFF74DFF00214FF4002098
:100AD000FFF748FF63E0D048844209D101210805AF
:100AE000FFF740FF00214FF48010FFF73BFF56E077
:100AF000CA48844209D101214805FFF733FF00218C
:100B00004FF40010FFF72EFF49E0C548844208D19A
:100B100001214020FFF733FF00214020FFF72FFF86
:100B20003DE0C048844208D101218020FFF727FF23
:100B300000218020FFF723FF31E0BB48844208D129
:100B400001218015FFF71BFF0021A015FFF717FFFC
:100B500025E0B648844209D101210804FFF702FFCD
:100B600000214FF48030FFF7FDFE18E0B0488442CA
:100B700009D101214804FFF7F5FE00214FF40030B0
:100B8000FFF7F0FE0BE0AB48844208D10121880456
:100B9000FFF7E8FE00214FF48020FFF7E3FE10BDD1
:100BA00000220288944B98420ED0994B98420BD069
:100BB000B0F1804F08D0914B984205D0904B9842AD
:100BC00002D0904B984204D14FF68F731A404B8855
:100BD0001A438D4B984207D08C4B984204D04FF665
:100BE000FF431A40CB881A4302808B8883850B8889
:100BF0000385814B98420BD0854B984208D08B4B94
:100C0000984205D08A4B984202D08A4B984201D133
:100C10000B7A038601238382704770B5002400227B
:100C20000023058C4FF6FE7635400584028C8388C0
:100C3000048B4FF68F752C40B51E2C400D882C432D
:100C4000751E2A400D892A434D882A436A4DA842C1
:100C50000BD06F4DA84208D0744DA84205D0744DFA
:100C6000A84202D0734DA84213D14FF6F7752A401F
:100C70004D892A434FF6FB752A408D882A434FF64B
:100C8000FF652B404FF6FF552B408D892B43CD89B7
:100C90002B4383800483CD888586028470BD70B524
:100CA000002400220023058C4FF6EF7635400584A2
:100CB000028C8388048B48F6FF752C404FF6FF4565
:100CC0002C400D884FF6FF7606EA05252C434FF69B
:100CD000DF752A400D8906EA05152A434D8806EA84
:100CE00005152A43444DA84202D0494DA8421DD1C2
:100CF0004FF67F752A404D894FF6FF7606EA0515B7
:100D00002A434FF6BF752A408D8806EA05152A4307
:100D10004FF6FF352B404FF2FF752B408D8906EAC9
:100D200085052B43CD8906EA85052B438380048303
:100D3000CD880587028470BD70B500240022002391
:100D4000058C4FF6FF6635400584028C8388848BC2
:100D50004FF68F752C404FF6FC752C400D882C43B8
:100D60004FF6FF552A400D894FF6FF7606EA052516
:100D70002A434D8806EA05252A431F4DA84202D082
:100D8000234DA8421DD14FF2FF752A404D894FF6E1
:100D9000FF7606EA05252A434FF6FF352A408D885F
:100DA00006EA05252A434EF6FF752B404DF6FF75E2
:100DB0002B408D8906EA05152B43CD8906EA0515DA
:100DC0002B4383808483CD888587028470BD70B572
:100DD000002200230024058C4EF6FF763540058462
:100DE000038C8488828B48F6FF752A404FF6FF45B6
:100DF0002A400D8820E00000002C01400004004043
:100E000000080040000C00400010004000140040AA
:100E100000340140004C01400050014000540140AA
:100E200000180040001C004000200040004001402D
:100E300000440140004801404FF6FF7606EA0525D0
:100E40002A434DF6FF752B400D8906EA05352B43E5
:100E50004D8806EA05352B43FA4DA84202D0FA4DDB
:100E6000A84208D14BF6FF752C408D894FF6FF76CE
:100E700006EA85152C4384808283CD88A0F84050F3
:100E8000038470BD828B4FF2FF331A408283828BC2
:100E90004FF6FF7303EA01231A4382837047F0B5CC
:100EA0000C461546002200210026078C4EF6FF7CDA
:100EB00007EA0C070784828B018C4FF6FF7707EA5D
:100EC000043640F6FF473A404FF6FF7707EA05271A
:100ED0003A434FF6FF7707EA03373A43D94FB84210
:100EE0000ED0D94FB8420BD0B0F1804F08D0D74FB9
:100EF000B84205D0D64FB84202D0D64FB84206D13C
:100F00004DF6FF77394046F48057394305E047F600
:100F1000FF57394044F48057394382830184F0BD40
:100F2000828B4FF6F3731A408283828B0A4382834B
:100F30007047F0B50C461546002200210026078CAC
:100F40004FF6FF6C07EA0C070784828B018C4FF683
:100F5000FF7707EA04264FF60C773A404FF6FF7703
:100F600007EA03172F433A43B64FB8420ED0B64FA5
:100F7000B8420BD0B0F1804F08D0B44FB84205D082
:100F8000B34FB84202D0B34FB84206D14FF6FF5725
:100F9000394046F48077394305E04FF2FF57394036
:100FA00044F48077394382830184F0BD028B4FF291
:100FB000FF331A400283028B4FF6FF7303EA0123CB
:100FC0001A4302837047F0B50C46154600220021F3
:100FD0000026078C4FF6EF7C07EA0C070784028B8C
:100FE000018C4FF6FF7707EA041640F6FF473A40B8
:100FF0004FF6FF7707EA03373A434FF6FF7707EAE2
:1010000005273A438F4FB8420ED08F4FB8420BD0CE
:10101000B0F1804F08D08D4FB84205D08C4FB84208
:1010200002D08C4FB84206D14FF6DF77394046F0F8
:101030001007394305E04FF65F77394044F0100759
:10104000394302830184F0BD028B4FF6F3731A40DB
:101050000283028B0A4302837047F0B50C461546A3
:1010600000220021068C4FF6FE773E400684028B5C
:10107000018C4FF60C7632407E1C06EA03162E4396
:101080003243704EB0420ED06F4EB0420BD0B0F132
:10109000804F08D06D4EB04205D06D4EB04202D0A8
:1010A0006C4EB04206D14FF6FD76314044F0010659
:1010B000314305E04FF6F576314044F00106314307
:1010C00002830184F0BD70B505460C465D4885423B
:1010D0000ED05D4885420BD0B5F1804F08D05B48FB
:1010E000854205D05A48854202D05A48854200D1EF
:1010F00000E000BF208850B92389A2886188284673
:10110000FFF7ABFFE1882846FFF79EFF25E0208828
:1011100004280AD12389A28861882846FFF753FF53
:10112000E1882846FFF742FF17E0208808280AD107
:101130002389A28861882846FFF7FBFEE1882846BC
:10114000FFF7EEFE09E02389A28861882846FFF7B1
:10115000A6FEE1882846FFF795FE70BD2DE9F04117
:1011600005460C4600260127608808B9022600E0E3
:101170000026A088012801D1022700E0012720884D
:10118000A0B92389A28861882846FFF766FFE18815
:101190002846FFF759FF23893A4631462846FFF78C
:1011A00012FFE1882846FFF701FF13E02389A28898
:1011B00061882846FFF707FFE1882846FFF7F6FE1B
:1011C00023893A4631462846FFF747FFE1882846FB
:1011D000FFF73AFFBDE8F0810A884B881A438B88F5
:1011E0001A43CB881A430B891A434B891A438B89BC
:1011F0001A43A0F8442070474FF6FF718180002108
:101200000180C180418001727047002101804180CE
:101210008180C180018141818181C181704700212C
:1012200001804180012181800021C18001817047BE
:101230000021018041808180C180018141818181C3
:1012400070470000002C01400034014000040040C1
:1012500000080040000C004021B1028842F0010269
:10126000028004E002884FF6FE731A400280704745
:1012700031B1B0F8442042F40042A0F8442005E027
:10128000B0F84420C2F30E02A0F8442070471AB10F
:1012900083890B43838102E083898B438381704779
:1012A0008182704741EA0203A0F8483070471AB1C2
:1012B00083890B43838102E083898B438381704759
:1012C00001894FF6F8721140018170470A460021EA
:1012D00001894FF68F73194011430181704730B572
:1012E00004460D4629462046FFF7F0FF208940F0CE
:1012F0000700208130BD2DE9F04104460D46164619
:101300001F46602D06D13B46012231462046FFF79D
:101310005AFE05E03B46012231462046FFF79DFE7E
:1013200029462046FFF7D2FF208940F007002081A0
:10133000BDE8F08130B50C4600210189C9B24FF6F5
:10134000FF7505EA0325154325432943018130BD77
:101350002DE9F04105460E461746984600244346BF
:101360003A4631462846FFF7E5FF2C894FF6F870DC
:10137000044044F007044FF68F70044044F07004BA
:101380002C81BDE8F081F0B504460D4616461F4697
:101390003B46324629462046FFF7CCFF208940F4E1
:1013A00080402081F0BD0185828270470A4600217D
:1013B00001884FF68F731940114301807047F0B5D3
:1013C0000C4615461E460021002200230189028B8F
:1013D000038C4FF6F877394021434FF6FC473A40EB
:1013E00040F201173A434FF6DD773B404FF6FF7767
:1013F00007EA06172F433B43018102830384F0BDB4
:101400000A460021018B4FF68F7319401143018367
:1014100070470A460021018B48F6FF7319404FF6CA
:10142000FF7303EA02231943018370470A46002130
:10143000818B4FF68F7319401143818370470A46A1
:101440000021818B48F6FF7319404FF6FF7303EAC2
:10145000022319438183704721B1028842F0800240
:10146000028004E002884FF67F731A4002807047C2
:1014700021B1828842F00402828004E082884FF623
:10148000FB731A408280704721B1828842F00802C3
:10149000828004E082884FF6F7731A40828070479A
:1014A00021B1828842F00102828004E082884FF6F6
:1014B000FE731A40828070470A460021018B4FF666
:1014C000F77319401143018370470A460021018BCD
:1014D0004FF2FF7319404FF6FF7303EA02231943DB
:1014E000018370470A460021818B4FF6F77319403C
:1014F0001143818370470A460021818B4FF2FF73AD
:1015000019404FF6FF7303EA0223194381837047A2
:101510000A460021018B4FF6FB73194011430183EA
:1015200070470A460021018B4FF6FF3319404FF6F2
:10153000FF7303EA02231943018370470A4600211F
:10154000818B4FF6FB7319401143818370470A4624
:101550000021818B4FF6FF3319404FF6FF7303EAEA
:1015600002231943818370470A460021018B4FF6FD
:101570007F7319401143018370470A460021018B94
:10158000C1F30E014FF6FF7303EA022319430183EF
:1015900070470A460021818B4FF67F731940114333
:1015A000818370470A460021818BC1F30E014FF6FB
:1015B000FF7303EA02231943818370470A4600211F
:1015C000018C4FF6FD7319401143018470470A46A0
:1015D0000021018C4FF6F7731940114301847047C5
:1015E0000A460021018C4FF6DF7319404FF6FF7356
:1015F00003EA02131943018470470A460021018C53
:101600004FF67F7319404FF6FF7303EA0213194335
:10161000018470470A460021018C4FF6FF531940A0
:101620004FF6FF7303EA02231943018470470A4609
:101630000021018C4FF2FF7319404FF6FF7303EA4C
:1016400002231943018470470A460021018C4DF69C
:10165000FF7319404FF6FF7303EA02331943018405
:10166000704730B5002301248C40A3B2048C9C4306
:101670000484048C02FA01F5ADB22C43048430BD1D
:1016800030B5002304248C40A3B2048C9C43048412
:10169000048C02FA01F5ADB22C43048430BD70B560
:1016A0000346002000241846183001258D40ACB2B6
:1016B0001D8CA5431D8409B1082909D100EB6100E7
:1016C000056825F0700505600568154305600EE0A6
:1016D0000D1FC5F34E052844056825F4E045056057
:1016E00005684FF6FF7606EA02263543056070BDB1
:1016F00021B1028842F00202028004E002884FF623
:10170000FD731A400280704721B1028842F0040242
:10171000028004E002884FF6FB731A400280704793
:1017200021B1828842F08002828004E082884FF6F4
:101730007F731A408280704702884FF6F7731A4011
:10174000028002880A430280704782884FF68F73B6
:101750001A40828082880A438280704702894FF64D
:10176000F8731A40028102890A4302817047028994
:101770004FF67F731A40028102890A430281704743
:1017800081847047818570478186704701877047E3
:1017900081877047A0F84010704702884FF6FF43DA
:1017A0001A40028002880A43028070470146888EF0
:1017B00070470146088F70470146888F7047014681
:1017C000B1F8400070470146888C70470146088D8B
:1017D000704702460020138A0B400BB1012000E045
:1017E00000207047CA430282704730B5024600208D
:1017F00000230024158A05EA0103958905EA0104FE
:1018000013B10CB1012000E0002030BDCA430282B8
:101810007047000010B50446FB48844209D10121FD
:101820008803FFF79FF800214FF48040FFF79AF8F4
:1018300032E0F648844209D101214804FFF79FF8BD
:1018400000214FF40030FFF79AF825E0F048844279
:1018500009D101218804FFF792F800214FF480207C
:10186000FFF78DF818E0EB48844209D10121C80444
:10187000FFF785F800214FF40020FFF780F80BE018
:10188000E548844208D101210805FFF778F80021D6
:101890004FF48010FFF773F810BD2DE9F04786B0C4
:1018A00005460E460024A24600BFA1460027B08987
:1018B00000B100BF2F462C8A4CF6FF700440F08820
:1018C00004432C82AC894EF6F3100440B088318971
:1018D0000843718908430443AC81AC8A4FF6FF404A
:1018E0000440B0890443AC8201A8FEF7B4FFC648A7
:1018F000874202D1DDF810A001E0DDF80CA0A88934
:1019000000F4004040B10AEBCA0000EB0A10316855
:101910004900B0FBF1F807E00AEBCA0000EB0A103F
:1019200031688900B0FBF1F86420B8FBF0F00401E5
:101930002009642101FB1089A88900F4004040B10E
:10194000322000EBC900B0FBF1F000F007000443C7
:1019500008E0322000EB09106421B0FBF1F000F048
:101960000F0004432C8106B0BDE8F0874FF41651F8
:10197000016000218180C18001810C214181002111
:101980008181704710B502460020108A4FF2FF0394
:1019900018400B884C8823438C882343CC882343EE
:1019A0001843108210BD0021018041808180C180D8
:1019B000704721B1828942F40052828104E0828919
:1019C0004DF6FF731A4082817047F0B5034600243C
:1019D00000260025002040F66A17B94200D100BF5A
:1019E0001846C1F3421401F01F06012707FA06F555
:1019F000012C01D10C3004E0022C01D1103000E0A8
:101A000014301AB107682F43076002E00768AF433C
:101A10000760F0BD1AB1838A0B43838202E0838A98
:101A20008B4383827047028A4FF6F0731A4002821A
:101A3000028A0A430282704782894FF2FF731A407A
:101A4000828182890A438281704721B1828942F072
:101A50000202828104E082894FF6FD731A4082817E
:101A60007047028A4FF6DF731A400282028A0A43E5
:101A70000282704721B1028A42F48042028204E06D
:101A8000028A4BF6FF731A4002827047C1F30802C4
:101A90008280704701468888C0F3080070478189BA
:101AA00041F0010181817047028BD2B20283028B27
:101AB00042EA012202837047028B02F47F420283D2
:101AC000028B0A430283704721B1828A42F02002CE
:101AD000828204E0828A4FF6DF731A408282704766
:101AE00021B1828A42F01002828204E0828A4FF69B
:101AF000EF731A408282704721B1828A42F0080255
:101B0000828204E0828A4FF6F7731A40828270471D
:101B100021B1828942F40042828103E08289C2F3CA
:101B20000E028281704721B1828A42F40062828271
:101B300004E0828A4FF2FF731A4082827047828AE1
:101B40004FF6FB731A408282828A0A438282704770
:101B500021B1828A42F00202828204E0828A4FF638
:101B6000FD731A408282704702460020B1F5007F63
:101B700000D100BF13880B400BB1012000E0002012
:101B8000704701F40072B2F5007F00D100BFCA4374
:101B90000280704770B50246002400230025002013
:101BA00040F66A16B14200D100BFC1F3421501F000
:101BB0001F03012606FA03F3012D02D19689334053
:101BC00006E0022D02D1168A334001E0968A3340A6
:101BD0000C12012606FA04F41688344013B10CB135
:101BE000012000E0002070BD10B50022002340F667
:101BF0006A14A14200D100BF0A1201249440A3B28A
:101C0000DC43048010BD0000003801400044004067
:101C100000480040004C00400050004010B5044611
:101C2000FA48844208D101214015FEF79BFE0021AD
:101C30006015FEF797FE17E0F548844208D10121B0
:101C40000015FEF78FFE00212015FEF78BFE0BE03E
:101C5000F048844208D10121C803FEF783FE002129
:101C60004FF40040FEF77EFE10BD30B50246002066
:101C700000235068E84C20400D790C6844EA0524A4
:101C8000204350609068E54C2040D1E902542C4339
:101C90004D7944EA450420439060D06A20F47000F6
:101CA0000C7C641EE4B2234340EA0350D06230BD92
:101CB00000210160017141718160C16001210174E5
:101CC000704721B1826842F00102826003E08268BD
:101CD00022F001028260704721B1826842F4807272
:101CE000826003E0826822F480728260704710B5DF
:101CF0000023CBB21AB144681C43446002E044683C
:101D00009C43446010BD816841F0080181607047C8
:101D1000014600208A6802F008020AB1012000E0B2
:101D200000207047816841F00401816070470146DE
:101D300000208A6802F004020AB1012000E00020BD
:101D4000704721B1826842F4A002826003E0826899
:101D500022F4A00282607047014600208A6802F4E3
:101D600080020AB1012000E00020704710B50A4649
:101D700000210023416821F46041531E41EA4331B0
:101D8000416010BD21B1426842F40062426003E04C
:101D9000426822F4006242607047F0B504460D4686
:101DA00000200021092D11DDE068A5F10A0606EBEF
:101DB0004607072606FA07F18843A5F10A0606EB4F
:101DC000460603FA06F10843E0600CE0206905EBE3
:101DD0004507072606FA07F1884305EB450603FA8F
:101DE00006F108432061072A0FDA606B561E06EBE6
:101DF00086071F2606FA07F18843561E06EB86065D
:101E000005FA06F10843606322E00D2A0FDA206B21
:101E1000D61F06EB86071F2606FA07F18843D61F52
:101E200006EB860605FA06F10843206310E0E06A37
:101E3000A2F10D0606EB86071F2606FA07F1884376
:101E4000A2F10D0606EB860605FA06F10843E062EC
:101E5000F0BD21B1826842F48012826003E08268A2
:101E600022F48012826070470146C86C80B27047CD
:101E700066484C300068704721B1426842F4806285
:101E8000426003E0426822F480624260704721B100
:101E9000426842F48052426003E0426822F4805279
:101EA000426070470A460021816821F4E0411143F5
:101EB0008160704721B1826842F40042826003E091
:101EC000826822F400428260704721B1826842F445
:101ED0000212826003E0826822F40212826070477C
:101EE000014600208A6802F400120AB1012000E0D5
:101EF00000207047F0B50446154600200022002659
:101F0000092911DDE068A1F10A0707EB470C072753
:101F100007FA0CF29043A1F10A0707EB470703FA0F
:101F200007F21043E0600CE0206901EB410C072749
:101F300007FA0CF2904301EB410703FA07F2104352
:101F40002061A06BC0F30156EF1C06F1010CA7EB5A
:101F50000C0707EB870C1F2707FA0CF29043EF1CC6
:101F600006F1010CA7EB0C0707EB870701FA07F254
:101F70001043A063F0BD10B50A4600210023816B19
:101F800021F44011531E41EA0351816310BD08B58D
:101F9000002300930090009B0B440093009B1A6069
:101FA00008BD08B5024600200090009201F128000B
:101FB000009B184400900098006880B208BD0A4653
:101FC00000214168164B194011434160704741623E
:101FD000826270470A460021416821F01F011143C7
:101FE0004160704740B109490831096841F4000176
:101FF000064A0832116007E004490831096821F4F3
:102000000001024A083211607047000000240140BC
:1020100000280140003C0140FFFEF0FFFDF7F1FF0A
:10202000FFFD3FFF0246002013680B400BB101206B
:1020300000E000207047CA430260704770B5024656
:102040000020002300240B125568CEB205EA0604D6
:1020500015681D4015B10CB1012000E0002070BDD5
:1020600000220A12D3430360704700000CB5002021
:10207000019000906C48006840F480306A49086024
:1020800000BF6948006800F4003000900198401CCF
:102090000190009818B90198B0F5A06FF1D162488D
:1020A000006800F4003010B10120009001E0002031
:1020B00000900098012843D15C48006840F010006F
:1020C0005A4908600846006820F003000860084686
:1020D000006840F002000860534840685249486078
:1020E0000846406848600846406840F480604860A0
:1020F0000846406820F47C1048600846406840F478
:10210000E81048600846006840F08070086000BF32
:102110004548006800F000700028F9D04248406847
:1021200020F00300404948600846406840F0020043
:10213000486000BF3C48406800F00C000828F9D116
:102140000CBD10B5FFF792FF10BD10B53648006802
:1021500040F00100344908600846406834490840AE
:102160003149486008460068324908402E490860F5
:102170000846006820F4802008600846406820F483
:10218000FE0048604FF41F008860FFF7DAFF4FF051
:1021900000602949086010BD10B500210020002210
:1021A000214B5B6803F00C0121B1042906D00829FA
:1021B00028D107E0214B224C236027E01F4B204C05
:1021C000236023E0184B5B6803F47010164B5B68C8
:1021D00003F48032022303EB904022B9194B4343AE
:1021E000174C23600DE0104B5B6803F4003323B100
:1021F000144B4343124C236003E0104B4343104CF9
:10220000236003E00D4B0E4C236000BF00BF064B64
:102210005B68C3F303130C4CE15C094B1B68CB40B8
:10222000074C236010BD0000001002400020024057
:102230000000FFF8FFFFF6FE08ED00E000127A0054
:102240001400002000093D0018000020014605E0B0
:10225000002001E0421CD0B20A28FBDB0A1EA1F1DB
:102260000101F5D1704710B5044603E04FF47A70D0
:10227000FFF7ECFF201EA4F10104F7D110BD704759
:1022800008B50720009002E00098401E00900098DA
:102290000028F9D108BD10B54FF40070E649086078
:1022A00040100860FFF7ECFFE3480838006808B901
:1022B000012000E0002000F4007008B1002010BDF3
:1022C0004FF40070DC49091D0860FFF7D9FFDA48B8
:1022D0000838006800F4007008B10020EFE74FF400
:1022E0000070D549091D0860FFF7CAFF0120E6E725
:1022F00010B54FF48070D049091D0860FFF7C0FF8A
:102300004FF40070CC49091D0860FFF7B9FF4FF486
:102310008070C9490860FFF7B3FF4FF40070C649E9
:102320000860FFF7ADFF10BD10B54FF48070C249D3
:10233000091D0860FFF7A4FF4FF40070BE49091D96
:102340000860FFF79DFF4FF48070BB490860FFF7FE
:1023500097FF4FF48070B849091D0860FFF790FFA0
:1023600010BD10B54FF48070B349091D0860FFF728
:1023700087FF4FF40070B0490860FFF781FF4FF40A
:102380008070AD490860FFF77BFF4FF48070AA4969
:10239000091D0860FFF774FF10BD10B54FF4807081
:1023A000A549091D0860FFF76BFF4FF40070A249B3
:1023B0000860FFF765FF4FF480709F490860FFF7E2
:1023C0005FFF9D480838006800F4007030B14FF49A
:1023D00080709949091D0860002010BD4FF480707D
:1023E0009549091D08600120F7E770B504460825E6
:1023F0001DE04FF480709049091D0860FFF740FF11
:1024000004F0800020B14FF400708B49086004E0B4
:102410004FF400708849091D08606006040EFFF73C
:102420002FFF4FF4807084490860FFF729FF281EB2
:10243000A5F10101CDB2DCD14FF480707E49091DB8
:10244000086070BD70B508250024A8017A490860AD
:1024500016E06006040E4FF480707749091D08608D
:10246000FFF70EFF4FF4807073490860FFF708FF15
:1024700071480838006800F4007008B144F00104A5
:10248000281EA5F10101CDB2E3D14FF480706A4955
:10249000091D0860204670BD08B501210820FEF71F
:1024A00047FA4FF44070ADF8000002208DF80200AA
:1024B00014208DF8030069465F481038FDF77CFF53
:1024C00008BD2DE9F04105460E4617469846FFF730
:1024D000E2FE10B90020BDE8F081002141EA45018B
:1024E000C8B2FFF782FFFFF758FF18B9FFF700FFE8
:1024F0000020F0E73046FFF778FFFFF74EFF00249B
:102500000BE018F80400FFF770FFFFF746FF18B95B
:10251000FFF7EEFE0020DEE7641CBC42F1DBFFF7B4
:10252000E7FE0120D7E72DE9F04104460D461646A7
:102530001F463B46324629462046FFF7C2FF10B1F0
:102540000020BDE8F0814FF0FF30FAE72DE9F041BF
:1025500005460F4614461E46FFF79DFE10B90020A3
:10256000BDE8F081002141EA4501C8B2FFF73DFF17
:10257000FFF713FF18B9FFF7BBFE0020F0E738465E
:10258000FFF733FFFFF709FFFFF785FE012101EB9E
:102590004501C8B2FFF729FFFFF7FFFE0CE0FFF788
:1025A00051FF3070012C02D1FFF7DBFE01E0FFF795
:1025B000BBFE761C601EC4B2002CF0D1FFF798FE63
:1025C0000120CDE72DE9F04104460D4616461F4691
:1025D0003B46324629462046FFF7B8FF10B100209F
:1025E000BDE8F0814FF0FF30FAE770B504460D46C4
:1025F0001646FFF750FE08B9002070BD002141EAE1
:102600004401C8B2FFF7F1FEFFF7C7FE18B9FFF7A4
:102610006FFE0020F1E72846FFF7E7FEFFF7BDFE5B
:102620003046FFF7E2FEFFF7B8FEFFF761FE01203C
:10263000E3E7002070470000100C014008B50121BD
:102640001120FEF775F901210B48FDF786FF4FF4C5
:10265000C040ADF8000003208DF8020010208DF876
:10266000030069460548FDF7A7FE4FF4C041034843
:10267000FDF74FFF08BD00000002300000100140D0
:10268000002400270026FFF760FD41F61F4141F2BC
:10269000883001F0A9FF01F0E3FF01F013FE00F024
:1026A000DBF800F03DF8FFF7C9FF02F05FF800F03B
:1026B000E9F800F050F9FFF7EFFE0A2000F028FEDD
:1026C00000F05CFA00F0CCFD00F043FE002108466B
:1026D00001F0A8FC104807784FF0E020006940F0B6
:1026E00001004FF0E021086114E000F0B7FA6EB984
:1026F00009480578E81BC0B204442F46B4F5C87FEA
:1027000003D3064800F014FE012600BF01F0A9FD26
:1027100001F03DFCE9E70000AC0000200000DC42D5
:1027200008B501210820FEF703F94FF47040ADF819
:10273000000010208DF8030003208DF80200694688
:10274000FE48FDF739FE4FF47041FC48FDF7E1FE0D
:1027500008BD08B501210846FEF7F7F8012104205D
:10276000FEF7E6F80C20ADF8000018208DF8030005
:1027700003208DF802006946F148FDF71DFE08BDF3
:1027800030B587B00025002440F2E730ADF81400E2
:102790000020ADF81000ADF81600ADF8120004A945
:1027A0004FF08040FEF7FCF96020ADF800000120FA
:1027B000ADF80200ADF806500020ADF808006946FB
:1027C0004FF08040FEF7B8FA0821C806FEF78AFEEF
:1027D0000120ADF80200ADF806400020ADF8080079
:1027E00069464FF08040FEF7F2FA0821C806FEF76E
:1027F00082FE01218807FEF72FFE01218807FEF7E0
:102800002BFD07B030BD2DE9FF4104460D4627469C
:102810002E466020ADF800000120ADF80200ADF8B2
:1028200006700020ADF8080069464FF08040FEF7C2
:1028300083FA0821C806FEF755FE0120ADF8020014
:10284000ADF8066069468007FEF7C1FA0821C806A0
:10285000FEF751FEBDE8FF8110B5FFF77AFFFFF7E5
:102860008FFF10BDB7490888098821F00101B54ADA
:1028700011807047B4490888098821F00101B24AE3
:102880001180704700B589B001210220FEF75DF884
:1028900001210420FEF74CF801A8FDF718FEC02026
:1028A000ADF8040004208DF8070003208DF8060021
:1028B00001A9A348FDF780FD4FF4A060FDF720FCBF
:1028C0001D208DF8080001208DF8090003208DF8E7
:1028D0000A0001208DF80B0002A8FDF716FC9948AC
:1028E0001038FEF789F806A8FEF786FC0020ADF840
:1028F00018004FF6FF70ADF81C000020ADF81E0068
:10290000ADF81A0006A98F481038FEF749F90A23D6
:102910001A4603218B481038FEF751FD03A8FEF735
:102920007EFC0620ADF8140003A986481038FEF797
:10293000CAFB012183481038FEF754FF01221146DB
:1029400080481038FEF7A3FC01217E481038FEF7BE
:1029500083FC09B000BD00B589B001210420FDF75A
:10296000F4FF01210820FDF7E3FF01A8FDF7AFFD0B
:10297000C020ADF8040004208DF8070003208DF876
:10298000060001A96D48FDF717FD4FF4A060FDF7A3
:10299000B7FB1E208DF8080001208DF809000320E8
:1029A0008DF80A0001208DF80B0002A8FDF7ADFBA1
:1029B00065481038FEF720F806A8FEF71DFC002039
:1029C000ADF818004FF6FF70ADF81C000020ADF810
:1029D0001E00ADF81A0006A95B481038FEF7E0F8B3
:1029E0000A231A46032158481038FEF7E8FC03A8CA
:1029F000FEF715FC0620ADF8140003A95248103864
:102A0000FEF761FB012150481038FEF7EBFE012272
:102A100011464D481038FEF73AFC01214A4810385B
:102A2000FEF71AFC09B000BD00B585B001210420F5
:102A3000FDF77EFF01210220FDF787FF8020ADF822
:102A4000100004208DF8130003208DF8120004A953
:102A50003B48FDF7B1FC4FF4A060FDF751FB1D2092
:102A60008DF8000001208DF8010003208DF8020090
:102A700001208DF803006846FDF747FB3148103808
:102A8000FDF7BAFF4FF6FF70ADF808000020ADF873
:102A90000400ADF80A00ADF8060001A92948103875
:102AA000FEF77EF800231A46602126481038FEF70C
:102AB00022FC002123481038FEF762FE0121214844
:102AC0001038FEF7C9FB05B000BD00B585B0012187
:102AD0000820FDF72DFF01210420FDF736FF80209F
:102AE000ADF8100004208DF8130003208DF81200BB
:102AF00004A91248FDF760FC4FF4A060FDF700FB4D
:102B00001E208DF8000001208DF8010003208DF8B3
:102B1000020001208DF803006846FDF7F6FA0A4826
:102B20001038FDF769FF4FF6FF70ADF80800002080
:102B3000ADF80400ADF80A0008E00000000C014008
:102B4000000801401004004010080040ADF80600E5
:102B500001A90948FEF724F800231A466021064817
:102B6000FEF7C9FB00210448FEF70AFE01210248D6
:102B7000FEF772FB05B000BD0008004070B50024F0
:102B800002F0BFFA0446002C60D17CA001F017FDD2
:102B9000782001F018FF18B981A001F010FD02E0C3
:102BA00087A001F00CFD782002F0FAF818B98FA088
:102BB00001F005FD02E096A001F001FD642002F0A5
:102BC000D0F918B99EA001F0FAFC02E0A6A001F02D
:102BD000F6FC03F087FD18B9ACA001F0F0FC02E0B0
:102BE000B7A001F0ECFCC54804F058FC054603F022
:102BF00083FD18B9C2A001F0E2FC02E0CAA001F016
:102C0000DEFC40F2731004F0B8F918B9D2A001F05C
:102C1000D6FC02E0D9A001F0D2FC642003F026FF2C
:102C200018B9E2A001F0CBFC02E0E9A001F0C7FC7A
:102C300004F048FC012003F09BFA18B9EFA001F062
:102C4000BEFC0AE0F6A001F0BAFC06E04FF4005129
:102C5000FE48FDF760FC00BFFEE770BD2DE9F04FB8
:102C600089B0FB48FB49FC4BFC4ACDE90010FC490C
:102C7000FC4804F0E1FAF748008800F4807000286E
:102C80007AD0F649086804F04FFF04464FF09D41A2
:102C900004F084FDF4490860F049486804F044FFFA
:102CA00004464FF09D4104F079FDF0490860EB497E
:102CB000886804F039FF04464FF09D4104F06EFD32
:102CC000EB490860E549C86804F02EFF04464FF060
:102CD0009D4104F063FDE7490860E34801684FF057
:102CE000804004F029FD0690E1480168069804F050
:102CF00023FD8246DD4801684FF0404004F01CFD92
:102D00000690DC480168069804F016FD834651469B
:102D100004F0BAFC079004F053FF064606F078F979
:102D200080464FF06632D44B04F01DFE044604F09A
:102D300073FFD2490860CE4801684FF0804004F02C
:102D4000FBFC0390CA480168039804F0F5FC824636
:102D5000C64801684FF0404004F0EEFC0390C348C1
:102D60000168039804F0E8FC8346514604F0DEFC59
:102D700081464FF07E5183E10CE200006D707520BA
:102D8000696E697469616C697A6174696F6E2063D8
:102D90006F6D706C6574652E2E2E2E2E2E0A2000FF
:102DA0006D70755F7365745F73656E736F722063AA
:102DB0006F6D706C657465202E2E2E2E2E2E0A00DF
:102DC0006D70755F7365745F73656E736F7220638A
:102DD0006F6D65206163726F7373206572726F72BD
:102DE000202E2E2E2E2E2E0A000000006D70755FF4
:102DF000636F6E6669677572655F6669666F20638B
:102E00006F6D706C657465202E2E2E2E2E2E0A008E
:102E10006D70755F636F6E6669677572655F666911
:102E2000666F20636F6D65206163726F73732065D9
:102E300072726F72202E2E2E2E2E2E0A000000008F
:102E40006D70755F7365745F73616D706C655F72D3
:102E500061746520636F6D706C657465202E2E2E15
:102E60002E2E2E0A000000006D70755F7365745F72
:102E700073616D706C655F72617465206572726FED
:102E800072202E2E2E2E2E2E0A000000646D705FF2
:102E90006C6F61645F6D6F74696F6E5F6472697689
:102EA00065725F6669726D7761726520636F6D70C0
:102EB0006C657465202E2E2E2E2E2E0A000000002A
:102EC000646D705F6C6F61645F6D6F74696F6E5F6E
:102ED0006472697665725F6669726D77617265208A
:102EE000636F6D65206163726F7373206572726FBB
:102EF00072202E2E2E2E2E2E0A00000028000020DA
:102F0000646D705F7365745F6F7269656E74617410
:102F1000696F6E20636F6D706C657465202E2E2E48
:102F20002E2E2E0A00000000646D705F7365745FC2
:102F30006F7269656E746174696F6E20636F6D6521
:102F4000206163726F7373206572726F72202E2E10
:102F50002E2E2E2E0A000000646D705F656E616279
:102F60006C655F6665617475726520636F6D706C0A
:102F7000657465202E2E2E2E2E2E0A00646D705F35
:102F8000656E61626C655F6665617475726520630C
:102F90006F6D65206163726F7373206572726F72FB
:102FA000202E2E2E2E2E2E0A00000000646D705F43
:102FB0007365745F6669666F5F7261746520636FC5
:102FC0006D706C657465202E2E2E2E2E2E0A00003C
:102FD000646D705F7365745F6669666F5F7261745C
:102FE0006520636F6D65206163726F737320657216
:102FF000726F72202E2E2E2E2E2E0A006D70755F8F
:103000007365745F646D705F737461746520636F62
:103010006D706C657465202E2E2E2E2E2E0A0000EB
:103020006D70755F7365745F646D705F73746174E8
:103030006520636F6D65206163726F7373206572C5
:10304000726F72202E2E2E2E2E2E0A00001001409E
:10305000620000206000002050000020F4010020E9
:103060005A000020540000203400002038000020C6
:103070003C0000204000002066A64C404400002098
:1030800004F002FB044604F09BFDCDE90401434833
:1030900001684FF0804004F04FFB834640480168D0
:1030A000584604F049FB81463E4801684FF0804095
:1030B00004F042FB83463C480168584604F03CFB60
:1030C0008246494604F0E0FA044604F079FD0746DA
:1030D000DDE9042306F0E4F94FF06632334BCDE925
:1030E000060104F040FC054604F096FD30490860F6
:1030F0002D480168006804F01FFB0390294801680F
:10310000006804F019FB029025480168006804F08B
:1031100013FB834621480168006804F00DFB594603
:10312000019004F0B1FA8246029904F0FFFA814658
:10313000039904F0FBFA044604F042FDCDE90401D2
:10314000194801681548006804F0F6FA82461548E7
:1031500001681348006804F0EFFA8346514604F012
:1031600093FA81464FF0804104F0E6FA044604F0F9
:1031700027FD0746DDE9042306F092F94FF0663299
:103180000A4BCDE9060104F0EEFB054604F044FDD0
:103190000849086009B0BDE8F08F00003400002045
:1031A000380000203C0000204000002066A64C4073
:1031B000480000204C000020704700BFFEE700BF21
:1031C000FEE700BFFEE700BFFEE7704770477047AD
:1031D00010B51D480078401C1B4908701B4800783A
:1031E000401C1A4908701A480078401C1849087099
:1031F00000F038FB17480078401C16490870164844
:103200000078401C1449087014480078401C134989
:1032100008700E480078022806DB01F092FA00F0F0
:10322000AEFC00200949087009480078082806DB30
:1032300000F045FB0020064908700649087000F0C0
:103240002BF900F047FA10BDAC000020B1000020BF
:10325000AD000020AE000020AF000020B000002034
:1032600030B527480068C822B0FBF2F1B1F1807F89
:1032700001D301201DE021F07F40401E4FF0E022ED
:10328000506150170F22002807DA13071D0E1D4B3F
:1032900000F00F04241F1D5503E013071C0E1A4BEA
:1032A0001C5400BF00204FF0E02290610720106105
:1032B000002008B100BFFEE74FF0E020006920F0D9
:1032C00001004FF0E021086130BD01B50F490098C1
:1032D00008604FF0E020006940F001004FF0E0216D
:1032E000086100BF094800680028FBD108BD0748F5
:1032F000006820B105480068401E04490860704716
:103300001400002018ED00E000E400E0640000205C
:10331000002107E042F6E06100BF0A1EA1F10103AF
:1033200099B2FAD1021EA0F1010398B2F2D170470E
:103330000021FE4A1170FE490860FE490978FE4AE4
:1033400011700021FD4A1160FA490978FC4A117098
:10335000704700B50020FB490880FB490880FB4905
:103360000860FB490860FB490860FB490860FB49AD
:103370000860FB490860FB490860FB490860FB499D
:103380000860FB490860FB490860FB490860FB498D
:103390000860FB490860FB490860FB490860FB497D
:1033A0000860E4490870FA490870FA490870E14871
:1033B0000078E14908700020E0490860DD480078A5
:1033C000DF4908700020F4490860F4490860F448B7
:1033D000FFF7AEFF0020F349086000BD2DE9F04182
:1033E000F148006804F0ECFB0446F048D0E90063C3
:1033F0003246204604F0F8FB07D0EC48D0E9002123
:10340000104604F009FCE8490860E948006804F047
:10341000D7FB0446E548D0E902633246204604F073
:10342000E3FB07D0E148D0E90221104604F0F4FBA9
:10343000DF490860DF48006804F0C2FB04460D461F
:10344000DA49D1E904633246294604F0CDFB07D0BE
:10345000D648D0E90421104604F0DEFBD5490860C7
:10346000D548006804F0ACFB0446D048D0E90663B8
:103470003246204604F0B8FB07D0CC49D1E90621FA
:10348000104604F0C9FBCC4908600020C24908601E
:10349000C2490860BDE8F0812DE9F041C7480068E5
:1034A000012810D10020C0490860C548006804F018
:1034B00049FB06460022C34B04F055FA044604F0CB
:1034C000ABFBB9490860BD480068022812D1002052
:1034D000B7490860BC490968A1F1400004F032FB1B
:1034E00006460022B94B04F03EFA044604F094FB71
:1034F000AF490860B649B1F9040004F015FBB549BD
:103500000860B549B1F9040004F00EFBB349086046
:103510000021B348006804F09BFB0BD0B149B048D0
:10352000006804F095FB05D3AF49AD48006804F08E
:1035300099FB05D24FF40051AC48FCF7ECFF04E0D6
:103540004FF40051A948FCF7E4FF0021A8480068A7
:1035500004F0ECF8824908609F49B1F9000004F0DA
:10356000E3FA064692480168304604F0E5F804465E
:103570007C4801687A48006804F0D8F806468A4812
:103580000168304604F0D8F80546214604F07CF87E
:1035900077490860BDE8F0812DE9F04104460D4609
:1035A000002C0CDA4FF480419248FCF7B2FF4FF444
:1035B00000419048FCF7AFFF604204B20AE04FF4CC
:1035C00000418C48FCF7A5FF4FF480418948FCF787
:1035D000A2FF00BF002D0CDA4FF400518548FCF724
:1035E00098FF4FF480518348FCF795FF684205B27D
:1035F0000AE04FF480517F48FCF78BFF4FF40051F5
:103600007C48FCF788FF00BFAFB2A6B231464FF04E
:103610008040FEF7BDF839464FF08040FEF7BAF81B
:1036200075496F48006804F01DFB23D373496C484B
:10363000006804F00DFB02D24FF0010801E04FF0EA
:10364000000800215048006804F002FB01D101206D
:1036500000E0002008EA000800214C48006804F05F
:10366000F7FA01D1012000E0002008EA0008B8F1D3
:10367000000F0DD000214FF08040FEF789F80021A7
:103680004FF08040FEF786F801205D49086002E0B7
:1036900000205B4908605B493148006804F0E2FAA9
:1036A00005D359492E48006804F0D2FA0DD2002102
:1036B0004FF08040FEF76CF800214FF08040FEF79D
:1036C00069F801204E49086002E000204C4908607A
:1036D000BDE8F08170B52448046830480168204690
:1036E00003F0D2FF044621462148006803F0CCFFD6
:1036F0002149086021461E48006804F017F81D495A
:1037000008601D48006804F02EFA00B2B0F57A7F18
:1037100002DD3E48184908601748006804F023FAA3
:1037200000B210F57A7F78DA394874E0750000202D
:103730008C000020AC0000207400002070000020ED
:10374000A0000020FA000020F8000020080100205E
:1037500004010020100100200C01002014010020B1
:10376000D4000020C400002030010020B800002058
:10377000C8000020D0000020CC0000202C01002038
:10378000700100206C01002038010020340100206D
:10379000AD000020AE000020A4000020A800002002
:1037A0000000C84224010020E4000020A89700087F
:1037B000E8000020EC000020F00000205401002070
:1037C000440100200080FB3F480100200000C43F6E
:1037D0005A000020640100205400002068010020ED
:1037E000440000200000A0C10000A04100100140E2
:1037F00048000020000C014000002041000020C1D2
:103800002001002000004842000048C200007A4425
:1038100000007AC401E0F6490860F648006804F048
:10382000A2F900B2B0F57A7F02DDF348F1490860F1
:10383000F048006804F097F900B210F57A7F02DAD8
:10384000EE48EC490860EB48006804F08CF905B2DA
:10385000E748006804F087F906B229463046FFF7CA
:103860009BFE70BD70B5E648FDF7ADFF0446E54828
:10387000FDF7A9FF0546E4480460E448056000211F
:10388000DF48FDF77DFF0021DE48FDF779FF20B21C
:10389000DF490880684200B2DE490880DE480068DF
:1038A000DB49B1F900100844DB490860DB480068D7
:1038B000D849B1F900100844D849086070BD2DE915
:1038C000F84FD5490968D54A1268881804F02CF9D0
:1038D000D3490860D1490968CF4A1268881A04F0B0
:1038E00023F900904FF04041009804F0BBF907D253
:1038F0004FF08041009804F0ABF901D20020009015
:103900000020C6490860C4490860C648006804F041
:1039100057F906464FF06632C34B04F024F80446CC
:1039200004F07AF9BF490860BD48006804F048F91E
:1039300080464FF03332BD4B04F015F804460D4677
:10394000B848006804F03CF9064622462B4603F0CE
:1039500063FF824604F060F9B249086008460168D6
:10396000B348006803F090FEB1490860B1480168AF
:10397000AF48006803F088FEAD490860AE480168B2
:10398000AB48006803F080FEA9490860AB480068B6
:10399000012801D100200860A548006804F0E3F880
:1039A000B0F5FA5F02DDA648A1490860A0480068AA
:1039B00004F0D9F810F5FA5F02DAA2489C490860D1
:1039C000A1480068032812D10020A0490860A0493E
:1039D0000968A1F1800004F0B5F8064600229D4B6D
:1039E00003F0C1FF044604F017F9984908609648AF
:1039F0000068042812D10020974908609749096897
:103A0000A1F1C00004F09EF806460022944B03F09A
:103A1000AAFF044604F000F98F4908600021844899
:103A2000006803F083FE06468B480168304603F0C9
:103A300083FE044600217B48006803F077FE0646BB
:103A400082480168304603F077FE0546214603F0C0
:103A50001BFE8449086084498448006804F002F928
:103A600005D383498148006804F0F2F80BD27D4801
:103A7000006880F000447D480168204603F08EFE17
:103A80007C49086002E000207A4908607A49794858
:103A9000006804F0E7F802D2774876490860774971
:103AA0007448006804F0D4F802D274487149086080
:103AB00062480068002852D15E48006820F0004447
:103AC0006F49204604F0CEF849D80021009804F050
:103AD000BFF807D16B496C48006803F02DFE6A49B6
:103AE00008600BE06949009803F026FE044666482A
:103AF0000168204603F0C8FD6349086064496248D4
:103B0000006804F0AFF802D261485F49086061497B
:103B10005D48006804F09CF802D25E485A4908608B
:103B20005D49009803F008FE0446574801682046A6
:103B300003F0AAFD5949086059495848006804F043
:103B400091F802D2564855490860564953480068D2
:103B500004F07EF811D25348504908600DE05249F4
:103B60004948006803F0E8FD474908604E494B4862
:103B7000006803F0E1FD49490860BDE8F88F2DE9D0
:103B8000F0414A480068002829D14948FDF71BFE4A
:103B900000EB800000EB00104400204603F0D2FF51
:103BA00005460022434B03F050FF074604F034F86B
:103BB000414908604148007820B900201E4908604A
:103BC000BDE8F0813C48006803F0FAFF044600229B
:103BD0003B4B04F009F803D83A48174908608AE0DB
:103BE00039493548006804F03DF870D801246FE089
:103BF000CC000020D000002000007A4400007AC4ED
:103C00000004004000080040180100201C010020B2
:103C1000F8000020FA000020040100200801002024
:103C20000C010020100100206666E63F3333D33FCD
:103C3000140100202C01002024010020200100207C
:103C40000000FA450000FAC554010020EC000020F5
:103C50004C0100200000DE3FF00000205001002059
:103C60000000C43FC00000206F12833AE40000202F
:103C70006F1283BAC40000200000C0400000C0C022
:103C80000000F04148E17A3FA4000020A69B443B9D
:103C900000002042000020C20AD7233EA8000020D6
:103CA0000000A0420000A0C2CDCC4C3F3C0100204F
:103CB000002C014000006940280100207500002010
:103CC00000001040000096C30000A040FFE7002461
:103CD0004FF08241FE48006803F0BAFF01D801208E
:103CE00000E0002004401CB1FA48FB49086002E0F3
:103CF0000020F949086000BF62E72DE9FC5FF74842
:103D00000068012878D1F648D0F800B0F54800687E
:103D10000190F548B0F90290F448B0F900A0EC48E1
:103D20000468484603F000FF06464FF08D4103F05B
:103D300035FD0546EE4903F0FFFCEE4908605046AC
:103D400003F0F2FE0646EC4903F0F0FC0546EB49B1
:103D500003F024FDEA490860584603F031FF0746A6
:103D6000E84AE94B03F071FE054603F055FF834630
:103D7000019803F025FF0546E24AE34B03F065FE98
:103D8000074603F049FF01905021E04803F058FC3A
:103D9000DE48DFA1096801600A21DE4803F050FC1B
:103DA000DD4800210160416001810A21DB4803F008
:103DB00047FCDB4800210160416001810A21D948AC
:103DC00003F03EFCD8480021016041600181D749E1
:103DD000584603F03DFF10D8D549584603F042FF3E
:103DE0000BD8584603F0ECFE05462A460B46D1A1F7
:103DF000C84804F04FF902E0C7E0BDE8FC9FCB499A
:103E0000019803F025FF0FD8C949019803F02AFF54
:103E10000AD8019803F0D4FE05462A460B46C5A1F0
:103E2000BD4804F037F900E0E7E7C449B14800684D
:103E300003F018FF11D2C249AE48006803F008FF32
:103E40000BD2AC48006803F0BBFE05462A460B4681
:103E5000B8A1B24804F01EF900E0CEE7B949A8487D
:103E6000006803F0FFFE11D2B749A548006803F0CF
:103E7000EFFE0BD2A248006803F0A2FE05462A46D8
:103E80000B46ACA1A64804F005F900E0B5E7002117
:103E9000204603F0E7FE0FD8AC49204603F0D8FED9
:103EA0000AD2204603F08CFE05462A460B46A1A105
:103EB0009C4804F0EFF800E09FE7002000F098FC39
:103EC0000090009803F039FE0746A14903F034FC46
:103ED00006464FF08B4103F061FC05469D4903F017
:103EE00025FC9D49086000219B48006803F0BAFE4C
:103EF00011D893499848006803F0AAFE0BD296485F
:103F0000006803F05DFE05462A460B4689A18648F7
:103F100004F0C0F800E070E77E497C4803F09BFBAA
:103F20008EA17A4803F097FB7B49784803F093FB16
:103F30008BA1764803F08FFB7849744803F08BFB24
:103F400088A1724803F087FB7549704803F083FB32
:103F500085A16E4803F07FFB72496C4803F07BFB40
:103F600083A16A4803F077FB6F49684803F073FB4D
:103F700080A1664803F06FFB50217F4803F060FB8F
:103F8000502262497C4803F042FB00BF35E710B580
:103F90007A480068401E7949086050480068012846
:103FA00007D10846006820B9FFF7A7FE724800F065
:103FB000FAFA7248006818B941F288306F4908600F
:103FC00010BD6F4A10606F4A116070472DE9F041D3
:103FD00080460D4614461E46069F6B49204603F058
:103FE00037FE00D2684C0021384603F031FE00D283
:103FF00000276649384603F035FE00D2634F644817
:10400000C0F8008045608460C66007610120614996
:1040100008706148007861490870002060490860B4
:10402000BDE8F08102225B4B1A705E4A10605E4A66
:104030001160594A1278594B1A700022584B1A6075
:10404000704770B5594804680025214806685849EA
:10405000304603F007FE12D25649304603F0F8FD11
:104060000DD847480468474805685349304603F06F
:10407000EFFD04D85149204603F05EFB044650484A
:1040800004605048056000204F49086012490860EC
:1040900070BD2DE9FF5F4048047840480078201A41
:1040A000C0B203903D4804703D480168039808443D
:1040B0003B4908600846006803F03FFD0746434956
:1040C00003F03AFB064632488168304680E0000043
:1040D000280100200000FA4324010020580100209C
:1040E000CC000020D00000205A0000205400002006
:1040F000CDCC1C41640100209A1900430000034309
:104100006801002048E17A14AE470F400402002005
:10411000244C56001C0300202603002030030020FE
:104120003A030020440300204E03002000007A449C
:1041300000007AC425332E32660000000000A0C1C2
:104140000000A04100803BC500803B4500401C466C
:10415000CDCC5441CDCC4C3EB40000202C52560066
:104160002C4143002C4759002C43534200000000CF
:104170002C56540023000000540200205C01002053
:10418000980000209C000020CDCCCC3D6666E63E29
:104190007800002075000020AC0000207400002092
:1041A0007000002090000020940000208C0000206F
:1041B0000AD7233C0000F0410000A0403333333FD6
:1041C0002C010020300100203C0100200AD7A33B35
:1041D00003F0B2FA05463348C168284603F054FAA2
:1041E000814649464FF0804003F0A6FA009003F064
:1041F000E7FC054605F014FA074603F00DFD83467B
:1042000028480169584603F097FA82462548016913
:104210004FF07E5003F08AFA5146019003F034FAD1
:10422000029020490868029903F086FA1E49086046
:10423000484603F0C5FC074605F040FA054603F082
:10424000EBFC824617484168504603F075FA17495F
:104250000860012016490860002016490860BDE882
:10426000FF9F10B514480078B8B1012802D0022889
:1042700012D102E0FFF70DFF12E0104800680A4972
:1042800008600F4800680949086001200849086073
:1042900000200849086003E000BFFFF7D2FE00BF1E
:1042A00000BF10BD780000202C010020300100204C
:1042B0003C01002024010020750000209000002017
:1042C0009400002000B585B0012144F20400FCF701
:1042D0002FFB4FF40070ADF8100018208DF813007C
:1042E00003208DF8120004A9BB48FCF765F84FF4D1
:1042F0008060ADF8100004208DF8130004A9B648C2
:10430000FCF75AF84FF4E13000900020ADF80400BB
:10431000ADF80600ADF80800ADF80C000C20ADF8C3
:104320000A006946AD48FDF7B8FA0121AB48FDF730
:1043300040FB05B000BD08B54FF48060FBF7E0FE20
:1043400027208DF8000004208DF8010001208DF851
:1043500002008DF803006846FBF7D7FE08BD00B5E4
:1043600085B001218804FCF7F0FA01210820FCF750
:10437000DFFA4FF48060ADF8100018208DF81300BC
:1043800003208DF8120004A99548FCF715F84FF4A6
:104390000060ADF8100004208DF8130004A99048C7
:1043A000FCF70AF8FFF7C7FF4FF416500090002003
:1043B000ADF80400ADF80600ADF80800ADF80C004B
:1043C0000C20ADF80A0069468648FDF766FA01221E
:1043D00040F225518348FDF7F8FA01218148FDF7A5
:1043E000E8FA05B000BD70B504460D46E1B27B4861
:1043F000FDF74CFB00BF40217848FDF7B5FB0128D5
:10440000F9D1204670BDF0B503460D46164600278B
:1044100029460A2E03D0002008702846F0BD33B983
:10442000302001F8010B002008702846F6E7002B29
:1044300003DA2D2001F8010B5B4242F210720DE00D
:1044400093FBF2F404B937B104F1300001F8010B29
:1044500004FB123301270A2092FBF0F2002AEFDC62
:10446000002008702846D9E70FB470B586B006461C
:104470000CA8019073E00B9800785C281CD10B9875
:10448000401C0B9000786E2809D072280FD10D21A6
:104490003046FDF7FBFA0B98401C0B900BE00A210D
:1044A0003046FDF7F3FA0B98401C0B9003E00B9895
:1044B000401C0B9000BF4BE00B980078252840D1A2
:1044C0000B98401C0B900078642818D0732833D1C7
:1044D000019810C801900BE021783046FDF7D6FA1C
:1044E00000BF40213046FDF73FFB0028F9D0641C97
:1044F00020780028F0D10B98401C0B9020E0019808
:1045000020C801900A2202A92846FFF77CFF02ACCE
:104510000BE021783046FDF7B9FA00BF4021304664
:10452000FDF722FB0028F9D0641C20780028F0D188
:104530000B98401C0B9003E00B98401C0B9000BFA5
:1045400006E00B9810F8011B0B903046FDF79EFA21
:1045500000BF40213046FDF707FB0028F9D00B983B
:104560000078002887D106B070BC5DF814FB10B548
:10457000044621461948FDF789FA00BF4021174833
:10458000FDF7F2FA0128F9D110BD10B50446214615
:104590001448FDF77BFA00BF40211248FDF7E4FA0A
:1045A0000128F9D110BD70B505462C4603E02078EE
:1045B000FFF7EBFF641C20780028F8D170BD70B5C0
:1045C00005462C4603E02078FFF7D1FF641C2078D5
:1045D0000028F8D170BD00000008014000380140FB
:1045E000000C0140004800407FB504460D46012103
:1045F000C802FCF79DF941F28830ADF8080041F699
:104600001F40ADF804000120ADF80A000020ADF80D
:10461000060001A91148FCF7C3FA012241210F4805
:10462000FCF735FE19208DF8000003208DF80100FD
:1046300000208DF8020001208DF803006846FBF78A
:1046400064FD7FBD10B501210448FDF7CEF818B117
:1046500001210248FDF7DAF810BD0000002C0140EE
:104660001FB501213D48FBF778FF01210920FCF728
:104670005FF90120ADF80C0010208DF80F00032029
:104680008DF80E0003A93648FBF796FE0220ADF820
:104690000C0028208DF80F0003A93148FBF78CFE91
:1046A00001210846FBF79EFF0220019000208DF8B3
:1046B000080008208DF8090001208DF80A0001A8E3
:1046C000FBF79AFD07208DF8000003208DF801000C
:1046D00001208DF802008DF803006846FBF715FDF8
:1046E0001FBD10B50220FBF7EDFD48B300211D48AA
:1046F000FDF746F801211B48FCF7AEFD01201A49E1
:10470000086012E01748FDF75EF80A2807DB002171
:104710001448FCF7A1FD00201349086005E00221C0
:104720000F48FBF7DCFE104908600F4800680028BE
:10473000E8D100210B48FCF78FFD0220FBF7D3FDE9
:1047400010BD10B501210648FBF7E3FE0C20FDF774
:104750007DFD01210248FBF7DEFE10BD00023000A6
:10476000000C0140002C0140C001002000B587B0C2
:1047700001214FF40170FCF7DBF84FF40040FCF727
:104780003BF80120ADF8040000208DF8070001A9D6
:104790002348FBF711FE2348FDF740FA0020029062
:1047A0008DF80C008DF80D004FF46020049000206F
:1047B000059001208DF8180002A91A48FDF755FA56
:1047C00001211848FDF77DFA1648FDF79CFA00BF55
:1047D0001448FDF79DFA0028FAD11248FDF7A2FA15
:1047E00000BF1048FDF7A3FA0028FAD107B000BDBA
:1047F00010B504460723012221460A48FDF7CDFAE9
:1048000001210848FDF79DFA00BF02210548FDF788
:1048100009FC0028F9D00348FDF726FB10BD000075
:104820000008014000240140064880470648004730
:10483000FEE7FEE7FEE7FEE7FEE7FEE7FEE7FEE750
:10484000FEE7FEE74B210008ED00000838B50446FE
:10485000FB4890F82400C0B114B10220009001E0A0
:1048600000200090F64A1268D17BF54A5268107811
:104870006B460122FDF757FE10B14FF0FF3038BDF7
:104880009DF80010EE48417423E0ED48807A10B99D
:104890004FF0FF30F3E724B1E948407C08B1002035
:1048A000EDE714B10120009001E000200090E44AFF
:1048B0001268D17BE24A526810786B460122FDF7FC
:1048C00032FE10B14FF0FF30D9E79DF80010DC4800
:1048D00041740020D3E738B5002419E0D8480068B7
:1048E000C07AA04204D0D6480068407DA04200D1E2
:1048F0000CE0D349496808786B4601222146FDF750
:1049000061FE10B14FF0FF3038BD00BF601CC4B273
:10491000CB4840680079A042E0DC0020F4E770B5A5
:1049200004460D46C6480068C07AA04204D0C44878
:104930000068407DA04202D14FF0FF3070BDC048FA
:1049400040680079A04202DC4FF0FF30F6E7BC4936
:10495000496808782B4601222146FDF733FEEDE732
:1049600038B50446B64890F82300A04201D1002093
:1049700038BD14B13020009001E000200090B04814
:10498000807C20B19DF8000040F002000090AC480F
:1049900090F8220020B19DF8000040F080000090C7
:1049A000A74A1268117DA64A526810786B46012208
:1049B000FDF7B9FD10B14FF0FF30D9E7A04880F8FE
:1049C00023400020D4E738B5044604F0700010B14D
:1049D0000120009005E014B10020009001E040208B
:1049E0000090974A1268917C954A526810786B46FD
:1049F0000122FDF798FD20B1002191488172481EE7
:104A000038BD9DF8000020F040018D480173002062
:104A1000009004F0400020B99DF8000040F0040030
:104A2000009004F0200020B99DF8000040F0020042
:104A3000009004F0100020B99DF8000040F0010043
:104A4000009004F0080020B99DF8000040F0380004
:104A500000907B4A1268D17C794A526810786B4684
:104A60000122FDF760FD20B1002175488172481ECA
:104A7000C6E724B1082C02D00020FFF771FF704870
:104A80008472002101753220FDF7EDFB0020B7E7AD
:104A900038B504466A48807CA04201D1002038BD68
:104AA000002C46D0664A12681179654A526810781F
:104AB0006B460122FDF786FD10B14FF0FF30EEE7A7
:104AC0009DF8000020F0200000905D4A12681179E6
:104AD0005B4A526810786B460122FDF724FD10B145
:104AE0004FF0FF30DBE70320FDF7BDFB0220009015
:104AF000534890F8220020B19DF8000040F080005B
:104B000000904F4890F8230020B19DF8000040F03D
:104B1000300000904A4A1268117D494A5268107864
:104B20006B460122FDF7FFFC002851D04FF0FF300B
:104B3000B5E7434A12681179414A526810786B46CA
:104B40000122FDF73FFD10B14FF0FF30A7E73C48D1
:104B5000807A00F0010028B19DF8000040F02000AC
:104B6000009004E09DF8000020F020000090344AFE
:104B700012681179324A526810786B460122FDF7AB
:104B8000D2FC10B14FF0FF3089E70320FDF76BFB3B
:104B90002B4890F8220010B18020009001E0002006
:104BA0000090274890F8230020B19DF8000040F0C5
:104BB00030000090224A1268117D214A5268107814
:104BC0006B460122FDF7AFFC10B14FF0FF3066E7F6
:104BD0001B488474002062E708B51948807A10B930
:104BE0004FF0FF3008BD00200090154A1268D17BBD
:104BF000134A526810786B460122FDF794FC10B1FD
:104C00004FF0FF30EEE70E4A126851790C4A5268B5
:104C100010786B460122FDF786FC10B14FF0FF3093
:104C2000E0E7074A12681179054A526810786B4626
:104C30000122FDF778FC28B14FF0FF30D2E70000E9
:104C4000C4010020F74890F82400002853D00C201D
:104C50000090F44A12681179F24A526810786B4653
:104C60000122FDF760FC10B14FF0FF30BAE73220AF
:104C7000FDF7F9FAC0200090EA48807A00F00100C0
:104C800020B19DF8000040F020000090E54A126835
:104C90001179E44A526810786B460122FDF743FC13
:104CA00010B14FF0FF309DE7DE48407C10B102208C
:104CB000009001E000200090DA4A1268D17BD94AC6
:104CC000526810786B460122FDF72DFC10B14FF0B1
:104CD000FF3087E700200090D24A12685179D14A0C
:104CE000526810786B460122FDF71DFC002855D054
:104CF0004FF0FF3076E704200090CA4A126811791D
:104D0000C84A526810786B460122FDF70CFC10B1BE
:104D10004FF0FF3066E7C348807C20B9C148807AF5
:104D200000F0010010B94020009001E060200090E8
:104D3000BC4A12681179BB4A526810786B4601224E
:104D4000FDF7F1FB10B14FF0FF304BE73220FDF7DC
:104D50008AFAB448407C10B10120009001E00020A4
:104D60000090B04A1268D17BAE4A526810786B4608
:104D70000122FDF7D8FB10B14FF0FF3032E7A94A0E
:104D800012685179A74A52681078A64B1033012255
:104D9000FDF7C9FB10B14FF0FF3023E7002021E7FA
:104DA00070B50446002624F001049E4890F82400C3
:104DB00008B1002070BD9B48807A10B94FF0FF30D9
:104DC000F8E79848057C807A2040964908740846A0
:104DD000007CA04202D04FF0FF3600E0002614B95C
:104DE0009048007D18B10120FFF730FD02E000205F
:104DF000FFF72CFD3CB1FFF7EFFE20B189480574A9
:104E00004FF0FF30D6E73046D4E738B50446854842
:104E1000807A10B94FF0FF3038BDBC2C02DB012086
:104E2000009015E0622C02DB0220009010E02A2C9A
:104E300002DB032000900BE0142C02DB0420009026
:104E400006E00A2C02DB0520009001E0062000901D
:104E50007448C07A9DF80010884201D10020DBE739
:104E6000704A126891786F4A526810786B46012236
:104E7000FDF759FB10B14FF0FF30CDE79DF8001062
:104E80006848C1720020C7E738B50446282C02DD07
:104E90004FF0FF3038BDDCB90020FFF761FD002086
:104EA0008DF8000007208DF801005E4A1268917CA1
:104EB0005C4A526810786B460222FDF734FB10B151
:104EC0004FF0FF30E6E70021564801750020E1E78A
:104ED0000120FFF745FD20208DF80000012C06D1B0
:104EE00000208DF801000520FFF78FFF17E0052C4B
:104EF00006DC01208DF801000520FFF786FF0EE09B
:104F0000142C06DC02208DF801000A20FFF77DFF3B
:104F100005E003208DF801001420FFF776FF9DF8CF
:104F20000100072101EB8010C0B28DF801003D4A5D
:104F30001268917C3B4A526810786B460222FDF75A
:104F4000F2FA10B14FF0FF30A4E708213548817222
:104F500000210173012101750020FFF721FF0020CE
:104F600098E738B504462F48807A10B94FF0FF30E3
:104F700038BD2C4890F8240010B14FF0FF30F7E70F
:104F80002848007D50B134B1282C04DCE0B2FFF792
:104F90007BFF0020ECE70020FFF776FF042C01DA0E
:104FA000042404E0B4F57A7F01DD4FF47A744FF401
:104FB0007A7090FBF4F0401EC0B20090194A12685B
:104FC0005178184A526810786B460122FDF7ABFA07
:104FD00010B14FF0FF30CBE79DF80000401C4FF4BC
:104FE0007A7191FBF0F081B20E48C1810146C98906
:104FF0004810FFF70AFF0020BAE738B50446094811
:10500000807A10B94FF0FF3038BD022C06D0042C46
:105010000AD0082C0BD0102C0FD10BE000200090F0
:105020000EE00000C40100200820009008E01020DD
:10503000009005E01820009002E04FF0FF30E3E719
:1050400000BFF848407A9DF80010B0EBE10F01D1A5
:105050000020D9E7F34A1268D179F24A52681078F1
:105060006B460122FDF75FFA10B14FF0FF30CBE73E
:105070009DF80000C110EB4841720020C4E738B52C
:105080000446E848807A10B94FF0FF3038BDFA2C5A
:1050900009D0B4F5FA7F09D0B4F57A7F09D0B4F518
:1050A000FA6F0CD108E0002000900BE0082000907F
:1050B00008E01020009005E01820009002E04FF07A
:1050C000FF30E3E700BFD748007A9DF80010B0EB4F
:1050D000E10F01D10020D9E7D24A12689179D14A73
:1050E000526810786B460122FDF71DFA10B14FF09F
:1050F000FF30CBE79DF80000C010CA4908720020BD
:10510000C4E71CB580208DF80000C64A1268917C67
:10511000C44A526810786B460122FDF704FA10B1B8
:105120004FF0FF301CBD6420FDF79DF800208DF886
:105130000000BC4A1268917CBA4A526810786B46EB
:105140000122FDF7F0F910B14FF0FF30EAE7B54A60
:105150001268917DB34A526810786B460622FDF7BB
:1051600031FA10B14FF0FF30DCE79DF80500C007C1
:10517000400F9DF8031001F0010140EA41009DF845
:10518000011001F0010140EA01048CB1012C03D1AE
:105190000121A448C17430E0022C03D10021A148B0
:1051A000C1742AE0A0A0FFF70AFA4FF0FF30B9E778
:1051B0009C4A1268D1789B4A526810786B4601224B
:1051C000FDF700FA10B14FF0FF30ABE79DF800009B
:1051D00000F00F042CB99E48FFF7F1F94FF0FF30B3
:1051E000A0E7042C06D19BA0FFF7E9F901218D4827
:1051F000C17402E000218B48C174FF21894881728B
:10520000FF2088490872FF2186484172C1724FF61B
:10521000FF71C181FF21017481740121017380F844
:105220002210002180F823104175017516300160AD
:1052300041608160163880F8241080F82510C18400
:105240004FF4FA60FFF71BFF10B14FF0FF3069E732
:105250000220FFF7D2FE10B14FF0FF3062E72A20A4
:10526000FFF7D3FD10B14FF0FF305BE73220FFF7BF
:1052700078FE10B14FF0FF3054E70020FFF790FDAB
:1052800010B14FF0FF304DE70020FFF701FC10B1E7
:105290004FF0FF3046E70020FFF795FB002041E785
:1052A0007CB504460D465F48807A00F0700010B966
:1052B0004FF0FF307CBD5B4A1268117B594A52683F
:1052C00010786B460622FDF77DF910B14FF0FF30E4
:1052D000F0E79DF801009DF8001040EA012000B2BF
:1052E00020809DF803009DF8021040EA012000B2E2
:1052F00060809DF805009DF8041040EA012000B28E
:10530000A08015B12846FCF7BAFF0020D2E77CB593
:1053100004460D464348807A00F0080010B94FF06B
:10532000FF307CBD3F4A1268517B3E4A526810787C
:105330006B460622FDF746F910B14FF0FF30F0E75B
:105340009DF801009DF8001040EA012000B2208085
:105350009DF803009DF8021040EA012000B2608031
:105360009DF805009DF8041040EA012000B2A080DD
:1053700015B12846FCF783FF0020D2E72DE9FE4F48
:1053800005460C462748807A18B94FF0FF30BDE833
:10539000FE8F244A1268917B224A5268107802AB31
:1053A0000222FDF70FF910B14FF0FF30EFE79DF843
:1053B00009009DF8081040EA012006B214B1204609
:1053C000FCF75DFF17494968C88802F0B6FB15492C
:1053D00001904968B1F9080002F0A6FB8346304607
:1053E00002F0A2FB5946009002F0A0F98246019912
:1053F00002F0D4F981461F4902F046F980464FF089
:105400008F4102F099F9074602F0ADFB28600020B9
:10541000BDE710B588B004461CB94FF0FF3008B0A6
:1054200010BD29E0C4010020556E737570706F7255
:1054300074656420736F6674776172652070726F33
:1054400064756374207265762025642E0A0000005E
:1054500020A6000848616C662073656E73697469E4
:1054600076697479207061727420666F756E642E2F
:105470000A00000000000C42206830B9606820B9C2
:10548000A06810B9002008B010BDFA494968087832
:1054900006AB03221146FDF795F810B14FF0FF302F
:1054A000F1E79DF81800082101EB201000F00F0033
:1054B000ADF800009DF8190001EB201000F00F007E
:1054C000ADF802009DF81A0001EB201000F00F006B
:1054D000ADF8040020684100BDF90000403091FBA8
:1054E000F0F000B2ADF8100060684100BDF90200B4
:1054F000403091FBF0F000B2ADF81200A06841001E
:10550000BDF90400403091FBF0F000B2ADF814009A
:10551000D8494968087806AB06221146FDF752F8CB
:1055200010B14FF0FF30AEE79DF819009DF818104C
:1055300040EA012000B2ADF808009DF81B009DF87C
:105540001A1040EA012000B2ADF80A009DF81D00D3
:105550009DF81C1040EA012000B2ADF80C00BDF827
:105560001000BDF80810084400B2ADF81000BDF8F6
:105570001200BDF80A10084400B2ADF81200BDF8E0
:105580001400BDF80C10084400B2ADF81400BDF8CA
:105590001000000A8DF81800BDF81000C0B28DF898
:1055A0001900BDF81200000A8DF81A00BDF81200AB
:1055B000C0B28DF81B00BDF81400000A8DF81C0065
:1055C000BDF81400C0B28DF81D00AA4949680878DA
:1055D00006AB06221146FCF7A6FF10B14FF0FF30D4
:1055E00051E700204FE70146A248007A30B1012878
:1055F00007D0022809D003280FD10AE0FA2008803A
:105600000EE04FF4FA7008800AE04FF47A700880D8
:1056100006E04FF4FA60088002E00020088000BF36
:1056200000BF0020704701469248407A30B10128FF
:1056300007D0022808D003280CD108E00220087007
:105640000BE00420087008E00820087005E0102036
:10565000087002E04FF0FF30704700BF8548C07C03
:1056600018B108784006000E08700020F4E70146E3
:105670008048C07A082817D2DFE800F01704070A2C
:105680000D101318BC20088013E06220088010E081
:105690002A2008800DE0142008800AE00A200880F3
:1056A00007E00520088004E000BF00BF002008805C
:1056B00000BF00BF0020704701466E4890F82400EC
:1056C00010B14FF0FF3070476A48C0890880002051
:1056D000F9E7014600200880401E704701464FF060
:1056E000FF30704701466348007A30B1012807D087
:1056F000022808D003280CD108E05F4808600BE0BE
:105700005E48086008E05E48086005E05D480860A3
:1057100002E04FF0FF30704700BF0020FBE701467A
:105720005448407A30B1012808D002280AD0032812
:1057300010D10BE04FF4804008800EE041F69C70E1
:1057400008800AE04FF48050088006E04FF40060C3
:10575000088002E04FF0FF30704700BF4548C07C32
:1057600010B10888401008800020F5E70146414844
:10577000007C08700020704701463E48807A10B1D6
:105780000120087001E0002008700020704738B543
:1057900004463848807A10B94FF0FF3038BD354A9A
:1057A0001268117C334A526810786B460222FCF76B
:1057B00009FF10B14FF0FF30F0E79DF801009DF8B0
:1057C000001040EA012000B220800020E6E72DE929
:1057D000FE4F0746884692461D46DDF830B000264B
:1057E0000024244890F8240010B1601EBDE8FE8F0C
:1057F000002028701F48807A10B94FF0FF30F5E77D
:105800001C48007C10B94FF0FF30EFE71948007CCE
:1058100000F0400008B1B01CC6B21648007C00F091
:10582000200008B1B01CC6B21248007C00F0100085
:1058300008B1B01CC6B20F48007C00F0080008B1E7
:10584000B01DC6B20B4A1268917A0A4A52681078A3
:105850006B460222FCF7B6FE10B14FF0FF30C5E7F1
:105860009DF801009DF8001040EA0129B1450BDACE
:105870000020BBE7C4010020000003430000834276
:105880003333034233338341FC4840684088B9EBEB
:10589000600F17DDF94A1268517CF84A5268107897
:1058A0006B460122FCF78EFE10B14FF0FF309DE7F2
:1058B0009DF8000000F0100020B1FFF78DF96FF0A7
:1058C000010093E75046FCF7DAFCEC4A1268D17A03
:1058D000EA4A526810786B463246FCF773FE10B104
:1058E0004FF0FF3082E799FBF6F0401E8BF8000086
:1058F00000202870B4422AD0E048007C00F0080064
:1059000028B3601C1DF800001DF8041040EA0120B7
:1059100000B2A8F80000E01C1DF80010A01C1DF843
:10592000000041EA002000B2A8F80200601D1DF846
:105930000010201D1DF8000041EA002000B2A8F868
:105940000400287840F008002870A01D84B2B442FA
:1059500013D0CA48007C00F0400070B1601C1DF8F4
:1059600000001DF8041040EA012000B238802878B9
:1059700040F040002870A01C84B2B44213D0BF484D
:10598000007C00F0200070B1601C1DF800001DF8C4
:10599000041040EA012000B27880287840F020000E
:1059A0002870A01C84B2B44213D0B448007C00F02C
:1059B000100070B1601C1DF800001DF8041040EAD2
:1059C000012000B2B880287840F010002870A01C98
:1059D00084B200200AE7F8B504460F461646A748E9
:1059E00090F8240010B94FF0FF30F8BDA348807A3A
:1059F00010B94FF0FF30F8E7A04A1268917A9F4A39
:105A0000526810786B460222FCF7DCFD10B14FF0B3
:105A1000FF30EAE79DF801009DF8001040EA0125FB
:105A2000A54203DA00203070401EDEE7934840684C
:105A30004088B5EB600F17DD904A1268517C8F4AA1
:105A4000526810786B460122FCF7BCFD10B14FF094
:105A5000FF30CAE79DF8000000F0100020B1FFF70A
:105A6000BBF86FF00100C0E7E2B2844B1B68D97A43
:105A7000824B5B6818783B46FCF7A4FD10B14FF0F1
:105A8000FF30B2E795FBF4F0401E30700020ACE729
:105A900001467A4880F82210002070477CB5054600
:105AA00076494968087801AB04220D21FCF78AFD8C
:105AB00008B107207CBD9DF80700C0F301109DF8D8
:105AC000041001F0E00140EAE1008DF800009DF8CB
:105AD0000700C0F381009DF8051001F0E00140EAE5
:105AE000E1008DF801009DF8070000F003009DF82B
:105AF000061001F0E00140EAE1008DF80200002408
:105B00001CE01DF8040018B9002045F8240013E03B
:105B10005B4845F8240006E055F82400594901F097
:105B20000BFE45F824001DF80400401EC0B20DF81D
:105B300004000028F0D100BF601CC4B2032CE0DBDD
:105B40000020B7E72DE9FE4F06460F4600256846C0
:105B5000FFF7A4FF002442E056F8240057F8241071
:105B6000A0EB010ABAF1000F01DB514601E0CAF1D6
:105B70000001084601F0D8FF83464FF08F4101F045
:105B80000DFE80465DF82400002102F061F816D079
:105B90005DF82410404601F001FE82464FF07E5130
:105BA00001F0C4FD814629F0004A3748416A504659
:105BB00002F058F812D20120A04005430EE032480E
:105BC000C169404602F044F805D32F48016A4046B7
:105BD00002F048F802D20120A0400543641C032CC7
:105BE000BADB2846BDE8FE8F2DE9FC5F06460F466E
:105BF000002522494968087801AB03220D21FCF7F2
:105C0000E1FC10B10720BDE8FC9F9DF8040000F006
:105C10001F008DF804009DF8050000F01F008DF8AE
:105C200005009DF8060000F01F008DF80600002416
:105C300062E056F8240057F82410A0EB010BBBF1EA
:105C4000000F01DB594601E0CBF10001084601F0ED
:105C50006BFF4FF08F41009001F0A0FD814601A83D
:105C6000005DC0B30849086801F067FF83465946E4
:105C7000064801F093FD80460FE00000C4010020BB
:105C80007B14AE3E1D5A843FF097000800B04C458F
:105C9000FE49404601F050FD804601A8005D401ECF
:105CA000C0B201A908550028F2D14146484601F08A
:105CB00075FD83464FF07E5101F038FD82462AF093
:105CC000004BF3488169584601F0CCFF13D2012004
:105CD000A04005430FE0FFE7ED480169484601F0A9
:105CE000B7FF05D3EA484169484601F0BBFF02D23D
:105CF0000120A0400543641C032C9ADB284682E760
:105D00002DE9F04F87B005460C46914601208DF8ED
:105D1000100000208DF81100DE4A1268917CDD4AE7
:105D20005268107804AB0222FCF7FDFB20B14FF063
:105D3000FF3007B0BDE8F08FC820FCF794FA0020D0
:105D40008DF81000D34A1268D17BD24A526810787D
:105D500004AB0122FCF7E7FB10B14FF0FF30E8E79E
:105D6000CC4A12685179CB4A5268107804AB0122B0
:105D7000FCF7D9FB10B14FF0FF30DAE7C54A1268E3
:105D8000917CC44A5268107804AB0122FCF7CBFB2B
:105D900010B14FF0FF30CCE7BE4A1268D17DBD4A4A
:105DA0005268107804AB0122FCF7BDFB10B14FF034
:105DB000FF30BEE7B74A12681179B64A52681078C8
:105DC00004AB0122FCF7AFFB10B14FF0FF30B0E79E
:105DD0000C208DF81000AF4A12681179AD4A526854
:105DE000107804AB0122FCF79EFB10B14FF0FF309E
:105DF0009FE70F20FCF737FAA648806A407A8DF8B3
:105E00001000A44A12689178A24A5268107804AB34
:105E10000122FCF788FB10B14FF0FF3089E79D4865
:105E2000806A007A8DF810009A4A12685178994A6F
:105E30005268107804AB0122FCF775FB10B14FF0EB
:105E4000FF3076E7B9F1000F07D09248806A807A78
:105E500040F0E0008DF8100004E08E48806A807AFF
:105E60008DF810008B4A126891798A4A526810782E
:105E700004AB0122FCF757FB10B14FF0FF3058E79D
:105E8000B9F1000F07D08348806AC07A40F0E00083
:105E90008DF8100003E07E48C07A8DF810007D4A2E
:105EA0001268D1797B4A5268107804AB0122FCF762
:105EB0003AFB10B14FF0FF303BE7B9F1000F02D0D1
:105EC000C820FCF7D0F940208DF81000714A126804
:105ED0001179704A5268107804AB0122FCF723FB59
:105EE00010B14FF0FF3024E778208DF81000694A98
:105EF00012685179674A5268107804AB0122FCF7A6
:105F000012FB10B14FF0FF3013E761498889FCF7AD
:105F1000AAF900208DF810005E4A126851795D4A96
:105F20005268107804AB0122FCF7FDFA10B14FF073
:105F3000FF30FEE6574A1268917A564A5268107846
:105F400004AB0222FCF73EFB10B14FF0FF30F0E64D
:105F50009DF811009DF8101040EA012B0C209BFBCE
:105F6000F0F0C6B20020A86068602860A0606060A1
:105F70002060824665E0474A1268D17A454A5268F5
:105F8000107804AB0C22FCF71DFB10B14FF0FF3072
:105F9000CFE69DF811009DF8101040EA012000B2F4
:105FA000ADF808009DF813009DF8121040EA01209A
:105FB00000B2ADF80A009DF815009DF8141040EAF3
:105FC000012000B2ADF80C00BDF9081020680844AB
:105FD0002060BDF90A10606808446060BDF90C10CB
:105FE000A0680844A0609DF817009DF8161040EACC
:105FF000012000B2ADF800009DF819009DF81810BE
:1060000040EA012000B2ADF802009DF81B009DF8A7
:106010001A1040EA012000B2ADF80400BDF90010EA
:10602000286808442860BDF9021068680844686060
:10603000BDF90410A8680844A8600AF1010000F046
:10604000FF0AB24597DB1248D0F800C02868C11794
:10605000090441EA1041070462460023384601F072
:10606000A5FA32460023CDE9020101F09FFA28602B
:106070000748D0F800C06868C117090441EA104118
:10608000070462460023384606E0000054E3853FDB
:10609000F0970008C401002001F088FA324600237E
:1060A000CDE9020101F082FA6860FE48D0F800C034
:1060B000A868C117090441EA104107046246002399
:1060C000384601F073FA32460023CDE9020101F0AF
:1060D0006DFAA860F348D0F804C02168C81700041E
:1060E00040EA11480F04624600233846414601F059
:1060F0005DFA32460023CDE9020101F057FA206033
:10610000E848D0F804C06068C117090441EA1041AA
:10611000070462460023384601F048FA324600235D
:10612000CDE9020101F042FA6060DE48D0F804C017
:10613000A068C117090441EA104107046246002320
:10614000384601F033FA32460023CDE9020101F06E
:106150002DFAA060A068002804DDA068A0F58030BA
:10616000A06003E0A06800F58030A0600020E0E5BA
:1061700038B50446CC4890F82400A04201D1002054
:1061800038BD24B3C84890F8250010B94FF0FF304F
:10619000F6E70020FEF75AFB0020FEF779FCC24923
:1061A000C88CFEF7DEFE00200090BF4949680878E1
:1061B0006B4601222321FCF7B6F90121BA4880F889
:1061C00024100120FEF742FBFEF706FD13E000203D
:1061D000FEF73CFBB448007C0090B349496808785E
:1061E0006B4601222321FCF79EF90021AE4880F87E
:1061F0002410FEF7F1FC0020C2E72DE9F04F8DB02E
:1062000083460F4602200C90A74890F8240020B146
:106210000020FFF7ADFF012600E0002603A8FFF7EE
:10622000E2F905A8FFF7FFF901A8FFF720FA02A895
:10623000FFF742FA9C4890F80AA004A8FFF796FAE4
:10624000002407E0002239465846FFF759FD00B9FF
:1062500002E0641C022CF5DB00BF022C01D10025FA
:1062600028E0002407E0012206A909A8FFF748FD5D
:1062700000B902E0641C022CF5DB00BF022C01D146
:10628000002517E006A93846FFF75CFC00F0FF0880
:1062900009A95846FFF7A8FC00F0FF090025B9F14D
:1062A000000F01D145F00105B8F1000F01D145F013
:1062B000020500BFFF207C490872FF217A48417225
:1062C000C1724FF6FF71C181FF21817201740121FA
:1062D0000173BDF80C00FEF7D2FE9DF81400FEF726
:1062E0008CFEBDF80400FEF790FDBDF80800FEF737
:1062F00038FE5046FEF767FB9DF81000FEF750FD94
:1063000016B10120FFF734FF28460DB0BDE8F08F2D
:10631000F8B504460D46164616B94FF0FF30F8BDE5
:106320006148807A10B94FF0FF30F8E720128DF8FD
:106330000000E0B28DF801009DF8010028445A49A0
:1063400049684989884202DD4FF0FF30E7E7564A45
:106350001268117E544A526810786B460222FCF78C
:10636000E2F810B14FF0FF30D9E7EAB24E4B1B68AC
:10637000597D4D4B5B6818783346FCF7D4F810B163
:106380004FF0FF30CBE70020C9E7F8B504460D46D3
:10639000164616B94FF0FF30F8BD4348807A10B961
:1063A0004FF0FF30F8E720128DF80000E0B28DF8D2
:1063B00001009DF8010028443B4949684989884209
:1063C00002DD4FF0FF30E7E7374A1268117E364AA8
:1063D000526810786B460222FCF7A5F810B14FF016
:1063E000FF30D9E7EAB2304B1B68597D2E4B5B6812
:1063F00018783346FCF7E6F810B14FF0FF30CBE7E2
:106400000020C9E72DE9F04385B005460E469046C9
:106410009946254890F8250020B14FF0FF3005B08F
:10642000BDE8F08316B94FF0FF30F8E7002423E011
:10643000281B102801DD102000E0281B87B232192C
:1064400039462046FFF764FF10B14FF0FF30E6E712
:1064500001AA39462046FFF798FF10B14FF0FF30F0
:10646000DDE730193A4601A901F001F910B16FF0EA
:106470000100D4E7E01984B2AC42D9DB4FEA28200E
:106480008DF8000008F0FF008DF80100064A126840
:10649000917E054A526810786B460222FCF743F859
:1064A00038B103E0F0970008C40100204FF0FF303E
:1064B000B5E701218A4880F82510A0F82690002031
:1064C000ADE70146864890F8240008700020704728
:1064D00002464FF0FF30704701464FF0FF307047E3
:1064E000F8B505460F461446002C70D0B5F5FF5F91
:1064F00001DDFF2605E0202D01DA012601E0C5F3CC
:10650000471607B90127282C02DD4FF0FF30F8BDF0
:106510007348407D28BB724890F8240038B10020B1
:10652000FFF726FE01216E4880F8201003E00021CD
:106530006B4880F820106A481630FFF754F8684816
:106540001830FFF770F866481A30FFF790F8644883
:106550001C30FFF7B1F86248817A81771F30FFF76E
:1065600005F90020FEF772F90020FEF78DFC0020EF
:106570008DF800005A4A12689178594A526810788A
:106580006B460122FBF7CFFF10B14FF0FF30BEE7A3
:1065900040208DF80000524A1268D17B504A526860
:1065A00010786B460122FBF7BEFF00B165E08DF865
:1065B00000608DF801704A4A1268117A484A5268A0
:1065C00010786B460222FBF7AEFF08B155E047E0BA
:1065D0000520FBF748FE4248407A072101EBC00046
:1065E000C0B28DF800003E4A1268D1793C4A526828
:1065F00010786B460122FBF796FF00B13DE02020AA
:106600008DF80000012C03D100208DF801000EE070
:10661000052C03DC01208DF8010008E0142C03DCBC
:1066200002208DF8010002E003208DF801009DF8A2
:106630000100072101EB8010C0B28DF80100284A4B
:106640001268917C264A526810786B460222FBF74A
:106650006AFF00B111E0012121484175002056E791
:106660001F4A1632002103E0505C00B105E0491CCE
:106670000C29F9D34FF0FF3049E7FF201849087281
:10668000FF2117484172C1724FF6FF71C181FF218E
:1066900081720174012101730146887FFEF793F92D
:1066A0000F49C88AFEF7EBFC0D49087EFEF7A5FCF2
:1066B0000B49488BFEF7A9FB0949888BFEF751FC73
:1066C0000749C87FFEF76CFB054890F8200010B121
:1066D0000120FFF74DFD002101484175002016E71C
:1066E000C401002010B5C8234FF48062F74940F67A
:1066F000F630FFF787FE10BD10B586B00446F4A053
:1067000000680390F3A000680290F3A00068019075
:10671000F2A00068009004F0030003A9085C8DF863
:10672000140003A8C4F3C101405C8DF8150003A850
:10673000C4F38111405C8DF8160004F0030002A937
:10674000085C8DF8100002A8C4F3C101405C8DF80C
:10675000110002A8C4F38111405C8DF8120005AA53
:10676000032140F22640FFF7D3FD18B14FF0FF3070
:1067700006B010BD04AA032140F22A40FFF7C8FD6D
:1067800010B14FF0FF30F3E70198059000980490A6
:1067900004F0040058B19DF8140040F001008DF899
:1067A00014009DF8100040F001008DF8100004F076
:1067B000200058B19DF8150040F001008DF815003B
:1067C0009DF8110040F001008DF8110004F4807074
:1067D00058B19DF8160040F001008DF816009DF8A4
:1067E000120040F001008DF8120005AA03214FF4B9
:1067F0008860FFF78DFD10B14FF0FF30B8E704AAB5
:10680000032140F23140FFF783FD10B14FF0FF301C
:10681000AEE7B34804810020AAE71FB50446B0489C
:10682000007A00F0030054F820000190AC48007A90
:1068300000F0040010B1019840420190A848007A8D
:10684000C0F3C10054F820000290A548007A00F07F
:10685000200010B1029840420290A148007AC0F393
:10686000811054F8200003909D48008900F4807046
:1068700010B10398404203909A49019880FB0101AE
:10688000800F40EA810001909649029880FB011038
:10689000820042EA917002909249039880FB0110B5
:1068A000820042EA917003900198000E8DF800007A
:1068B0000198000C8DF801000198000A8DF8020083
:1068C0000198C0B28DF803006A4604214FF4747039
:1068D000FFF71EFD18B14FF0FF3004B010BD029855
:1068E000000E8DF800000298000C8DF8010002984F
:1068F000000A8DF802000298C0B28DF803006A46C3
:1069000004214FF47570FFF703FD10B14FF0FF3015
:10691000E3E70398000E8DF800000398000C8DF853
:1069200001000398000A8DF802000398C0B28DF8A8
:1069300003006A4604214FF47670FFF7E9FCCCE7C8
:1069400070B588B0064601A8FEF7E9FEBDF8040060
:106950000021C90341EA5045C4036148007A00F0B0
:10696000030056F8200005905D48007A00F004000E
:1069700010B10598404205905948007AC0F3C10013
:1069800056F8200006905648007A00F0200010B11A
:106990000698404206905248007AC0F3811056F89B
:1069A000200007904E48008900F4807010B10798CD
:1069B000404207900598C117A0FB042301FB043156
:1069C00000FB0510810041EA927005900698C117FE
:1069D000A0FB042301FB043100FB0510810041EA08
:1069E000927006900798C117A0FB042301FB0431A5
:1069F00000FB0510810041EA927007900598000E97
:106A00008DF808000598000C8DF809000598000A1B
:106A10008DF80A000598C0B28DF80B000698000E9C
:106A20008DF80C000698000C8DF80D000698000AF1
:106A30008DF80E000698C0B28DF80F000798000E72
:106A40008DF810000798000C8DF811000798000AC7
:106A50008DF812000798C0B28DF8130002AA0C211D
:106A60004FF42570FFF754FC08B070BD30B585B009
:106A700004461DA207CA02AB07C3C82C03DD4FF0B2
:106A8000FF3005B030BDC82090FBF4F0401E85B249
:106A9000280A8DF80000E8B28DF801006A4602214C
:106AA00040F21620FFF734FC10B14FF0FF30E8E75A
:106AB00002AA0C2140F6C120FFF72AFC10B14FF0CA
:106AC000FF30DEE7064884810020DAE718980008E6
:106AD0004CCD6C000CC92C0036567600264666005C
:106AE0006803002009E3CA02FEF2ABC4AAF1DFDFAB
:106AF000BBAFDFDF0146FC4880890880002070477B
:106B00002DE9FC4706460F4606F0070010B1B7F521
:106B1000C86F03DD4FF0FF30BDE8FC87384601F059
:106B20000CF88146F14900F039FE80466846FEF7D0
:106B30007AFD9DF80000022806D0042816D0082807
:106B400026D0102848D135E04FF08D41404600F066
:106B5000F3FD814601F020F884B2E549404600F09B
:106B6000EBFD814601F018F885B238E04FF08C411A
:106B7000404600F0E1FD814601F00EF884B2DD49A7
:106B8000404600F0D9FD814601F006F885B226E0C6
:106B90004FF08B41404600F0CFFD814600F0FCFFF6
:106BA00084B2D549404600F0C7FD814600F0F4FFAD
:106BB00085B214E04FF08A41404600F0BDFD8146A9
:106BC00000F0EAFF84B2CD49404600F0B5FD8146B1
:106BD00000F0E2FF85B202E04FF0FF309CE700BF1B
:106BE00020128DF80400E0B28DF8050028128DF80F
:106BF0000600E8B28DF8070006F00100A0B101AA76
:106C000002214FF4EA70FFF783FB10B14FF0FF3021
:106C100082E70DF1060202214FF49270FFF778FB34
:106C200010B14FF0FF3077E706F00200A0B101AAE3
:106C300002214FF4EC70FFF76BFB10B14FF0FF3007
:106C40006AE70DF1060202214FF49470FFF760FB32
:106C500010B14FF0FF305FE706F00400A0B101AAC9
:106C600002214FF4EE70FFF753FB10B14FF0FF30ED
:106C700052E70DF1060202214FF49670FFF748FB30
:106C800010B14FF0FF3047E7002045E738B5044624
:106C90000020009004F0010020B19DF8000040F0B9
:106CA0003000009004F0020020B19DF8000040F098
:106CB0000C00009004F0040020B19DF8000040F0AA
:106CC000030000906A4601214FF4A470FFF720FBF7
:106CD00038BD38B50446012C01DA012402E0042C49
:106CE00000DD0424601EC0B200906A46012140F21B
:106CF0004F10FFF70DFB38BD38B50446052094FB57
:106D0000F0F085B228128DF80000E8B28DF801008D
:106D10006A4602214FF4EF70FFF7FAFA38BD38B532
:106D20000446052094FBF0F085B228128DF800008F
:106D3000E8B28DF801006A4602214FF4ED70FFF7CA
:106D4000E7FA38BDF8B505460E464FF47A7095FB64
:106D5000F0F000FB06F4200E8DF80000200C8DF8FA
:106D60000100200A8DF80200E0B28DF803006A46A7
:106D700004214FF4AE70FFF7CBFAF8BD38B50446E6
:106D8000052094FBF0F084B220128DF80000E0B2F0
:106D90008DF801006A4602214FF4AD70FFF7B8FA92
:106DA00038BD38B50446052094FBF0F084B22012BB
:106DB0008DF80000E0B28DF801006A4602214FF420
:106DC000AC70FFF7A5FA38BD38B5044614B94FF0DA
:106DD000FF3038BD6A4604214FF45870FFF7D5FAEA
:106DE00010B14FF0FF30F4E79DF8000000069DF869
:106DF000011040EA01409DF8021040EA01209DF890
:106E00000310084320600020E3E738B50446200E55
:106E10008DF80000200C8DF80100200A8DF802008A
:106E2000E0B28DF803006A4604214FF45870FFF772
:106E30006FFA38BD38B5044614B94FF0FF3038BD8D
:106E40006A4604214FF47170FFF79FFA10B14FF0BA
:106E5000FF30F4E79DF8000000069DF8011040EABD
:106E600001409DF8021040EA01209DF803100843FC
:106E700000EB8000800020600020E0E738B5044689
:106E80001420B4FBF0F4200E8DF80000200C8DF8D7
:106E90000100200A8DF80200E0B28DF803006A4676
:106EA00004214FF47170FFF733FA38BD38B504464A
:106EB00064B120208DF8000028208DF801003020DA
:106EC0008DF8020038208DF8030004E0A32204218D
:106ED000684600F0AEFB6A46042140F69E20FFF7AC
:106EE00017FAFDF779FE38BD68030020000048431B
:106EF000000040460000C045000040450000C0447E
:106F000038B5044664B1C0208DF80000C2208DF869
:106F10000100C4208DF80200C6208DF8030004E0B3
:106F20008B220421684600F084FB6A46042140F667
:106F30009820FFF7EDF9FDF74FFE38BD3EB504464A
:106F40006CB1FDA1D1E900208968CDE90020029152
:106F50006A4609214FF49760FFF7DAF93EBDF9A2BE
:106F6000D2E900109268CDE9010200916A46092138
:106F70004FF49760FFF7CCF9F0E73EB504460220E6
:106F80008DF80000CA208DF80100E3208DF8020082
:106F900009208DF803006A4604216820FFF7B8F93C
:106FA000A3208DF8000004F0400048B1C0208DF807
:106FB0000100C8208DF80200C2208DF8030006E011
:106FC000A3208DF801008DF802008DF8030004F471
:106FD000C07048B1C4208DF80400CC208DF80500A5
:106FE000C6208DF8060006E0A3208DF804008DF879
:106FF00005008DF80600A3208DF807008DF8080025
:107000008DF809006A460A2140F6A720FFF780F9AB
:1070100004F0030018B120208DF8000002E0D82011
:107020008DF800006A46012140F6B620FFF770F99E
:1070300004F0200018B10120FFF780FF02E00020DB
:10704000FFF77CFF04F4C07008B304F4807060B1F3
:10705000B2208DF800008B208DF80100B6208DF84D
:1070600002009B208DF803000BE0B0208DF800009B
:1070700080208DF80100B4208DF8020090208DF85A
:1070800003006A46042140F6A220FFF741F904F00C
:10709000010020B3F8208DF800006A4601214FF46A
:1070A0000B60FFF735F9FA210720FFF729FD0720CC
:1070B000FFF7ECFD0120FFF70CFE6420FFF71CFE3C
:1070C0004FF4FA70FFF72BFEC821A148FFF73AFEF4
:1070D0002820FFF753FE0A20FFF763FE08E0D820C0
:1070E0008DF800006A4601214FF40B60FFF710F99C
:1070F00004F0020018B1D9208DF8000002E0D82079
:107100008DF800006A46012140F23D70FFF700F95A
:1071100004F0040018B10120FFF7F2FE02E00020A5
:10712000FFF7EEFE04F0100018B10120FFF7BEFEDD
:1071300002E00020FFF7BAFE44F0080085494881CC
:10714000FDF74AFD00208349887304F0400018B120
:107150000846807B801D887304F4C07020B17D4890
:10716000807B801D7B49887304F0140020B179482E
:10717000807B10307749887304F0030020B1754894
:10718000807B001D7349887300203EBD0146714815
:1071900040890880002070472DE9F0410446E078DE
:1071A00000F0C006E07800F03F05607800F00100D4
:1071B00098B1EF102846E91705EB5171C910A5EBFE
:1071C000C101491C01F0FF086248006820B1614814
:1071D000414602683846904700BF607800F00800DA
:1071E00030B15C48406818B1B0115A4A51688847BC
:1071F0000020BDE8F08110B586B0044656A207CA4B
:1072000003AB07C357A207CA8DE80700012C09D0BA
:10721000022C0ED103AA0B2140F68220FFF778F84A
:1072200006B010BD6A460B2140F68220FFF770F8C9
:10723000F6E74FF0FF30F3E72DE9F04F8DB007464A
:10724000884615469946DDE9166B002400203080FB
:107250004049887B5A4605A9FEF7BDFB18B1601E60
:107260000DB0BDE8F08F3B48807A00F01400002894
:1072700061D09DF8140000069DF8151040EA014009
:107280009DF8161040EA01209DF817100843286069
:107290009DF8180000069DF8191040EA01409DF87D
:1072A0001A1040EA01209DF81B10084368609DF801
:1072B0001C0000069DF81D1040EA01409DF81E10BC
:1072C00040EA01209DF81F100843A8609DF82000A7
:1072D00000069DF8211040EA01409DF8221040EA86
:1072E00001209DF823100843E86004F11000C4B2A7
:1072F000286800140190686800140290A8680014BF
:107300000390E8680014049001984043029901FB3F
:107310000100039901FB0100049901FB010ABAF184
:10732000706F02DBBAF1885F22DDFDF755FC0020AB
:107330003080401E94E721E0B8AAB38DB4980D3593
:107340005D000000B8AAAAAAB088C3C5C7000000A3
:1073500009E3CA0268030020D8B1B9F38BA391B640
:1073600009B4D900DAB1B9F38BA391B6DAB4DA0073
:10737000B6F9000040F48070308000BF7848807A11
:1073800000F0400020B305A9601C085C095D40EADC
:10739000012000B2A8F8000005A9E01C095C05AABC
:1073A000A01C105C41EA002000B2A8F8020005A968
:1073B000601D095C201D105C41EA002000B2A8F8A5
:1073C0000400A01DC4B2B6F9000040F008003080EF
:1073D0006348408900F4C07008B305A9601C085CCC
:1073E000095D40EA012000B2388005A9E01C095C73
:1073F00005AAA01C105C41EA002000B2788005A913
:10740000601D095C201D105C41EA002000B2B880BC
:10741000A01DC4B2B6F9000040F0700030805048A2
:10742000807A00F0030018B105A90819FFF7B4FE2F
:107430004846FAF724FF002012E701464848016059
:1074400000207047014646484160002070470146D1
:1074500091F90020002A01DD00201EE091F90020B2
:10746000002A01DA042018E091F90120002A01DD48
:10747000012012E091F90120002A01DA05200CE038
:1074800091F90220002A01DD022006E091F9022094
:10749000002A01DA062000E00720704770B5054693
:1074A0002846FFF7D4FF0446E81CFFF7D0FF44EA64
:1074B000C00084B2A81DFFF7CAFF44EA801084B25E
:1074C000204670BD70B588B002A905A8FEF795FEEC
:1074D0000446032C3FD101A8FEF704F9059800F0FB
:1074E00023FB0646019900F027F9054600F03BFB17
:1074F0000590069800F018FB0646019900F01CF96B
:10750000054600F030FB0690079800F00DFB06469C
:10751000019900F011F9054600F025FB079005A838
:10752000FFF77BF96846FEF7FAF8BDF800100298FD
:1075300048430290BDF80010039848430390BDF8FB
:10754000001004984843049002A8FFF7F9F905A039
:10755000FDF735F802E00CA0FDF731F808B070BD7A
:107560006803002073657474696E672062696173D3
:107570002073756363657366756C6C79202E2E2E8F
:107580002E2E2E0A0000000062696173206861736C
:10759000206E6F74206265656E206D6F6469666928
:1075A0006564202E2E2E2E2E2E0A00002DE9F0418D
:1075B0000024061B254671F1000605DA0124002788
:1075C000D0EB070067EB0101161E73F1000605DA28
:1075D0000027D2EB0702012567EB030300F062FBF3
:1075E00086460E4617469C46AC4204D00025D0EB9A
:1075F000050E65EB010624B10020D2EB000760EB1D
:10760000030C704631463A466346BDE8F08140EAD5
:1076100001039B0703D009E008C9121F08C0042A10
:10762000FAD203E011F8013B00F8013B521EF9D2F7
:107630007047D2B201E000F8012B491EFBD270471F
:107640000022F6E710B513460A4604461946FFF72E
:10765000F0FF204610BD421E12F8013F002BFBD167
:1076600011F8013B02F8013B002BF9D1704730B50E
:1076700004460020034600E05B1C934203D2E05C1A
:10768000CD5C401BF8D030BDF0B480EA0102D40FCD
:107690004200B2EB410F02D20246084611464A00B0
:1076A00042D0C30DDDB2C1F3C752AD1A202D35DA79
:1076B000C1F3160141F4000204B15242C5F12006A3
:1076C00002FA06F12A411044B3EBD05F23D0C4B1D3
:1076D000012DA0EBC35009DCF0BC4FF0004202EAE0
:1076E000C352DBB200F5000000F037BB400000F1F0
:1076F000807000EBC350A0F1807040EAD170490067
:1077000009E0490841EAC071A0EBC35000F5000050
:10771000400800EBC350F0BC00F016BB61420122F0
:1077200002EB4101001BF6E7F0BC704781F000411D
:10773000AAE780F00040A7E780EA010210B502F056
:107740000043400022D04A001FD0010E01EB12611D
:10775000C0F35600C2F3560240F4000042F40002A7
:10776000A0FB022000047F39140400D0401C50EA22
:10777000124001D44000491EC2B20C0604EBD010E6
:10778000401C4008802A02D003E0002010BD20F0F9
:107790000100002900DA0020184310BD30B480EA4F
:1077A000010202F0004530F0004221F0004013D009
:1077B00090B1C30DD40DC2F31601C0F31600E41A44
:1077C00041F4000140F400027D34914201D3641C75
:1077D00000E04900002C02DA30BC002070474FF472
:1077E00000000023914201D3891A034340084FEA65
:1077F0004101F7D151B1914202D14FF0004105E072
:1078000002D24FF0010101E06FF0010103EBC4501F
:10781000284430BC00F098BA2DE9FE4F804681EA3A
:107820000300C00F0C46009021F0004123F00045FA
:10783000B8EB0200A94105D24046214690461C46BD
:107840000B46024623F00040104347D0270DC7F3F4
:107850000A00C3F30A510290401A019040286BDAE3
:10786000C3F3130040F4801B0098924620B100231C
:10787000D2EB030A63EB0B0B01985946C0F14002AF
:10788000504600F040FA06460D4650465946019AC9
:1078900000F048FA10EB08006141002487EA115219
:1078A00084EAE7731A4340D0009A62B3019A012A2E
:1078B0004FEA075215DC001B61EB02014FF000425A
:1078C00002EA0752CDE90042001C41F58011324620
:1078D0002B4600F07FFA03B0BDE8F08F404621460A
:1078E000F9E7001B61EB0201001C41F58013001851
:1078F0005B412018A2F5001747EB030140EAD57061
:10790000B6196D4111E06D084FEA360645EAC075BB
:107910004FEA0752001B61EB0201001C41F5801188
:1079200049084FEA30000019514132462B4603B056
:10793000BDE8F04F00F03FBA00980122400000235C
:10794000D0EB020263EBE073009821464FEAE0744B
:10795000B8EB000061EB0401E9E783F000435BE76B
:1079600081F0004158E72DE9FE4F81EA030404F05D
:10797000004421F0004100944FF0000B23F000433D
:1079800050EA01045ED052EA03045BD0C3F30A5408
:10799000C1F30A552C44A4F2F3340194A0FB025421
:1079A000C1F3130141F48011C3F3130343F48013B3
:1079B00001FB024400FB034E840A970A44EA815407
:1079C00047EA8357A4FB076802958D0A05FB0785E4
:1079D0004FEA932C04FB0C542705029D4FEA0658EE
:1079E00047EA1637B5EB08056EEB070C870E920ECB
:1079F00047EA811742EA8312A7FB0201B6EB0B01AB
:107A000064EB00042B0D43EA0C335E1844EB1C506E
:107A1000DA465146E7FB0201C5F313044FEA0B3384
:107A200043EA14534FEA0432019C43EA0603A4F1EB
:107A30000C040294009CCDE900B400F0CBF903B033
:107A4000BDE8F08F00200146F9E72DE9F04D81EA0D
:107A5000030404F0004B21F0004514464FF0000AE7
:107A600023F0004150EA050220D054EA01021DD063
:107A7000C5F30A570246C5F31303C1F31300C1F35C
:107A80000A5640F4801543F48013A7EB0608101B38
:107A9000D64608F2FD3873EB050002D308F1010861
:107AA00001E092185B41B8F1000F03DA00200146B3
:107AB000BDE8F08D00204FF48011064684460EE0AC
:107AC000171B73EB050705D3121B63EB0503064376
:107AD0004CEA010C49084FEA300092185B4150EA29
:107AE0000107EDD152EA030012D082EA040083EAD2
:107AF0000501084305D0101BAB4106D2012200232B
:107B000006E000224FF0004302E06FF00102531044
:107B10001AEB06004CEB085110EB0A0041EB0B018D
:107B2000BDE8F04D00F047B9C10F80EAE0700844AD
:107B3000CA079623002100F010B9962300221146AF
:107B400000F00BB90EB5C10F80EAE0700844CA0717
:107B5000002140F233438DE80E000A460B4600F048
:107B600039F903B000BD00F0004220F00040C10D23
:107B7000C0F3160040F400007F2901DA00207047AE
:107B8000962903DCC1F19601C84001E0963988408E
:107B9000002AF4D04042704720F00040C10DC0F3ED
:107BA000160040F400007F2901DA00207047962972
:107BB00003DCC1F19601C840704796398840704790
:107BC00000F0004230F000400AD0C10D01F56071B4
:107BD000C0F3160042EA0151C20840071143704742
:107BE000002001467047000030B5041E71F100040A
:107BF00004DB4FF00044404264EB0101141E73F1BA
:107C0000000405DB1C464FF00043524263EB0403C3
:107C10008B4208BF824230BD01F0004330B421F0F6
:107C2000004150EA010206D00A0DA2F56072C1F3CC
:107C30001301002A02DC30BC00207047440F44EAE4
:107C4000C104C100E01830BC00EBC25000F07CB8A9
:107C5000002801DBC0F10040002901DBC1F1004137
:107C600081427047002801DBC0F10040002901DBA0
:107C7000C1F100418842704730B50B4601460020F3
:107C80002022012409E021FA02F59D4205D303FADE
:107C900002F5491B04FA02F52844151EA2F101025F
:107CA000F1DC30BD2DE9F05F0546002092469B4691
:107CB00088460646814640241BE028464146474602
:107CC000224600F02FF953465A46C01A914110D36C
:107CD00011461846224600F016F82D1A67EB0108E7
:107CE0004F4622460120002100F00DF817EB000955
:107CF0004E41201EA4F10104DFDC484631462A46ED
:107D00004346BDE8F09F202A04DB203A00FA02F146
:107D1000002070479140C2F1200320FA03F3194379
:107D200090407047202A06DBCB17203A41FA02F038
:107D300043EAE07306E041FA02F3D040C2F12002C8
:107D400091400843194670470029A8BF7047401C5E
:107D5000490008BF20F00100704710B4B0FA80FC61
:107D600000FA0CF050EA010404BF10BC704749B19E
:107D7000CCF1200421FA04F411FA0CF118BF01210E
:107D800021430843A3EB0C01CB1D4FEA00614FEAEE
:107D9000102042BF002010BC704700EBC3501044BD
:107DA0000029A4BF10BC7047401C490008BF20F048
:107DB000010010BC704710B5141E73F1000408DAFE
:107DC000401C41F1000192185B411A4301D120F09F
:107DD000010010BD2DE9F04D92469B4611B1B1FA5C
:107DE00081F202E0B0FA80F220329046FFF78BFF7A
:107DF00004460F4640EA0A0041EA0B0153465A4640
:107E0000084313D0114653EA010019D0C8F14002CB
:107E1000504600F087F805460E4650465946424601
:107E2000FFF771FF084305D0012004E020463946E2
:107E3000BDE8F08D0020054346EAE0762C43374349
:107E40000A986305E40AA0EB08000022FD0A44EA50
:107E500047540A3002D500200146E9E70105101910
:107E60006941DDE9084500196941BDE8F04DA2E727
:107E700070B521F0004303430CD0C1F30A55002430
:107E8000D5EB040564EB0403D617AD1AB34102DB4E
:107E90000020014670BD201841EB025170BDC1F3B6
:107EA0000A52C1F3130140F2FF3341F480119A42A8
:107EB00002DA00200146704740F233439A42A2F2B0
:107EC000334202DC524200F02DB8FFF71CBF000025
:107ED00030B5041E71F1000404DB4FF00044404251
:107EE00064EB0101141E73F1000405DB1C464FF026
:107EF0000043524263EB0403994208BF904230BDF5
:107F0000064C074D06E0E06840F0010394E80700E6
:107F100098471034AC42F6D3F8F7ECF870A6000896
:107F200090A60008202A04DB203A21FA02F0002162
:107F3000704721FA02F3D040C2F120029140084379
:107F4000194670472DE9F04D00231A461B1A8A4145
:107F500003DB00200146BDE8F08DC1F30A52C1F3F6
:107F6000130141F480154FF0000BD10702D1001826
:107F70006D41521E0027044640F2FF11384601EBC6
:107F8000620A3E468046024600204FF48011FFF709
:107F9000C9FFC2197141BB1846EB0100B4EB030CD9
:107FA00075EB000C04D3E41A65EB000517460E468A
:107FB000241908F101006D4180463428E3DDF919E8
:107FC00046EB0600091BA84103D24FF0FF321346CF
:107FD00001E0002213461BEB070046EB0A51BDE807
:107FE000F04DFFF7E8BE0EB540F23341029100219B
:107FF000CDE900110A460B46FFF7ECFE03B000BDC9
:1080000070B5C1F30A5201F000450024C1F3130119
:1080100040F2FF3341F480119A4201DA002070BD32
:1080200040F233439A42A2F2334203DC5242FFF75A
:1080300079FF00E090402C43F1D0404270BD70B514
:108040008C1810F8015B15F0070301D110F8013B03
:108050002A1106D110F8012B03E010F8016B01F88A
:10806000016B5B1EF9D12B0705D40023521E0DD4E2
:1080700001F8013BFAE710F8013BCB1A921C03E030
:1080800013F8015B01F8015B521EF9D5A142D8D368
:10809000002070BD0FB4084B10B504A902AA0398C4
:1080A00000F01AFC044602A9002000F0ACFF2046B4
:1080B00010BC5DF814FB000007900008490050EA6E
:1080C000C12018BF04204A0D18BF40F0010040F243
:1080D000FF72B2EB515F08BF40F00200012808BFF9
:1080E000052070472DE9F74F144694B00021C4E9EC
:1080F00002111599079121F00045C9498D4206DC0E
:108100001599C4E9000117B00020BDE8F08FC549FA
:10811000DFF814A3A9423CDD0799C44E0029C44FDF
:10812000C44A1599534619DDFFF717FC554506D08B
:10813000C14AC24BFFF711FCC4E900010AE04FF04D
:10814000D352BE4BFFF709FC32463B46FFF705FC16
:10815000C4E9000117B00120BDE8F08FFFF75CFB18
:10816000554506D0B44AB54BFFF756FBC4E90001AC
:108170000AE04FF0D352B14BFFF74EFB32463B467D
:10818000FFF74AFBC4E9000117B04FF0FF30BDE82C
:10819000F08FAB49A942159978DB21F00041834665
:1081A0008846A84AA84BFFF7DEFB0022A74BFFF743
:1081B00033FBFFF725FF0990FFF7C4FC06460F4687
:1081C0009C4A5346FFF7CFFB43465A46FFF7C8FB8E
:1081D00080468A46984A994B30463946FFF7C3FB9A
:1081E0002A0D01250B9242465346FFF7B9FB032D9A
:1081F000C4E9000139D00B98C1F30A51401A05EBCC
:1082000045111139814230DA9148C346784400EB78
:108210000510CDF80CA00C90D0E90023304639466B
:10822000FFF7A1FB02460B460491069058460399BE
:10823000FFF793FB80468A4602460B465846039951
:10824000FFF78BFB049B069AFFF787FB83460C988E
:1082500003913946D0E902233046FFF784FB5A46A2
:10826000039BFFF77AFB6D1CBDE707980028A2BFB0
:10827000099817B0BDE8F08F616881F00041616036
:10828000099817B04042BDE8F08FFFE78446159883
:10829000C1F31301C0F30A50A0F2F5304FEA6018A1
:1082A00000F01F06C6F120001390002006900790F2
:1082B00041F4801E05206D4676B1664A08EB000148
:1082C0007A4452F8213002EB8101B3404A68139995
:1082D00022FA01F1194305E05F4908EB00027944F5
:1082E00051F82210A1FB0E27A1FB0C131A449A424D
:1082F00034BF0123002303EB070A05EB8003D3E916
:1083000001B70F448F4234BF0121002193448B44B5
:1083100011B1934502D903E0934501D2012100E058
:108320000021C3E901B7514445F82010011EA0F116
:108330000100C1DC0298059F00F10050800F1290EF
:108340000298DDE903568000FFF7FCFB83462846D0
:108350000D91FFF748FE6FF01D02FFF789FDCDE993
:108360000E013046FFF73FFE6FF03D02FFF780FD44
:1083700080468A463846FFF736FE6FF05D02FFF70B
:1083800077FD0746424653461191FFF745FADDE96E
:108390000E23FFF741FA5A460D9BFFF73DFA0025E1
:1083A0000E465A4628460D9BFFF7D7FADDE90E2305
:1083B000FFF7D3FA42465346FFF7CFFA3A46119BEE
:1083C000FFF7CEFADFF898A0244A5346FFF7CBFA1E
:1083D00007468846234A244B31462846FFF7C3FA0E
:1083E0003A464346FFF718FA074688464FF0A84238
:1083F000534631462846FFF7B6FA3A464346FFF75A
:108400000BFA159A12F0004F04D0129A81F0004135
:1084100052421292C4E90001129817B0BDE8F08FE1
:10842000FB21E93F7CD90240FB21F93F7370032E09
:108430008A19A33B000040543163621A61B4D03DF5
:10844000FB21394183C8C96D305FE43F0000E03F44
:10845000202300009C2200007E220000182D44549E
:10846000FB21F93D3326A611460B113C2DE9FF4DAA
:1084700021F0004807460C46B8F1795F08DAFFF7AB
:10848000BFFD002801BF0020324904B0BDE8F08DD7
:108490003A46234610461946FFF765FA0546024656
:1084A0002D480E460B460621784400F05DF82A461A
:1084B0003346FFF758FADDE9022382468B463846F9
:1084C0002146FFF750FA04460F4652465B462846BF
:1084D0003146FFF748FA22463B46FFF73EFA074689
:1084E0008A464FF0FF3228463146FFF7C1FC1B4A4F
:1084F00090450ADA3A465346FFF72FFA04B00022B5
:10850000BDE8F04D134BFFF72BBA154A4245A8BF03
:10851000A8F500154FF00004B8BF124D22462B46B7
:10852000FFF71BFA0646884622462B4600200949DB
:10853000FFF713FA04460D463A4653463046414685
:10854000FFF70BFA04B022462B46BDE8F04DFFF7CB
:1085500007BA00000000F03F4C2000003333D33F47
:108560000000E93F0000D23F2DE9F0414F1E00EB33
:10857000C7010446D1E9000115461E4637F0060240
:108580000DD02A463346FFF7EEF97F1E04EBC703F2
:10859000D3E90023FFF740F937F00602F1D1022FAB
:1085A00025D0042F13D0062F18BFBDE8F0812A462E
:1085B0003346FFF7D8F9D4E90A23FFF72DF92A4605
:1085C0003346FFF7D0F9D4E90823FFF725F92A4607
:1085D0003346FFF7C8F9D4E90623FFF71DF92A4609
:1085E0003346FFF7C0F9D4E90423FFF715F92A460B
:1085F0003346FFF7B8F9D4E90223FFF70DF92A460D
:108600003346FFF7B0F9D4E90023BDE8F041FFF7A6
:1086100003B900002DE9FF4D054621F0004084B06C
:108620000C46B0F1795F0BDA2846FFF747FD0428C6
:1086300008BF00F071F8284608B02146BDE8F08D6B
:108640002A460B461046FFF78EF906460F462A4685
:108650002346FFF788F9804626488A4632463B463D
:1086600005217844FFF780FF83461098029160B39C
:10867000214A224B40465146FFF775F9CDE90001EA
:108680005A4640465146029BFFF76DF9824688469E
:10869000DDE906014FF0FF32FFF7EAFB52464346A1
:1086A000FFF75BF932463B46FFF75DF9DDE906234C
:1086B000FFF753F9DDE90023FFF74FF908B02A4629
:1086C0002346BDE8F04DFFF74BB90B465A463046FE
:1086D0003946FFF748F9084A084BFFF79DF842462C
:1086E0005346FFF740F908B02A462346BDE8F04D4F
:1086F000FFF792B8921F0000495555555555C5BF13
:108700000122FFF7B5BBFFF787B8002213461046DA
:108710001146FFF79AB90000024A00201107FFF73F
:10872000A7BB000001FDFFFF02E008C8121F08C13F
:10873000002AFAD170477047002001E001C1121FE2
:10874000002AFBD170470000014908607047000013
:10875000F00100202DE9FF5F82B00021DDE9043047
:10876000020DDDF840B0034318D044F61050A2F2D9
:10877000FF3242431514119801281FD0A5EB0B00BE
:10878000401C5FEA000A4FF000064E4FDFF83891B8
:10879000B046504615D5CAF1000413E011980124E3
:1087A0004AA3012801D16FEA0B010298119AC0E98E
:1087B0000031C0E9024206B0BDE8F09FCBF10000F5
:1087C000DFE704460021404A491842EB0450CDE956
:1087D000001012E0E00707D032463B4640464946CB
:1087E000FFF7C1F88046894632463B461046194697
:1087F000FFF7B9F806460F466410002CEAD1DDE910
:108800000401DDE90023BAF1000F06DAFFF7ABF847
:1088100042464B46FFF7A7F805E0FFF716F9424638
:108820004B46FFF712F904460E460022284BFFF78D
:108830004FFB03D84FF0FF30014607E00022254BE5
:1088400020463146FEF7E8FFFFF729FB102409E038
:10885000002C0ADB0A220023FFF724FA039B3032A4
:108860001A55641E50EA0102F2D1641C039AC4F145
:1088700011031444119A012A03D0012208430DD197
:108880000AE0084304D000204FF0110B119072E76A
:10889000A3EB0B056D1E0DE05B4504DD4FF0000200
:1088A00005F1010504E003DA4FF00002A5F101052E
:1088B000002AECD002981199C0E90231C0E90045C4
:1088C00079E70000000014400000F03F3000000095
:1088D0000000F0430000E03F2DE9FF4F95B09B46BC
:1088E0008946064600250FE2252877D10024274631
:1088F000F84A0121059400E0044316F8013F203BAB
:1089000001FA03F01042F7D130782A2811D06FF025
:108910002F033078A0F13002092A16D8059A44F0C6
:10892000020402EB820203EB42021044761C059023
:10893000EFE759F8042B0592002A03DA504244F479
:108940000054059044F00204761C30782E2816D18D
:1089500016F8010F44F004042A280DD06FF02F02FE
:108960003078A0F13003092B09D807EB870302EB1D
:108970004303C718761CF3E759F8047B761C30785C
:108980006C280FD006DC4C2817D068280DD06A2838
:1089900014D104E0742810D07A280FD10DE044F4EB
:1089A00000140AE044F4801401E044F440147278A6
:1089B000824202D104F58014761C761C3078662839
:1089C0000BD013DC582877D009DC002875D0452857
:1089D000F6D04628F4D047281AD19DE118E0632844
:1089E00035D0642879D0652812D195E1702873D0EC
:1089F00008DC6728F1D069286FD06E280DD06F2869
:108A000006D1B5E073282CD0752875D0782874D09D
:108A10005A46179990476D1C75E1C4F3025002281D
:108A200009D003280DD0D9F8001004280DD00D600E
:108A300009F1040967E1D9F80010EA17C1E9005209
:108A4000F6E7D9F800100D80F2E70D70F0E719F89D
:108A5000041B8DF8001000208DF80100EA4601206B
:108A600003E059F804AB4FF0FF3061074FF000010D
:108A700002D40DE008F101018846B9420FDA8045C1
:108A8000F8DB1AF808100029F4D108E008F1010118
:108A900088468142FADB1AF808100029F6D10598B9
:108AA0005B46A0EB080721463846179A00F094FA77
:108AB000284400EB080507E04DE029E10DE01AF835
:108AC000010B5A4617999047B8F10108F7D25B4657
:108AD00021463846179A13E142E00A220092C4F375
:108AE00002524FF0000A022A08D059F804CB032A98
:108AF0004FEAEC710AD00DE029E02AE009F1070104
:108B000021F00702F2E802C1914609E00FFA8CFC5D
:108B10004FEAEC71042A03D14FFA8CFC4FEAEC7156
:108B2000002907DA0A460021DCF1000C61EB0201A2
:108B30002D2202E0220504D52B228DF804200122EB
:108B400003E0E20701D02022F7E7904659E00A212E
:108B500002E010220DE010214FF0000A00910BE01E
:108B600010224FF0000A44F004040827009203E0AA
:108B700008224FF0000A0092C4F30252022A05D0E4
:108B800059F804CB0021032A08D009E009F10701B4
:108B900021F00702F2E802C1914605E01FFA8CFCC1
:108BA000042A01D10CF0FF0C4FF00008220728D551
:108BB000702806D0009B83F0100353EA0A0305D007
:108BC0000EE040228DF80420012208E05CEA010258
:108BD00006D030228DF804208DF805000222904640
:108BE000009B83F0080353EA0A030AD15CEA0102FE
:108BF00001D1620705D530228DF804204FF001081D
:108C00007F1E582804D034A003900EA802900DE0D7
:108C100036A0F9E753466046009AFFF743F88446CA
:108C20000398825C0298401E029002705CEA010088
:108C3000F0D1029806A9081A00F1200A600702D5AF
:108C400024F4803400E00127574502DDA7EB0A0039
:108C500000E0002000EB0A01009005984144401A12
:108C60000590E00306D45B462146179A059800F06C
:108C7000B3F90544002706E001A85A46C05D1799DC
:108C800090476D1C7F1C4745F6DBE0030CD55B4627
:108C90002146179A059800F09FF9054404E030201A
:108CA0005A46179990476D1C0099481E009000295C
:108CB000F5DC08E0029802995A460078491C0291B6
:108CC000179990476D1CBAF10001AAF1010AF1DC75
:108CD00065E1000009280100303132333435363780
:108CE00038396162636465660000000030313233F8
:108CF0003435363738394142434445460000000098
:108D000000F058F90544761C307800287FF4ECAD6B
:108D100019B02846BDE8F08F620700D4062709F194
:108D2000070222F0070CFCE80223E14603F00048AA
:108D30005FEA080C02D00FF2702C0DE05FEA045CD1
:108D400002D50FF2682C07E05FEAC47C02D00FF274
:108D5000602C01E0AFF2700C4FF0FF3823F00043BD
:108D6000CDF850C065280CD006DC452809D046282F
:108D70001DD047283DD13DE0662818D067287ED118
:108D800038E00021112F01DB112000E0781CCDE933
:108D9000000106A90EA8FFF7DDFCDDE90F010E9A20
:108DA00003910021009207F1010A04914DE04FF078
:108DB00000400097CDE9011006A90EA8FFF7CAFCF4
:108DC000DDE90F0203920E9B11990022DDF80CA041
:108DD0000093049211B9791C00EB010AB7EB0A0069
:108DE00004D4C0F1FF3007F1010A0490AAEB070098
:108DF000019044E0012F00DA01270021112F01DD4D
:108E0000112000E03846CDE9000106A90EA8FFF7C1
:108E1000A1FCDDE90F010E9A03910021049100925B
:108E2000BA4621070CD40399514500DA8A46BAF1B3
:108E3000010F05DD009AAAF10101515C302908D02B
:108E4000B84202DA10F1040F06DA0121CDE901106F
:108E500015E0AAF10101E9E7002805DC04990144C5
:108E60000491AAEB000102E0411C514500DD8A4655
:108E70000499401A401C01904FF0004002902007D6
:108E800004D40198504501DBCDF8048000208DF812
:108E90004F0002980DF14F07B0F1004F25D02B2065
:108EA0000E9002984FF0020800280CDA404202901F
:108EB0002D200E9007E00A210298FEF7DDFE3031EA
:108EC000029007F8011DB8F10001A8F10108F2DCD9
:108ED00002980028EFD1791E0E980870307800F0C3
:108EE000200040F0450007F8020D12A8C01B00F159
:108EF00007081498007800B1012000EB0A010198DE
:108F000001EBE07105984144401A401E0590E003D2
:108F100006D45B462146179A059800F05DF8054493
:108F20001498007818B15A46179990476D1CE003C1
:108F300024D55B462146179A059800F04DF8054464
:108F40001CE00498002807DBDDE90301884203DD0B
:108F50000098405C179901E0179930205A469047D5
:108F6000049805F10105401C04900198401E0190F1
:108F700004D12E205A46179990476D1CBAF1000172
:108F8000AAF1010ADDDC05E017F8010B5A46179932
:108F900090476D1CB8F10001A8F10108F4DC5B46B4
:108FA0002146179A0598ABE62D0000002B00000023
:108FB000200000002DE9F041044600251E4617461A
:108FC000880404D405E039462020B0476D1C641E97
:108FD000F9D52846BDE8F0812DE9F0410446002589
:108FE0001E469046C80301D5302700E0202788049C
:108FF00004D505E041463846B0476D1C641EF9D5DE
:109000002846BDE8F0810A68531C0B601070704759
:109010002DE9F04D8D4F21F0004A86B005460C46F3
:10902000BA452ADBAAEB070028430AD088488245C4
:1090300001DC1AD1CDB106B02846BDE8F04DFFF7EE
:109040005FBB844A844B2846FEF78DFC07460E46DC
:10905000824A834B28462146FEF785FC06B03A46F5
:109060003346BDE8F04DFEF7D7BB0120FFF76CFBA0
:1090700006B0BDE8F04DFFF748BB7A48824542DABA
:10908000BAF1795F0BDA2846FFF718F8042808BF11
:10909000FFF742FB284606B02146BDE8F08D2A4680
:1090A0000B461046FEF75FFC834602466E480E46AE
:1090B0000B4606217844FFF757FA5A463346FEF727
:1090C00052FC804669488A465A4633460421784411
:1090D000FFF74AFA5A463346FEF745FC00223B4664
:1090E000FEF79AFB02460B4640465146FEF7ADFCA2
:1090F0002A462346FEF737FC06B02A462346BDE83B
:10910000F04DFEF789BB284624F0004100223D4681
:109110003B46FEF725FC4FF0FF32FEF7A9FE064660
:10912000024653480F460B4606217844FFF71CFAC7
:1091300032463B46FEF717FCCDE900014D4832466A
:109140003B4604217844FFF70FFA32463B46FEF7D0
:109150000AFC00222B46FEF75FFB83460291304655
:10916000394600F0FBFA804643480D46504517DC6F
:10917000DDE900015A46029BFEF767FC42462B469A
:10918000FEF7F1FB42462B46FEF746FB0122FEF7B7
:109190006FFE304A304BFEF7E0FB304A304B4CE07C
:1091A0004FF0000A52460B464046FEF735FBCDE92C
:1091B000031052462B4610461946FEF7D4FB3246A2
:1091C0003B46FEF7CDFBDDE90332FEF73EFC0646EB
:1091D0000F46DDE900015A46029BFEF736FC834646
:1091E0000091012230463946FEF742FE194A1A4BD9
:1091F000FEF7B6FB06460F46012240462946FEF71B
:1092000037FE5A46009BFEF7AEFB32463B46FEF762
:10921000A4FB06460F46012250462946FEF728FECB
:109220000E4DDFF858802A464346FEF799FB32463A
:109230003B46FEF795FB2A464346FEF791FB002C82
:10924000D8BF81F0004106B0BDE8F08D0000F03FCE
:109250000000F07F075C143326A6913C182D44547F
:10926000FB21F93F0000E03F581300006E1300009F
:10927000E2120000F81200003333EF3FFB21E93F18
:109280002DE9F84F04460D4621F000400091734946
:10929000814211DC7249884201DC06D12CB12046A2
:1092A0002946BDE8F84FFFF72BBA6E48002DCCBF1A
:1092B0006D496E49BDE8F88F6D49814211DD6D49F8
:1092C0008142D8BF4FF0FF366DDD20462946FEF7BC
:1092D000F5FE042808BFFFF71FFA20462946BDE81F
:1092E000F88F6549654F25F00045814233DD6449BB
:1092F000814219DD002632464FF080432046294640
:10930000FEF78AFA80468A46012220462946FEF761
:10931000AFFD00223B46FEF720FB42465346FEF7D8
:1093200094FB04460D463EE001260022BA463B4629
:1093300020462946FEF770FA80460F460022534623
:1093400020462946FEF709FB42463B46FEF77DFBD9
:1093500004460D4627E04B4981421BDDDFF828A17A
:1093600002260022534620462946FEF7FCFA002238
:109370003B46FEF751FA80460F46002253462046F0
:109380002946FEF7EAFA42463B46FEF75EFB0446F4
:109390000D4608E0032622462B4600203B49FEF7F7
:1093A00054FB04460D4622462B4610461946FEF74E
:1093B000DAFA8B46824602460B46FEF7D4FA074697
:1093C0000246334888460B4606217844FFF7CCF81E
:1093D00052465B46FEF7C7FA82462E488B463A460F
:1093E000434605217844FFF7BFF83A464346FEF767
:1093F000BAFA02460B46002E504659460CDAFEF7E2
:109400000BFA22462B46FEF7AEFA01B022462B4657
:10941000BDE8F04FFEF7A4BAFEF7FEF922462B4650
:10942000FEF7A1FA1C4A7A4402EBC603D3E90023F3
:10943000FEF793FA22462B46FEF78FFA174A7A4434
:1094400002EBC603D3E90023FEF78AFA009A002A4A
:10945000B8BF81F00041BDE8F88F00000000104463
:109460000000F07F182D4454FB21F93FFB21F9BF88
:109470000000DC3F0000203E0000F33F0000F03F12
:109480000000E63F008003400000F83F0000F0BF0E
:10949000FA100000B8100000561000001E10000066
:1094A0002DE9F04D9446CCF1000423F000464CEA3F
:1094B0000404524F46EAD4749A46884621F000428A
:1094C000BC4206D8454240EA050442EAD474BC4294
:1094D00004D9BDE8F04D6246FFF715B9AAF1405531
:1094E000A5F17F6555EA0C040BD0022404EAAA74A6
:1094F000434DDFF810E144EAD87452EA000B04D07F
:109500000CE0BDE8F04DFFF7BBBE002C14BF012CF2
:10951000BDE8F08D022C30D0032C32D056EA0C0B73
:109520000AD0BE4220D1BA4209D126F0804622F0AC
:1095300080423346114617E000291ADB25E0DFF8A8
:10954000C8B0FB44002C04BFDBE90001BDE8F08D8E
:10955000012C02BFDBE9000181F00041BDE8F08D84
:10956000022C0AD0032C0CD0BA4212D1B8F1000F51
:109570000BDA23482549BDE8F08D28462449BDE88B
:10958000F08D28467146BDE8F08D1D482149BDE8A3
:10959000F08D921B12153C2AC4BF19481D490EDCE0
:1095A000BAF1000FBEBF12F13C0F0020014606DBEE
:1095B0006246FEF74AFA21F00041FFF761FE002CF7
:1095C00008BFBDE8F08D012C04BF81F00041BDE86B
:1095D000F08D114A114B022C07D0FEF7BEF92A4636
:1095E000BDE8F04D0A4BFEF7B8B9FEF7B6F92A46CA
:1095F000BDE8F04D064BFEF7B3B900000000F07F68
:10960000182D4454FB2109C0E20F0000FB21F9BFD3
:10961000FB210940FB21F93F075C143326A6A13C3E
:1096200000B5244B21F0004287B09A42DCBF0022F3
:10963000134629DD204B9A4208D140B94FF0010072
:10964000FFF782F8FFF761F807B000BD03DBFFF713
:1096500057F807B000BD02AAFEF744FD10F0030161
:1096600004BF0DF1080C9CE80F000DD0012001296A
:109670000ED0022914D00DF1080C00909CE80F00C8
:10968000FEF7C8FF07B000BDFEF7F0FE07B000BD53
:109690000DF1080C00909CE80F00FEF7BBFF05E001
:1096A0000DF1080C9CE80F00FEF7E0FE07B081F01A
:1096B000004100BDFB21E93F0000F07F00B5254BD4
:1096C00021F0004287B09A4203DC00221346009248
:1096D0002BE0214B9A4208D140B94FF00100FFF72F
:1096E00033F8FFF712F807B000BD03DBFFF708F807
:1096F00007B000BD02AAFEF7F5FC10F003014FF021
:1097000001000DD0012914D002291AD00DF1080C46
:109710009CE80F00FEF7AAFE07B081F0004100BDF3
:109720000DF1080C00909CE80F00FEF773FF07B0E6
:1097300000BD0DF1080C9CE80F00FEF797FE07B086
:1097400000BD0DF1080C00909CE80F00FEF762FFD1
:10975000E2E70000FB21E93F0000F07F2DE9F04146
:1097600006460F46FEF7EEFB041E0D4618BF01200D
:10977000284320F00040C0F17F6000F1E040C00FBE
:109780000ED0301C18BF0120384320F00040C0F13B
:109790007F6000F1E040C00F04BF0120FEF7D4FF5E
:1097A00020462946BDE8F0810000000000406540E9
:1097B000B81E85EB51B8CE3F0000000000001240FB
:1097C000B81E85EB51B8BE3F680000047600540116
:1097D000F7FD000175191A0C6A231B1C1F207274F7
:1097E000433B4138393A6B6C376F06246D6E70001D
:1097F000830000000008000000010018320005008E
:10980000000020410000D242295C0F3E9A99993E07
:109810003333733F295C0F3E0000700000000024CA
:10982000000000020003000000650054FFEF00008C
:10983000FA80000B12820001030C30C30E8C8CE9FD
:1098400014D5400213710F8E3883F8833000F883EB
:10985000258EF8833000F883FFFFFFFF0FFEA9D6A7
:10986000240004001A8279A10000003CFFFF0000E0
:109870000010000038836FA2003E0330400000005B
:1098800002CAE3093E800000200000000000000042
:109890004000000060000000000C0000000C186E8A
:1098A000000006920A16C0DFFFFF0256FD8CD37738
:1098B000FFE1C496E0C5BEAA00000000FFFF0B2B2D
:1098C00000001657000003594000000000001DFA78
:1098D00000026C1D000000003FFFDFEB003EB3B64E
:1098E000000D227800002F3C00000000001942B556
:1098F000000039A20000B365D90E9FC91DCF4C34BA
:1099000030000000500000003BB67AE80064000020
:1099100000C8000000000000100000001000FA92D3
:109920001000225E000D229F0001000000320000A6
:10993000FF46000063D400001000000004D60000C1
:1099400004CC000004CC00000000107200000040B5
:1099500000000000000000000006000200050007F3
:10996000000000000064000000000000000000058E
:10997000000500640020000000000000000000005E
:10998000000040000000030000000032F8980000D2
:10999000FF650000830F0000FF9BFC00000000003B
:1099A00000000000000000000000000000000000B7
:1099B00000000000000000000000000000000000A7
:1099C0000000000000001000400000000000000641
:1099D0000000B26A000200000001FB830068000082
:1099E00000D9FC007CF1FF8300000000006500004E
:1099F000006403E800640028000000250000000067
:109A000016A000000000100000001000002F000051
:109A1000000001F40000100000280000FFFF458155
:109A2000FFFFFA7200000000000000000044000583
:109A30000005BAC6004778A200000001000000003F
:109A400000000600000000140000254D002F706D7E
:109A5000000005AE000C02D0000000000000000075
:109A60000000000000000000001B000000000000DB
:109A7000000000000000000000640000000800007A
:109A800000000000000000000000000000000000D6
:109A900000000000000000000000000000000000C6
:109AA00000000000000000000000000000000000B6
:109AB00000000000000000000000000000000000A6
:109AC0000000000000000000000000000000000096
:109AD0000000000000000000001B0000000000006B
:109AE00000000000000E000E00000AC70004000085
:109AF00000000032FFFFFF9C00000B2B0000000263
:109B00000000000100000064FFE50000000000000C
:109B10000000000000000000000000010000000044
:109B20000001000000000000000180000001800032
:109B300000018000002426D3000000000000000087
:109B4000000600100096003C00000000000000002D
:109B500000000000000000000C0A4E68CDCF77091D
:109B600050166759C619CE820000000000000000A0
:109B700000000000000000000000000000000000E5
:109B800017D7840003000000000000000000000060
:109B9000C7938F9D1E1B1C190000000000000000D1
:109BA00000000000000000000000000000000000B5
:109BB00002031885000040000000000300000003BD
:109BC0000000000000000000400000000000000055
:109BD0000000000000000000000000000000000085
:109BE0000000000000000000000000000000000075
:109BF000000000000000000000000000677DDF7E24
:109C000072902E554CF6E68800000000000000001F
:109C10000000000000000000D8DCB4B8B0D8B9AB38
:109C2000F3F8FAB3B7BB8E9EAEF132F51BF1B4B8C0
:109C3000B08097F1A9DFDFDFAADFDFDFF2AAC5CDB1
:109C4000C7A90CC92C97F1A989264666B28999A99A
:109C50002D557DB0B08AA896365676F1BAA3B4B227
:109C600080C0B8A89711B28398BAA3F02408441012
:109C70006418B2B9B49883F1A329557DBAB5B1A3DC
:109C80008393F0002850F5B2B6AA839328547CF150
:109C9000B9A3829361BAA2DADEDFDB819AB9AEF5AD
:109CA000606870F1DABAA2DFD9BAA2FAB9A38292D7
:109CB000DB31BAA2D9BAA2F8DF85A4D0C1BBAD838B
:109CC000C2C5C7B8A2DFDFDFBAA0DFDFDFD8D8F1B7
:109CD000B8AAB38DB4980D355DB2B6BAAF8C9619EB
:109CE0008F9FA70E161EB49AB8AA872C547CBAA4CC
:109CF000B08AB691325676B28494A4C808CDD8B84A
:109D0000B4B0F19982A82D557D98A80E161EA22CEC
:109D1000547C92A4F02C5078F184A898C4CDFCD83F
:109D20000DDBA8FC2DF3D9BAA6F8DABAA6DED8BAAC
:109D3000B2B68696A6D0F3C841DAA6C8F8D8B0B4B1
:109D4000B882A892F52C548898F135D9F418D8F136
:109D5000A2D0F8F9A884D9C7DFF8F883C5DADF699B
:109D6000DF83C1D8F40114F1A8824EA884F311D185
:109D700082F5D992289788F109F41C1CD884A8F39D
:109D8000C0F9D1D99782F129F40DD8F3F9F9D1D9D5
:109D900082F4C203D8DEDF1AD8F1A2FAF9A88498B7
:109DA000D9C7DFF8F8F883C7DADF69DFF883C3D8EB
:109DB000F40114F198A8822EA884F311D182F5D968
:109DC00092509788F109F41CD884A8F3C0F8F9D10F
:109DD000D99782F149F40DD8F3F9F9D1D982F4C4B5
:109DE00003D8DEDFD8F1AD8898CCA809F9D98292E2
:109DF000A8F57CF1883ACF944A6E98DB6931DAADE8
:109E0000F2DEF9D88795A8F221D1DAA5F9F417D9AD
:109E1000F1AE8ED0C0C3AE82C684C3A88595C8A556
:109E200088F2C0F1F4010EF18E9EA8C63E56F5549C
:109E3000F18872F40115F19845856EF58E9E0488BF
:109E4000F142985A8E9E068869F4011CF1981E1101
:109E500008D0F504F11E970202983625DBF9D98562
:109E6000A5F3C1DA85A5F3DFD88595A8F309DAA5AE
:109E7000FAD88292A8F578F1881A849F26889821CA
:109E8000DAF41DF3D8879F39D1AFD9DFDFFBF9F4BE
:109E90000CF3D8FAD0F8DAF9F9D0DFD9F9D8F40B05
:109EA000D8F3879F39D1AFD9DFDFF41DF3D8FAFC9F
:109EB000A869F9F9AFD0DADEFAD9F88F9FA8F1CC0A
:109EC000F398DB45D9AFDFD0F8D8F18F9FA8CAF35C
:109ED0008809DAAF8FCBF8D8F2AD978D0CD9A5DF12
:109EE000F9BAA6F3FAF412F2D8950DD1D9BAA6F3BD
:109EF000FADAA5F2C1BAA6F3DFD8F1BAB2B68696FD
:109F0000A6D0CAF349DAA6CBF8D8B0B4B8D8AD8495
:109F1000F2C0DFF18FCBC3A8B2B68696C8C1CBC35F
:109F2000F3B0B48898A821DB718D9D71859521D9F6
:109F3000ADF2FAD88597A828D9F408D8F28D29DA95
:109F4000F405D9F285A4C2F2D8A88D9401D1D9F430
:109F500011F2D88721D8F40AD8F28498A8C801D180
:109F6000D9F411D8F3A4C8BBAFD0F2DEF8F8F8F8F2
:109F7000F8F8F8F8D8F1B8F6B5B9B08A95A3DE3C90
:109F8000A3D9F8D85CA3D9F8D87CA3D9F8D8F8F924
:109F9000D1A5D9DFDAFAD8B18530F7D9DED8F830D3
:109FA000ADDADED8F2B48C99A32D557DA083DFDF26
:109FB000DFB591A0F629D9FBD8A0FC29D9FAD8A001
:109FC000D051D9F8D8FC51D9F9D879D9FBD8A0D03B
:109FD000FC79D9FAD8A1F9F9F9F9F9A0DADFDFDFCC
:109FE000D8A1F8F8F8F8F8ACDEF8ADDE8393AC2C25
:109FF000547CF1A8DFDFDFF69D2CDAA0DFD9FADB95
:10A000002DF8D8A850DAA0D0DED9D0F8F8F8DB5572
:10A01000F8D8A878DAA0D0DFD9D0FAF8F8F8F8DBC9
:10A020007DF8D89CA88CF530DB38D9D0DEDFA0D005
:10A03000DEDFD8A848DB58D9DFD0DEA0DFD0DED8FD
:10A04000A868DB70D9DFDFA0DFDFD8F1A888902C0B
:10A05000547C98A8D05C38D1DAF2AE8CDFF9D8B055
:10A0600087A8C1C1B188A8C6F9F9DA36D8A8F9DA43
:10A0700036D8A8F9DA36D8A8F9DA36D8A8F9DA360F
:10A08000D8F78D9DADF818DAF2AEDFD8F7ADFA301B
:10A09000D9A4DEF9D8F2AEDEFAF983A7D9C3C5C7D1
:10A0A000F1889BA77AADF7DEDFA4F8849408A79720
:10A0B000F300AEF29819A488C6A39488F632DFF2B2
:10A0C0008393DB09D9F2AADFD8D8AEF8F9D1DAF355
:10A0D000A4DEA7F1889B7AD8F38494AE19F9DAAAA2
:10A0E000F1DFD8A881C0C3C5C7A39283F628ADDE2F
:10A0F000D9F8D8A350ADD9F8D8A378ADD9F8D8F805
:10A10000F9D1A1DADEC3C5C7D8A18194F818F2B09D
:10A1100089ACC3C5C7F1D8B8B4B09786A8319B063F
:10A120009907AB9728889BF00C201440B0B4B8F086
:10A13000A88A9A285078B79BA82951792470594445
:10A140006938644831F1BBAB88002C547CF0B38B88
:10A15000B8A804285078F1B088B49726A85998BBBD
:10A16000ABB38B02264666B0B8F08A9CA829517919
:10A170008B2951798A2470598B2058718A44693807
:10A180008B3940688A6448318B30496088F1AC0073
:10A190002C547CF08CA804285078F1889726A85974
:10A1A00098AC8C02264666F0899CA82951792470C7
:10A1B00059446938644831A98809205970AB11386D
:10A1C0004069A8193148608CA83C415C207C00F1B2
:10A1D00087981986A86E767EA999882D557DD8B165
:10A1E000B5B9A3DFDFDFAED0DFAAD0DEF2ABF8F97E
:10A1F000D9B087C4AAF1DFDFBBAFDFDFB9D8B1F1D7
:10A20000A3978E60DFB084F2C8F8F9D9DED89385C1
:10A21000F14AB183A308B5839A0810B79F10D8F10B
:10A22000B0BAAEB08AC2B2B68E9EF1FBD9F41DD8D8
:10A23000F9D90CF1D8F8F8AD61D9AEFBD8F40CF12E
:10A24000D8F8F8AD19D9AEFBDFD8F416F1D8F8ADCF
:10A250008D61D9F4F4ACF59C9C8DDF2BBAB6AEFAC7
:10A26000F8F40BD8F1AED0F8AD51DAAEFAF8F1D877
:10A27000B9B1B6A3839C08B9B1839AB5AAC0FD3021
:10A2800083B79F10B58B93F20202D1ABDADED8F11F
:10A29000B080BAABC0C3B284C1C3D8B1B9F38BA389
:10A2A00091B609B4D9ABDEB0879CB9A3DDF1B38B0D
:10A2B0008B8B8B8BB087A3A3A3A3B28BB69BF2A38C
:10A2C000A3A3A3A3A3A3A3A3A3F1B087B59AA3F3C6
:10A2D0009BA3A3DCBAACDFB9A3A3A3A3A3A3A3A3AB
:10A2E000A3A3A3A3A3A3A3A3D8D8D8BBB3B7F1AA0E
:10A2F000F9DAFFD9809AAA28B48098A720B797875F
:10A30000A86688F07951F1902C870CA78197629309
:10A31000F071716085940129517990A5F1284C6CF8
:10A32000870C95188578A38390284C6C886CD8F39B
:10A33000A28200F210A8921980A2F2D926D8F18840
:10A34000A84DD948D896A83980D93CD89580A83945
:10A35000A68698D92CDA87A72CD8A8899519A98020
:10A36000D938D8A88939A980DA3CD8A82EA839903C
:10A37000D90CD8A8953198D90CD8A809D9FFD801FB
:10A38000DAFFD89539A9DA26FFD890A80D8999A8BF
:10A3900010809821DA2ED88999A83180DA2ED8A891
:10A3A00086963180DA2ED8A8873180DA2ED8A88216
:10A3B00092F34180F1D92ED8A882F31980F1D92ED9
:10A3C000D882ACF3C0A28022F1A62EA72EA9229893
:10A3D000A829DAACDEFFD8A2F22AF1A92E8292A82F
:10A3E000F23180A696F1D900AC8C9C0C30ACDED05A
:10A3F000DEFFD88C9CACD010ACDE8092A2F24C82F6
:10A40000A8F1CAF235F19688A6D900D8F1FF00006C
:10A41000555555555555C53F7D6FEB0312D6D4BFE5
:10A420005544880E55C1C93F3B8F68B52882A4BFEB
:10A4300088B20175E0EF493F09F7FD0DE13D023FAC
:10A440004B2D8A1C273A03C0C88A599CE52A004034
:10A4500059018D1B6C06E6BF82922EB1C5B8B33F81
:10A460004FBB610567ACDD3F182D4454FB21E93F2C
:10A470009BF681D20B73EF3F182D4454FB21F93F1B
:10A48000E2652F227F2B7A3C075C143326A6813CA1
:10A49000BDCBF07A8807703C075C143326A6913C4C
:10A4A000C4EB98999999C9BF711623FEC671BCBFB8
:10A4B0006D9A74AFF2B0B3BF9AFDDE522DDEADBF20
:10A4C0002F6C6A2C44B4A2BF0D5555555555D53F38
:10A4D000FF8300922449C23F6E204CC5CD45B73F53
:10A4E000513DD0A0660DB13FEB0D76244B7BA93FCB
:10A4F00011DA22E33AAD903F4C5555555555A53FDD
:10A500007751C1166CC156BF9015CB19A001FA3E08
:10A51000AD529C804F7E92BEC4B1B4BD9EEE213E32
:10A52000D43888BEE9FAA8BD000000000000000091
:10A5300000004054FB21F93F3163621A61B4D03D01
:10A540000000601A61B4D03D7370032E8A19A33BDA
:10A550000000002E8A19A33BC14920259A837B392C
:10A5600000000000000000006E83F9A22915444E8F
:10A57000D15727FCC0DD34F5999562DB4190433C0F
:10A58000AB6351FE61C5BBDE3A6E24B7E0D24D42EB
:10A59000EA2E49061C92D1091CEB1DFE3EA729B1EB
:10A5A000F53582E88444BB2E26709CE9417E5FB479
:10A5B00039D69139F43953838B5F849C3B28F9BD9C
:10A5C000FF97F81F0F9805DE8B112FEF1F6D0A5AAA
:10A5D000CF7E366DB709CB27663F464F2DEA5F9E8B
:10A5E000C7BA27757BF1E5EBF739073DEA92528A46
:10A5F000B15FFB6B085D8D1FA6F810111111813F33
:10A60000D561C119A0012ABF7DFEB157E31DC73E28
:10A61000EB9C2B8AE6E55ABE7CD5CF5A3AD9E53D6C
:10A620002050726F647563742049442072656164C0
:10A63000206173203020696E6469636174657320E2
:10A6400064657669636520697320656974686572FD
:10A6500020696E636F6D70617469626C65206F72E2
:10A6600020616E204D5055333035302E0A000000E9
:10A6700090A6000800000020F40100003E800008C1
:10A680000CA70008F40100208405000038870008AA
:10A69000412D0102030404100906070809020406FB
:10A6A0000884A24A04691832FF2904520103428037
:10A6B0003F234843280FC8429A99993FDA0FC93F70
:10A6C0009A99193E10A11A8C0C1A82240114032E97
:10A6D00040411E2A438FC27560076890408FC2F5C3
:10A6E0003D0316881323200330096F12833AA69B7B
:10A6F000443B07293F0AD7A33B01EB803F0C13D40F
:0CA70000971B08C80401205AF024000038
:04000005080000ED02
:00000001FF
