:020000040800F2
:10000000A80700200D4F0008C1310008C3310008C7
:10001000C7310008CB310008CF31000800000000D4
:10002000000000000000000000000000D3310008C4
:10003000D531000800000000D7310008D931000890
:10004000274F0008274F0008274F0008274F0008B8
:10005000274F0008274F0008274F0008C74D00080A
:10006000274F0008274F0008274F0008274F000898
:10007000274F0008274F0008274F0008274F000888
:10008000274F0008274F0008274F0008274F000878
:10009000274F0008274F0008274F0008274F000868
:1000A000274F0008294D0008274F0008274F000858
:1000B000274F00086D2800087D280008274F0008FA
:1000C000274F0008274F0008274F0008274F000838
:1000D000274F0008274F0008274F0008274F000828
:1000E000274F0008274F0008274F0008DFF80CD0E3
:1000F00008F078FA0048004781260008A807002089
:1001000031490143314A1160704770B50021002325
:100110000F22C47804B32D4C246804F4E064C4F5C1
:10012000E064210AC1F10403CA40447804FA03F1EF
:100130008478144021430901254C0678A1550478A0
:1001400004F01F050124AC4005786D11AD0005F1E8
:10015000E025C5F8004109E0047804F01F050124FA
:10016000AC401C4D0678761145F8264070BD1A4A01
:100170000A400243154B1B1F1A60704739B1134ADE
:10018000121D12680243114B1B1D1A6006E00F4A34
:10019000121D126882430D4B1B1D1A607047042804
:1001A00008D14FF0E021096941F004014FF0E0224D
:1001B000116107E04FF0E021096921F004014FF0DF
:1001C000E0221161704700000000FA050CED00E02C
:1001D00000E400E080E100E080FFFF1F00204449D0
:1001E0000860091D0860091D0860091D0860414874
:1001F0003F4914310860704700213D498279002A47
:100200003AD00A46126803689A430B461A600A1DE0
:10021000126803689A430B1D1A60027911440A6838
:1002200003681A430A60324A0832126803689A4324
:100230002F4B08331A601A1D126803689A432C4B1F
:100240000C331A604279102A0ED11A1F1268036803
:100250001A43274B08331A601A1D126803681A43A1
:10026000234B0C331A600DE02149427911440A688E
:1002700003681A430A6005E0027911440A680368BA
:100280009A430A6070470021016001710C2141719D
:100290000021817170471649103109680143144AE1
:1002A00010321160704701460020114A1432126862
:1002B0000A400AB1012000E0002070470C491431C7
:1002C00008607047014600200022094B1B6803EAC2
:1002D0000102074B14331B680B4013B10AB1012014
:1002E00000E00020704702491431086070470000A8
:1002F00000040140FFFF0F0010B50446CC488442C3
:1003000008D10121042000F02DFB0021042000F081
:1003100029FB46E0C748844208D10121082000F0AB
:1003200021FB0021082000F01DFB3AE0C248844276
:1003300008D10121102000F015FB0021102000F051
:1003400011FB2EE0BD48844208D10121202000F09D
:1003500009FB0021202000F005FB22E0B848844280
:1003600008D10121402000F0FDFA0021402000F0DA
:10037000F9FA16E0B348844208D10121802000F048
:10038000F1FA0021802000F0EDFA0AE0AE48844244
:1003900007D10121801500F0E5FA0021A01500F039
:1003A000E1FA10BD10B50121084600F0DBFA00218A
:1003B000012000F0D7FA10BD2DE9F04102460025DA
:1003C0000026002000230024002791F803C00CF031
:1003D0000F0591F803C00CF0100CBCF1000F03D016
:1003E00091F802C04CEA050591F800C0BCF1000F7D
:1003F00031D0146800202BE04FF0010C0CFA00F310
:10040000B1F800C00CEA03069E4220D183004FF0F1
:100410000F0C0CFA03F7BC4305FA03FC4CEA040486
:1004200091F803C0BCF1280F06D14FF0010C0CFA73
:1004300000FCC2F814C00AE091F803C0BCF1480FF8
:1004400005D14FF0010C0CFA00FCC2F810C0401CA2
:100450000828D1D31460B1F800C0BCF1FF0F34DD1F
:10046000546800202EE000F1080C4FF0010808FA53
:100470000CF3B1F800C00CEA03069E4221D18300C0
:100480004FF00F0C0CFA03F7BC4305FA03FC4CEADF
:10049000040491F803C0BCF1280F05D100F1080C49
:1004A00008FA0CF8C2F8148091F803C0BCF1480FA8
:1004B00007D100F1080C4FF0010808FA0CF8C2F857
:1004C0001080401C0828CED35460BDE8F0814FF660
:1004D000FF710180022181700421C17070470246C2
:1004E000002093680B400BB1012000E00020704712
:1004F0000146886880B2704702460020D3680B40EE
:100500000BB1012000E0002070470146C86880B2AE
:10051000704701617047416170470AB1016100E0B5
:1005200041617047C16070474FF480320A43826175
:100530008161826182698269704702460020434B73
:1005400018684FF68073184040EA021008433F4B8A
:10055000186070473E49C8617047F0B50A460023ED
:1005600000240021002500F00046B6F1004F02D122
:10057000364EF16901E0354E7168C0F3034583B230
:1005800000F44016B6F5401F08D121F070612F4EDF
:10059000766826F070662D4F7E6012E000F48016BB
:1005A000B6F5801F06D1032606FA05F4A14341F0F3
:1005B000706106E0460D360103FA06F6B14341F0DC
:1005C000706122B1460D360103FA06F6314300F0A0
:1005D0000046B6F1004F02D11C4EF16101E01B4E06
:1005E0007160F0BD30B500228B071C0F0F2303FA9A
:1005F00004F2164B08338C1053F824309343134CF9
:1006000008348D1044F8253023468C1053F82430DC
:100610008C07240F00FA04F423430C4C08348D108B
:1006200044F8253030BD0A49DC31086070470000CD
:1006300000080140000C014000100140001401407E
:1006400000180140001C0140002001400000014052
:1006500000002042DF48006840F00100DD490860EA
:1006600008464068DC490840DA49486008460068A6
:10067000DA490840D74908600846006820F480201D
:1006800008600846406820F4FE0048604FF41F00F0
:1006900088607047CF49096821F48031CD4A1160E4
:1006A0001146096821F480211160B0F5803F03D024
:1006B000B0F5802F0ED106E0C649096841F48031BB
:1006C000C44A116007E0C349096841F4A021C14A46
:1006D000116000E000BF00BF704710B50146002266
:1006E000002300204A11012A02D1BA4C236806E0F7
:1006F000022A02D1B74C236A01E0B64C636A01F0CA
:100700001F02012494401C400CB1012000E0002095
:1007100010BD38B5002000900024002500BF312016
:10072000FFF7DBFF05460098401C00900098B0F5ED
:10073000A06F01D0002DF2D03120FFF7CEFF08B11D
:10074000012400E00024204638BD01460020A14AD3
:10075000106820F0F80040EAC10010607047A0491E
:1007600008607047024600209A4B586820F47C10BD
:1007700042EA01031843974B58607047984908664E
:10078000704701460020934A506820F00300084358
:10079000506070478F48406800F00C007047014679
:1007A00000208C4A506820F0F000084350607047E9
:1007B00001460020874A506820F4E06008435060FA
:1007C000704701460020834A506820F4605040EA98
:1007D000C1005060704729B17E4A527A02437D4B76
:1007E0005A7204E07B4A527A82437A4B5A727047BB
:1007F0007B49D8310860704701460020754A50682F
:1008000020F440400843506070470021714A203274
:100810001170704A82F82010012802D004280AD1F1
:1008200004E001216B4A2032117005E00521694A7C
:100830002032117000E000BF00BF704769490860B6
:1008400070476449096A0143624A11627047654909
:1008500044390860704730B500210022002400238D
:100860005C4D6D6805F00C0121B1042905D0082903
:1008700023D105E05C4D056022E05B4D05601FE083
:10088000544D6D6805F47012524D6D6805F4803456
:10089000022505EB92421CB9544D554305600BE00F
:1008A0004C4D6D6805F400351DB1504D5543056044
:1008B00002E04D4D5543056002E04B4D056000BF21
:1008C00000BF444D6D6805F0F0010909484D6B5CAF
:1008D0000568DD4045603F4D6D6805F4E061090A3B
:1008E000434D6B5C4568DD4085603A4D6D6805F4AD
:1008F0006051C90A3E4D6B5C4568DD40C560354DB1
:100900006D6805F44041890B3A4D6B5CC568B5FBD9
:10091000F3F5056130BD29B12E4A526902432D4BD2
:100920005A6104E02B4A526982432A4B5A6170474C
:1009300029B1284A92690243264B9A6104E0254A6C
:1009400092698243234B9A61704729B1214AD26947
:100950000243204BDA6104E01E4AD26982431D4BF8
:10096000DA61704729B11B4AD2680243194BDA6039
:1009700004E0184AD2688243164BDA60704729B106
:10098000144A12690243134B1A6104E0114A1269B6
:100990008243104B1A617047124940390860704712
:1009A0000F49C86470470B49C87170470948406ACD
:1009B00040F0807007494862704701460020054AB0
:1009C00092680A400AB1012000E000207047014906
:1009D00088727047001002400000FFF8FFFFF6FE2B
:1009E000000042428004424200127A0000093D00A9
:1009F000000000201000002010B50446FE4884428C
:100A000008D10121C014FFF7ADFF0021E014FFF76A
:100A1000A9FFC4E0B4F1804F08D101210846FFF7D7
:100A2000AEFF00210120FFF7AAFFB8E0F34884429F
:100A300008D101210220FFF7A2FF00210220FFF7C9
:100A40009EFFACE0EE48844208D101210420FFF76C
:100A500096FF00210420FFF792FFA0E0E9488442BE
:100A600008D101210820FFF78AFF00210820FFF7A5
:100A700086FF94E0E448844208D101211020FFF76A
:100A80007EFF00211020FFF77AFF88E0DF488442D4
:100A900008D101212020FFF772FF00212020FFF75D
:100AA0006EFF7CE0DA48844208D101214014FFF750
:100AB00059FF00216014FFF755FF70E0D5488442CC
:100AC00009D10121C804FFF74DFF00214FF4002098
:100AD000FFF748FF63E0D048844209D101210805AF
:100AE000FFF740FF00214FF48010FFF73BFF56E077
:100AF000CA48844209D101214805FFF733FF00218C
:100B00004FF40010FFF72EFF49E0C548844208D19A
:100B100001214020FFF733FF00214020FFF72FFF86
:100B20003DE0C048844208D101218020FFF727FF23
:100B300000218020FFF723FF31E0BB48844208D129
:100B400001218015FFF71BFF0021A015FFF717FFFC
:100B500025E0B648844209D101210804FFF702FFCD
:100B600000214FF48030FFF7FDFE18E0B0488442CA
:100B700009D101214804FFF7F5FE00214FF40030B0
:100B8000FFF7F0FE0BE0AB48844208D10121880456
:100B9000FFF7E8FE00214FF48020FFF7E3FE10BDD1
:100BA00000220288944B98420ED0994B98420BD069
:100BB000B0F1804F08D0914B984205D0904B9842AD
:100BC00002D0904B984204D14FF68F731A404B8855
:100BD0001A438D4B984207D08C4B984204D04FF665
:100BE000FF431A40CB881A4302808B8883850B8889
:100BF0000385814B98420BD0854B984208D08B4B94
:100C0000984205D08A4B984202D08A4B984201D133
:100C10000B7A038601238382704770B5002400227B
:100C20000023058C4FF6FE7635400584028C8388C0
:100C3000048B4FF68F752C40B51E2C400D882C432D
:100C4000751E2A400D892A434D882A436A4DA842C1
:100C50000BD06F4DA84208D0744DA84205D0744DFA
:100C6000A84202D0734DA84213D14FF6F7752A401F
:100C70004D892A434FF6FB752A408D882A434FF64B
:100C8000FF652B404FF6FF552B408D892B43CD89B7
:100C90002B4383800483CD888586028470BD70B524
:100CA000002400220023058C4FF6EF7635400584A2
:100CB000028C8388048B48F6FF752C404FF6FF4565
:100CC0002C400D884FF6FF7606EA05252C434FF69B
:100CD000DF752A400D8906EA05152A434D8806EA84
:100CE00005152A43444DA84202D0494DA8421DD1C2
:100CF0004FF67F752A404D894FF6FF7606EA0515B7
:100D00002A434FF6BF752A408D8806EA05152A4307
:100D10004FF6FF352B404FF2FF752B408D8906EAC9
:100D200085052B43CD8906EA85052B438380048303
:100D3000CD880587028470BD70B500240022002391
:100D4000058C4FF6FF6635400584028C8388848BC2
:100D50004FF68F752C404FF6FC752C400D882C43B8
:100D60004FF6FF552A400D894FF6FF7606EA052516
:100D70002A434D8806EA05252A431F4DA84202D082
:100D8000234DA8421DD14FF2FF752A404D894FF6E1
:100D9000FF7606EA05252A434FF6FF352A408D885F
:100DA00006EA05252A434EF6FF752B404DF6FF75E2
:100DB0002B408D8906EA05152B43CD8906EA0515DA
:100DC0002B4383808483CD888587028470BD70B572
:100DD000002200230024058C4EF6FF763540058462
:100DE000038C8488828B48F6FF752A404FF6FF45B6
:100DF0002A400D8820E00000002C01400004004043
:100E000000080040000C00400010004000140040AA
:100E100000340140004C01400050014000540140AA
:100E200000180040001C004000200040004001402D
:100E300000440140004801404FF6FF7606EA0525D0
:100E40002A434DF6FF752B400D8906EA05352B43E5
:100E50004D8806EA05352B43FA4DA84202D0FA4DDB
:100E6000A84208D14BF6FF752C408D894FF6FF76CE
:100E700006EA85152C4384808283CD88A0F84050F3
:100E8000038470BD828B4FF2FF331A408283828BC2
:100E90004FF6FF7303EA01231A4382837047F0B5CC
:100EA0000C461546002200210026078C4EF6FF7CDA
:100EB00007EA0C070784828B018C4FF6FF7707EA5D
:100EC000043640F6FF473A404FF6FF7707EA05271A
:100ED0003A434FF6FF7707EA03373A43D94FB84210
:100EE0000ED0D94FB8420BD0B0F1804F08D0D74FB9
:100EF000B84205D0D64FB84202D0D64FB84206D13C
:100F00004DF6FF77394046F48057394305E047F600
:100F1000FF57394044F48057394382830184F0BD40
:100F2000828B4FF6F3731A408283828B0A4382834B
:100F30007047F0B50C461546002200210026078CAC
:100F40004FF6FF6C07EA0C070784828B018C4FF683
:100F5000FF7707EA04264FF60C773A404FF6FF7703
:100F600007EA03172F433A43B64FB8420ED0B64FA5
:100F7000B8420BD0B0F1804F08D0B44FB84205D082
:100F8000B34FB84202D0B34FB84206D14FF6FF5725
:100F9000394046F48077394305E04FF2FF57394036
:100FA00044F48077394382830184F0BD028B4FF291
:100FB000FF331A400283028B4FF6FF7303EA0123CB
:100FC0001A4302837047F0B50C46154600220021F3
:100FD0000026078C4FF6EF7C07EA0C070784028B8C
:100FE000018C4FF6FF7707EA041640F6FF473A40B8
:100FF0004FF6FF7707EA03373A434FF6FF7707EAE2
:1010000005273A438F4FB8420ED08F4FB8420BD0CE
:10101000B0F1804F08D08D4FB84205D08C4FB84208
:1010200002D08C4FB84206D14FF6DF77394046F0F8
:101030001007394305E04FF65F77394044F0100759
:10104000394302830184F0BD028B4FF6F3731A40DB
:101050000283028B0A4302837047F0B50C461546A3
:1010600000220021068C4FF6FE773E400684028B5C
:10107000018C4FF60C7632407E1C06EA03162E4396
:101080003243704EB0420ED06F4EB0420BD0B0F132
:10109000804F08D06D4EB04205D06D4EB04202D0A8
:1010A0006C4EB04206D14FF6FD76314044F0010659
:1010B000314305E04FF6F576314044F00106314307
:1010C00002830184F0BD70B505460C465D4885423B
:1010D0000ED05D4885420BD0B5F1804F08D05B48FB
:1010E000854205D05A48854202D05A48854200D1EF
:1010F00000E000BF208850B92389A2886188284673
:10110000FFF7ABFFE1882846FFF79EFF25E0208828
:1011100004280AD12389A28861882846FFF753FF53
:10112000E1882846FFF742FF17E0208808280AD107
:101130002389A28861882846FFF7FBFEE1882846BC
:10114000FFF7EEFE09E02389A28861882846FFF7B1
:10115000A6FEE1882846FFF795FE70BD2DE9F04117
:1011600005460C4600260127608808B9022600E0E3
:101170000026A088012801D1022700E0012720884D
:10118000A0B92389A28861882846FFF766FFE18815
:101190002846FFF759FF23893A4631462846FFF78C
:1011A00012FFE1882846FFF701FF13E02389A28898
:1011B00061882846FFF707FFE1882846FFF7F6FE1B
:1011C00023893A4631462846FFF747FFE1882846FB
:1011D000FFF73AFFBDE8F0810A884B881A438B88F5
:1011E0001A43CB881A430B891A434B891A438B89BC
:1011F0001A43A0F8442070474FF6FF718180002108
:101200000180C180418001727047002101804180CE
:101210008180C180018141818181C181704700212C
:1012200001804180012181800021C18001817047BE
:101230000021018041808180C180018141818181C3
:1012400070470000002C01400034014000040040C1
:1012500000080040000C004021B1028842F0010269
:10126000028004E002884FF6FE731A400280704745
:1012700031B1B0F8442042F40042A0F8442005E027
:10128000B0F84420C2F30E02A0F8442070471AB10F
:1012900083890B43838102E083898B438381704779
:1012A0008182704741EA0203A0F8483070471AB1C2
:1012B00083890B43838102E083898B438381704759
:1012C00001894FF6F8721140018170470A460021EA
:1012D00001894FF68F73194011430181704730B572
:1012E00004460D4629462046FFF7F0FF208940F0CE
:1012F0000700208130BD2DE9F04104460D46164619
:101300001F46602D06D13B46012231462046FFF79D
:101310005AFE05E03B46012231462046FFF79DFE7E
:1013200029462046FFF7D2FF208940F007002081A0
:10133000BDE8F08130B50C4600210189C9B24FF6F5
:10134000FF7505EA0325154325432943018130BD77
:101350002DE9F04105460E461746984600244346BF
:101360003A4631462846FFF7E5FF2C894FF6F870DC
:10137000044044F007044FF68F70044044F07004BA
:101380002C81BDE8F081F0B504460D4616461F4697
:101390003B46324629462046FFF7CCFF208940F4E1
:1013A00080402081F0BD0185828270470A4600217D
:1013B00001884FF68F731940114301807047F0B5D3
:1013C0000C4615461E460021002200230189028B8F
:1013D000038C4FF6F877394021434FF6FC473A40EB
:1013E00040F201173A434FF6DD773B404FF6FF7767
:1013F00007EA06172F433B43018102830384F0BDB4
:101400000A460021018B4FF68F7319401143018367
:1014100070470A460021018B48F6FF7319404FF6CA
:10142000FF7303EA02231943018370470A46002130
:10143000818B4FF68F7319401143818370470A46A1
:101440000021818B48F6FF7319404FF6FF7303EAC2
:10145000022319438183704721B1028842F0800240
:10146000028004E002884FF67F731A4002807047C2
:1014700021B1828842F00402828004E082884FF623
:10148000FB731A408280704721B1828842F00802C3
:10149000828004E082884FF6F7731A40828070479A
:1014A00021B1828842F00102828004E082884FF6F6
:1014B000FE731A40828070470A460021018B4FF666
:1014C000F77319401143018370470A460021018BCD
:1014D0004FF2FF7319404FF6FF7303EA02231943DB
:1014E000018370470A460021818B4FF6F77319403C
:1014F0001143818370470A460021818B4FF2FF73AD
:1015000019404FF6FF7303EA0223194381837047A2
:101510000A460021018B4FF6FB73194011430183EA
:1015200070470A460021018B4FF6FF3319404FF6F2
:10153000FF7303EA02231943018370470A4600211F
:10154000818B4FF6FB7319401143818370470A4624
:101550000021818B4FF6FF3319404FF6FF7303EAEA
:1015600002231943818370470A460021018B4FF6FD
:101570007F7319401143018370470A460021018B94
:10158000C1F30E014FF6FF7303EA022319430183EF
:1015900070470A460021818B4FF67F731940114333
:1015A000818370470A460021818BC1F30E014FF6FB
:1015B000FF7303EA02231943818370470A4600211F
:1015C000018C4FF6FD7319401143018470470A46A0
:1015D0000021018C4FF6F7731940114301847047C5
:1015E0000A460021018C4FF6DF7319404FF6FF7356
:1015F00003EA02131943018470470A460021018C53
:101600004FF67F7319404FF6FF7303EA0213194335
:10161000018470470A460021018C4FF6FF531940A0
:101620004FF6FF7303EA02231943018470470A4609
:101630000021018C4FF2FF7319404FF6FF7303EA4C
:1016400002231943018470470A460021018C4DF69C
:10165000FF7319404FF6FF7303EA02331943018405
:10166000704730B5002301248C40A3B2048C9C4306
:101670000484048C02FA01F5ADB22C43048430BD1D
:1016800030B5002304248C40A3B2048C9C43048412
:10169000048C02FA01F5ADB22C43048430BD70B560
:1016A0000346002000241846183001258D40ACB2B6
:1016B0001D8CA5431D8409B1082909D100EB6100E7
:1016C000056825F0700505600568154305600EE0A6
:1016D0000D1FC5F34E052844056825F4E045056057
:1016E00005684FF6FF7606EA02263543056070BDB1
:1016F00021B1028842F00202028004E002884FF623
:10170000FD731A400280704721B1028842F0040242
:10171000028004E002884FF6FB731A400280704793
:1017200021B1828842F08002828004E082884FF6F4
:101730007F731A408280704702884FF6F7731A4011
:10174000028002880A430280704782884FF68F73B6
:101750001A40828082880A438280704702894FF64D
:10176000F8731A40028102890A4302817047028994
:101770004FF67F731A40028102890A430281704743
:1017800081847047818570478186704701877047E3
:1017900081877047A0F84010704702884FF6FF43DA
:1017A0001A40028002880A43028070470146888EF0
:1017B00070470146088F70470146888F7047014681
:1017C000B1F8400070470146888C70470146088D8B
:1017D000704702460020138A0B400BB1012000E045
:1017E00000207047CA430282704730B5024600208D
:1017F00000230024158A05EA0103958905EA0104FE
:1018000013B10CB1012000E0002030BDCA430282B8
:101810007047000010B50446FB48844209D10121FD
:101820008803FFF79FF800214FF48040FFF79AF8F4
:1018300032E0F648844209D101214804FFF79FF8BD
:1018400000214FF40030FFF79AF825E0F048844279
:1018500009D101218804FFF792F800214FF480207C
:10186000FFF78DF818E0EB48844209D10121C80444
:10187000FFF785F800214FF40020FFF780F80BE018
:10188000E548844208D101210805FFF778F80021D6
:101890004FF48010FFF773F810BD2DE9F04786B0C4
:1018A00005460E460024A24600BFA1460027B08987
:1018B00000B100BF2F462C8A4CF6FF700440F08820
:1018C00004432C82AC894EF6F3100440B088318971
:1018D0000843718908430443AC81AC8A4FF6FF404A
:1018E0000440B0890443AC8201A8FEF7B4FFC648A7
:1018F000874202D1DDF810A001E0DDF80CA0A88934
:1019000000F4004040B10AEBCA0000EB0A10316855
:101910004900B0FBF1F807E00AEBCA0000EB0A103F
:1019200031688900B0FBF1F86420B8FBF0F00401E5
:101930002009642101FB1089A88900F4004040B10E
:10194000322000EBC900B0FBF1F000F007000443C7
:1019500008E0322000EB09106421B0FBF1F000F048
:101960000F0004432C8106B0BDE8F0874FF41651F8
:10197000016000218180C18001810C214181002111
:101980008181704710B502460020108A4FF2FF0394
:1019900018400B884C8823438C882343CC882343EE
:1019A0001843108210BD0021018041808180C180D8
:1019B000704721B1828942F40052828104E0828919
:1019C0004DF6FF731A4082817047F0B5034600243C
:1019D00000260025002040F66A17B94200D100BF5A
:1019E0001846C1F3421401F01F06012707FA06F555
:1019F000012C01D10C3004E0022C01D1103000E0A8
:101A000014301AB107682F43076002E00768AF433C
:101A10000760F0BD1AB1838A0B43838202E0838A98
:101A20008B4383827047028A4FF6F0731A4002821A
:101A3000028A0A430282704782894FF2FF731A407A
:101A4000828182890A438281704721B1828942F072
:101A50000202828104E082894FF6FD731A4082817E
:101A60007047028A4FF6DF731A400282028A0A43E5
:101A70000282704721B1028A42F48042028204E06D
:101A8000028A4BF6FF731A4002827047C1F30802C4
:101A90008280704701468888C0F3080070478189BA
:101AA00041F0010181817047028BD2B20283028B27
:101AB00042EA012202837047028B02F47F420283D2
:101AC000028B0A430283704721B1828A42F02002CE
:101AD000828204E0828A4FF6DF731A408282704766
:101AE00021B1828A42F01002828204E0828A4FF69B
:101AF000EF731A408282704721B1828A42F0080255
:101B0000828204E0828A4FF6F7731A40828270471D
:101B100021B1828942F40042828103E08289C2F3CA
:101B20000E028281704721B1828A42F40062828271
:101B300004E0828A4FF2FF731A4082827047828AE1
:101B40004FF6FB731A408282828A0A438282704770
:101B500021B1828A42F00202828204E0828A4FF638
:101B6000FD731A408282704702460020B1F5007F63
:101B700000D100BF13880B400BB1012000E0002012
:101B8000704701F40072B2F5007F00D100BFCA4374
:101B90000280704770B50246002400230025002013
:101BA00040F66A16B14200D100BFC1F3421501F000
:101BB0001F03012606FA03F3012D02D19689334053
:101BC00006E0022D02D1168A334001E0968A3340A6
:101BD0000C12012606FA04F41688344013B10CB135
:101BE000012000E0002070BD10B50022002340F667
:101BF0006A14A14200D100BF0A1201249440A3B28A
:101C0000DC43048010BD0000003801400044004067
:101C100000480040004C00400050004010B5044611
:101C2000FA48844208D101214015FEF79BFE0021AD
:101C30006015FEF797FE17E0F548844208D10121B0
:101C40000015FEF78FFE00212015FEF78BFE0BE03E
:101C5000F048844208D10121C803FEF783FE002129
:101C60004FF40040FEF77EFE10BD30B50246002066
:101C700000235068E84C20400D790C6844EA0524A4
:101C8000204350609068E54C2040D1E902542C4339
:101C90004D7944EA450420439060D06A20F47000F6
:101CA0000C7C641EE4B2234340EA0350D06230BD92
:101CB00000210160017141718160C16001210174E5
:101CC000704721B1826842F00102826003E08268BD
:101CD00022F001028260704721B1826842F4807272
:101CE000826003E0826822F480728260704710B5DF
:101CF0000023CBB21AB144681C43446002E044683C
:101D00009C43446010BD816841F0080181607047C8
:101D1000014600208A6802F008020AB1012000E0B2
:101D200000207047816841F00401816070470146DE
:101D300000208A6802F004020AB1012000E00020BD
:101D4000704721B1826842F4A002826003E0826899
:101D500022F4A00282607047014600208A6802F4E3
:101D600080020AB1012000E00020704710B50A4649
:101D700000210023416821F46041531E41EA4331B0
:101D8000416010BD21B1426842F40062426003E04C
:101D9000426822F4006242607047F0B504460D4686
:101DA00000200021092D11DDE068A5F10A0606EBEF
:101DB0004607072606FA07F18843A5F10A0606EB4F
:101DC000460603FA06F10843E0600CE0206905EBE3
:101DD0004507072606FA07F1884305EB450603FA8F
:101DE00006F108432061072A0FDA606B561E06EBE6
:101DF00086071F2606FA07F18843561E06EB86065D
:101E000005FA06F10843606322E00D2A0FDA206B21
:101E1000D61F06EB86071F2606FA07F18843D61F52
:101E200006EB860605FA06F10843206310E0E06A37
:101E3000A2F10D0606EB86071F2606FA07F1884376
:101E4000A2F10D0606EB860605FA06F10843E062EC
:101E5000F0BD21B1826842F48012826003E08268A2
:101E600022F48012826070470146C86C80B27047CD
:101E700066484C300068704721B1426842F4806285
:101E8000426003E0426822F480624260704721B100
:101E9000426842F48052426003E0426822F4805279
:101EA000426070470A460021816821F4E0411143F5
:101EB0008160704721B1826842F40042826003E091
:101EC000826822F400428260704721B1826842F445
:101ED0000212826003E0826822F40212826070477C
:101EE000014600208A6802F400120AB1012000E0D5
:101EF00000207047F0B50446154600200022002659
:101F0000092911DDE068A1F10A0707EB470C072753
:101F100007FA0CF29043A1F10A0707EB470703FA0F
:101F200007F21043E0600CE0206901EB410C072749
:101F300007FA0CF2904301EB410703FA07F2104352
:101F40002061A06BC0F30156EF1C06F1010CA7EB5A
:101F50000C0707EB870C1F2707FA0CF29043EF1CC6
:101F600006F1010CA7EB0C0707EB870701FA07F254
:101F70001043A063F0BD10B50A4600210023816B19
:101F800021F44011531E41EA0351816310BD08B58D
:101F9000002300930090009B0B440093009B1A6069
:101FA00008BD08B5024600200090009201F128000B
:101FB000009B184400900098006880B208BD0A4653
:101FC00000214168164B194011434160704741623E
:101FD000826270470A460021416821F01F011143C7
:101FE0004160704740B109490831096841F4000176
:101FF000064A0832116007E004490831096821F4F3
:102000000001024A083211607047000000240140BC
:1020100000280140003C0140FFFEF0FFFDF7F1FF0A
:10202000FFFD3FFF0246002013680B400BB101206B
:1020300000E000207047CA430260704770B5024656
:102040000020002300240B125568CEB205EA0604D6
:1020500015681D4015B10CB1012000E0002070BDD5
:1020600000220A12D3430360704700000CB5002021
:10207000019000906C48006840F480306A49086024
:1020800000BF6948006800F4003000900198401CCF
:102090000190009818B90198B0F5A06FF1D162488D
:1020A000006800F4003010B10120009001E0002031
:1020B00000900098012843D15C48006840F010006F
:1020C0005A4908600846006820F003000860084686
:1020D000006840F002000860534840685249486078
:1020E0000846406848600846406840F480604860A0
:1020F0000846406820F47C1048600846406840F478
:10210000E81048600846006840F08070086000BF32
:102110004548006800F000700028F9D04248406847
:1021200020F00300404948600846406840F0020043
:10213000486000BF3C48406800F00C000828F9D116
:102140000CBD10B5FFF792FF10BD10B53648006802
:1021500040F00100344908600846406834490840AE
:102160003149486008460068324908402E490860F5
:102170000846006820F4802008600846406820F483
:10218000FE0048604FF41F008860FFF7DAFF4FF051
:1021900000602949086010BD10B500210020002210
:1021A000214B5B6803F00C0121B1042906D00829FA
:1021B00028D107E0214B224C236027E01F4B204C05
:1021C000236023E0184B5B6803F47010164B5B68C8
:1021D00003F48032022303EB904022B9194B4343AE
:1021E000174C23600DE0104B5B6803F4003323B100
:1021F000144B4343124C236003E0104B4343104CF9
:10220000236003E00D4B0E4C236000BF00BF064B64
:102210005B68C3F303130C4CE15C094B1B68CB40B8
:10222000074C236010BD0000001002400020024057
:102230000000FFF8FFFFF6FE08ED00E000127A0054
:102240001400002000093D0018000020014605E0B0
:10225000002001E0421CD0B20A28FBDB0A1EA1F1DB
:102260000101F5D1704710B5044603E04FF47A70D0
:10227000FFF7ECFF201EA4F10104F7D110BD704759
:1022800008B50720009002E00098401E00900098DA
:102290000028F9D108BD10B54FF40070E649086078
:1022A00040100860FFF7ECFFE3480838006808B901
:1022B000012000E0002000F4007008B1002010BDF3
:1022C0004FF40070DC49091D0860FFF7D9FFDA48B8
:1022D0000838006800F4007008B10020EFE74FF400
:1022E0000070D549091D0860FFF7CAFF0120E6E725
:1022F00010B54FF48070D049091D0860FFF7C0FF8A
:102300004FF40070CC49091D0860FFF7B9FF4FF486
:102310008070C9490860FFF7B3FF4FF40070C649E9
:102320000860FFF7ADFF10BD10B54FF48070C249D3
:10233000091D0860FFF7A4FF4FF40070BE49091D96
:102340000860FFF79DFF4FF48070BB490860FFF7FE
:1023500097FF4FF48070B849091D0860FFF790FFA0
:1023600010BD10B54FF48070B349091D0860FFF728
:1023700087FF4FF40070B0490860FFF781FF4FF40A
:102380008070AD490860FFF77BFF4FF48070AA4969
:10239000091D0860FFF774FF10BD10B54FF4807081
:1023A000A549091D0860FFF76BFF4FF40070A249B3
:1023B0000860FFF765FF4FF480709F490860FFF7E2
:1023C0005FFF9D480838006800F4007030B14FF49A
:1023D00080709949091D0860002010BD4FF480707D
:1023E0009549091D08600120F7E770B504460825E6
:1023F0001DE04FF480709049091D0860FFF740FF11
:1024000004F0800020B14FF400708B49086004E0B4
:102410004FF400708849091D08606006040EFFF73C
:102420002FFF4FF4807084490860FFF729FF281EB2
:10243000A5F10101CDB2DCD14FF480707E49091DB8
:10244000086070BD70B508250024A8017A490860AD
:1024500016E06006040E4FF480707749091D08608D
:10246000FFF70EFF4FF4807073490860FFF708FF15
:1024700071480838006800F4007008B144F00104A5
:10248000281EA5F10101CDB2E3D14FF480706A4955
:10249000091D0860204670BD08B501210820FEF71F
:1024A00047FA4FF44070ADF8000002208DF80200AA
:1024B00014208DF8030069465F481038FDF77CFF53
:1024C00008BD2DE9F04105460E4617469846FFF730
:1024D000E2FE10B90020BDE8F081002141EA45018B
:1024E000C8B2FFF782FFFFF758FF18B9FFF700FFE8
:1024F0000020F0E73046FFF778FFFFF74EFF00249B
:102500000BE018F80400FFF770FFFFF746FF18B95B
:10251000FFF7EEFE0020DEE7641CBC42F1DBFFF7B4
:10252000E7FE0120D7E72DE9F04104460D461646A7
:102530001F463B46324629462046FFF7C2FF10B1F0
:102540000020BDE8F0814FF0FF30FAE72DE9F041BF
:1025500005460F4614461E46FFF79DFE10B90020A3
:10256000BDE8F081002141EA4501C8B2FFF73DFF17
:10257000FFF713FF18B9FFF7BBFE0020F0E738465E
:10258000FFF733FFFFF709FFFFF785FE012101EB9E
:102590004501C8B2FFF729FFFFF7FFFE0CE0FFF788
:1025A00051FF3070012C02D1FFF7DBFE01E0FFF795
:1025B000BBFE761C601EC4B2002CF0D1FFF798FE63
:1025C0000120CDE72DE9F04104460D4616461F4691
:1025D0003B46324629462046FFF7B8FF10B100209F
:1025E000BDE8F0814FF0FF30FAE770B504460D46C4
:1025F0001646FFF750FE08B9002070BD002141EAE1
:102600004401C8B2FFF7F1FEFFF7C7FE18B9FFF7A4
:102610006FFE0020F1E72846FFF7E7FEFFF7BDFE5B
:102620003046FFF7E2FEFFF7B8FEFFF761FE01203C
:10263000E3E7002070470000100C014008B50121BD
:102640001120FEF775F901210B48FDF786FF4FF4C5
:10265000C040ADF8000003208DF8020010208DF876
:10266000030069460548FDF7A7FE4FF4C041034843
:10267000FDF74FFF08BD00000002300000100140D0
:10268000002400270026FFF760FD41F61F4141F2BC
:10269000883002F01BFB02F055FB02F085F900F0D8
:1026A000DFF800F041F8FFF7C9FF02F0D1FB00F0BE
:1026B000EDF800F054F9FFF7EFFE0A2000F02CFED1
:1026C00000F060FA00F0D0FD00F05CFE002108464A
:1026D00001F0EEFF114807784FF0E020006940F06C
:1026E00001004FF0E021086117E000F0BBFA86B965
:1026F0000A480578E81BC0B204442F46322C07D3A1
:1027000000234CF250320649064801F059FE0126DA
:1027100000BF02F0E3F801F06BFDE6E7D80000200F
:10272000CDCCCC3D0000C84208B501210820FEF701
:10273000FFF84FF47040ADF8000010208DF8030052
:1027400003208DF802006946FE48FDF735FE4FF480
:102750007041FC48FDF7DDFE08BD08B501210846C3
:10276000FEF7F3F801210420FEF7E2F80C20ADF8A3
:10277000000018208DF8030003208DF80200694640
:10278000F148FDF719FE08BD30B587B000250024DB
:1027900040F2E730ADF814000020ADF81000ADF8BD
:1027A0001600ADF8120004A94FF08040FEF7F8F9CA
:1027B0006020ADF800000120ADF80200ADF8065031
:1027C0000020ADF8080069464FF08040FEF7B4FAEB
:1027D0000821C806FEF786FE0120ADF80200ADF81C
:1027E00006400020ADF8080069464FF08040FEF733
:1027F000EEFA0821C806FEF77EFE01218807FEF7E3
:102800002BFE01218807FEF727FD07B030BD2DE91B
:10281000FF4104460D4627462E466020ADF80000D5
:102820000120ADF80200ADF806700020ADF80800F8
:1028300069464FF08040FEF77FFA0821C806FEF790
:1028400051FE0120ADF80200ADF806606946800730
:10285000FEF7BDFA0821C806FEF74DFEBDE8FF8170
:1028600010B5FFF77AFFFFF78FFF10BDB749088853
:10287000098821F00101B54A11807047B4490888E0
:10288000098821F00101B24A1180704700B589B072
:1028900001210220FEF759F801210420FEF748F833
:1028A00001A8FDF714FEC020ADF8040004208DF847
:1028B000070003208DF8060001A9A348FDF77CFD61
:1028C0004FF4A060FDF71CFC1D208DF808000120CE
:1028D0008DF8090003208DF80A0001208DF80B0007
:1028E00002A8FDF712FC99481038FEF785F806A8F3
:1028F000FEF782FC0020ADF818004FF6FF70ADF82F
:102900001C000020ADF81E00ADF81A0006A98F4883
:102910001038FEF745F90A231A4603218B48103870
:10292000FEF74DFD03A8FEF77AFC0620ADF8140073
:1029300003A986481038FEF7C6FB012183481038EA
:10294000FEF750FF0122114680481038FEF79FFC29
:1029500001217E481038FEF77FFC09B000BD00B5AC
:1029600089B001210420FDF7F0FF01210820FDF7C7
:10297000DFFF01A8FDF7ABFDC020ADF80400042087
:102980008DF8070003208DF8060001A96D48FDF7BA
:1029900013FD4FF4A060FDF7B3FB1E208DF8080077
:1029A00001208DF8090003208DF80A0001208DF820
:1029B0000B0002A8FDF7A9FB65481038FEF71CF8CC
:1029C00006A8FEF719FC0020ADF818004FF6FF70BE
:1029D000ADF81C000020ADF81E00ADF81A0006A9E5
:1029E0005B481038FEF7DCF80A231A4603215848E2
:1029F0001038FEF7E4FC03A8FEF711FC0620ADF842
:102A0000140003A952481038FEF75DFB012150481D
:102A10001038FEF7E7FE012211464D481038FEF748
:102A200036FC01214A481038FEF716FC09B000BDFB
:102A300000B585B001210420FDF77AFF01210220B5
:102A4000FDF783FF8020ADF8100004208DF81300FF
:102A500003208DF8120004A93B48FDF7ADFC4FF4AC
:102A6000A060FDF74DFB1D208DF8000001208DF8C2
:102A7000010003208DF8020001208DF80300684654
:102A8000FDF743FB31481038FDF7B6FF4FF6FF70F6
:102A9000ADF808000020ADF80400ADF80A00ADF86C
:102AA000060001A929481038FEF77AF800231A46D3
:102AB000602126481038FEF71EFC002123481038FC
:102AC000FEF75EFE012121481038FEF7C5FB05B078
:102AD00000BD00B585B001210820FDF729FF0121C7
:102AE0000420FDF732FF8020ADF8100004208DF89F
:102AF000130003208DF8120004A91248FDF75CFCB6
:102B00004FF4A060FDF7FCFA1E208DF800000120B4
:102B10008DF8010003208DF8020001208DF80300DC
:102B20006846FDF7F2FA0A481038FDF765FF4FF6E0
:102B3000FF70ADF808000020ADF80400ADF80A0001
:102B400008E00000000C01400008014010040040B3
:102B500010080040ADF8060001A90948FEF720F86A
:102B600000231A4660210648FEF7C5FB00210448F1
:102B7000FEF706FE01210248FEF76EFB05B000BD20
:102B80000008004070B5002402F02DFE0446002C21
:102B900060D17CA002F085F8782002F086FA18B99E
:102BA00081A002F07EF802E087A002F07AF8782097
:102BB00002F068FC18B98FA002F073F802E096A04A
:102BC00002F06FF8642002F03EFD18B99EA002F0FA
:102BD00068F802E0A6A002F064F804F0F5F818B96D
:102BE000ACA002F05EF802E0B7A002F05AF8C548C7
:102BF00004F0C6FF054604F0F1F818B9C2A002F0CF
:102C000050F802E0CAA002F04CF840F2731004F051
:102C100026FD18B9D2A002F044F802E0D9A002F0D3
:102C200040F8642004F094FA18B9E2A002F039F8F0
:102C300002E0E9A002F035F804F0B6FF012003F04D
:102C400009FE18B9EFA002F02CF80AE0F6A002F095
:102C500028F806E04FF40051FE48FDF75CFC00BF89
:102C6000FEE770BD2DE9F04F89B0FB48FB49FC4BF6
:102C7000FC4ACDE90010FC49FC4804F04FFEF7483F
:102C8000008800F4807000287AD0F649086805F0C2
:102C9000BDFA04464FF09D4105F0F2F8F449086092
:102CA000F049486805F0B2FA04464FF09D4105F03E
:102CB000E7F8F0490860EB49886805F0A7FA044690
:102CC0004FF09D4105F0DCF8EB490860E549C86824
:102CD00005F09CFA04464FF09D4105F0D1F8E74914
:102CE0000860E34801684FF0804005F097F80690CF
:102CF000E1480168069805F091F88246DD480168D0
:102D00004FF0404005F08AF80690DC4801680698CC
:102D100005F084F88346514605F028F8079005F041
:102D2000C1FA064606F0F6FC80464FF06632D44BF8
:102D300005F08BF9044605F0E1FAD2490860CE4867
:102D400001684FF0804005F069F80390CA480168B7
:102D5000039805F063F88246C64801684FF040408A
:102D600005F05CF80390C3480168039805F056F835
:102D70008346514605F04CF881464FF07E5183E181
:102D80000CE200006D707520696E697469616C6990
:102D90007A6174696F6E20636F6D706C6574652EF7
:102DA0002E2E2E2E2E0A20006D70755F7365745FB7
:102DB00073656E736F7220636F6D706C65746520E0
:102DC0002E2E2E2E2E2E0A006D70755F7365745F89
:102DD00073656E736F7220636F6D65206163726FD0
:102DE0007373206572726F72202E2E2E2E2E2E0A75
:102DF000000000006D70755F636F6E6669677572C5
:102E0000655F6669666F20636F6D706C65746520C1
:102E10002E2E2E2E2E2E0A006D70755F636F6E663D
:102E200069677572655F6669666F20636F6D65209F
:102E30006163726F7373206572726F72202E2E2E13
:102E40002E2E2E0A000000006D70755F7365745F92
:102E500073616D706C655F7261746520636F6D7016
:102E60006C657465202E2E2E2E2E2E0A000000007A
:102E70006D70755F7365745F73616D706C655F72A3
:102E8000617465206572726F72202E2E2E2E2E2E8A
:102E90000A000000646D705F6C6F61645F6D6F7439
:102EA000696F6E5F6472697665725F6669726D776D
:102EB00061726520636F6D706C657465202E2E2EB7
:102EC0002E2E2E0A00000000646D705F6C6F61642E
:102ED0005F6D6F74696F6E5F6472697665725F664D
:102EE00069726D7761726520636F6D6520616372D1
:102EF0006F7373206572726F72202E2E2E2E2E2EFF
:102F00000A00000028000020646D705F7365745F24
:102F10006F7269656E746174696F6E20636F6D7036
:102F20006C657465202E2E2E2E2E2E0A00000000B9
:102F3000646D705F7365745F6F7269656E746174E0
:102F4000696F6E20636F6D65206163726F737320AC
:102F50006572726F72202E2E2E2E2E2E0A00000009
:102F6000646D705F656E61626C655F6665617475E6
:102F7000726520636F6D706C657465202E2E2E2E29
:102F80002E2E0A00646D705F656E61626C655F660F
:102F900065617475726520636F6D65206163726F22
:102FA0007373206572726F72202E2E2E2E2E2E0AB3
:102FB00000000000646D705F7365745F6669666F22
:102FC0005F7261746520636F6D706C657465202E2F
:102FD0002E2E2E2E2E0A0000646D705F7365745FB6
:102FE0006669666F5F7261746520636F6D652061ED
:102FF00063726F7373206572726F72202E2E2E2E85
:103000002E2E0A006D70755F7365745F646D705F5E
:10301000737461746520636F6D706C657465202EC8
:103020002E2E2E2E2E0A00006D70755F7365745F54
:10303000646D705F737461746520636F6D6520618A
:1030400063726F7373206572726F72202E2E2E2E34
:103050002E2E0A00001001406200002060000020B7
:1030600050000020200200205A00002054000020C0
:1030700034000020380000203C00002040000020E8
:1030800066A64C404400002004F070FE044605F0A3
:1030900009F9CDE90401434801684FF0804004F08C
:1030A000BDFE834640480168584604F0B7FE81469D
:1030B0003E4801684FF0804004F0B0FE83463C4833
:1030C0000168584604F0AAFE8246494604F04EFEC6
:1030D000044605F0E7F80746DDE9042306F062FD43
:1030E0004FF06632334BCDE9060104F0AEFF0546E2
:1030F00005F004F9304908602D480168006804F0C3
:103100008DFE039029480168006804F087FE029054
:1031100025480168006804F081FE83462148016863
:10312000006804F07BFE5946019004F01FFE8246C1
:10313000029904F06DFE8146039904F069FE04468D
:1031400005F0B0F8CDE90401194801681548006898
:1031500004F064FE8246154801681348006804F0D4
:103160005DFE8346514604F001FE81464FF08041EA
:1031700004F054FE044605F095F80746DDE9042303
:1031800006F010FD4FF066320A4BCDE9060104F05F
:103190005CFF054605F0B2F80849086009B0BDE8D3
:1031A000F08F000034000020380000203C00002098
:1031B0004000002066A64C40480000204C00002043
:1031C000704700BFFEE700BFFEE700BFFEE700BF9D
:1031D000FEE770477047704710B51D480078401CE7
:1031E0001B4908701B480078401C1A4908701A488F
:1031F0000078401C1849087000F08DFB17480078D3
:10320000401C1649087016480078401C1449087084
:1032100014480078401C134908700E4800780228B2
:1032200006DB01F000FE00F0C9FD0020094908702E
:1032300009480078082806DB00F09AFB00200649C0
:1032400008700649087000F04FF900F0EEFA10BD62
:10325000D8000020DD000020D9000020DA00002086
:10326000DB000020DC00002030B527480068C822C1
:10327000B0FBF2F1B1F1807F01D301201DE021F01C
:103280007F40401E4FF0E022506150170F2200286F
:1032900007DA13071D0E1D4B00F00F04241F1D55E8
:1032A00003E013071C0E1A4B1C5400BF00204FF004
:1032B000E022906107201061002008B100BFFEE706
:1032C0004FF0E020006920F001004FF0E02108619C
:1032D00030BD01B50F49009808604FF0E02000694B
:1032E00040F001004FF0E021086100BF094800688C
:1032F0000028FBD108BD0748006820B105480068D8
:10330000401E0449086070471400002018ED00E0DA
:1033100000E400E064000020002107E042F6E061E4
:1033200000BF0A1EA1F1010399B2FAD1021EA0F159
:10333000010398B2F2D170470020F849087608706E
:1033400048608860F6480068C8600020C8827047FE
:1033500000B502460020F3490870F3480260FFF709
:10336000EBFF0020F1490870F1490870F14800783E
:10337000F14908700020F1490860EE480078F049F2
:10338000087000BD00B50020EE490880EE490880B5
:10339000EE490860EE490860EE490860EE490860B1
:1033A000EE490860EE490860EE490860EE490860A1
:1033B000EE490860EE490860EE490860D8490860A7
:1033C000ED490860ED490860ED490860ED49086085
:1033D000D8490870EC490870EC490870D548007865
:1033E000D54908700020D5490860D2480078D449F2
:1033F00008704FF46170E6490880E648E6490860C5
:103400000120E64908700020E5490870E549087088
:10341000E5490860E5490860E5490860E548FFF7C7
:1034200097FF0020E449086000BD2DE9F041E34822
:10343000006804F037FF0446E148D0E900633246F3
:10344000204604F043FF07D0DD48D0E900211046B4
:1034500004F054FFD9490860DA48006804F022FFFC
:103460000446D748D0E902633246204604F02EFFD6
:1034700007D0D348D0E90221104604F03FFFD149DC
:103480000860D148006804F00DFF0446CC48D0E93C
:1034900004633246204604F019FF07D0C848D0E93B
:1034A0000421104604F02AFFC7490860C748006895
:1034B00004F0F8FE0446C248D0E9066332462046CE
:1034C00004F004FF07D0BE48D0E90621104604F0FE
:1034D00015FFBE4908600020B3490860B349086081
:1034E000B3490860BDE8F0812DE9F041B8480068B3
:1034F000012810D10020B1490860B648006804F0E6
:1035000093FE06460022B44B04F09FFD044604F0EF
:10351000F5FEAA490860AE480068022812D10020D2
:10352000A8490860AD490968A1F1400004F07CFE9B
:1035300006460022AA4B04F088FD044604F0DEFE95
:10354000A0490860A749B1F9040004F05FFEA6494C
:103550000860A649B1F9040004F058FEA4490860C7
:103560000021A448006804F0E5FE0BD0A249A14860
:10357000006804F0DFFE05D3A0499E48006804F00F
:10358000E3FE05D24FF400519D48FCF7C4FF04E070
:103590004FF400519A48FCF7BCFF0021994800689D
:1035A00004F036FC6D4908609049B1F9000004F060
:1035B0002DFE064683480168304604F02FFC044681
:1035C000674801686548006804F022FC06467B48AD
:1035D0000168304604F022FC0546214604F0C6FB93
:1035E00062490860BDE8F0812DE9F04104460D46CE
:1035F000002C0CDA4FF480418348FCF78AFF4FF42B
:1036000000418148FCF787FF604204B20AE04FF4B2
:1036100000417D48FCF77DFF4FF480417A48FCF77C
:103620007AFF00BF002D0CDA4FF400517648FCF70A
:1036300070FF4FF480517448FCF76DFF684205B28B
:103640000AE04FF480517048FCF763FF4FF40051DB
:103650006D48FCF760FF00BFAFB2A6B231464FF035
:103660008040FEF795F839464FF08040FEF792F81B
:1036700066496048006804F067FE23D364495D48EA
:10368000006804F057FE02D24FF0010801E04FF04D
:10369000000800213A48006804F04CFE01D10120E6
:1036A00000E0002008EA000800213648006804F025
:1036B00041FE01D1012000E0002008EA0008B8F135
:1036C000000F0DD000214FF08040FEF761F800217F
:1036D0004FF08040FEF75EF801204E49086002E09E
:1036E00000204C4908604C491C48006804F02CFE3E
:1036F00005D34A491948006804F01CFE0DD2002188
:103700004FF08040FEF744F800214FF08040FEF774
:1037100041F801203F49086085E081E0A0000020D9
:1037200054010020750000208C000020C7000020FC
:10373000C8000020D8000020740000207000002085
:10374000C9000020260100202401002034010020AF
:10375000300100203C010020380100200001002041
:10376000F000002058010020E4000020F4000020B8
:10377000FC000020F80000209801002094010020A7
:10378000600100205C010020D9000020DA00002048
:10379000BC0000203333B33EC0000020C400002032
:1037A000C5000020C6000020CC000020D000002072
:1037B000D40000200000C8424C010020100100206D
:1037C000109E000814010020180100201C01002098
:1037D0007C0100206C0100200080FB3F7001002074
:1037E0000000C43F5A0000208C010020540000203B
:1037F00090010020440000200000A0C10000A04172
:103800000010014048000020000C01400000204151
:10381000000020C14801002000004842000048C2CA
:103820000020F7490860BDE8F0812DE9F041F54836
:103830000468F5480168204604F098FA044600251B
:103840000026EF48006898B9F048006820F000476B
:10385000EF49384604F078FD0AD8EA48006820F0BD
:103860000047EC49384604F065FD01D800BFEA4E38
:103870002146EA48006804F079FA0746294604F030
:1038800075FAE74908602146E448006804F0C0FA88
:103890000746314604F06AFAE2490860E0480068E9
:1038A00004F0D3FC00B2B0F57A7F02DDDE48DC49DB
:1038B0000860DB48006804F0C8FC00B210F57A7FAD
:1038C00002DADA48D6490860D648006804F0BDFC40
:1038D00000B2B0F57A7F02DDD348D2490860D14802
:1038E000006804F0B2FC00B210F57A7F02DACF482B
:1038F000CC490860CB48006804F0A7FC07B2C84870
:10390000006804F0A2FC0FFA80F839464046FFF741
:103910006BFEBDE8F08170B5C548FDF754FF044665
:10392000C448FDF750FF0546C3480460C34805601E
:103930000021BF48FDF724FF0021BE48FDF720FF0E
:1039400020B2BF490880684200B2BE490880BE4824
:103950000068BB49B1F900100844BB490860BB4886
:103960000068B849B1F900100844B849086070BD52
:103970002DE9F04F87B0B4490968B44A1268881835
:1039800004F044FCB2490860B0490968AE4A1268C4
:10399000881A04F03BFC07464FF07E5104F03EFAD3
:1039A0000446002006909648006898B99748006839
:1039B00020F000479649384604F0C6FC0AD89148E2
:1039C000006820F000479349384604F0B3FC01D862
:1039D000914806902046069904F01AFA04464FF0E2
:1039E0004041204604F0B0FC06D24FF08041204612
:1039F00004F0A0FC00D20024002094490860924901
:103A000008609448006804F04DFC82464FF066322E
:103A1000914B04F01AFB074604F070FC8D490860D6
:103A20008B48006804F03EFC07464FF033328B4B66
:103A300004F00BFBCDE900018648006804F032FC7D
:103A40008246DDE9002304F059FACDE9020104F0D1
:103A500055FC8049086082496C48006804F0DEF932
:103A600005907C480168059804F0D2F904907D48DF
:103A70000499006804F07AF97A4908607A4979482B
:103A8000006804F061FC02D2774876490860774903
:103A90007448006804F04EFC02D274487149086012
:103AA00073480068032812D10020724908607249E7
:103AB0000968A1F1800004F0B7FB074600226F4BB4
:103AC00004F0C3FA824604F019FC6A4908606848A9
:103AD0000068042812D10020694908606949096812
:103AE000A1F1C00004F0A0FB82460022664B04F066
:103AF000ACFA074604F002FC6149086060480168BE
:103B00005848006804F08AF907465A480168049842
:103B100004F084F98046394604F028F980F000402A
:103B20005A4908605A495B48006804F00DFC05D307
:103B300059495848006804F0FDFB0BD2534800680F
:103B400080F0004753480168384604F099F953491A
:103B5000086002E000205149086051494F48006860
:103B600004F0F2FB02D24E484C4908604D494B48E4
:103B7000006804F0DFFB02D24A4848490860204848
:103B8000006800283AD12148006820F000474649E3
:103B9000384604F0D9FB31D824F000464348006889
:103BA00020F000474249384604F0CEFB07D2414995
:103BB0004148006804F032F93F490860A6E000215E
:103BC000204604F0B7FB07D13C493B48006804F0AD
:103BD00025F93949086099E03949304604F0AAFBD3
:103BE00072D83849204604F019F90746324801686E
:103BF000384604F0BBF8304908606CE0CDE063E083
:103C00004801002058010020D0000020540100206D
:103C10000000F0410000C84100002041F4000020F5
:103C2000F8000020FC00002000007A4400007AC464
:103C30000004004000080040400100204401002032
:103C40002401002026010020300100203401002042
:103C5000380100203C0100206666E63F3333D33F45
:103C6000000080BFD40000200000FA450000FAC523
:103C70007C01002018010020740100200000DE3FBC
:103C80001C010020780100200000C43FEC0000204F
:103C90006F12833A100100206F1283BAF0000020E7
:103CA0000000C0400000C0C00000A0420001002091
:103CB0000000A0408FC2753FCC00002048E17A3F51
:103CC000000020423480B739FD49FE48006804F006
:103CD000A5F8FC4908602146FA48006804F09EF8FF
:103CE0000746002104F026FB10D2F749204604F0D5
:103CF00095F880464FF0804104F090F80746F1486F
:103D00000168384604F032F8EE490860EF49ED48A2
:103D1000006804F019FB02D2EC48EA490860EC495B
:103D2000E848006804F006FB02D2E948E54908606B
:103D3000E849204604F072F80746E2480168384630
:103D400004F014F88146E449484604F0FDFA01D233
:103D5000DFF88493E149484604F0ECFA01D2DFF839
:103D60007C93DF480168484604F052F805464FF05E
:103D70008141284604F0E8FA01D24FF08145D94943
:103D8000284604F0D7FA00D2D64D2946D448006818
:103D900003F0ECFFD24908600DE0D349C948006840
:103DA00004F03CF8C7490860CF49CD48006804F0EA
:103DB00035F8CB49086007B0BDE8F08F2DE9F04138
:103DC000CA480068002850D1C948FDF7FCFC00EB48
:103DD000800000EB00104400204604F025FA054660
:103DE0000022C44B04F0A3F9074604F087FAC24945
:103DF00008600846006804F055FA044622460B465F
:103E0000BEA004F0B9FCC048007820B90020BF492A
:103E10000860BDE8F081B848006804F043FA044641
:103E20000022BB4B04F052FA03D8BA48B7490860E5
:103E30001BE0B949B048006804F086FA01D80124B3
:103E400000E000244FF08241AB48006804F072FAB1
:103E500001D8012000E0002004401CB1AF48AB496C
:103E6000086002E00020A949086000BFD1E72DE901
:103E7000FC5FAB480068012878D1AA48D0F800B0B0
:103E8000A94800680190A948B0F90290A848B0F983
:103E900000A099480468484604F0B8F906464FF077
:103EA0008D4103F0EDFF0546A24903F0B7FFA2499B
:103EB0000860504604F0AAF90646A04903F0A8FF9E
:103EC00005469F4903F0DCFF9E490860584604F010
:103ED000E9F907469C4A9D4B04F029F9054604F090
:103EE0000DFA8346019804F0DDF90546964A974B92
:103EF00004F01DF9074604F001FA0190502194489E
:103F000003F010FF924893A1096801600A219248CA
:103F100003F008FF914800210160416001810A21FE
:103F20008F4803F0FFFE8F4800210160416001814E
:103F30000A218D4803F0F6FE8C48002101604160A3
:103F400001818B49584604F0F5F910D88949584643
:103F500004F0FAF90BD8584604F0A4F905462A46AD
:103F60000B4685A17C4804F017FC02E03EE1BDE869
:103F7000FC9F7F49019804F0DDF90FD87D49019835
:103F800004F0E2F90AD8019804F08CF905462A46B3
:103F90000B4679A1714804F0FFFB00E0E7E77849A0
:103FA0006548006804F0D0F911D27649624800688B
:103FB00004F0C0F90BD26048006804F073F90546BC
:103FC0002A460B466CA1664804F0E6FB00E0CEE70B
:103FD0006D495C48006804F0B7F911D26B49594843
:103FE000006804F0A7F90BD25648006804F05AF9AB
:103FF00005462A460B4660A15A4804F0CDFB00E076
:10400000B5E70021204604F09FF90FD8604920460B
:1040100004F090F90AD2204604F044F905462A46F5
:104020000B4655A1504804F0B7FB00E09FE7002085
:1040300000F050FF0090009804F0F1F80746554951
:1040400003F0ECFE06464FF08B4103F019FF0546E6
:10405000514903F0DDFE5149086000214F480068D6
:1040600004F072F911D847494C48006804F062F92D
:104070000BD24A48006804F015F905462A460B465B
:104080003DA13A4804F088FB00E070E7324930482F
:1040900003F053FE42A12E4803F04FFE2F492C4857
:1040A00003F04BFE3FA12A4803F047FE2C49284865
:1040B00003F043FE3CA1264803F03FFE294975E08A
:1040C00052B87E3FCC0000203480B7390000C84190
:1040D0000000C8C10AD7A33B0000A0420000A0C254
:1040E000D0000020000080C0CDCC4C3F64010020F7
:1040F000002C014000006940500100206A756C6985
:104100003D25660A00000000750000204C010020DB
:1041100000001040000096C30000A0400000FA43D9
:1041200080010020F8000020FC0000205A00002040
:1041300054000020CDCC1C418C0100209A19004372
:10414000000003439001002048E17A14AE470F407D
:1041500030020020244C5600480300205203002067
:104160005C03002066030020700300207A03002017
:1041700000007A4400007AC425332E326600000025
:104180000000A0C10000A04100803BC500803B456D
:1041900000401C46CDCC5441CDCC4C3EE00000202C
:1041A0002C5256002C4143002C475900FE4803F086
:1041B000C4FDFEA1FC4803F0C0FDFE49FA4803F02F
:1041C000BCFDFDA1F84803F0B8FDFC49F64803F03A
:1041D000B4FDFBA1F44803F0B0FD5021F94803F011
:1041E000A1FD5022F049F74803F083FD00BFBEE671
:1041F00010B5F5480068401EF3490860F3480068B0
:10420000012807D10846006820B9FFF730FEED48C5
:1042100000F03BFDEC48006818B941F28830EA49EB
:10422000086010BD70B506460D461446214630465E
:1042300004F08AF801D2204670BD2946304604F0C9
:1042400079F801D22846F7E73046F5E72DE9F0473F
:1042500004460E4617461D46DDE90889DC4ADD495D
:104260003046FFF7DFFF0646D94ADA493846FFF7FE
:10427000D9FF07460021284604F05CF801D285F0FA
:104280000045D54AD5492846FFF7CCFF0546B8F189
:10429000000F01D14FF0010841F28830804500D96C
:1042A0008046012C00D10027042C00D10026CC48E8
:1042B000047046608760CB480068C949C8600846FA
:1042C0000561A0F814800020C88201200876B9F1A9
:1042D000000F06D00320C4490870C4480078C449C0
:1042E0000870BDE8F0872DE9F04780460C4615467A
:1042F000BB48007E20B9002020602860BDE8F08720
:1043000000263DE0B64AD168506803F081FD0746BB
:1043100027F00049B2480169484604F00BF804D878
:10432000AF484068AE49C86013E00021384604F049
:104330000BF807D2AA4A1169D06803F017FDA84903
:10434000C86006E0A64A1169D06803F061FDA4497F
:10435000C860A348C08AA249898A884204DAA04872
:10436000C08A401C9E49C8829D48C08A9C49898A4F
:10437000884203DB00209A49087603E0701CC6B22D
:104380004645BFDB00BF9648C068206094488068FF
:1043900028609348007E08B90220AFE70120ADE70E
:1043A0007CB504460D46164600209249087001204F
:1043B0002B4600222146CDE90060FFF747FF7CBD78
:1043C0002DE9FC4104460D4616461F460FB101205B
:1043D00000E000208749087000208749087087495D
:1043E000087001202B4600222146CDE90060FFF72E
:1043F0002DFFBDE8FC8108B1012100E000217D4ACC
:10440000117000217C4A11707C4A117070477CB594
:1044100004460D4616460120794B2A462146CDE931
:1044200000600220FFF712FF7CBD7CB504460D46FC
:1044300016460120724B2A462146CDE90060032032
:10444000FFF704FF7CBD7CB504460D4601206C4B94
:1044500022460021CDE900500420FFF7F7FE7CBD85
:1044600070B505460C460021284603F063FF01D2D3
:1044700085F000450021204603F05CFF01D284F066
:104480000044604805606048046070BD2DE9F04755
:1044900005460C4616461F46DDF8208025F00045EF
:1044A00024F000444A4A00212846FFF7BBFE574942
:1044B0000860474A00212046FFF7B4FE5349486090
:1044C00053480680008810B901205149088050489F
:1044D000008841F28831884202D908464C49088058
:1044E00027F000493C4A3D494846FFF79BFE4949B1
:1044F0000860B8F1000F01D0012000E0002046491B
:1045000008700020454908704148008803F087FE84
:104510008246434903F082FC81464946414803F004
:10452000AFFC3A4988603C48007808B13E4800E05A
:104530003E483649C86000200861FEF7FDFE0120B4
:10454000294908702948007829490870002038490D
:104550000860BDE8F0872DE9FF4F85B0834614461B
:104560001D463449204603F0E5FE00D2314C0021BF
:10457000129803F0DFFE01D2002012902E4912980B
:1045800003F0E2FE01D22C4812902146254803F0A8
:1045900077FC0746224903F073FC06464FF07E5134
:1045A000304603F0C7FE49E0300200202C4353425E
:1045B00000000000700300202C5654007A030020F5
:1045C00023000000800200208401002080010020E0
:1045D00000008243000082C3000040400AD7233C11
:1045E000A00000205401002075000020D800002009
:1045F00074000020C6000020C7000020C800002072
:104600003333B33E980000209C0000207800002047
:10461000BC000020C0000020C4000020C500002015
:104620000AD7A33BDB0FC940DA0FC93FDA0FC9BF76
:1046300070000020CDCCCC3D6666E63E01D24FF046
:104640007E56B949304603F07FFE00D2B64E4FF099
:104650007C51304603F08AFB074603F00FFE1FFA39
:1046600080F9B249129803F0D9FB0746B04903F02C
:104670007DFB8246284603F015FE074605F052FBF7
:10468000CDE9000103F03AFE0021029003F05CFE48
:1046900001D8012000E000200390039853464A46C9
:1046A000009058460699FFF7F1FE09B0BDE8F08F7B
:1046B00000B503460A4602209E490870FEF73CFEFC
:1046C0009D4803609D4802609D4800789D490870A0
:1046D00000209D49086000BD2DE9F05F04460D46AD
:1046E000D4F80090D5F800A0984F9949384603F0C7
:1046F00021FE00D8974F9848D0F80080974940464F
:1047000003F022FE18D89649404603F013FE13D852
:1047100000209449087094480078FF2804D29248F9
:104720000078401C904908708F480078042836D3E0
:104730004FF00009CA4632E08949404603F004FEC2
:1047400028D23946404603F0F5FD23D8002086499B
:10475000087084480078FF2804D282480078401C02
:10476000804908707F4800780C2818D37F48D0F81B
:1047700000907F48D0F800A029F0004B7D495846B2
:1047800003F04CFB06463146504603F0DDFD06D2F1
:10479000B24604E000207349087073490870C4F8F9
:1047A0000090C5F800A0BDE8F09F1CB572480068F5
:1047B000019000200090694601A8FFF78DFF6F4926
:1047C000019808606E490098086000206D490860F3
:1047D0006D4908601CBD2DE9FF41594805785948CD
:1047E0000078281AC6B2574805706848007E40BB5A
:1047F0006748007800F0010058B96648007810B1A9
:104800006548406803E06448406880F0004007461F
:104810000AE06048007820B15F48406880F00040BE
:1048200001E05D484068074600205C490988CDE901
:104830000010594801685A483A4603680220FFF7B9
:1048400005FD02AA03A93046FFF74DFD0446022CE0
:1048500005D14F48007880F001004D490870474964
:10486000039808604649029808600120454908609D
:10487000002045490860BDE8FF817CB530480478D8
:1048800030480078201AC5B22E4804706A4601A943
:104890002846FFF728FD064616B900200190009033
:1048A0003A480078012807D13E48007820B169468F
:1048B00001A8FFF711FF04E000202A4908702A49E7
:1048C00008702E49019808602D4900980860012061
:1048D0002C49086000202C4908607CBD10B51548A3
:1048E0000078E0B1012804D0022808D0032815D1AF
:1048F00002E0FFF770FF15E0FFF7BFFF12E00E4880
:1049000000681E4908600D4800681D4908600120C4
:104910001C49086000201C49086003E000BFFFF745
:1049200044FF00BF00BF10BD00409C459A99993FCD
:104930003333B33E75000020900000209400002027
:10494000D800002074000020700000200000C84142
:104950000000304100009041500100200000204044
:1049600000002041C7000020C8000020980000205F
:104970009C000020CDCC4C3F8C0000205401002036
:1049800058010020640100204C010020A0000020FC
:10499000C5000020C400002078000020BC000020DA
:1049A000C0000020C600002000B585B0012144F2FF
:1049B0000400FBF7BDFF4FF40070ADF810001820A5
:1049C0008DF8130003208DF8120004A9BB48FBF7F3
:1049D000F3FC4FF48060ADF8100004208DF8130054
:1049E00004A9B648FBF7E8FC4FF4E1300090002042
:1049F000ADF80400ADF80600ADF80800ADF80C0005
:104A00000C20ADF80A006946AD48FCF746FF0121CD
:104A1000AB48FCF7CEFF05B000BD08B54FF4806091
:104A2000FBF76EFB27208DF8000004208DF80100B5
:104A300001208DF802008DF803006846FBF765FB46
:104A400008BD00B585B001218804FBF77EFF012178
:104A50000820FBF76DFF4FF48060ADF810001820C0
:104A60008DF8130003208DF8120004A99548FBF778
:104A7000A3FC4FF40060ADF8100004208DF8130083
:104A800004A99048FBF798FCFFF7C7FF4FF41650B6
:104A900000900020ADF80400ADF80600ADF8080065
:104AA000ADF80C000C20ADF80A0069468648FCF70A
:104AB000F4FE012240F225518348FCF786FF0121D4
:104AC0008148FCF776FF05B000BD70B504460D4681
:104AD000E1B27B48FCF7DAFF00BF40217848FDF7E0
:104AE00043F80128F9D1204670BDF0B503460D46C4
:104AF0001646002729460A2E03D0002008702846B3
:104B0000F0BD33B9302001F8010B002008702846B1
:104B1000F6E7002B03DA2D2001F8010B5B4242F28D
:104B200010720DE093FBF2F404B937B104F13000D8
:104B300001F8010B04FB123301270A2092FBF0F26B
:104B4000002AEFDC002008702846D9E70FB470B5C2
:104B500086B006460CA8019073E00B9800785C289C
:104B60001CD10B98401C0B9000786E2809D072283D
:104B70000FD10D213046FCF789FF0B98401C0B909C
:104B80000BE00A213046FCF781FF0B98401C0B908C
:104B900003E00B98401C0B9000BF4BE00B98007893
:104BA000252840D10B98401C0B900078642818D021
:104BB000732833D1019810C801900BE0217830465A
:104BC000FCF764FF00BF40213046FCF7CDFF002812
:104BD000F9D0641C20780028F0D10B98401C0B9071
:104BE00020E0019820C801900A2202A92846FFF778
:104BF0007CFF02AC0BE021783046FCF747FF00BF9A
:104C000040213046FCF7B0FF0028F9D0641C207822
:104C10000028F0D10B98401C0B9003E00B98401C2F
:104C20000B9000BF06E00B9810F8011B0B9030466C
:104C3000FCF72CFF00BF40213046FCF795FF002811
:104C4000F9D00B980078002887D106B070BC5DF8C9
:104C500014FB10B5044621461948FCF717FF00BFA6
:104C600040211748FCF780FF0128F9D110BD10B58D
:104C7000044621461448FCF709FF00BF40211248B2
:104C8000FCF772FF0128F9D110BD70B505462C461E
:104C900003E02078FFF7EBFF641C20780028F8D1B0
:104CA00070BD70B505462C4603E02078FFF7D1FFB4
:104CB000641C20780028F8D170BD00000008014075
:104CC00000380140000C0140004800407FB5044618
:104CD0000D460121C802FBF72BFE41F28830ADF8EA
:104CE000080041F61F40ADF804000120ADF80A00AD
:104CF0000020ADF8060001A91148FBF751FF012281
:104D000041210F48FCF7C3FA19208DF80000032059
:104D10008DF8010000208DF8020001208DF80300BD
:104D20006846FBF7F2F97FBD10B501210448FCF796
:104D30005CFD18B101210248FCF768FD10BD0000C0
:104D4000002C01401FB501213D48FBF706FC012165
:104D50000920FBF7EDFD0120ADF80C0010208DF8C7
:104D60000F0003208DF80E0003A93648FBF724FB43
:104D70000220ADF80C0028208DF80F0003A931485F
:104D8000FBF71AFB01210846FBF72CFC02200190DF
:104D900000208DF8080008208DF8090001208DF80A
:104DA0000A0001A8FBF728FA07208DF8000003206D
:104DB0008DF8010001208DF802008DF8030068468F
:104DC000FBF7A3F91FBD10B50220FBF77BFA48B330
:104DD00000211D48FCF7D4FC01211B48FCF73CFADC
:104DE00001201A49086012E01748FCF7ECFC3C2847
:104DF00007DB00211448FCF72FFA00201349086054
:104E000005E002210F48FBF76AFB104908600F48D4
:104E100000680028E8D100210B48FCF71DFA0220A9
:104E2000FBF761FA10BD10B501210648FBF771FBD5
:104E30000C20FDF70BFA01210248FBF76CFB10BDBB
:104E400000023000000C0140002C0140E80100206D
:104E500000B587B001214FF40170FBF769FD4FF4F5
:104E60000040FBF7C9FC0120ADF8040000208DF8DC
:104E7000070001A92348FBF79FFA2348FCF7CEFE61
:104E8000002002908DF80C008DF80D004FF460208A
:104E900004900020059001208DF8180002A91A48FE
:104EA000FCF7E3FE01211848FCF70BFF1648FCF75E
:104EB0002AFF00BF1448FCF72BFF0028FAD1124844
:104EC000FCF730FF00BF1048FCF731FF0028FAD193
:104ED00007B000BD10B504460723012221460A4849
:104EE000FCF75BFF01210848FCF72BFF00BF022104
:104EF0000548FDF797F80028F9D00348FCF7B4FF00
:104F000010BD000000080140002401400648804711
:104F100006480047FEE7FEE7FEE7FEE7FEE7FEE79E
:104F2000FEE7FEE7FEE7FEE74B210008ED00000884
:104F300038B50446FB4890F82400C0B114B10220F3
:104F4000009001E000200090F64A1268D17BF54AFB
:104F5000526810786B460122FDF7E5FA10B14FF068
:104F6000FF3038BD9DF80010EE48417423E0ED4855
:104F7000807A10B94FF0FF30F3E724B1E948407C64
:104F800008B10020EDE714B10120009001E00020FD
:104F90000090E44A1268D17BE24A526810786B466E
:104FA0000122FDF7C0FA10B14FF0FF30D9E79DF8AC
:104FB0000010DC4841740020D3E738B5002419E024
:104FC000D8480068C07AA04204D0D6480068407D26
:104FD000A04200D10CE0D349496808786B46012211
:104FE0002146FDF7EFFA10B14FF0FF3038BD00BF9A
:104FF000601CC4B2CB4840680079A042E0DC0020CD
:10500000F4E770B504460D46C6480068C07AA04271
:1050100004D0C4480068407DA04202D14FF0FF3068
:1050200070BDC04840680079A04202DC4FF0FF30FC
:10503000F6E7BC49496808782B4601222146FDF76E
:10504000C1FAEDE738B50446B64890F82300A0420F
:1050500001D1002038BD14B13020009001E00020C3
:105060000090B048807C20B19DF8000040F0020024
:105070000090AC4890F8220020B19DF8000040F06C
:1050800080000090A74A1268117DA64A52681078E5
:105090006B460122FDF747FA10B14FF0FF30D9E718
:1050A000A04880F823400020D4E738B5044604F037
:1050B000700010B10120009005E014B100200090B4
:1050C00001E040200090974A1268917C954A52680E
:1050D00010786B460122FDF726FA20B10021914895
:1050E0008172481E38BD9DF8000020F040018D48B7
:1050F00001730020009004F0400020B99DF80000EA
:1051000040F00400009004F0200020B99DF8000059
:1051100040F00200009004F0100020B99DF800005B
:1051200040F00100009004F0080020B99DF8000054
:1051300040F0380000907B4A1268D17C794A52686E
:1051400010786B460122FDF7EEF920B10021754879
:105150008172481EC6E724B1082C02D00020FFF758
:1051600071FF70488472002101753220FDF77BF8D1
:105170000020B7E738B504466A48807CA04201D1D8
:10518000002038BD002C46D0664A12681179654A65
:10519000526810786B460122FDF714FA10B14FF0F7
:1051A000FF30EEE79DF8000020F0200000905D4AFF
:1051B000126811795B4A526810786B460122FDF73C
:1051C000B2F910B14FF0FF30DBE70320FDF74BF8E9
:1051D00002200090534890F8220020B19DF8000072
:1051E00040F0800000904F4890F8230020B19DF8D7
:1051F000000040F0300000904A4A1268117D494A90
:10520000526810786B460122FDF78DF9002851D0C5
:105210004FF0FF30B5E7434A12681179414A5268AE
:1052200010786B460122FDF7CDF910B14FF0FF3039
:10523000A7E73C48807A00F0010028B19DF8000003
:1052400040F02000009004E09DF8000020F02000D5
:105250000090344A12681179324A526810786B46CD
:105260000122FDF760F910B14FF0FF3089E703200C
:10527000FCF7F9FF2B4890F8220010B18020009035
:1052800001E000200090274890F8230020B19DF80D
:10529000000040F030000090224A1268117D214A3F
:1052A000526810786B460122FDF73DF910B14FF0BE
:1052B000FF3066E71B488474002062E708B5194890
:1052C000807A10B94FF0FF3008BD00200090154AD9
:1052D0001268D17B134A526810786B460122FDF7A1
:1052E00022F910B14FF0FF30EEE70E4A1268517903
:1052F0000C4A526810786B460122FDF714F910B180
:105300004FF0FF30E0E7074A12681179054A52680A
:1053100010786B460122FDF706F928B14FF0FF30F7
:10532000D2E70000EC010020F74890F824000028A4
:1053300053D00C200090F44A12681179F24A526856
:1053400010786B460122FDF7EEF810B14FF0FF30F8
:10535000BAE73220FCF787FFC0200090EA48807A45
:1053600000F0010020B19DF8000040F02000009006
:10537000E54A12681179E44A526810786B460122B6
:10538000FDF7D1F810B14FF0FF309DE7DE48407CCB
:1053900010B10220009001E000200090DA4A12686B
:1053A000D17BD94A526810786B460122FDF7BBF8D1
:1053B00010B14FF0FF3087E700200090D24A12680A
:1053C0005179D14A526810786B460122FDF7ABF84B
:1053D000002855D04FF0FF3076E704200090CA4AED
:1053E00012681179C84A526810786B460122FDF79D
:1053F0009AF810B14FF0FF3066E7C348807C20B9BF
:10540000C148807A00F0010010B94020009001E00E
:1054100060200090BC4A12681179BB4A526810782B
:105420006B460122FDF77FF810B14FF0FF304BE7DC
:105430003220FCF718FFB448407C10B101200090E6
:1054400001E000200090B04A1268D17BAE4A526859
:1054500010786B460122FDF766F810B14FF0FF306F
:1054600032E7A94A12685179A74A52681078A64BC8
:1054700010330122FDF757F810B14FF0FF3023E74A
:10548000002021E770B50446002624F001049E4860
:1054900090F8240008B1002070BD9B48807A10B9B4
:1054A0004FF0FF30F8E79848057C807A2040964915
:1054B00008740846007CA04202D04FF0FF3600E09E
:1054C000002614B99048007D18B10120FFF730FD87
:1054D00002E00020FFF72CFD3CB1FFF7EFFE20B10A
:1054E000894805744FF0FF30D6E73046D4E738B529
:1054F00004468548807A10B94FF0FF3038BDBC2C87
:1055000002DB0120009015E0622C02DB02200090FB
:1055100010E02A2C02DB032000900BE0142C02DBAD
:105520000420009006E00A2C02DB0520009001E038
:10553000062000907448C07A9DF80010884201D17E
:105540000020DBE7704A126891786F4A5268107841
:105550006B460122FCF7E7FF10B14FF0FF30CDE7BB
:105560009DF800106848C1720020C7E738B50446AE
:10557000282C02DD4FF0FF3038BDDCB90020FFF7EA
:1055800061FD00208DF8000007208DF801005E4AC3
:105590001268917C5C4A526810786B460222FCF7D4
:1055A000C2FF10B14FF0FF30E6E700215648017509
:1055B0000020E1E70120FFF745FD20208DF80000E5
:1055C000012C06D100208DF801000520FFF78FFF88
:1055D00017E0052C06DC01208DF801000520FFF7FF
:1055E00086FF0EE0142C06DC02208DF801000A2054
:1055F000FFF77DFF05E003208DF801001420FFF781
:1056000076FF9DF80100072101EB8010C0B28DF8F4
:1056100001003D4A1268917C3B4A526810786B4603
:105620000222FCF780FF10B14FF0FF30A4E7082101
:105630003548817200210173012101750020FFF7B7
:1056400021FF002098E738B504462F48807A10B92A
:105650004FF0FF3038BD2C4890F8240010B14FF0C7
:10566000FF30F7E72848007D50B134B1282C04DC26
:10567000E0B2FFF77BFF0020ECE70020FFF776FFAA
:10568000042C01DA042404E0B4F57A7F01DD4FF440
:105690007A744FF47A7090FBF4F0401EC0B2009020
:1056A000194A12685178184A526810786B460122DC
:1056B000FCF739FF10B14FF0FF30CBE79DF8000049
:1056C000401C4FF47A7191FBF0F081B20E48C18119
:1056D0000146C9894810FFF70AFF0020BAE738B52C
:1056E00004460948807A10B94FF0FF3038BD022CCB
:1056F00006D0042C0AD0082C0BD0102C0FD10BE0B4
:10570000002000900EE00000EC0100200820009036
:1057100008E01020009005E01820009002E04FF013
:10572000FF30E3E700BFF848407A9DF80010B0EB87
:10573000E10F01D10020D9E7F34A1268D179F24A8A
:10574000526810786B460122FCF7EDFE10B14FF065
:10575000FF30CBE79DF80000C110EB4841720020FC
:10576000C4E738B50446E848807A10B94FF0FF30F6
:1057700038BDFA2C09D0B4F5FA7F09D0B4F57A7F98
:1057800009D0B4F5FA6F0CD108E0002000900BE0CE
:105790000820009008E01020009005E018200090FC
:1057A00002E04FF0FF30E3E700BFD748007A9DF8F2
:1057B0000010B0EBE10F01D10020D9E7D24A126806
:1057C0009179D14A526810786B460122FCF7ABFE02
:1057D00010B14FF0FF30CBE79DF80000C010CA4970
:1057E00008720020C4E71CB580208DF80000C64A6E
:1057F0001268917CC44A526810786B460122FCF70B
:1058000092FE10B14FF0FF301CBD6420FCF72BFD61
:1058100000208DF80000BC4A1268917CBA4A526898
:1058200010786B460122FCF77EFE10B14FF0FF307E
:10583000EAE7B54A1268917DB34A526810786B4620
:105840000622FCF7BFFE10B14FF0FF30DCE79DF8F9
:105850000500C007400F9DF8031001F0010140EA68
:1058600041009DF8011001F0010140EA01048CB1F2
:10587000012C03D10121A448C17430E0022C03D1D2
:105880000021A148C1742AE0A0A0FFF70AFA4FF056
:10589000FF30B9E79C4A1268D1789B4A5268107869
:1058A0006B460122FCF78EFE10B14FF0FF30ABE7E4
:1058B0009DF8000000F00F042CB99E48FFF7F1F9A5
:1058C0004FF0FF30A0E7042C06D19BA0FFF7E9F9C9
:1058D00001218D48C17402E000218B48C174FF2171
:1058E00089488172FF2088490872FF2186484172E9
:1058F000C1724FF6FF71C181FF21017481740121D2
:10590000017380F82210002180F823104175017581
:105910001630016041608160163880F8241080F8EC
:105920002510C1844FF4FA60FFF71BFF10B14FF050
:10593000FF3069E70220FFF7D2FE10B14FF0FF30D1
:1059400062E72A20FFF7D3FD10B14FF0FF305BE78D
:105950003220FFF778FE10B14FF0FF3054E70020FF
:10596000FFF790FD10B14FF0FF304DE70020FFF73B
:1059700001FC10B14FF0FF3046E70020FFF795FB28
:10598000002041E77CB504460D465F48807A00F070
:10599000700010B94FF0FF307CBD5B4A1268117B7C
:1059A000594A526810786B460622FCF70BFE10B17C
:1059B0004FF0FF30F0E79DF801009DF8001040EA3D
:1059C000012000B220809DF803009DF8021040EAFB
:1059D000012000B260809DF805009DF8041040EAA7
:1059E000012000B2A08015B12846FCF748FC002039
:1059F000D2E77CB504460D464348807A00F00800A3
:105A000010B94FF0FF307CBD3F4A1268517B3E4ACF
:105A1000526810786B460622FCF7D4FD10B14FF0A7
:105A2000FF30F0E79DF801009DF8001040EA0120EA
:105A300000B220809DF803009DF8021040EA01208A
:105A400000B260809DF805009DF8041040EA012036
:105A500000B2A08015B12846FCF711FC0020D2E767
:105A60002DE9FE4F05460C462748807A18B94FF0BD
:105A7000FF30BDE8FE8F244A1268917B224A5268AB
:105A8000107802AB0222FCF79DFD10B14FF0FF3001
:105A9000EFE79DF809009DF8081040EA012006B2E2
:105AA00014B12046FCF7EBFB17494968C88802F09F
:105AB000B6FB154901904968B1F9080002F0A6FB50
:105AC0008346304602F0A2FB5946009002F0A0F94E
:105AD0008246019902F0D4F981461F4902F046F945
:105AE00080464FF08F4102F099F9074602F0ADFB76
:105AF00028600020BDE710B588B004461CB94FF0FF
:105B0000FF3008B010BD29E0EC010020556E737520
:105B100070706F7274656420736F667477617265FC
:105B20002070726F64756374207265762025642E10
:105B30000A00000088AC000848616C662073656E3E
:105B40007369746976697479207061727420666F04
:105B5000756E642E0A00000000000C42206830B907
:105B6000606820B9A06810B9002008B010BDFA49DB
:105B70004968087806AB03221146FCF723FD10B1F3
:105B80004FF0FF30F1E79DF81800082101EB2010DD
:105B900000F00F00ADF800009DF8190001EB201097
:105BA00000F00F00ADF802009DF81A0001EB201084
:105BB00000F00F00ADF8040020684100BDF90000BE
:105BC000403091FBF0F000B2ADF810006068410089
:105BD000BDF90200403091FBF0F000B2ADF81200C8
:105BE000A0684100BDF90400403091FBF0F000B224
:105BF000ADF81400D8494968087806AB062211466A
:105C0000FCF7E0FC10B14FF0FF30AEE79DF8190053
:105C10009DF8181040EA012000B2ADF808009DF888
:105C20001B009DF81A1040EA012000B2ADF80A00EE
:105C30009DF81D009DF81C1040EA012000B2ADF84F
:105C40000C00BDF81000BDF80810084400B2ADF813
:105C50001000BDF81200BDF80A10084400B2ADF8FB
:105C60001200BDF81400BDF80C10084400B2ADF8E5
:105C70001400BDF81000000A8DF81800BDF81000DF
:105C8000C0B28DF81900BDF81200000A8DF81A0094
:105C9000BDF81200C0B28DF81B00BDF81400000A58
:105CA0008DF81C00BDF81400C0B28DF81D00AA4983
:105CB0004968087806AB06221146FCF734FC10B19F
:105CC0004FF0FF3051E700204FE70146A248007A2D
:105CD00030B1012807D0022809D003280FD10AE0EB
:105CE000FA2008800EE04FF4FA7008800AE04FF4C2
:105CF0007A70088006E04FF4FA60088002E0002025
:105D0000088000BF00BF0020704701469248407ADB
:105D100030B1012807D0022808D003280CD108E0B0
:105D2000022008700BE00420087008E008200870CA
:105D300005E01020087002E04FF0FF30704700BF10
:105D40008548C07C18B108784006000E0870002015
:105D5000F4E701468048C07A082817D2DFE800F04F
:105D60001704070A0D101318BC20088013E06220E6
:105D7000088010E02A2008800DE0142008800AE046
:105D80000A20088007E00520088004E000BF00BF6B
:105D90000020088000BF00BF0020704701466E4809
:105DA00090F8240010B14FF0FF3070476A48C08966
:105DB00008800020F9E7014600200880401E704757
:105DC00001464FF0FF30704701466348007A30B11A
:105DD000012807D0022808D003280CD108E05F482A
:105DE00008600BE05E48086008E05E48086005E077
:105DF0005D48086002E04FF0FF30704700BF0020B0
:105E0000FBE701465448407A30B1012808D0022807
:105E10000AD0032810D10BE04FF4804008800EE038
:105E200041F69C7008800AE04FF48050088006E03C
:105E30004FF40060088002E04FF0FF30704700BF71
:105E40004548C07C10B10888401008800020F5E764
:105E500001464148007C08700020704701463E48DA
:105E6000807A10B10120087001E000200870002045
:105E7000704738B504463848807A10B94FF0FF3083
:105E800038BD354A1268117C334A526810786B4627
:105E90000222FCF797FB10B14FF0FF30F0E79DF8BE
:105EA00001009DF8001040EA012000B2208000208F
:105EB000E6E72DE9FE4F0746884692461D46DDF887
:105EC00030B000260024244890F8240010B1601E51
:105ED000BDE8FE8F002028701F48807A10B94FF06F
:105EE000FF30F5E71C48007C10B94FF0FF30EFE7BA
:105EF0001948007C00F0400008B1B01CC6B216483A
:105F0000007C00F0200008B1B01CC6B21248007C32
:105F100000F0100008B1B01CC6B20F48007C00F0C1
:105F2000080008B1B01DC6B20B4A1268917A0A4A3D
:105F3000526810786B460222FCF744FB10B14FF018
:105F4000FF30C5E79DF801009DF8001040EA0129E7
:105F5000B1450BDA0020BBE7EC0100200000034351
:105F6000000083423333034233338341FC484068AB
:105F70004088B9EB600F17DDF94A1268517CF84A86
:105F8000526810786B460122FCF71CFB10B14FF0F1
:105F9000FF309DE79DF8000000F0100020B1FFF7F2
:105FA0008DF96FF0010093E75046FCF768F9EC4A71
:105FB0001268D17AEA4A526810786B463246FCF78A
:105FC00001FB10B14FF0FF3082E799FBF6F0401E65
:105FD0008BF8000000202870B4422AD0E048007CF2
:105FE00000F0080028B3601C1DF800001DF8041024
:105FF00040EA012000B2A8F80000E01C1DF80010E3
:10600000A01C1DF8000041EA002000B2A8F8020020
:10601000601D1DF80010201D1DF8000041EA002041
:1060200000B2A8F80400287840F008002870A01DED
:1060300084B2B44213D0CA48007C00F0400070B172
:10604000601C1DF800001DF8041040EA012000B299
:106050003880287840F040002870A01C84B2B442F8
:1060600013D0BF48007C00F0200070B1601C1DF808
:1060700000001DF8041040EA012000B27880287862
:1060800040F020002870A01C84B2B44213D0B44861
:10609000007C00F0100070B1601C1DF800001DF8BD
:1060A000041040EA012000B2B880287840F01000C7
:1060B0002870A01C84B200200AE7F8B504460F46F9
:1060C0001646A74890F8240010B94FF0FF30F8BDED
:1060D000A348807A10B94FF0FF30F8E7A04A126861
:1060E000917A9F4A526810786B460222FCF76AFA4E
:1060F00010B14FF0FF30EAE79DF801009DF8001065
:1061000040EA0125A54203DA00203070401EDEE798
:10611000934840684088B5EB600F17DD904A1268DD
:10612000517C8F4A526810786B460122FCF74AFA7C
:1061300010B14FF0FF30CAE79DF8000000F01000EA
:1061400020B1FFF7BBF86FF00100C0E7E2B2844B6B
:106150001B68D97A824B5B6818783B46FCF732FAA9
:1061600010B14FF0FF30B2E795FBF4F0401E3070F5
:106170000020ACE701467A4880F8221000207047E2
:106180007CB5054676494968087801AB04220D21A3
:10619000FCF718FA08B107207CBD9DF80700C0F392
:1061A00001109DF8041001F0E00140EAE1008DF8D3
:1061B00000009DF80700C0F381009DF8051001F074
:1061C000E00140EAE1008DF801009DF8070000F0D1
:1061D00003009DF8061001F0E00140EAE1008DF8AF
:1061E000020000241CE01DF8040018B9002045F846
:1061F000240013E05B4845F8240006E055F824002D
:10620000594901F00BFE45F824001DF80400401E1A
:10621000C0B20DF804000028F0D100BF601CC4B269
:10622000032CE0DB0020B7E72DE9FE4F06460F46C2
:1062300000256846FFF7A4FF002442E056F824003A
:1062400057F82410A0EB010ABAF1000F01DB514608
:1062500001E0CAF10001084601F0D8FF83464FF083
:106260008F4101F00DFE80465DF82400002102F010
:1062700061F816D05DF82410404601F001FE824618
:106280004FF07E5101F0C4FD814629F0004A3748A5
:10629000416A504602F058F812D20120A04005434E
:1062A0000EE03248C169404602F044F805D32F4859
:1062B000016A404602F048F802D20120A04005439E
:1062C000641C032CBADB2846BDE8FE8F2DE9FC5F79
:1062D00006460F46002522494968087801AB03228B
:1062E0000D21FCF76FF910B10720BDE8FC9F9DF868
:1062F000040000F01F008DF804009DF8050000F078
:106300001F008DF805009DF8060000F01F008DF8B5
:106310000600002462E056F8240057F82410A0EB91
:10632000010BBBF1000F01DB594601E0CBF100018D
:10633000084601F06BFF4FF08F41009001F0A0FD87
:10634000814601A8005DC0B30849086801F067FFF5
:1063500083465946064801F093FD80460FE0000051
:10636000EC0100207B14AE3E1D5A843F589E00086D
:1063700000B04C45FE49404601F050FD804601A862
:10638000005D401EC0B201A908550028F2D1414667
:10639000484601F075FD83464FF07E5101F038FD0F
:1063A00082462AF0004BF3488169584601F0CCFF41
:1063B00013D20120A04005430FE0FFE7ED4801693B
:1063C000484601F0B7FF05D3EA484169484601F065
:1063D000BBFF02D20120A0400543641C032C9ADBC2
:1063E000284682E72DE9F04F87B005460C469146D6
:1063F00001208DF8100000208DF81100DE4A12688F
:10640000917CDD4A5268107804AB0222FCF78BF8CD
:1064100020B14FF0FF3007B0BDE8F08FC820FBF788
:1064200022FF00208DF81000D34A1268D17BD24A97
:106430005268107804AB0122FCF775F810B14FF0E8
:10644000FF30E8E7CC4A12685179CB4A526810789D
:1064500004AB0122FCF767F810B14FF0FF30DAE728
:10646000C54A1268917CC44A5268107804AB012274
:10647000FCF759F810B14FF0FF30CCE7BE4A126874
:10648000D17DBD4A5268107804AB0122FCF74BF86D
:1064900010B14FF0FF30BEE7B74A12681179B64A23
:1064A0005268107804AB0122FCF73DF810B14FF0B0
:1064B000FF30B0E70C208DF81000AF4A1268117958
:1064C000AD4A5268107804AB0122FCF72CF810B1E9
:1064D0004FF0FF309FE70F20FBF7C5FEA648806A0C
:1064E000407A8DF81000A44A12689178A24A526846
:1064F000107804AB0122FCF716F810B14FF0FF3012
:1065000089E79D48806A007A8DF810009A4A1268DF
:106510005178994A5268107804AB0122FCF703F8CD
:1065200010B14FF0FF3076E7B9F1000F07D0924875
:10653000806A807A40F0E0008DF8100004E08E4818
:10654000806A807A8DF810008B4A126891798A4AA5
:106550005268107804AB0122FBF7E5FF10B14FF051
:10656000FF3058E7B9F1000F07D08348806AC07A3E
:1065700040F0E0008DF8100003E07E48C07A8DF80E
:1065800010007D4A1268D1797B4A5268107804ABBA
:106590000122FBF7C8FF10B14FF0FF303BE7B9F124
:1065A000000F02D0C820FBF75EFE40208DF81000DF
:1065B000714A12681179704A5268107804AB01224E
:1065C000FBF7B1FF10B14FF0FF3024E778208DF8D2
:1065D0001000694A12685179674A5268107804AB12
:1065E0000122FBF7A0FF10B14FF0FF3013E7614924
:1065F0008889FBF738FE00208DF810005E4A12688B
:1066000051795D4A5268107804AB0122FBF78BFF89
:1066100010B14FF0FF30FEE6574A1268917A564AA1
:106620005268107804AB0222FBF7CCFF10B14FF098
:10663000FF30F0E69DF811009DF8101040EA012BA4
:106640000C209BFBF0F0C6B20020A86068602860B8
:10665000A06060602060824665E0474A1268D17A97
:10666000454A5268107804AB0C22FBF7ABFF10B11F
:106670004FF0FF30CFE69DF811009DF8101040EA72
:10668000012000B2ADF808009DF813009DF812102B
:1066900040EA012000B2ADF80A009DF815009DF80F
:1066A000141040EA012000B2ADF80C00BDF908104A
:1066B000206808442060BDF90A10606808446060E2
:1066C000BDF90C10A0680844A0609DF817009DF863
:1066D000161040EA012000B2ADF800009DF8190044
:1066E0009DF8181040EA012000B2ADF802009DF8B4
:1066F0001B009DF81A1040EA012000B2ADF804001A
:10670000BDF90010286808442860BDF902106868C7
:1067100008446860BDF90410A8680844A8600AF13C
:10672000010000F0FF0AB24597DB1248D0F800C024
:106730002868C117090441EA104107046246002392
:10674000384601F0A5FA32460023CDE9020101F0F6
:106750009FFA28600748D0F800C06868C11709048C
:1067600041EA1041070462460023384606E0000073
:1067700054E3853F589E0008EC01002001F088FAA0
:1067800032460023CDE9020101F082FA6860FE483A
:10679000D0F800C0A868C117090441EA10410704F5
:1067A00062460023384601F073FA32460023CDE9F1
:1067B000020101F06DFAA860F348D0F804C0216826
:1067C000C817000440EA11480F0462460023384607
:1067D000414601F05DFA32460023CDE9020101F0A5
:1067E00057FA2060E848D0F804C06068C11709046F
:1067F00041EA1041070462460023384601F048FA96
:1068000032460023CDE9020101F042FA6060DE4821
:10681000D0F804C0A068C117090441EA1041070478
:1068200062460023384601F033FA32460023CDE9B0
:10683000020101F02DFAA060A068002804DDA06824
:10684000A0F58030A06003E0A06800F58030A06073
:106850000020E0E538B50446CC4890F82400A0427A
:1068600001D1002038BD24B3C84890F8250010B9E4
:106870004FF0FF30F6E70020FEF75AFB0020FEF74E
:1068800079FCC249C88CFEF7DEFE00200090BF49AB
:10689000496808786B4601222321FBF744FE012159
:1068A000BA4880F824100120FEF742FBFEF706FDEF
:1068B00013E00020FEF73CFBB448007C0090B34995
:1068C000496808786B4601222321FBF72CFE002142
:1068D000AE4880F82410FEF7F1FC0020C2E72DE955
:1068E000F04F8DB083460F4602200C90A74890F8D9
:1068F000240020B10020FFF7ADFF012600E00026B4
:1069000003A8FFF7E2F905A8FFF7FFF901A8FFF7D1
:1069100020FA02A8FFF742FA9C4890F80AA004A8BF
:10692000FFF796FA002407E0002239465846FFF7A1
:1069300059FD00B902E0641C022CF5DB00BF022CFB
:1069400001D1002528E0002407E0012206A909A8BA
:10695000FFF748FD00B902E0641C022CF5DB00BF24
:10696000022C01D1002517E006A93846FFF75CFC90
:1069700000F0FF0809A95846FFF7A8FC00F0FF093E
:106980000025B9F1000F01D145F00105B8F1000F64
:1069900001D145F0020500BFFF207C490872FF21AC
:1069A0007A484172C1724FF6FF71C181FF21817235
:1069B000017401210173BDF80C00FEF7D2FE9DF8B1
:1069C0001400FEF78CFEBDF80400FEF790FDBDF844
:1069D0000800FEF738FE5046FEF767FB9DF81000F2
:1069E000FEF750FD16B10120FFF734FF28460DB029
:1069F000BDE8F08FF8B504460D46164616B94FF0BF
:106A0000FF30F8BD6148807A10B94FF0FF30F8E7E9
:106A100020128DF80000E0B28DF801009DF8010011
:106A200028445A4949684989884202DD4FF0FF30BD
:106A3000E7E7564A1268117E544A526810786B464E
:106A40000222FBF770FD10B14FF0FF30D9E7EAB238
:106A50004E4B1B68597D4D4B5B6818783346FBF7EE
:106A600062FD10B14FF0FF30CBE70020C9E7F8B569
:106A700004460D46164616B94FF0FF30F8BD4348A0
:106A8000807A10B94FF0FF30F8E720128DF800003F
:106A9000E0B28DF801009DF8010028443B494968A7
:106AA0004989884202DD4FF0FF30E7E7374A126834
:106AB000117E364A526810786B460222FBF733FD8E
:106AC00010B14FF0FF30D9E7EAB2304B1B68597D67
:106AD0002E4B5B6818783346FBF774FD10B14FF00E
:106AE000FF30CBE70020C9E72DE9F04385B005462C
:106AF0000E4690469946254890F8250020B14FF063
:106B0000FF3005B0BDE8F08316B94FF0FF30F8E76D
:106B1000002423E0281B102801DD102000E0281BA2
:106B200087B2321939462046FFF764FF10B14FF0A3
:106B3000FF30E6E701AA39462046FFF798FF10B17B
:106B40004FF0FF30DDE730193A4601A901F001F9B5
:106B500010B16FF00100D4E7E01984B2AC42D9DB88
:106B60004FEA28208DF8000008F0FF008DF80100A2
:106B7000064A1268917E054A526810786B460222D6
:106B8000FBF7D1FC38B103E0589E0008EC0100206F
:106B90004FF0FF30B5E701218A4880F82510A0F8B2
:106BA00026900020ADE70146864890F82400087042
:106BB0000020704702464FF0FF30704701464FF00B
:106BC000FF307047F8B505460F461446002C70D0CC
:106BD000B5F5FF5F01DDFF2605E0202D01DA012676
:106BE00001E0C5F3471607B90127282C02DD4FF055
:106BF000FF30F8BD7348407D28BB724890F82400F0
:106C000038B10020FFF726FE01216E4880F82010E1
:106C100003E000216B4880F820106A481630FFF727
:106C200054F868481830FFF770F866481A30FFF7D4
:106C300090F864481C30FFF7B1F86248817A817798
:106C40001F30FFF705F90020FEF772F90020FEF76C
:106C50008DFC00208DF800005A4A12689178594A3C
:106C6000526810786B460122FBF75DFC10B14FF0C3
:106C7000FF30BEE740208DF80000524A1268D17BF9
:106C8000504A526810786B460122FBF74CFC00B169
:106C900065E08DF800608DF801704A4A1268117A3B
:106CA000484A526810786B460222FBF73CFC08B158
:106CB00055E047E00520FBF7D6FA4248407A072125
:106CC00001EBC000C0B28DF800003E4A1268D179D5
:106CD0003C4A526810786B460122FBF724FC00B155
:106CE0003DE020208DF80000012C03D100208DF81C
:106CF00001000EE0052C03DC01208DF8010008E006
:106D0000142C03DC02208DF8010002E003208DF832
:106D100001009DF80100072101EB8010C0B28DF841
:106D20000100284A1268917C264A526810786B4606
:106D30000222FBF7F8FB00B111E001212148417567
:106D4000002056E71F4A1632002103E0505C00B1D4
:106D500005E0491C0C29F9D34FF0FF3049E7FF202B
:106D600018490872FF2117484172C1724FF6FF712E
:106D7000C181FF2181720174012101730146887F65
:106D8000FEF793F90F49C88AFEF7EBFC0D49087E20
:106D9000FEF7A5FC0B49488BFEF7A9FB0949888B38
:106DA000FEF751FC0749C87FFEF76CFB054890F8D9
:106DB000200010B10120FFF74DFD00210148417571
:106DC000002016E7EC01002010B5C8234FF48062C4
:106DD000F74940F6F630FFF787FE10BD10B586B0D4
:106DE0000446F4A000680390F3A000680290F3A0AA
:106DF00000680190F2A00068009004F0030003A96D
:106E0000085C8DF8140003A8C4F3C101405C8DF840
:106E1000150003A8C4F38111405C8DF8160004F03E
:106E2000030002A9085C8DF8100002A8C4F3C10198
:106E3000405C8DF8110002A8C4F38111405C8DF80C
:106E4000120005AA032140F22640FFF7D3FD18B136
:106E50004FF0FF3006B010BD04AA032140F22A40D3
:106E6000FFF7C8FD10B14FF0FF30F3E70198059030
:106E70000098049004F0040058B19DF8140040F00C
:106E800001008DF814009DF8100040F001008DF80D
:106E9000100004F0200058B19DF8150040F00100EA
:106EA0008DF815009DF8110040F001008DF81100DB
:106EB00004F4807058B19DF8160040F001008DF880
:106EC00016009DF8120040F001008DF8120005AA8E
:106ED00003214FF48860FFF78DFD10B14FF0FF30B4
:106EE000B8E704AA032140F23140FFF783FD10B157
:106EF0004FF0FF30AEE7B34804810020AAE71FB58A
:106F00000446B048007A00F0030054F820000190D5
:106F1000AC48007A00F0040010B1019840420190A2
:106F2000A848007AC0F3C10054F820000290A54898
:106F3000007A00F0200010B1029840420290A1486F
:106F4000007AC0F3811054F8200003909D48008916
:106F500000F4807010B10398404203909A49019860
:106F600080FB0101800F40EA810001909649029860
:106F700080FB0110820042EA9170029092490398CE
:106F800080FB0110820042EA917003900198000E8C
:106F90008DF800000198000C8DF801000198000A9E
:106FA0008DF802000198C0B28DF803006A460421F2
:106FB0004FF47470FFF71EFD18B14FF0FF3004B0AE
:106FC00010BD0298000E8DF800000298000C8DF89C
:106FD00001000298000A8DF802000298C0B28DF8F4
:106FE00003006A4604214FF47570FFF703FD10B1EA
:106FF0004FF0FF30E3E70398000E8DF80000039890
:10700000000C8DF801000398000A8DF80200039827
:10701000C0B28DF803006A4604214FF47670FFF782
:10702000E9FCCCE770B588B0064601A8FEF7E9FE9A
:10703000BDF804000021C90341EA5045C40361487A
:10704000007A00F0030056F8200005905D48007AB1
:1070500000F0040010B10598404205905948007AAC
:10706000C0F3C10056F8200006905648007A00F0A0
:10707000200010B10698404206905248007AC0F3B2
:10708000811056F8200007904E48008900F4807067
:1070900010B10798404207900598C117A0FB042340
:1070A00001FB043100FB0510810041EA927005905C
:1070B0000698C117A0FB042301FB043100FB051057
:1070C000810041EA927006900798C117A0FB042343
:1070D00001FB043100FB0510810041EA927007902A
:1070E0000598000E8DF808000598000C8DF8090031
:1070F0000598000A8DF80A000598C0B28DF80B00BB
:107100000698000E8DF80C000698000C8DF80D0006
:107110000698000A8DF80E000698C0B28DF80F0090
:107120000798000E8DF810000798000C8DF81100DC
:107130000798000A8DF812000798C0B28DF8130066
:1071400002AA0C214FF42570FFF754FC08B070BD63
:1071500030B585B004461DA207CA02AB07C3C82CD0
:1071600003DD4FF0FF3005B030BDC82090FBF4F0D8
:10717000401E85B2280A8DF80000E8B28DF80100A3
:107180006A46022140F21620FFF734FC10B14FF09E
:10719000FF30E8E702AA0C2140F6C120FFF72AFCE5
:1071A00010B14FF0FF30DEE7064884810020DAE7B7
:1071B000809E00084CCD6C000CC92C003656760021
:1071C000264666009403002009E3CA02FEF2ABC41F
:1071D000AAF1DFDFBBAFDFDF0146FC488089088012
:1071E000002070472DE9FC4706460F4606F00700D1
:1071F00010B1B7F5C86F03DD4FF0FF30BDE8FC8775
:10720000384601F00CF88146F14900F039FE80461D
:107210006846FEF77AFD9DF80000022806D0042893
:1072200016D0082826D0102848D135E04FF08D41DF
:10723000404600F0F3FD814601F020F884B2E549B4
:10724000404600F0EBFD814601F018F885B238E0C9
:107250004FF08C41404600F0E1FD814601F00EF810
:1072600084B2DD49404600F0D9FD814601F006F8C0
:1072700085B226E04FF08B41404600F0CFFD8146BD
:1072800000F0FCFF84B2D549404600F0C7FD8146BE
:1072900000F0F4FF85B214E04FF08A41404600F060
:1072A000BDFD814600F0EAFF84B2CD49404600F0C2
:1072B000B5FD814600F0E2FF85B202E04FF0FF30FD
:1072C0009CE700BF20128DF80400E0B28DF80500A5
:1072D00028128DF80600E8B28DF8070006F00100CC
:1072E000A0B101AA02214FF4EA70FFF783FB10B1AD
:1072F0004FF0FF3082E70DF1060202214FF4927049
:10730000FFF778FB10B14FF0FF3077E706F002008F
:10731000A0B101AA02214FF4EC70FFF76BFB10B192
:107320004FF0FF306AE70DF1060202214FF494702E
:10733000FFF760FB10B14FF0FF305FE706F004008D
:10734000A0B101AA02214FF4EE70FFF753FB10B178
:107350004FF0FF3052E70DF1060202214FF4967014
:10736000FFF748FB10B14FF0FF3047E7002045E73B
:1073700038B504460020009004F0010020B19DF8CB
:10738000000040F03000009004F0020020B19DF8B1
:10739000000040F00C00009004F0040020B19DF8C3
:1073A000000040F0030000906A4601214FF4A470F1
:1073B000FFF720FB38BD38B50446012C01DA012463
:1073C00002E0042C00DD0424601EC0B200906A4676
:1073D000012140F24F10FFF70DFB38BD38B50446D0
:1073E000052094FBF0F085B228128DF80000E8B279
:1073F0008DF801006A4602214FF4EF70FFF7FAFAA8
:1074000038BD38B50446052094FBF0F085B228124B
:107410008DF80000E8B28DF801006A4602214FF4B1
:10742000ED70FFF7E7FA38BDF8B505460E464FF4A4
:107430007A7095FBF0F000FB06F4200E8DF800004A
:10744000200C8DF80100200A8DF80200E0B28DF8C2
:1074500003006A4604214FF4AE70FFF7CBFAF8BD83
:1074600038B50446052094FBF0F084B220128DF864
:107470000000E0B28DF801006A4602214FF4AD70C1
:10748000FFF7B8FA38BD38B50446052094FBF0F094
:1074900084B220128DF80000E0B28DF801006A4637
:1074A00002214FF4AC70FFF7A5FA38BD38B5044699
:1074B00014B94FF0FF3038BD6A4604214FF45870BC
:1074C000FFF7D5FA10B14FF0FF30F4E79DF8000058
:1074D00000069DF8011040EA01409DF8021040EAC4
:1074E00001209DF80310084320600020E3E738B531
:1074F0000446200E8DF80000200C8DF80100200AB3
:107500008DF80200E0B28DF803006A4604214FF4C2
:107510005870FFF76FFA38BD38B5044614B94FF00C
:10752000FF3038BD6A4604214FF47170FFF79FFAAF
:1075300010B14FF0FF30F4E79DF8000000069DF811
:10754000011040EA01409DF8021040EA01209DF838
:107550000310084300EB8000800020600020E0E77B
:1075600038B504461420B4FBF0F4200E8DF800006A
:10757000200C8DF80100200A8DF80200E0B28DF891
:1075800003006A4604214FF47170FFF733FA38BDE7
:1075900038B5044664B120208DF8000028208DF80D
:1075A000010030208DF8020038208DF8030004E03F
:1075B000A3220421684600F0AEFB6A46042140F68F
:1075C0009E20FFF717FAFDF779FE38BD94030020DF
:1075D00000004843000040460000C0450000404510
:1075E0000000C04438B5044664B1C0208DF80000E6
:1075F000C2208DF80100C4208DF80200C6208DF84D
:10760000030004E08B220421684600F084FB6A46F4
:10761000042140F69820FFF7EDF9FDF74FFE38BD45
:107620003EB504466CB1FDA1D1E900208968CDE9E1
:10763000002002916A4609214FF49760FFF7DAF9BA
:107640003EBDF9A2D2E900109268CDE90102009195
:107650006A4609214FF49760FFF7CCF9F0E73EB591
:10766000044602208DF80000CA208DF80100E320B6
:107670008DF8020009208DF803006A460421682075
:10768000FFF7B8F9A3208DF8000004F0400048B1DE
:10769000C0208DF80100C8208DF80200C2208DF8AE
:1076A000030006E0A3208DF801008DF802008DF89C
:1076B000030004F4C07048B1C4208DF80400CC204D
:1076C0008DF80500C6208DF8060006E0A3208DF891
:1076D00004008DF805008DF80600A3208DF8070042
:1076E0008DF808008DF809006A460A2140F6A720A7
:1076F000FFF780F904F0030018B120208DF8000096
:1077000002E0D8208DF800006A46012140F6B6203C
:10771000FFF770F904F0200018B10120FFF780FF97
:1077200002E00020FFF77CFF04F4C07008B304F40B
:10773000807060B1B2208DF800008B208DF80100C0
:10774000B6208DF802009B208DF803000BE0B020DE
:107750008DF8000080208DF80100B4208DF8020023
:1077600090208DF803006A46042140F6A220FFF71E
:1077700041F904F0010020B3F8208DF800006A46BA
:1077800001214FF40B60FFF735F9FA210720FFF7CD
:1077900029FD0720FFF7ECFD0120FFF70CFE642018
:1077A000FFF71CFE4FF4FA70FFF72BFEC821A1482B
:1077B000FFF73AFE2820FFF753FE0A20FFF763FE8B
:1077C00008E0D8208DF800006A4601214FF40B60D4
:1077D000FFF710F904F0020018B1D9208DF800006D
:1077E00002E0D8208DF800006A46012140F23D7089
:1077F000FFF700F904F0040018B10120FFF7F2FED2
:1078000002E00020FFF7EEFE04F0100018B10120A6
:10781000FFF7BEFE02E00020FFF7BAFE44F00800CA
:1078200085494881FDF74AFD00208349887304F0AB
:10783000400018B10846807B801D887304F4C07036
:1078400020B17D48807B801D7B49887304F0140043
:1078500020B17948807B10307749887304F00300A9
:1078600020B17548807B001D7349887300203EBDA0
:107870000146714840890880002070472DE9F04199
:107880000446E07800F0C006E07800F03F0560783C
:1078900000F0010098B1EF102846E91705EB51718F
:1078A000C910A5EBC101491C01F0FF08624800683E
:1078B00020B16148414602683846904700BF607871
:1078C00000F0080030B15C48406818B1B0115A4A65
:1078D000516888470020BDE8F08110B586B00446A5
:1078E00056A207CA03AB07C357A207CA8DE8070011
:1078F000012C09D0022C0ED103AA0B2140F68220C4
:10790000FFF778F806B010BD6A460B2140F68220DA
:10791000FFF770F8F6E74FF0FF30F3E72DE9F04F8F
:107920008DB00746884615469946DDE9166B00245A
:10793000002030804049887B5A4605A9FEF7BDFBF0
:1079400018B1601E0DB0BDE8F08F3B48807A00F0A2
:107950001400002861D09DF8140000069DF8151051
:1079600040EA01409DF8161040EA01209DF81710EA
:10797000084328609DF8180000069DF8191040EA99
:1079800001409DF81A1040EA01209DF81B100843A1
:1079900068609DF81C0000069DF81D1040EA01403B
:1079A0009DF81E1040EA01209DF81F100843A860B2
:1079B0009DF8200000069DF8211040EA01409DF846
:1079C000221040EA01209DF823100843E86004F1EA
:1079D0001000C4B228680014019068680014029076
:1079E000A86800140390E8680014049001984043CC
:1079F000029901FB0100039901FB0100049901FBBD
:107A0000010ABAF1706F02DBBAF1885F22DDFDF77F
:107A100055FC00203080401E94E721E0B8AAB38DC9
:107A2000B4980D355D000000B8AAAAAAB088C3C5F5
:107A3000C700000009E3CA0294030020D8B1B9F3DB
:107A40008BA391B609B4D900DAB1B9F38BA391B67F
:107A5000DAB4DA00B6F9000040F48070308000BF7C
:107A60007848807A00F0400020B305A9601C085CCB
:107A7000095D40EA012000B2A8F8000005A9E01C59
:107A8000095C05AAA01C105C41EA002000B2A8F81D
:107A9000020005A9601D095C201D105C41EA002060
:107AA00000B2A8F80400A01DC4B2B6F9000040F06E
:107AB000080030806348408900F4C07008B305A90D
:107AC000601C085C095D40EA012000B2388005A90D
:107AD000E01C095C05AAA01C105C41EA002000B271
:107AE000788005A9601D095C201D105C41EA00201A
:107AF00000B2B880A01DC4B2B6F9000040F070001A
:107B000030805048807A00F0030018B105A90819A8
:107B1000FFF7B4FE4846FAF7B2FB002012E7014631
:107B200048480160002070470146464841600020F7
:107B30007047014691F90020002A01DD00201EE077
:107B400091F90020002A01DA042018E091F90120BF
:107B5000002A01DD012012E091F90120002A01DA5A
:107B600005200CE091F90220002A01DD022006E048
:107B700091F90220002A01DA062000E00720704770
:107B800070B505462846FFF7D4FF0446E81CFFF70A
:107B9000D0FF44EAC00084B2A81DFFF7CAFF44EA40
:107BA000801084B2204670BD70B588B002A905A8C7
:107BB000FEF795FE0446032C3FD101A8FEF704F919
:107BC000059800F023FB0646019900F027F90546C9
:107BD00000F03BFB0590069800F018FB0646019963
:107BE00000F01CF9054600F030FB0690079800F005
:107BF0000DFB0646019900F011F9054600F025FB42
:107C0000079005A8FFF77BF96846FEF7FAF8BDF87C
:107C10000010029848430290BDF8001003984843B2
:107C20000390BDF8001004984843049002A8FFF7A1
:107C3000F9F905A0FDF735F802E00CA0FDF731F8E1
:107C400008B070BD9403002073657474696E67207A
:107C5000626961732073756363657366756C6C79B3
:107C6000202E2E2E2E2E2E0A000000006269617337
:107C700020686173206E6F74206265656E206D6F81
:107C8000646966696564202E2E2E2E2E2E0A000051
:107C90002DE9F0410024061B254671F1000605DAA6
:107CA00001240027D0EB070067EB0101161E73F1DA
:107CB000000605DA0027D2EB0702012567EB030374
:107CC00000F062FB86460E4617469C46AC4204D046
:107CD0000025D0EB050E65EB010624B10020D2EBA8
:107CE000000760EB030C704631463A466346BDE838
:107CF000F08140EA01039B0703D009E008C9121F85
:107D000008C0042AFAD203E011F8013B00F8013B55
:107D1000521EF9D27047D2B201E000F8012B491E81
:107D2000FBD270470022F6E710B513460A46044618
:107D30001946FFF7F0FF204610BD421E12F8013F22
:107D4000002BFBD111F8013B02F8013B002BF9D1CC
:107D5000704730B504460020034600E05B1C9342A8
:107D600003D2E05CCD5C401BF8D030BDF0B480EABB
:107D70000102D40F4200B2EB410F02D20246084684
:107D800011464A0042D0C30DDDB2C1F3C752AD1A4D
:107D9000202D35DAC1F3160141F4000204B152423C
:107DA000C5F1200602FA06F12A411044B3EBD05F78
:107DB00023D0C4B1012DA0EBC35009DCF0BC4FF0BF
:107DC000004202EAC352DBB200F5000000F037BB0C
:107DD000400000F1807000EBC350A0F1807040EAD9
:107DE000D170490009E0490841EAC071A0EBC350D5
:107DF00000F50000400800EBC350F0BC00F016BBDB
:107E00006142012202EB4101001BF6E7F0BC704722
:107E100081F00041AAE780F00040A7E780EA010274
:107E200010B502F00043400022D04A001FD0010EDE
:107E300001EB1261C0F35600C2F3560240F4000099
:107E400042F40002A0FB022000047F39140400D099
:107E5000401C50EA124001D44000491EC2B20C0638
:107E600004EBD010401C4008802A02D003E0002020
:107E700010BD20F00100002900DA0020184310BDD9
:107E800030B480EA010202F0004530F0004221F0F7
:107E9000004013D090B1C30DD40DC2F31601C0F34E
:107EA0001600E41A41F4000140F400027D349142CE
:107EB00001D3641C00E04900002C02DA30BC002031
:107EC00070474FF400000023914201D3891A034305
:107ED00040084FEA4101F7D151B1914202D14FF030
:107EE000004105E002D24FF0010101E06FF0010115
:107EF00003EBC450284430BC00F098BA2DE9FE4F83
:107F0000804681EA0300C00F0C46009021F000413A
:107F100023F00045B8EB0200A94105D240462146B6
:107F200090461C460B46024623F00040104347D0C3
:107F3000270DC7F30A00C3F30A510290401A0190BB
:107F400040286BDAC3F3130040F4801B009892467C
:107F500020B10023D2EB030A63EB0B0B01985946C7
:107F6000C0F14002504600F040FA06460D46504629
:107F70005946019A00F048FA10EB080061410024CC
:107F800087EA115284EAE7731A4340D0009A62B339
:107F9000019A012A4FEA075215DC001B61EB02012E
:107FA0004FF0004202EA0752CDE90042001C41F5C1
:107FB000801132462B4600F07FFA03B0BDE8F08F07
:107FC00040462146F9E7001B61EB0201001C41F528
:107FD000801300185B412018A2F5001747EB03013E
:107FE00040EAD570B6196D4111E06D084FEA3606CA
:107FF00045EAC0754FEA0752001B61EB0201001C05
:1080000041F5801149084FEA3000001951413246CC
:108010002B4603B0BDE8F04F00F03FBA00980122B4
:1080200040000023D0EB020263EBE073009821468E
:108030004FEAE074B8EB000061EB0401E9E783F07C
:1080400000435BE781F0004158E72DE9FE4F81EAEC
:10805000030404F0004421F0004100944FF0000BB1
:1080600023F0004350EA01045ED052EA03045BD0DF
:10807000C3F30A54C1F30A552C44A4F2F334019417
:10808000A0FB0254C1F3130141F48011C3F31303A5
:1080900043F4801301FB024400FB034E840A970A59
:1080A00044EA815447EA8357A4FB076802958D0A86
:1080B00005FB07854FEA932C04FB0C542705029D12
:1080C0004FEA065847EA1637B5EB08056EEB070C82
:1080D000870E920E47EA811742EA8312A7FB02013C
:1080E000B6EB0B0164EB00042B0D43EA0C335E1876
:1080F00044EB1C50DA465146E7FB0201C5F313047A
:108100004FEA0B3343EA14534FEA0432019C43EA2B
:108110000603A4F10C040294009CCDE900B400F025
:10812000CBF903B0BDE8F08F00200146F9E72DE957
:10813000F04D81EA030404F0004B21F000451446A1
:108140004FF0000A23F0004150EA050220D054EA23
:1081500001021DD0C5F30A570246C5F31303C1F34C
:108160001300C1F30A5640F4801543F48013A7EBC3
:108170000608101BD64608F2FD3873EB050002D343
:1081800008F1010801E092185B41B8F1000F03DA31
:1081900000200146BDE8F08D00204FF48011064616
:1081A00084460EE0171B73EB050705D3121B63EB28
:1081B000050306434CEA010C49084FEA30009218C7
:1081C0005B4150EA0107EDD152EA030012D082EA86
:1081D000040083EA0501084305D0101BAB4106D219
:1081E0000122002306E000224FF0004302E06FF07E
:1081F000010253101AEB06004CEB085110EB0A0079
:1082000041EB0B01BDE8F04D00F047B9C10F80EA2A
:10821000E0700844CA079623002100F010B99623A5
:108220000022114600F00BB90EB5C10F80EAE070D4
:108230000844CA07002140F233438DE80E000A4685
:108240000B4600F039F903B000BD00F0004220F009
:108250000040C10DC0F3160040F400007F2901DA90
:1082600000207047962903DCC1F19601C84001E067
:1082700096398840002AF4D04042704720F00040F0
:10828000C10DC0F3160040F400007F2901DA002080
:108290007047962903DCC1F19601C84070479639B2
:1082A0008840704700F0004230F000400AD0C10D15
:1082B00001F56071C0F3160042EA0151C20840079F
:1082C00011437047002001467047000030B5041E7E
:1082D00071F1000404DB4FF00044404264EB010103
:1082E000141E73F1000405DB1C464FF0004352429C
:1082F00063EB04038B4208BF824230BD01F00043B0
:1083000030B421F0004150EA010206D00A0DA2F576
:108310006072C1F31301002A02DC30BC00207047F8
:10832000440F44EAC104C100E01830BC00EBC25065
:1083300000F07CB8002801DBC0F10040002901DB1F
:10834000C1F1004181427047002801DBC0F10040CB
:10835000002901DBC1F100418842704730B50B466E
:10836000014600202022012409E021FA02F59D4265
:1083700005D303FA02F5491B04FA02F52844151E39
:10838000A2F10102F1DC30BD2DE9F05F05460020CD
:1083900092469B4688460646814640241BE0284676
:1083A00041464746224600F02FF953465A46C01A26
:1083B000914110D311461846224600F016F82D1AA6
:1083C00067EB01084F4622460120002100F00DF81E
:1083D00017EB00094E41201EA4F10104DFDC4846E2
:1083E00031462A464346BDE8F09F202A04DB203A66
:1083F00000FA02F1002070479140C2F1200320FAF8
:1084000003F3194390407047202A06DBCB17203A2C
:1084100041FA02F043EAE07306E041FA02F3D04089
:10842000C2F1200291400843194670470029A8BFB5
:108430007047401C490008BF20F00100704710B48D
:10844000B0FA80FC00FA0CF050EA010404BF10BC42
:10845000704749B1CCF1200421FA04F411FA0CF16F
:1084600018BF012121430843A3EB0C01CB1D4FEAA8
:1084700000614FEA102042BF002010BC704700EBA3
:10848000C35010440029A4BF10BC7047401C4900D1
:1084900008BF20F0010010BC704710B5141E73F126
:1084A000000408DA401C41F1000192185B411A43B4
:1084B00001D120F0010010BD2DE9F04D92469B4600
:1084C00011B1B1FA81F202E0B0FA80F220329046A6
:1084D000FFF78BFF04460F4640EA0A0041EA0B0112
:1084E00053465A46084313D0114653EA010019D0A7
:1084F000C8F14002504600F087F805460E46504647
:1085000059464246FFF771FF084305D0012004E0B9
:1085100020463946BDE8F08D0020054346EAE07666
:108520002C4337430A986305E40AA0EB08000022B5
:10853000FD0A44EA47540A3002D500200146E9E723
:10854000010510196941DDE9084500196941BDE8D7
:10855000F04DA2E770B521F0004303430CD0C1F306
:108560000A550024D5EB040564EB0403D617AD1AB5
:10857000B34102DB0020014670BD201841EB0251DF
:1085800070BDC1F30A52C1F3130140F2FF3341F44D
:1085900080119A4202DA00200146704740F23343CC
:1085A0009A42A2F2334202DC524200F02DB8FFF7A9
:1085B0001CBF000030B5041E71F1000404DB4FF055
:1085C0000044404264EB0101141E73F1000405DB1A
:1085D0001C464FF00043524263EB0403994208BF2C
:1085E000904230BD064C074D06E0E06840F00103C4
:1085F00094E8070098471034AC42F6D3F7F77AFDB9
:10860000D8AC0008F8AC0008202A04DB203A21FA94
:1086100002F00021704721FA02F3D040C2F120029B
:1086200091400843194670472DE9F04D00231A4642
:108630001B1A8A4103DB00200146BDE8F08DC1F31F
:108640000A52C1F3130141F480154FF0000BD1071A
:1086500002D100186D41521E0027044640F2FF115E
:10866000384601EB620A3E468046024600204FF43F
:108670008011FFF7C9FFC2197141BB1846EB010019
:10868000B4EB030C75EB000C04D3E41A65EB0005A6
:1086900017460E46241908F101006D418046342822
:1086A000E3DDF91946EB0600091BA84103D24FF0A0
:1086B000FF32134601E0002213461BEB070046EB96
:1086C0000A51BDE8F04DFFF7E8BE0EB540F2334168
:1086D00002910021CDE900110A460B46FFF7ECFE9E
:1086E00003B000BD70B5C1F30A5201F0004500248B
:1086F000C1F3130140F2FF3341F480119A4201DAD1
:10870000002070BD40F233439A42A2F2334203DCB0
:108710005242FFF779FF00E090402C43F1D04042F5
:1087200070BD70B58C1810F8015B15F0070301D10E
:1087300010F8013B2A1106D110F8012B03E010F8C4
:10874000016B01F8016B5B1EF9D12B0705D40023E7
:10875000521E0DD401F8013BFAE710F8013BCB1A89
:10876000921C03E013F8015B01F8015B521EF9D57E
:10877000A142D8D3002070BD0FB4054B10B503A99A
:10878000044A029800F02AFC10BC5DF814FB0000BB
:10879000CB4A0008180200200FB4084B10B504A9FA
:1087A00002AA039800F01AFC044602A9002000F077
:1087B000ACFF204610BC5DF814FB00000B970008CE
:1087C000490050EAC12018BF04204A0D18BF40F0EC
:1087D000010040F2FF72B2EB515F08BF40F00200AF
:1087E000012808BF052070472DE9F74F144694B0C3
:1087F0000021C4E902111599079121F00045C949EA
:108800008D4206DC1599C4E9000117B00020BDE8CF
:10881000F08FC549DFF814A3A9423CDD0799C44E87
:108820000029C44FC44A1599534619DDFFF707FCC8
:10883000554506D0C14AC24BFFF701FCC4E900010F
:108840000AE04FF0D352BE4BFFF7F9FB32463B46EE
:10885000FFF7F5FBC4E9000117B00120BDE8F08F78
:10886000FFF74CFB554506D0B44AB54BFFF746FB26
:10887000C4E900010AE04FF0D352B14BFFF73EFBD1
:1088800032463B46FFF73AFBC4E9000117B04FF010
:10889000FF30BDE8F08FAB49A942159978DB21F094
:1088A000004183468846A84AA84BFFF7CEFB00222A
:1088B000A74BFFF723FBFFF715FF0990FFF7B4FC69
:1088C00006460F469C4A5346FFF7BFFB43465A46AF
:1088D000FFF7B8FB80468A46984A994B304639469E
:1088E000FFF7B3FB2A0D01250B9242465346FFF7D3
:1088F000A9FB032DC4E9000139D00B98C1F30A513B
:10890000401A05EB45111139814230DA9148C346CE
:10891000784400EB0510CDF80CA00C90D0E90023B2
:1089200030463946FFF791FB02460B46049106900C
:1089300058460399FFF783FB80468A4602460B465A
:1089400058460399FFF77BFB049B069AFFF777FBDA
:1089500083460C9803913946D0E902233046FFF74D
:1089600074FB5A46039BFFF76AFB6D1CBDE7079833
:108970000028A2BF099817B0BDE8F08F616881F0A8
:1089800000416160099817B04042BDE8F08FFFE7F1
:1089900084461598C1F31301C0F30A50A0F2F530D4
:1089A0004FEA601800F01F06C6F120001390002067
:1089B0000690079041F4801E05206D4676B1664A08
:1089C00008EB00017A4452F8213002EB8101B340F8
:1089D0004A68139922FA01F1194305E05F4908EB4F
:1089E0000002794451F82210A1FB0E27A1FB0C13C1
:1089F0001A449A4234BF0123002303EB070A05EB14
:108A00008003D3E901B70F448F4234BF0121002115
:108A100093448B4411B1934502D903E0934501D2AD
:108A2000012100E00021C3E901B7514445F82010BD
:108A3000011EA0F10100C1DC0298059F00F1005069
:108A4000800F12900298DDE903568000FFF7ECFBDF
:108A5000834628460D91FFF738FE6FF01D02FFF7A1
:108A600079FDCDE90E013046FFF72FFE6FF03D0294
:108A7000FFF770FD80468A463846FFF726FE6FF006
:108A80005D02FFF767FD0746424653461191FFF727
:108A900035FADDE90E23FFF731FA5A460D9BFFF751
:108AA0002DFA00250E465A4628460D9BFFF7C7FAB9
:108AB000DDE90E23FFF7C3FA42465346FFF7BFFA3C
:108AC0003A46119BFFF7BEFADFF898A0244A5346B6
:108AD000FFF7BBFA07468846234A244B314628460F
:108AE000FFF7B3FA3A464346FFF708FA07468846C7
:108AF0004FF0A842534631462846FFF7A6FA3A46B9
:108B00004346FFF7FBF9159A12F0004F04D0129A72
:108B100081F0004152421292C4E90001129817B04C
:108B2000BDE8F08FFB21E93F7CD90240FB21F93FF2
:108B30007370032E8A19A33B000040543163621AFC
:108B400061B4D03DFB21394183C8C96D305FE43F3A
:108B50000000E03F8422000000220000E22100002B
:108B6000182D4454FB21F93D3326A611460B113C28
:108B70002DE9FF4D21F0004807460C46B8F1795F1A
:108B800008DAFFF7AFFD002801BF0020324904B02A
:108B9000BDE8F08D3A46234610461946FFF755FAD0
:108BA000054602462D480E460B460621784400F045
:108BB0005DF82A463346FFF748FADDE9022382468C
:108BC0008B4638462146FFF740FA04460F46524688
:108BD0005B4628463146FFF738FA22463B46FFF708
:108BE0002EFA07468A464FF0FF3228463146FFF7F5
:108BF000B1FC1B4A90450ADA3A465346FFF71FFA82
:108C000004B00022BDE8F04D134BFFF71BBA154A24
:108C10004245A8BFA8F500154FF00004B8BF124D9B
:108C200022462B46FFF70BFA0646884622462B467D
:108C300000200949FFF703FA04460D463A46534619
:108C400030464146FFF7FBF904B022462B46BDE80B
:108C5000F04DFFF7F7B900000000F03FB01F000033
:108C60003333D33F0000E93F0000D23F2DE9F0410C
:108C70004F1E00EBC7010446D1E9000115461E4610
:108C800037F006020DD02A463346FFF7DEF97F1E85
:108C900004EBC703D3E90023FFF730F937F00602EE
:108CA000F1D1022F25D0042F13D0062F18BFBDE815
:108CB000F0812A463346FFF7C8F9D4E90A23FFF7C3
:108CC0001DF92A463346FFF7C0F9D4E90823FFF718
:108CD00015F92A463346FFF7B8F9D4E90623FFF71A
:108CE0000DF92A463346FFF7B0F9D4E90423FFF71C
:108CF00005F92A463346FFF7A8F9D4E90223FFF71E
:108D0000FDF82A463346FFF7A0F9D4E90023BDE871
:108D1000F041FFF7F3B800002DE9FF4D054621F0C3
:108D2000004084B00C46B0F1795F0BDA2846FFF7BB
:108D300047FD042808BF00F071F8284608B0214616
:108D4000BDE8F08D2A460B461046FFF77EF9064631
:108D50000F462A462346FFF778F9804626488A467A
:108D600032463B4605217844FFF780FF8346109842
:108D7000029160B3214A224B40465146FFF765F904
:108D8000CDE900015A4640465146029BFFF75DF986
:108D900082468846DDE906014FF0FF32FFF7DAFB35
:108DA00052464346FFF74BF932463B46FFF74DF933
:108DB000DDE90623FFF743F9DDE90023FFF73FF97B
:108DC00008B02A462346BDE8F04DFFF73BB90B46F5
:108DD0005A4630463946FFF738F9084A084BFFF73C
:108DE0008DF842465346FFF730F908B02A4623462D
:108DF000BDE8F04DFFF782B8F61E00004955555505
:108E00005555C5BF0122FFF7A5BBFFF777B8002274
:108E1000134610461146FFF78AB90000024A0020A7
:108E20001107FFF797BB000001FDFFFF02E008C834
:108E3000121F08C1002AFAD170477047002001E0D4
:108E400001C1121F002AFBD17047000001490860D0
:108E5000704700001C0200202DE9FF5F82B0002156
:108E6000DDE90430020DDDF840B0034318D044F6CC
:108E70001050A2F2FF3242431514119801281FD05E
:108E8000A5EB0B00401C5FEA000A4FF000064E4FB6
:108E9000DFF83891B046504615D5CAF1000413E00A
:108EA000119801244AA3012801D16FEA0B0102980D
:108EB000119AC0E90031C0E9024206B0BDE8F09F56
:108EC000CBF10000DFE704460021404A491842EB9D
:108ED0000450CDE9001012E0E00707D032463B46CF
:108EE00040464946FFF7B1F88046894632463B4640
:108EF00010461946FFF7A9F806460F466410002CE5
:108F0000EAD1DDE90401DDE90023BAF1000F06DA58
:108F1000FFF79BF842464B46FFF797F805E0FFF74F
:108F200006F942464B46FFF702F904460E46002278
:108F3000284BFFF73FFB03D84FF0FF30014607E017
:108F40000022254B20463146FEF7D8FFFFF719FBDC
:108F5000102409E0002C0ADB0A220023FFF714FA90
:108F6000039B30321A55641E50EA0102F2D1641C90
:108F7000039AC4F111031444119A012A03D0012267
:108F800008430DD10AE0084304D000204FF0110B34
:108F9000119072E7A3EB0B056D1E0DE05B4504DD40
:108FA0004FF0000205F1010504E003DA4FF0000282
:108FB000A5F10105002AECD002981199C0E902310F
:108FC000C0E9004579E70000000014400000F03FD0
:108FD000300000000000F0430000E03F2DE9FF4FAB
:108FE00095B09B468946064600250FE2252877D195
:108FF00000242746F84A0121059400E0044316F8AE
:10900000013F203B01FA03F01042F7D130782A28C3
:1090100011D06FF02F033078A0F13002092A16D852
:10902000059A44F0020402EB820203EB4202104470
:10903000761C0590EFE759F8042B0592002A03DA15
:10904000504244F40054059044F00204761C3078F9
:109050002E2816D116F8010F44F004042A280DD04A
:109060006FF02F023078A0F13003092B09D807EBFD
:10907000870302EB4303C718761CF3E759F8047B18
:10908000761C30786C280FD006DC4C2817D0682866
:109090000DD06A2814D104E0742810D07A280FD19A
:1090A0000DE044F400140AE044F4801401E044F4B8
:1090B00040147278824202D104F58014761C761C2A
:1090C000307866280BD013DC582877D009DC0028CC
:1090D00075D04528F6D04628F4D047281AD19DE10E
:1090E00018E0632835D0642879D0652812D195E13D
:1090F000702873D008DC6728F1D069286FD06E28FB
:109100000DD06F2806D1B5E073282CD0752875D006
:10911000782874D05A46179990476D1C75E1C4F3AE
:109120000250022809D003280DD0D9F800100428D5
:109130000DD00D6009F1040967E1D9F80010EA17B4
:10914000C1E90052F6E7D9F800100D80F2E70D7082
:10915000F0E719F8041B8DF8001000208DF80100CD
:10916000EA46012003E059F804AB4FF0FF306107F5
:109170004FF0000102D40DE008F101018846B94228
:109180000FDA8045F8DB1AF808100029F4D108E05E
:1091900008F1010188468142FADB1AF8081000291B
:1091A000F6D105985B46A0EB080721463846179A8A
:1091B00000F094FA284400EB080507E04DE029E1AF
:1091C0000DE01AF8010B5A4617999047B8F10108BB
:1091D000F7D25B4621463846179A13E142E00A224D
:1091E0000092C4F302524FF0000A022A08D059F844
:1091F00004CB032A4FEAEC710AD00DE029E02AE003
:1092000009F1070121F00702F2E802C1914609E0E5
:109210000FFA8CFC4FEAEC71042A03D14FFA8CFC54
:109220004FEAEC71002907DA0A460021DCF1000C54
:1092300061EB02012D2202E0220504D52B228DF8DC
:109240000420012203E0E20701D02022F7E7904644
:1092500059E00A2102E010220DE010214FF0000A2F
:1092600000910BE010224FF0000A44F0040408279C
:10927000009203E008224FF0000A0092C4F3025269
:10928000022A05D059F804CB0021032A08D009E0AE
:1092900009F1070121F00702F2E802C1914605E059
:1092A0001FFA8CFC042A01D10CF0FF0C4FF00008CF
:1092B000220728D5702806D0009B83F0100353EABC
:1092C0000A0305D00EE040228DF80420012208E0B8
:1092D0005CEA010206D030228DF804208DF80500EA
:1092E00002229046009B83F0080353EA0A030AD146
:1092F0005CEA010201D1620705D530228DF8042015
:109300004FF001087F1E582804D034A003900EA807
:1093100002900DE036A0F9E753466046009AFFF749
:1093200033F884460398825C0298401E02900270D3
:109330005CEA0100F0D1029806A9081A00F1200A9F
:10934000600702D524F4803400E00127574502DD90
:10935000A7EB0A0000E0002000EB0A01009005984E
:109360004144401A0590E00306D45B462146179A13
:10937000059800F0B3F90544002706E001A85A4615
:10938000C05D179990476D1C7F1C4745F6DBE003D5
:109390000CD55B462146179A059800F09FF90544C5
:1093A00004E030205A46179990476D1C0099481EDA
:1093B00000900029F5DC08E0029802995A460078EE
:1093C000491C0291179990476D1CBAF10001AAF14E
:1093D000010AF1DC65E10000092801003031323377
:1093E00034353637383961626364656600000000E1
:1093F00030313233343536373839414243444546CB
:109400000000000000F058F90544761C3078002870
:109410007FF4ECAD19B02846BDE8F08F620700D4A8
:10942000062709F1070222F0070CFCE80223E146B7
:1094300003F000485FEA080C02D00FF2702C0DE038
:109440005FEA045C02D50FF2682C07E05FEAC47C97
:1094500002D00FF2602C01E0AFF2700C4FF0FF3839
:1094600023F00043CDF850C065280CD006DC452819
:1094700009D046281DD047283DD13DE0662818D0A8
:1094800067287ED138E00021112F01DB112000E098
:10949000781CCDE9000106A90EA8FFF7DDFCDDE987
:1094A0000F010E9A03910021009207F1010A049125
:1094B0004DE04FF000400097CDE9011006A90EA83D
:1094C000FFF7CAFCDDE90F0203920E9B11990022FF
:1094D000DDF80CA00093049211B9791C00EB010A8D
:1094E000B7EB0A0004D4C0F1FF3007F1010A049081
:1094F000AAEB0700019044E0012F00DA01270021C8
:10950000112F01DD112000E03846CDE9000106A948
:109510000EA8FFF7A1FCDDE90F010E9A03910021CF
:1095200004910092BA4621070CD40399514500DA00
:109530008A46BAF1010F05DD009AAAF10101515CDA
:10954000302908D0B84202DA10F1040F06DA0121FE
:10955000CDE9011015E0AAF10101E9E7002805DCD9
:10956000049901440491AAEB000102E0411C514519
:1095700000DD8A460499401A401C01904FF00040DB
:109580000290200704D40198504501DBCDF80480F7
:1095900000208DF84F0002980DF14F07B0F1004FF9
:1095A00025D02B200E9002984FF0020800280CDAEC
:1095B000404202902D200E9007E00A210298FEF70B
:1095C000CDFE3031029007F8011DB8F10001A8F17D
:1095D0000108F2DC02980028EFD1791E0E9808707D
:1095E000307800F0200040F0450007F8020D12A886
:1095F000C01B00F107081498007800B1012000EBAF
:109600000A01019801EBE07105984144401A401E9F
:109610000590E00306D45B462146179A059800F0B2
:109620005DF805441498007818B15A461799904788
:109630006D1CE00324D55B462146179A059800F07F
:109640004DF805441CE00498002807DBDDE9030120
:10965000884203DD0098405C179901E0179930209B
:109660005A469047049805F10105401C0490019862
:10967000401E019004D12E205A46179990476D1C28
:10968000BAF10001AAF1010ADDDC05E017F8010BCF
:109690005A46179990476D1CB8F10001A8F10108CE
:1096A000F4DC5B462146179A0598ABE62D000000D6
:1096B0002B000000200000002DE9F04104460025A9
:1096C0001E461746880404D405E039462020B047DA
:1096D0006D1C641EF9D52846BDE8F0812DE9F041E6
:1096E000044600251E469046C80301D5302700E0F9
:1096F0002027880404D505E041463846B0476D1C54
:10970000641EF9D52846BDE8F0810A68531C0B6039
:10971000107070472DE9F04D8D4F21F0004A86B052
:1097200005460C46BA452ADBAAEB070028430AD0B7
:109730008848824501DC1AD1CDB106B02846BDE883
:10974000F04DFFF75FBB844A844B2846FEF77DFC53
:1097500007460E46824A834B28462146FEF775FC93
:1097600006B03A463346BDE8F04DFEF7C7BB0120D0
:10977000FFF76CFB06B0BDE8F04DFFF748BB7A4839
:10978000824542DABAF1795F0BDA2846FFF718F81A
:10979000042808BFFFF742FB284606B02146BDE873
:1097A000F08D2A460B461046FEF74FFC83460246D4
:1097B0006E480E460B4606217844FFF757FA5A4684
:1097C0003346FEF742FC804669488A465A4633468D
:1097D00004217844FFF74AFA5A463346FEF735FC2F
:1097E00000223B46FEF78AFB02460B4640465146A6
:1097F000FEF79DFC2A462346FEF727FC06B02A46C4
:109800002346BDE8F04DFEF779BB284624F0004121
:1098100000223D463B46FEF715FC4FF0FF32FEF7B7
:1098200099FE0646024653480F460B4606217844E9
:10983000FFF71CFA32463B46FEF707FCCDE9000174
:109840004D4832463B4604217844FFF70FFA324632
:109850003B46FEF7FAFB00222B46FEF74FFB834602
:1098600002913046394600F0ADFA804643480D4635
:10987000504517DCDDE900015A46029BFEF757FC14
:1098800042462B46FEF7E1FB42462B46FEF736FBEF
:109890000122FEF75FFE304A304BFEF7D0FB304A24
:1098A000304B4CE04FF0000A52460B464046FEF764
:1098B00025FBCDE9031052462B4610461946FEF70C
:1098C000C4FB32463B46FEF7BDFBDDE90332FEF743
:1098D0002EFC06460F46DDE900015A46029BFEF7C4
:1098E00026FC83460091012230463946FEF732FEBF
:1098F000194A1A4BFEF7A6FB06460F4601224046C0
:109900002946FEF727FE5A46009BFEF79EFB32468D
:109910003B46FEF794FB06460F4601225046294679
:10992000FEF718FE0E4DDFF858802A464346FEF734
:1099300089FB32463B46FEF785FB2A464346FEF747
:1099400081FB002CD8BF81F0004106B0BDE8F08D4E
:109950000000F03F0000F07F075C143326A6913C26
:10996000182D4454FB21F93F0000E03FBC120000D9
:10997000D2120000461200005C1200003333EF3FA9
:10998000FB21E93F2DE9F84F04460D4621F0004048
:1099900000917349814211DC7249884201DC06D191
:1099A0002CB120462946BDE8F84FFFF72BBA6E4888
:1099B000002DCCBF6D496E49BDE8F88F6D498142DD
:1099C00011DD6D498142D8BF4FF0FF366DDD204675
:1099D0002946FEF7F5FE042808BFFFF71FFA2046C8
:1099E0002946BDE8F88F6549654F25F0004581425D
:1099F00033DD6449814219DD002632464FF0804351
:109A000020462946FEF77AFA80468A4601222046F9
:109A10002946FEF79FFD00223B46FEF710FB42461B
:109A20005346FEF784FB04460D463EE00126002225
:109A3000BA463B4620462946FEF760FA80460F4666
:109A40000022534620462946FEF7F9FA42463B4695
:109A5000FEF76DFB04460D4627E04B4981421BDDB6
:109A6000DFF828A102260022534620462946FEF7A9
:109A7000ECFA00223B46FEF741FA80460F460022F0
:109A8000534620462946FEF7DAFA42463B46FEF7A1
:109A90004EFB04460D4608E0032622462B460020D6
:109AA0003B49FEF744FB04460D4622462B46104632
:109AB0001946FEF7CAFA8B46824602460B46FEF767
:109AC000C4FA07460246334888460B4606217844C6
:109AD000FFF7CCF852465B46FEF7B7FA82462E48AF
:109AE0008B463A46434605217844FFF7BFF83A468D
:109AF0004346FEF7AAFA02460B46002E5046594648
:109B00000CDAFEF7FBF922462B46FEF79EFA01B06F
:109B100022462B46BDE8F04FFEF794BAFEF7EEF969
:109B200022462B46FEF791FA1C4A7A4402EBC60302
:109B3000D3E90023FEF783FA22462B46FEF77FFA8D
:109B4000174A7A4402EBC603D3E90023FEF77AFAF8
:109B5000009A002AB8BF81F00041BDE8F88F0000EC
:109B6000000010440000F07F182D4454FB21F93F01
:109B7000FB21F9BF0000DC3F0000203E0000F33F66
:109B80000000F03F0000E63F008003400000F83F87
:109B90000000F0BF5E1000001C100000BA0F0000B3
:109BA000820F00002DE9F04D9446CCF1000423F023
:109BB00000464CEA0404524F46EAD4749A4688465A
:109BC00021F00042BC4206D8454240EA050442EA80
:109BD000D474BC4204D9BDE8F04D6246FFF715B914
:109BE000AAF14055A5F17F6555EA0C040BD002247B
:109BF00004EAAA74434DDFF810E144EAD87452EA4B
:109C0000000B04D00CE0BDE8F04DFFF7BBBE002C0C
:109C100014BF012CBDE8F08D022C30D0032C32D0C3
:109C200056EA0C0B0AD0BE4220D1BA4209D126F026
:109C3000804622F080423346114617E000291ADBA5
:109C400025E0DFF8C8B0FB44002C04BFDBE90001CD
:109C5000BDE8F08D012C02BFDBE9000181F000417D
:109C6000BDE8F08D022C0AD0032C0CD0BA4212D1E0
:109C7000B8F1000F0BDA23482549BDE8F08D2846DE
:109C80002449BDE8F08D28467146BDE8F08D1D4899
:109C90002149BDE8F08D921B12153C2AC4BF19481A
:109CA0001D490EDCBAF1000FBEBF12F13C0F0020BF
:109CB000014606DB6246FEF73AFA21F00041FFF763
:109CC00061FE002C08BFBDE8F08D012C04BF81F0BF
:109CD0000041BDE8F08D114A114B022C07D0FEF770
:109CE000AEF92A46BDE8F04D0A4BFEF7A8B9FEF7DB
:109CF000A6F92A46BDE8F04D064BFEF7A3B90000D1
:109D00000000F07F182D4454FB2109C0460F0000CD
:109D1000FB21F9BFFB210940FB21F93F075C14330C
:109D200026A6A13C00B5254B21F0004287B09A42FF
:109D300003DC0022134600922BE0214B9A4208D10B
:109D400040B94FF00100FFF781F8FFF760F807B066
:109D500000BD03DBFFF756F807B000BD02AAFEF70F
:109D600043FD10F003014FF001000DD0012914D084
:109D700002291AD00DF1080C9CE80F00FEF7F8FE3E
:109D800007B081F0004100BD0DF1080C00909CE887
:109D90000F00FEF7C1FF07B000BD0DF1080C9CE8F5
:109DA0000F00FEF7E5FE07B000BD0DF1080C0090B6
:109DB0009CE80F00FEF7B0FFE2E70000FB21E93F5F
:109DC0000000F07F2DE9F04106460F46FEF72CFC1F
:109DD000041E0D4618BF0120284320F00040C0F1AA
:109DE0007F6000F1E040C00F0ED0301C18BF012092
:109DF000384320F00040C0F17F6000F1E040C00F28
:109E000004BF0120FFF722F820462946BDE8F08173
:109E10000000000000406540B81E85EB51B8CE3F01
:109E20000000000000001240B81E85EB51B8BE3F94
:109E30006800000476005401F7FD000175191A0C42
:109E40006A231B1C1F207274433B4138393A6B6CE8
:109E5000376F06246D6E700083000000000800005C
:109E60000001001832000500000020410000D2422D
:109E7000295C0F3E9A99993E3333733F295C0F3E1C
:109E80000000700000000024000000020003000039
:109E900000650054FFEF0000FA80000B1282000101
:109EA000030C30C30E8C8CE914D5400213710F8E55
:109EB0003883F8833000F883258EF8833000F883E8
:109EC000FFFFFFFF0FFEA9D6240004001A8279A12C
:109ED0000000003CFFFF00000010000038836FA26C
:109EE000003E03304000000002CAE3093E8000004B
:109EF00020000000000000004000000060000000A2
:109F0000000C0000000C186E000006920A16C0DF5C
:109F1000FFFF0256FD8CD377FFE1C496E0C5BEAAD1
:109F200000000000FFFF0B2B000016570000035934
:109F30004000000000001DFA00026C1D000000003F
:109F40003FFFDFEB003EB3B6000D227800002F3C50
:109F500000000000001942B5000039A20000B365FE
:109F6000D90E9FC91DCF4C343000000050000000B6
:109F70003BB67AE80064000000C800000000000062
:109F8000100000001000FA921000225E000D229FC7
:109F90000001000000320000FF46000063D4000012
:109FA0001000000004D6000004CC000004CC000027
:109FB00000001072000000400000000000000000DF
:109FC0000006000200050007000000000064000019
:109FD00000000000000000050005006400200000F3
:109FE000000000000000000000004000000003002E
:109FF00000000032F8980000FF650000830F0000A9
:10A00000FF9BFC00000000000000000000000000BA
:10A010000000000000000000000000000000000040
:10A020000000000000000000000000000000100020
:10A0300040000000000000060000B26A00020000BC
:10A040000001FB830068000000D9FC007CF1FF8365
:10A050000000000000650000006403E800640028C0
:10A06000000000250000000016A000000000100005
:10A0700000001000002F0000000001F4000010009C
:10A0800000280000FFFF4581FFFFFA72000000007A
:10A0900000000000004400050005BAC6004778A291
:10A0A0000000000100000000000006000000001495
:10A0B0000000254D002F706D000005AE000C02D091
:10A0C0000000000000000000000000000000000090
:10A0D000001B000000000000000000000000000065
:10A0E0000064000000080000000000000000000004
:10A0F0000000000000000000000000000000000060
:10A10000000000000000000000000000000000004F
:10A11000000000000000000000000000000000003F
:10A12000000000000000000000000000000000002F
:10A13000000000000000000000000000000000001F
:10A14000001B00000000000000000000000E000ED8
:10A1500000000AC70004000000000032FFFFFF9C5F
:10A1600000000B2B00000002000000010000006452
:10A17000FFE50000000000000000000000000000FB
:10A1800000000001000000000001000000000000CD
:10A19000000180000001800000018000002426D31F
:10A1A0000000000000000000000600100096003CC7
:10A1B000000000000000000000000000000000009F
:10A1C0000C0A4E68CDCF770950166759C619CE8252
:10A1D000000000000000000000000000000000007F
:10A1E000000000000000000017D7840003000000FA
:10A1F0000000000000000000C7938F9D1E1B1C196B
:10A20000000000000000000000000000000000004E
:10A21000000000000000000002031885000040005C
:10A220000000000300000003000000000000000028
:10A2300040000000000000000000000000000000DE
:10A24000000000000000000000000000000000000E
:10A2500000000000000000000000000000000000FE
:10A2600000000000677DDF7E72902E554CF6E68878
:10A2700000000000000000000000000000000000DE
:10A28000D8DCB4B8B0D8B9ABF3F8FAB3B7BB8E9E8C
:10A29000AEF132F51BF1B4B8B08097F1A9DFDFDF82
:10A2A000AADFDFDFF2AAC5CDC7A90CC92C97F1A997
:10A2B00089264666B28999A92D557DB0B08AA8969F
:10A2C000365676F1BAA3B4B280C0B8A89711B2835B
:10A2D00098BAA3F0240844106418B2B9B49883F172
:10A2E000A329557DBAB5B1A38393F0002850F5B2E8
:10A2F000B6AA839328547CF1B9A3829361BAA2DAF7
:10A30000DEDFDB819AB9AEF5606870F1DABAA2DF00
:10A31000D9BAA2FAB9A38292DB31BAA2D9BAA2F809
:10A32000DF85A4D0C1BBAD83C2C5C7B8A2DFDFDF64
:10A33000BAA0DFDFDFD8D8F1B8AAB38DB4980D3555
:10A340005DB2B6BAAF8C96198F9FA70E161EB49A3F
:10A35000B8AA872C547CBAA4B08AB691325676B289
:10A360008494A4C808CDD8B8B4B0F19982A82D556A
:10A370007D98A80E161EA22C547C92A4F02C507826
:10A38000F184A898C4CDFCD80DDBA8FC2DF3D9BA74
:10A39000A6F8DABAA6DED8BAB2B68696A6D0F3C8C0
:10A3A00041DAA6C8F8D8B0B4B882A892F52C54887F
:10A3B00098F135D9F418D8F1A2D0F8F9A884D9C702
:10A3C000DFF8F883C5DADF69DF83C1D8F40114F15F
:10A3D000A8824EA884F311D182F5D992289788F1EA
:10A3E00009F41C1CD884A8F3C0F9D1D99782F129AB
:10A3F000F40DD8F3F9F9D1D982F4C203D8DEDF1A0B
:10A40000D8F1A2FAF9A88498D9C7DFF8F8F883C779
:10A41000DADF69DFF883C3D8F40114F198A8822E3B
:10A42000A884F311D182F5D992509788F109F41CD0
:10A43000D884A8F3C0F8F9D1D99782F149F40DD89E
:10A44000F3F9F9D1D982F4C403D8DEDFD8F1AD88AD
:10A4500098CCA809F9D98292A8F57CF1883ACF94D2
:10A460004A6E98DB6931DAADF2DEF9D88795A8F249
:10A4700021D1DAA5F9F417D9F1AE8ED0C0C3AE82DE
:10A48000C684C3A88595C8A588F2C0F1F4010EF171
:10A490008E9EA8C63E56F554F18872F40115F198C7
:10A4A00045856EF58E9E0488F142985A8E9E0688E8
:10A4B00069F4011CF1981E1108D0F504F11E9702F1
:10A4C00002983625DBF9D985A5F3C1DA85A5F3DF36
:10A4D000D88595A8F309DAA5FAD88292A8F578F17B
:10A4E000881A849F26889821DAF41DF3D8879F392B
:10A4F000D1AFD9DFDFFBF9F40CF3D8FAD0F8DAF9F1
:10A50000F9D0DFD9F9D8F40BD8F3879F39D1AFD977
:10A51000DFDFF41DF3D8FAFCA869F9F9AFD0DADE71
:10A52000FAD9F88F9FA8F1CCF398DB45D9AFDFD0EB
:10A53000F8D8F18F9FA8CAF38809DAAF8FCBF8D883
:10A54000F2AD978D0CD9A5DFF9BAA6F3FAF412F2A1
:10A55000D8950DD1D9BAA6F3FADAA5F2C1BAA6F305
:10A56000DFD8F1BAB2B68696A6D0CAF349DAA6CB3E
:10A57000F8D8B0B4B8D8AD84F2C0DFF18FCBC3A89F
:10A58000B2B68696C8C1CBC3F3B0B48898A821DB15
:10A59000718D9D71859521D9ADF2FAD88597A8283E
:10A5A000D9F408D8F28D29DAF405D9F285A4C2F2DB
:10A5B000D8A88D9401D1D9F411F2D88721D8F40A02
:10A5C000D8F28498A8C801D1D9F411D8F3A4C8BB93
:10A5D000AFD0F2DEF8F8F8F8F8F8F8F8D8F1B8F6F5
:10A5E000B5B9B08A95A3DE3CA3D9F8D85CA3D9F855
:10A5F000D87CA3D9F8D8F8F9D1A5D9DFDAFAD8B13F
:10A600008530F7D9DED8F830ADDADED8F2B48C99DF
:10A61000A32D557DA083DFDFDFB591A0F629D9FBFF
:10A62000D8A0FC29D9FAD8A0D051D9F8D8FC51D952
:10A63000F9D879D9FBD8A0D0FC79D9FAD8A1F9F901
:10A64000F9F9F9A0DADFDFDFD8A1F8F8F8F8F8AC0B
:10A65000DEF8ADDE8393AC2C547CF1A8DFDFDFF6AF
:10A660009D2CDAA0DFD9FADB2DF8D8A850DAA0D0DB
:10A67000DED9D0F8F8F8DB55F8D8A878DAA0D0DF22
:10A68000D9D0FAF8F8F8F8DB7DF8D89CA88CF5302A
:10A69000DB38D9D0DEDFA0D0DEDFD8A848DB58D940
:10A6A000DFD0DEA0DFD0DED8A868DB70D9DFDFA086
:10A6B000DFDFD8F1A888902C547C98A8D05C38D1E2
:10A6C000DAF2AE8CDFF9D8B087A8C1C1B188A8C6CC
:10A6D000F9F9DA36D8A8F9DA36D8A8F9DA36D8A8E6
:10A6E000F9DA36D8A8F9DA36D8F78D9DADF818DA48
:10A6F000F2AEDFD8F7ADFA30D9A4DEF9D8F2AEDE8B
:10A70000FAF983A7D9C3C5C7F1889BA77AADF7DE4D
:10A71000DFA4F8849408A797F300AEF29819A488F0
:10A72000C6A39488F632DFF28393DB09D9F2AADF5D
:10A73000D8D8AEF8F9D1DAF3A4DEA7F1889B7AD89D
:10A74000F38494AE19F9DAAAF1DFD8A881C0C3C5A1
:10A75000C7A39283F628ADDED9F8D8A350ADD9F8B7
:10A76000D8A378ADD9F8D8F8F9D1A1DADEC3C5C736
:10A77000D8A18194F818F2B089ACC3C5C7F1D8B894
:10A78000B4B09786A8319B069907AB9728889BF0B1
:10A790000C201440B0B4B8F0A88A9A285078B79B1F
:10A7A000A8295179247059446938644831F1BBAB08
:10A7B00088002C547CF0B38BB8A804285078F1B0F2
:10A7C00088B49726A85998BBABB38B02264666B0CF
:10A7D000B8F08A9CA82951798B2951798A2470591B
:10A7E0008B2058718A4469388B3940688A644831B3
:10A7F0008B30496088F1AC002C547CF08CA8042884
:10A800005078F1889726A85998AC8C02264666F0B5
:10A81000899CA8295179247059446938644831A920
:10A820008809205970AB11384069A8193148608CEB
:10A83000A83C415C207C00F187981986A86E767E42
:10A84000A999882D557DD8B1B5B9A3DFDFDFAED08A
:10A85000DFAAD0DEF2ABF8F9D9B087C4AAF1DFDF06
:10A86000BBAFDFDFB9D8B1F1A3978E60DFB084F260
:10A87000C8F8F9D9DED89385F14AB183A308B58326
:10A880009A0810B79F10D8F1B0BAAEB08AC2B2B66B
:10A890008E9EF1FBD9F41DD8F9D90CF1D8F8F8AD9A
:10A8A00061D9AEFBD8F40CF1D8F8F8AD19D9AEFBEC
:10A8B000DFD8F416F1D8F8AD8D61D9F4F4ACF59C7D
:10A8C0009C8DDF2BBAB6AEFAF8F40BD8F1AED0F807
:10A8D000AD51DAAEFAF8F1D8B9B1B6A3839C08B994
:10A8E000B1839AB5AAC0FD3083B79F10B58B93F2A0
:10A8F0000202D1ABDADED8F1B080BAABC0C3B28409
:10A90000C1C3D8B1B9F38BA391B609B4D9ABDEB04A
:10A91000879CB9A3DDF1B38B8B8B8B8BB087A3A303
:10A92000A3A3B28BB69BF2A3A3A3A3A3A3A3A3A3A6
:10A93000A3F1B087B59AA3F39BA3A3DCBAACDFB9AC
:10A94000A3A3A3A3A3A3A3A3A3A3A3A3A3A3A3A3D7
:10A95000D8D8D8BBB3B7F1AAF9DAFFD9809AAA2818
:10A96000B48098A720B79787A86688F07951F190AE
:10A970002C870CA781976293F071716085940129EF
:10A98000517990A5F1284C6C870C95188578A38394
:10A9900090284C6C886CD8F3A28200F210A892190F
:10A9A00080A2F2D926D8F188A84DD948D896A839DE
:10A9B00080D93CD89580A839A68698D92CDA87A763
:10A9C0002CD8A8899519A980D938D8A88939A980FF
:10A9D000DA3CD8A82EA83990D90CD8A8953198D9A6
:10A9E0000CD8A809D9FFD801DAFFD89539A9DA26F9
:10A9F000FFD890A80D8999A810809821DA2ED889BF
:10AA000099A83180DA2ED8A886963180DA2ED8A877
:10AA1000873180DA2ED8A88292F34180F1D92ED8DE
:10AA2000A882F31980F1D92ED882ACF3C0A280227B
:10AA3000F1A62EA72EA92298A829DAACDEFFD8A26B
:10AA4000F22AF1A92E8292A8F23180A696F1D900BD
:10AA5000AC8C9C0C30ACDED0DEFFD88C9CACD01023
:10AA6000ACDE8092A2F24C82A8F1CAF235F196884F
:10AA7000A6D900D8F1FF0000555555555555C53F8D
:10AA80007D6FEB0312D6D4BF5544880E55C1C93F24
:10AA90003B8F68B52882A4BF88B20175E0EF493FBB
:10AAA00009F7FD0DE13D023F4B2D8A1C273A03C0FB
:10AAB000C88A599CE52A004059018D1B6C06E6BFE7
:10AAC00082922EB1C5B8B33F4FBB610567ACDD3F85
:10AAD000182D4454FB21E93F9BF681D20B73EF3FC5
:10AAE000182D4454FB21F93FE2652F227F2B7A3C3D
:10AAF000075C143326A6813CBDCBF07A8807703CF6
:10AB0000075C143326A6913CC4EB98999999C9BF68
:10AB1000711623FEC671BCBF6D9A74AFF2B0B3BF9D
:10AB20009AFDDE522DDEADBF2F6C6A2C44B4A2BF5D
:10AB30000D5555555555D53FFF8300922449C23FC9
:10AB40006E204CC5CD45B73F513DD0A0660DB13FFD
:10AB5000EB0D76244B7BA93F11DA22E33AAD903F0F
:10AB60004C5555555555A53F7751C1166CC156BF2B
:10AB70009015CB19A001FA3EAD529C804F7E92BE3B
:10AB8000C4B1B4BD9EEE213ED43888BEE9FAA8BD5A
:10AB9000000000000000000000004054FB21F93FCD
:10ABA0003163621A61B4D03D0000601A61B4D03DD7
:10ABB0007370032E8A19A33B0000002E8A19A33B51
:10ABC000C14920259A837B39000000000000000065
:10ABD0006E83F9A22915444ED15727FCC0DD34F508
:10ABE000999562DB4190433CAB6351FE61C5BBDE8E
:10ABF0003A6E24B7E0D24D42EA2E49061C92D109A2
:10AC00001CEB1DFE3EA729B1F53582E88444BB2E1E
:10AC100026709CE9417E5FB439D69139F43953836B
:10AC20008B5F849C3B28F9BDFF97F81F0F9805DECA
:10AC30008B112FEF1F6D0A5ACF7E366DB709CB27C8
:10AC4000663F464F2DEA5F9EC7BA27757BF1E5EB5D
:10AC5000F739073DEA92528AB15FFB6B085D8D1FA1
:10AC6000A6F810111111813FD561C119A0012ABFA9
:10AC70007DFEB157E31DC73EEB9C2B8AE6E55ABE2D
:10AC80007CD5CF5A3AD9E53D2050726F6475637414
:10AC90002049442072656164206173203020696E10
:10ACA00064696361746573206465766963652069AE
:10ACB000732065697468657220696E636F6D706179
:10ACC0007469626C65206F7220616E204D5055333F
:10ACD0003035302E0A000000F8AC000800000020DB
:10ACE000200200002287000880AD0008200200201A
:10ACF000880500003C8E0008412D01020304041069
:10AD000009060708090204060884A24A04691832E1
:10AD1000FF290452010342803F234843280FC842C1
:10AD20009A99993FDA0FC93F9A99193E10A11AB41E
:10AD30000C2904E14D3333B33E8421CB840310014D
:10AD400016032E40411E1643295C8F8C07649040E9
:10AD50008FC2F53D031688131A20E030096F128365
:10AD60003AA69B443B0E1C3F0AD7A33BECC1EB80A9
:10AD70003F0C133C9E1B08300401209A582400000D
:04000005080000ED02
:00000001FF
