:020000040800F2
:1000000040070020F54400088131000883310008D2
:10001000873100088B3100088F3100080000000094
:100020000000000000000000000000009331000804
:100030009531000800000000973100089931000850
:100040000F4500080F4500080F4500080F45000840
:100050000F4500080F4500080F450008AF43000892
:100060000F4500080F4500080F4500080F45000820
:100070000F4500080F4500080F4500080F45000810
:100080000F4500080F4500080F4500080F45000800
:100090000F4500080F4500080F4500080F450008F0
:1000A0000F450008114300080F4500080F450008E0
:1000B0000F4500082D2800083D2800080F450008BE
:1000C0000F4500080F4500080F4500080F450008C0
:1000D0000F4500080F4500080F4500080F450008B0
:1000E0000F4500080F4500080F450008DFF80CD049
:1000F00007F06CFD004800478126000840070020FB
:1001000031490143314A1160704770B50021002325
:100110000F22C47804B32D4C246804F4E064C4F5C1
:10012000E064210AC1F10403CA40447804FA03F1EF
:100130008478144021430901254C0678A1550478A0
:1001400004F01F050124AC4005786D11AD0005F1E8
:10015000E025C5F8004109E0047804F01F050124FA
:10016000AC401C4D0678761145F8264070BD1A4A01
:100170000A400243154B1B1F1A60704739B1134ADE
:10018000121D12680243114B1B1D1A6006E00F4A34
:10019000121D126882430D4B1B1D1A607047042804
:1001A00008D14FF0E021096941F004014FF0E0224D
:1001B000116107E04FF0E021096921F004014FF0DF
:1001C000E0221161704700000000FA050CED00E02C
:1001D00000E400E080E100E080FFFF1F00204449D0
:1001E0000860091D0860091D0860091D0860414874
:1001F0003F4914310860704700213D498279002A47
:100200003AD00A46126803689A430B461A600A1DE0
:10021000126803689A430B1D1A60027911440A6838
:1002200003681A430A60324A0832126803689A4324
:100230002F4B08331A601A1D126803689A432C4B1F
:100240000C331A604279102A0ED11A1F1268036803
:100250001A43274B08331A601A1D126803681A43A1
:10026000234B0C331A600DE02149427911440A688E
:1002700003681A430A6005E0027911440A680368BA
:100280009A430A6070470021016001710C2141719D
:100290000021817170471649103109680143144AE1
:1002A00010321160704701460020114A1432126862
:1002B0000A400AB1012000E0002070470C491431C7
:1002C00008607047014600200022094B1B6803EAC2
:1002D0000102074B14331B680B4013B10AB1012014
:1002E00000E00020704702491431086070470000A8
:1002F00000040140FFFF0F0010B50446CC488442C3
:1003000008D10121042000F02DFB0021042000F081
:1003100029FB46E0C748844208D10121082000F0AB
:1003200021FB0021082000F01DFB3AE0C248844276
:1003300008D10121102000F015FB0021102000F051
:1003400011FB2EE0BD48844208D10121202000F09D
:1003500009FB0021202000F005FB22E0B848844280
:1003600008D10121402000F0FDFA0021402000F0DA
:10037000F9FA16E0B348844208D10121802000F048
:10038000F1FA0021802000F0EDFA0AE0AE48844244
:1003900007D10121801500F0E5FA0021A01500F039
:1003A000E1FA10BD10B50121084600F0DBFA00218A
:1003B000012000F0D7FA10BD2DE9F04102460025DA
:1003C0000026002000230024002791F803C00CF031
:1003D0000F0591F803C00CF0100CBCF1000F03D016
:1003E00091F802C04CEA050591F800C0BCF1000F7D
:1003F00031D0146800202BE04FF0010C0CFA00F310
:10040000B1F800C00CEA03069E4220D183004FF0F1
:100410000F0C0CFA03F7BC4305FA03FC4CEA040486
:1004200091F803C0BCF1280F06D14FF0010C0CFA73
:1004300000FCC2F814C00AE091F803C0BCF1480FF8
:1004400005D14FF0010C0CFA00FCC2F810C0401CA2
:100450000828D1D31460B1F800C0BCF1FF0F34DD1F
:10046000546800202EE000F1080C4FF0010808FA53
:100470000CF3B1F800C00CEA03069E4221D18300C0
:100480004FF00F0C0CFA03F7BC4305FA03FC4CEADF
:10049000040491F803C0BCF1280F05D100F1080C49
:1004A00008FA0CF8C2F8148091F803C0BCF1480FA8
:1004B00007D100F1080C4FF0010808FA0CF8C2F857
:1004C0001080401C0828CED35460BDE8F0814FF660
:1004D000FF710180022181700421C17070470246C2
:1004E000002093680B400BB1012000E00020704712
:1004F0000146886880B2704702460020D3680B40EE
:100500000BB1012000E0002070470146C86880B2AE
:10051000704701617047416170470AB1016100E0B5
:1005200041617047C16070474FF480320A43826175
:100530008161826182698269704702460020434B73
:1005400018684FF68073184040EA021008433F4B8A
:10055000186070473E49C8617047F0B50A460023ED
:1005600000240021002500F00046B6F1004F02D122
:10057000364EF16901E0354E7168C0F3034583B230
:1005800000F44016B6F5401F08D121F070612F4EDF
:10059000766826F070662D4F7E6012E000F48016BB
:1005A000B6F5801F06D1032606FA05F4A14341F0F3
:1005B000706106E0460D360103FA06F6B14341F0DC
:1005C000706122B1460D360103FA06F6314300F0A0
:1005D0000046B6F1004F02D11C4EF16101E01B4E06
:1005E0007160F0BD30B500228B071C0F0F2303FA9A
:1005F00004F2164B08338C1053F824309343134CF9
:1006000008348D1044F8253023468C1053F82430DC
:100610008C07240F00FA04F423430C4C08348D108B
:1006200044F8253030BD0A49DC31086070470000CD
:1006300000080140000C014000100140001401407E
:1006400000180140001C0140002001400000014052
:1006500000002042DF48006840F00100DD490860EA
:1006600008464068DC490840DA49486008460068A6
:10067000DA490840D74908600846006820F480201D
:1006800008600846406820F4FE0048604FF41F00F0
:1006900088607047CF49096821F48031CD4A1160E4
:1006A0001146096821F480211160B0F5803F03D024
:1006B000B0F5802F0ED106E0C649096841F48031BB
:1006C000C44A116007E0C349096841F4A021C14A46
:1006D000116000E000BF00BF704710B50146002266
:1006E000002300204A11012A02D1BA4C236806E0F7
:1006F000022A02D1B74C236A01E0B64C636A01F0CA
:100700001F02012494401C400CB1012000E0002095
:1007100010BD38B5002000900024002500BF312016
:10072000FFF7DBFF05460098401C00900098B0F5ED
:10073000A06F01D0002DF2D03120FFF7CEFF08B11D
:10074000012400E00024204638BD01460020A14AD3
:10075000106820F0F80040EAC10010607047A0491E
:1007600008607047024600209A4B586820F47C10BD
:1007700042EA01031843974B58607047984908664E
:10078000704701460020934A506820F00300084358
:10079000506070478F48406800F00C007047014679
:1007A00000208C4A506820F0F000084350607047E9
:1007B00001460020874A506820F4E06008435060FA
:1007C000704701460020834A506820F4605040EA98
:1007D000C1005060704729B17E4A527A02437D4B76
:1007E0005A7204E07B4A527A82437A4B5A727047BB
:1007F0007B49D8310860704701460020754A50682F
:1008000020F440400843506070470021714A203274
:100810001170704A82F82010012802D004280AD1F1
:1008200004E001216B4A2032117005E00521694A7C
:100830002032117000E000BF00BF704769490860B6
:1008400070476449096A0143624A11627047654909
:1008500044390860704730B500210022002400238D
:100860005C4D6D6805F00C0121B1042905D0082903
:1008700023D105E05C4D056022E05B4D05601FE083
:10088000544D6D6805F47012524D6D6805F4803456
:10089000022505EB92421CB9544D554305600BE00F
:1008A0004C4D6D6805F400351DB1504D5543056044
:1008B00002E04D4D5543056002E04B4D056000BF21
:1008C00000BF444D6D6805F0F0010909484D6B5CAF
:1008D0000568DD4045603F4D6D6805F4E061090A3B
:1008E000434D6B5C4568DD4085603A4D6D6805F4AD
:1008F0006051C90A3E4D6B5C4568DD40C560354DB1
:100900006D6805F44041890B3A4D6B5CC568B5FBD9
:10091000F3F5056130BD29B12E4A526902432D4BD2
:100920005A6104E02B4A526982432A4B5A6170474C
:1009300029B1284A92690243264B9A6104E0254A6C
:1009400092698243234B9A61704729B1214AD26947
:100950000243204BDA6104E01E4AD26982431D4BF8
:10096000DA61704729B11B4AD2680243194BDA6039
:1009700004E0184AD2688243164BDA60704729B106
:10098000144A12690243134B1A6104E0114A1269B6
:100990008243104B1A617047124940390860704712
:1009A0000F49C86470470B49C87170470948406ACD
:1009B00040F0807007494862704701460020054AB0
:1009C00092680A400AB1012000E000207047014906
:1009D00088727047001002400000FFF8FFFFF6FE2B
:1009E000000042428004424200127A0000093D00A9
:1009F000000000201000002010B50446FE4884428C
:100A000008D10121C014FFF7ADFF0021E014FFF76A
:100A1000A9FFC4E0B4F1804F08D101210846FFF7D7
:100A2000AEFF00210120FFF7AAFFB8E0F34884429F
:100A300008D101210220FFF7A2FF00210220FFF7C9
:100A40009EFFACE0EE48844208D101210420FFF76C
:100A500096FF00210420FFF792FFA0E0E9488442BE
:100A600008D101210820FFF78AFF00210820FFF7A5
:100A700086FF94E0E448844208D101211020FFF76A
:100A80007EFF00211020FFF77AFF88E0DF488442D4
:100A900008D101212020FFF772FF00212020FFF75D
:100AA0006EFF7CE0DA48844208D101214014FFF750
:100AB00059FF00216014FFF755FF70E0D5488442CC
:100AC00009D10121C804FFF74DFF00214FF4002098
:100AD000FFF748FF63E0D048844209D101210805AF
:100AE000FFF740FF00214FF48010FFF73BFF56E077
:100AF000CA48844209D101214805FFF733FF00218C
:100B00004FF40010FFF72EFF49E0C548844208D19A
:100B100001214020FFF733FF00214020FFF72FFF86
:100B20003DE0C048844208D101218020FFF727FF23
:100B300000218020FFF723FF31E0BB48844208D129
:100B400001218015FFF71BFF0021A015FFF717FFFC
:100B500025E0B648844209D101210804FFF702FFCD
:100B600000214FF48030FFF7FDFE18E0B0488442CA
:100B700009D101214804FFF7F5FE00214FF40030B0
:100B8000FFF7F0FE0BE0AB48844208D10121880456
:100B9000FFF7E8FE00214FF48020FFF7E3FE10BDD1
:100BA00000220288944B98420ED0994B98420BD069
:100BB000B0F1804F08D0914B984205D0904B9842AD
:100BC00002D0904B984204D14FF68F731A404B8855
:100BD0001A438D4B984207D08C4B984204D04FF665
:100BE000FF431A40CB881A4302808B8883850B8889
:100BF0000385814B98420BD0854B984208D08B4B94
:100C0000984205D08A4B984202D08A4B984201D133
:100C10000B7A038601238382704770B5002400227B
:100C20000023058C4FF6FE7635400584028C8388C0
:100C3000048B4FF68F752C40B51E2C400D882C432D
:100C4000751E2A400D892A434D882A436A4DA842C1
:100C50000BD06F4DA84208D0744DA84205D0744DFA
:100C6000A84202D0734DA84213D14FF6F7752A401F
:100C70004D892A434FF6FB752A408D882A434FF64B
:100C8000FF652B404FF6FF552B408D892B43CD89B7
:100C90002B4383800483CD888586028470BD70B524
:100CA000002400220023058C4FF6EF7635400584A2
:100CB000028C8388048B48F6FF752C404FF6FF4565
:100CC0002C400D884FF6FF7606EA05252C434FF69B
:100CD000DF752A400D8906EA05152A434D8806EA84
:100CE00005152A43444DA84202D0494DA8421DD1C2
:100CF0004FF67F752A404D894FF6FF7606EA0515B7
:100D00002A434FF6BF752A408D8806EA05152A4307
:100D10004FF6FF352B404FF2FF752B408D8906EAC9
:100D200085052B43CD8906EA85052B438380048303
:100D3000CD880587028470BD70B500240022002391
:100D4000058C4FF6FF6635400584028C8388848BC2
:100D50004FF68F752C404FF6FC752C400D882C43B8
:100D60004FF6FF552A400D894FF6FF7606EA052516
:100D70002A434D8806EA05252A431F4DA84202D082
:100D8000234DA8421DD14FF2FF752A404D894FF6E1
:100D9000FF7606EA05252A434FF6FF352A408D885F
:100DA00006EA05252A434EF6FF752B404DF6FF75E2
:100DB0002B408D8906EA05152B43CD8906EA0515DA
:100DC0002B4383808483CD888587028470BD70B572
:100DD000002200230024058C4EF6FF763540058462
:100DE000038C8488828B48F6FF752A404FF6FF45B6
:100DF0002A400D8820E00000002C01400004004043
:100E000000080040000C00400010004000140040AA
:100E100000340140004C01400050014000540140AA
:100E200000180040001C004000200040004001402D
:100E300000440140004801404FF6FF7606EA0525D0
:100E40002A434DF6FF752B400D8906EA05352B43E5
:100E50004D8806EA05352B43FA4DA84202D0FA4DDB
:100E6000A84208D14BF6FF752C408D894FF6FF76CE
:100E700006EA85152C4384808283CD88A0F84050F3
:100E8000038470BD828B4FF2FF331A408283828BC2
:100E90004FF6FF7303EA01231A4382837047F0B5CC
:100EA0000C461546002200210026078C4EF6FF7CDA
:100EB00007EA0C070784828B018C4FF6FF7707EA5D
:100EC000043640F6FF473A404FF6FF7707EA05271A
:100ED0003A434FF6FF7707EA03373A43D94FB84210
:100EE0000ED0D94FB8420BD0B0F1804F08D0D74FB9
:100EF000B84205D0D64FB84202D0D64FB84206D13C
:100F00004DF6FF77394046F48057394305E047F600
:100F1000FF57394044F48057394382830184F0BD40
:100F2000828B4FF6F3731A408283828B0A4382834B
:100F30007047F0B50C461546002200210026078CAC
:100F40004FF6FF6C07EA0C070784828B018C4FF683
:100F5000FF7707EA04264FF60C773A404FF6FF7703
:100F600007EA03172F433A43B64FB8420ED0B64FA5
:100F7000B8420BD0B0F1804F08D0B44FB84205D082
:100F8000B34FB84202D0B34FB84206D14FF6FF5725
:100F9000394046F48077394305E04FF2FF57394036
:100FA00044F48077394382830184F0BD028B4FF291
:100FB000FF331A400283028B4FF6FF7303EA0123CB
:100FC0001A4302837047F0B50C46154600220021F3
:100FD0000026078C4FF6EF7C07EA0C070784028B8C
:100FE000018C4FF6FF7707EA041640F6FF473A40B8
:100FF0004FF6FF7707EA03373A434FF6FF7707EAE2
:1010000005273A438F4FB8420ED08F4FB8420BD0CE
:10101000B0F1804F08D08D4FB84205D08C4FB84208
:1010200002D08C4FB84206D14FF6DF77394046F0F8
:101030001007394305E04FF65F77394044F0100759
:10104000394302830184F0BD028B4FF6F3731A40DB
:101050000283028B0A4302837047F0B50C461546A3
:1010600000220021068C4FF6FE773E400684028B5C
:10107000018C4FF60C7632407E1C06EA03162E4396
:101080003243704EB0420ED06F4EB0420BD0B0F132
:10109000804F08D06D4EB04205D06D4EB04202D0A8
:1010A0006C4EB04206D14FF6FD76314044F0010659
:1010B000314305E04FF6F576314044F00106314307
:1010C00002830184F0BD70B505460C465D4885423B
:1010D0000ED05D4885420BD0B5F1804F08D05B48FB
:1010E000854205D05A48854202D05A48854200D1EF
:1010F00000E000BF208850B92389A2886188284673
:10110000FFF7ABFFE1882846FFF79EFF25E0208828
:1011100004280AD12389A28861882846FFF753FF53
:10112000E1882846FFF742FF17E0208808280AD107
:101130002389A28861882846FFF7FBFEE1882846BC
:10114000FFF7EEFE09E02389A28861882846FFF7B1
:10115000A6FEE1882846FFF795FE70BD2DE9F04117
:1011600005460C4600260127608808B9022600E0E3
:101170000026A088012801D1022700E0012720884D
:10118000A0B92389A28861882846FFF766FFE18815
:101190002846FFF759FF23893A4631462846FFF78C
:1011A00012FFE1882846FFF701FF13E02389A28898
:1011B00061882846FFF707FFE1882846FFF7F6FE1B
:1011C00023893A4631462846FFF747FFE1882846FB
:1011D000FFF73AFFBDE8F0810A884B881A438B88F5
:1011E0001A43CB881A430B891A434B891A438B89BC
:1011F0001A43A0F8442070474FF6FF718180002108
:101200000180C180418001727047002101804180CE
:101210008180C180018141818181C181704700212C
:1012200001804180012181800021C18001817047BE
:101230000021018041808180C180018141818181C3
:1012400070470000002C01400034014000040040C1
:1012500000080040000C004021B1028842F0010269
:10126000028004E002884FF6FE731A400280704745
:1012700031B1B0F8442042F40042A0F8442005E027
:10128000B0F84420C2F30E02A0F8442070471AB10F
:1012900083890B43838102E083898B438381704779
:1012A0008182704741EA0203A0F8483070471AB1C2
:1012B00083890B43838102E083898B438381704759
:1012C00001894FF6F8721140018170470A460021EA
:1012D00001894FF68F73194011430181704730B572
:1012E00004460D4629462046FFF7F0FF208940F0CE
:1012F0000700208130BD2DE9F04104460D46164619
:101300001F46602D06D13B46012231462046FFF79D
:101310005AFE05E03B46012231462046FFF79DFE7E
:1013200029462046FFF7D2FF208940F007002081A0
:10133000BDE8F08130B50C4600210189C9B24FF6F5
:10134000FF7505EA0325154325432943018130BD77
:101350002DE9F04105460E461746984600244346BF
:101360003A4631462846FFF7E5FF2C894FF6F870DC
:10137000044044F007044FF68F70044044F07004BA
:101380002C81BDE8F081F0B504460D4616461F4697
:101390003B46324629462046FFF7CCFF208940F4E1
:1013A00080402081F0BD0185828270470A4600217D
:1013B00001884FF68F731940114301807047F0B5D3
:1013C0000C4615461E460021002200230189028B8F
:1013D000038C4FF6F877394021434FF6FC473A40EB
:1013E00040F201173A434FF6DD773B404FF6FF7767
:1013F00007EA06172F433B43018102830384F0BDB4
:101400000A460021018B4FF68F7319401143018367
:1014100070470A460021018B48F6FF7319404FF6CA
:10142000FF7303EA02231943018370470A46002130
:10143000818B4FF68F7319401143818370470A46A1
:101440000021818B48F6FF7319404FF6FF7303EAC2
:10145000022319438183704721B1028842F0800240
:10146000028004E002884FF67F731A4002807047C2
:1014700021B1828842F00402828004E082884FF623
:10148000FB731A408280704721B1828842F00802C3
:10149000828004E082884FF6F7731A40828070479A
:1014A00021B1828842F00102828004E082884FF6F6
:1014B000FE731A40828070470A460021018B4FF666
:1014C000F77319401143018370470A460021018BCD
:1014D0004FF2FF7319404FF6FF7303EA02231943DB
:1014E000018370470A460021818B4FF6F77319403C
:1014F0001143818370470A460021818B4FF2FF73AD
:1015000019404FF6FF7303EA0223194381837047A2
:101510000A460021018B4FF6FB73194011430183EA
:1015200070470A460021018B4FF6FF3319404FF6F2
:10153000FF7303EA02231943018370470A4600211F
:10154000818B4FF6FB7319401143818370470A4624
:101550000021818B4FF6FF3319404FF6FF7303EAEA
:1015600002231943818370470A460021018B4FF6FD
:101570007F7319401143018370470A460021018B94
:10158000C1F30E014FF6FF7303EA022319430183EF
:1015900070470A460021818B4FF67F731940114333
:1015A000818370470A460021818BC1F30E014FF6FB
:1015B000FF7303EA02231943818370470A4600211F
:1015C000018C4FF6FD7319401143018470470A46A0
:1015D0000021018C4FF6F7731940114301847047C5
:1015E0000A460021018C4FF6DF7319404FF6FF7356
:1015F00003EA02131943018470470A460021018C53
:101600004FF67F7319404FF6FF7303EA0213194335
:10161000018470470A460021018C4FF6FF531940A0
:101620004FF6FF7303EA02231943018470470A4609
:101630000021018C4FF2FF7319404FF6FF7303EA4C
:1016400002231943018470470A460021018C4DF69C
:10165000FF7319404FF6FF7303EA02331943018405
:10166000704730B5002301248C40A3B2048C9C4306
:101670000484048C02FA01F5ADB22C43048430BD1D
:1016800030B5002304248C40A3B2048C9C43048412
:10169000048C02FA01F5ADB22C43048430BD70B560
:1016A0000346002000241846183001258D40ACB2B6
:1016B0001D8CA5431D8409B1082909D100EB6100E7
:1016C000056825F0700505600568154305600EE0A6
:1016D0000D1FC5F34E052844056825F4E045056057
:1016E00005684FF6FF7606EA02263543056070BDB1
:1016F00021B1028842F00202028004E002884FF623
:10170000FD731A400280704721B1028842F0040242
:10171000028004E002884FF6FB731A400280704793
:1017200021B1828842F08002828004E082884FF6F4
:101730007F731A408280704702884FF6F7731A4011
:10174000028002880A430280704782884FF68F73B6
:101750001A40828082880A438280704702894FF64D
:10176000F8731A40028102890A4302817047028994
:101770004FF67F731A40028102890A430281704743
:1017800081847047818570478186704701877047E3
:1017900081877047A0F84010704702884FF6FF43DA
:1017A0001A40028002880A43028070470146888EF0
:1017B00070470146088F70470146888F7047014681
:1017C000B1F8400070470146888C70470146088D8B
:1017D000704702460020138A0B400BB1012000E045
:1017E00000207047CA430282704730B5024600208D
:1017F00000230024158A05EA0103958905EA0104FE
:1018000013B10CB1012000E0002030BDCA430282B8
:101810007047000010B50446FB48844209D10121FD
:101820008803FFF79FF800214FF48040FFF79AF8F4
:1018300032E0F648844209D101214804FFF79FF8BD
:1018400000214FF40030FFF79AF825E0F048844279
:1018500009D101218804FFF792F800214FF480207C
:10186000FFF78DF818E0EB48844209D10121C80444
:10187000FFF785F800214FF40020FFF780F80BE018
:10188000E548844208D101210805FFF778F80021D6
:101890004FF48010FFF773F810BD2DE9F04786B0C4
:1018A00005460E460024A24600BFA1460027B08987
:1018B00000B100BF2F462C8A4CF6FF700440F08820
:1018C00004432C82AC894EF6F3100440B088318971
:1018D0000843718908430443AC81AC8A4FF6FF404A
:1018E0000440B0890443AC8201A8FEF7B4FFC648A7
:1018F000874202D1DDF810A001E0DDF80CA0A88934
:1019000000F4004040B10AEBCA0000EB0A10316855
:101910004900B0FBF1F807E00AEBCA0000EB0A103F
:1019200031688900B0FBF1F86420B8FBF0F00401E5
:101930002009642101FB1089A88900F4004040B10E
:10194000322000EBC900B0FBF1F000F007000443C7
:1019500008E0322000EB09106421B0FBF1F000F048
:101960000F0004432C8106B0BDE8F0874FF41651F8
:10197000016000218180C18001810C214181002111
:101980008181704710B502460020108A4FF2FF0394
:1019900018400B884C8823438C882343CC882343EE
:1019A0001843108210BD0021018041808180C180D8
:1019B000704721B1828942F40052828104E0828919
:1019C0004DF6FF731A4082817047F0B5034600243C
:1019D00000260025002040F66A17B94200D100BF5A
:1019E0001846C1F3421401F01F06012707FA06F555
:1019F000012C01D10C3004E0022C01D1103000E0A8
:101A000014301AB107682F43076002E00768AF433C
:101A10000760F0BD1AB1838A0B43838202E0838A98
:101A20008B4383827047028A4FF6F0731A4002821A
:101A3000028A0A430282704782894FF2FF731A407A
:101A4000828182890A438281704721B1828942F072
:101A50000202828104E082894FF6FD731A4082817E
:101A60007047028A4FF6DF731A400282028A0A43E5
:101A70000282704721B1028A42F48042028204E06D
:101A8000028A4BF6FF731A4002827047C1F30802C4
:101A90008280704701468888C0F3080070478189BA
:101AA00041F0010181817047028BD2B20283028B27
:101AB00042EA012202837047028B02F47F420283D2
:101AC000028B0A430283704721B1828A42F02002CE
:101AD000828204E0828A4FF6DF731A408282704766
:101AE00021B1828A42F01002828204E0828A4FF69B
:101AF000EF731A408282704721B1828A42F0080255
:101B0000828204E0828A4FF6F7731A40828270471D
:101B100021B1828942F40042828103E08289C2F3CA
:101B20000E028281704721B1828A42F40062828271
:101B300004E0828A4FF2FF731A4082827047828AE1
:101B40004FF6FB731A408282828A0A438282704770
:101B500021B1828A42F00202828204E0828A4FF638
:101B6000FD731A408282704702460020B1F5007F63
:101B700000D100BF13880B400BB1012000E0002012
:101B8000704701F40072B2F5007F00D100BFCA4374
:101B90000280704770B50246002400230025002013
:101BA00040F66A16B14200D100BFC1F3421501F000
:101BB0001F03012606FA03F3012D02D19689334053
:101BC00006E0022D02D1168A334001E0968A3340A6
:101BD0000C12012606FA04F41688344013B10CB135
:101BE000012000E0002070BD10B50022002340F667
:101BF0006A14A14200D100BF0A1201249440A3B28A
:101C0000DC43048010BD0000003801400044004067
:101C100000480040004C00400050004010B5044611
:101C2000FA48844208D101214015FEF79BFE0021AD
:101C30006015FEF797FE17E0F548844208D10121B0
:101C40000015FEF78FFE00212015FEF78BFE0BE03E
:101C5000F048844208D10121C803FEF783FE002129
:101C60004FF40040FEF77EFE10BD30B50246002066
:101C700000235068E84C20400D790C6844EA0524A4
:101C8000204350609068E54C2040D1E902542C4339
:101C90004D7944EA450420439060D06A20F47000F6
:101CA0000C7C641EE4B2234340EA0350D06230BD92
:101CB00000210160017141718160C16001210174E5
:101CC000704721B1826842F00102826003E08268BD
:101CD00022F001028260704721B1826842F4807272
:101CE000826003E0826822F480728260704710B5DF
:101CF0000023CBB21AB144681C43446002E044683C
:101D00009C43446010BD816841F0080181607047C8
:101D1000014600208A6802F008020AB1012000E0B2
:101D200000207047816841F00401816070470146DE
:101D300000208A6802F004020AB1012000E00020BD
:101D4000704721B1826842F4A002826003E0826899
:101D500022F4A00282607047014600208A6802F4E3
:101D600080020AB1012000E00020704710B50A4649
:101D700000210023416821F46041531E41EA4331B0
:101D8000416010BD21B1426842F40062426003E04C
:101D9000426822F4006242607047F0B504460D4686
:101DA00000200021092D11DDE068A5F10A0606EBEF
:101DB0004607072606FA07F18843A5F10A0606EB4F
:101DC000460603FA06F10843E0600CE0206905EBE3
:101DD0004507072606FA07F1884305EB450603FA8F
:101DE00006F108432061072A0FDA606B561E06EBE6
:101DF00086071F2606FA07F18843561E06EB86065D
:101E000005FA06F10843606322E00D2A0FDA206B21
:101E1000D61F06EB86071F2606FA07F18843D61F52
:101E200006EB860605FA06F10843206310E0E06A37
:101E3000A2F10D0606EB86071F2606FA07F1884376
:101E4000A2F10D0606EB860605FA06F10843E062EC
:101E5000F0BD21B1826842F48012826003E08268A2
:101E600022F48012826070470146C86C80B27047CD
:101E700066484C300068704721B1426842F4806285
:101E8000426003E0426822F480624260704721B100
:101E9000426842F48052426003E0426822F4805279
:101EA000426070470A460021816821F4E0411143F5
:101EB0008160704721B1826842F40042826003E091
:101EC000826822F400428260704721B1826842F445
:101ED0000212826003E0826822F40212826070477C
:101EE000014600208A6802F400120AB1012000E0D5
:101EF00000207047F0B50446154600200022002659
:101F0000092911DDE068A1F10A0707EB470C072753
:101F100007FA0CF29043A1F10A0707EB470703FA0F
:101F200007F21043E0600CE0206901EB410C072749
:101F300007FA0CF2904301EB410703FA07F2104352
:101F40002061A06BC0F30156EF1C06F1010CA7EB5A
:101F50000C0707EB870C1F2707FA0CF29043EF1CC6
:101F600006F1010CA7EB0C0707EB870701FA07F254
:101F70001043A063F0BD10B50A4600210023816B19
:101F800021F44011531E41EA0351816310BD08B58D
:101F9000002300930090009B0B440093009B1A6069
:101FA00008BD08B5024600200090009201F128000B
:101FB000009B184400900098006880B208BD0A4653
:101FC00000214168164B194011434160704741623E
:101FD000826270470A460021416821F01F011143C7
:101FE0004160704740B109490831096841F4000176
:101FF000064A0832116007E004490831096821F4F3
:102000000001024A083211607047000000240140BC
:1020100000280140003C0140FFFEF0FFFDF7F1FF0A
:10202000FFFD3FFF0246002013680B400BB101206B
:1020300000E000207047CA430260704770B5024656
:102040000020002300240B125568CEB205EA0604D6
:1020500015681D4015B10CB1012000E0002070BDD5
:1020600000220A12D3430360704700000CB5002021
:10207000019000906C48006840F480306A49086024
:1020800000BF6948006800F4003000900198401CCF
:102090000190009818B90198B0F5A06FF1D162488D
:1020A000006800F4003010B10120009001E0002031
:1020B00000900098012843D15C48006840F010006F
:1020C0005A4908600846006820F003000860084686
:1020D000006840F002000860534840685249486078
:1020E0000846406848600846406840F480604860A0
:1020F0000846406820F47C1048600846406840F478
:10210000E81048600846006840F08070086000BF32
:102110004548006800F000700028F9D04248406847
:1021200020F00300404948600846406840F0020043
:10213000486000BF3C48406800F00C000828F9D116
:102140000CBD10B5FFF792FF10BD10B53648006802
:1021500040F00100344908600846406834490840AE
:102160003149486008460068324908402E490860F5
:102170000846006820F4802008600846406820F483
:10218000FE0048604FF41F008860FFF7DAFF4FF051
:1021900000602949086010BD10B500210020002210
:1021A000214B5B6803F00C0121B1042906D00829FA
:1021B00028D107E0214B224C236027E01F4B204C05
:1021C000236023E0184B5B6803F47010164B5B68C8
:1021D00003F48032022303EB904022B9194B4343AE
:1021E000174C23600DE0104B5B6803F4003323B100
:1021F000144B4343124C236003E0104B4343104CF9
:10220000236003E00D4B0E4C236000BF00BF064B64
:102210005B68C3F303130C4CE15C094B1B68CB40B8
:10222000074C236010BD0000001002400020024057
:102230000000FFF8FFFFF6FE08ED00E000127A0054
:102240001400002000093D0018000020014605E0B0
:10225000002001E0421CD0B20A28FBDB0A1EA1F1DB
:102260000101F5D1704710B5044603E04FF47A70D0
:10227000FFF7ECFF201EA4F10104F7D110BD704759
:1022800008B50720009002E00098401E00900098DA
:102290000028F9D108BD10B54FF40070E649086078
:1022A00040100860FFF7ECFFE3480838006808B901
:1022B000012000E0002000F4007008B1002010BDF3
:1022C0004FF40070DC49091D0860FFF7D9FFDA48B8
:1022D0000838006800F4007008B10020EFE74FF400
:1022E0000070D549091D0860FFF7CAFF0120E6E725
:1022F00010B54FF48070D049091D0860FFF7C0FF8A
:102300004FF40070CC49091D0860FFF7B9FF4FF486
:102310008070C9490860FFF7B3FF4FF40070C649E9
:102320000860FFF7ADFF10BD10B54FF48070C249D3
:10233000091D0860FFF7A4FF4FF40070BE49091D96
:102340000860FFF79DFF4FF48070BB490860FFF7FE
:1023500097FF4FF48070B849091D0860FFF790FFA0
:1023600010BD10B54FF48070B349091D0860FFF728
:1023700087FF4FF40070B0490860FFF781FF4FF40A
:102380008070AD490860FFF77BFF4FF48070AA4969
:10239000091D0860FFF774FF10BD10B54FF4807081
:1023A000A549091D0860FFF76BFF4FF40070A249B3
:1023B0000860FFF765FF4FF480709F490860FFF7E2
:1023C0005FFF9D480838006800F4007030B14FF49A
:1023D00080709949091D0860002010BD4FF480707D
:1023E0009549091D08600120F7E770B504460825E6
:1023F0001DE04FF480709049091D0860FFF740FF11
:1024000004F0800020B14FF400708B49086004E0B4
:102410004FF400708849091D08606006040EFFF73C
:102420002FFF4FF4807084490860FFF729FF281EB2
:10243000A5F10101CDB2DCD14FF480707E49091DB8
:10244000086070BD70B508250024A8017A490860AD
:1024500016E06006040E4FF480707749091D08608D
:10246000FFF70EFF4FF4807073490860FFF708FF15
:1024700071480838006800F4007008B144F00104A5
:10248000281EA5F10101CDB2E3D14FF480706A4955
:10249000091D0860204670BD08B501210820FEF71F
:1024A00047FA4FF44070ADF8000002208DF80200AA
:1024B00014208DF8030069465F481038FDF77CFF53
:1024C00008BD2DE9F04105460E4617469846FFF730
:1024D000E2FE10B90020BDE8F081002141EA45018B
:1024E000C8B2FFF782FFFFF758FF18B9FFF700FFE8
:1024F0000020F0E73046FFF778FFFFF74EFF00249B
:102500000BE018F80400FFF770FFFFF746FF18B95B
:10251000FFF7EEFE0020DEE7641CBC42F1DBFFF7B4
:10252000E7FE0120D7E72DE9F04104460D461646A7
:102530001F463B46324629462046FFF7C2FF10B1F0
:102540000020BDE8F0814FF0FF30FAE72DE9F041BF
:1025500005460F4614461E46FFF79DFE10B90020A3
:10256000BDE8F081002141EA4501C8B2FFF73DFF17
:10257000FFF713FF18B9FFF7BBFE0020F0E738465E
:10258000FFF733FFFFF709FFFFF785FE012101EB9E
:102590004501C8B2FFF729FFFFF7FFFE0CE0FFF788
:1025A00051FF3070012C02D1FFF7DBFE01E0FFF795
:1025B000BBFE761C601EC4B2002CF0D1FFF798FE63
:1025C0000120CDE72DE9F04104460D4616461F4691
:1025D0003B46324629462046FFF7B8FF10B100209F
:1025E000BDE8F0814FF0FF30FAE770B504460D46C4
:1025F0001646FFF750FE08B9002070BD002141EAE1
:102600004401C8B2FFF7F1FEFFF7C7FE18B9FFF7A4
:102610006FFE0020F1E72846FFF7E7FEFFF7BDFE5B
:102620003046FFF7E2FEFFF7B8FEFFF761FE01203C
:10263000E3E7002070470000100C014008B50121BD
:102640001120FEF775F901210B48FDF786FF4FF4C5
:10265000C040ADF8000003208DF8020010208DF876
:10266000030069460548FDF7A7FE4FF4C041034843
:10267000FDF74FFF08BD00000002300000100140D0
:10268000FFF763FD41F61F4141F2883001F012FE71
:1026900001F04CFE01F07CFC00F0C2F800F024F8E0
:1026A000FFF7CCFF01F0C8FE00F0D0F800F037F9DA
:1026B000FFF7F2FE0A2000F00FFE00F043FA00F0F0
:1026C000B3FD00F019FE4FF0E020006940F001007A
:1026D0004FF0E021086105E000F0A4FA01F004FCED
:1026E00001F095FBF8E7000008B501210820FEF78E
:1026F0001FF94FF47040ADF8000010208DF8030072
:1027000003208DF802006946FE48FDF755FE4FF4A0
:102710007041FC48FDF7FDFE08BD08B501210846E3
:10272000FEF713F901210420FEF702F90C20ADF8A1
:10273000000018208DF8030003208DF80200694680
:10274000F148FDF739FE08BD30B587B000250024FB
:1027500040F2E730ADF814000020ADF81000ADF8FD
:102760001600ADF8120004A94FF08040FEF718FAE9
:102770006020ADF800000120ADF80200ADF8065071
:102780000020ADF8080069464FF08040FEF7D4FA0B
:102790000821C806FEF7A6FE0120ADF80200ADF83C
:1027A00006400020ADF8080069464FF08040FEF773
:1027B0000EFB0821C806FEF79EFE01218807FEF7E2
:1027C0004BFE01218807FEF747FD07B030BD2DE91C
:1027D000FF4104460D4627462E466020ADF8000016
:1027E0000120ADF80200ADF806700020ADF8080039
:1027F00069464FF08040FEF79FFA0821C806FEF7B1
:1028000071FE0120ADF80200ADF806606946800750
:10281000FEF7DDFA0821C806FEF76DFEBDE8FF8170
:1028200010B5FFF77AFFFFF78FFF10BDB749088893
:10283000098821F00101B54A11807047B449088820
:10284000098821F00101B24A1180704700B589B0B2
:1028500001210220FEF779F801210420FEF768F833
:1028600001A8FDF734FEC020ADF8040004208DF867
:10287000070003208DF8060001A9A348FDF79CFD81
:102880004FF4A060FDF73CFC1D208DF808000120EE
:102890008DF8090003208DF80A0001208DF80B0047
:1028A00002A8FDF732FC99481038FEF7A5F806A8F3
:1028B000FEF7A2FC0020ADF818004FF6FF70ADF84F
:1028C0001C000020ADF81E00ADF81A0006A98F48C4
:1028D0001038FEF765F90A231A4603218B48103891
:1028E000FEF76DFD03A8FEF79AFC0620ADF8140074
:1028F00003A986481038FEF7E6FB0121834810380B
:10290000FEF770FF0122114680481038FEF7BFFC29
:1029100001217E481038FEF79FFC09B000BD00B5CC
:1029200089B001210420FEF710F801210820FDF7ED
:10293000FFFF01A8FDF7CBFDC020ADF80400042087
:102940008DF8070003208DF8060001A96D48FDF7FA
:1029500033FD4FF4A060FDF7D3FB1E208DF8080077
:1029600001208DF8090003208DF80A0001208DF860
:102970000B0002A8FDF7C9FB65481038FEF73CF8CC
:1029800006A8FEF739FC0020ADF818004FF6FF70DE
:10299000ADF81C000020ADF81E00ADF81A0006A925
:1029A0005B481038FEF7FCF80A231A460321584802
:1029B0001038FEF704FD03A8FEF731FC0620ADF841
:1029C000140003A952481038FEF77DFB012150483E
:1029D0001038FEF707FF012211464D481038FEF768
:1029E00056FC01214A481038FEF736FC09B000BDFC
:1029F00000B585B001210420FDF79AFF01210220D6
:102A0000FDF7A3FF8020ADF8100004208DF813001F
:102A100003208DF8120004A93B48FDF7CDFC4FF4CC
:102A2000A060FDF76DFB1D208DF8000001208DF8E2
:102A3000010003208DF8020001208DF80300684694
:102A4000FDF763FB31481038FDF7D6FF4FF6FF70F6
:102A5000ADF808000020ADF80400ADF80A00ADF8AC
:102A6000060001A929481038FEF79AF800231A46F3
:102A7000602126481038FEF73EFC0021234810381C
:102A8000FEF77EFE012121481038FEF7E5FB05B078
:102A900000BD00B585B001210820FDF749FF0121E7
:102AA0000420FDF752FF8020ADF8100004208DF8BF
:102AB000130003208DF8120004A91248FDF77CFCD6
:102AC0004FF4A060FDF71CFB1E208DF800000120D4
:102AD0008DF8010003208DF8020001208DF803001D
:102AE0006846FDF712FB0A481038FDF785FF4FF6E0
:102AF000FF70ADF808000020ADF80400ADF80A0042
:102B000008E00000000C01400008014010040040F3
:102B100010080040ADF8060001A90948FEF740F88A
:102B200000231A4660210648FEF7E5FB0021044811
:102B3000FEF726FE01210248FEF78EFB05B000BD20
:102B40000008004070B5002402F041F90446002C52
:102B500060D17CA001F099FB782001F09AFD18B9B2
:102B600081A001F092FB02E087A001F08EFB7820AB
:102B700001F07CFF18B98FA001F087FB02E096A05E
:102B800001F083FB642002F052F818B99EA001F016
:102B90007CFB02E0A6A001F078FB03F009FC18B969
:102BA000ACA001F072FB02E0B7A001F06EFBC548DB
:102BB00004F0DAFA054603F005FC18B9C2A001F0EA
:102BC00064FB02E0CAA001F060FB40F2731004F065
:102BD0003AF818B9D2A001F058FB02E0D9A001F0F0
:102BE00054FB642003F0A8FD18B9E2A001F04DFBEE
:102BF00002E0E9A001F049FB04F0CAFA012003F069
:102C00001DF918B9EFA001F040FB0AE0F6A001F0B1
:102C10003CFB06E04FF40051FE48FDF77CFC00BF92
:102C2000FEE770BD2DE9F04F89B0FB48FB49FC4B36
:102C3000FC4ACDE90010FC49FC4804F063F9F74870
:102C4000008800F4807000287AD0F649086804F003
:102C5000D1FD04464FF09D4104F006FCF4490860A4
:102C6000F049486804F0C6FD04464FF09D4104F069
:102C7000FBFBF0490860EB49886804F0BBFD0446A3
:102C80004FF09D4104F0F0FBEB490860E549C8684E
:102C900004F0B0FD04464FF09D4104F0E5FBE74928
:102CA0000860E34801684FF0804004F0ABFB0690F9
:102CB000E1480168069804F0A5FB8246DD480168FA
:102CC0004FF0404004F09EFB0690DC4801680698F7
:102CD00004F098FB8346514604F03CFB079004F057
:102CE000D5FD064605F0FAFF80464FF06632D44B1C
:102CF00004F09FFC044604F0F5FDD2490860CE487C
:102D000001684FF0804004F07DFB0390CA480168E1
:102D1000039804F077FB8246C64801684FF04040B4
:102D200004F070FB0390C3480168039804F06AFB49
:102D30008346514604F060FB81464FF07E5183E1AB
:102D40000CE200006D707520696E697469616C69D0
:102D50007A6174696F6E20636F6D706C6574652E37
:102D60002E2E2E2E2E0A20006D70755F7365745FF7
:102D700073656E736F7220636F6D706C6574652020
:102D80002E2E2E2E2E2E0A006D70755F7365745FC9
:102D900073656E736F7220636F6D65206163726F10
:102DA0007373206572726F72202E2E2E2E2E2E0AB5
:102DB000000000006D70755F636F6E666967757205
:102DC000655F6669666F20636F6D706C6574652002
:102DD0002E2E2E2E2E2E0A006D70755F636F6E667E
:102DE00069677572655F6669666F20636F6D6520E0
:102DF0006163726F7373206572726F72202E2E2E54
:102E00002E2E2E0A000000006D70755F7365745FD2
:102E100073616D706C655F7261746520636F6D7056
:102E20006C657465202E2E2E2E2E2E0A00000000BA
:102E30006D70755F7365745F73616D706C655F72E3
:102E4000617465206572726F72202E2E2E2E2E2ECA
:102E50000A000000646D705F6C6F61645F6D6F7479
:102E6000696F6E5F6472697665725F6669726D77AD
:102E700061726520636F6D706C657465202E2E2EF7
:102E80002E2E2E0A00000000646D705F6C6F61646E
:102E90005F6D6F74696F6E5F6472697665725F668D
:102EA00069726D7761726520636F6D652061637211
:102EB0006F7373206572726F72202E2E2E2E2E2E3F
:102EC0000A00000028000020646D705F7365745F65
:102ED0006F7269656E746174696F6E20636F6D7077
:102EE0006C657465202E2E2E2E2E2E0A00000000FA
:102EF000646D705F7365745F6F7269656E74617421
:102F0000696F6E20636F6D65206163726F737320EC
:102F10006572726F72202E2E2E2E2E2E0A00000049
:102F2000646D705F656E61626C655F666561747526
:102F3000726520636F6D706C657465202E2E2E2E69
:102F40002E2E0A00646D705F656E61626C655F664F
:102F500065617475726520636F6D65206163726F62
:102F60007373206572726F72202E2E2E2E2E2E0AF3
:102F700000000000646D705F7365745F6669666F62
:102F80005F7261746520636F6D706C657465202E6F
:102F90002E2E2E2E2E0A0000646D705F7365745FF6
:102FA0006669666F5F7261746520636F6D6520612D
:102FB00063726F7373206572726F72202E2E2E2EC5
:102FC0002E2E0A006D70755F7365745F646D705F9F
:102FD000737461746520636F6D706C657465202E09
:102FE0002E2E2E2E2E0A00006D70755F7365745F95
:102FF000646D705F737461746520636F6D652061CB
:1030000063726F7373206572726F72202E2E2E2E74
:103010002E2E0A00001001406200002060000020F7
:1030200050000020BC0100205A0000205400002065
:1030300034000020380000203C0000204000002028
:1030400066A64C404400002004F084F9044604F0D5
:103050001DFCCDE90401434801684FF0804004F0B5
:10306000D1F9834640480168584604F0CBF98146BF
:103070003E4801684FF0804004F0C4F983463C4864
:103080000168584604F0BEF98246494604F062F9E8
:10309000044604F0FBFB0746DDE9042306F066F86E
:1030A0004FF06632334BCDE9060104F0C2FA054613
:1030B00004F018FC304908602D480168006804F0ED
:1030C000A1F9039029480168006804F09BF9029077
:1030D00025480168006804F095F983462148016895
:1030E000006804F08FF95946019004F033F98246E4
:1030F000029904F081F98146039904F07DF90446B0
:1031000004F0C4FBCDE904011948016815480068C2
:1031100004F078F98246154801681348006804F005
:1031200071F98346514604F015F981464FF080410C
:1031300004F068F9044604F0A9FB0746DDE904231E
:1031400006F014F84FF066320A4BCDE9060104F0A0
:1031500070FA054604F0C6FB0849086009B0BDE8EE
:10316000F08F000034000020380000203C000020D8
:103170004000002066A64C40480000204C00002083
:10318000704700BFFEE700BFFEE700BFFEE700BFDD
:10319000FEE770477047704710B51D480078401C27
:1031A0001B4908701B480078401C1A4908701A48CF
:1031B0000078401C1849087000F000FB17480078A0
:1031C000401C1649087016480078401C14490870C5
:1031D00014480078401C134908700E4800780228F3
:1031E00006DB01F014F900F0FBFB00200949087030
:1031F00009480078082806DB00F00DFB002006498E
:1032000008700649087000F006F900F022FA10BDB7
:10321000750000207A000020760000207700002052
:10322000780000207900002030B527480068C822C7
:10323000B0FBF2F1B1F1807F01D301201DE021F05C
:103240007F40401E4FF0E022506150170F220028AF
:1032500007DA13071D0E1D4B00F00F04241F1D5528
:1032600003E013071C0E1A4B1C5400BF00204FF044
:10327000E022906107201061002008B100BFFEE746
:103280004FF0E020006920F001004FF0E0210861DC
:1032900030BD01B50F49009808604FF0E02000698B
:1032A00040F001004FF0E021086100BF09480068CC
:1032B0000028FBD108BD0748006820B10548006818
:1032C000401E0449086070471400002018ED00E01B
:1032D00000E400E064000020002107E042F6E06125
:1032E00000BF0A1EA1F1010399B2FAD1021EA0F19A
:1032F000010398B2F2D170470020FC490880FC49D4
:103300000880FC490860FC490860FC490860FC49E9
:103310000860FC490860FC490860FC490860FC49F9
:103320000860FC490860FC490860FC490860FC49E9
:103330000860FC490860FC490860FC490860FC49D9
:103340000860FC490860FC490870FC490870FC49A9
:103350000870F9480078FB4908700020FA490860B5
:10336000FA49086070472DE9F041F948006804F017
:103370008DFA0446F748D0E900633246204604F04F
:1033800099FA07D0F348D0E90021104604F0AAFAD0
:10339000EF490860F048006804F078FA0446ED4808
:1033A000D0E902633246204604F084FA07D0E949A6
:1033B000D1E90221104604F095FAE7490860E74890
:1033C000006804F063FA0446E248D0E90463324638
:1033D000204604F06FFA07D0DE48D0E904211046F9
:1033E00004F080FADD490860DD48006804F04EFA18
:1033F0000446D848D0E906633246204604F05AFA1B
:1034000007D0D448D0E90621104604F06BFAD4491D
:103410000860BDE8F0812DE9F041D248006801283C
:1034200010D10020CA490860CF48006804F0F0F9C4
:1034300006460022CD4B04F0FCF8044604F052FA94
:10344000C3490860C7480068022812D10020C24959
:103450000860C7490968A1F1400004F0D9F906469F
:103460000022C44B04F0E5F8044604F03BFABA49E4
:103470000860C149B1F9040004F0BCF9BF49086013
:10348000BF49B1F9040004F0B5F9BE490860002154
:10349000BD48006804F042FA0BD0BC49BA48006845
:1034A00004F03CFA05D3BA49B748006804F040FA82
:1034B00005D24FF40051B748FDF72DF804E04FF462
:1034C0000051B448FDF725F80021B348006803F027
:1034D00093FF8D490860AA49B1F9000004F08AF908
:1034E00006469D480168304603F08CFF0446874835
:1034F00001688548006803F07FFF0646944801682C
:10350000304603F07FFF0546214603F023FF824942
:103510000860BDE8F0812DE9F04104460D46002C1D
:103520000CDA4FF480419D48FCF7F3FF4FF4004163
:103530009A48FCF7F0FF604204B20AE04FF4004101
:103540009648FCF7E6FF4FF480419448FCF7E3FF10
:1035500000BF002D0CDA4FF400519048FCF7D9FF62
:103560004FF480518D48FCF7D6FF684205B20AE05F
:103570004FF480518948FCF7CCFF4FF40051874845
:10358000FCF7C9FF00BFAFB2A6B231464FF0804092
:10359000FEF7FEF839464FF08040FEF7FBF8804911
:1035A0007948006804F0C4F923D37E49764800685E
:1035B00004F0B4F902D24FF0010801E04FF0000826
:1035C00000215B48006804F0A9F901D1012000E066
:1035D000002008EA000800215648006804F09EF91F
:1035E00001D1012000E0002008EA0008B8F1000F36
:1035F0000DD000214FF08040FEF7CAF800214FF0B7
:103600008040FEF7C7F801206749086002E000200B
:103610006549086065493C48006804F089F905D3AC
:1036200063493948006804F079F90DD200214FF060
:103630008040FEF7ADF800214FF08040FEF7AAF879
:1036400001205949086002E0002057490860BDE8A0
:10365000F08170B52E4801682F48006803F07AFEAB
:103660002F4908602A4801682B48006803F0C4FE0F
:103670002A4908602A48006804F0DBF800B2B0F577
:103680007A7F02DD4B48264908602548006804F02F
:10369000D0F800B210F57A7F02DA47482049086076
:1036A0001E48006804F0C5F800B2B0F57A7F02DD6C
:1036B00040481A4908601948006804F0BAF800B296
:1036C00010F57A7F02DA3C48144908601348006814
:1036D00004F0AFF804B21248006804F0AAF805B28A
:1036E00021462846FFF717FF70BD0000C2000020EA
:1036F000C0000020D0000020CC000020D800002016
:10370000D4000020DC0000209C0000208C00002061
:10371000F800002080000020900000209800002089
:1037200094000020F4000020380100203401002023
:1037300000010020FC000020750000207600002021
:10374000770000207400002070000020EC000020B2
:10375000AC00002078940008B0000020B4000020E5
:10376000B80000201C0100200C0100200080FB3F5D
:10377000100100200000C43F5A0000202C0100204E
:103780005400002030010020440000200000A0C1AF
:103790000000A0410010014048000020000C014042
:1037A00000002041000020C1E80000200000484245
:1037B000000048C200007A4400007AC470B5F8489E
:1037C000FEF701F80446F748FDF7FDFF0546F64809
:1037D0000460F64805600021F148FDF7D1FF0021A3
:1037E000F048FDF7CDFF20B2F1490880684200B2F1
:1037F000F0490880F0480068ED49B1F9001008442C
:10380000ED490860ED480068EA49B1F90010084444
:10381000EA49086070BD2DE9F05FE7490968E74AA9
:103820001268881803F0E6FFE54908600020E349C4
:103830000860E1490860E348006804F027F806469C
:103840004FF06632E04B03F0F4FE044604F04AF811
:10385000DC490860DA48006804F018F880464FF048
:103860003332DA4B03F0E5FE04460D46D5480068D6
:1038700004F00CF8064622462B4603F033FE82463F
:1038800004F030F8CF49086008460168D048006865
:1038900003F060FDCE490860CE480168CC4800685E
:1038A00003F058FDCA490860CB480168C848006861
:1038B00003F050FDC6490860C8480068012801D1DE
:1038C00000200860C248006803F0B3FFB0F5FA5F5B
:1038D00002DDC348BE490860BD48006803F0A9FF87
:1038E00010F5FA5F02DABF48B9490860BE480068BF
:1038F000032812D10020BD490860BD490968A1F123
:10390000800003F085FF06460022BA4B03F091FECB
:10391000044603F0E7FFB5490860B348006804288F
:1039200012D10020B4490860B4490968A1F1C0006F
:1039300003F06EFF06460022B14B03F07AFE044608
:1039400003F0D0FFAC4908600021A148006803F0F3
:1039500053FD0646A8480168304603F053FD04466F
:1039600000219848006803F047FD06469F4801681B
:10397000304603F047FD0546214603F0EBFCA14924
:103980000860A149A148006803F0D2FF05D3A0490F
:103990009E48006803F0C2FF0BD29A48006880F08E
:1039A00000449A480168204603F05EFD994908608A
:1039B00002E000209749086097499648006803F0A4
:1039C000B7FF02D29448934908609449914800682F
:1039D00003F0A4FF02D291488E490860BDE8F09F31
:1039E0002DE9F0418E48006800283ED18D48FDF752
:1039F000EAFE00EB800000EB00104400204603F0DC
:103A000007FF05460022884B03F085FE074603F0BA
:103A100069FF864908600846006803F037FF0446DE
:103A20000022834B03F046FF03D882486A490860AE
:103A30001BE081497D48006803F07AFF01D801242A
:103A400000E000244FF082417848006803F066FFF0
:103A500001D8012000E0002004401CB177485E49F5
:103A6000086002E000205C490860BDE8F0812DE9B3
:103A7000FC5F73480068012878D17248D0F800B024
:103A80007148006801907148B0F902907048B0F92F
:103A900000A066480468484603F0ACFE06464FF0B6
:103AA0008D4103F0E1FC05466A4903F0ABFC6A492D
:103AB0000860504603F09EFE0646684903F09CFCF1
:103AC0000546674903F0D0FC66490860584603F094
:103AD000DDFE0746644A654B03F01DFE054603F014
:103AE00001FF8346019803F0D1FE05465E4A5F4B15
:103AF00003F011FE074603F0F5FE019050215C48EB
:103B000003F004FC5A485BA1096801600A215A4885
:103B100003F0FCFB594800210160416001810A214A
:103B2000574803F0F3FB57480021016041600181D1
:103B30000A21554803F0EAFB544800210160416026
:103B400001815349584603F0E9FE10D851495846BF
:103B500003F0EEFE0BD8584603F098FE05462A46C1
:103B60000B464DA1444804F0FBF802E04DE1BDE8EE
:103B7000FC9F4749019803F0D1FE0FD845490198B1
:103B800003F0D6FE0AD8019803F080FE05462A46C7
:103B90000B4641A1394804F0E3F882E080E00000E0
:103BA0000004004000080040E0000020E400002085
:103BB000C0000020C2000020CC000020D000002067
:103BC000D4000020D80000206666E63F3333D33FA0
:103BD000DC000020F4000020EC000020E8000020C1
:103BE0000000FA450000FAC51C010020B4000020C6
:103BF000140100200000DE3FB80000201801002062
:103C00000000C43F880000206F12833AAC000020FF
:103C10006F1283BA8C00002000002041000020C1F8
:103C200004010020002C014000006940F000002049
:103C300000001040000096C30000A0400000FA43BE
:103C40002001002094000020980000205A0000204D
:103C500054000020CDCC1C412C0100209A190043B7
:103C6000000003433001002048E17A14AE470F40C2
:103C7000CC010020244C5600E4020020EE0200207B
:103C8000F8020020020300200C030020160300208D
:103C900000007A4400007AC425332E32660000000A
:103CA00065E793499348006803F042FE12D29249B7
:103CB0009048006803F032FE0CD28E48006803F092
:103CC000E5FD05462A460B46AFF234018B4804F069
:103CD00047F800E04BE78A498A48006803F028FE6D
:103CE00012D289498748006803F018FE0CD2854833
:103CF000006803F0CBFD05462A460B46AFF268018B
:103D0000824804F02DF800E031E70021204603F05E
:103D10000FFE10D87E49204603F000FE0BD220464D
:103D200003F0B4FD05462A460B46AFF294017948EC
:103D300004F016F800E01AE7002000F0BFFB009046
:103D4000009803F060FD0746734903F05BFB0646ED
:103D50004FF08B4103F088FB0546704903F04CFBA4
:103D60006F49086000216E48006803F0E1FD12D839
:103D700061496B48006803F0D1FD0CD268480068C7
:103D800003F084FD05462A460B46AFF2F401654870
:103D900003F0E6FF00E0EAE66349644803F0C1FA95
:103DA00063A1624803F0BDFA6249604803F0B9FAC2
:103DB00061A15E4803F0B5FA50495C4803F0B1FADE
:103DC0005EA15A4803F0ADFA5049584803F0A9FAE9
:103DD0005BA1564803F0A5FA4E49544803F0A1FAF6
:103DE00059A1524803F09DFA4E49504803F099FA00
:103DF00056A14E4803F095FA5021554803F086FA33
:103E000050224A49524803F068FA00BFAFE610B5A5
:103E100050480068401E4F4908604F48006801281C
:103E200007D10846006820B9FFF721FE484800F096
:103E300020FA4848006818B941F2883045490860BE
:103E400010BD2DE9FE4F4548047845480078201AFA
:103E5000C0B2029042480470424801680298084487
:103E6000404908600846006803F0CDFC07463E491B
:103E700003F0C8FA06463D4903F0C4FA05463C493A
:103E800003F068FA814649464FF0804003F0BAFAE1
:103E9000009003F0FBFC074605F028FA054603F006
:103EA00021FD8346334903F0ADFA8246324903F0DF
:103EB00051FA01903148019903F0A4FA30490860A1
:103EC000484603F0E3FC074605F05EFA054603F0BA
:103ED00009FD82462B4903F095FA2B490860012021
:103EE0002A490860BDE8FE8F10B5FFF7AAFF10BD94
:103EF0000000A0C12C0100200000A041F802002019
:103F000000803BC53001002000803B4502030020BB
:103F100000401C460C030020CDCC5441CDCC4C3E7F
:103F20007C00002016030020E4020020CC010020C9
:103F30002C525600EE0200202C4143002C47590021
:103F40002C435342000000002C5654002300000074
:103F50001C02002024010020200100207500002008
:103F600074000020700000200AD7A33B9A99993F63
:103F7000DA0FC93F9A99193E9A99593F0000484370
:103F8000F40000200000C842F800002004010020D6
:103F900000B585B0012144F20400FCF7C9FC4FF4E0
:103FA0000070ADF8100018208DF8130003208DF874
:103FB000120004A9BB48FCF7FFF94FF48060ADF88C
:103FC000100004208DF8130004A9B648FCF7F4F99A
:103FD0004FF4E13000900020ADF80400ADF8060089
:103FE000ADF80800ADF80C000C20ADF80A006946E9
:103FF000AD48FDF752FC0121AB48FDF7DAFC05B0F6
:1040000000BD08B54FF48060FCF77AF827208DF8E2
:10401000000004208DF8010001208DF802008DF8C9
:1040200003006846FCF771F808BD00B585B00121B2
:104030008804FCF78AFC01210820FCF779FC4FF486
:104040008060ADF8100018208DF8130003208DF863
:10405000120004A99548FCF7AFF94FF40060ADF8E1
:10406000100004208DF8130004A99048FCF7A4F96F
:10407000FFF7C7FF4FF4165000900020ADF8040082
:10408000ADF80600ADF80800ADF80C000C20ADF856
:104090000A0069468648FDF700FC012240F22551DE
:1040A0008348FDF792FC01218148FDF782FC05B0B1
:1040B00000BD70B504460D46E1B27B48FDF7E6FC55
:1040C00000BF40217848FDF74FFD0128F9D1204677
:1040D00070BDF0B503460D461646002729460A2E48
:1040E00003D0002008702846F0BD33B9302001F815
:1040F000010B002008702846F6E7002B03DA2D207C
:1041000001F8010B5B4242F210720DE093FBF2F4F6
:1041100004B937B104F1300001F8010B04FB12338C
:1041200001270A2092FBF0F2002AEFDC0020087041
:104130002846D9E70FB470B586B006460CA80190A2
:1041400073E00B9800785C281CD10B98401C0B90F6
:1041500000786E2809D072280FD10D213046FDF766
:1041600095FC0B98401C0B900BE00A213046FDF7A4
:104170008DFC0B98401C0B9003E00B98401C0B909F
:1041800000BF4BE00B980078252840D10B98401CCD
:104190000B900078642818D0732833D1019810C888
:1041A00001900BE021783046FDF770FC00BF402104
:1041B0003046FDF7D9FC0028F9D0641C207800288F
:1041C000F0D10B98401C0B9020E0019820C8019082
:1041D0000A2202A92846FFF77CFF02AC0BE02178F7
:1041E0003046FDF753FC00BF40213046FDF7BCFCD4
:1041F0000028F9D0641C20780028F0D10B98401CCE
:104200000B9003E00B98401C0B9000BF06E00B984E
:1042100010F8011B0B903046FDF738FC00BF402121
:104220003046FDF7A1FC0028F9D00B980078002853
:1042300087D106B070BC5DF814FB10B5044621466A
:104240001948FDF723FC00BF40211748FDF78CFCFF
:104250000128F9D110BD10B5044621461448FDF7D8
:1042600015FC00BF40211248FDF77EFC0128F9D162
:1042700010BD70B505462C4603E02078FFF7EBFF34
:10428000641C20780028F8D170BD70B505462C4616
:1042900003E02078FFF7D1FF641C20780028F8D1D4
:1042A00070BD00000008014000380140000C0140D2
:1042B000004800407FB504460D460121C802FCF7C6
:1042C00037FB41F28830ADF8080041F61F40ADF8E9
:1042D00004000120ADF80A000020ADF8060001A995
:1042E0001148FCF75DFC012241210F48FCF7CFFF8C
:1042F00019208DF8000003208DF8010000208DF8B2
:10430000020001208DF803006846FBF7FEFE7FBD2A
:1043100010B501210448FDF768FA18B101210248DF
:10432000FDF774FA10BD0000002C01401FB50121FB
:104330003D48FCF712F901210920FCF7F9FA0120A8
:10434000ADF80C0010208DF80F0003208DF80E0042
:1043500003A93648FCF730F80220ADF80C002820FD
:104360008DF80F0003A93148FCF726F80121084613
:10437000FCF738F90220019000208DF80800082091
:104380008DF8090001208DF80A0001A8FBF734FF21
:1043900007208DF8000003208DF8010001208DF822
:1043A00002008DF803006846FBF7AFFE1FBD10B595
:1043B0000220FBF787FF48B300211D48FDF7E0F915
:1043C00001211B48FCF748FF01201A49086012E050
:1043D0001748FDF7F8F90A2807DB00211448FCF715
:1043E0003BFF00201349086005E002210F48FCF75D
:1043F00076F8104908600F4800680028E8D10021CD
:104400000B48FCF729FF0220FBF76DFF10BD10B52C
:1044100001210648FCF77DF80C20FDF717FF01216C
:104420000248FCF778F810BD00023000000C014093
:10443000002C01408801002000B587B001214FF415
:104440000170FCF775FA4FF40040FCF7D5F9012034
:10445000ADF8040000208DF8070001A92348FBF700
:10446000ABFF2348FDF7DAFB002002908DF80C002B
:104470008DF80D004FF4602004900020059001207D
:104480008DF8180002A91A48FDF7EFFB0121184822
:10449000FDF717FC1648FDF736FC00BF1448FDF782
:1044A00037FC0028FAD11248FDF73CFC00BF104849
:1044B000FDF73DFC0028FAD107B000BD10B5044659
:1044C0000723012221460A48FDF767FC012108481D
:1044D000FDF737FC00BF02210548FDF7A3FD0028CA
:1044E000F9D00348FDF7C0FC10BD000000080140F2
:1044F000002401400648804706480047FEE7FEE7E3
:10450000FEE7FEE7FEE7FEE7FEE7FEE7FEE7FEE783
:104510004B210008ED00000838B50446FB4890F830
:104520002400C0B114B10220009001E000200090EE
:10453000F64A1268D17BF54A526810786B46012220
:10454000FDF7F1FF10B14FF0FF3038BD9DF80010BE
:10455000EE48417423E0ED48807A10B94FF0FF3007
:10456000F3E724B1E948407C08B10020EDE714B13D
:104570000120009001E000200090E44A1268D17B05
:10458000E24A526810786B460122FDF7CCFF10B169
:104590004FF0FF30D9E79DF80010DC48417400204F
:1045A000D3E738B5002419E0D8480068C07AA042A3
:1045B00004D0D6480068407DA04200D10CE0D34929
:1045C000496808786B4601222146FDF7FBFF10B1D0
:1045D0004FF0FF3038BD00BF601CC4B2CB4840680C
:1045E0000079A042E0DC0020F4E770B504460D46F7
:1045F000C6480068C07AA04204D0C4480068407D24
:10460000A04202D14FF0FF3070BDC0484068007931
:10461000A04202DC4FF0FF30F6E7BC494968087859
:104620002B4601222146FDF7CDFFEDE738B50446C4
:10463000B64890F82300A04201D1002038BD14B143
:104640003020009001E000200090B048807C20B134
:104650009DF8000040F002000090AC4890F8220065
:1046600020B19DF8000040F080000090A74A126839
:10467000117DA64A526810786B460122FDF753FF60
:1046800010B14FF0FF30D9E7A04880F82340002058
:10469000D4E738B5044604F0700010B10120009052
:1046A00005E014B10020009001E040200090974AFE
:1046B0001268917C954A526810786B460122FDF78A
:1046C00032FF20B1002191488172481E38BD9DF80B
:1046D000000020F040018D4801730020009004F09C
:1046E000400020B99DF8000040F00400009004F064
:1046F000200020B99DF8000040F00200009004F076
:10470000100020B99DF8000040F00100009004F076
:10471000080020B99DF8000040F0380000907B4A66
:104720001268D17C794A526810786B460122FDF7F5
:10473000FAFE20B1002175488172481EC6E724B1F7
:10474000082C02D00020FFF771FF7048847200210E
:1047500001753220FDF787FD0020B7E738B5044624
:104760006A48807CA04201D1002038BD002C46D090
:10477000664A12681179654A526810786B460122C0
:10478000FDF720FF10B14FF0FF30EEE79DF800007D
:1047900020F0200000905D4A126811795B4A52684F
:1047A00010786B460122FDF7BEFE10B14FF0FF30CE
:1047B000DBE70320FDF757FD02200090534890F8F7
:1047C000220020B19DF8000040F0800000904F488A
:1047D00090F8230020B19DF8000040F030000090D8
:1047E0004A4A1268117D494A526810786B46012284
:1047F000FDF799FE002851D04FF0FF30B5E7434A4E
:1048000012681179414A526810786B460122FDF70F
:10481000D9FE10B14FF0FF30A7E73C48807A00F096
:10482000010028B19DF8000040F02000009004E055
:104830009DF8000020F020000090344A12681179A1
:10484000324A526810786B460122FDF76CFE10B1B7
:104850004FF0FF3089E70320FDF705FD2B4890F866
:10486000220010B18020009001E000200090274835
:1048700090F8230020B19DF8000040F03000009037
:10488000224A1268117D214A526810786B46012233
:10489000FDF749FE10B14FF0FF3066E71B48847406
:1048A000002062E708B51948807A10B94FF0FF3050
:1048B00008BD00200090154A1268D17B134A526847
:1048C00010786B460122FDF72EFE10B14FF0FF303D
:1048D000EEE70E4A126851790C4A526810786B461E
:1048E0000122FDF720FE10B14FF0FF30E0E7074A4C
:1048F00012681179054A526810786B460122FDF75B
:1049000012FE28B14FF0FF30D2E700008C010020EA
:10491000F74890F82400002853D00C200090F44A67
:1049200012681179F24A526810786B460122FDF73D
:10493000FAFD10B14FF0FF30BAE73220FDF793FCDB
:10494000C0200090EA48807A00F0010020B19DF874
:10495000000040F020000090E54A12681179E44A16
:10496000526810786B460122FDF7DDFD10B14FF063
:10497000FF309DE7DE48407C10B10220009001E04E
:1049800000200090DA4A1268D17BD94A5268107828
:104990006B460122FDF7C7FD10B14FF0FF3087E7EE
:1049A00000200090D24A12685179D14A526810789A
:1049B0006B460122FDF7B7FD002855D04FF0FF30C0
:1049C00076E704200090CA4A12681179C84A5268F2
:1049D00010786B460122FDF7A6FD10B14FF0FF30B5
:1049E00066E7C348807C20B9C148807A00F00100A6
:1049F00010B94020009001E060200090BC4A12688D
:104A00001179BB4A526810786B460122FDF78BFD85
:104A100010B14FF0FF304BE73220FDF724FCB448D3
:104A2000407C10B10120009001E000200090B04ACD
:104A30001268D17BAE4A526810786B460122FDF7AE
:104A400072FD10B14FF0FF3032E7A94A1268517978
:104A5000A74A52681078A64B10330122FDF763FD78
:104A600010B14FF0FF3023E7002021E770B5044676
:104A7000002624F001049E4890F8240008B100208C
:104A800070BD9B48807A10B94FF0FF30F8E7984826
:104A9000057C807A2040964908740846007CA04234
:104AA00002D04FF0FF3600E0002614B99048007D98
:104AB00018B10120FFF730FD02E00020FFF72CFDC8
:104AC0003CB1FFF7EFFE20B1894805744FF0FF308D
:104AD000D6E73046D4E738B504468548807A10B921
:104AE0004FF0FF3038BDBC2C02DB0120009015E0F8
:104AF000622C02DB0220009010E02A2C02DB032053
:104B000000900BE0142C02DB0420009006E00A2C3D
:104B100002DB0520009001E0062000907448C07A76
:104B20009DF80010884201D10020DBE7704A12682E
:104B300091786F4A526810786B460122FDF7F3FCBA
:104B400010B14FF0FF30CDE79DF800106848C172FA
:104B50000020C7E738B50446282C02DD4FF0FF30AF
:104B600038BDDCB90020FFF761FD00208DF80000A2
:104B700007208DF801005E4A1268917C5C4A5268F9
:104B800010786B460222FDF7CEFC10B14FF0FF30DB
:104B9000E6E70021564801750020E1E70120FFF714
:104BA00045FD20208DF80000012C06D100208DF855
:104BB00001000520FFF78FFF17E0052C06DC012020
:104BC0008DF801000520FFF786FF0EE0142C06DCAF
:104BD00002208DF801000A20FFF77DFF05E0032089
:104BE0008DF801001420FFF776FF9DF801000721E2
:104BF00001EB8010C0B28DF801003D4A1268917C33
:104C00003B4A526810786B460222FDF78CFC10B1CB
:104C10004FF0FF30A4E7082135488172002101736D
:104C2000012101750020FFF721FF002098E738B52A
:104C300004462F48807A10B94FF0FF3038BD2C4819
:104C400090F8240010B14FF0FF30F7E72848007DBE
:104C500050B134B1282C04DCE0B2FFF77BFF002018
:104C6000ECE70020FFF776FF042C01DA042404E0CF
:104C7000B4F57A7F01DD4FF47A744FF47A7090FBCB
:104C8000F4F0401EC0B20090194A12685178184AD8
:104C9000526810786B460122FDF745FC10B14FF0C9
:104CA000FF30CBE79DF80000401C4FF47A7191FB78
:104CB000F0F081B20E48C1810146C9894810FFF762
:104CC0000AFF0020BAE738B504460948807A10B9CF
:104CD0004FF0FF3038BD022C06D0042C0AD0082C2F
:104CE0000BD0102C0FD10BE0002000900EE0000044
:104CF0008C0100200820009008E01020009005E0C2
:104D00001820009002E04FF0FF30E3E700BFF848C2
:104D1000407A9DF80010B0EBE10F01D10020D9E7F7
:104D2000F34A1268D179F24A526810786B46012230
:104D3000FDF7F9FB10B14FF0FF30CBE79DF8000015
:104D4000C110EB4841720020C4E738B50446E8487A
:104D5000807A10B94FF0FF3038BDFA2C09D0B4F585
:104D6000FA7F09D0B4F57A7F09D0B4F5FA6F0CD187
:104D700008E0002000900BE00820009008E01020E0
:104D8000009005E01820009002E04FF0FF30E3E7CC
:104D900000BFD748007A9DF80010B0EBE10F01D1B9
:104DA0000020D9E7D24A12689179D14A5268107826
:104DB0006B460122FDF7B7FB10B14FF0FF30CBE798
:104DC0009DF80000C010CA4908720020C4E71CB555
:104DD00080208DF80000C64A1268917CC44A52684F
:104DE00010786B460122FDF79EFB10B14FF0FF30AB
:104DF0001CBD6420FDF737FA00208DF80000BC4A86
:104E00001268917CBA4A526810786B460122FDF70D
:104E10008AFB10B14FF0FF30EAE7B54A1268917D86
:104E2000B34A526810786B460622FDF7CBFB10B1EF
:104E30004FF0FF30DCE79DF80500C007400F9DF8FC
:104E4000031001F0010140EA41009DF8011001F05A
:104E5000010140EA01048CB1012C03D10121A448D5
:104E6000C17430E0022C03D10021A148C1742AE0B2
:104E7000A0A0FFF70AFA4FF0FF30B9E79C4A12688A
:104E8000D1789B4A526810786B460122FDF79AFB55
:104E900010B14FF0FF30ABE79DF8000000F00F04B9
:104EA0002CB99E48FFF7F1F94FF0FF30A0E7042C32
:104EB00006D19BA0FFF7E9F901218D48C17402E0FA
:104EC00000218B48C174FF2189488172FF208849E5
:104ED0000872FF2186484172C1724FF6FF71C1818D
:104EE000FF21017481740121017380F822100021D7
:104EF00080F82310417501751630016041608160B2
:104F0000163880F8241080F82510C1844FF4FA6018
:104F1000FFF71BFF10B14FF0FF3069E70220FFF7EA
:104F2000D2FE10B14FF0FF3062E72A20FFF7D3FD29
:104F300010B14FF0FF305BE73220FFF778FE10B181
:104F40004FF0FF3054E70020FFF790FD10B14FF015
:104F5000FF304DE70020FFF701FC10B14FF0FF30AC
:104F600046E70020FFF795FB002041E77CB50446AB
:104F70000D465F48807A00F0700010B94FF0FF30A6
:104F80007CBD5B4A1268117B594A526810786B46A7
:104F90000622FDF717FB10B14FF0FF30F0E79DF848
:104FA00001009DF8001040EA012000B220809DF829
:104FB00003009DF8021040EA012000B260809DF8D5
:104FC00005009DF8041040EA012000B2A08015B150
:104FD0002846FDF754F90020D2E77CB504460D467B
:104FE0004348807A00F0080010B94FF0FF307CBDD4
:104FF0003F4A1268517B3E4A526810786B4606223F
:10500000FDF7E0FA10B14FF0FF30F0E79DF8010036
:105010009DF8001040EA012000B220809DF80300B6
:105020009DF8021040EA012000B260809DF8050062
:105030009DF8041040EA012000B2A08015B1284676
:10504000FDF71DF90020D2E72DE9FE4F05460C467D
:105050002748807A18B94FF0FF30BDE8FE8F244A08
:105060001268917B224A5268107802AB0222FDF747
:10507000A9FA10B14FF0FF30EFE79DF809009DF855
:10508000081040EA012006B214B12046FDF7F7F8F7
:1050900017494968C88802F0B6FB1549019049686C
:1050A000B1F9080002F0A6FB8346304602F0A2FBED
:1050B0005946009002F0A0F98246019902F0D4F915
:1050C00081461F4902F046F980464FF08F4102F0B9
:1050D00099F9074602F0ADFB28600020BDE710B546
:1050E00088B004461CB94FF0FF3008B010BD29E06D
:1050F0008C010020556E737570706F72746564203A
:10510000736F6674776172652070726F6475637413
:10511000207265762025642E0A000000F0A20008A7
:1051200048616C662073656E736974697669747919
:10513000207061727420666F756E642E0A00000024
:1051400000000C42206830B9606820B9A06810B92E
:10515000002008B010BDFA494968087806AB032260
:105160001146FDF72FFA10B14FF0FF30F1E79DF82F
:105170001800082101EB201000F00F00ADF800002E
:105180009DF8190001EB201000F00F00ADF80200AF
:105190009DF81A0001EB201000F00F00ADF804009C
:1051A00020684100BDF90000403091FBF0F000B2F2
:1051B000ADF8100060684100BDF90200403091FB7D
:1051C000F0F000B2ADF81200A0684100BDF9040093
:1051D000403091FBF0F000B2ADF81400D8494968B6
:1051E000087806AB06221146FDF7ECF910B14FF036
:1051F000FF30AEE79DF819009DF8181040EA012035
:1052000000B2ADF808009DF81B009DF81A1040EAA6
:10521000012000B2ADF80A009DF81D009DF81C1099
:1052200040EA012000B2ADF80C00BDF81000BDF856
:105230000810084400B2ADF81000BDF81200BDF827
:105240000A10084400B2ADF81200BDF81400BDF811
:105250000C10084400B2ADF81400BDF81000000AAC
:105260008DF81800BDF81000C0B28DF81900BDF817
:105270001200000A8DF81A00BDF81200C0B28DF8B5
:105280001B00BDF81400000A8DF81C00BDF81400C6
:10529000C0B28DF81D00AA494968087806AB0622FD
:1052A0001146FDF740F910B14FF0FF3051E70020F3
:1052B0004FE70146A248007A30B1012807D0022802
:1052C00009D003280FD10AE0FA2008800EE04FF43D
:1052D000FA7008800AE04FF47A70088006E04FF414
:1052E000FA60088002E00020088000BF00BF0020B4
:1052F000704701469248407A30B1012807D0022811
:1053000008D003280CD108E0022008700BE004202C
:10531000087008E00820087005E01020087002E01E
:105320004FF0FF30704700BF8548C07C18B1087847
:105330004006000E08700020F4E701468048C07A5D
:10534000082817D2DFE800F01704070A0D10131819
:10535000BC20088013E06220088010E02A2008802A
:105360000DE0142008800AE00A20088007E00520EC
:10537000088004E000BF00BF0020088000BF00BF1D
:105380000020704701466E4890F8240010B14FF09D
:10539000FF3070476A48C08908800020F9E701465D
:1053A00000200880401E704701464FF0FF307047D4
:1053B00001466348007A30B1012807D0022808D09E
:1053C00003280CD108E05F4808600BE05E480860E5
:1053D00008E05E48086005E05D48086002E04FF0C4
:1053E000FF30704700BF0020FBE701465448407A79
:1053F00030B1012808D002280AD0032810D10BE0D0
:105400004FF4804008800EE041F69C7008800AE06E
:105410004FF48050088006E04FF40060088002E0FE
:105420004FF0FF30704700BF4548C07C10B108887E
:10543000401008800020F5E701464148007C0870D4
:105440000020704701463E48807A10B10120087064
:1054500001E0002008700020704738B50446384845
:10546000807A10B94FF0FF3038BD354A1268117C90
:10547000334A526810786B460222FDF7A3F810B148
:105480004FF0FF30F0E79DF801009DF8001040EA72
:10549000012000B220800020E6E72DE9FE4F0746FC
:1054A000884692461D46DDF830B000260024244888
:1054B00090F8240010B1601EBDE8FE8F0020287017
:1054C0001F48807A10B94FF0FF30F5E71C48007C88
:1054D00010B94FF0FF30EFE71948007C00F04000B2
:1054E00008B1B01CC6B21648007C00F0200008B11C
:1054F000B01CC6B21248007C00F0100008B1B01C0D
:10550000C6B20F48007C00F0080008B1B01DC6B25A
:105510000B4A1268917A0A4A526810786B46022246
:10552000FDF750F810B14FF0FF30C5E79DF80100CE
:105530009DF8001040EA0129B1450BDA0020BBE7D5
:105540008C010020000003430000834233330342F8
:1055500033338341FC4840684088B9EB600F17DD66
:10556000F94A1268517CF84A526810786B46012259
:10557000FDF728F810B14FF0FF309DE79DF80000CF
:1055800000F0100020B1FFF78DF96FF0010093E7F4
:105590005046FCF774FEEC4A1268D17AEA4A526827
:1055A00010786B463246FDF70DF810B14FF0FF3022
:1055B00082E799FBF6F0401E8BF80000002028706F
:1055C000B4422AD0E048007C00F0080028B3601CF8
:1055D0001DF800001DF8041040EA012000B2A8F8F0
:1055E0000000E01C1DF80010A01C1DF8000041EA9E
:1055F000002000B2A8F80200601D1DF80010201D58
:105600001DF8000041EA002000B2A8F80400287844
:1056100040F008002870A01D84B2B44213D0CA48DC
:10562000007C00F0400070B1601C1DF800001DF807
:10563000041040EA012000B23880287840F0400091
:105640002870A01C84B2B44213D0BF48007C00F084
:10565000200070B1601C1DF800001DF8041040EA25
:10566000012000B27880287840F020002870A01C2B
:1056700084B2B44213D0B448007C00F0100070B182
:10568000601C1DF800001DF8041040EA012000B263
:10569000B880287840F010002870A01C84B2002048
:1056A0000AE7F8B504460F461646A74890F82400C6
:1056B00010B94FF0FF30F8BDA348807A10B94FF011
:1056C000FF30F8E7A04A1268917A9F4A5268107832
:1056D0006B460222FCF776FF10B14FF0FF30EAE78D
:1056E0009DF801009DF8001040EA0125A54203DA6B
:1056F00000203070401EDEE7934840684088B5EBDC
:10570000600F17DD904A1268517C8F4A52681078FA
:105710006B460122FCF756FF10B14FF0FF30CAE78D
:105720009DF8000000F0100020B1FFF7BBF86FF00B
:105730000100C0E7E2B2844B1B68D97A824B5B68F8
:1057400018783B46FCF73EFF10B14FF0FF30B2E750
:1057500095FBF4F0401E30700020ACE701467A481B
:1057600080F82210002070477CB5054676494968CC
:10577000087801AB04220D21FCF724FF08B10720B3
:105780007CBD9DF80700C0F301109DF8041001F0E6
:10579000E00140EAE1008DF800009DF80700C0F349
:1057A00081009DF8051001F0E00140EAE1008DF86C
:1057B00001009DF8070000F003009DF8061001F0BD
:1057C000E00140EAE1008DF8020000241CE01DF831
:1057D000040018B9002045F8240013E05B4845F8A0
:1057E000240006E055F82400594901F00BFE45F865
:1057F00024001DF80400401EC0B20DF8040000286B
:10580000F0D100BF601CC4B2032CE0DB0020B7E77E
:105810002DE9FE4F06460F4600256846FFF7A4FF18
:10582000002442E056F8240057F82410A0EB010AA7
:10583000BAF1000F01DB514601E0CAF10001084650
:1058400001F0D8FF83464FF08F4101F00DFE8046F6
:105850005DF82400002102F061F816D05DF82410F4
:10586000404601F001FE82464FF07E5101F0C4FD3A
:10587000814629F0004A3748416A504602F058F8FC
:1058800012D20120A04005430EE03248C1694046D3
:1058900002F044F805D32F48016A404602F048F868
:1058A00002D20120A0400543641C032CBADB284629
:1058B000BDE8FE8F2DE9FC5F06460F460025224914
:1058C0004968087801AB03220D21FCF77BFE10B17B
:1058D0000720BDE8FC9F9DF8040000F01F008DF834
:1058E00004009DF8050000F01F008DF805009DF8EC
:1058F000060000F01F008DF80600002462E056F854
:10590000240057F82410A0EB010BBBF1000F01DBC2
:10591000594601E0CBF10001084601F06BFF4FF062
:105920008F41009001F0A0FD814601A8005DC0B349
:105930000849086801F067FF83465946064801F0A8
:1059400093FD80460FE000008C0100207B14AE3EEA
:105950001D5A843FC094000800B04C45FE494046A3
:1059600001F050FD804601A8005D401EC0B201A9B3
:1059700008550028F2D14146484601F075FD83469E
:105980004FF07E5101F038FD82462AF0004BF3487B
:105990008169584601F0CCFF13D20120A040054395
:1059A0000FE0FFE7ED480169484601F0B7FF05D376
:1059B000EA484169484601F0BBFF02D20120A040FD
:1059C0000543641C032C9ADB284682E72DE9F04F3F
:1059D00087B005460C46914601208DF81000002046
:1059E0008DF81100DE4A1268917CDD4A5268107809
:1059F00004AB0222FCF797FD20B14FF0FF3007B057
:105A0000BDE8F08FC820FCF72EFC00208DF81000B8
:105A1000D34A1268D17BD24A5268107804AB012273
:105A2000FCF781FD10B14FF0FF30E8E7CC4A126877
:105A30005179CB4A5268107804AB0122FCF773FD10
:105A400010B14FF0FF30DAE7C54A1268917CC44AC2
:105A50005268107804AB0122FCF765FD10B14FF0DD
:105A6000FF30CCE7BE4A1268D17DBD4A526810783B
:105A700004AB0122FCF757FD10B14FF0FF30BEE739
:105A8000B74A12681179B64A5268107804AB0122FD
:105A9000FCF749FD10B14FF0FF30B0E70C208DF856
:105AA0001000AF4A12681179AD4A5268107804AB01
:105AB0000122FCF738FD10B14FF0FF309FE70F20B7
:105AC000FCF7D1FBA648806A407A8DF81000A44A02
:105AD00012689178A24A5268107804AB0122FCF750
:105AE00022FD10B14FF0FF3089E79D48806A007AAF
:105AF0008DF810009A4A12685178994A52681078C5
:105B000004AB0122FCF70FFD10B14FF0FF3076E738
:105B1000B9F1000F07D09248806A807A40F0E00027
:105B20008DF8100004E08E48806A807A8DF81000AD
:105B30008B4A126891798A4A5268107804AB012224
:105B4000FCF7F1FC10B14FF0FF3058E7B9F1000F4E
:105B500007D08348806AC07A40F0E0008DF81000DA
:105B600003E07E48C07A8DF810007D4A1268D17932
:105B70007B4A5268107804AB0122FCF7D4FC10B1C8
:105B80004FF0FF303BE7B9F1000F02D0C820FCF71F
:105B90006AFB40208DF81000714A12681179704A32
:105BA0005268107804AB0122FCF7BDFC10B14FF035
:105BB000FF3024E778208DF81000694A1268517987
:105BC000674A5268107804AB0122FCF7ACFC10B1B4
:105BD0004FF0FF3013E761498889FCF744FB002050
:105BE0008DF810005E4A126851795D4A526810784B
:105BF00004AB0122FCF797FC10B14FF0FF30FEE63A
:105C0000574A1268917A564A5268107804AB0222B9
:105C1000FCF7D8FC10B14FF0FF30F0E69DF8110012
:105C20009DF8101040EA012B0C209BFBF0F0C6B24F
:105C30000020A86068602860A060606020608246E4
:105C400065E0474A1268D17A454A5268107804AB39
:105C50000C22FCF7B7FC10B14FF0FF30CFE69DF8F7
:105C600011009DF8101040EA012000B2ADF80800C4
:105C70009DF813009DF8121040EA012000B2ADF823
:105C80000A009DF815009DF8141040EA012000B2AA
:105C9000ADF80C00BDF90810206808442060BDF97B
:105CA0000A10606808446060BDF90C10A0680844E0
:105CB000A0609DF817009DF8161040EA012000B280
:105CC000ADF800009DF819009DF8181040EA012079
:105CD00000B2ADF802009DF81B009DF81A1040EAD2
:105CE000012000B2ADF80400BDF900102868084496
:105CF0002860BDF90210686808446860BDF90410A6
:105D0000A8680844A8600AF1010000F0FF0AB24543
:105D100097DB1248D0F800C02868C117090441EA8F
:105D20001041070462460023384601F0A5FA3246C6
:105D30000023CDE9020101F09FFA28600748D0F85E
:105D400000C06868C117090441EA104107046246AF
:105D50000023384606E0000054E3853FC094000865
:105D60008C01002001F088FA32460023CDE90201BF
:105D700001F082FA6860FE48D0F800C0A868C11738
:105D8000090441EA1041070462460023384601F045
:105D900073FA32460023CDE9020101F06DFAA860E2
:105DA000F348D0F804C02168C817000440EA11483D
:105DB0000F04624600233846414601F05DFA324640
:105DC0000023CDE9020101F057FA2060E848D0F83D
:105DD00004C06068C117090441EA10410704624623
:105DE0000023384601F048FA32460023CDE902018B
:105DF00001F042FA6060DE48D0F804C0A068C11724
:105E0000090441EA1041070462460023384601F0C4
:105E100033FA32460023CDE9020101F02DFAA060E9
:105E2000A068002804DDA068A0F58030A06003E031
:105E3000A06800F58030A0600020E0E538B5044699
:105E4000CC4890F82400A04201D1002038BD24B3F2
:105E5000C84890F8250010B94FF0FF30F6E7002051
:105E6000FEF75AFB0020FEF779FCC249C88CFEF70A
:105E7000DEFE00200090BF49496808786B46012289
:105E80002321FCF750FB0121BA4880F8241001209F
:105E9000FEF742FBFEF706FD13E00020FEF73CFB99
:105EA000B448007C0090B349496808786B460122E9
:105EB0002321FCF738FB0021AE4880F82410FEF7C0
:105EC000F1FC0020C2E72DE9F04F8DB083460F466C
:105ED00002200C90A74890F8240020B10020FFF782
:105EE000ADFF012600E0002603A8FFF7E2F905A8B0
:105EF000FFF7FFF901A8FFF720FA02A8FFF742FA1F
:105F00009C4890F80AA004A8FFF796FA002407E03E
:105F1000002239465846FFF759FD00B902E0641CDB
:105F2000022CF5DB00BF022C01D1002528E0002463
:105F300007E0012206A909A8FFF748FD00B902E021
:105F4000641C022CF5DB00BF022C01D1002517E0F8
:105F500006A93846FFF75CFC00F0FF0809A958467F
:105F6000FFF7A8FC00F0FF090025B9F1000F01D1EF
:105F700045F00105B8F1000F01D145F0020500BF61
:105F8000FF207C490872FF217A484172C1724FF6A6
:105F9000FF71C181FF218172017401210173BDF87C
:105FA0000C00FEF7D2FE9DF81400FEF78CFEBDF843
:105FB0000400FEF790FDBDF80800FEF738FE5046DD
:105FC000FEF767FB9DF81000FEF750FD16B10120AB
:105FD000FFF734FF28460DB0BDE8F08FF8B5044652
:105FE0000D46164616B94FF0FF30F8BD6148807A6D
:105FF00010B94FF0FF30F8E720128DF80000E0B242
:106000008DF801009DF8010028445A4949684989E2
:10601000884202DD4FF0FF30E7E7564A1268117EF2
:10602000544A526810786B460222FCF77CFA10B191
:106030004FF0FF30D9E7EAB24E4B1B68597D4D4B0C
:106040005B6818783346FCF76EFA10B14FF0FF30FA
:10605000CBE70020C9E7F8B504460D46164616B949
:106060004FF0FF30F8BD4348807A10B94FF0FF3051
:10607000F8E720128DF80000E0B28DF801009DF8DD
:10608000010028443B4949684989884202DD4FF0B4
:10609000FF30E7E7374A1268117E364A52681078B7
:1060A0006B460222FCF73FFA10B14FF0FF30D9E700
:1060B000EAB2304B1B68597D2E4B5B68187833462B
:1060C000FCF780FA10B14FF0FF30CBE70020C9E7B2
:1060D0002DE9F04385B005460E4690469946254881
:1060E00090F8250020B14FF0FF3005B0BDE8F083F7
:1060F00016B94FF0FF30F8E7002423E0281B1028E2
:1061000001DD102000E0281B87B2321939462046F5
:10611000FFF764FF10B14FF0FF30E6E701AA394600
:106120002046FFF798FF10B14FF0FF30DDE7301940
:106130003A4601A901F001F910B16FF00100D4E76E
:10614000E01984B2AC42D9DB4FEA28208DF8000078
:1061500008F0FF008DF80100064A1268917E054A9A
:10616000526810786B460222FCF7DDF938B103E083
:10617000C09400088C0100204FF0FF30B5E70121EA
:106180008A4880F82510A0F826900020ADE7014647
:10619000864890F8240008700020704702464FF0AF
:1061A000FF30704701464FF0FF307047F8B50546A5
:1061B0000F461446002C70D0B5F5FF5F01DDFF26B9
:1061C00005E0202D01DA012601E0C5F3471607B9E5
:1061D0000127282C02DD4FF0FF30F8BD7348407DC9
:1061E00028BB724890F8240038B10020FFF726FE43
:1061F00001216E4880F8201003E000216B4880F8F0
:1062000020106A481630FFF754F868481830FFF736
:1062100070F866481A30FFF790F864481C30FFF7B2
:10622000B1F86248817A81771F30FFF705F90020C5
:10623000FEF772F90020FEF78DFC00208DF80000BB
:106240005A4A12689178594A526810786B4601226E
:10625000FCF769F910B14FF0FF30BEE740208DF830
:106260000000524A1268D17B504A526810786B463F
:106270000122FCF758F900B165E08DF800608DF857
:1062800001704A4A1268117A484A526810786B467F
:106290000222FCF748F908B155E047E00520FBF77A
:1062A000E2FF4248407A072101EBC000C0B28DF8FE
:1062B00000003E4A1268D1793C4A526810786B4619
:1062C0000122FCF730F900B13DE020208DF80000FC
:1062D000012C03D100208DF801000EE0052C03DC19
:1062E00001208DF8010008E0142C03DC02208DF859
:1062F000010002E003208DF801009DF80100072154
:1063000001EB8010C0B28DF80100284A1268917C20
:10631000264A526810786B460222FCF704F900B155
:1063200011E0012121484175002056E71F4A16322D
:10633000002103E0505C00B105E0491C0C29F9D3B1
:106340004FF0FF3049E7FF2018490872FF21174836
:106350004172C1724FF6FF71C181FF2181720174D8
:10636000012101730146887FFEF793F90F49C88A1E
:10637000FEF7EBFC0D49087EFEF7A5FC0B49488BA8
:10638000FEF7A9FB0949888BFEF751FC0749C87F36
:10639000FEF76CFB054890F8200010B10120FFF7D4
:1063A0004DFD002101484175002016E78C010020B9
:1063B00010B5C8234FF48062F74940F6F630FFF776
:1063C00087FE10BD10B586B00446F4A000680390A7
:1063D000F3A000680290F3A000680190F2A00068AA
:1063E000009004F0030003A9085C8DF8140003A8D2
:1063F000C4F3C101405C8DF8150003A8C4F38111FA
:10640000405C8DF8160004F0030002A9085C8DF8CA
:10641000100002A8C4F3C101405C8DF8110002A86D
:10642000C4F38111405C8DF8120005AA032140F2EB
:106430002640FFF7D3FD18B14FF0FF3006B010BD76
:1064400004AA032140F22A40FFF7C8FD10B14FF023
:10645000FF30F3E7019805900098049004F00400E1
:1064600058B19DF8140040F001008DF814009DF81B
:10647000100040F001008DF8100004F0200058B129
:106480009DF8150040F001008DF815009DF81100F1
:1064900040F001008DF8110004F4807058B19DF8AF
:1064A000160040F001008DF816009DF8120040F033
:1064B00001008DF8120005AA03214FF48860FFF750
:1064C0008DFD10B14FF0FF30B8E704AA032140F270
:1064D0003140FFF783FD10B14FF0FF30AEE7B34816
:1064E00004810020AAE71FB50446B048007A00F0F6
:1064F000030054F820000190AC48007A00F004003A
:1065000010B1019840420190A848007AC0F3C10040
:1065100054F820000290A548007A00F0200010B145
:10652000029840420290A148007AC0F3811054F8CA
:10653000200003909D48008900F4807010B10398FA
:10654000404203909A49019880FB0101800F40EA84
:10655000810001909649029880FB0110820042EA76
:10656000917002909249039880FB0110820042EAE8
:10657000917003900198000E8DF800000198000CB6
:106580008DF801000198000A8DF802000198C0B250
:106590008DF803006A4604214FF47470FFF71EFD66
:1065A00018B14FF0FF3004B010BD0298000E8DF806
:1065B00000000298000C8DF801000298000A8DF886
:1065C00002000298C0B28DF803006A4604214FF41D
:1065D0007570FFF703FD10B14FF0FF30E3E703984C
:1065E000000E8DF800000398000C8DF80100039850
:1065F000000A8DF802000398C0B28DF803006A46C5
:1066000004214FF47670FFF7E9FCCCE770B588B051
:10661000064601A8FEF7E9FEBDF804000021C90303
:1066200041EA5045C4036148007A00F0030056F87F
:10663000200005905D48007A00F0040010B1059834
:10664000404205905948007AC0F3C10056F8200036
:1066500006905648007A00F0200010B1069840429B
:1066600006905248007AC0F3811056F82000079037
:106670004E48008900F4807010B10798404207909E
:106680000598C117A0FB042301FB043100FB051092
:10669000810041EA927005900698C117A0FB04237F
:1066A00001FB043100FB0510810041EA9270069065
:1066B0000798C117A0FB042301FB043100FB051060
:1066C000810041EA927007900598000E8DF808004D
:1066D0000598000C8DF809000598000A8DF80A004D
:1066E0000598C0B28DF80B000698000E8DF80C00CE
:1066F0000698000C8DF80D000698000A8DF80E0023
:106700000698C0B28DF80F000798000E8DF81000A3
:106710000798000C8DF811000798000A8DF81200F8
:106720000798C0B28DF8130002AA0C214FF425700F
:10673000FFF754FC08B070BD30B585B004461DA20B
:1067400007CA02AB07C3C82C03DD4FF0FF3005B00A
:1067500030BDC82090FBF4F0401E85B2280A8DF8A9
:106760000000E8B28DF801006A46022140F21620CE
:10677000FFF734FC10B14FF0FF30E8E702AA0C211C
:1067800040F6C120FFF72AFC10B14FF0FF30DEE7E2
:10679000064884810020DAE7E89400084CCD6C00BC
:1067A0000CC92C00365676002646660030030020C1
:1067B00009E3CA02FEF2ABC4AAF1DFDFBBAFDFDF41
:1067C0000146FC4880890880002070472DE9FC477D
:1067D00006460F4606F0070010B1B7F5C86F03DD97
:1067E0004FF0FF30BDE8FC87384601F00CF88146D9
:1067F000F14900F039FE80466846FEF77AFD9DF8C3
:106800000000022806D0042816D0082826D0102818
:1068100048D135E04FF08D41404600F0F3FD814610
:1068200001F020F884B2E549404600F0EBFD8146D6
:1068300001F018F885B238E04FF08C41404600F086
:10684000E1FD814601F00EF884B2DD49404600F0DA
:10685000D9FD814601F006F885B226E04FF08B4164
:10686000404600F0CFFD814600F0FCFF84B2D549E0
:10687000404600F0C7FD814600F0F4FF85B214E009
:106880004FF08A41404600F0BDFD814600F0EAFF2E
:1068900084B2CD49404600F0B5FD814600F0E2FFEC
:1068A00085B202E04FF0FF309CE700BF20128DF868
:1068B0000400E0B28DF8050028128DF80600E8B259
:1068C0008DF8070006F00100A0B101AA02214FF4E3
:1068D000EA70FFF783FB10B14FF0FF3082E70DF154
:1068E000060202214FF49270FFF778FB10B14FF0CF
:1068F000FF3077E706F00200A0B101AA02214FF4B1
:10690000EC70FFF76BFB10B14FF0FF306AE70DF151
:10691000060202214FF49470FFF760FB10B14FF0B4
:10692000FF305FE706F00400A0B101AA02214FF496
:10693000EE70FFF753FB10B14FF0FF3052E70DF14F
:10694000060202214FF49670FFF748FB10B14FF09A
:10695000FF3047E7002045E738B5044600200090A7
:1069600004F0010020B19DF8000040F030000090DC
:1069700004F0020020B19DF8000040F00C000090EF
:1069800004F0040020B19DF8000040F003000090E6
:106990006A4601214FF4A470FFF720FB38BD38B5DB
:1069A0000446012C01DA012402E0042C00DD042459
:1069B000601EC0B200906A46012140F24F10FFF7FE
:1069C0000DFB38BD38B50446052094FBF0F085B2C8
:1069D00028128DF80000E8B28DF801006A46022105
:1069E0004FF4EF70FFF7FAFA38BD38B504460520CA
:1069F00094FBF0F085B228128DF80000E8B28DF813
:106A000001006A4602214FF4ED70FFF7E7FA38BD46
:106A1000F8B505460E464FF47A7095FBF0F000FB92
:106A200006F4200E8DF80000200C8DF80100200ADD
:106A30008DF80200E0B28DF803006A4604214FF49D
:106A4000AE70FFF7CBFAF8BD38B50446052094FBCD
:106A5000F0F084B220128DF80000E0B28DF8010051
:106A60006A4602214FF4AD70FFF7B8FA38BD38B569
:106A70000446052094FBF0F084B220128DF800004B
:106A8000E0B28DF801006A4602214FF4AC70FFF7C6
:106A9000A5FA38BD38B5044614B94FF0FF3038BDFB
:106AA0006A4604214FF45870FFF7D5FA10B14FF041
:106AB000FF30F4E79DF8000000069DF8011040EA61
:106AC00001409DF8021040EA01209DF803100843A0
:106AD00020600020E3E738B50446200E8DF8000062
:106AE000200C8DF80100200A8DF80200E0B28DF82C
:106AF00003006A4604214FF45870FFF76FFA38BD5F
:106B000038B5044614B94FF0FF3038BD6A46042149
:106B10004FF47170FFF79FFA10B14FF0FF30F4E7B8
:106B20009DF8000000069DF8011040EA01409DF824
:106B3000021040EA01209DF80310084300EB80009A
:106B4000800020600020E0E738B504461420B4FB44
:106B5000F0F4200E8DF80000200C8DF80100200AC2
:106B60008DF80200E0B28DF803006A4604214FF46C
:106B70007170FFF733FA38BD38B5044664B1202090
:106B80008DF8000028208DF8010030208DF80200DB
:106B900038208DF8030004E0A3220421684600F0A9
:106BA000AEFB6A46042140F69E20FFF717FAFDF778
:106BB00079FE38BD30030020000048430000404605
:106BC0000000C045000040450000C04438B5044600
:106BD00064B1C0208DF80000C2208DF80100C420EF
:106BE0008DF80200C6208DF8030004E08B220421FA
:106BF000684600F084FB6A46042140F69820FFF7BF
:106C0000EDF9FDF74FFE38BD3EB504466CB1FDA170
:106C1000D1E900208968CDE9002002916A46092166
:106C20004FF49760FFF7DAF93EBDF9A2D2E9001000
:106C30009268CDE9010200916A4609214FF49760FC
:106C4000FFF7CCF9F0E73EB5044602208DF80000CE
:106C5000CA208DF80100E3208DF8020009208DF88C
:106C600003006A4604216820FFF7B8F9A3208DF8D5
:106C7000000004F0400048B1C0208DF80100C82099
:106C80008DF80200C2208DF8030006E0A3208DF8E5
:106C900001008DF802008DF8030004F4C07048B1C3
:106CA000C4208DF80400CC208DF80500C6208DF896
:106CB000060006E0A3208DF804008DF805008DF88D
:106CC0000600A3208DF807008DF808008DF8090054
:106CD0006A460A2140F6A720FFF780F904F0030076
:106CE00018B120208DF8000002E0D8208DF80000B7
:106CF0006A46012140F6B620FFF770F904F0200043
:106D000018B10120FFF780FF02E00020FFF77CFFB1
:106D100004F4C07008B304F4807060B1B2208DF840
:106D200000008B208DF80100B6208DF802009B201A
:106D30008DF803000BE0B0208DF8000080208DF866
:106D40000100B4208DF8020090208DF803006A46FF
:106D5000042140F6A220FFF741F904F0010020B31E
:106D6000F8208DF800006A4601214FF40B60FFF710
:106D700035F9FA210720FFF729FD0720FFF7ECFD81
:106D80000120FFF70CFE6420FFF71CFE4FF4FA70A1
:106D9000FFF72BFEC821A148FFF73AFE2820FFF796
:106DA00053FE0A20FFF763FE08E0D8208DF80000AC
:106DB0006A4601214FF40B60FFF710F904F002005E
:106DC00018B1D9208DF8000002E0D8208DF800001D
:106DD0006A46012140F23D70FFF700F904F004001B
:106DE00018B10120FFF7F2FE02E00020FFF7EEFEEF
:106DF00004F0100018B10120FFF7BEFE02E00020F1
:106E0000FFF7BAFE44F0080085494881FDF74AFDC6
:106E100000208349887304F0400018B10846807B45
:106E2000801D887304F4C07020B17D48807B801D74
:106E30007B49887304F0140020B17948807B1030BE
:106E40007749887304F0030020B17548807B001DEA
:106E50007349887300203EBD01467148408908800F
:106E6000002070472DE9F0410446E07800F0C006AC
:106E7000E07800F03F05607800F0010098B1EF1075
:106E80002846E91705EB5171C910A5EBC101491C52
:106E900001F0FF086248006820B16148414602687D
:106EA0003846904700BF607800F0080030B15C4879
:106EB000406818B1B0115A4A516888470020BDE8AF
:106EC000F08110B586B0044656A207CA03AB07C3CB
:106ED00057A207CA8DE80700012C09D0022C0ED159
:106EE00003AA0B2140F68220FFF778F806B010BD08
:106EF0006A460B2140F68220FFF770F8F6E74FF064
:106F0000FF30F3E72DE9F04F8DB007468846154670
:106F10009946DDE9166B0024002030804049887BCB
:106F20005A4605A9FEF7BDFB18B1601E0DB0BDE8BD
:106F3000F08F3B48807A00F01400002861D09DF863
:106F4000140000069DF8151040EA01409DF8161047
:106F500040EA01209DF81710084328609DF81800AA
:106F600000069DF8191040EA01409DF81A1040EA09
:106F700001209DF81B10084368609DF81C00000666
:106F80009DF81D1040EA01409DF81E1040EA0120C6
:106F90009DF81F100843A8609DF8200000069DF88A
:106FA000211040EA01409DF8221040EA01209DF89E
:106FB00023100843E86004F11000C4B228680014EC
:106FC0000190686800140290A86800140390E868B3
:106FD0000014049001984043029901FB01000399B9
:106FE00001FB0100049901FB010ABAF1706F02DB99
:106FF000BAF1885F22DDFDF755FC00203080401E8D
:1070000094E721E0B8AAB38DB4980D355D00000077
:10701000B8AAAAAAB088C3C5C700000009E3CA027B
:1070200030030020D8B1B9F38BA391B609B4D900CD
:10703000DAB1B9F38BA391B6DAB4DA00B6F900008D
:1070400040F48070308000BF7848807A00F04000C3
:1070500020B305A9601C085C095D40EA012000B26C
:10706000A8F8000005A9E01C095C05AAA01C105C9A
:1070700041EA002000B2A8F8020005A9601D095CE1
:10708000201D105C41EA002000B2A8F80400A01DF9
:10709000C4B2B6F9000040F008003080634840896F
:1070A00000F4C07008B305A9601C085C095D40EAE3
:1070B000012000B2388005A9E01C095C05AAA01CCB
:1070C000105C41EA002000B2788005A9601D095CCF
:1070D000201D105C41EA002000B2B880A01DC4B29F
:1070E000B6F9000040F0700030805048807A00F01F
:1070F000030018B105A90819FFF7B4FE4846FBF7CD
:10710000BEF8002012E701464848016000207047A1
:1071100001464648416000207047014691F9002031
:10712000002A01DD00201EE091F90020002A01DA8A
:10713000042018E091F90120002A01DD012012E06D
:1071400091F90120002A01DA05200CE091F90220D2
:10715000002A01DD022006E091F90220002A01DA6E
:10716000062000E00720704770B505462846FFF767
:10717000D4FF0446E81CFFF7D0FF44EAC00084B205
:10718000A81DFFF7CAFF44EA801084B2204670BDF4
:1071900070B588B002A905A8FEF795FE0446032C39
:1071A0003FD101A8FEF704F9059800F023FB06463D
:1071B000019900F027F9054600F03BFB0590069881
:1071C00000F018FB0646019900F01CF9054600F096
:1071D00030FB0690079800F00DFB0646019900F081
:1071E00011F9054600F025FB079005A8FFF77BF98C
:1071F0006846FEF7FAF8BDF800100298484302907E
:10720000BDF80010039848430390BDF8001004989F
:107210004843049002A8FFF7F9F905A0FDF735F8F7
:1072200002E00CA0FDF731F808B070BD300300207B
:1072300073657474696E6720626961732073756326
:1072400063657366756C6C79202E2E2E2E2E2E0A99
:10725000000000006269617320686173206E6F74C2
:10726000206265656E206D6F646966696564202EB5
:107270002E2E2E2E2E0A00002DE9F0410024061B92
:10728000254671F1000605DA01240027D0EB07003E
:1072900067EB0101161E73F1000605DA0027D2EB39
:1072A0000702012567EB030300F062FB86460E46EA
:1072B00017469C46AC4204D00025D0EB050E65EB8A
:1072C000010624B10020D2EB000760EB030C7046EE
:1072D00031463A466346BDE8F08140EA01039B0728
:1072E00003D009E008C9121F08C0042AFAD203E03B
:1072F00011F8013B00F8013B521EF9D27047D2B29F
:1073000001E000F8012B491EFBD270470022F6E78E
:1073100010B513460A4604461946FFF7F0FF20460B
:1073200010BD421E12F8013F002BFBD111F8013BAA
:1073300002F8013B002BF9D1704730B5044600201C
:10734000034600E05B1C934203D2E05CCD5C401B33
:10735000F8D030BDF0B480EA0102D40F4200B2EBA5
:10736000410F02D20246084611464A0042D0C30DE0
:10737000DDB2C1F3C752AD1A202D35DAC1F31601C3
:1073800041F4000204B15242C5F1200602FA06F1AE
:107390002A411044B3EBD05F23D0C4B1012DA0EB40
:1073A000C35009DCF0BC4FF0004202EAC352DBB22A
:1073B00000F5000000F037BB400000F1807000EBEA
:1073C000C350A0F1807040EAD170490009E049083B
:1073D00041EAC071A0EBC35000F50000400800EB8B
:1073E000C350F0BC00F016BB6142012202EB410128
:1073F000001BF6E7F0BC704781F00041AAE780F07F
:107400000040A7E780EA010210B502F00043400007
:1074100022D04A001FD0010E01EB1261C0F35600CA
:10742000C2F3560240F4000042F40002A0FB022026
:1074300000047F39140400D0401C50EA124001D4EB
:107440004000491EC2B20C0604EBD010401C40089C
:10745000802A02D003E0002010BD20F001000029A6
:1074600000DA0020184310BD30B480EA010202F0B7
:10747000004530F0004221F0004013D090B1C30D20
:10748000D40DC2F31601C0F31600E41A41F4000152
:1074900040F400027D34914201D3641C00E04900B5
:1074A000002C02DA30BC002070474FF400000023AB
:1074B000914201D3891A034340084FEA4101F7D1B1
:1074C00051B1914202D14FF0004105E002D24FF09C
:1074D000010101E06FF0010103EBC450284430BC0E
:1074E00000F098BA2DE9FE4F804681EA0300C00FF4
:1074F0000C46009021F0004123F00045B8EB02005B
:10750000A94105D24046214690461C460B460246FC
:1075100023F00040104347D0270DC7F30A00C3F300
:107520000A510290401A019040286BDAC3F313000D
:1075300040F4801B0098924620B10023D2EB030A4E
:1075400063EB0B0B01985946C0F14002504600F026
:1075500040FA06460D4650465946019A00F048FA50
:1075600010EB08006141002487EA115284EAE773B6
:107570001A4340D0009A62B3019A012A4FEA075297
:1075800015DC001B61EB02014FF0004202EA0752DA
:10759000CDE90042001C41F5801132462B4600F037
:1075A0007FFA03B0BDE8F08F40462146F9E7001BA3
:1075B00061EB0201001C41F5801300185B412018AB
:1075C000A2F5001747EB030140EAD570B6196D41EB
:1075D00011E06D084FEA360645EAC0754FEA0752DA
:1075E000001B61EB0201001C41F5801149084FEAC4
:1075F00030000019514132462B4603B0BDE8F04F30
:1076000000F03FBA0098012240000023D0EB0202B4
:1076100063EBE073009821464FEAE074B8EB00009A
:1076200061EB0401E9E783F000435BE781F000418F
:1076300058E72DE9FE4F81EA030404F0004421F0ED
:10764000004100944FF0000B23F0004350EA010486
:107650005ED052EA03045BD0C3F30A54C1F30A5567
:107660002C44A4F2F3340194A0FB0254C1F313019F
:1076700041F48011C3F3130343F4801301FB02446C
:1076800000FB034E840A970A44EA815447EA835771
:10769000A4FB076802958D0A05FB07854FEA932C2A
:1076A00004FB0C542705029D4FEA065847EA16379B
:1076B000B5EB08056EEB070C870E920E47EA8117B3
:1076C00042EA8312A7FB0201B6EB0B0164EB000454
:1076D0002B0D43EA0C335E1844EB1C50DA4651463E
:1076E000E7FB0201C5F313044FEA0B3343EA1453DB
:1076F0004FEA0432019C43EA0603A4F10C0402940D
:10770000009CCDE900B400F0CBF903B0BDE8F08FE8
:1077100000200146F9E72DE9F04D81EA030404F069
:10772000004B21F0004514464FF0000A23F00041C1
:1077300050EA050220D054EA01021DD0C5F30A57D1
:107740000246C5F31303C1F31300C1F30A5640F414
:10775000801543F48013A7EB0608101BD64608F2E9
:10776000FD3873EB050002D308F1010801E092181F
:107770005B41B8F1000F03DA00200146BDE8F08D4F
:1077800000204FF48011064684460EE0171B73EB71
:10779000050705D3121B63EB050306434CEA010CF6
:1077A00049084FEA300092185B4150EA0107EDD1D9
:1077B00052EA030012D082EA040083EA050108437A
:1077C00005D0101BAB4106D20122002306E00022A7
:1077D0004FF0004302E06FF0010253101AEB060075
:1077E0004CEB085110EB0A0041EB0B01BDE8F04DEA
:1077F00000F047B9C10F80EAE0700844CA07962339
:10780000002100F010B996230022114600F00BB9B8
:107810000EB5C10F80EAE0700844CA07002140F2AB
:1078200033438DE80E000A460B4600F039F903B0E9
:1078300000BD00F0004220F00040C10DC0F3160072
:1078400040F400007F2901DA00207047962903DC0C
:10785000C1F19601C84001E096398840002AF4D071
:107860004042704720F00040C10DC0F3160040F4C4
:1078700000007F2901DA00207047962903DCC1F15E
:107880009601C840704796398840704700F0004222
:1078900030F000400AD0C10D01F56071C0F3160050
:1078A00042EA0151C20840071143704700200146D7
:1078B0007047000030B5041E71F1000404DB4FF086
:1078C0000044404264EB0101141E73F1000405DB27
:1078D0001C464FF00043524263EB04038B4208BF47
:1078E000824230BD01F0004330B421F0004150EA43
:1078F000010206D00A0DA2F56072C1F31301002A3D
:1079000002DC30BC00207047440F44EAC104C100CF
:10791000E01830BC00EBC25000F07CB8002801DB5E
:10792000C0F10040002901DBC1F1004181427047F4
:10793000002801DBC0F10040002901DBC1F100415A
:107940008842704730B50B460146002020220124B2
:1079500009E021FA02F59D4205D303FA02F5491B1D
:1079600004FA02F52844151EA2F10102F1DC30BD33
:107970002DE9F05F0546002092469B468846064664
:10798000814640241BE0284641464746224600F0F7
:107990002FF953465A46C01A914110D31146184642
:1079A000224600F016F82D1A67EB01084F462246D2
:1079B0000120002100F00DF817EB00094E41201EB8
:1079C000A4F10104DFDC484631462A464346BDE8BF
:1079D000F09F202A04DB203A00FA02F100207047D1
:1079E0009140C2F1200320FA03F3194390407047FD
:1079F000202A06DBCB17203A41FA02F043EAE07373
:107A000006E041FA02F3D040C2F12002914008435F
:107A1000194670470029A8BF7047401C490008BF9D
:107A200020F00100704710B4B0FA80FC00FA0CF0AE
:107A300050EA010404BF10BC704749B1CCF12004E6
:107A400021FA04F411FA0CF118BF01212143084373
:107A5000A3EB0C01CB1D4FEA00614FEA102042BF9F
:107A6000002010BC704700EBC35010440029A4BF95
:107A700010BC7047401C490008BF20F0010010BC3A
:107A8000704710B5141E73F1000408DA401C41F170
:107A9000000192185B411A4301D120F0010010BD92
:107AA0002DE9F04D92469B4611B1B1FA81F202E008
:107AB000B0FA80F220329046FFF78BFF04460F4663
:107AC00040EA0A0041EA0B0153465A46084313D0E4
:107AD000114653EA010019D0C8F14002504600F0A7
:107AE00087F805460E46504659464246FFF771FF55
:107AF000084305D0012004E020463946BDE8F08D5A
:107B00000020054346EAE0762C4337430A98630594
:107B1000E40AA0EB08000022FD0A44EA47540A30B8
:107B200002D500200146E9E7010510196941DDE9A8
:107B3000084500196941BDE8F04DA2E770B521F094
:107B4000004303430CD0C1F30A550024D5EB0405D0
:107B500064EB0403D617AD1AB34102DB00200146E3
:107B600070BD201841EB025170BDC1F30A52C1F340
:107B7000130140F2FF3341F480119A4202DA0020EF
:107B80000146704740F233439A42A2F2334202DC8C
:107B9000524200F02DB8FFF71CBF000030B5041EA4
:107BA00071F1000404DB4FF00044404264EB01013A
:107BB000141E73F1000405DB1C464FF000435242D3
:107BC00063EB0403994208BF904230BD064C074D59
:107BD00006E0E06840F0010394E80700984710349D
:107BE000AC42F6D3F8F786FA40A3000860A3000879
:107BF000202A04DB203A21FA02F00021704721FA02
:107C000002F3D040C2F12002914008431946704768
:107C10002DE9F04D00231A461B1A8A4103DB002090
:107C20000146BDE8F08DC1F30A52C1F3130141F4DE
:107C300080154FF0000BD10702D100186D41521E84
:107C40000027044640F2FF11384601EB620A3E4627
:107C50008046024600204FF48011FFF7C9FFC21989
:107C60007141BB1846EB0100B4EB030C75EB000C43
:107C700004D3E41A65EB000517460E46241908F1F3
:107C800001006D4180463428E3DDF91946EB06001A
:107C9000091BA84103D24FF0FF32134601E0002236
:107CA00013461BEB070046EB0A51BDE8F04DFFF70A
:107CB000E8BE0EB540F2334102910021CDE900113A
:107CC0000A460B46FFF7ECFE03B000BD70B5C1F3EA
:107CD0000A5201F000450024C1F3130140F2FF33C2
:107CE00041F480119A4201DA002070BD40F2334322
:107CF0009A42A2F2334203DC5242FFF779FF00E0DE
:107D000090402C43F1D0404270BD70B58C1810F8F3
:107D1000015B15F0070301D110F8013B2A1106D1D0
:107D200010F8012B03E010F8016B01F8016B5B1EEA
:107D3000F9D12B0705D40023521E0DD401F8013BC5
:107D4000FAE710F8013BCB1A921C03E013F8015B31
:107D500001F8015B521EF9D5A142D8D3002070BDB5
:107D60000FB4084B10B504A902AA039800F01AFC3E
:107D7000044602A9002000F0ACFF204610BC5DF8CC
:107D800014FB0000D38C0008490050EAC12018BF42
:107D900004204A0D18BF40F0010040F2FF72B2EB20
:107DA000515F08BF40F00200012808BF052070475E
:107DB0002DE9F74F144694B00021C4E9021115993A
:107DC000079121F00045C9498D4206DC1599C4E9A7
:107DD000000117B00020BDE8F08FC549DFF814A3FB
:107DE000A9423CDD0799C44E0029C44FC44A1599E5
:107DF000534619DDFFF717FC554506D0C14AC24B63
:107E0000FFF711FCC4E900010AE04FF0D352BE4B6A
:107E1000FFF709FC32463B46FFF705FCC4E90001C9
:107E200017B00120BDE8F08FFFF75CFB554506D089
:107E3000B44AB54BFFF756FBC4E900010AE04FF026
:107E4000D352B14BFFF74EFB32463B46FFF74AFB9E
:107E5000C4E9000117B04FF0FF30BDE8F08FAB4927
:107E6000A942159978DB21F0004183468846A84A4B
:107E7000A84BFFF7DEFB0022A74BFFF733FBFFF712
:107E800025FF0990FFF7C4FC06460F469C4A53465F
:107E9000FFF7CFFB43465A46FFF7C8FB80468A46AA
:107EA000984A994B30463946FFF7C3FB2A0D012506
:107EB0000B9242465346FFF7B9FB032DC4E900017C
:107EC00039D00B98C1F30A51401A05EB451111390D
:107ED000814230DA9148C346784400EB0510CDF872
:107EE0000CA00C90D0E9002330463946FFF7A1FBE7
:107EF00002460B460491069058460399FFF793FB00
:107F000080468A4602460B4658460399FFF78BFB8C
:107F1000049B069AFFF787FB83460C98039139462A
:107F2000D0E902233046FFF784FB5A46039BFFF754
:107F30007AFB6D1CBDE707980028A2BF099817B00F
:107F4000BDE8F08F616881F000416160099817B069
:107F50004042BDE8F08FFFE784461598C1F3130156
:107F6000C0F30A50A0F2F5304FEA601800F01F0687
:107F7000C6F12000139000200690079041F4801E67
:107F800005206D4676B1664A08EB00017A4452F846
:107F9000213002EB8101B3404A68139922FA01F1C2
:107FA000194305E05F4908EB0002794451F82210BB
:107FB000A1FB0E27A1FB0C131A449A4234BF0123E4
:107FC000002303EB070A05EB8003D3E901B70F4455
:107FD0008F4234BF0121002193448B4411B193455A
:107FE00002D903E0934501D2012100E00021C3E959
:107FF00001B7514445F82010011EA0F10100C1DC79
:108000000298059F00F10050800F12900298DDE960
:1080100003568000FFF7FCFB834628460D91FFF7CF
:1080200048FE6FF01D02FFF789FDCDE90E013046D5
:10803000FFF73FFE6FF03D02FFF780FD80468A4666
:108040003846FFF736FE6FF05D02FFF777FD074613
:10805000424653461191FFF745FADDE90E23FFF73B
:1080600041FA5A460D9BFFF73DFA00250E465A4647
:1080700028460D9BFFF7D7FADDE90E23FFF7D3FA69
:1080800042465346FFF7CFFA3A46119BFFF7CEFA26
:10809000DFF898A0244A5346FFF7CBFA07468846F4
:1080A000234A244B31462846FFF7C3FA3A46434653
:1080B000FFF718FA074688464FF0A8425346314664
:1080C0002846FFF7B6FA3A464346FFF70BFA159AE9
:1080D00012F0004F04D0129A81F0004152421292E5
:1080E000C4E90001129817B0BDE8F08FFB21E93F09
:1080F0007CD90240FB21F93F7370032E8A19A33B00
:10810000000040543163621A61B4D03DFB21394113
:1081100083C8C96D305FE43F0000E03F24230000C6
:10812000A022000082220000182D4454FB21F93DBA
:108130003326A611460B113C2DE9FF4D21F00048D6
:1081400007460C46B8F1795F08DAFFF7BFFD002853
:1081500001BF0020324904B0BDE8F08D3A46234605
:1081600010461946FFF765FA054602462D480E46A9
:108170000B460621784400F05DF82A463346FFF7A7
:1081800058FADDE9022382468B4638462146FFF73E
:1081900050FA04460F4652465B4628463146FFF7E2
:1081A00048FA22463B46FFF73EFA07468A464FF01A
:1081B000FF3228463146FFF7C1FC1B4A90450ADAD8
:1081C0003A465346FFF72FFA04B00022BDE8F04DBF
:1081D000134BFFF72BBA154A4245A8BFA8F5001567
:1081E0004FF00004B8BF124D22462B46FFF71BFA92
:1081F0000646884622462B4600200949FFF713FA17
:1082000004460D463A46534630464146FFF70BFAC0
:1082100004B022462B46BDE8F04DFFF707BA000038
:108220000000F03F502000003333D33F0000E93F0F
:108230000000D23F2DE9F0414F1E00EBC70104467C
:10824000D1E9000115461E4637F006020DD02A4638
:108250003346FFF7EEF97F1E04EBC703D3E9002393
:10826000FFF740F937F00602F1D1022F25D0042F95
:1082700013D0062F18BFBDE8F0812A463346FFF71A
:10828000D8F9D4E90A23FFF72DF92A463346FFF738
:10829000D0F9D4E90823FFF725F92A463346FFF73A
:1082A000C8F9D4E90623FFF71DF92A463346FFF73C
:1082B000C0F9D4E90423FFF715F92A463346FFF73E
:1082C000B8F9D4E90223FFF70DF92A463346FFF740
:1082D000B0F9D4E90023BDE8F041FFF703B900008D
:1082E0002DE9FF4D054621F0004084B00C46B0F169
:1082F000795F0BDA2846FFF747FD042808BF00F036
:1083000071F8284608B02146BDE8F08D2A460B4694
:108310001046FFF78EF906460F462A462346FFF71A
:1083200088F9804626488A4632463B4605217844ED
:10833000FFF780FF83461098029160B3214A224BD9
:1083400040465146FFF775F9CDE900015A464046CF
:108350005146029BFFF76DF982468846DDE906012A
:108360004FF0FF32FFF7EAFB52464346FFF75BF957
:1083700032463B46FFF75DF9DDE90623FFF753F987
:10838000DDE90023FFF74FF908B02A462346BDE890
:10839000F04DFFF74BB90B465A4630463946FFF7CA
:1083A00048F9084A084BFFF79DF842465346FFF745
:1083B00040F908B02A462346BDE8F04DFFF792B8D1
:1083C000961F0000495555555555C5BF0122FFF769
:1083D000B5BBFFF787B80022134610461146FFF7DA
:1083E0009AB90000024A00201107FFF7A7BB00005E
:1083F00001FDFFFF02E008C8121F08C1002AFAD1E0
:1084000070477047002001E001C1121F002AFBD114
:10841000704700000149086070470000B801002063
:108420002DE9FF5F82B00021DDE90430020DDDF8A7
:1084300040B0034318D044F61050A2F2FF3242433A
:108440001514119801281FD0A5EB0B00401C5FEA02
:10845000000A4FF000064E4FDFF83891B046504604
:1084600015D5CAF1000413E0119801244AA301288C
:1084700001D16FEA0B010298119AC0E90031C0E9FD
:10848000024206B0BDE8F09FCBF10000DFE70446F2
:108490000021404A491842EB0450CDE9001012E097
:1084A000E00707D032463B4640464946FFF7C1F851
:1084B0008046894632463B4610461946FFF7B9F8D2
:1084C00006460F466410002CEAD1DDE90401DDE91F
:1084D0000023BAF1000F06DAFFF7ABF842464B462D
:1084E000FFF7A7F805E0FFF716F942464B46FFF7FE
:1084F00012F904460E460022284BFFF74FFB03D823
:108500004FF0FF30014607E00022254B2046314660
:10851000FEF7E8FFFFF729FB102409E0002C0ADB37
:108520000A220023FFF724FA039B30321A55641EF7
:1085300050EA0102F2D1641C039AC4F111031444FD
:10854000119A012A03D0012208430DD10AE0084301
:1085500004D000204FF0110B119072E7A3EB0B0534
:108560006D1E0DE05B4504DD4FF0000205F10105D5
:1085700004E003DA4FF00002A5F10105002AECD077
:1085800002981199C0E90231C0E9004579E700007D
:10859000000014400000F03F300000000000F043F5
:1085A0000000E03F2DE9FF4F95B09B468946064607
:1085B00000250FE2252877D100242746F84A01211B
:1085C000059400E0044316F8013F203B01FA03F054
:1085D0001042F7D130782A2811D06FF02F0330786D
:1085E000A0F13002092A16D8059A44F0020402EBE1
:1085F000820203EB42021044761C0590EFE759F823
:10860000042B0592002A03DA504244F400540590EA
:1086100044F00204761C30782E2816D116F8010F8B
:1086200044F004042A280DD06FF02F023078A0F116
:108630003003092B09D807EB870302EB4303C71864
:10864000761CF3E759F8047B761C30786C280FD041
:1086500006DC4C2817D068280DD06A2814D104E015
:10866000742810D07A280FD10DE044F400140AE0E9
:1086700044F4801401E044F440147278824202D140
:1086800004F58014761C761C307866280BD013DC39
:10869000582877D009DC002875D04528F6D0462820
:1086A000F4D047281AD19DE118E0632835D064281A
:1086B00079D0652812D195E1702873D008DC67283D
:1086C000F1D069286FD06E280DD06F2806D1B5E0A3
:1086D00073282CD0752875D0782874D05A461799ED
:1086E00090476D1C75E1C4F30250022809D003289D
:1086F0000DD0D9F8001004280DD00D6009F104093F
:1087000067E1D9F80010EA17C1E90052F6E7D9F895
:1087100000100D80F2E70D70F0E719F8041B8DF8DA
:10872000001000208DF80100EA46012003E059F80E
:1087300004AB4FF0FF3061074FF0000102D40DE0B1
:1087400008F101018846B9420FDA8045F8DB1AF8D2
:1087500008100029F4D108E008F10101884681429F
:10876000FADB1AF808100029F6D105985B46A0EB51
:10877000080721463846179A00F094FA284400EB7F
:10878000080507E04DE029E10DE01AF8010B5A4613
:1087900017999047B8F10108F7D25B462146384651
:1087A000179A13E142E00A220092C4F302524FF0FA
:1087B000000A022A08D059F804CB032A4FEAEC71C8
:1087C0000AD00DE029E02AE009F1070121F00702B3
:1087D000F2E802C1914609E00FFA8CFC4FEAEC7115
:1087E000042A03D14FFA8CFC4FEAEC71002907DA16
:1087F0000A460021DCF1000C61EB02012D2202E0AF
:10880000220504D52B228DF80420012203E0E20783
:1088100001D02022F7E7904659E00A2102E0102219
:108820000DE010214FF0000A00910BE010224FF0F4
:10883000000A44F004040827009203E008224FF0E5
:10884000000A0092C4F30252022A05D059F804CB60
:108850000021032A08D009E009F1070121F00702ED
:10886000F2E802C1914605E01FFA8CFC042A01D10E
:108870000CF0FF0C4FF00008220728D5702806D016
:10888000009B83F0100353EA0A0305D00EE0402258
:108890008DF80420012208E05CEA010206D03022B3
:1088A0008DF804208DF8050002229046009B83F08D
:1088B000080353EA0A030AD15CEA010201D1620704
:1088C00005D530228DF804204FF001087F1E58286E
:1088D00004D034A003900EA802900DE036A0F9E772
:1088E00053466046009AFFF743F884460398825C3B
:1088F0000298401E029002705CEA0100F0D10298DA
:1089000006A9081A00F1200A600702D524F4803471
:1089100000E00127574502DDA7EB0A0000E0002038
:1089200000EB0A01009005984144401A0590E003CD
:1089300006D45B462146179A059800F0B3F9054422
:10894000002706E001A85A46C05D179990476D1CA4
:108950007F1C4745F6DBE0030CD55B462146179AA2
:10896000059800F09FF9054404E030205A46179915
:1089700090476D1C0099481E00900029F5DC08E026
:10898000029802995A460078491C0291179990471B
:108990006D1CBAF10001AAF1010AF1DC65E10000E9
:1089A00009280100303132333435363738396162C5
:1089B0006364656600000000303132333435363789
:1089C00038394142434445460000000000F058F960
:1089D0000544761C307800287FF4ECAD19B02846A9
:1089E000BDE8F08F620700D4062709F1070222F0E4
:1089F000070CFCE80223E14603F000485FEA080C9C
:108A000002D00FF2702C0DE05FEA045C02D50FF289
:108A1000682C07E05FEAC47C02D00FF2602C01E012
:108A2000AFF2700C4FF0FF3823F00043CDF850C088
:108A300065280CD006DC452809D046281DD04728DB
:108A40003DD13DE0662818D067287ED138E000216E
:108A5000112F01DB112000E0781CCDE9000106A9EF
:108A60000EA8FFF7DDFCDDE90F010E9A039100214E
:108A7000009207F1010A04914DE04FF00040009789
:108A8000CDE9011006A90EA8FFF7CAFCDDE90F0227
:108A900003920E9B11990022DDF80CA00093049222
:108AA00011B9791C00EB010AB7EB0A0004D4C0F13C
:108AB000FF3007F1010A0490AAEB0700019044E09F
:108AC000012F00DA01270021112F01DD112000E024
:108AD0003846CDE9000106A90EA8FFF7A1FCDDE9A3
:108AE0000F010E9A0391002104910092BA462107CA
:108AF0000CD40399514500DA8A46BAF1010F05DD1D
:108B0000009AAAF10101515C302908D0B84202DA7A
:108B100010F1040F06DA0121CDE9011015E0AAF1E8
:108B20000101E9E7002805DC049901440491AAEB5E
:108B3000000102E0411C514500DD8A460499401ABB
:108B4000401C01904FF000400290200704D401988F
:108B5000504501DBCDF8048000208DF84F000298CD
:108B60000DF14F07B0F1004F25D02B200E90029849
:108B70004FF0020800280CDA404202902D200E909F
:108B800007E00A210298FEF7DDFE3031029007F877
:108B9000011DB8F10001A8F10108F2DC02980028DB
:108BA000EFD1791E0E980870307800F0200040F068
:108BB000450007F8020D12A8C01B00F10708149821
:108BC000007800B1012000EB0A01019801EBE0718F
:108BD00005984144401A401E0590E00306D45B46C8
:108BE0002146179A059800F05DF80544149800781E
:108BF00018B15A46179990476D1CE00324D55B467F
:108C00002146179A059800F04DF805441CE0049899
:108C1000002807DBDDE90301884203DD0098405CA2
:108C2000179901E0179930205A469047049805F1AA
:108C30000105401C04900198401E019004D12E2093
:108C40005A46179990476D1CBAF10001AAF1010A22
:108C5000DDDC05E017F8010B5A46179990476D1CAB
:108C6000B8F10001A8F10108F4DC5B462146179A2F
:108C70000598ABE62D0000002B000000200000004E
:108C80002DE9F041044600251E461746880404D409
:108C900005E039462020B0476D1C641EF9D52846F2
:108CA000BDE8F0812DE9F041044600251E469046BE
:108CB000C80301D5302700E02027880404D505E04B
:108CC00041463846B0476D1C641EF9D52846BDE8BC
:108CD000F0810A68531C0B60107070472DE9F04D4D
:108CE0008D4F21F0004A86B005460C46BA452ADB76
:108CF000AAEB070028430AD08848824501DC1AD134
:108D0000CDB106B02846BDE8F04DFFF75FBB844A01
:108D1000844B2846FEF78DFC07460E46824A834B5D
:108D200028462146FEF785FC06B03A463346BDE8A4
:108D3000F04DFEF7D7BB0120FFF76CFB06B0BDE896
:108D4000F04DFFF748BB7A48824542DABAF1795FC5
:108D50000BDA2846FFF718F8042808BFFFF742FB94
:108D6000284606B02146BDE8F08D2A460B4610463F
:108D7000FEF75FFC834602466E480E460B46062110
:108D80007844FFF757FA5A463346FEF752FC8046BE
:108D900069488A465A46334604217844FFF74AFA1E
:108DA0005A463346FEF745FC00223B46FEF79AFB47
:108DB00002460B4640465146FEF7ADFC2A46234686
:108DC000FEF737FC06B02A462346BDE8F04DFEF715
:108DD00089BB284624F0004100223D463B46FEF771
:108DE00025FC4FF0FF32FEF7A9FE06460246534827
:108DF0000F460B4606217844FFF71CFA32463B46E5
:108E0000FEF717FCCDE900014D4832463B460421F0
:108E10007844FFF70FFA32463B46FEF70AFC002281
:108E20002B46FEF75FFB834602913046394600F041
:108E3000FBFA804643480D46504517DCDDE900014A
:108E40005A46029BFEF767FC42462B46FEF7F1FBB3
:108E500042462B46FEF746FB0122FEF76FFE304AE4
:108E6000304BFEF7E0FB304A304B4CE04FF0000A4D
:108E700052460B464046FEF735FBCDE903105246FD
:108E80002B4610461946FEF7D4FB32463B46FEF70A
:108E9000CDFBDDE90332FEF73EFC06460F46DDE979
:108EA00000015A46029BFEF736FC834600910122E0
:108EB00030463946FEF742FE194A1A4BFEF7B6FB1A
:108EC00006460F46012240462946FEF737FE5A461F
:108ED000009BFEF7AEFB32463B46FEF7A4FB064680
:108EE0000F46012250462946FEF728FE0E4DDFF8B8
:108EF00058802A464346FEF799FB32463B46FEF72A
:108F000095FB2A464346FEF791FB002CD8BF81F023
:108F1000004106B0BDE8F08D0000F03F0000F07F9A
:108F2000075C143326A6913C182D4454FB21F93FCD
:108F30000000E03F5C13000072130000E612000026
:108F4000FC1200003333EF3FFB21E93F2DE9F84FDE
:108F500004460D4621F0004000917349814211DC26
:108F60007249884201DC06D12CB120462946BDE871
:108F7000F84FFFF72BBA6E48002DCCBF6D496E49F4
:108F8000BDE8F88F6D49814211DD6D498142D8BF3E
:108F90004FF0FF366DDD20462946FEF7F5FE04282A
:108FA00008BFFFF71FFA20462946BDE8F88F65493C
:108FB000654F25F00045814233DD6449814219DD6A
:108FC000002632464FF0804320462946FEF78AFAB3
:108FD00080468A46012220462946FEF7AFFD002240
:108FE0003B46FEF720FB42465346FEF794FB044601
:108FF0000D463EE001260022BA463B462046294661
:10900000FEF770FA80460F46002253462046294656
:10901000FEF709FB42463B46FEF77DFB04460D4644
:1090200027E04B4981421BDDDFF828A10226002200
:10903000534620462946FEF7FCFA00223B46FEF73F
:1090400051FA80460F460022534620462946FEF735
:10905000EAFA42463B46FEF75EFB04460D4608E050
:10906000032622462B4600203B49FEF754FB0446CC
:109070000D4622462B4610461946FEF7DAFA8B4675
:10908000824602460B46FEF7D4FA074602463348AC
:1090900088460B4606217844FFF7CCF852465B46DB
:1090A000FEF7C7FA82462E488B463A4643460521CC
:1090B0007844FFF7BFF83A464346FEF7BAFA02464D
:1090C0000B46002E504659460CDAFEF70BFA2246A4
:1090D0002B46FEF7AEFA01B022462B46BDE8F04F14
:1090E000FEF7A4BAFEF7FEF922462B46FEF7A1FAD8
:1090F0001C4A7A4402EBC603D3E90023FEF793FA35
:1091000022462B46FEF78FFA174A7A4402EBC60333
:10911000D3E90023FEF78AFA009A002AB8BF81F04B
:109120000041BDE8F88F0000000010440000F07F0F
:10913000182D4454FB21F93FFB21F9BF0000DC3F0F
:109140000000203E0000F33F0000F03F0000E63F3B
:10915000008003400000F83F0000F0BFFE10000058
:10916000BC1000005A100000221000002DE9F04D44
:109170009446CCF1000423F000464CEA0404524F1C
:1091800046EAD4749A46884621F00042BC4206D88A
:10919000454240EA050442EAD474BC4204D9BDE821
:1091A000F04D6246FFF715B9AAF14055A5F17F656C
:1091B00055EA0C040BD0022404EAAA74434DDFF8EC
:1091C00010E144EAD87452EA000B04D00CE0BDE888
:1091D000F04DFFF7BBBE002C14BF012CBDE8F08D95
:1091E000022C30D0032C32D056EA0C0B0AD0BE42EF
:1091F00020D1BA4209D126F0804622F0804233467F
:10920000114617E000291ADB25E0DFF8C8B0FB445F
:10921000002C04BFDBE90001BDE8F08D012C02BF8A
:10922000DBE9000181F00041BDE8F08D022C0AD09D
:10923000032C0CD0BA4212D1B8F1000F0BDA23483C
:109240002549BDE8F08D28462449BDE8F08D284623
:109250007146BDE8F08D1D482149BDE8F08D921B97
:1092600012153C2AC4BF19481D490EDCBAF1000F83
:10927000BEBF12F13C0F0020014606DB6246FEF73E
:109280004AFA21F00041FFF761FE002C08BFBDE85B
:10929000F08D012C04BF81F00041BDE8F08D114A32
:1092A000114B022C07D0FEF7BEF92A46BDE8F04D5F
:1092B0000A4BFEF7B8B9FEF7B6F92A46BDE8F04DFD
:1092C000064BFEF7B3B900000000F07F182D4454A0
:1092D000FB2109C0E60F0000FB21F9BFFB2109407B
:1092E000FB21F93F075C143326A6A13C00B5244BB3
:1092F00021F0004287B09A42DCBF0022134629DDEC
:10930000204B9A4208D140B94FF00100FFF782F894
:10931000FFF761F807B000BD03DBFFF757F807B0B0
:1093200000BD02AAFEF744FD10F0030104BF0DF1D9
:10933000080C9CE80F000DD0012001290ED0022955
:1093400014D00DF1080C00909CE80F00FEF7C8FF48
:1093500007B000BDFEF7F0FE07B000BD0DF1080C30
:1093600000909CE80F00FEF7BBFF05E00DF1080C34
:109370009CE80F00FEF7E0FE07B081F0004100BD61
:10938000FB21E93F0000F07F00B5254B21F00042B2
:1093900087B09A4203DC0022134600922BE0214B57
:1093A0009A4208D140B94FF00100FFF733F8FFF7B8
:1093B00012F807B000BD03DBFFF708F807B000BDE7
:1093C00002AAFEF7F5FC10F003014FF001000DD0EA
:1093D000012914D002291AD00DF1080C9CE80F00C5
:1093E000FEF7AAFE07B081F0004100BD0DF1080CA8
:1093F00000909CE80F00FEF773FF07B000BD0DF171
:10940000080C9CE80F00FEF797FE07B000BD0DF1B9
:10941000080C00909CE80F00FEF762FFE2E70000F6
:10942000FB21E93F0000F07F2DE9F04106460F46A1
:10943000FEF7EEFB041E0D4618BF0120284320F066
:109440000040C0F17F6000F1E040C00F0ED0301C42
:1094500018BF0120384320F00040C0F17F6000F1C8
:10946000E040C00F04BF0120FEF7D4FF204629468C
:10947000BDE8F081000000009A99999999E9674048
:10948000E17A14AE47E1CA3F00000000000020402E
:109490009A9999999999D93F6800000476005401E6
:1094A000F7FD000175191A0C6A231B1C1F2072742A
:1094B000433B4138393A6B6C376F06246D6E700050
:1094C00083000000000800000001001832000500C1
:1094D000000020410000D242295C0F3E9A99993E3B
:1094E0003333733F295C0F3E0000700000000024FE
:1094F000000000020003000000650054FFEF0000C0
:10950000FA80000B12820001030C30C30E8C8CE930
:1095100014D5400213710F8E3883F8833000F8831E
:10952000258EF8833000F883FFFFFFFF0FFEA9D6DA
:10953000240004001A8279A10000003CFFFF000013
:109540000010000038836FA2003E0330400000008E
:1095500002CAE3093E800000200000000000000075
:109560004000000060000000000C0000000C186EBD
:10957000000006920A16C0DFFFFF0256FD8CD3776B
:10958000FFE1C496E0C5BEAA00000000FFFF0B2B60
:1095900000001657000003594000000000001DFAAB
:1095A00000026C1D000000003FFFDFEB003EB3B681
:1095B000000D227800002F3C00000000001942B589
:1095C000000039A20000B365D90E9FC91DCF4C34ED
:1095D00030000000500000003BB67AE80064000054
:1095E00000C8000000000000100000001000FA9207
:1095F0001000225E000D229F0001000000320000DA
:10960000FF46000063D400001000000004D60000F4
:1096100004CC000004CC00000000107200000040E8
:109620000000000000000000000600020005000726
:1096300000000000006400000000000000000005C1
:109640000005006400200000000000000000000091
:10965000000040000000030000000032F898000005
:10966000FF650000830F0000FF9BFC00000000006E
:1096700000000000000000000000000000000000EA
:1096800000000000000000000000000000000000DA
:109690000000000000001000400000000000000674
:1096A0000000B26A000200000001FB8300680000B5
:1096B00000D9FC007CF1FF83000000000065000081
:1096C000006403E80064002800000025000000009A
:1096D00016A000000000100000001000002F000085
:1096E000000001F40000100000280000FFFF458189
:1096F000FFFFFA72000000000000000000440005B7
:109700000005BAC6004778A2000000010000000072
:1097100000000600000000140000254D002F706DB1
:10972000000005AE000C02D00000000000000000A8
:109730000000000000000000001B0000000000000E
:1097400000000000000000000064000000080000AD
:109750000000000000000000000000000000000009
:1097600000000000000000000000000000000000F9
:1097700000000000000000000000000000000000E9
:1097800000000000000000000000000000000000D9
:1097900000000000000000000000000000000000C9
:1097A0000000000000000000001B0000000000009E
:1097B00000000000000E000E00000AC700040000B8
:1097C00000000032FFFFFF9C00000B2B0000000296
:1097D0000000000100000064FFE500000000000040
:1097E0000000000000000000000000010000000078
:1097F0000001000000000000000180000001800066
:1098000000018000002426D30000000000000000BA
:10981000000600100096003C000000000000000060
:1098200000000000000000000C0A4E68CDCF770950
:1098300050166759C619CE820000000000000000D3
:109840000000000000000000000000000000000018
:1098500017D7840003000000000000000000000093
:10986000C7938F9D1E1B1C19000000000000000004
:1098700000000000000000000000000000000000E8
:1098800002031885000040000000000300000003F0
:109890000000000000000000400000000000000088
:1098A00000000000000000000000000000000000B8
:1098B00000000000000000000000000000000000A8
:1098C000000000000000000000000000677DDF7E57
:1098D00072902E554CF6E688000000000000000053
:1098E0000000000000000000D8DCB4B8B0D8B9AB6C
:1098F000F3F8FAB3B7BB8E9EAEF132F51BF1B4B8F4
:10990000B08097F1A9DFDFDFAADFDFDFF2AAC5CDE4
:10991000C7A90CC92C97F1A989264666B28999A9CD
:109920002D557DB0B08AA896365676F1BAA3B4B25A
:1099300080C0B8A89711B28398BAA3F02408441045
:109940006418B2B9B49883F1A329557DBAB5B1A30F
:109950008393F0002850F5B2B6AA839328547CF183
:10996000B9A3829361BAA2DADEDFDB819AB9AEF5E0
:10997000606870F1DABAA2DFD9BAA2FAB9A382920A
:10998000DB31BAA2D9BAA2F8DF85A4D0C1BBAD83BE
:10999000C2C5C7B8A2DFDFDFBAA0DFDFDFD8D8F1EA
:1099A000B8AAB38DB4980D355DB2B6BAAF8C96191E
:1099B0008F9FA70E161EB49AB8AA872C547CBAA4FF
:1099C000B08AB691325676B28494A4C808CDD8B87D
:1099D000B4B0F19982A82D557D98A80E161EA22C20
:1099E000547C92A4F02C5078F184A898C4CDFCD873
:1099F0000DDBA8FC2DF3D9BAA6F8DABAA6DED8BAE0
:109A0000B2B68696A6D0F3C841DAA6C8F8D8B0B4E4
:109A1000B882A892F52C548898F135D9F418D8F169
:109A2000A2D0F8F9A884D9C7DFF8F883C5DADF69CE
:109A3000DF83C1D8F40114F1A8824EA884F311D1B8
:109A400082F5D992289788F109F41C1CD884A8F3D0
:109A5000C0F9D1D99782F129F40DD8F3F9F9D1D908
:109A600082F4C203D8DEDF1AD8F1A2FAF9A88498EA
:109A7000D9C7DFF8F8F883C7DADF69DFF883C3D81E
:109A8000F40114F198A8822EA884F311D182F5D99B
:109A900092509788F109F41CD884A8F3C0F8F9D142
:109AA000D99782F149F40DD8F3F9F9D1D982F4C4E8
:109AB00003D8DEDFD8F1AD8898CCA809F9D9829215
:109AC000A8F57CF1883ACF944A6E98DB6931DAAD1B
:109AD000F2DEF9D88795A8F221D1DAA5F9F417D9E1
:109AE000F1AE8ED0C0C3AE82C684C3A88595C8A58A
:109AF00088F2C0F1F4010EF18E9EA8C63E56F554D0
:109B0000F18872F40115F19845856EF58E9E0488F2
:109B1000F142985A8E9E068869F4011CF1981E1134
:109B200008D0F504F11E970202983625DBF9D98595
:109B3000A5F3C1DA85A5F3DFD88595A8F309DAA5E1
:109B4000FAD88292A8F578F1881A849F26889821FD
:109B5000DAF41DF3D8879F39D1AFD9DFDFFBF9F4F1
:109B60000CF3D8FAD0F8DAF9F9D0DFD9F9D8F40B38
:109B7000D8F3879F39D1AFD9DFDFF41DF3D8FAFCD2
:109B8000A869F9F9AFD0DADEFAD9F88F9FA8F1CC3D
:109B9000F398DB45D9AFDFD0F8D8F18F9FA8CAF38F
:109BA0008809DAAF8FCBF8D8F2AD978D0CD9A5DF45
:109BB000F9BAA6F3FAF412F2D8950DD1D9BAA6F3F0
:109BC000FADAA5F2C1BAA6F3DFD8F1BAB2B6869630
:109BD000A6D0CAF349DAA6CBF8D8B0B4B8D8AD84C9
:109BE000F2C0DFF18FCBC3A8B2B68696C8C1CBC393
:109BF000F3B0B48898A821DB718D9D71859521D92A
:109C0000ADF2FAD88597A828D9F408D8F28D29DAC8
:109C1000F405D9F285A4C2F2D8A88D9401D1D9F463
:109C200011F2D88721D8F40AD8F28498A8C801D1B3
:109C3000D9F411D8F3A4C8BBAFD0F2DEF8F8F8F825
:109C4000F8F8F8F8D8F1B8F6B5B9B08A95A3DE3CC3
:109C5000A3D9F8D85CA3D9F8D87CA3D9F8D8F8F957
:109C6000D1A5D9DFDAFAD8B18530F7D9DED8F83006
:109C7000ADDADED8F2B48C99A32D557DA083DFDF59
:109C8000DFB591A0F629D9FBD8A0FC29D9FAD8A034
:109C9000D051D9F8D8FC51D9F9D879D9FBD8A0D06E
:109CA000FC79D9FAD8A1F9F9F9F9F9A0DADFDFDFFF
:109CB000D8A1F8F8F8F8F8ACDEF8ADDE8393AC2C58
:109CC000547CF1A8DFDFDFF69D2CDAA0DFD9FADBC8
:109CD0002DF8D8A850DAA0D0DED9D0F8F8F8DB55A6
:109CE000F8D8A878DAA0D0DFD9D0FAF8F8F8F8DBFD
:109CF0007DF8D89CA88CF530DB38D9D0DEDFA0D039
:109D0000DEDFD8A848DB58D9DFD0DEA0DFD0DED830
:109D1000A868DB70D9DFDFA0DFDFD8F1A888902C3E
:109D2000547C98A8D05C38D1DAF2AE8CDFF9D8B088
:109D300087A8C1C1B188A8C6F9F9DA36D8A8F9DA76
:109D400036D8A8F9DA36D8A8F9DA36D8A8F9DA3642
:109D5000D8F78D9DADF818DAF2AEDFD8F7ADFA304E
:109D6000D9A4DEF9D8F2AEDEFAF983A7D9C3C5C704
:109D7000F1889BA77AADF7DEDFA4F8849408A79753
:109D8000F300AEF29819A488C6A39488F632DFF2E5
:109D90008393DB09D9F2AADFD8D8AEF8F9D1DAF388
:109DA000A4DEA7F1889B7AD8F38494AE19F9DAAAD5
:109DB000F1DFD8A881C0C3C5C7A39283F628ADDE62
:109DC000D9F8D8A350ADD9F8D8A378ADD9F8D8F838
:109DD000F9D1A1DADEC3C5C7D8A18194F818F2B0D1
:109DE00089ACC3C5C7F1D8B8B4B09786A8319B0673
:109DF0009907AB9728889BF00C201440B0B4B8F0BA
:109E0000A88A9A285078B79BA82951792470594478
:109E10006938644831F1BBAB88002C547CF0B38BBB
:109E2000B8A804285078F1B088B49726A85998BBF0
:109E3000ABB38B02264666B0B8F08A9CA82951794C
:109E40008B2951798A2470598B2058718A4469383A
:109E50008B3940688A6448318B30496088F1AC00A6
:109E60002C547CF08CA804285078F1889726A859A7
:109E700098AC8C02264666F0899CA82951792470FA
:109E800059446938644831A98809205970AB1138A0
:109E90004069A8193148608CA83C415C207C00F1E5
:109EA00087981986A86E767EA999882D557DD8B198
:109EB000B5B9A3DFDFDFAED0DFAAD0DEF2ABF8F9B1
:109EC000D9B087C4AAF1DFDFBBAFDFDFB9D8B1F10A
:109ED000A3978E60DFB084F2C8F8F9D9DED89385F5
:109EE000F14AB183A308B5839A0810B79F10D8F13F
:109EF000B0BAAEB08AC2B2B68E9EF1FBD9F41DD80C
:109F0000F9D90CF1D8F8F8AD61D9AEFBD8F40CF161
:109F1000D8F8F8AD19D9AEFBDFD8F416F1D8F8AD02
:109F20008D61D9F4F4ACF59C9C8DDF2BBAB6AEFAFA
:109F3000F8F40BD8F1AED0F8AD51DAAEFAF8F1D8AA
:109F4000B9B1B6A3839C08B9B1839AB5AAC0FD3054
:109F500083B79F10B58B93F20202D1ABDADED8F152
:109F6000B080BAABC0C3B284C1C3D8B1B9F38BA3BC
:109F700091B609B4D9ABDEB0879CB9A3DDF1B38B40
:109F80008B8B8B8BB087A3A3A3A3B28BB69BF2A3BF
:109F9000A3A3A3A3A3A3A3A3A3F1B087B59AA3F3F9
:109FA0009BA3A3DCBAACDFB9A3A3A3A3A3A3A3A3DE
:109FB000A3A3A3A3A3A3A3A3D8D8D8BBB3B7F1AA41
:109FC000F9DAFFD9809AAA28B48098A720B7978792
:109FD000A86688F07951F1902C870CA7819762933D
:109FE000F071716085940129517990A5F1284C6C2C
:109FF000870C95188578A38390284C6C886CD8F3CF
:10A00000A28200F210A8921980A2F2D926D8F18873
:10A01000A84DD948D896A83980D93CD89580A83978
:10A02000A68698D92CDA87A72CD8A8899519A98053
:10A03000D938D8A88939A980DA3CD8A82EA839906F
:10A04000D90CD8A8953198D90CD8A809D9FFD8012E
:10A05000DAFFD89539A9DA26FFD890A80D8999A8F2
:10A0600010809821DA2ED88999A83180DA2ED8A8C4
:10A0700086963180DA2ED8A8873180DA2ED8A88249
:10A0800092F34180F1D92ED8A882F31980F1D92E0C
:10A09000D882ACF3C0A28022F1A62EA72EA92298C6
:10A0A000A829DAACDEFFD8A2F22AF1A92E8292A862
:10A0B000F23180A696F1D900AC8C9C0C30ACDED08D
:10A0C000DEFFD88C9CACD010ACDE8092A2F24C8229
:10A0D000A8F1CAF235F19688A6D900D8F1FF0000A0
:10A0E000555555555555C53F7D6FEB0312D6D4BF19
:10A0F0005544880E55C1C93F3B8F68B52882A4BF1F
:10A1000088B20175E0EF493F09F7FD0DE13D023FDF
:10A110004B2D8A1C273A03C0C88A599CE52A004067
:10A1200059018D1B6C06E6BF82922EB1C5B8B33FB4
:10A130004FBB610567ACDD3F182D4454FB21E93F5F
:10A140009BF681D20B73EF3F182D4454FB21F93F4E
:10A15000E2652F227F2B7A3C075C143326A6813CD4
:10A16000BDCBF07A8807703C075C143326A6913C7F
:10A17000C4EB98999999C9BF711623FEC671BCBFEB
:10A180006D9A74AFF2B0B3BF9AFDDE522DDEADBF53
:10A190002F6C6A2C44B4A2BF0D5555555555D53F6B
:10A1A000FF8300922449C23F6E204CC5CD45B73F86
:10A1B000513DD0A0660DB13FEB0D76244B7BA93FFE
:10A1C00011DA22E33AAD903F4C5555555555A53F10
:10A1D0007751C1166CC156BF9015CB19A001FA3E3C
:10A1E000AD529C804F7E92BEC4B1B4BD9EEE213E66
:10A1F000D43888BEE9FAA8BD0000000000000000C5
:10A2000000004054FB21F93F3163621A61B4D03D34
:10A210000000601A61B4D03D7370032E8A19A33B0D
:10A220000000002E8A19A33BC14920259A837B395F
:10A2300000000000000000006E83F9A22915444EC2
:10A24000D15727FCC0DD34F5999562DB4190433C42
:10A25000AB6351FE61C5BBDE3A6E24B7E0D24D421E
:10A26000EA2E49061C92D1091CEB1DFE3EA729B11E
:10A27000F53582E88444BB2E26709CE9417E5FB4AC
:10A2800039D69139F43953838B5F849C3B28F9BDCF
:10A29000FF97F81F0F9805DE8B112FEF1F6D0A5ADD
:10A2A000CF7E366DB709CB27663F464F2DEA5F9EBE
:10A2B000C7BA27757BF1E5EBF739073DEA92528A79
:10A2C000B15FFB6B085D8D1FA6F810111111813F66
:10A2D000D561C119A0012ABF7DFEB157E31DC73E5C
:10A2E000EB9C2B8AE6E55ABE7CD5CF5A3AD9E53DA0
:10A2F0002050726F647563742049442072656164F4
:10A30000206173203020696E646963617465732015
:10A310006465766963652069732065697468657230
:10A3200020696E636F6D70617469626C65206F7215
:10A3300020616E204D5055333035302E0A0000001C
:10A3400060A3000800000020BC0100000A7D000896
:10A35000C0A30008BC01002084050000048400089C
:10A36000412D01020304041009060708090204062E
:10A370000884A24A04691832FF2904520103468066
:10A380003F032C40413009CD4C3F433D0A573E2D01
:10A3900041CDCCCC08016503168813232003300976
:10A3A0006F12833AA69B443B07293F0AD7A33B0180
:10A3B000EB803F0C13A4941B08980401205AC0247E
:04000005080000ED02
:00000001FF
