:020000040800F2
:10000000A0070020B14E0008793200087B320008BA
:100010007F320008833200088732000800000000A9
:100020000000000000000000000000008B3200080B
:100030008D320008000000008F3200089132000865
:10004000CB4E0008CB4E0008CB4E0008CB4E00082C
:10005000CB4E0008CB4E0008CB4E00086B4D00087D
:10006000CB4E0008CB4E0008CB4E0008CB4E00080C
:10007000CB4E0008CB4E0008CB4E0008CB4E0008FC
:10008000CB4E0008CB4E0008CB4E0008CB4E0008EC
:10009000CB4E0008CB4E0008CB4E0008CB4E0008DC
:1000A000CB4E0008CD4C0008CB4E0008CB4E0008CC
:1000B000CB4E00082529000835290008CB4E000842
:1000C000CB4E0008CB4E0008CB4E0008CB4E0008AC
:1000D000CB4E0008CB4E0008CB4E0008CB4E00089C
:1000E000CB4E0008CB4E0008CB4E0008DFF80CD0FA
:1000F00008F04AFA0048004781260008A0070020BF
:1001000031490143314A1160704770B50021002325
:100110000F22C47804B32D4C246804F4E064C4F5C1
:10012000E064210AC1F10403CA40447804FA03F1EF
:100130008478144021430901254C0678A1550478A0
:1001400004F01F050124AC4005786D11AD0005F1E8
:10015000E025C5F8004109E0047804F01F050124FA
:10016000AC401C4D0678761145F8264070BD1A4A01
:100170000A400243154B1B1F1A60704739B1134ADE
:10018000121D12680243114B1B1D1A6006E00F4A34
:10019000121D126882430D4B1B1D1A607047042804
:1001A00008D14FF0E021096941F004014FF0E0224D
:1001B000116107E04FF0E021096921F004014FF0DF
:1001C000E0221161704700000000FA050CED00E02C
:1001D00000E400E080E100E080FFFF1F00204449D0
:1001E0000860091D0860091D0860091D0860414874
:1001F0003F4914310860704700213D498279002A47
:100200003AD00A46126803689A430B461A600A1DE0
:10021000126803689A430B1D1A60027911440A6838
:1002200003681A430A60324A0832126803689A4324
:100230002F4B08331A601A1D126803689A432C4B1F
:100240000C331A604279102A0ED11A1F1268036803
:100250001A43274B08331A601A1D126803681A43A1
:10026000234B0C331A600DE02149427911440A688E
:1002700003681A430A6005E0027911440A680368BA
:100280009A430A6070470021016001710C2141719D
:100290000021817170471649103109680143144AE1
:1002A00010321160704701460020114A1432126862
:1002B0000A400AB1012000E0002070470C491431C7
:1002C00008607047014600200022094B1B6803EAC2
:1002D0000102074B14331B680B4013B10AB1012014
:1002E00000E00020704702491431086070470000A8
:1002F00000040140FFFF0F0010B50446CC488442C3
:1003000008D10121042000F02DFB0021042000F081
:1003100029FB46E0C748844208D10121082000F0AB
:1003200021FB0021082000F01DFB3AE0C248844276
:1003300008D10121102000F015FB0021102000F051
:1003400011FB2EE0BD48844208D10121202000F09D
:1003500009FB0021202000F005FB22E0B848844280
:1003600008D10121402000F0FDFA0021402000F0DA
:10037000F9FA16E0B348844208D10121802000F048
:10038000F1FA0021802000F0EDFA0AE0AE48844244
:1003900007D10121801500F0E5FA0021A01500F039
:1003A000E1FA10BD10B50121084600F0DBFA00218A
:1003B000012000F0D7FA10BD2DE9F04102460025DA
:1003C0000026002000230024002791F803C00CF031
:1003D0000F0591F803C00CF0100CBCF1000F03D016
:1003E00091F802C04CEA050591F800C0BCF1000F7D
:1003F00031D0146800202BE04FF0010C0CFA00F310
:10040000B1F800C00CEA03069E4220D183004FF0F1
:100410000F0C0CFA03F7BC4305FA03FC4CEA040486
:1004200091F803C0BCF1280F06D14FF0010C0CFA73
:1004300000FCC2F814C00AE091F803C0BCF1480FF8
:1004400005D14FF0010C0CFA00FCC2F810C0401CA2
:100450000828D1D31460B1F800C0BCF1FF0F34DD1F
:10046000546800202EE000F1080C4FF0010808FA53
:100470000CF3B1F800C00CEA03069E4221D18300C0
:100480004FF00F0C0CFA03F7BC4305FA03FC4CEADF
:10049000040491F803C0BCF1280F05D100F1080C49
:1004A00008FA0CF8C2F8148091F803C0BCF1480FA8
:1004B00007D100F1080C4FF0010808FA0CF8C2F857
:1004C0001080401C0828CED35460BDE8F0814FF660
:1004D000FF710180022181700421C17070470246C2
:1004E000002093680B400BB1012000E00020704712
:1004F0000146886880B2704702460020D3680B40EE
:100500000BB1012000E0002070470146C86880B2AE
:10051000704701617047416170470AB1016100E0B5
:1005200041617047C16070474FF480320A43826175
:100530008161826182698269704702460020434B73
:1005400018684FF68073184040EA021008433F4B8A
:10055000186070473E49C8617047F0B50A460023ED
:1005600000240021002500F00046B6F1004F02D122
:10057000364EF16901E0354E7168C0F3034583B230
:1005800000F44016B6F5401F08D121F070612F4EDF
:10059000766826F070662D4F7E6012E000F48016BB
:1005A000B6F5801F06D1032606FA05F4A14341F0F3
:1005B000706106E0460D360103FA06F6B14341F0DC
:1005C000706122B1460D360103FA06F6314300F0A0
:1005D0000046B6F1004F02D11C4EF16101E01B4E06
:1005E0007160F0BD30B500228B071C0F0F2303FA9A
:1005F00004F2164B08338C1053F824309343134CF9
:1006000008348D1044F8253023468C1053F82430DC
:100610008C07240F00FA04F423430C4C08348D108B
:1006200044F8253030BD0A49DC31086070470000CD
:1006300000080140000C014000100140001401407E
:1006400000180140001C0140002001400000014052
:1006500000002042DF48006840F00100DD490860EA
:1006600008464068DC490840DA49486008460068A6
:10067000DA490840D74908600846006820F480201D
:1006800008600846406820F4FE0048604FF41F00F0
:1006900088607047CF49096821F48031CD4A1160E4
:1006A0001146096821F480211160B0F5803F03D024
:1006B000B0F5802F0ED106E0C649096841F48031BB
:1006C000C44A116007E0C349096841F4A021C14A46
:1006D000116000E000BF00BF704710B50146002266
:1006E000002300204A11012A02D1BA4C236806E0F7
:1006F000022A02D1B74C236A01E0B64C636A01F0CA
:100700001F02012494401C400CB1012000E0002095
:1007100010BD38B5002000900024002500BF312016
:10072000FFF7DBFF05460098401C00900098B0F5ED
:10073000A06F01D0002DF2D03120FFF7CEFF08B11D
:10074000012400E00024204638BD01460020A14AD3
:10075000106820F0F80040EAC10010607047A0491E
:1007600008607047024600209A4B586820F47C10BD
:1007700042EA01031843974B58607047984908664E
:10078000704701460020934A506820F00300084358
:10079000506070478F48406800F00C007047014679
:1007A00000208C4A506820F0F000084350607047E9
:1007B00001460020874A506820F4E06008435060FA
:1007C000704701460020834A506820F4605040EA98
:1007D000C1005060704729B17E4A527A02437D4B76
:1007E0005A7204E07B4A527A82437A4B5A727047BB
:1007F0007B49D8310860704701460020754A50682F
:1008000020F440400843506070470021714A203274
:100810001170704A82F82010012802D004280AD1F1
:1008200004E001216B4A2032117005E00521694A7C
:100830002032117000E000BF00BF704769490860B6
:1008400070476449096A0143624A11627047654909
:1008500044390860704730B500210022002400238D
:100860005C4D6D6805F00C0121B1042905D0082903
:1008700023D105E05C4D056022E05B4D05601FE083
:10088000544D6D6805F47012524D6D6805F4803456
:10089000022505EB92421CB9544D554305600BE00F
:1008A0004C4D6D6805F400351DB1504D5543056044
:1008B00002E04D4D5543056002E04B4D056000BF21
:1008C00000BF444D6D6805F0F0010909484D6B5CAF
:1008D0000568DD4045603F4D6D6805F4E061090A3B
:1008E000434D6B5C4568DD4085603A4D6D6805F4AD
:1008F0006051C90A3E4D6B5C4568DD40C560354DB1
:100900006D6805F44041890B3A4D6B5CC568B5FBD9
:10091000F3F5056130BD29B12E4A526902432D4BD2
:100920005A6104E02B4A526982432A4B5A6170474C
:1009300029B1284A92690243264B9A6104E0254A6C
:1009400092698243234B9A61704729B1214AD26947
:100950000243204BDA6104E01E4AD26982431D4BF8
:10096000DA61704729B11B4AD2680243194BDA6039
:1009700004E0184AD2688243164BDA60704729B106
:10098000144A12690243134B1A6104E0114A1269B6
:100990008243104B1A617047124940390860704712
:1009A0000F49C86470470B49C87170470948406ACD
:1009B00040F0807007494862704701460020054AB0
:1009C00092680A400AB1012000E000207047014906
:1009D00088727047001002400000FFF8FFFFF6FE2B
:1009E000000042428004424200127A0000093D00A9
:1009F000000000201000002010B50446FE4884428C
:100A000008D10121C014FFF7ADFF0021E014FFF76A
:100A1000A9FFC4E0B4F1804F08D101210846FFF7D7
:100A2000AEFF00210120FFF7AAFFB8E0F34884429F
:100A300008D101210220FFF7A2FF00210220FFF7C9
:100A40009EFFACE0EE48844208D101210420FFF76C
:100A500096FF00210420FFF792FFA0E0E9488442BE
:100A600008D101210820FFF78AFF00210820FFF7A5
:100A700086FF94E0E448844208D101211020FFF76A
:100A80007EFF00211020FFF77AFF88E0DF488442D4
:100A900008D101212020FFF772FF00212020FFF75D
:100AA0006EFF7CE0DA48844208D101214014FFF750
:100AB00059FF00216014FFF755FF70E0D5488442CC
:100AC00009D10121C804FFF74DFF00214FF4002098
:100AD000FFF748FF63E0D048844209D101210805AF
:100AE000FFF740FF00214FF48010FFF73BFF56E077
:100AF000CA48844209D101214805FFF733FF00218C
:100B00004FF40010FFF72EFF49E0C548844208D19A
:100B100001214020FFF733FF00214020FFF72FFF86
:100B20003DE0C048844208D101218020FFF727FF23
:100B300000218020FFF723FF31E0BB48844208D129
:100B400001218015FFF71BFF0021A015FFF717FFFC
:100B500025E0B648844209D101210804FFF702FFCD
:100B600000214FF48030FFF7FDFE18E0B0488442CA
:100B700009D101214804FFF7F5FE00214FF40030B0
:100B8000FFF7F0FE0BE0AB48844208D10121880456
:100B9000FFF7E8FE00214FF48020FFF7E3FE10BDD1
:100BA00000220288944B98420ED0994B98420BD069
:100BB000B0F1804F08D0914B984205D0904B9842AD
:100BC00002D0904B984204D14FF68F731A404B8855
:100BD0001A438D4B984207D08C4B984204D04FF665
:100BE000FF431A40CB881A4302808B8883850B8889
:100BF0000385814B98420BD0854B984208D08B4B94
:100C0000984205D08A4B984202D08A4B984201D133
:100C10000B7A038601238382704770B5002400227B
:100C20000023058C4FF6FE7635400584028C8388C0
:100C3000048B4FF68F752C40B51E2C400D882C432D
:100C4000751E2A400D892A434D882A436A4DA842C1
:100C50000BD06F4DA84208D0744DA84205D0744DFA
:100C6000A84202D0734DA84213D14FF6F7752A401F
:100C70004D892A434FF6FB752A408D882A434FF64B
:100C8000FF652B404FF6FF552B408D892B43CD89B7
:100C90002B4383800483CD888586028470BD70B524
:100CA000002400220023058C4FF6EF7635400584A2
:100CB000028C8388048B48F6FF752C404FF6FF4565
:100CC0002C400D884FF6FF7606EA05252C434FF69B
:100CD000DF752A400D8906EA05152A434D8806EA84
:100CE00005152A43444DA84202D0494DA8421DD1C2
:100CF0004FF67F752A404D894FF6FF7606EA0515B7
:100D00002A434FF6BF752A408D8806EA05152A4307
:100D10004FF6FF352B404FF2FF752B408D8906EAC9
:100D200085052B43CD8906EA85052B438380048303
:100D3000CD880587028470BD70B500240022002391
:100D4000058C4FF6FF6635400584028C8388848BC2
:100D50004FF68F752C404FF6FC752C400D882C43B8
:100D60004FF6FF552A400D894FF6FF7606EA052516
:100D70002A434D8806EA05252A431F4DA84202D082
:100D8000234DA8421DD14FF2FF752A404D894FF6E1
:100D9000FF7606EA05252A434FF6FF352A408D885F
:100DA00006EA05252A434EF6FF752B404DF6FF75E2
:100DB0002B408D8906EA05152B43CD8906EA0515DA
:100DC0002B4383808483CD888587028470BD70B572
:100DD000002200230024058C4EF6FF763540058462
:100DE000038C8488828B48F6FF752A404FF6FF45B6
:100DF0002A400D8820E00000002C01400004004043
:100E000000080040000C00400010004000140040AA
:100E100000340140004C01400050014000540140AA
:100E200000180040001C004000200040004001402D
:100E300000440140004801404FF6FF7606EA0525D0
:100E40002A434DF6FF752B400D8906EA05352B43E5
:100E50004D8806EA05352B43FA4DA84202D0FA4DDB
:100E6000A84208D14BF6FF752C408D894FF6FF76CE
:100E700006EA85152C4384808283CD88A0F84050F3
:100E8000038470BD828B4FF2FF331A408283828BC2
:100E90004FF6FF7303EA01231A4382837047F0B5CC
:100EA0000C461546002200210026078C4EF6FF7CDA
:100EB00007EA0C070784828B018C4FF6FF7707EA5D
:100EC000043640F6FF473A404FF6FF7707EA05271A
:100ED0003A434FF6FF7707EA03373A43D94FB84210
:100EE0000ED0D94FB8420BD0B0F1804F08D0D74FB9
:100EF000B84205D0D64FB84202D0D64FB84206D13C
:100F00004DF6FF77394046F48057394305E047F600
:100F1000FF57394044F48057394382830184F0BD40
:100F2000828B4FF6F3731A408283828B0A4382834B
:100F30007047F0B50C461546002200210026078CAC
:100F40004FF6FF6C07EA0C070784828B018C4FF683
:100F5000FF7707EA04264FF60C773A404FF6FF7703
:100F600007EA03172F433A43B64FB8420ED0B64FA5
:100F7000B8420BD0B0F1804F08D0B44FB84205D082
:100F8000B34FB84202D0B34FB84206D14FF6FF5725
:100F9000394046F48077394305E04FF2FF57394036
:100FA00044F48077394382830184F0BD028B4FF291
:100FB000FF331A400283028B4FF6FF7303EA0123CB
:100FC0001A4302837047F0B50C46154600220021F3
:100FD0000026078C4FF6EF7C07EA0C070784028B8C
:100FE000018C4FF6FF7707EA041640F6FF473A40B8
:100FF0004FF6FF7707EA03373A434FF6FF7707EAE2
:1010000005273A438F4FB8420ED08F4FB8420BD0CE
:10101000B0F1804F08D08D4FB84205D08C4FB84208
:1010200002D08C4FB84206D14FF6DF77394046F0F8
:101030001007394305E04FF65F77394044F0100759
:10104000394302830184F0BD028B4FF6F3731A40DB
:101050000283028B0A4302837047F0B50C461546A3
:1010600000220021068C4FF6FE773E400684028B5C
:10107000018C4FF60C7632407E1C06EA03162E4396
:101080003243704EB0420ED06F4EB0420BD0B0F132
:10109000804F08D06D4EB04205D06D4EB04202D0A8
:1010A0006C4EB04206D14FF6FD76314044F0010659
:1010B000314305E04FF6F576314044F00106314307
:1010C00002830184F0BD70B505460C465D4885423B
:1010D0000ED05D4885420BD0B5F1804F08D05B48FB
:1010E000854205D05A48854202D05A48854200D1EF
:1010F00000E000BF208850B92389A2886188284673
:10110000FFF7ABFFE1882846FFF79EFF25E0208828
:1011100004280AD12389A28861882846FFF753FF53
:10112000E1882846FFF742FF17E0208808280AD107
:101130002389A28861882846FFF7FBFEE1882846BC
:10114000FFF7EEFE09E02389A28861882846FFF7B1
:10115000A6FEE1882846FFF795FE70BD2DE9F04117
:1011600005460C4600260127608808B9022600E0E3
:101170000026A088012801D1022700E0012720884D
:10118000A0B92389A28861882846FFF766FFE18815
:101190002846FFF759FF23893A4631462846FFF78C
:1011A00012FFE1882846FFF701FF13E02389A28898
:1011B00061882846FFF707FFE1882846FFF7F6FE1B
:1011C00023893A4631462846FFF747FFE1882846FB
:1011D000FFF73AFFBDE8F0810A884B881A438B88F5
:1011E0001A43CB881A430B891A434B891A438B89BC
:1011F0001A43A0F8442070474FF6FF718180002108
:101200000180C180418001727047002101804180CE
:101210008180C180018141818181C181704700212C
:1012200001804180012181800021C18001817047BE
:101230000021018041808180C180018141818181C3
:1012400070470000002C01400034014000040040C1
:1012500000080040000C004021B1028842F0010269
:10126000028004E002884FF6FE731A400280704745
:1012700031B1B0F8442042F40042A0F8442005E027
:10128000B0F84420C2F30E02A0F8442070471AB10F
:1012900083890B43838102E083898B438381704779
:1012A0008182704741EA0203A0F8483070471AB1C2
:1012B00083890B43838102E083898B438381704759
:1012C00001894FF6F8721140018170470A460021EA
:1012D00001894FF68F73194011430181704730B572
:1012E00004460D4629462046FFF7F0FF208940F0CE
:1012F0000700208130BD2DE9F04104460D46164619
:101300001F46602D06D13B46012231462046FFF79D
:101310005AFE05E03B46012231462046FFF79DFE7E
:1013200029462046FFF7D2FF208940F007002081A0
:10133000BDE8F08130B50C4600210189C9B24FF6F5
:10134000FF7505EA0325154325432943018130BD77
:101350002DE9F04105460E461746984600244346BF
:101360003A4631462846FFF7E5FF2C894FF6F870DC
:10137000044044F007044FF68F70044044F07004BA
:101380002C81BDE8F081F0B504460D4616461F4697
:101390003B46324629462046FFF7CCFF208940F4E1
:1013A00080402081F0BD0185828270470A4600217D
:1013B00001884FF68F731940114301807047F0B5D3
:1013C0000C4615461E460021002200230189028B8F
:1013D000038C4FF6F877394021434FF6FC473A40EB
:1013E00040F201173A434FF6DD773B404FF6FF7767
:1013F00007EA06172F433B43018102830384F0BDB4
:101400000A460021018B4FF68F7319401143018367
:1014100070470A460021018B48F6FF7319404FF6CA
:10142000FF7303EA02231943018370470A46002130
:10143000818B4FF68F7319401143818370470A46A1
:101440000021818B48F6FF7319404FF6FF7303EAC2
:10145000022319438183704721B1028842F0800240
:10146000028004E002884FF67F731A4002807047C2
:1014700021B1828842F00402828004E082884FF623
:10148000FB731A408280704721B1828842F00802C3
:10149000828004E082884FF6F7731A40828070479A
:1014A00021B1828842F00102828004E082884FF6F6
:1014B000FE731A40828070470A460021018B4FF666
:1014C000F77319401143018370470A460021018BCD
:1014D0004FF2FF7319404FF6FF7303EA02231943DB
:1014E000018370470A460021818B4FF6F77319403C
:1014F0001143818370470A460021818B4FF2FF73AD
:1015000019404FF6FF7303EA0223194381837047A2
:101510000A460021018B4FF6FB73194011430183EA
:1015200070470A460021018B4FF6FF3319404FF6F2
:10153000FF7303EA02231943018370470A4600211F
:10154000818B4FF6FB7319401143818370470A4624
:101550000021818B4FF6FF3319404FF6FF7303EAEA
:1015600002231943818370470A460021018B4FF6FD
:101570007F7319401143018370470A460021018B94
:10158000C1F30E014FF6FF7303EA022319430183EF
:1015900070470A460021818B4FF67F731940114333
:1015A000818370470A460021818BC1F30E014FF6FB
:1015B000FF7303EA02231943818370470A4600211F
:1015C000018C4FF6FD7319401143018470470A46A0
:1015D0000021018C4FF6F7731940114301847047C5
:1015E0000A460021018C4FF6DF7319404FF6FF7356
:1015F00003EA02131943018470470A460021018C53
:101600004FF67F7319404FF6FF7303EA0213194335
:10161000018470470A460021018C4FF6FF531940A0
:101620004FF6FF7303EA02231943018470470A4609
:101630000021018C4FF2FF7319404FF6FF7303EA4C
:1016400002231943018470470A460021018C4DF69C
:10165000FF7319404FF6FF7303EA02331943018405
:10166000704730B5002301248C40A3B2048C9C4306
:101670000484048C02FA01F5ADB22C43048430BD1D
:1016800030B5002304248C40A3B2048C9C43048412
:10169000048C02FA01F5ADB22C43048430BD70B560
:1016A0000346002000241846183001258D40ACB2B6
:1016B0001D8CA5431D8409B1082909D100EB6100E7
:1016C000056825F0700505600568154305600EE0A6
:1016D0000D1FC5F34E052844056825F4E045056057
:1016E00005684FF6FF7606EA02263543056070BDB1
:1016F00021B1028842F00202028004E002884FF623
:10170000FD731A400280704721B1028842F0040242
:10171000028004E002884FF6FB731A400280704793
:1017200021B1828842F08002828004E082884FF6F4
:101730007F731A408280704702884FF6F7731A4011
:10174000028002880A430280704782884FF68F73B6
:101750001A40828082880A438280704702894FF64D
:10176000F8731A40028102890A4302817047028994
:101770004FF67F731A40028102890A430281704743
:1017800081847047818570478186704701877047E3
:1017900081877047A0F84010704702884FF6FF43DA
:1017A0001A40028002880A43028070470146888EF0
:1017B00070470146088F70470146888F7047014681
:1017C000B1F8400070470146888C70470146088D8B
:1017D000704702460020138A0B400BB1012000E045
:1017E00000207047CA430282704730B5024600208D
:1017F00000230024158A05EA0103958905EA0104FE
:1018000013B10CB1012000E0002030BDCA430282B8
:101810007047000010B50446FB48844209D10121FD
:101820008803FFF79FF800214FF48040FFF79AF8F4
:1018300032E0F648844209D101214804FFF79FF8BD
:1018400000214FF40030FFF79AF825E0F048844279
:1018500009D101218804FFF792F800214FF480207C
:10186000FFF78DF818E0EB48844209D10121C80444
:10187000FFF785F800214FF40020FFF780F80BE018
:10188000E548844208D101210805FFF778F80021D6
:101890004FF48010FFF773F810BD2DE9F04786B0C4
:1018A00005460E460024A24600BFA1460027B08987
:1018B00000B100BF2F462C8A4CF6FF700440F08820
:1018C00004432C82AC894EF6F3100440B088318971
:1018D0000843718908430443AC81AC8A4FF6FF404A
:1018E0000440B0890443AC8201A8FEF7B4FFC648A7
:1018F000874202D1DDF810A001E0DDF80CA0A88934
:1019000000F4004040B10AEBCA0000EB0A10316855
:101910004900B0FBF1F807E00AEBCA0000EB0A103F
:1019200031688900B0FBF1F86420B8FBF0F00401E5
:101930002009642101FB1089A88900F4004040B10E
:10194000322000EBC900B0FBF1F000F007000443C7
:1019500008E0322000EB09106421B0FBF1F000F048
:101960000F0004432C8106B0BDE8F0874FF41651F8
:10197000016000218180C18001810C214181002111
:101980008181704710B502460020108A4FF2FF0394
:1019900018400B884C8823438C882343CC882343EE
:1019A0001843108210BD0021018041808180C180D8
:1019B000704721B1828942F40052828104E0828919
:1019C0004DF6FF731A4082817047F0B5034600243C
:1019D00000260025002040F66A17B94200D100BF5A
:1019E0001846C1F3421401F01F06012707FA06F555
:1019F000012C01D10C3004E0022C01D1103000E0A8
:101A000014301AB107682F43076002E00768AF433C
:101A10000760F0BD1AB1838A0B43838202E0838A98
:101A20008B4383827047028A4FF6F0731A4002821A
:101A3000028A0A430282704782894FF2FF731A407A
:101A4000828182890A438281704721B1828942F072
:101A50000202828104E082894FF6FD731A4082817E
:101A60007047028A4FF6DF731A400282028A0A43E5
:101A70000282704721B1028A42F48042028204E06D
:101A8000028A4BF6FF731A4002827047C1F30802C4
:101A90008280704701468888C0F3080070478189BA
:101AA00041F0010181817047028BD2B20283028B27
:101AB00042EA012202837047028B02F47F420283D2
:101AC000028B0A430283704721B1828A42F02002CE
:101AD000828204E0828A4FF6DF731A408282704766
:101AE00021B1828A42F01002828204E0828A4FF69B
:101AF000EF731A408282704721B1828A42F0080255
:101B0000828204E0828A4FF6F7731A40828270471D
:101B100021B1828942F40042828103E08289C2F3CA
:101B20000E028281704721B1828A42F40062828271
:101B300004E0828A4FF2FF731A4082827047828AE1
:101B40004FF6FB731A408282828A0A438282704770
:101B500021B1828A42F00202828204E0828A4FF638
:101B6000FD731A408282704702460020B1F5007F63
:101B700000D100BF13880B400BB1012000E0002012
:101B8000704701F40072B2F5007F00D100BFCA4374
:101B90000280704770B50246002400230025002013
:101BA00040F66A16B14200D100BFC1F3421501F000
:101BB0001F03012606FA03F3012D02D19689334053
:101BC00006E0022D02D1168A334001E0968A3340A6
:101BD0000C12012606FA04F41688344013B10CB135
:101BE000012000E0002070BD10B50022002340F667
:101BF0006A14A14200D100BF0A1201249440A3B28A
:101C0000DC43048010BD0000003801400044004067
:101C100000480040004C00400050004010B5044611
:101C2000FA48844208D101214015FEF79BFE0021AD
:101C30006015FEF797FE17E0F548844208D10121B0
:101C40000015FEF78FFE00212015FEF78BFE0BE03E
:101C5000F048844208D10121C803FEF783FE002129
:101C60004FF40040FEF77EFE10BD30B50246002066
:101C700000235068E84C20400D790C6844EA0524A4
:101C8000204350609068E54C2040D1E902542C4339
:101C90004D7944EA450420439060D06A20F47000F6
:101CA0000C7C641EE4B2234340EA0350D06230BD92
:101CB00000210160017141718160C16001210174E5
:101CC000704721B1826842F00102826003E08268BD
:101CD00022F001028260704721B1826842F4807272
:101CE000826003E0826822F480728260704710B5DF
:101CF0000023CBB21AB144681C43446002E044683C
:101D00009C43446010BD816841F0080181607047C8
:101D1000014600208A6802F008020AB1012000E0B2
:101D200000207047816841F00401816070470146DE
:101D300000208A6802F004020AB1012000E00020BD
:101D4000704721B1826842F4A002826003E0826899
:101D500022F4A00282607047014600208A6802F4E3
:101D600080020AB1012000E00020704710B50A4649
:101D700000210023416821F46041531E41EA4331B0
:101D8000416010BD21B1426842F40062426003E04C
:101D9000426822F4006242607047F0B504460D4686
:101DA00000200021092D11DDE068A5F10A0606EBEF
:101DB0004607072606FA07F18843A5F10A0606EB4F
:101DC000460603FA06F10843E0600CE0206905EBE3
:101DD0004507072606FA07F1884305EB450603FA8F
:101DE00006F108432061072A0FDA606B561E06EBE6
:101DF00086071F2606FA07F18843561E06EB86065D
:101E000005FA06F10843606322E00D2A0FDA206B21
:101E1000D61F06EB86071F2606FA07F18843D61F52
:101E200006EB860605FA06F10843206310E0E06A37
:101E3000A2F10D0606EB86071F2606FA07F1884376
:101E4000A2F10D0606EB860605FA06F10843E062EC
:101E5000F0BD21B1826842F48012826003E08268A2
:101E600022F48012826070470146C86C80B27047CD
:101E700066484C300068704721B1426842F4806285
:101E8000426003E0426822F480624260704721B100
:101E9000426842F48052426003E0426822F4805279
:101EA000426070470A460021816821F4E0411143F5
:101EB0008160704721B1826842F40042826003E091
:101EC000826822F400428260704721B1826842F445
:101ED0000212826003E0826822F40212826070477C
:101EE000014600208A6802F400120AB1012000E0D5
:101EF00000207047F0B50446154600200022002659
:101F0000092911DDE068A1F10A0707EB470C072753
:101F100007FA0CF29043A1F10A0707EB470703FA0F
:101F200007F21043E0600CE0206901EB410C072749
:101F300007FA0CF2904301EB410703FA07F2104352
:101F40002061A06BC0F30156EF1C06F1010CA7EB5A
:101F50000C0707EB870C1F2707FA0CF29043EF1CC6
:101F600006F1010CA7EB0C0707EB870701FA07F254
:101F70001043A063F0BD10B50A4600210023816B19
:101F800021F44011531E41EA0351816310BD08B58D
:101F9000002300930090009B0B440093009B1A6069
:101FA00008BD08B5024600200090009201F128000B
:101FB000009B184400900098006880B208BD0A4653
:101FC00000214168164B194011434160704741623E
:101FD000826270470A460021416821F01F011143C7
:101FE0004160704740B109490831096841F4000176
:101FF000064A0832116007E004490831096821F4F3
:102000000001024A083211607047000000240140BC
:1020100000280140003C0140FFFEF0FFFDF7F1FF0A
:10202000FFFD3FFF0246002013680B400BB101206B
:1020300000E000207047CA430260704770B5024656
:102040000020002300240B125568CEB205EA0604D6
:1020500015681D4015B10CB1012000E0002070BDD5
:1020600000220A12D3430360704700000CB5002021
:10207000019000906C48006840F480306A49086024
:1020800000BF6948006800F4003000900198401CCF
:102090000190009818B90198B0F5A06FF1D162488D
:1020A000006800F4003010B10120009001E0002031
:1020B00000900098012843D15C48006840F010006F
:1020C0005A4908600846006820F003000860084686
:1020D000006840F002000860534840685249486078
:1020E0000846406848600846406840F480604860A0
:1020F0000846406820F47C1048600846406840F478
:10210000E81048600846006840F08070086000BF32
:102110004548006800F000700028F9D04248406847
:1021200020F00300404948600846406840F0020043
:10213000486000BF3C48406800F00C000828F9D116
:102140000CBD10B5FFF792FF10BD10B53648006802
:1021500040F00100344908600846406834490840AE
:102160003149486008460068324908402E490860F5
:102170000846006820F4802008600846406820F483
:10218000FE0048604FF41F008860FFF7DAFF4FF051
:1021900000602949086010BD10B500210020002210
:1021A000214B5B6803F00C0121B1042906D00829FA
:1021B00028D107E0214B224C236027E01F4B204C05
:1021C000236023E0184B5B6803F47010164B5B68C8
:1021D00003F48032022303EB904022B9194B4343AE
:1021E000174C23600DE0104B5B6803F4003323B100
:1021F000144B4343124C236003E0104B4343104CF9
:10220000236003E00D4B0E4C236000BF00BF064B64
:102210005B68C3F303130C4CE15C094B1B68CB40B8
:10222000074C236010BD0000001002400020024057
:102230000000FFF8FFFFF6FE08ED00E000127A0054
:102240001400002000093D0018000020014605E0B0
:10225000002001E0421CD0B20A28FBDB0A1EA1F1DB
:102260000101F5D1704710B5044603E04FF47A70D0
:10227000FFF7ECFF201EA4F10104F7D110BD704759
:1022800008B50720009002E00098401E00900098DA
:102290000028F9D108BD10B54FF40070E649086078
:1022A00040100860FFF7ECFFE3480838006808B901
:1022B000012000E0002000F4007008B1002010BDF3
:1022C0004FF40070DC49091D0860FFF7D9FFDA48B8
:1022D0000838006800F4007008B10020EFE74FF400
:1022E0000070D549091D0860FFF7CAFF0120E6E725
:1022F00010B54FF48070D049091D0860FFF7C0FF8A
:102300004FF40070CC49091D0860FFF7B9FF4FF486
:102310008070C9490860FFF7B3FF4FF40070C649E9
:102320000860FFF7ADFF10BD10B54FF48070C249D3
:10233000091D0860FFF7A4FF4FF40070BE49091D96
:102340000860FFF79DFF4FF48070BB490860FFF7FE
:1023500097FF4FF48070B849091D0860FFF790FFA0
:1023600010BD10B54FF48070B349091D0860FFF728
:1023700087FF4FF40070B0490860FFF781FF4FF40A
:102380008070AD490860FFF77BFF4FF48070AA4969
:10239000091D0860FFF774FF10BD10B54FF4807081
:1023A000A549091D0860FFF76BFF4FF40070A249B3
:1023B0000860FFF765FF4FF480709F490860FFF7E2
:1023C0005FFF9D480838006800F4007030B14FF49A
:1023D00080709949091D0860002010BD4FF480707D
:1023E0009549091D08600120F7E770B504460825E6
:1023F0001DE04FF480709049091D0860FFF740FF11
:1024000004F0800020B14FF400708B49086004E0B4
:102410004FF400708849091D08606006040EFFF73C
:102420002FFF4FF4807084490860FFF729FF281EB2
:10243000A5F10101CDB2DCD14FF480707E49091DB8
:10244000086070BD70B508250024A8017A490860AD
:1024500016E06006040E4FF480707749091D08608D
:10246000FFF70EFF4FF4807073490860FFF708FF15
:1024700071480838006800F4007008B144F00104A5
:10248000281EA5F10101CDB2E3D14FF480706A4955
:10249000091D0860204670BD08B501210820FEF71F
:1024A00047FA4FF44070ADF8000002208DF80200AA
:1024B00014208DF8030069465F481038FDF77CFF53
:1024C00008BD2DE9F04105460E4617469846FFF730
:1024D000E2FE10B90020BDE8F081002141EA45018B
:1024E000C8B2FFF782FFFFF758FF18B9FFF700FFE8
:1024F0000020F0E73046FFF778FFFFF74EFF00249B
:102500000BE018F80400FFF770FFFFF746FF18B95B
:10251000FFF7EEFE0020DEE7641CBC42F1DBFFF7B4
:10252000E7FE0120D7E72DE9F04104460D461646A7
:102530001F463B46324629462046FFF7C2FF10B1F0
:102540000020BDE8F0814FF0FF30FAE72DE9F041BF
:1025500005460F4614461E46FFF79DFE10B90020A3
:10256000BDE8F081002141EA4501C8B2FFF73DFF17
:10257000FFF713FF18B9FFF7BBFE0020F0E738465E
:10258000FFF733FFFFF709FFFFF785FE012101EB9E
:102590004501C8B2FFF729FFFFF7FFFE0CE0FFF788
:1025A00051FF3070012C02D1FFF7DBFE01E0FFF795
:1025B000BBFE761C601EC4B2002CF0D1FFF798FE63
:1025C0000120CDE72DE9F04104460D4616461F4691
:1025D0003B46324629462046FFF7B8FF10B100209F
:1025E000BDE8F0814FF0FF30FAE770B504460D46C4
:1025F0001646FFF750FE08B9002070BD002141EAE1
:102600004401C8B2FFF7F1FEFFF7C7FE18B9FFF7A4
:102610006FFE0020F1E72846FFF7E7FEFFF7BDFE5B
:102620003046FFF7E2FEFFF7B8FEFFF761FE01203C
:10263000E3E7002070470000100C014008B50121BD
:102640001120FEF775F901210B48FDF786FF4FF4C5
:10265000C040ADF8000003208DF8020010208DF876
:10266000030069460548FDF7A7FE4FF4C041034843
:10267000FDF74FFF08BD00000002300000100140D0
:102680000024002700250026FFF75FFD41F61F41CB
:1026900041F2883002F0ECFA02F026FB02F056F923
:1026A00000F03AF900F09CF8FFF7C8FF02F0A2FB37
:1026B00000F048F900F0AFF9FFF7EEFE0A2000F055
:1026C00087FE00F0BBFA00F02BFE00F0B7FE002101
:1026D000084601F089FF3D4807784FF0E020006987
:1026E00040F001004FF0E02108616EE000F016FBC1
:1026F00036490878C11BC9B20C4407460A2E5DD280
:10270000DFE806F0050B151B23282F343B5D322C28
:1027100002D300240025012652E04FF416724FF038
:102720007A512B4801F023FE0024022648E0B4F53C
:10273000167F01D30024032642E078222549002099
:1027400001F015FE002404263AE0782C01D3002481
:10275000052635E0B421204801F05CFE0024062661
:102760002EE0B42C01D30024072629E000210846DE
:1027700001F03AFF0024082622E03C2C0DD34FF054
:1027800040411648006805F0B1FD06D24FF0804187
:102790001248006805F0A0FD01D3FA2C0DD30024E7
:1027A000681CC5B2042D07D300F022FE00210846A4
:1027B00001F01AFF092600E0012601E000BF00BF7A
:1027C00000BF02F06FF801F080FC8FE7D40000201A
:1027D0000000DC429A99993F000048C4FC000020A8
:1027E00008B501210820FEF7A3F84FF47040ADF8BA
:1027F000000010208DF8030003208DF802006946C8
:10280000FE48FDF7D9FD4FF47041FC48FDF781FE0D
:1028100008BD08B501210846FEF797F801210420FC
:10282000FEF786F80C20ADF8000018208DF80300A4
:1028300003208DF802006946F148FDF7BDFD08BD93
:1028400030B587B00025002440F2E730ADF8140021
:102850000020ADF81000ADF81600ADF8120004A984
:102860004FF08040FEF79CF96020ADF80000012099
:10287000ADF80200ADF806500020ADF8080069463A
:102880004FF08040FEF758FA0821C806FEF72AFEEE
:102890000120ADF80200ADF806400020ADF80800B8
:1028A00069464FF08040FEF792FA0821C806FEF70D
:1028B00022FE01218807FEF7CFFD01218807FEF7E0
:1028C000CBFC07B030BD2DE9FF4104460D4627463D
:1028D0002E466020ADF800000120ADF80200ADF8F2
:1028E00006700020ADF8080069464FF08040FEF702
:1028F00023FA0821C806FEF7F5FD0120ADF8020015
:10290000ADF8066069468007FEF761FA0821C8063F
:10291000FEF7F1FDBDE8FF8110B5FFF77AFFFFF785
:102920008FFF10BDB7490888098821F00101B54A19
:1029300011807047B4490888098821F00101B24A22
:102940001180704700B589B001210220FDF7FDFF1D
:1029500001210420FDF7ECFF01A8FDF7B8FDC02020
:10296000ADF8040004208DF8070003208DF8060060
:1029700001A9A348FDF720FD4FF4A060FDF7C0FBBF
:102980001D208DF8080001208DF8090003208DF826
:102990000A0001208DF80B0002A8FDF7B6FB99484C
:1029A0001038FEF729F806A8FEF726FC0020ADF83F
:1029B00018004FF6FF70ADF81C000020ADF81E00A7
:1029C000ADF81A0006A98F481038FEF7E9F80A2377
:1029D0001A4603218B481038FEF7F1FC03A8FEF7D6
:1029E0001EFC0620ADF8140003A986481038FEF737
:1029F0006AFB012183481038FEF7F4FE01221146DC
:102A000080481038FEF743FC01217E481038FEF75D
:102A100023FC09B000BD00B589B001210420FDF7F9
:102A200094FF01210820FDF783FF01A8FDF74FFD6A
:102A3000C020ADF8040004208DF8070003208DF8B5
:102A4000060001A96D48FDF7B7FC4FF4A060FDF743
:102A500057FB1E208DF8080001208DF80900032087
:102A60008DF80A0001208DF80B0002A8FDF74DFB40
:102A700065481038FDF7C0FF06A8FEF7BDFB002033
:102A8000ADF818004FF6FF70ADF81C000020ADF84F
:102A90001E00ADF81A0006A95B481038FEF780F852
:102AA0000A231A46032158481038FEF788FC03A869
:102AB000FEF7B5FB0620ADF8140003A95248103804
:102AC000FEF701FB012150481038FEF78BFE012272
:102AD00011464D481038FEF7DAFB01214A481038FC
:102AE000FEF7BAFB09B000BD00B585B00121042096
:102AF000FDF71EFF01210220FDF727FF8020ADF822
:102B0000100004208DF8130003208DF8120004A992
:102B10003B48FDF751FC4FF4A060FDF7F1FA1D2092
:102B20008DF8000001208DF8010003208DF80200CF
:102B300001208DF803006846FDF7E7FA31481038A8
:102B4000FDF75AFF4FF6FF70ADF808000020ADF812
:102B50000400ADF80A00ADF8060001A929481038B4
:102B6000FEF71EF800231A46602126481038FEF7AB
:102B7000C2FB002123481038FEF702FE0121214844
:102B80001038FEF769FB05B000BD00B585B0012126
:102B90000820FDF7CDFE01210420FDF7D6FE8020A0
:102BA000ADF8100004208DF8130003208DF81200FA
:102BB00004A91248FDF700FC4FF4A060FDF7A0FA4D
:102BC0001E208DF8000001208DF8010003208DF8F3
:102BD000020001208DF803006846FDF796FA0A48C6
:102BE0001038FDF709FF4FF6FF70ADF80800002020
:102BF000ADF80400ADF80A0008E00000000C014048
:102C0000000801401004004010080040ADF8060024
:102C100001A90948FDF7C4FF00231A4660210648B0
:102C2000FEF769FB00210448FEF7AAFD01210248D6
:102C3000FEF712FB05B000BD0008004070B500248F
:102C400002F0A3FD0446002C60D17CA001F0FBFF44
:102C5000782002F0FCF918B981A001F0F4FF02E03D
:102C600087A001F0F0FF782002F0DEFB18B98FA0FA
:102C700001F0E9FF02E096A001F0E5FF642002F018
:102C8000B4FC18B99EA001F0DEFF02E0A6A001F09E
:102C9000DAFF04F06BF818B9ACA001F0D4FF02E041
:102CA000B7A001F0D0FFC54804F03CFF054604F092
:102CB00067F818B9C2A001F0C6FF02E0CAA001F08F
:102CC000C2FF40F2731004F09CFC18B9D2A001F0CE
:102CD000BAFF02E0D9A001F0B6FF642004F00AFABE
:102CE00018B9E2A001F0AFFF02E0E9A001F0ABFFEC
:102CF00004F02CFF012003F07FFD18B9EFA001F0D4
:102D0000A2FF0AE0F6A001F09EFF06E04FF400519A
:102D1000FE48FDF700FC00BFFEE770BD2DE9F04F57
:102D200089B0FB48FB49FC4BFC4ACDE90010FC494B
:102D3000FC4804F0C5FDF748008800F480700028C6
:102D40007AD0F649086805F033FA04464FF09D4101
:102D500005F068F8F4490860F049486805F028FA79
:102D600004464FF09D4105F05DF8F0490860EB49DD
:102D7000886805F01DFA04464FF09D4105F052F8B1
:102D8000EB490860E549C86805F012FA04464FF0BF
:102D90009D4105F047F8E7490860E34801684FF0B6
:102DA000804005F00DF80690E1480168069805F0AE
:102DB00007F88246DD4801684FF0404005F000F812
:102DC0000690DC480168069804F0FAFF83465146F5
:102DD00004F09EFF079005F037FA064606F06CFCFB
:102DE00080464FF06632D44B05F001F9044605F0F9
:102DF00057FAD2490860CE4801684FF0804004F08D
:102E0000DFFF0390CA480168039804F0D9FF8246A7
:102E1000C64801684FF0404004F0D2FF0390C34819
:102E20000168039804F0CCFF8346514604F0C2FFCA
:102E300081464FF07E5183E10CE200006D707520F9
:102E4000696E697469616C697A6174696F6E206317
:102E50006F6D706C6574652E2E2E2E2E2E0A20003E
:102E60006D70755F7365745F73656E736F722063E9
:102E70006F6D706C657465202E2E2E2E2E2E0A001E
:102E80006D70755F7365745F73656E736F722063C9
:102E90006F6D65206163726F7373206572726F72FC
:102EA000202E2E2E2E2E2E0A000000006D70755F33
:102EB000636F6E6669677572655F6669666F2063CA
:102EC0006F6D706C657465202E2E2E2E2E2E0A00CE
:102ED0006D70755F636F6E6669677572655F666951
:102EE000666F20636F6D65206163726F7373206519
:102EF00072726F72202E2E2E2E2E2E0A00000000CF
:102F00006D70755F7365745F73616D706C655F7212
:102F100061746520636F6D706C657465202E2E2E54
:102F20002E2E2E0A000000006D70755F7365745FB1
:102F300073616D706C655F72617465206572726F2C
:102F400072202E2E2E2E2E2E0A000000646D705F31
:102F50006C6F61645F6D6F74696F6E5F64726976C8
:102F600065725F6669726D7761726520636F6D70FF
:102F70006C657465202E2E2E2E2E2E0A0000000069
:102F8000646D705F6C6F61645F6D6F74696F6E5FAD
:102F90006472697665725F6669726D7761726520C9
:102FA000636F6D65206163726F7373206572726FFA
:102FB00072202E2E2E2E2E2E0A0000002800002019
:102FC000646D705F7365745F6F7269656E74617450
:102FD000696F6E20636F6D706C657465202E2E2E88
:102FE0002E2E2E0A00000000646D705F7365745F02
:102FF0006F7269656E746174696F6E20636F6D6561
:10300000206163726F7373206572726F72202E2E4F
:103010002E2E2E2E0A000000646D705F656E6162B8
:103020006C655F6665617475726520636F6D706C49
:10303000657465202E2E2E2E2E2E0A00646D705F74
:10304000656E61626C655F6665617475726520634B
:103050006F6D65206163726F7373206572726F723A
:10306000202E2E2E2E2E2E0A00000000646D705F82
:103070007365745F6669666F5F7261746520636F04
:103080006D706C657465202E2E2E2E2E2E0A00007B
:10309000646D705F7365745F6669666F5F7261749B
:1030A0006520636F6D65206163726F737320657255
:1030B000726F72202E2E2E2E2E2E0A006D70755FCE
:1030C0007365745F646D705F737461746520636FA2
:1030D0006D706C657465202E2E2E2E2E2E0A00002B
:1030E0006D70755F7365745F646D705F7374617428
:1030F0006520636F6D65206163726F737320657205
:10310000726F72202E2E2E2E2E2E0A0000100140DD
:103110006200002060000020500000201C020020FF
:103120005A00002054000020340000203800002005
:103130003C0000204000002066A64C4044000020D7
:1031400004F0E6FD044605F07FF8CDE904014348AC
:1031500001684FF0804004F033FE83464048016828
:10316000584604F02DFE81463E4801684FF08040ED
:1031700004F026FE83463C480168584604F020FED1
:103180008246494604F0C4FD044605F05DF8074652
:10319000DDE9042306F0D8FC4FF06632334BCDE96D
:1031A000060104F024FF054605F07AF8304908606E
:1031B0002D480168006804F003FE03902948016867
:1031C000006804F0FDFD029025480168006804F0E5
:1031D000F7FD834621480168006804F0F1FD594677
:1031E000019004F095FD8246029904F0E3FD8146CA
:1031F000039904F0DFFD044605F026F8CDE904014B
:10320000194801681548006804F0DAFD824615483F
:1032100001681348006804F0D3FD8346514604F06A
:1032200077FD81464FF0804104F0CAFD044605F069
:103230000BF80746DDE9042306F086FC4FF0663202
:103240000A4BCDE9060104F0D2FE054605F028F848
:103250000849086009B0BDE8F08F00003400002084
:10326000380000203C0000204000002066A64C40B2
:10327000480000204C000020704700BFFEE700BF60
:10328000FEE700BFFEE700BFFEE7704770477047EC
:1032900010B51D480078401C1B4908701B48007879
:1032A000401C1A4908701A480078401C18490870D8
:1032B00000F084FB17480078401C16490870164837
:1032C0000078401C1449087014480078401C1349C9
:1032D00008700E480078022806DB01F076FD00F049
:1032E00051FD00200949087009480078082806DBCC
:1032F00000F091FB0020064908700649087000F0B4
:103300004CF900F0EAFA10BDD4000020D9000020EA
:10331000D5000020D6000020D7000020D8000020D3
:1033200030B527480068C822B0FBF2F1B1F1807FC8
:1033300001D301201DE021F07F40401E4FF0E0222C
:10334000506150170F22002807DA13071D0E1D4B7E
:1033500000F00F04241F1D5503E013071C0E1A4B29
:103360001C5400BF00204FF0E02290610720106144
:10337000002008B100BFFEE74FF0E020006920F018
:1033800001004FF0E021086130BD01B50F49009800
:1033900008604FF0E020006940F001004FF0E021AC
:1033A000086100BF094800680028FBD108BD074834
:1033B000006820B105480068401E04490860704755
:1033C0001400002018ED00E000E400E0640000209C
:1033D000002107E042F6E06100BF0A1EA1F10103EF
:1033E00099B2FAD1021EA0F1010398B2F2D170474E
:1033F0000020F7490876087048608860F548006842
:10340000C8600020C882704700B502460020F2491B
:103410000870F2480260FFF7EBFF0020F0490870E7
:10342000F0490870F0480078F04908700020F04931
:103430000860ED480078EF49087000BD00B5002035
:10344000ED490880ED490880ED490860ED490860C4
:10345000ED490860ED490860ED490860ED490860F4
:10346000ED490860ED490860ED490860ED490860E4
:10347000ED490860D7490860EC490860EC490860EC
:10348000EC490860EC490860D7490870EB490870BE
:10349000EB490870D4480078D44908700020D4491A
:1034A0000860D1480078D34908704FF46170E5494D
:1034B0000880E548E54908600120E54908700020DA
:1034C000E4490870E4490870E4490860E449086088
:1034D000E448FFF799FF0020E349086000BD2DE9AB
:1034E000F041E248006804F0AFFE0446E048D0E94D
:1034F00000633246204604F0BBFE07D0DC48D0E92A
:103500000021104604F0CCFED8490860D948006874
:1035100004F09AFE0446D648D0E9026332462046BB
:1035200004F0A6FE07D0D248D0E90221104604F0EC
:10353000B7FED0490860D048006804F085FE044614
:103540000D46CB49D1E904633246294604F090FE8A
:1035500007D0C748D0E90421104604F0A1FEC649AF
:103560000860C648006804F06FFE0446C048D0E911
:1035700006633246204604F07BFE07D0BC49D1E901
:103580000621104604F08CFEBC4908600020B349B7
:103590000860B3490860BDE8F0812DE9F041B84802
:1035A0000068012810D10020B0490860B5480068C3
:1035B00004F00CFE06460022B34B04F018FD04464E
:1035C00004F06EFEA9490860AD480068022812D1D7
:1035D0000020A8490860AD490968A1F1400004F045
:1035E000F5FD06460022AA4B04F001FD044604F056
:1035F00057FEA0490860A749B1F9040004F0D8FDBE
:10360000A5490860A549B1F9040004F0D1FDA44919
:1036100008600021A348006804F05EFE0BD0A249B8
:10362000A048006804F058FE05D3A0499D480068F2
:1036300004F05CFE05D24FF400519D48FCF76BFF8F
:1036400004E04FF400519A48FCF763FF00219948C9
:10365000006804F0AFFB6E4908609049B1F90000C2
:1036600004F0A6FD064683480168304604F0A8FB36
:103670000446684801686648006804F09BFB0646FB
:103680007A480168304604F09BFB0546214604F069
:103690003FFB63490860BDE8F0812DE9F041044635
:1036A0000D46002C0CDA4FF480418348FCF731FFC3
:1036B0004FF400418048FCF72EFF604204B20AE05C
:1036C0004FF400417C48FCF724FF4FF480417A48D6
:1036D000FCF721FF00BF002D0CDA4FF400517648B3
:1036E000FCF717FF4FF480517348FCF714FF684252
:1036F00005B20AE04FF480516F48FCF70AFF4FF41F
:1037000000516D48FCF707FF00BFAFB2A6B23146CB
:103710004FF08040FEF73CF839464FF08040FEF70E
:1037200039F866495F48006804F0E0FD23D3644936
:103730005C48006804F0D0FD02D24FF0010801E0BF
:103740004FF0000800213B48006804F0C5FD01D19E
:10375000012000E0002008EA000800213648006847
:1037600004F0BAFD01D1012000E0002008EA0008C1
:10377000B8F1000F0DD000214FF08040FEF708F89F
:1037800000214FF08040FEF705F801204D49086008
:1037900002E000204B4908604B491D48006804F0D6
:1037A000A5FD05D349491A48006804F095FD0DD2DE
:1037B00000214FF08040FDF7EBFF00214FF08040EB
:1037C000FDF7E8FF01203F49086084E080E0000049
:1037D000A000002050010020750000208C00002077
:1037E000C7000020C8000020D40000207400002082
:1037F00070000020C90000202201002020010020CC
:10380000300100202C01002038010020340100206C
:10381000FC000020EC00002054010020E00000200B
:10382000F0000020F8000020F400002094010020A7
:10383000900100205C01002058010020D5000020EC
:10384000D6000020BC0000203333B33EC00000206F
:10385000C4000020C5000020C6000020CC000020CD
:10386000D00000200000C842480100200C010020C8
:10387000B89D00081001002014010020180100204C
:1038800078010020680100200080FB3F6C010020CF
:103890000000C43F5A00002088010020540000208E
:1038A0008C010020440000200000A0C10000A041C5
:1038B0000010014048000020000C014000002041A1
:1038C000000020C14401002000004842000048C21E
:1038D0000020F8490860BDE8F0812DE9F041F64884
:1038E000046800250026F3480068A0B9F348006882
:1038F00020F00047F249384604F0F8FC0BD8EE48B7
:10390000006820F00047EF49384604F0E5FC02D893
:1039100000BF4FF082462146EB48006804F0F8F9FA
:103920000746294604F0F4F9E84908602146E648CC
:10393000006804F03FFA0746314604F0E9F9E4492B
:103940000860E248006804F052FC00B2B0F57A7FEB
:1039500002DDE048DD490860DC48006804F047FC0F
:1039600000B210F57A7F02DADB48D8490860D848FF
:10397000006804F03CFC00B2B0F57A7F02DDD54867
:10398000D3490860D248006804F031FC00B210F559
:103990007A7F02DAD048CE490860CD48006804F04A
:1039A00026FC07B2C948006804F021FC0FFA80F831
:1039B00039464046FFF771FEBDE8F08170B5C74853
:1039C000FDF701FF0446C648FDF7FDFE0546C54864
:1039D0000460C54805600021C048FDF7D1FE002104
:1039E000BF48FDF7CDFE20B2C0490880684200B252
:1039F000BF490880BF480068BC49B1F900100844BD
:103A0000BC490860BC480068B949B1F900100844D5
:103A1000B949086070BD2DE9F04F87B0B549096814
:103A2000B54A1268881804F0C3FBB4490860002046
:103A3000B1490860AF490860B148006804F004FC6F
:103A40004FF06632AF4BCDE9040104F0D0FA0746DF
:103A500004F026FCAA490860A848006804F0F4FBBA
:103A60004FF03332A84BCDE9000104F0C0FACDE9A4
:103A70000401A348006804F0E7FBCDE90201DDE999
:103A8000042304F00DFA074604F00AFC9C49086080
:103A90009E498A48006804F093F9064698480168F0
:103AA000304604F087F9044626F0004B944800683D
:103AB00020F000400690A14621469548006804F099
:103AC0007FF90746002104F007FC04D291494846DB
:103AD00004F076F9814649468D48006804F018F9EB
:103AE0008B4908604FF08241584604F0F5FB12D82C
:103AF00089498748006804F063F98549086070497E
:103B0000069804F0E9FB06D883498148006804F070
:103B100057F97F49086081497D48006804F0E6FB59
:103B200002D27E487A4908607D497948006804F0ED
:103B3000D3FB02D27A48764908607A4800680328A5
:103B400013D100207849086078490968A1F1800004
:103B500004F03CFB07460022754B04F048FACDE91F
:103B6000040104F09DFB704908606E480068042859
:103B700013D100206F4908606F490968A1F1C000A6
:103B800004F024FB00226D4BCDE9040104F02FFA70
:103B9000074604F085FB67490860664801685C4891
:103BA000006804F00DF907465F480168204604F0FC
:103BB00007F98046394604F0ABF880F000406049D0
:103BC000086060496048006804F090FB05D35F49D5
:103BD0005D48006804F080FB6BD25948006880F0B3
:103BE000004759480168384604F01CF982464FF0F6
:103BF0008241584604F070FB0ED84FF07E5150467B
:103C000004F074FB01D24FF07E5A4049504604F054
:103C100063FB01D2DFF8F4A04D49504604F066FB87
:103C200001D2DFF82CA14B49504604F055FB01D2DC
:103C3000DFF820A148480168504604F0BBF805466B
:103C40004649284604F052FB00D2444D44492846D8
:103C500004F042FB00D2424D29463F48006804F080
:103C600057F83D4908604FF08241584604F034FB54
:103C70001AD81349069804F02FFB15D8394936484D
:103C8000006804F09DF834490860374932480068FC
:103C900004F02CFB08D235492F48006804F01CFBC7
:103CA00002D200202C4908602B4800683049086087
:103CB00065E05FE044010020540100205001002035
:103CC0000000F0410000C841F0000020F400002096
:103CD000F800002000007A4400007AC4000400408C
:103CE000000800403C01002040010020200100208D
:103CF000220100202C01002030010020340100208E
:103D0000380100206666E63F3333D33F000080BFB2
:103D1000CC000020CDCC0C406666663F0000FA4522
:103D20000000FAC578010020140100207001002075
:103D30000000DE3F18010020740100200000C43F95
:103D4000E80000206F12833A0C0100206F1283BA42
:103D50000000C0400000C0C0D0000020CDCC4C3ED0
:103D6000CDCC4CBE9A99593FCDCC4CBDCDCC4C3D21
:103D7000EC0000200020FE490860FE49086007B002
:103D8000BDE8F08F2DE9F041FB480068002850D1D4
:103D9000FA48FDF718FD00EB800000EB001044002E
:103DA000204604F013FA05460022F54B04F091F981
:103DB000074604F075FAF34908600846006804F005
:103DC00043FA044622460B46EFA004F0A7FCF14854
:103DD000007820B90020F0490860BDE8F081E9488A
:103DE000006804F031FA04460022EC4B04F040FA7B
:103DF00003D8EB48E84908601BE0EA49E14800685D
:103E000004F074FA01D8012400E000244FF082414C
:103E1000DC48006804F060FA01D8012000E00020CE
:103E200004401CB1E048DC49086002E00020DA49A7
:103E3000086000BFD1E72DE9FC5FDC48006801287D
:103E400078D1DB48D0F800B0DA4800680190DA4851
:103E5000B0F90290D948B0F900A0CA4804684846B1
:103E600004F0A6F906464FF08D4103F0DBFF05464E
:103E7000D34903F0A5FFD3490860504604F098F9F0
:103E80000646D14903F096FF0546D04903F0CAFF24
:103E9000CF490860584604F0D7F90746CD4ACE4BC3
:103EA00004F017F9054604F0FBF98346019804F085
:103EB000CBF90546C74AC84B04F00BF9074604F096
:103EC000EFF901905021C54803F0FEFEC348C4A19C
:103ED000096801600A21C34803F0F6FEC2480021C8
:103EE0000160416001810A21C04803F0EDFEC04835
:103EF00000210160416001810A21BE4803F0E4FE17
:103F0000BD480021016041600181BC49584604F070
:103F1000E3F910D8BA49584604F0E8F90BD85846E6
:103F200004F092F905462A460B46B6A1AD4804F0C6
:103F300005FC02E0C7E0BDE8FC9FB049019804F031
:103F4000CBF90FD8AE49019804F0D0F90AD80198FE
:103F500004F07AF905462A460B46AAA1A24804F0C5
:103F6000EDFB00E0E7E7A9499648006804F0BEF9D8
:103F700011D2A7499348006804F0AEF90BD29148DA
:103F8000006804F061F905462A460B469DA1974852
:103F900004F0D4FB00E0CEE79E498D48006804F0B1
:103FA000A5F911D29C498A48006804F095F90BD212
:103FB0008748006804F048F905462A460B4691A157
:103FC0008B4804F0BBFB00E0B5E70021204604F07D
:103FD0008DF90FD89149204604F07EF90AD2204687
:103FE00004F032F905462A460B4686A1814804F0C2
:103FF000A5FB00E09FE7002000F03EFF0090009846
:1040000004F0DFF80746864903F0DAFE06464FF073
:104010008B4103F007FF0546824903F0CBFE82493E
:10402000086000218048006804F060F911D87849E0
:104030007D48006804F050F90BD27B48006804F01A
:1040400003F905462A460B466EA16B4804F076FB41
:1040500000E070E76349614803F041FE73A15F48E7
:1040600003F03DFE60495D4803F039FE70A15B48F6
:1040700003F035FE5D49594803F031FE6DA1574804
:1040800003F02DFE5A49554803F029FE6AA1534812
:1040900003F025FE5749514803F021FE68A14F481F
:1040A00003F01DFE54494D4803F019FE65A14B482D
:1040B00003F015FE5021644803F006FE50224749E4
:1040C000614803F0E8FD00BF35E710B55F480068C0
:1040D000401E5E49086035480068012807D108463F
:1040E000006820B9FFF7A7FE574800F0A0FD574829
:1040F000006818B941F288305449086010BD70B5A5
:1041000006460D4614462146304604F0EFF801D22B
:10411000204670BD2946304604F0DEF801D228461C
:10412000F7E73046F5E72DE9F04704460E46174617
:104130001D46DDE90889464A46493046FFF7DFFF5C
:104140000646434A43493846FFF7D9FF0746002150
:10415000284604F0C1F801D285F000453E4A3F49A7
:104160002846FFF7CCFF0546B8F1000F7BD178E079
:10417000EC000020D000002060010020002C014055
:10418000000069404C0100206A756C693D25660A93
:1041900000000000750000204801002000001040D1
:1041A000000096C30000A0400000FA437C010020FC
:1041B000F4000020F80000205A00002054000020E5
:1041C000CDCC1C41880100209A1900430000034314
:1041D0008C01002048E17A14AE470F402C020020E9
:1041E000244C5600440300204E03002058030020B6
:1041F000620300206C0300207603002000007A4454
:1042000000007AC425332E32660000000000A0C1F1
:104210000000A04100803BC500803B4500401C469B
:10422000CDCC5441CDCC4C3EDC0000202C5256006D
:104230002C4143002C4759002C43534200000000FE
:104240002C565400230000007C0200208001002036
:1042500000008243000082C3000040400AD7233C94
:1042600001E04FF0010841F28830804500D98046D6
:10427000012C00D10027042C00D10026FC4804703A
:1042800046608760FB480068F949C86008460561D8
:10429000A0F814800020C88201200876B9F1000F30
:1042A00006D00320F4490870F4480078F4490870F7
:1042B000BDE8F0872DE9F04780460C461546EC48EE
:1042C000007E20B9002020602860BDE8F08700262D
:1042D0003DE0E74AD168506803F06CFD074627F0DF
:1042E0000049E3480169484603F0F6FF04D8E04876
:1042F0004068DF49C86013E00021384603F0F6FF4C
:1043000007D2DB4A1169D06803F002FDD849C860C2
:1043100006E0D74A1169D06803F04CFDD449C86063
:10432000D348C08AD249898A884204DAD048C08AF0
:10433000401CCF49C882CE48C08ACD49898A88426C
:1043400003DB0020CA49087603E0701CC6B246456C
:10435000BFDB00BFC648C0682060C54880682860D1
:10436000C348007E08B90220AFE70120ADE77CB565
:1043700004460D4616460020C249087001202B460F
:1043800000222146CDE90060FFF7CDFE7CBD2DE97E
:10439000FC4104460D4616461F460FB1012000E0C1
:1043A0000020B84908700020B7490870B749087064
:1043B00001202B4600222146CDE90060FFF7B3FE25
:1043C000BDE8FC8108B1012100E00021AD4A117077
:1043D0000021AD4A1170AD4A117070477CB504469A
:1043E0000D4616460120AA4B2A462146CDE900601B
:1043F0000220FFF798FE7CBD7CB504460D461646AC
:104400000120A34B2A462146CDE900600320FFF797
:104410008AFE7CBD7CB504460D4601209C4B22469D
:104420000021CDE900500420FFF77DFE7CBD70B572
:1044300005460C460021284603F04EFF01D285F0C8
:1044400000450021204603F047FF01D284F00044DC
:10445000904805609048046070BD2DE9F04705461E
:104460000C4616461F46DDF8208025F0004524F056
:1044700000448A4A00212846FFF741FE8849086027
:10448000864A00212046FFF73AFE85494860854864
:104490000680008810B90120824908808148008880
:1044A00041F28831884202D908467E49088027F0C7
:1044B00000497D4A7D494846FFF721FE7C49086056
:1044C000B8F1000F01D0012000E000207949087008
:1044D0000020794908707348008803F072FE824614
:1044E000764903F06DFC81464946754803F09AFC15
:1044F0006B4988606F48007808B1724800E07248E4
:104500006749C86000200861FEF772FF01205A4920
:1045100008705A4800785A49087000206B490860B2
:10452000BDE8F0872DE9FF4F85B0834614461D4650
:104530006749204603F0D0FE00D2654C0021129856
:1045400003F0CAFE01D2002012906249129803F0D3
:10455000CDFE01D25F4812902146594803F062FC1B
:104560000746564903F05EFC06464FF07E51304642
:1045700003F0B2FE01D24FF07E565749304603F0A9
:10458000B5FE00D2544E4FF07C51304603F0C0FBD4
:10459000074603F045FE1FFA80F95049129803F0D0
:1045A0000FFC07463A4903F0B3FB8246284603F066
:1045B0004BFE074605F088FBCDE9000103F070FED5
:1045C0000021029003F092FE01D8012000E00020BB
:1045D0000390039853464A46009058460699FFF7C1
:1045E0003CFF09B0BDE8F08F00B503460A46022043
:1045F00021490870FEF7FCFE394803603948026023
:104600001E4800781E49087000203049086000BD2F
:104610002DE9F05F04460D46D4F80090D5F800A0CF
:10462000314F3249384603F057FE00D8304F3148F9
:10463000D0F800803049404603F058FE60D82F493A
:10464000404603F049FE5BD800200F4908700F4830
:104650000078FF2804D20D480078401C0B490870F0
:104660000A48007804287ED34FF00009CA467AE051
:10467000A00000205001002075000020D400002080
:1046800074000020C6000020C7000020C8000020E1
:104690003333B33E980000209C000020000082438A
:1046A00078000020BC000020000040400AD7233CD6
:1046B000C0000020C4000020C50000200AD7A33B92
:1046C000DB0FC940DA0FC93FDA0FC9BF7000002005
:1046D000CDCCCC3D6666E63E00409C459A99993F1C
:1046E00090000020940000200000C84100003041EC
:1046F000000090414C0100200000204000002041BB
:104700007B49404603F0F2FD28D23946404603F08B
:10471000E3FD23D800207749087077480078FF2808
:1047200004D275480078401C7349087072480078BC
:104730000C2818D37148D0F800907148D0F800A028
:1047400029F0004B6F49584603F03AFB06463146C4
:10475000504603F0CBFD06D2B24604E00020664985
:10476000087064490870C4F80090C5F800A0BDE85E
:10477000F09F1CB5644800680190002000906946D5
:1047800001A8FFF745FF614901980860604900985A
:10479000086000205F4908605F4908601CBD2DE982
:1047A000FF415E4805785E480078281AC6B25C482A
:1047B00005705C48007E40BB5B48007800F001005B
:1047C00058B95A48007810B15948406803E0584831
:1047D000406880F0004007460AE05448007820B165
:1047E0005348406880F0004001E051484068074667
:1047F000002050490988CDE900104D4801684E4815
:104800003A4603680220FFF78EFC02AA03A930464D
:10481000FFF750FD0446022C05D14348007880F094
:1048200001004149087039490398086038490298E5
:104830000860012037490860002037490860BDE85A
:10484000FF817CB53548047835480078201AC5B218
:10485000334804706A4601A92846FFF72BFD064637
:1048600016B90020019000902E480078012807D149
:104870003248007820B1694601A8FFF7C9FE04E07C
:1048800000201D4908701B490870204901980860E4
:104890001F490098086001201E49086000201E4939
:1048A00008607CBD10B526480078E0B1012804D02E
:1048B000022808D0032815D102E0FFF770FF15E0A9
:1048C000FFF7BFFF12E01F480068104908601E484C
:1048D00000680F49086001200E49086000200E4959
:1048E000086003E000BFFFF744FF00BF00BF10BD3A
:1048F00000002041C8000020C700002098000020D0
:104900009C000020CDCC4C3F8C00002050010020AA
:10491000540100206001002048010020D400002044
:1049200074000020A0000020C5000020C40000206A
:1049300078000020BC000020C0000020C60000203D
:1049400075000020900000209400002000B585B084
:10495000012144F20400FBF7EBFF4FF40070ADF8C7
:10496000100018208DF8130003208DF8120004A900
:10497000BB48FBF721FD4FF48060ADF81000042028
:104980008DF8130004A9B648FBF716FD4FF4E1308B
:1049900000900020ADF80400ADF80600ADF8080066
:1049A000ADF80C000C20ADF80A006946AD48FCF7E4
:1049B00074FF0121AB48FCF7FCFF05B000BD08B552
:1049C0004FF48060FBF79CFB27208DF8000004204B
:1049D0008DF8010001208DF802008DF80300684673
:1049E000FBF793FB08BD00B585B001218804FBF7F8
:1049F000ACFF01210820FBF79BFF4FF48060ADF86E
:104A0000100018208DF8130003208DF8120004A95F
:104A10009548FBF7D1FC4FF40060ADF8100004207E
:104A20008DF8130004A99048FBF7C6FCFFF7C7FFF9
:104A30004FF4165000900020ADF80400ADF80600C9
:104A4000ADF80800ADF80C000C20ADF80A0069467E
:104A50008648FCF722FF012240F225518348FCF7EB
:104A6000B4FF01218148FCF7A4FF05B000BD70B57B
:104A700004460D46E1B27B48FDF708F800BF40212F
:104A80007848FDF771F80128F9D1204670BDF0B5DE
:104A900003460D461646002729460A2E03D000205D
:104AA00008702846F0BD33B9302001F8010B002012
:104AB00008702846F6E7002B03DA2D2001F8010BD9
:104AC0005B4242F210720DE093FBF2F404B937B18D
:104AD00004F1300001F8010B04FB123301270A2016
:104AE00092FBF0F2002AEFDC002008702846D9E79C
:104AF0000FB470B586B006460CA8019073E00B9811
:104B000000785C281CD10B98401C0B9000786E2814
:104B100009D072280FD10D213046FCF7B7FF0B9852
:104B2000401C0B900BE00A213046FCF7AFFF0B98BE
:104B3000401C0B9003E00B98401C0B9000BF4BE017
:104B40000B980078252840D10B98401C0B900078DA
:104B5000642818D0732833D1019810C801900BE055
:104B600021783046FCF792FF00BF40213046FCF729
:104B7000FBFF0028F9D0641C20780028F0D10B98A6
:104B8000401C0B9020E0019820C801900A2202A945
:104B90002846FFF77CFF02AC0BE021783046FCF79B
:104BA00075FF00BF40213046FCF7DEFF0028F9D03A
:104BB000641C20780028F0D10B98401C0B9003E077
:104BC0000B98401C0B9000BF06E00B9810F8011BDF
:104BD0000B903046FCF75AFF00BF40213046FCF7EF
:104BE000C3FF0028F9D00B980078002887D106B0C1
:104BF00070BC5DF814FB10B5044621461948FCF75B
:104C000045FF00BF40211748FCF7AEFF0128F9D14E
:104C100010BD10B5044621461448FCF737FF00BF0D
:104C200040211248FCF7A0FF0128F9D110BD70B552
:104C300005462C4603E02078FFF7EBFF641C207844
:104C40000028F8D170BD70B505462C4603E02078E9
:104C5000FFF7D1FF641C20780028F8D170BD000058
:104C60000008014000380140000C014000480040AD
:104C70007FB504460D460121C802FBF759FE41F2FB
:104C80008830ADF8080041F61F40ADF8040001205F
:104C9000ADF80A000020ADF8060001A91148FBF7A5
:104CA0007FFF012241210F48FCF7F1FA19208DF80E
:104CB000000003208DF8010000208DF80200012083
:104CC0008DF803006846FBF720FA7FBD10B501217F
:104CD0000448FCF78AFD18B101210248FCF796FD53
:104CE00010BD0000002C01401FB501213D48FBF71D
:104CF00034FC01210920FBF71BFE0120ADF80C005C
:104D000010208DF80F0003208DF80E0003A93648FF
:104D1000FBF752FB0220ADF80C0028208DF80F00A5
:104D200003A93148FBF748FB01210846FBF75AFC71
:104D30000220019000208DF8080008208DF809005D
:104D400001208DF80A0001A8FBF756FA07208DF81C
:104D5000000003208DF8010001208DF802008DF87D
:104D600003006846FBF7D1F91FBD10B50220FBF721
:104D7000A9FA48B300211D48FCF702FD01211B4898
:104D8000FCF76AFA01201A49086012E01748FCF79C
:104D90001AFD3C2807DB00211448FCF75DFA0020CF
:104DA0001349086005E002210F48FBF798FB104902
:104DB00008600F4800680028E8D100210B48FCF784
:104DC0004BFA0220FBF78FFA10BD10B501210648FF
:104DD000FBF79FFB0C20FDF739FA01210248FBF796
:104DE0009AFB10BD00023000000C0140002C014075
:104DF000E401002000B587B001214FF40170FBF7FA
:104E000097FD4FF40040FBF7F7FC0120ADF80400DC
:104E100000208DF8070001A92348FBF7CDFA2348AD
:104E2000FCF7FCFE002002908DF80C008DF80D00C0
:104E30004FF4602004900020059001208DF81800A8
:104E400002A91A48FCF711FF01211848FCF739FFA5
:104E50001648FCF758FF00BF1448FCF759FF00281C
:104E6000FAD11248FCF75EFF00BF1048FCF75FFF65
:104E70000028FAD107B000BD10B50446072301226F
:104E800021460A48FCF789FF01210848FCF759FF31
:104E900000BF02210548FDF7C5F80028F9D00348F6
:104EA000FCF7E2FF10BD00000008014000240140B3
:104EB0000648804706480047FEE7FEE7FEE7FEE7B4
:104EC000FEE7FEE7FEE7FEE7FEE7FEE74B21000810
:104ED000ED00000838B50446FB4890F82400C0B146
:104EE00014B10220009001E000200090F64A126800
:104EF000D17BF54A526810786B460122FDF713FB0F
:104F000010B14FF0FF3038BD9DF80010EE484174ED
:104F100023E0ED48807A10B94FF0FF30F3E724B179
:104F2000E948407C08B10020EDE714B10120009071
:104F300001E000200090E44A1268D17BE24A526806
:104F400010786B460122FDF7EEFA10B14FF0FF30FA
:104F5000D9E79DF80010DC4841740020D3E738B54C
:104F6000002419E0D8480068C07AA04204D0D6488E
:104F70000068407DA04200D10CE0D3494968087820
:104F80006B4601222146FDF71DFB10B14FF0FF30AB
:104F900038BD00BF601CC4B2CB4840680079A04255
:104FA000E0DC0020F4E770B504460D46C648006812
:104FB000C07AA04204D0C4480068407DA04202D11B
:104FC0004FF0FF3070BDC04840680079A04202DC5D
:104FD0004FF0FF30F6E7BC49496808782B460122BC
:104FE0002146FDF7EFFAEDE738B50446B64890F8EC
:104FF0002300A04201D1002038BD14B13020009020
:1050000001E000200090B048807C20B19DF80000B5
:1050100040F002000090AC4890F8220020B19DF8CA
:10502000000040F080000090A74A1268117DA64A57
:10503000526810786B460122FDF775FA10B14FF0F7
:10504000FF30D9E7A04880F823400020D4E738B5E6
:10505000044604F0700010B10120009005E014B186
:105060000020009001E040200090974A1268917C57
:10507000954A526810786B460122FDF754FA20B128
:10508000002191488172481E38BD9DF8000020F033
:1050900040018D4801730020009004F0400020B9C9
:1050A0009DF8000040F00400009004F0200020B9BA
:1050B0009DF8000040F00200009004F0100020B9BC
:1050C0009DF8000040F00100009004F0080020B9B5
:1050D0009DF8000040F0380000907B4A1268D17CB7
:1050E000794A526810786B460122FDF71CFA20B10C
:1050F000002175488172481EC6E724B1082C02D0F1
:105100000020FFF771FF7048847200210175322082
:10511000FDF7A9F80020B7E738B504466A48807C57
:10512000A04201D1002038BD002C46D0664A12684A
:105130001179654A526810786B460122FDF742FAF0
:1051400010B14FF0FF30EEE79DF8000020F0200096
:1051500000905D4A126811795B4A526810786B467C
:105160000122FDF7E0F910B14FF0FF30DBE703203B
:10517000FDF779F802200090534890F8220020B102
:105180009DF8000040F0800000904F4890F8230008
:1051900020B19DF8000040F0300000904A4A1268AB
:1051A000117D494A526810786B460122FDF7BBF920
:1051B000002851D04FF0FF30B5E7434A126811790B
:1051C000414A526810786B460122FDF7FBF910B195
:1051D0004FF0FF30A7E73C48807A00F0010028B18B
:1051E0009DF8000040F02000009004E09DF80000D1
:1051F00020F020000090344A12681179324A526837
:1052000010786B460122FDF78EF910B14FF0FF3098
:1052100089E70320FDF727F82B4890F8220010B10A
:105220008020009001E000200090274890F82300A3
:1052300020B19DF8000040F030000090224A126832
:10524000117D214A526810786B460122FDF76BF9F7
:1052500010B14FF0FF3066E71B488474002062E70E
:1052600008B51948807A10B94FF0FF3008BD00200A
:105270000090154A1268D17B134A526810786B4629
:105280000122FDF750F910B14FF0FF30EEE70E4A62
:10529000126851790C4A526810786B460122FDF76A
:1052A00042F910B14FF0FF30E0E7074A1268117978
:1052B000054A526810786B460122FDF734F928B18F
:1052C0004FF0FF30D2E70000E8010020F74890F8E7
:1052D0002400002853D00C200090F44A1268117961
:1052E000F24A526810786B460122FDF71CF910B1A2
:1052F0004FF0FF30BAE73220FCF7B5FFC020009036
:10530000EA48807A00F0010020B19DF8000040F0EA
:1053100020000090E54A12681179E44A526810783A
:105320006B460122FDF7FFF810B14FF0FF309DE70B
:10533000DE48407C10B10220009001E00020009087
:10534000DA4A1268D17BD94A526810786B4601223A
:10535000FDF7E9F810B14FF0FF3087E7002000902B
:10536000D24A12685179D14A526810786B460122AC
:10537000FDF7D9F8002855D04FF0FF3076E704202C
:105380000090CA4A12681179C84A526810786B4670
:105390000122FDF7C8F810B14FF0FF3066E7C348AF
:1053A000807C20B9C148807A00F0010010B940200B
:1053B000009001E060200090BC4A12681179BB4A5D
:1053C000526810786B460122FDF7ADF810B14FF02E
:1053D000FF304BE73220FCF746FFB448407C10B169
:1053E0000120009001E000200090B04A1268D17BBB
:1053F000AE4A526810786B460122FDF794F810B15E
:105400004FF0FF3032E7A94A12685179A74A526833
:105410001078A64B10330122FDF785F810B14FF03C
:10542000FF3023E7002021E770B50446002624F072
:1054300001049E4890F8240008B1002070BD9B48EC
:10544000807A10B94FF0FF30F8E79848057C807AF1
:105450002040964908740846007CA04202D04FF0D4
:10546000FF3600E0002614B99048007D18B10120F5
:10547000FFF730FD02E00020FFF72CFD3CB1FFF705
:10548000EFFE20B1894805744FF0FF30D6E7304673
:10549000D4E738B504468548807A10B94FF0FF301C
:1054A00038BDBC2C02DB0120009015E0622C02DB31
:1054B0000220009010E02A2C02DB032000900BE079
:1054C000142C02DB0420009006E00A2C02DB0520ED
:1054D000009001E0062000907448C07A9DF800100A
:1054E000884201D10020DBE7704A126891786F4A48
:1054F000526810786B460122FDF715F810B14FF095
:10550000FF30CDE79DF800106848C1720020C7E762
:1055100038B50446282C02DD4FF0FF3038BDDCB929
:105520000020FFF761FD00208DF8000007208DF8B6
:1055300001005E4A1268917C5C4A526810786B46A2
:105540000222FCF7F0FF10B14FF0FF30E6E7002138
:10555000564801750020E1E70120FFF745FD2020B6
:105560008DF80000012C06D100208DF801000520E7
:10557000FFF78FFF17E0052C06DC01208DF80100F6
:105580000520FFF786FF0EE0142C06DC02208DF8C4
:1055900001000A20FFF77DFF05E003208DF80100E0
:1055A0001420FFF776FF9DF80100072101EB801022
:1055B000C0B28DF801003D4A1268917C3B4A5268A6
:1055C00010786B460222FCF7AEFF10B14FF0FF30AF
:1055D000A4E708213548817200210173012101757A
:1055E0000020FFF721FF002098E738B504462F4838
:1055F000807A10B94FF0FF3038BD2C4890F8240065
:1056000010B14FF0FF30F7E72848007D50B134B1BA
:10561000282C04DCE0B2FFF77BFF0020ECE7002041
:10562000FFF776FF042C01DA042404E0B4F57A7F56
:1056300001DD4FF47A744FF47A7090FBF4F0401E61
:10564000C0B20090194A12685178184A526810780E
:105650006B460122FCF767FF10B14FF0FF30CBE73C
:105660009DF80000401C4FF47A7191FBF0F081B27C
:105670000E48C1810146C9894810FFF70AFF002082
:10568000BAE738B504460948807A10B94FF0FF30C0
:1056900038BD022C06D0042C0AD0082C0BD0102CBC
:1056A0000FD10BE0002000900EE00000E801002088
:1056B0000820009008E01020009005E018200090DD
:1056C00002E04FF0FF30E3E700BFF848407A9DF872
:1056D0000010B0EBE10F01D10020D9E7F34A1268C6
:1056E000D179F24A526810786B460122FCF71BFF11
:1056F00010B14FF0FF30CBE79DF80000C110EB4830
:1057000041720020C4E738B50446E848807A10B9F1
:105710004FF0FF3038BDFA2C09D0B4F5FA7F09D02C
:10572000B4F57A7F09D0B4F5FA6F0CD108E0002007
:1057300000900BE00820009008E01020009005E0A9
:105740001820009002E04FF0FF30E3E700BFD74899
:10575000007A9DF80010B0EBE10F01D10020D9E7ED
:10576000D24A12689179D14A526810786B46012268
:10577000FCF7D9FE10B14FF0FF30CBE79DF80000E9
:10578000C010CA4908720020C4E71CB580208DF8FB
:105790000000C64A1268917CC44A526810786B4671
:1057A0000122FCF7C0FE10B14FF0FF301CBD642099
:1057B000FCF759FD00208DF80000BC4A1268917C6E
:1057C000BA4A526810786B460122FCF7ACFE10B161
:1057D0004FF0FF30EAE7B54A1268917DB34A52684C
:1057E00010786B460622FCF7EDFE10B14FF0FF304B
:1057F000DCE79DF80500C007400F9DF8031001F09D
:10580000010140EA41009DF8011001F0010140EA68
:1058100001048CB1012C03D10121A448C17430E0F2
:10582000022C03D10021A148C1742AE0A0A0FFF7F7
:105830000AFA4FF0FF30B9E79C4A1268D1789B4AC8
:10584000526810786B460122FCF7BCFE10B14FF095
:10585000FF30ABE79DF8000000F00F042CB99E4824
:10586000FFF7F1F94FF0FF30A0E7042C06D19BA021
:10587000FFF7E9F901218D48C17402E000218B484E
:10588000C174FF2189488172FF2088490872FF2175
:1058900086484172C1724FF6FF71C181FF210174C8
:1058A00081740121017380F82210002180F82310F7
:1058B000417501751630016041608160163880F8CD
:1058C000241080F82510C1844FF4FA60FFF71BFF05
:1058D00010B14FF0FF3069E70220FFF7D2FE10B1A0
:1058E0004FF0FF3062E72A20FFF7D3FD10B14FF0F1
:1058F000FF305BE73220FFF778FE10B14FF0FF304A
:1059000054E70020FFF790FD10B14FF0FF304DE756
:105910000020FFF701FC10B14FF0FF3046E70020F8
:10592000FFF795FB002041E77CB504460D465F4834
:10593000807A00F0700010B94FF0FF307CBD5B4AF8
:105940001268117B594A526810786B460622FCF7A0
:1059500039FE10B14FF0FF30F0E79DF801009DF8DF
:10596000001040EA012000B220809DF803009DF85D
:10597000021040EA012000B260809DF805009DF809
:10598000041040EA012000B2A08015B12846FCF7BF
:1059900076FC0020D2E77CB504460D464348807A69
:1059A00000F0080010B94FF0FF307CBD3F4A12688C
:1059B000517B3E4A526810786B460622FCF702FE85
:1059C00010B14FF0FF30F0E79DF801009DF8001096
:1059D00040EA012000B220809DF803009DF80210EB
:1059E00040EA012000B260809DF805009DF8041097
:1059F00040EA012000B2A08015B12846FCF73FFC28
:105A00000020D2E72DE9FE4F05460C462748807A54
:105A100018B94FF0FF30BDE8FE8F244A1268917B21
:105A2000224A5268107802AB0222FCF7CBFD10B17B
:105A30004FF0FF30EFE79DF809009DF8081040EAAD
:105A4000012006B214B12046FCF719FC1749496839
:105A5000C88802F0B6FB154901904968B1F9080001
:105A600002F0A6FB8346304602F0A2FB59460090A6
:105A700002F0A0F98246019902F0D4F981461F494B
:105A800002F046F980464FF08F4102F099F907463F
:105A900002F0ADFB28600020BDE710B588B00446D9
:105AA0001CB94FF0FF3008B010BD29E0E80100201C
:105AB000556E737570706F7274656420736F667461
:105AC000776172652070726F647563742072657699
:105AD0002025642E0A00000030AC000848616C6686
:105AE0002073656E73697469766974792070617268
:105AF0007420666F756E642E0A00000000000C4270
:105B0000206830B9606820B9A06810B9002008B0DA
:105B100010BDFA494968087806AB03221146FCF724
:105B200051FD10B14FF0FF30F1E79DF8180008214A
:105B300001EB201000F00F00ADF800009DF81900F7
:105B400001EB201000F00F00ADF802009DF81A00E4
:105B500001EB201000F00F00ADF8040020684100B8
:105B6000BDF90000403091FBF0F000B2ADF810003C
:105B700060684100BDF90200403091FBF0F000B2D6
:105B8000ADF81200A0684100BDF90400403091FB5F
:105B9000F0F000B2ADF81400D8494968087806ABB7
:105BA00006221146FCF70EFD10B14FF0FF30AEE7B4
:105BB0009DF819009DF8181040EA012000B2ADF8D8
:105BC00008009DF81B009DF81A1040EA012000B261
:105BD000ADF80A009DF81D009DF81C1040EA012058
:105BE00000B2ADF80C00BDF81000BDF80810084474
:105BF00000B2ADF81000BDF81200BDF80A1008445C
:105C000000B2ADF81200BDF81400BDF80C10084445
:105C100000B2ADF81400BDF81000000A8DF81800AD
:105C2000BDF81000C0B28DF81900BDF81200000ACE
:105C30008DF81A00BDF81200C0B28DF81B00BDF837
:105C40001400000A8DF81C00BDF81400C0B28DF8D5
:105C50001D00AA494968087806AB06221146FCF7E0
:105C600062FC10B14FF0FF3051E700204FE70146D2
:105C7000A248007A30B1012807D0022809D00328B1
:105C80000FD10AE0FA2008800EE04FF4FA70088085
:105C90000AE04FF47A70088006E04FF4FA6008805A
:105CA00002E00020088000BF00BF002070470146CE
:105CB0009248407A30B1012807D0022808D0032842
:105CC0000CD108E0022008700BE00420087008E006
:105CD0000820087005E01020087002E04FF0FF3047
:105CE000704700BF8548C07C18B108784006000E98
:105CF00008700020F4E701468048C07A082817D2CF
:105D0000DFE800F01704070A0D101318BC20088004
:105D100013E06220088010E02A2008800DE01420A3
:105D200008800AE00A20088007E00520088004E0D7
:105D300000BF00BF0020088000BF00BF00207047E8
:105D400001466E4890F8240010B14FF0FF307047C4
:105D50006A48C08908800020F9E7014600200880D1
:105D6000401E704701464FF0FF30704701466348C0
:105D7000007A30B1012807D0022808D003280CD1BE
:105D800008E05F4808600BE05E48086008E05E4895
:105D9000086005E05D48086002E04FF0FF307047A2
:105DA00000BF0020FBE701465448407A30B101288B
:105DB00008D002280AD0032810D10BE04FF480400D
:105DC00008800EE041F69C7008800AE04FF4805095
:105DD000088006E04FF40060088002E04FF0FF30DA
:105DE000704700BF4548C07C10B10888401008804B
:105DF0000020F5E701464148007C0870002070470C
:105E000001463E48807A10B10120087001E0002070
:105E100008700020704738B504463848807A10B9B9
:105E20004FF0FF3038BD354A1268117C334A526852
:105E300010786B460222FCF7C5FB10B14FF0FF3023
:105E4000F0E79DF801009DF8001040EA012000B243
:105E500020800020E6E72DE9FE4F0746884692465F
:105E60001D46DDF830B000260024244890F82400B8
:105E700010B1601EBDE8FE8F002028701F48807A98
:105E800010B94FF0FF30F5E71C48007C10B94FF017
:105E9000FF30EFE71948007C00F0400008B1B01C6B
:105EA000C6B21648007C00F0200008B1B01CC6B293
:105EB0001248007C00F0100008B1B01CC6B20F48B8
:105EC000007C00F0080008B1B01DC6B20B4A126891
:105ED000917A0A4A526810786B460222FCF772FBEC
:105EE00010B14FF0FF30C5E79DF801009DF800109C
:105EF00040EA0129B1450BDA0020BBE7E8010020A8
:105F000000000343000083423333034233338341B1
:105F1000FC4840684088B9EB600F17DDF94A126809
:105F2000517CF84A526810786B460122FCF74AFB14
:105F300010B14FF0FF309DE79DF8000000F0100019
:105F400020B1FFF78DF96FF0010093E75046FCF7A1
:105F500096F9EC4A1268D17AEA4A526810786B4690
:105F60003246FCF72FFB10B14FF0FF3082E799FB70
:105F7000F6F0401E8BF8000000202870B4422AD0B2
:105F8000E048007C00F0080028B3601C1DF8000009
:105F90001DF8041040EA012000B2A8F80000E01C3F
:105FA0001DF80010A01C1DF8000041EA002000B2FE
:105FB000A8F80200601D1DF80010201D1DF800004B
:105FC00041EA002000B2A8F80400287840F0080058
:105FD0002870A01D84B2B44213D0CA48007C00F0DF
:105FE000400070B1601C1DF800001DF8041040EA6C
:105FF000012000B23880287840F040002870A01CB2
:1060000084B2B44213D0BF48007C00F0200070B1CD
:10601000601C1DF800001DF8041040EA012000B2C9
:106020007880287840F020002870A01C84B2B44208
:1060300013D0B448007C00F0100070B1601C1DF853
:1060400000001DF8041040EA012000B2B880287852
:1060500040F010002870A01C84B200200AE7F8B5B8
:1060600004460F461646A74890F8240010B94FF092
:10607000FF30F8BDA348807A10B94FF0FF30F8E741
:10608000A04A1268917A9F4A526810786B460222A1
:10609000FCF798FA10B14FF0FF30EAE79DF80100E5
:1060A0009DF8001040EA0125A54203DA0020307077
:1060B000401EDEE7934840684088B5EB600F17DD6F
:1060C000904A1268517C8F4A526810786B460122C0
:1060D000FCF778FA10B14FF0FF30CAE79DF80000E6
:1060E00000F0100020B1FFF7BBF86FF00100C0E72F
:1060F000E2B2844B1B68D97A824B5B6818783B46C6
:10610000FCF760FA10B14FF0FF30B2E795FBF4F006
:10611000401E30700020ACE701467A4880F822101B
:10612000002070477CB5054676494968087801AB80
:1061300004220D21FCF746FA08B107207CBD9DF82A
:106140000700C0F301109DF8041001F0E00140EADF
:10615000E1008DF800009DF80700C0F381009DF874
:10616000051001F0E00140EAE1008DF801009DF822
:10617000070000F003009DF8061001F0E00140EA7E
:10618000E1008DF8020000241CE01DF8040018B99D
:10619000002045F8240013E05B4845F8240006E0A1
:1061A00055F82400594901F00BFE45F824001DF86C
:1061B0000400401EC0B20DF804000028F0D100BF5A
:1061C000601CC4B2032CE0DB0020B7E72DE9FE4FD2
:1061D00006460F4600256846FFF7A4FF002442E06C
:1061E00056F8240057F82410A0EB010ABAF1000F6A
:1061F00001DB514601E0CAF10001084601F0D8FF79
:1062000083464FF08F4101F00DFE80465DF824007B
:10621000002102F061F816D05DF82410404601F02C
:1062200001FE82464FF07E5101F0C4FD814629F007
:10623000004A3748416A504602F058F812D201200D
:10624000A04005430EE03248C169404602F044F8E0
:1062500005D32F48016A404602F048F802D20120D7
:10626000A0400543641C032CBADB2846BDE8FE8F22
:106270002DE9FC5F06460F4600252249496808784B
:1062800001AB03220D21FCF79DF910B10720BDE8F9
:10629000FC9F9DF8040000F01F008DF804009DF89D
:1062A000050000F01F008DF805009DF8060000F0C5
:1062B0001F008DF80600002462E056F8240057F80D
:1062C0002410A0EB010BBBF1000F01DB594601E0EC
:1062D000CBF10001084601F06BFF4FF08F410090B9
:1062E00001F0A0FD814601A8005DC0B3084908681F
:1062F00001F067FF83465946064801F093FD80464A
:106300000FE00000E80100207B14AE3E1D5A843FE0
:10631000009E000800B04C45FE49404601F050FD8B
:10632000804601A8005D401EC0B201A908550028A2
:10633000F2D14146484601F075FD83464FF07E514B
:1063400001F038FD82462AF0004BF3488169584637
:1063500001F0CCFF13D20120A04005430FE0FFE77E
:10636000ED480169484601F0B7FF05D3EA484169A5
:10637000484601F0BBFF02D20120A0400543641C47
:10638000032C9ADB284682E72DE9F04F87B00546BB
:106390000C46914601208DF8100000208DF8110068
:1063A000DE4A1268917CDD4A5268107804AB022202
:1063B000FCF7B9F820B14FF0FF3007B0BDE8F08F1F
:1063C000C820FBF750FF00208DF81000D34A126858
:1063D000D17BD24A5268107804AB0122FCF7A3F8B3
:1063E00010B14FF0FF30E8E7CC4A12685179CB4A40
:1063F0005268107804AB0122FCF795F810B14FF009
:10640000FF30DAE7C54A1268917CC44A52681078B6
:1064100004AB0122FCF787F810B14FF0FF30CCE756
:10642000BE4A1268D17DBD4A5268107804AB012281
:10643000FCF779F810B14FF0FF30BEE7B74A1268A9
:106440001179B64A5268107804AB0122FCF76BF858
:1064500010B14FF0FF30B0E70C208DF81000AF4ABC
:1064600012681179AD4A5268107804AB0122FCF72A
:106470005AF810B14FF0FF309FE70F20FBF7F3FE03
:10648000A648806A407A8DF81000A44A1268917874
:10649000A24A5268107804AB0122FCF744F810B10C
:1064A0004FF0FF3089E79D48806A007A8DF8100030
:1064B0009A4A12685178994A5268107804AB0122BE
:1064C000FCF731F810B14FF0FF3076E7B9F1000F6B
:1064D00007D09248806A807A40F0E0008DF8100082
:1064E00004E08E48806A807A8DF810008B4A12682A
:1064F00091798A4A5268107804AB0122FCF713F8AC
:1065000010B14FF0FF3058E7B9F1000F07D08348C2
:10651000806AC07A40F0E0008DF8100003E07E4809
:10652000C07A8DF810007D4A1268D1797B4A526892
:10653000107804AB0122FBF7F6FF10B14FF0FF30EB
:106540003BE7B9F1000F02D0C820FBF78CFE4020DA
:106550008DF81000714A12681179704A52681078EB
:1065600004AB0122FBF7DFFF10B14FF0FF3024E74F
:1065700078208DF81000694A12685179674A52688C
:10658000107804AB0122FBF7CEFF10B14FF0FF30C3
:1065900013E761498889FBF766FE00208DF810003B
:1065A0005E4A126851795D4A5268107804AB012244
:1065B000FBF7B9FF10B14FF0FF30FEE6574A126803
:1065C000917A564A5268107804AB0222FBF7FAFF20
:1065D00010B14FF0FF30F0E69DF811009DF810105B
:1065E00040EA012B0C209BFBF0F0C6B20020A86013
:1065F00068602860A06060602060824665E0474A6D
:106600001268D17A454A5268107804AB0C22FBF725
:10661000D9FF10B14FF0FF30CFE69DF811009DF883
:10662000101040EA012000B2ADF808009DF81300F8
:106630009DF8121040EA012000B2ADF80A009DF862
:1066400015009DF8141040EA012000B2ADF80C00CE
:10665000BDF90810206808442060BDF90A10606880
:1066600008446060BDF90C10A0680844A0609DF863
:1066700017009DF8161040EA012000B2ADF80000A6
:106680009DF819009DF8181040EA012000B2ADF8FD
:1066900002009DF81B009DF81A1040EA012000B28C
:1066A000ADF80400BDF90010286808442860BDF961
:1066B0000210686808446860BDF90410A8680844BE
:1066C000A8600AF1010000F0FF0AB24597DB12480A
:1066D000D0F800C02868C117090441EA1041070436
:1066E00062460023384601F0A5FA32460023CDE980
:1066F000020101F09FFA28600748D0F800C06868DE
:10670000C117090441EA10410704624600233846D4
:1067100006E0000054E3853F009E0008E8010020E9
:1067200001F088FA32460023CDE9020101F082FA35
:106730006860FE48D0F800C0A868C117090441EAA3
:106740001041070462460023384601F073FA3246CE
:106750000023CDE9020101F06DFAA860F348D0F8FA
:1067600004C02168C817000440EA11480F046246BB
:1067700000233846414601F05DFA32460023CDE958
:10678000020101F057FA2060E848D0F804C06068C0
:10679000C117090441EA1041070462460023384644
:1067A00001F048FA32460023CDE9020101F042FA35
:1067B0006060DE48D0F804C0A068C117090441EA4F
:1067C0001041070462460023384601F033FA32468E
:1067D0000023CDE9020101F02DFAA060A068002895
:1067E00004DDA068A0F58030A06003E0A06800F59B
:1067F0008030A0600020E0E538B50446CC4890F831
:106800002400A04201D1002038BD24B3C84890F82C
:10681000250010B94FF0FF30F6E70020FEF75AFBD5
:106820000020FEF779FCC249C88CFEF7DEFE00208E
:106830000090BF49496808786B4601222321FBF785
:1068400072FE0121BA4880F824100120FEF742FBB5
:10685000FEF706FD13E00020FEF73CFBB448007C89
:106860000090B349496808786B4601222321FBF761
:106870005AFE0021AE4880F82410FEF7F1FC0020FB
:10688000C2E72DE9F04F8DB083460F4602200C90F1
:10689000A74890F8240020B10020FFF7ADFF0126A3
:1068A00000E0002603A8FFF7E2F905A8FFF7FFF9CB
:1068B00001A8FFF720FA02A8FFF742FA9C4890F8D7
:1068C0000AA004A8FFF796FA002407E00022394640
:1068D0005846FFF759FD00B902E0641C022CF5DBB5
:1068E00000BF022C01D1002528E0002407E001228E
:1068F00006A909A8FFF748FD00B902E0641C022CB4
:10690000F5DB00BF022C01D1002517E006A93846AF
:10691000FFF75CFC00F0FF0809A95846FFF7A8FC48
:1069200000F0FF090025B9F1000F01D145F0010584
:10693000B8F1000F01D145F0020500BFFF207C49EE
:106940000872FF217A484172C1724FF6FF71C1810E
:10695000FF218172017401210173BDF80C00FEF763
:10696000D2FE9DF81400FEF78CFEBDF80400FEF781
:1069700090FDBDF80800FEF738FE5046FEF767FBB5
:106980009DF81000FEF750FD16B10120FFF734FF0F
:1069900028460DB0BDE8F08FF8B504460D46164602
:1069A00016B94FF0FF30F8BD6148807A10B94FF04A
:1069B000FF30F8E720128DF80000E0B28DF80100FA
:1069C0009DF8010028445A4949684989884202DDF6
:1069D0004FF0FF30E7E7564A1268117E544A52687A
:1069E00010786B460222FBF79EFD10B14FF0FF308E
:1069F000D9E7EAB24E4B1B68597D4D4B5B6818785E
:106A00003346FBF790FD10B14FF0FF30CBE700208D
:106A1000C9E7F8B504460D46164616B94FF0FF30E3
:106A2000F8BD4348807A10B94FF0FF30F8E72012E4
:106A30008DF80000E0B28DF801009DF801002844B7
:106A40003B4949684989884202DD4FF0FF30E7E75A
:106A5000374A1268117E364A526810786B46022215
:106A6000FBF761FD10B14FF0FF30D9E7EAB2304BD0
:106A70001B68597D2E4B5B6818783346FBF7A2FDE7
:106A800010B14FF0FF30CBE70020C9E72DE9F0430C
:106A900085B005460E4690469946254890F8250053
:106AA00020B14FF0FF3005B0BDE8F08316B94FF0CC
:106AB000FF30F8E7002423E0281B102801DD102018
:106AC00000E0281B87B2321939462046FFF764FFE1
:106AD00010B14FF0FF30E6E701AA39462046FFF734
:106AE00098FF10B14FF0FF30DDE730193A4601A9A9
:106AF00001F001F910B16FF00100D4E7E01984B2A0
:106B0000AC42D9DB4FEA28208DF8000008F0FF00E6
:106B10008DF80100064A1268917E054A5268107885
:106B20006B460222FBF7FFFC38B103E0009E000831
:106B3000E80100204FF0FF30B5E701218A4880F8D6
:106B40002510A0F826900020ADE70146864890F871
:106B5000240008700020704702464FF0FF30704755
:106B600001464FF0FF307047F8B505460F46144612
:106B7000002C70D0B5F5FF5F01DDFF2605E0202D6C
:106B800001DA012601E0C5F3471607B90127282CD1
:106B900002DD4FF0FF30F8BD7348407D28BB7248DE
:106BA00090F8240038B10020FFF726FE01216E483E
:106BB00080F8201003E000216B4880F820106A481C
:106BC0001630FFF754F868481830FFF770F8664839
:106BD0001A30FFF790F864481C30FFF7B1F86248AC
:106BE000817A81771F30FFF705F90020FEF772F9EF
:106BF0000020FEF78DFC00208DF800005A4A126834
:106C00009178594A526810786B460122FBF78BFC49
:106C100010B14FF0FF30BEE740208DF80000524A1F
:106C20001268D17B504A526810786B460122FBF7FC
:106C30007AFC00B165E08DF800608DF801704A4A79
:106C40001268117A484A526810786B460222FBF7A4
:106C50006AFC08B155E047E00520FBF704FB424819
:106C6000407A072101EBC000C0B28DF800003E4A17
:106C70001268D1793C4A526810786B460122FBF7C2
:106C800052FC00B13DE020208DF80000012C03D122
:106C900000208DF801000EE0052C03DC01208DF8AA
:106CA000010008E0142C03DC02208DF8010002E052
:106CB00003208DF801009DF80100072101EB8010F1
:106CC000C0B28DF80100284A1268917C264A5268A9
:106CD00010786B460222FBF726FC00B111E001217F
:106CE00021484175002056E71F4A1632002103E073
:106CF000505C00B105E0491C0C29F9D34FF0FF307E
:106D000049E7FF2018490872FF2117484172C172F4
:106D10004FF6FF71C181FF2181720174012101735E
:106D20000146887FFEF793F90F49C88AFEF7EBFC0E
:106D30000D49087EFEF7A5FC0B49488BFEF7A9FB21
:106D40000949888BFEF751FC0749C87FFEF76CFBA9
:106D5000054890F8200010B10120FFF74DFD0021FB
:106D600001484175002016E7E801002010B5C8234E
:106D70004FF48062F74940F6F630FFF787FE10BD0A
:106D800010B586B00446F4A000680390F3A0006834
:106D90000290F3A000680190F2A00068009004F057
:106DA000030003A9085C8DF8140003A8C4F3C10113
:106DB000405C8DF8150003A8C4F38111405C8DF888
:106DC000160004F0030002A9085C8DF8100002A868
:106DD000C4F3C101405C8DF8110002A8C4F3811115
:106DE000405C8DF8120005AA032140F22640FFF70F
:106DF000D3FD18B14FF0FF3006B010BD04AA032137
:106E000040F22A40FFF7C8FD10B14FF0FF30F3E722
:106E1000019805900098049004F0040058B19DF882
:106E2000140040F001008DF814009DF8100040F0AF
:106E300001008DF8100004F0200058B19DF81500F5
:106E400040F001008DF815009DF8110040F00100A0
:106E50008DF8110004F4807058B19DF8160040F0D0
:106E600001008DF816009DF8120040F001008DF829
:106E7000120005AA03214FF48860FFF78DFD10B1C1
:106E80004FF0FF30B8E704AA032140F23140FFF78A
:106E900083FD10B14FF0FF30AEE7B348048100200E
:106EA000AAE71FB50446B048007A00F0030054F882
:106EB00020000190AC48007A00F0040010B1019865
:106EC00040420190A848007AC0F3C10054F8200065
:106ED0000290A548007A00F0200010B102984042CC
:106EE0000290A148007AC0F3811054F8200003906A
:106EF0009D48008900F4807010B1039840420390CF
:106F00009A49019880FB0101800F40EA81000190BD
:106F10009649029880FB0110820042EA917002902B
:106F20009249039880FB0110820042EA917003901D
:106F30000198000E8DF800000198000C8DF80100FA
:106F40000198000A8DF802000198C0B28DF8030084
:106F50006A4604214FF47470FFF71EFD18B14FF01C
:106F6000FF3004B010BD0298000E8DF800000298AA
:106F7000000C8DF801000298000A8DF802000298BA
:106F8000C0B28DF803006A4604214FF47570FFF714
:106F900003FD10B14FF0FF30E3E70398000E8DF8CA
:106FA00000000398000C8DF801000398000A8DF88A
:106FB00002000398C0B28DF803006A4604214FF422
:106FC0007670FFF7E9FCCCE770B588B0064601A8FB
:106FD000FEF7E9FEBDF804000021C90341EA50456F
:106FE000C4036148007A00F0030056F820000590C1
:106FF0005D48007A00F0040010B105984042059009
:107000005948007AC0F3C10056F82000069056484F
:10701000007A00F0200010B10698404206905248D5
:10702000007AC0F3811056F8200007904E4800897E
:1070300000F4807010B10798404207900598C1177E
:10704000A0FB042301FB043100FB0510810041EA91
:10705000927005900698C117A0FB042301FB043130
:1070600000FB0510810041EA927006900798C11755
:10707000A0FB042301FB043100FB0510810041EA61
:10708000927007900598000E8DF808000598000C86
:107090008DF809000598000A8DF80A000598C0B21D
:1070A0008DF80B000698000E8DF80C000698000C69
:1070B0008DF80D000698000A8DF80E000698C0B2F3
:1070C0008DF80F000798000E8DF810000798000C3F
:1070D0008DF811000798000A8DF812000798C0B2C9
:1070E0008DF8130002AA0C214FF42570FFF754FC11
:1070F00008B070BD30B585B004461DA207CA02AB0A
:1071000007C3C82C03DD4FF0FF3005B030BDC820E9
:1071100090FBF4F0401E85B2280A8DF80000E8B21A
:107120008DF801006A46022140F21620FFF734FC78
:1071300010B14FF0FF30E8E702AA0C2140F6C12061
:10714000FFF72AFC10B14FF0FF30DEE706488481DC
:107150000020DAE7289E00084CCD6C000CC92C00FA
:1071600036567600264666009003002009E3CA02E0
:10717000FEF2ABC4AAF1DFDFBBAFDFDF0146FC48A4
:1071800080890880002070472DE9FC4706460F469D
:1071900006F0070010B1B7F5C86F03DD4FF0FF3000
:1071A000BDE8FC87384601F00CF88146F14900F053
:1071B00039FE80466846FEF77AFD9DF800000228F9
:1071C00006D0042816D0082826D0102848D135E04B
:1071D0004FF08D41404600F0F3FD814601F020F86C
:1071E00084B2E549404600F0EBFD814601F018F815
:1071F00085B238E04FF08C41404600F0E1FD814619
:1072000001F00EF884B2DD49404600F0D9FD814618
:1072100001F006F885B226E04FF08B41404600F0C1
:10722000CFFD814600F0FCFF84B2D549404600F016
:10723000C7FD814600F0F4FF85B214E04FF08A41AB
:10724000404600F0BDFD814600F0EAFF84B2CD4922
:10725000404600F0B5FD814600F0E2FF85B202E055
:107260004FF0FF309CE700BF20128DF80400E0B221
:107270008DF8050028128DF80600E8B28DF8070099
:1072800006F00100A0B101AA02214FF4EA70FFF755
:1072900083FB10B14FF0FF3082E70DF106020221AF
:1072A0004FF49270FFF778FB10B14FF0FF3077E7A3
:1072B00006F00200A0B101AA02214FF4EC70FFF722
:1072C0006BFB10B14FF0FF306AE70DF106020221AF
:1072D0004FF49470FFF760FB10B14FF0FF305FE7A1
:1072E00006F00400A0B101AA02214FF4EE70FFF7EE
:1072F00053FB10B14FF0FF3052E70DF106020221AF
:107300004FF49670FFF748FB10B14FF0FF3047E79E
:10731000002045E738B504460020009004F0010045
:1073200020B19DF8000040F03000009004F0020011
:1073300020B19DF8000040F00C00009004F0040023
:1073400020B19DF8000040F0030000906A46012142
:107350004FF4A470FFF720FB38BD38B50446012C6C
:1073600001DA012402E0042C00DD0424601EC0B216
:1073700000906A46012140F24F10FFF70DFB38BD27
:1073800038B50446052094FBF0F085B228128DF83C
:107390000000E8B28DF801006A4602214FF4EF7058
:1073A000FFF7FAFA38BD38B50446052094FBF0F033
:1073B00085B228128DF80000E8B28DF801006A4607
:1073C00002214FF4ED70FFF7E7FA38BDF8B5054636
:1073D0000E464FF47A7095FBF0F000FB06F4200E99
:1073E0008DF80000200C8DF80100200A8DF80200B5
:1073F000E0B28DF803006A4604214FF4AE70FFF747
:10740000CBFAF8BD38B50446052094FBF0F084B201
:1074100020128DF80000E0B28DF801006A460221CA
:107420004FF4AD70FFF7B8FA38BD38B50446052003
:1074300094FBF0F084B220128DF80000E0B28DF8D9
:1074400001006A4602214FF4AC70FFF7A5FA38BD7F
:1074500038B5044614B94FF0FF3038BD6A460421F0
:107460004FF45870FFF7D5FA10B14FF0FF30F4E742
:107470009DF8000000069DF8011040EA01409DF8CB
:10748000021040EA01209DF803100843206000200C
:10749000E3E738B50446200E8DF80000200C8DF887
:1074A0000100200A8DF80200E0B28DF803006A4660
:1074B00004214FF45870FFF76FFA38BD38B5044611
:1074C00014B94FF0FF3038BD6A4604214FF4717093
:1074D000FFF79FFA10B14FF0FF30F4E79DF800007E
:1074E00000069DF8011040EA01409DF8021040EAB4
:1074F00001209DF80310084300EB8000800020600D
:107500000020E0E738B504461420B4FBF0F4200E68
:107510008DF80000200C8DF80100200A8DF8020083
:10752000E0B28DF803006A4604214FF47170FFF752
:1075300033FA38BD38B5044664B120208DF8000018
:1075400028208DF8010030208DF8020038208DF8B9
:10755000030004E0A3220421684600F0AEFB6A4663
:10756000042140F69E20FFF717FAFDF779FE38BD9B
:107570009003002000004843000040460000C04542
:10758000000040450000C04438B5044664B1C02046
:107590008DF80000C2208DF80100C4208DF8020093
:1075A000C6208DF8030004E08B220421684600F019
:1075B00084FB6A46042140F69820FFF7EDF9FDF7B9
:1075C0004FFE38BD3EB504466CB1FDA1D1E90020A7
:1075D0008968CDE9002002916A4609214FF497603D
:1075E000FFF7DAF93EBDF9A2D2E900109268CDE9C1
:1075F000010200916A4609214FF49760FFF7CCF928
:10760000F0E73EB5044602208DF80000CA208DF850
:107610000100E3208DF8020009208DF803006A467E
:1076200004216820FFF7B8F9A3208DF8000004F0CA
:10763000400048B1C0208DF80100C8208DF802003C
:10764000C2208DF8030006E0A3208DF801008DF81C
:1076500002008DF8030004F4C07048B1C4208DF816
:107660000400CC208DF80500C6208DF8060006E049
:10767000A3208DF804008DF805008DF80600A320E6
:107680008DF807008DF808008DF809006A460A2178
:1076900040F6A720FFF780F904F0030018B120207E
:1076A0008DF8000002E0D8208DF800006A46012124
:1076B00040F6B620FFF770F904F0200018B1012061
:1076C000FFF780FF02E00020FFF77CFF04F4C070AA
:1076D00008B304F4807060B1B2208DF800008B20F4
:1076E0008DF80100B6208DF802009B208DF8030074
:1076F0000BE0B0208DF8000080208DF80100B42050
:107700008DF8020090208DF803006A46042140F6AF
:10771000A220FFF741F904F0010020B3F8208DF812
:1077200000006A4601214FF40B60FFF735F9FA219A
:107730000720FFF729FD0720FFF7ECFD0120FFF7E9
:107740000CFE6420FFF71CFE4FF4FA70FFF72BFECF
:10775000C821A148FFF73AFE2820FFF753FE0A2070
:10776000FFF763FE08E0D8208DF800006A4601218B
:107770004FF40B60FFF710F904F0020018B1D920A4
:107780008DF8000002E0D8208DF800006A46012143
:1077900040F23D70FFF700F904F0040018B1012039
:1077A000FFF7F2FE02E00020FFF7EEFE04F010000B
:1077B00018B10120FFF7BEFE02E00020FFF7BAFE7D
:1077C00044F0080085494881FDF74AFD00208349BF
:1077D000887304F0400018B10846807B801D8873D0
:1077E00004F4C07020B17D48807B801D7B49887384
:1077F00004F0140020B17948807B103077498873F9
:1078000004F0030020B17548807B001D7349887324
:1078100000203EBD01467148408908800020704725
:107820002DE9F0410446E07800F0C006E07800F071
:107830003F05607800F0010098B1EF102846E91785
:1078400005EB5171C910A5EBC101491C01F0FF08FE
:107850006248006820B16148414602683846904756
:1078600000BF607800F0080030B15C48406818B193
:10787000B0115A4A516888470020BDE8F08110B520
:1078800086B0044656A207CA03AB07C357A207CA6D
:107890008DE80700012C09D0022C0ED103AA0B2180
:1078A00040F68220FFF778F806B010BD6A460B213B
:1078B00040F68220FFF770F8F6E74FF0FF30F3E76D
:1078C0002DE9F04F8DB00746884615469946DDE90B
:1078D000166B0024002030804049887B5A4605A959
:1078E000FEF7BDFB18B1601E0DB0BDE8F08F3B4840
:1078F000807A00F01400002861D09DF81400000682
:107900009DF8151040EA01409DF8161040EA01204C
:107910009DF81710084328609DF8180000069DF890
:10792000191040EA01409DF81A1040EA01209DF824
:107930001B10084368609DF81C0000069DF81D1090
:1079400040EA01409DF81E1040EA01209DF81F10FA
:107950000843A8609DF8200000069DF8211040EA29
:1079600001409DF8221040EA01209DF823100843B1
:10797000E86004F11000C4B228680014019068683F
:1079800000140290A86800140390E86800140490A2
:1079900001984043029901FB0100039901FB01009A
:1079A000049901FB010ABAF1706F02DBBAF1885F3A
:1079B00022DDFDF755FC00203080401E94E721E0D9
:1079C000B8AAB38DB4980D355D000000B8AAAAAA74
:1079D000B088C3C5C700000009E3CA0290030020B5
:1079E000D8B1B9F38BA391B609B4D900DAB1B9F320
:1079F0008BA391B6DAB4DA00B6F9000040F48070D7
:107A0000308000BF7848807A00F0400020B305A99C
:107A1000601C085C095D40EA012000B2A8F8000083
:107A200005A9E01C095C05AAA01C105C41EA002025
:107A300000B2A8F8020005A9601D095C201D105CB9
:107A400041EA002000B2A8F80400A01DC4B2B6F9B3
:107A5000000040F0080030806348408900F4C070A6
:107A600008B305A9601C085C095D40EA012000B26A
:107A7000388005A9E01C095C05AAA01C105C41EA3D
:107A8000002000B2788005A9601D095C201D105CF3
:107A900041EA002000B2B880A01DC4B2B6F90000CF
:107AA00040F0700030805048807A00F0030018B138
:107AB00005A90819FFF7B4FE4846FAF7E0FB0020D5
:107AC00012E70146484801600020704701464648D9
:107AD000416000207047014691F90020002A01DD35
:107AE00000201EE091F90020002A01DA042018E0AD
:107AF00091F90120002A01DD012012E091F9012015
:107B0000002A01DA05200CE091F90220002A01DDAB
:107B1000022006E091F90220002A01DA062000E0A6
:107B20000720704770B505462846FFF7D4FF044686
:107B3000E81CFFF7D0FF44EAC00084B2A81DFFF79D
:107B4000CAFF44EA801084B2204670BD70B588B088
:107B500002A905A8FEF795FE0446032C3FD101A813
:107B6000FEF704F9059800F023FB0646019900F0A2
:107B700027F9054600F03BFB0590069800F018FB3E
:107B80000646019900F01CF9054600F030FB06900E
:107B9000079800F00DFB0646019900F011F9054623
:107BA00000F025FB079005A8FFF77BF96846FEF774
:107BB000FAF8BDF80010029848430290BDF8001092
:107BC000039848430390BDF800100498484304907C
:107BD00002A8FFF7F9F905A0FDF735F802E00CA0BF
:107BE000FDF731F808B070BD900300207365747420
:107BF000696E67206269617320737563636573667C
:107C0000756C6C79202E2E2E2E2E2E0A0000000070
:107C10006269617320686173206E6F7420626565AC
:107C20006E206D6F646966696564202E2E2E2E2E7F
:107C30002E0A00002DE9F0410024061B254671F1B3
:107C4000000605DA01240027D0EB070067EB0101ED
:107C5000161E73F1000605DA0027D2EB0702012594
:107C600067EB030300F062FB86460E4617469C4610
:107C7000AC4204D00025D0EB050E65EB010624B123
:107C80000020D2EB000760EB030C704631463A4609
:107C90006346BDE8F08140EA01039B0703D009E099
:107CA00008C9121F08C0042AFAD203E011F8013BE8
:107CB00000F8013B521EF9D27047D2B201E000F841
:107CC000012B491EFBD270470022F6E710B5134680
:107CD0000A4604461946FFF7F0FF204610BD421E33
:107CE00012F8013F002BFBD111F8013B02F8013BD8
:107CF000002BF9D1704730B504460020034600E060
:107D00005B1C934203D2E05CCD5C401BF8D030BDDD
:107D1000F0B480EA0102D40F4200B2EB410F02D26C
:107D20000246084611464A0042D0C30DDDB2C1F3F7
:107D3000C752AD1A202D35DAC1F3160141F4000205
:107D400004B15242C5F1200602FA06F12A4110445C
:107D5000B3EBD05F23D0C4B1012DA0EBC35009DC3D
:107D6000F0BC4FF0004202EAC352DBB200F5000063
:107D700000F037BB400000F1807000EBC350A0F171
:107D8000807040EAD170490009E0490841EAC071B9
:107D9000A0EBC35000F50000400800EBC350F0BC5E
:107DA00000F016BB6142012202EB4101001BF6E725
:107DB000F0BC704781F00041AAE780F00040A7E7DF
:107DC00080EA010210B502F00043400022D04A00D0
:107DD0001FD0010E01EB1261C0F35600C2F3560230
:107DE00040F4000042F40002A0FB022000047F39AE
:107DF000140400D0401C50EA124001D44000491E37
:107E0000C2B20C0604EBD010401C4008802A02D0FD
:107E100003E0002010BD20F00100002900DA00205E
:107E2000184310BD30B480EA010202F0004530F082
:107E3000004221F0004013D090B1C30DD40DC2F325
:107E40001601C0F31600E41A41F4000140F40002E8
:107E50007D34914201D3641C00E04900002C02DA19
:107E600030BC002070474FF400000023914201D342
:107E7000891A034340084FEA4101F7D151B19142B9
:107E800002D14FF0004105E002D24FF0010101E0C4
:107E90006FF0010103EBC450284430BC00F098BAE5
:107EA0002DE9FE4F804681EA0300C00F0C4600908A
:107EB00021F0004123F00045B8EB0200A94105D2B2
:107EC0004046214690461C460B46024623F00040A1
:107ED000104347D0270DC7F30A00C3F30A5102909D
:107EE000401A019040286BDAC3F3130040F4801B62
:107EF0000098924620B10023D2EB030A63EB0B0BF0
:107F000001985946C0F14002504600F040FA06463A
:107F10000D4650465946019A00F048FA10EB080009
:107F20006141002487EA115284EAE7731A4340D082
:107F3000009A62B3019A012A4FEA075215DC001B2E
:107F400061EB02014FF0004202EA0752CDE9004224
:107F5000001C41F5801132462B4600F07FFA03B039
:107F6000BDE8F08F40462146F9E7001B61EB0201B6
:107F7000001C41F5801300185B412018A2F5001782
:107F800047EB030140EAD570B6196D4111E06D0869
:107F90004FEA360645EAC0754FEA0752001B61EB0F
:107FA0000201001C41F5801149084FEA3000001918
:107FB000514132462B4603B0BDE8F04F00F03FBAC6
:107FC0000098012240000023D0EB020263EBE07333
:107FD000009821464FEAE074B8EB000061EB040121
:107FE000E9E783F000435BE781F0004158E72DE9C2
:107FF000FE4F81EA030404F0004421F000410094A4
:108000004FF0000B23F0004350EA01045ED052EA27
:1080100003045BD0C3F30A54C1F30A552C44A4F201
:10802000F3340194A0FB0254C1F3130141F4801115
:10803000C3F3130343F4801301FB024400FB034E1C
:10804000840A970A44EA815447EA8357A4FB0768E5
:1080500002958D0A05FB07854FEA932C04FB0C540F
:108060002705029D4FEA065847EA1637B5EB080583
:108070006EEB070C870E920E47EA811742EA8312D5
:10808000A7FB0201B6EB0B0164EB00042B0D43EAE6
:108090000C335E1844EB1C50DA465146E7FB0201F4
:1080A000C5F313044FEA0B3343EA14534FEA043287
:1080B000019C43EA0603A4F10C040294009CCDE960
:1080C00000B400F0CBF903B0BDE8F08F002001460A
:1080D000F9E72DE9F04D81EA030404F0004B21F0AB
:1080E000004514464FF0000A23F0004150EA050213
:1080F00020D054EA01021DD0C5F30A570246C5F349
:108100001303C1F31300C1F30A5640F4801543F47E
:108110008013A7EB0608101BD64608F2FD3873EB58
:10812000050002D308F1010801E092185B41B8F1A3
:10813000000F03DA00200146BDE8F08D00204FF467
:108140008011064684460EE0171B73EB050705D326
:10815000121B63EB050306434CEA010C49084FEA86
:10816000300092185B4150EA0107EDD152EA03005A
:1081700012D082EA040083EA0501084305D0101BEF
:10818000AB4106D20122002306E000224FF000435B
:1081900002E06FF0010253101AEB06004CEB08519D
:1081A00010EB0A0041EB0B01BDE8F04D00F047B9C0
:1081B000C10F80EAE0700844CA079623002100F04E
:1081C00010B996230022114600F00BB90EB5C10F6D
:1081D00080EAE0700844CA07002140F233438DE88A
:1081E0000E000A460B4600F039F903B000BD00F05E
:1081F000004220F00040C10DC0F3160040F4000022
:108200007F2901DA00207047962903DCC1F196012D
:10821000C84001E096398840002AF4D040427047B7
:1082200020F00040C10DC0F3160040F400007F298B
:1082300001DA00207047962903DCC1F19601C8409D
:10824000704796398840704700F0004230F0004097
:108250000AD0C10D01F56071C0F3160042EA015168
:10826000C2084007114370470020014670470000D4
:1082700030B5041E71F1000404DB4FF000444042AD
:1082800064EB0101141E73F1000405DB1C464FF082
:108290000043524263EB04038B4208BF824230BD6D
:1082A00001F0004330B421F0004150EA010206D051
:1082B0000A0DA2F56072C1F31301002A02DC30BC82
:1082C00000207047440F44EAC104C100E01830BCEC
:1082D00000EBC25000F07CB8002801DBC0F1004088
:1082E000002901DBC1F1004181427047002801DB18
:1082F000C0F10040002901DBC1F100418842704714
:1083000030B50B46014600202022012409E021FA65
:1083100002F59D4205D303FA02F5491B04FA02F562
:108320002844151EA2F10102F1DC30BD2DE9F05FF9
:108330000546002092469B468846064681464024D4
:108340001BE0284641464746224600F02FF9534697
:108350005A46C01A914110D311461846224600F0E1
:1083600016F82D1A67EB01084F462246012000211E
:1083700000F00DF817EB00094E41201EA4F1010496
:10838000DFDC484631462A464346BDE8F09F202AB6
:1083900004DB203A00FA02F1002070479140C2F15C
:1083A000200320FA03F3194390407047202A06DB8C
:1083B000CB17203A41FA02F043EAE07306E041FAB3
:1083C00002F3D040C2F120029140084319467047A1
:1083D0000029A8BF7047401C490008BF20F00100D9
:1083E000704710B4B0FA80FC00FA0CF050EA0104B7
:1083F00004BF10BC704749B1CCF1200421FA04F449
:1084000011FA0CF118BF012121430843A3EB0C0121
:10841000CB1D4FEA00614FEA102042BF002010BC84
:10842000704700EBC35010440029A4BF10BC704734
:10843000401C490008BF20F0010010BC704710B577
:10844000141E73F1000408DA401C41F10001921877
:108450005B411A4301D120F0010010BD2DE9F04D20
:1084600092469B4611B1B1FA81F202E0B0FA80F275
:1084700020329046FFF78BFF04460F4640EA0A0081
:1084800041EA0B0153465A46084313D0114653EABA
:10849000010019D0C8F14002504600F087F80546A7
:1084A0000E46504659464246FFF771FF084305D035
:1084B000012004E020463946BDE8F08D0020054348
:1084C00046EAE0762C4337430A986305E40AA0EBBA
:1084D00008000022FD0A44EA47540A3002D5002071
:1084E0000146E9E7010510196941DDE90845001970
:1084F0006941BDE8F04DA2E770B521F000430343A8
:108500000CD0C1F30A550024D5EB040564EB040339
:10851000D617AD1AB34102DB0020014670BD20180A
:1085200041EB025170BDC1F30A52C1F3130140F295
:10853000FF3341F480119A4202DA0020014670476D
:1085400040F233439A42A2F2334202DC524200F03C
:108550002DB8FFF71CBF000030B5041E71F10004F8
:1085600004DB4FF00044404264EB0101141E73F140
:10857000000405DB1C464FF00043524263EB04034A
:10858000994208BF904230BD064C074D06E0E068B6
:1085900040F0010394E8070098471034AC42F6D34A
:1085A000F7F7A8FD80AC0008A0AC0008202A04DB87
:1085B000203A21FA02F00021704721FA02F3D0405C
:1085C000C2F1200291400843194670472DE9F04D51
:1085D00000231A461B1A8A4103DB00200146BDE82E
:1085E000F08DC1F30A52C1F3130141F480154FF02D
:1085F000000BD10702D100186D41521E002704461E
:1086000040F2FF11384601EB620A3E4680460246C0
:1086100000204FF48011FFF7C9FFC2197141BB1848
:1086200046EB0100B4EB030C75EB000C04D3E41A29
:1086300065EB000517460E46241908F101006D414F
:1086400080463428E3DDF91946EB0600091BA841F2
:1086500003D24FF0FF32134601E0002213461BEB1A
:10866000070046EB0A51BDE8F04DFFF7E8BE0EB536
:1086700040F2334102910021CDE900110A460B4638
:10868000FFF7ECFE03B000BD70B5C1F30A5201F074
:1086900000450024C1F3130140F2FF3341F480117F
:1086A0009A4201DA002070BD40F233439A42A2F2AE
:1086B000334203DC5242FFF779FF00E090402C4345
:1086C000F1D0404270BD70B58C1810F8015B15F008
:1086D000070301D110F8013B2A1106D110F8012B34
:1086E00003E010F8016B01F8016B5B1EF9D12B0759
:1086F00005D40023521E0DD401F8013BFAE710F80F
:10870000013BCB1A921C03E013F8015B01F8015BFB
:10871000521EF9D5A142D8D3002070BD0FB4054B2D
:1087200010B503A9044A029800F02AFC10BC5DF8B9
:1087300014FB00006F4A0008140200200FB4084B1D
:1087400010B504A902AA039800F01AFC044602A975
:10875000002000F0ACFF204610BC5DF814FB0000C8
:10876000AF960008490050EAC12018BF04204A0D06
:1087700018BF40F0010040F2FF72B2EB515F08BF3A
:1087800040F00200012808BF052070472DE9F74F8F
:10879000144694B00021C4E902111599079121F003
:1087A0000045C9498D4206DC1599C4E9000117B09E
:1087B0000020BDE8F08FC549DFF814A3A9423CDDD5
:1087C0000799C44E0029C44FC44A1599534619DD70
:1087D000FFF707FC554506D0C14AC24BFFF701FC25
:1087E000C4E900010AE04FF0D352BE4BFFF7F9FB9A
:1087F00032463B46FFF7F5FBC4E9000117B0012004
:10880000BDE8F08FFFF74CFB554506D0B44AB54B99
:10881000FFF746FBC4E900010AE04FF0D352B14B29
:10882000FFF73EFB32463B46FFF73AFBC4E9000147
:1088300017B04FF0FF30BDE8F08FAB49A942159952
:1088400078DB21F0004183468846A84AA84BFFF711
:10885000CEFB0022A74BFFF723FBFFF715FF099084
:10886000FFF7B4FC06460F469C4A5346FFF7BFFB92
:1088700043465A46FFF7B8FB80468A46984A994BCA
:1088800030463946FFF7B3FB2A0D01250B924246CD
:108890005346FFF7A9FB032DC4E9000139D00B981B
:1088A000C1F30A51401A05EB45111139814230DA02
:1088B0009148C346784400EB0510CDF80CA00C900D
:1088C000D0E9002330463946FFF791FB02460B46BC
:1088D0000491069058460399FFF783FB80468A4629
:1088E00002460B4658460399FFF77BFB049B069A0A
:1088F000FFF777FB83460C9803913946D0E90223B2
:108900003046FFF774FB5A46039BFFF76AFB6D1C6A
:10891000BDE707980028A2BF099817B0BDE8F08FFF
:10892000616881F000416160099817B04042BDE87C
:10893000F08FFFE784461598C1F31301C0F30A5086
:10894000A0F2F5304FEA601800F01F06C6F12000D3
:10895000139000200690079041F4801E05206D467C
:1089600076B1664A08EB00017A4452F8213002EBF6
:108970008101B3404A68139922FA01F1194305E0D5
:108980005F4908EB0002794451F82210A1FB0E2741
:10899000A1FB0C131A449A4234BF0123002303EBBA
:1089A000070A05EB8003D3E901B70F448F4234BFB8
:1089B0000121002193448B4411B1934502D903E076
:1089C000934501D2012100E00021C3E901B75144E0
:1089D00045F82010011EA0F10100C1DC0298059F9E
:1089E00000F10050800F12900298DDE903568000DC
:1089F000FFF7ECFB834628460D91FFF738FE6FF03A
:108A00001D02FFF779FDCDE90E013046FFF72FFE7D
:108A10006FF03D02FFF770FD80468A463846FFF74B
:108A200026FE6FF05D02FFF767FD0746424653469C
:108A30001191FFF735FADDE90E23FFF731FA5A46B7
:108A40000D9BFFF72DFA00250E465A4628460D9B32
:108A5000FFF7C7FADDE90E23FFF7C3FA4246534694
:108A6000FFF7BFFA3A46119BFFF7BEFADFF898A06E
:108A7000244A5346FFF7BBFA07468846234A244B4D
:108A800031462846FFF7B3FA3A464346FFF708FA5D
:108A9000074688464FF0A842534631462846FFF71E
:108AA000A6FA3A464346FFF7FBF9159A12F0004F33
:108AB00004D0129A81F0004152421292C4E900019E
:108AC000129817B0BDE8F08FFB21E93F7CD9024036
:108AD000FB21F93F7370032E8A19A33B0000405419
:108AE0003163621A61B4D03DFB21394183C8C96D3D
:108AF000305FE43F0000E03F8822000004220000D5
:108B0000E6210000182D4454FB21F93D3326A6111F
:108B1000460B113C2DE9FF4D21F0004807460C465D
:108B2000B8F1795F08DAFFF7AFFD002801BF002038
:108B3000324904B0BDE8F08D3A4623461046194646
:108B4000FFF755FA054602462D480E460B4606210C
:108B5000784400F05DF82A463346FFF748FADDE92D
:108B6000022382468B4638462146FFF740FA0446E8
:108B70000F4652465B4628463146FFF738FA2246F2
:108B80003B46FFF72EFA07468A464FF0FF3228464B
:108B90003146FFF7B1FC1B4A90450ADA3A46534684
:108BA000FFF71FFA04B00022BDE8F04D134BFFF7AA
:108BB0001BBA154A4245A8BFA8F500154FF000049E
:108BC000B8BF124D22462B46FFF70BFA06468846E1
:108BD00022462B4600200949FFF703FA04460D46BA
:108BE0003A46534630464146FFF7FBF904B0224669
:108BF0002B46BDE8F04DFFF7F7B900000000F03F4D
:108C0000B41F00003333D33F0000E93F0000D23FE0
:108C10002DE9F0414F1E00EBC7010446D1E90001E8
:108C200015461E4637F006020DD02A463346FFF79A
:108C3000DEF97F1E04EBC703D3E90023FFF730F909
:108C400037F00602F1D1022F25D0042F13D0062FC2
:108C500018BFBDE8F0812A463346FFF7C8F9D4E9CA
:108C60000A23FFF71DF92A463346FFF7C0F9D4E976
:108C70000823FFF715F92A463346FFF7B8F9D4E978
:108C80000623FFF70DF92A463346FFF7B0F9D4E97A
:108C90000423FFF705F92A463346FFF7A8F9D4E97C
:108CA0000223FFF7FDF82A463346FFF7A0F9D4E97F
:108CB0000023BDE8F041FFF7F3B800002DE9FF4DB8
:108CC000054621F0004084B00C46B0F1795F0BDA24
:108CD0002846FFF747FD042808BF00F071F8284632
:108CE00008B02146BDE8F08D2A460B461046FFF736
:108CF0007EF906460F462A462346FFF778F9804656
:108D000026488A4632463B4605217844FFF780FFD5
:108D100083461098029160B3214A224B4046514647
:108D2000FFF765F9CDE900015A4640465146029BDE
:108D3000FFF75DF982468846DDE906014FF0FF3214
:108D4000FFF7DAFB52464346FFF74BF932463B4604
:108D5000FFF74DF9DDE90623FFF743F9DDE90023CD
:108D6000FFF73FF908B02A462346BDE8F04DFFF76C
:108D70003BB90B465A4630463946FFF738F9084AA0
:108D8000084BFFF78DF842465346FFF730F908B01D
:108D90002A462346BDE8F04DFFF782B8FA1E0000D0
:108DA000495555555555C5BF0122FFF7A5BBFFF7DE
:108DB00077B80022134610461146FFF78AB9000023
:108DC000024A00201107FFF797BB000001FDFFFFDB
:108DD00002E008C8121F08C1002AFAD17047704784
:108DE000002001E001C1121F002AFBD170470000E2
:108DF0000149086070470000180200202DE9FF5F5C
:108E000082B00021DDE90430020DDDF840B00343FB
:108E100018D044F61050A2F2FF32424315141198B4
:108E200001281FD0A5EB0B00401C5FEA000A4FF0A1
:108E300000064E4FDFF83891B046504615D5CAF1BE
:108E4000000413E0119801244AA3012801D16FEA1C
:108E50000B010298119AC0E90031C0E9024206B044
:108E6000BDE8F09FCBF10000DFE704460021404A57
:108E7000491842EB0450CDE9001012E0E00707D09A
:108E800032463B4640464946FFF7B1F880468946A0
:108E900032463B4610461946FFF7A9F806460F46EC
:108EA0006410002CEAD1DDE90401DDE90023BAF108
:108EB000000F06DAFFF79BF842464B46FFF797F89C
:108EC00005E0FFF706F942464B46FFF702F9044674
:108ED0000E460022284BFFF73FFB03D84FF0FF3030
:108EE000014607E00022254B20463146FEF7D8FF19
:108EF000FFF719FB102409E0002C0ADB0A220023EB
:108F0000FFF714FA039B30321A55641E50EA01022F
:108F1000F2D1641C039AC4F111031444119A012A7A
:108F200003D0012208430DD10AE0084304D00020F9
:108F30004FF0110B119072E7A3EB0B056D1E0DE0C6
:108F40005B4504DD4FF0000205F1010504E003DAA2
:108F50004FF00002A5F10105002AECD0029811990A
:108F6000C0E90231C0E9004579E700000000144083
:108F70000000F03F300000000000F0430000E03F40
:108F80002DE9FF4F95B09B468946064600250FE226
:108F9000252877D100242746F84A0121059400E0CE
:108FA000044316F8013F203B01FA03F01042F7D1C9
:108FB00030782A2811D06FF02F033078A0F13002DA
:108FC000092A16D8059A44F0020402EB820203EB48
:108FD00042021044761C0590EFE759F8042B0592E5
:108FE000002A03DA504244F40054059044F002048D
:108FF000761C30782E2816D116F8010F44F00404A0
:109000002A280DD06FF02F023078A0F13003092B01
:1090100009D807EB870302EB4303C718761CF3E775
:1090200059F8047B761C30786C280FD006DC4C286D
:1090300017D068280DD06A2814D104E0742810D005
:109040007A280FD10DE044F400140AE044F48014AF
:1090500001E044F440147278824202D104F5801495
:10906000761C761C307866280BD013DC582877D015
:1090700009DC002875D04528F6D04628F4D04728CA
:109080001AD19DE118E0632835D0642879D065288D
:1090900012D195E1702873D008DC6728F1D06928D7
:1090A0006FD06E280DD06F2806D1B5E073282CD074
:1090B000752875D0782874D05A46179990476D1C3A
:1090C00075E1C4F30250022809D003280DD0D9F865
:1090D000001004280DD00D6009F1040967E1D9F8EA
:1090E0000010EA17C1E90052F6E7D9F800100D8028
:1090F000F2E70D70F0E719F8041B8DF8001000205E
:109100008DF80100EA46012003E059F804AB4FF066
:10911000FF3061074FF0000102D40DE008F10101BA
:109120008846B9420FDA8045F8DB1AF808100029A2
:10913000F4D108E008F1010188468142FADB1AF80F
:1091400008100029F6D105985B46A0EB08072146D8
:109150003846179A00F094FA284400EB080507E017
:109160004DE029E10DE01AF8010B5A461799904796
:10917000B8F10108F7D25B4621463846179A13E149
:1091800042E00A220092C4F302524FF0000A022A7F
:1091900008D059F804CB032A4FEAEC710AD00DE04D
:1091A00029E02AE009F1070121F00702F2E802C1F3
:1091B000914609E00FFA8CFC4FEAEC71042A03D1C6
:1091C0004FFA8CFC4FEAEC71002907DA0A460021BD
:1091D000DCF1000C61EB02012D2202E0220504D536
:1091E0002B228DF80420012203E0E20701D0202287
:1091F000F7E7904659E00A2102E010220DE0102125
:109200004FF0000A00910BE010224FF0000A44F0EA
:1092100004040827009203E008224FF0000A00929D
:10922000C4F30252022A05D059F804CB0021032AC4
:1092300008D009E009F1070121F00702F2E802C1B4
:10924000914605E01FFA8CFC042A01D10CF0FF0CBA
:109250004FF00008220728D5702806D0009B83F025
:10926000100353EA0A0305D00EE040228DF80420D3
:10927000012208E05CEA010206D030228DF80420C9
:109280008DF8050002229046009B83F0080353EA04
:109290000A030AD15CEA010201D1620705D5302236
:1092A0008DF804204FF001087F1E582804D034A008
:1092B00003900EA802900DE036A0F9E753466046F1
:1092C000009AFFF733F884460398825C0298401EA8
:1092D000029002705CEA0100F0D1029806A9081A17
:1092E00000F1200A600702D524F4803400E0012751
:1092F000574502DDA7EB0A0000E0002000EB0A0161
:10930000009005984144401A0590E00306D45B465E
:109310002146179A059800F0B3F90544002706E0A6
:1093200001A85A46C05D179990476D1C7F1C4745A0
:10933000F6DBE0030CD55B462146179A059800F052
:109340009FF9054404E030205A46179990476D1C58
:109350000099481E00900029F5DC08E00298029967
:109360005A460078491C0291179990476D1CBAF132
:109370000001AAF1010AF1DC65E100000928010001
:10938000303132333435363738396162636465667B
:10939000000000003031323334353637383941423D
:1093A000434445460000000000F058F90544761C8F
:1093B000307800287FF4ECAD19B02846BDE8F08F76
:1093C000620700D4062709F1070222F0070CFCE827
:1093D0000223E14603F000485FEA080C02D00FF2D6
:1093E000702C0DE05FEA045C02D50FF2682C07E0F8
:1093F0005FEAC47C02D00FF2602C01E0AFF2700C87
:109400004FF0FF3823F00043CDF850C065280CD052
:1094100006DC452809D046281DD047283DD13DE02F
:10942000662818D067287ED138E00021112F01DB93
:10943000112000E0781CCDE9000106A90EA8FFF775
:10944000DDFCDDE90F010E9A03910021009207F186
:10945000010A04914DE04FF000400097CDE9011062
:1094600006A90EA8FFF7CAFCDDE90F0203920E9BC6
:1094700011990022DDF80CA00093049211B9791C17
:1094800000EB010AB7EB0A0004D4C0F1FF3007F18A
:10949000010A0490AAEB0700019044E0012F00DAD2
:1094A00001270021112F01DD112000E03846CDE910
:1094B000000106A90EA8FFF7A1FCDDE90F010E9A35
:1094C0000391002104910092BA4621070CD403991C
:1094D000514500DA8A46BAF1010F05DD009AAAF17A
:1094E0000101515C302908D0B84202DA10F1040FB2
:1094F00006DA0121CDE9011015E0AAF10101E9E741
:10950000002805DC049901440491AAEB000102E063
:10951000411C514500DD8A460499401A401C0190C7
:109520004FF000400290200704D40198504501DB21
:10953000CDF8048000208DF84F0002980DF14F0700
:10954000B0F1004F25D02B200E9002984FF002086A
:1095500000280CDA404202902D200E9007E00A21EC
:109560000298FEF7CDFE3031029007F8011DB8F1E8
:109570000001A8F10108F2DC02980028EFD1791E61
:109580000E980870307800F0200040F0450007F891
:10959000020D12A8C01B00F107081498007800B152
:1095A000012000EB0A01019801EBE07105984144AC
:1095B000401A401E0590E00306D45B462146179AE8
:1095C000059800F05DF805441498007818B15A46E3
:1095D000179990476D1CE00324D55B462146179AE6
:1095E000059800F04DF805441CE00498002807DBBE
:1095F000DDE90301884203DD0098405C179901E032
:10960000179930205A469047049805F10105401CEF
:1096100004900198401E019004D12E205A461799BB
:1096200090476D1CBAF10001AAF1010ADDDC05E0EA
:1096300017F8010B5A46179990476D1CB8F10001B5
:10964000A8F10108F4DC5B462146179A0598ABE6C1
:109650002D0000002B000000200000002DE9F0414B
:10966000044600251E461746880404D405E0394602
:109670002020B0476D1C641EF9D52846BDE8F08156
:109680002DE9F041044600251E469046C80301D549
:10969000302700E02027880404D505E041463846FD
:1096A000B0476D1C641EF9D52846BDE8F0810A68F4
:1096B000531C0B60107070472DE9F04D8D4F21F059
:1096C000004A86B005460C46BA452ADBAAEB0700DD
:1096D00028430AD08848824501DC1AD1CDB106B0B2
:1096E0002846BDE8F04DFFF75FBB844A844B28460F
:1096F000FEF77DFC07460E46824A834B28462146EC
:10970000FEF775FC06B03A463346BDE8F04DFEF76D
:10971000C7BB0120FFF76CFB06B0BDE8F04DFFF7BB
:1097200048BB7A48824542DABAF1795F0BDA2846BB
:10973000FFF718F8042808BFFFF742FB284606B0D9
:109740002146BDE8F08D2A460B461046FEF74FFC39
:10975000834602466E480E460B4606217844FFF7C4
:1097600057FA5A463346FEF742FC804669488A4615
:109770005A46334604217844FFF74AFA5A4633469C
:10978000FEF735FC00223B46FEF78AFB02460B46FD
:1097900040465146FEF79DFC2A462346FEF727FC2D
:1097A00006B02A462346BDE8F04DFEF779BB2846B1
:1097B00024F0004100223D463B46FEF715FC4FF0E9
:1097C000FF32FEF799FE0646024653480F460B4607
:1097D00006217844FFF71CFA32463B46FEF707FCA9
:1097E000CDE900014D4832463B4604217844FFF75D
:1097F0000FFA32463B46FEF7FAFB00222B46FEF7F5
:109800004FFB834602913046394600F0ADFA804660
:1098100043480D46504517DCDDE900015A46029BDE
:10982000FEF757FC42462B46FEF7E1FB42462B462D
:10983000FEF736FB0122FEF75FFE304A304BFEF7A3
:10984000D0FB304A304B4CE04FF0000A52460B46FA
:109850004046FEF725FBCDE9031052462B46104645
:109860001946FEF7C4FB32463B46FEF7BDFBDDE979
:109870000332FEF72EFC06460F46DDE900015A468C
:10988000029BFEF726FC83460091012230463946B2
:10989000FEF732FE194A1A4BFEF7A6FB06460F46A4
:1098A000012240462946FEF727FE5A46009BFEF756
:1098B0009EFB32463B46FEF794FB06460F460122CE
:1098C00050462946FEF718FE0E4DDFF858802A460E
:1098D0004346FEF789FB32463B46FEF785FB2A46A8
:1098E0004346FEF781FB002CD8BF81F0004106B053
:1098F000BDE8F08D0000F03F0000F07F075C1433FE
:1099000026A6913C182D4454FB21F93F0000E03F6E
:10991000C0120000D61200004A12000060120000BF
:109920003333EF3FFB21E93F2DE9F84F04460D4665
:1099300021F0004000917349814211DC7249884254
:1099400001DC06D12CB120462946BDE8F84FFFF7CF
:109950002BBA6E48002DCCBF6D496E49BDE8F88F1B
:109960006D49814211DD6D498142D8BF4FF0FF360C
:109970006DDD20462946FEF7F5FE042808BFFFF7F7
:109980001FFA20462946BDE8F88F6549654F25F046
:109990000045814233DD6449814219DD00263246AB
:1099A0004FF0804320462946FEF77AFA80468A46E1
:1099B000012220462946FEF79FFD00223B46FEF786
:1099C00010FB42465346FEF784FB04460D463EE03C
:1099D00001260022BA463B4620462946FEF760FA99
:1099E00080460F460022534620462946FEF7F9FAE4
:1099F00042463B46FEF76DFB04460D4627E04B49C9
:109A000081421BDDDFF828A10226002253462046B2
:109A10002946FEF7ECFA00223B46FEF741FA804663
:109A20000F460022534620462946FEF7DAFA424600
:109A30003B46FEF74EFB04460D4608E00326224651
:109A40002B4600203B49FEF744FB04460D462246C8
:109A50002B4610461946FEF7CAFA8B468246024646
:109A60000B46FEF7C4FA07460246334888460B46C3
:109A700006217844FFF7CCF852465B46FEF7B7FA6A
:109A800082462E488B463A46434605217844FFF7E6
:109A9000BFF83A464346FEF7AAFA02460B46002EA6
:109AA000504659460CDAFEF7FBF922462B46FEF7E4
:109AB0009EFA01B022462B46BDE8F04FFEF794BA5D
:109AC000FEF7EEF922462B46FEF791FA1C4A7A443D
:109AD00002EBC603D3E90023FEF783FA22462B46A6
:109AE000FEF77FFA174A7A4402EBC603D3E9002354
:109AF000FEF77AFA009A002AB8BF81F00041BDE86B
:109B0000F88F0000000010440000F07F182D44542E
:109B1000FB21F93FFB21F9BF0000DC3F0000203EA4
:109B20000000F33F0000F03F0000E63F00800340EC
:109B30000000F83F0000F0BF62100000201000009D
:109B4000BE0F0000860F00002DE9F04D9446CCF1C9
:109B5000000423F000464CEA0404524F46EAD47451
:109B60009A46884621F00042BC4206D8454240EA67
:109B7000050442EAD474BC4204D9BDE8F04D624603
:109B8000FFF715B9AAF14055A5F17F6555EA0C0418
:109B90000BD0022404EAAA74434DDFF810E144EA32
:109BA000D87452EA000B04D00CE0BDE8F04DFFF78A
:109BB000BBBE002C14BF012CBDE8F08D022C30D0B0
:109BC000032C32D056EA0C0B0AD0BE4220D1BA4246
:109BD00009D126F0804622F080423346114617E034
:109BE00000291ADB25E0DFF8C8B0FB44002C04BFD5
:109BF000DBE90001BDE8F08D012C02BFDBE90001CB
:109C000081F00041BDE8F08D022C0AD0032C0CD06D
:109C1000BA4212D1B8F1000F0BDA23482549BDE84A
:109C2000F08D28462449BDE8F08D28467146BDE8F0
:109C3000F08D1D482149BDE8F08D921B12153C2A7C
:109C4000C4BF19481D490EDCBAF1000FBEBF12F1A6
:109C50003C0F0020014606DB6246FEF73AFA21F08F
:109C60000041FFF761FE002C08BFBDE8F08D012C1C
:109C700004BF81F00041BDE8F08D114A114B022C68
:109C800007D0FEF7AEF92A46BDE8F04D0A4BFEF7C5
:109C9000A8B9FEF7A6F92A46BDE8F04D064BFEF737
:109CA000A3B900000000F07F182D4454FB2109C027
:109CB0004A0F0000FB21F9BFFB210940FB21F93FBE
:109CC000075C143326A6A13C00B5254B21F00042C9
:109CD00087B09A4203DC0022134600922BE0214B0E
:109CE0009A4208D140B94FF00100FFF781F8FFF721
:109CF00060F807B000BD03DBFFF756F807B000BD02
:109D000002AAFEF743FD10F003014FF001000DD051
:109D1000012914D002291AD00DF1080C9CE80F007B
:109D2000FEF7F8FE07B081F0004100BD0DF1080C10
:109D300000909CE80F00FEF7C1FF07B000BD0DF1D9
:109D4000080C9CE80F00FEF7E5FE07B000BD0DF122
:109D5000080C00909CE80F00FEF7B0FFE2E700005F
:109D6000FB21E93F0000F07F2DE9F04106460F4658
:109D7000FEF72CFC041E0D4618BF0120284320F0DE
:109D80000040C0F17F6000F1E040C00F0ED0301CF9
:109D900018BF0120384320F00040C0F17F6000F17F
:109DA000E040C00F04BF0120FFF722F820462946FB
:109DB000BDE8F081000000000000000000406540A8
:109DC000B81E85EB51B8CE3F0000000000001240E5
:109DD000B81E85EB51B8BE3F680000047600540100
:109DE000F7FD000175191A0C6A231B1C1F207274E1
:109DF000433B4138393A6B6C376F06246D6E700007
:109E00008300000000080000000100183200050077
:109E1000000020410000D242295C0F3E9A99993EF1
:109E20003333733F295C0F3E0000700000000024B4
:109E3000000000020003000000650054FFEF000076
:109E4000FA80000B12820001030C30C30E8C8CE9E7
:109E500014D5400213710F8E3883F8833000F883D5
:109E6000258EF8833000F883FFFFFFFF0FFEA9D691
:109E7000240004001A8279A10000003CFFFF0000CA
:109E80000010000038836FA2003E03304000000045
:109E900002CAE3093E80000020000000000000002C
:109EA0004000000060000000000C0000000C186E74
:109EB000000006920A16C0DFFFFF0256FD8CD37722
:109EC000FFE1C496E0C5BEAA00000000FFFF0B2B17
:109ED00000001657000003594000000000001DFA62
:109EE00000026C1D000000003FFFDFEB003EB3B638
:109EF000000D227800002F3C00000000001942B540
:109F0000000039A20000B365D90E9FC91DCF4C34A3
:109F100030000000500000003BB67AE8006400000A
:109F200000C8000000000000100000001000FA92BD
:109F30001000225E000D229F000100000032000090
:109F4000FF46000063D400001000000004D60000AB
:109F500004CC000004CC000000001072000000409F
:109F600000000000000000000006000200050007DD
:109F70000000000000640000000000000000000578
:109F80000005006400200000000000000000000048
:109F9000000040000000030000000032F8980000BC
:109FA000FF650000830F0000FF9BFC000000000025
:109FB00000000000000000000000000000000000A1
:109FC0000000000000000000000000000000000091
:109FD000000000000000100040000000000000062B
:109FE0000000B26A000200000001FB83006800006C
:109FF00000D9FC007CF1FF83000000000065000038
:10A00000006403E800640028000000250000000050
:10A0100016A000000000100000001000002F00003B
:10A02000000001F40000100000280000FFFF45813F
:10A03000FFFFFA720000000000000000004400056D
:10A040000005BAC6004778A2000000010000000029
:10A0500000000600000000140000254D002F706D68
:10A06000000005AE000C02D000000000000000005F
:10A070000000000000000000001B000000000000C5
:10A080000000000000000000006400000008000064
:10A0900000000000000000000000000000000000C0
:10A0A00000000000000000000000000000000000B0
:10A0B00000000000000000000000000000000000A0
:10A0C0000000000000000000000000000000000090
:10A0D0000000000000000000000000000000000080
:10A0E0000000000000000000001B00000000000055
:10A0F00000000000000E000E00000AC7000400006F
:10A1000000000032FFFFFF9C00000B2B000000024C
:10A110000000000100000064FFE5000000000000F6
:10A12000000000000000000000000001000000002E
:10A13000000100000000000000018000000180001C
:10A1400000018000002426D3000000000000000071
:10A15000000600100096003C000000000000000017
:10A1600000000000000000000C0A4E68CDCF770907
:10A1700050166759C619CE8200000000000000008A
:10A1800000000000000000000000000000000000CF
:10A1900017D784000300000000000000000000004A
:10A1A000C7938F9D1E1B1C190000000000000000BB
:10A1B000000000000000000000000000000000009F
:10A1C00002031885000040000000000300000003A7
:10A1D000000000000000000040000000000000003F
:10A1E000000000000000000000000000000000006F
:10A1F000000000000000000000000000000000005F
:10A20000000000000000000000000000677DDF7E0D
:10A2100072902E554CF6E688000000000000000009
:10A220000000000000000000D8DCB4B8B0D8B9AB22
:10A23000F3F8FAB3B7BB8E9EAEF132F51BF1B4B8AA
:10A24000B08097F1A9DFDFDFAADFDFDFF2AAC5CD9B
:10A25000C7A90CC92C97F1A989264666B28999A984
:10A260002D557DB0B08AA896365676F1BAA3B4B211
:10A2700080C0B8A89711B28398BAA3F024084410FC
:10A280006418B2B9B49883F1A329557DBAB5B1A3C6
:10A290008393F0002850F5B2B6AA839328547CF13A
:10A2A000B9A3829361BAA2DADEDFDB819AB9AEF597
:10A2B000606870F1DABAA2DFD9BAA2FAB9A38292C1
:10A2C000DB31BAA2D9BAA2F8DF85A4D0C1BBAD8375
:10A2D000C2C5C7B8A2DFDFDFBAA0DFDFDFD8D8F1A1
:10A2E000B8AAB38DB4980D355DB2B6BAAF8C9619D5
:10A2F0008F9FA70E161EB49AB8AA872C547CBAA4B6
:10A30000B08AB691325676B28494A4C808CDD8B833
:10A31000B4B0F19982A82D557D98A80E161EA22CD6
:10A32000547C92A4F02C5078F184A898C4CDFCD829
:10A330000DDBA8FC2DF3D9BAA6F8DABAA6DED8BA96
:10A34000B2B68696A6D0F3C841DAA6C8F8D8B0B49B
:10A35000B882A892F52C548898F135D9F418D8F120
:10A36000A2D0F8F9A884D9C7DFF8F883C5DADF6985
:10A37000DF83C1D8F40114F1A8824EA884F311D16F
:10A3800082F5D992289788F109F41C1CD884A8F387
:10A39000C0F9D1D99782F129F40DD8F3F9F9D1D9BF
:10A3A00082F4C203D8DEDF1AD8F1A2FAF9A88498A1
:10A3B000D9C7DFF8F8F883C7DADF69DFF883C3D8D5
:10A3C000F40114F198A8822EA884F311D182F5D952
:10A3D00092509788F109F41CD884A8F3C0F8F9D1F9
:10A3E000D99782F149F40DD8F3F9F9D1D982F4C49F
:10A3F00003D8DEDFD8F1AD8898CCA809F9D98292CC
:10A40000A8F57CF1883ACF944A6E98DB6931DAADD1
:10A41000F2DEF9D88795A8F221D1DAA5F9F417D997
:10A42000F1AE8ED0C0C3AE82C684C3A88595C8A540
:10A4300088F2C0F1F4010EF18E9EA8C63E56F55486
:10A44000F18872F40115F19845856EF58E9E0488A9
:10A45000F142985A8E9E068869F4011CF1981E11EB
:10A4600008D0F504F11E970202983625DBF9D9854C
:10A47000A5F3C1DA85A5F3DFD88595A8F309DAA598
:10A48000FAD88292A8F578F1881A849F26889821B4
:10A49000DAF41DF3D8879F39D1AFD9DFDFFBF9F4A8
:10A4A0000CF3D8FAD0F8DAF9F9D0DFD9F9D8F40BEF
:10A4B000D8F3879F39D1AFD9DFDFF41DF3D8FAFC89
:10A4C000A869F9F9AFD0DADEFAD9F88F9FA8F1CCF4
:10A4D000F398DB45D9AFDFD0F8D8F18F9FA8CAF346
:10A4E0008809DAAF8FCBF8D8F2AD978D0CD9A5DFFC
:10A4F000F9BAA6F3FAF412F2D8950DD1D9BAA6F3A7
:10A50000FADAA5F2C1BAA6F3DFD8F1BAB2B68696E6
:10A51000A6D0CAF349DAA6CBF8D8B0B4B8D8AD847F
:10A52000F2C0DFF18FCBC3A8B2B68696C8C1CBC349
:10A53000F3B0B48898A821DB718D9D71859521D9E0
:10A54000ADF2FAD88597A828D9F408D8F28D29DA7F
:10A55000F405D9F285A4C2F2D8A88D9401D1D9F41A
:10A5600011F2D88721D8F40AD8F28498A8C801D16A
:10A57000D9F411D8F3A4C8BBAFD0F2DEF8F8F8F8DC
:10A58000F8F8F8F8D8F1B8F6B5B9B08A95A3DE3C7A
:10A59000A3D9F8D85CA3D9F8D87CA3D9F8D8F8F90E
:10A5A000D1A5D9DFDAFAD8B18530F7D9DED8F830BD
:10A5B000ADDADED8F2B48C99A32D557DA083DFDF10
:10A5C000DFB591A0F629D9FBD8A0FC29D9FAD8A0EB
:10A5D000D051D9F8D8FC51D9F9D879D9FBD8A0D025
:10A5E000FC79D9FAD8A1F9F9F9F9F9A0DADFDFDFB6
:10A5F000D8A1F8F8F8F8F8ACDEF8ADDE8393AC2C0F
:10A60000547CF1A8DFDFDFF69D2CDAA0DFD9FADB7E
:10A610002DF8D8A850DAA0D0DED9D0F8F8F8DB555C
:10A62000F8D8A878DAA0D0DFD9D0FAF8F8F8F8DBB3
:10A630007DF8D89CA88CF530DB38D9D0DEDFA0D0EF
:10A64000DEDFD8A848DB58D9DFD0DEA0DFD0DED8E7
:10A65000A868DB70D9DFDFA0DFDFD8F1A888902CF5
:10A66000547C98A8D05C38D1DAF2AE8CDFF9D8B03F
:10A6700087A8C1C1B188A8C6F9F9DA36D8A8F9DA2D
:10A6800036D8A8F9DA36D8A8F9DA36D8A8F9DA36F9
:10A69000D8F78D9DADF818DAF2AEDFD8F7ADFA3005
:10A6A000D9A4DEF9D8F2AEDEFAF983A7D9C3C5C7BB
:10A6B000F1889BA77AADF7DEDFA4F8849408A7970A
:10A6C000F300AEF29819A488C6A39488F632DFF29C
:10A6D0008393DB09D9F2AADFD8D8AEF8F9D1DAF33F
:10A6E000A4DEA7F1889B7AD8F38494AE19F9DAAA8C
:10A6F000F1DFD8A881C0C3C5C7A39283F628ADDE19
:10A70000D9F8D8A350ADD9F8D8A378ADD9F8D8F8EE
:10A71000F9D1A1DADEC3C5C7D8A18194F818F2B087
:10A7200089ACC3C5C7F1D8B8B4B09786A8319B0629
:10A730009907AB9728889BF00C201440B0B4B8F070
:10A74000A88A9A285078B79BA8295179247059442F
:10A750006938644831F1BBAB88002C547CF0B38B72
:10A76000B8A804285078F1B088B49726A85998BBA7
:10A77000ABB38B02264666B0B8F08A9CA829517903
:10A780008B2951798A2470598B2058718A446938F1
:10A790008B3940688A6448318B30496088F1AC005D
:10A7A0002C547CF08CA804285078F1889726A8595E
:10A7B00098AC8C02264666F0899CA82951792470B1
:10A7C00059446938644831A98809205970AB113857
:10A7D0004069A8193148608CA83C415C207C00F19C
:10A7E00087981986A86E767EA999882D557DD8B14F
:10A7F000B5B9A3DFDFDFAED0DFAAD0DEF2ABF8F968
:10A80000D9B087C4AAF1DFDFBBAFDFDFB9D8B1F1C0
:10A81000A3978E60DFB084F2C8F8F9D9DED89385AB
:10A82000F14AB183A308B5839A0810B79F10D8F1F5
:10A83000B0BAAEB08AC2B2B68E9EF1FBD9F41DD8C2
:10A84000F9D90CF1D8F8F8AD61D9AEFBD8F40CF118
:10A85000D8F8F8AD19D9AEFBDFD8F416F1D8F8ADB9
:10A860008D61D9F4F4ACF59C9C8DDF2BBAB6AEFAB1
:10A87000F8F40BD8F1AED0F8AD51DAAEFAF8F1D861
:10A88000B9B1B6A3839C08B9B1839AB5AAC0FD300B
:10A8900083B79F10B58B93F20202D1ABDADED8F109
:10A8A000B080BAABC0C3B284C1C3D8B1B9F38BA373
:10A8B00091B609B4D9ABDEB0879CB9A3DDF1B38BF7
:10A8C0008B8B8B8BB087A3A3A3A3B28BB69BF2A376
:10A8D000A3A3A3A3A3A3A3A3A3F1B087B59AA3F3B0
:10A8E0009BA3A3DCBAACDFB9A3A3A3A3A3A3A3A395
:10A8F000A3A3A3A3A3A3A3A3D8D8D8BBB3B7F1AAF8
:10A90000F9DAFFD9809AAA28B48098A720B7978748
:10A91000A86688F07951F1902C870CA781976293F3
:10A92000F071716085940129517990A5F1284C6CE2
:10A93000870C95188578A38390284C6C886CD8F385
:10A94000A28200F210A8921980A2F2D926D8F1882A
:10A95000A84DD948D896A83980D93CD89580A8392F
:10A96000A68698D92CDA87A72CD8A8899519A9800A
:10A97000D938D8A88939A980DA3CD8A82EA8399026
:10A98000D90CD8A8953198D90CD8A809D9FFD801E5
:10A99000DAFFD89539A9DA26FFD890A80D8999A8A9
:10A9A00010809821DA2ED88999A83180DA2ED8A87B
:10A9B00086963180DA2ED8A8873180DA2ED8A88200
:10A9C00092F34180F1D92ED8A882F31980F1D92EC3
:10A9D000D882ACF3C0A28022F1A62EA72EA922987D
:10A9E000A829DAACDEFFD8A2F22AF1A92E8292A819
:10A9F000F23180A696F1D900AC8C9C0C30ACDED044
:10AA0000DEFFD88C9CACD010ACDE8092A2F24C82DF
:10AA1000A8F1CAF235F19688A6D900D8F1FF000056
:10AA2000555555555555C53F7D6FEB0312D6D4BFCF
:10AA30005544880E55C1C93F3B8F68B52882A4BFD5
:10AA400088B20175E0EF493F09F7FD0DE13D023F96
:10AA50004B2D8A1C273A03C0C88A599CE52A00401E
:10AA600059018D1B6C06E6BF82922EB1C5B8B33F6B
:10AA70004FBB610567ACDD3F182D4454FB21E93F16
:10AA80009BF681D20B73EF3F182D4454FB21F93F05
:10AA9000E2652F227F2B7A3C075C143326A6813C8B
:10AAA000BDCBF07A8807703C075C143326A6913C36
:10AAB000C4EB98999999C9BF711623FEC671BCBFA2
:10AAC0006D9A74AFF2B0B3BF9AFDDE522DDEADBF0A
:10AAD0002F6C6A2C44B4A2BF0D5555555555D53F22
:10AAE000FF8300922449C23F6E204CC5CD45B73F3D
:10AAF000513DD0A0660DB13FEB0D76244B7BA93FB5
:10AB000011DA22E33AAD903F4C5555555555A53FC6
:10AB10007751C1166CC156BF9015CB19A001FA3EF2
:10AB2000AD529C804F7E92BEC4B1B4BD9EEE213E1C
:10AB3000D43888BEE9FAA8BD00000000000000007B
:10AB400000004054FB21F93F3163621A61B4D03DEB
:10AB50000000601A61B4D03D7370032E8A19A33BC4
:10AB60000000002E8A19A33BC14920259A837B3916
:10AB700000000000000000006E83F9A22915444E79
:10AB8000D15727FCC0DD34F5999562DB4190433CF9
:10AB9000AB6351FE61C5BBDE3A6E24B7E0D24D42D5
:10ABA000EA2E49061C92D1091CEB1DFE3EA729B1D5
:10ABB000F53582E88444BB2E26709CE9417E5FB463
:10ABC00039D69139F43953838B5F849C3B28F9BD86
:10ABD000FF97F81F0F9805DE8B112FEF1F6D0A5A94
:10ABE000CF7E366DB709CB27663F464F2DEA5F9E75
:10ABF000C7BA27757BF1E5EBF739073DEA92528A30
:10AC0000B15FFB6B085D8D1FA6F810111111813F1C
:10AC1000D561C119A0012ABF7DFEB157E31DC73E12
:10AC2000EB9C2B8AE6E55ABE7CD5CF5A3AD9E53D56
:10AC30002050726F647563742049442072656164AA
:10AC4000206173203020696E6469636174657320CC
:10AC500064657669636520697320656974686572E7
:10AC600020696E636F6D70617469626C65206F72CC
:10AC700020616E204D5055333035302E0A000000D3
:10AC8000A0AC0008000000201C020000C6860008DE
:10AC900028AD00081C02002084050000E08D00089B
:10ACA000412D0102030404100906070809020406E5
:10ACB0000884A24A04691832FF2904520103428021
:10ACC0003F234843280FC8429A99993FDA0FC93F5A
:10ACD0009A99193E10A11AB40C2904E14D3333B3EB
:10ACE0003E8421CB8403100112032E40411E2043D9
:10ACF000295C8F88076490400AD7A33D0B15881301
:10AD00008A19DC30096F12833AA69B443B1A3F90A4
:10AD10000A183BE80110EB803F0C13E49D1B08D898
:08AD20000401218A9E240000B9
:04000005080000ED02
:00000001FF
