:020000040800F2
:1000000070070020BD460008893100088B310008C8
:100010008F3100089331000897310008000000007C
:100020000000000000000000000000009B310008FC
:100030009D310008000000009F310008A131000838
:10004000D7460008D7460008D7460008D74600081C
:10005000D7460008D7460008D7460008774500086D
:10006000D7460008D7460008D7460008D7460008FC
:10007000D7460008D7460008D7460008D7460008EC
:10008000D7460008D7460008D7460008D7460008DC
:10009000D7460008D7460008D7460008D7460008CC
:1000A000D7460008D9440008D7460008D7460008BC
:1000B000D74600083528000845280008D74600081C
:1000C000D7460008D7460008D7460008D74600089C
:1000D000D7460008D7460008D7460008D74600088C
:1000E000D7460008D7460008D7460008DFF80CD0EE
:1000F00007F050FE004800478126000870070020E6
:1001000031490143314A1160704770B50021002325
:100110000F22C47804B32D4C246804F4E064C4F5C1
:10012000E064210AC1F10403CA40447804FA03F1EF
:100130008478144021430901254C0678A1550478A0
:1001400004F01F050124AC4005786D11AD0005F1E8
:10015000E025C5F8004109E0047804F01F050124FA
:10016000AC401C4D0678761145F8264070BD1A4A01
:100170000A400243154B1B1F1A60704739B1134ADE
:10018000121D12680243114B1B1D1A6006E00F4A34
:10019000121D126882430D4B1B1D1A607047042804
:1001A00008D14FF0E021096941F004014FF0E0224D
:1001B000116107E04FF0E021096921F004014FF0DF
:1001C000E0221161704700000000FA050CED00E02C
:1001D00000E400E080E100E080FFFF1F00204449D0
:1001E0000860091D0860091D0860091D0860414874
:1001F0003F4914310860704700213D498279002A47
:100200003AD00A46126803689A430B461A600A1DE0
:10021000126803689A430B1D1A60027911440A6838
:1002200003681A430A60324A0832126803689A4324
:100230002F4B08331A601A1D126803689A432C4B1F
:100240000C331A604279102A0ED11A1F1268036803
:100250001A43274B08331A601A1D126803681A43A1
:10026000234B0C331A600DE02149427911440A688E
:1002700003681A430A6005E0027911440A680368BA
:100280009A430A6070470021016001710C2141719D
:100290000021817170471649103109680143144AE1
:1002A00010321160704701460020114A1432126862
:1002B0000A400AB1012000E0002070470C491431C7
:1002C00008607047014600200022094B1B6803EAC2
:1002D0000102074B14331B680B4013B10AB1012014
:1002E00000E00020704702491431086070470000A8
:1002F00000040140FFFF0F0010B50446CC488442C3
:1003000008D10121042000F02DFB0021042000F081
:1003100029FB46E0C748844208D10121082000F0AB
:1003200021FB0021082000F01DFB3AE0C248844276
:1003300008D10121102000F015FB0021102000F051
:1003400011FB2EE0BD48844208D10121202000F09D
:1003500009FB0021202000F005FB22E0B848844280
:1003600008D10121402000F0FDFA0021402000F0DA
:10037000F9FA16E0B348844208D10121802000F048
:10038000F1FA0021802000F0EDFA0AE0AE48844244
:1003900007D10121801500F0E5FA0021A01500F039
:1003A000E1FA10BD10B50121084600F0DBFA00218A
:1003B000012000F0D7FA10BD2DE9F04102460025DA
:1003C0000026002000230024002791F803C00CF031
:1003D0000F0591F803C00CF0100CBCF1000F03D016
:1003E00091F802C04CEA050591F800C0BCF1000F7D
:1003F00031D0146800202BE04FF0010C0CFA00F310
:10040000B1F800C00CEA03069E4220D183004FF0F1
:100410000F0C0CFA03F7BC4305FA03FC4CEA040486
:1004200091F803C0BCF1280F06D14FF0010C0CFA73
:1004300000FCC2F814C00AE091F803C0BCF1480FF8
:1004400005D14FF0010C0CFA00FCC2F810C0401CA2
:100450000828D1D31460B1F800C0BCF1FF0F34DD1F
:10046000546800202EE000F1080C4FF0010808FA53
:100470000CF3B1F800C00CEA03069E4221D18300C0
:100480004FF00F0C0CFA03F7BC4305FA03FC4CEADF
:10049000040491F803C0BCF1280F05D100F1080C49
:1004A00008FA0CF8C2F8148091F803C0BCF1480FA8
:1004B00007D100F1080C4FF0010808FA0CF8C2F857
:1004C0001080401C0828CED35460BDE8F0814FF660
:1004D000FF710180022181700421C17070470246C2
:1004E000002093680B400BB1012000E00020704712
:1004F0000146886880B2704702460020D3680B40EE
:100500000BB1012000E0002070470146C86880B2AE
:10051000704701617047416170470AB1016100E0B5
:1005200041617047C16070474FF480320A43826175
:100530008161826182698269704702460020434B73
:1005400018684FF68073184040EA021008433F4B8A
:10055000186070473E49C8617047F0B50A460023ED
:1005600000240021002500F00046B6F1004F02D122
:10057000364EF16901E0354E7168C0F3034583B230
:1005800000F44016B6F5401F08D121F070612F4EDF
:10059000766826F070662D4F7E6012E000F48016BB
:1005A000B6F5801F06D1032606FA05F4A14341F0F3
:1005B000706106E0460D360103FA06F6B14341F0DC
:1005C000706122B1460D360103FA06F6314300F0A0
:1005D0000046B6F1004F02D11C4EF16101E01B4E06
:1005E0007160F0BD30B500228B071C0F0F2303FA9A
:1005F00004F2164B08338C1053F824309343134CF9
:1006000008348D1044F8253023468C1053F82430DC
:100610008C07240F00FA04F423430C4C08348D108B
:1006200044F8253030BD0A49DC31086070470000CD
:1006300000080140000C014000100140001401407E
:1006400000180140001C0140002001400000014052
:1006500000002042DF48006840F00100DD490860EA
:1006600008464068DC490840DA49486008460068A6
:10067000DA490840D74908600846006820F480201D
:1006800008600846406820F4FE0048604FF41F00F0
:1006900088607047CF49096821F48031CD4A1160E4
:1006A0001146096821F480211160B0F5803F03D024
:1006B000B0F5802F0ED106E0C649096841F48031BB
:1006C000C44A116007E0C349096841F4A021C14A46
:1006D000116000E000BF00BF704710B50146002266
:1006E000002300204A11012A02D1BA4C236806E0F7
:1006F000022A02D1B74C236A01E0B64C636A01F0CA
:100700001F02012494401C400CB1012000E0002095
:1007100010BD38B5002000900024002500BF312016
:10072000FFF7DBFF05460098401C00900098B0F5ED
:10073000A06F01D0002DF2D03120FFF7CEFF08B11D
:10074000012400E00024204638BD01460020A14AD3
:10075000106820F0F80040EAC10010607047A0491E
:1007600008607047024600209A4B586820F47C10BD
:1007700042EA01031843974B58607047984908664E
:10078000704701460020934A506820F00300084358
:10079000506070478F48406800F00C007047014679
:1007A00000208C4A506820F0F000084350607047E9
:1007B00001460020874A506820F4E06008435060FA
:1007C000704701460020834A506820F4605040EA98
:1007D000C1005060704729B17E4A527A02437D4B76
:1007E0005A7204E07B4A527A82437A4B5A727047BB
:1007F0007B49D8310860704701460020754A50682F
:1008000020F440400843506070470021714A203274
:100810001170704A82F82010012802D004280AD1F1
:1008200004E001216B4A2032117005E00521694A7C
:100830002032117000E000BF00BF704769490860B6
:1008400070476449096A0143624A11627047654909
:1008500044390860704730B500210022002400238D
:100860005C4D6D6805F00C0121B1042905D0082903
:1008700023D105E05C4D056022E05B4D05601FE083
:10088000544D6D6805F47012524D6D6805F4803456
:10089000022505EB92421CB9544D554305600BE00F
:1008A0004C4D6D6805F400351DB1504D5543056044
:1008B00002E04D4D5543056002E04B4D056000BF21
:1008C00000BF444D6D6805F0F0010909484D6B5CAF
:1008D0000568DD4045603F4D6D6805F4E061090A3B
:1008E000434D6B5C4568DD4085603A4D6D6805F4AD
:1008F0006051C90A3E4D6B5C4568DD40C560354DB1
:100900006D6805F44041890B3A4D6B5CC568B5FBD9
:10091000F3F5056130BD29B12E4A526902432D4BD2
:100920005A6104E02B4A526982432A4B5A6170474C
:1009300029B1284A92690243264B9A6104E0254A6C
:1009400092698243234B9A61704729B1214AD26947
:100950000243204BDA6104E01E4AD26982431D4BF8
:10096000DA61704729B11B4AD2680243194BDA6039
:1009700004E0184AD2688243164BDA60704729B106
:10098000144A12690243134B1A6104E0114A1269B6
:100990008243104B1A617047124940390860704712
:1009A0000F49C86470470B49C87170470948406ACD
:1009B00040F0807007494862704701460020054AB0
:1009C00092680A400AB1012000E000207047014906
:1009D00088727047001002400000FFF8FFFFF6FE2B
:1009E000000042428004424200127A0000093D00A9
:1009F000000000201000002010B50446FE4884428C
:100A000008D10121C014FFF7ADFF0021E014FFF76A
:100A1000A9FFC4E0B4F1804F08D101210846FFF7D7
:100A2000AEFF00210120FFF7AAFFB8E0F34884429F
:100A300008D101210220FFF7A2FF00210220FFF7C9
:100A40009EFFACE0EE48844208D101210420FFF76C
:100A500096FF00210420FFF792FFA0E0E9488442BE
:100A600008D101210820FFF78AFF00210820FFF7A5
:100A700086FF94E0E448844208D101211020FFF76A
:100A80007EFF00211020FFF77AFF88E0DF488442D4
:100A900008D101212020FFF772FF00212020FFF75D
:100AA0006EFF7CE0DA48844208D101214014FFF750
:100AB00059FF00216014FFF755FF70E0D5488442CC
:100AC00009D10121C804FFF74DFF00214FF4002098
:100AD000FFF748FF63E0D048844209D101210805AF
:100AE000FFF740FF00214FF48010FFF73BFF56E077
:100AF000CA48844209D101214805FFF733FF00218C
:100B00004FF40010FFF72EFF49E0C548844208D19A
:100B100001214020FFF733FF00214020FFF72FFF86
:100B20003DE0C048844208D101218020FFF727FF23
:100B300000218020FFF723FF31E0BB48844208D129
:100B400001218015FFF71BFF0021A015FFF717FFFC
:100B500025E0B648844209D101210804FFF702FFCD
:100B600000214FF48030FFF7FDFE18E0B0488442CA
:100B700009D101214804FFF7F5FE00214FF40030B0
:100B8000FFF7F0FE0BE0AB48844208D10121880456
:100B9000FFF7E8FE00214FF48020FFF7E3FE10BDD1
:100BA00000220288944B98420ED0994B98420BD069
:100BB000B0F1804F08D0914B984205D0904B9842AD
:100BC00002D0904B984204D14FF68F731A404B8855
:100BD0001A438D4B984207D08C4B984204D04FF665
:100BE000FF431A40CB881A4302808B8883850B8889
:100BF0000385814B98420BD0854B984208D08B4B94
:100C0000984205D08A4B984202D08A4B984201D133
:100C10000B7A038601238382704770B5002400227B
:100C20000023058C4FF6FE7635400584028C8388C0
:100C3000048B4FF68F752C40B51E2C400D882C432D
:100C4000751E2A400D892A434D882A436A4DA842C1
:100C50000BD06F4DA84208D0744DA84205D0744DFA
:100C6000A84202D0734DA84213D14FF6F7752A401F
:100C70004D892A434FF6FB752A408D882A434FF64B
:100C8000FF652B404FF6FF552B408D892B43CD89B7
:100C90002B4383800483CD888586028470BD70B524
:100CA000002400220023058C4FF6EF7635400584A2
:100CB000028C8388048B48F6FF752C404FF6FF4565
:100CC0002C400D884FF6FF7606EA05252C434FF69B
:100CD000DF752A400D8906EA05152A434D8806EA84
:100CE00005152A43444DA84202D0494DA8421DD1C2
:100CF0004FF67F752A404D894FF6FF7606EA0515B7
:100D00002A434FF6BF752A408D8806EA05152A4307
:100D10004FF6FF352B404FF2FF752B408D8906EAC9
:100D200085052B43CD8906EA85052B438380048303
:100D3000CD880587028470BD70B500240022002391
:100D4000058C4FF6FF6635400584028C8388848BC2
:100D50004FF68F752C404FF6FC752C400D882C43B8
:100D60004FF6FF552A400D894FF6FF7606EA052516
:100D70002A434D8806EA05252A431F4DA84202D082
:100D8000234DA8421DD14FF2FF752A404D894FF6E1
:100D9000FF7606EA05252A434FF6FF352A408D885F
:100DA00006EA05252A434EF6FF752B404DF6FF75E2
:100DB0002B408D8906EA05152B43CD8906EA0515DA
:100DC0002B4383808483CD888587028470BD70B572
:100DD000002200230024058C4EF6FF763540058462
:100DE000038C8488828B48F6FF752A404FF6FF45B6
:100DF0002A400D8820E00000002C01400004004043
:100E000000080040000C00400010004000140040AA
:100E100000340140004C01400050014000540140AA
:100E200000180040001C004000200040004001402D
:100E300000440140004801404FF6FF7606EA0525D0
:100E40002A434DF6FF752B400D8906EA05352B43E5
:100E50004D8806EA05352B43FA4DA84202D0FA4DDB
:100E6000A84208D14BF6FF752C408D894FF6FF76CE
:100E700006EA85152C4384808283CD88A0F84050F3
:100E8000038470BD828B4FF2FF331A408283828BC2
:100E90004FF6FF7303EA01231A4382837047F0B5CC
:100EA0000C461546002200210026078C4EF6FF7CDA
:100EB00007EA0C070784828B018C4FF6FF7707EA5D
:100EC000043640F6FF473A404FF6FF7707EA05271A
:100ED0003A434FF6FF7707EA03373A43D94FB84210
:100EE0000ED0D94FB8420BD0B0F1804F08D0D74FB9
:100EF000B84205D0D64FB84202D0D64FB84206D13C
:100F00004DF6FF77394046F48057394305E047F600
:100F1000FF57394044F48057394382830184F0BD40
:100F2000828B4FF6F3731A408283828B0A4382834B
:100F30007047F0B50C461546002200210026078CAC
:100F40004FF6FF6C07EA0C070784828B018C4FF683
:100F5000FF7707EA04264FF60C773A404FF6FF7703
:100F600007EA03172F433A43B64FB8420ED0B64FA5
:100F7000B8420BD0B0F1804F08D0B44FB84205D082
:100F8000B34FB84202D0B34FB84206D14FF6FF5725
:100F9000394046F48077394305E04FF2FF57394036
:100FA00044F48077394382830184F0BD028B4FF291
:100FB000FF331A400283028B4FF6FF7303EA0123CB
:100FC0001A4302837047F0B50C46154600220021F3
:100FD0000026078C4FF6EF7C07EA0C070784028B8C
:100FE000018C4FF6FF7707EA041640F6FF473A40B8
:100FF0004FF6FF7707EA03373A434FF6FF7707EAE2
:1010000005273A438F4FB8420ED08F4FB8420BD0CE
:10101000B0F1804F08D08D4FB84205D08C4FB84208
:1010200002D08C4FB84206D14FF6DF77394046F0F8
:101030001007394305E04FF65F77394044F0100759
:10104000394302830184F0BD028B4FF6F3731A40DB
:101050000283028B0A4302837047F0B50C461546A3
:1010600000220021068C4FF6FE773E400684028B5C
:10107000018C4FF60C7632407E1C06EA03162E4396
:101080003243704EB0420ED06F4EB0420BD0B0F132
:10109000804F08D06D4EB04205D06D4EB04202D0A8
:1010A0006C4EB04206D14FF6FD76314044F0010659
:1010B000314305E04FF6F576314044F00106314307
:1010C00002830184F0BD70B505460C465D4885423B
:1010D0000ED05D4885420BD0B5F1804F08D05B48FB
:1010E000854205D05A48854202D05A48854200D1EF
:1010F00000E000BF208850B92389A2886188284673
:10110000FFF7ABFFE1882846FFF79EFF25E0208828
:1011100004280AD12389A28861882846FFF753FF53
:10112000E1882846FFF742FF17E0208808280AD107
:101130002389A28861882846FFF7FBFEE1882846BC
:10114000FFF7EEFE09E02389A28861882846FFF7B1
:10115000A6FEE1882846FFF795FE70BD2DE9F04117
:1011600005460C4600260127608808B9022600E0E3
:101170000026A088012801D1022700E0012720884D
:10118000A0B92389A28861882846FFF766FFE18815
:101190002846FFF759FF23893A4631462846FFF78C
:1011A00012FFE1882846FFF701FF13E02389A28898
:1011B00061882846FFF707FFE1882846FFF7F6FE1B
:1011C00023893A4631462846FFF747FFE1882846FB
:1011D000FFF73AFFBDE8F0810A884B881A438B88F5
:1011E0001A43CB881A430B891A434B891A438B89BC
:1011F0001A43A0F8442070474FF6FF718180002108
:101200000180C180418001727047002101804180CE
:101210008180C180018141818181C181704700212C
:1012200001804180012181800021C18001817047BE
:101230000021018041808180C180018141818181C3
:1012400070470000002C01400034014000040040C1
:1012500000080040000C004021B1028842F0010269
:10126000028004E002884FF6FE731A400280704745
:1012700031B1B0F8442042F40042A0F8442005E027
:10128000B0F84420C2F30E02A0F8442070471AB10F
:1012900083890B43838102E083898B438381704779
:1012A0008182704741EA0203A0F8483070471AB1C2
:1012B00083890B43838102E083898B438381704759
:1012C00001894FF6F8721140018170470A460021EA
:1012D00001894FF68F73194011430181704730B572
:1012E00004460D4629462046FFF7F0FF208940F0CE
:1012F0000700208130BD2DE9F04104460D46164619
:101300001F46602D06D13B46012231462046FFF79D
:101310005AFE05E03B46012231462046FFF79DFE7E
:1013200029462046FFF7D2FF208940F007002081A0
:10133000BDE8F08130B50C4600210189C9B24FF6F5
:10134000FF7505EA0325154325432943018130BD77
:101350002DE9F04105460E461746984600244346BF
:101360003A4631462846FFF7E5FF2C894FF6F870DC
:10137000044044F007044FF68F70044044F07004BA
:101380002C81BDE8F081F0B504460D4616461F4697
:101390003B46324629462046FFF7CCFF208940F4E1
:1013A00080402081F0BD0185828270470A4600217D
:1013B00001884FF68F731940114301807047F0B5D3
:1013C0000C4615461E460021002200230189028B8F
:1013D000038C4FF6F877394021434FF6FC473A40EB
:1013E00040F201173A434FF6DD773B404FF6FF7767
:1013F00007EA06172F433B43018102830384F0BDB4
:101400000A460021018B4FF68F7319401143018367
:1014100070470A460021018B48F6FF7319404FF6CA
:10142000FF7303EA02231943018370470A46002130
:10143000818B4FF68F7319401143818370470A46A1
:101440000021818B48F6FF7319404FF6FF7303EAC2
:10145000022319438183704721B1028842F0800240
:10146000028004E002884FF67F731A4002807047C2
:1014700021B1828842F00402828004E082884FF623
:10148000FB731A408280704721B1828842F00802C3
:10149000828004E082884FF6F7731A40828070479A
:1014A00021B1828842F00102828004E082884FF6F6
:1014B000FE731A40828070470A460021018B4FF666
:1014C000F77319401143018370470A460021018BCD
:1014D0004FF2FF7319404FF6FF7303EA02231943DB
:1014E000018370470A460021818B4FF6F77319403C
:1014F0001143818370470A460021818B4FF2FF73AD
:1015000019404FF6FF7303EA0223194381837047A2
:101510000A460021018B4FF6FB73194011430183EA
:1015200070470A460021018B4FF6FF3319404FF6F2
:10153000FF7303EA02231943018370470A4600211F
:10154000818B4FF6FB7319401143818370470A4624
:101550000021818B4FF6FF3319404FF6FF7303EAEA
:1015600002231943818370470A460021018B4FF6FD
:101570007F7319401143018370470A460021018B94
:10158000C1F30E014FF6FF7303EA022319430183EF
:1015900070470A460021818B4FF67F731940114333
:1015A000818370470A460021818BC1F30E014FF6FB
:1015B000FF7303EA02231943818370470A4600211F
:1015C000018C4FF6FD7319401143018470470A46A0
:1015D0000021018C4FF6F7731940114301847047C5
:1015E0000A460021018C4FF6DF7319404FF6FF7356
:1015F00003EA02131943018470470A460021018C53
:101600004FF67F7319404FF6FF7303EA0213194335
:10161000018470470A460021018C4FF6FF531940A0
:101620004FF6FF7303EA02231943018470470A4609
:101630000021018C4FF2FF7319404FF6FF7303EA4C
:1016400002231943018470470A460021018C4DF69C
:10165000FF7319404FF6FF7303EA02331943018405
:10166000704730B5002301248C40A3B2048C9C4306
:101670000484048C02FA01F5ADB22C43048430BD1D
:1016800030B5002304248C40A3B2048C9C43048412
:10169000048C02FA01F5ADB22C43048430BD70B560
:1016A0000346002000241846183001258D40ACB2B6
:1016B0001D8CA5431D8409B1082909D100EB6100E7
:1016C000056825F0700505600568154305600EE0A6
:1016D0000D1FC5F34E052844056825F4E045056057
:1016E00005684FF6FF7606EA02263543056070BDB1
:1016F00021B1028842F00202028004E002884FF623
:10170000FD731A400280704721B1028842F0040242
:10171000028004E002884FF6FB731A400280704793
:1017200021B1828842F08002828004E082884FF6F4
:101730007F731A408280704702884FF6F7731A4011
:10174000028002880A430280704782884FF68F73B6
:101750001A40828082880A438280704702894FF64D
:10176000F8731A40028102890A4302817047028994
:101770004FF67F731A40028102890A430281704743
:1017800081847047818570478186704701877047E3
:1017900081877047A0F84010704702884FF6FF43DA
:1017A0001A40028002880A43028070470146888EF0
:1017B00070470146088F70470146888F7047014681
:1017C000B1F8400070470146888C70470146088D8B
:1017D000704702460020138A0B400BB1012000E045
:1017E00000207047CA430282704730B5024600208D
:1017F00000230024158A05EA0103958905EA0104FE
:1018000013B10CB1012000E0002030BDCA430282B8
:101810007047000010B50446FB48844209D10121FD
:101820008803FFF79FF800214FF48040FFF79AF8F4
:1018300032E0F648844209D101214804FFF79FF8BD
:1018400000214FF40030FFF79AF825E0F048844279
:1018500009D101218804FFF792F800214FF480207C
:10186000FFF78DF818E0EB48844209D10121C80444
:10187000FFF785F800214FF40020FFF780F80BE018
:10188000E548844208D101210805FFF778F80021D6
:101890004FF48010FFF773F810BD2DE9F04786B0C4
:1018A00005460E460024A24600BFA1460027B08987
:1018B00000B100BF2F462C8A4CF6FF700440F08820
:1018C00004432C82AC894EF6F3100440B088318971
:1018D0000843718908430443AC81AC8A4FF6FF404A
:1018E0000440B0890443AC8201A8FEF7B4FFC648A7
:1018F000874202D1DDF810A001E0DDF80CA0A88934
:1019000000F4004040B10AEBCA0000EB0A10316855
:101910004900B0FBF1F807E00AEBCA0000EB0A103F
:1019200031688900B0FBF1F86420B8FBF0F00401E5
:101930002009642101FB1089A88900F4004040B10E
:10194000322000EBC900B0FBF1F000F007000443C7
:1019500008E0322000EB09106421B0FBF1F000F048
:101960000F0004432C8106B0BDE8F0874FF41651F8
:10197000016000218180C18001810C214181002111
:101980008181704710B502460020108A4FF2FF0394
:1019900018400B884C8823438C882343CC882343EE
:1019A0001843108210BD0021018041808180C180D8
:1019B000704721B1828942F40052828104E0828919
:1019C0004DF6FF731A4082817047F0B5034600243C
:1019D00000260025002040F66A17B94200D100BF5A
:1019E0001846C1F3421401F01F06012707FA06F555
:1019F000012C01D10C3004E0022C01D1103000E0A8
:101A000014301AB107682F43076002E00768AF433C
:101A10000760F0BD1AB1838A0B43838202E0838A98
:101A20008B4383827047028A4FF6F0731A4002821A
:101A3000028A0A430282704782894FF2FF731A407A
:101A4000828182890A438281704721B1828942F072
:101A50000202828104E082894FF6FD731A4082817E
:101A60007047028A4FF6DF731A400282028A0A43E5
:101A70000282704721B1028A42F48042028204E06D
:101A8000028A4BF6FF731A4002827047C1F30802C4
:101A90008280704701468888C0F3080070478189BA
:101AA00041F0010181817047028BD2B20283028B27
:101AB00042EA012202837047028B02F47F420283D2
:101AC000028B0A430283704721B1828A42F02002CE
:101AD000828204E0828A4FF6DF731A408282704766
:101AE00021B1828A42F01002828204E0828A4FF69B
:101AF000EF731A408282704721B1828A42F0080255
:101B0000828204E0828A4FF6F7731A40828270471D
:101B100021B1828942F40042828103E08289C2F3CA
:101B20000E028281704721B1828A42F40062828271
:101B300004E0828A4FF2FF731A4082827047828AE1
:101B40004FF6FB731A408282828A0A438282704770
:101B500021B1828A42F00202828204E0828A4FF638
:101B6000FD731A408282704702460020B1F5007F63
:101B700000D100BF13880B400BB1012000E0002012
:101B8000704701F40072B2F5007F00D100BFCA4374
:101B90000280704770B50246002400230025002013
:101BA00040F66A16B14200D100BFC1F3421501F000
:101BB0001F03012606FA03F3012D02D19689334053
:101BC00006E0022D02D1168A334001E0968A3340A6
:101BD0000C12012606FA04F41688344013B10CB135
:101BE000012000E0002070BD10B50022002340F667
:101BF0006A14A14200D100BF0A1201249440A3B28A
:101C0000DC43048010BD0000003801400044004067
:101C100000480040004C00400050004010B5044611
:101C2000FA48844208D101214015FEF79BFE0021AD
:101C30006015FEF797FE17E0F548844208D10121B0
:101C40000015FEF78FFE00212015FEF78BFE0BE03E
:101C5000F048844208D10121C803FEF783FE002129
:101C60004FF40040FEF77EFE10BD30B50246002066
:101C700000235068E84C20400D790C6844EA0524A4
:101C8000204350609068E54C2040D1E902542C4339
:101C90004D7944EA450420439060D06A20F47000F6
:101CA0000C7C641EE4B2234340EA0350D06230BD92
:101CB00000210160017141718160C16001210174E5
:101CC000704721B1826842F00102826003E08268BD
:101CD00022F001028260704721B1826842F4807272
:101CE000826003E0826822F480728260704710B5DF
:101CF0000023CBB21AB144681C43446002E044683C
:101D00009C43446010BD816841F0080181607047C8
:101D1000014600208A6802F008020AB1012000E0B2
:101D200000207047816841F00401816070470146DE
:101D300000208A6802F004020AB1012000E00020BD
:101D4000704721B1826842F4A002826003E0826899
:101D500022F4A00282607047014600208A6802F4E3
:101D600080020AB1012000E00020704710B50A4649
:101D700000210023416821F46041531E41EA4331B0
:101D8000416010BD21B1426842F40062426003E04C
:101D9000426822F4006242607047F0B504460D4686
:101DA00000200021092D11DDE068A5F10A0606EBEF
:101DB0004607072606FA07F18843A5F10A0606EB4F
:101DC000460603FA06F10843E0600CE0206905EBE3
:101DD0004507072606FA07F1884305EB450603FA8F
:101DE00006F108432061072A0FDA606B561E06EBE6
:101DF00086071F2606FA07F18843561E06EB86065D
:101E000005FA06F10843606322E00D2A0FDA206B21
:101E1000D61F06EB86071F2606FA07F18843D61F52
:101E200006EB860605FA06F10843206310E0E06A37
:101E3000A2F10D0606EB86071F2606FA07F1884376
:101E4000A2F10D0606EB860605FA06F10843E062EC
:101E5000F0BD21B1826842F48012826003E08268A2
:101E600022F48012826070470146C86C80B27047CD
:101E700066484C300068704721B1426842F4806285
:101E8000426003E0426822F480624260704721B100
:101E9000426842F48052426003E0426822F4805279
:101EA000426070470A460021816821F4E0411143F5
:101EB0008160704721B1826842F40042826003E091
:101EC000826822F400428260704721B1826842F445
:101ED0000212826003E0826822F40212826070477C
:101EE000014600208A6802F400120AB1012000E0D5
:101EF00000207047F0B50446154600200022002659
:101F0000092911DDE068A1F10A0707EB470C072753
:101F100007FA0CF29043A1F10A0707EB470703FA0F
:101F200007F21043E0600CE0206901EB410C072749
:101F300007FA0CF2904301EB410703FA07F2104352
:101F40002061A06BC0F30156EF1C06F1010CA7EB5A
:101F50000C0707EB870C1F2707FA0CF29043EF1CC6
:101F600006F1010CA7EB0C0707EB870701FA07F254
:101F70001043A063F0BD10B50A4600210023816B19
:101F800021F44011531E41EA0351816310BD08B58D
:101F9000002300930090009B0B440093009B1A6069
:101FA00008BD08B5024600200090009201F128000B
:101FB000009B184400900098006880B208BD0A4653
:101FC00000214168164B194011434160704741623E
:101FD000826270470A460021416821F01F011143C7
:101FE0004160704740B109490831096841F4000176
:101FF000064A0832116007E004490831096821F4F3
:102000000001024A083211607047000000240140BC
:1020100000280140003C0140FFFEF0FFFDF7F1FF0A
:10202000FFFD3FFF0246002013680B400BB101206B
:1020300000E000207047CA430260704770B5024656
:102040000020002300240B125568CEB205EA0604D6
:1020500015681D4015B10CB1012000E0002070BDD5
:1020600000220A12D3430360704700000CB5002021
:10207000019000906C48006840F480306A49086024
:1020800000BF6948006800F4003000900198401CCF
:102090000190009818B90198B0F5A06FF1D162488D
:1020A000006800F4003010B10120009001E0002031
:1020B00000900098012843D15C48006840F010006F
:1020C0005A4908600846006820F003000860084686
:1020D000006840F002000860534840685249486078
:1020E0000846406848600846406840F480604860A0
:1020F0000846406820F47C1048600846406840F478
:10210000E81048600846006840F08070086000BF32
:102110004548006800F000700028F9D04248406847
:1021200020F00300404948600846406840F0020043
:10213000486000BF3C48406800F00C000828F9D116
:102140000CBD10B5FFF792FF10BD10B53648006802
:1021500040F00100344908600846406834490840AE
:102160003149486008460068324908402E490860F5
:102170000846006820F4802008600846406820F483
:10218000FE0048604FF41F008860FFF7DAFF4FF051
:1021900000602949086010BD10B500210020002210
:1021A000214B5B6803F00C0121B1042906D00829FA
:1021B00028D107E0214B224C236027E01F4B204C05
:1021C000236023E0184B5B6803F47010164B5B68C8
:1021D00003F48032022303EB904022B9194B4343AE
:1021E000174C23600DE0104B5B6803F4003323B100
:1021F000144B4343124C236003E0104B4343104CF9
:10220000236003E00D4B0E4C236000BF00BF064B64
:102210005B68C3F303130C4CE15C094B1B68CB40B8
:10222000074C236010BD0000001002400020024057
:102230000000FFF8FFFFF6FE08ED00E000127A0054
:102240001400002000093D0018000020014605E0B0
:10225000002001E0421CD0B20A28FBDB0A1EA1F1DB
:102260000101F5D1704710B5044603E04FF47A70D0
:10227000FFF7ECFF201EA4F10104F7D110BD704759
:1022800008B50720009002E00098401E00900098DA
:102290000028F9D108BD10B54FF40070E649086078
:1022A00040100860FFF7ECFFE3480838006808B901
:1022B000012000E0002000F4007008B1002010BDF3
:1022C0004FF40070DC49091D0860FFF7D9FFDA48B8
:1022D0000838006800F4007008B10020EFE74FF400
:1022E0000070D549091D0860FFF7CAFF0120E6E725
:1022F00010B54FF48070D049091D0860FFF7C0FF8A
:102300004FF40070CC49091D0860FFF7B9FF4FF486
:102310008070C9490860FFF7B3FF4FF40070C649E9
:102320000860FFF7ADFF10BD10B54FF48070C249D3
:10233000091D0860FFF7A4FF4FF40070BE49091D96
:102340000860FFF79DFF4FF48070BB490860FFF7FE
:1023500097FF4FF48070B849091D0860FFF790FFA0
:1023600010BD10B54FF48070B349091D0860FFF728
:1023700087FF4FF40070B0490860FFF781FF4FF40A
:102380008070AD490860FFF77BFF4FF48070AA4969
:10239000091D0860FFF774FF10BD10B54FF4807081
:1023A000A549091D0860FFF76BFF4FF40070A249B3
:1023B0000860FFF765FF4FF480709F490860FFF7E2
:1023C0005FFF9D480838006800F4007030B14FF49A
:1023D00080709949091D0860002010BD4FF480707D
:1023E0009549091D08600120F7E770B504460825E6
:1023F0001DE04FF480709049091D0860FFF740FF11
:1024000004F0800020B14FF400708B49086004E0B4
:102410004FF400708849091D08606006040EFFF73C
:102420002FFF4FF4807084490860FFF729FF281EB2
:10243000A5F10101CDB2DCD14FF480707E49091DB8
:10244000086070BD70B508250024A8017A490860AD
:1024500016E06006040E4FF480707749091D08608D
:10246000FFF70EFF4FF4807073490860FFF708FF15
:1024700071480838006800F4007008B144F00104A5
:10248000281EA5F10101CDB2E3D14FF480706A4955
:10249000091D0860204670BD08B501210820FEF71F
:1024A00047FA4FF44070ADF8000002208DF80200AA
:1024B00014208DF8030069465F481038FDF77CFF53
:1024C00008BD2DE9F04105460E4617469846FFF730
:1024D000E2FE10B90020BDE8F081002141EA45018B
:1024E000C8B2FFF782FFFFF758FF18B9FFF700FFE8
:1024F0000020F0E73046FFF778FFFFF74EFF00249B
:102500000BE018F80400FFF770FFFFF746FF18B95B
:10251000FFF7EEFE0020DEE7641CBC42F1DBFFF7B4
:10252000E7FE0120D7E72DE9F04104460D461646A7
:102530001F463B46324629462046FFF7C2FF10B1F0
:102540000020BDE8F0814FF0FF30FAE72DE9F041BF
:1025500005460F4614461E46FFF79DFE10B90020A3
:10256000BDE8F081002141EA4501C8B2FFF73DFF17
:10257000FFF713FF18B9FFF7BBFE0020F0E738465E
:10258000FFF733FFFFF709FFFFF785FE012101EB9E
:102590004501C8B2FFF729FFFFF7FFFE0CE0FFF788
:1025A00051FF3070012C02D1FFF7DBFE01E0FFF795
:1025B000BBFE761C601EC4B2002CF0D1FFF798FE63
:1025C0000120CDE72DE9F04104460D4616461F4691
:1025D0003B46324629462046FFF7B8FF10B100209F
:1025E000BDE8F0814FF0FF30FAE770B504460D46C4
:1025F0001646FFF750FE08B9002070BD002141EAE1
:102600004401C8B2FFF7F1FEFFF7C7FE18B9FFF7A4
:102610006FFE0020F1E72846FFF7E7FEFFF7BDFE5B
:102620003046FFF7E2FEFFF7B8FEFFF761FE01203C
:10263000E3E7002070470000100C014008B50121BD
:102640001120FEF775F901210B48FDF786FF4FF4C5
:10265000C040ADF8000003208DF8020010208DF876
:10266000030069460548FDF7A7FE4FF4C041034843
:10267000FDF74FFF08BD00000002300000100140D0
:10268000FFF763FD41F61F4141F2883001F0F6FE8D
:1026900001F030FF01F060FD00F0C6F800F028F80E
:1026A000FFF7CCFF01F0ACFF00F0D4F800F03BF9ED
:1026B000FFF7F2FE0A2000F013FE00F047FA00F0E8
:1026C000B7FD00F037FE094800F01AFE4FF0E02099
:1026D000006940F001004FF0E021086105E000F0E2
:1026E000A5FA01F0B0FC01F0D1FBF8E70000C84208
:1026F00008B501210820FEF71BF94FF47040ADF832
:10270000000010208DF8030003208DF802006946B8
:10271000FE48FDF751FE4FF47041FC48FDF7F9FE0D
:1027200008BD08B501210846FEF70FF90121042074
:10273000FEF7FEF80C20ADF8000018208DF803001D
:1027400003208DF802006946F148FDF735FE08BD0B
:1027500030B587B00025002440F2E730ADF8140012
:102760000020ADF81000ADF81600ADF8120004A975
:102770004FF08040FEF714FA6020ADF80000012011
:10278000ADF80200ADF806500020ADF8080069462B
:102790004FF08040FEF7D0FA0821C806FEF7A2FEEF
:1027A0000120ADF80200ADF806400020ADF80800A9
:1027B00069464FF08040FEF70AFB0821C806FEF785
:1027C0009AFE01218807FEF747FE01218807FEF7E0
:1027D00043FD07B030BD2DE9FF4104460D462746B5
:1027E0002E466020ADF800000120ADF80200ADF8E3
:1027F00006700020ADF8080069464FF08040FEF7F3
:102800009BFA0821C806FEF76DFE0120ADF8020014
:10281000ADF8066069468007FEF7D9FA0821C806B8
:10282000FEF769FEBDE8FF8110B5FFF77AFFFFF7FD
:102830008FFF10BDB7490888098821F00101B54A0A
:1028400011807047B4490888098821F00101B24A13
:102850001180704700B589B001210220FEF775F89C
:1028600001210420FEF764F801A8FDF730FEC02026
:10287000ADF8040004208DF8070003208DF8060051
:1028800001A9A348FDF798FD4FF4A060FDF738FCBF
:102890001D208DF8080001208DF8090003208DF817
:1028A0000A0001208DF80B0002A8FDF72EFC9948C4
:1028B0001038FEF7A1F806A8FEF79EFC0020ADF840
:1028C00018004FF6FF70ADF81C000020ADF81E0098
:1028D000ADF81A0006A98F481038FEF761F90A23EF
:1028E0001A4603218B481038FEF769FD03A8FEF74E
:1028F00096FC0620ADF8140003A986481038FEF7B0
:10290000E2FB012183481038FEF76CFF01221146DB
:1029100080481038FEF7BBFC01217E481038FEF7D6
:102920009BFC09B000BD00B589B001210420FEF771
:102930000CF801210820FDF7FBFF01A8FDF7C7FDFA
:10294000C020ADF8040004208DF8070003208DF8A6
:10295000060001A96D48FDF72FFD4FF4A060FDF7BB
:10296000CFFB1E208DF8080001208DF80900032000
:102970008DF80A0001208DF80B0002A8FDF7C5FBB9
:1029800065481038FEF738F806A8FEF735FC002039
:10299000ADF818004FF6FF70ADF81C000020ADF840
:1029A0001E00ADF81A0006A95B481038FEF7F8F8CB
:1029B0000A231A46032158481038FEF700FD03A8E1
:1029C000FEF72DFC0620ADF8140003A9524810387C
:1029D000FEF779FB012150481038FEF703FF012272
:1029E00011464D481038FEF752FC01214A48103874
:1029F000FEF732FC09B000BD00B585B0012104200E
:102A0000FDF796FF01210220FDF79FFF8020ADF822
:102A1000100004208DF8130003208DF8120004A983
:102A20003B48FDF7C9FC4FF4A060FDF769FB1D2092
:102A30008DF8000001208DF8010003208DF80200C0
:102A400001208DF803006846FDF75FFB3148103820
:102A5000FDF7D2FF4FF6FF70ADF808000020ADF88B
:102A60000400ADF80A00ADF8060001A929481038A5
:102A7000FEF796F800231A46602126481038FEF724
:102A80003AFC002123481038FEF77AFE0121214844
:102A90001038FEF7E1FB05B000BD00B585B001219F
:102AA0000820FDF745FF01210420FDF74EFF80209F
:102AB000ADF8100004208DF8130003208DF81200EB
:102AC00004A91248FDF778FC4FF4A060FDF718FB4D
:102AD0001E208DF8000001208DF8010003208DF8E4
:102AE000020001208DF803006846FDF70EFB0A483E
:102AF0001038FDF781FF4FF6FF70ADF80800002099
:102B0000ADF80400ADF80A0008E00000000C014038
:102B1000000801401004004010080040ADF8060015
:102B200001A90948FEF73CF800231A46602106482F
:102B3000FEF7E1FB00210448FEF722FE01210248D6
:102B4000FEF78AFB05B000BD0008004070B5002408
:102B500002F021FA0446002C60D17CA001F079FC3F
:102B6000782001F07AFE18B981A001F072FC02E031
:102B700087A001F06EFC782002F05CF818B98FA0F5
:102B800001F067FC02E096A001F063FC642002F013
:102B900032F918B99EA001F05CFC02E0A6A001F099
:102BA00058FC03F0E9FC18B9ACA001F052FC02E0BB
:102BB000B7A001F04EFCC54804F0BAFB054603F08F
:102BC000E5FC18B9C2A001F044FC02E0CAA001F083
:102BD00040FC40F2731004F01AF918B9D2A001F0C9
:102BE00038FC02E0D9A001F034FC642003F088FE38
:102BF00018B9E2A001F02DFC02E0E9A001F029FCE7
:102C000004F0AAFB012003F0FDF918B9EFA001F0D0
:102C100020FC0AE0F6A001F01CFC06E04FF4005195
:102C2000FE48FDF778FC00BFFEE770BD2DE9F04FD0
:102C300089B0FB48FB49FC4BFC4ACDE90010FC493C
:102C4000FC4804F043FAF748008800F4807000283C
:102C50007AD0F649086804F0B1FE04464FF09D4171
:102C600004F0E6FCF4490860F049486804F0A6FE68
:102C700004464FF09D4104F0DBFCF0490860EB494D
:102C8000886804F09BFE04464FF09D4104F0D0FCA0
:102C9000EB490860E549C86804F090FE04464FF02F
:102CA0009D4104F0C5FCE7490860E34801684FF026
:102CB000804004F08BFC0690E1480168069804F01F
:102CC00085FC8246DD4801684FF0404004F07EFC00
:102CD0000690DC480168069804F078FC834651466B
:102CE00004F01CFC079004F0B5FE064606F0DAF886
:102CF00080464FF06632D44B04F07FFD044604F06A
:102D0000D5FED2490860CE4801684FF0804004F0FB
:102D10005DFC0390CA480168039804F057FC8246A2
:102D2000C64801684FF0404004F050FC0390C3488F
:102D30000168039804F04AFC8346514604F040FCC5
:102D400081464FF07E5183E10CE200006D707520EA
:102D5000696E697469616C697A6174696F6E206308
:102D60006F6D706C6574652E2E2E2E2E2E0A20002F
:102D70006D70755F7365745F73656E736F722063DA
:102D80006F6D706C657465202E2E2E2E2E2E0A000F
:102D90006D70755F7365745F73656E736F722063BA
:102DA0006F6D65206163726F7373206572726F72ED
:102DB000202E2E2E2E2E2E0A000000006D70755F24
:102DC000636F6E6669677572655F6669666F2063BB
:102DD0006F6D706C657465202E2E2E2E2E2E0A00BF
:102DE0006D70755F636F6E6669677572655F666942
:102DF000666F20636F6D65206163726F737320650A
:102E000072726F72202E2E2E2E2E2E0A00000000BF
:102E10006D70755F7365745F73616D706C655F7203
:102E200061746520636F6D706C657465202E2E2E45
:102E30002E2E2E0A000000006D70755F7365745FA2
:102E400073616D706C655F72617465206572726F1D
:102E500072202E2E2E2E2E2E0A000000646D705F22
:102E60006C6F61645F6D6F74696F6E5F64726976B9
:102E700065725F6669726D7761726520636F6D70F0
:102E80006C657465202E2E2E2E2E2E0A000000005A
:102E9000646D705F6C6F61645F6D6F74696F6E5F9E
:102EA0006472697665725F6669726D7761726520BA
:102EB000636F6D65206163726F7373206572726FEB
:102EC00072202E2E2E2E2E2E0A000000280000200A
:102ED000646D705F7365745F6F7269656E74617441
:102EE000696F6E20636F6D706C657465202E2E2E79
:102EF0002E2E2E0A00000000646D705F7365745FF3
:102F00006F7269656E746174696F6E20636F6D6551
:102F1000206163726F7373206572726F72202E2E40
:102F20002E2E2E2E0A000000646D705F656E6162A9
:102F30006C655F6665617475726520636F6D706C3A
:102F4000657465202E2E2E2E2E2E0A00646D705F65
:102F5000656E61626C655F6665617475726520633C
:102F60006F6D65206163726F7373206572726F722B
:102F7000202E2E2E2E2E2E0A00000000646D705F73
:102F80007365745F6669666F5F7261746520636FF5
:102F90006D706C657465202E2E2E2E2E2E0A00006C
:102FA000646D705F7365745F6669666F5F7261748C
:102FB0006520636F6D65206163726F737320657246
:102FC000726F72202E2E2E2E2E2E0A006D70755FBF
:102FD0007365745F646D705F737461746520636F93
:102FE0006D706C657465202E2E2E2E2E2E0A00001C
:102FF0006D70755F7365745F646D705F7374617419
:103000006520636F6D65206163726F7373206572F5
:10301000726F72202E2E2E2E2E2E0A0000100140CE
:10302000620000206000002050000020E801002025
:103030005A000020540000203400002038000020F6
:103040003C0000204000002066A64C4044000020C8
:1030500004F064FA044604F0FDFCCDE904014348A1
:1030600001684FF0804004F0B1FA8346404801689F
:10307000584604F0ABFA81463E4801684FF0804064
:1030800004F0A4FA83463C480168584604F09EFACE
:103090008246494604F042FA044604F0DBFC074647
:1030A000DDE9042306F046F94FF06632334BCDE9F3
:1030B000060104F0A2FB054604F0F8FC3049086064
:1030C0002D480168006804F081FA039029480168DE
:1030D000006804F07BFA029025480168006804F05B
:1030E00075FA834621480168006804F06FFA594672
:1030F000019004F013FA8246029904F061FA8146C5
:10310000039904F05DFA044604F0A4FCCDE904013F
:10311000194801681548006804F058FA82461548B5
:1031200001681348006804F051FA8346514604F0E0
:10313000F5F981464FF0804104F048FA044604F066
:1031400089FC0746DDE9042306F0F4F84FF0663207
:103150000A4BCDE9060104F050FB054604F0A6FC3D
:103160000849086009B0BDE8F08F00003400002075
:10317000380000203C0000204000002066A64C40A3
:10318000480000204C000020704700BFFEE700BF51
:10319000FEE700BFFEE700BFFEE7704770477047DD
:1031A00010B51D480078401C1B4908701B4800786A
:1031B000401C1A4908701A480078401C18490870C9
:1031C00000F039FB17480078401C16490870164873
:1031D0000078401C1449087014480078401C1349BA
:1031E00008700E480078022806DB01F0F4F900F0C0
:1031F00034FC00200949087009480078082806DBDB
:1032000000F046FB0020064908700649087000F0EF
:1032100032F900F04EFA10BDA1000020A6000020F7
:10322000A2000020A3000020A4000020A500002090
:1032300030B527480068C822B0FBF2F1B1F1807FB9
:1032400001D301201DE021F07F40401E4FF0E0221D
:10325000506150170F22002807DA13071D0E1D4B6F
:1032600000F00F04241F1D5503E013071C0E1A4B1A
:103270001C5400BF00204FF0E02290610720106135
:10328000002008B100BFFEE74FF0E020006920F009
:1032900001004FF0E021086130BD01B50F490098F1
:1032A00008604FF0E020006940F001004FF0E0219D
:1032B000086100BF094800680028FBD108BD074825
:1032C000006820B105480068401E04490860704746
:1032D0001400002018ED00E000E400E0640000208D
:1032E000002107E042F6E06100BF0A1EA1F10103E0
:1032F00099B2FAD1021EA0F1010398B2F2D170473F
:103300000021FE4A1170FE490860FE490978FE4A14
:1033100011700021FD4A1160FA490978FC4A1170C8
:103320000021FC4A1170FC4A11804FF07E51FB4A8B
:103330001160704700B50020F9490880F9490880FC
:10334000F9490860F9490860F9490860F9490860D5
:10335000F9490860F9490860F9490860F9490860C5
:10336000F9490860F9490860F9490860F9490860B5
:10337000F9490860F9490860F9490860F9490860A5
:10338000F9490860DF490870F8490870F849087081
:10339000DC480078DC4908700020DC490860D94826
:1033A0000078DB4908700020DA490870DA490880A3
:1033B0004FF07E50D9490860EE48FFF7A1FF00208A
:1033C000ED49086000BD2DE9F041EC48006804F0CB
:1033D00041FB0446EA48D0E900633246204604F047
:1033E0004DFB07D0E648D0E90021104604F05EFB13
:1033F000E2490860E348006804F02CFB0446E0481A
:10340000D0E902633246204604F038FB07D0DC499D
:10341000D1E90221104604F049FBDA490860DA4894
:10342000006804F017FB0446D548D0E9046332462F
:10343000204604F023FB07D0D148D0E904211046F0
:1034400004F034FBD0490860D048006804F002FB67
:103450000446CB48D0E906633246204604F00EFB12
:1034600007D0C748D0E90621104604F01FFBC74922
:103470000860BDE8F0812DE9F041C54800680128E9
:1034800010D10020BD490860C248006804F0A4FAC9
:1034900006460022C04B04F0B0F9044604F006FBD7
:1034A000B6490860BA480068022812D10020B54920
:1034B0000860BA490968A1F1400004F08DFA064697
:1034C0000022B74B04F099F9044604F0EFFAAD4935
:1034D0000860B449B1F9040004F070FAB249086018
:1034E000B249B1F9040004F069FAB1490860002159
:1034F000B048006804F0F6FA0BD0AF49AD48006858
:1035000004F0F0FA05D3AD49AA48006804F0F4FAD3
:1035100005D24FF40051AA48FCF7FDFF04E04FF438
:103520000051A748FCF7F5FF0021A648006804F009
:1035300047F8824908609D49B1F9000004F03EFA5D
:10354000064690480168304604F040F804467C483E
:1035500001687A48006804F033F806468748016835
:10356000304604F033F80546214603F0D7FF77498B
:103570000860BDE8F0812DE9F04104460D46002CBD
:103580000CDA4FF480419048FCF7C3FF4FF4004140
:103590008D48FCF7C0FF604204B20AE04FF40041DE
:1035A0008948FCF7B6FF4FF480418748FCF7B3FF2A
:1035B00000BF002D0CDA4FF400518348FCF7A9FF3F
:1035C0004FF480518048FCF7A6FF684205B20AE03C
:1035D0004FF480517C48FCF79CFF4FF400517A482F
:1035E000FCF799FF00BFAFB2A6B231464FF0804062
:1035F000FEF7CEF839464FF08040FEF7CBF873491E
:103600006C48006804F078FA23D37149694800686F
:1036100004F068FA02D24FF0010801E04FF0000810
:1036200000215048006804F05DFA01D1012000E05B
:10363000002008EA000800214B48006804F052FA14
:1036400001D1012000E0002008EA0008B8F1000FD5
:103650000DD000214FF08040FEF79AF800214FF086
:103660008040FEF797F801205A49086002E00020E8
:103670005849086058493148006804F03DFA05D3BC
:1036800056492E48006804F02DFA0DD200214FF063
:103690008040FEF77DF800214FF08040FEF77AF879
:1036A00001204C49086002E000204A490860BDE85A
:1036B000F08170B5234801682448006803F02EFFAC
:1036C000244908601F4801682048006803F078FF1B
:1036D0001F4908601F48006804F08FF900B2B0F578
:1036E0007A7F02DD3E481B4908601A48006804F0F2
:1036F00084F900B210F57A7F78DA74E07500002062
:103700008C000020A1000020740000207000002028
:10371000A0000020980000209A0000209C000020BB
:10372000EE000020EC000020FC000020F80000204B
:10373000040100200001002008010020C800002032
:10374000B800002024010020AC000020BC000020B4
:10375000C4000020C00000202001002064010020DF
:10376000600100202C01002028010020A200002080
:10377000A30000200000C84218010020D80000204B
:1037800040960008DC000020E0000020E40000205B
:1037900048010020380100200080FB3F3C01002050
:1037A0000000C43F5A0000205801002054000020AF
:1037B0005C010020440000200000A0C10000A041E6
:1037C0000010014048000020000C01400000204192
:1037D000000020C11401002000004842000048C23F
:1037E00000007A4402E0FE48FE490860FE48006896
:1037F00004F003F900B2B0F57A7F02DDFB48FA4924
:103800000860F948006804F0F8F800B210F57A7F13
:1038100002DAF348F4490860F348006804F0EDF870
:1038200004B2F048006804F0E8F805B221462846E2
:10383000FFF7A1FE70BD70B5ED48FDF7C4FF04466B
:10384000EC48FDF7C0FF0546EB480460EB48056017
:103850000021E748FDF794FF0021E648FDF790FFBF
:1038600020B2E7490880684200B2E6490880E6488D
:103870000068E349B1F900100844E3490860E348EF
:103880000068E049B1F900100844E049086070BDE3
:103890002DE9F05FDC490968DC4A1268881804F0F9
:1038A0008DF8DB4908600020D8490860D6490860D7
:1038B000D848006804F0CEF806464FF06632D64B82
:1038C00003F09BFF044604F0F1F8D2490860D048A9
:1038D000006804F0BFF880464FF03332CF4B03F05E
:1038E0008CFF04460D46CB48006804F0B3F806464A
:1038F00022462B4603F0DAFE824604F0D7F8C5498B
:10390000086008460168C648006803F007FEC4491D
:103910000860C4480168C248006803F0FFFDC04960
:103920000860C1480168BE48006803F0F7FDBC4963
:103930000860BE480068012801D100200860B8482E
:10394000006804F05AF8B0F5FA5F02DDB848B449EF
:103950000860B348006804F050F810F5FA5F02DA26
:10396000B448AF490860B4480068032812D1002069
:10397000B2490860B2490968A1F1800004F02CF84E
:1039800006460022AF4B03F038FF044604F08EF8E1
:10399000AA490860A8480068042812D10020AA4952
:1039A0000860AA490968A1F1C00004F015F80646AC
:1039B0000022A74B03F021FF044604F077F8A24948
:1039C000086000219648006803F0FAFD06469E480C
:1039D0000168304603F0FAFD044600218D48006876
:1039E00003F0EEFD064695480168304603F0EEFD13
:1039F0000546214603F092FD96490860964997488E
:103A0000006804F079F805D395499448006804F0FB
:103A100069F80BD28F48006880F000448F48016835
:103A2000204603F005FE8F49086002E000208D4922
:103A300008608D498B48006804F05EF802D28A481D
:103A40008849086089498748006804F04BF802D229
:103A5000864884490860BDE8F09F2DE9F04184481C
:103A60000068002846D18348FDF7ADFE00EB8000DA
:103A700000EB00104400204603F0AEFF0546002294
:103A80007D4B03F02CFF074604F010F87B490860DB
:103A90007B48007820B9002063490860BDE8F081C8
:103AA0007648006803F0D6FF04460022754B03F009
:103AB000E5FF03D874485C4908601BE073496F4810
:103AC000006804F019F801D8012400E000244FF048
:103AD00082416A48006804F005F801D8012000E03E
:103AE000002004401CB16A484F49086002E00020F1
:103AF0004D49086000BFD1E72DE9FC5F65480068CB
:103B000001286BD13748D0F800B0374800680190E1
:103B10006148B0F902906148B0F900A057480468C4
:103B2000484603F04BFF06464FF08D4103F080FD01
:103B300005465B4903F04AFD5A490860504603F0C8
:103B40003DFF0646584903F03BFD0546574903F043
:103B50006FFD57490860584603F07CFF0746554AF9
:103B6000554B03F0BCFE054603F0A0FF83460198C9
:103B700003F070FF05464F4A4F4B03F0B0FE074677
:103B800003F094FF019050214C4803F0A3FC4B48F4
:103B90004BA1096801600A214A4803F09BFC4A488E
:103BA00000210160416001810A21484803F092FC34
:103BB000474800210160416001810A21454803F026
:103BC00089FC454800210160416001810749584650
:103BD00003F088FF03D8024958467FE054E18BE0A8
:103BE00000007AC4C0000020C400002000007A4415
:103BF00000040040000800400C01002010010020DB
:103C0000EC000020EE000020F8000020FC00002066
:103C100000010020040100206666E63F3333D33FF5
:103C200008010020200100201801002014010020BC
:103C30000000FA450000FAC548010020E00000201D
:103C4000400100200000DE3FE4000020440100208D
:103C50000000C43FB40000206F12833AD800002057
:103C60006F1283BAB800002000002041000020C17C
:103C700030010020002C0140000069401C010020A0
:103C80007500002000001040000096C30000A04016
:103C90000000FA434C0100205A000020540000208C
:103CA000CDCC1C41580100209A1900430000034369
:103CB0005C01002048E17A14AE470F40F801002073
:103CC000244C5600100300201A0300202403002077
:103CD0002E030020380300204203002003F00CFFD5
:103CE0000AD8584603F0B6FE05462A460B46E6A11A
:103CF000E74804F019F901E0BDE8FC9FE5490198A7
:103D000003F0F0FE0FD8E449019803F0F5FE0AD85D
:103D1000019803F09FFE05462A460B46DAA1DF48CC
:103D200004F002F900E0E7E7DD49DE48006803F04F
:103D3000E3FE11D2DC49DB48006803F0D3FE0BD26E
:103D4000D848006803F086FE05462A460B46CEA1F9
:103D5000D64804F0E9F800E0CEE7D549D548006838
:103D600003F0CAFE11D2D449D248006803F0BAFE6B
:103D70000BD2D048006803F06DFE05462A460B467C
:103D8000C1A1CE4804F0D0F800E0B5E700212046FC
:103D900003F0B2FE0FD8CA49204603F0A3FE0AD2B0
:103DA000204603F057FE05462A460B46B6A1C548F5
:103DB00004F0BAF800E09FE7002000F063FC0090F8
:103DC000009803F004FE0746BF4903F0FFFB0646D8
:103DD0004FF08B4103F02CFC0546BC4903F0F0FB8F
:103DE000BB4908600021BA48006803F085FE11D87D
:103DF000AD49B748006803F075FE0BD2B4480068BF
:103E000003F028FE05462A460B469FA1B14804F060
:103E10008BF800E070E79E49AF4803F066FBAFA166
:103E2000AD4803F062FB9D49AB4803F05EFBACA1DB
:103E3000A94803F05AFB9D49A74803F056FBA9A1E6
:103E4000A54803F052FB9D49A34803F04EFBA6A1F1
:103E5000A14803F04AFB9B499F4803F046FBA4A1FD
:103E60009D4803F042FB9B499B4803F03EFBA1A108
:103E7000994803F03AFB50219F4803F02BFB502256
:103E800095499D4803F00DFB00BF35E710B59B48F1
:103E90000068401E9949086099480068012807D1C8
:103EA0000846006820B9FFF727FE934800F0C5FADE
:103EB0009248006818B941F288309049086010BDF6
:103EC0002DE9F04180460D4614461E46069F8D4959
:103ED000204603F007FE00D28A4C0021384603F04A
:103EE00001FE00D200278849384603F005FE00D2C3
:103EF000854F8648C0F8008045608460C6600761D1
:103F000001208349087083480078834908700020A5
:103F1000824908608249087082490880BDE8F081C2
:103F200002227B4B1A70804A1060804A1160794AE5
:103F30001278794B1A700022784B1A60784B1A70FD
:103F4000784B1A80704770B57948056879480468DD
:103F50007949204603F0D0FD05D27849204603F088
:103F6000C1FD00D8764D774805600020764908608D
:103F7000764908607649086070BD2DE9FF5F6548A5
:103F8000047865480078201AC0B203906248047033
:103F90006248016803980844604908600846006860
:103FA00003F015FD07466B4903F010FB0646574822
:103FB0008168304603F00AFB05465448C16828462C
:103FC00003F0ACFA814649464FF0804003F0FEFA18
:103FD000009003F03FFD054605F06CFA074603F03C
:103FE00065FD834649480169584603F0EFFA824669
:103FF000464801694FF07E5003F0E2FA51460190C5
:1040000003F08CFA029041490868029903F0DEFA45
:104010004C490860484603F01DFD074605F098FA34
:10402000054603F043FD824638484168504603F098
:10403000CDFA454908600120444908600020444900
:104040000860BDE8FF9F10B531480078B8B101287D
:1040500002D0022812D102E0FFF78FFF12E03248AF
:104060000068384908603148006837490860012015
:104070003649086000203649086003E000BFFFF7BA
:1040800062FF00BF00BF10BD25332E326600000066
:104090001003002000007A4400007AC41A030020B4
:1040A0000000A0C1580100200000A041240300200E
:1040B00000803BC55C01002000803B452E030020B2
:1040C00000401C4638030020CDCC5441CDCC4C3EA2
:1040D000A800002042030020F80100202C525600C6
:1040E0002C4143002C4759002C4353420000000050
:1040F0002C565400230000004802002050010020EC
:104100004C010020CDCCCC3D6666E63E7800002018
:1041100075000020A1000020740000207000002025
:10412000980000209A0000209000002094000020B9
:104130008C0000201C0100200AD7233C0000904185
:104140000000F0C2200100202401002030010020E6
:10415000180100200AD7A33B00B585B0012144F225
:104160000400FCF7E5FB4FF40070ADF810001820D8
:104170008DF8130003208DF8120004A9BB48FCF74A
:104180001BF94FF48060ADF8100004208DF8130087
:1041900004A9B648FCF710F94FF4E1300090002074
:1041A000ADF80400ADF80600ADF80800ADF80C005D
:1041B0000C20ADF80A006946AD48FDF76EFB012101
:1041C000AB48FDF7F6FB05B000BD08B54FF48060C5
:1041D000FBF796FF27208DF8000004208DF80100E2
:1041E00001208DF802008DF803006846FBF78DFF73
:1041F00008BD00B585B001218804FCF7A6FB0121AC
:104200000820FCF795FB4FF48060ADF810001820F3
:104210008DF8130003208DF8120004A99548FCF7CF
:10422000CBF84FF40060ADF8100004208DF81300B7
:1042300004A99048FCF7C0F8FFF7C7FF4FF41650E9
:1042400000900020ADF80400ADF80600ADF80800BD
:10425000ADF80C000C20ADF80A0069468648FDF761
:104260001CFB012240F225518348FDF7AEFB0121E2
:104270008148FDF79EFB05B000BD70B504460D46B4
:10428000E1B27B48FDF702FC00BF40217848FDF712
:104290006BFC0128F9D1204670BDF0B503460D46F0
:1042A0001646002729460A2E03D00020087028460B
:1042B000F0BD33B9302001F8010B0020087028460A
:1042C000F6E7002B03DA2D2001F8010B5B4242F2E6
:1042D00010720DE093FBF2F404B937B104F1300031
:1042E00001F8010B04FB123301270A2092FBF0F2C4
:1042F000002AEFDC002008702846D9E70FB470B51B
:1043000086B006460CA8019073E00B9800785C28F4
:104310001CD10B98401C0B9000786E2809D0722895
:104320000FD10D213046FDF7B1FB0B98401C0B90CF
:104330000BE00A213046FDF7A9FB0B98401C0B90BF
:1043400003E00B98401C0B9000BF4BE00B980078EB
:10435000252840D10B98401C0B900078642818D079
:10436000732833D1019810C801900BE021783046B2
:10437000FDF78CFB00BF40213046FDF7F5FB002820
:10438000F9D0641C20780028F0D10B98401C0B90C9
:1043900020E0019820C801900A2202A92846FFF7D0
:1043A0007CFF02AC0BE021783046FDF76FFB00BFCD
:1043B00040213046FDF7D8FB0028F9D0641C207856
:1043C0000028F0D10B98401C0B9003E00B98401C88
:1043D0000B9000BF06E00B9810F8011B0B903046C5
:1043E000FDF754FB00BF40213046FDF7BDFB002820
:1043F000F9D00B980078002887D106B070BC5DF822
:1044000014FB10B5044621461948FDF73FFB00BFD9
:1044100040211748FDF7A8FB0128F9D110BD10B5C0
:10442000044621461448FDF731FB00BF40211248E5
:10443000FDF79AFB0128F9D110BD70B505462C4651
:1044400003E02078FFF7EBFF641C20780028F8D108
:1044500070BD70B505462C4603E02078FFF7D1FF0C
:10446000641C20780028F8D170BD000000080140CD
:1044700000380140000C0140004800407FB5044670
:104480000D460121C802FCF753FA41F28830ADF81D
:10449000080041F61F40ADF804000120ADF80A0005
:1044A0000020ADF8060001A91148FCF779FB0122B4
:1044B00041210F48FCF7EBFE19208DF80000032086
:1044C0008DF8010000208DF8020001208DF8030016
:1044D0006846FBF71AFE7FBD10B501210448FDF7C1
:1044E00084F918B101210248FDF790F910BD0000D0
:1044F000002C01401FB501213D48FCF72EF8012199
:104500000920FCF715FA0120ADF80C0010208DF8F9
:104510000F0003208DF80E0003A93648FBF74CFF6F
:104520000220ADF80C0028208DF80F0003A93148B7
:10453000FBF742FF01210846FCF754F802200190E6
:1045400000208DF8080008208DF8090001208DF862
:104550000A0001A8FBF750FE07208DF80000032099
:104560008DF8010001208DF802008DF803006846E7
:10457000FBF7CBFD1FBD10B50220FBF7A3FE48B330
:1045800000211D48FDF7FCF801211B48FCF764FEE3
:1045900001201A49086012E01748FDF714F90A28AB
:1045A00007DB00211448FCF757FE00201349086080
:1045B00005E002210F48FBF792FF104908600F4801
:1045C00000680028E8D100210B48FCF745FE0220D6
:1045D000FBF789FE10BD10B501210648FBF799FFD6
:1045E0000C20FDF733FE01210248FBF794FF10BDBC
:1045F00000023000000C0140002C0140B4010020FA
:1046000000B587B001214FF40170FCF791F94FF428
:104610000040FCF7F1F80120ADF8040000208DF80F
:10462000070001A92348FBF7C7FE2348FDF7F6FA68
:10463000002002908DF80C008DF80D004FF46020E2
:1046400004900020059001208DF8180002A91A4856
:10465000FDF70BFB01211848FDF733FB1648FDF76A
:1046600052FB00BF1448FDF753FB0028FAD1124853
:10467000FDF758FB00BF1048FDF759FB0028FAD1A1
:1046800007B000BD10B504460723012221460A48A1
:10469000FDF783FB01210848FDF753FB00BF022112
:1046A0000548FDF7BFFC0028F9D00348FDF7DCFB07
:1046B00010BD00000008014000240140064880476A
:1046C00006480047FEE7FEE7FEE7FEE7FEE7FEE7F7
:1046D000FEE7FEE7FEE7FEE74B210008ED000008DD
:1046E00038B50446FB4890F82400C0B114B102204C
:1046F000009001E000200090F64A1268D17BF54A54
:10470000526810786B460122FDF70DFF10B14FF093
:10471000FF3038BD9DF80010EE48417423E0ED48AD
:10472000807A10B94FF0FF30F3E724B1E948407CBC
:1047300008B10020EDE714B10120009001E0002055
:104740000090E44A1268D17BE24A526810786B46C6
:104750000122FDF7E8FE10B14FF0FF30D9E79DF8D8
:104760000010DC4841740020D3E738B5002419E07C
:10477000D8480068C07AA04204D0D6480068407D7E
:10478000A04200D10CE0D349496808786B46012269
:104790002146FDF717FF10B14FF0FF3038BD00BFC5
:1047A000601CC4B2CB4840680079A042E0DC002025
:1047B000F4E770B504460D46C6480068C07AA042CA
:1047C00004D0C4480068407DA04202D14FF0FF30C1
:1047D00070BDC04840680079A04202DC4FF0FF3055
:1047E000F6E7BC49496808782B4601222146FDF7C7
:1047F000E9FEEDE738B50446B64890F82300A0423C
:1048000001D1002038BD14B13020009001E000201B
:104810000090B048807C20B19DF8000040F002007C
:104820000090AC4890F8220020B19DF8000040F0C4
:1048300080000090A74A1268117DA64A526810783D
:104840006B460122FDF76FFE10B14FF0FF30D9E744
:10485000A04880F823400020D4E738B5044604F08F
:10486000700010B10120009005E014B1002000900C
:1048700001E040200090974A1268917C954A526866
:1048800010786B460122FDF74EFE20B100219148C1
:104890008172481E38BD9DF8000020F040018D480F
:1048A00001730020009004F0400020B99DF8000042
:1048B00040F00400009004F0200020B99DF80000B2
:1048C00040F00200009004F0100020B99DF80000B4
:1048D00040F00100009004F0080020B99DF80000AD
:1048E00040F0380000907B4A1268D17C794A5268C7
:1048F00010786B460122FDF716FE20B100217548A5
:104900008172481EC6E724B1082C02D00020FFF7B0
:1049100071FF70488472002101753220FDF7A3FCFD
:104920000020B7E738B504466A48807CA04201D130
:10493000002038BD002C46D0664A12681179654ABD
:10494000526810786B460122FDF73CFE10B14FF023
:10495000FF30EEE79DF8000020F0200000905D4A57
:10496000126811795B4A526810786B460122FDF794
:10497000DAFD10B14FF0FF30DBE70320FDF773FCE9
:1049800002200090534890F8220020B19DF80000CA
:1049900040F0800000904F4890F8230020B19DF82F
:1049A000000040F0300000904A4A1268117D494AE8
:1049B000526810786B460122FDF7B5FD002851D0F2
:1049C0004FF0FF30B5E7434A12681179414A526807
:1049D00010786B460122FDF7F5FD10B14FF0FF3066
:1049E000A7E73C48807A00F0010028B19DF800005C
:1049F00040F02000009004E09DF8000020F020002E
:104A00000090344A12681179324A526810786B4625
:104A10000122FDF788FD10B14FF0FF3089E7032038
:104A2000FDF721FC2B4890F8220010B18020009067
:104A300001E000200090274890F8230020B19DF865
:104A4000000040F030000090224A1268117D214A97
:104A5000526810786B460122FDF765FD10B14FF0EA
:104A6000FF3066E71B488474002062E708B51948E8
:104A7000807A10B94FF0FF3008BD00200090154A31
:104A80001268D17B134A526810786B460122FDF7F9
:104A90004AFD10B14FF0FF30EEE70E4A126851792F
:104AA0000C4A526810786B460122FDF73CFD10B1AC
:104AB0004FF0FF30E0E7074A12681179054A526863
:104AC00010786B460122FDF72EFD28B14FF0FF3024
:104AD000D2E70000B8010020F74890F82400002831
:104AE00053D00C200090F44A12681179F24A5268AF
:104AF00010786B460122FDF716FD10B14FF0FF3024
:104B0000BAE73220FDF7AFFBC0200090EA48807A78
:104B100000F0010020B19DF8000040F0200000905E
:104B2000E54A12681179E44A526810786B4601220E
:104B3000FDF7F9FC10B14FF0FF309DE7DE48407CF7
:104B400010B10220009001E000200090DA4A1268C3
:104B5000D17BD94A526810786B460122FDF7E3FCFD
:104B600010B14FF0FF3087E700200090D24A126862
:104B70005179D14A526810786B460122FDF7D3FC77
:104B8000002855D04FF0FF3076E704200090CA4A45
:104B900012681179C84A526810786B460122FDF7F5
:104BA000C2FC10B14FF0FF3066E7C348807C20B9EB
:104BB000C148807A00F0010010B94020009001E067
:104BC00060200090BC4A12681179BB4A5268107884
:104BD0006B460122FDF7A7FC10B14FF0FF304BE709
:104BE0003220FDF740FBB448407C10B1012000901A
:104BF00001E000200090B04A1268D17BAE4A5268B2
:104C000010786B460122FDF78EFC10B14FF0FF309B
:104C100032E7A94A12685179A74A52681078A64B20
:104C200010330122FDF77FFC10B14FF0FF3023E776
:104C3000002021E770B50446002624F001049E48B8
:104C400090F8240008B1002070BD9B48807A10B90C
:104C50004FF0FF30F8E79848057C807A204096496D
:104C600008740846007CA04202D04FF0FF3600E0F6
:104C7000002614B99048007D18B10120FFF730FDDF
:104C800002E00020FFF72CFD3CB1FFF7EFFE20B162
:104C9000894805744FF0FF30D6E73046D4E738B581
:104CA00004468548807A10B94FF0FF3038BDBC2CDF
:104CB00002DB0120009015E0622C02DB0220009054
:104CC00010E02A2C02DB032000900BE0142C02DB06
:104CD0000420009006E00A2C02DB0520009001E091
:104CE000062000907448C07A9DF80010884201D1D7
:104CF0000020DBE7704A126891786F4A526810789A
:104D00006B460122FDF70FFC10B14FF0FF30CDE7ED
:104D10009DF800106848C1720020C7E738B5044606
:104D2000282C02DD4FF0FF3038BDDCB90020FFF742
:104D300061FD00208DF8000007208DF801005E4A1B
:104D40001268917C5C4A526810786B460222FDF72B
:104D5000EAFB10B14FF0FF30E6E70021564801753D
:104D60000020E1E70120FFF745FD20208DF800003D
:104D7000012C06D100208DF801000520FFF78FFFE0
:104D800017E0052C06DC01208DF801000520FFF757
:104D900086FF0EE0142C06DC02208DF801000A20AC
:104DA000FFF77DFF05E003208DF801001420FFF7D9
:104DB00076FF9DF80100072101EB8010C0B28DF84D
:104DC00001003D4A1268917C3B4A526810786B465C
:104DD0000222FDF7A8FB10B14FF0FF30A4E7082135
:104DE0003548817200210173012101750020FFF710
:104DF00021FF002098E738B504462F48807A10B983
:104E00004FF0FF3038BD2C4890F8240010B14FF01F
:104E1000FF30F7E72848007D50B134B1282C04DC7E
:104E2000E0B2FFF77BFF0020ECE70020FFF776FF02
:104E3000042C01DA042404E0B4F57A7F01DD4FF498
:104E40007A744FF47A7090FBF4F0401EC0B2009078
:104E5000194A12685178184A526810786B46012234
:104E6000FDF761FB10B14FF0FF30CBE79DF800007C
:104E7000401C4FF47A7191FBF0F081B20E48C18171
:104E80000146C9894810FFF70AFF0020BAE738B584
:104E900004460948807A10B94FF0FF3038BD022C23
:104EA00006D0042C0AD0082C0BD0102C0FD10BE00C
:104EB000002000900EE00000B801002008200090C3
:104EC00008E01020009005E01820009002E04FF06C
:104ED000FF30E3E700BFF848407A9DF80010B0EBE0
:104EE000E10F01D10020D9E7F34A1268D179F24AE3
:104EF000526810786B460122FDF715FB10B14FF098
:104F0000FF30CBE79DF80000C110EB484172002054
:104F1000C4E738B50446E848807A10B94FF0FF304E
:104F200038BDFA2C09D0B4F5FA7F09D0B4F57A7FF0
:104F300009D0B4F5FA6F0CD108E0002000900BE026
:104F40000820009008E01020009005E01820009054
:104F500002E04FF0FF30E3E700BFD748007A9DF84A
:104F60000010B0EBE10F01D10020D9E7D24A12685E
:104F70009179D14A526810786B460122FDF7D3FA35
:104F800010B14FF0FF30CBE79DF80000C010CA49C8
:104F900008720020C4E71CB580208DF80000C64AC6
:104FA0001268917CC44A526810786B460122FDF762
:104FB000BAFA10B14FF0FF301CBD6420FDF753F971
:104FC00000208DF80000BC4A1268917CBA4A5268F1
:104FD00010786B460122FDF7A6FA10B14FF0FF30B2
:104FE000EAE7B54A1268917DB34A526810786B4679
:104FF0000622FDF7E7FA10B14FF0FF30DCE79DF82D
:105000000500C007400F9DF8031001F0010140EAC0
:1050100041009DF8011001F0010140EA01048CB14A
:10502000012C03D10121A448C17430E0022C03D12A
:105030000021A148C1742AE0A0A0FFF70AFA4FF0AE
:10504000FF30B9E79C4A1268D1789B4A52681078C1
:105050006B460122FDF7B6FA10B14FF0FF30ABE717
:105060009DF8000000F00F042CB99E48FFF7F1F9FD
:105070004FF0FF30A0E7042C06D19BA0FFF7E9F921
:1050800001218D48C17402E000218B48C174FF21C9
:1050900089488172FF2088490872FF218648417241
:1050A000C1724FF6FF71C181FF210174817401212A
:1050B000017380F82210002180F8231041750175DA
:1050C0001630016041608160163880F8241080F845
:1050D0002510C1844FF4FA60FFF71BFF10B14FF0A9
:1050E000FF3069E70220FFF7D2FE10B14FF0FF302A
:1050F00062E72A20FFF7D3FD10B14FF0FF305BE7E6
:105100003220FFF778FE10B14FF0FF3054E7002057
:10511000FFF790FD10B14FF0FF304DE70020FFF793
:1051200001FC10B14FF0FF3046E70020FFF795FB80
:10513000002041E77CB504460D465F48807A00F0C8
:10514000700010B94FF0FF307CBD5B4A1268117BD4
:10515000594A526810786B460622FDF733FA10B1AF
:105160004FF0FF30F0E79DF801009DF8001040EA95
:10517000012000B220809DF803009DF8021040EA53
:10518000012000B260809DF805009DF8041040EAFF
:10519000012000B2A08015B12846FDF770F800206C
:1051A000D2E77CB504460D464348807A00F00800FB
:1051B00010B94FF0FF307CBD3F4A1268517B3E4A28
:1051C000526810786B460622FDF7FCF910B14FF0DB
:1051D000FF30F0E79DF801009DF8001040EA012043
:1051E00000B220809DF803009DF8021040EA0120E3
:1051F00000B260809DF805009DF8041040EA01208F
:1052000000B2A08015B12846FDF739F80020D2E79A
:105210002DE9FE4F05460C462748807A18B94FF015
:10522000FF30BDE8FE8F244A1268917B224A526803
:10523000107802AB0222FDF7C5F910B14FF0FF3034
:10524000EFE79DF809009DF8081040EA012006B23A
:1052500014B12046FDF713F817494968C88802F0D1
:10526000B6FB154901904968B1F9080002F0A6FBA8
:105270008346304602F0A2FB5946009002F0A0F9A6
:105280008246019902F0D4F981461F4902F046F99D
:1052900080464FF08F4102F099F9074602F0ADFBCE
:1052A00028600020BDE710B588B004461CB94FF057
:1052B000FF3008B010BD29E0B8010020556E7375AD
:1052C00070706F7274656420736F66747761726555
:1052D0002070726F64756374207265762025642E69
:1052E0000A000000B8A4000848616C662073656E6F
:1052F0007369746976697479207061727420666F5D
:10530000756E642E0A00000000000C42206830B95F
:10531000606820B9A06810B9002008B010BDFA4933
:105320004968087806AB03221146FDF74BF910B126
:105330004FF0FF30F1E79DF81800082101EB201035
:1053400000F00F00ADF800009DF8190001EB2010EF
:1053500000F00F00ADF802009DF81A0001EB2010DC
:1053600000F00F00ADF8040020684100BDF9000016
:10537000403091FBF0F000B2ADF8100060684100E1
:10538000BDF90200403091FBF0F000B2ADF8120020
:10539000A0684100BDF90400403091FBF0F000B27C
:1053A000ADF81400D8494968087806AB06221146C2
:1053B000FDF708F910B14FF0FF30AEE79DF8190086
:1053C0009DF8181040EA012000B2ADF808009DF8E1
:1053D0001B009DF81A1040EA012000B2ADF80A0047
:1053E0009DF81D009DF81C1040EA012000B2ADF8A8
:1053F0000C00BDF81000BDF80810084400B2ADF86C
:105400001000BDF81200BDF80A10084400B2ADF853
:105410001200BDF81400BDF80C10084400B2ADF83D
:105420001400BDF81000000A8DF81800BDF8100037
:10543000C0B28DF81900BDF81200000A8DF81A00EC
:10544000BDF81200C0B28DF81B00BDF81400000AB0
:105450008DF81C00BDF81400C0B28DF81D00AA49DB
:105460004968087806AB06221146FDF75CF810B1D2
:105470004FF0FF3051E700204FE70146A248007A85
:1054800030B1012807D0022809D003280FD10AE043
:10549000FA2008800EE04FF4FA7008800AE04FF41A
:1054A0007A70088006E04FF4FA60088002E000207D
:1054B000088000BF00BF0020704701469248407A34
:1054C00030B1012807D0022808D003280CD108E009
:1054D000022008700BE00420087008E00820087023
:1054E00005E01020087002E04FF0FF30704700BF69
:1054F0008548C07C18B108784006000E087000206E
:10550000F4E701468048C07A082817D2DFE800F0A7
:105510001704070A0D101318BC20088013E062203E
:10552000088010E02A2008800DE0142008800AE09E
:105530000A20088007E00520088004E000BF00BFC3
:105540000020088000BF00BF0020704701466E4861
:1055500090F8240010B14FF0FF3070476A48C089BE
:1055600008800020F9E7014600200880401E7047AF
:1055700001464FF0FF30704701466348007A30B172
:10558000012807D0022808D003280CD108E05F4882
:1055900008600BE05E48086008E05E48086005E0CF
:1055A0005D48086002E04FF0FF30704700BF002008
:1055B000FBE701465448407A30B1012808D0022860
:1055C0000AD0032810D10BE04FF4804008800EE091
:1055D00041F69C7008800AE04FF48050088006E095
:1055E0004FF40060088002E04FF0FF30704700BFCA
:1055F0004548C07C10B10888401008800020F5E7BD
:1056000001464148007C08700020704701463E4832
:10561000807A10B10120087001E00020087000209D
:10562000704738B504463848807A10B94FF0FF30DB
:1056300038BD354A1268117C334A526810786B467F
:105640000222FCF7BFFF10B14FF0FF30F0E79DF8EA
:1056500001009DF8001040EA012000B220800020E7
:10566000E6E72DE9FE4F0746884692461D46DDF8DF
:1056700030B000260024244890F8240010B1601EA9
:10568000BDE8FE8F002028701F48807A10B94FF0C7
:10569000FF30F5E71C48007C10B94FF0FF30EFE712
:1056A0001948007C00F0400008B1B01CC6B2164892
:1056B000007C00F0200008B1B01CC6B21248007C8B
:1056C00000F0100008B1B01CC6B20F48007C00F01A
:1056D000080008B1B01DC6B20B4A1268917A0A4A96
:1056E000526810786B460222FCF76CFF10B14FF045
:1056F000FF30C5E79DF801009DF8001040EA012940
:10570000B1450BDA0020BBE7B801002000000343DD
:10571000000083423333034233338341FC48406803
:105720004088B9EB600F17DDF94A1268517CF84ADE
:10573000526810786B460122FCF744FF10B14FF01D
:10574000FF309DE79DF8000000F0100020B1FFF74A
:105750008DF96FF0010093E75046FCF790FDEC4A9D
:105760001268D17AEA4A526810786B463246FCF7E2
:1057700029FF10B14FF0FF3082E799FBF6F0401E91
:105780008BF8000000202870B4422AD0E048007C4A
:1057900000F0080028B3601C1DF800001DF804107C
:1057A00040EA012000B2A8F80000E01C1DF800103B
:1057B000A01C1DF8000041EA002000B2A8F8020079
:1057C000601D1DF80010201D1DF8000041EA00209A
:1057D00000B2A8F80400287840F008002870A01D46
:1057E00084B2B44213D0CA48007C00F0400070B1CB
:1057F000601C1DF800001DF8041040EA012000B2F2
:105800003880287840F040002870A01C84B2B44250
:1058100013D0BF48007C00F0200070B1601C1DF860
:1058200000001DF8041040EA012000B278802878BA
:1058300040F020002870A01C84B2B44213D0B448B9
:10584000007C00F0100070B1601C1DF800001DF815
:10585000041040EA012000B2B880287840F010001F
:105860002870A01C84B200200AE7F8B504460F4651
:105870001646A74890F8240010B94FF0FF30F8BD45
:10588000A348807A10B94FF0FF30F8E7A04A1268B9
:10589000917A9F4A526810786B460222FCF792FE7A
:1058A00010B14FF0FF30EAE79DF801009DF80010BD
:1058B00040EA0125A54203DA00203070401EDEE7F1
:1058C000934840684088B5EB600F17DD904A126836
:1058D000517C8F4A526810786B460122FCF772FEA9
:1058E00010B14FF0FF30CAE79DF8000000F0100043
:1058F00020B1FFF7BBF86FF00100C0E7E2B2844BC4
:105900001B68D97A824B5B6818783B46FCF75AFED5
:1059100010B14FF0FF30B2E795FBF4F0401E30704D
:105920000020ACE701467A4880F82210002070473A
:105930007CB5054676494968087801AB04220D21FB
:10594000FCF740FE08B107207CBD9DF80700C0F3BE
:1059500001109DF8041001F0E00140EAE1008DF82B
:1059600000009DF80700C0F381009DF8051001F0CC
:10597000E00140EAE1008DF801009DF8070000F029
:1059800003009DF8061001F0E00140EAE1008DF807
:10599000020000241CE01DF8040018B9002045F89E
:1059A000240013E05B4845F8240006E055F8240085
:1059B000594901F00BFE45F824001DF80400401E73
:1059C000C0B20DF804000028F0D100BF601CC4B2C2
:1059D000032CE0DB0020B7E72DE9FE4F06460F461B
:1059E00000256846FFF7A4FF002442E056F8240093
:1059F00057F82410A0EB010ABAF1000F01DB514661
:105A000001E0CAF10001084601F0D8FF83464FF0DB
:105A10008F4101F00DFE80465DF82400002102F068
:105A200061F816D05DF82410404601F001FE824670
:105A30004FF07E5101F0C4FD814629F0004A3748FD
:105A4000416A504602F058F812D20120A0400543A6
:105A50000EE03248C169404602F044F805D32F48B1
:105A6000016A404602F048F802D20120A0400543F6
:105A7000641C032CBADB2846BDE8FE8F2DE9FC5FD1
:105A800006460F46002522494968087801AB0322E3
:105A90000D21FCF797FD10B10720BDE8FC9F9DF894
:105AA000040000F01F008DF804009DF8050000F0D0
:105AB0001F008DF805009DF8060000F01F008DF80E
:105AC0000600002462E056F8240057F82410A0EBEA
:105AD000010BBBF1000F01DB594601E0CBF10001E6
:105AE000084601F06BFF4FF08F41009001F0A0FDE0
:105AF000814601A8005DC0B30849086801F067FF4E
:105B000083465946064801F093FD80460FE00000A9
:105B1000B80100207B14AE3E1D5A843F88960008D1
:105B200000B04C45FE49404601F050FD804601A8BA
:105B3000005D401EC0B201A908550028F2D14146BF
:105B4000484601F075FD83464FF07E5101F038FD67
:105B500082462AF0004BF3488169584601F0CCFF99
:105B600013D20120A04005430FE0FFE7ED48016993
:105B7000484601F0B7FF05D3EA484169484601F0BD
:105B8000BBFF02D20120A0400543641C032C9ADB1A
:105B9000284682E72DE9F04F87B005460C4691462E
:105BA00001208DF8100000208DF81100DE4A1268E7
:105BB000917CDD4A5268107804AB0222FCF7B3FCFA
:105BC00020B14FF0FF3007B0BDE8F08FC820FCF7E0
:105BD0004AFB00208DF81000D34A1268D17BD24ACC
:105BE0005268107804AB0122FCF79DFC10B14FF015
:105BF000FF30E8E7CC4A12685179CB4A52681078F6
:105C000004AB0122FCF78FFC10B14FF0FF30DAE754
:105C1000C54A1268917CC44A5268107804AB0122CC
:105C2000FCF781FC10B14FF0FF30CCE7BE4A1268A0
:105C3000D17DBD4A5268107804AB0122FCF773FC99
:105C400010B14FF0FF30BEE7B74A12681179B64A7B
:105C50005268107804AB0122FCF765FC10B14FF0DC
:105C6000FF30B0E70C208DF81000AF4A12681179B0
:105C7000AD4A5268107804AB0122FCF754FC10B115
:105C80004FF0FF309FE70F20FCF7EDFAA648806A3F
:105C9000407A8DF81000A44A12689178A24A52689E
:105CA000107804AB0122FCF73EFC10B14FF0FF303E
:105CB00089E79D48806A007A8DF810009A4A126838
:105CC0005178994A5268107804AB0122FCF72BFCFA
:105CD00010B14FF0FF3076E7B9F1000F07D09248CE
:105CE000806A807A40F0E0008DF8100004E08E4871
:105CF000806A807A8DF810008B4A126891798A4AFE
:105D00005268107804AB0122FCF70DFC10B14FF083
:105D1000FF3058E7B9F1000F07D08348806AC07A96
:105D200040F0E0008DF8100003E07E48C07A8DF866
:105D300010007D4A1268D1797B4A5268107804AB12
:105D40000122FCF7F0FB10B14FF0FF303BE7B9F157
:105D5000000F02D0C820FCF786FA40208DF8100012
:105D6000714A12681179704A5268107804AB0122A6
:105D7000FCF7D9FB10B14FF0FF3024E778208DF805
:105D80001000694A12685179674A5268107804AB6A
:105D90000122FCF7C8FB10B14FF0FF3013E7614957
:105DA0008889FCF760FA00208DF810005E4A1268BE
:105DB00051795D4A5268107804AB0122FCF7B3FBBD
:105DC00010B14FF0FF30FEE6574A1268917A564AFA
:105DD0005268107804AB0222FCF7F4FB10B14FF0CC
:105DE000FF30F0E69DF811009DF8101040EA012BFD
:105DF0000C209BFBF0F0C6B20020A8606860286011
:105E0000A06060602060824665E0474A1268D17AEF
:105E1000454A5268107804AB0C22FCF7D3FB10B152
:105E20004FF0FF30CFE69DF811009DF8101040EACA
:105E3000012000B2ADF808009DF813009DF8121083
:105E400040EA012000B2ADF80A009DF815009DF867
:105E5000141040EA012000B2ADF80C00BDF90810A2
:105E6000206808442060BDF90A106068084460603A
:105E7000BDF90C10A0680844A0609DF817009DF8BB
:105E8000161040EA012000B2ADF800009DF819009C
:105E90009DF8181040EA012000B2ADF802009DF80C
:105EA0001B009DF81A1040EA012000B2ADF8040072
:105EB000BDF90010286808442860BDF90210686820
:105EC00008446860BDF90410A8680844A8600AF195
:105ED000010000F0FF0AB24597DB1248D0F800C07D
:105EE0002868C117090441EA1041070462460023EB
:105EF000384601F0A5FA32460023CDE9020101F04F
:105F00009FFA28600748D0F800C06868C1170904E4
:105F100041EA1041070462460023384606E00000CB
:105F200054E3853F88960008B801002001F088FA04
:105F300032460023CDE9020101F082FA6860FE4892
:105F4000D0F800C0A868C117090441EA104107044D
:105F500062460023384601F073FA32460023CDE949
:105F6000020101F06DFAA860F348D0F804C021687E
:105F7000C817000440EA11480F046246002338465F
:105F8000414601F05DFA32460023CDE9020101F0FD
:105F900057FA2060E848D0F804C06068C1170904C7
:105FA00041EA1041070462460023384601F048FAEE
:105FB00032460023CDE9020101F042FA6060DE487A
:105FC000D0F804C0A068C117090441EA10410704D1
:105FD00062460023384601F033FA32460023CDE909
:105FE000020101F02DFAA060A068002804DDA0687D
:105FF000A0F58030A06003E0A06800F58030A060CC
:106000000020E0E538B50446CC4890F82400A042D2
:1060100001D1002038BD24B3C84890F8250010B93C
:106020004FF0FF30F6E70020FEF75AFB0020FEF7A6
:1060300079FCC249C88CFEF7DEFE00200090BF4903
:10604000496808786B4601222321FCF76CFA01218C
:10605000BA4880F824100120FEF742FBFEF706FD47
:1060600013E00020FEF73CFBB448007C0090B349ED
:10607000496808786B4601222321FCF754FA002175
:10608000AE4880F82410FEF7F1FC0020C2E72DE9AD
:10609000F04F8DB083460F4602200C90A74890F831
:1060A000240020B10020FFF7ADFF012600E000260C
:1060B00003A8FFF7E2F905A8FFF7FFF901A8FFF72A
:1060C00020FA02A8FFF742FA9C4890F80AA004A818
:1060D000FFF796FA002407E0002239465846FFF7FA
:1060E00059FD00B902E0641C022CF5DB00BF022C54
:1060F00001D1002528E0002407E0012206A909A813
:10610000FFF748FD00B902E0641C022CF5DB00BF7C
:10611000022C01D1002517E006A93846FFF75CFCE8
:1061200000F0FF0809A95846FFF7A8FC00F0FF0996
:106130000025B9F1000F01D145F00105B8F1000FBC
:1061400001D145F0020500BFFF207C490872FF2104
:106150007A484172C1724FF6FF71C181FF2181728D
:10616000017401210173BDF80C00FEF7D2FE9DF809
:106170001400FEF78CFEBDF80400FEF790FDBDF89C
:106180000800FEF738FE5046FEF767FB9DF810004A
:10619000FEF750FD16B10120FFF734FF28460DB081
:1061A000BDE8F08FF8B504460D46164616B94FF017
:1061B000FF30F8BD6148807A10B94FF0FF30F8E742
:1061C00020128DF80000E0B28DF801009DF801006A
:1061D00028445A4949684989884202DD4FF0FF3016
:1061E000E7E7564A1268117E544A526810786B46A7
:1061F0000222FCF798F910B14FF0FF30D9E7EAB26C
:106200004E4B1B68597D4D4B5B6818783346FCF745
:106210008AF910B14FF0FF30CBE70020C9E7F8B59D
:1062200004460D46164616B94FF0FF30F8BD4348F8
:10623000807A10B94FF0FF30F8E720128DF8000097
:10624000E0B28DF801009DF8010028443B494968FF
:106250004989884202DD4FF0FF30E7E7374A12688C
:10626000117E364A526810786B460222FCF75BF9C1
:1062700010B14FF0FF30D9E7EAB2304B1B68597DBF
:106280002E4B5B6818783346FCF79CF910B14FF041
:10629000FF30CBE70020C9E72DE9F04385B0054684
:1062A0000E4690469946254890F8250020B14FF0BB
:1062B000FF3005B0BDE8F08316B94FF0FF30F8E7C6
:1062C000002423E0281B102801DD102000E0281BFB
:1062D00087B2321939462046FFF764FF10B14FF0FC
:1062E000FF30E6E701AA39462046FFF798FF10B1D4
:1062F0004FF0FF30DDE730193A4601A901F001F90E
:1063000010B16FF00100D4E7E01984B2AC42D9DBE0
:106310004FEA28208DF8000008F0FF008DF80100FA
:10632000064A1268917E054A526810786B4602222E
:10633000FCF7F9F838B103E088960008B8010020AE
:106340004FF0FF30B5E701218A4880F82510A0F80A
:1063500026900020ADE70146864890F8240008709A
:106360000020704702464FF0FF30704701464FF063
:10637000FF307047F8B505460F461446002C70D024
:10638000B5F5FF5F01DDFF2605E0202D01DA0126CE
:1063900001E0C5F3471607B90127282C02DD4FF0AD
:1063A000FF30F8BD7348407D28BB724890F8240048
:1063B00038B10020FFF726FE01216E4880F820103A
:1063C00003E000216B4880F820106A481630FFF780
:1063D00054F868481830FFF770F866481A30FFF72D
:1063E00090F864481C30FFF7B1F86248817A8177F1
:1063F0001F30FFF705F90020FEF772F90020FEF7C5
:106400008DFC00208DF800005A4A12689178594A94
:10641000526810786B460122FCF785F810B14FF0F6
:10642000FF30BEE740208DF80000524A1268D17B51
:10643000504A526810786B460122FCF774F800B19C
:1064400065E08DF800608DF801704A4A1268117A93
:10645000484A526810786B460222FCF764F808B18B
:1064600055E047E00520FBF7FEFE4248407A072151
:1064700001EBC000C0B28DF800003E4A1268D1792D
:106480003C4A526810786B460122FCF74CF800B188
:106490003DE020208DF80000012C03D100208DF874
:1064A00001000EE0052C03DC01208DF8010008E05E
:1064B000142C03DC02208DF8010002E003208DF88B
:1064C00001009DF80100072101EB8010C0B28DF89A
:1064D0000100284A1268917C264A526810786B465F
:1064E0000222FCF720F800B111E00121214841759A
:1064F000002056E71F4A1632002103E0505C00B12D
:1065000005E0491C0C29F9D34FF0FF3049E7FF2083
:1065100018490872FF2117484172C1724FF6FF7186
:10652000C181FF2181720174012101730146887FBD
:10653000FEF793F90F49C88AFEF7EBFC0D49087E78
:10654000FEF7A5FC0B49488BFEF7A9FB0949888B90
:10655000FEF751FC0749C87FFEF76CFB054890F831
:10656000200010B10120FFF74DFD002101484175C9
:10657000002016E7B801002010B5C8234FF4806250
:10658000F74940F6F630FFF787FE10BD10B586B02C
:106590000446F4A000680390F3A000680290F3A002
:1065A00000680190F2A00068009004F0030003A9C5
:1065B000085C8DF8140003A8C4F3C101405C8DF899
:1065C000150003A8C4F38111405C8DF8160004F097
:1065D000030002A9085C8DF8100002A8C4F3C101F1
:1065E000405C8DF8110002A8C4F38111405C8DF865
:1065F000120005AA032140F22640FFF7D3FD18B18F
:106600004FF0FF3006B010BD04AA032140F22A402B
:10661000FFF7C8FD10B14FF0FF30F3E70198059088
:106620000098049004F0040058B19DF8140040F064
:1066300001008DF814009DF8100040F001008DF865
:10664000100004F0200058B19DF8150040F0010042
:106650008DF815009DF8110040F001008DF8110033
:1066600004F4807058B19DF8160040F001008DF8D8
:1066700016009DF8120040F001008DF8120005AAE6
:1066800003214FF48860FFF78DFD10B14FF0FF300C
:10669000B8E704AA032140F23140FFF783FD10B1AF
:1066A0004FF0FF30AEE7B34804810020AAE71FB5E2
:1066B0000446B048007A00F0030054F8200001902E
:1066C000AC48007A00F0040010B1019840420190FB
:1066D000A848007AC0F3C10054F820000290A548F1
:1066E000007A00F0200010B1029840420290A148C8
:1066F000007AC0F3811054F8200003909D4800896F
:1067000000F4807010B10398404203909A490198B8
:1067100080FB0101800F40EA8100019096490298B8
:1067200080FB0110820042EA917002909249039826
:1067300080FB0110820042EA917003900198000EE4
:106740008DF800000198000C8DF801000198000AF6
:106750008DF802000198C0B28DF803006A4604214A
:106760004FF47470FFF71EFD18B14FF0FF3004B006
:1067700010BD0298000E8DF800000298000C8DF8F4
:1067800001000298000A8DF802000298C0B28DF84C
:1067900003006A4604214FF47570FFF703FD10B142
:1067A0004FF0FF30E3E70398000E8DF800000398E8
:1067B000000C8DF801000398000A8DF80200039880
:1067C000C0B28DF803006A4604214FF47670FFF7DB
:1067D000E9FCCCE770B588B0064601A8FEF7E9FEF3
:1067E000BDF804000021C90341EA5045C4036148D3
:1067F000007A00F0030056F8200005905D48007A0A
:1068000000F0040010B10598404205905948007A04
:10681000C0F3C10056F8200006905648007A00F0F8
:10682000200010B10698404206905248007AC0F30A
:10683000811056F8200007904E48008900F48070BF
:1068400010B10798404207900598C117A0FB042398
:1068500001FB043100FB0510810041EA92700590B4
:106860000698C117A0FB042301FB043100FB0510AF
:10687000810041EA927006900798C117A0FB04239B
:1068800001FB043100FB0510810041EA9270079082
:106890000598000E8DF808000598000C8DF8090089
:1068A0000598000A8DF80A000598C0B28DF80B0013
:1068B0000698000E8DF80C000698000C8DF80D005F
:1068C0000698000A8DF80E000698C0B28DF80F00E9
:1068D0000798000E8DF810000798000C8DF8110035
:1068E0000798000A8DF812000798C0B28DF81300BF
:1068F00002AA0C214FF42570FFF754FC08B070BDBC
:1069000030B585B004461DA207CA02AB07C3C82C28
:1069100003DD4FF0FF3005B030BDC82090FBF4F030
:10692000401E85B2280A8DF80000E8B28DF80100FB
:106930006A46022140F21620FFF734FC10B14FF0F6
:10694000FF30E8E702AA0C2140F6C120FFF72AFC3D
:1069500010B14FF0FF30DEE7064884810020DAE70F
:10696000B09600084CCD6C000CC92C003656760051
:10697000264666005C03002009E3CA02FEF2ABC4AF
:10698000AAF1DFDFBBAFDFDF0146FC48808908806A
:10699000002070472DE9FC4706460F4606F0070029
:1069A00010B1B7F5C86F03DD4FF0FF30BDE8FC87CD
:1069B000384601F00CF88146F14900F039FE804676
:1069C0006846FEF77AFD9DF80000022806D00428EC
:1069D00016D0082826D0102848D135E04FF08D4138
:1069E000404600F0F3FD814601F020F884B2E5490D
:1069F000404600F0EBFD814601F018F885B238E022
:106A00004FF08C41404600F0E1FD814601F00EF868
:106A100084B2DD49404600F0D9FD814601F006F818
:106A200085B226E04FF08B41404600F0CFFD814615
:106A300000F0FCFF84B2D549404600F0C7FD814616
:106A400000F0F4FF85B214E04FF08A41404600F0B8
:106A5000BDFD814600F0EAFF84B2CD49404600F01A
:106A6000B5FD814600F0E2FF85B202E04FF0FF3055
:106A70009CE700BF20128DF80400E0B28DF80500FD
:106A800028128DF80600E8B28DF8070006F0010024
:106A9000A0B101AA02214FF4EA70FFF783FB10B105
:106AA0004FF0FF3082E70DF1060202214FF49270A1
:106AB000FFF778FB10B14FF0FF3077E706F00200E8
:106AC000A0B101AA02214FF4EC70FFF76BFB10B1EB
:106AD0004FF0FF306AE70DF1060202214FF4947087
:106AE000FFF760FB10B14FF0FF305FE706F00400E6
:106AF000A0B101AA02214FF4EE70FFF753FB10B1D1
:106B00004FF0FF3052E70DF1060202214FF496706C
:106B1000FFF748FB10B14FF0FF3047E7002045E793
:106B200038B504460020009004F0010020B19DF823
:106B3000000040F03000009004F0020020B19DF809
:106B4000000040F00C00009004F0040020B19DF81B
:106B5000000040F0030000906A4601214FF4A47049
:106B6000FFF720FB38BD38B50446012C01DA0124BB
:106B700002E0042C00DD0424601EC0B200906A46CE
:106B8000012140F24F10FFF70DFB38BD38B5044628
:106B9000052094FBF0F085B228128DF80000E8B2D1
:106BA0008DF801006A4602214FF4EF70FFF7FAFA00
:106BB00038BD38B50446052094FBF0F085B22812A4
:106BC0008DF80000E8B28DF801006A4602214FF40A
:106BD000ED70FFF7E7FA38BDF8B505460E464FF4FD
:106BE0007A7095FBF0F000FB06F4200E8DF80000A3
:106BF000200C8DF80100200A8DF80200E0B28DF81B
:106C000003006A4604214FF4AE70FFF7CBFAF8BDDB
:106C100038B50446052094FBF0F084B220128DF8BC
:106C20000000E0B28DF801006A4602214FF4AD7019
:106C3000FFF7B8FA38BD38B50446052094FBF0F0EC
:106C400084B220128DF80000E0B28DF801006A468F
:106C500002214FF4AC70FFF7A5FA38BD38B50446F1
:106C600014B94FF0FF3038BD6A4604214FF4587014
:106C7000FFF7D5FA10B14FF0FF30F4E79DF80000B0
:106C800000069DF8011040EA01409DF8021040EA1C
:106C900001209DF80310084320600020E3E738B589
:106CA0000446200E8DF80000200C8DF80100200A0B
:106CB0008DF80200E0B28DF803006A4604214FF41B
:106CC0005870FFF76FFA38BD38B5044614B94FF065
:106CD000FF3038BD6A4604214FF47170FFF79FFA08
:106CE00010B14FF0FF30F4E79DF8000000069DF86A
:106CF000011040EA01409DF8021040EA01209DF891
:106D00000310084300EB8000800020600020E0E7D3
:106D100038B504461420B4FBF0F4200E8DF80000C2
:106D2000200C8DF80100200A8DF80200E0B28DF8E9
:106D300003006A4604214FF47170FFF733FA38BD3F
:106D400038B5044664B120208DF8000028208DF865
:106D5000010030208DF8020038208DF8030004E097
:106D6000A3220421684600F0AEFB6A46042140F6E7
:106D70009E20FFF717FAFDF779FE38BD5C0300206F
:106D800000004843000040460000C0450000404568
:106D90000000C04438B5044664B1C0208DF800003E
:106DA000C2208DF80100C4208DF80200C6208DF8A5
:106DB000030004E08B220421684600F084FB6A464D
:106DC000042140F69820FFF7EDF9FDF74FFE38BD9E
:106DD0003EB504466CB1FDA1D1E900208968CDE93A
:106DE000002002916A4609214FF49760FFF7DAF913
:106DF0003EBDF9A2D2E900109268CDE901020091EE
:106E00006A4609214FF49760FFF7CCF9F0E73EB5E9
:106E1000044602208DF80000CA208DF80100E3200E
:106E20008DF8020009208DF803006A4604216820CD
:106E3000FFF7B8F9A3208DF8000004F0400048B136
:106E4000C0208DF80100C8208DF80200C2208DF806
:106E5000030006E0A3208DF801008DF802008DF8F4
:106E6000030004F4C07048B1C4208DF80400CC20A5
:106E70008DF80500C6208DF8060006E0A3208DF8E9
:106E800004008DF805008DF80600A3208DF807009A
:106E90008DF808008DF809006A460A2140F6A720FF
:106EA000FFF780F904F0030018B120208DF80000EE
:106EB00002E0D8208DF800006A46012140F6B62095
:106EC000FFF770F904F0200018B10120FFF780FFF0
:106ED00002E00020FFF77CFF04F4C07008B304F464
:106EE000807060B1B2208DF800008B208DF8010019
:106EF000B6208DF802009B208DF803000BE0B02037
:106F00008DF8000080208DF80100B4208DF802007B
:106F100090208DF803006A46042140F6A220FFF776
:106F200041F904F0010020B3F8208DF800006A4612
:106F300001214FF40B60FFF735F9FA210720FFF725
:106F400029FD0720FFF7ECFD0120FFF70CFE642070
:106F5000FFF71CFE4FF4FA70FFF72BFEC821A14883
:106F6000FFF73AFE2820FFF753FE0A20FFF763FEE3
:106F700008E0D8208DF800006A4601214FF40B602C
:106F8000FFF710F904F0020018B1D9208DF80000C5
:106F900002E0D8208DF800006A46012140F23D70E1
:106FA000FFF700F904F0040018B10120FFF7F2FE2A
:106FB00002E00020FFF7EEFE04F0100018B10120FF
:106FC000FFF7BEFE02E00020FFF7BAFE44F0080023
:106FD00085494881FDF74AFD00208349887304F004
:106FE000400018B10846807B801D887304F4C0708F
:106FF00020B17D48807B801D7B49887304F014009C
:1070000020B17948807B10307749887304F0030001
:1070100020B17548807B001D7349887300203EBDF8
:107020000146714840890880002070472DE9F041F1
:107030000446E07800F0C006E07800F03F05607894
:1070400000F0010098B1EF102846E91705EB5171E7
:10705000C910A5EBC101491C01F0FF086248006896
:1070600020B16148414602683846904700BF6078C9
:1070700000F0080030B15C48406818B1B0115A4ABD
:10708000516888470020BDE8F08110B586B00446FD
:1070900056A207CA03AB07C357A207CA8DE8070069
:1070A000012C09D0022C0ED103AA0B2140F682201C
:1070B000FFF778F806B010BD6A460B2140F6822033
:1070C000FFF770F8F6E74FF0FF30F3E72DE9F04FE8
:1070D0008DB00746884615469946DDE9166B0024B3
:1070E000002030804049887B5A4605A9FEF7BDFB49
:1070F00018B1601E0DB0BDE8F08F3B48807A00F0FB
:107100001400002861D09DF8140000069DF81510A9
:1071100040EA01409DF8161040EA01209DF8171042
:10712000084328609DF8180000069DF8191040EAF1
:1071300001409DF81A1040EA01209DF81B100843F9
:1071400068609DF81C0000069DF81D1040EA014093
:107150009DF81E1040EA01209DF81F100843A8600A
:107160009DF8200000069DF8211040EA01409DF89E
:10717000221040EA01209DF823100843E86004F142
:107180001000C4B2286800140190686800140290CE
:10719000A86800140390E868001404900198404324
:1071A000029901FB0100039901FB0100049901FB15
:1071B000010ABAF1706F02DBBAF1885F22DDFDF7D8
:1071C00055FC00203080401E94E721E0B8AAB38D22
:1071D000B4980D355D000000B8AAAAAAB088C3C54E
:1071E000C700000009E3CA025C030020D8B1B9F36C
:1071F0008BA391B609B4D900DAB1B9F38BA391B6D8
:10720000DAB4DA00B6F9000040F48070308000BFD4
:107210007848807A00F0400020B305A9601C085C23
:10722000095D40EA012000B2A8F8000005A9E01CB1
:10723000095C05AAA01C105C41EA002000B2A8F875
:10724000020005A9601D095C201D105C41EA0020B8
:1072500000B2A8F80400A01DC4B2B6F9000040F0C6
:10726000080030806348408900F4C07008B305A965
:10727000601C085C095D40EA012000B2388005A965
:10728000E01C095C05AAA01C105C41EA002000B2C9
:10729000788005A9601D095C201D105C41EA002072
:1072A00000B2B880A01DC4B2B6F9000040F0700072
:1072B00030805048807A00F0030018B105A9081901
:1072C000FFF7B4FE4846FAF7DAFF002012E701465E
:1072D0004848016000207047014646484160002050
:1072E0007047014691F90020002A01DD00201EE0D0
:1072F00091F90020002A01DA042018E091F9012018
:10730000002A01DD012012E091F90120002A01DAB2
:1073100005200CE091F90220002A01DD022006E0A0
:1073200091F90220002A01DA062000E007207047C8
:1073300070B505462846FFF7D4FF0446E81CFFF762
:10734000D0FF44EAC00084B2A81DFFF7CAFF44EA98
:10735000801084B2204670BD70B588B002A905A81F
:10736000FEF795FE0446032C3FD101A8FEF704F971
:10737000059800F023FB0646019900F027F9054621
:1073800000F03BFB0590069800F018FB06460199BB
:1073900000F01CF9054600F030FB0690079800F05D
:1073A0000DFB0646019900F011F9054600F025FB9A
:1073B000079005A8FFF77BF96846FEF7FAF8BDF8D5
:1073C0000010029848430290BDF80010039848430B
:1073D0000390BDF8001004984843049002A8FFF7FA
:1073E000F9F905A0FDF735F802E00CA0FDF731F83A
:1073F00008B070BD5C03002073657474696E67200B
:10740000626961732073756363657366756C6C790B
:10741000202E2E2E2E2E2E0A00000000626961738F
:1074200020686173206E6F74206265656E206D6FD9
:10743000646966696564202E2E2E2E2E2E0A0000A9
:107440002DE9F0410024061B254671F1000605DAFE
:1074500001240027D0EB070067EB0101161E73F132
:10746000000605DA0027D2EB0702012567EB0303CC
:1074700000F062FB86460E4617469C46AC4204D09E
:107480000025D0EB050E65EB010624B10020D2EB00
:10749000000760EB030C704631463A466346BDE890
:1074A000F08140EA01039B0703D009E008C9121FDD
:1074B00008C0042AFAD203E011F8013B00F8013BAE
:1074C000521EF9D27047D2B201E000F8012B491EDA
:1074D000FBD270470022F6E710B513460A46044671
:1074E0001946FFF7F0FF204610BD421E12F8013F7B
:1074F000002BFBD111F8013B02F8013B002BF9D125
:10750000704730B504460020034600E05B1C934200
:1075100003D2E05CCD5C401BF8D030BDF0B480EA13
:107520000102D40F4200B2EB410F02D202460846DC
:1075300011464A0042D0C30DDDB2C1F3C752AD1AA5
:10754000202D35DAC1F3160141F4000204B1524294
:10755000C5F1200602FA06F12A411044B3EBD05FD0
:1075600023D0C4B1012DA0EBC35009DCF0BC4FF017
:10757000004202EAC352DBB200F5000000F037BB64
:10758000400000F1807000EBC350A0F1807040EA31
:10759000D170490009E0490841EAC071A0EBC3502D
:1075A00000F50000400800EBC350F0BC00F016BB33
:1075B0006142012202EB4101001BF6E7F0BC70477B
:1075C00081F00041AAE780F00040A7E780EA0102CD
:1075D00010B502F00043400022D04A001FD0010E37
:1075E00001EB1261C0F35600C2F3560240F40000F2
:1075F00042F40002A0FB022000047F39140400D0F2
:10760000401C50EA124001D44000491EC2B20C0690
:1076100004EBD010401C4008802A02D003E0002078
:1076200010BD20F00100002900DA0020184310BD31
:1076300030B480EA010202F0004530F0004221F04F
:10764000004013D090B1C30DD40DC2F31601C0F3A6
:107650001600E41A41F4000140F400027D34914226
:1076600001D3641C00E04900002C02DA30BC002089
:1076700070474FF400000023914201D3891A03435D
:1076800040084FEA4101F7D151B1914202D14FF088
:10769000004105E002D24FF0010101E06FF001016D
:1076A00003EBC450284430BC00F098BA2DE9FE4FDB
:1076B000804681EA0300C00F0C46009021F0004193
:1076C00023F00045B8EB0200A94105D2404621460F
:1076D00090461C460B46024623F00040104347D01C
:1076E000270DC7F30A00C3F30A510290401A019014
:1076F00040286BDAC3F3130040F4801B00989246D5
:1077000020B10023D2EB030A63EB0B0B019859461F
:10771000C0F14002504600F040FA06460D46504681
:107720005946019A00F048FA10EB08006141002424
:1077300087EA115284EAE7731A4340D0009A62B391
:10774000019A012A4FEA075215DC001B61EB020186
:107750004FF0004202EA0752CDE90042001C41F519
:10776000801132462B4600F07FFA03B0BDE8F08F5F
:1077700040462146F9E7001B61EB0201001C41F580
:10778000801300185B412018A2F5001747EB030196
:1077900040EAD570B6196D4111E06D084FEA360622
:1077A00045EAC0754FEA0752001B61EB0201001C5D
:1077B00041F5801149084FEA300000195141324625
:1077C0002B4603B0BDE8F04F00F03FBA009801220D
:1077D00040000023D0EB020263EBE07300982146E7
:1077E0004FEAE074B8EB000061EB0401E9E783F0D5
:1077F00000435BE781F0004158E72DE9FE4F81EA45
:10780000030404F0004421F0004100944FF0000B09
:1078100023F0004350EA01045ED052EA03045BD037
:10782000C3F30A54C1F30A552C44A4F2F33401946F
:10783000A0FB0254C1F3130141F48011C3F31303FD
:1078400043F4801301FB024400FB034E840A970AB1
:1078500044EA815447EA8357A4FB076802958D0ADE
:1078600005FB07854FEA932C04FB0C542705029D6A
:107870004FEA065847EA1637B5EB08056EEB070CDA
:10788000870E920E47EA811742EA8312A7FB020194
:10789000B6EB0B0164EB00042B0D43EA0C335E18CE
:1078A00044EB1C50DA465146E7FB0201C5F31304D2
:1078B0004FEA0B3343EA14534FEA0432019C43EA84
:1078C0000603A4F10C040294009CCDE900B400F07E
:1078D000CBF903B0BDE8F08F00200146F9E72DE9B0
:1078E000F04D81EA030404F0004B21F000451446FA
:1078F0004FF0000A23F0004150EA050220D054EA7C
:1079000001021DD0C5F30A570246C5F31303C1F3A4
:107910001300C1F30A5640F4801543F48013A7EB1B
:107920000608101BD64608F2FD3873EB050002D39B
:1079300008F1010801E092185B41B8F1000F03DA89
:1079400000200146BDE8F08D00204FF4801106466E
:1079500084460EE0171B73EB050705D3121B63EB80
:10796000050306434CEA010C49084FEA300092181F
:107970005B4150EA0107EDD152EA030012D082EADE
:10798000040083EA0501084305D0101BAB4106D271
:107990000122002306E000224FF0004302E06FF0D6
:1079A000010253101AEB06004CEB085110EB0A00D1
:1079B00041EB0B01BDE8F04D00F047B9C10F80EA83
:1079C000E0700844CA079623002100F010B99623FE
:1079D0000022114600F00BB90EB5C10F80EAE0702D
:1079E0000844CA07002140F233438DE80E000A46DE
:1079F0000B4600F039F903B000BD00F0004220F062
:107A00000040C10DC0F3160040F400007F2901DAE8
:107A100000207047962903DCC1F19601C84001E0BF
:107A200096398840002AF4D04042704720F0004048
:107A3000C10DC0F3160040F400007F2901DA0020D8
:107A40007047962903DCC1F19601C840704796390A
:107A50008840704700F0004230F000400AD0C10D6D
:107A600001F56071C0F3160042EA0151C2084007F7
:107A700011437047002001467047000030B5041ED6
:107A800071F1000404DB4FF00044404264EB01015B
:107A9000141E73F1000405DB1C464FF000435242F4
:107AA00063EB04038B4208BF824230BD01F0004308
:107AB00030B421F0004150EA010206D00A0DA2F5CF
:107AC0006072C1F31301002A02DC30BC0020704751
:107AD000440F44EAC104C100E01830BC00EBC250BE
:107AE00000F07CB8002801DBC0F10040002901DB78
:107AF000C1F1004181427047002801DBC0F1004024
:107B0000002901DBC1F100418842704730B50B46C6
:107B1000014600202022012409E021FA02F59D42BD
:107B200005D303FA02F5491B04FA02F52844151E91
:107B3000A2F10102F1DC30BD2DE9F05F0546002025
:107B400092469B4688460646814640241BE02846CE
:107B500041464746224600F02FF953465A46C01A7E
:107B6000914110D311461846224600F016F82D1AFE
:107B700067EB01084F4622460120002100F00DF876
:107B800017EB00094E41201EA4F10104DFDC48463A
:107B900031462A464346BDE8F09F202A04DB203ABE
:107BA00000FA02F1002070479140C2F1200320FA50
:107BB00003F3194390407047202A06DBCB17203A85
:107BC00041FA02F043EAE07306E041FA02F3D040E2
:107BD000C2F1200291400843194670470029A8BF0E
:107BE0007047401C490008BF20F00100704710B4E6
:107BF000B0FA80FC00FA0CF050EA010404BF10BC9B
:107C0000704749B1CCF1200421FA04F411FA0CF1C7
:107C100018BF012121430843A3EB0C01CB1D4FEA00
:107C200000614FEA102042BF002010BC704700EBFB
:107C3000C35010440029A4BF10BC7047401C490029
:107C400008BF20F0010010BC704710B5141E73F17E
:107C5000000408DA401C41F1000192185B411A430C
:107C600001D120F0010010BD2DE9F04D92469B4658
:107C700011B1B1FA81F202E0B0FA80F220329046FE
:107C8000FFF78BFF04460F4640EA0A0041EA0B016A
:107C900053465A46084313D0114653EA010019D0FF
:107CA000C8F14002504600F087F805460E4650469F
:107CB00059464246FFF771FF084305D0012004E012
:107CC00020463946BDE8F08D0020054346EAE076BF
:107CD0002C4337430A986305E40AA0EB080000220E
:107CE000FD0A44EA47540A3002D500200146E9E77C
:107CF000010510196941DDE9084500196941BDE830
:107D0000F04DA2E770B521F0004303430CD0C1F35E
:107D10000A550024D5EB040564EB0403D617AD1A0D
:107D2000B34102DB0020014670BD201841EB025137
:107D300070BDC1F30A52C1F3130140F2FF3341F4A5
:107D400080119A4202DA00200146704740F2334324
:107D50009A42A2F2334202DC524200F02DB8FFF701
:107D60001CBF000030B5041E71F1000404DB4FF0AD
:107D70000044404264EB0101141E73F1000405DB72
:107D80001C464FF00043524263EB0403994208BF84
:107D9000904230BD064C074D06E0E06840F001031C
:107DA00094E8070098471034AC42F6D3F8F7A2F9EC
:107DB00008A5000828A50008202A04DB203A21FA9B
:107DC00002F00021704721FA02F3D040C2F12002F4
:107DD00091400843194670472DE9F04D00231A469B
:107DE0001B1A8A4103DB00200146BDE8F08DC1F378
:107DF0000A52C1F3130141F480154FF0000BD10773
:107E000002D100186D41521E0027044640F2FF11B6
:107E1000384601EB620A3E468046024600204FF497
:107E20008011FFF7C9FFC2197141BB1846EB010071
:107E3000B4EB030C75EB000C04D3E41A65EB0005FE
:107E400017460E46241908F101006D41804634287A
:107E5000E3DDF91946EB0600091BA84103D24FF0F8
:107E6000FF32134601E0002213461BEB070046EBEE
:107E70000A51BDE8F04DFFF7E8BE0EB540F23341C0
:107E800002910021CDE900110A460B46FFF7ECFEF6
:107E900003B000BD70B5C1F30A5201F000450024E3
:107EA000C1F3130140F2FF3341F480119A4201DA29
:107EB000002070BD40F233439A42A2F2334203DC09
:107EC0005242FFF779FF00E090402C43F1D040424E
:107ED00070BD70B58C1810F8015B15F0070301D167
:107EE00010F8013B2A1106D110F8012B03E010F81D
:107EF000016B01F8016B5B1EF9D12B0705D4002340
:107F0000521E0DD401F8013BFAE710F8013BCB1AE1
:107F1000921C03E013F8015B01F8015B521EF9D5D6
:107F2000A142D8D3002070BD0FB4084B10B504A9EE
:107F300002AA039800F01AFC044602A9002000F0EF
:107F4000ACFF204610BC5DF814FB00009B8E0008BF
:107F5000490050EAC12018BF04204A0D18BF40F064
:107F6000010040F2FF72B2EB515F08BF40F0020027
:107F7000012808BF052070472DE9F74F144694B03B
:107F80000021C4E902111599079121F00045C94962
:107F90008D4206DC1599C4E9000117B00020BDE848
:107FA000F08FC549DFF814A3A9423CDD0799C44E00
:107FB0000029C44FC44A1599534619DDFFF717FC31
:107FC000554506D0C14AC24BFFF711FCC4E9000178
:107FD0000AE04FF0D352BE4BFFF709FC32463B4656
:107FE000FFF705FCC4E9000117B00120BDE8F08FE0
:107FF000FFF75CFB554506D0B44AB54BFFF756FB7F
:10800000C4E900010AE04FF0D352B14BFFF74EFB39
:1080100032463B46FFF74AFBC4E9000117B04FF078
:10802000FF30BDE8F08FAB49A942159978DB21F00C
:10803000004183468846A84AA84BFFF7DEFB002292
:10804000A74BFFF733FBFFF725FF0990FFF7C4FCB1
:1080500006460F469C4A5346FFF7CFFB43465A4617
:10806000FFF7C8FB80468A46984A994B3046394606
:10807000FFF7C3FB2A0D01250B9242465346FFF73B
:10808000B9FB032DC4E9000139D00B98C1F30A51A3
:10809000401A05EB45111139814230DA9148C34647
:1080A000784400EB0510CDF80CA00C90D0E900232B
:1080B00030463946FFF7A1FB02460B460491069075
:1080C00058460399FFF793FB80468A4602460B46C3
:1080D00058460399FFF78BFB049B069AFFF787FB33
:1080E00083460C9803913946D0E902233046FFF7C6
:1080F00084FB5A46039BFFF77AFB6D1CBDE707988C
:108100000028A2BF099817B0BDE8F08F616881F020
:1081100000416160099817B04042BDE8F08FFFE769
:1081200084461598C1F31301C0F30A50A0F2F5304C
:108130004FEA601800F01F06C6F1200013900020DF
:108140000690079041F4801E05206D4676B1664A80
:1081500008EB00017A4452F8213002EB8101B34070
:108160004A68139922FA01F1194305E05F4908EBC7
:108170000002794451F82210A1FB0E27A1FB0C1339
:108180001A449A4234BF0123002303EB070A05EB8C
:108190008003D3E901B70F448F4234BF012100218E
:1081A00093448B4411B1934502D903E0934501D226
:1081B000012100E00021C3E901B7514445F8201036
:1081C000011EA0F10100C1DC0298059F00F10050E2
:1081D000800F12900298DDE903568000FFF7FCFB48
:1081E000834628460D91FFF748FE6FF01D02FFF70A
:1081F00089FDCDE90E013046FFF73FFE6FF03D02ED
:10820000FFF780FD80468A463846FFF736FE6FF05E
:108210005D02FFF777FD0746424653461191FFF78F
:1082200045FADDE90E23FFF741FA5A460D9BFFF7A9
:108230003DFA00250E465A4628460D9BFFF7D7FA11
:10824000DDE90E23FFF7D3FA42465346FFF7CFFA94
:108250003A46119BFFF7CEFADFF898A0244A53461E
:10826000FFF7CBFA07468846234A244B3146284677
:10827000FFF7C3FA3A464346FFF718FA074688461F
:108280004FF0A842534631462846FFF7B6FA3A4621
:108290004346FFF70BFA159A12F0004F04D0129ADA
:1082A00081F0004152421292C4E90001129817B0C5
:1082B000BDE8F08FFB21E93F7CD90240FB21F93F6B
:1082C0007370032E8A19A33B000040543163621A75
:1082D00061B4D03DFB21394183C8C96D305FE43FB3
:1082E0000000E03F24230000A022000082220000C2
:1082F000182D4454FB21F93D3326A611460B113CA1
:108300002DE9FF4D21F0004807460C46B8F1795F92
:1083100008DAFFF7BFFD002801BF0020324904B092
:10832000BDE8F08D3A46234610461946FFF765FA38
:10833000054602462D480E460B460621784400F0BD
:108340005DF82A463346FFF758FADDE902238246F4
:108350008B4638462146FFF750FA04460F465246F0
:108360005B4628463146FFF748FA22463B46FFF770
:108370003EFA07468A464FF0FF3228463146FFF75D
:10838000C1FC1B4A90450ADA3A465346FFF72FFADA
:1083900004B00022BDE8F04D134BFFF72BBA154A8D
:1083A0004245A8BFA8F500154FF00004B8BF124D14
:1083B00022462B46FFF71BFA0646884622462B46E6
:1083C00000200949FFF713FA04460D463A46534682
:1083D00030464146FFF70BFA04B022462B46BDE873
:1083E000F04DFFF707BA00000000F03F50200000FA
:1083F0003333D33F0000E93F0000D23F2DE9F04185
:108400004F1E00EBC7010446D1E9000115461E4688
:1084100037F006020DD02A463346FFF7EEF97F1EED
:1084200004EBC703D3E90023FFF740F937F0060256
:10843000F1D1022F25D0042F13D0062F18BFBDE88D
:10844000F0812A463346FFF7D8F9D4E90A23FFF72B
:108450002DF92A463346FFF7D0F9D4E90823FFF770
:1084600025F92A463346FFF7C8F9D4E90623FFF772
:108470001DF92A463346FFF7C0F9D4E90423FFF774
:1084800015F92A463346FFF7B8F9D4E90223FFF776
:108490000DF92A463346FFF7B0F9D4E90023BDE8C9
:1084A000F041FFF703B900002DE9FF4D054621F02B
:1084B000004084B00C46B0F1795F0BDA2846FFF734
:1084C00047FD042808BF00F071F8284608B021468F
:1084D000BDE8F08D2A460B461046FFF78EF906469A
:1084E0000F462A462346FFF788F9804626488A46E3
:1084F00032463B4605217844FFF780FF83461098BB
:10850000029160B3214A224B40465146FFF775F96C
:10851000CDE900015A4640465146029BFFF76DF9EE
:1085200082468846DDE906014FF0FF32FFF7EAFB9D
:1085300052464346FFF75BF932463B46FFF75DF98B
:10854000DDE90623FFF753F9DDE90023FFF74FF9D3
:1085500008B02A462346BDE8F04DFFF74BB90B465D
:108560005A4630463946FFF748F9084A084BFFF7A4
:108570009DF842465346FFF740F908B02A46234685
:10858000BDE8F04DFFF792B8961F000049555555CC
:108590005555C5BF0122FFF7B5BBFFF787B80022CD
:1085A000134610461146FFF79AB90000024A002010
:1085B0001107FFF7A7BB000001FDFFFF02E008C89D
:1085C000121F08C1002AFAD170477047002001E04D
:1085D00001C1121F002AFBD1704700000149086049
:1085E00070470000E40100202DE9FF5F82B0002108
:1085F000DDE90430020DDDF840B0034318D044F645
:108600001050A2F2FF3242431514119801281FD0D6
:10861000A5EB0B00401C5FEA000A4FF000064E4F2E
:10862000DFF83891B046504615D5CAF1000413E082
:10863000119801244AA3012801D16FEA0B01029885
:10864000119AC0E90031C0E9024206B0BDE8F09FCE
:10865000CBF10000DFE704460021404A491842EB15
:108660000450CDE9001012E0E00707D032463B4647
:1086700040464946FFF7C1F88046894632463B46A8
:1086800010461946FFF7B9F806460F466410002C4D
:10869000EAD1DDE90401DDE90023BAF1000F06DAD1
:1086A000FFF7ABF842464B46FFF7A7F805E0FFF7A8
:1086B00016F942464B46FFF712F904460E460022D1
:1086C000284BFFF74FFB03D84FF0FF30014607E080
:1086D0000022254B20463146FEF7E8FFFFF729FB35
:1086E000102409E0002C0ADB0A220023FFF724FAF9
:1086F000039B30321A55641E50EA0102F2D1641C09
:10870000039AC4F111031444119A012A03D00122DF
:1087100008430DD10AE0084304D000204FF0110BAC
:10872000119072E7A3EB0B056D1E0DE05B4504DDB8
:108730004FF0000205F1010504E003DA4FF00002FA
:10874000A5F10105002AECD002981199C0E9023187
:10875000C0E9004579E70000000014400000F03F48
:10876000300000000000F0430000E03F2DE9FF4F23
:1087700095B09B468946064600250FE2252877D10D
:1087800000242746F84A0121059400E0044316F826
:10879000013F203B01FA03F01042F7D130782A283C
:1087A00011D06FF02F033078A0F13002092A16D8CB
:1087B000059A44F0020402EB820203EB42021044E9
:1087C000761C0590EFE759F8042B0592002A03DA8E
:1087D000504244F40054059044F00204761C307872
:1087E0002E2816D116F8010F44F004042A280DD0C3
:1087F0006FF02F023078A0F13003092B09D807EB76
:10880000870302EB4303C718761CF3E759F8047B90
:10881000761C30786C280FD006DC4C2817D06828DE
:108820000DD06A2814D104E0742810D07A280FD112
:108830000DE044F400140AE044F4801401E044F430
:1088400040147278824202D104F58014761C761CA2
:10885000307866280BD013DC582877D009DC002844
:1088600075D04528F6D04628F4D047281AD19DE186
:1088700018E0632835D0642879D0652812D195E1B5
:10888000702873D008DC6728F1D069286FD06E2873
:108890000DD06F2806D1B5E073282CD0752875D07F
:1088A000782874D05A46179990476D1C75E1C4F327
:1088B0000250022809D003280DD0D9F8001004284E
:1088C0000DD00D6009F1040967E1D9F80010EA172D
:1088D000C1E90052F6E7D9F800100D80F2E70D70FB
:1088E000F0E719F8041B8DF8001000208DF8010046
:1088F000EA46012003E059F804AB4FF0FF3061076E
:108900004FF0000102D40DE008F101018846B942A0
:108910000FDA8045F8DB1AF808100029F4D108E0D6
:1089200008F1010188468142FADB1AF80810002993
:10893000F6D105985B46A0EB080721463846179A02
:1089400000F094FA284400EB080507E04DE029E127
:108950000DE01AF8010B5A4617999047B8F1010833
:10896000F7D25B4621463846179A13E142E00A22C5
:108970000092C4F302524FF0000A022A08D059F8BC
:1089800004CB032A4FEAEC710AD00DE029E02AE07B
:1089900009F1070121F00702F2E802C1914609E05E
:1089A0000FFA8CFC4FEAEC71042A03D14FFA8CFCCD
:1089B0004FEAEC71002907DA0A460021DCF1000CCD
:1089C00061EB02012D2202E0220504D52B228DF855
:1089D0000420012203E0E20701D02022F7E79046BD
:1089E00059E00A2102E010220DE010214FF0000AA8
:1089F00000910BE010224FF0000A44F00404082715
:108A0000009203E008224FF0000A0092C4F30252E1
:108A1000022A05D059F804CB0021032A08D009E026
:108A200009F1070121F00702F2E802C1914605E0D1
:108A30001FFA8CFC042A01D10CF0FF0C4FF0000847
:108A4000220728D5702806D0009B83F0100353EA34
:108A50000A0305D00EE040228DF80420012208E030
:108A60005CEA010206D030228DF804208DF8050062
:108A700002229046009B83F0080353EA0A030AD1BE
:108A80005CEA010201D1620705D530228DF804208D
:108A90004FF001087F1E582804D034A003900EA880
:108AA00002900DE036A0F9E753466046009AFFF7C2
:108AB00043F884460398825C0298401E029002703C
:108AC0005CEA0100F0D1029806A9081A00F1200A18
:108AD000600702D524F4803400E00127574502DD09
:108AE000A7EB0A0000E0002000EB0A0100900598C7
:108AF0004144401A0590E00306D45B462146179A8C
:108B0000059800F0B3F90544002706E001A85A468D
:108B1000C05D179990476D1C7F1C4745F6DBE0034D
:108B20000CD55B462146179A059800F09FF905443D
:108B300004E030205A46179990476D1C0099481E52
:108B400000900029F5DC08E0029802995A46007866
:108B5000491C0291179990476D1CBAF10001AAF1C6
:108B6000010AF1DC65E100000928010030313233EF
:108B70003435363738396162636465660000000059
:108B80003031323334353637383941424344454643
:108B90000000000000F058F90544761C30780028E9
:108BA0007FF4ECAD19B02846BDE8F08F620700D421
:108BB000062709F1070222F0070CFCE80223E14630
:108BC00003F000485FEA080C02D00FF2702C0DE0B1
:108BD0005FEA045C02D50FF2682C07E05FEAC47C10
:108BE00002D00FF2602C01E0AFF2700C4FF0FF38B2
:108BF00023F00043CDF850C065280CD006DC452892
:108C000009D046281DD047283DD13DE0662818D020
:108C100067287ED138E00021112F01DB112000E010
:108C2000781CCDE9000106A90EA8FFF7DDFCDDE9FF
:108C30000F010E9A03910021009207F1010A04919D
:108C40004DE04FF000400097CDE9011006A90EA8B5
:108C5000FFF7CAFCDDE90F0203920E9B1199002277
:108C6000DDF80CA00093049211B9791C00EB010A05
:108C7000B7EB0A0004D4C0F1FF3007F1010A0490F9
:108C8000AAEB0700019044E0012F00DA0127002140
:108C9000112F01DD112000E03846CDE9000106A9C1
:108CA0000EA8FFF7A1FCDDE90F010E9A0391002148
:108CB00004910092BA4621070CD40399514500DA79
:108CC0008A46BAF1010F05DD009AAAF10101515C53
:108CD000302908D0B84202DA10F1040F06DA012177
:108CE000CDE9011015E0AAF10101E9E7002805DC52
:108CF000049901440491AAEB000102E0411C514592
:108D000000DD8A460499401A401C01904FF0004053
:108D10000290200704D40198504501DBCDF804806F
:108D200000208DF84F0002980DF14F07B0F1004F71
:108D300025D02B200E9002984FF0020800280CDA64
:108D4000404202902D200E9007E00A210298FEF783
:108D5000DDFE3031029007F8011DB8F10001A8F1E5
:108D60000108F2DC02980028EFD1791E0E980870F5
:108D7000307800F0200040F0450007F8020D12A8FE
:108D8000C01B00F107081498007800B1012000EB27
:108D90000A01019801EBE07105984144401A401E18
:108DA0000590E00306D45B462146179A059800F02B
:108DB0005DF805441498007818B15A461799904701
:108DC0006D1CE00324D55B462146179A059800F0F8
:108DD0004DF805441CE00498002807DBDDE9030199
:108DE000884203DD0098405C179901E01799302014
:108DF0005A469047049805F10105401C04900198DB
:108E0000401E019004D12E205A46179990476D1CA0
:108E1000BAF10001AAF1010ADDDC05E017F8010B47
:108E20005A46179990476D1CB8F10001A8F1010846
:108E3000F4DC5B462146179A0598ABE62D0000004E
:108E40002B000000200000002DE9F0410446002521
:108E50001E461746880404D405E039462020B04752
:108E60006D1C641EF9D52846BDE8F0812DE9F0415E
:108E7000044600251E469046C80301D5302700E071
:108E80002027880404D505E041463846B0476D1CCC
:108E9000641EF9D52846BDE8F0810A68531C0B60B2
:108EA000107070472DE9F04D8D4F21F0004A86B0CB
:108EB00005460C46BA452ADBAAEB070028430AD030
:108EC0008848824501DC1AD1CDB106B02846BDE8FC
:108ED000F04DFFF75FBB844A844B2846FEF78DFCBC
:108EE00007460E46824A834B28462146FEF785FCFC
:108EF00006B03A463346BDE8F04DFEF7D7BB012039
:108F0000FFF76CFB06B0BDE8F04DFFF748BB7A48B1
:108F1000824542DABAF1795F0BDA2846FFF718F892
:108F2000042808BFFFF742FB284606B02146BDE8EB
:108F3000F08D2A460B461046FEF75FFC834602463C
:108F40006E480E460B4606217844FFF757FA5A46FC
:108F50003346FEF752FC804669488A465A463346F5
:108F600004217844FFF74AFA5A463346FEF745FC97
:108F700000223B46FEF79AFB02460B46404651460E
:108F8000FEF7ADFC2A462346FEF737FC06B02A461C
:108F90002346BDE8F04DFEF789BB284624F000418A
:108FA00000223D463B46FEF725FC4FF0FF32FEF720
:108FB000A9FE0646024653480F460B460621784452
:108FC000FFF71CFA32463B46FEF717FCCDE90001DD
:108FD0004D4832463B4604217844FFF70FFA3246AB
:108FE0003B46FEF70AFC00222B46FEF75FFB83465A
:108FF00002913046394600F0FBFA804643480D4660
:10900000504517DCDDE900015A46029BFEF767FC7C
:1090100042462B46FEF7F1FB42462B46FEF746FB47
:109020000122FEF76FFE304A304BFEF7E0FB304A7C
:10903000304B4CE04FF0000A52460B464046FEF7DC
:1090400035FBCDE9031052462B4610461946FEF774
:10905000D4FB32463B46FEF7CDFBDDE90332FEF79B
:109060003EFC06460F46DDE900015A46029BFEF72C
:1090700036FC83460091012230463946FEF742FE17
:10908000194A1A4BFEF7B6FB06460F460122404628
:109090002946FEF737FE5A46009BFEF7AEFB3246E6
:1090A0003B46FEF7A4FB06460F46012250462946E2
:1090B000FEF728FE0E4DDFF858802A464346FEF79D
:1090C00099FB32463B46FEF795FB2A464346FEF7A0
:1090D00091FB002CD8BF81F0004106B0BDE8F08DB7
:1090E0000000F03F0000F07F075C143326A6913C9F
:1090F000182D4454FB21F93F0000E03F5C130000B1
:1091000072130000E6120000FC1200003333EF3F40
:10911000FB21E93F2DE9F84F04460D4621F00040C0
:1091200000917349814211DC7249884201DC06D109
:109130002CB120462946BDE8F84FFFF72BBA6E4800
:10914000002DCCBF6D496E49BDE8F88F6D49814255
:1091500011DD6D498142D8BF4FF0FF366DDD2046ED
:109160002946FEF7F5FE042808BFFFF71FFA204640
:109170002946BDE8F88F6549654F25F000458142D5
:1091800033DD6449814219DD002632464FF08043C9
:1091900020462946FEF78AFA80468A460122204662
:1091A0002946FEF7AFFD00223B46FEF720FB424674
:1091B0005346FEF794FB04460D463EE0012600228E
:1091C000BA463B4620462946FEF770FA80460F46CF
:1091D0000022534620462946FEF709FB42463B46FD
:1091E000FEF77DFB04460D4627E04B4981421BDD1F
:1091F000DFF828A102260022534620462946FEF722
:10920000FCFA00223B46FEF751FA80460F46002248
:10921000534620462946FEF7EAFA42463B46FEF709
:109220005EFB04460D4608E0032622462B4600203E
:109230003B49FEF754FB04460D4622462B4610469A
:109240001946FEF7DAFA8B46824602460B46FEF7CF
:10925000D4FA07460246334888460B46062178442E
:10926000FFF7CCF852465B46FEF7C7FA82462E4817
:109270008B463A46434605217844FFF7BFF83A4605
:109280004346FEF7BAFA02460B46002E50465946B0
:109290000CDAFEF70BFA22462B46FEF7AEFA01B0C7
:1092A00022462B46BDE8F04FFEF7A4BAFEF7FEF9C2
:1092B00022462B46FEF7A1FA1C4A7A4402EBC6036B
:1092C000D3E90023FEF793FA22462B46FEF78FFAE6
:1092D000174A7A4402EBC603D3E90023FEF78AFA61
:1092E000009A002AB8BF81F00041BDE8F88F000065
:1092F000000010440000F07F182D4454FB21F93F7A
:10930000FB21F9BF0000DC3F0000203E0000F33FDE
:109310000000F03F0000E63F008003400000F83FFF
:109320000000F0BFFE100000BC1000005A1000004A
:10933000221000002DE9F04D9446CCF1000423F0FA
:1093400000464CEA0404524F46EAD4749A468846D2
:1093500021F00042BC4206D8454240EA050442EAF8
:10936000D474BC4204D9BDE8F04D6246FFF715B98C
:10937000AAF14055A5F17F6555EA0C040BD00224F3
:1093800004EAAA74434DDFF810E144EAD87452EAC3
:10939000000B04D00CE0BDE8F04DFFF7BBBE002C85
:1093A00014BF012CBDE8F08D022C30D0032C32D03C
:1093B00056EA0C0B0AD0BE4220D1BA4209D126F09F
:1093C000804622F080423346114617E000291ADB1E
:1093D00025E0DFF8C8B0FB44002C04BFDBE9000146
:1093E000BDE8F08D012C02BFDBE9000181F00041F6
:1093F000BDE8F08D022C0AD0032C0CD0BA4212D159
:10940000B8F1000F0BDA23482549BDE8F08D284656
:109410002449BDE8F08D28467146BDE8F08D1D4811
:109420002149BDE8F08D921B12153C2AC4BF194892
:109430001D490EDCBAF1000FBEBF12F13C0F002037
:10944000014606DB6246FEF74AFA21F00041FFF7CB
:1094500061FE002C08BFBDE8F08D012C04BF81F037
:109460000041BDE8F08D114A114B022C07D0FEF7E8
:10947000BEF92A46BDE8F04D0A4BFEF7B8B9FEF733
:10948000B6F92A46BDE8F04D064BFEF7B3B9000029
:109490000000F07F182D4454FB2109C0E60F0000A6
:1094A000FB21F9BFFB210940FB21F93F075C143385
:1094B00026A6A13C00B5244B21F0004287B09A4279
:1094C000DCBF0022134629DD204B9A4208D140B967
:1094D0004FF00100FFF782F8FFF761F807B000BD19
:1094E00003DBFFF757F807B000BD02AAFEF744FD03
:1094F00010F0030104BF0DF1080C9CE80F000DD023
:10950000012001290ED0022914D00DF1080C009081
:109510009CE80F00FEF7C8FF07B000BDFEF7F0FEA5
:1095200007B000BD0DF1080C00909CE80F00FEF79D
:10953000BBFF05E00DF1080C9CE80F00FEF7E0FE14
:1095400007B081F0004100BDFB21E93F0000F07F42
:1095500000B5254B21F0004287B09A4203DC00227F
:10956000134600922BE0214B9A4208D140B94FF0AC
:109570000100FFF733F8FFF712F807B000BD03DB77
:10958000FFF708F807B000BD02AAFEF7F5FC10F0DF
:1095900003014FF001000DD0012914D002291AD087
:1095A0000DF1080C9CE80F00FEF7AAFE07B081F051
:1095B000004100BD0DF1080C00909CE80F00FEF783
:1095C00073FF07B000BD0DF1080C9CE80F00FEF71B
:1095D00097FE07B000BD0DF1080C00909CE80F004D
:1095E000FEF762FFE2E70000FB21E93F0000F07FA9
:1095F0002DE9F04106460F46FEF7EEFB041E0D4630
:1096000018BF0120284320F00040C0F17F6000F126
:10961000E040C00F0ED0301C18BF0120384320F0AE
:109620000040C0F17F6000F1E040C00F04BF0120A6
:10963000FEF7D4FF20462946BDE8F0810000000077
:109640009A99999999E96740E17A14AE47E1CA3F3E
:1096500000000000000020409A9999999999D93FFB
:109660006800000476005401F7FD000175191A0C1A
:109670006A231B1C1F207274433B4138393A6B6CC0
:10968000376F06246D6E7000830000000008000034
:109690000001001832000500000020410000D24205
:1096A000295C0F3E9A99993E3333733F295C0F3EF4
:1096B0000000700000000024000000020003000011
:1096C00000650054FFEF0000FA80000B12820001D9
:1096D000030C30C30E8C8CE914D5400213710F8E2D
:1096E0003883F8833000F883258EF8833000F883C0
:1096F000FFFFFFFF0FFEA9D6240004001A8279A104
:109700000000003CFFFF00000010000038836FA243
:10971000003E03304000000002CAE3093E80000022
:109720002000000000000000400000006000000079
:10973000000C0000000C186E000006920A16C0DF34
:10974000FFFF0256FD8CD377FFE1C496E0C5BEAAA9
:1097500000000000FFFF0B2B00001657000003590C
:109760004000000000001DFA00026C1D0000000017
:109770003FFFDFEB003EB3B6000D227800002F3C28
:1097800000000000001942B5000039A20000B365D6
:10979000D90E9FC91DCF4C3430000000500000008E
:1097A0003BB67AE80064000000C80000000000003A
:1097B000100000001000FA921000225E000D229F9F
:1097C0000001000000320000FF46000063D40000EA
:1097D0001000000004D6000004CC000004CC0000FF
:1097E00000001072000000400000000000000000B7
:1097F00000060002000500070000000000640000F1
:1098000000000000000000050005006400200000CA
:109810000000000000000000000040000000030005
:1098200000000032F8980000FF650000830F000080
:10983000FF9BFC0000000000000000000000000092
:109840000000000000000000000000000000000018
:1098500000000000000000000000000000001000F8
:1098600040000000000000060000B26A0002000094
:109870000001FB830068000000D9FC007CF1FF833D
:109880000000000000650000006403E80064002898
:10989000000000250000000016A0000000001000DD
:1098A00000001000002F0000000001F40000100074
:1098B00000280000FFFF4581FFFFFA720000000052
:1098C00000000000004400050005BAC6004778A269
:1098D000000000010000000000000600000000146D
:1098E0000000254D002F706D000005AE000C02D069
:1098F0000000000000000000000000000000000068
:10990000001B00000000000000000000000000003C
:1099100000640000000800000000000000000000DB
:109920000000000000000000000000000000000037
:109930000000000000000000000000000000000027
:109940000000000000000000000000000000000017
:109950000000000000000000000000000000000007
:1099600000000000000000000000000000000000F7
:10997000001B00000000000000000000000E000EB0
:1099800000000AC70004000000000032FFFFFF9C37
:1099900000000B2B0000000200000001000000642A
:1099A000FFE50000000000000000000000000000D3
:1099B00000000001000000000001000000000000A5
:1099C000000180000001800000018000002426D3F7
:1099D0000000000000000000000600100096003C9F
:1099E0000000000000000000000000000000000077
:1099F0000C0A4E68CDCF770950166759C619CE822A
:109A00000000000000000000000000000000000056
:109A1000000000000000000017D7840003000000D1
:109A20000000000000000000C7938F9D1E1B1C1942
:109A30000000000000000000000000000000000026
:109A40000000000000000000020318850000400034
:109A50000000000300000003000000000000000000
:109A600040000000000000000000000000000000B6
:109A700000000000000000000000000000000000E6
:109A800000000000000000000000000000000000D6
:109A900000000000677DDF7E72902E554CF6E68850
:109AA00000000000000000000000000000000000B6
:109AB000D8DCB4B8B0D8B9ABF3F8FAB3B7BB8E9E64
:109AC000AEF132F51BF1B4B8B08097F1A9DFDFDF5A
:109AD000AADFDFDFF2AAC5CDC7A90CC92C97F1A96F
:109AE00089264666B28999A92D557DB0B08AA89677
:109AF000365676F1BAA3B4B280C0B8A89711B28333
:109B000098BAA3F0240844106418B2B9B49883F149
:109B1000A329557DBAB5B1A38393F0002850F5B2BF
:109B2000B6AA839328547CF1B9A3829361BAA2DACE
:109B3000DEDFDB819AB9AEF5606870F1DABAA2DFD8
:109B4000D9BAA2FAB9A38292DB31BAA2D9BAA2F8E1
:109B5000DF85A4D0C1BBAD83C2C5C7B8A2DFDFDF3C
:109B6000BAA0DFDFDFD8D8F1B8AAB38DB4980D352D
:109B70005DB2B6BAAF8C96198F9FA70E161EB49A17
:109B8000B8AA872C547CBAA4B08AB691325676B261
:109B90008494A4C808CDD8B8B4B0F19982A82D5542
:109BA0007D98A80E161EA22C547C92A4F02C5078FE
:109BB000F184A898C4CDFCD80DDBA8FC2DF3D9BA4C
:109BC000A6F8DABAA6DED8BAB2B68696A6D0F3C898
:109BD00041DAA6C8F8D8B0B4B882A892F52C548857
:109BE00098F135D9F418D8F1A2D0F8F9A884D9C7DA
:109BF000DFF8F883C5DADF69DF83C1D8F40114F137
:109C0000A8824EA884F311D182F5D992289788F1C1
:109C100009F41C1CD884A8F3C0F9D1D99782F12982
:109C2000F40DD8F3F9F9D1D982F4C203D8DEDF1AE2
:109C3000D8F1A2FAF9A88498D9C7DFF8F8F883C751
:109C4000DADF69DFF883C3D8F40114F198A8822E13
:109C5000A884F311D182F5D992509788F109F41CA8
:109C6000D884A8F3C0F8F9D1D99782F149F40DD876
:109C7000F3F9F9D1D982F4C403D8DEDFD8F1AD8885
:109C800098CCA809F9D98292A8F57CF1883ACF94AA
:109C90004A6E98DB6931DAADF2DEF9D88795A8F221
:109CA00021D1DAA5F9F417D9F1AE8ED0C0C3AE82B6
:109CB000C684C3A88595C8A588F2C0F1F4010EF149
:109CC0008E9EA8C63E56F554F18872F40115F1989F
:109CD00045856EF58E9E0488F142985A8E9E0688C0
:109CE00069F4011CF1981E1108D0F504F11E9702C9
:109CF00002983625DBF9D985A5F3C1DA85A5F3DF0E
:109D0000D88595A8F309DAA5FAD88292A8F578F152
:109D1000881A849F26889821DAF41DF3D8879F3902
:109D2000D1AFD9DFDFFBF9F40CF3D8FAD0F8DAF9C8
:109D3000F9D0DFD9F9D8F40BD8F3879F39D1AFD94F
:109D4000DFDFF41DF3D8FAFCA869F9F9AFD0DADE49
:109D5000FAD9F88F9FA8F1CCF398DB45D9AFDFD0C3
:109D6000F8D8F18F9FA8CAF38809DAAF8FCBF8D85B
:109D7000F2AD978D0CD9A5DFF9BAA6F3FAF412F279
:109D8000D8950DD1D9BAA6F3FADAA5F2C1BAA6F3DD
:109D9000DFD8F1BAB2B68696A6D0CAF349DAA6CB16
:109DA000F8D8B0B4B8D8AD84F2C0DFF18FCBC3A877
:109DB000B2B68696C8C1CBC3F3B0B48898A821DBED
:109DC000718D9D71859521D9ADF2FAD88597A82816
:109DD000D9F408D8F28D29DAF405D9F285A4C2F2B3
:109DE000D8A88D9401D1D9F411F2D88721D8F40ADA
:109DF000D8F28498A8C801D1D9F411D8F3A4C8BB6B
:109E0000AFD0F2DEF8F8F8F8F8F8F8F8D8F1B8F6CC
:109E1000B5B9B08A95A3DE3CA3D9F8D85CA3D9F82C
:109E2000D87CA3D9F8D8F8F9D1A5D9DFDAFAD8B116
:109E30008530F7D9DED8F830ADDADED8F2B48C99B7
:109E4000A32D557DA083DFDFDFB591A0F629D9FBD7
:109E5000D8A0FC29D9FAD8A0D051D9F8D8FC51D92A
:109E6000F9D879D9FBD8A0D0FC79D9FAD8A1F9F9D9
:109E7000F9F9F9A0DADFDFDFD8A1F8F8F8F8F8ACE3
:109E8000DEF8ADDE8393AC2C547CF1A8DFDFDFF687
:109E90009D2CDAA0DFD9FADB2DF8D8A850DAA0D0B3
:109EA000DED9D0F8F8F8DB55F8D8A878DAA0D0DFFA
:109EB000D9D0FAF8F8F8F8DB7DF8D89CA88CF53002
:109EC000DB38D9D0DEDFA0D0DEDFD8A848DB58D918
:109ED000DFD0DEA0DFD0DED8A868DB70D9DFDFA05E
:109EE000DFDFD8F1A888902C547C98A8D05C38D1BA
:109EF000DAF2AE8CDFF9D8B087A8C1C1B188A8C6A4
:109F0000F9F9DA36D8A8F9DA36D8A8F9DA36D8A8BD
:109F1000F9DA36D8A8F9DA36D8F78D9DADF818DA1F
:109F2000F2AEDFD8F7ADFA30D9A4DEF9D8F2AEDE62
:109F3000FAF983A7D9C3C5C7F1889BA77AADF7DE25
:109F4000DFA4F8849408A797F300AEF29819A488C8
:109F5000C6A39488F632DFF28393DB09D9F2AADF35
:109F6000D8D8AEF8F9D1DAF3A4DEA7F1889B7AD875
:109F7000F38494AE19F9DAAAF1DFD8A881C0C3C579
:109F8000C7A39283F628ADDED9F8D8A350ADD9F88F
:109F9000D8A378ADD9F8D8F8F9D1A1DADEC3C5C70E
:109FA000D8A18194F818F2B089ACC3C5C7F1D8B86C
:109FB000B4B09786A8319B069907AB9728889BF089
:109FC0000C201440B0B4B8F0A88A9A285078B79BF7
:109FD000A8295179247059446938644831F1BBABE0
:109FE00088002C547CF0B38BB8A804285078F1B0CA
:109FF00088B49726A85998BBABB38B02264666B0A7
:10A00000B8F08A9CA82951798B2951798A247059F2
:10A010008B2058718A4469388B3940688A6448318A
:10A020008B30496088F1AC002C547CF08CA804285B
:10A030005078F1889726A85998AC8C02264666F08D
:10A04000899CA8295179247059446938644831A9F8
:10A050008809205970AB11384069A8193148608CC3
:10A06000A83C415C207C00F187981986A86E767E1A
:10A07000A999882D557DD8B1B5B9A3DFDFDFAED062
:10A08000DFAAD0DEF2ABF8F9D9B087C4AAF1DFDFDE
:10A09000BBAFDFDFB9D8B1F1A3978E60DFB084F238
:10A0A000C8F8F9D9DED89385F14AB183A308B583FE
:10A0B0009A0810B79F10D8F1B0BAAEB08AC2B2B643
:10A0C0008E9EF1FBD9F41DD8F9D90CF1D8F8F8AD72
:10A0D00061D9AEFBD8F40CF1D8F8F8AD19D9AEFBC4
:10A0E000DFD8F416F1D8F8AD8D61D9F4F4ACF59C55
:10A0F0009C8DDF2BBAB6AEFAF8F40BD8F1AED0F8DF
:10A10000AD51DAAEFAF8F1D8B9B1B6A3839C08B96B
:10A11000B1839AB5AAC0FD3083B79F10B58B93F277
:10A120000202D1ABDADED8F1B080BAABC0C3B284E0
:10A13000C1C3D8B1B9F38BA391B609B4D9ABDEB022
:10A14000879CB9A3DDF1B38B8B8B8B8BB087A3A3DB
:10A15000A3A3B28BB69BF2A3A3A3A3A3A3A3A3A37E
:10A16000A3F1B087B59AA3F39BA3A3DCBAACDFB984
:10A17000A3A3A3A3A3A3A3A3A3A3A3A3A3A3A3A3AF
:10A18000D8D8D8BBB3B7F1AAF9DAFFD9809AAA28F0
:10A19000B48098A720B79787A86688F07951F19086
:10A1A0002C870CA781976293F071716085940129C7
:10A1B000517990A5F1284C6C870C95188578A3836C
:10A1C00090284C6C886CD8F3A28200F210A89219E7
:10A1D00080A2F2D926D8F188A84DD948D896A839B6
:10A1E00080D93CD89580A839A68698D92CDA87A73B
:10A1F0002CD8A8899519A980D938D8A88939A980D7
:10A20000DA3CD8A82EA83990D90CD8A8953198D97D
:10A210000CD8A809D9FFD801DAFFD89539A9DA26D0
:10A22000FFD890A80D8999A810809821DA2ED88996
:10A2300099A83180DA2ED8A886963180DA2ED8A84F
:10A24000873180DA2ED8A88292F34180F1D92ED8B6
:10A25000A882F31980F1D92ED882ACF3C0A2802253
:10A26000F1A62EA72EA92298A829DAACDEFFD8A243
:10A27000F22AF1A92E8292A8F23180A696F1D90095
:10A28000AC8C9C0C30ACDED0DEFFD88C9CACD010FB
:10A29000ACDE8092A2F24C82A8F1CAF235F1968827
:10A2A000A6D900D8F1FF0000555555555555C53F65
:10A2B0007D6FEB0312D6D4BF5544880E55C1C93FFC
:10A2C0003B8F68B52882A4BF88B20175E0EF493F93
:10A2D00009F7FD0DE13D023F4B2D8A1C273A03C0D3
:10A2E000C88A599CE52A004059018D1B6C06E6BFBF
:10A2F00082922EB1C5B8B33F4FBB610567ACDD3F5D
:10A30000182D4454FB21E93F9BF681D20B73EF3F9C
:10A31000182D4454FB21F93FE2652F227F2B7A3C14
:10A32000075C143326A6813CBDCBF07A8807703CCD
:10A33000075C143326A6913CC4EB98999999C9BF40
:10A34000711623FEC671BCBF6D9A74AFF2B0B3BF75
:10A350009AFDDE522DDEADBF2F6C6A2C44B4A2BF35
:10A360000D5555555555D53FFF8300922449C23FA1
:10A370006E204CC5CD45B73F513DD0A0660DB13FD5
:10A38000EB0D76244B7BA93F11DA22E33AAD903FE7
:10A390004C5555555555A53F7751C1166CC156BF03
:10A3A0009015CB19A001FA3EAD529C804F7E92BE13
:10A3B000C4B1B4BD9EEE213ED43888BEE9FAA8BD32
:10A3C000000000000000000000004054FB21F93FA5
:10A3D0003163621A61B4D03D0000601A61B4D03DAF
:10A3E0007370032E8A19A33B0000002E8A19A33B29
:10A3F000C14920259A837B3900000000000000003D
:10A400006E83F9A22915444ED15727FCC0DD34F5DF
:10A41000999562DB4190433CAB6351FE61C5BBDE65
:10A420003A6E24B7E0D24D42EA2E49061C92D10979
:10A430001CEB1DFE3EA729B1F53582E88444BB2EF6
:10A4400026709CE9417E5FB439D69139F439538343
:10A450008B5F849C3B28F9BDFF97F81F0F9805DEA2
:10A460008B112FEF1F6D0A5ACF7E366DB709CB27A0
:10A47000663F464F2DEA5F9EC7BA27757BF1E5EB35
:10A48000F739073DEA92528AB15FFB6B085D8D1F79
:10A49000A6F810111111813FD561C119A0012ABF81
:10A4A0007DFEB157E31DC73EEB9C2B8AE6E55ABE05
:10A4B0007CD5CF5A3AD9E53D2050726F64756374EC
:10A4C0002049442072656164206173203020696EE8
:10A4D0006469636174657320646576696365206986
:10A4E000732065697468657220696E636F6D706151
:10A4F0007469626C65206F7220616E204D50553317
:10A500003035302E0A00000028A500080000002089
:10A51000E8010000D27E0008A0A50008E8010020A4
:10A5200088050000CC850008412D010203040410B9
:10A5300009060708090204060884A24A04691832B9
:10A54000FF290452010342803F234843280FC84299
:10A550009A99993FDA0FC93F9A99193E10E1A96873
:10A56000032C40411808CD4C3F433D0A5754112D50
:10A5700041CDCCCC08016503168813232003300994
:10A580006F12833AA69B443B07293F0AD7A33B019E
:10A59000EB803F0C136C961B086004091F90592434
:04000005080000ED02
:00000001FF
