:020000040800F2
:1000000040070020194400088131000883310008AE
:10001000873100088B3100088F3100080000000094
:100020000000000000000000000000009331000804
:100030009531000800000000973100089931000850
:1000400033440008334400083344000833440008B4
:10005000334400083344000833440008D342000806
:100060003344000833440008334400083344000894
:100070003344000833440008334400083344000884
:100080003344000833440008334400083344000874
:100090003344000833440008334400083344000864
:1000A0003344000835420008334400083344000854
:1000B000334400082D2800083D2800083344000878
:1000C0003344000833440008334400083344000834
:1000D0003344000833440008334400083344000824
:1000E000334400083344000833440008DFF80CD0E0
:1000F00007F0FEFC0048004781260008400700206A
:1001000031490143314A1160704770B50021002325
:100110000F22C47804B32D4C246804F4E064C4F5C1
:10012000E064210AC1F10403CA40447804FA03F1EF
:100130008478144021430901254C0678A1550478A0
:1001400004F01F050124AC4005786D11AD0005F1E8
:10015000E025C5F8004109E0047804F01F050124FA
:10016000AC401C4D0678761145F8264070BD1A4A01
:100170000A400243154B1B1F1A60704739B1134ADE
:10018000121D12680243114B1B1D1A6006E00F4A34
:10019000121D126882430D4B1B1D1A607047042804
:1001A00008D14FF0E021096941F004014FF0E0224D
:1001B000116107E04FF0E021096921F004014FF0DF
:1001C000E0221161704700000000FA050CED00E02C
:1001D00000E400E080E100E080FFFF1F00204449D0
:1001E0000860091D0860091D0860091D0860414874
:1001F0003F4914310860704700213D498279002A47
:100200003AD00A46126803689A430B461A600A1DE0
:10021000126803689A430B1D1A60027911440A6838
:1002200003681A430A60324A0832126803689A4324
:100230002F4B08331A601A1D126803689A432C4B1F
:100240000C331A604279102A0ED11A1F1268036803
:100250001A43274B08331A601A1D126803681A43A1
:10026000234B0C331A600DE02149427911440A688E
:1002700003681A430A6005E0027911440A680368BA
:100280009A430A6070470021016001710C2141719D
:100290000021817170471649103109680143144AE1
:1002A00010321160704701460020114A1432126862
:1002B0000A400AB1012000E0002070470C491431C7
:1002C00008607047014600200022094B1B6803EAC2
:1002D0000102074B14331B680B4013B10AB1012014
:1002E00000E00020704702491431086070470000A8
:1002F00000040140FFFF0F0010B50446CC488442C3
:1003000008D10121042000F02DFB0021042000F081
:1003100029FB46E0C748844208D10121082000F0AB
:1003200021FB0021082000F01DFB3AE0C248844276
:1003300008D10121102000F015FB0021102000F051
:1003400011FB2EE0BD48844208D10121202000F09D
:1003500009FB0021202000F005FB22E0B848844280
:1003600008D10121402000F0FDFA0021402000F0DA
:10037000F9FA16E0B348844208D10121802000F048
:10038000F1FA0021802000F0EDFA0AE0AE48844244
:1003900007D10121801500F0E5FA0021A01500F039
:1003A000E1FA10BD10B50121084600F0DBFA00218A
:1003B000012000F0D7FA10BD2DE9F04102460025DA
:1003C0000026002000230024002791F803C00CF031
:1003D0000F0591F803C00CF0100CBCF1000F03D016
:1003E00091F802C04CEA050591F800C0BCF1000F7D
:1003F00031D0146800202BE04FF0010C0CFA00F310
:10040000B1F800C00CEA03069E4220D183004FF0F1
:100410000F0C0CFA03F7BC4305FA03FC4CEA040486
:1004200091F803C0BCF1280F06D14FF0010C0CFA73
:1004300000FCC2F814C00AE091F803C0BCF1480FF8
:1004400005D14FF0010C0CFA00FCC2F810C0401CA2
:100450000828D1D31460B1F800C0BCF1FF0F34DD1F
:10046000546800202EE000F1080C4FF0010808FA53
:100470000CF3B1F800C00CEA03069E4221D18300C0
:100480004FF00F0C0CFA03F7BC4305FA03FC4CEADF
:10049000040491F803C0BCF1280F05D100F1080C49
:1004A00008FA0CF8C2F8148091F803C0BCF1480FA8
:1004B00007D100F1080C4FF0010808FA0CF8C2F857
:1004C0001080401C0828CED35460BDE8F0814FF660
:1004D000FF710180022181700421C17070470246C2
:1004E000002093680B400BB1012000E00020704712
:1004F0000146886880B2704702460020D3680B40EE
:100500000BB1012000E0002070470146C86880B2AE
:10051000704701617047416170470AB1016100E0B5
:1005200041617047C16070474FF480320A43826175
:100530008161826182698269704702460020434B73
:1005400018684FF68073184040EA021008433F4B8A
:10055000186070473E49C8617047F0B50A460023ED
:1005600000240021002500F00046B6F1004F02D122
:10057000364EF16901E0354E7168C0F3034583B230
:1005800000F44016B6F5401F08D121F070612F4EDF
:10059000766826F070662D4F7E6012E000F48016BB
:1005A000B6F5801F06D1032606FA05F4A14341F0F3
:1005B000706106E0460D360103FA06F6B14341F0DC
:1005C000706122B1460D360103FA06F6314300F0A0
:1005D0000046B6F1004F02D11C4EF16101E01B4E06
:1005E0007160F0BD30B500228B071C0F0F2303FA9A
:1005F00004F2164B08338C1053F824309343134CF9
:1006000008348D1044F8253023468C1053F82430DC
:100610008C07240F00FA04F423430C4C08348D108B
:1006200044F8253030BD0A49DC31086070470000CD
:1006300000080140000C014000100140001401407E
:1006400000180140001C0140002001400000014052
:1006500000002042DF48006840F00100DD490860EA
:1006600008464068DC490840DA49486008460068A6
:10067000DA490840D74908600846006820F480201D
:1006800008600846406820F4FE0048604FF41F00F0
:1006900088607047CF49096821F48031CD4A1160E4
:1006A0001146096821F480211160B0F5803F03D024
:1006B000B0F5802F0ED106E0C649096841F48031BB
:1006C000C44A116007E0C349096841F4A021C14A46
:1006D000116000E000BF00BF704710B50146002266
:1006E000002300204A11012A02D1BA4C236806E0F7
:1006F000022A02D1B74C236A01E0B64C636A01F0CA
:100700001F02012494401C400CB1012000E0002095
:1007100010BD38B5002000900024002500BF312016
:10072000FFF7DBFF05460098401C00900098B0F5ED
:10073000A06F01D0002DF2D03120FFF7CEFF08B11D
:10074000012400E00024204638BD01460020A14AD3
:10075000106820F0F80040EAC10010607047A0491E
:1007600008607047024600209A4B586820F47C10BD
:1007700042EA01031843974B58607047984908664E
:10078000704701460020934A506820F00300084358
:10079000506070478F48406800F00C007047014679
:1007A00000208C4A506820F0F000084350607047E9
:1007B00001460020874A506820F4E06008435060FA
:1007C000704701460020834A506820F4605040EA98
:1007D000C1005060704729B17E4A527A02437D4B76
:1007E0005A7204E07B4A527A82437A4B5A727047BB
:1007F0007B49D8310860704701460020754A50682F
:1008000020F440400843506070470021714A203274
:100810001170704A82F82010012802D004280AD1F1
:1008200004E001216B4A2032117005E00521694A7C
:100830002032117000E000BF00BF704769490860B6
:1008400070476449096A0143624A11627047654909
:1008500044390860704730B500210022002400238D
:100860005C4D6D6805F00C0121B1042905D0082903
:1008700023D105E05C4D056022E05B4D05601FE083
:10088000544D6D6805F47012524D6D6805F4803456
:10089000022505EB92421CB9544D554305600BE00F
:1008A0004C4D6D6805F400351DB1504D5543056044
:1008B00002E04D4D5543056002E04B4D056000BF21
:1008C00000BF444D6D6805F0F0010909484D6B5CAF
:1008D0000568DD4045603F4D6D6805F4E061090A3B
:1008E000434D6B5C4568DD4085603A4D6D6805F4AD
:1008F0006051C90A3E4D6B5C4568DD40C560354DB1
:100900006D6805F44041890B3A4D6B5CC568B5FBD9
:10091000F3F5056130BD29B12E4A526902432D4BD2
:100920005A6104E02B4A526982432A4B5A6170474C
:1009300029B1284A92690243264B9A6104E0254A6C
:1009400092698243234B9A61704729B1214AD26947
:100950000243204BDA6104E01E4AD26982431D4BF8
:10096000DA61704729B11B4AD2680243194BDA6039
:1009700004E0184AD2688243164BDA60704729B106
:10098000144A12690243134B1A6104E0114A1269B6
:100990008243104B1A617047124940390860704712
:1009A0000F49C86470470B49C87170470948406ACD
:1009B00040F0807007494862704701460020054AB0
:1009C00092680A400AB1012000E000207047014906
:1009D00088727047001002400000FFF8FFFFF6FE2B
:1009E000000042428004424200127A0000093D00A9
:1009F000000000201000002010B50446FE4884428C
:100A000008D10121C014FFF7ADFF0021E014FFF76A
:100A1000A9FFC4E0B4F1804F08D101210846FFF7D7
:100A2000AEFF00210120FFF7AAFFB8E0F34884429F
:100A300008D101210220FFF7A2FF00210220FFF7C9
:100A40009EFFACE0EE48844208D101210420FFF76C
:100A500096FF00210420FFF792FFA0E0E9488442BE
:100A600008D101210820FFF78AFF00210820FFF7A5
:100A700086FF94E0E448844208D101211020FFF76A
:100A80007EFF00211020FFF77AFF88E0DF488442D4
:100A900008D101212020FFF772FF00212020FFF75D
:100AA0006EFF7CE0DA48844208D101214014FFF750
:100AB00059FF00216014FFF755FF70E0D5488442CC
:100AC00009D10121C804FFF74DFF00214FF4002098
:100AD000FFF748FF63E0D048844209D101210805AF
:100AE000FFF740FF00214FF48010FFF73BFF56E077
:100AF000CA48844209D101214805FFF733FF00218C
:100B00004FF40010FFF72EFF49E0C548844208D19A
:100B100001214020FFF733FF00214020FFF72FFF86
:100B20003DE0C048844208D101218020FFF727FF23
:100B300000218020FFF723FF31E0BB48844208D129
:100B400001218015FFF71BFF0021A015FFF717FFFC
:100B500025E0B648844209D101210804FFF702FFCD
:100B600000214FF48030FFF7FDFE18E0B0488442CA
:100B700009D101214804FFF7F5FE00214FF40030B0
:100B8000FFF7F0FE0BE0AB48844208D10121880456
:100B9000FFF7E8FE00214FF48020FFF7E3FE10BDD1
:100BA00000220288944B98420ED0994B98420BD069
:100BB000B0F1804F08D0914B984205D0904B9842AD
:100BC00002D0904B984204D14FF68F731A404B8855
:100BD0001A438D4B984207D08C4B984204D04FF665
:100BE000FF431A40CB881A4302808B8883850B8889
:100BF0000385814B98420BD0854B984208D08B4B94
:100C0000984205D08A4B984202D08A4B984201D133
:100C10000B7A038601238382704770B5002400227B
:100C20000023058C4FF6FE7635400584028C8388C0
:100C3000048B4FF68F752C40B51E2C400D882C432D
:100C4000751E2A400D892A434D882A436A4DA842C1
:100C50000BD06F4DA84208D0744DA84205D0744DFA
:100C6000A84202D0734DA84213D14FF6F7752A401F
:100C70004D892A434FF6FB752A408D882A434FF64B
:100C8000FF652B404FF6FF552B408D892B43CD89B7
:100C90002B4383800483CD888586028470BD70B524
:100CA000002400220023058C4FF6EF7635400584A2
:100CB000028C8388048B48F6FF752C404FF6FF4565
:100CC0002C400D884FF6FF7606EA05252C434FF69B
:100CD000DF752A400D8906EA05152A434D8806EA84
:100CE00005152A43444DA84202D0494DA8421DD1C2
:100CF0004FF67F752A404D894FF6FF7606EA0515B7
:100D00002A434FF6BF752A408D8806EA05152A4307
:100D10004FF6FF352B404FF2FF752B408D8906EAC9
:100D200085052B43CD8906EA85052B438380048303
:100D3000CD880587028470BD70B500240022002391
:100D4000058C4FF6FF6635400584028C8388848BC2
:100D50004FF68F752C404FF6FC752C400D882C43B8
:100D60004FF6FF552A400D894FF6FF7606EA052516
:100D70002A434D8806EA05252A431F4DA84202D082
:100D8000234DA8421DD14FF2FF752A404D894FF6E1
:100D9000FF7606EA05252A434FF6FF352A408D885F
:100DA00006EA05252A434EF6FF752B404DF6FF75E2
:100DB0002B408D8906EA05152B43CD8906EA0515DA
:100DC0002B4383808483CD888587028470BD70B572
:100DD000002200230024058C4EF6FF763540058462
:100DE000038C8488828B48F6FF752A404FF6FF45B6
:100DF0002A400D8820E00000002C01400004004043
:100E000000080040000C00400010004000140040AA
:100E100000340140004C01400050014000540140AA
:100E200000180040001C004000200040004001402D
:100E300000440140004801404FF6FF7606EA0525D0
:100E40002A434DF6FF752B400D8906EA05352B43E5
:100E50004D8806EA05352B43FA4DA84202D0FA4DDB
:100E6000A84208D14BF6FF752C408D894FF6FF76CE
:100E700006EA85152C4384808283CD88A0F84050F3
:100E8000038470BD828B4FF2FF331A408283828BC2
:100E90004FF6FF7303EA01231A4382837047F0B5CC
:100EA0000C461546002200210026078C4EF6FF7CDA
:100EB00007EA0C070784828B018C4FF6FF7707EA5D
:100EC000043640F6FF473A404FF6FF7707EA05271A
:100ED0003A434FF6FF7707EA03373A43D94FB84210
:100EE0000ED0D94FB8420BD0B0F1804F08D0D74FB9
:100EF000B84205D0D64FB84202D0D64FB84206D13C
:100F00004DF6FF77394046F48057394305E047F600
:100F1000FF57394044F48057394382830184F0BD40
:100F2000828B4FF6F3731A408283828B0A4382834B
:100F30007047F0B50C461546002200210026078CAC
:100F40004FF6FF6C07EA0C070784828B018C4FF683
:100F5000FF7707EA04264FF60C773A404FF6FF7703
:100F600007EA03172F433A43B64FB8420ED0B64FA5
:100F7000B8420BD0B0F1804F08D0B44FB84205D082
:100F8000B34FB84202D0B34FB84206D14FF6FF5725
:100F9000394046F48077394305E04FF2FF57394036
:100FA00044F48077394382830184F0BD028B4FF291
:100FB000FF331A400283028B4FF6FF7303EA0123CB
:100FC0001A4302837047F0B50C46154600220021F3
:100FD0000026078C4FF6EF7C07EA0C070784028B8C
:100FE000018C4FF6FF7707EA041640F6FF473A40B8
:100FF0004FF6FF7707EA03373A434FF6FF7707EAE2
:1010000005273A438F4FB8420ED08F4FB8420BD0CE
:10101000B0F1804F08D08D4FB84205D08C4FB84208
:1010200002D08C4FB84206D14FF6DF77394046F0F8
:101030001007394305E04FF65F77394044F0100759
:10104000394302830184F0BD028B4FF6F3731A40DB
:101050000283028B0A4302837047F0B50C461546A3
:1010600000220021068C4FF6FE773E400684028B5C
:10107000018C4FF60C7632407E1C06EA03162E4396
:101080003243704EB0420ED06F4EB0420BD0B0F132
:10109000804F08D06D4EB04205D06D4EB04202D0A8
:1010A0006C4EB04206D14FF6FD76314044F0010659
:1010B000314305E04FF6F576314044F00106314307
:1010C00002830184F0BD70B505460C465D4885423B
:1010D0000ED05D4885420BD0B5F1804F08D05B48FB
:1010E000854205D05A48854202D05A48854200D1EF
:1010F00000E000BF208850B92389A2886188284673
:10110000FFF7ABFFE1882846FFF79EFF25E0208828
:1011100004280AD12389A28861882846FFF753FF53
:10112000E1882846FFF742FF17E0208808280AD107
:101130002389A28861882846FFF7FBFEE1882846BC
:10114000FFF7EEFE09E02389A28861882846FFF7B1
:10115000A6FEE1882846FFF795FE70BD2DE9F04117
:1011600005460C4600260127608808B9022600E0E3
:101170000026A088012801D1022700E0012720884D
:10118000A0B92389A28861882846FFF766FFE18815
:101190002846FFF759FF23893A4631462846FFF78C
:1011A00012FFE1882846FFF701FF13E02389A28898
:1011B00061882846FFF707FFE1882846FFF7F6FE1B
:1011C00023893A4631462846FFF747FFE1882846FB
:1011D000FFF73AFFBDE8F0810A884B881A438B88F5
:1011E0001A43CB881A430B891A434B891A438B89BC
:1011F0001A43A0F8442070474FF6FF718180002108
:101200000180C180418001727047002101804180CE
:101210008180C180018141818181C181704700212C
:1012200001804180012181800021C18001817047BE
:101230000021018041808180C180018141818181C3
:1012400070470000002C01400034014000040040C1
:1012500000080040000C004021B1028842F0010269
:10126000028004E002884FF6FE731A400280704745
:1012700031B1B0F8442042F40042A0F8442005E027
:10128000B0F84420C2F30E02A0F8442070471AB10F
:1012900083890B43838102E083898B438381704779
:1012A0008182704741EA0203A0F8483070471AB1C2
:1012B00083890B43838102E083898B438381704759
:1012C00001894FF6F8721140018170470A460021EA
:1012D00001894FF68F73194011430181704730B572
:1012E00004460D4629462046FFF7F0FF208940F0CE
:1012F0000700208130BD2DE9F04104460D46164619
:101300001F46602D06D13B46012231462046FFF79D
:101310005AFE05E03B46012231462046FFF79DFE7E
:1013200029462046FFF7D2FF208940F007002081A0
:10133000BDE8F08130B50C4600210189C9B24FF6F5
:10134000FF7505EA0325154325432943018130BD77
:101350002DE9F04105460E461746984600244346BF
:101360003A4631462846FFF7E5FF2C894FF6F870DC
:10137000044044F007044FF68F70044044F07004BA
:101380002C81BDE8F081F0B504460D4616461F4697
:101390003B46324629462046FFF7CCFF208940F4E1
:1013A00080402081F0BD0185828270470A4600217D
:1013B00001884FF68F731940114301807047F0B5D3
:1013C0000C4615461E460021002200230189028B8F
:1013D000038C4FF6F877394021434FF6FC473A40EB
:1013E00040F201173A434FF6DD773B404FF6FF7767
:1013F00007EA06172F433B43018102830384F0BDB4
:101400000A460021018B4FF68F7319401143018367
:1014100070470A460021018B48F6FF7319404FF6CA
:10142000FF7303EA02231943018370470A46002130
:10143000818B4FF68F7319401143818370470A46A1
:101440000021818B48F6FF7319404FF6FF7303EAC2
:10145000022319438183704721B1028842F0800240
:10146000028004E002884FF67F731A4002807047C2
:1014700021B1828842F00402828004E082884FF623
:10148000FB731A408280704721B1828842F00802C3
:10149000828004E082884FF6F7731A40828070479A
:1014A00021B1828842F00102828004E082884FF6F6
:1014B000FE731A40828070470A460021018B4FF666
:1014C000F77319401143018370470A460021018BCD
:1014D0004FF2FF7319404FF6FF7303EA02231943DB
:1014E000018370470A460021818B4FF6F77319403C
:1014F0001143818370470A460021818B4FF2FF73AD
:1015000019404FF6FF7303EA0223194381837047A2
:101510000A460021018B4FF6FB73194011430183EA
:1015200070470A460021018B4FF6FF3319404FF6F2
:10153000FF7303EA02231943018370470A4600211F
:10154000818B4FF6FB7319401143818370470A4624
:101550000021818B4FF6FF3319404FF6FF7303EAEA
:1015600002231943818370470A460021018B4FF6FD
:101570007F7319401143018370470A460021018B94
:10158000C1F30E014FF6FF7303EA022319430183EF
:1015900070470A460021818B4FF67F731940114333
:1015A000818370470A460021818BC1F30E014FF6FB
:1015B000FF7303EA02231943818370470A4600211F
:1015C000018C4FF6FD7319401143018470470A46A0
:1015D0000021018C4FF6F7731940114301847047C5
:1015E0000A460021018C4FF6DF7319404FF6FF7356
:1015F00003EA02131943018470470A460021018C53
:101600004FF67F7319404FF6FF7303EA0213194335
:10161000018470470A460021018C4FF6FF531940A0
:101620004FF6FF7303EA02231943018470470A4609
:101630000021018C4FF2FF7319404FF6FF7303EA4C
:1016400002231943018470470A460021018C4DF69C
:10165000FF7319404FF6FF7303EA02331943018405
:10166000704730B5002301248C40A3B2048C9C4306
:101670000484048C02FA01F5ADB22C43048430BD1D
:1016800030B5002304248C40A3B2048C9C43048412
:10169000048C02FA01F5ADB22C43048430BD70B560
:1016A0000346002000241846183001258D40ACB2B6
:1016B0001D8CA5431D8409B1082909D100EB6100E7
:1016C000056825F0700505600568154305600EE0A6
:1016D0000D1FC5F34E052844056825F4E045056057
:1016E00005684FF6FF7606EA02263543056070BDB1
:1016F00021B1028842F00202028004E002884FF623
:10170000FD731A400280704721B1028842F0040242
:10171000028004E002884FF6FB731A400280704793
:1017200021B1828842F08002828004E082884FF6F4
:101730007F731A408280704702884FF6F7731A4011
:10174000028002880A430280704782884FF68F73B6
:101750001A40828082880A438280704702894FF64D
:10176000F8731A40028102890A4302817047028994
:101770004FF67F731A40028102890A430281704743
:1017800081847047818570478186704701877047E3
:1017900081877047A0F84010704702884FF6FF43DA
:1017A0001A40028002880A43028070470146888EF0
:1017B00070470146088F70470146888F7047014681
:1017C000B1F8400070470146888C70470146088D8B
:1017D000704702460020138A0B400BB1012000E045
:1017E00000207047CA430282704730B5024600208D
:1017F00000230024158A05EA0103958905EA0104FE
:1018000013B10CB1012000E0002030BDCA430282B8
:101810007047000010B50446FB48844209D10121FD
:101820008803FFF79FF800214FF48040FFF79AF8F4
:1018300032E0F648844209D101214804FFF79FF8BD
:1018400000214FF40030FFF79AF825E0F048844279
:1018500009D101218804FFF792F800214FF480207C
:10186000FFF78DF818E0EB48844209D10121C80444
:10187000FFF785F800214FF40020FFF780F80BE018
:10188000E548844208D101210805FFF778F80021D6
:101890004FF48010FFF773F810BD2DE9F04786B0C4
:1018A00005460E460024A24600BFA1460027B08987
:1018B00000B100BF2F462C8A4CF6FF700440F08820
:1018C00004432C82AC894EF6F3100440B088318971
:1018D0000843718908430443AC81AC8A4FF6FF404A
:1018E0000440B0890443AC8201A8FEF7B4FFC648A7
:1018F000874202D1DDF810A001E0DDF80CA0A88934
:1019000000F4004040B10AEBCA0000EB0A10316855
:101910004900B0FBF1F807E00AEBCA0000EB0A103F
:1019200031688900B0FBF1F86420B8FBF0F00401E5
:101930002009642101FB1089A88900F4004040B10E
:10194000322000EBC900B0FBF1F000F007000443C7
:1019500008E0322000EB09106421B0FBF1F000F048
:101960000F0004432C8106B0BDE8F0874FF41651F8
:10197000016000218180C18001810C214181002111
:101980008181704710B502460020108A4FF2FF0394
:1019900018400B884C8823438C882343CC882343EE
:1019A0001843108210BD0021018041808180C180D8
:1019B000704721B1828942F40052828104E0828919
:1019C0004DF6FF731A4082817047F0B5034600243C
:1019D00000260025002040F66A17B94200D100BF5A
:1019E0001846C1F3421401F01F06012707FA06F555
:1019F000012C01D10C3004E0022C01D1103000E0A8
:101A000014301AB107682F43076002E00768AF433C
:101A10000760F0BD1AB1838A0B43838202E0838A98
:101A20008B4383827047028A4FF6F0731A4002821A
:101A3000028A0A430282704782894FF2FF731A407A
:101A4000828182890A438281704721B1828942F072
:101A50000202828104E082894FF6FD731A4082817E
:101A60007047028A4FF6DF731A400282028A0A43E5
:101A70000282704721B1028A42F48042028204E06D
:101A8000028A4BF6FF731A4002827047C1F30802C4
:101A90008280704701468888C0F3080070478189BA
:101AA00041F0010181817047028BD2B20283028B27
:101AB00042EA012202837047028B02F47F420283D2
:101AC000028B0A430283704721B1828A42F02002CE
:101AD000828204E0828A4FF6DF731A408282704766
:101AE00021B1828A42F01002828204E0828A4FF69B
:101AF000EF731A408282704721B1828A42F0080255
:101B0000828204E0828A4FF6F7731A40828270471D
:101B100021B1828942F40042828103E08289C2F3CA
:101B20000E028281704721B1828A42F40062828271
:101B300004E0828A4FF2FF731A4082827047828AE1
:101B40004FF6FB731A408282828A0A438282704770
:101B500021B1828A42F00202828204E0828A4FF638
:101B6000FD731A408282704702460020B1F5007F63
:101B700000D100BF13880B400BB1012000E0002012
:101B8000704701F40072B2F5007F00D100BFCA4374
:101B90000280704770B50246002400230025002013
:101BA00040F66A16B14200D100BFC1F3421501F000
:101BB0001F03012606FA03F3012D02D19689334053
:101BC00006E0022D02D1168A334001E0968A3340A6
:101BD0000C12012606FA04F41688344013B10CB135
:101BE000012000E0002070BD10B50022002340F667
:101BF0006A14A14200D100BF0A1201249440A3B28A
:101C0000DC43048010BD0000003801400044004067
:101C100000480040004C00400050004010B5044611
:101C2000FA48844208D101214015FEF79BFE0021AD
:101C30006015FEF797FE17E0F548844208D10121B0
:101C40000015FEF78FFE00212015FEF78BFE0BE03E
:101C5000F048844208D10121C803FEF783FE002129
:101C60004FF40040FEF77EFE10BD30B50246002066
:101C700000235068E84C20400D790C6844EA0524A4
:101C8000204350609068E54C2040D1E902542C4339
:101C90004D7944EA450420439060D06A20F47000F6
:101CA0000C7C641EE4B2234340EA0350D06230BD92
:101CB00000210160017141718160C16001210174E5
:101CC000704721B1826842F00102826003E08268BD
:101CD00022F001028260704721B1826842F4807272
:101CE000826003E0826822F480728260704710B5DF
:101CF0000023CBB21AB144681C43446002E044683C
:101D00009C43446010BD816841F0080181607047C8
:101D1000014600208A6802F008020AB1012000E0B2
:101D200000207047816841F00401816070470146DE
:101D300000208A6802F004020AB1012000E00020BD
:101D4000704721B1826842F4A002826003E0826899
:101D500022F4A00282607047014600208A6802F4E3
:101D600080020AB1012000E00020704710B50A4649
:101D700000210023416821F46041531E41EA4331B0
:101D8000416010BD21B1426842F40062426003E04C
:101D9000426822F4006242607047F0B504460D4686
:101DA00000200021092D11DDE068A5F10A0606EBEF
:101DB0004607072606FA07F18843A5F10A0606EB4F
:101DC000460603FA06F10843E0600CE0206905EBE3
:101DD0004507072606FA07F1884305EB450603FA8F
:101DE00006F108432061072A0FDA606B561E06EBE6
:101DF00086071F2606FA07F18843561E06EB86065D
:101E000005FA06F10843606322E00D2A0FDA206B21
:101E1000D61F06EB86071F2606FA07F18843D61F52
:101E200006EB860605FA06F10843206310E0E06A37
:101E3000A2F10D0606EB86071F2606FA07F1884376
:101E4000A2F10D0606EB860605FA06F10843E062EC
:101E5000F0BD21B1826842F48012826003E08268A2
:101E600022F48012826070470146C86C80B27047CD
:101E700066484C300068704721B1426842F4806285
:101E8000426003E0426822F480624260704721B100
:101E9000426842F48052426003E0426822F4805279
:101EA000426070470A460021816821F4E0411143F5
:101EB0008160704721B1826842F40042826003E091
:101EC000826822F400428260704721B1826842F445
:101ED0000212826003E0826822F40212826070477C
:101EE000014600208A6802F400120AB1012000E0D5
:101EF00000207047F0B50446154600200022002659
:101F0000092911DDE068A1F10A0707EB470C072753
:101F100007FA0CF29043A1F10A0707EB470703FA0F
:101F200007F21043E0600CE0206901EB410C072749
:101F300007FA0CF2904301EB410703FA07F2104352
:101F40002061A06BC0F30156EF1C06F1010CA7EB5A
:101F50000C0707EB870C1F2707FA0CF29043EF1CC6
:101F600006F1010CA7EB0C0707EB870701FA07F254
:101F70001043A063F0BD10B50A4600210023816B19
:101F800021F44011531E41EA0351816310BD08B58D
:101F9000002300930090009B0B440093009B1A6069
:101FA00008BD08B5024600200090009201F128000B
:101FB000009B184400900098006880B208BD0A4653
:101FC00000214168164B194011434160704741623E
:101FD000826270470A460021416821F01F011143C7
:101FE0004160704740B109490831096841F4000176
:101FF000064A0832116007E004490831096821F4F3
:102000000001024A083211607047000000240140BC
:1020100000280140003C0140FFFEF0FFFDF7F1FF0A
:10202000FFFD3FFF0246002013680B400BB101206B
:1020300000E000207047CA430260704770B5024656
:102040000020002300240B125568CEB205EA0604D6
:1020500015681D4015B10CB1012000E0002070BDD5
:1020600000220A12D3430360704700000CB5002021
:10207000019000906C48006840F480306A49086024
:1020800000BF6948006800F4003000900198401CCF
:102090000190009818B90198B0F5A06FF1D162488D
:1020A000006800F4003010B10120009001E0002031
:1020B00000900098012843D15C48006840F010006F
:1020C0005A4908600846006820F003000860084686
:1020D000006840F002000860534840685249486078
:1020E0000846406848600846406840F480604860A0
:1020F0000846406820F47C1048600846406840F478
:10210000E81048600846006840F08070086000BF32
:102110004548006800F000700028F9D04248406847
:1021200020F00300404948600846406840F0020043
:10213000486000BF3C48406800F00C000828F9D116
:102140000CBD10B5FFF792FF10BD10B53648006802
:1021500040F00100344908600846406834490840AE
:102160003149486008460068324908402E490860F5
:102170000846006820F4802008600846406820F483
:10218000FE0048604FF41F008860FFF7DAFF4FF051
:1021900000602949086010BD10B500210020002210
:1021A000214B5B6803F00C0121B1042906D00829FA
:1021B00028D107E0214B224C236027E01F4B204C05
:1021C000236023E0184B5B6803F47010164B5B68C8
:1021D00003F48032022303EB904022B9194B4343AE
:1021E000174C23600DE0104B5B6803F4003323B100
:1021F000144B4343124C236003E0104B4343104CF9
:10220000236003E00D4B0E4C236000BF00BF064B64
:102210005B68C3F303130C4CE15C094B1B68CB40B8
:10222000074C236010BD0000001002400020024057
:102230000000FFF8FFFFF6FE08ED00E000127A0054
:102240001400002000093D0018000020014605E0B0
:10225000002001E0421CD0B20A28FBDB0A1EA1F1DB
:102260000101F5D1704710B5044603E04FF47A70D0
:10227000FFF7ECFF201EA4F10104F7D110BD704759
:1022800008B50720009002E00098401E00900098DA
:102290000028F9D108BD10B54FF40070E649086078
:1022A00040100860FFF7ECFFE3480838006808B901
:1022B000012000E0002000F4007008B1002010BDF3
:1022C0004FF40070DC49091D0860FFF7D9FFDA48B8
:1022D0000838006800F4007008B10020EFE74FF400
:1022E0000070D549091D0860FFF7CAFF0120E6E725
:1022F00010B54FF48070D049091D0860FFF7C0FF8A
:102300004FF40070CC49091D0860FFF7B9FF4FF486
:102310008070C9490860FFF7B3FF4FF40070C649E9
:102320000860FFF7ADFF10BD10B54FF48070C249D3
:10233000091D0860FFF7A4FF4FF40070BE49091D96
:102340000860FFF79DFF4FF48070BB490860FFF7FE
:1023500097FF4FF48070B849091D0860FFF790FFA0
:1023600010BD10B54FF48070B349091D0860FFF728
:1023700087FF4FF40070B0490860FFF781FF4FF40A
:102380008070AD490860FFF77BFF4FF48070AA4969
:10239000091D0860FFF774FF10BD10B54FF4807081
:1023A000A549091D0860FFF76BFF4FF40070A249B3
:1023B0000860FFF765FF4FF480709F490860FFF7E2
:1023C0005FFF9D480838006800F4007030B14FF49A
:1023D00080709949091D0860002010BD4FF480707D
:1023E0009549091D08600120F7E770B504460825E6
:1023F0001DE04FF480709049091D0860FFF740FF11
:1024000004F0800020B14FF400708B49086004E0B4
:102410004FF400708849091D08606006040EFFF73C
:102420002FFF4FF4807084490860FFF729FF281EB2
:10243000A5F10101CDB2DCD14FF480707E49091DB8
:10244000086070BD70B508250024A8017A490860AD
:1024500016E06006040E4FF480707749091D08608D
:10246000FFF70EFF4FF4807073490860FFF708FF15
:1024700071480838006800F4007008B144F00104A5
:10248000281EA5F10101CDB2E3D14FF480706A4955
:10249000091D0860204670BD08B501210820FEF71F
:1024A00047FA4FF44070ADF8000002208DF80200AA
:1024B00014208DF8030069465F481038FDF77CFF53
:1024C00008BD2DE9F04105460E4617469846FFF730
:1024D000E2FE10B90020BDE8F081002141EA45018B
:1024E000C8B2FFF782FFFFF758FF18B9FFF700FFE8
:1024F0000020F0E73046FFF778FFFFF74EFF00249B
:102500000BE018F80400FFF770FFFFF746FF18B95B
:10251000FFF7EEFE0020DEE7641CBC42F1DBFFF7B4
:10252000E7FE0120D7E72DE9F04104460D461646A7
:102530001F463B46324629462046FFF7C2FF10B1F0
:102540000020BDE8F0814FF0FF30FAE72DE9F041BF
:1025500005460F4614461E46FFF79DFE10B90020A3
:10256000BDE8F081002141EA4501C8B2FFF73DFF17
:10257000FFF713FF18B9FFF7BBFE0020F0E738465E
:10258000FFF733FFFFF709FFFFF785FE012101EB9E
:102590004501C8B2FFF729FFFFF7FFFE0CE0FFF788
:1025A00051FF3070012C02D1FFF7DBFE01E0FFF795
:1025B000BBFE761C601EC4B2002CF0D1FFF798FE63
:1025C0000120CDE72DE9F04104460D4616461F4691
:1025D0003B46324629462046FFF7B8FF10B100209F
:1025E000BDE8F0814FF0FF30FAE770B504460D46C4
:1025F0001646FFF750FE08B9002070BD002141EAE1
:102600004401C8B2FFF7F1FEFFF7C7FE18B9FFF7A4
:102610006FFE0020F1E72846FFF7E7FEFFF7BDFE5B
:102620003046FFF7E2FEFFF7B8FEFFF761FE01203C
:10263000E3E7002070470000100C014008B50121BD
:102640001120FEF775F901210B48FDF786FF4FF4C5
:10265000C040ADF8000003208DF8020010208DF876
:10266000030069460548FDF7A7FE4FF4C041034843
:10267000FDF74FFF08BD00000002300000100140D0
:10268000FFF763FD41F61F4141F2883001F0A4FDE0
:1026900001F0DEFD01F00EFC00F0C2F800F024F8BD
:1026A000FFF7CCFF01F05AFE00F0D0F800F037F948
:1026B000FFF7F2FE0A2000F00FFE00F043FA00F0F0
:1026C000B3FD00F019FE4FF0E020006940F001007A
:1026D0004FF0E021086105E000F0A4FA01F0A5FB4D
:1026E00001F089FBF8E7000008B501210820FEF79A
:1026F0001FF94FF47040ADF8000010208DF8030072
:1027000003208DF802006946FE48FDF755FE4FF4A0
:102710007041FC48FDF7FDFE08BD08B501210846E3
:10272000FEF713F901210420FEF702F90C20ADF8A1
:10273000000018208DF8030003208DF80200694680
:10274000F148FDF739FE08BD30B587B000250024FB
:1027500040F2E730ADF814000020ADF81000ADF8FD
:102760001600ADF8120004A94FF08040FEF718FAE9
:102770006020ADF800000120ADF80200ADF8065071
:102780000020ADF8080069464FF08040FEF7D4FA0B
:102790000821C806FEF7A6FE0120ADF80200ADF83C
:1027A00006400020ADF8080069464FF08040FEF773
:1027B0000EFB0821C806FEF79EFE01218807FEF7E2
:1027C0004BFE01218807FEF747FD07B030BD2DE91C
:1027D000FF4104460D4627462E466020ADF8000016
:1027E0000120ADF80200ADF806700020ADF8080039
:1027F00069464FF08040FEF79FFA0821C806FEF7B1
:1028000071FE0120ADF80200ADF806606946800750
:10281000FEF7DDFA0821C806FEF76DFEBDE8FF8170
:1028200010B5FFF77AFFFFF78FFF10BDB749088893
:10283000098821F00101B54A11807047B449088820
:10284000098821F00101B24A1180704700B589B0B2
:1028500001210220FEF779F801210420FEF768F833
:1028600001A8FDF734FEC020ADF8040004208DF867
:10287000070003208DF8060001A9A348FDF79CFD81
:102880004FF4A060FDF73CFC1D208DF808000120EE
:102890008DF8090003208DF80A0001208DF80B0047
:1028A00002A8FDF732FC99481038FEF7A5F806A8F3
:1028B000FEF7A2FC0020ADF818004FF6FF70ADF84F
:1028C0001C000020ADF81E00ADF81A0006A98F48C4
:1028D0001038FEF765F90A231A4603218B48103891
:1028E000FEF76DFD03A8FEF79AFC0620ADF8140074
:1028F00003A986481038FEF7E6FB0121834810380B
:10290000FEF770FF0122114680481038FEF7BFFC29
:1029100001217E481038FEF79FFC09B000BD00B5CC
:1029200089B001210420FEF710F801210820FDF7ED
:10293000FFFF01A8FDF7CBFDC020ADF80400042087
:102940008DF8070003208DF8060001A96D48FDF7FA
:1029500033FD4FF4A060FDF7D3FB1E208DF8080077
:1029600001208DF8090003208DF80A0001208DF860
:102970000B0002A8FDF7C9FB65481038FEF73CF8CC
:1029800006A8FEF739FC0020ADF818004FF6FF70DE
:10299000ADF81C000020ADF81E00ADF81A0006A925
:1029A0005B481038FEF7FCF80A231A460321584802
:1029B0001038FEF704FD03A8FEF731FC0620ADF841
:1029C000140003A952481038FEF77DFB012150483E
:1029D0001038FEF707FF012211464D481038FEF768
:1029E00056FC01214A481038FEF736FC09B000BDFC
:1029F00000B585B001210420FDF79AFF01210220D6
:102A0000FDF7A3FF8020ADF8100004208DF813001F
:102A100003208DF8120004A93B48FDF7CDFC4FF4CC
:102A2000A060FDF76DFB1D208DF8000001208DF8E2
:102A3000010003208DF8020001208DF80300684694
:102A4000FDF763FB31481038FDF7D6FF4FF6FF70F6
:102A5000ADF808000020ADF80400ADF80A00ADF8AC
:102A6000060001A929481038FEF79AF800231A46F3
:102A7000602126481038FEF73EFC0021234810381C
:102A8000FEF77EFE012121481038FEF7E5FB05B078
:102A900000BD00B585B001210820FDF749FF0121E7
:102AA0000420FDF752FF8020ADF8100004208DF8BF
:102AB000130003208DF8120004A91248FDF77CFCD6
:102AC0004FF4A060FDF71CFB1E208DF800000120D4
:102AD0008DF8010003208DF8020001208DF803001D
:102AE0006846FDF712FB0A481038FDF785FF4FF6E0
:102AF000FF70ADF808000020ADF80400ADF80A0042
:102B000008E00000000C01400008014010040040F3
:102B100010080040ADF8060001A90948FEF740F88A
:102B200000231A4660210648FEF7E5FB0021044811
:102B3000FEF726FE01210248FEF78EFB05B000BD20
:102B40000008004070B5002402F0D3F80446002CC1
:102B500060D17CA001F02BFB782001F02CFD18B98E
:102B600081A001F024FB02E087A001F020FB782087
:102B700001F00EFF18B98FA001F019FB02E096A03A
:102B800001F015FB642001F0E4FF18B99EA001F0EC
:102B90000EFB02E0A6A001F00AFB03F09BFB18B9B4
:102BA000ACA001F004FB02E0B7A001F000FBC548B7
:102BB00004F06CFA054603F097FB18B9C2A001F0C7
:102BC000F6FA02E0CAA001F0F2FA40F2731003F044
:102BD000CCFF18B9D2A001F0EAFA02E0D9A001F0C6
:102BE000E6FA642003F03AFD18B9E2A001F0DFFA3A
:102BF00002E0E9A001F0DBFA04F05CFA012003F046
:102C0000AFF818B9EFA001F0D2FA0AE0F6A001F08F
:102C1000CEFA06E04FF40051FE48FDF77CFC00BF01
:102C2000FEE770BD2DE9F04F89B0FB48FB49FC4B36
:102C3000FC4ACDE90010FC49FC4804F0F5F8F748DF
:102C4000008800F4807000287AD0F649086804F003
:102C500063FD04464FF09D4104F098FBF449086081
:102C6000F049486804F058FD04464FF09D4104F0D7
:102C70008DFBF0490860EB49886804F04DFD04467F
:102C80004FF09D4104F082FBEB490860E549C868BC
:102C900004F042FD04464FF09D4104F077FBE74904
:102CA0000860E34801684FF0804004F03DFB069067
:102CB000E1480168069804F037FB8246DD48016868
:102CC0004FF0404004F030FB0690DC480168069865
:102CD00004F02AFB8346514604F0CEFA079004F034
:102CE00067FD064605F0A6FC80464FF06632D44BE1
:102CF00004F031FC044604F087FDD2490860CE4858
:102D000001684FF0804004F00FFB0390CA4801684F
:102D1000039804F009FB8246C64801684FF0404022
:102D200004F002FB0390C3480168039804F0FCFA26
:102D30008346514604F0F2FA81464FF07E5183E11A
:102D40000CE200006D707520696E697469616C69D0
:102D50007A6174696F6E20636F6D706C6574652E37
:102D60002E2E2E2E2E0A20006D70755F7365745FF7
:102D700073656E736F7220636F6D706C6574652020
:102D80002E2E2E2E2E2E0A006D70755F7365745FC9
:102D900073656E736F7220636F6D65206163726F10
:102DA0007373206572726F72202E2E2E2E2E2E0AB5
:102DB000000000006D70755F636F6E666967757205
:102DC000655F6669666F20636F6D706C6574652002
:102DD0002E2E2E2E2E2E0A006D70755F636F6E667E
:102DE00069677572655F6669666F20636F6D6520E0
:102DF0006163726F7373206572726F72202E2E2E54
:102E00002E2E2E0A000000006D70755F7365745FD2
:102E100073616D706C655F7261746520636F6D7056
:102E20006C657465202E2E2E2E2E2E0A00000000BA
:102E30006D70755F7365745F73616D706C655F72E3
:102E4000617465206572726F72202E2E2E2E2E2ECA
:102E50000A000000646D705F6C6F61645F6D6F7479
:102E6000696F6E5F6472697665725F6669726D77AD
:102E700061726520636F6D706C657465202E2E2EF7
:102E80002E2E2E0A00000000646D705F6C6F61646E
:102E90005F6D6F74696F6E5F6472697665725F668D
:102EA00069726D7761726520636F6D652061637211
:102EB0006F7373206572726F72202E2E2E2E2E2E3F
:102EC0000A00000028000020646D705F7365745F65
:102ED0006F7269656E746174696F6E20636F6D7077
:102EE0006C657465202E2E2E2E2E2E0A00000000FA
:102EF000646D705F7365745F6F7269656E74617421
:102F0000696F6E20636F6D65206163726F737320EC
:102F10006572726F72202E2E2E2E2E2E0A00000049
:102F2000646D705F656E61626C655F666561747526
:102F3000726520636F6D706C657465202E2E2E2E69
:102F40002E2E0A00646D705F656E61626C655F664F
:102F500065617475726520636F6D65206163726F62
:102F60007373206572726F72202E2E2E2E2E2E0AF3
:102F700000000000646D705F7365745F6669666F62
:102F80005F7261746520636F6D706C657465202E6F
:102F90002E2E2E2E2E0A0000646D705F7365745FF6
:102FA0006669666F5F7261746520636F6D6520612D
:102FB00063726F7373206572726F72202E2E2E2EC5
:102FC0002E2E0A006D70755F7365745F646D705F9F
:102FD000737461746520636F6D706C657465202E09
:102FE0002E2E2E2E2E0A00006D70755F7365745F95
:102FF000646D705F737461746520636F6D652061CB
:1030000063726F7373206572726F72202E2E2E2E74
:103010002E2E0A00001001406200002060000020F7
:1030200050000020B80100205A0000205400002069
:1030300034000020380000203C0000204000002028
:1030400066A64C404400002004F016F9044604F043
:10305000AFFBCDE90401434801684FF0804004F024
:1030600063F9834640480168584604F05DF981469B
:103070003E4801684FF0804004F056F983463C48D2
:103080000168584604F050F98246494604F0F4F8C5
:10309000044604F08DFB0746DDE9042305F012FD2C
:1030A0004FF06632334BCDE9060104F054FA054681
:1030B00004F0AAFB304908602D480168006804F05C
:1030C00033F9039029480168006804F02DF9029053
:1030D00025480168006804F027F983462148016803
:1030E000006804F021F95946019004F0C5F88246C1
:1030F000029904F013F98146039904F00FF904468C
:1031000004F056FBCDE90401194801681548006830
:1031100004F00AF98246154801681348006804F073
:1031200003F98346514604F0A7F881464FF08041E9
:1031300004F0FAF8044604F03BFB0746DDE90423FB
:1031400005F0C0FC4FF066320A4BCDE9060104F0F1
:1031500002FA054604F058FB0849086009B0BDE8CA
:10316000F08F000034000020380000203C000020D8
:103170004000002066A64C40480000204C00002083
:10318000704700BFFEE700BFFEE700BFFEE700BFDD
:10319000FEE770477047704710B51D480078401C27
:1031A0001B4908701B480078401C1A4908701A48CF
:1031B0000078401C1849087000F0F4FA17480078AD
:1031C000401C1649087016480078401C14490870C5
:1031D00014480078401C134908700E4800780228F3
:1031E00006DB01F0A6F800F0EFFB002009490870AB
:1031F00009480078082806DB00F001FB002006499A
:1032000008700649087000F0FFF800F01BFA10BDC6
:103210007000002075000020710000207200002066
:10322000730000207400002030B527480068C822D1
:10323000B0FBF2F1B1F1807F01D301201DE021F05C
:103240007F40401E4FF0E022506150170F220028AF
:1032500007DA13071D0E1D4B00F00F04241F1D5528
:1032600003E013071C0E1A4B1C5400BF00204FF044
:10327000E022906107201061002008B100BFFEE746
:103280004FF0E020006920F001004FF0E0210861DC
:1032900030BD01B50F49009808604FF0E02000698B
:1032A00040F001004FF0E021086100BF09480068CC
:1032B0000028FBD108BD0748006820B10548006818
:1032C000401E0449086070471400002018ED00E01B
:1032D00000E400E064000020002107E042F6E06125
:1032E00000BF0A1EA1F1010399B2FAD1021EA0F19A
:1032F000010398B2F2D170470020F8490880F849DC
:103300000880F8490860F8490860F8490860F849F9
:103310000860F8490860F8490860F8490860F84909
:103320000860F8490860F8490860F8490860F849F9
:103330000860F8490860F8490860F8490860F849E9
:103340000860F8490860F8490870F8490870F849B9
:103350000870F849086070472DE9F041F6480068A8
:1033600004F026FA0446F548D0E9006332462046C8
:1033700004F032FA07D0F148D0E90021104604F0F9
:1033800043FAED490860EE48006804F011FA04467B
:10339000EA48D0E902633246204604F01DFA07D01D
:1033A000E649D1E90221104604F02EFAE44908600A
:1033B000E448006804F0FCF90446E048D0E90463FE
:1033C0003246204604F008FA07D0DC48D0E9042150
:1033D000104604F019FADB490860DB48006804F085
:1033E000E7F90446D548D0E906633246204604F0A2
:1033F000F3F907D0D148D0E90621104604F004FAC9
:10340000D1490860BDE8F0812DE9F041CF4800685E
:10341000012810D10020C8490860CD48006804F098
:1034200089F906460022CB4B04F095F8044604F0D7
:10343000EBF9C1490860C5480068022812D1002094
:10344000BF490860C4490968A1F1400004F072F95D
:1034500006460022C14B04F07EF8044604F0D4F97D
:10346000B7490860BE49B1F9040004F055F9BD49F7
:103470000860BD49B1F9040004F04EF9BB49086089
:103480000021BB48006804F0DBF90BD0B949B8480B
:10349000006804F0D5F905D3B749B548006804F0D1
:1034A000D9F905D24FF40051B448FDF734F804E0DF
:1034B0004FF40051B148FDF72CF80021B0480068E6
:1034C00003F02CFF8C490860A749B1F9000004F013
:1034D00023F906469A480168304603F025FF044662
:1034E000864801688448006803F018FF0646924841
:1034F0000168304603F018FF0546214603F0BCFE84
:1035000081490860BDE8F0812DE9F04104460D468F
:10351000002C0CDA4FF480419A48FCF7FAFF4FF484
:1035200000419848FCF7F7FF604204B20AE04FF40C
:1035300000419448FCF7EDFF4FF480419148FCF7BF
:10354000EAFF00BF002D0CDA4FF400518D48FCF764
:10355000E0FF4FF480518B48FCF7DDFF684205B275
:103560000AE04FF480518748FCF7D3FF4FF4005135
:103570008448FCF7D0FF00BFAFB2A6B231464FF08F
:103580008040FEF705F939464FF08040FEF702F91A
:103590007D497748006804F05DF923D37B4974487E
:1035A000006804F04DF902D24FF0010801E04FF03D
:1035B000000800215A48006804F042F901D10120B6
:1035C00000E0002008EA000800215648006804F0E6
:1035D00037F901D1012000E0002008EA0008B8F125
:1035E000000F0DD000214FF08040FEF7D1F80021F0
:1035F0004FF08040FEF7CEF801206549086002E0F8
:1036000000206349086063493B48006804F022F9E0
:1036100005D361493848006804F012F90DD2002141
:103620004FF08040FEF7B4F800214FF08040FEF7E5
:10363000B1F801205649086002E0002054490860B2
:10364000BDE8F08170B52E4801682F48006803F08E
:1036500013FE2F4908602A4801682B48006803F0D0
:103660005DFE2A4908602A48006804F074F800B238
:10367000B0F57A7F02DD4948254908602448006892
:1036800004F069F800B210F57A7F02DA4448204964
:1036900008601E48006804F05EF800B2B0F57A7F5A
:1036A00002DD3E48194908601848006804F053F8E4
:1036B00000B210F57A7F02DA3948144908601348DD
:1036C000006804F048F804B21148006804F043F8B8
:1036D00005B221462846FFF717FF70BDBE00002047
:1036E000BC000020CC000020C8000020D400002036
:1036F000D0000020D8000020980000208800002082
:10370000F40000207C0000208C00002094000020A9
:1037100090000020F0000020340100203001002043
:10372000FC000020F8000020700000207100002044
:1037300072000020E8000020A8000020908C000803
:10374000AC000020B0000020B400002018010020D0
:10375000080100200080FB3F0C0100200000C43F56
:103760005A00002028010020540000202C010020D5
:10377000440000200000A0C10000A0410010014052
:1037800048000020000C014000002041000020C142
:10379000E400002000004842000048C200007A44D3
:1037A00000007AC470B5F848FEF70DF80446F748F3
:1037B000FEF709F80546F6480460F6480560002162
:1037C000F148FDF7DDFF0021F048FDF7D9FF20B2F9
:1037D000F1490880684200B2F0490880F04800686A
:1037E000ED49B1F900100844ED490860ED48006862
:1037F000EA49B1F900100844EA49086070BD2DE9B2
:10380000F05FE7490968E74A1268881803F084FF07
:10381000E54908600020E3490860E1490860E348A1
:10382000006803F0C5FF06464FF06632E04B03F038
:1038300092FE044603F0E8FFDC490860DA480068BD
:1038400003F0B6FF80464FF03332DA4B03F083FECD
:1038500004460D46D548006803F0AAFF06462246F6
:103860002B4603F0D1FD824603F0CEFFCF4908601E
:1038700008460168D048006803F0FEFCCE490860A5
:10388000CE480168CC48006803F0F6FCCA490860DD
:10389000CB480168C848006803F0EEFCC6490860E0
:1038A000C8480068012801D100200860C2480068AB
:1038B00003F051FFB0F5FA5F02DDC348BE4908606E
:1038C000BD48006803F047FF10F5FA5F02DABF4811
:1038D000B9490860BE480068032812D10020BD49DC
:1038E0000860BD490968A1F1800003F023FF064686
:1038F0000022BA4B03F02FFE044603F085FFB549C2
:103900000860B3480068042812D10020B449086058
:10391000B4490968A1F1C00003F00CFF064600227B
:10392000B14B03F018FE044603F06EFFAC4908608B
:103930000021A148006803F0F1FC0646A848016890
:10394000304603F0F1FC044600219848006803F07B
:10395000E5FC06469F480168304603F0E5FC054655
:10396000214603F089FCA1490860A149A1480068EB
:1039700003F070FF05D3A0499E48006803F060FF84
:103980000BD29A48006880F000449A4801682046AB
:1039900003F0FCFC9949086002E0002097490860A8
:1039A00097499648006803F055FF02D2944893491E
:1039B000086094499148006803F042FF02D29148A0
:1039C0008E490860BDE8F09F2DE9F0418E480068FF
:1039D00000283ED18D48FDF7F6FE00EB800000EB9D
:1039E00000104400204603F0A5FE05460022884B47
:1039F00003F023FE074603F007FF864908600846E8
:103A0000006803F0D5FE04460022834B03F0E4FE79
:103A100003D882486A4908601BE081497D480068F4
:103A200003F018FF01D8012400E000244FF0824188
:103A30007848006803F004FF01D8012000E000206E
:103A400004401CB177485E49086002E000205C49F0
:103A50000860BDE8F0812DE9FC5F7348006801282B
:103A600078D17248D0F800B0714800680190714870
:103A7000B0F902907048B0F900A066480468484662
:103A800003F04AFE06464FF08D4103F07FFC0546E9
:103A90006A4903F049FC6A490860504603F03CFE5D
:103AA0000646684903F03AFC0546674903F06EFC98
:103AB00066490860584603F07BFE0746644A654B3A
:103AC00003F0BBFD054603F09FFE8346019803F01B
:103AD0006FFE05465E4A5F4B03F0AFFD074603F0FD
:103AE00093FE019050215C4803F0A2FB5A485BA171
:103AF000096801600A215A4803F09AFB59480021DD
:103B00000160416001810A21574803F091FB574849
:103B100000210160416001810A21554803F088FBC2
:103B2000544800210160416001815349584603F027
:103B300087FE10D85149584603F08CFE0BD85846E2
:103B400003F036FE05462A460B464DA1444804F0D4
:103B50006DF802E04DE1BDE8FC9F4749019803F094
:103B60006FFE0FD84549019803F074FE0AD80198FA
:103B700003F01EFE05462A460B4641A1394804F0D3
:103B800055F882E080E0000000040040000800409A
:103B9000DC000020E0000020BC000020BE0000206F
:103BA000C8000020CC000020D0000020D40000205D
:103BB0006666E63F3333D33FD8000020F000002094
:103BC000E8000020E40000200000FA450000FAC5EB
:103BD00018010020B0000020100100200000DE3F8E
:103BE000B4000020140100200000C43F8400002025
:103BF0006F12833AA80000206F1283BA8800002059
:103C000000002041000020C100010020002C0140E4
:103C100000006940EC00002000001040000096C346
:103C20000000A0400000FA431C010020900000208A
:103C3000940000205A00002054000020CDCC1C41EC
:103C4000280100209A190043000003432C010020A2
:103C500048E17A14AE470F40C8010020244C5600BA
:103C6000E0020020EA020020F4020020FE02002010
:103C7000080300201203002000007A4400007AC4E8
:103C800025332E326600000065E76C496C480068F9
:103C900003F0E0FD12D26B496948006803F0D0FDE3
:103CA0000CD26748006803F083FD05462A460B46A0
:103CB000AFF23401644803F0B9FF00E04BE7634919
:103CC0006348006803F0C6FD12D26249604800688C
:103CD00003F0B6FD0CD25E48006803F069FD0546AE
:103CE0002A460B46AFF268015B4803F09FFF00E0F5
:103CF00031E70021204603F0ADFD10D8574920469A
:103D000003F09EFD0BD2204603F052FD05462A46E5
:103D10000B46AFF29401524803F088FF00E01AE727
:103D2000002000F05DFB0090009803F0FEFC0746C9
:103D30004C4903F0F9FA06464FF08B4103F026FB9D
:103D40000546494903F0EAFA484908600021474816
:103D5000006803F07FFD12D83A494448006803F038
:103D60006FFD0CD24148006803F022FD05462A464B
:103D70000B46AFF2F4013E4803F058FF00E0EAE6DC
:103D80003C493D4803F05FFA3CA13B4803F05BFA35
:103D90003B49394803F057FA3AA1374803F053FA40
:103DA0002949354803F04FFA37A1334803F04BFA5D
:103DB0002949314803F047FA34A12F4803F043FA68
:103DC00027492D4803F03FFA32A12B4803F03BFA74
:103DD0002749294803F037FA2FA1274803F033FA7F
:103DE00050212E4803F024FA502223492B4803F097
:103DF00006FA00BFAFE610B529480068401E284902
:103E0000086028480068012807D10846006820B9E2
:103E1000FFF721FE214800F0BEF92148006818B9DB
:103E200041F288301E49086010BD00201E4908601C
:103E30001E49086001201E49086070470000A0C1AB
:103E4000280100200000A041F402002000803BC5B2
:103E50002C01002000803B45FE02002000401C4653
:103E600008030020CDCC5441CDCC4C3E780000203E
:103E700012030020E0020020C80100202C5256004E
:103E8000EA0200202C4143002C4759002C435342A6
:103E9000000000002C5654002300000018020020EF
:103EA000200100201C010020F0000020F400002070
:103EB0000001002000B585B0012144F20400FCF7A8
:103EC00037FD4FF40070ADF8100018208DF8130086
:103ED00003208DF8120004A9BB48FCF76DFA4FF4DB
:103EE0008060ADF8100004208DF8130004A9B648D6
:103EF000FCF762FA4FF4E13000900020ADF80400C6
:103F0000ADF80600ADF80800ADF80C000C20ADF8D7
:103F10000A006946AD48FDF7C0FC0121AB48FDF73A
:103F200048FD05B000BD08B54FF48060FCF7E8F827
:103F300027208DF8000004208DF8010001208DF865
:103F400002008DF803006846FCF7DFF808BD00B5F5
:103F500085B001218804FCF7F8FC01210820FCF75A
:103F6000E7FC4FF48060ADF8100018208DF81300C6
:103F700003208DF8120004A99548FCF71DFA4FF4B0
:103F80000060ADF8100004208DF8130004A99048DB
:103F9000FCF712FAFFF7C7FF4FF41650009000200D
:103FA000ADF80400ADF80600ADF80800ADF80C005F
:103FB0000C20ADF80A0069468648FDF76EFC012228
:103FC00040F225518348FDF700FD01218148FDF7AE
:103FD000F0FC05B000BD70B504460D46E1B27B486B
:103FE000FDF754FD00BF40217848FDF7BDFD0128D5
:103FF000F9D1204670BDF0B503460D4616460027A0
:1040000029460A2E03D0002008702846F0BD33B997
:10401000302001F8010B002008702846F6E7002B3D
:1040200003DA2D2001F8010B5B4242F210720DE021
:1040300093FBF2F404B937B104F1300001F8010B3D
:1040400004FB123301270A2092FBF0F2002AEFDC76
:10405000002008702846D9E70FB470B586B0064630
:104060000CA8019073E00B9800785C281CD10B9889
:10407000401C0B9000786E2809D072280FD10D21BA
:104080003046FDF703FD0B98401C0B900BE00A2116
:104090003046FDF7FBFC0B98401C0B9003E00B989F
:1040A000401C0B9000BF4BE00B980078252840D1B6
:1040B0000B98401C0B900078642818D0732833D1DB
:1040C000019810C801900BE021783046FDF7DEFC26
:1040D00000BF40213046FDF747FD0028F9D0641CA1
:1040E00020780028F0D10B98401C0B9020E001981C
:1040F00020C801900A2202A92846FFF77CFF02ACE3
:104100000BE021783046FDF7C1FC00BF402130466E
:10411000FDF72AFD0028F9D0641C20780028F0D192
:104120000B98401C0B9003E00B98401C0B9000BFB9
:1041300006E00B9810F8011B0B903046FDF7A6FC2B
:1041400000BF40213046FDF70FFD0028F9D00B9845
:104150000078002887D106B070BC5DF814FB10B55C
:10416000044621461948FDF791FC00BF402117483D
:10417000FDF7FAFC0128F9D110BD10B5044621461F
:104180001448FDF783FC00BF40211248FDF7ECFC0A
:104190000128F9D110BD70B505462C4603E0207802
:1041A000FFF7EBFF641C20780028F8D170BD70B5D4
:1041B00005462C4603E02078FFF7D1FF641C2078E9
:1041C0000028F8D170BD000000080140003801400F
:1041D000000C0140004800407FB504460D46012117
:1041E000C802FCF7A5FB41F28830ADF8080041F6A3
:1041F0001F40ADF804000120ADF80A000020ADF822
:10420000060001A91148FCF7CBFC012241210F480F
:10421000FDF73DF819208DF8000003208DF801000E
:1042200000208DF8020001208DF803006846FBF79E
:104230006CFF7FBD10B501210448FDF7D6FA18B117
:1042400001210248FDF7E2FA10BD0000002C0140F8
:104250001FB501213D48FCF780F901210920FCF739
:1042600067FB0120ADF80C0010208DF80F00032033
:104270008DF80E0003A93648FCF79EF80220ADF831
:104280000C0028208DF80F0003A93148FCF794F8A2
:1042900001210846FCF7A6F90220019000208DF8C4
:1042A000080008208DF8090001208DF80A0001A8F7
:1042B000FBF7A2FF07208DF8000003208DF8010016
:1042C00001208DF802008DF803006846FBF71DFF02
:1042D0001FBD10B50220FBF7F5FF48B300211D48B4
:1042E000FDF74EFA01211B48FCF7B6FF01201A49E1
:1042F000086012E01748FDF766FA0A2807DB00217C
:104300001448FCF7A9FF00201349086005E00221CA
:104310000F48FCF7E4F8104908600F4800680028CF
:10432000E8D100210B48FCF797FF0220FBF7DBFFE9
:1043300010BD10B501210648FCF7EBF80C20FDF785
:1043400085FF01210248FCF7E6F810BD00023000AD
:10435000000C0140002C01408401002000B587B012
:1043600001214FF40170FCF7E3FA4FF40040FCF731
:1043700043FA0120ADF8040000208DF8070001A9E0
:104380002348FCF719F82348FDF748FC0020029069
:104390008DF80C008DF80D004FF460200490002083
:1043A000059001208DF8180002A91A48FDF75DFC60
:1043B00001211848FDF785FC1648FDF7A4FC00BF55
:1043C0001448FDF7A5FC0028FAD11248FDF7AAFC15
:1043D00000BF1048FDF7ABFC0028FAD107B000BDC4
:1043E00010B504460723012221460A48FDF7D5FCF3
:1043F00001210848FDF7A5FC00BF02210548FDF793
:1044000011FE0028F9D00348FDF72EFD10BD000075
:104410000008014000240140064880470648004744
:10442000FEE7FEE7FEE7FEE7FEE7FEE7FEE7FEE764
:10443000FEE7FEE74B210008ED00000838B5044612
:10444000FB4890F82400C0B114B10220009001E0B4
:1044500000200090F64A1268D17BF54A5268107825
:104460006B460122FEF75FF810B14FF0FF3038BD08
:104470009DF80010EE48417423E0ED48807A10B9B1
:104480004FF0FF30F3E724B1E948407C08B1002049
:10449000EDE714B10120009001E000200090E44A13
:1044A0001268D17BE24A526810786B460122FEF70F
:1044B0003AF810B14FF0FF30D9E79DF80010DC4812
:1044C00041740020D3E738B5002419E0D8480068CB
:1044D000C07AA04204D0D6480068407DA04200D1F6
:1044E0000CE0D349496808786B4601222146FEF763
:1044F00069F810B14FF0FF3038BD00BF601CC4B286
:10450000CB4840680079A042E0DC0020F4E770B5B9
:1045100004460D46C6480068C07AA04204D0C4488C
:104520000068407DA04202D14FF0FF3070BDC0480E
:1045300040680079A04202DC4FF0FF30F6E7BC494A
:10454000496808782B4601222146FEF73BF8EDE743
:1045500038B50446B64890F82300A04201D10020A7
:1045600038BD14B13020009001E000200090B04828
:10457000807C20B19DF8000040F002000090AC4823
:1045800090F8220020B19DF8000040F080000090DB
:10459000A74A1268117DA64A526810786B4601221C
:1045A000FDF7C1FF10B14FF0FF30D9E7A04880F808
:1045B00023400020D4E738B5044604F0700010B161
:1045C0000120009005E014B10020009001E040209F
:1045D0000090974A1268917C954A526810786B4611
:1045E0000122FDF7A0FF20B1002191488172481EF1
:1045F00038BD9DF8000020F040018D480173002077
:10460000009004F0400020B99DF8000040F0040044
:10461000009004F0200020B99DF8000040F0020056
:10462000009004F0100020B99DF8000040F0010057
:10463000009004F0080020B99DF8000040F0380018
:1046400000907B4A1268D17C794A526810786B4698
:104650000122FDF768FF20B1002175488172481ED4
:10466000C6E724B1082C02D00020FFF771FF704884
:104670008472002101753220FDF7F5FD0020B7E7B7
:1046800038B504466A48807CA04201D1002038BD7C
:10469000002C46D0664A12681179654A5268107833
:1046A0006B460122FDF78EFF10B14FF0FF30EEE7B1
:1046B0009DF8000020F0200000905D4A12681179FA
:1046C0005B4A526810786B460122FDF72CFF10B14F
:1046D0004FF0FF30DBE70320FDF7C5FD022000901F
:1046E000534890F8220020B19DF8000040F080006F
:1046F00000904F4890F8230020B19DF8000040F052
:10470000300000904A4A1268117D494A5268107878
:104710006B460122FDF707FF002851D04FF0FF3014
:10472000B5E7434A12681179414A526810786B46DE
:104730000122FDF747FF10B14FF0FF30A7E73C48DB
:10474000807A00F0010028B19DF8000040F02000C0
:10475000009004E09DF8000020F020000090344A12
:1047600012681179324A526810786B460122FDF7BF
:10477000DAFE10B14FF0FF3089E70320FDF773FD3B
:104780002B4890F8220010B18020009001E000201A
:104790000090274890F8230020B19DF8000040F0D9
:1047A00030000090224A1268117D214A5268107828
:1047B0006B460122FDF7B7FE10B14FF0FF3066E700
:1047C0001B488474002062E708B51948807A10B944
:1047D0004FF0FF3008BD00200090154A1268D17BD1
:1047E000134A526810786B460122FDF79CFE10B107
:1047F0004FF0FF30EEE70E4A126851790C4A5268CA
:1048000010786B460122FDF78EFE10B14FF0FF309D
:10481000E0E7074A12681179054A526810786B463A
:104820000122FDF780FE28B14FF0FF30D2E70000F3
:1048300088010020F74890F82400002853D00C206D
:104840000090F44A12681179F24A526810786B4667
:104850000122FDF768FE10B14FF0FF30BAE73220B9
:10486000FDF701FDC0200090EA48807A00F00100C9
:1048700020B19DF8000040F020000090E54A126849
:104880001179E44A526810786B460122FDF74BFE1D
:1048900010B14FF0FF309DE7DE48407C10B10220A0
:1048A000009001E000200090DA4A1268D17BD94ADA
:1048B000526810786B460122FDF735FE10B14FF0BB
:1048C000FF3087E700200090D24A12685179D14A20
:1048D000526810786B460122FDF725FE002855D05E
:1048E0004FF0FF3076E704200090CA4A1268117931
:1048F000C84A526810786B460122FDF714FE10B1C9
:104900004FF0FF3066E7C348807C20B9C148807A09
:1049100000F0010010B94020009001E060200090FC
:10492000BC4A12681179BB4A526810786B46012262
:10493000FDF7F9FD10B14FF0FF304BE73220FDF7E6
:1049400092FCB448407C10B10120009001E00020AE
:104950000090B04A1268D17BAE4A526810786B461C
:104960000122FDF7E0FD10B14FF0FF3032E7A94A18
:1049700012685179A74A52681078A64B1033012269
:10498000FDF7D1FD10B14FF0FF3023E7002021E704
:1049900070B50446002624F001049E4890F82400D7
:1049A00008B1002070BD9B48807A10B94FF0FF30ED
:1049B000F8E79848057C807A2040964908740846B4
:1049C000007CA04202D04FF0FF3600E0002614B970
:1049D0009048007D18B10120FFF730FD02E0002073
:1049E000FFF72CFD3CB1FFF7EFFE20B189480574BD
:1049F0004FF0FF30D6E73046D4E738B50446854857
:104A0000807A10B94FF0FF3038BDBC2C02DB01209A
:104A1000009015E0622C02DB0220009010E02A2CAE
:104A200002DB032000900BE0142C02DB042000903A
:104A300006E00A2C02DB0520009001E00620009031
:104A40007448C07A9DF80010884201D10020DBE74D
:104A5000704A126891786F4A526810786B4601224A
:104A6000FDF761FD10B14FF0FF30CDE79DF800106C
:104A70006848C1720020C7E738B50446282C02DD1B
:104A80004FF0FF3038BDDCB90020FFF761FD00209A
:104A90008DF8000007208DF801005E4A1268917CB5
:104AA0005C4A526810786B460222FDF73CFD10B15B
:104AB0004FF0FF30E6E70021564801750020E1E79E
:104AC0000120FFF745FD20208DF80000012C06D1C4
:104AD00000208DF801000520FFF78FFF17E0052C5F
:104AE00006DC01208DF801000520FFF786FF0EE0AF
:104AF000142C06DC02208DF801000A20FFF77DFF50
:104B000005E003208DF801001420FFF776FF9DF8E3
:104B10000100072101EB8010C0B28DF801003D4A71
:104B20001268917C3B4A526810786B460222FDF76E
:104B3000FAFC10B14FF0FF30A4E70821354881722C
:104B400000210173012101750020FFF721FF0020E2
:104B500098E738B504462F48807A10B94FF0FF30F7
:104B600038BD2C4890F8240010B14FF0FF30F7E723
:104B70002848007D50B134B1282C04DCE0B2FFF7A6
:104B80007BFF0020ECE70020FFF776FF042C01DA22
:104B9000042404E0B4F57A7F01DD4FF47A744FF415
:104BA0007A7090FBF4F0401EC0B20090194A12686F
:104BB0005178184A526810786B460122FDF7B3FC11
:104BC00010B14FF0FF30CBE79DF80000401C4FF4D0
:104BD0007A7191FBF0F081B20E48C1810146C9891A
:104BE0004810FFF70AFF0020BAE738B50446094825
:104BF000807A10B94FF0FF3038BD022C06D0042C5B
:104C00000AD0082C0BD0102C0FD10BE00020009004
:104C10000EE00000880100200820009008E010202D
:104C2000009005E01820009002E04FF0FF30E3E72D
:104C300000BFF848407A9DF80010B0EBE10F01D1B9
:104C40000020D9E7F34A1268D179F24A5268107805
:104C50006B460122FDF767FC10B14FF0FF30CBE748
:104C60009DF80000C110EB4841720020C4E738B540
:104C70000446E848807A10B94FF0FF3038BDFA2C6E
:104C800009D0B4F5FA7F09D0B4F57A7F09D0B4F52C
:104C9000FA6F0CD108E0002000900BE00820009093
:104CA00008E01020009005E01820009002E04FF08E
:104CB000FF30E3E700BFD748007A9DF80010B0EB63
:104CC000E10F01D10020D9E7D24A12689179D14A87
:104CD000526810786B460122FDF725FC10B14FF0A9
:104CE000FF30CBE79DF80000C010CA4908720020D1
:104CF000C4E71CB580208DF80000C64A1268917C7C
:104D0000C44A526810786B460122FDF70CFC10B1C2
:104D10004FF0FF301CBD6420FDF7A5FA00208DF890
:104D20000000BC4A1268917CBA4A526810786B46FF
:104D30000122FDF7F8FB10B14FF0FF30EAE7B54A6A
:104D40001268917DB34A526810786B460622FDF7CF
:104D500039FC10B14FF0FF30DCE79DF80500C007CB
:104D6000400F9DF8031001F0010140EA41009DF859
:104D7000011001F0010140EA01048CB1012C03D1C2
:104D80000121A448C17430E0022C03D10021A148C4
:104D9000C1742AE0A0A0FFF70AFA4FF0FF30B9E78C
:104DA0009C4A1268D1789B4A526810786B4601225F
:104DB000FDF708FC10B14FF0FF30ABE79DF80000A5
:104DC00000F00F042CB99E48FFF7F1F94FF0FF30C7
:104DD000A0E7042C06D19BA0FFF7E9F901218D483B
:104DE000C17402E000218B48C174FF21894881729F
:104DF000FF2088490872FF2186484172C1724FF630
:104E0000FF71C181FF21017481740121017380F858
:104E10002210002180F823104175017516300160C1
:104E200041608160163880F8241080F82510C18414
:104E30004FF4FA60FFF71BFF10B14FF0FF3069E746
:104E40000220FFF7D2FE10B14FF0FF3062E72A20B8
:104E5000FFF7D3FD10B14FF0FF305BE73220FFF7D3
:104E600078FE10B14FF0FF3054E70020FFF790FDBF
:104E700010B14FF0FF304DE70020FFF701FC10B1FB
:104E80004FF0FF3046E70020FFF795FB002041E799
:104E90007CB504460D465F48807A00F0700010B97A
:104EA0004FF0FF307CBD5B4A1268117B594A526853
:104EB00010786B460622FDF785FB10B14FF0FF30EE
:104EC000F0E79DF801009DF8001040EA012000B2D3
:104ED00020809DF803009DF8021040EA012000B2F6
:104EE00060809DF805009DF8041040EA012000B2A2
:104EF000A08015B12846FDF7C2F90020D2E77CB5A5
:104F000004460D464348807A00F0080010B94FF07F
:104F1000FF307CBD3F4A1268517B3E4A5268107890
:104F20006B460622FDF74EFB10B14FF0FF30F0E765
:104F30009DF801009DF8001040EA012000B2208099
:104F40009DF803009DF8021040EA012000B2608045
:104F50009DF805009DF8041040EA012000B2A080F1
:104F600015B12846FDF78BF90020D2E72DE9FE4F59
:104F700005460C462748807A18B94FF0FF30BDE847
:104F8000FE8F244A1268917B224A5268107802AB45
:104F90000222FDF717FB10B14FF0FF30EFE79DF84D
:104FA00009009DF8081040EA012006B214B120461D
:104FB000FDF765F917494968C88802F0B6FB15493D
:104FC00001904968B1F9080002F0A6FB834630461B
:104FD00002F0A2FB5946009002F0A0F98246019926
:104FE00002F0D4F981461F4902F046F980464FF09D
:104FF0008F4102F099F9074602F0ADFB28600020CE
:10500000BDE710B588B004461CB94FF0FF3008B0BA
:1050100010BD29E088010020556E737570706F72A5
:1050200074656420736F6674776172652070726F47
:1050300064756374207265762025642E0A00000072
:10504000E899000848616C662073656E736974693D
:1050500076697479207061727420666F756E642E43
:105060000A00000000000C42206830B9606820B9D6
:10507000A06810B9002008B010BDFA494968087846
:1050800006AB03221146FDF79DFA10B14FF0FF3039
:10509000F1E79DF81800082101EB201000F00F0047
:1050A000ADF800009DF8190001EB201000F00F0092
:1050B000ADF802009DF81A0001EB201000F00F007F
:1050C000ADF8040020684100BDF90000403091FBBC
:1050D000F0F000B2ADF8100060684100BDF90200C8
:1050E000403091FBF0F000B2ADF81200A068410032
:1050F000BDF90400403091FBF0F000B2ADF81400AF
:10510000D8494968087806AB06221146FDF75AFAD5
:1051100010B14FF0FF30AEE79DF819009DF8181060
:1051200040EA012000B2ADF808009DF81B009DF890
:105130001A1040EA012000B2ADF80A009DF81D00E7
:105140009DF81C1040EA012000B2ADF80C00BDF83B
:105150001000BDF80810084400B2ADF81000BDF80A
:105160001200BDF80A10084400B2ADF81200BDF8F4
:105170001400BDF80C10084400B2ADF81400BDF8DE
:105180001000000A8DF81800BDF81000C0B28DF8AC
:105190001900BDF81200000A8DF81A00BDF81200BF
:1051A000C0B28DF81B00BDF81400000A8DF81C0079
:1051B000BDF81400C0B28DF81D00AA4949680878EE
:1051C00006AB06221146FDF7AEF910B14FF0FF30E5
:1051D00051E700204FE70146A248007A30B101288C
:1051E00007D0022809D003280FD10AE0FA2008804E
:1051F0000EE04FF4FA7008800AE04FF47A700880ED
:1052000006E04FF4FA60088002E00020088000BF4A
:1052100000BF0020704701469248407A30B1012813
:1052200007D0022808D003280CD108E0022008701B
:105230000BE00420087008E00820087005E010204A
:10524000087002E04FF0FF30704700BF8548C07C17
:1052500018B108784006000E08700020F4E70146F7
:105260008048C07A082817D2DFE800F01704070A40
:105270000D101318BC20088013E06220088010E095
:105280002A2008800DE0142008800AE00A20088007
:1052900007E00520088004E000BF00BF0020088070
:1052A00000BF00BF0020704701466E4890F8240000
:1052B00010B14FF0FF3070476A48C0890880002065
:1052C000F9E7014600200880401E704701464FF074
:1052D000FF30704701466348007A30B1012807D09B
:1052E000022808D003280CD108E05F4808600BE0D2
:1052F0005E48086008E05E48086005E05D480860B8
:1053000002E04FF0FF30704700BF0020FBE701468E
:105310005448407A30B1012808D002280AD0032826
:1053200010D10BE04FF4804008800EE041F69C70F5
:1053300008800AE04FF48050088006E04FF40060D7
:10534000088002E04FF0FF30704700BF4548C07C46
:1053500010B10888401008800020F5E70146414858
:10536000007C08700020704701463E48807A10B1EA
:105370000120087001E0002008700020704738B557
:1053800004463848807A10B94FF0FF3038BD354AAE
:105390001268117C334A526810786B460222FDF77E
:1053A00011F910B14FF0FF30F0E79DF801009DF8C2
:1053B000001040EA012000B220800020E6E72DE93D
:1053C000FE4F0746884692461D46DDF830B000265F
:1053D0000024244890F8240010B1601EBDE8FE8F20
:1053E000002028701F48807A10B94FF0FF30F5E791
:1053F0001C48007C10B94FF0FF30EFE71948007CE3
:1054000000F0400008B1B01CC6B21648007C00F0A5
:10541000200008B1B01CC6B21248007C00F0100099
:1054200008B1B01CC6B20F48007C00F0080008B1FB
:10543000B01DC6B20B4A1268917A0A4A52681078B7
:105440006B460222FDF7BEF810B14FF0FF30C5E702
:105450009DF801009DF8001040EA0129B1450BDAE2
:105460000020BBE7880100200000034300008342C6
:105470003333034233338341FC4840684088B9EBFF
:10548000600F17DDF94A1268517CF84A52681078AB
:105490006B460122FDF796F810B14FF0FF309DE703
:1054A0009DF8000000F0100020B1FFF78DF96FF0BB
:1054B000010093E75046FCF7E2FEEC4A1268D17A0D
:1054C000EA4A526810786B463246FDF77BF810B115
:1054D0004FF0FF3082E799FBF6F0401E8BF800009A
:1054E00000202870B4422AD0E048007C00F0080078
:1054F00028B3601C1DF800001DF8041040EA0120CC
:1055000000B2A8F80000E01C1DF80010A01C1DF857
:10551000000041EA002000B2A8F80200601D1DF85A
:105520000010201D1DF8000041EA002000B2A8F87C
:105530000400287840F008002870A01D84B2B4420E
:1055400013D0CA48007C00F0400070B1601C1DF808
:1055500000001DF8041040EA012000B238802878CD
:1055600040F040002870A01C84B2B44213D0BF4861
:10557000007C00F0200070B1601C1DF800001DF8D8
:10558000041040EA012000B27880287840F0200022
:105590002870A01C84B2B44213D0B448007C00F040
:1055A000100070B1601C1DF800001DF8041040EAE6
:1055B000012000B2B880287840F010002870A01CAC
:1055C00084B200200AE7F8B504460F461646A748FD
:1055D00090F8240010B94FF0FF30F8BDA348807A4E
:1055E00010B94FF0FF30F8E7A04A1268917A9F4A4D
:1055F000526810786B460222FCF7E4FF10B14FF0BE
:10560000FF30EAE79DF801009DF8001040EA01250F
:10561000A54203DA00203070401EDEE79348406860
:105620004088B5EB600F17DD904A1268517C8F4AB5
:10563000526810786B460122FCF7C4FF10B14FF09E
:10564000FF30CAE79DF8000000F0100020B1FFF71E
:10565000BBF86FF00100C0E7E2B2844B1B68D97A57
:10566000824B5B6818783B46FCF7ACFF10B14FF0FB
:10567000FF30B2E795FBF4F0401E30700020ACE73D
:1056800001467A4880F82210002070477CB5054614
:1056900076494968087801AB04220D21FCF792FF96
:1056A00008B107207CBD9DF80700C0F301109DF8EC
:1056B000041001F0E00140EAE1008DF800009DF8DF
:1056C0000700C0F381009DF8051001F0E00140EAF9
:1056D000E1008DF801009DF8070000F003009DF83F
:1056E000061001F0E00140EAE1008DF8020000241C
:1056F0001CE01DF8040018B9002045F8240013E050
:105700005B4845F8240006E055F82400594901F0AB
:105710000BFE45F824001DF80400401EC0B20DF831
:1057200004000028F0D100BF601CC4B2032CE0DBF1
:105730000020B7E72DE9FE4F06460F4600256846D4
:10574000FFF7A4FF002442E056F8240057F8241085
:10575000A0EB010ABAF1000F01DB514601E0CAF1EA
:105760000001084601F0D8FF83464FF08F4101F059
:105770000DFE80465DF82400002102F061F816D08D
:105780005DF82410404601F001FE82464FF07E5144
:1057900001F0C4FD814629F0004A3748416A50466D
:1057A00002F058F812D20120A04005430EE0324822
:1057B000C169404602F044F805D32F48016A4046CB
:1057C00002F048F802D20120A0400543641C032CDB
:1057D000BADB2846BDE8FE8F2DE9FC5F06460F4682
:1057E000002522494968087801AB03220D21FCF706
:1057F000E9FE10B10720BDE8FC9F9DF8040000F011
:105800001F008DF804009DF8050000F01F008DF8C2
:1058100005009DF8060000F01F008DF8060000242A
:1058200062E056F8240057F82410A0EB010BBBF1FE
:10583000000F01DB594601E0CBF10001084601F001
:105840006BFF4FF08F41009001F0A0FD814601A851
:10585000005DC0B30849086801F067FF83465946F8
:10586000064801F093FD80460FE00000880100200B
:105870007B14AE3E1D5A843FD88C000800B04C45C6
:10588000FE49404601F050FD804601A8005D401EE3
:10589000C0B201A908550028F2D14146484601F09E
:1058A00075FD83464FF07E5101F038FD82462AF0A7
:1058B000004BF3488169584601F0CCFF13D2012018
:1058C000A04005430FE0FFE7ED480169484601F0BD
:1058D000B7FF05D3EA484169484601F0BBFF02D251
:1058E0000120A0400543641C032C9ADB284682E774
:1058F0002DE9F04F87B005460C46914601208DF802
:10590000100000208DF81100DE4A1268917CDD4AFB
:105910005268107804AB0222FCF705FE20B14FF06C
:10592000FF3007B0BDE8F08FC820FCF79CFC0020DA
:105930008DF81000D34A1268D17BD24A5268107891
:1059400004AB0122FCF7EFFD10B14FF0FF30E8E7A8
:10595000CC4A12685179CB4A5268107804AB0122C4
:10596000FCF7E1FD10B14FF0FF30DAE7C54A1268ED
:10597000917CC44A5268107804AB0122FCF7D3FD35
:1059800010B14FF0FF30CCE7BE4A1268D17DBD4A5E
:105990005268107804AB0122FCF7C5FD10B14FF03E
:1059A000FF30BEE7B74A12681179B64A52681078DC
:1059B00004AB0122FCF7B7FD10B14FF0FF30B0E7A8
:1059C0000C208DF81000AF4A12681179AD4A526868
:1059D000107804AB0122FCF7A6FD10B14FF0FF30A8
:1059E0009FE70F20FCF73FFCA648806A407A8DF8BD
:1059F0001000A44A12689178A24A5268107804AB49
:105A00000122FCF790FD10B14FF0FF3089E79D486F
:105A1000806A007A8DF810009A4A12685178994A83
:105A20005268107804AB0122FCF77DFD10B14FF0F5
:105A3000FF3076E7B9F1000F07D09248806A807A8C
:105A400040F0E0008DF8100004E08E48806A807A13
:105A50008DF810008B4A126891798A4A5268107842
:105A600004AB0122FCF75FFD10B14FF0FF3058E7A7
:105A7000B9F1000F07D08348806AC07A40F0E00097
:105A80008DF8100003E07E48C07A8DF810007D4A42
:105A90001268D1797B4A5268107804AB0122FCF776
:105AA00042FD10B14FF0FF303BE7B9F1000F02D0DB
:105AB000C820FCF7D8FB40208DF81000714A12680E
:105AC0001179704A5268107804AB0122FCF72BFD63
:105AD00010B14FF0FF3024E778208DF81000694AAC
:105AE00012685179674A5268107804AB0122FCF7BA
:105AF0001AFD10B14FF0FF3013E761498889FCF7B8
:105B0000B2FB00208DF810005E4A126851795D4AA0
:105B10005268107804AB0122FCF705FD10B14FF07C
:105B2000FF30FEE6574A1268917A564A526810785A
:105B300004AB0222FCF746FD10B14FF0FF30F0E657
:105B40009DF811009DF8101040EA012B0C209BFBE2
:105B5000F0F0C6B20020A86068602860A0606060B5
:105B60002060824665E0474A1268D17A454A526809
:105B7000107804AB0C22FCF725FD10B14FF0FF307C
:105B8000CFE69DF811009DF8101040EA012000B208
:105B9000ADF808009DF813009DF8121040EA0120AE
:105BA00000B2ADF80A009DF815009DF8141040EA07
:105BB000012000B2ADF80C00BDF9081020680844BF
:105BC0002060BDF90A10606808446060BDF90C10DF
:105BD000A0680844A0609DF817009DF8161040EAE0
:105BE000012000B2ADF800009DF819009DF81810D2
:105BF00040EA012000B2ADF802009DF81B009DF8BC
:105C00001A1040EA012000B2ADF80400BDF90010FE
:105C1000286808442860BDF9021068680844686074
:105C2000BDF90410A8680844A8600AF1010000F05A
:105C3000FF0AB24597DB1248D0F800C02868C117A8
:105C4000090441EA1041070462460023384601F086
:105C5000A5FA32460023CDE9020101F09FFA28603F
:105C60000748D0F800C06868C117090441EA10412C
:105C7000070462460023384606E0000054E3853FEF
:105C8000D88C00088801002001F088FA32460023F1
:105C9000CDE9020101F082FA6860FE48D0F800C048
:105CA000A868C117090441EA1041070462460023AD
:105CB000384601F073FA32460023CDE9020101F0C3
:105CC0006DFAA860F348D0F804C02168C817000432
:105CD00040EA11480F04624600233846414601F06D
:105CE0005DFA32460023CDE9020101F057FA206047
:105CF000E848D0F804C06068C117090441EA1041BF
:105D0000070462460023384601F048FA3246002371
:105D1000CDE9020101F042FA6060DE48D0F804C02B
:105D2000A068C117090441EA104107046246002334
:105D3000384601F033FA32460023CDE9020101F082
:105D40002DFAA060A068002804DDA068A0F58030CE
:105D5000A06003E0A06800F58030A0600020E0E5CE
:105D600038B50446CC4890F82400A04201D1002068
:105D700038BD24B3C84890F8250010B94FF0FF3063
:105D8000F6E70020FEF75AFB0020FEF779FCC24937
:105D9000C88CFEF7DEFE00200090BF4949680878F5
:105DA0006B4601222321FCF7BEFB0121BA4880F893
:105DB00024100120FEF742FBFEF706FD13E0002051
:105DC000FEF73CFBB448007C0090B3494968087872
:105DD0006B4601222321FCF7A6FB0021AE4880F888
:105DE0002410FEF7F1FC0020C2E72DE9F04F8DB042
:105DF00083460F4602200C90A74890F8240020B15B
:105E00000020FFF7ADFF012600E0002603A8FFF702
:105E1000E2F905A8FFF7FFF901A8FFF720FA02A8A9
:105E2000FFF742FA9C4890F80AA004A8FFF796FAF8
:105E3000002407E0002239465846FFF759FD00B913
:105E400002E0641C022CF5DB00BF022C01D100250E
:105E500028E0002407E0012206A909A8FFF748FD71
:105E600000B902E0641C022CF5DB00BF022C01D15A
:105E7000002517E006A93846FFF75CFC00F0FF0894
:105E800009A95846FFF7A8FC00F0FF090025B9F161
:105E9000000F01D145F00105B8F1000F01D145F027
:105EA000020500BFFF207C490872FF217A48417239
:105EB000C1724FF6FF71C181FF218172017401210E
:105EC0000173BDF80C00FEF7D2FE9DF81400FEF73A
:105ED0008CFEBDF80400FEF790FDBDF80800FEF74B
:105EE00038FE5046FEF767FB9DF81000FEF750FDA8
:105EF00016B10120FFF734FF28460DB0BDE8F08F42
:105F0000F8B504460D46164616B94FF0FF30F8BDF9
:105F10006148807A10B94FF0FF30F8E720128DF811
:105F20000000E0B28DF801009DF8010028445A49B4
:105F300049684989884202DD4FF0FF30E7E7564A59
:105F40001268117E544A526810786B460222FCF7A0
:105F5000EAFA10B14FF0FF30D9E7EAB24E4B1B68B6
:105F6000597D4D4B5B6818783346FCF7DCFA10B16D
:105F70004FF0FF30CBE70020C9E7F8B504460D46E7
:105F8000164616B94FF0FF30F8BD4348807A10B975
:105F90004FF0FF30F8E720128DF80000E0B28DF8E6
:105FA00001009DF8010028443B494968498988421D
:105FB00002DD4FF0FF30E7E7374A1268117E364ABC
:105FC000526810786B460222FCF7ADFA10B14FF020
:105FD000FF30D9E7EAB2304B1B68597D2E4B5B6826
:105FE00018783346FCF7EEFA10B14FF0FF30CBE7EC
:105FF0000020C9E72DE9F04385B005460E469046DE
:106000009946254890F8250020B14FF0FF3005B0A3
:10601000BDE8F08316B94FF0FF30F8E7002423E025
:10602000281B102801DD102000E0281B87B2321940
:1060300039462046FFF764FF10B14FF0FF30E6E726
:1060400001AA39462046FFF798FF10B14FF0FF3004
:10605000DDE730193A4601A901F001F910B16FF0FE
:106060000100D4E7E01984B2AC42D9DB4FEA282022
:106070008DF8000008F0FF008DF80100064A126854
:10608000917E054A526810786B460222FCF74BFA63
:1060900038B103E0D88C0008880100204FF0FF30B1
:1060A000B5E701218A4880F82510A0F82690002045
:1060B000ADE70146864890F824000870002070473C
:1060C00002464FF0FF30704701464FF0FF307047F7
:1060D000F8B505460F461446002C70D0B5F5FF5FA5
:1060E00001DDFF2605E0202D01DA012601E0C5F3E0
:1060F000471607B90127282C02DD4FF0FF30F8BD05
:106100007348407D28BB724890F8240038B10020C5
:10611000FFF726FE01216E4880F8201003E00021E1
:106120006B4880F820106A481630FFF754F868482A
:106130001830FFF770F866481A30FFF790F8644897
:106140001C30FFF7B1F86248817A81771F30FFF782
:1061500005F90020FEF772F90020FEF78DFC002003
:106160008DF800005A4A12689178594A526810789E
:106170006B460122FCF7D7F910B14FF0FF30BEE7B4
:1061800040208DF80000524A1268D17B504A526874
:1061900010786B460122FCF7C6F900B165E08DF876
:1061A00000608DF801704A4A1268117A484A5268B4
:1061B00010786B460222FCF7B6F908B155E047E0CB
:1061C0000520FCF750F84248407A072101EBC00057
:1061D000C0B28DF800003E4A1268D1793C4A52683C
:1061E00010786B460122FCF79EF900B13DE02020BB
:1061F0008DF80000012C03D100208DF801000EE085
:10620000052C03DC01208DF8010008E0142C03DCD0
:1062100002208DF8010002E003208DF801009DF8B6
:106220000100072101EB8010C0B28DF80100284A5F
:106230001268917C264A526810786B460222FCF75D
:1062400072F900B111E0012121484175002056E7A3
:106250001F4A1632002103E0505C00B105E0491CE2
:106260000C29F9D34FF0FF3049E7FF201849087295
:10627000FF2117484172C1724FF6FF71C181FF21A2
:1062800081720174012101730146887FFEF793F941
:106290000F49C88AFEF7EBFC0D49087EFEF7A5FC06
:1062A0000B49488BFEF7A9FB0949888BFEF751FC87
:1062B0000749C87FFEF76CFB054890F8200010B135
:1062C0000120FFF74DFD002101484175002016E730
:1062D0008801002010B5C8234FF48062F74940F6CA
:1062E000F630FFF787FE10BD10B586B00446F4A067
:1062F00000680390F3A000680290F3A0006801908A
:10630000F2A00068009004F0030003A9085C8DF877
:10631000140003A8C4F3C101405C8DF8150003A864
:10632000C4F38111405C8DF8160004F0030002A94B
:10633000085C8DF8100002A8C4F3C101405C8DF820
:10634000110002A8C4F38111405C8DF8120005AA67
:10635000032140F22640FFF7D3FD18B14FF0FF3084
:1063600006B010BD04AA032140F22A40FFF7C8FD81
:1063700010B14FF0FF30F3E70198059000980490BA
:1063800004F0040058B19DF8140040F001008DF8AD
:1063900014009DF8100040F001008DF8100004F08A
:1063A000200058B19DF8150040F001008DF815004F
:1063B0009DF8110040F001008DF8110004F4807088
:1063C00058B19DF8160040F001008DF816009DF8B8
:1063D000120040F001008DF8120005AA03214FF4CD
:1063E0008860FFF78DFD10B14FF0FF30B8E704AAC9
:1063F000032140F23140FFF783FD10B14FF0FF3031
:10640000AEE7B34804810020AAE71FB50446B048B0
:10641000007A00F0030054F820000190AC48007AA4
:1064200000F0040010B1019840420190A848007AA1
:10643000C0F3C10054F820000290A548007A00F093
:10644000200010B1029840420290A148007AC0F3A7
:10645000811054F8200003909D48008900F480705A
:1064600010B10398404203909A49019880FB0101C2
:10647000800F40EA810001909649029880FB01104C
:10648000820042EA917002909249039880FB0110C9
:10649000820042EA917003900198000E8DF800008E
:1064A0000198000C8DF801000198000A8DF8020097
:1064B0000198C0B28DF803006A4604214FF474704D
:1064C000FFF71EFD18B14FF0FF3004B010BD029869
:1064D000000E8DF800000298000C8DF80100029863
:1064E000000A8DF802000298C0B28DF803006A46D7
:1064F00004214FF47570FFF703FD10B14FF0FF302A
:10650000E3E70398000E8DF800000398000C8DF867
:1065100001000398000A8DF802000398C0B28DF8BC
:1065200003006A4604214FF47670FFF7E9FCCCE7DC
:1065300070B588B0064601A8FEF7E9FEBDF8040074
:106540000021C90341EA5045C4036148007A00F0C4
:10655000030056F8200005905D48007A00F0040022
:1065600010B10598404205905948007AC0F3C10027
:1065700056F8200006905648007A00F0200010B12E
:106580000698404206905248007AC0F3811056F8AF
:10659000200007904E48008900F4807010B10798E1
:1065A000404207900598C117A0FB042301FB04316A
:1065B00000FB0510810041EA927005900698C11712
:1065C000A0FB042301FB043100FB0510810041EA1C
:1065D000927006900798C117A0FB042301FB0431B9
:1065E00000FB0510810041EA927007900598000EAB
:1065F0008DF808000598000C8DF809000598000A30
:106600008DF80A000598C0B28DF80B000698000EB0
:106610008DF80C000698000C8DF80D000698000A05
:106620008DF80E000698C0B28DF80F000798000E86
:106630008DF810000798000C8DF811000798000ADB
:106640008DF812000798C0B28DF8130002AA0C2131
:106650004FF42570FFF754FC08B070BD30B585B01D
:1066600004461DA207CA02AB07C3C82C03DD4FF0C6
:10667000FF3005B030BDC82090FBF4F0401E85B25D
:10668000280A8DF80000E8B28DF801006A46022160
:1066900040F21620FFF734FC10B14FF0FF30E8E76E
:1066A00002AA0C2140F6C120FFF72AFC10B14FF0DE
:1066B000FF30DEE7064884810020DAE7008D00081D
:1066C0004CCD6C000CC92C00365676002646660070
:1066D0002C03002009E3CA02FEF2ABC4AAF1DFDFFB
:1066E000BBAFDFDF0146FC4880890880002070478F
:1066F0002DE9FC4706460F4606F0070010B1B7F536
:10670000C86F03DD4FF0FF30BDE8FC87384601F06D
:106710000CF88146F14900F039FE80466846FEF7E4
:106720007AFD9DF80000022806D0042816D008281B
:1067300026D0102848D135E04FF08D41404600F07A
:10674000F3FD814601F020F884B2E549404600F0AF
:10675000EBFD814601F018F885B238E04FF08C412E
:10676000404600F0E1FD814601F00EF884B2DD49BB
:10677000404600F0D9FD814601F006F885B226E0DA
:106780004FF08B41404600F0CFFD814600F0FCFF0A
:1067900084B2D549404600F0C7FD814600F0F4FFC1
:1067A00085B214E04FF08A41404600F0BDFD8146BD
:1067B00000F0EAFF84B2CD49404600F0B5FD8146C5
:1067C00000F0E2FF85B202E04FF0FF309CE700BF2F
:1067D00020128DF80400E0B28DF8050028128DF823
:1067E0000600E8B28DF8070006F00100A0B101AA8A
:1067F00002214FF4EA70FFF783FB10B14FF0FF3036
:1068000082E70DF1060202214FF49270FFF778FB48
:1068100010B14FF0FF3077E706F00200A0B101AAF7
:1068200002214FF4EC70FFF76BFB10B14FF0FF301B
:106830006AE70DF1060202214FF49470FFF760FB46
:1068400010B14FF0FF305FE706F00400A0B101AADD
:1068500002214FF4EE70FFF753FB10B14FF0FF3001
:1068600052E70DF1060202214FF49670FFF748FB44
:1068700010B14FF0FF3047E7002045E738B5044638
:106880000020009004F0010020B19DF8000040F0CD
:106890003000009004F0020020B19DF8000040F0AC
:1068A0000C00009004F0040020B19DF8000040F0BE
:1068B000030000906A4601214FF4A470FFF720FB0B
:1068C00038BD38B50446012C01DA012402E0042C5D
:1068D00000DD0424601EC0B200906A46012140F22F
:1068E0004F10FFF70DFB38BD38B50446052094FB6B
:1068F000F0F085B228128DF80000E8B28DF80100A2
:106900006A4602214FF4EF70FFF7FAFA38BD38B546
:106910000446052094FBF0F085B228128DF80000A3
:10692000E8B28DF801006A4602214FF4ED70FFF7DE
:10693000E7FA38BDF8B505460E464FF47A7095FB78
:10694000F0F000FB06F4200E8DF80000200C8DF80E
:106950000100200A8DF80200E0B28DF803006A46BB
:1069600004214FF4AE70FFF7CBFAF8BD38B50446FA
:10697000052094FBF0F084B220128DF80000E0B204
:106980008DF801006A4602214FF4AD70FFF7B8FAA6
:1069900038BD38B50446052094FBF0F084B22012CF
:1069A0008DF80000E0B28DF801006A4602214FF434
:1069B000AC70FFF7A5FA38BD38B5044614B94FF0EE
:1069C000FF3038BD6A4604214FF45870FFF7D5FAFE
:1069D00010B14FF0FF30F4E79DF8000000069DF87D
:1069E000011040EA01409DF8021040EA01209DF8A4
:1069F0000310084320600020E3E738B50446200E6A
:106A00008DF80000200C8DF80100200A8DF802009E
:106A1000E0B28DF803006A4604214FF45870FFF786
:106A20006FFA38BD38B5044614B94FF0FF3038BDA1
:106A30006A4604214FF47170FFF79FFA10B14FF0CE
:106A4000FF30F4E79DF8000000069DF8011040EAD1
:106A500001409DF8021040EA01209DF80310084310
:106A600000EB8000800020600020E0E738B504469D
:106A70001420B4FBF0F4200E8DF80000200C8DF8EB
:106A80000100200A8DF80200E0B28DF803006A468A
:106A900004214FF47170FFF733FA38BD38B504465E
:106AA00064B120208DF8000028208DF801003020EE
:106AB0008DF8020038208DF8030004E0A3220421A1
:106AC000684600F0AEFB6A46042140F69E20FFF7C0
:106AD00017FAFDF779FE38BD2C030020000048436B
:106AE000000040460000C045000040450000C04492
:106AF00038B5044664B1C0208DF80000C2208DF87E
:106B00000100C4208DF80200C6208DF8030004E0C7
:106B10008B220421684600F084FB6A46042140F67B
:106B20009820FFF7EDF9FDF74FFE38BD3EB504465E
:106B30006CB1FDA1D1E900208968CDE90020029166
:106B40006A4609214FF49760FFF7DAF93EBDF9A2D2
:106B5000D2E900109268CDE9010200916A4609214C
:106B60004FF49760FFF7CCF9F0E73EB504460220FA
:106B70008DF80000CA208DF80100E3208DF8020096
:106B800009208DF803006A4604216820FFF7B8F950
:106B9000A3208DF8000004F0400048B1C0208DF81B
:106BA0000100C8208DF80200C2208DF8030006E025
:106BB000A3208DF801008DF802008DF8030004F485
:106BC000C07048B1C4208DF80400CC208DF80500B9
:106BD000C6208DF8060006E0A3208DF804008DF88D
:106BE00005008DF80600A3208DF807008DF8080039
:106BF0008DF809006A460A2140F6A720FFF780F9C0
:106C000004F0030018B120208DF8000002E0D82025
:106C10008DF800006A46012140F6B620FFF770F9B2
:106C200004F0200018B10120FFF780FF02E00020EF
:106C3000FFF77CFF04F4C07008B304F4807060B107
:106C4000B2208DF800008B208DF80100B6208DF861
:106C500002009B208DF803000BE0B0208DF80000AF
:106C600080208DF80100B4208DF8020090208DF86E
:106C700003006A46042140F6A220FFF741F904F020
:106C8000010020B3F8208DF800006A4601214FF47E
:106C90000B60FFF735F9FA210720FFF729FD0720E0
:106CA000FFF7ECFD0120FFF70CFE6420FFF71CFE50
:106CB0004FF4FA70FFF72BFEC821A148FFF73AFE08
:106CC0002820FFF753FE0A20FFF763FE08E0D820D4
:106CD0008DF800006A4601214FF40B60FFF710F9B0
:106CE00004F0020018B1D9208DF8000002E0D8208D
:106CF0008DF800006A46012140F23D70FFF700F96F
:106D000004F0040018B10120FFF7F2FE02E00020B9
:106D1000FFF7EEFE04F0100018B10120FFF7BEFEF1
:106D200002E00020FFF7BAFE44F0080085494881E0
:106D3000FDF74AFD00208349887304F0400018B134
:106D40000846807B801D887304F4C07020B17D48A4
:106D5000807B801D7B49887304F0140020B1794842
:106D6000807B10307749887304F0030020B17548A8
:106D7000807B001D7349887300203EBD0146714829
:106D800040890880002070472DE9F0410446E078F2
:106D900000F0C006E07800F03F05607800F00100E8
:106DA00098B1EF102846E91705EB5171C910A5EB12
:106DB000C101491C01F0FF086248006820B1614828
:106DC000414602683846904700BF607800F00800EE
:106DD00030B15C48406818B1B0115A4A51688847D0
:106DE0000020BDE8F08110B586B0044656A207CA5F
:106DF00003AB07C357A207CA8DE80700012C09D0CF
:106E0000022C0ED103AA0B2140F68220FFF778F85E
:106E100006B010BD6A460B2140F68220FFF770F8DD
:106E2000F6E74FF0FF30F3E72DE9F04F8DB007465E
:106E3000884615469946DDE9166B0024002030800F
:106E40004049887B5A4605A9FEF7BDFB18B1601E74
:106E50000DB0BDE8F08F3B48807A00F014000028A8
:106E600061D09DF8140000069DF8151040EA01401D
:106E70009DF8161040EA01209DF81710084328607D
:106E80009DF8180000069DF8191040EA01409DF891
:106E90001A1040EA01209DF81B10084368609DF815
:106EA0001C0000069DF81D1040EA01409DF81E10D0
:106EB00040EA01209DF81F100843A8609DF82000BB
:106EC00000069DF8211040EA01409DF8221040EA9A
:106ED00001209DF823100843E86004F11000C4B2BB
:106EE000286800140190686800140290A8680014D3
:106EF0000390E8680014049001984043029901FB54
:106F00000100039901FB0100049901FB010ABAF198
:106F1000706F02DBBAF1885F22DDFDF755FC0020BF
:106F20003080401E94E721E0B8AAB38DB4980D35A7
:106F30005D000000B8AAAAAAB088C3C5C7000000B7
:106F400009E3CA022C030020D8B1B9F38BA391B690
:106F500009B4D900DAB1B9F38BA391B6DAB4DA0087
:106F6000B6F9000040F48070308000BF7848807A25
:106F700000F0400020B305A9601C085C095D40EAF0
:106F8000012000B2A8F8000005A9E01C095C05AAD0
:106F9000A01C105C41EA002000B2A8F8020005A97C
:106FA000601D095C201D105C41EA002000B2A8F8B9
:106FB0000400A01DC4B2B6F9000040F00800308003
:106FC0006348408900F4C07008B305A9601C085CE0
:106FD000095D40EA012000B2388005A9E01C095C87
:106FE00005AAA01C105C41EA002000B2788005A927
:106FF000601D095C201D105C41EA002000B2B880D1
:10700000A01DC4B2B6F9000040F0700030805048B6
:10701000807A00F0030018B105A90819FFF7B4FE43
:107020004846FBF72CF9002012E70146484801606A
:1070300000207047014646484160002070470146E5
:1070400091F90020002A01DD00201EE091F90020C6
:10705000002A01DA042018E091F90120002A01DD5C
:10706000012012E091F90120002A01DA05200CE04C
:1070700091F90220002A01DD022006E091F90220A8
:10708000002A01DA062000E00720704770B50546A7
:107090002846FFF7D4FF0446E81CFFF7D0FF44EA78
:1070A000C00084B2A81DFFF7CAFF44EA801084B272
:1070B000204670BD70B588B002A905A8FEF795FE00
:1070C0000446032C3FD101A8FEF704F9059800F00F
:1070D00023FB0646019900F027F9054600F03BFB2B
:1070E0000590069800F018FB0646019900F01CF97F
:1070F000054600F030FB0690079800F00DFB0646B1
:10710000019900F011F9054600F025FB079005A84C
:10711000FFF77BF96846FEF7FAF8BDF80010029811
:1071200048430290BDF80010039848430390BDF80F
:10713000001004984843049002A8FFF7F9F905A04D
:10714000FDF735F802E00CA0FDF731F808B070BD8E
:107150002C03002073657474696E67206269617323
:107160002073756363657366756C6C79202E2E2EA3
:107170002E2E2E0A00000000626961732068617380
:10718000206E6F74206265656E206D6F646966693C
:107190006564202E2E2E2E2E2E0A00002DE9F041A1
:1071A0000024061B254671F1000605DA012400279C
:1071B000D0EB070067EB0101161E73F1000605DA3C
:1071C0000027D2EB0702012567EB030300F062FB07
:1071D00086460E4617469C46AC4204D00025D0EBAE
:1071E000050E65EB010624B10020D2EB000760EB31
:1071F000030C704631463A466346BDE8F08140EAEA
:1072000001039B0703D009E008C9121F08C0042A24
:10721000FAD203E011F8013B00F8013B521EF9D20B
:107220007047D2B201E000F8012B491EFBD2704733
:107230000022F6E710B513460A4604461946FFF742
:10724000F0FF204610BD421E12F8013F002BFBD17B
:1072500011F8013B02F8013B002BF9D1704730B522
:1072600004460020034600E05B1C934203D2E05C2E
:10727000CD5C401BF8D030BDF0B480EA0102D40FE1
:107280004200B2EB410F02D20246084611464A00C4
:1072900042D0C30DDDB2C1F3C752AD1A202D35DA8D
:1072A000C1F3160141F4000204B15242C5F12006B7
:1072B00002FA06F12A411044B3EBD05F23D0C4B1E7
:1072C000012DA0EBC35009DCF0BC4FF0004202EAF4
:1072D000C352DBB200F5000000F037BB400000F104
:1072E000807000EBC350A0F1807040EAD17049007B
:1072F00009E0490841EAC071A0EBC35000F5000065
:10730000400800EBC350F0BC00F016BB6142012204
:1073100002EB4101001BF6E7F0BC704781F0004131
:10732000AAE780F00040A7E780EA010210B502F06A
:107330000043400022D04A001FD0010E01EB126131
:10734000C0F35600C2F3560240F4000042F40002BB
:10735000A0FB022000047F39140400D0401C50EA36
:10736000124001D44000491EC2B20C0604EBD010FA
:10737000401C4008802A02D003E0002010BD20F00D
:107380000100002900DA0020184310BD30B480EA63
:10739000010202F0004530F0004221F0004013D01D
:1073A00090B1C30DD40DC2F31601C0F31600E41A58
:1073B00041F4000140F400027D34914201D3641C89
:1073C00000E04900002C02DA30BC002070474FF486
:1073D00000000023914201D3891A034340084FEA79
:1073E0004101F7D151B1914202D14FF0004105E086
:1073F00002D24FF0010101E06FF0010103EBC45034
:10740000284430BC00F098BA2DE9FE4F804681EA4E
:107410000300C00F0C46009021F0004123F000450E
:10742000B8EB0200A94105D24046214690461C46D1
:107430000B46024623F00040104347D0270DC7F308
:107440000A00C3F30A510290401A019040286BDAF7
:10745000C3F3130040F4801B0098924620B1002330
:10746000D2EB030A63EB0B0B01985946C0F14002C3
:10747000504600F040FA06460D4650465946019ADD
:1074800000F048FA10EB08006141002487EA11522D
:1074900084EAE7731A4340D0009A62B3019A012A42
:1074A0004FEA075215DC001B61EB02014FF000426E
:1074B00002EA0752CDE90042001C41F58011324634
:1074C0002B4600F07FFA03B0BDE8F08F404621461E
:1074D000F9E7001B61EB0201001C41F58013001865
:1074E0005B412018A2F5001747EB030140EAD57075
:1074F000B6196D4111E06D084FEA360645EAC075D0
:107500004FEA0752001B61EB0201001C41F580119C
:1075100049084FEA30000019514132462B4603B06A
:10752000BDE8F04F00F03FBA009801224000002370
:10753000D0EB020263EBE073009821464FEAE0745F
:10754000B8EB000061EB0401E9E783F000435BE77F
:1075500081F0004158E72DE9FE4F81EA030404F071
:10756000004421F0004100944FF0000B23F0004351
:1075700050EA01045ED052EA03045BD0C3F30A541C
:10758000C1F30A552C44A4F2F3340194A0FB025435
:10759000C1F3130141F48011C3F3130343F48013C7
:1075A00001FB024400FB034E840A970A44EA81541B
:1075B00047EA8357A4FB076802958D0A05FB0785F8
:1075C0004FEA932C04FB0C542705029D4FEA065802
:1075D00047EA1637B5EB08056EEB070C870E920EDF
:1075E00047EA811742EA8312A7FB0201B6EB0B01BF
:1075F00064EB00042B0D43EA0C335E1844EB1C5083
:10760000DA465146E7FB0201C5F313044FEA0B3398
:1076100043EA14534FEA0432019C43EA0603A4F1FF
:107620000C040294009CCDE900B400F0CBF903B047
:10763000BDE8F08F00200146F9E72DE9F04D81EA21
:10764000030404F0004B21F0004514464FF0000AFB
:1076500023F0004150EA050220D054EA01021DD077
:10766000C5F30A570246C5F31303C1F31300C1F370
:107670000A5640F4801543F48013A7EB0608101B4C
:10768000D64608F2FD3873EB050002D308F1010875
:1076900001E092185B41B8F1000F03DA00200146C7
:1076A000BDE8F08D00204FF48011064684460EE0C0
:1076B000171B73EB050705D3121B63EB050306438A
:1076C0004CEA010C49084FEA300092185B4150EA3D
:1076D0000107EDD152EA030012D082EA040083EAE6
:1076E0000501084305D0101BAB4106D2012200233F
:1076F00006E000224FF0004302E06FF00102531059
:107700001AEB06004CEB085110EB0A0041EB0B01A1
:10771000BDE8F04D00F047B9C10F80EAE0700844C1
:10772000CA079623002100F010B9962300221146C3
:1077300000F00BB90EB5C10F80EAE0700844CA072B
:10774000002140F233438DE80E000A460B4600F05C
:1077500039F903B000BD00F0004220F00040C10D37
:10776000C0F3160040F400007F2901DA00207047C2
:10777000962903DCC1F19601C84001E096398840A2
:10778000002AF4D04042704720F00040C10DC0F301
:10779000160040F400007F2901DA00207047962986
:1077A00003DCC1F19601C8407047963988407047A4
:1077B00000F0004230F000400AD0C10D01F56071C8
:1077C000C0F3160042EA0151C20840071143704756
:1077D000002001467047000030B5041E71F100041E
:1077E00004DB4FF00044404264EB0101141E73F1CE
:1077F000000405DB1C464FF00043524263EB0403D8
:107800008B4208BF824230BD01F0004330B421F00A
:10781000004150EA010206D00A0DA2F56072C1F3E0
:107820001301002A02DC30BC00207047440F44EAF8
:10783000C104C100E01830BC00EBC25000F07CB8BD
:10784000002801DBC0F10040002901DBC1F100414B
:1078500081427047002801DBC0F10040002901DBB4
:10786000C1F100418842704730B50B460146002007
:107870002022012409E021FA02F59D4205D303FAF2
:1078800002F5491B04FA02F52844151EA2F1010273
:10789000F1DC30BD2DE9F05F0546002092469B46A5
:1078A00088460646814640241BE028464146474616
:1078B000224600F02FF953465A46C01A914110D380
:1078C00011461846224600F016F82D1A67EB0108FB
:1078D0004F4622460120002100F00DF817EB000969
:1078E0004E41201EA4F10104DFDC484631462A4601
:1078F0004346BDE8F09F202A04DB203A00FA02F15B
:10790000002070479140C2F1200320FA03F319438D
:1079100090407047202A06DBCB17203A41FA02F04C
:1079200043EAE07306E041FA02F3D040C2F12002DC
:1079300091400843194670470029A8BF7047401C72
:10794000490008BF20F00100704710B4B0FA80FC75
:1079500000FA0CF050EA010404BF10BC704749B1B2
:10796000CCF1200421FA04F411FA0CF118BF012122
:1079700021430843A3EB0C01CB1D4FEA00614FEA02
:10798000102042BF002010BC704700EBC3501044D1
:107990000029A4BF10BC7047401C490008BF20F05C
:1079A000010010BC704710B5141E73F1000408DA12
:1079B000401C41F1000192185B411A4301D120F0B3
:1079C000010010BD2DE9F04D92469B4611B1B1FA70
:1079D00081F202E0B0FA80F220329046FFF78BFF8E
:1079E00004460F4640EA0A0041EA0B0153465A4654
:1079F000084313D0114653EA010019D0C8F14002E0
:107A0000504600F087F805460E4650465946424615
:107A1000FFF771FF084305D0012004E020463946F6
:107A2000BDE8F08D0020054346EAE0762C4337435D
:107A30000A986305E40AA0EB08000022FD0A44EA64
:107A400047540A3002D500200146E9E70105101924
:107A50006941DDE9084500196941BDE8F04DA2E73B
:107A600070B521F0004303430CD0C1F30A55002444
:107A7000D5EB040564EB0403D617AD1AB34102DB62
:107A80000020014670BD201841EB025170BDC1F3CA
:107A90000A52C1F3130140F2FF3341F480119A42BC
:107AA00002DA00200146704740F233439A42A2F2C4
:107AB000334202DC524200F02DB8FFF71CBF000039
:107AC00030B5041E71F1000404DB4FF00044404265
:107AD00064EB0101141E73F1000405DB1C464FF03A
:107AE0000043524263EB0403994208BF904230BD09
:107AF000064C074D06E0E06840F0010394E80700FB
:107B000098471034AC42F6D3F8F7F4FA389A0008E4
:107B1000589A0008202A04DB203A21FA02F00021BA
:107B2000704721FA02F3D040C2F12002914008438D
:107B3000194670472DE9F04D00231A461B1A8A4159
:107B400003DB00200146BDE8F08DC1F30A52C1F30A
:107B5000130141F480154FF0000BD10702D100183A
:107B60006D41521E0027044640F2FF11384601EBDA
:107B7000620A3E468046024600204FF48011FFF71D
:107B8000C9FFC2197141BB1846EB0100B4EB030CED
:107B900075EB000C04D3E41A65EB000517460E469E
:107BA000241908F101006D4180463428E3DDF919FC
:107BB00046EB0600091BA84103D24FF0FF321346E3
:107BC00001E0002213461BEB070046EB0A51BDE81B
:107BD000F04DFFF7E8BE70B58C1810F8015B15F09A
:107BE000070301D110F8013B2A1106D110F8012B2F
:107BF00003E010F8016B01F8016B5B1EF9D12B0754
:107C000005D40023521E0DD401F8013BFAE710F809
:107C1000013BCB1A921C03E013F8015B01F8015BF6
:107C2000521EF9D5A142D8D3002070BD0FB4084B25
:107C300010B504A902AA039800F060F9044602A94D
:107C4000002000F0F2FC204610BC5DF814FB0000A0
:107C50002B860008490050EAC12018BF04204A0DB5
:107C600018BF40F0010040F2FF72B2EB515F08BF55
:107C700040F00200012808BF052070472DE9F041BF
:107C80004F1E00EBC7010446D1E9000115461E4610
:107C900037F006020DD02A463346FFF75CFC7F1E04
:107CA00004EBC703D3E90023FFF7AEFB37F006026E
:107CB000F1D1022F25D0042F13D0062F18BFBDE815
:107CC000F0812A463346FFF746FCD4E90A23FFF742
:107CD0009BFB2A463346FFF73EFCD4E90823FFF717
:107CE00093FB2A463346FFF736FCD4E90623FFF719
:107CF0008BFB2A463346FFF72EFCD4E90423FFF71B
:107D000083FB2A463346FFF726FCD4E90223FFF71C
:107D10007BFB2A463346FFF71EFCD4E90023BDE86F
:107D2000F041FFF771BB0122FFF79ABEFFF76CBB72
:107D30000022134610461146FFF77FBC024A00207E
:107D40001107FFF78DBE000001FDFFFF02E008C82C
:107D5000121F08C1002AFAD170477047002001E0C5
:107D600001C1121F002AFBD17047000001490860C1
:107D700070470000B40100202DE9FF5F82B00021B0
:107D8000DDE90430020DDDF840B0034318D044F6BD
:107D90001050A2F2FF3242431514119801281FD04F
:107DA000A5EB0B00401C5FEA000A4FF000064E4FA7
:107DB000DFF83891B046504615D5CAF1000413E0FB
:107DC000119801244AA3012801D16FEA0B010298FE
:107DD000119AC0E90031C0E9024206B0BDE8F09F47
:107DE000CBF10000DFE704460021404A491842EB8E
:107DF0000450CDE9001012E0E00707D032463B46C0
:107E000040464946FFF7A7FB8046894632463B4637
:107E100010461946FFF79FFB06460F466410002CDC
:107E2000EAD1DDE90401DDE90023BAF1000F06DA49
:107E3000FFF791FB42464B46FFF78DFB05E0FFF74E
:107E4000FCFB42464B46FFF7F8FB04460E46002279
:107E5000284BFFF735FE03D84FF0FF30014607E00F
:107E60000022254B20463146FFF7CEFAFFF70FFEE2
:107E7000102409E0002C0ADB0A220023FFF70AFD88
:107E8000039B30321A55641E50EA0102F2D1641C81
:107E9000039AC4F111031444119A012A03D0012258
:107EA00008430DD10AE0084304D000204FF0110B25
:107EB000119072E7A3EB0B056D1E0DE05B4504DD31
:107EC0004FF0000205F1010504E003DA4FF0000273
:107ED000A5F10105002AECD002981199C0E9023100
:107EE000C0E9004579E70000000014400000F03FC1
:107EF000300000000000F0430000E03F2DE9FF4F9C
:107F000095B09B468946064600250FE2252877D185
:107F100000242746F84A0121059400E0044316F89E
:107F2000013F203B01FA03F01042F7D130782A28B4
:107F300011D06FF02F033078A0F13002092A16D843
:107F4000059A44F0020402EB820203EB4202104461
:107F5000761C0590EFE759F8042B0592002A03DA06
:107F6000504244F40054059044F00204761C3078EA
:107F70002E2816D116F8010F44F004042A280DD03B
:107F80006FF02F023078A0F13003092B09D807EBEE
:107F9000870302EB4303C718761CF3E759F8047B09
:107FA000761C30786C280FD006DC4C2817D0682857
:107FB0000DD06A2814D104E0742810D07A280FD18B
:107FC0000DE044F400140AE044F4801401E044F4A9
:107FD00040147278824202D104F58014761C761C1B
:107FE000307866280BD013DC582877D009DC0028BD
:107FF00075D04528F6D04628F4D047281AD19DE1FF
:1080000018E0632835D0642879D0652812D195E12D
:10801000702873D008DC6728F1D069286FD06E28EB
:108020000DD06F2806D1B5E073282CD0752875D0F7
:10803000782874D05A46179990476D1C75E1C4F39F
:108040000250022809D003280DD0D9F800100428C6
:108050000DD00D6009F1040967E1D9F80010EA17A5
:10806000C1E90052F6E7D9F800100D80F2E70D7073
:10807000F0E719F8041B8DF8001000208DF80100BE
:10808000EA46012003E059F804AB4FF0FF306107E6
:108090004FF0000102D40DE008F101018846B94219
:1080A0000FDA8045F8DB1AF808100029F4D108E04F
:1080B00008F1010188468142FADB1AF8081000290C
:1080C000F6D105985B46A0EB080721463846179A7B
:1080D00000F094FA284400EB080507E04DE029E1A0
:1080E0000DE01AF8010B5A4617999047B8F10108AC
:1080F000F7D25B4621463846179A13E142E00A223E
:108100000092C4F302524FF0000A022A08D059F834
:1081100004CB032A4FEAEC710AD00DE029E02AE0F3
:1081200009F1070121F00702F2E802C1914609E0D6
:108130000FFA8CFC4FEAEC71042A03D14FFA8CFC45
:108140004FEAEC71002907DA0A460021DCF1000C45
:1081500061EB02012D2202E0220504D52B228DF8CD
:108160000420012203E0E20701D02022F7E7904635
:1081700059E00A2102E010220DE010214FF0000A20
:1081800000910BE010224FF0000A44F0040408278D
:10819000009203E008224FF0000A0092C4F302525A
:1081A000022A05D059F804CB0021032A08D009E09F
:1081B00009F1070121F00702F2E802C1914605E04A
:1081C0001FFA8CFC042A01D10CF0FF0C4FF00008C0
:1081D000220728D5702806D0009B83F0100353EAAD
:1081E0000A0305D00EE040228DF80420012208E0A9
:1081F0005CEA010206D030228DF804208DF80500DB
:1082000002229046009B83F0080353EA0A030AD136
:108210005CEA010201D1620705D530228DF8042005
:108220004FF001087F1E582804D034A003900EA8F8
:1082300002900DE036A0F9E753466046009AFFF73A
:1082400029FB84460398825C0298401E02900270CB
:108250005CEA0100F0D1029806A9081A00F1200A90
:10826000600702D524F4803400E00127574502DD81
:10827000A7EB0A0000E0002000EB0A01009005983F
:108280004144401A0590E00306D45B462146179A04
:10829000059800F0B3F90544002706E001A85A4606
:1082A000C05D179990476D1C7F1C4745F6DBE003C6
:1082B0000CD55B462146179A059800F09FF90544B6
:1082C00004E030205A46179990476D1C0099481ECB
:1082D00000900029F5DC08E0029802995A460078DF
:1082E000491C0291179990476D1CBAF10001AAF13F
:1082F000010AF1DC65E10000092801003031323368
:1083000034353637383961626364656600000000D1
:1083100030313233343536373839414243444546BB
:108320000000000000F058F90544761C3078002861
:108330007FF4ECAD19B02846BDE8F08F620700D499
:10834000062709F1070222F0070CFCE80223E146A8
:1083500003F000485FEA080C02D00FF2702C0DE029
:108360005FEA045C02D50FF2682C07E05FEAC47C88
:1083700002D00FF2602C01E0AFF2700C4FF0FF382A
:1083800023F00043CDF850C065280CD006DC45280A
:1083900009D046281DD047283DD13DE0662818D099
:1083A00067287ED138E00021112F01DB112000E089
:1083B000781CCDE9000106A90EA8FFF7DDFCDDE978
:1083C0000F010E9A03910021009207F1010A049116
:1083D0004DE04FF000400097CDE9011006A90EA82E
:1083E000FFF7CAFCDDE90F0203920E9B11990022F0
:1083F000DDF80CA00093049211B9791C00EB010A7E
:10840000B7EB0A0004D4C0F1FF3007F1010A049071
:10841000AAEB0700019044E0012F00DA01270021B8
:10842000112F01DD112000E03846CDE9000106A939
:108430000EA8FFF7A1FCDDE90F010E9A03910021C0
:1084400004910092BA4621070CD40399514500DAF1
:108450008A46BAF1010F05DD009AAAF10101515CCB
:10846000302908D0B84202DA10F1040F06DA0121EF
:10847000CDE9011015E0AAF10101E9E7002805DCCA
:10848000049901440491AAEB000102E0411C51450A
:1084900000DD8A460499401A401C01904FF00040CC
:1084A0000290200704D40198504501DBCDF80480E8
:1084B00000208DF84F0002980DF14F07B0F1004FEA
:1084C00025D02B200E9002984FF0020800280CDADD
:1084D000404202902D200E9007E00A210298FFF7FB
:1084E000C3F93031029007F8011DB8F10001A8F17D
:1084F0000108F2DC02980028EFD1791E0E9808706E
:10850000307800F0200040F0450007F8020D12A876
:10851000C01B00F107081498007800B1012000EB9F
:108520000A01019801EBE07105984144401A401E90
:108530000590E00306D45B462146179A059800F0A3
:108540005DF805441498007818B15A461799904779
:108550006D1CE00324D55B462146179A059800F070
:108560004DF805441CE00498002807DBDDE9030111
:10857000884203DD0098405C179901E0179930208C
:108580005A469047049805F10105401C0490019853
:10859000401E019004D12E205A46179990476D1C19
:1085A000BAF10001AAF1010ADDDC05E017F8010BC0
:1085B0005A46179990476D1CB8F10001A8F10108BF
:1085C000F4DC5B462146179A0598ABE62D000000C7
:1085D0002B000000200000002DE9F041044600259A
:1085E0001E461746880404D405E039462020B047CB
:1085F0006D1C641EF9D52846BDE8F0812DE9F041D7
:10860000044600251E469046C80301D5302700E0E9
:108610002027880404D505E041463846B0476D1C44
:10862000641EF9D52846BDE8F0810A68531C0B602A
:10863000107070472DE9F04D8D4F21F0004A86B043
:1086400005460C46BA452ADBAAEB070028430AD0A8
:108650008848824501DC1AD1CDB106B02846BDE874
:10866000F04DFFF760BB844A844B2846FEF773FF4A
:1086700007460E46824A834B28462146FEF76BFF8B
:1086800006B03A463346BDE8F04DFEF7BDBE0120C8
:10869000FFF76CFB06B0BDE8F04DFFF749BB7A4829
:1086A000824542DABAF1795F0BDA2846FFF7D2FA4F
:1086B000042808BFFFF742FB284606B02146BDE864
:1086C000F08D2A460B461046FEF745FF83460246CC
:1086D0006E480E460B4606217844FFF7CFFA5A46FD
:1086E0003346FEF738FF804669488A465A46334685
:1086F00004217844FFF7C2FA5A463346FEF72BFFAF
:1087000000223B46FEF780FE02460B46404651469D
:10871000FEF793FF2A462346FEF71DFF06B02A46C2
:108720002346BDE8F04DFEF76FBE284624F0004119
:1087300000223D463B46FEF70BFF4FF0FF32FFF7AE
:108740008FF90646024653480F460B4606217844E9
:10875000FFF794FA32463B46FEF7FDFECDE90001F5
:108760004D4832463B4604217844FFF787FA3246AB
:108770003B46FEF7F0FE00222B46FEF745FE834601
:1087800002913046394600F05DFA804643480D4676
:10879000504517DCDDE900015A46029BFEF74DFF0C
:1087A00042462B46FEF7D7FE42462B46FEF72CFEEE
:1087B0000122FFF755F9304A304BFEF7C6FE304A2A
:1087C000304B4CE04FF0000A52460B464046FEF755
:1087D0001BFECDE9031052462B4610461946FEF704
:1087E000BAFE32463B46FEF7B3FEDDE90332FEF742
:1087F00024FF06460F46DDE900015A46029BFEF7BC
:108800001CFF83460091012230463946FFF728F9C4
:10881000194A1A4BFEF79CFE06460F4601224046B7
:108820002946FFF71DF95A46009BFEF794FE324693
:108830003B46FEF78AFE06460F4601225046294671
:10884000FFF70EF90E4DDFF858802A464346FEF733
:108850007FFE32463B46FEF77BFE2A464346FEF746
:1088600077FE002CD8BF81F0004106B0BDE8F08D46
:108870000000F03F0000F07F075C143326A6913C17
:10888000182D4454FB21F93F0000E03F1C1200006A
:1088900032120000A6110000BC1100003333EF3F7C
:1088A000FB21E93F2DE9F84F04460D4621F0004039
:1088B00000917349814211DC7249884201DC06D182
:1088C0002CB120462946BDE8F84FFFF72CBA6E4878
:1088D000002DCCBF6D496E49BDE8F88F6D498142CE
:1088E00011DD6D498142D8BF4FF0FF366DDD204666
:1088F0002946FFF7AFF9042808BFFFF71FFA204603
:108900002946BDE8F88F6549654F25F0004581424D
:1089100033DD6449814219DD002632464FF0804341
:1089200020462946FEF770FD80468A4601222046F1
:108930002946FFF795F800223B46FEF706FE424621
:108940005346FEF77AFE04460D463EE0012600221D
:10895000BA463B4620462946FEF756FD80460F465E
:108960000022534620462946FEF7EFFD42463B468D
:10897000FEF763FE04460D4627E04B4981421BDDAE
:10898000DFF828A102260022534620462946FEF79A
:10899000E2FD00223B46FEF737FD80460F460022EF
:1089A000534620462946FEF7D0FD42463B46FEF799
:1089B00044FE04460D4608E0032622462B460020CE
:1089C0003B49FEF73AFE04460D4622462B4610462A
:1089D0001946FEF7C0FD8B46824602460B46FEF75F
:1089E000BAFD07460246334888460B4606217844BE
:1089F000FFF744F952465B46FEF7ADFD82462E482E
:108A00008B463A46434605217844FFF737F93A4604
:108A10004346FEF7A0FD02460B46002E504659463F
:108A20000CDAFEF7F1FC22462B46FEF794FD01B06E
:108A300022462B46BDE8F04FFEF78ABDFEF7E4FC68
:108A400022462B46FEF787FD1C4A7A4402EBC603FA
:108A5000D3E90023FEF779FD22462B46FEF775FD8C
:108A6000174A7A4402EBC603D3E90023FEF770FDF0
:108A7000009A002AB8BF81F00041BDE8F88F0000DD
:108A8000000010440000F07F182D4454FB21F93FF2
:108A9000FB21F9BF0000DC3F0000203E0000F33F57
:108AA0000000F03F0000E63F008003400000F83F78
:108AB0000000F0BFBE0F00007C0F00001A0F000086
:108AC000E20E00002DE9F04D9446CCF1000423F0B5
:108AD00000464CEA0404524F46EAD4749A4688464B
:108AE00021F00042BC4206D8454240EA050442EA71
:108AF000D474BC4204D9BDE8F04D6246FFF716B904
:108B0000AAF14055A5F17F6555EA0C040BD002246B
:108B100004EAAA74434DDFF810E144EAD87452EA3B
:108B2000000B04D00CE0BDE8F04DFFF7BBBE002CFD
:108B300014BF012CBDE8F08D022C30D0032C32D0B4
:108B400056EA0C0B0AD0BE4220D1BA4209D126F017
:108B5000804622F080423346114617E000291ADB96
:108B600025E0DFF8C8B0FB44002C04BFDBE90001BE
:108B7000BDE8F08D012C02BFDBE9000181F000416E
:108B8000BDE8F08D022C0AD0032C0CD0BA4212D1D1
:108B9000B8F1000F0BDA23482549BDE8F08D2846CF
:108BA0002449BDE8F08D28467146BDE8F08D1D488A
:108BB0002149BDE8F08D921B12153C2AC4BF19480B
:108BC0001D490EDCBAF1000FBEBF12F13C0F0020B0
:108BD000014606DB6246FEF730FD21F00041FFF75B
:108BE00061FE002C08BFBDE8F08D012C04BF81F0B0
:108BF0000041BDE8F08D114A114B022C07D0FEF761
:108C0000A4FC2A46BDE8F04D0A4BFEF79EBCFEF7D9
:108C10009CFC2A46BDE8F04D064BFEF799BC0000CF
:108C20000000F07F182D4454FB2109C0760E00008F
:108C3000FB21F9BFFB210940FB21F93F075C1433FD
:108C400026A6A13C2DE9F04106460F46FEF772FF2D
:108C5000041E0D4618BF0120284320F00040C0F13B
:108C60007F6000F1E040C00F0ED0301C18BF012023
:108C7000384320F00040C0F17F6000F1E040C00FB9
:108C800004BF0120FFF772F820462946BDE8F081B5
:108C90009A99999999E96740E17A14AE47E1CA3FF8
:108CA00000000000000020409A9999999999D93FB5
:108CB0006800000476005401F7FD000175191A0CD4
:108CC0006A231B1C1F207274433B4138393A6B6C7A
:108CD000376F06246D6E70008300000000080000EE
:108CE0000001001832000500000020410000D242BF
:108CF000295C0F3E9A99993E3333733F295C0F3EAE
:108D000000007000000000240000000200030000CA
:108D100000650054FFEF0000FA80000B1282000192
:108D2000030C30C30E8C8CE914D5400213710F8EE6
:108D30003883F8833000F883258EF8833000F88379
:108D4000FFFFFFFF0FFEA9D6240004001A8279A1BD
:108D50000000003CFFFF00000010000038836FA2FD
:108D6000003E03304000000002CAE3093E800000DC
:108D70002000000000000000400000006000000033
:108D8000000C0000000C186E000006920A16C0DFEE
:108D9000FFFF0256FD8CD377FFE1C496E0C5BEAA63
:108DA00000000000FFFF0B2B0000165700000359C6
:108DB0004000000000001DFA00026C1D00000000D1
:108DC0003FFFDFEB003EB3B6000D227800002F3CE2
:108DD00000000000001942B5000039A20000B36590
:108DE000D90E9FC91DCF4C34300000005000000048
:108DF0003BB67AE80064000000C8000000000000F4
:108E0000100000001000FA921000225E000D229F58
:108E10000001000000320000FF46000063D40000A3
:108E20001000000004D6000004CC000004CC0000B8
:108E30000000107200000040000000000000000070
:108E400000060002000500070000000000640000AA
:108E50000000000000000005000500640020000084
:108E600000000000000000000000400000000300BF
:108E700000000032F8980000FF650000830F00003A
:108E8000FF9BFC000000000000000000000000004C
:108E900000000000000000000000000000000000D2
:108EA00000000000000000000000000000001000B2
:108EB00040000000000000060000B26A000200004E
:108EC0000001FB830068000000D9FC007CF1FF83F7
:108ED0000000000000650000006403E80064002852
:108EE000000000250000000016A000000000100097
:108EF00000001000002F0000000001F4000010002E
:108F000000280000FFFF4581FFFFFA72000000000B
:108F100000000000004400050005BAC6004778A222
:108F20000000000100000000000006000000001426
:108F30000000254D002F706D000005AE000C02D022
:108F40000000000000000000000000000000000021
:108F5000001B0000000000000000000000000000F6
:108F60000064000000080000000000000000000095
:108F700000000000000000000000000000000000F1
:108F800000000000000000000000000000000000E1
:108F900000000000000000000000000000000000D1
:108FA00000000000000000000000000000000000C1
:108FB00000000000000000000000000000000000B1
:108FC000001B00000000000000000000000E000E6A
:108FD00000000AC70004000000000032FFFFFF9CF1
:108FE00000000B2B000000020000000100000064E4
:108FF000FFE500000000000000000000000000008D
:10900000000000010000000000010000000000005E
:10901000000180000001800000018000002426D3B0
:109020000000000000000000000600100096003C58
:109030000000000000000000000000000000000030
:109040000C0A4E68CDCF770950166759C619CE82E3
:109050000000000000000000000000000000000010
:10906000000000000000000017D78400030000008B
:109070000000000000000000C7938F9D1E1B1C19FC
:1090800000000000000000000000000000000000E0
:1090900000000000000000000203188500004000EE
:1090A00000000003000000030000000000000000BA
:1090B0004000000000000000000000000000000070
:1090C00000000000000000000000000000000000A0
:1090D0000000000000000000000000000000000090
:1090E00000000000677DDF7E72902E554CF6E6880A
:1090F0000000000000000000000000000000000070
:10910000D8DCB4B8B0D8B9ABF3F8FAB3B7BB8E9E1D
:10911000AEF132F51BF1B4B8B08097F1A9DFDFDF13
:10912000AADFDFDFF2AAC5CDC7A90CC92C97F1A928
:1091300089264666B28999A92D557DB0B08AA89630
:10914000365676F1BAA3B4B280C0B8A89711B283EC
:1091500098BAA3F0240844106418B2B9B49883F103
:10916000A329557DBAB5B1A38393F0002850F5B279
:10917000B6AA839328547CF1B9A3829361BAA2DA88
:10918000DEDFDB819AB9AEF5606870F1DABAA2DF92
:10919000D9BAA2FAB9A38292DB31BAA2D9BAA2F89B
:1091A000DF85A4D0C1BBAD83C2C5C7B8A2DFDFDFF6
:1091B000BAA0DFDFDFD8D8F1B8AAB38DB4980D35E7
:1091C0005DB2B6BAAF8C96198F9FA70E161EB49AD1
:1091D000B8AA872C547CBAA4B08AB691325676B21B
:1091E0008494A4C808CDD8B8B4B0F19982A82D55FC
:1091F0007D98A80E161EA22C547C92A4F02C5078B8
:10920000F184A898C4CDFCD80DDBA8FC2DF3D9BA05
:10921000A6F8DABAA6DED8BAB2B68696A6D0F3C851
:1092200041DAA6C8F8D8B0B4B882A892F52C548810
:1092300098F135D9F418D8F1A2D0F8F9A884D9C793
:10924000DFF8F883C5DADF69DF83C1D8F40114F1F0
:10925000A8824EA884F311D182F5D992289788F17B
:1092600009F41C1CD884A8F3C0F9D1D99782F1293C
:10927000F40DD8F3F9F9D1D982F4C203D8DEDF1A9C
:10928000D8F1A2FAF9A88498D9C7DFF8F8F883C70B
:10929000DADF69DFF883C3D8F40114F198A8822ECD
:1092A000A884F311D182F5D992509788F109F41C62
:1092B000D884A8F3C0F8F9D1D99782F149F40DD830
:1092C000F3F9F9D1D982F4C403D8DEDFD8F1AD883F
:1092D00098CCA809F9D98292A8F57CF1883ACF9464
:1092E0004A6E98DB6931DAADF2DEF9D88795A8F2DB
:1092F00021D1DAA5F9F417D9F1AE8ED0C0C3AE8270
:10930000C684C3A88595C8A588F2C0F1F4010EF102
:109310008E9EA8C63E56F554F18872F40115F19858
:1093200045856EF58E9E0488F142985A8E9E068879
:1093300069F4011CF1981E1108D0F504F11E970282
:1093400002983625DBF9D985A5F3C1DA85A5F3DFC7
:10935000D88595A8F309DAA5FAD88292A8F578F10C
:10936000881A849F26889821DAF41DF3D8879F39BC
:10937000D1AFD9DFDFFBF9F40CF3D8FAD0F8DAF982
:10938000F9D0DFD9F9D8F40BD8F3879F39D1AFD909
:10939000DFDFF41DF3D8FAFCA869F9F9AFD0DADE03
:1093A000FAD9F88F9FA8F1CCF398DB45D9AFDFD07D
:1093B000F8D8F18F9FA8CAF38809DAAF8FCBF8D815
:1093C000F2AD978D0CD9A5DFF9BAA6F3FAF412F233
:1093D000D8950DD1D9BAA6F3FADAA5F2C1BAA6F397
:1093E000DFD8F1BAB2B68696A6D0CAF349DAA6CBD0
:1093F000F8D8B0B4B8D8AD84F2C0DFF18FCBC3A831
:10940000B2B68696C8C1CBC3F3B0B48898A821DBA6
:10941000718D9D71859521D9ADF2FAD88597A828CF
:10942000D9F408D8F28D29DAF405D9F285A4C2F26C
:10943000D8A88D9401D1D9F411F2D88721D8F40A93
:10944000D8F28498A8C801D1D9F411D8F3A4C8BB24
:10945000AFD0F2DEF8F8F8F8F8F8F8F8D8F1B8F686
:10946000B5B9B08A95A3DE3CA3D9F8D85CA3D9F8E6
:10947000D87CA3D9F8D8F8F9D1A5D9DFDAFAD8B1D0
:109480008530F7D9DED8F830ADDADED8F2B48C9971
:10949000A32D557DA083DFDFDFB591A0F629D9FB91
:1094A000D8A0FC29D9FAD8A0D051D9F8D8FC51D9E4
:1094B000F9D879D9FBD8A0D0FC79D9FAD8A1F9F993
:1094C000F9F9F9A0DADFDFDFD8A1F8F8F8F8F8AC9D
:1094D000DEF8ADDE8393AC2C547CF1A8DFDFDFF641
:1094E0009D2CDAA0DFD9FADB2DF8D8A850DAA0D06D
:1094F000DED9D0F8F8F8DB55F8D8A878DAA0D0DFB4
:10950000D9D0FAF8F8F8F8DB7DF8D89CA88CF530BB
:10951000DB38D9D0DEDFA0D0DEDFD8A848DB58D9D1
:10952000DFD0DEA0DFD0DED8A868DB70D9DFDFA017
:10953000DFDFD8F1A888902C547C98A8D05C38D173
:10954000DAF2AE8CDFF9D8B087A8C1C1B188A8C65D
:10955000F9F9DA36D8A8F9DA36D8A8F9DA36D8A877
:10956000F9DA36D8A8F9DA36D8F78D9DADF818DAD9
:10957000F2AEDFD8F7ADFA30D9A4DEF9D8F2AEDE1C
:10958000FAF983A7D9C3C5C7F1889BA77AADF7DEDF
:10959000DFA4F8849408A797F300AEF29819A48882
:1095A000C6A39488F632DFF28393DB09D9F2AADFEF
:1095B000D8D8AEF8F9D1DAF3A4DEA7F1889B7AD82F
:1095C000F38494AE19F9DAAAF1DFD8A881C0C3C533
:1095D000C7A39283F628ADDED9F8D8A350ADD9F849
:1095E000D8A378ADD9F8D8F8F9D1A1DADEC3C5C7C8
:1095F000D8A18194F818F2B089ACC3C5C7F1D8B826
:10960000B4B09786A8319B069907AB9728889BF042
:109610000C201440B0B4B8F0A88A9A285078B79BB0
:10962000A8295179247059446938644831F1BBAB99
:1096300088002C547CF0B38BB8A804285078F1B083
:1096400088B49726A85998BBABB38B02264666B060
:10965000B8F08A9CA82951798B2951798A247059AC
:109660008B2058718A4469388B3940688A64483144
:109670008B30496088F1AC002C547CF08CA8042815
:109680005078F1889726A85998AC8C02264666F047
:10969000899CA8295179247059446938644831A9B2
:1096A0008809205970AB11384069A8193148608C7D
:1096B000A83C415C207C00F187981986A86E767ED4
:1096C000A999882D557DD8B1B5B9A3DFDFDFAED01C
:1096D000DFAAD0DEF2ABF8F9D9B087C4AAF1DFDF98
:1096E000BBAFDFDFB9D8B1F1A3978E60DFB084F2F2
:1096F000C8F8F9D9DED89385F14AB183A308B583B8
:109700009A0810B79F10D8F1B0BAAEB08AC2B2B6FC
:109710008E9EF1FBD9F41DD8F9D90CF1D8F8F8AD2B
:1097200061D9AEFBD8F40CF1D8F8F8AD19D9AEFB7D
:10973000DFD8F416F1D8F8AD8D61D9F4F4ACF59C0E
:109740009C8DDF2BBAB6AEFAF8F40BD8F1AED0F898
:10975000AD51DAAEFAF8F1D8B9B1B6A3839C08B925
:10976000B1839AB5AAC0FD3083B79F10B58B93F231
:109770000202D1ABDADED8F1B080BAABC0C3B2849A
:10978000C1C3D8B1B9F38BA391B609B4D9ABDEB0DC
:10979000879CB9A3DDF1B38B8B8B8B8BB087A3A395
:1097A000A3A3B28BB69BF2A3A3A3A3A3A3A3A3A338
:1097B000A3F1B087B59AA3F39BA3A3DCBAACDFB93E
:1097C000A3A3A3A3A3A3A3A3A3A3A3A3A3A3A3A369
:1097D000D8D8D8BBB3B7F1AAF9DAFFD9809AAA28AA
:1097E000B48098A720B79787A86688F07951F19040
:1097F0002C870CA781976293F07171608594012981
:10980000517990A5F1284C6C870C95188578A38325
:1098100090284C6C886CD8F3A28200F210A89219A0
:1098200080A2F2D926D8F188A84DD948D896A8396F
:1098300080D93CD89580A839A68698D92CDA87A7F4
:109840002CD8A8899519A980D938D8A88939A98090
:10985000DA3CD8A82EA83990D90CD8A8953198D937
:109860000CD8A809D9FFD801DAFFD89539A9DA268A
:10987000FFD890A80D8999A810809821DA2ED88950
:1098800099A83180DA2ED8A886963180DA2ED8A809
:10989000873180DA2ED8A88292F34180F1D92ED870
:1098A000A882F31980F1D92ED882ACF3C0A280220D
:1098B000F1A62EA72EA92298A829DAACDEFFD8A2FD
:1098C000F22AF1A92E8292A8F23180A696F1D9004F
:1098D000AC8C9C0C30ACDED0DEFFD88C9CACD010B5
:1098E000ACDE8092A2F24C82A8F1CAF235F19688E1
:1098F000A6D900D8F1FF0000555555555555C53F1F
:109900007D6FEB0312D6D4BF5544880E55C1C93FB5
:109910003B8F68B52882A4BF88B20175E0EF493F4C
:1099200009F7FD0DE13D023F4B2D8A1C273A03C08C
:10993000C88A599CE52A004059018D1B6C06E6BF78
:1099400082922EB1C5B8B33F4FBB610567ACDD3F16
:10995000182D4454FB21E93F9BF681D20B73EF3F56
:10996000182D4454FB21F93FE2652F227F2B7A3CCE
:10997000075C143326A6813CBDCBF07A8807703C87
:10998000075C143326A6913CC4EB98999999C9BFFA
:10999000711623FEC671BCBF6D9A74AFF2B0B3BF2F
:1099A0009AFDDE522DDEADBF2F6C6A2C44B4A2BFEF
:1099B0000D5555555555D53FFF8300922449C23F5B
:1099C0006E204CC5CD45B73F513DD0A0660DB13F8F
:1099D000EB0D76244B7BA93F11DA22E33AAD903FA1
:1099E00000000000000000002050726F6475637476
:1099F0002049442072656164206173203020696EC3
:109A00006469636174657320646576696365206960
:109A1000732065697468657220696E636F6D70612B
:109A20007469626C65206F7220616E204D505533F1
:109A30003035302E0A000000589A0008000000203F
:109A4000B8010000D67B0008B89A0008B8010020D1
:109A5000880500005C7D0008412D0102030404100C
:109A600009060708090204060884A24A0469183294
:109A7000FF290452010342803F032C40413009CDAD
:109A80004C3F433D0A573E2D41CDCCCC08016503E8
:109A900016881323200330096F12833AA69B443B98
:109AA00007293F0AD7A33B01EB803F0C13BC8C1B5B
:089AB00008B00401205AD8247B
:04000005080000ED02
:00000001FF
