:020000040800F2
:10000000400700201D4400088131000883310008AA
:10001000873100088B3100088F3100080000000094
:100020000000000000000000000000009331000804
:100030009531000800000000973100089931000850
:1000400037440008374400083744000837440008A4
:10005000374400083744000837440008D7420008F6
:100060003744000837440008374400083744000884
:100070003744000837440008374400083744000874
:100080003744000837440008374400083744000864
:100090003744000837440008374400083744000854
:1000A0003744000839420008374400083744000844
:1000B000374400082D2800083D2800083744000870
:1000C0003744000837440008374400083744000824
:1000D0003744000837440008374400083744000814
:1000E000374400083744000837440008DFF80CD0D4
:1000F00007F000FD00480047812600084007002067
:1001000031490143314A1160704770B50021002325
:100110000F22C47804B32D4C246804F4E064C4F5C1
:10012000E064210AC1F10403CA40447804FA03F1EF
:100130008478144021430901254C0678A1550478A0
:1001400004F01F050124AC4005786D11AD0005F1E8
:10015000E025C5F8004109E0047804F01F050124FA
:10016000AC401C4D0678761145F8264070BD1A4A01
:100170000A400243154B1B1F1A60704739B1134ADE
:10018000121D12680243114B1B1D1A6006E00F4A34
:10019000121D126882430D4B1B1D1A607047042804
:1001A00008D14FF0E021096941F004014FF0E0224D
:1001B000116107E04FF0E021096921F004014FF0DF
:1001C000E0221161704700000000FA050CED00E02C
:1001D00000E400E080E100E080FFFF1F00204449D0
:1001E0000860091D0860091D0860091D0860414874
:1001F0003F4914310860704700213D498279002A47
:100200003AD00A46126803689A430B461A600A1DE0
:10021000126803689A430B1D1A60027911440A6838
:1002200003681A430A60324A0832126803689A4324
:100230002F4B08331A601A1D126803689A432C4B1F
:100240000C331A604279102A0ED11A1F1268036803
:100250001A43274B08331A601A1D126803681A43A1
:10026000234B0C331A600DE02149427911440A688E
:1002700003681A430A6005E0027911440A680368BA
:100280009A430A6070470021016001710C2141719D
:100290000021817170471649103109680143144AE1
:1002A00010321160704701460020114A1432126862
:1002B0000A400AB1012000E0002070470C491431C7
:1002C00008607047014600200022094B1B6803EAC2
:1002D0000102074B14331B680B4013B10AB1012014
:1002E00000E00020704702491431086070470000A8
:1002F00000040140FFFF0F0010B50446CC488442C3
:1003000008D10121042000F02DFB0021042000F081
:1003100029FB46E0C748844208D10121082000F0AB
:1003200021FB0021082000F01DFB3AE0C248844276
:1003300008D10121102000F015FB0021102000F051
:1003400011FB2EE0BD48844208D10121202000F09D
:1003500009FB0021202000F005FB22E0B848844280
:1003600008D10121402000F0FDFA0021402000F0DA
:10037000F9FA16E0B348844208D10121802000F048
:10038000F1FA0021802000F0EDFA0AE0AE48844244
:1003900007D10121801500F0E5FA0021A01500F039
:1003A000E1FA10BD10B50121084600F0DBFA00218A
:1003B000012000F0D7FA10BD2DE9F04102460025DA
:1003C0000026002000230024002791F803C00CF031
:1003D0000F0591F803C00CF0100CBCF1000F03D016
:1003E00091F802C04CEA050591F800C0BCF1000F7D
:1003F00031D0146800202BE04FF0010C0CFA00F310
:10040000B1F800C00CEA03069E4220D183004FF0F1
:100410000F0C0CFA03F7BC4305FA03FC4CEA040486
:1004200091F803C0BCF1280F06D14FF0010C0CFA73
:1004300000FCC2F814C00AE091F803C0BCF1480FF8
:1004400005D14FF0010C0CFA00FCC2F810C0401CA2
:100450000828D1D31460B1F800C0BCF1FF0F34DD1F
:10046000546800202EE000F1080C4FF0010808FA53
:100470000CF3B1F800C00CEA03069E4221D18300C0
:100480004FF00F0C0CFA03F7BC4305FA03FC4CEADF
:10049000040491F803C0BCF1280F05D100F1080C49
:1004A00008FA0CF8C2F8148091F803C0BCF1480FA8
:1004B00007D100F1080C4FF0010808FA0CF8C2F857
:1004C0001080401C0828CED35460BDE8F0814FF660
:1004D000FF710180022181700421C17070470246C2
:1004E000002093680B400BB1012000E00020704712
:1004F0000146886880B2704702460020D3680B40EE
:100500000BB1012000E0002070470146C86880B2AE
:10051000704701617047416170470AB1016100E0B5
:1005200041617047C16070474FF480320A43826175
:100530008161826182698269704702460020434B73
:1005400018684FF68073184040EA021008433F4B8A
:10055000186070473E49C8617047F0B50A460023ED
:1005600000240021002500F00046B6F1004F02D122
:10057000364EF16901E0354E7168C0F3034583B230
:1005800000F44016B6F5401F08D121F070612F4EDF
:10059000766826F070662D4F7E6012E000F48016BB
:1005A000B6F5801F06D1032606FA05F4A14341F0F3
:1005B000706106E0460D360103FA06F6B14341F0DC
:1005C000706122B1460D360103FA06F6314300F0A0
:1005D0000046B6F1004F02D11C4EF16101E01B4E06
:1005E0007160F0BD30B500228B071C0F0F2303FA9A
:1005F00004F2164B08338C1053F824309343134CF9
:1006000008348D1044F8253023468C1053F82430DC
:100610008C07240F00FA04F423430C4C08348D108B
:1006200044F8253030BD0A49DC31086070470000CD
:1006300000080140000C014000100140001401407E
:1006400000180140001C0140002001400000014052
:1006500000002042DF48006840F00100DD490860EA
:1006600008464068DC490840DA49486008460068A6
:10067000DA490840D74908600846006820F480201D
:1006800008600846406820F4FE0048604FF41F00F0
:1006900088607047CF49096821F48031CD4A1160E4
:1006A0001146096821F480211160B0F5803F03D024
:1006B000B0F5802F0ED106E0C649096841F48031BB
:1006C000C44A116007E0C349096841F4A021C14A46
:1006D000116000E000BF00BF704710B50146002266
:1006E000002300204A11012A02D1BA4C236806E0F7
:1006F000022A02D1B74C236A01E0B64C636A01F0CA
:100700001F02012494401C400CB1012000E0002095
:1007100010BD38B5002000900024002500BF312016
:10072000FFF7DBFF05460098401C00900098B0F5ED
:10073000A06F01D0002DF2D03120FFF7CEFF08B11D
:10074000012400E00024204638BD01460020A14AD3
:10075000106820F0F80040EAC10010607047A0491E
:1007600008607047024600209A4B586820F47C10BD
:1007700042EA01031843974B58607047984908664E
:10078000704701460020934A506820F00300084358
:10079000506070478F48406800F00C007047014679
:1007A00000208C4A506820F0F000084350607047E9
:1007B00001460020874A506820F4E06008435060FA
:1007C000704701460020834A506820F4605040EA98
:1007D000C1005060704729B17E4A527A02437D4B76
:1007E0005A7204E07B4A527A82437A4B5A727047BB
:1007F0007B49D8310860704701460020754A50682F
:1008000020F440400843506070470021714A203274
:100810001170704A82F82010012802D004280AD1F1
:1008200004E001216B4A2032117005E00521694A7C
:100830002032117000E000BF00BF704769490860B6
:1008400070476449096A0143624A11627047654909
:1008500044390860704730B500210022002400238D
:100860005C4D6D6805F00C0121B1042905D0082903
:1008700023D105E05C4D056022E05B4D05601FE083
:10088000544D6D6805F47012524D6D6805F4803456
:10089000022505EB92421CB9544D554305600BE00F
:1008A0004C4D6D6805F400351DB1504D5543056044
:1008B00002E04D4D5543056002E04B4D056000BF21
:1008C00000BF444D6D6805F0F0010909484D6B5CAF
:1008D0000568DD4045603F4D6D6805F4E061090A3B
:1008E000434D6B5C4568DD4085603A4D6D6805F4AD
:1008F0006051C90A3E4D6B5C4568DD40C560354DB1
:100900006D6805F44041890B3A4D6B5CC568B5FBD9
:10091000F3F5056130BD29B12E4A526902432D4BD2
:100920005A6104E02B4A526982432A4B5A6170474C
:1009300029B1284A92690243264B9A6104E0254A6C
:1009400092698243234B9A61704729B1214AD26947
:100950000243204BDA6104E01E4AD26982431D4BF8
:10096000DA61704729B11B4AD2680243194BDA6039
:1009700004E0184AD2688243164BDA60704729B106
:10098000144A12690243134B1A6104E0114A1269B6
:100990008243104B1A617047124940390860704712
:1009A0000F49C86470470B49C87170470948406ACD
:1009B00040F0807007494862704701460020054AB0
:1009C00092680A400AB1012000E000207047014906
:1009D00088727047001002400000FFF8FFFFF6FE2B
:1009E000000042428004424200127A0000093D00A9
:1009F000000000201000002010B50446FE4884428C
:100A000008D10121C014FFF7ADFF0021E014FFF76A
:100A1000A9FFC4E0B4F1804F08D101210846FFF7D7
:100A2000AEFF00210120FFF7AAFFB8E0F34884429F
:100A300008D101210220FFF7A2FF00210220FFF7C9
:100A40009EFFACE0EE48844208D101210420FFF76C
:100A500096FF00210420FFF792FFA0E0E9488442BE
:100A600008D101210820FFF78AFF00210820FFF7A5
:100A700086FF94E0E448844208D101211020FFF76A
:100A80007EFF00211020FFF77AFF88E0DF488442D4
:100A900008D101212020FFF772FF00212020FFF75D
:100AA0006EFF7CE0DA48844208D101214014FFF750
:100AB00059FF00216014FFF755FF70E0D5488442CC
:100AC00009D10121C804FFF74DFF00214FF4002098
:100AD000FFF748FF63E0D048844209D101210805AF
:100AE000FFF740FF00214FF48010FFF73BFF56E077
:100AF000CA48844209D101214805FFF733FF00218C
:100B00004FF40010FFF72EFF49E0C548844208D19A
:100B100001214020FFF733FF00214020FFF72FFF86
:100B20003DE0C048844208D101218020FFF727FF23
:100B300000218020FFF723FF31E0BB48844208D129
:100B400001218015FFF71BFF0021A015FFF717FFFC
:100B500025E0B648844209D101210804FFF702FFCD
:100B600000214FF48030FFF7FDFE18E0B0488442CA
:100B700009D101214804FFF7F5FE00214FF40030B0
:100B8000FFF7F0FE0BE0AB48844208D10121880456
:100B9000FFF7E8FE00214FF48020FFF7E3FE10BDD1
:100BA00000220288944B98420ED0994B98420BD069
:100BB000B0F1804F08D0914B984205D0904B9842AD
:100BC00002D0904B984204D14FF68F731A404B8855
:100BD0001A438D4B984207D08C4B984204D04FF665
:100BE000FF431A40CB881A4302808B8883850B8889
:100BF0000385814B98420BD0854B984208D08B4B94
:100C0000984205D08A4B984202D08A4B984201D133
:100C10000B7A038601238382704770B5002400227B
:100C20000023058C4FF6FE7635400584028C8388C0
:100C3000048B4FF68F752C40B51E2C400D882C432D
:100C4000751E2A400D892A434D882A436A4DA842C1
:100C50000BD06F4DA84208D0744DA84205D0744DFA
:100C6000A84202D0734DA84213D14FF6F7752A401F
:100C70004D892A434FF6FB752A408D882A434FF64B
:100C8000FF652B404FF6FF552B408D892B43CD89B7
:100C90002B4383800483CD888586028470BD70B524
:100CA000002400220023058C4FF6EF7635400584A2
:100CB000028C8388048B48F6FF752C404FF6FF4565
:100CC0002C400D884FF6FF7606EA05252C434FF69B
:100CD000DF752A400D8906EA05152A434D8806EA84
:100CE00005152A43444DA84202D0494DA8421DD1C2
:100CF0004FF67F752A404D894FF6FF7606EA0515B7
:100D00002A434FF6BF752A408D8806EA05152A4307
:100D10004FF6FF352B404FF2FF752B408D8906EAC9
:100D200085052B43CD8906EA85052B438380048303
:100D3000CD880587028470BD70B500240022002391
:100D4000058C4FF6FF6635400584028C8388848BC2
:100D50004FF68F752C404FF6FC752C400D882C43B8
:100D60004FF6FF552A400D894FF6FF7606EA052516
:100D70002A434D8806EA05252A431F4DA84202D082
:100D8000234DA8421DD14FF2FF752A404D894FF6E1
:100D9000FF7606EA05252A434FF6FF352A408D885F
:100DA00006EA05252A434EF6FF752B404DF6FF75E2
:100DB0002B408D8906EA05152B43CD8906EA0515DA
:100DC0002B4383808483CD888587028470BD70B572
:100DD000002200230024058C4EF6FF763540058462
:100DE000038C8488828B48F6FF752A404FF6FF45B6
:100DF0002A400D8820E00000002C01400004004043
:100E000000080040000C00400010004000140040AA
:100E100000340140004C01400050014000540140AA
:100E200000180040001C004000200040004001402D
:100E300000440140004801404FF6FF7606EA0525D0
:100E40002A434DF6FF752B400D8906EA05352B43E5
:100E50004D8806EA05352B43FA4DA84202D0FA4DDB
:100E6000A84208D14BF6FF752C408D894FF6FF76CE
:100E700006EA85152C4384808283CD88A0F84050F3
:100E8000038470BD828B4FF2FF331A408283828BC2
:100E90004FF6FF7303EA01231A4382837047F0B5CC
:100EA0000C461546002200210026078C4EF6FF7CDA
:100EB00007EA0C070784828B018C4FF6FF7707EA5D
:100EC000043640F6FF473A404FF6FF7707EA05271A
:100ED0003A434FF6FF7707EA03373A43D94FB84210
:100EE0000ED0D94FB8420BD0B0F1804F08D0D74FB9
:100EF000B84205D0D64FB84202D0D64FB84206D13C
:100F00004DF6FF77394046F48057394305E047F600
:100F1000FF57394044F48057394382830184F0BD40
:100F2000828B4FF6F3731A408283828B0A4382834B
:100F30007047F0B50C461546002200210026078CAC
:100F40004FF6FF6C07EA0C070784828B018C4FF683
:100F5000FF7707EA04264FF60C773A404FF6FF7703
:100F600007EA03172F433A43B64FB8420ED0B64FA5
:100F7000B8420BD0B0F1804F08D0B44FB84205D082
:100F8000B34FB84202D0B34FB84206D14FF6FF5725
:100F9000394046F48077394305E04FF2FF57394036
:100FA00044F48077394382830184F0BD028B4FF291
:100FB000FF331A400283028B4FF6FF7303EA0123CB
:100FC0001A4302837047F0B50C46154600220021F3
:100FD0000026078C4FF6EF7C07EA0C070784028B8C
:100FE000018C4FF6FF7707EA041640F6FF473A40B8
:100FF0004FF6FF7707EA03373A434FF6FF7707EAE2
:1010000005273A438F4FB8420ED08F4FB8420BD0CE
:10101000B0F1804F08D08D4FB84205D08C4FB84208
:1010200002D08C4FB84206D14FF6DF77394046F0F8
:101030001007394305E04FF65F77394044F0100759
:10104000394302830184F0BD028B4FF6F3731A40DB
:101050000283028B0A4302837047F0B50C461546A3
:1010600000220021068C4FF6FE773E400684028B5C
:10107000018C4FF60C7632407E1C06EA03162E4396
:101080003243704EB0420ED06F4EB0420BD0B0F132
:10109000804F08D06D4EB04205D06D4EB04202D0A8
:1010A0006C4EB04206D14FF6FD76314044F0010659
:1010B000314305E04FF6F576314044F00106314307
:1010C00002830184F0BD70B505460C465D4885423B
:1010D0000ED05D4885420BD0B5F1804F08D05B48FB
:1010E000854205D05A48854202D05A48854200D1EF
:1010F00000E000BF208850B92389A2886188284673
:10110000FFF7ABFFE1882846FFF79EFF25E0208828
:1011100004280AD12389A28861882846FFF753FF53
:10112000E1882846FFF742FF17E0208808280AD107
:101130002389A28861882846FFF7FBFEE1882846BC
:10114000FFF7EEFE09E02389A28861882846FFF7B1
:10115000A6FEE1882846FFF795FE70BD2DE9F04117
:1011600005460C4600260127608808B9022600E0E3
:101170000026A088012801D1022700E0012720884D
:10118000A0B92389A28861882846FFF766FFE18815
:101190002846FFF759FF23893A4631462846FFF78C
:1011A00012FFE1882846FFF701FF13E02389A28898
:1011B00061882846FFF707FFE1882846FFF7F6FE1B
:1011C00023893A4631462846FFF747FFE1882846FB
:1011D000FFF73AFFBDE8F0810A884B881A438B88F5
:1011E0001A43CB881A430B891A434B891A438B89BC
:1011F0001A43A0F8442070474FF6FF718180002108
:101200000180C180418001727047002101804180CE
:101210008180C180018141818181C181704700212C
:1012200001804180012181800021C18001817047BE
:101230000021018041808180C180018141818181C3
:1012400070470000002C01400034014000040040C1
:1012500000080040000C004021B1028842F0010269
:10126000028004E002884FF6FE731A400280704745
:1012700031B1B0F8442042F40042A0F8442005E027
:10128000B0F84420C2F30E02A0F8442070471AB10F
:1012900083890B43838102E083898B438381704779
:1012A0008182704741EA0203A0F8483070471AB1C2
:1012B00083890B43838102E083898B438381704759
:1012C00001894FF6F8721140018170470A460021EA
:1012D00001894FF68F73194011430181704730B572
:1012E00004460D4629462046FFF7F0FF208940F0CE
:1012F0000700208130BD2DE9F04104460D46164619
:101300001F46602D06D13B46012231462046FFF79D
:101310005AFE05E03B46012231462046FFF79DFE7E
:1013200029462046FFF7D2FF208940F007002081A0
:10133000BDE8F08130B50C4600210189C9B24FF6F5
:10134000FF7505EA0325154325432943018130BD77
:101350002DE9F04105460E461746984600244346BF
:101360003A4631462846FFF7E5FF2C894FF6F870DC
:10137000044044F007044FF68F70044044F07004BA
:101380002C81BDE8F081F0B504460D4616461F4697
:101390003B46324629462046FFF7CCFF208940F4E1
:1013A00080402081F0BD0185828270470A4600217D
:1013B00001884FF68F731940114301807047F0B5D3
:1013C0000C4615461E460021002200230189028B8F
:1013D000038C4FF6F877394021434FF6FC473A40EB
:1013E00040F201173A434FF6DD773B404FF6FF7767
:1013F00007EA06172F433B43018102830384F0BDB4
:101400000A460021018B4FF68F7319401143018367
:1014100070470A460021018B48F6FF7319404FF6CA
:10142000FF7303EA02231943018370470A46002130
:10143000818B4FF68F7319401143818370470A46A1
:101440000021818B48F6FF7319404FF6FF7303EAC2
:10145000022319438183704721B1028842F0800240
:10146000028004E002884FF67F731A4002807047C2
:1014700021B1828842F00402828004E082884FF623
:10148000FB731A408280704721B1828842F00802C3
:10149000828004E082884FF6F7731A40828070479A
:1014A00021B1828842F00102828004E082884FF6F6
:1014B000FE731A40828070470A460021018B4FF666
:1014C000F77319401143018370470A460021018BCD
:1014D0004FF2FF7319404FF6FF7303EA02231943DB
:1014E000018370470A460021818B4FF6F77319403C
:1014F0001143818370470A460021818B4FF2FF73AD
:1015000019404FF6FF7303EA0223194381837047A2
:101510000A460021018B4FF6FB73194011430183EA
:1015200070470A460021018B4FF6FF3319404FF6F2
:10153000FF7303EA02231943018370470A4600211F
:10154000818B4FF6FB7319401143818370470A4624
:101550000021818B4FF6FF3319404FF6FF7303EAEA
:1015600002231943818370470A460021018B4FF6FD
:101570007F7319401143018370470A460021018B94
:10158000C1F30E014FF6FF7303EA022319430183EF
:1015900070470A460021818B4FF67F731940114333
:1015A000818370470A460021818BC1F30E014FF6FB
:1015B000FF7303EA02231943818370470A4600211F
:1015C000018C4FF6FD7319401143018470470A46A0
:1015D0000021018C4FF6F7731940114301847047C5
:1015E0000A460021018C4FF6DF7319404FF6FF7356
:1015F00003EA02131943018470470A460021018C53
:101600004FF67F7319404FF6FF7303EA0213194335
:10161000018470470A460021018C4FF6FF531940A0
:101620004FF6FF7303EA02231943018470470A4609
:101630000021018C4FF2FF7319404FF6FF7303EA4C
:1016400002231943018470470A460021018C4DF69C
:10165000FF7319404FF6FF7303EA02331943018405
:10166000704730B5002301248C40A3B2048C9C4306
:101670000484048C02FA01F5ADB22C43048430BD1D
:1016800030B5002304248C40A3B2048C9C43048412
:10169000048C02FA01F5ADB22C43048430BD70B560
:1016A0000346002000241846183001258D40ACB2B6
:1016B0001D8CA5431D8409B1082909D100EB6100E7
:1016C000056825F0700505600568154305600EE0A6
:1016D0000D1FC5F34E052844056825F4E045056057
:1016E00005684FF6FF7606EA02263543056070BDB1
:1016F00021B1028842F00202028004E002884FF623
:10170000FD731A400280704721B1028842F0040242
:10171000028004E002884FF6FB731A400280704793
:1017200021B1828842F08002828004E082884FF6F4
:101730007F731A408280704702884FF6F7731A4011
:10174000028002880A430280704782884FF68F73B6
:101750001A40828082880A438280704702894FF64D
:10176000F8731A40028102890A4302817047028994
:101770004FF67F731A40028102890A430281704743
:1017800081847047818570478186704701877047E3
:1017900081877047A0F84010704702884FF6FF43DA
:1017A0001A40028002880A43028070470146888EF0
:1017B00070470146088F70470146888F7047014681
:1017C000B1F8400070470146888C70470146088D8B
:1017D000704702460020138A0B400BB1012000E045
:1017E00000207047CA430282704730B5024600208D
:1017F00000230024158A05EA0103958905EA0104FE
:1018000013B10CB1012000E0002030BDCA430282B8
:101810007047000010B50446FB48844209D10121FD
:101820008803FFF79FF800214FF48040FFF79AF8F4
:1018300032E0F648844209D101214804FFF79FF8BD
:1018400000214FF40030FFF79AF825E0F048844279
:1018500009D101218804FFF792F800214FF480207C
:10186000FFF78DF818E0EB48844209D10121C80444
:10187000FFF785F800214FF40020FFF780F80BE018
:10188000E548844208D101210805FFF778F80021D6
:101890004FF48010FFF773F810BD2DE9F04786B0C4
:1018A00005460E460024A24600BFA1460027B08987
:1018B00000B100BF2F462C8A4CF6FF700440F08820
:1018C00004432C82AC894EF6F3100440B088318971
:1018D0000843718908430443AC81AC8A4FF6FF404A
:1018E0000440B0890443AC8201A8FEF7B4FFC648A7
:1018F000874202D1DDF810A001E0DDF80CA0A88934
:1019000000F4004040B10AEBCA0000EB0A10316855
:101910004900B0FBF1F807E00AEBCA0000EB0A103F
:1019200031688900B0FBF1F86420B8FBF0F00401E5
:101930002009642101FB1089A88900F4004040B10E
:10194000322000EBC900B0FBF1F000F007000443C7
:1019500008E0322000EB09106421B0FBF1F000F048
:101960000F0004432C8106B0BDE8F0874FF41651F8
:10197000016000218180C18001810C214181002111
:101980008181704710B502460020108A4FF2FF0394
:1019900018400B884C8823438C882343CC882343EE
:1019A0001843108210BD0021018041808180C180D8
:1019B000704721B1828942F40052828104E0828919
:1019C0004DF6FF731A4082817047F0B5034600243C
:1019D00000260025002040F66A17B94200D100BF5A
:1019E0001846C1F3421401F01F06012707FA06F555
:1019F000012C01D10C3004E0022C01D1103000E0A8
:101A000014301AB107682F43076002E00768AF433C
:101A10000760F0BD1AB1838A0B43838202E0838A98
:101A20008B4383827047028A4FF6F0731A4002821A
:101A3000028A0A430282704782894FF2FF731A407A
:101A4000828182890A438281704721B1828942F072
:101A50000202828104E082894FF6FD731A4082817E
:101A60007047028A4FF6DF731A400282028A0A43E5
:101A70000282704721B1028A42F48042028204E06D
:101A8000028A4BF6FF731A4002827047C1F30802C4
:101A90008280704701468888C0F3080070478189BA
:101AA00041F0010181817047028BD2B20283028B27
:101AB00042EA012202837047028B02F47F420283D2
:101AC000028B0A430283704721B1828A42F02002CE
:101AD000828204E0828A4FF6DF731A408282704766
:101AE00021B1828A42F01002828204E0828A4FF69B
:101AF000EF731A408282704721B1828A42F0080255
:101B0000828204E0828A4FF6F7731A40828270471D
:101B100021B1828942F40042828103E08289C2F3CA
:101B20000E028281704721B1828A42F40062828271
:101B300004E0828A4FF2FF731A4082827047828AE1
:101B40004FF6FB731A408282828A0A438282704770
:101B500021B1828A42F00202828204E0828A4FF638
:101B6000FD731A408282704702460020B1F5007F63
:101B700000D100BF13880B400BB1012000E0002012
:101B8000704701F40072B2F5007F00D100BFCA4374
:101B90000280704770B50246002400230025002013
:101BA00040F66A16B14200D100BFC1F3421501F000
:101BB0001F03012606FA03F3012D02D19689334053
:101BC00006E0022D02D1168A334001E0968A3340A6
:101BD0000C12012606FA04F41688344013B10CB135
:101BE000012000E0002070BD10B50022002340F667
:101BF0006A14A14200D100BF0A1201249440A3B28A
:101C0000DC43048010BD0000003801400044004067
:101C100000480040004C00400050004010B5044611
:101C2000FA48844208D101214015FEF79BFE0021AD
:101C30006015FEF797FE17E0F548844208D10121B0
:101C40000015FEF78FFE00212015FEF78BFE0BE03E
:101C5000F048844208D10121C803FEF783FE002129
:101C60004FF40040FEF77EFE10BD30B50246002066
:101C700000235068E84C20400D790C6844EA0524A4
:101C8000204350609068E54C2040D1E902542C4339
:101C90004D7944EA450420439060D06A20F47000F6
:101CA0000C7C641EE4B2234340EA0350D06230BD92
:101CB00000210160017141718160C16001210174E5
:101CC000704721B1826842F00102826003E08268BD
:101CD00022F001028260704721B1826842F4807272
:101CE000826003E0826822F480728260704710B5DF
:101CF0000023CBB21AB144681C43446002E044683C
:101D00009C43446010BD816841F0080181607047C8
:101D1000014600208A6802F008020AB1012000E0B2
:101D200000207047816841F00401816070470146DE
:101D300000208A6802F004020AB1012000E00020BD
:101D4000704721B1826842F4A002826003E0826899
:101D500022F4A00282607047014600208A6802F4E3
:101D600080020AB1012000E00020704710B50A4649
:101D700000210023416821F46041531E41EA4331B0
:101D8000416010BD21B1426842F40062426003E04C
:101D9000426822F4006242607047F0B504460D4686
:101DA00000200021092D11DDE068A5F10A0606EBEF
:101DB0004607072606FA07F18843A5F10A0606EB4F
:101DC000460603FA06F10843E0600CE0206905EBE3
:101DD0004507072606FA07F1884305EB450603FA8F
:101DE00006F108432061072A0FDA606B561E06EBE6
:101DF00086071F2606FA07F18843561E06EB86065D
:101E000005FA06F10843606322E00D2A0FDA206B21
:101E1000D61F06EB86071F2606FA07F18843D61F52
:101E200006EB860605FA06F10843206310E0E06A37
:101E3000A2F10D0606EB86071F2606FA07F1884376
:101E4000A2F10D0606EB860605FA06F10843E062EC
:101E5000F0BD21B1826842F48012826003E08268A2
:101E600022F48012826070470146C86C80B27047CD
:101E700066484C300068704721B1426842F4806285
:101E8000426003E0426822F480624260704721B100
:101E9000426842F48052426003E0426822F4805279
:101EA000426070470A460021816821F4E0411143F5
:101EB0008160704721B1826842F40042826003E091
:101EC000826822F400428260704721B1826842F445
:101ED0000212826003E0826822F40212826070477C
:101EE000014600208A6802F400120AB1012000E0D5
:101EF00000207047F0B50446154600200022002659
:101F0000092911DDE068A1F10A0707EB470C072753
:101F100007FA0CF29043A1F10A0707EB470703FA0F
:101F200007F21043E0600CE0206901EB410C072749
:101F300007FA0CF2904301EB410703FA07F2104352
:101F40002061A06BC0F30156EF1C06F1010CA7EB5A
:101F50000C0707EB870C1F2707FA0CF29043EF1CC6
:101F600006F1010CA7EB0C0707EB870701FA07F254
:101F70001043A063F0BD10B50A4600210023816B19
:101F800021F44011531E41EA0351816310BD08B58D
:101F9000002300930090009B0B440093009B1A6069
:101FA00008BD08B5024600200090009201F128000B
:101FB000009B184400900098006880B208BD0A4653
:101FC00000214168164B194011434160704741623E
:101FD000826270470A460021416821F01F011143C7
:101FE0004160704740B109490831096841F4000176
:101FF000064A0832116007E004490831096821F4F3
:102000000001024A083211607047000000240140BC
:1020100000280140003C0140FFFEF0FFFDF7F1FF0A
:10202000FFFD3FFF0246002013680B400BB101206B
:1020300000E000207047CA430260704770B5024656
:102040000020002300240B125568CEB205EA0604D6
:1020500015681D4015B10CB1012000E0002070BDD5
:1020600000220A12D3430360704700000CB5002021
:10207000019000906C48006840F480306A49086024
:1020800000BF6948006800F4003000900198401CCF
:102090000190009818B90198B0F5A06FF1D162488D
:1020A000006800F4003010B10120009001E0002031
:1020B00000900098012843D15C48006840F010006F
:1020C0005A4908600846006820F003000860084686
:1020D000006840F002000860534840685249486078
:1020E0000846406848600846406840F480604860A0
:1020F0000846406820F47C1048600846406840F478
:10210000E81048600846006840F08070086000BF32
:102110004548006800F000700028F9D04248406847
:1021200020F00300404948600846406840F0020043
:10213000486000BF3C48406800F00C000828F9D116
:102140000CBD10B5FFF792FF10BD10B53648006802
:1021500040F00100344908600846406834490840AE
:102160003149486008460068324908402E490860F5
:102170000846006820F4802008600846406820F483
:10218000FE0048604FF41F008860FFF7DAFF4FF051
:1021900000602949086010BD10B500210020002210
:1021A000214B5B6803F00C0121B1042906D00829FA
:1021B00028D107E0214B224C236027E01F4B204C05
:1021C000236023E0184B5B6803F47010164B5B68C8
:1021D00003F48032022303EB904022B9194B4343AE
:1021E000174C23600DE0104B5B6803F4003323B100
:1021F000144B4343124C236003E0104B4343104CF9
:10220000236003E00D4B0E4C236000BF00BF064B64
:102210005B68C3F303130C4CE15C094B1B68CB40B8
:10222000074C236010BD0000001002400020024057
:102230000000FFF8FFFFF6FE08ED00E000127A0054
:102240001400002000093D0018000020014605E0B0
:10225000002001E0421CD0B20A28FBDB0A1EA1F1DB
:102260000101F5D1704710B5044603E04FF47A70D0
:10227000FFF7ECFF201EA4F10104F7D110BD704759
:1022800008B50720009002E00098401E00900098DA
:102290000028F9D108BD10B54FF40070E649086078
:1022A00040100860FFF7ECFFE3480838006808B901
:1022B000012000E0002000F4007008B1002010BDF3
:1022C0004FF40070DC49091D0860FFF7D9FFDA48B8
:1022D0000838006800F4007008B10020EFE74FF400
:1022E0000070D549091D0860FFF7CAFF0120E6E725
:1022F00010B54FF48070D049091D0860FFF7C0FF8A
:102300004FF40070CC49091D0860FFF7B9FF4FF486
:102310008070C9490860FFF7B3FF4FF40070C649E9
:102320000860FFF7ADFF10BD10B54FF48070C249D3
:10233000091D0860FFF7A4FF4FF40070BE49091D96
:102340000860FFF79DFF4FF48070BB490860FFF7FE
:1023500097FF4FF48070B849091D0860FFF790FFA0
:1023600010BD10B54FF48070B349091D0860FFF728
:1023700087FF4FF40070B0490860FFF781FF4FF40A
:102380008070AD490860FFF77BFF4FF48070AA4969
:10239000091D0860FFF774FF10BD10B54FF4807081
:1023A000A549091D0860FFF76BFF4FF40070A249B3
:1023B0000860FFF765FF4FF480709F490860FFF7E2
:1023C0005FFF9D480838006800F4007030B14FF49A
:1023D00080709949091D0860002010BD4FF480707D
:1023E0009549091D08600120F7E770B504460825E6
:1023F0001DE04FF480709049091D0860FFF740FF11
:1024000004F0800020B14FF400708B49086004E0B4
:102410004FF400708849091D08606006040EFFF73C
:102420002FFF4FF4807084490860FFF729FF281EB2
:10243000A5F10101CDB2DCD14FF480707E49091DB8
:10244000086070BD70B508250024A8017A490860AD
:1024500016E06006040E4FF480707749091D08608D
:10246000FFF70EFF4FF4807073490860FFF708FF15
:1024700071480838006800F4007008B144F00104A5
:10248000281EA5F10101CDB2E3D14FF480706A4955
:10249000091D0860204670BD08B501210820FEF71F
:1024A00047FA4FF44070ADF8000002208DF80200AA
:1024B00014208DF8030069465F481038FDF77CFF53
:1024C00008BD2DE9F04105460E4617469846FFF730
:1024D000E2FE10B90020BDE8F081002141EA45018B
:1024E000C8B2FFF782FFFFF758FF18B9FFF700FFE8
:1024F0000020F0E73046FFF778FFFFF74EFF00249B
:102500000BE018F80400FFF770FFFFF746FF18B95B
:10251000FFF7EEFE0020DEE7641CBC42F1DBFFF7B4
:10252000E7FE0120D7E72DE9F04104460D461646A7
:102530001F463B46324629462046FFF7C2FF10B1F0
:102540000020BDE8F0814FF0FF30FAE72DE9F041BF
:1025500005460F4614461E46FFF79DFE10B90020A3
:10256000BDE8F081002141EA4501C8B2FFF73DFF17
:10257000FFF713FF18B9FFF7BBFE0020F0E738465E
:10258000FFF733FFFFF709FFFFF785FE012101EB9E
:102590004501C8B2FFF729FFFFF7FFFE0CE0FFF788
:1025A00051FF3070012C02D1FFF7DBFE01E0FFF795
:1025B000BBFE761C601EC4B2002CF0D1FFF798FE63
:1025C0000120CDE72DE9F04104460D4616461F4691
:1025D0003B46324629462046FFF7B8FF10B100209F
:1025E000BDE8F0814FF0FF30FAE770B504460D46C4
:1025F0001646FFF750FE08B9002070BD002141EAE1
:102600004401C8B2FFF7F1FEFFF7C7FE18B9FFF7A4
:102610006FFE0020F1E72846FFF7E7FEFFF7BDFE5B
:102620003046FFF7E2FEFFF7B8FEFFF761FE01203C
:10263000E3E7002070470000100C014008B50121BD
:102640001120FEF775F901210B48FDF786FF4FF4C5
:10265000C040ADF8000003208DF8020010208DF876
:10266000030069460548FDF7A7FE4FF4C041034843
:10267000FDF74FFF08BD00000002300000100140D0
:10268000FFF763FD41F61F4141F2883001F0A6FDDE
:1026900001F0E0FD01F010FC00F0C2F800F024F8B9
:1026A000FFF7CCFF01F05CFE00F0D0F800F037F946
:1026B000FFF7F2FE0A2000F00FFE00F043FA00F0F0
:1026C000B3FD00F019FE4FF0E020006940F001007A
:1026D0004FF0E021086105E000F0A4FA01F0A7FB4B
:1026E00001F08BFBF8E7000008B501210820FEF798
:1026F0001FF94FF47040ADF8000010208DF8030072
:1027000003208DF802006946FE48FDF755FE4FF4A0
:102710007041FC48FDF7FDFE08BD08B501210846E3
:10272000FEF713F901210420FEF702F90C20ADF8A1
:10273000000018208DF8030003208DF80200694680
:10274000F148FDF739FE08BD30B587B000250024FB
:1027500040F2E730ADF814000020ADF81000ADF8FD
:102760001600ADF8120004A94FF08040FEF718FAE9
:102770006020ADF800000120ADF80200ADF8065071
:102780000020ADF8080069464FF08040FEF7D4FA0B
:102790000821C806FEF7A6FE0120ADF80200ADF83C
:1027A00006400020ADF8080069464FF08040FEF773
:1027B0000EFB0821C806FEF79EFE01218807FEF7E2
:1027C0004BFE01218807FEF747FD07B030BD2DE91C
:1027D000FF4104460D4627462E466020ADF8000016
:1027E0000120ADF80200ADF806700020ADF8080039
:1027F00069464FF08040FEF79FFA0821C806FEF7B1
:1028000071FE0120ADF80200ADF806606946800750
:10281000FEF7DDFA0821C806FEF76DFEBDE8FF8170
:1028200010B5FFF77AFFFFF78FFF10BDB749088893
:10283000098821F00101B54A11807047B449088820
:10284000098821F00101B24A1180704700B589B0B2
:1028500001210220FEF779F801210420FEF768F833
:1028600001A8FDF734FEC020ADF8040004208DF867
:10287000070003208DF8060001A9A348FDF79CFD81
:102880004FF4A060FDF73CFC1D208DF808000120EE
:102890008DF8090003208DF80A0001208DF80B0047
:1028A00002A8FDF732FC99481038FEF7A5F806A8F3
:1028B000FEF7A2FC0020ADF818004FF6FF70ADF84F
:1028C0001C000020ADF81E00ADF81A0006A98F48C4
:1028D0001038FEF765F90A231A4603218B48103891
:1028E000FEF76DFD03A8FEF79AFC0620ADF8140074
:1028F00003A986481038FEF7E6FB0121834810380B
:10290000FEF770FF0122114680481038FEF7BFFC29
:1029100001217E481038FEF79FFC09B000BD00B5CC
:1029200089B001210420FEF710F801210820FDF7ED
:10293000FFFF01A8FDF7CBFDC020ADF80400042087
:102940008DF8070003208DF8060001A96D48FDF7FA
:1029500033FD4FF4A060FDF7D3FB1E208DF8080077
:1029600001208DF8090003208DF80A0001208DF860
:102970000B0002A8FDF7C9FB65481038FEF73CF8CC
:1029800006A8FEF739FC0020ADF818004FF6FF70DE
:10299000ADF81C000020ADF81E00ADF81A0006A925
:1029A0005B481038FEF7FCF80A231A460321584802
:1029B0001038FEF704FD03A8FEF731FC0620ADF841
:1029C000140003A952481038FEF77DFB012150483E
:1029D0001038FEF707FF012211464D481038FEF768
:1029E00056FC01214A481038FEF736FC09B000BDFC
:1029F00000B585B001210420FDF79AFF01210220D6
:102A0000FDF7A3FF8020ADF8100004208DF813001F
:102A100003208DF8120004A93B48FDF7CDFC4FF4CC
:102A2000A060FDF76DFB1D208DF8000001208DF8E2
:102A3000010003208DF8020001208DF80300684694
:102A4000FDF763FB31481038FDF7D6FF4FF6FF70F6
:102A5000ADF808000020ADF80400ADF80A00ADF8AC
:102A6000060001A929481038FEF79AF800231A46F3
:102A7000602126481038FEF73EFC0021234810381C
:102A8000FEF77EFE012121481038FEF7E5FB05B078
:102A900000BD00B585B001210820FDF749FF0121E7
:102AA0000420FDF752FF8020ADF8100004208DF8BF
:102AB000130003208DF8120004A91248FDF77CFCD6
:102AC0004FF4A060FDF71CFB1E208DF800000120D4
:102AD0008DF8010003208DF8020001208DF803001D
:102AE0006846FDF712FB0A481038FDF785FF4FF6E0
:102AF000FF70ADF808000020ADF80400ADF80A0042
:102B000008E00000000C01400008014010040040F3
:102B100010080040ADF8060001A90948FEF740F88A
:102B200000231A4660210648FEF7E5FB0021044811
:102B3000FEF726FE01210248FEF78EFB05B000BD20
:102B40000008004070B5002402F0D5F80446002CBF
:102B500060D17CA001F02DFB782001F02EFD18B98A
:102B600081A001F026FB02E087A001F022FB782083
:102B700001F010FF18B98FA001F01BFB02E096A036
:102B800001F017FB642001F0E6FF18B99EA001F0E8
:102B900010FB02E0A6A001F00CFB03F09DFB18B9AE
:102BA000ACA001F006FB02E0B7A001F002FBC548B3
:102BB00004F06EFA054603F099FB18B9C2A001F0C3
:102BC000F8FA02E0CAA001F0F4FA40F2731003F040
:102BD000CEFF18B9D2A001F0ECFA02E0D9A001F0C2
:102BE000E8FA642003F03CFD18B9E2A001F0E1FA34
:102BF00002E0E9A001F0DDFA04F05EFA012003F042
:102C0000B1F818B9EFA001F0D4FA0AE0F6A001F08B
:102C1000D0FA06E04FF40051FE48FDF77CFC00BFFF
:102C2000FEE770BD2DE9F04F89B0FB48FB49FC4B36
:102C3000FC4ACDE90010FC49FC4804F0F7F8F748DD
:102C4000008800F4807000287AD0F649086804F003
:102C500065FD04464FF09D4104F09AFBF44908607D
:102C6000F049486804F05AFD04464FF09D4104F0D5
:102C70008FFBF0490860EB49886804F04FFD04467B
:102C80004FF09D4104F084FBEB490860E549C868BA
:102C900004F044FD04464FF09D4104F079FBE74900
:102CA0000860E34801684FF0804004F03FFB069065
:102CB000E1480168069804F039FB8246DD48016866
:102CC0004FF0404004F032FB0690DC480168069863
:102CD00004F02CFB8346514604F0D0FA079004F030
:102CE00069FD064605F0A8FC80464FF06632D44BDD
:102CF00004F033FC044604F089FDD2490860CE4854
:102D000001684FF0804004F011FB0390CA4801684D
:102D1000039804F00BFB8246C64801684FF0404020
:102D200004F004FB0390C3480168039804F0FEFA22
:102D30008346514604F0F4FA81464FF07E5183E118
:102D40000CE200006D707520696E697469616C69D0
:102D50007A6174696F6E20636F6D706C6574652E37
:102D60002E2E2E2E2E0A20006D70755F7365745FF7
:102D700073656E736F7220636F6D706C6574652020
:102D80002E2E2E2E2E2E0A006D70755F7365745FC9
:102D900073656E736F7220636F6D65206163726F10
:102DA0007373206572726F72202E2E2E2E2E2E0AB5
:102DB000000000006D70755F636F6E666967757205
:102DC000655F6669666F20636F6D706C6574652002
:102DD0002E2E2E2E2E2E0A006D70755F636F6E667E
:102DE00069677572655F6669666F20636F6D6520E0
:102DF0006163726F7373206572726F72202E2E2E54
:102E00002E2E2E0A000000006D70755F7365745FD2
:102E100073616D706C655F7261746520636F6D7056
:102E20006C657465202E2E2E2E2E2E0A00000000BA
:102E30006D70755F7365745F73616D706C655F72E3
:102E4000617465206572726F72202E2E2E2E2E2ECA
:102E50000A000000646D705F6C6F61645F6D6F7479
:102E6000696F6E5F6472697665725F6669726D77AD
:102E700061726520636F6D706C657465202E2E2EF7
:102E80002E2E2E0A00000000646D705F6C6F61646E
:102E90005F6D6F74696F6E5F6472697665725F668D
:102EA00069726D7761726520636F6D652061637211
:102EB0006F7373206572726F72202E2E2E2E2E2E3F
:102EC0000A00000028000020646D705F7365745F65
:102ED0006F7269656E746174696F6E20636F6D7077
:102EE0006C657465202E2E2E2E2E2E0A00000000FA
:102EF000646D705F7365745F6F7269656E74617421
:102F0000696F6E20636F6D65206163726F737320EC
:102F10006572726F72202E2E2E2E2E2E0A00000049
:102F2000646D705F656E61626C655F666561747526
:102F3000726520636F6D706C657465202E2E2E2E69
:102F40002E2E0A00646D705F656E61626C655F664F
:102F500065617475726520636F6D65206163726F62
:102F60007373206572726F72202E2E2E2E2E2E0AF3
:102F700000000000646D705F7365745F6669666F62
:102F80005F7261746520636F6D706C657465202E6F
:102F90002E2E2E2E2E0A0000646D705F7365745FF6
:102FA0006669666F5F7261746520636F6D6520612D
:102FB00063726F7373206572726F72202E2E2E2EC5
:102FC0002E2E0A006D70755F7365745F646D705F9F
:102FD000737461746520636F6D706C657465202E09
:102FE0002E2E2E2E2E0A00006D70755F7365745F95
:102FF000646D705F737461746520636F6D652061CB
:1030000063726F7373206572726F72202E2E2E2E74
:103010002E2E0A00001001406200002060000020F7
:1030200050000020B80100205A0000205400002069
:1030300034000020380000203C0000204000002028
:1030400066A64C404400002004F018F9044604F041
:10305000B1FBCDE90401434801684FF0804004F022
:1030600065F9834640480168584604F05FF9814697
:103070003E4801684FF0804004F058F983463C48D0
:103080000168584604F052F98246494604F0F6F8C1
:10309000044604F08FFB0746DDE9042305F014FD28
:1030A0004FF06632334BCDE9060104F056FA05467F
:1030B00004F0ACFB304908602D480168006804F05A
:1030C00035F9039029480168006804F02FF902904F
:1030D00025480168006804F029F983462148016801
:1030E000006804F023F95946019004F0C7F88246BD
:1030F000029904F015F98146039904F011F9044688
:1031000004F058FBCDE9040119480168154800682E
:1031100004F00CF98246154801681348006804F071
:1031200005F98346514604F0A9F881464FF08041E5
:1031300004F0FCF8044604F03DFB0746DDE90423F7
:1031400005F0C2FC4FF066320A4BCDE9060104F0EF
:1031500004FA054604F05AFB0849086009B0BDE8C6
:10316000F08F000034000020380000203C000020D8
:103170004000002066A64C40480000204C00002083
:10318000704700BFFEE700BFFEE700BFFEE700BFDD
:10319000FEE770477047704710B51D480078401C27
:1031A0001B4908701B480078401C1A4908701A48CF
:1031B0000078401C1849087000F0F6FA17480078AB
:1031C000401C1649087016480078401C14490870C5
:1031D00014480078401C134908700E4800780228F3
:1031E00006DB01F0A8F800F0F1FB002009490870A7
:1031F00009480078082806DB00F003FB0020064998
:1032000008700649087000F0FFF800F01BFA10BDC6
:103210007000002075000020710000207200002066
:10322000730000207400002030B527480068C822D1
:10323000B0FBF2F1B1F1807F01D301201DE021F05C
:103240007F40401E4FF0E022506150170F220028AF
:1032500007DA13071D0E1D4B00F00F04241F1D5528
:1032600003E013071C0E1A4B1C5400BF00204FF044
:10327000E022906107201061002008B100BFFEE746
:103280004FF0E020006920F001004FF0E0210861DC
:1032900030BD01B50F49009808604FF0E02000698B
:1032A00040F001004FF0E021086100BF09480068CC
:1032B0000028FBD108BD0748006820B10548006818
:1032C000401E0449086070471400002018ED00E01B
:1032D00000E400E064000020002107E042F6E06125
:1032E00000BF0A1EA1F1010399B2FAD1021EA0F19A
:1032F000010398B2F2D170470020F8490880F849DC
:103300000880F8490860F8490860F8490860F849F9
:103310000860F8490860F8490860F8490860F84909
:103320000860F8490860F8490860F8490860F849F9
:103330000860F8490860F8490860F8490860F849E9
:103340000860F8490860F8490870F8490870F849B9
:103350000870F849086070472DE9F041F6480068A8
:1033600004F028FA0446F548D0E9006332462046C6
:1033700004F034FA07D0F148D0E90021104604F0F7
:1033800045FAED490860EE48006804F013FA044677
:10339000EA48D0E902633246204604F01FFA07D01B
:1033A000E649D1E90221104604F030FAE449086008
:1033B000E448006804F0FEF90446E048D0E90463FC
:1033C0003246204604F00AFA07D0DC48D0E904214E
:1033D000104604F01BFADB490860DB48006804F083
:1033E000E9F90446D548D0E906633246204604F0A0
:1033F000F5F907D0D148D0E90621104604F006FAC5
:10340000D1490860BDE8F0812DE9F041CF4800685E
:10341000012810D10020C8490860CD48006804F098
:103420008BF906460022CB4B04F097F8044604F0D3
:10343000EDF9C1490860C5480068022812D1002092
:10344000BF490860C4490968A1F1400004F074F95B
:1034500006460022C14B04F080F8044604F0D6F979
:10346000B7490860BE49B1F9040004F057F9BD49F5
:103470000860BD49B1F9040004F050F9BB49086087
:103480000021BB48006804F0DDF90BD0B949B84809
:10349000006804F0D7F905D3B749B548006804F0CF
:1034A000DBF905D24FF40051B448FDF734F804E0DD
:1034B0004FF40051B148FDF72CF8B149B14800680C
:1034C00003F02EFF8C490860A749B1F9000004F011
:1034D00025F906469A480168304603F027FF04465E
:1034E000864801688448006803F01AFF064692483F
:1034F0000168304603F01AFF0546214603F0BEFE80
:1035000081490860BDE8F0812DE9F04104460D468F
:10351000002C0CDA4FF480419B48FCF7FAFF4FF483
:1035200000419948FCF7F7FF604204B20AE04FF40B
:1035300000419548FCF7EDFF4FF480419248FCF7BD
:10354000EAFF00BF002D0CDA4FF400518E48FCF763
:10355000E0FF4FF480518C48FCF7DDFF684205B274
:103560000AE04FF480518848FCF7D3FF4FF4005134
:103570008548FCF7D0FF00BFAFB2A6B231464FF08E
:103580008040FEF705F939464FF08040FEF702F91A
:103590007E497748006804F05FF923D37C4974487A
:1035A000006804F04FF902D24FF0010801E04FF03B
:1035B000000800215A48006804F044F901D10120B4
:1035C00000E0002008EA000800215648006804F0E6
:1035D00039F901D1012000E0002008EA0008B8F123
:1035E000000F0DD000214FF08040FEF7D1F80021F0
:1035F0004FF08040FEF7CEF801206649086002E0F7
:1036000000206449086064493B48006804F024F9DC
:1036100005D362493848006804F014F90DD200213E
:103620004FF08040FEF7B4F800214FF08040FEF7E5
:10363000B1F801205749086002E0002055490860B0
:10364000BDE8F08170B52E4801682F48006803F08E
:1036500015FE2F4908602A4801682B48006803F0CE
:103660005FFE2A4908602A48006804F076F800B234
:10367000B0F57A7F02DD4A48254908602448006891
:1036800004F06BF800B210F57A7F02DA4548204961
:1036900008601E48006804F060F800B2B0F57A7F58
:1036A00002DD3F48194908601848006804F055F8E1
:1036B00000B210F57A7F02DA3A48144908601348DC
:1036C000006804F04AF804B21148006804F045F8B4
:1036D00005B221462846FFF717FF70BDBE00002047
:1036E000BC000020CC000020C8000020D400002036
:1036F000D0000020D8000020980000208800002082
:10370000F40000207C0000208C00002094000020A9
:1037100090000020F0000020340100203001002043
:10372000FC000020F8000020700000207100002044
:1037300072000020E8000020A8000020988C0008FB
:10374000AC000020B0000020B400002018010020D0
:10375000080100200080FB3F0C0100200000C43F56
:103760005A00002028010020540000202C010020D5
:10377000440000200000A0C10000A0410010014052
:10378000CDCCCCBE48000020000C01400000204100
:10379000000020C1E400002000004842000048C2B0
:1037A00000007A4400007AC470B5F848FEF70BF8C0
:1037B0000446F748FEF707F80546F6480460F64861
:1037C00005600021F148FDF7DBFF0021F048FDF71F
:1037D000D7FF20B2F1490880684200B2F049088062
:1037E000F0480068ED49B1F900100844ED4908605F
:1037F000ED480068EA49B1F900100844EA49086058
:1038000070BD2DE9F05FE7490968E74A126888183A
:1038100003F084FFE54908600020E3490860E149BE
:103820000860E348006803F0C5FF06464FF06632C3
:10383000E04B03F092FE044603F0E8FFDC49086029
:10384000DA48006803F0B6FF80464FF03332DA4BB7
:1038500003F083FE04460D46D548006803F0AAFF36
:10386000064622462B4603F0D1FD824603F0CEFFEA
:10387000CF49086008460168D048006803F0FEFCA4
:10388000CE490860CE480168CC48006803F0F6FCD9
:10389000CA490860CB480168C848006803F0EEFCDC
:1038A000C6490860C8480068012801D100200860A6
:1038B000C248006803F051FFB0F5FA5F02DDC3486B
:1038C000BE490860BD48006803F047FF10F5FA5F85
:1038D00002DABF48B9490860BE480068032812D11F
:1038E0000020BD490860BD490968A1F1800003F0CE
:1038F00023FF06460022BA4B03F02FFE044603F0D6
:1039000085FFB5490860B3480068042812D100203B
:10391000B4490860B4490968A1F1C00003F00CFF84
:1039200006460022B14B03F018FE044603F06EFF7A
:10393000AC4908600021A148006803F0F1FC06468C
:10394000A8480168304603F0F1FC0446002198487D
:10395000006803F0E5FC06469F480168304603F026
:10396000E5FC0546214603F089FCA1490860A14910
:10397000A148006803F070FF05D3A0499E48006885
:1039800003F060FF0BD29A48006880F000449A4828
:103990000168204603F0FCFC9949086002E0002021
:1039A0009749086097499648006803F055FF02D28E
:1039B00094489349086094499148006803F042FF95
:1039C00002D291488E490860BDE8F09F2DE9F04190
:1039D0008E48006800283ED18D48FDF7F4FE00EBCC
:1039E000800000EB00104400204603F0A5FE0546D1
:1039F0000022884B03F023FE074603F007FF8649A9
:103A000008600846006803F0D5FE04460022834B98
:103A100003F0E4FE03D882486A4908601BE081494C
:103A20007D48006803F018FF01D8012400E000245D
:103A30004FF082417848006803F004FF01D801206C
:103A400000E0002004401CB177485E49086002E0B5
:103A500000205C490860BDE8F0812DE9FC5F7348F7
:103A60000068012878D17248D0F800B07148006829
:103A700001907148B0F902907048B0F900A0664812
:103A80000468484603F04AFE06464FF08D4103F0B5
:103A90007FFC05466A4903F049FC6A4908605046C4
:103AA00003F03CFE0646684903F03AFC05466749C8
:103AB00003F06EFC66490860584603F07BFE07463B
:103AC000644A654B03F0BBFD054603F09FFE834649
:103AD000019803F06FFE05465E4A5F4B03F0AFFDB1
:103AE000074603F093FE019050215C4803F0A2FBCF
:103AF0005A485BA1096801600A215A4803F09AFB01
:103B0000594800210160416001810A21574803F0B2
:103B100091FB574800210160416001810A2155480D
:103B200003F088FB54480021016041600181534942
:103B3000584603F087FE10D85149584603F08CFED2
:103B40000BD8584603F036FE05462A460B464DA1D3
:103B5000444804F06DF802E04DE1BDE8FC9F4749A0
:103B6000019803F06FFE0FD84549019803F074FEE9
:103B70000AD8019803F01EFE05462A460B4641A1CD
:103B8000394804F055F882E080E00000000400406D
:103B900000080040DC000020E0000020BC00002005
:103BA000BE000020C8000020CC000020D000002073
:103BB000D40000206666E63F3333D33FD8000020B0
:103BC000F0000020E8000020E40000200000FA459A
:103BD0000000FAC518010020B000002010010020EC
:103BE0000000DE3FB4000020140100200000C43FAC
:103BF000840000206F12833AA80000206F1283BA5D
:103C00008800002000002041000020C100010020A9
:103C1000002C014000006940EC0000200000104032
:103C2000000096C30000A0400000FA431C010020E1
:103C300090000020940000205A0000205400002032
:103C4000CDCC1C41280100209A19004300000343F9
:103C50002C01002048E17A14AE470F40C801002033
:103C6000244C5600E0020020EA020020F40200206A
:103C7000FE020020080300201203002000007A4406
:103C800000007AC425332E326600000065E76C49D7
:103C90006C48006803F0E0FD12D26B496948006887
:103CA00003F0D0FD0CD26748006803F083FD0546A1
:103CB0002A460B46AFF23401644803F0B9FF00E036
:103CC0004BE763496348006803F0C6FD12D26249BE
:103CD0006048006803F0B6FD0CD25E48006803F04F
:103CE00069FD05462A460B46AFF268015B4803F0C2
:103CF0009FFF00E031E70021204603F0ADFD10D822
:103D00005749204603F09EFD0BD2204603F052FD9A
:103D100005462A460B46AFF29401524803F088FF4D
:103D200000E01AE7002000F05DFB0090009803F02F
:103D3000FEFC07464C4903F0F9FA06464FF08B416A
:103D400003F026FB0546494903F0EAFA48490860B2
:103D500000214748006803F07FFD12D83A494448E3
:103D6000006803F06FFD0CD24148006803F022FDAB
:103D700005462A460B46AFF2F4013E4803F058FFD1
:103D800000E0EAE63C493D4803F05FFA3CA13B48CD
:103D900003F05BFA3B49394803F057FA3AA1374838
:103DA00003F053FA2949354803F04FFA37A1334855
:103DB00003F04BFA2949314803F047FA34A12F4860
:103DC00003F043FA27492D4803F03FFA32A12B486C
:103DD00003F03BFA2749294803F037FA2FA1274877
:103DE00003F033FA50212E4803F024FA50222349DD
:103DF0002B4803F006FA00BFAFE610B5294800686B
:103E0000401E2849086028480068012807D1084654
:103E1000006820B9FFF721FE214800F0BEF92148D3
:103E2000006818B941F288301E49086010BD0020B2
:103E30001E4908601E49086001201E49086070473D
:103E40000000A0C1280100200000A041F4020020D1
:103E500000803BC52C01002000803B45FE02002075
:103E600000401C4608030020CDCC5441CDCC4C3E34
:103E70007800002012030020E0020020C80100208A
:103E80002C525600EA0200202C4143002C475900D6
:103E90002C435342000000002C5654002300000025
:103EA00018020020200100201C010020F00000204A
:103EB000F40000200001002000B585B0012144F28B
:103EC0000400FCF735FD4FF40070ADF81000182029
:103ED0008DF8130003208DF8120004A9BB48FCF7ED
:103EE0006BFA4FF48060ADF8100004208DF81300D9
:103EF00004A9B648FCF760FA4FF4E13000900020C6
:103F0000ADF80400ADF80600ADF80800ADF80C00FF
:103F10000C20ADF80A006946AD48FDF7BEFC012152
:103F2000AB48FDF746FD05B000BD08B54FF4806015
:103F3000FCF7E6F827208DF8000004208DF801003A
:103F400001208DF802008DF803006846FCF7DDF8CB
:103F500008BD00B585B001218804FCF7F6FC0121FD
:103F60000820FCF7E5FC4FF48060ADF81000182045
:103F70008DF8130003208DF8120004A99548FCF772
:103F80001BFA4FF40060ADF8100004208DF8130008
:103F900004A99048FCF710FAFFF7C7FF4FF416503A
:103FA00000900020ADF80400ADF80600ADF8080060
:103FB000ADF80C000C20ADF80A0069468648FDF704
:103FC0006CFC012240F225518348FDF7FEFC0121E3
:103FD0008148FDF7EEFC05B000BD70B504460D4606
:103FE000E1B27B48FDF752FD00BF40217848FDF764
:103FF000BBFD0128F9D1204670BDF0B503460D4642
:104000001646002729460A2E03D0002008702846AD
:10401000F0BD33B9302001F8010B002008702846AC
:10402000F6E7002B03DA2D2001F8010B5B4242F288
:1040300010720DE093FBF2F404B937B104F13000D3
:1040400001F8010B04FB123301270A2092FBF0F266
:10405000002AEFDC002008702846D9E70FB470B5BD
:1040600086B006460CA8019073E00B9800785C2897
:104070001CD10B98401C0B9000786E2809D0722838
:104080000FD10D213046FDF701FD0B98401C0B9020
:104090000BE00A213046FDF7F9FC0B98401C0B9011
:1040A00003E00B98401C0B9000BF4BE00B9800788E
:1040B000252840D10B98401C0B900078642818D01C
:1040C000732833D1019810C801900BE02178304655
:1040D000FDF7DCFC00BF40213046FDF745FD002820
:1040E000F9D0641C20780028F0D10B98401C0B906C
:1040F00020E0019820C801900A2202A92846FFF773
:104100007CFF02AC0BE021783046FDF7BFFC00BF1E
:1041100040213046FDF728FD0028F9D0641C2078A6
:104120000028F0D10B98401C0B9003E00B98401C2A
:104130000B9000BF06E00B9810F8011B0B90304667
:10414000FDF7A4FC00BF40213046FDF70DFD00281F
:10415000F9D00B980078002887D106B070BC5DF8C4
:1041600014FB10B5044621461948FDF78FFC00BF2B
:1041700040211748FDF7F8FC0128F9D110BD10B512
:10418000044621461448FDF781FC00BF4021124837
:10419000FDF7EAFC0128F9D110BD70B505462C46A3
:1041A00003E02078FFF7EBFF641C20780028F8D1AB
:1041B00070BD70B505462C4603E02078FFF7D1FFAF
:1041C000641C20780028F8D170BD00000008014070
:1041D00000380140000C0140004800407FB5044613
:1041E0000D460121C802FCF7A3FB41F28830ADF86F
:1041F000080041F61F40ADF804000120ADF80A00A8
:104200000020ADF8060001A91148FCF7C9FC012205
:1042100041210F48FDF73BF819208DF800000320DD
:104220008DF8010000208DF8020001208DF80300B8
:104230006846FBF76AFF7FBD10B501210448FDF712
:10424000D4FA18B101210248FDF7E0FA10BD0000D0
:10425000002C01401FB501213D48FCF77EF90121EA
:104260000920FCF765FB0120ADF80C0010208DF84B
:104270000F0003208DF80E0003A93648FCF79CF8C8
:104280000220ADF80C0028208DF80F0003A931485A
:10429000FCF792F801210846FCF7A4F902200190EE
:1042A00000208DF8080008208DF8090001208DF805
:1042B0000A0001A8FBF7A0FF07208DF800000320EB
:1042C0008DF8010001208DF802008DF8030068468A
:1042D000FBF71BFF1FBD10B50220FBF7F3FF48B330
:1042E00000211D48FDF74CFA01211B48FCF7B4FFE3
:1042F00001201A49086012E01748FDF764FA0A28FD
:1043000007DB00211448FCF7A7FF002013490860D1
:1043100005E002210F48FCF7E2F8104908600F4859
:1043200000680028E8D100210B48FCF795FF022027
:10433000FBF7D9FF10BD10B501210648FCF7E9F8DD
:104340000C20FDF783FF01210248FCF7E4F810BDC3
:1043500000023000000C0140002C014084010020CC
:1043600000B587B001214FF40170FCF7E1FA4FF47A
:104370000040FCF741FA0120ADF8040000208DF860
:10438000070001A92348FCF717F82348FDF746FC6E
:10439000002002908DF80C008DF80D004FF4602085
:1043A00004900020059001208DF8180002A91A48F9
:1043B000FDF75BFC01211848FDF783FC1648FDF76B
:1043C000A2FC00BF1448FDF7A3FC0028FAD1124854
:1043D000FDF7A8FC00BF1048FDF7A9FC0028FAD1A2
:1043E00007B000BD10B504460723012221460A4844
:1043F000FDF7D3FC01210848FDF7A3FC00BF022113
:104400000548FDF70FFE0028F9D00348FDF72CFD05
:1044100010BD00000008014000240140064880470C
:1044200006480047FEE7FEE7FEE7FEE7FEE7FEE799
:10443000FEE7FEE7FEE7FEE74B210008ED0000087F
:1044400038B50446FB4890F82400C0B114B10220EE
:10445000009001E000200090F64A1268D17BF54AF6
:10446000526810786B460122FEF75DF810B14FF0EC
:10447000FF3038BD9DF80010EE48417423E0ED4850
:10448000807A10B94FF0FF30F3E724B1E948407C5F
:1044900008B10020EDE714B10120009001E00020F8
:1044A0000090E44A1268D17BE24A526810786B4669
:1044B0000122FEF738F810B14FF0FF30D9E79DF830
:1044C0000010DC4841740020D3E738B5002419E01F
:1044D000D8480068C07AA04204D0D6480068407D21
:1044E000A04200D10CE0D349496808786B4601220C
:1044F0002146FEF767F810B14FF0FF3038BD00BF1E
:10450000601CC4B2CB4840680079A042E0DC0020C7
:10451000F4E770B504460D46C6480068C07AA0426C
:1045200004D0C4480068407DA04202D14FF0FF3063
:1045300070BDC04840680079A04202DC4FF0FF30F7
:10454000F6E7BC49496808782B4601222146FEF768
:1045500039F8EDE738B50446B64890F82300A04294
:1045600001D1002038BD14B13020009001E00020BE
:104570000090B048807C20B19DF8000040F002001F
:104580000090AC4890F8220020B19DF8000040F067
:1045900080000090A74A1268117DA64A52681078E0
:1045A0006B460122FDF7BFFF10B14FF0FF30D9E796
:1045B000A04880F823400020D4E738B5044604F032
:1045C000700010B10120009005E014B100200090AF
:1045D00001E040200090974A1268917C954A526809
:1045E00010786B460122FDF79EFF20B10021914813
:1045F0008172481E38BD9DF8000020F040018D48B2
:1046000001730020009004F0400020B99DF80000E4
:1046100040F00400009004F0200020B99DF8000054
:1046200040F00200009004F0100020B99DF8000056
:1046300040F00100009004F0080020B99DF800004F
:1046400040F0380000907B4A1268D17C794A526869
:1046500010786B460122FDF766FF20B100217548F6
:104660008172481EC6E724B1082C02D00020FFF753
:1046700071FF70488472002101753220FDF7F3FD4F
:104680000020B7E738B504466A48807CA04201D1D3
:10469000002038BD002C46D0664A12681179654A60
:1046A000526810786B460122FDF78CFF10B14FF075
:1046B000FF30EEE79DF8000020F0200000905D4AFA
:1046C000126811795B4A526810786B460122FDF737
:1046D0002AFF10B14FF0FF30DBE70320FDF7C3FDE9
:1046E00002200090534890F8220020B19DF800006D
:1046F00040F0800000904F4890F8230020B19DF8D2
:10470000000040F0300000904A4A1268117D494A8A
:10471000526810786B460122FDF705FF002851D042
:104720004FF0FF30B5E7434A12681179414A5268A9
:1047300010786B460122FDF745FF10B14FF0FF30B6
:10474000A7E73C48807A00F0010028B19DF80000FE
:1047500040F02000009004E09DF8000020F02000D0
:104760000090344A12681179324A526810786B46C8
:104770000122FDF7D8FE10B14FF0FF3089E703208A
:10478000FDF771FD2B4890F8220010B180200090B9
:1047900001E000200090274890F8230020B19DF808
:1047A000000040F030000090224A1268117D214A3A
:1047B000526810786B460122FDF7B5FE10B14FF03C
:1047C000FF3066E71B488474002062E708B519488B
:1047D000807A10B94FF0FF3008BD00200090154AD4
:1047E0001268D17B134A526810786B460122FDF79C
:1047F0009AFE10B14FF0FF30EEE70E4A1268517981
:104800000C4A526810786B460122FDF78CFE10B1FD
:104810004FF0FF30E0E7074A12681179054A526805
:1048200010786B460122FDF77EFE28B14FF0FF3075
:10483000D2E7000088010020F74890F82400002803
:1048400053D00C200090F44A12681179F24A526851
:1048500010786B460122FDF766FE10B14FF0FF3075
:10486000BAE73220FDF7FFFCC0200090EA48807ACA
:1048700000F0010020B19DF8000040F02000009001
:10488000E54A12681179E44A526810786B460122B1
:10489000FDF749FE10B14FF0FF309DE7DE48407C48
:1048A00010B10220009001E000200090DA4A126866
:1048B000D17BD94A526810786B460122FDF733FE4E
:1048C00010B14FF0FF3087E700200090D24A126805
:1048D0005179D14A526810786B460122FDF723FEC8
:1048E000002855D04FF0FF3076E704200090CA4AE8
:1048F00012681179C84A526810786B460122FDF798
:1049000012FE10B14FF0FF3066E7C348807C20B93B
:10491000C148807A00F0010010B94020009001E009
:1049200060200090BC4A12681179BB4A5268107826
:104930006B460122FDF7F7FD10B14FF0FF304BE75A
:104940003220FDF790FCB448407C10B1012000906B
:1049500001E000200090B04A1268D17BAE4A526854
:1049600010786B460122FDF7DEFD10B14FF0FF30ED
:1049700032E7A94A12685179A74A52681078A64BC3
:1049800010330122FDF7CFFD10B14FF0FF3023E7C8
:10499000002021E770B50446002624F001049E485B
:1049A00090F8240008B1002070BD9B48807A10B9AF
:1049B0004FF0FF30F8E79848057C807A2040964910
:1049C00008740846007CA04202D04FF0FF3600E099
:1049D000002614B99048007D18B10120FFF730FD82
:1049E00002E00020FFF72CFD3CB1FFF7EFFE20B105
:1049F000894805744FF0FF30D6E73046D4E738B524
:104A000004468548807A10B94FF0FF3038BDBC2C81
:104A100002DB0120009015E0622C02DB02200090F6
:104A200010E02A2C02DB032000900BE0142C02DBA8
:104A30000420009006E00A2C02DB0520009001E033
:104A4000062000907448C07A9DF80010884201D179
:104A50000020DBE7704A126891786F4A526810783C
:104A60006B460122FDF75FFD10B14FF0FF30CDE73F
:104A70009DF800106848C1720020C7E738B50446A9
:104A8000282C02DD4FF0FF3038BDDCB90020FFF7E5
:104A900061FD00208DF8000007208DF801005E4ABE
:104AA0001268917C5C4A526810786B460222FDF7CE
:104AB0003AFD10B14FF0FF30E6E70021564801758E
:104AC0000020E1E70120FFF745FD20208DF80000E0
:104AD000012C06D100208DF801000520FFF78FFF83
:104AE00017E0052C06DC01208DF801000520FFF7FA
:104AF00086FF0EE0142C06DC02208DF801000A204F
:104B0000FFF77DFF05E003208DF801001420FFF77B
:104B100076FF9DF80100072101EB8010C0B28DF8EF
:104B200001003D4A1268917C3B4A526810786B46FE
:104B30000222FDF7F8FC10B14FF0FF30A4E7082186
:104B40003548817200210173012101750020FFF7B2
:104B500021FF002098E738B504462F48807A10B925
:104B60004FF0FF3038BD2C4890F8240010B14FF0C2
:104B7000FF30F7E72848007D50B134B1282C04DC21
:104B8000E0B2FFF77BFF0020ECE70020FFF776FFA5
:104B9000042C01DA042404E0B4F57A7F01DD4FF43B
:104BA0007A744FF47A7090FBF4F0401EC0B200901B
:104BB000194A12685178184A526810786B460122D7
:104BC000FDF7B1FC10B14FF0FF30CBE79DF80000CE
:104BD000401C4FF47A7191FBF0F081B20E48C18114
:104BE0000146C9894810FFF70AFF0020BAE738B527
:104BF00004460948807A10B94FF0FF3038BD022CC6
:104C000006D0042C0AD0082C0BD0102C0FD10BE0AE
:104C1000002000900EE00000880100200820009095
:104C200008E01020009005E01820009002E04FF00E
:104C3000FF30E3E700BFF848407A9DF80010B0EB82
:104C4000E10F01D10020D9E7F34A1268D179F24A85
:104C5000526810786B460122FDF765FC10B14FF0E9
:104C6000FF30CBE79DF80000C110EB4841720020F7
:104C7000C4E738B50446E848807A10B94FF0FF30F1
:104C800038BDFA2C09D0B4F5FA7F09D0B4F57A7F93
:104C900009D0B4F5FA6F0CD108E0002000900BE0C9
:104CA0000820009008E01020009005E018200090F7
:104CB00002E04FF0FF30E3E700BFD748007A9DF8ED
:104CC0000010B0EBE10F01D10020D9E7D24A126801
:104CD0009179D14A526810786B460122FDF723FC86
:104CE00010B14FF0FF30CBE79DF80000C010CA496B
:104CF00008720020C4E71CB580208DF80000C64A69
:104D00001268917CC44A526810786B460122FDF704
:104D10000AFC10B14FF0FF301CBD6420FDF7A3FA70
:104D200000208DF80000BC4A1268917CBA4A526893
:104D300010786B460122FDF7F6FB10B14FF0FF3003
:104D4000EAE7B54A1268917DB34A526810786B461B
:104D50000622FDF737FC10B14FF0FF30DCE79DF87D
:104D60000500C007400F9DF8031001F0010140EA63
:104D700041009DF8011001F0010140EA01048CB1ED
:104D8000012C03D10121A448C17430E0022C03D1CD
:104D90000021A148C1742AE0A0A0FFF70AFA4FF051
:104DA000FF30B9E79C4A1268D1789B4A5268107864
:104DB0006B460122FDF706FC10B14FF0FF30ABE768
:104DC0009DF8000000F00F042CB99E48FFF7F1F9A0
:104DD0004FF0FF30A0E7042C06D19BA0FFF7E9F9C4
:104DE00001218D48C17402E000218B48C174FF216C
:104DF00089488172FF2088490872FF2186484172E4
:104E0000C1724FF6FF71C181FF21017481740121CC
:104E1000017380F82210002180F82310417501757C
:104E20001630016041608160163880F8241080F8E7
:104E30002510C1844FF4FA60FFF71BFF10B14FF04B
:104E4000FF3069E70220FFF7D2FE10B14FF0FF30CC
:104E500062E72A20FFF7D3FD10B14FF0FF305BE788
:104E60003220FFF778FE10B14FF0FF3054E70020FA
:104E7000FFF790FD10B14FF0FF304DE70020FFF736
:104E800001FC10B14FF0FF3046E70020FFF795FB23
:104E9000002041E77CB504460D465F48807A00F06B
:104EA000700010B94FF0FF307CBD5B4A1268117B77
:104EB000594A526810786B460622FDF783FB10B101
:104EC0004FF0FF30F0E79DF801009DF8001040EA38
:104ED000012000B220809DF803009DF8021040EAF6
:104EE000012000B260809DF805009DF8041040EAA2
:104EF000012000B2A08015B12846FDF7C0F90020BE
:104F0000D2E77CB504460D464348807A00F008009D
:104F100010B94FF0FF307CBD3F4A1268517B3E4ACA
:104F2000526810786B460622FDF74CFB10B14FF02B
:104F3000FF30F0E79DF801009DF8001040EA0120E5
:104F400000B220809DF803009DF8021040EA012085
:104F500000B260809DF805009DF8041040EA012031
:104F600000B2A08015B12846FDF789F90020D2E7EC
:104F70002DE9FE4F05460C462748807A18B94FF0B8
:104F8000FF30BDE8FE8F244A1268917B224A5268A6
:104F9000107802AB0222FDF715FB10B14FF0FF3085
:104FA000EFE79DF809009DF8081040EA012006B2DD
:104FB00014B12046FDF763F917494968C88802F023
:104FC000B6FB154901904968B1F9080002F0A6FB4B
:104FD0008346304602F0A2FB5946009002F0A0F949
:104FE0008246019902F0D4F981461F4902F046F940
:104FF00080464FF08F4102F099F9074602F0ADFB71
:1050000028600020BDE710B588B004461CB94FF0F9
:10501000FF3008B010BD29E088010020556E73757F
:1050200070706F7274656420736F667477617265F7
:105030002070726F64756374207265762025642E0B
:105040000A000000F099000848616C662073656EE4
:105050007369746976697479207061727420666FFF
:10506000756E642E0A00000000000C42206830B902
:10507000606820B9A06810B9002008B010BDFA49D6
:105080004968087806AB03221146FDF79BFA10B178
:105090004FF0FF30F1E79DF81800082101EB2010D8
:1050A00000F00F00ADF800009DF8190001EB201092
:1050B00000F00F00ADF802009DF81A0001EB20107F
:1050C00000F00F00ADF8040020684100BDF90000B9
:1050D000403091FBF0F000B2ADF810006068410084
:1050E000BDF90200403091FBF0F000B2ADF81200C3
:1050F000A0684100BDF90400403091FBF0F000B21F
:10510000ADF81400D8494968087806AB0622114664
:10511000FDF758FA10B14FF0FF30AEE79DF81900D7
:105120009DF8181040EA012000B2ADF808009DF883
:105130001B009DF81A1040EA012000B2ADF80A00E9
:105140009DF81D009DF81C1040EA012000B2ADF84A
:105150000C00BDF81000BDF80810084400B2ADF80E
:105160001000BDF81200BDF80A10084400B2ADF8F6
:105170001200BDF81400BDF80C10084400B2ADF8E0
:105180001400BDF81000000A8DF81800BDF81000DA
:10519000C0B28DF81900BDF81200000A8DF81A008F
:1051A000BDF81200C0B28DF81B00BDF81400000A53
:1051B0008DF81C00BDF81400C0B28DF81D00AA497E
:1051C0004968087806AB06221146FDF7ACF910B124
:1051D0004FF0FF3051E700204FE70146A248007A28
:1051E00030B1012807D0022809D003280FD10AE0E6
:1051F000FA2008800EE04FF4FA7008800AE04FF4BD
:105200007A70088006E04FF4FA60088002E000201F
:10521000088000BF00BF0020704701469248407AD6
:1052200030B1012807D0022808D003280CD108E0AB
:10523000022008700BE00420087008E008200870C5
:1052400005E01020087002E04FF0FF30704700BF0B
:105250008548C07C18B108784006000E0870002010
:10526000F4E701468048C07A082817D2DFE800F04A
:105270001704070A0D101318BC20088013E06220E1
:10528000088010E02A2008800DE0142008800AE041
:105290000A20088007E00520088004E000BF00BF66
:1052A0000020088000BF00BF0020704701466E4804
:1052B00090F8240010B14FF0FF3070476A48C08961
:1052C00008800020F9E7014600200880401E704752
:1052D00001464FF0FF30704701466348007A30B115
:1052E000012807D0022808D003280CD108E05F4825
:1052F00008600BE05E48086008E05E48086005E072
:105300005D48086002E04FF0FF30704700BF0020AA
:10531000FBE701465448407A30B1012808D0022802
:105320000AD0032810D10BE04FF4804008800EE033
:1053300041F69C7008800AE04FF48050088006E037
:105340004FF40060088002E04FF0FF30704700BF6C
:105350004548C07C10B10888401008800020F5E75F
:1053600001464148007C08700020704701463E48D5
:10537000807A10B10120087001E000200870002040
:10538000704738B504463848807A10B94FF0FF307E
:1053900038BD354A1268117C334A526810786B4622
:1053A0000222FDF70FF910B14FF0FF30F0E79DF842
:1053B00001009DF8001040EA012000B2208000208A
:1053C000E6E72DE9FE4F0746884692461D46DDF882
:1053D00030B000260024244890F8240010B1601E4C
:1053E000BDE8FE8F002028701F48807A10B94FF06A
:1053F000FF30F5E71C48007C10B94FF0FF30EFE7B5
:105400001948007C00F0400008B1B01CC6B2164834
:10541000007C00F0200008B1B01CC6B21248007C2D
:1054200000F0100008B1B01CC6B20F48007C00F0BC
:10543000080008B1B01DC6B20B4A1268917A0A4A38
:10544000526810786B460222FDF7BCF810B14FF09D
:10545000FF30C5E79DF801009DF8001040EA0129E2
:10546000B1450BDA0020BBE78801002000000343B0
:10547000000083423333034233338341FC484068A6
:105480004088B9EB600F17DDF94A1268517CF84A81
:10549000526810786B460122FDF794F810B14FF076
:1054A000FF309DE79DF8000000F0100020B1FFF7ED
:1054B0008DF96FF0010093E75046FCF7E0FEEC4AEF
:1054C0001268D17AEA4A526810786B463246FDF784
:1054D00079F810B14FF0FF3082E799FBF6F0401EEB
:1054E0008BF8000000202870B4422AD0E048007CED
:1054F00000F0080028B3601C1DF800001DF804101F
:1055000040EA012000B2A8F80000E01C1DF80010DD
:10551000A01C1DF8000041EA002000B2A8F802001B
:10552000601D1DF80010201D1DF8000041EA00203C
:1055300000B2A8F80400287840F008002870A01DE8
:1055400084B2B44213D0CA48007C00F0400070B16D
:10555000601C1DF800001DF8041040EA012000B294
:105560003880287840F040002870A01C84B2B442F3
:1055700013D0BF48007C00F0200070B1601C1DF803
:1055800000001DF8041040EA012000B2788028785D
:1055900040F020002870A01C84B2B44213D0B4485C
:1055A000007C00F0100070B1601C1DF800001DF8B8
:1055B000041040EA012000B2B880287840F01000C2
:1055C0002870A01C84B200200AE7F8B504460F46F4
:1055D0001646A74890F8240010B94FF0FF30F8BDE8
:1055E000A348807A10B94FF0FF30F8E7A04A12685C
:1055F000917A9F4A526810786B460222FCF7E2FFCC
:1056000010B14FF0FF30EAE79DF801009DF800105F
:1056100040EA0125A54203DA00203070401EDEE793
:10562000934840684088B5EB600F17DD904A1268D8
:10563000517C8F4A526810786B460122FCF7C2FFFA
:1056400010B14FF0FF30CAE79DF8000000F01000E5
:1056500020B1FFF7BBF86FF00100C0E7E2B2844B66
:105660001B68D97A824B5B6818783B46FCF7AAFF27
:1056700010B14FF0FF30B2E795FBF4F0401E3070F0
:105680000020ACE701467A4880F8221000207047DD
:105690007CB5054676494968087801AB04220D219E
:1056A000FCF790FF08B107207CBD9DF80700C0F310
:1056B00001109DF8041001F0E00140EAE1008DF8CE
:1056C00000009DF80700C0F381009DF8051001F06F
:1056D000E00140EAE1008DF801009DF8070000F0CC
:1056E00003009DF8061001F0E00140EAE1008DF8AA
:1056F000020000241CE01DF8040018B9002045F841
:10570000240013E05B4845F8240006E055F8240027
:10571000594901F00BFE45F824001DF80400401E15
:10572000C0B20DF804000028F0D100BF601CC4B264
:10573000032CE0DB0020B7E72DE9FE4F06460F46BD
:1057400000256846FFF7A4FF002442E056F8240035
:1057500057F82410A0EB010ABAF1000F01DB514603
:1057600001E0CAF10001084601F0D8FF83464FF07E
:105770008F4101F00DFE80465DF82400002102F00B
:1057800061F816D05DF82410404601F001FE824613
:105790004FF07E5101F0C4FD814629F0004A3748A0
:1057A000416A504602F058F812D20120A040054349
:1057B0000EE03248C169404602F044F805D32F4854
:1057C000016A404602F048F802D20120A040054399
:1057D000641C032CBADB2846BDE8FE8F2DE9FC5F74
:1057E00006460F46002522494968087801AB032286
:1057F0000D21FCF7E7FE10B10720BDE8FC9F9DF8E6
:10580000040000F01F008DF804009DF8050000F072
:105810001F008DF805009DF8060000F01F008DF8B0
:105820000600002462E056F8240057F82410A0EB8C
:10583000010BBBF1000F01DB594601E0CBF1000188
:10584000084601F06BFF4FF08F41009001F0A0FD82
:10585000814601A8005DC0B30849086801F067FFF0
:1058600083465946064801F093FD80460FE000004C
:10587000880100207B14AE3E1D5A843FE08C000856
:1058800000B04C45FE49404601F050FD804601A85D
:10589000005D401EC0B201A908550028F2D1414662
:1058A000484601F075FD83464FF07E5101F038FD0A
:1058B00082462AF0004BF3488169584601F0CCFF3C
:1058C00013D20120A04005430FE0FFE7ED48016936
:1058D000484601F0B7FF05D3EA484169484601F060
:1058E000BBFF02D20120A0400543641C032C9ADBBD
:1058F000284682E72DE9F04F87B005460C469146D1
:1059000001208DF8100000208DF81100DE4A126889
:10591000917CDD4A5268107804AB0222FCF703FE4A
:1059200020B14FF0FF3007B0BDE8F08FC820FCF782
:105930009AFC00208DF81000D34A1268D17BD24A1D
:105940005268107804AB0122FCF7EDFD10B14FF066
:10595000FF30E8E7CC4A12685179CB4A5268107898
:1059600004AB0122FCF7DFFD10B14FF0FF30DAE7A6
:10597000C54A1268917CC44A5268107804AB01226F
:10598000FCF7D1FD10B14FF0FF30CCE7BE4A1268F2
:10599000D17DBD4A5268107804AB0122FCF7C3FDEB
:1059A00010B14FF0FF30BEE7B74A12681179B64A1E
:1059B0005268107804AB0122FCF7B5FD10B14FF02E
:1059C000FF30B0E70C208DF81000AF4A1268117953
:1059D000AD4A5268107804AB0122FCF7A4FD10B167
:1059E0004FF0FF309FE70F20FCF73DFCA648806A90
:1059F000407A8DF81000A44A12689178A24A526841
:105A0000107804AB0122FCF78EFD10B14FF0FF308F
:105A100089E79D48806A007A8DF810009A4A1268DA
:105A20005178994A5268107804AB0122FCF77BFD4B
:105A300010B14FF0FF3076E7B9F1000F07D0924870
:105A4000806A807A40F0E0008DF8100004E08E4813
:105A5000806A807A8DF810008B4A126891798A4AA0
:105A60005268107804AB0122FCF75DFD10B14FF0D5
:105A7000FF3058E7B9F1000F07D08348806AC07A39
:105A800040F0E0008DF8100003E07E48C07A8DF809
:105A900010007D4A1268D1797B4A5268107804ABB5
:105AA0000122FCF740FD10B14FF0FF303BE7B9F1A8
:105AB000000F02D0C820FCF7D6FB40208DF8100064
:105AC000714A12681179704A5268107804AB012249
:105AD000FCF729FD10B14FF0FF3024E778208DF856
:105AE0001000694A12685179674A5268107804AB0D
:105AF0000122FCF718FD10B14FF0FF3013E76149A8
:105B00008889FCF7B0FB00208DF810005E4A12680F
:105B100051795D4A5268107804AB0122FCF703FD0D
:105B200010B14FF0FF30FEE6574A1268917A564A9C
:105B30005268107804AB0222FCF744FD10B14FF01C
:105B4000FF30F0E69DF811009DF8101040EA012B9F
:105B50000C209BFBF0F0C6B20020A86068602860B3
:105B6000A06060602060824665E0474A1268D17A92
:105B7000454A5268107804AB0C22FCF723FD10B1A3
:105B80004FF0FF30CFE69DF811009DF8101040EA6D
:105B9000012000B2ADF808009DF813009DF8121026
:105BA00040EA012000B2ADF80A009DF815009DF80A
:105BB000141040EA012000B2ADF80C00BDF9081045
:105BC000206808442060BDF90A10606808446060DD
:105BD000BDF90C10A0680844A0609DF817009DF85E
:105BE000161040EA012000B2ADF800009DF819003F
:105BF0009DF8181040EA012000B2ADF802009DF8AF
:105C00001B009DF81A1040EA012000B2ADF8040014
:105C1000BDF90010286808442860BDF902106868C2
:105C200008446860BDF90410A8680844A8600AF137
:105C3000010000F0FF0AB24597DB1248D0F800C01F
:105C40002868C117090441EA10410704624600238D
:105C5000384601F0A5FA32460023CDE9020101F0F1
:105C60009FFA28600748D0F800C06868C117090487
:105C700041EA1041070462460023384606E000006E
:105C800054E3853FE08C00088801002001F088FA89
:105C900032460023CDE9020101F082FA6860FE4835
:105CA000D0F800C0A868C117090441EA10410704F0
:105CB00062460023384601F073FA32460023CDE9EC
:105CC000020101F06DFAA860F348D0F804C0216821
:105CD000C817000440EA11480F0462460023384602
:105CE000414601F05DFA32460023CDE9020101F0A0
:105CF00057FA2060E848D0F804C06068C11709046A
:105D000041EA1041070462460023384601F048FA90
:105D100032460023CDE9020101F042FA6060DE481C
:105D2000D0F804C0A068C117090441EA1041070473
:105D300062460023384601F033FA32460023CDE9AB
:105D4000020101F02DFAA060A068002804DDA0681F
:105D5000A0F58030A06003E0A06800F58030A0606E
:105D60000020E0E538B50446CC4890F82400A04275
:105D700001D1002038BD24B3C84890F8250010B9DF
:105D80004FF0FF30F6E70020FEF75AFB0020FEF749
:105D900079FCC249C88CFEF7DEFE00200090BF49A6
:105DA000496808786B4601222321FCF7BCFB0121DE
:105DB000BA4880F824100120FEF742FBFEF706FDEA
:105DC00013E00020FEF73CFBB448007C0090B34990
:105DD000496808786B4601222321FCF7A4FB0021C7
:105DE000AE4880F82410FEF7F1FC0020C2E72DE950
:105DF000F04F8DB083460F4602200C90A74890F8D4
:105E0000240020B10020FFF7ADFF012600E00026AE
:105E100003A8FFF7E2F905A8FFF7FFF901A8FFF7CC
:105E200020FA02A8FFF742FA9C4890F80AA004A8BA
:105E3000FFF796FA002407E0002239465846FFF79C
:105E400059FD00B902E0641C022CF5DB00BF022CF6
:105E500001D1002528E0002407E0012206A909A8B5
:105E6000FFF748FD00B902E0641C022CF5DB00BF1F
:105E7000022C01D1002517E006A93846FFF75CFC8B
:105E800000F0FF0809A95846FFF7A8FC00F0FF0939
:105E90000025B9F1000F01D145F00105B8F1000F5F
:105EA00001D145F0020500BFFF207C490872FF21A7
:105EB0007A484172C1724FF6FF71C181FF21817230
:105EC000017401210173BDF80C00FEF7D2FE9DF8AC
:105ED0001400FEF78CFEBDF80400FEF790FDBDF83F
:105EE0000800FEF738FE5046FEF767FB9DF81000ED
:105EF000FEF750FD16B10120FFF734FF28460DB024
:105F0000BDE8F08FF8B504460D46164616B94FF0B9
:105F1000FF30F8BD6148807A10B94FF0FF30F8E7E4
:105F200020128DF80000E0B28DF801009DF801000C
:105F300028445A4949684989884202DD4FF0FF30B8
:105F4000E7E7564A1268117E544A526810786B4649
:105F50000222FCF7E8FA10B14FF0FF30D9E7EAB2BD
:105F60004E4B1B68597D4D4B5B6818783346FCF7E8
:105F7000DAFA10B14FF0FF30CBE70020C9E7F8B5EF
:105F800004460D46164616B94FF0FF30F8BD43489B
:105F9000807A10B94FF0FF30F8E720128DF800003A
:105FA000E0B28DF801009DF8010028443B494968A2
:105FB0004989884202DD4FF0FF30E7E7374A12682F
:105FC000117E364A526810786B460222FCF7ABFA13
:105FD00010B14FF0FF30D9E7EAB2304B1B68597D62
:105FE0002E4B5B6818783346FCF7ECFA10B14FF093
:105FF000FF30CBE70020C9E72DE9F04385B0054627
:106000000E4690469946254890F8250020B14FF05D
:10601000FF3005B0BDE8F08316B94FF0FF30F8E768
:10602000002423E0281B102801DD102000E0281B9D
:1060300087B2321939462046FFF764FF10B14FF09E
:10604000FF30E6E701AA39462046FFF798FF10B176
:106050004FF0FF30DDE730193A4601A901F001F9B0
:1060600010B16FF00100D4E7E01984B2AC42D9DB83
:106070004FEA28208DF8000008F0FF008DF801009D
:10608000064A1268917E054A526810786B460222D1
:10609000FCF749FA38B103E0E08C000888010020E1
:1060A0004FF0FF30B5E701218A4880F82510A0F8AD
:1060B00026900020ADE70146864890F8240008703D
:1060C0000020704702464FF0FF30704701464FF006
:1060D000FF307047F8B505460F461446002C70D0C7
:1060E000B5F5FF5F01DDFF2605E0202D01DA012671
:1060F00001E0C5F3471607B90127282C02DD4FF050
:10610000FF30F8BD7348407D28BB724890F82400EA
:1061100038B10020FFF726FE01216E4880F82010DC
:1061200003E000216B4880F820106A481630FFF722
:1061300054F868481830FFF770F866481A30FFF7CF
:1061400090F864481C30FFF7B1F86248817A817793
:106150001F30FFF705F90020FEF772F90020FEF767
:106160008DFC00208DF800005A4A12689178594A37
:10617000526810786B460122FCF7D5F910B14FF048
:10618000FF30BEE740208DF80000524A1268D17BF4
:10619000504A526810786B460122FCF7C4F900B1EE
:1061A00065E08DF800608DF801704A4A1268117A36
:1061B000484A526810786B460222FCF7B4F908B1DD
:1061C00055E047E00520FCF74EF84248407A0721A9
:1061D00001EBC000C0B28DF800003E4A1268D179D0
:1061E0003C4A526810786B460122FCF79CF900B1DA
:1061F0003DE020208DF80000012C03D100208DF817
:1062000001000EE0052C03DC01208DF8010008E000
:10621000142C03DC02208DF8010002E003208DF82D
:1062200001009DF80100072101EB8010C0B28DF83C
:106230000100284A1268917C264A526810786B4601
:106240000222FCF770F900B111E0012121484175EB
:10625000002056E71F4A1632002103E0505C00B1CF
:1062600005E0491C0C29F9D34FF0FF3049E7FF2026
:1062700018490872FF2117484172C1724FF6FF7129
:10628000C181FF2181720174012101730146887F60
:10629000FEF793F90F49C88AFEF7EBFC0D49087E1B
:1062A000FEF7A5FC0B49488BFEF7A9FB0949888B33
:1062B000FEF751FC0749C87FFEF76CFB054890F8D4
:1062C000200010B10120FFF74DFD0021014841756C
:1062D000002016E78801002010B5C8234FF4806223
:1062E000F74940F6F630FFF787FE10BD10B586B0CF
:1062F0000446F4A000680390F3A000680290F3A0A5
:1063000000680190F2A00068009004F0030003A967
:10631000085C8DF8140003A8C4F3C101405C8DF83B
:10632000150003A8C4F38111405C8DF8160004F039
:10633000030002A9085C8DF8100002A8C4F3C10193
:10634000405C8DF8110002A8C4F38111405C8DF807
:10635000120005AA032140F22640FFF7D3FD18B131
:106360004FF0FF3006B010BD04AA032140F22A40CE
:10637000FFF7C8FD10B14FF0FF30F3E7019805902B
:106380000098049004F0040058B19DF8140040F007
:1063900001008DF814009DF8100040F001008DF808
:1063A000100004F0200058B19DF8150040F00100E5
:1063B0008DF815009DF8110040F001008DF81100D6
:1063C00004F4807058B19DF8160040F001008DF87B
:1063D00016009DF8120040F001008DF8120005AA89
:1063E00003214FF48860FFF78DFD10B14FF0FF30AF
:1063F000B8E704AA032140F23140FFF783FD10B152
:106400004FF0FF30AEE7B34804810020AAE71FB584
:106410000446B048007A00F0030054F820000190D0
:10642000AC48007A00F0040010B10198404201909D
:10643000A848007AC0F3C10054F820000290A54893
:10644000007A00F0200010B1029840420290A1486A
:10645000007AC0F3811054F8200003909D48008911
:1064600000F4807010B10398404203909A4901985B
:1064700080FB0101800F40EA81000190964902985B
:1064800080FB0110820042EA9170029092490398C9
:1064900080FB0110820042EA917003900198000E87
:1064A0008DF800000198000C8DF801000198000A99
:1064B0008DF802000198C0B28DF803006A460421ED
:1064C0004FF47470FFF71EFD18B14FF0FF3004B0A9
:1064D00010BD0298000E8DF800000298000C8DF897
:1064E00001000298000A8DF802000298C0B28DF8EF
:1064F00003006A4604214FF47570FFF703FD10B1E5
:106500004FF0FF30E3E70398000E8DF8000003988A
:10651000000C8DF801000398000A8DF80200039822
:10652000C0B28DF803006A4604214FF47670FFF77D
:10653000E9FCCCE770B588B0064601A8FEF7E9FE95
:10654000BDF804000021C90341EA5045C403614875
:10655000007A00F0030056F8200005905D48007AAC
:1065600000F0040010B10598404205905948007AA7
:10657000C0F3C10056F8200006905648007A00F09B
:10658000200010B10698404206905248007AC0F3AD
:10659000811056F8200007904E48008900F4807062
:1065A00010B10798404207900598C117A0FB04233B
:1065B00001FB043100FB0510810041EA9270059057
:1065C0000698C117A0FB042301FB043100FB051052
:1065D000810041EA927006900798C117A0FB04233E
:1065E00001FB043100FB0510810041EA9270079025
:1065F0000598000E8DF808000598000C8DF809002C
:106600000598000A8DF80A000598C0B28DF80B00B5
:106610000698000E8DF80C000698000C8DF80D0001
:106620000698000A8DF80E000698C0B28DF80F008B
:106630000798000E8DF810000798000C8DF81100D7
:106640000798000A8DF812000798C0B28DF8130061
:1066500002AA0C214FF42570FFF754FC08B070BD5E
:1066600030B585B004461DA207CA02AB07C3C82CCB
:1066700003DD4FF0FF3005B030BDC82090FBF4F0D3
:10668000401E85B2280A8DF80000E8B28DF801009E
:106690006A46022140F21620FFF734FC10B14FF099
:1066A000FF30E8E702AA0C2140F6C120FFF72AFCE0
:1066B00010B14FF0FF30DEE7064884810020DAE7B2
:1066C000088D00084CCD6C000CC92C0036567600A5
:1066D000264666002C03002009E3CA02FEF2ABC482
:1066E000AAF1DFDFBBAFDFDF0146FC48808908800D
:1066F000002070472DE9FC4706460F4606F00700CC
:1067000010B1B7F5C86F03DD4FF0FF30BDE8FC876F
:10671000384601F00CF88146F14900F039FE804618
:106720006846FEF77AFD9DF80000022806D004288E
:1067300016D0082826D0102848D135E04FF08D41DA
:10674000404600F0F3FD814601F020F884B2E549AF
:10675000404600F0EBFD814601F018F885B238E0C4
:106760004FF08C41404600F0E1FD814601F00EF80B
:1067700084B2DD49404600F0D9FD814601F006F8BB
:1067800085B226E04FF08B41404600F0CFFD8146B8
:1067900000F0FCFF84B2D549404600F0C7FD8146B9
:1067A00000F0F4FF85B214E04FF08A41404600F05B
:1067B000BDFD814600F0EAFF84B2CD49404600F0BD
:1067C000B5FD814600F0E2FF85B202E04FF0FF30F8
:1067D0009CE700BF20128DF80400E0B28DF80500A0
:1067E00028128DF80600E8B28DF8070006F00100C7
:1067F000A0B101AA02214FF4EA70FFF783FB10B1A8
:106800004FF0FF3082E70DF1060202214FF4927043
:10681000FFF778FB10B14FF0FF3077E706F002008A
:10682000A0B101AA02214FF4EC70FFF76BFB10B18D
:106830004FF0FF306AE70DF1060202214FF4947029
:10684000FFF760FB10B14FF0FF305FE706F0040088
:10685000A0B101AA02214FF4EE70FFF753FB10B173
:106860004FF0FF3052E70DF1060202214FF496700F
:10687000FFF748FB10B14FF0FF3047E7002045E736
:1068800038B504460020009004F0010020B19DF8C6
:10689000000040F03000009004F0020020B19DF8AC
:1068A000000040F00C00009004F0040020B19DF8BE
:1068B000000040F0030000906A4601214FF4A470EC
:1068C000FFF720FB38BD38B50446012C01DA01245E
:1068D00002E0042C00DD0424601EC0B200906A4671
:1068E000012140F24F10FFF70DFB38BD38B50446CB
:1068F000052094FBF0F085B228128DF80000E8B274
:106900008DF801006A4602214FF4EF70FFF7FAFAA2
:1069100038BD38B50446052094FBF0F085B2281246
:106920008DF80000E8B28DF801006A4602214FF4AC
:10693000ED70FFF7E7FA38BDF8B505460E464FF49F
:106940007A7095FBF0F000FB06F4200E8DF8000045
:10695000200C8DF80100200A8DF80200E0B28DF8BD
:1069600003006A4604214FF4AE70FFF7CBFAF8BD7E
:1069700038B50446052094FBF0F084B220128DF85F
:106980000000E0B28DF801006A4602214FF4AD70BC
:10699000FFF7B8FA38BD38B50446052094FBF0F08F
:1069A00084B220128DF80000E0B28DF801006A4632
:1069B00002214FF4AC70FFF7A5FA38BD38B5044694
:1069C00014B94FF0FF3038BD6A4604214FF45870B7
:1069D000FFF7D5FA10B14FF0FF30F4E79DF8000053
:1069E00000069DF8011040EA01409DF8021040EABF
:1069F00001209DF80310084320600020E3E738B52C
:106A00000446200E8DF80000200C8DF80100200AAD
:106A10008DF80200E0B28DF803006A4604214FF4BD
:106A20005870FFF76FFA38BD38B5044614B94FF007
:106A3000FF3038BD6A4604214FF47170FFF79FFAAA
:106A400010B14FF0FF30F4E79DF8000000069DF80C
:106A5000011040EA01409DF8021040EA01209DF833
:106A60000310084300EB8000800020600020E0E776
:106A700038B504461420B4FBF0F4200E8DF8000065
:106A8000200C8DF80100200A8DF80200E0B28DF88C
:106A900003006A4604214FF47170FFF733FA38BDE2
:106AA00038B5044664B120208DF8000028208DF808
:106AB000010030208DF8020038208DF8030004E03A
:106AC000A3220421684600F0AEFB6A46042140F68A
:106AD0009E20FFF717FAFDF779FE38BD2C03002042
:106AE00000004843000040460000C045000040450B
:106AF0000000C04438B5044664B1C0208DF80000E1
:106B0000C2208DF80100C4208DF80200C6208DF847
:106B1000030004E08B220421684600F084FB6A46EF
:106B2000042140F69820FFF7EDF9FDF74FFE38BD40
:106B30003EB504466CB1FDA1D1E900208968CDE9DC
:106B4000002002916A4609214FF49760FFF7DAF9B5
:106B50003EBDF9A2D2E900109268CDE90102009190
:106B60006A4609214FF49760FFF7CCF9F0E73EB58C
:106B7000044602208DF80000CA208DF80100E320B1
:106B80008DF8020009208DF803006A460421682070
:106B9000FFF7B8F9A3208DF8000004F0400048B1D9
:106BA000C0208DF80100C8208DF80200C2208DF8A9
:106BB000030006E0A3208DF801008DF802008DF897
:106BC000030004F4C07048B1C4208DF80400CC2048
:106BD0008DF80500C6208DF8060006E0A3208DF88C
:106BE00004008DF805008DF80600A3208DF807003D
:106BF0008DF808008DF809006A460A2140F6A720A2
:106C0000FFF780F904F0030018B120208DF8000090
:106C100002E0D8208DF800006A46012140F6B62037
:106C2000FFF770F904F0200018B10120FFF780FF92
:106C300002E00020FFF77CFF04F4C07008B304F406
:106C4000807060B1B2208DF800008B208DF80100BB
:106C5000B6208DF802009B208DF803000BE0B020D9
:106C60008DF8000080208DF80100B4208DF802001E
:106C700090208DF803006A46042140F6A220FFF719
:106C800041F904F0010020B3F8208DF800006A46B5
:106C900001214FF40B60FFF735F9FA210720FFF7C8
:106CA00029FD0720FFF7ECFD0120FFF70CFE642013
:106CB000FFF71CFE4FF4FA70FFF72BFEC821A14826
:106CC000FFF73AFE2820FFF753FE0A20FFF763FE86
:106CD00008E0D8208DF800006A4601214FF40B60CF
:106CE000FFF710F904F0020018B1D9208DF8000068
:106CF00002E0D8208DF800006A46012140F23D7084
:106D0000FFF700F904F0040018B10120FFF7F2FECC
:106D100002E00020FFF7EEFE04F0100018B10120A1
:106D2000FFF7BEFE02E00020FFF7BAFE44F00800C5
:106D300085494881FDF74AFD00208349887304F0A6
:106D4000400018B10846807B801D887304F4C07031
:106D500020B17D48807B801D7B49887304F014003E
:106D600020B17948807B10307749887304F00300A4
:106D700020B17548807B001D7349887300203EBD9B
:106D80000146714840890880002070472DE9F04194
:106D90000446E07800F0C006E07800F03F05607837
:106DA00000F0010098B1EF102846E91705EB51718A
:106DB000C910A5EBC101491C01F0FF086248006839
:106DC00020B16148414602683846904700BF60786C
:106DD00000F0080030B15C48406818B1B0115A4A60
:106DE000516888470020BDE8F08110B586B00446A0
:106DF00056A207CA03AB07C357A207CA8DE807000C
:106E0000012C09D0022C0ED103AA0B2140F68220BE
:106E1000FFF778F806B010BD6A460B2140F68220D5
:106E2000FFF770F8F6E74FF0FF30F3E72DE9F04F8A
:106E30008DB00746884615469946DDE9166B002455
:106E4000002030804049887B5A4605A9FEF7BDFBEB
:106E500018B1601E0DB0BDE8F08F3B48807A00F09D
:106E60001400002861D09DF8140000069DF815104C
:106E700040EA01409DF8161040EA01209DF81710E5
:106E8000084328609DF8180000069DF8191040EA94
:106E900001409DF81A1040EA01209DF81B1008439C
:106EA00068609DF81C0000069DF81D1040EA014036
:106EB0009DF81E1040EA01209DF81F100843A860AD
:106EC0009DF8200000069DF8211040EA01409DF841
:106ED000221040EA01209DF823100843E86004F1E5
:106EE0001000C4B228680014019068680014029071
:106EF000A86800140390E8680014049001984043C7
:106F0000029901FB0100039901FB0100049901FBB7
:106F1000010ABAF1706F02DBBAF1885F22DDFDF77A
:106F200055FC00203080401E94E721E0B8AAB38DC4
:106F3000B4980D355D000000B8AAAAAAB088C3C5F0
:106F4000C700000009E3CA022C030020D8B1B9F33E
:106F50008BA391B609B4D900DAB1B9F38BA391B67A
:106F6000DAB4DA00B6F9000040F48070308000BF77
:106F70007848807A00F0400020B305A9601C085CC6
:106F8000095D40EA012000B2A8F8000005A9E01C54
:106F9000095C05AAA01C105C41EA002000B2A8F818
:106FA000020005A9601D095C201D105C41EA00205B
:106FB00000B2A8F80400A01DC4B2B6F9000040F069
:106FC000080030806348408900F4C07008B305A908
:106FD000601C085C095D40EA012000B2388005A908
:106FE000E01C095C05AAA01C105C41EA002000B26C
:106FF000788005A9601D095C201D105C41EA002015
:1070000000B2B880A01DC4B2B6F9000040F0700014
:1070100030805048807A00F0030018B105A90819A3
:10702000FFF7B4FE4846FBF72AF9002012E70146B5
:1070300048480160002070470146464841600020F2
:107040007047014691F90020002A01DD00201EE072
:1070500091F90020002A01DA042018E091F90120BA
:10706000002A01DD012012E091F90120002A01DA55
:1070700005200CE091F90220002A01DD022006E043
:1070800091F90220002A01DA062000E0072070476B
:1070900070B505462846FFF7D4FF0446E81CFFF705
:1070A000D0FF44EAC00084B2A81DFFF7CAFF44EA3B
:1070B000801084B2204670BD70B588B002A905A8C2
:1070C000FEF795FE0446032C3FD101A8FEF704F914
:1070D000059800F023FB0646019900F027F90546C4
:1070E00000F03BFB0590069800F018FB064601995E
:1070F00000F01CF9054600F030FB0690079800F000
:107100000DFB0646019900F011F9054600F025FB3C
:10711000079005A8FFF77BF96846FEF7FAF8BDF877
:107120000010029848430290BDF8001003984843AD
:107130000390BDF8001004984843049002A8FFF79C
:10714000F9F905A0FDF735F802E00CA0FDF731F8DC
:1071500008B070BD2C03002073657474696E6720DD
:10716000626961732073756363657366756C6C79AE
:10717000202E2E2E2E2E2E0A000000006269617332
:1071800020686173206E6F74206265656E206D6F7C
:10719000646966696564202E2E2E2E2E2E0A00004C
:1071A0002DE9F0410024061B254671F1000605DAA1
:1071B00001240027D0EB070067EB0101161E73F1D5
:1071C000000605DA0027D2EB0702012567EB03036F
:1071D00000F062FB86460E4617469C46AC4204D041
:1071E0000025D0EB050E65EB010624B10020D2EBA3
:1071F000000760EB030C704631463A466346BDE833
:10720000F08140EA01039B0703D009E008C9121F7F
:1072100008C0042AFAD203E011F8013B00F8013B50
:10722000521EF9D27047D2B201E000F8012B491E7C
:10723000FBD270470022F6E710B513460A46044613
:107240001946FFF7F0FF204610BD421E12F8013F1D
:10725000002BFBD111F8013B02F8013B002BF9D1C7
:10726000704730B504460020034600E05B1C9342A3
:1072700003D2E05CCD5C401BF8D030BDF0B480EAB6
:107280000102D40F4200B2EB410F02D2024608467F
:1072900011464A0042D0C30DDDB2C1F3C752AD1A48
:1072A000202D35DAC1F3160141F4000204B1524237
:1072B000C5F1200602FA06F12A411044B3EBD05F73
:1072C00023D0C4B1012DA0EBC35009DCF0BC4FF0BA
:1072D000004202EAC352DBB200F5000000F037BB07
:1072E000400000F1807000EBC350A0F1807040EAD4
:1072F000D170490009E0490841EAC071A0EBC350D0
:1073000000F50000400800EBC350F0BC00F016BBD5
:107310006142012202EB4101001BF6E7F0BC70471D
:1073200081F00041AAE780F00040A7E780EA01026F
:1073300010B502F00043400022D04A001FD0010ED9
:1073400001EB1261C0F35600C2F3560240F4000094
:1073500042F40002A0FB022000047F39140400D094
:10736000401C50EA124001D44000491EC2B20C0633
:1073700004EBD010401C4008802A02D003E000201B
:1073800010BD20F00100002900DA0020184310BDD4
:1073900030B480EA010202F0004530F0004221F0F2
:1073A000004013D090B1C30DD40DC2F31601C0F349
:1073B0001600E41A41F4000140F400027D349142C9
:1073C00001D3641C00E04900002C02DA30BC00202C
:1073D00070474FF400000023914201D3891A034300
:1073E00040084FEA4101F7D151B1914202D14FF02B
:1073F000004105E002D24FF0010101E06FF0010110
:1074000003EBC450284430BC00F098BA2DE9FE4F7D
:10741000804681EA0300C00F0C46009021F0004135
:1074200023F00045B8EB0200A94105D240462146B1
:1074300090461C460B46024623F00040104347D0BE
:10744000270DC7F30A00C3F30A510290401A0190B6
:1074500040286BDAC3F3130040F4801B0098924677
:1074600020B10023D2EB030A63EB0B0B01985946C2
:10747000C0F14002504600F040FA06460D46504624
:107480005946019A00F048FA10EB080061410024C7
:1074900087EA115284EAE7731A4340D0009A62B334
:1074A000019A012A4FEA075215DC001B61EB020129
:1074B0004FF0004202EA0752CDE90042001C41F5BC
:1074C000801132462B4600F07FFA03B0BDE8F08F02
:1074D00040462146F9E7001B61EB0201001C41F523
:1074E000801300185B412018A2F5001747EB030139
:1074F00040EAD570B6196D4111E06D084FEA3606C5
:1075000045EAC0754FEA0752001B61EB0201001CFF
:1075100041F5801149084FEA3000001951413246C7
:107520002B4603B0BDE8F04F00F03FBA00980122AF
:1075300040000023D0EB020263EBE0730098214689
:107540004FEAE074B8EB000061EB0401E9E783F077
:1075500000435BE781F0004158E72DE9FE4F81EAE7
:10756000030404F0004421F0004100944FF0000BAC
:1075700023F0004350EA01045ED052EA03045BD0DA
:10758000C3F30A54C1F30A552C44A4F2F334019412
:10759000A0FB0254C1F3130141F48011C3F31303A0
:1075A00043F4801301FB024400FB034E840A970A54
:1075B00044EA815447EA8357A4FB076802958D0A81
:1075C00005FB07854FEA932C04FB0C542705029D0D
:1075D0004FEA065847EA1637B5EB08056EEB070C7D
:1075E000870E920E47EA811742EA8312A7FB020137
:1075F000B6EB0B0164EB00042B0D43EA0C335E1871
:1076000044EB1C50DA465146E7FB0201C5F3130474
:107610004FEA0B3343EA14534FEA0432019C43EA26
:107620000603A4F10C040294009CCDE900B400F020
:10763000CBF903B0BDE8F08F00200146F9E72DE952
:10764000F04D81EA030404F0004B21F0004514469C
:107650004FF0000A23F0004150EA050220D054EA1E
:1076600001021DD0C5F30A570246C5F31303C1F347
:107670001300C1F30A5640F4801543F48013A7EBBE
:107680000608101BD64608F2FD3873EB050002D33E
:1076900008F1010801E092185B41B8F1000F03DA2C
:1076A00000200146BDE8F08D00204FF48011064611
:1076B00084460EE0171B73EB050705D3121B63EB23
:1076C000050306434CEA010C49084FEA30009218C2
:1076D0005B4150EA0107EDD152EA030012D082EA81
:1076E000040083EA0501084305D0101BAB4106D214
:1076F0000122002306E000224FF0004302E06FF079
:10770000010253101AEB06004CEB085110EB0A0073
:1077100041EB0B01BDE8F04D00F047B9C10F80EA25
:10772000E0700844CA079623002100F010B99623A0
:107730000022114600F00BB90EB5C10F80EAE070CF
:107740000844CA07002140F233438DE80E000A4680
:107750000B4600F039F903B000BD00F0004220F004
:107760000040C10DC0F3160040F400007F2901DA8B
:1077700000207047962903DCC1F19601C84001E062
:1077800096398840002AF4D04042704720F00040EB
:10779000C10DC0F3160040F400007F2901DA00207B
:1077A0007047962903DCC1F19601C84070479639AD
:1077B0008840704700F0004230F000400AD0C10D10
:1077C00001F56071C0F3160042EA0151C20840079A
:1077D00011437047002001467047000030B5041E79
:1077E00071F1000404DB4FF00044404264EB0101FE
:1077F000141E73F1000405DB1C464FF00043524297
:1078000063EB04038B4208BF824230BD01F00043AA
:1078100030B421F0004150EA010206D00A0DA2F571
:107820006072C1F31301002A02DC30BC00207047F3
:10783000440F44EAC104C100E01830BC00EBC25060
:1078400000F07CB8002801DBC0F10040002901DB1A
:10785000C1F1004181427047002801DBC0F10040C6
:10786000002901DBC1F100418842704730B50B4669
:10787000014600202022012409E021FA02F59D4260
:1078800005D303FA02F5491B04FA02F52844151E34
:10789000A2F10102F1DC30BD2DE9F05F05460020C8
:1078A00092469B4688460646814640241BE0284671
:1078B00041464746224600F02FF953465A46C01A21
:1078C000914110D311461846224600F016F82D1AA1
:1078D00067EB01084F4622460120002100F00DF819
:1078E00017EB00094E41201EA4F10104DFDC4846DD
:1078F00031462A464346BDE8F09F202A04DB203A61
:1079000000FA02F1002070479140C2F1200320FAF2
:1079100003F3194390407047202A06DBCB17203A27
:1079200041FA02F043EAE07306E041FA02F3D04084
:10793000C2F1200291400843194670470029A8BFB0
:107940007047401C490008BF20F00100704710B488
:10795000B0FA80FC00FA0CF050EA010404BF10BC3D
:10796000704749B1CCF1200421FA04F411FA0CF16A
:1079700018BF012121430843A3EB0C01CB1D4FEAA3
:1079800000614FEA102042BF002010BC704700EB9E
:10799000C35010440029A4BF10BC7047401C4900CC
:1079A00008BF20F0010010BC704710B5141E73F121
:1079B000000408DA401C41F1000192185B411A43AF
:1079C00001D120F0010010BD2DE9F04D92469B46FB
:1079D00011B1B1FA81F202E0B0FA80F220329046A1
:1079E000FFF78BFF04460F4640EA0A0041EA0B010D
:1079F00053465A46084313D0114653EA010019D0A2
:107A0000C8F14002504600F087F805460E46504641
:107A100059464246FFF771FF084305D0012004E0B4
:107A200020463946BDE8F08D0020054346EAE07661
:107A30002C4337430A986305E40AA0EB08000022B0
:107A4000FD0A44EA47540A3002D500200146E9E71E
:107A5000010510196941DDE9084500196941BDE8D2
:107A6000F04DA2E770B521F0004303430CD0C1F301
:107A70000A550024D5EB040564EB0403D617AD1AB0
:107A8000B34102DB0020014670BD201841EB0251DA
:107A900070BDC1F30A52C1F3130140F2FF3341F448
:107AA00080119A4202DA00200146704740F23343C7
:107AB0009A42A2F2334202DC524200F02DB8FFF7A4
:107AC0001CBF000030B5041E71F1000404DB4FF050
:107AD0000044404264EB0101141E73F1000405DB15
:107AE0001C464FF00043524263EB0403994208BF27
:107AF000904230BD064C074D06E0E06840F00103BF
:107B000094E8070098471034AC42F6D3F8F7F2FA3D
:107B1000409A0008609A0008202A04DB203A21FAE3
:107B200002F00021704721FA02F3D040C2F1200296
:107B300091400843194670472DE9F04D00231A463D
:107B40001B1A8A4103DB00200146BDE8F08DC1F31A
:107B50000A52C1F3130141F480154FF0000BD10715
:107B600002D100186D41521E0027044640F2FF1159
:107B7000384601EB620A3E468046024600204FF43A
:107B80008011FFF7C9FFC2197141BB1846EB010014
:107B9000B4EB030C75EB000C04D3E41A65EB0005A1
:107BA00017460E46241908F101006D41804634281D
:107BB000E3DDF91946EB0600091BA84103D24FF09B
:107BC000FF32134601E0002213461BEB070046EB91
:107BD0000A51BDE8F04DFFF7E8BE70B58C1810F8FB
:107BE000015B15F0070301D110F8013B2A1106D102
:107BF00010F8012B03E010F8016B01F8016B5B1E1C
:107C0000F9D12B0705D40023521E0DD401F8013BF6
:107C1000FAE710F8013BCB1A921C03E013F8015B62
:107C200001F8015B521EF9D5A142D8D3002070BDE6
:107C30000FB4084B10B504A902AA039800F060F92C
:107C4000044602A9002000F0F2FC204610BC5DF8BA
:107C500014FB00002F860008490050EAC12018BF1D
:107C600004204A0D18BF40F0010040F2FF72B2EB51
:107C7000515F08BF40F00200012808BF052070478F
:107C80002DE9F0414F1E00EBC7010446D1E9000188
:107C900015461E4637F006020DD02A463346FFF73A
:107CA0005CFC7F1E04EBC703D3E90023FFF7AEFBA8
:107CB00037F00602F1D1022F25D0042F13D0062F62
:107CC00018BFBDE8F0812A463346FFF746FCD4E9E9
:107CD0000A23FFF79BFB2A463346FFF73EFCD4E915
:107CE0000823FFF793FB2A463346FFF736FCD4E917
:107CF0000623FFF78BFB2A463346FFF72EFCD4E919
:107D00000423FFF783FB2A463346FFF726FCD4E91A
:107D10000223FFF77BFB2A463346FFF71EFCD4E91C
:107D20000023BDE8F041FFF771BB0122FFF79ABEC7
:107D3000FFF76CBB0022134610461146FFF77FBCCD
:107D4000024A00201107FFF78DBE000001FDFFFF72
:107D500002E008C8121F08C1002AFAD17047704714
:107D6000002001E001C1121F002AFBD17047000072
:107D70000149086070470000B40100202DE9FF5F51
:107D800082B00021DDE90430020DDDF840B003438C
:107D900018D044F61050A2F2FF3242431514119845
:107DA00001281FD0A5EB0B00401C5FEA000A4FF032
:107DB00000064E4FDFF83891B046504615D5CAF14F
:107DC000000413E0119801244AA3012801D16FEAAD
:107DD0000B010298119AC0E90031C0E9024206B0D5
:107DE000BDE8F09FCBF10000DFE704460021404AE8
:107DF000491842EB0450CDE9001012E0E00707D02B
:107E000032463B4640464946FFF7A7FB8046894637
:107E100032463B4610461946FFF79FFB06460F4683
:107E20006410002CEAD1DDE90401DDE90023BAF198
:107E3000000F06DAFFF791FB42464B46FFF78DFB3A
:107E400005E0FFF7FCFB42464B46FFF7F8FB044614
:107E50000E460022284BFFF735FE03D84FF0FF30C7
:107E6000014607E00022254B20463146FFF7CEFAB7
:107E7000FFF70FFE102409E0002C0ADB0A22002382
:107E8000FFF70AFD039B30321A55641E50EA0102C7
:107E9000F2D1641C039AC4F111031444119A012A0B
:107EA00003D0012208430DD10AE0084304D000208A
:107EB0004FF0110B119072E7A3EB0B056D1E0DE057
:107EC0005B4504DD4FF0000205F1010504E003DA33
:107ED0004FF00002A5F10105002AECD0029811999B
:107EE000C0E90231C0E9004579E700000000144014
:107EF0000000F03F300000000000F0430000E03FD1
:107F00002DE9FF4F95B09B468946064600250FE2B6
:107F1000252877D100242746F84A0121059400E05E
:107F2000044316F8013F203B01FA03F01042F7D159
:107F300030782A2811D06FF02F033078A0F130026A
:107F4000092A16D8059A44F0020402EB820203EBD8
:107F500042021044761C0590EFE759F8042B059275
:107F6000002A03DA504244F40054059044F002041D
:107F7000761C30782E2816D116F8010F44F0040430
:107F80002A280DD06FF02F023078A0F13003092B92
:107F900009D807EB870302EB4303C718761CF3E706
:107FA00059F8047B761C30786C280FD006DC4C28FE
:107FB00017D068280DD06A2814D104E0742810D096
:107FC0007A280FD10DE044F400140AE044F4801440
:107FD00001E044F440147278824202D104F5801426
:107FE000761C761C307866280BD013DC582877D0A6
:107FF00009DC002875D04528F6D04628F4D047285B
:108000001AD19DE118E0632835D0642879D065281D
:1080100012D195E1702873D008DC6728F1D0692867
:108020006FD06E280DD06F2806D1B5E073282CD004
:10803000752875D0782874D05A46179990476D1CCA
:1080400075E1C4F30250022809D003280DD0D9F8F5
:10805000001004280DD00D6009F1040967E1D9F87A
:108060000010EA17C1E90052F6E7D9F800100D80B8
:10807000F2E70D70F0E719F8041B8DF800100020EE
:108080008DF80100EA46012003E059F804AB4FF0F7
:10809000FF3061074FF0000102D40DE008F101014B
:1080A0008846B9420FDA8045F8DB1AF80810002933
:1080B000F4D108E008F1010188468142FADB1AF8A0
:1080C00008100029F6D105985B46A0EB0807214669
:1080D0003846179A00F094FA284400EB080507E0A8
:1080E0004DE029E10DE01AF8010B5A461799904727
:1080F000B8F10108F7D25B4621463846179A13E1DA
:1081000042E00A220092C4F302524FF0000A022A0F
:1081100008D059F804CB032A4FEAEC710AD00DE0DD
:1081200029E02AE009F1070121F00702F2E802C183
:10813000914609E00FFA8CFC4FEAEC71042A03D156
:108140004FFA8CFC4FEAEC71002907DA0A4600214D
:10815000DCF1000C61EB02012D2202E0220504D5C6
:108160002B228DF80420012203E0E20701D0202217
:10817000F7E7904659E00A2102E010220DE01021B5
:108180004FF0000A00910BE010224FF0000A44F07B
:1081900004040827009203E008224FF0000A00922E
:1081A000C4F30252022A05D059F804CB0021032A55
:1081B00008D009E009F1070121F00702F2E802C145
:1081C000914605E01FFA8CFC042A01D10CF0FF0C4B
:1081D0004FF00008220728D5702806D0009B83F0B6
:1081E000100353EA0A0305D00EE040228DF8042064
:1081F000012208E05CEA010206D030228DF804205A
:108200008DF8050002229046009B83F0080353EA94
:108210000A030AD15CEA010201D1620705D53022C6
:108220008DF804204FF001087F1E582804D034A098
:1082300003900EA802900DE036A0F9E75346604681
:10824000009AFFF729FB84460398825C0298401E3F
:10825000029002705CEA0100F0D1029806A9081AA7
:1082600000F1200A600702D524F4803400E00127E1
:10827000574502DDA7EB0A0000E0002000EB0A01F1
:10828000009005984144401A0590E00306D45B46EF
:108290002146179A059800F0B3F90544002706E037
:1082A00001A85A46C05D179990476D1C7F1C474531
:1082B000F6DBE0030CD55B462146179A059800F0E3
:1082C0009FF9054404E030205A46179990476D1CE9
:1082D0000099481E00900029F5DC08E002980299F8
:1082E0005A460078491C0291179990476D1CBAF1C3
:1082F0000001AAF1010AF1DC65E100000928010092
:10830000303132333435363738396162636465660B
:1083100000000000303132333435363738394142CD
:10832000434445460000000000F058F90544761C1F
:10833000307800287FF4ECAD19B02846BDE8F08F06
:10834000620700D4062709F1070222F0070CFCE8B7
:108350000223E14603F000485FEA080C02D00FF266
:10836000702C0DE05FEA045C02D50FF2682C07E088
:108370005FEAC47C02D00FF2602C01E0AFF2700C17
:108380004FF0FF3823F00043CDF850C065280CD0E3
:1083900006DC452809D046281DD047283DD13DE0C0
:1083A000662818D067287ED138E00021112F01DB24
:1083B000112000E0781CCDE9000106A90EA8FFF706
:1083C000DDFCDDE90F010E9A03910021009207F117
:1083D000010A04914DE04FF000400097CDE90110F3
:1083E00006A90EA8FFF7CAFCDDE90F0203920E9B57
:1083F00011990022DDF80CA00093049211B9791CA8
:1084000000EB010AB7EB0A0004D4C0F1FF3007F11A
:10841000010A0490AAEB0700019044E0012F00DA62
:1084200001270021112F01DD112000E03846CDE9A0
:10843000000106A90EA8FFF7A1FCDDE90F010E9AC5
:108440000391002104910092BA4621070CD40399AC
:10845000514500DA8A46BAF1010F05DD009AAAF10A
:108460000101515C302908D0B84202DA10F1040F42
:1084700006DA0121CDE9011015E0AAF10101E9E7D1
:10848000002805DC049901440491AAEB000102E0F4
:10849000411C514500DD8A460499401A401C019058
:1084A0004FF000400290200704D40198504501DBB2
:1084B000CDF8048000208DF84F0002980DF14F0791
:1084C000B0F1004F25D02B200E9002984FF00208FB
:1084D00000280CDA404202902D200E9007E00A217D
:1084E0000298FFF7C3F93031029007F8011DB8F187
:1084F0000001A8F10108F2DC02980028EFD1791EF2
:108500000E980870307800F0200040F0450007F821
:10851000020D12A8C01B00F107081498007800B1E2
:10852000012000EB0A01019801EBE071059841443C
:10853000401A401E0590E00306D45B462146179A78
:10854000059800F05DF805441498007818B15A4673
:10855000179990476D1CE00324D55B462146179A76
:10856000059800F04DF805441CE00498002807DB4E
:10857000DDE90301884203DD0098405C179901E0C2
:10858000179930205A469047049805F10105401C80
:1085900004900198401E019004D12E205A4617994C
:1085A00090476D1CBAF10001AAF1010ADDDC05E07B
:1085B00017F8010B5A46179990476D1CB8F1000146
:1085C000A8F10108F4DC5B462146179A0598ABE652
:1085D0002D0000002B000000200000002DE9F041DC
:1085E000044600251E461746880404D405E0394693
:1085F0002020B0476D1C641EF9D52846BDE8F081E7
:108600002DE9F041044600251E469046C80301D5D9
:10861000302700E02027880404D505E0414638468D
:10862000B0476D1C641EF9D52846BDE8F0810A6884
:10863000531C0B60107070472DE9F04D8D4F21F0E9
:10864000004A86B005460C46BA452ADBAAEB07006D
:1086500028430AD08848824501DC1AD1CDB106B042
:108660002846BDE8F04DFFF760BB844A844B28469E
:10867000FEF773FF07460E46824A834B2846214683
:10868000FEF76BFF06B03A463346BDE8F04DFEF705
:10869000BDBE0120FFF76CFB06B0BDE8F04DFFF753
:1086A00049BB7A48824542DABAF1795F0BDA28464B
:1086B000FFF7D2FA042808BFFFF742FB284606B0AE
:1086C0002146BDE8F08D2A460B461046FEF745FFD1
:1086D000834602466E480E460B4606217844FFF755
:1086E000CFFA5A463346FEF738FF804669488A4635
:1086F0005A46334604217844FFF7C2FA5A463346B5
:10870000FEF72BFF00223B46FEF780FE02460B469B
:1087100040465146FEF793FF2A462346FEF71DFFCB
:1087200006B02A462346BDE8F04DFEF76FBE284648
:1087300024F0004100223D463B46FEF70BFF4FF080
:10874000FF32FFF78FF90646024653480F460B46A5
:1087500006217844FFF794FA32463B46FEF7FDFEC9
:10876000CDE900014D4832463B4604217844FFF7ED
:1087700087FA32463B46FEF7F0FE00222B46FEF714
:1087800045FE834602913046394600F05DFA804648
:1087900043480D46504517DCDDE900015A46029B6F
:1087A000FEF74DFF42462B46FEF7D7FE42462B46CC
:1087B000FEF72CFE0122FFF755F9304A304BFEF749
:1087C000C6FE304A304B4CE04FF0000A52460B4692
:1087D0004046FEF71BFECDE9031052462B461046DD
:1087E0001946FEF7BAFE32463B46FEF7B3FEDDE918
:1087F0000332FEF724FF06460F46DDE900015A4624
:10880000029BFEF71CFF8346009101223046394649
:10881000FFF728F9194A1A4BFEF79CFE06460F4649
:10882000012240462946FFF71DF95A46009BFEF7F4
:1088300094FE32463B46FEF78AFE06460F4601226C
:1088400050462946FFF70EF90E4DDFF858802A46AC
:108850004346FEF77FFE32463B46FEF77BFE2A4646
:108860004346FEF777FE002CD8BF81F0004106B0EA
:10887000BDE8F08D0000F03F0000F07F075C14338E
:1088800026A6913C182D4454FB21F93F0000E03FFF
:108890002012000036120000AA110000C0110000D2
:1088A0003333EF3FFB21E93F2DE9F84F04460D46F6
:1088B00021F0004000917349814211DC72498842E5
:1088C00001DC06D12CB120462946BDE8F84FFFF760
:1088D0002CBA6E48002DCCBF6D496E49BDE8F88FAB
:1088E0006D49814211DD6D498142D8BF4FF0FF369D
:1088F0006DDD20462946FFF7AFF9042808BFFFF7D2
:108900001FFA20462946BDE8F88F6549654F25F0D6
:108910000045814233DD6449814219DD002632463B
:108920004FF0804320462946FEF770FD80468A4678
:10893000012220462946FFF795F800223B46FEF724
:1089400006FE42465346FEF77AFE04460D463EE0DA
:1089500001260022BA463B4620462946FEF756FD30
:1089600080460F460022534620462946FEF7EFFD7B
:1089700042463B46FEF763FE04460D4627E04B4960
:1089800081421BDDDFF828A1022600225346204643
:108990002946FEF7E2FD00223B46FEF737FD804602
:1089A0000F460022534620462946FEF7D0FD424698
:1089B0003B46FEF744FE04460D4608E003262246E9
:1089C0002B4600203B49FEF73AFE04460D46224660
:1089D0002B4610461946FEF7C0FD8B4682460246DE
:1089E0000B46FEF7BAFD07460246334888460B465B
:1089F00006217844FFF744F952465B46FEF7ADFD89
:108A000082462E488B463A46434605217844FFF776
:108A100037F93A464346FEF7A0FD02460B46002EC4
:108A2000504659460CDAFEF7F1FC22462B46FEF77B
:108A300094FD01B022462B46BDE8F04FFEF78ABDFB
:108A4000FEF7E4FC22462B46FEF787FD1C4A7A44DB
:108A500002EBC603D3E90023FEF779FD22462B463D
:108A6000FEF775FD174A7A4402EBC603D3E90023EB
:108A7000FEF770FD009A002AB8BF81F00041BDE802
:108A8000F88F0000000010440000F07F182D4454BF
:108A9000FB21F93FFB21F9BF0000DC3F0000203E35
:108AA0000000F33F0000F03F0000E63F008003407D
:108AB0000000F83F0000F0BFC20F0000800F000070
:108AC0001E0F0000E60E00002DE9F04D9446CCF19B
:108AD000000423F000464CEA0404524F46EAD474E2
:108AE0009A46884621F00042BC4206D8454240EAF8
:108AF000050442EAD474BC4204D9BDE8F04D624694
:108B0000FFF716B9AAF14055A5F17F6555EA0C04A7
:108B10000BD0022404EAAA74434DDFF810E144EAC2
:108B2000D87452EA000B04D00CE0BDE8F04DFFF71A
:108B3000BBBE002C14BF012CBDE8F08D022C30D040
:108B4000032C32D056EA0C0B0AD0BE4220D1BA42D6
:108B500009D126F0804622F080423346114617E0C4
:108B600000291ADB25E0DFF8C8B0FB44002C04BF65
:108B7000DBE90001BDE8F08D012C02BFDBE900015B
:108B800081F00041BDE8F08D022C0AD0032C0CD0FE
:108B9000BA4212D1B8F1000F0BDA23482549BDE8DB
:108BA000F08D28462449BDE8F08D28467146BDE881
:108BB000F08D1D482149BDE8F08D921B12153C2A0D
:108BC000C4BF19481D490EDCBAF1000FBEBF12F137
:108BD0003C0F0020014606DB6246FEF730FD21F027
:108BE0000041FFF761FE002C08BFBDE8F08D012CAD
:108BF00004BF81F00041BDE8F08D114A114B022CF9
:108C000007D0FEF7A4FC2A46BDE8F04D0A4BFEF75C
:108C10009EBCFEF79CFC2A46BDE8F04D064BFEF7D5
:108C200099BC00000000F07F182D4454FB2109C0BE
:108C30007A0E0000FB21F9BFFB210940FB21F93F1F
:108C4000075C143326A6A13C2DE9F04106460F46E9
:108C5000FEF772FF041E0D4618BF0120284320F0C6
:108C60000040C0F17F6000F1E040C00F0ED0301C2A
:108C700018BF0120384320F00040C0F17F6000F1B0
:108C8000E040C00F04BF0120FFF772F820462946DC
:108C9000BDE8F081000000009A99999999E9674030
:108CA000E17A14AE47E1CA3F000000000000204016
:108CB0009A9999999999D93F6800000476005401CE
:108CC000F7FD000175191A0C6A231B1C1F20727412
:108CD000433B4138393A6B6C376F06246D6E700038
:108CE00083000000000800000001001832000500A9
:108CF000000020410000D242295C0F3E9A99993E23
:108D00003333733F295C0F3E0000700000000024E5
:108D1000000000020003000000650054FFEF0000A7
:108D2000FA80000B12820001030C30C30E8C8CE918
:108D300014D5400213710F8E3883F8833000F88306
:108D4000258EF8833000F883FFFFFFFF0FFEA9D6C2
:108D5000240004001A8279A10000003CFFFF0000FB
:108D60000010000038836FA2003E03304000000076
:108D700002CAE3093E80000020000000000000005D
:108D80004000000060000000000C0000000C186EA5
:108D9000000006920A16C0DFFFFF0256FD8CD37753
:108DA000FFE1C496E0C5BEAA00000000FFFF0B2B48
:108DB00000001657000003594000000000001DFA93
:108DC00000026C1D000000003FFFDFEB003EB3B669
:108DD000000D227800002F3C00000000001942B571
:108DE000000039A20000B365D90E9FC91DCF4C34D5
:108DF00030000000500000003BB67AE8006400003C
:108E000000C8000000000000100000001000FA92EE
:108E10001000225E000D229F0001000000320000C1
:108E2000FF46000063D400001000000004D60000DC
:108E300004CC000004CC00000000107200000040D0
:108E4000000000000000000000060002000500070E
:108E500000000000006400000000000000000005A9
:108E60000005006400200000000000000000000079
:108E7000000040000000030000000032F8980000ED
:108E8000FF650000830F0000FF9BFC000000000056
:108E900000000000000000000000000000000000D2
:108EA00000000000000000000000000000000000C2
:108EB000000000000000100040000000000000065C
:108EC0000000B26A000200000001FB83006800009D
:108ED00000D9FC007CF1FF83000000000065000069
:108EE000006403E800640028000000250000000082
:108EF00016A000000000100000001000002F00006D
:108F0000000001F40000100000280000FFFF458170
:108F1000FFFFFA720000000000000000004400059E
:108F20000005BAC6004778A200000001000000005A
:108F300000000600000000140000254D002F706D99
:108F4000000005AE000C02D0000000000000000090
:108F50000000000000000000001B000000000000F6
:108F60000000000000000000006400000008000095
:108F700000000000000000000000000000000000F1
:108F800000000000000000000000000000000000E1
:108F900000000000000000000000000000000000D1
:108FA00000000000000000000000000000000000C1
:108FB00000000000000000000000000000000000B1
:108FC0000000000000000000001B00000000000086
:108FD00000000000000E000E00000AC700040000A0
:108FE00000000032FFFFFF9C00000B2B000000027E
:108FF0000000000100000064FFE500000000000028
:10900000000000000000000000000001000000005F
:10901000000100000000000000018000000180004D
:1090200000018000002426D30000000000000000A2
:10903000000600100096003C000000000000000048
:1090400000000000000000000C0A4E68CDCF770938
:1090500050166759C619CE820000000000000000BB
:109060000000000000000000000000000000000000
:1090700017D784000300000000000000000000007B
:10908000C7938F9D1E1B1C190000000000000000EC
:1090900000000000000000000000000000000000D0
:1090A00002031885000040000000000300000003D8
:1090B0000000000000000000400000000000000070
:1090C00000000000000000000000000000000000A0
:1090D0000000000000000000000000000000000090
:1090E000000000000000000000000000677DDF7E3F
:1090F00072902E554CF6E68800000000000000003B
:109100000000000000000000D8DCB4B8B0D8B9AB53
:10911000F3F8FAB3B7BB8E9EAEF132F51BF1B4B8DB
:10912000B08097F1A9DFDFDFAADFDFDFF2AAC5CDCC
:10913000C7A90CC92C97F1A989264666B28999A9B5
:109140002D557DB0B08AA896365676F1BAA3B4B242
:1091500080C0B8A89711B28398BAA3F0240844102D
:109160006418B2B9B49883F1A329557DBAB5B1A3F7
:109170008393F0002850F5B2B6AA839328547CF16B
:10918000B9A3829361BAA2DADEDFDB819AB9AEF5C8
:10919000606870F1DABAA2DFD9BAA2FAB9A38292F2
:1091A000DB31BAA2D9BAA2F8DF85A4D0C1BBAD83A6
:1091B000C2C5C7B8A2DFDFDFBAA0DFDFDFD8D8F1D2
:1091C000B8AAB38DB4980D355DB2B6BAAF8C961906
:1091D0008F9FA70E161EB49AB8AA872C547CBAA4E7
:1091E000B08AB691325676B28494A4C808CDD8B865
:1091F000B4B0F19982A82D557D98A80E161EA22C08
:10920000547C92A4F02C5078F184A898C4CDFCD85A
:109210000DDBA8FC2DF3D9BAA6F8DABAA6DED8BAC7
:10922000B2B68696A6D0F3C841DAA6C8F8D8B0B4CC
:10923000B882A892F52C548898F135D9F418D8F151
:10924000A2D0F8F9A884D9C7DFF8F883C5DADF69B6
:10925000DF83C1D8F40114F1A8824EA884F311D1A0
:1092600082F5D992289788F109F41C1CD884A8F3B8
:10927000C0F9D1D99782F129F40DD8F3F9F9D1D9F0
:1092800082F4C203D8DEDF1AD8F1A2FAF9A88498D2
:10929000D9C7DFF8F8F883C7DADF69DFF883C3D806
:1092A000F40114F198A8822EA884F311D182F5D983
:1092B00092509788F109F41CD884A8F3C0F8F9D12A
:1092C000D99782F149F40DD8F3F9F9D1D982F4C4D0
:1092D00003D8DEDFD8F1AD8898CCA809F9D98292FD
:1092E000A8F57CF1883ACF944A6E98DB6931DAAD03
:1092F000F2DEF9D88795A8F221D1DAA5F9F417D9C9
:10930000F1AE8ED0C0C3AE82C684C3A88595C8A571
:1093100088F2C0F1F4010EF18E9EA8C63E56F554B7
:10932000F18872F40115F19845856EF58E9E0488DA
:10933000F142985A8E9E068869F4011CF1981E111C
:1093400008D0F504F11E970202983625DBF9D9857D
:10935000A5F3C1DA85A5F3DFD88595A8F309DAA5C9
:10936000FAD88292A8F578F1881A849F26889821E5
:10937000DAF41DF3D8879F39D1AFD9DFDFFBF9F4D9
:109380000CF3D8FAD0F8DAF9F9D0DFD9F9D8F40B20
:10939000D8F3879F39D1AFD9DFDFF41DF3D8FAFCBA
:1093A000A869F9F9AFD0DADEFAD9F88F9FA8F1CC25
:1093B000F398DB45D9AFDFD0F8D8F18F9FA8CAF377
:1093C0008809DAAF8FCBF8D8F2AD978D0CD9A5DF2D
:1093D000F9BAA6F3FAF412F2D8950DD1D9BAA6F3D8
:1093E000FADAA5F2C1BAA6F3DFD8F1BAB2B6869618
:1093F000A6D0CAF349DAA6CBF8D8B0B4B8D8AD84B1
:10940000F2C0DFF18FCBC3A8B2B68696C8C1CBC37A
:10941000F3B0B48898A821DB718D9D71859521D911
:10942000ADF2FAD88597A828D9F408D8F28D29DAB0
:10943000F405D9F285A4C2F2D8A88D9401D1D9F44B
:1094400011F2D88721D8F40AD8F28498A8C801D19B
:10945000D9F411D8F3A4C8BBAFD0F2DEF8F8F8F80D
:10946000F8F8F8F8D8F1B8F6B5B9B08A95A3DE3CAB
:10947000A3D9F8D85CA3D9F8D87CA3D9F8D8F8F93F
:10948000D1A5D9DFDAFAD8B18530F7D9DED8F830EE
:10949000ADDADED8F2B48C99A32D557DA083DFDF41
:1094A000DFB591A0F629D9FBD8A0FC29D9FAD8A01C
:1094B000D051D9F8D8FC51D9F9D879D9FBD8A0D056
:1094C000FC79D9FAD8A1F9F9F9F9F9A0DADFDFDFE7
:1094D000D8A1F8F8F8F8F8ACDEF8ADDE8393AC2C40
:1094E000547CF1A8DFDFDFF69D2CDAA0DFD9FADBB0
:1094F0002DF8D8A850DAA0D0DED9D0F8F8F8DB558E
:10950000F8D8A878DAA0D0DFD9D0FAF8F8F8F8DBE4
:109510007DF8D89CA88CF530DB38D9D0DEDFA0D020
:10952000DEDFD8A848DB58D9DFD0DEA0DFD0DED818
:10953000A868DB70D9DFDFA0DFDFD8F1A888902C26
:10954000547C98A8D05C38D1DAF2AE8CDFF9D8B070
:1095500087A8C1C1B188A8C6F9F9DA36D8A8F9DA5E
:1095600036D8A8F9DA36D8A8F9DA36D8A8F9DA362A
:10957000D8F78D9DADF818DAF2AEDFD8F7ADFA3036
:10958000D9A4DEF9D8F2AEDEFAF983A7D9C3C5C7EC
:10959000F1889BA77AADF7DEDFA4F8849408A7973B
:1095A000F300AEF29819A488C6A39488F632DFF2CD
:1095B0008393DB09D9F2AADFD8D8AEF8F9D1DAF370
:1095C000A4DEA7F1889B7AD8F38494AE19F9DAAABD
:1095D000F1DFD8A881C0C3C5C7A39283F628ADDE4A
:1095E000D9F8D8A350ADD9F8D8A378ADD9F8D8F820
:1095F000F9D1A1DADEC3C5C7D8A18194F818F2B0B9
:1096000089ACC3C5C7F1D8B8B4B09786A8319B065A
:109610009907AB9728889BF00C201440B0B4B8F0A1
:10962000A88A9A285078B79BA82951792470594460
:109630006938644831F1BBAB88002C547CF0B38BA3
:10964000B8A804285078F1B088B49726A85998BBD8
:10965000ABB38B02264666B0B8F08A9CA829517934
:109660008B2951798A2470598B2058718A44693822
:109670008B3940688A6448318B30496088F1AC008E
:109680002C547CF08CA804285078F1889726A8598F
:1096900098AC8C02264666F0899CA82951792470E2
:1096A00059446938644831A98809205970AB113888
:1096B0004069A8193148608CA83C415C207C00F1CD
:1096C00087981986A86E767EA999882D557DD8B180
:1096D000B5B9A3DFDFDFAED0DFAAD0DEF2ABF8F999
:1096E000D9B087C4AAF1DFDFBBAFDFDFB9D8B1F1F2
:1096F000A3978E60DFB084F2C8F8F9D9DED89385DD
:10970000F14AB183A308B5839A0810B79F10D8F126
:10971000B0BAAEB08AC2B2B68E9EF1FBD9F41DD8F3
:10972000F9D90CF1D8F8F8AD61D9AEFBD8F40CF149
:10973000D8F8F8AD19D9AEFBDFD8F416F1D8F8ADEA
:109740008D61D9F4F4ACF59C9C8DDF2BBAB6AEFAE2
:10975000F8F40BD8F1AED0F8AD51DAAEFAF8F1D892
:10976000B9B1B6A3839C08B9B1839AB5AAC0FD303C
:1097700083B79F10B58B93F20202D1ABDADED8F13A
:10978000B080BAABC0C3B284C1C3D8B1B9F38BA3A4
:1097900091B609B4D9ABDEB0879CB9A3DDF1B38B28
:1097A0008B8B8B8BB087A3A3A3A3B28BB69BF2A3A7
:1097B000A3A3A3A3A3A3A3A3A3F1B087B59AA3F3E1
:1097C0009BA3A3DCBAACDFB9A3A3A3A3A3A3A3A3C6
:1097D000A3A3A3A3A3A3A3A3D8D8D8BBB3B7F1AA29
:1097E000F9DAFFD9809AAA28B48098A720B797877A
:1097F000A86688F07951F1902C870CA78197629325
:10980000F071716085940129517990A5F1284C6C13
:10981000870C95188578A38390284C6C886CD8F3B6
:10982000A28200F210A8921980A2F2D926D8F1885B
:10983000A84DD948D896A83980D93CD89580A83960
:10984000A68698D92CDA87A72CD8A8899519A9803B
:10985000D938D8A88939A980DA3CD8A82EA8399057
:10986000D90CD8A8953198D90CD8A809D9FFD80116
:10987000DAFFD89539A9DA26FFD890A80D8999A8DA
:1098800010809821DA2ED88999A83180DA2ED8A8AC
:1098900086963180DA2ED8A8873180DA2ED8A88231
:1098A00092F34180F1D92ED8A882F31980F1D92EF4
:1098B000D882ACF3C0A28022F1A62EA72EA92298AE
:1098C000A829DAACDEFFD8A2F22AF1A92E8292A84A
:1098D000F23180A696F1D900AC8C9C0C30ACDED075
:1098E000DEFFD88C9CACD010ACDE8092A2F24C8211
:1098F000A8F1CAF235F19688A6D900D8F1FF000088
:10990000555555555555C53F7D6FEB0312D6D4BF00
:109910005544880E55C1C93F3B8F68B52882A4BF06
:1099200088B20175E0EF493F09F7FD0DE13D023FC7
:109930004B2D8A1C273A03C0C88A599CE52A00404F
:1099400059018D1B6C06E6BF82922EB1C5B8B33F9C
:109950004FBB610567ACDD3F182D4454FB21E93F47
:109960009BF681D20B73EF3F182D4454FB21F93F36
:10997000E2652F227F2B7A3C075C143326A6813CBC
:10998000BDCBF07A8807703C075C143326A6913C67
:10999000C4EB98999999C9BF711623FEC671BCBFD3
:1099A0006D9A74AFF2B0B3BF9AFDDE522DDEADBF3B
:1099B0002F6C6A2C44B4A2BF0D5555555555D53F53
:1099C000FF8300922449C23F6E204CC5CD45B73F6E
:1099D000513DD0A0660DB13FEB0D76244B7BA93FE6
:1099E00011DA22E33AAD903F0000000000000000D1
:1099F0002050726F647563742049442072656164FD
:109A0000206173203020696E64696361746573201E
:109A10006465766963652069732065697468657239
:109A200020696E636F6D70617469626C65206F721E
:109A300020616E204D5055333035302E0A00000025
:109A4000609A000800000020B8010000DA7B0008DE
:109A5000C09A0008B801002088050000607D000859
:109A6000412D010203040410090607080902040637
:109A70000884A24A04691832FF2904520103428073
:109A80003F032C40413009CD4C3F433D0A573E2D0A
:109A900041CDCCCC0801650316881323200330097F
:109AA0006F12833AA69B443B07293F0AD7A33B0189
:109AB000EB803F0C13C48C1B08B80401205AE0242F
:04000005080000ED02
:00000001FF
