:020000040800F2
:100000007007002019480008B9310008BB3100080A
:10001000BF310008C3310008C731000800000000EC
:10002000000000000000000000000000CB310008CC
:10003000CD31000800000000CF310008D1310008A8
:1000400033480008334800083348000833480008A4
:10005000334800083348000833480008D3460008F6
:100060003348000833480008334800083348000884
:100070003348000833480008334800083348000874
:100080003348000833480008334800083348000864
:100090003348000833480008334800083348000854
:1000A0003348000835460008334800083348000844
:1000B0003348000865280008752800083348000800
:1000C0003348000833480008334800083348000824
:1000D0003348000833480008334800083348000814
:1000E000334800083348000833480008DFF80CD0D4
:1000F00007F0FEFE00480047812600087007002038
:1001000031490143314A1160704770B50021002325
:100110000F22C47804B32D4C246804F4E064C4F5C1
:10012000E064210AC1F10403CA40447804FA03F1EF
:100130008478144021430901254C0678A1550478A0
:1001400004F01F050124AC4005786D11AD0005F1E8
:10015000E025C5F8004109E0047804F01F050124FA
:10016000AC401C4D0678761145F8264070BD1A4A01
:100170000A400243154B1B1F1A60704739B1134ADE
:10018000121D12680243114B1B1D1A6006E00F4A34
:10019000121D126882430D4B1B1D1A607047042804
:1001A00008D14FF0E021096941F004014FF0E0224D
:1001B000116107E04FF0E021096921F004014FF0DF
:1001C000E0221161704700000000FA050CED00E02C
:1001D00000E400E080E100E080FFFF1F00204449D0
:1001E0000860091D0860091D0860091D0860414874
:1001F0003F4914310860704700213D498279002A47
:100200003AD00A46126803689A430B461A600A1DE0
:10021000126803689A430B1D1A60027911440A6838
:1002200003681A430A60324A0832126803689A4324
:100230002F4B08331A601A1D126803689A432C4B1F
:100240000C331A604279102A0ED11A1F1268036803
:100250001A43274B08331A601A1D126803681A43A1
:10026000234B0C331A600DE02149427911440A688E
:1002700003681A430A6005E0027911440A680368BA
:100280009A430A6070470021016001710C2141719D
:100290000021817170471649103109680143144AE1
:1002A00010321160704701460020114A1432126862
:1002B0000A400AB1012000E0002070470C491431C7
:1002C00008607047014600200022094B1B6803EAC2
:1002D0000102074B14331B680B4013B10AB1012014
:1002E00000E00020704702491431086070470000A8
:1002F00000040140FFFF0F0010B50446CC488442C3
:1003000008D10121042000F02DFB0021042000F081
:1003100029FB46E0C748844208D10121082000F0AB
:1003200021FB0021082000F01DFB3AE0C248844276
:1003300008D10121102000F015FB0021102000F051
:1003400011FB2EE0BD48844208D10121202000F09D
:1003500009FB0021202000F005FB22E0B848844280
:1003600008D10121402000F0FDFA0021402000F0DA
:10037000F9FA16E0B348844208D10121802000F048
:10038000F1FA0021802000F0EDFA0AE0AE48844244
:1003900007D10121801500F0E5FA0021A01500F039
:1003A000E1FA10BD10B50121084600F0DBFA00218A
:1003B000012000F0D7FA10BD2DE9F04102460025DA
:1003C0000026002000230024002791F803C00CF031
:1003D0000F0591F803C00CF0100CBCF1000F03D016
:1003E00091F802C04CEA050591F800C0BCF1000F7D
:1003F00031D0146800202BE04FF0010C0CFA00F310
:10040000B1F800C00CEA03069E4220D183004FF0F1
:100410000F0C0CFA03F7BC4305FA03FC4CEA040486
:1004200091F803C0BCF1280F06D14FF0010C0CFA73
:1004300000FCC2F814C00AE091F803C0BCF1480FF8
:1004400005D14FF0010C0CFA00FCC2F810C0401CA2
:100450000828D1D31460B1F800C0BCF1FF0F34DD1F
:10046000546800202EE000F1080C4FF0010808FA53
:100470000CF3B1F800C00CEA03069E4221D18300C0
:100480004FF00F0C0CFA03F7BC4305FA03FC4CEADF
:10049000040491F803C0BCF1280F05D100F1080C49
:1004A00008FA0CF8C2F8148091F803C0BCF1480FA8
:1004B00007D100F1080C4FF0010808FA0CF8C2F857
:1004C0001080401C0828CED35460BDE8F0814FF660
:1004D000FF710180022181700421C17070470246C2
:1004E000002093680B400BB1012000E00020704712
:1004F0000146886880B2704702460020D3680B40EE
:100500000BB1012000E0002070470146C86880B2AE
:10051000704701617047416170470AB1016100E0B5
:1005200041617047C16070474FF480320A43826175
:100530008161826182698269704702460020434B73
:1005400018684FF68073184040EA021008433F4B8A
:10055000186070473E49C8617047F0B50A460023ED
:1005600000240021002500F00046B6F1004F02D122
:10057000364EF16901E0354E7168C0F3034583B230
:1005800000F44016B6F5401F08D121F070612F4EDF
:10059000766826F070662D4F7E6012E000F48016BB
:1005A000B6F5801F06D1032606FA05F4A14341F0F3
:1005B000706106E0460D360103FA06F6B14341F0DC
:1005C000706122B1460D360103FA06F6314300F0A0
:1005D0000046B6F1004F02D11C4EF16101E01B4E06
:1005E0007160F0BD30B500228B071C0F0F2303FA9A
:1005F00004F2164B08338C1053F824309343134CF9
:1006000008348D1044F8253023468C1053F82430DC
:100610008C07240F00FA04F423430C4C08348D108B
:1006200044F8253030BD0A49DC31086070470000CD
:1006300000080140000C014000100140001401407E
:1006400000180140001C0140002001400000014052
:1006500000002042DF48006840F00100DD490860EA
:1006600008464068DC490840DA49486008460068A6
:10067000DA490840D74908600846006820F480201D
:1006800008600846406820F4FE0048604FF41F00F0
:1006900088607047CF49096821F48031CD4A1160E4
:1006A0001146096821F480211160B0F5803F03D024
:1006B000B0F5802F0ED106E0C649096841F48031BB
:1006C000C44A116007E0C349096841F4A021C14A46
:1006D000116000E000BF00BF704710B50146002266
:1006E000002300204A11012A02D1BA4C236806E0F7
:1006F000022A02D1B74C236A01E0B64C636A01F0CA
:100700001F02012494401C400CB1012000E0002095
:1007100010BD38B5002000900024002500BF312016
:10072000FFF7DBFF05460098401C00900098B0F5ED
:10073000A06F01D0002DF2D03120FFF7CEFF08B11D
:10074000012400E00024204638BD01460020A14AD3
:10075000106820F0F80040EAC10010607047A0491E
:1007600008607047024600209A4B586820F47C10BD
:1007700042EA01031843974B58607047984908664E
:10078000704701460020934A506820F00300084358
:10079000506070478F48406800F00C007047014679
:1007A00000208C4A506820F0F000084350607047E9
:1007B00001460020874A506820F4E06008435060FA
:1007C000704701460020834A506820F4605040EA98
:1007D000C1005060704729B17E4A527A02437D4B76
:1007E0005A7204E07B4A527A82437A4B5A727047BB
:1007F0007B49D8310860704701460020754A50682F
:1008000020F440400843506070470021714A203274
:100810001170704A82F82010012802D004280AD1F1
:1008200004E001216B4A2032117005E00521694A7C
:100830002032117000E000BF00BF704769490860B6
:1008400070476449096A0143624A11627047654909
:1008500044390860704730B500210022002400238D
:100860005C4D6D6805F00C0121B1042905D0082903
:1008700023D105E05C4D056022E05B4D05601FE083
:10088000544D6D6805F47012524D6D6805F4803456
:10089000022505EB92421CB9544D554305600BE00F
:1008A0004C4D6D6805F400351DB1504D5543056044
:1008B00002E04D4D5543056002E04B4D056000BF21
:1008C00000BF444D6D6805F0F0010909484D6B5CAF
:1008D0000568DD4045603F4D6D6805F4E061090A3B
:1008E000434D6B5C4568DD4085603A4D6D6805F4AD
:1008F0006051C90A3E4D6B5C4568DD40C560354DB1
:100900006D6805F44041890B3A4D6B5CC568B5FBD9
:10091000F3F5056130BD29B12E4A526902432D4BD2
:100920005A6104E02B4A526982432A4B5A6170474C
:1009300029B1284A92690243264B9A6104E0254A6C
:1009400092698243234B9A61704729B1214AD26947
:100950000243204BDA6104E01E4AD26982431D4BF8
:10096000DA61704729B11B4AD2680243194BDA6039
:1009700004E0184AD2688243164BDA60704729B106
:10098000144A12690243134B1A6104E0114A1269B6
:100990008243104B1A617047124940390860704712
:1009A0000F49C86470470B49C87170470948406ACD
:1009B00040F0807007494862704701460020054AB0
:1009C00092680A400AB1012000E000207047014906
:1009D00088727047001002400000FFF8FFFFF6FE2B
:1009E000000042428004424200127A0000093D00A9
:1009F000000000201000002010B50446FE4884428C
:100A000008D10121C014FFF7ADFF0021E014FFF76A
:100A1000A9FFC4E0B4F1804F08D101210846FFF7D7
:100A2000AEFF00210120FFF7AAFFB8E0F34884429F
:100A300008D101210220FFF7A2FF00210220FFF7C9
:100A40009EFFACE0EE48844208D101210420FFF76C
:100A500096FF00210420FFF792FFA0E0E9488442BE
:100A600008D101210820FFF78AFF00210820FFF7A5
:100A700086FF94E0E448844208D101211020FFF76A
:100A80007EFF00211020FFF77AFF88E0DF488442D4
:100A900008D101212020FFF772FF00212020FFF75D
:100AA0006EFF7CE0DA48844208D101214014FFF750
:100AB00059FF00216014FFF755FF70E0D5488442CC
:100AC00009D10121C804FFF74DFF00214FF4002098
:100AD000FFF748FF63E0D048844209D101210805AF
:100AE000FFF740FF00214FF48010FFF73BFF56E077
:100AF000CA48844209D101214805FFF733FF00218C
:100B00004FF40010FFF72EFF49E0C548844208D19A
:100B100001214020FFF733FF00214020FFF72FFF86
:100B20003DE0C048844208D101218020FFF727FF23
:100B300000218020FFF723FF31E0BB48844208D129
:100B400001218015FFF71BFF0021A015FFF717FFFC
:100B500025E0B648844209D101210804FFF702FFCD
:100B600000214FF48030FFF7FDFE18E0B0488442CA
:100B700009D101214804FFF7F5FE00214FF40030B0
:100B8000FFF7F0FE0BE0AB48844208D10121880456
:100B9000FFF7E8FE00214FF48020FFF7E3FE10BDD1
:100BA00000220288944B98420ED0994B98420BD069
:100BB000B0F1804F08D0914B984205D0904B9842AD
:100BC00002D0904B984204D14FF68F731A404B8855
:100BD0001A438D4B984207D08C4B984204D04FF665
:100BE000FF431A40CB881A4302808B8883850B8889
:100BF0000385814B98420BD0854B984208D08B4B94
:100C0000984205D08A4B984202D08A4B984201D133
:100C10000B7A038601238382704770B5002400227B
:100C20000023058C4FF6FE7635400584028C8388C0
:100C3000048B4FF68F752C40B51E2C400D882C432D
:100C4000751E2A400D892A434D882A436A4DA842C1
:100C50000BD06F4DA84208D0744DA84205D0744DFA
:100C6000A84202D0734DA84213D14FF6F7752A401F
:100C70004D892A434FF6FB752A408D882A434FF64B
:100C8000FF652B404FF6FF552B408D892B43CD89B7
:100C90002B4383800483CD888586028470BD70B524
:100CA000002400220023058C4FF6EF7635400584A2
:100CB000028C8388048B48F6FF752C404FF6FF4565
:100CC0002C400D884FF6FF7606EA05252C434FF69B
:100CD000DF752A400D8906EA05152A434D8806EA84
:100CE00005152A43444DA84202D0494DA8421DD1C2
:100CF0004FF67F752A404D894FF6FF7606EA0515B7
:100D00002A434FF6BF752A408D8806EA05152A4307
:100D10004FF6FF352B404FF2FF752B408D8906EAC9
:100D200085052B43CD8906EA85052B438380048303
:100D3000CD880587028470BD70B500240022002391
:100D4000058C4FF6FF6635400584028C8388848BC2
:100D50004FF68F752C404FF6FC752C400D882C43B8
:100D60004FF6FF552A400D894FF6FF7606EA052516
:100D70002A434D8806EA05252A431F4DA84202D082
:100D8000234DA8421DD14FF2FF752A404D894FF6E1
:100D9000FF7606EA05252A434FF6FF352A408D885F
:100DA00006EA05252A434EF6FF752B404DF6FF75E2
:100DB0002B408D8906EA05152B43CD8906EA0515DA
:100DC0002B4383808483CD888587028470BD70B572
:100DD000002200230024058C4EF6FF763540058462
:100DE000038C8488828B48F6FF752A404FF6FF45B6
:100DF0002A400D8820E00000002C01400004004043
:100E000000080040000C00400010004000140040AA
:100E100000340140004C01400050014000540140AA
:100E200000180040001C004000200040004001402D
:100E300000440140004801404FF6FF7606EA0525D0
:100E40002A434DF6FF752B400D8906EA05352B43E5
:100E50004D8806EA05352B43FA4DA84202D0FA4DDB
:100E6000A84208D14BF6FF752C408D894FF6FF76CE
:100E700006EA85152C4384808283CD88A0F84050F3
:100E8000038470BD828B4FF2FF331A408283828BC2
:100E90004FF6FF7303EA01231A4382837047F0B5CC
:100EA0000C461546002200210026078C4EF6FF7CDA
:100EB00007EA0C070784828B018C4FF6FF7707EA5D
:100EC000043640F6FF473A404FF6FF7707EA05271A
:100ED0003A434FF6FF7707EA03373A43D94FB84210
:100EE0000ED0D94FB8420BD0B0F1804F08D0D74FB9
:100EF000B84205D0D64FB84202D0D64FB84206D13C
:100F00004DF6FF77394046F48057394305E047F600
:100F1000FF57394044F48057394382830184F0BD40
:100F2000828B4FF6F3731A408283828B0A4382834B
:100F30007047F0B50C461546002200210026078CAC
:100F40004FF6FF6C07EA0C070784828B018C4FF683
:100F5000FF7707EA04264FF60C773A404FF6FF7703
:100F600007EA03172F433A43B64FB8420ED0B64FA5
:100F7000B8420BD0B0F1804F08D0B44FB84205D082
:100F8000B34FB84202D0B34FB84206D14FF6FF5725
:100F9000394046F48077394305E04FF2FF57394036
:100FA00044F48077394382830184F0BD028B4FF291
:100FB000FF331A400283028B4FF6FF7303EA0123CB
:100FC0001A4302837047F0B50C46154600220021F3
:100FD0000026078C4FF6EF7C07EA0C070784028B8C
:100FE000018C4FF6FF7707EA041640F6FF473A40B8
:100FF0004FF6FF7707EA03373A434FF6FF7707EAE2
:1010000005273A438F4FB8420ED08F4FB8420BD0CE
:10101000B0F1804F08D08D4FB84205D08C4FB84208
:1010200002D08C4FB84206D14FF6DF77394046F0F8
:101030001007394305E04FF65F77394044F0100759
:10104000394302830184F0BD028B4FF6F3731A40DB
:101050000283028B0A4302837047F0B50C461546A3
:1010600000220021068C4FF6FE773E400684028B5C
:10107000018C4FF60C7632407E1C06EA03162E4396
:101080003243704EB0420ED06F4EB0420BD0B0F132
:10109000804F08D06D4EB04205D06D4EB04202D0A8
:1010A0006C4EB04206D14FF6FD76314044F0010659
:1010B000314305E04FF6F576314044F00106314307
:1010C00002830184F0BD70B505460C465D4885423B
:1010D0000ED05D4885420BD0B5F1804F08D05B48FB
:1010E000854205D05A48854202D05A48854200D1EF
:1010F00000E000BF208850B92389A2886188284673
:10110000FFF7ABFFE1882846FFF79EFF25E0208828
:1011100004280AD12389A28861882846FFF753FF53
:10112000E1882846FFF742FF17E0208808280AD107
:101130002389A28861882846FFF7FBFEE1882846BC
:10114000FFF7EEFE09E02389A28861882846FFF7B1
:10115000A6FEE1882846FFF795FE70BD2DE9F04117
:1011600005460C4600260127608808B9022600E0E3
:101170000026A088012801D1022700E0012720884D
:10118000A0B92389A28861882846FFF766FFE18815
:101190002846FFF759FF23893A4631462846FFF78C
:1011A00012FFE1882846FFF701FF13E02389A28898
:1011B00061882846FFF707FFE1882846FFF7F6FE1B
:1011C00023893A4631462846FFF747FFE1882846FB
:1011D000FFF73AFFBDE8F0810A884B881A438B88F5
:1011E0001A43CB881A430B891A434B891A438B89BC
:1011F0001A43A0F8442070474FF6FF718180002108
:101200000180C180418001727047002101804180CE
:101210008180C180018141818181C181704700212C
:1012200001804180012181800021C18001817047BE
:101230000021018041808180C180018141818181C3
:1012400070470000002C01400034014000040040C1
:1012500000080040000C004021B1028842F0010269
:10126000028004E002884FF6FE731A400280704745
:1012700031B1B0F8442042F40042A0F8442005E027
:10128000B0F84420C2F30E02A0F8442070471AB10F
:1012900083890B43838102E083898B438381704779
:1012A0008182704741EA0203A0F8483070471AB1C2
:1012B00083890B43838102E083898B438381704759
:1012C00001894FF6F8721140018170470A460021EA
:1012D00001894FF68F73194011430181704730B572
:1012E00004460D4629462046FFF7F0FF208940F0CE
:1012F0000700208130BD2DE9F04104460D46164619
:101300001F46602D06D13B46012231462046FFF79D
:101310005AFE05E03B46012231462046FFF79DFE7E
:1013200029462046FFF7D2FF208940F007002081A0
:10133000BDE8F08130B50C4600210189C9B24FF6F5
:10134000FF7505EA0325154325432943018130BD77
:101350002DE9F04105460E461746984600244346BF
:101360003A4631462846FFF7E5FF2C894FF6F870DC
:10137000044044F007044FF68F70044044F07004BA
:101380002C81BDE8F081F0B504460D4616461F4697
:101390003B46324629462046FFF7CCFF208940F4E1
:1013A00080402081F0BD0185828270470A4600217D
:1013B00001884FF68F731940114301807047F0B5D3
:1013C0000C4615461E460021002200230189028B8F
:1013D000038C4FF6F877394021434FF6FC473A40EB
:1013E00040F201173A434FF6DD773B404FF6FF7767
:1013F00007EA06172F433B43018102830384F0BDB4
:101400000A460021018B4FF68F7319401143018367
:1014100070470A460021018B48F6FF7319404FF6CA
:10142000FF7303EA02231943018370470A46002130
:10143000818B4FF68F7319401143818370470A46A1
:101440000021818B48F6FF7319404FF6FF7303EAC2
:10145000022319438183704721B1028842F0800240
:10146000028004E002884FF67F731A4002807047C2
:1014700021B1828842F00402828004E082884FF623
:10148000FB731A408280704721B1828842F00802C3
:10149000828004E082884FF6F7731A40828070479A
:1014A00021B1828842F00102828004E082884FF6F6
:1014B000FE731A40828070470A460021018B4FF666
:1014C000F77319401143018370470A460021018BCD
:1014D0004FF2FF7319404FF6FF7303EA02231943DB
:1014E000018370470A460021818B4FF6F77319403C
:1014F0001143818370470A460021818B4FF2FF73AD
:1015000019404FF6FF7303EA0223194381837047A2
:101510000A460021018B4FF6FB73194011430183EA
:1015200070470A460021018B4FF6FF3319404FF6F2
:10153000FF7303EA02231943018370470A4600211F
:10154000818B4FF6FB7319401143818370470A4624
:101550000021818B4FF6FF3319404FF6FF7303EAEA
:1015600002231943818370470A460021018B4FF6FD
:101570007F7319401143018370470A460021018B94
:10158000C1F30E014FF6FF7303EA022319430183EF
:1015900070470A460021818B4FF67F731940114333
:1015A000818370470A460021818BC1F30E014FF6FB
:1015B000FF7303EA02231943818370470A4600211F
:1015C000018C4FF6FD7319401143018470470A46A0
:1015D0000021018C4FF6F7731940114301847047C5
:1015E0000A460021018C4FF6DF7319404FF6FF7356
:1015F00003EA02131943018470470A460021018C53
:101600004FF67F7319404FF6FF7303EA0213194335
:10161000018470470A460021018C4FF6FF531940A0
:101620004FF6FF7303EA02231943018470470A4609
:101630000021018C4FF2FF7319404FF6FF7303EA4C
:1016400002231943018470470A460021018C4DF69C
:10165000FF7319404FF6FF7303EA02331943018405
:10166000704730B5002301248C40A3B2048C9C4306
:101670000484048C02FA01F5ADB22C43048430BD1D
:1016800030B5002304248C40A3B2048C9C43048412
:10169000048C02FA01F5ADB22C43048430BD70B560
:1016A0000346002000241846183001258D40ACB2B6
:1016B0001D8CA5431D8409B1082909D100EB6100E7
:1016C000056825F0700505600568154305600EE0A6
:1016D0000D1FC5F34E052844056825F4E045056057
:1016E00005684FF6FF7606EA02263543056070BDB1
:1016F00021B1028842F00202028004E002884FF623
:10170000FD731A400280704721B1028842F0040242
:10171000028004E002884FF6FB731A400280704793
:1017200021B1828842F08002828004E082884FF6F4
:101730007F731A408280704702884FF6F7731A4011
:10174000028002880A430280704782884FF68F73B6
:101750001A40828082880A438280704702894FF64D
:10176000F8731A40028102890A4302817047028994
:101770004FF67F731A40028102890A430281704743
:1017800081847047818570478186704701877047E3
:1017900081877047A0F84010704702884FF6FF43DA
:1017A0001A40028002880A43028070470146888EF0
:1017B00070470146088F70470146888F7047014681
:1017C000B1F8400070470146888C70470146088D8B
:1017D000704702460020138A0B400BB1012000E045
:1017E00000207047CA430282704730B5024600208D
:1017F00000230024158A05EA0103958905EA0104FE
:1018000013B10CB1012000E0002030BDCA430282B8
:101810007047000010B50446FB48844209D10121FD
:101820008803FFF79FF800214FF48040FFF79AF8F4
:1018300032E0F648844209D101214804FFF79FF8BD
:1018400000214FF40030FFF79AF825E0F048844279
:1018500009D101218804FFF792F800214FF480207C
:10186000FFF78DF818E0EB48844209D10121C80444
:10187000FFF785F800214FF40020FFF780F80BE018
:10188000E548844208D101210805FFF778F80021D6
:101890004FF48010FFF773F810BD2DE9F04786B0C4
:1018A00005460E460024A24600BFA1460027B08987
:1018B00000B100BF2F462C8A4CF6FF700440F08820
:1018C00004432C82AC894EF6F3100440B088318971
:1018D0000843718908430443AC81AC8A4FF6FF404A
:1018E0000440B0890443AC8201A8FEF7B4FFC648A7
:1018F000874202D1DDF810A001E0DDF80CA0A88934
:1019000000F4004040B10AEBCA0000EB0A10316855
:101910004900B0FBF1F807E00AEBCA0000EB0A103F
:1019200031688900B0FBF1F86420B8FBF0F00401E5
:101930002009642101FB1089A88900F4004040B10E
:10194000322000EBC900B0FBF1F000F007000443C7
:1019500008E0322000EB09106421B0FBF1F000F048
:101960000F0004432C8106B0BDE8F0874FF41651F8
:10197000016000218180C18001810C214181002111
:101980008181704710B502460020108A4FF2FF0394
:1019900018400B884C8823438C882343CC882343EE
:1019A0001843108210BD0021018041808180C180D8
:1019B000704721B1828942F40052828104E0828919
:1019C0004DF6FF731A4082817047F0B5034600243C
:1019D00000260025002040F66A17B94200D100BF5A
:1019E0001846C1F3421401F01F06012707FA06F555
:1019F000012C01D10C3004E0022C01D1103000E0A8
:101A000014301AB107682F43076002E00768AF433C
:101A10000760F0BD1AB1838A0B43838202E0838A98
:101A20008B4383827047028A4FF6F0731A4002821A
:101A3000028A0A430282704782894FF2FF731A407A
:101A4000828182890A438281704721B1828942F072
:101A50000202828104E082894FF6FD731A4082817E
:101A60007047028A4FF6DF731A400282028A0A43E5
:101A70000282704721B1028A42F48042028204E06D
:101A8000028A4BF6FF731A4002827047C1F30802C4
:101A90008280704701468888C0F3080070478189BA
:101AA00041F0010181817047028BD2B20283028B27
:101AB00042EA012202837047028B02F47F420283D2
:101AC000028B0A430283704721B1828A42F02002CE
:101AD000828204E0828A4FF6DF731A408282704766
:101AE00021B1828A42F01002828204E0828A4FF69B
:101AF000EF731A408282704721B1828A42F0080255
:101B0000828204E0828A4FF6F7731A40828270471D
:101B100021B1828942F40042828103E08289C2F3CA
:101B20000E028281704721B1828A42F40062828271
:101B300004E0828A4FF2FF731A4082827047828AE1
:101B40004FF6FB731A408282828A0A438282704770
:101B500021B1828A42F00202828204E0828A4FF638
:101B6000FD731A408282704702460020B1F5007F63
:101B700000D100BF13880B400BB1012000E0002012
:101B8000704701F40072B2F5007F00D100BFCA4374
:101B90000280704770B50246002400230025002013
:101BA00040F66A16B14200D100BFC1F3421501F000
:101BB0001F03012606FA03F3012D02D19689334053
:101BC00006E0022D02D1168A334001E0968A3340A6
:101BD0000C12012606FA04F41688344013B10CB135
:101BE000012000E0002070BD10B50022002340F667
:101BF0006A14A14200D100BF0A1201249440A3B28A
:101C0000DC43048010BD0000003801400044004067
:101C100000480040004C00400050004010B5044611
:101C2000FA48844208D101214015FEF79BFE0021AD
:101C30006015FEF797FE17E0F548844208D10121B0
:101C40000015FEF78FFE00212015FEF78BFE0BE03E
:101C5000F048844208D10121C803FEF783FE002129
:101C60004FF40040FEF77EFE10BD30B50246002066
:101C700000235068E84C20400D790C6844EA0524A4
:101C8000204350609068E54C2040D1E902542C4339
:101C90004D7944EA450420439060D06A20F47000F6
:101CA0000C7C641EE4B2234340EA0350D06230BD92
:101CB00000210160017141718160C16001210174E5
:101CC000704721B1826842F00102826003E08268BD
:101CD00022F001028260704721B1826842F4807272
:101CE000826003E0826822F480728260704710B5DF
:101CF0000023CBB21AB144681C43446002E044683C
:101D00009C43446010BD816841F0080181607047C8
:101D1000014600208A6802F008020AB1012000E0B2
:101D200000207047816841F00401816070470146DE
:101D300000208A6802F004020AB1012000E00020BD
:101D4000704721B1826842F4A002826003E0826899
:101D500022F4A00282607047014600208A6802F4E3
:101D600080020AB1012000E00020704710B50A4649
:101D700000210023416821F46041531E41EA4331B0
:101D8000416010BD21B1426842F40062426003E04C
:101D9000426822F4006242607047F0B504460D4686
:101DA00000200021092D11DDE068A5F10A0606EBEF
:101DB0004607072606FA07F18843A5F10A0606EB4F
:101DC000460603FA06F10843E0600CE0206905EBE3
:101DD0004507072606FA07F1884305EB450603FA8F
:101DE00006F108432061072A0FDA606B561E06EBE6
:101DF00086071F2606FA07F18843561E06EB86065D
:101E000005FA06F10843606322E00D2A0FDA206B21
:101E1000D61F06EB86071F2606FA07F18843D61F52
:101E200006EB860605FA06F10843206310E0E06A37
:101E3000A2F10D0606EB86071F2606FA07F1884376
:101E4000A2F10D0606EB860605FA06F10843E062EC
:101E5000F0BD21B1826842F48012826003E08268A2
:101E600022F48012826070470146C86C80B27047CD
:101E700066484C300068704721B1426842F4806285
:101E8000426003E0426822F480624260704721B100
:101E9000426842F48052426003E0426822F4805279
:101EA000426070470A460021816821F4E0411143F5
:101EB0008160704721B1826842F40042826003E091
:101EC000826822F400428260704721B1826842F445
:101ED0000212826003E0826822F40212826070477C
:101EE000014600208A6802F400120AB1012000E0D5
:101EF00000207047F0B50446154600200022002659
:101F0000092911DDE068A1F10A0707EB470C072753
:101F100007FA0CF29043A1F10A0707EB470703FA0F
:101F200007F21043E0600CE0206901EB410C072749
:101F300007FA0CF2904301EB410703FA07F2104352
:101F40002061A06BC0F30156EF1C06F1010CA7EB5A
:101F50000C0707EB870C1F2707FA0CF29043EF1CC6
:101F600006F1010CA7EB0C0707EB870701FA07F254
:101F70001043A063F0BD10B50A4600210023816B19
:101F800021F44011531E41EA0351816310BD08B58D
:101F9000002300930090009B0B440093009B1A6069
:101FA00008BD08B5024600200090009201F128000B
:101FB000009B184400900098006880B208BD0A4653
:101FC00000214168164B194011434160704741623E
:101FD000826270470A460021416821F01F011143C7
:101FE0004160704740B109490831096841F4000176
:101FF000064A0832116007E004490831096821F4F3
:102000000001024A083211607047000000240140BC
:1020100000280140003C0140FFFEF0FFFDF7F1FF0A
:10202000FFFD3FFF0246002013680B400BB101206B
:1020300000E000207047CA430260704770B5024656
:102040000020002300240B125568CEB205EA0604D6
:1020500015681D4015B10CB1012000E0002070BDD5
:1020600000220A12D3430360704700000CB5002021
:10207000019000906C48006840F480306A49086024
:1020800000BF6948006800F4003000900198401CCF
:102090000190009818B90198B0F5A06FF1D162488D
:1020A000006800F4003010B10120009001E0002031
:1020B00000900098012843D15C48006840F010006F
:1020C0005A4908600846006820F003000860084686
:1020D000006840F002000860534840685249486078
:1020E0000846406848600846406840F480604860A0
:1020F0000846406820F47C1048600846406840F478
:10210000E81048600846006840F08070086000BF32
:102110004548006800F000700028F9D04248406847
:1021200020F00300404948600846406840F0020043
:10213000486000BF3C48406800F00C000828F9D116
:102140000CBD10B5FFF792FF10BD10B53648006802
:1021500040F00100344908600846406834490840AE
:102160003149486008460068324908402E490860F5
:102170000846006820F4802008600846406820F483
:10218000FE0048604FF41F008860FFF7DAFF4FF051
:1021900000602949086010BD10B500210020002210
:1021A000214B5B6803F00C0121B1042906D00829FA
:1021B00028D107E0214B224C236027E01F4B204C05
:1021C000236023E0184B5B6803F47010164B5B68C8
:1021D00003F48032022303EB904022B9194B4343AE
:1021E000174C23600DE0104B5B6803F4003323B100
:1021F000144B4343124C236003E0104B4343104CF9
:10220000236003E00D4B0E4C236000BF00BF064B64
:102210005B68C3F303130C4CE15C094B1B68CB40B8
:10222000074C236010BD0000001002400020024057
:102230000000FFF8FFFFF6FE08ED00E000127A0054
:102240001400002000093D0018000020014605E0B0
:10225000002001E0421CD0B20A28FBDB0A1EA1F1DB
:102260000101F5D1704710B5044603E04FF47A70D0
:10227000FFF7ECFF201EA4F10104F7D110BD704759
:1022800008B50720009002E00098401E00900098DA
:102290000028F9D108BD10B54FF40070E649086078
:1022A00040100860FFF7ECFFE3480838006808B901
:1022B000012000E0002000F4007008B1002010BDF3
:1022C0004FF40070DC49091D0860FFF7D9FFDA48B8
:1022D0000838006800F4007008B10020EFE74FF400
:1022E0000070D549091D0860FFF7CAFF0120E6E725
:1022F00010B54FF48070D049091D0860FFF7C0FF8A
:102300004FF40070CC49091D0860FFF7B9FF4FF486
:102310008070C9490860FFF7B3FF4FF40070C649E9
:102320000860FFF7ADFF10BD10B54FF48070C249D3
:10233000091D0860FFF7A4FF4FF40070BE49091D96
:102340000860FFF79DFF4FF48070BB490860FFF7FE
:1023500097FF4FF48070B849091D0860FFF790FFA0
:1023600010BD10B54FF48070B349091D0860FFF728
:1023700087FF4FF40070B0490860FFF781FF4FF40A
:102380008070AD490860FFF77BFF4FF48070AA4969
:10239000091D0860FFF774FF10BD10B54FF4807081
:1023A000A549091D0860FFF76BFF4FF40070A249B3
:1023B0000860FFF765FF4FF480709F490860FFF7E2
:1023C0005FFF9D480838006800F4007030B14FF49A
:1023D00080709949091D0860002010BD4FF480707D
:1023E0009549091D08600120F7E770B504460825E6
:1023F0001DE04FF480709049091D0860FFF740FF11
:1024000004F0800020B14FF400708B49086004E0B4
:102410004FF400708849091D08606006040EFFF73C
:102420002FFF4FF4807084490860FFF729FF281EB2
:10243000A5F10101CDB2DCD14FF480707E49091DB8
:10244000086070BD70B508250024A8017A490860AD
:1024500016E06006040E4FF480707749091D08608D
:10246000FFF70EFF4FF4807073490860FFF708FF15
:1024700071480838006800F4007008B144F00104A5
:10248000281EA5F10101CDB2E3D14FF480706A4955
:10249000091D0860204670BD08B501210820FEF71F
:1024A00047FA4FF44070ADF8000002208DF80200AA
:1024B00014208DF8030069465F481038FDF77CFF53
:1024C00008BD2DE9F04105460E4617469846FFF730
:1024D000E2FE10B90020BDE8F081002141EA45018B
:1024E000C8B2FFF782FFFFF758FF18B9FFF700FFE8
:1024F0000020F0E73046FFF778FFFFF74EFF00249B
:102500000BE018F80400FFF770FFFFF746FF18B95B
:10251000FFF7EEFE0020DEE7641CBC42F1DBFFF7B4
:10252000E7FE0120D7E72DE9F04104460D461646A7
:102530001F463B46324629462046FFF7C2FF10B1F0
:102540000020BDE8F0814FF0FF30FAE72DE9F041BF
:1025500005460F4614461E46FFF79DFE10B90020A3
:10256000BDE8F081002141EA4501C8B2FFF73DFF17
:10257000FFF713FF18B9FFF7BBFE0020F0E738465E
:10258000FFF733FFFFF709FFFFF785FE012101EB9E
:102590004501C8B2FFF729FFFFF7FFFE0CE0FFF788
:1025A00051FF3070012C02D1FFF7DBFE01E0FFF795
:1025B000BBFE761C601EC4B2002CF0D1FFF798FE63
:1025C0000120CDE72DE9F04104460D4616461F4691
:1025D0003B46324629462046FFF7B8FF10B100209F
:1025E000BDE8F0814FF0FF30FAE770B504460D46C4
:1025F0001646FFF750FE08B9002070BD002141EAE1
:102600004401C8B2FFF7F1FEFFF7C7FE18B9FFF7A4
:102610006FFE0020F1E72846FFF7E7FEFFF7BDFE5B
:102620003046FFF7E2FEFFF7B8FEFFF761FE01203C
:10263000E3E7002070470000100C014008B50121BD
:102640001120FEF775F901210B48FDF786FF4FF4C5
:10265000C040ADF8000003208DF8020010208DF876
:10266000030069460548FDF7A7FE4FF4C041034843
:10267000FDF74FFF08BD00000002300000100140D0
:10268000002400270026FFF760FD41F61F4141F2BC
:10269000883001F0A1FF01F0DBFF01F00BFE00F03C
:1026A000DBF800F03DF8FFF7C9FF02F057F800F043
:1026B000E9F800F050F9FFF7EFFE0A2000F028FEDD
:1026C00000F05CFA00F0CCFD00F043FE002108466B
:1026D00001F0B5FC104807784FF0E020006940F0A9
:1026E00001004FF0E021086114E000F0B7FA6EB984
:1026F00009480578E81BC0B204442F46B4F5C87FEA
:1027000003D3064800F014FE012600BF01F0A1FD2E
:1027100001F04FFCE9E70000A40000200000DC42CB
:1027200008B501210820FEF703F94FF47040ADF819
:10273000000010208DF8030003208DF80200694688
:10274000FE48FDF739FE4FF47041FC48FDF7E1FE0D
:1027500008BD08B501210846FEF7F7F8012104205D
:10276000FEF7E6F80C20ADF8000018208DF8030005
:1027700003208DF802006946F148FDF71DFE08BDF3
:1027800030B587B00025002440F2E730ADF81400E2
:102790000020ADF81000ADF81600ADF8120004A945
:1027A0004FF08040FEF7FCF96020ADF800000120FA
:1027B000ADF80200ADF806500020ADF808006946FB
:1027C0004FF08040FEF7B8FA0821C806FEF78AFEEF
:1027D0000120ADF80200ADF806400020ADF8080079
:1027E00069464FF08040FEF7F2FA0821C806FEF76E
:1027F00082FE01218807FEF72FFE01218807FEF7E0
:102800002BFD07B030BD2DE9FF4104460D4627469C
:102810002E466020ADF800000120ADF80200ADF8B2
:1028200006700020ADF8080069464FF08040FEF7C2
:1028300083FA0821C806FEF755FE0120ADF8020014
:10284000ADF8066069468007FEF7C1FA0821C806A0
:10285000FEF751FEBDE8FF8110B5FFF77AFFFFF7E5
:102860008FFF10BDB7490888098821F00101B54ADA
:1028700011807047B4490888098821F00101B24AE3
:102880001180704700B589B001210220FEF75DF884
:1028900001210420FEF74CF801A8FDF718FEC02026
:1028A000ADF8040004208DF8070003208DF8060021
:1028B00001A9A348FDF780FD4FF4A060FDF720FCBF
:1028C0001D208DF8080001208DF8090003208DF8E7
:1028D0000A0001208DF80B0002A8FDF716FC9948AC
:1028E0001038FEF789F806A8FEF786FC0020ADF840
:1028F00018004FF6FF70ADF81C000020ADF81E0068
:10290000ADF81A0006A98F481038FEF749F90A23D6
:102910001A4603218B481038FEF751FD03A8FEF735
:102920007EFC0620ADF8140003A986481038FEF797
:10293000CAFB012183481038FEF754FF01221146DB
:1029400080481038FEF7A3FC01217E481038FEF7BE
:1029500083FC09B000BD00B589B001210420FDF75A
:10296000F4FF01210820FDF7E3FF01A8FDF7AFFD0B
:10297000C020ADF8040004208DF8070003208DF876
:10298000060001A96D48FDF717FD4FF4A060FDF7A3
:10299000B7FB1E208DF8080001208DF809000320E8
:1029A0008DF80A0001208DF80B0002A8FDF7ADFBA1
:1029B00065481038FEF720F806A8FEF71DFC002039
:1029C000ADF818004FF6FF70ADF81C000020ADF810
:1029D0001E00ADF81A0006A95B481038FEF7E0F8B3
:1029E0000A231A46032158481038FEF7E8FC03A8CA
:1029F000FEF715FC0620ADF8140003A95248103864
:102A0000FEF761FB012150481038FEF7EBFE012272
:102A100011464D481038FEF73AFC01214A4810385B
:102A2000FEF71AFC09B000BD00B585B001210420F5
:102A3000FDF77EFF01210220FDF787FF8020ADF822
:102A4000100004208DF8130003208DF8120004A953
:102A50003B48FDF7B1FC4FF4A060FDF751FB1D2092
:102A60008DF8000001208DF8010003208DF8020090
:102A700001208DF803006846FDF747FB3148103808
:102A8000FDF7BAFF4FF6FF70ADF808000020ADF873
:102A90000400ADF80A00ADF8060001A92948103875
:102AA000FEF77EF800231A46602126481038FEF70C
:102AB00022FC002123481038FEF762FE0121214844
:102AC0001038FEF7C9FB05B000BD00B585B0012187
:102AD0000820FDF72DFF01210420FDF736FF80209F
:102AE000ADF8100004208DF8130003208DF81200BB
:102AF00004A91248FDF760FC4FF4A060FDF700FB4D
:102B00001E208DF8000001208DF8010003208DF8B3
:102B1000020001208DF803006846FDF7F6FA0A4826
:102B20001038FDF769FF4FF6FF70ADF80800002080
:102B3000ADF80400ADF80A0008E00000000C014008
:102B4000000801401004004010080040ADF80600E5
:102B500001A90948FEF724F800231A466021064817
:102B6000FEF7C9FB00210448FEF70AFE01210248D6
:102B7000FEF772FB05B000BD0008004070B50024F0
:102B800002F0B7FA0446002C60D17CA001F00FFDE2
:102B9000782001F010FF18B981A001F008FD02E0D3
:102BA00087A001F004FD782002F0F2F818B98FA098
:102BB00001F0FDFC02E096A001F0F9FC642002F0B7
:102BC000C8F918B99EA001F0F2FC02E0A6A001F03D
:102BD000EEFC03F07FFD18B9ACA001F0E8FC02E0C8
:102BE000B7A001F0E4FCC54804F050FC054603F032
:102BF0007BFD18B9C2A001F0DAFC02E0CAA001F026
:102C0000D6FC40F2731004F0B0F918B9D2A001F06C
:102C1000CEFC02E0D9A001F0CAFC642003F01EFF44
:102C200018B9E2A001F0C3FC02E0E9A001F0BFFC8A
:102C300004F040FC012003F093FA18B9EFA001F072
:102C4000B6FC0AE0F6A001F0B2FC06E04FF4005139
:102C5000FE48FDF760FC00BFFEE770BD2DE9F04FB8
:102C600089B0FB48FB49FC4BFC4ACDE90010FC490C
:102C7000FC4804F0D9FAF748008800F48070002876
:102C80007AD0F649086804F047FF04464FF09D41AA
:102C900004F07CFDF4490860F049486804F03CFF0A
:102CA00004464FF09D4104F071FDF0490860EB4986
:102CB000886804F031FF04464FF09D4104F066FD42
:102CC000EB490860E549C86804F026FF04464FF068
:102CD0009D4104F05BFDE7490860E34801684FF05F
:102CE000804004F021FD0690E1480168069804F058
:102CF0001BFD8246DD4801684FF0404004F014FDA2
:102D00000690DC480168069804F00EFD83465146A3
:102D100004F0B2FC079004F04BFF064606F070F991
:102D200080464FF06632D44B04F015FE044604F0A2
:102D30006BFFD2490860CE4801684FF0804004F034
:102D4000F3FC0390CA480168039804F0EDFC824646
:102D5000C64801684FF0404004F0E6FC0390C348C9
:102D60000168039804F0E0FC8346514604F0D6FC69
:102D700081464FF07E5183E10CE200006D707520BA
:102D8000696E697469616C697A6174696F6E2063D8
:102D90006F6D706C6574652E2E2E2E2E2E0A2000FF
:102DA0006D70755F7365745F73656E736F722063AA
:102DB0006F6D706C657465202E2E2E2E2E2E0A00DF
:102DC0006D70755F7365745F73656E736F7220638A
:102DD0006F6D65206163726F7373206572726F72BD
:102DE000202E2E2E2E2E2E0A000000006D70755FF4
:102DF000636F6E6669677572655F6669666F20638B
:102E00006F6D706C657465202E2E2E2E2E2E0A008E
:102E10006D70755F636F6E6669677572655F666911
:102E2000666F20636F6D65206163726F73732065D9
:102E300072726F72202E2E2E2E2E2E0A000000008F
:102E40006D70755F7365745F73616D706C655F72D3
:102E500061746520636F6D706C657465202E2E2E15
:102E60002E2E2E0A000000006D70755F7365745F72
:102E700073616D706C655F72617465206572726FED
:102E800072202E2E2E2E2E2E0A000000646D705FF2
:102E90006C6F61645F6D6F74696F6E5F6472697689
:102EA00065725F6669726D7761726520636F6D70C0
:102EB0006C657465202E2E2E2E2E2E0A000000002A
:102EC000646D705F6C6F61645F6D6F74696F6E5F6E
:102ED0006472697665725F6669726D77617265208A
:102EE000636F6D65206163726F7373206572726FBB
:102EF00072202E2E2E2E2E2E0A00000028000020DA
:102F0000646D705F7365745F6F7269656E74617410
:102F1000696F6E20636F6D706C657465202E2E2E48
:102F20002E2E2E0A00000000646D705F7365745FC2
:102F30006F7269656E746174696F6E20636F6D6521
:102F4000206163726F7373206572726F72202E2E10
:102F50002E2E2E2E0A000000646D705F656E616279
:102F60006C655F6665617475726520636F6D706C0A
:102F7000657465202E2E2E2E2E2E0A00646D705F35
:102F8000656E61626C655F6665617475726520630C
:102F90006F6D65206163726F7373206572726F72FB
:102FA000202E2E2E2E2E2E0A00000000646D705F43
:102FB0007365745F6669666F5F7261746520636FC5
:102FC0006D706C657465202E2E2E2E2E2E0A00003C
:102FD000646D705F7365745F6669666F5F7261745C
:102FE0006520636F6D65206163726F737320657216
:102FF000726F72202E2E2E2E2E2E0A006D70755F8F
:103000007365745F646D705F737461746520636F62
:103010006D706C657465202E2E2E2E2E2E0A0000EB
:103020006D70755F7365745F646D705F73746174E8
:103030006520636F6D65206163726F7373206572C5
:10304000726F72202E2E2E2E2E2E0A00001001409E
:10305000620000206000002050000020EC010020F1
:103060005A000020540000203400002038000020C6
:103070003C0000204000002066A64C404400002098
:1030800004F0FAFA044604F093FDCDE90401434844
:1030900001684FF0804004F047FB834640480168D8
:1030A000584604F041FB81463E4801684FF080409D
:1030B00004F03AFB83463C480168584604F034FB70
:1030C0008246494604F0D8FA044604F071FD0746EA
:1030D000DDE9042306F0DCF94FF06632334BCDE92D
:1030E000060104F038FC054604F08EFD3049086006
:1030F0002D480168006804F017FB03902948016817
:10310000006804F011FB029025480168006804F093
:103110000BFB834621480168006804F005FB594613
:10312000019004F0A9FA8246029904F0F7FA814668
:10313000039904F0F3FA044604F03AFDCDE90401E2
:10314000194801681548006804F0EEFA82461548EF
:1031500001681348006804F0E7FA8346514604F01A
:103160008BFA81464FF0804104F0DEFA044604F009
:103170001FFD0746DDE9042306F08AF94FF06632A9
:103180000A4BCDE9060104F0E6FB054604F03CFDE0
:103190000849086009B0BDE8F08F00003400002045
:1031A000380000203C0000204000002066A64C4073
:1031B000480000204C000020704700BFFEE700BF21
:1031C000FEE700BFFEE700BFFEE7704770477047AD
:1031D00010B51D480078401C1B4908701B4800783A
:1031E000401C1A4908701A480078401C1849087099
:1031F00000F038FB17480078401C16490870164844
:103200000078401C1449087014480078401C134989
:1032100008700E480078012806DB01F08AFA00F0F9
:10322000C0FC00200949087009480078082806DB1E
:1032300000F045FB0020064908700649087000F0C0
:103240002BF900F047FA10BDA4000020A9000020CF
:10325000A5000020A6000020A7000020A800002054
:1032600030B527480068C822B0FBF2F1B1F1807F89
:1032700001D301201DE021F07F40401E4FF0E022ED
:10328000506150170F22002807DA13071D0E1D4B3F
:1032900000F00F04241F1D5503E013071C0E1A4BEA
:1032A0001C5400BF00204FF0E02290610720106105
:1032B000002008B100BFFEE74FF0E020006920F0D9
:1032C00001004FF0E021086130BD01B50F490098C1
:1032D00008604FF0E020006940F001004FF0E0216D
:1032E000086100BF094800680028FBD108BD0748F5
:1032F000006820B105480068401E04490860704716
:103300001400002018ED00E000E400E0640000205C
:10331000002107E042F6E06100BF0A1EA1F10103AF
:1033200099B2FAD1021EA0F1010398B2F2D170470E
:103330000021FE4A1170FE490860FE490978FE4AE4
:1033400011700021FD4A1160FA490978FC4A117098
:10335000704700B50020FB490880FB490880FB4905
:103360000860FB490860FB490860FB490860FB49AD
:103370000860FB490860FB490860FB490860FB499D
:103380000860FB490860FB490860FB490860FB498D
:103390000860FB490860FB490860FB490860FB497D
:1033A0000860E4490870FA490870FA490870E14871
:1033B0000078E14908700020E0490860DD480078A5
:1033C000DF4908700020F4490860F4490860F448B7
:1033D000FFF7AEFF0020F349086000BD2DE9F04182
:1033E000F148006804F0E4FB0446F048D0E90063CB
:1033F0003246204604F0F0FB07D0EC48D0E900212B
:10340000104604F001FCE8490860E948006804F04F
:10341000CFFB0446E548D0E902633246204604F07B
:10342000DBFB07D0E148D0E90221104604F0ECFBB9
:10343000DF490860DF48006804F0BAFB04460D4627
:10344000DA49D1E904633246294604F0C5FB07D0C6
:10345000D648D0E90421104604F0D6FBD5490860CF
:10346000D548006804F0A4FB0446D048D0E90663C0
:103470003246204604F0B0FB07D0CC49D1E9062102
:10348000104604F0C1FBCC4908600020C249086026
:10349000C2490860BDE8F0812DE9F041C7480068E5
:1034A000012810D10020C0490860C548006804F018
:1034B00041FB06460022C34B04F04DFA044604F0DB
:1034C000A3FBB9490860BD480068022812D100205A
:1034D000B7490860BC490968A1F1400004F02AFB23
:1034E00006460022B94B04F036FA044604F08CFB81
:1034F000AF490860B649B1F9040004F00DFBB549C5
:103500000860B549B1F9040004F006FBB34908604E
:103510000021B348006804F093FB0BD0B149B048D8
:10352000006804F08DFB05D3AF49AD48006804F096
:1035300091FB05D24FF40051AC48FCF7ECFF04E0DE
:103540004FF40051A948FCF7E4FF0021A8480068A7
:1035500004F0E4F8824908609F49B1F9000004F0E2
:10356000DBFA064692480168304604F0DDF804466E
:103570007C4801687A48006804F0D0F806468A481A
:103580000168304604F0D0F80546214604F074F88E
:1035900077490860BDE8F0812DE9F04104460D4609
:1035A000002C0CDA4FF480419248FCF7B2FF4FF444
:1035B00000419048FCF7AFFF604204B20AE04FF4CC
:1035C00000418C48FCF7A5FF4FF480418948FCF787
:1035D000A2FF00BF002D0CDA4FF400518548FCF724
:1035E00098FF4FF480518348FCF795FF684205B27D
:1035F0000AE04FF480517F48FCF78BFF4FF40051F5
:103600007C48FCF788FF00BFAFB2A6B231464FF04E
:103610008040FEF7BDF839464FF08040FEF7BAF81B
:1036200075496F48006804F015FB23D373496C4853
:10363000006804F005FB02D24FF0010801E04FF0F2
:10364000000800215048006804F0FAFA01D1012076
:1036500000E0002008EA000800214C48006804F05F
:10366000EFFA01D1012000E0002008EA0008B8F1DB
:10367000000F0DD000214FF08040FEF789F80021A7
:103680004FF08040FEF786F801205D49086002E0B7
:1036900000205B4908605B493148006804F0DAFAB1
:1036A00005D359492E48006804F0CAFA0DD200210A
:1036B0004FF08040FEF76CF800214FF08040FEF79D
:1036C00069F801204E49086002E000204C4908607A
:1036D000BDE8F08170B52448046830480168204690
:1036E00003F0CAFF044621462148006803F0C4FFE6
:1036F0002149086021461E48006804F00FF81D4962
:1037000008601D48006804F026FA00B2B0F57A7F20
:1037100002DD3E48184908601748006804F01BFAAB
:1037200000B210F57A7F78DA394874E0750000202D
:103730008C000020A40000207400002070000020F5
:1037400098000020F2000020F0000020000100207E
:10375000FC00002008010020040100200C010020D2
:10376000CC000020BC00002028010020B000002078
:10377000C0000020C8000020C40000202401002058
:103780006801002064010020300100202C0100208D
:10379000A5000020A60000209C000020A000002022
:1037A0000000C8421C010020DC000020989700089F
:1037B000E0000020E4000020E80000204C01002090
:1037C0003C0100200080FB3F400100200000C43F7E
:1037D0005A0000205C0100205400002060010020FD
:1037E000440000200000A0C10000A04100100140E2
:1037F00048000020000C014000002041000020C1D2
:103800001801002000004842000048C200007A442D
:1038100000007AC401E0FB490860FB48006804F03E
:103820009AF900B2B0F57A7F02DDF848F6490860EF
:10383000F548006804F08FF900B210F57A7F02DADB
:10384000F348F1490860F048006804F084F905B2D3
:10385000EC48006804F07FF906B229463046FFF7CD
:103860009BFE70BD70B5EB48FDF7ADFF0446EA481E
:10387000FDF7A9FF0546E9480460E9480560002115
:10388000E448FDF77DFF0021E348FDF779FF20B212
:10389000E4490880684200B2E3490880E3480068D0
:1038A000E049B1F900100844E0490860E0480068C8
:1038B000DD49B1F900100844DD49086070BD2DE90B
:1038C000FC5FDA490968DA4A1268881804F024F9BA
:1038D000D8490860D6490968D44A1268881A04F0A1
:1038E0001BF983464FF04041584604F0B3F907D224
:1038F0004FF08041584604F0A3F901D24FF0000B7D
:103900000020CB490860C9490860CB48006804F032
:103910004FF906464FF06632C84B04F01CF80446D7
:1039200004F072F9C4490860C248006804F040F924
:103930004FF03332C24BCDE9000104F00CF80646DB
:103940000F46BD48006804F033F9804632463B46D6
:1039500003F05AFF044604F057F9B74908600846D7
:103960000168B848006803F087FEB6490860B648A9
:103970000168B448006803F07FFEB2490860B348AC
:103980000168B048006803F077FEAE490860B048AF
:103990000068012801D100200860AA48006804F0EE
:1039A000DAF8B0F5FA5F02DDAA48A6490860A54832
:1039B000006804F0D0F810F5FA5F02DAA648A149D1
:1039C0000860A6480068032812D10020A4490860B6
:1039D000A4490968A1F1800004F0ACF80646002271
:1039E000A14B03F0B8FF044604F00EF99C490860AF
:1039F0009A480068042812D100209C4908609C491C
:103A00000968A1F1C00004F095F806460022994B20
:103A100003F0A1FF044604F0F7F894490860002180
:103A20008848006803F07AFE0646904801683046F0
:103A300003F07AFE044600217F48006803F06EFE22
:103A4000064687480168304603F06EFE054621466B
:103A500003F012FE8849086088498948006804F02C
:103A6000F9F805D387498648006804F0E9F80AD2D6
:103A70008148006880F0004481480168204603F0D6
:103A800085FE824601E04FF0000A71480068012877
:103A900001D14FF0000A7C49504604F0DBF801D216
:103AA000DFF8E4A17949504604F0CAF801D2DFF802
:103AB000DCA177480168504603F030FE05467549A1
:103AC00003F032FE044672480168204603F0D4FD3C
:103AD0006F4908605E480068002852D15A48006863
:103AE00020F000446C49204604F0B4F849D8002185
:103AF000584604F0A5F807D168496948006803F002
:103B000013FE674908600BE06649584603F00CFE57
:103B1000044663480168204603F0AEFD6049086032
:103B200061495F48006804F095F802D25E485C493C
:103B300008605E495A48006804F082F802D25B4887
:103B4000574908605A49584603F0EEFD0446544868
:103B50000168204603F090FD5649086056495548D3
:103B6000006804F077F802D253485249086053497C
:103B70005048006804F064F811D250484D4908607C
:103B80000DE04F494648006803F0CEFD4449086007
:103B90004B494848006803F0C7FD46490860BDE846
:103BA000FC9F2DE9F04147480068002829D146488C
:103BB000FDF709FE00EB800000EB001044002046FA
:103BC00003F0B8FF05460022404B03F036FF0746DE
:103BD00004F01AF83E4908603E48007820B90020F9
:103BE0001A490860BDE8F0813948006803F0E0FF39
:103BF00004460022384B03F0EFFF72D837481349D0
:103C000008608AE0C4000020C800002000007A4458
:103C100000007AC4000400400008004010010020A9
:103C200014010020F0000020F2000020FC00002021
:103C30000001002004010020080100206666E63F24
:103C40003333D33F0C010020240100201C0100204D
:103C5000180100200000FA450000FAC54C010020C0
:103C6000E4000020440100200000DE3FE8000020C6
:103C7000480100200000C43FB80000206F12833AC2
:103C8000DC0000206F1283BA0000A0400000A0C03A
:103C9000BC0000209A99993E0000F04148E17A3F2B
:103CA0009C000020A69B443B00002042000020C254
:103CB0000AD7233EA00000200000A0420000A0C2BE
:103CC000CDCC4C3F34010020002C01400000694065
:103CD000200100207500002000001040000096C365
:103CE000FFE7FE49FE48006803F0B4FF01D8012455
:103CF00000E000244FF08241F948006803F0A0FF83
:103D000001D8012000E0002004401CB1F548F6492C
:103D1000086002E00020F449086000BF62E72DE976
:103D2000FC5FF2480068012878D1F148D0F800B073
:103D3000F04800680190F048B0F90290EF48B0F9FF
:103D400000A0E7480468484603F0E6FE06464FF048
:103D50008D4103F01BFD0546E94903F0E5FCE94907
:103D60000860504603F0D8FE0646E74903F0D6FC4B
:103D70000546E64903F00AFDE5490860584603F0A8
:103D800017FF0746E34AE44B03F057FE054603F0EE
:103D90003BFF8346019803F00BFF0546DD4ADE4BEF
:103DA00003F04BFE074603F02FFF01905021DB4844
:103DB00003F03EFCD948DAA1096801600A21D9481C
:103DC00003F036FCD84800210160416001810A21DE
:103DD000D64803F02DFCD6480021016041600181E6
:103DE0000A21D44803F024FCD3480021016041603B
:103DF0000181D249584603F023FF10D8D0495846D4
:103E000003F028FF0BD8584603F0D2FE05462A4699
:103E10000B46CCA1C34804F035F902E0C7E0BDE889
:103E2000FC9FC649019803F00BFF0FD8C4490198C5
:103E300003F010FF0AD8019803F0BAFE05462A469F
:103E40000B46C0A1B84804F01DF900E0E7E7BF4900
:103E5000AC48006803F0FEFE11D2BD49A9480068D5
:103E600003F0EEFE0BD2A748006803F0A1FE054662
:103E70002A460B46B3A1AD4804F004F900E0CEE7B2
:103E8000B449A348006803F0E5FE11D2B249A04846
:103E9000006803F0D5FE0BD29D48006803F088FE51
:103EA00005462A460B46A7A1A14804F0EBF800E01E
:103EB000B5E70021204603F0CDFE0FD8A7492046E4
:103EC00003F0BEFE0AD2204603F072FE05462A46E3
:103ED0000B469CA1974804F0D5F800E09FE700202E
:103EE00000F07EFC0090009803F01FFE07469C49FE
:103EF00003F01AFC06464FF08B4103F047FC0546E1
:103F0000984903F00BFC9849086000219648006826
:103F100003F0A0FE11D88E499348006803F090FE8C
:103F20000BD29148006803F043FE05462A460B4633
:103F300084A1814804F0A6F800E070E77949774849
:103F400003F081FB89A1754803F07DFB7649734836
:103F500003F079FB86A1714803F075FB73496F4844
:103F600003F071FB83A16D4803F06DFB70496B4852
:103F700003F069FB80A1694803F065FB6D49674860
:103F800003F061FB7EA1654803F05DFB6A4963486D
:103F900003F059FB7BA1614803F055FB50217A489F
:103FA00003F046FB50225D49774803F028FB00BF31
:103FB00035E710B575480068401E744908604B48E5
:103FC0000068012807D10846006820B9FFF7A7FE5E
:103FD0006D4800F0E0FA6D48006818B941F2883089
:103FE0006A49086010BD2DE9F04180460D4614462F
:103FF0001E46069F6649204603F022FE00D2644C0E
:104000000021384603F01CFE00D2002761493846E3
:1040100003F020FE00D25F4F5F48C0F8008045608B
:104020008460C660076101205C4908705C480078C4
:104030005C49087000205C490860BDE8F0810222FC
:10404000564B1A70594A1060594A1160544A1278F6
:10405000544B1A700022544B1A60704770B5554883
:1040600005681F4804685449204603F0F3FD06D252
:104070004FF08241204603F0E3FD00D800254F4871
:10408000056000204E4908604E49086016490860E6
:1040900070BD2DE9FF5F4248047842480078201A3D
:1040A000C0B203903F4804703F4801680398084439
:1040B0003D4908600846006803F037FD074642495D
:1040C00003F032FB064634488168304603F02CFB8F
:1040D00005463148C168284678E000000000A0404D
:1040E000200100200000FA431C01002050010020A4
:1040F000C4000020C80000205A0000205400002006
:10410000CDCC1C415C0100209A1900430000034300
:104110006001002048E17A14AE470F40FC01002006
:10412000244C5600140300201E0300202803002006
:10413000320300203C0300204603002000007A44A4
:1041400000007AC425332E32660000000000A0C1B2
:104150000000A04100803BC500803B4500401C465C
:10416000CDCC5441CDCC4C3EAC0000202C5256005E
:104170002C4143002C4759002C43534200000000BF
:104180002C565400230000004C0200205401002053
:10419000CDCCCC3D6666E63E780000207500002060
:1041A000A400002074000020700000209000002077
:1041B000940000208C0000200AD7233C240100201A
:1041C00028010020340100200AD7A33B03F054FA51
:1041D000814649464FF0804003F0A6FA009003F074
:1041E000E7FC054605F014FA074603F00DFD83468B
:1041F00028480169584603F097FA82462548016924
:104200004FF07E5003F08AFA5146019003F034FAE1
:10421000029020490868029903F086FA1E49086056
:10422000484603F0C5FC074605F040FA054603F092
:10423000EBFC824617484168504603F075FA17496F
:104240000860012016490860002016490860BDE892
:10425000FF9F10B514480078B8B1012802D0022899
:1042600012D102E0FFF715FF12E0104800680A497A
:1042700008600F4800680949086001200849086083
:1042800000200849086003E000BFFFF7E7FE00BF19
:1042900000BF10BD7800002024010020280100206C
:1042A000340100201C010020750000209000002037
:1042B0009400002000B585B0012144F20400FCF711
:1042C00037FB4FF40070ADF8100018208DF8130084
:1042D00003208DF8120004A9BB48FCF76DF84FF4D9
:1042E0008060ADF8100004208DF8130004A9B648D2
:1042F000FCF762F84FF4E13000900020ADF80400C4
:10430000ADF80600ADF80800ADF80C000C20ADF8D3
:104310000A006946AD48FDF7C0FA0121AB48FDF738
:1043200048FB05B000BD08B54FF48060FBF7E8FE20
:1043300027208DF8000004208DF8010001208DF861
:1043400002008DF803006846FBF7DFFE08BD00B5EC
:1043500085B001218804FCF7F8FA01210820FCF758
:10436000E7FA4FF48060ADF8100018208DF81300C4
:1043700003208DF8120004A99548FCF71DF84FF4AE
:104380000060ADF8100004208DF8130004A99048D7
:10439000FCF712F8FFF7C7FF4FF41650009000200B
:1043A000ADF80400ADF80600ADF80800ADF80C005B
:1043B0000C20ADF80A0069468648FDF76EFA012226
:1043C00040F225518348FDF700FB01218148FDF7AC
:1043D000F0FA05B000BD70B504460D46E1B27B4869
:1043E000FDF754FB00BF40217848FDF7BDFB0128D5
:1043F000F9D1204670BDF0B503460D46164600279C
:1044000029460A2E03D0002008702846F0BD33B993
:10441000302001F8010B002008702846F6E7002B39
:1044200003DA2D2001F8010B5B4242F210720DE01D
:1044300093FBF2F404B937B104F1300001F8010B39
:1044400004FB123301270A2092FBF0F2002AEFDC72
:10445000002008702846D9E70FB470B586B006462C
:104460000CA8019073E00B9800785C281CD10B9885
:10447000401C0B9000786E2809D072280FD10D21B6
:104480003046FDF703FB0B98401C0B900BE00A2114
:104490003046FDF7FBFA0B98401C0B9003E00B989D
:1044A000401C0B9000BF4BE00B980078252840D1B2
:1044B0000B98401C0B900078642818D0732833D1D7
:1044C000019810C801900BE021783046FDF7DEFA24
:1044D00000BF40213046FDF747FB0028F9D0641C9F
:1044E00020780028F0D10B98401C0B9020E0019818
:1044F00020C801900A2202A92846FFF77CFF02ACDF
:104500000BE021783046FDF7C1FA00BF402130466C
:10451000FDF72AFB0028F9D0641C20780028F0D190
:104520000B98401C0B9003E00B98401C0B9000BFB5
:1045300006E00B9810F8011B0B903046FDF7A6FA29
:1045400000BF40213046FDF70FFB0028F9D00B9843
:104550000078002887D106B070BC5DF814FB10B558
:10456000044621461948FDF791FA00BF402117483B
:10457000FDF7FAFA0128F9D110BD10B5044621461D
:104580001448FDF783FA00BF40211248FDF7ECFA0A
:104590000128F9D110BD70B505462C4603E02078FE
:1045A000FFF7EBFF641C20780028F8D170BD70B5D0
:1045B00005462C4603E02078FFF7D1FF641C2078E5
:1045C0000028F8D170BD000000080140003801400B
:1045D000000C0140004800407FB504460D46012113
:1045E000C802FCF7A5F941F28830ADF8080041F6A1
:1045F0001F40ADF804000120ADF80A000020ADF81E
:10460000060001A91148FCF7CBFA012241210F480D
:10461000FCF73DFE19208DF8000003208DF8010005
:1046200000208DF8020001208DF803006846FBF79A
:104630006CFD7FBD10B501210448FDF7D6F818B117
:1046400001210248FDF7E2F810BD0000002C0140F6
:104650001FB501213D48FBF780FF01210920FCF730
:1046600067F90120ADF80C0010208DF80F00032031
:104670008DF80E0003A93648FBF79EFE0220ADF828
:104680000C0028208DF80F0003A93148FBF794FE99
:1046900001210846FBF7A6FF0220019000208DF8BB
:1046A000080008208DF8090001208DF80A0001A8F3
:1046B000FBF7A2FD07208DF8000003208DF8010014
:1046C00001208DF802008DF803006846FBF71DFD00
:1046D0001FBD10B50220FBF7F5FD48B300211D48B2
:1046E000FDF74EF801211B48FCF7B6FD01201A49E1
:1046F000086012E01748FDF766F80A2807DB00217A
:104700001448FCF7A9FD00201349086005E00221C8
:104710000F48FBF7E4FE104908600F4800680028C6
:10472000E8D100210B48FCF797FD0220FBF7DBFDE9
:1047300010BD10B501210648FBF7EBFE0C20FDF77C
:1047400085FD01210248FBF7E6FE10BD00023000A6
:10475000000C0140002C0140B801002000B587B0DA
:1047600001214FF40170FCF7E3F84FF40040FCF72F
:1047700043F80120ADF8040000208DF8070001A9DE
:104780002348FBF719FE2348FDF748FA0020029062
:104790008DF80C008DF80D004FF46020049000207F
:1047A000059001208DF8180002A91A48FDF75DFA5E
:1047B00001211848FDF785FA1648FDF7A4FA00BF55
:1047C0001448FDF7A5FA0028FAD11248FDF7AAFA15
:1047D00000BF1048FDF7ABFA0028FAD107B000BDC2
:1047E00010B504460723012221460A48FDF7D5FAF1
:1047F00001210848FDF7A5FA00BF02210548FDF791
:1048000011FC0028F9D00348FDF72EFB10BD000075
:104810000008014000240140064880470648004740
:10482000FEE7FEE7FEE7FEE7FEE7FEE7FEE7FEE760
:10483000FEE7FEE74B210008ED00000838B504460E
:10484000FB4890F82400C0B114B10220009001E0B0
:1048500000200090F64A1268D17BF54A5268107821
:104860006B460122FDF75FFE10B14FF0FF3038BDFF
:104870009DF80010EE48417423E0ED48807A10B9AD
:104880004FF0FF30F3E724B1E948407C08B1002045
:10489000EDE714B10120009001E000200090E44A0F
:1048A0001268D17BE24A526810786B460122FDF70C
:1048B0003AFE10B14FF0FF30D9E79DF80010DC4808
:1048C00041740020D3E738B5002419E0D8480068C7
:1048D000C07AA04204D0D6480068407DA04200D1F2
:1048E0000CE0D349496808786B4601222146FDF760
:1048F00069FE10B14FF0FF3038BD00BF601CC4B27C
:10490000CB4840680079A042E0DC0020F4E770B5B5
:1049100004460D46C6480068C07AA04204D0C44888
:104920000068407DA04202D14FF0FF3070BDC0480A
:1049300040680079A04202DC4FF0FF30F6E7BC4946
:10494000496808782B4601222146FDF73BFEEDE73A
:1049500038B50446B64890F82300A04201D10020A3
:1049600038BD14B13020009001E000200090B04824
:10497000807C20B19DF8000040F002000090AC481F
:1049800090F8220020B19DF8000040F080000090D7
:10499000A74A1268117DA64A526810786B46012218
:1049A000FDF7C1FD10B14FF0FF30D9E7A04880F806
:1049B00023400020D4E738B5044604F0700010B15D
:1049C0000120009005E014B10020009001E040209B
:1049D0000090974A1268917C954A526810786B460D
:1049E0000122FDF7A0FD20B1002191488172481EEF
:1049F00038BD9DF8000020F040018D480173002073
:104A0000009004F0400020B99DF8000040F0040040
:104A1000009004F0200020B99DF8000040F0020052
:104A2000009004F0100020B99DF8000040F0010053
:104A3000009004F0080020B99DF8000040F0380014
:104A400000907B4A1268D17C794A526810786B4694
:104A50000122FDF768FD20B1002175488172481ED2
:104A6000C6E724B1082C02D00020FFF771FF704880
:104A70008472002101753220FDF7F5FB0020B7E7B5
:104A800038B504466A48807CA04201D1002038BD78
:104A9000002C46D0664A12681179654A526810782F
:104AA0006B460122FDF78EFD10B14FF0FF30EEE7AF
:104AB0009DF8000020F0200000905D4A12681179F6
:104AC0005B4A526810786B460122FDF72CFD10B14D
:104AD0004FF0FF30DBE70320FDF7C5FB022000901D
:104AE000534890F8220020B19DF8000040F080006B
:104AF00000904F4890F8230020B19DF8000040F04E
:104B0000300000904A4A1268117D494A5268107874
:104B10006B460122FDF707FD002851D04FF0FF3012
:104B2000B5E7434A12681179414A526810786B46DA
:104B30000122FDF747FD10B14FF0FF30A7E73C48D9
:104B4000807A00F0010028B19DF8000040F02000BC
:104B5000009004E09DF8000020F020000090344A0E
:104B600012681179324A526810786B460122FDF7BB
:104B7000DAFC10B14FF0FF3089E70320FDF773FB3B
:104B80002B4890F8220010B18020009001E0002016
:104B90000090274890F8230020B19DF8000040F0D5
:104BA00030000090224A1268117D214A5268107824
:104BB0006B460122FDF7B7FC10B14FF0FF3066E7FE
:104BC0001B488474002062E708B51948807A10B940
:104BD0004FF0FF3008BD00200090154A1268D17BCD
:104BE000134A526810786B460122FDF79CFC10B105
:104BF0004FF0FF30EEE70E4A126851790C4A5268C6
:104C000010786B460122FDF78EFC10B14FF0FF309B
:104C1000E0E7074A12681179054A526810786B4636
:104C20000122FDF780FC28B14FF0FF30D2E70000F1
:104C3000BC010020F74890F82400002853D00C2035
:104C40000090F44A12681179F24A526810786B4663
:104C50000122FDF768FC10B14FF0FF30BAE73220B7
:104C6000FDF701FBC0200090EA48807A00F00100C7
:104C700020B19DF8000040F020000090E54A126845
:104C80001179E44A526810786B460122FDF74BFC1B
:104C900010B14FF0FF309DE7DE48407C10B102209C
:104CA000009001E000200090DA4A1268D17BD94AD6
:104CB000526810786B460122FDF735FC10B14FF0B9
:104CC000FF3087E700200090D24A12685179D14A1C
:104CD000526810786B460122FDF725FC002855D05C
:104CE0004FF0FF3076E704200090CA4A126811792D
:104CF000C84A526810786B460122FDF714FC10B1C7
:104D00004FF0FF3066E7C348807C20B9C148807A05
:104D100000F0010010B94020009001E060200090F8
:104D2000BC4A12681179BB4A526810786B4601225E
:104D3000FDF7F9FB10B14FF0FF304BE73220FDF7E4
:104D400092FAB448407C10B10120009001E00020AC
:104D50000090B04A1268D17BAE4A526810786B4618
:104D60000122FDF7E0FB10B14FF0FF3032E7A94A16
:104D700012685179A74A52681078A64B1033012265
:104D8000FDF7D1FB10B14FF0FF3023E7002021E702
:104D900070B50446002624F001049E4890F82400D3
:104DA00008B1002070BD9B48807A10B94FF0FF30E9
:104DB000F8E79848057C807A2040964908740846B0
:104DC000007CA04202D04FF0FF3600E0002614B96C
:104DD0009048007D18B10120FFF730FD02E000206F
:104DE000FFF72CFD3CB1FFF7EFFE20B189480574B9
:104DF0004FF0FF30D6E73046D4E738B50446854853
:104E0000807A10B94FF0FF3038BDBC2C02DB012096
:104E1000009015E0622C02DB0220009010E02A2CAA
:104E200002DB032000900BE0142C02DB0420009036
:104E300006E00A2C02DB0520009001E0062000902D
:104E40007448C07A9DF80010884201D10020DBE749
:104E5000704A126891786F4A526810786B46012246
:104E6000FDF761FB10B14FF0FF30CDE79DF800106A
:104E70006848C1720020C7E738B50446282C02DD17
:104E80004FF0FF3038BDDCB90020FFF761FD002096
:104E90008DF8000007208DF801005E4A1268917CB1
:104EA0005C4A526810786B460222FDF73CFB10B159
:104EB0004FF0FF30E6E70021564801750020E1E79A
:104EC0000120FFF745FD20208DF80000012C06D1C0
:104ED00000208DF801000520FFF78FFF17E0052C5B
:104EE00006DC01208DF801000520FFF786FF0EE0AB
:104EF000142C06DC02208DF801000A20FFF77DFF4C
:104F000005E003208DF801001420FFF776FF9DF8DF
:104F10000100072101EB8010C0B28DF801003D4A6D
:104F20001268917C3B4A526810786B460222FDF76A
:104F3000FAFA10B14FF0FF30A4E70821354881722A
:104F400000210173012101750020FFF721FF0020DE
:104F500098E738B504462F48807A10B94FF0FF30F3
:104F600038BD2C4890F8240010B14FF0FF30F7E71F
:104F70002848007D50B134B1282C04DCE0B2FFF7A2
:104F80007BFF0020ECE70020FFF776FF042C01DA1E
:104F9000042404E0B4F57A7F01DD4FF47A744FF411
:104FA0007A7090FBF4F0401EC0B20090194A12686B
:104FB0005178184A526810786B460122FDF7B3FA0F
:104FC00010B14FF0FF30CBE79DF80000401C4FF4CC
:104FD0007A7191FBF0F081B20E48C1810146C98916
:104FE0004810FFF70AFF0020BAE738B50446094821
:104FF000807A10B94FF0FF3038BD022C06D0042C57
:105000000AD0082C0BD0102C0FD10BE00020009000
:105010000EE00000BC0100200820009008E01020F5
:10502000009005E01820009002E04FF0FF30E3E729
:1050300000BFF848407A9DF80010B0EBE10F01D1B5
:105040000020D9E7F34A1268D179F24A5268107801
:105050006B460122FDF767FA10B14FF0FF30CBE746
:105060009DF80000C110EB4841720020C4E738B53C
:105070000446E848807A10B94FF0FF3038BDFA2C6A
:1050800009D0B4F5FA7F09D0B4F57A7F09D0B4F528
:10509000FA6F0CD108E0002000900BE0082000908F
:1050A00008E01020009005E01820009002E04FF08A
:1050B000FF30E3E700BFD748007A9DF80010B0EB5F
:1050C000E10F01D10020D9E7D24A12689179D14A83
:1050D000526810786B460122FDF725FA10B14FF0A7
:1050E000FF30CBE79DF80000C010CA4908720020CD
:1050F000C4E71CB580208DF80000C64A1268917C78
:10510000C44A526810786B460122FDF70CFA10B1C0
:105110004FF0FF301CBD6420FDF7A5F800208DF88E
:105120000000BC4A1268917CBA4A526810786B46FB
:105130000122FDF7F8F910B14FF0FF30EAE7B54A68
:105140001268917DB34A526810786B460622FDF7CB
:1051500039FA10B14FF0FF30DCE79DF80500C007C9
:10516000400F9DF8031001F0010140EA41009DF855
:10517000011001F0010140EA01048CB1012C03D1BE
:105180000121A448C17430E0022C03D10021A148C0
:10519000C1742AE0A0A0FFF70AFA4FF0FF30B9E788
:1051A0009C4A1268D1789B4A526810786B4601225B
:1051B000FDF708FA10B14FF0FF30ABE79DF80000A3
:1051C00000F00F042CB99E48FFF7F1F94FF0FF30C3
:1051D000A0E7042C06D19BA0FFF7E9F901218D4837
:1051E000C17402E000218B48C174FF21894881729B
:1051F000FF2088490872FF2186484172C1724FF62C
:10520000FF71C181FF21017481740121017380F854
:105210002210002180F823104175017516300160BD
:1052200041608160163880F8241080F82510C18410
:105230004FF4FA60FFF71BFF10B14FF0FF3069E742
:105240000220FFF7D2FE10B14FF0FF3062E72A20B4
:10525000FFF7D3FD10B14FF0FF305BE73220FFF7CF
:1052600078FE10B14FF0FF3054E70020FFF790FDBB
:1052700010B14FF0FF304DE70020FFF701FC10B1F7
:105280004FF0FF3046E70020FFF795FB002041E795
:105290007CB504460D465F48807A00F0700010B976
:1052A0004FF0FF307CBD5B4A1268117B594A52684F
:1052B00010786B460622FDF785F910B14FF0FF30EC
:1052C000F0E79DF801009DF8001040EA012000B2CF
:1052D00020809DF803009DF8021040EA012000B2F2
:1052E00060809DF805009DF8041040EA012000B29E
:1052F000A08015B12846FCF7C2FF0020D2E77CB59C
:1053000004460D464348807A00F0080010B94FF07B
:10531000FF307CBD3F4A1268517B3E4A526810788C
:105320006B460622FDF74EF910B14FF0FF30F0E763
:105330009DF801009DF8001040EA012000B2208095
:105340009DF803009DF8021040EA012000B2608041
:105350009DF805009DF8041040EA012000B2A080ED
:1053600015B12846FCF78BFF0020D2E72DE9FE4F50
:1053700005460C462748807A18B94FF0FF30BDE843
:10538000FE8F244A1268917B224A5268107802AB41
:105390000222FDF717F910B14FF0FF30EFE79DF84B
:1053A00009009DF8081040EA012006B214B1204619
:1053B000FCF765FF17494968C88802F0B6FB154934
:1053C00001904968B1F9080002F0A6FB8346304617
:1053D00002F0A2FB5946009002F0A0F98246019922
:1053E00002F0D4F981461F4902F046F980464FF099
:1053F0008F4102F099F9074602F0ADFB28600020CA
:10540000BDE710B588B004461CB94FF0FF3008B0B6
:1054100010BD29E0BC010020556E737570706F726D
:1054200074656420736F6674776172652070726F43
:1054300064756374207265762025642E0A0000006E
:1054400010A6000848616C662073656E7369746904
:1054500076697479207061727420666F756E642E3F
:105460000A00000000000C42206830B9606820B9D2
:10547000A06810B9002008B010BDFA494968087842
:1054800006AB03221146FDF79DF810B14FF0FF3037
:10549000F1E79DF81800082101EB201000F00F0043
:1054A000ADF800009DF8190001EB201000F00F008E
:1054B000ADF802009DF81A0001EB201000F00F007B
:1054C000ADF8040020684100BDF90000403091FBB8
:1054D000F0F000B2ADF8100060684100BDF90200C4
:1054E000403091FBF0F000B2ADF81200A06841002E
:1054F000BDF90400403091FBF0F000B2ADF81400AB
:10550000D8494968087806AB06221146FDF75AF8D3
:1055100010B14FF0FF30AEE79DF819009DF818105C
:1055200040EA012000B2ADF808009DF81B009DF88C
:105530001A1040EA012000B2ADF80A009DF81D00E3
:105540009DF81C1040EA012000B2ADF80C00BDF837
:105550001000BDF80810084400B2ADF81000BDF806
:105560001200BDF80A10084400B2ADF81200BDF8F0
:105570001400BDF80C10084400B2ADF81400BDF8DA
:105580001000000A8DF81800BDF81000C0B28DF8A8
:105590001900BDF81200000A8DF81A00BDF81200BB
:1055A000C0B28DF81B00BDF81400000A8DF81C0075
:1055B000BDF81400C0B28DF81D00AA4949680878EA
:1055C00006AB06221146FCF7AEFF10B14FF0FF30DC
:1055D00051E700204FE70146A248007A30B1012888
:1055E00007D0022809D003280FD10AE0FA2008804A
:1055F0000EE04FF4FA7008800AE04FF47A700880E9
:1056000006E04FF4FA60088002E00020088000BF46
:1056100000BF0020704701469248407A30B101280F
:1056200007D0022808D003280CD108E00220087017
:105630000BE00420087008E00820087005E0102046
:10564000087002E04FF0FF30704700BF8548C07C13
:1056500018B108784006000E08700020F4E70146F3
:105660008048C07A082817D2DFE800F01704070A3C
:105670000D101318BC20088013E06220088010E091
:105680002A2008800DE0142008800AE00A20088003
:1056900007E00520088004E000BF00BF002008806C
:1056A00000BF00BF0020704701466E4890F82400FC
:1056B00010B14FF0FF3070476A48C0890880002061
:1056C000F9E7014600200880401E704701464FF070
:1056D000FF30704701466348007A30B1012807D097
:1056E000022808D003280CD108E05F4808600BE0CE
:1056F0005E48086008E05E48086005E05D480860B4
:1057000002E04FF0FF30704700BF0020FBE701468A
:105710005448407A30B1012808D002280AD0032822
:1057200010D10BE04FF4804008800EE041F69C70F1
:1057300008800AE04FF48050088006E04FF40060D3
:10574000088002E04FF0FF30704700BF4548C07C42
:1057500010B10888401008800020F5E70146414854
:10576000007C08700020704701463E48807A10B1E6
:105770000120087001E0002008700020704738B553
:1057800004463848807A10B94FF0FF3038BD354AAA
:105790001268117C334A526810786B460222FCF77B
:1057A00011FF10B14FF0FF30F0E79DF801009DF8B8
:1057B000001040EA012000B220800020E6E72DE939
:1057C000FE4F0746884692461D46DDF830B000265B
:1057D0000024244890F8240010B1601EBDE8FE8F1C
:1057E000002028701F48807A10B94FF0FF30F5E78D
:1057F0001C48007C10B94FF0FF30EFE71948007CDF
:1058000000F0400008B1B01CC6B21648007C00F0A1
:10581000200008B1B01CC6B21248007C00F0100095
:1058200008B1B01CC6B20F48007C00F0080008B1F7
:10583000B01DC6B20B4A1268917A0A4A52681078B3
:105840006B460222FCF7BEFE10B14FF0FF30C5E7F9
:105850009DF801009DF8001040EA0129B1450BDADE
:105860000020BBE7BC01002000000343000083428E
:105870003333034233338341FC4840684088B9EBFB
:10588000600F17DDF94A1268517CF84A52681078A7
:105890006B460122FCF796FE10B14FF0FF309DE7FA
:1058A0009DF8000000F0100020B1FFF78DF96FF0B7
:1058B000010093E75046FCF7E2FCEC4A1268D17A0B
:1058C000EA4A526810786B463246FCF77BFE10B10C
:1058D0004FF0FF3082E799FBF6F0401E8BF8000096
:1058E00000202870B4422AD0E048007C00F0080074
:1058F00028B3601C1DF800001DF8041040EA0120C8
:1059000000B2A8F80000E01C1DF80010A01C1DF853
:10591000000041EA002000B2A8F80200601D1DF856
:105920000010201D1DF8000041EA002000B2A8F878
:105930000400287840F008002870A01D84B2B4420A
:1059400013D0CA48007C00F0400070B1601C1DF804
:1059500000001DF8041040EA012000B238802878C9
:1059600040F040002870A01C84B2B44213D0BF485D
:10597000007C00F0200070B1601C1DF800001DF8D4
:10598000041040EA012000B27880287840F020001E
:105990002870A01C84B2B44213D0B448007C00F03C
:1059A000100070B1601C1DF800001DF8041040EAE2
:1059B000012000B2B880287840F010002870A01CA8
:1059C00084B200200AE7F8B504460F461646A748F9
:1059D00090F8240010B94FF0FF30F8BDA348807A4A
:1059E00010B94FF0FF30F8E7A04A1268917A9F4A49
:1059F000526810786B460222FCF7E4FD10B14FF0BC
:105A0000FF30EAE79DF801009DF8001040EA01250B
:105A1000A54203DA00203070401EDEE7934840685C
:105A20004088B5EB600F17DD904A1268517C8F4AB1
:105A3000526810786B460122FCF7C4FD10B14FF09C
:105A4000FF30CAE79DF8000000F0100020B1FFF71A
:105A5000BBF86FF00100C0E7E2B2844B1B68D97A53
:105A6000824B5B6818783B46FCF7ACFD10B14FF0F9
:105A7000FF30B2E795FBF4F0401E30700020ACE739
:105A800001467A4880F82210002070477CB5054610
:105A900076494968087801AB04220D21FCF792FD94
:105AA00008B107207CBD9DF80700C0F301109DF8E8
:105AB000041001F0E00140EAE1008DF800009DF8DB
:105AC0000700C0F381009DF8051001F0E00140EAF5
:105AD000E1008DF801009DF8070000F003009DF83B
:105AE000061001F0E00140EAE1008DF80200002418
:105AF0001CE01DF8040018B9002045F8240013E04C
:105B00005B4845F8240006E055F82400594901F0A7
:105B10000BFE45F824001DF80400401EC0B20DF82D
:105B200004000028F0D100BF601CC4B2032CE0DBED
:105B30000020B7E72DE9FE4F06460F4600256846D0
:105B4000FFF7A4FF002442E056F8240057F8241081
:105B5000A0EB010ABAF1000F01DB514601E0CAF1E6
:105B60000001084601F0D8FF83464FF08F4101F055
:105B70000DFE80465DF82400002102F061F816D089
:105B80005DF82410404601F001FE82464FF07E5140
:105B900001F0C4FD814629F0004A3748416A504669
:105BA00002F058F812D20120A04005430EE032481E
:105BB000C169404602F044F805D32F48016A4046C7
:105BC00002F048F802D20120A0400543641C032CD7
:105BD000BADB2846BDE8FE8F2DE9FC5F06460F467E
:105BE000002522494968087801AB03220D21FCF702
:105BF000E9FC10B10720BDE8FC9F9DF8040000F00F
:105C00001F008DF804009DF8050000F01F008DF8BE
:105C100005009DF8060000F01F008DF80600002426
:105C200062E056F8240057F82410A0EB010BBBF1FA
:105C3000000F01DB594601E0CBF10001084601F0FD
:105C40006BFF4FF08F41009001F0A0FD814601A84D
:105C5000005DC0B30849086801F067FF83465946F4
:105C6000064801F093FD80460FE00000BC010020D3
:105C70007B14AE3E1D5A843FE097000800B04C45AF
:105C8000FE49404601F050FD804601A8005D401EDF
:105C9000C0B201A908550028F2D14146484601F09A
:105CA00075FD83464FF07E5101F038FD82462AF0A3
:105CB000004BF3488169584601F0CCFF13D2012014
:105CC000A04005430FE0FFE7ED480169484601F0B9
:105CD000B7FF05D3EA484169484601F0BBFF02D24D
:105CE0000120A0400543641C032C9ADB284682E770
:105CF0002DE9F04F87B005460C46914601208DF8FE
:105D0000100000208DF81100DE4A1268917CDD4AF7
:105D10005268107804AB0222FCF705FC20B14FF06A
:105D2000FF3007B0BDE8F08FC820FCF79CFA0020D8
:105D30008DF81000D34A1268D17BD24A526810788D
:105D400004AB0122FCF7EFFB10B14FF0FF30E8E7A6
:105D5000CC4A12685179CB4A5268107804AB0122C0
:105D6000FCF7E1FB10B14FF0FF30DAE7C54A1268EB
:105D7000917CC44A5268107804AB0122FCF7D3FB33
:105D800010B14FF0FF30CCE7BE4A1268D17DBD4A5A
:105D90005268107804AB0122FCF7C5FB10B14FF03C
:105DA000FF30BEE7B74A12681179B64A52681078D8
:105DB00004AB0122FCF7B7FB10B14FF0FF30B0E7A6
:105DC0000C208DF81000AF4A12681179AD4A526864
:105DD000107804AB0122FCF7A6FB10B14FF0FF30A6
:105DE0009FE70F20FCF73FFAA648806A407A8DF8BB
:105DF0001000A44A12689178A24A5268107804AB45
:105E00000122FCF790FB10B14FF0FF3089E79D486D
:105E1000806A007A8DF810009A4A12685178994A7F
:105E20005268107804AB0122FCF77DFB10B14FF0F3
:105E3000FF3076E7B9F1000F07D09248806A807A88
:105E400040F0E0008DF8100004E08E48806A807A0F
:105E50008DF810008B4A126891798A4A526810783E
:105E600004AB0122FCF75FFB10B14FF0FF3058E7A5
:105E7000B9F1000F07D08348806AC07A40F0E00093
:105E80008DF8100003E07E48C07A8DF810007D4A3E
:105E90001268D1797B4A5268107804AB0122FCF772
:105EA00042FB10B14FF0FF303BE7B9F1000F02D0D9
:105EB000C820FCF7D8F940208DF81000714A12680C
:105EC0001179704A5268107804AB0122FCF72BFB61
:105ED00010B14FF0FF3024E778208DF81000694AA8
:105EE00012685179674A5268107804AB0122FCF7B6
:105EF0001AFB10B14FF0FF3013E761498889FCF7B6
:105F0000B2F900208DF810005E4A126851795D4A9E
:105F10005268107804AB0122FCF705FB10B14FF07A
:105F2000FF30FEE6574A1268917A564A5268107856
:105F300004AB0222FCF746FB10B14FF0FF30F0E655
:105F40009DF811009DF8101040EA012B0C209BFBDE
:105F5000F0F0C6B20020A86068602860A0606060B1
:105F60002060824665E0474A1268D17A454A526805
:105F7000107804AB0C22FCF725FB10B14FF0FF307A
:105F8000CFE69DF811009DF8101040EA012000B204
:105F9000ADF808009DF813009DF8121040EA0120AA
:105FA00000B2ADF80A009DF815009DF8141040EA03
:105FB000012000B2ADF80C00BDF9081020680844BB
:105FC0002060BDF90A10606808446060BDF90C10DB
:105FD000A0680844A0609DF817009DF8161040EADC
:105FE000012000B2ADF800009DF819009DF81810CE
:105FF00040EA012000B2ADF802009DF81B009DF8B8
:106000001A1040EA012000B2ADF80400BDF90010FA
:10601000286808442860BDF9021068680844686070
:10602000BDF90410A8680844A8600AF1010000F056
:10603000FF0AB24597DB1248D0F800C02868C117A4
:10604000090441EA1041070462460023384601F082
:10605000A5FA32460023CDE9020101F09FFA28603B
:106060000748D0F800C06868C117090441EA104128
:10607000070462460023384606E0000054E3853FEB
:10608000E0970008BC01002001F088FA32460023A6
:10609000CDE9020101F082FA6860FE48D0F800C044
:1060A000A868C117090441EA1041070462460023A9
:1060B000384601F073FA32460023CDE9020101F0BF
:1060C0006DFAA860F348D0F804C02168C81700042E
:1060D00040EA11480F04624600233846414601F069
:1060E0005DFA32460023CDE9020101F057FA206043
:1060F000E848D0F804C06068C117090441EA1041BB
:10610000070462460023384601F048FA324600236D
:10611000CDE9020101F042FA6060DE48D0F804C027
:10612000A068C117090441EA104107046246002330
:10613000384601F033FA32460023CDE9020101F07E
:106140002DFAA060A068002804DDA068A0F58030CA
:10615000A06003E0A06800F58030A0600020E0E5CA
:1061600038B50446CC4890F82400A04201D1002064
:1061700038BD24B3C84890F8250010B94FF0FF305F
:10618000F6E70020FEF75AFB0020FEF779FCC24933
:10619000C88CFEF7DEFE00200090BF4949680878F1
:1061A0006B4601222321FCF7BEF90121BA4880F891
:1061B00024100120FEF742FBFEF706FD13E000204D
:1061C000FEF73CFBB448007C0090B349496808786E
:1061D0006B4601222321FCF7A6F90021AE4880F886
:1061E0002410FEF7F1FC0020C2E72DE9F04F8DB03E
:1061F00083460F4602200C90A74890F8240020B157
:106200000020FFF7ADFF012600E0002603A8FFF7FE
:10621000E2F905A8FFF7FFF901A8FFF720FA02A8A5
:10622000FFF742FA9C4890F80AA004A8FFF796FAF4
:10623000002407E0002239465846FFF759FD00B90F
:1062400002E0641C022CF5DB00BF022C01D100250A
:1062500028E0002407E0012206A909A8FFF748FD6D
:1062600000B902E0641C022CF5DB00BF022C01D156
:10627000002517E006A93846FFF75CFC00F0FF0890
:1062800009A95846FFF7A8FC00F0FF090025B9F15D
:10629000000F01D145F00105B8F1000F01D145F023
:1062A000020500BFFF207C490872FF217A48417235
:1062B000C1724FF6FF71C181FF218172017401210A
:1062C0000173BDF80C00FEF7D2FE9DF81400FEF736
:1062D0008CFEBDF80400FEF790FDBDF80800FEF747
:1062E00038FE5046FEF767FB9DF81000FEF750FDA4
:1062F00016B10120FFF734FF28460DB0BDE8F08F3E
:10630000F8B504460D46164616B94FF0FF30F8BDF5
:106310006148807A10B94FF0FF30F8E720128DF80D
:106320000000E0B28DF801009DF8010028445A49B0
:1063300049684989884202DD4FF0FF30E7E7564A55
:106340001268117E544A526810786B460222FCF79C
:10635000EAF810B14FF0FF30D9E7EAB24E4B1B68B4
:10636000597D4D4B5B6818783346FCF7DCF810B16B
:106370004FF0FF30CBE70020C9E7F8B504460D46E3
:10638000164616B94FF0FF30F8BD4348807A10B971
:106390004FF0FF30F8E720128DF80000E0B28DF8E2
:1063A00001009DF8010028443B4949684989884219
:1063B00002DD4FF0FF30E7E7374A1268117E364AB8
:1063C000526810786B460222FCF7ADF810B14FF01E
:1063D000FF30D9E7EAB2304B1B68597D2E4B5B6822
:1063E00018783346FCF7EEF810B14FF0FF30CBE7EA
:1063F0000020C9E72DE9F04385B005460E469046DA
:106400009946254890F8250020B14FF0FF3005B09F
:10641000BDE8F08316B94FF0FF30F8E7002423E021
:10642000281B102801DD102000E0281B87B232193C
:1064300039462046FFF764FF10B14FF0FF30E6E722
:1064400001AA39462046FFF798FF10B14FF0FF3000
:10645000DDE730193A4601A901F001F910B16FF0FA
:106460000100D4E7E01984B2AC42D9DB4FEA28201E
:106470008DF8000008F0FF008DF80100064A126850
:10648000917E054A526810786B460222FCF74BF861
:1064900038B103E0E0970008BC0100204FF0FF3066
:1064A000B5E701218A4880F82510A0F82690002041
:1064B000ADE70146864890F8240008700020704738
:1064C00002464FF0FF30704701464FF0FF307047F3
:1064D000F8B505460F461446002C70D0B5F5FF5FA1
:1064E00001DDFF2605E0202D01DA012601E0C5F3DC
:1064F000471607B90127282C02DD4FF0FF30F8BD01
:106500007348407D28BB724890F8240038B10020C1
:10651000FFF726FE01216E4880F8201003E00021DD
:106520006B4880F820106A481630FFF754F8684826
:106530001830FFF770F866481A30FFF790F8644893
:106540001C30FFF7B1F86248817A81771F30FFF77E
:1065500005F90020FEF772F90020FEF78DFC0020FF
:106560008DF800005A4A12689178594A526810789A
:106570006B460122FBF7D7FF10B14FF0FF30BEE7AB
:1065800040208DF80000524A1268D17B504A526870
:1065900010786B460122FBF7C6FF00B165E08DF86D
:1065A00000608DF801704A4A1268117A484A5268B0
:1065B00010786B460222FBF7B6FF08B155E047E0C2
:1065C0000520FBF750FE4248407A072101EBC0004E
:1065D000C0B28DF800003E4A1268D1793C4A526838
:1065E00010786B460122FBF79EFF00B13DE02020B2
:1065F0008DF80000012C03D100208DF801000EE081
:10660000052C03DC01208DF8010008E0142C03DCCC
:1066100002208DF8010002E003208DF801009DF8B2
:106620000100072101EB8010C0B28DF80100284A5B
:106630001268917C264A526810786B460222FBF75A
:1066400072FF00B111E0012121484175002056E799
:106650001F4A1632002103E0505C00B105E0491CDE
:106660000C29F9D34FF0FF3049E7FF201849087291
:10667000FF2117484172C1724FF6FF71C181FF219E
:1066800081720174012101730146887FFEF793F93D
:106690000F49C88AFEF7EBFC0D49087EFEF7A5FC02
:1066A0000B49488BFEF7A9FB0949888BFEF751FC83
:1066B0000749C87FFEF76CFB054890F8200010B131
:1066C0000120FFF74DFD002101484175002016E72C
:1066D000BC01002010B5C8234FF48062F74940F692
:1066E000F630FFF787FE10BD10B586B00446F4A063
:1066F00000680390F3A000680290F3A00068019086
:10670000F2A00068009004F0030003A9085C8DF873
:10671000140003A8C4F3C101405C8DF8150003A860
:10672000C4F38111405C8DF8160004F0030002A947
:10673000085C8DF8100002A8C4F3C101405C8DF81C
:10674000110002A8C4F38111405C8DF8120005AA63
:10675000032140F22640FFF7D3FD18B14FF0FF3080
:1067600006B010BD04AA032140F22A40FFF7C8FD7D
:1067700010B14FF0FF30F3E70198059000980490B6
:1067800004F0040058B19DF8140040F001008DF8A9
:1067900014009DF8100040F001008DF8100004F086
:1067A000200058B19DF8150040F001008DF815004B
:1067B0009DF8110040F001008DF8110004F4807084
:1067C00058B19DF8160040F001008DF816009DF8B4
:1067D000120040F001008DF8120005AA03214FF4C9
:1067E0008860FFF78DFD10B14FF0FF30B8E704AAC5
:1067F000032140F23140FFF783FD10B14FF0FF302D
:10680000AEE7B34804810020AAE71FB50446B048AC
:10681000007A00F0030054F820000190AC48007AA0
:1068200000F0040010B1019840420190A848007A9D
:10683000C0F3C10054F820000290A548007A00F08F
:10684000200010B1029840420290A148007AC0F3A3
:10685000811054F8200003909D48008900F4807056
:1068600010B10398404203909A49019880FB0101BE
:10687000800F40EA810001909649029880FB011048
:10688000820042EA917002909249039880FB0110C5
:10689000820042EA917003900198000E8DF800008A
:1068A0000198000C8DF801000198000A8DF8020093
:1068B0000198C0B28DF803006A4604214FF4747049
:1068C000FFF71EFD18B14FF0FF3004B010BD029865
:1068D000000E8DF800000298000C8DF8010002985F
:1068E000000A8DF802000298C0B28DF803006A46D3
:1068F00004214FF47570FFF703FD10B14FF0FF3026
:10690000E3E70398000E8DF800000398000C8DF863
:1069100001000398000A8DF802000398C0B28DF8B8
:1069200003006A4604214FF47670FFF7E9FCCCE7D8
:1069300070B588B0064601A8FEF7E9FEBDF8040070
:106940000021C90341EA5045C4036148007A00F0C0
:10695000030056F8200005905D48007A00F004001E
:1069600010B10598404205905948007AC0F3C10023
:1069700056F8200006905648007A00F0200010B12A
:106980000698404206905248007AC0F3811056F8AB
:10699000200007904E48008900F4807010B10798DD
:1069A000404207900598C117A0FB042301FB043166
:1069B00000FB0510810041EA927005900698C1170E
:1069C000A0FB042301FB043100FB0510810041EA18
:1069D000927006900798C117A0FB042301FB0431B5
:1069E00000FB0510810041EA927007900598000EA7
:1069F0008DF808000598000C8DF809000598000A2C
:106A00008DF80A000598C0B28DF80B000698000EAC
:106A10008DF80C000698000C8DF80D000698000A01
:106A20008DF80E000698C0B28DF80F000798000E82
:106A30008DF810000798000C8DF811000798000AD7
:106A40008DF812000798C0B28DF8130002AA0C212D
:106A50004FF42570FFF754FC08B070BD30B585B019
:106A600004461DA207CA02AB07C3C82C03DD4FF0C2
:106A7000FF3005B030BDC82090FBF4F0401E85B259
:106A8000280A8DF80000E8B28DF801006A4602215C
:106A900040F21620FFF734FC10B14FF0FF30E8E76A
:106AA00002AA0C2140F6C120FFF72AFC10B14FF0DA
:106AB000FF30DEE7064884810020DAE70898000806
:106AC0004CCD6C000CC92C0036567600264666006C
:106AD0006003002009E3CA02FEF2ABC4AAF1DFDFC3
:106AE000BBAFDFDF0146FC4880890880002070478B
:106AF0002DE9FC4706460F4606F0070010B1B7F532
:106B0000C86F03DD4FF0FF30BDE8FC87384601F069
:106B10000CF88146F14900F039FE80466846FEF7E0
:106B20007AFD9DF80000022806D0042816D0082817
:106B300026D0102848D135E04FF08D41404600F076
:106B4000F3FD814601F020F884B2E549404600F0AB
:106B5000EBFD814601F018F885B238E04FF08C412A
:106B6000404600F0E1FD814601F00EF884B2DD49B7
:106B7000404600F0D9FD814601F006F885B226E0D6
:106B80004FF08B41404600F0CFFD814600F0FCFF06
:106B900084B2D549404600F0C7FD814600F0F4FFBD
:106BA00085B214E04FF08A41404600F0BDFD8146B9
:106BB00000F0EAFF84B2CD49404600F0B5FD8146C1
:106BC00000F0E2FF85B202E04FF0FF309CE700BF2B
:106BD00020128DF80400E0B28DF8050028128DF81F
:106BE0000600E8B28DF8070006F00100A0B101AA86
:106BF00002214FF4EA70FFF783FB10B14FF0FF3032
:106C000082E70DF1060202214FF49270FFF778FB44
:106C100010B14FF0FF3077E706F00200A0B101AAF3
:106C200002214FF4EC70FFF76BFB10B14FF0FF3017
:106C30006AE70DF1060202214FF49470FFF760FB42
:106C400010B14FF0FF305FE706F00400A0B101AAD9
:106C500002214FF4EE70FFF753FB10B14FF0FF30FD
:106C600052E70DF1060202214FF49670FFF748FB40
:106C700010B14FF0FF3047E7002045E738B5044634
:106C80000020009004F0010020B19DF8000040F0C9
:106C90003000009004F0020020B19DF8000040F0A8
:106CA0000C00009004F0040020B19DF8000040F0BA
:106CB000030000906A4601214FF4A470FFF720FB07
:106CC00038BD38B50446012C01DA012402E0042C59
:106CD00000DD0424601EC0B200906A46012140F22B
:106CE0004F10FFF70DFB38BD38B50446052094FB67
:106CF000F0F085B228128DF80000E8B28DF801009E
:106D00006A4602214FF4EF70FFF7FAFA38BD38B542
:106D10000446052094FBF0F085B228128DF800009F
:106D2000E8B28DF801006A4602214FF4ED70FFF7DA
:106D3000E7FA38BDF8B505460E464FF47A7095FB74
:106D4000F0F000FB06F4200E8DF80000200C8DF80A
:106D50000100200A8DF80200E0B28DF803006A46B7
:106D600004214FF4AE70FFF7CBFAF8BD38B50446F6
:106D7000052094FBF0F084B220128DF80000E0B200
:106D80008DF801006A4602214FF4AD70FFF7B8FAA2
:106D900038BD38B50446052094FBF0F084B22012CB
:106DA0008DF80000E0B28DF801006A4602214FF430
:106DB000AC70FFF7A5FA38BD38B5044614B94FF0EA
:106DC000FF3038BD6A4604214FF45870FFF7D5FAFA
:106DD00010B14FF0FF30F4E79DF8000000069DF879
:106DE000011040EA01409DF8021040EA01209DF8A0
:106DF0000310084320600020E3E738B50446200E66
:106E00008DF80000200C8DF80100200A8DF802009A
:106E1000E0B28DF803006A4604214FF45870FFF782
:106E20006FFA38BD38B5044614B94FF0FF3038BD9D
:106E30006A4604214FF47170FFF79FFA10B14FF0CA
:106E4000FF30F4E79DF8000000069DF8011040EACD
:106E500001409DF8021040EA01209DF8031008430C
:106E600000EB8000800020600020E0E738B5044699
:106E70001420B4FBF0F4200E8DF80000200C8DF8E7
:106E80000100200A8DF80200E0B28DF803006A4686
:106E900004214FF47170FFF733FA38BD38B504465A
:106EA00064B120208DF8000028208DF801003020EA
:106EB0008DF8020038208DF8030004E0A32204219D
:106EC000684600F0AEFB6A46042140F69E20FFF7BC
:106ED00017FAFDF779FE38BD600300200000484333
:106EE000000040460000C045000040450000C0448E
:106EF00038B5044664B1C0208DF80000C2208DF87A
:106F00000100C4208DF80200C6208DF8030004E0C3
:106F10008B220421684600F084FB6A46042140F677
:106F20009820FFF7EDF9FDF74FFE38BD3EB504465A
:106F30006CB1FDA1D1E900208968CDE90020029162
:106F40006A4609214FF49760FFF7DAF93EBDF9A2CE
:106F5000D2E900109268CDE9010200916A46092148
:106F60004FF49760FFF7CCF9F0E73EB504460220F6
:106F70008DF80000CA208DF80100E3208DF8020092
:106F800009208DF803006A4604216820FFF7B8F94C
:106F9000A3208DF8000004F0400048B1C0208DF817
:106FA0000100C8208DF80200C2208DF8030006E021
:106FB000A3208DF801008DF802008DF8030004F481
:106FC000C07048B1C4208DF80400CC208DF80500B5
:106FD000C6208DF8060006E0A3208DF804008DF889
:106FE00005008DF80600A3208DF807008DF8080035
:106FF0008DF809006A460A2140F6A720FFF780F9BC
:1070000004F0030018B120208DF8000002E0D82021
:107010008DF800006A46012140F6B620FFF770F9AE
:1070200004F0200018B10120FFF780FF02E00020EB
:10703000FFF77CFF04F4C07008B304F4807060B103
:10704000B2208DF800008B208DF80100B6208DF85D
:1070500002009B208DF803000BE0B0208DF80000AB
:1070600080208DF80100B4208DF8020090208DF86A
:1070700003006A46042140F6A220FFF741F904F01C
:10708000010020B3F8208DF800006A4601214FF47A
:107090000B60FFF735F9FA210720FFF729FD0720DC
:1070A000FFF7ECFD0120FFF70CFE6420FFF71CFE4C
:1070B0004FF4FA70FFF72BFEC821A148FFF73AFE04
:1070C0002820FFF753FE0A20FFF763FE08E0D820D0
:1070D0008DF800006A4601214FF40B60FFF710F9AC
:1070E00004F0020018B1D9208DF8000002E0D82089
:1070F0008DF800006A46012140F23D70FFF700F96B
:1071000004F0040018B10120FFF7F2FE02E00020B5
:10711000FFF7EEFE04F0100018B10120FFF7BEFEED
:1071200002E00020FFF7BAFE44F0080085494881DC
:10713000FDF74AFD00208349887304F0400018B130
:107140000846807B801D887304F4C07020B17D48A0
:10715000807B801D7B49887304F0140020B179483E
:10716000807B10307749887304F0030020B17548A4
:10717000807B001D7349887300203EBD0146714825
:1071800040890880002070472DE9F0410446E078EE
:1071900000F0C006E07800F03F05607800F00100E4
:1071A00098B1EF102846E91705EB5171C910A5EB0E
:1071B000C101491C01F0FF086248006820B1614824
:1071C000414602683846904700BF607800F00800EA
:1071D00030B15C48406818B1B0115A4A51688847CC
:1071E0000020BDE8F08110B586B0044656A207CA5B
:1071F00003AB07C357A207CA8DE80700012C09D0CB
:10720000022C0ED103AA0B2140F68220FFF778F85A
:1072100006B010BD6A460B2140F68220FFF770F8D9
:10722000F6E74FF0FF30F3E72DE9F04F8DB007465A
:10723000884615469946DDE9166B0024002030800B
:107240004049887B5A4605A9FEF7BDFB18B1601E70
:107250000DB0BDE8F08F3B48807A00F014000028A4
:1072600061D09DF8140000069DF8151040EA014019
:107270009DF8161040EA01209DF817100843286079
:107280009DF8180000069DF8191040EA01409DF88D
:107290001A1040EA01209DF81B10084368609DF811
:1072A0001C0000069DF81D1040EA01409DF81E10CC
:1072B00040EA01209DF81F100843A8609DF82000B7
:1072C00000069DF8211040EA01409DF8221040EA96
:1072D00001209DF823100843E86004F11000C4B2B7
:1072E000286800140190686800140290A8680014CF
:1072F0000390E8680014049001984043029901FB50
:107300000100039901FB0100049901FB010ABAF194
:10731000706F02DBBAF1885F22DDFDF755FC0020BB
:107320003080401E94E721E0B8AAB38DB4980D35A3
:107330005D000000B8AAAAAAB088C3C5C7000000B3
:1073400009E3CA0260030020D8B1B9F38BA391B658
:1073500009B4D900DAB1B9F38BA391B6DAB4DA0083
:10736000B6F9000040F48070308000BF7848807A21
:1073700000F0400020B305A9601C085C095D40EAEC
:10738000012000B2A8F8000005A9E01C095C05AACC
:10739000A01C105C41EA002000B2A8F8020005A978
:1073A000601D095C201D105C41EA002000B2A8F8B5
:1073B0000400A01DC4B2B6F9000040F008003080FF
:1073C0006348408900F4C07008B305A9601C085CDC
:1073D000095D40EA012000B2388005A9E01C095C83
:1073E00005AAA01C105C41EA002000B2788005A923
:1073F000601D095C201D105C41EA002000B2B880CD
:10740000A01DC4B2B6F9000040F0700030805048B2
:10741000807A00F0030018B105A90819FFF7B4FE3F
:107420004846FAF72CFF002012E701464848016061
:1074300000207047014646484160002070470146E1
:1074400091F90020002A01DD00201EE091F90020C2
:10745000002A01DA042018E091F90120002A01DD58
:10746000012012E091F90120002A01DA05200CE048
:1074700091F90220002A01DD022006E091F90220A4
:10748000002A01DA062000E00720704770B50546A3
:107490002846FFF7D4FF0446E81CFFF7D0FF44EA74
:1074A000C00084B2A81DFFF7CAFF44EA801084B26E
:1074B000204670BD70B588B002A905A8FEF795FEFC
:1074C0000446032C3FD101A8FEF704F9059800F00B
:1074D00023FB0646019900F027F9054600F03BFB27
:1074E0000590069800F018FB0646019900F01CF97B
:1074F000054600F030FB0690079800F00DFB0646AD
:10750000019900F011F9054600F025FB079005A848
:10751000FFF77BF96846FEF7FAF8BDF8001002980D
:1075200048430290BDF80010039848430390BDF80B
:10753000001004984843049002A8FFF7F9F905A049
:10754000FDF735F802E00CA0FDF731F808B070BD8A
:107550006003002073657474696E672062696173EB
:107560002073756363657366756C6C79202E2E2E9F
:107570002E2E2E0A0000000062696173206861737C
:10758000206E6F74206265656E206D6F6469666938
:107590006564202E2E2E2E2E2E0A00002DE9F0419D
:1075A0000024061B254671F1000605DA0124002798
:1075B000D0EB070067EB0101161E73F1000605DA38
:1075C0000027D2EB0702012567EB030300F062FB03
:1075D00086460E4617469C46AC4204D00025D0EBAA
:1075E000050E65EB010624B10020D2EB000760EB2D
:1075F000030C704631463A466346BDE8F08140EAE6
:1076000001039B0703D009E008C9121F08C0042A20
:10761000FAD203E011F8013B00F8013B521EF9D207
:107620007047D2B201E000F8012B491EFBD270472F
:107630000022F6E710B513460A4604461946FFF73E
:10764000F0FF204610BD421E12F8013F002BFBD177
:1076500011F8013B02F8013B002BF9D1704730B51E
:1076600004460020034600E05B1C934203D2E05C2A
:10767000CD5C401BF8D030BDF0B480EA0102D40FDD
:107680004200B2EB410F02D20246084611464A00C0
:1076900042D0C30DDDB2C1F3C752AD1A202D35DA89
:1076A000C1F3160141F4000204B15242C5F12006B3
:1076B00002FA06F12A411044B3EBD05F23D0C4B1E3
:1076C000012DA0EBC35009DCF0BC4FF0004202EAF0
:1076D000C352DBB200F5000000F037BB400000F100
:1076E000807000EBC350A0F1807040EAD170490077
:1076F00009E0490841EAC071A0EBC35000F5000061
:10770000400800EBC350F0BC00F016BB6142012200
:1077100002EB4101001BF6E7F0BC704781F000412D
:10772000AAE780F00040A7E780EA010210B502F066
:107730000043400022D04A001FD0010E01EB12612D
:10774000C0F35600C2F3560240F4000042F40002B7
:10775000A0FB022000047F39140400D0401C50EA32
:10776000124001D44000491EC2B20C0604EBD010F6
:10777000401C4008802A02D003E0002010BD20F009
:107780000100002900DA0020184310BD30B480EA5F
:10779000010202F0004530F0004221F0004013D019
:1077A00090B1C30DD40DC2F31601C0F31600E41A54
:1077B00041F4000140F400027D34914201D3641C85
:1077C00000E04900002C02DA30BC002070474FF482
:1077D00000000023914201D3891A034340084FEA75
:1077E0004101F7D151B1914202D14FF0004105E082
:1077F00002D24FF0010101E06FF0010103EBC45030
:10780000284430BC00F098BA2DE9FE4F804681EA4A
:107810000300C00F0C46009021F0004123F000450A
:10782000B8EB0200A94105D24046214690461C46CD
:107830000B46024623F00040104347D0270DC7F304
:107840000A00C3F30A510290401A019040286BDAF3
:10785000C3F3130040F4801B0098924620B100232C
:10786000D2EB030A63EB0B0B01985946C0F14002BF
:10787000504600F040FA06460D4650465946019AD9
:1078800000F048FA10EB08006141002487EA115229
:1078900084EAE7731A4340D0009A62B3019A012A3E
:1078A0004FEA075215DC001B61EB02014FF000426A
:1078B00002EA0752CDE90042001C41F58011324630
:1078C0002B4600F07FFA03B0BDE8F08F404621461A
:1078D000F9E7001B61EB0201001C41F58013001861
:1078E0005B412018A2F5001747EB030140EAD57071
:1078F000B6196D4111E06D084FEA360645EAC075CC
:107900004FEA0752001B61EB0201001C41F5801198
:1079100049084FEA30000019514132462B4603B066
:10792000BDE8F04F00F03FBA00980122400000236C
:10793000D0EB020263EBE073009821464FEAE0745B
:10794000B8EB000061EB0401E9E783F000435BE77B
:1079500081F0004158E72DE9FE4F81EA030404F06D
:10796000004421F0004100944FF0000B23F000434D
:1079700050EA01045ED052EA03045BD0C3F30A5418
:10798000C1F30A552C44A4F2F3340194A0FB025431
:10799000C1F3130141F48011C3F3130343F48013C3
:1079A00001FB024400FB034E840A970A44EA815417
:1079B00047EA8357A4FB076802958D0A05FB0785F4
:1079C0004FEA932C04FB0C542705029D4FEA0658FE
:1079D00047EA1637B5EB08056EEB070C870E920EDB
:1079E00047EA811742EA8312A7FB0201B6EB0B01BB
:1079F00064EB00042B0D43EA0C335E1844EB1C507F
:107A0000DA465146E7FB0201C5F313044FEA0B3394
:107A100043EA14534FEA0432019C43EA0603A4F1FB
:107A20000C040294009CCDE900B400F0CBF903B043
:107A3000BDE8F08F00200146F9E72DE9F04D81EA1D
:107A4000030404F0004B21F0004514464FF0000AF7
:107A500023F0004150EA050220D054EA01021DD073
:107A6000C5F30A570246C5F31303C1F31300C1F36C
:107A70000A5640F4801543F48013A7EB0608101B48
:107A8000D64608F2FD3873EB050002D308F1010871
:107A900001E092185B41B8F1000F03DA00200146C3
:107AA000BDE8F08D00204FF48011064684460EE0BC
:107AB000171B73EB050705D3121B63EB0503064386
:107AC0004CEA010C49084FEA300092185B4150EA39
:107AD0000107EDD152EA030012D082EA040083EAE2
:107AE0000501084305D0101BAB4106D2012200233B
:107AF00006E000224FF0004302E06FF00102531055
:107B00001AEB06004CEB085110EB0A0041EB0B019D
:107B1000BDE8F04D00F047B9C10F80EAE0700844BD
:107B2000CA079623002100F010B9962300221146BF
:107B300000F00BB90EB5C10F80EAE0700844CA0727
:107B4000002140F233438DE80E000A460B4600F058
:107B500039F903B000BD00F0004220F00040C10D33
:107B6000C0F3160040F400007F2901DA00207047BE
:107B7000962903DCC1F19601C84001E0963988409E
:107B8000002AF4D04042704720F00040C10DC0F3FD
:107B9000160040F400007F2901DA00207047962982
:107BA00003DCC1F19601C8407047963988407047A0
:107BB00000F0004230F000400AD0C10D01F56071C4
:107BC000C0F3160042EA0151C20840071143704752
:107BD000002001467047000030B5041E71F100041A
:107BE00004DB4FF00044404264EB0101141E73F1CA
:107BF000000405DB1C464FF00043524263EB0403D4
:107C00008B4208BF824230BD01F0004330B421F006
:107C1000004150EA010206D00A0DA2F56072C1F3DC
:107C20001301002A02DC30BC00207047440F44EAF4
:107C3000C104C100E01830BC00EBC25000F07CB8B9
:107C4000002801DBC0F10040002901DBC1F1004147
:107C500081427047002801DBC0F10040002901DBB0
:107C6000C1F100418842704730B50B460146002003
:107C70002022012409E021FA02F59D4205D303FAEE
:107C800002F5491B04FA02F52844151EA2F101026F
:107C9000F1DC30BD2DE9F05F0546002092469B46A1
:107CA00088460646814640241BE028464146474612
:107CB000224600F02FF953465A46C01A914110D37C
:107CC00011461846224600F016F82D1A67EB0108F7
:107CD0004F4622460120002100F00DF817EB000965
:107CE0004E41201EA4F10104DFDC484631462A46FD
:107CF0004346BDE8F09F202A04DB203A00FA02F157
:107D0000002070479140C2F1200320FA03F3194389
:107D100090407047202A06DBCB17203A41FA02F048
:107D200043EAE07306E041FA02F3D040C2F12002D8
:107D300091400843194670470029A8BF7047401C6E
:107D4000490008BF20F00100704710B4B0FA80FC71
:107D500000FA0CF050EA010404BF10BC704749B1AE
:107D6000CCF1200421FA04F411FA0CF118BF01211E
:107D700021430843A3EB0C01CB1D4FEA00614FEAFE
:107D8000102042BF002010BC704700EBC3501044CD
:107D90000029A4BF10BC7047401C490008BF20F058
:107DA000010010BC704710B5141E73F1000408DA0E
:107DB000401C41F1000192185B411A4301D120F0AF
:107DC000010010BD2DE9F04D92469B4611B1B1FA6C
:107DD00081F202E0B0FA80F220329046FFF78BFF8A
:107DE00004460F4640EA0A0041EA0B0153465A4650
:107DF000084313D0114653EA010019D0C8F14002DC
:107E0000504600F087F805460E4650465946424611
:107E1000FFF771FF084305D0012004E020463946F2
:107E2000BDE8F08D0020054346EAE0762C43374359
:107E30000A986305E40AA0EB08000022FD0A44EA60
:107E400047540A3002D500200146E9E70105101920
:107E50006941DDE9084500196941BDE8F04DA2E737
:107E600070B521F0004303430CD0C1F30A55002440
:107E7000D5EB040564EB0403D617AD1AB34102DB5E
:107E80000020014670BD201841EB025170BDC1F3C6
:107E90000A52C1F3130140F2FF3341F480119A42B8
:107EA00002DA00200146704740F233439A42A2F2C0
:107EB000334202DC524200F02DB8FFF71CBF000035
:107EC00030B5041E71F1000404DB4FF00044404261
:107ED00064EB0101141E73F1000405DB1C464FF036
:107EE0000043524263EB0403994208BF904230BD05
:107EF000064C074D06E0E06840F0010394E80700F7
:107F000098471034AC42F6D3F8F7F4F860A60008AE
:107F100080A60008202A04DB203A21FA02F0002182
:107F2000704721FA02F3D040C2F120029140084389
:107F3000194670472DE9F04D00231A461B1A8A4155
:107F400003DB00200146BDE8F08DC1F30A52C1F306
:107F5000130141F480154FF0000BD10702D1001836
:107F60006D41521E0027044640F2FF11384601EBD6
:107F7000620A3E468046024600204FF48011FFF719
:107F8000C9FFC2197141BB1846EB0100B4EB030CE9
:107F900075EB000C04D3E41A65EB000517460E469A
:107FA000241908F101006D4180463428E3DDF919F8
:107FB00046EB0600091BA84103D24FF0FF321346DF
:107FC00001E0002213461BEB070046EB0A51BDE817
:107FD000F04DFFF7E8BE0EB540F2334102910021AB
:107FE000CDE900110A460B46FFF7ECFE03B000BDD9
:107FF00070B5C1F30A5201F000450024C1F313012A
:1080000040F2FF3341F480119A4201DA002070BD42
:1080100040F233439A42A2F2334203DC5242FFF76A
:1080200079FF00E090402C43F1D0404270BD70B524
:108030008C1810F8015B15F0070301D110F8013B13
:108040002A1106D110F8012B03E010F8016B01F89A
:10805000016B5B1EF9D12B0705D40023521E0DD4F2
:1080600001F8013BFAE710F8013BCB1A921C03E040
:1080700013F8015B01F8015B521EF9D5A142D8D378
:10808000002070BD0FB4084B10B504A902AA0398D4
:1080900000F01AFC044602A9002000F0ACFF2046C4
:1080A00010BC5DF814FB0000F78F0008490050EA8F
:1080B000C12018BF04204A0D18BF40F0010040F253
:1080C000FF72B2EB515F08BF40F00200012808BF09
:1080D000052070472DE9F74F144694B00021C4E9FC
:1080E00002111599079121F00045C9498D4206DC1E
:1080F0001599C4E9000117B00020BDE8F08FC5490B
:10810000DFF814A3A9423CDD0799C44E0029C44FEF
:10811000C44A1599534619DDFFF717FC554506D09B
:10812000C14AC24BFFF711FCC4E900010AE04FF05D
:10813000D352BE4BFFF709FC32463B46FFF705FC26
:10814000C4E9000117B00120BDE8F08FFFF75CFB28
:10815000554506D0B44AB54BFFF756FBC4E90001BC
:108160000AE04FF0D352B14BFFF74EFB32463B468D
:10817000FFF74AFBC4E9000117B04FF0FF30BDE83C
:10818000F08FAB49A942159978DB21F00041834675
:108190008846A84AA84BFFF7DEFB0022A74BFFF753
:1081A00033FBFFF725FF0990FFF7C4FC06460F4697
:1081B0009C4A5346FFF7CFFB43465A46FFF7C8FB9E
:1081C00080468A46984A994B30463946FFF7C3FBAA
:1081D0002A0D01250B9242465346FFF7B9FB032DAA
:1081E000C4E9000139D00B98C1F30A51401A05EBDC
:1081F00045111139814230DA9148C346784400EB89
:108200000510CDF80CA00C90D0E90023304639467B
:10821000FFF7A1FB02460B460491069058460399CE
:10822000FFF793FB80468A4602460B465846039961
:10823000FFF78BFB049B069AFFF787FB83460C989E
:1082400003913946D0E902233046FFF784FB5A46B2
:10825000039BFFF77AFB6D1CBDE707980028A2BFC0
:10826000099817B0BDE8F08F616881F00041616046
:10827000099817B04042BDE8F08FFFE78446159893
:10828000C1F31301C0F30A50A0F2F5304FEA6018B1
:1082900000F01F06C6F12000139000200690079002
:1082A00041F4801E05206D4676B1664A08EB000158
:1082B0007A4452F8213002EB8101B3404A681399A5
:1082C00022FA01F1194305E05F4908EB0002794405
:1082D00051F82210A1FB0E27A1FB0C131A449A425D
:1082E00034BF0123002303EB070A05EB8003D3E926
:1082F00001B70F448F4234BF0121002193448B44C6
:1083000011B1934502D903E0934501D2012100E068
:108310000021C3E901B7514445F82010011EA0F126
:108320000100C1DC0298059F00F10050800F1290FF
:108330000298DDE903568000FFF7FCFB83462846E0
:108340000D91FFF748FE6FF01D02FFF789FDCDE9A3
:108350000E013046FFF73FFE6FF03D02FFF780FD54
:1083600080468A463846FFF736FE6FF05D02FFF71B
:1083700077FD0746424653461191FFF745FADDE97E
:108380000E23FFF741FA5A460D9BFFF73DFA0025F1
:108390000E465A4628460D9BFFF7D7FADDE90E2315
:1083A000FFF7D3FA42465346FFF7CFFA3A46119BFE
:1083B000FFF7CEFADFF898A0244A5346FFF7CBFA2E
:1083C00007468846234A244B31462846FFF7C3FA1E
:1083D0003A464346FFF718FA074688464FF0A84248
:1083E000534631462846FFF7B6FA3A464346FFF76A
:1083F0000BFA159A12F0004F04D0129A81F0004146
:1084000052421292C4E90001129817B0BDE8F08FF1
:10841000FB21E93F7CD90240FB21F93F7370032E19
:108420008A19A33B000040543163621A61B4D03D05
:10843000FB21394183C8C96D305FE43F0000E03F54
:10844000202300009C2200007E220000182D4454AE
:10845000FB21F93D3326A611460B113C2DE9FF4DBA
:1084600021F0004807460C46B8F1795F08DAFFF7BB
:10847000BFFD002801BF0020324904B0BDE8F08DE7
:108480003A46234610461946FFF765FA0546024666
:108490002D480E460B460621784400F05DF82A462A
:1084A0003346FFF758FADDE9022382468B46384609
:1084B0002146FFF750FA04460F4652465B462846CF
:1084C0003146FFF748FA22463B46FFF73EFA074699
:1084D0008A464FF0FF3228463146FFF7C1FC1B4A5F
:1084E00090450ADA3A465346FFF72FFA04B00022C5
:1084F000BDE8F04D134BFFF72BBA154A4245A8BF14
:10850000A8F500154FF00004B8BF124D22462B46C7
:10851000FFF71BFA0646884622462B4600200949EB
:10852000FFF713FA04460D463A4653463046414695
:10853000FFF70BFA04B022462B46BDE8F04DFFF7DB
:1085400007BA00000000F03F4C2000003333D33F57
:108550000000E93F0000D23F2DE9F0414F1E00EB43
:10856000C7010446D1E9000115461E4637F0060250
:108570000DD02A463346FFF7EEF97F1E04EBC70302
:10858000D3E90023FFF740F937F00602F1D1022FBB
:1085900025D0042F13D0062F18BFBDE8F0812A463E
:1085A0003346FFF7D8F9D4E90A23FFF72DF92A4615
:1085B0003346FFF7D0F9D4E90823FFF725F92A4617
:1085C0003346FFF7C8F9D4E90623FFF71DF92A4619
:1085D0003346FFF7C0F9D4E90423FFF715F92A461B
:1085E0003346FFF7B8F9D4E90223FFF70DF92A461D
:1085F0003346FFF7B0F9D4E90023BDE8F041FFF7B7
:1086000003B900002DE9FF4D054621F0004084B07C
:108610000C46B0F1795F0BDA2846FFF747FD0428D6
:1086200008BF00F071F8284608B02146BDE8F08D7B
:108630002A460B461046FFF78EF906460F462A4695
:108640002346FFF788F9804626488A4632463B464D
:1086500005217844FFF780FF83461098029160B3AC
:10866000214A224B40465146FFF775F9CDE90001FA
:108670005A4640465146029BFFF76DF982468846AE
:10868000DDE906014FF0FF32FFF7EAFB52464346B1
:10869000FFF75BF932463B46FFF75DF9DDE906235C
:1086A000FFF753F9DDE90023FFF74FF908B02A4639
:1086B0002346BDE8F04DFFF74BB90B465A4630460E
:1086C0003946FFF748F9084A084BFFF79DF842463C
:1086D0005346FFF740F908B02A462346BDE8F04D5F
:1086E000FFF792B8921F0000495555555555C5BF23
:1086F0000122FFF7B5BBFFF787B8002213461046EB
:108700001146FFF79AB90000024A00201107FFF74F
:10871000A7BB000001FDFFFF02E008C8121F08C14F
:10872000002AFAD170477047002001E001C1121FF2
:10873000002AFBD170470000014908607047000023
:10874000E80100202DE9FF5F82B00021DDE904305F
:10875000020DDDF840B0034318D044F61050A2F2E9
:10876000FF3242431514119801281FD0A5EB0B00CE
:10877000401C5FEA000A4FF000064E4FDFF83891C8
:10878000B046504615D5CAF1000413E011980124F3
:108790004AA3012801D16FEA0B010298119AC0E99E
:1087A0000031C0E9024206B0BDE8F09FCBF1000005
:1087B000DFE704460021404A491842EB0450CDE966
:1087C000001012E0E00707D032463B4640464946DB
:1087D000FFF7C1F88046894632463B4610461946A7
:1087E000FFF7B9F806460F466410002CEAD1DDE920
:1087F0000401DDE90023BAF1000F06DAFFF7ABF858
:1088000042464B46FFF7A7F805E0FFF716F9424648
:108810004B46FFF712F904460E460022284BFFF79D
:108820004FFB03D84FF0FF30014607E00022254BF5
:1088300020463146FEF7E8FFFFF729FB102409E048
:10884000002C0ADB0A220023FFF724FA039B3032B4
:108850001A55641E50EA0102F2D1641C039AC4F155
:1088600011031444119A012A03D0012208430DD1A7
:108870000AE0084304D000204FF0110B119072E77A
:10888000A3EB0B056D1E0DE05B4504DD4FF0000210
:1088900005F1010504E003DA4FF00002A5F101053E
:1088A000002AECD002981199C0E90231C0E90045D4
:1088B00079E70000000014400000F03F30000000A5
:1088C0000000F0430000E03F2DE9FF4F95B09B46CC
:1088D0008946064600250FE2252877D10024274641
:1088E000F84A0121059400E0044316F8013F203BBB
:1088F00001FA03F01042F7D130782A2811D06FF036
:108900002F033078A0F13002092A16D8059A44F0D6
:10891000020402EB820203EB42021044761C059033
:10892000EFE759F8042B0592002A03DA504244F489
:108930000054059044F00204761C30782E2816D19D
:1089400016F8010F44F004042A280DD06FF02F020E
:108950003078A0F13003092B09D807EB870302EB2D
:108960004303C718761CF3E759F8047B761C30786C
:108970006C280FD006DC4C2817D068280DD06A2848
:1089800014D104E0742810D07A280FD10DE044F4FB
:1089900000140AE044F4801401E044F440147278B6
:1089A000824202D104F58014761C761C3078662849
:1089B0000BD013DC582877D009DC002875D0452867
:1089C000F6D04628F4D047281AD19DE118E0632854
:1089D00035D0642879D0652812D195E1702873D0FC
:1089E00008DC6728F1D069286FD06E280DD06F2879
:1089F00006D1B5E073282CD0752875D0782874D0AE
:108A00005A46179990476D1C75E1C4F3025002282D
:108A100009D003280DD0D9F8001004280DD00D601E
:108A200009F1040967E1D9F80010EA17C1E9005219
:108A3000F6E7D9F800100D80F2E70D70F0E719F8AD
:108A4000041B8DF8001000208DF80100EA4601207B
:108A500003E059F804AB4FF0FF3061074FF000011D
:108A600002D40DE008F101018846B9420FDA8045D1
:108A7000F8DB1AF808100029F4D108E008F1010128
:108A800088468142FADB1AF808100029F6D10598C9
:108A90005B46A0EB080721463846179A00F094FA87
:108AA000284400EB080507E04DE029E10DE01AF845
:108AB000010B5A4617999047B8F10108F7D25B4667
:108AC00021463846179A13E142E00A220092C4F385
:108AD00002524FF0000A022A08D059F804CB032AA8
:108AE0004FEAEC710AD00DE029E02AE009F1070114
:108AF00021F00702F2E802C1914609E00FFA8CFC6E
:108B00004FEAEC71042A03D14FFA8CFC4FEAEC7166
:108B1000002907DA0A460021DCF1000C61EB0201B2
:108B20002D2202E0220504D52B228DF804200122FB
:108B300003E0E20701D02022F7E7904659E00A213E
:108B400002E010220DE010214FF0000A00910BE02E
:108B500010224FF0000A44F004040827009203E0BA
:108B600008224FF0000A0092C4F30252022A05D0F4
:108B700059F804CB0021032A08D009E009F10701C4
:108B800021F00702F2E802C1914605E01FFA8CFCD1
:108B9000042A01D10CF0FF0C4FF00008220728D561
:108BA000702806D0009B83F0100353EA0A0305D017
:108BB0000EE040228DF80420012208E05CEA010268
:108BC00006D030228DF804208DF805000222904650
:108BD000009B83F0080353EA0A030AD15CEA01020E
:108BE00001D1620705D530228DF804204FF001082D
:108BF0007F1E582804D034A003900EA802900DE0E8
:108C000036A0F9E753466046009AFFF743F88446DA
:108C10000398825C0298401E029002705CEA010098
:108C2000F0D1029806A9081A00F1200A600702D5BF
:108C300024F4803400E00127574502DDA7EB0A0049
:108C400000E0002000EB0A01009005984144401A22
:108C50000590E00306D45B462146179A059800F07C
:108C6000B3F90544002706E001A85A46C05D1799EC
:108C700090476D1C7F1C4745F6DBE0030CD55B4637
:108C80002146179A059800F09FF9054404E030202A
:108C90005A46179990476D1C0099481E009000296C
:108CA000F5DC08E0029802995A460078491C0291C6
:108CB000179990476D1CBAF10001AAF1010AF1DC85
:108CC00065E1000009280100303132333435363790
:108CD0003839616263646566000000003031323308
:108CE00034353637383941424344454600000000A8
:108CF00000F058F90544761C307800287FF4ECAD7C
:108D000019B02846BDE8F08F620700D4062709F1A4
:108D1000070222F0070CFCE80223E14603F00048BA
:108D20005FEA080C02D00FF2702C0DE05FEA045CE1
:108D300002D50FF2682C07E05FEAC47C02D00FF284
:108D4000602C01E0AFF2700C4FF0FF3823F00043CD
:108D5000CDF850C065280CD006DC452809D046283F
:108D60001DD047283DD13DE0662818D067287ED128
:108D700038E00021112F01DB112000E0781CCDE943
:108D8000000106A90EA8FFF7DDFCDDE90F010E9A30
:108D900003910021009207F1010A04914DE04FF088
:108DA00000400097CDE9011006A90EA8FFF7CAFC04
:108DB000DDE90F0203920E9B11990022DDF80CA051
:108DC0000093049211B9791C00EB010AB7EB0A0079
:108DD00004D4C0F1FF3007F1010A0490AAEB0700A8
:108DE000019044E0012F00DA01270021112F01DD5D
:108DF000112000E03846CDE9000106A90EA8FFF7D2
:108E0000A1FCDDE90F010E9A03910021049100926B
:108E1000BA4621070CD40399514500DA8A46BAF1C3
:108E2000010F05DD009AAAF10101515C302908D03B
:108E3000B84202DA10F1040F06DA0121CDE901107F
:108E400015E0AAF10101E9E7002805DC04990144D5
:108E50000491AAEB000102E0411C514500DD8A4665
:108E60000499401A401C01904FF0004002902007E6
:108E700004D40198504501DBCDF8048000208DF822
:108E80004F0002980DF14F07B0F1004F25D02B2075
:108E90000E9002984FF0020800280CDA404202902F
:108EA0002D200E9007E00A210298FEF7DDFE3031FA
:108EB000029007F8011DB8F10001A8F10108F2DCE9
:108EC00002980028EFD1791E0E980870307800F0D3
:108ED000200040F0450007F8020D12A8C01B00F169
:108EE00007081498007800B1012000EB0A010198EE
:108EF00001EBE07105984144401A401E0590E003E3
:108F000006D45B462146179A059800F05DF80544A3
:108F10001498007818B15A46179990476D1CE003D1
:108F200024D55B462146179A059800F04DF8054474
:108F30001CE00498002807DBDDE90301884203DD1B
:108F40000098405C179901E0179930205A469047E5
:108F5000049805F10105401C04900198401E019001
:108F600004D12E205A46179990476D1CBAF1000182
:108F7000AAF1010ADDDC05E017F8010B5A46179942
:108F800090476D1CB8F10001A8F10108F4DC5B46C4
:108F90002146179A0598ABE62D0000002B00000033
:108FA000200000002DE9F041044600251E4617462A
:108FB000880404D405E039462020B0476D1C641EA7
:108FC000F9D52846BDE8F0812DE9F0410446002599
:108FD0001E469046C80301D5302700E020278804AC
:108FE00004D505E041463846B0476D1C641EF9D5EE
:108FF0002846BDE8F0810A68531C0B60107070476A
:109000002DE9F04D8D4F21F0004A86B005460C4603
:10901000BA452ADBAAEB070028430AD088488245D4
:1090200001DC1AD1CDB106B02846BDE8F04DFFF7FE
:109030005FBB844A844B2846FEF78DFC07460E46EC
:10904000824A834B28462146FEF785FC06B03A4605
:109050003346BDE8F04DFEF7D7BB0120FFF76CFBB0
:1090600006B0BDE8F04DFFF748BB7A48824542DACA
:10907000BAF1795F0BDA2846FFF718F8042808BF21
:10908000FFF742FB284606B02146BDE8F08D2A4690
:109090000B461046FEF75FFC834602466E480E46BE
:1090A0000B4606217844FFF757FA5A463346FEF737
:1090B00052FC804669488A465A4633460421784421
:1090C000FFF74AFA5A463346FEF745FC00223B4674
:1090D000FEF79AFB02460B4640465146FEF7ADFCB2
:1090E0002A462346FEF737FC06B02A462346BDE84B
:1090F000F04DFEF789BB284624F0004100223D4692
:109100003B46FEF725FC4FF0FF32FEF7A9FE064670
:10911000024653480F460B4606217844FFF71CFAD7
:1091200032463B46FEF717FCCDE900014D4832467A
:109130003B4604217844FFF70FFA32463B46FEF7E0
:109140000AFC00222B46FEF75FFB83460291304665
:10915000394600F0FBFA804643480D46504517DC7F
:10916000DDE900015A46029BFEF767FC42462B46AA
:10917000FEF7F1FB42462B46FEF746FB0122FEF7C7
:109180006FFE304A304BFEF7E0FB304A304B4CE08C
:109190004FF0000A52460B464046FEF735FBCDE93C
:1091A000031052462B4610461946FEF7D4FB3246B2
:1091B0003B46FEF7CDFBDDE90332FEF73EFC0646FB
:1091C0000F46DDE900015A46029BFEF736FC834656
:1091D0000091012230463946FEF742FE194A1A4BE9
:1091E000FEF7B6FB06460F46012240462946FEF72B
:1091F00037FE5A46009BFEF7AEFB32463B46FEF773
:10920000A4FB06460F46012250462946FEF728FEDB
:109210000E4DDFF858802A464346FEF799FB32464A
:109220003B46FEF795FB2A464346FEF791FB002C92
:10923000D8BF81F0004106B0BDE8F08D0000F03FDE
:109240000000F07F075C143326A6913C182D44548F
:10925000FB21F93F0000E03F581300006E130000AF
:10926000E2120000F81200003333EF3FFB21E93F28
:109270002DE9F84F04460D4621F000400091734956
:10928000814211DC7249884201DC06D12CB12046B2
:109290002946BDE8F84FFFF72BBA6E48002DCCBF2A
:1092A0006D496E49BDE8F88F6D49814211DD6D4908
:1092B0008142D8BF4FF0FF366DDD20462946FEF7CC
:1092C000F5FE042808BFFFF71FFA20462946BDE82F
:1092D000F88F6549654F25F00045814233DD6449CB
:1092E000814219DD002632464FF080432046294650
:1092F000FEF78AFA80468A46012220462946FEF772
:10930000AFFD00223B46FEF720FB42465346FEF7E8
:1093100094FB04460D463EE001260022BA463B4639
:1093200020462946FEF770FA80460F460022534633
:1093300020462946FEF709FB42463B46FEF77DFBE9
:1093400004460D4627E04B4981421BDDDFF828A18A
:1093500002260022534620462946FEF7FCFA002248
:109360003B46FEF751FA80460F4600225346204600
:109370002946FEF7EAFA42463B46FEF75EFB044604
:109380000D4608E0032622462B4600203B49FEF707
:1093900054FB04460D4622462B4610461946FEF75E
:1093A000DAFA8B46824602460B46FEF7D4FA0746A7
:1093B0000246334888460B4606217844FFF7CCF82E
:1093C00052465B46FEF7C7FA82462E488B463A461F
:1093D000434605217844FFF7BFF83A464346FEF777
:1093E000BAFA02460B46002E504659460CDAFEF7F2
:1093F0000BFA22462B46FEF7AEFA01B022462B4668
:10940000BDE8F04FFEF7A4BAFEF7FEF922462B4660
:10941000FEF7A1FA1C4A7A4402EBC603D3E9002303
:10942000FEF793FA22462B46FEF78FFA174A7A4444
:1094300002EBC603D3E90023FEF78AFA009A002A5A
:10944000B8BF81F00041BDE8F88F00000000104473
:109450000000F07F182D4454FB21F93FFB21F9BF98
:109460000000DC3F0000203E0000F33F0000F03F22
:109470000000E63F008003400000F83F0000F0BF1E
:10948000FA100000B8100000561000001E10000076
:109490002DE9F04D9446CCF1000423F000464CEA4F
:1094A0000404524F46EAD4749A46884621F000429A
:1094B000BC4206D8454240EA050442EAD474BC42A4
:1094C00004D9BDE8F04D6246FFF715B9AAF1405541
:1094D000A5F17F6555EA0C040BD0022404EAAA74B6
:1094E000434DDFF810E144EAD87452EA000B04D08F
:1094F0000CE0BDE8F04DFFF7BBBE002C14BF012C03
:10950000BDE8F08D022C30D0032C32D056EA0C0B83
:109510000AD0BE4220D1BA4209D126F0804622F0BC
:1095200080423346114617E000291ADB25E0DFF8B8
:10953000C8B0FB44002C04BFDBE90001BDE8F08D9E
:10954000012C02BFDBE9000181F00041BDE8F08D94
:10955000022C0AD0032C0CD0BA4212D1B8F1000F61
:109560000BDA23482549BDE8F08D28462449BDE89B
:10957000F08D28467146BDE8F08D1D482149BDE8B3
:10958000F08D921B12153C2AC4BF19481D490EDCF0
:10959000BAF1000FBEBF12F13C0F0020014606DBFE
:1095A0006246FEF74AFA21F00041FFF761FE002C07
:1095B00008BFBDE8F08D012C04BF81F00041BDE87B
:1095C000F08D114A114B022C07D0FEF7BEF92A4646
:1095D000BDE8F04D0A4BFEF7B8B9FEF7B6F92A46DA
:1095E000BDE8F04D064BFEF7B3B900000000F07F78
:1095F000182D4454FB2109C0E20F0000FB21F9BFE4
:10960000FB210940FB21F93F075C143326A6A13C4E
:1096100000B5244B21F0004287B09A42DCBF002203
:10962000134629DD204B9A4208D140B94FF0010082
:10963000FFF782F8FFF761F807B000BD03DBFFF723
:1096400057F807B000BD02AAFEF744FD10F0030171
:1096500004BF0DF1080C9CE80F000DD0012001297A
:109660000ED0022914D00DF1080C00909CE80F00D8
:10967000FEF7C8FF07B000BDFEF7F0FE07B000BD63
:109680000DF1080C00909CE80F00FEF7BBFF05E011
:109690000DF1080C9CE80F00FEF7E0FE07B081F02A
:1096A000004100BDFB21E93F0000F07F00B5254BE4
:1096B00021F0004287B09A4203DC00221346009258
:1096C0002BE0214B9A4208D140B94FF00100FFF73F
:1096D00033F8FFF712F807B000BD03DBFFF708F817
:1096E00007B000BD02AAFEF7F5FC10F003014FF031
:1096F00001000DD0012914D002291AD00DF1080C57
:109700009CE80F00FEF7AAFE07B081F0004100BD03
:109710000DF1080C00909CE80F00FEF773FF07B0F6
:1097200000BD0DF1080C9CE80F00FEF797FE07B096
:1097300000BD0DF1080C00909CE80F00FEF762FFE1
:10974000E2E70000FB21E93F0000F07F2DE9F04156
:1097500006460F46FEF7EEFB041E0D4618BF01201D
:10976000284320F00040C0F17F6000F1E040C00FCE
:109770000ED0301C18BF0120384320F00040C0F14B
:109780007F6000F1E040C00F04BF0120FEF7D4FF6E
:1097900020462946BDE8F0810000000000406540F9
:1097A000333333333333D33F000000000000124023
:1097B000B81E85EB51B8BE3F680000047600540126
:1097C000F7FD000175191A0C6A231B1C1F20727407
:1097D000433B4138393A6B6C376F06246D6E70002D
:1097E000830000000008000000010018320005009E
:1097F000000020410000D242295C0F3E9A99993E18
:109800003333733F295C0F3E0000700000000024DA
:10981000000000020003000000650054FFEF00009C
:10982000FA80000B12820001030C30C30E8C8CE90D
:1098300014D5400213710F8E3883F8833000F883FB
:10984000258EF8833000F883FFFFFFFF0FFEA9D6B7
:10985000240004001A8279A10000003CFFFF0000F0
:109860000010000038836FA2003E0330400000006B
:1098700002CAE3093E800000200000000000000052
:109880004000000060000000000C0000000C186E9A
:10989000000006920A16C0DFFFFF0256FD8CD37748
:1098A000FFE1C496E0C5BEAA00000000FFFF0B2B3D
:1098B00000001657000003594000000000001DFA88
:1098C00000026C1D000000003FFFDFEB003EB3B65E
:1098D000000D227800002F3C00000000001942B566
:1098E000000039A20000B365D90E9FC91DCF4C34CA
:1098F00030000000500000003BB67AE80064000031
:1099000000C8000000000000100000001000FA92E3
:109910001000225E000D229F0001000000320000B6
:10992000FF46000063D400001000000004D60000D1
:1099300004CC000004CC00000000107200000040C5
:109940000000000000000000000600020005000703
:10995000000000000064000000000000000000059E
:10996000000500640020000000000000000000006E
:10997000000040000000030000000032F8980000E2
:10998000FF650000830F0000FF9BFC00000000004B
:1099900000000000000000000000000000000000C7
:1099A00000000000000000000000000000000000B7
:1099B0000000000000001000400000000000000651
:1099C0000000B26A000200000001FB830068000092
:1099D00000D9FC007CF1FF8300000000006500005E
:1099E000006403E800640028000000250000000077
:1099F00016A000000000100000001000002F000062
:109A0000000001F40000100000280000FFFF458165
:109A1000FFFFFA7200000000000000000044000593
:109A20000005BAC6004778A200000001000000004F
:109A300000000600000000140000254D002F706D8E
:109A4000000005AE000C02D0000000000000000085
:109A50000000000000000000001B000000000000EB
:109A6000000000000000000000640000000800008A
:109A700000000000000000000000000000000000E6
:109A800000000000000000000000000000000000D6
:109A900000000000000000000000000000000000C6
:109AA00000000000000000000000000000000000B6
:109AB00000000000000000000000000000000000A6
:109AC0000000000000000000001B0000000000007B
:109AD00000000000000E000E00000AC70004000095
:109AE00000000032FFFFFF9C00000B2B0000000273
:109AF0000000000100000064FFE50000000000001D
:109B00000000000000000000000000010000000054
:109B10000001000000000000000180000001800042
:109B200000018000002426D3000000000000000097
:109B3000000600100096003C00000000000000003D
:109B400000000000000000000C0A4E68CDCF77092D
:109B500050166759C619CE820000000000000000B0
:109B600000000000000000000000000000000000F5
:109B700017D7840003000000000000000000000070
:109B8000C7938F9D1E1B1C190000000000000000E1
:109B900000000000000000000000000000000000C5
:109BA00002031885000040000000000300000003CD
:109BB0000000000000000000400000000000000065
:109BC0000000000000000000000000000000000095
:109BD0000000000000000000000000000000000085
:109BE000000000000000000000000000677DDF7E34
:109BF00072902E554CF6E688000000000000000030
:109C00000000000000000000D8DCB4B8B0D8B9AB48
:109C1000F3F8FAB3B7BB8E9EAEF132F51BF1B4B8D0
:109C2000B08097F1A9DFDFDFAADFDFDFF2AAC5CDC1
:109C3000C7A90CC92C97F1A989264666B28999A9AA
:109C40002D557DB0B08AA896365676F1BAA3B4B237
:109C500080C0B8A89711B28398BAA3F02408441022
:109C60006418B2B9B49883F1A329557DBAB5B1A3EC
:109C70008393F0002850F5B2B6AA839328547CF160
:109C8000B9A3829361BAA2DADEDFDB819AB9AEF5BD
:109C9000606870F1DABAA2DFD9BAA2FAB9A38292E7
:109CA000DB31BAA2D9BAA2F8DF85A4D0C1BBAD839B
:109CB000C2C5C7B8A2DFDFDFBAA0DFDFDFD8D8F1C7
:109CC000B8AAB38DB4980D355DB2B6BAAF8C9619FB
:109CD0008F9FA70E161EB49AB8AA872C547CBAA4DC
:109CE000B08AB691325676B28494A4C808CDD8B85A
:109CF000B4B0F19982A82D557D98A80E161EA22CFD
:109D0000547C92A4F02C5078F184A898C4CDFCD84F
:109D10000DDBA8FC2DF3D9BAA6F8DABAA6DED8BABC
:109D2000B2B68696A6D0F3C841DAA6C8F8D8B0B4C1
:109D3000B882A892F52C548898F135D9F418D8F146
:109D4000A2D0F8F9A884D9C7DFF8F883C5DADF69AB
:109D5000DF83C1D8F40114F1A8824EA884F311D195
:109D600082F5D992289788F109F41C1CD884A8F3AD
:109D7000C0F9D1D99782F129F40DD8F3F9F9D1D9E5
:109D800082F4C203D8DEDF1AD8F1A2FAF9A88498C7
:109D9000D9C7DFF8F8F883C7DADF69DFF883C3D8FB
:109DA000F40114F198A8822EA884F311D182F5D978
:109DB00092509788F109F41CD884A8F3C0F8F9D11F
:109DC000D99782F149F40DD8F3F9F9D1D982F4C4C5
:109DD00003D8DEDFD8F1AD8898CCA809F9D98292F2
:109DE000A8F57CF1883ACF944A6E98DB6931DAADF8
:109DF000F2DEF9D88795A8F221D1DAA5F9F417D9BE
:109E0000F1AE8ED0C0C3AE82C684C3A88595C8A566
:109E100088F2C0F1F4010EF18E9EA8C63E56F554AC
:109E2000F18872F40115F19845856EF58E9E0488CF
:109E3000F142985A8E9E068869F4011CF1981E1111
:109E400008D0F504F11E970202983625DBF9D98572
:109E5000A5F3C1DA85A5F3DFD88595A8F309DAA5BE
:109E6000FAD88292A8F578F1881A849F26889821DA
:109E7000DAF41DF3D8879F39D1AFD9DFDFFBF9F4CE
:109E80000CF3D8FAD0F8DAF9F9D0DFD9F9D8F40B15
:109E9000D8F3879F39D1AFD9DFDFF41DF3D8FAFCAF
:109EA000A869F9F9AFD0DADEFAD9F88F9FA8F1CC1A
:109EB000F398DB45D9AFDFD0F8D8F18F9FA8CAF36C
:109EC0008809DAAF8FCBF8D8F2AD978D0CD9A5DF22
:109ED000F9BAA6F3FAF412F2D8950DD1D9BAA6F3CD
:109EE000FADAA5F2C1BAA6F3DFD8F1BAB2B686960D
:109EF000A6D0CAF349DAA6CBF8D8B0B4B8D8AD84A6
:109F0000F2C0DFF18FCBC3A8B2B68696C8C1CBC36F
:109F1000F3B0B48898A821DB718D9D71859521D906
:109F2000ADF2FAD88597A828D9F408D8F28D29DAA5
:109F3000F405D9F285A4C2F2D8A88D9401D1D9F440
:109F400011F2D88721D8F40AD8F28498A8C801D190
:109F5000D9F411D8F3A4C8BBAFD0F2DEF8F8F8F802
:109F6000F8F8F8F8D8F1B8F6B5B9B08A95A3DE3CA0
:109F7000A3D9F8D85CA3D9F8D87CA3D9F8D8F8F934
:109F8000D1A5D9DFDAFAD8B18530F7D9DED8F830E3
:109F9000ADDADED8F2B48C99A32D557DA083DFDF36
:109FA000DFB591A0F629D9FBD8A0FC29D9FAD8A011
:109FB000D051D9F8D8FC51D9F9D879D9FBD8A0D04B
:109FC000FC79D9FAD8A1F9F9F9F9F9A0DADFDFDFDC
:109FD000D8A1F8F8F8F8F8ACDEF8ADDE8393AC2C35
:109FE000547CF1A8DFDFDFF69D2CDAA0DFD9FADBA5
:109FF0002DF8D8A850DAA0D0DED9D0F8F8F8DB5583
:10A00000F8D8A878DAA0D0DFD9D0FAF8F8F8F8DBD9
:10A010007DF8D89CA88CF530DB38D9D0DEDFA0D015
:10A02000DEDFD8A848DB58D9DFD0DEA0DFD0DED80D
:10A03000A868DB70D9DFDFA0DFDFD8F1A888902C1B
:10A04000547C98A8D05C38D1DAF2AE8CDFF9D8B065
:10A0500087A8C1C1B188A8C6F9F9DA36D8A8F9DA53
:10A0600036D8A8F9DA36D8A8F9DA36D8A8F9DA361F
:10A07000D8F78D9DADF818DAF2AEDFD8F7ADFA302B
:10A08000D9A4DEF9D8F2AEDEFAF983A7D9C3C5C7E1
:10A09000F1889BA77AADF7DEDFA4F8849408A79730
:10A0A000F300AEF29819A488C6A39488F632DFF2C2
:10A0B0008393DB09D9F2AADFD8D8AEF8F9D1DAF365
:10A0C000A4DEA7F1889B7AD8F38494AE19F9DAAAB2
:10A0D000F1DFD8A881C0C3C5C7A39283F628ADDE3F
:10A0E000D9F8D8A350ADD9F8D8A378ADD9F8D8F815
:10A0F000F9D1A1DADEC3C5C7D8A18194F818F2B0AE
:10A1000089ACC3C5C7F1D8B8B4B09786A8319B064F
:10A110009907AB9728889BF00C201440B0B4B8F096
:10A12000A88A9A285078B79BA82951792470594455
:10A130006938644831F1BBAB88002C547CF0B38B98
:10A14000B8A804285078F1B088B49726A85998BBCD
:10A15000ABB38B02264666B0B8F08A9CA829517929
:10A160008B2951798A2470598B2058718A44693817
:10A170008B3940688A6448318B30496088F1AC0083
:10A180002C547CF08CA804285078F1889726A85984
:10A1900098AC8C02264666F0899CA82951792470D7
:10A1A00059446938644831A98809205970AB11387D
:10A1B0004069A8193148608CA83C415C207C00F1C2
:10A1C00087981986A86E767EA999882D557DD8B175
:10A1D000B5B9A3DFDFDFAED0DFAAD0DEF2ABF8F98E
:10A1E000D9B087C4AAF1DFDFBBAFDFDFB9D8B1F1E7
:10A1F000A3978E60DFB084F2C8F8F9D9DED89385D2
:10A20000F14AB183A308B5839A0810B79F10D8F11B
:10A21000B0BAAEB08AC2B2B68E9EF1FBD9F41DD8E8
:10A22000F9D90CF1D8F8F8AD61D9AEFBD8F40CF13E
:10A23000D8F8F8AD19D9AEFBDFD8F416F1D8F8ADDF
:10A240008D61D9F4F4ACF59C9C8DDF2BBAB6AEFAD7
:10A25000F8F40BD8F1AED0F8AD51DAAEFAF8F1D887
:10A26000B9B1B6A3839C08B9B1839AB5AAC0FD3031
:10A2700083B79F10B58B93F20202D1ABDADED8F12F
:10A28000B080BAABC0C3B284C1C3D8B1B9F38BA399
:10A2900091B609B4D9ABDEB0879CB9A3DDF1B38B1D
:10A2A0008B8B8B8BB087A3A3A3A3B28BB69BF2A39C
:10A2B000A3A3A3A3A3A3A3A3A3F1B087B59AA3F3D6
:10A2C0009BA3A3DCBAACDFB9A3A3A3A3A3A3A3A3BB
:10A2D000A3A3A3A3A3A3A3A3D8D8D8BBB3B7F1AA1E
:10A2E000F9DAFFD9809AAA28B48098A720B797876F
:10A2F000A86688F07951F1902C870CA7819762931A
:10A30000F071716085940129517990A5F1284C6C08
:10A31000870C95188578A38390284C6C886CD8F3AB
:10A32000A28200F210A8921980A2F2D926D8F18850
:10A33000A84DD948D896A83980D93CD89580A83955
:10A34000A68698D92CDA87A72CD8A8899519A98030
:10A35000D938D8A88939A980DA3CD8A82EA839904C
:10A36000D90CD8A8953198D90CD8A809D9FFD8010B
:10A37000DAFFD89539A9DA26FFD890A80D8999A8CF
:10A3800010809821DA2ED88999A83180DA2ED8A8A1
:10A3900086963180DA2ED8A8873180DA2ED8A88226
:10A3A00092F34180F1D92ED8A882F31980F1D92EE9
:10A3B000D882ACF3C0A28022F1A62EA72EA92298A3
:10A3C000A829DAACDEFFD8A2F22AF1A92E8292A83F
:10A3D000F23180A696F1D900AC8C9C0C30ACDED06A
:10A3E000DEFFD88C9CACD010ACDE8092A2F24C8206
:10A3F000A8F1CAF235F19688A6D900D8F1FF00007D
:10A40000555555555555C53F7D6FEB0312D6D4BFF5
:10A410005544880E55C1C93F3B8F68B52882A4BFFB
:10A4200088B20175E0EF493F09F7FD0DE13D023FBC
:10A430004B2D8A1C273A03C0C88A599CE52A004044
:10A4400059018D1B6C06E6BF82922EB1C5B8B33F91
:10A450004FBB610567ACDD3F182D4454FB21E93F3C
:10A460009BF681D20B73EF3F182D4454FB21F93F2B
:10A47000E2652F227F2B7A3C075C143326A6813CB1
:10A48000BDCBF07A8807703C075C143326A6913C5C
:10A49000C4EB98999999C9BF711623FEC671BCBFC8
:10A4A0006D9A74AFF2B0B3BF9AFDDE522DDEADBF30
:10A4B0002F6C6A2C44B4A2BF0D5555555555D53F48
:10A4C000FF8300922449C23F6E204CC5CD45B73F63
:10A4D000513DD0A0660DB13FEB0D76244B7BA93FDB
:10A4E00011DA22E33AAD903F4C5555555555A53FED
:10A4F0007751C1166CC156BF9015CB19A001FA3E19
:10A50000AD529C804F7E92BEC4B1B4BD9EEE213E42
:10A51000D43888BEE9FAA8BD0000000000000000A1
:10A5200000004054FB21F93F3163621A61B4D03D11
:10A530000000601A61B4D03D7370032E8A19A33BEA
:10A540000000002E8A19A33BC14920259A837B393C
:10A5500000000000000000006E83F9A22915444E9F
:10A56000D15727FCC0DD34F5999562DB4190433C1F
:10A57000AB6351FE61C5BBDE3A6E24B7E0D24D42FB
:10A58000EA2E49061C92D1091CEB1DFE3EA729B1FB
:10A59000F53582E88444BB2E26709CE9417E5FB489
:10A5A00039D69139F43953838B5F849C3B28F9BDAC
:10A5B000FF97F81F0F9805DE8B112FEF1F6D0A5ABA
:10A5C000CF7E366DB709CB27663F464F2DEA5F9E9B
:10A5D000C7BA27757BF1E5EBF739073DEA92528A56
:10A5E000B15FFB6B085D8D1FA6F810111111813F43
:10A5F000D561C119A0012ABF7DFEB157E31DC73E39
:10A60000EB9C2B8AE6E55ABE7CD5CF5A3AD9E53D7C
:10A610002050726F647563742049442072656164D0
:10A62000206173203020696E6469636174657320F2
:10A63000646576696365206973206569746865720D
:10A6400020696E636F6D70617469626C65206F72F2
:10A6500020616E204D5055333035302E0A000000F9
:10A6600080A6000800000020EC0100002E800008F9
:10A67000F4A60008EC0100208405000028870008EB
:10A68000412D01020304041009060708090204060B
:10A690000884A24A04691832FF2904520103428047
:10A6A0003F234843280FC8429A99993FDA0FC93F80
:10A6B0009A99193E10011E032E40411B2A4360192E
:10A6C00058076890408FC2F53D0316881323200376
:10A6D00030096F12833AA69B443B07293F0AD7A350
:10A6E0003B01EB803F0C13C4971B08B80401205AB0
:04A6F000E024000062
:04000005080000ED02
:00000001FF
