:020000040800F2
:10000000A0070020E54E00088D3200088F3200085E
:1000100093320008973200089B320008000000006D
:100020000000000000000000000000009F320008F7
:10003000A132000800000000A3320008A532000829
:10004000FF4E0008FF4E0008FF4E0008FF4E00085C
:10005000FF4E0008FF4E0008FF4E00089F4D0008AD
:10006000FF4E0008FF4E0008FF4E0008FF4E00083C
:10007000FF4E0008FF4E0008FF4E0008FF4E00082C
:10008000FF4E0008FF4E0008FF4E0008FF4E00081C
:10009000FF4E0008FF4E0008FF4E0008FF4E00080C
:1000A000FF4E0008014D0008FF4E0008FF4E0008FB
:1000B000FF4E00083929000849290008FF4E0008B2
:1000C000FF4E0008FF4E0008FF4E0008FF4E0008DC
:1000D000FF4E0008FF4E0008FF4E0008FF4E0008CC
:1000E000FF4E0008FF4E0008FF4E0008DFF80CD05E
:1000F00008F064FA0048004781260008A0070020A5
:1001000031490143314A1160704770B50021002325
:100110000F22C47804B32D4C246804F4E064C4F5C1
:10012000E064210AC1F10403CA40447804FA03F1EF
:100130008478144021430901254C0678A1550478A0
:1001400004F01F050124AC4005786D11AD0005F1E8
:10015000E025C5F8004109E0047804F01F050124FA
:10016000AC401C4D0678761145F8264070BD1A4A01
:100170000A400243154B1B1F1A60704739B1134ADE
:10018000121D12680243114B1B1D1A6006E00F4A34
:10019000121D126882430D4B1B1D1A607047042804
:1001A00008D14FF0E021096941F004014FF0E0224D
:1001B000116107E04FF0E021096921F004014FF0DF
:1001C000E0221161704700000000FA050CED00E02C
:1001D00000E400E080E100E080FFFF1F00204449D0
:1001E0000860091D0860091D0860091D0860414874
:1001F0003F4914310860704700213D498279002A47
:100200003AD00A46126803689A430B461A600A1DE0
:10021000126803689A430B1D1A60027911440A6838
:1002200003681A430A60324A0832126803689A4324
:100230002F4B08331A601A1D126803689A432C4B1F
:100240000C331A604279102A0ED11A1F1268036803
:100250001A43274B08331A601A1D126803681A43A1
:10026000234B0C331A600DE02149427911440A688E
:1002700003681A430A6005E0027911440A680368BA
:100280009A430A6070470021016001710C2141719D
:100290000021817170471649103109680143144AE1
:1002A00010321160704701460020114A1432126862
:1002B0000A400AB1012000E0002070470C491431C7
:1002C00008607047014600200022094B1B6803EAC2
:1002D0000102074B14331B680B4013B10AB1012014
:1002E00000E00020704702491431086070470000A8
:1002F00000040140FFFF0F0010B50446CC488442C3
:1003000008D10121042000F02DFB0021042000F081
:1003100029FB46E0C748844208D10121082000F0AB
:1003200021FB0021082000F01DFB3AE0C248844276
:1003300008D10121102000F015FB0021102000F051
:1003400011FB2EE0BD48844208D10121202000F09D
:1003500009FB0021202000F005FB22E0B848844280
:1003600008D10121402000F0FDFA0021402000F0DA
:10037000F9FA16E0B348844208D10121802000F048
:10038000F1FA0021802000F0EDFA0AE0AE48844244
:1003900007D10121801500F0E5FA0021A01500F039
:1003A000E1FA10BD10B50121084600F0DBFA00218A
:1003B000012000F0D7FA10BD2DE9F04102460025DA
:1003C0000026002000230024002791F803C00CF031
:1003D0000F0591F803C00CF0100CBCF1000F03D016
:1003E00091F802C04CEA050591F800C0BCF1000F7D
:1003F00031D0146800202BE04FF0010C0CFA00F310
:10040000B1F800C00CEA03069E4220D183004FF0F1
:100410000F0C0CFA03F7BC4305FA03FC4CEA040486
:1004200091F803C0BCF1280F06D14FF0010C0CFA73
:1004300000FCC2F814C00AE091F803C0BCF1480FF8
:1004400005D14FF0010C0CFA00FCC2F810C0401CA2
:100450000828D1D31460B1F800C0BCF1FF0F34DD1F
:10046000546800202EE000F1080C4FF0010808FA53
:100470000CF3B1F800C00CEA03069E4221D18300C0
:100480004FF00F0C0CFA03F7BC4305FA03FC4CEADF
:10049000040491F803C0BCF1280F05D100F1080C49
:1004A00008FA0CF8C2F8148091F803C0BCF1480FA8
:1004B00007D100F1080C4FF0010808FA0CF8C2F857
:1004C0001080401C0828CED35460BDE8F0814FF660
:1004D000FF710180022181700421C17070470246C2
:1004E000002093680B400BB1012000E00020704712
:1004F0000146886880B2704702460020D3680B40EE
:100500000BB1012000E0002070470146C86880B2AE
:10051000704701617047416170470AB1016100E0B5
:1005200041617047C16070474FF480320A43826175
:100530008161826182698269704702460020434B73
:1005400018684FF68073184040EA021008433F4B8A
:10055000186070473E49C8617047F0B50A460023ED
:1005600000240021002500F00046B6F1004F02D122
:10057000364EF16901E0354E7168C0F3034583B230
:1005800000F44016B6F5401F08D121F070612F4EDF
:10059000766826F070662D4F7E6012E000F48016BB
:1005A000B6F5801F06D1032606FA05F4A14341F0F3
:1005B000706106E0460D360103FA06F6B14341F0DC
:1005C000706122B1460D360103FA06F6314300F0A0
:1005D0000046B6F1004F02D11C4EF16101E01B4E06
:1005E0007160F0BD30B500228B071C0F0F2303FA9A
:1005F00004F2164B08338C1053F824309343134CF9
:1006000008348D1044F8253023468C1053F82430DC
:100610008C07240F00FA04F423430C4C08348D108B
:1006200044F8253030BD0A49DC31086070470000CD
:1006300000080140000C014000100140001401407E
:1006400000180140001C0140002001400000014052
:1006500000002042DF48006840F00100DD490860EA
:1006600008464068DC490840DA49486008460068A6
:10067000DA490840D74908600846006820F480201D
:1006800008600846406820F4FE0048604FF41F00F0
:1006900088607047CF49096821F48031CD4A1160E4
:1006A0001146096821F480211160B0F5803F03D024
:1006B000B0F5802F0ED106E0C649096841F48031BB
:1006C000C44A116007E0C349096841F4A021C14A46
:1006D000116000E000BF00BF704710B50146002266
:1006E000002300204A11012A02D1BA4C236806E0F7
:1006F000022A02D1B74C236A01E0B64C636A01F0CA
:100700001F02012494401C400CB1012000E0002095
:1007100010BD38B5002000900024002500BF312016
:10072000FFF7DBFF05460098401C00900098B0F5ED
:10073000A06F01D0002DF2D03120FFF7CEFF08B11D
:10074000012400E00024204638BD01460020A14AD3
:10075000106820F0F80040EAC10010607047A0491E
:1007600008607047024600209A4B586820F47C10BD
:1007700042EA01031843974B58607047984908664E
:10078000704701460020934A506820F00300084358
:10079000506070478F48406800F00C007047014679
:1007A00000208C4A506820F0F000084350607047E9
:1007B00001460020874A506820F4E06008435060FA
:1007C000704701460020834A506820F4605040EA98
:1007D000C1005060704729B17E4A527A02437D4B76
:1007E0005A7204E07B4A527A82437A4B5A727047BB
:1007F0007B49D8310860704701460020754A50682F
:1008000020F440400843506070470021714A203274
:100810001170704A82F82010012802D004280AD1F1
:1008200004E001216B4A2032117005E00521694A7C
:100830002032117000E000BF00BF704769490860B6
:1008400070476449096A0143624A11627047654909
:1008500044390860704730B500210022002400238D
:100860005C4D6D6805F00C0121B1042905D0082903
:1008700023D105E05C4D056022E05B4D05601FE083
:10088000544D6D6805F47012524D6D6805F4803456
:10089000022505EB92421CB9544D554305600BE00F
:1008A0004C4D6D6805F400351DB1504D5543056044
:1008B00002E04D4D5543056002E04B4D056000BF21
:1008C00000BF444D6D6805F0F0010909484D6B5CAF
:1008D0000568DD4045603F4D6D6805F4E061090A3B
:1008E000434D6B5C4568DD4085603A4D6D6805F4AD
:1008F0006051C90A3E4D6B5C4568DD40C560354DB1
:100900006D6805F44041890B3A4D6B5CC568B5FBD9
:10091000F3F5056130BD29B12E4A526902432D4BD2
:100920005A6104E02B4A526982432A4B5A6170474C
:1009300029B1284A92690243264B9A6104E0254A6C
:1009400092698243234B9A61704729B1214AD26947
:100950000243204BDA6104E01E4AD26982431D4BF8
:10096000DA61704729B11B4AD2680243194BDA6039
:1009700004E0184AD2688243164BDA60704729B106
:10098000144A12690243134B1A6104E0114A1269B6
:100990008243104B1A617047124940390860704712
:1009A0000F49C86470470B49C87170470948406ACD
:1009B00040F0807007494862704701460020054AB0
:1009C00092680A400AB1012000E000207047014906
:1009D00088727047001002400000FFF8FFFFF6FE2B
:1009E000000042428004424200127A0000093D00A9
:1009F000000000201000002010B50446FE4884428C
:100A000008D10121C014FFF7ADFF0021E014FFF76A
:100A1000A9FFC4E0B4F1804F08D101210846FFF7D7
:100A2000AEFF00210120FFF7AAFFB8E0F34884429F
:100A300008D101210220FFF7A2FF00210220FFF7C9
:100A40009EFFACE0EE48844208D101210420FFF76C
:100A500096FF00210420FFF792FFA0E0E9488442BE
:100A600008D101210820FFF78AFF00210820FFF7A5
:100A700086FF94E0E448844208D101211020FFF76A
:100A80007EFF00211020FFF77AFF88E0DF488442D4
:100A900008D101212020FFF772FF00212020FFF75D
:100AA0006EFF7CE0DA48844208D101214014FFF750
:100AB00059FF00216014FFF755FF70E0D5488442CC
:100AC00009D10121C804FFF74DFF00214FF4002098
:100AD000FFF748FF63E0D048844209D101210805AF
:100AE000FFF740FF00214FF48010FFF73BFF56E077
:100AF000CA48844209D101214805FFF733FF00218C
:100B00004FF40010FFF72EFF49E0C548844208D19A
:100B100001214020FFF733FF00214020FFF72FFF86
:100B20003DE0C048844208D101218020FFF727FF23
:100B300000218020FFF723FF31E0BB48844208D129
:100B400001218015FFF71BFF0021A015FFF717FFFC
:100B500025E0B648844209D101210804FFF702FFCD
:100B600000214FF48030FFF7FDFE18E0B0488442CA
:100B700009D101214804FFF7F5FE00214FF40030B0
:100B8000FFF7F0FE0BE0AB48844208D10121880456
:100B9000FFF7E8FE00214FF48020FFF7E3FE10BDD1
:100BA00000220288944B98420ED0994B98420BD069
:100BB000B0F1804F08D0914B984205D0904B9842AD
:100BC00002D0904B984204D14FF68F731A404B8855
:100BD0001A438D4B984207D08C4B984204D04FF665
:100BE000FF431A40CB881A4302808B8883850B8889
:100BF0000385814B98420BD0854B984208D08B4B94
:100C0000984205D08A4B984202D08A4B984201D133
:100C10000B7A038601238382704770B5002400227B
:100C20000023058C4FF6FE7635400584028C8388C0
:100C3000048B4FF68F752C40B51E2C400D882C432D
:100C4000751E2A400D892A434D882A436A4DA842C1
:100C50000BD06F4DA84208D0744DA84205D0744DFA
:100C6000A84202D0734DA84213D14FF6F7752A401F
:100C70004D892A434FF6FB752A408D882A434FF64B
:100C8000FF652B404FF6FF552B408D892B43CD89B7
:100C90002B4383800483CD888586028470BD70B524
:100CA000002400220023058C4FF6EF7635400584A2
:100CB000028C8388048B48F6FF752C404FF6FF4565
:100CC0002C400D884FF6FF7606EA05252C434FF69B
:100CD000DF752A400D8906EA05152A434D8806EA84
:100CE00005152A43444DA84202D0494DA8421DD1C2
:100CF0004FF67F752A404D894FF6FF7606EA0515B7
:100D00002A434FF6BF752A408D8806EA05152A4307
:100D10004FF6FF352B404FF2FF752B408D8906EAC9
:100D200085052B43CD8906EA85052B438380048303
:100D3000CD880587028470BD70B500240022002391
:100D4000058C4FF6FF6635400584028C8388848BC2
:100D50004FF68F752C404FF6FC752C400D882C43B8
:100D60004FF6FF552A400D894FF6FF7606EA052516
:100D70002A434D8806EA05252A431F4DA84202D082
:100D8000234DA8421DD14FF2FF752A404D894FF6E1
:100D9000FF7606EA05252A434FF6FF352A408D885F
:100DA00006EA05252A434EF6FF752B404DF6FF75E2
:100DB0002B408D8906EA05152B43CD8906EA0515DA
:100DC0002B4383808483CD888587028470BD70B572
:100DD000002200230024058C4EF6FF763540058462
:100DE000038C8488828B48F6FF752A404FF6FF45B6
:100DF0002A400D8820E00000002C01400004004043
:100E000000080040000C00400010004000140040AA
:100E100000340140004C01400050014000540140AA
:100E200000180040001C004000200040004001402D
:100E300000440140004801404FF6FF7606EA0525D0
:100E40002A434DF6FF752B400D8906EA05352B43E5
:100E50004D8806EA05352B43FA4DA84202D0FA4DDB
:100E6000A84208D14BF6FF752C408D894FF6FF76CE
:100E700006EA85152C4384808283CD88A0F84050F3
:100E8000038470BD828B4FF2FF331A408283828BC2
:100E90004FF6FF7303EA01231A4382837047F0B5CC
:100EA0000C461546002200210026078C4EF6FF7CDA
:100EB00007EA0C070784828B018C4FF6FF7707EA5D
:100EC000043640F6FF473A404FF6FF7707EA05271A
:100ED0003A434FF6FF7707EA03373A43D94FB84210
:100EE0000ED0D94FB8420BD0B0F1804F08D0D74FB9
:100EF000B84205D0D64FB84202D0D64FB84206D13C
:100F00004DF6FF77394046F48057394305E047F600
:100F1000FF57394044F48057394382830184F0BD40
:100F2000828B4FF6F3731A408283828B0A4382834B
:100F30007047F0B50C461546002200210026078CAC
:100F40004FF6FF6C07EA0C070784828B018C4FF683
:100F5000FF7707EA04264FF60C773A404FF6FF7703
:100F600007EA03172F433A43B64FB8420ED0B64FA5
:100F7000B8420BD0B0F1804F08D0B44FB84205D082
:100F8000B34FB84202D0B34FB84206D14FF6FF5725
:100F9000394046F48077394305E04FF2FF57394036
:100FA00044F48077394382830184F0BD028B4FF291
:100FB000FF331A400283028B4FF6FF7303EA0123CB
:100FC0001A4302837047F0B50C46154600220021F3
:100FD0000026078C4FF6EF7C07EA0C070784028B8C
:100FE000018C4FF6FF7707EA041640F6FF473A40B8
:100FF0004FF6FF7707EA03373A434FF6FF7707EAE2
:1010000005273A438F4FB8420ED08F4FB8420BD0CE
:10101000B0F1804F08D08D4FB84205D08C4FB84208
:1010200002D08C4FB84206D14FF6DF77394046F0F8
:101030001007394305E04FF65F77394044F0100759
:10104000394302830184F0BD028B4FF6F3731A40DB
:101050000283028B0A4302837047F0B50C461546A3
:1010600000220021068C4FF6FE773E400684028B5C
:10107000018C4FF60C7632407E1C06EA03162E4396
:101080003243704EB0420ED06F4EB0420BD0B0F132
:10109000804F08D06D4EB04205D06D4EB04202D0A8
:1010A0006C4EB04206D14FF6FD76314044F0010659
:1010B000314305E04FF6F576314044F00106314307
:1010C00002830184F0BD70B505460C465D4885423B
:1010D0000ED05D4885420BD0B5F1804F08D05B48FB
:1010E000854205D05A48854202D05A48854200D1EF
:1010F00000E000BF208850B92389A2886188284673
:10110000FFF7ABFFE1882846FFF79EFF25E0208828
:1011100004280AD12389A28861882846FFF753FF53
:10112000E1882846FFF742FF17E0208808280AD107
:101130002389A28861882846FFF7FBFEE1882846BC
:10114000FFF7EEFE09E02389A28861882846FFF7B1
:10115000A6FEE1882846FFF795FE70BD2DE9F04117
:1011600005460C4600260127608808B9022600E0E3
:101170000026A088012801D1022700E0012720884D
:10118000A0B92389A28861882846FFF766FFE18815
:101190002846FFF759FF23893A4631462846FFF78C
:1011A00012FFE1882846FFF701FF13E02389A28898
:1011B00061882846FFF707FFE1882846FFF7F6FE1B
:1011C00023893A4631462846FFF747FFE1882846FB
:1011D000FFF73AFFBDE8F0810A884B881A438B88F5
:1011E0001A43CB881A430B891A434B891A438B89BC
:1011F0001A43A0F8442070474FF6FF718180002108
:101200000180C180418001727047002101804180CE
:101210008180C180018141818181C181704700212C
:1012200001804180012181800021C18001817047BE
:101230000021018041808180C180018141818181C3
:1012400070470000002C01400034014000040040C1
:1012500000080040000C004021B1028842F0010269
:10126000028004E002884FF6FE731A400280704745
:1012700031B1B0F8442042F40042A0F8442005E027
:10128000B0F84420C2F30E02A0F8442070471AB10F
:1012900083890B43838102E083898B438381704779
:1012A0008182704741EA0203A0F8483070471AB1C2
:1012B00083890B43838102E083898B438381704759
:1012C00001894FF6F8721140018170470A460021EA
:1012D00001894FF68F73194011430181704730B572
:1012E00004460D4629462046FFF7F0FF208940F0CE
:1012F0000700208130BD2DE9F04104460D46164619
:101300001F46602D06D13B46012231462046FFF79D
:101310005AFE05E03B46012231462046FFF79DFE7E
:1013200029462046FFF7D2FF208940F007002081A0
:10133000BDE8F08130B50C4600210189C9B24FF6F5
:10134000FF7505EA0325154325432943018130BD77
:101350002DE9F04105460E461746984600244346BF
:101360003A4631462846FFF7E5FF2C894FF6F870DC
:10137000044044F007044FF68F70044044F07004BA
:101380002C81BDE8F081F0B504460D4616461F4697
:101390003B46324629462046FFF7CCFF208940F4E1
:1013A00080402081F0BD0185828270470A4600217D
:1013B00001884FF68F731940114301807047F0B5D3
:1013C0000C4615461E460021002200230189028B8F
:1013D000038C4FF6F877394021434FF6FC473A40EB
:1013E00040F201173A434FF6DD773B404FF6FF7767
:1013F00007EA06172F433B43018102830384F0BDB4
:101400000A460021018B4FF68F7319401143018367
:1014100070470A460021018B48F6FF7319404FF6CA
:10142000FF7303EA02231943018370470A46002130
:10143000818B4FF68F7319401143818370470A46A1
:101440000021818B48F6FF7319404FF6FF7303EAC2
:10145000022319438183704721B1028842F0800240
:10146000028004E002884FF67F731A4002807047C2
:1014700021B1828842F00402828004E082884FF623
:10148000FB731A408280704721B1828842F00802C3
:10149000828004E082884FF6F7731A40828070479A
:1014A00021B1828842F00102828004E082884FF6F6
:1014B000FE731A40828070470A460021018B4FF666
:1014C000F77319401143018370470A460021018BCD
:1014D0004FF2FF7319404FF6FF7303EA02231943DB
:1014E000018370470A460021818B4FF6F77319403C
:1014F0001143818370470A460021818B4FF2FF73AD
:1015000019404FF6FF7303EA0223194381837047A2
:101510000A460021018B4FF6FB73194011430183EA
:1015200070470A460021018B4FF6FF3319404FF6F2
:10153000FF7303EA02231943018370470A4600211F
:10154000818B4FF6FB7319401143818370470A4624
:101550000021818B4FF6FF3319404FF6FF7303EAEA
:1015600002231943818370470A460021018B4FF6FD
:101570007F7319401143018370470A460021018B94
:10158000C1F30E014FF6FF7303EA022319430183EF
:1015900070470A460021818B4FF67F731940114333
:1015A000818370470A460021818BC1F30E014FF6FB
:1015B000FF7303EA02231943818370470A4600211F
:1015C000018C4FF6FD7319401143018470470A46A0
:1015D0000021018C4FF6F7731940114301847047C5
:1015E0000A460021018C4FF6DF7319404FF6FF7356
:1015F00003EA02131943018470470A460021018C53
:101600004FF67F7319404FF6FF7303EA0213194335
:10161000018470470A460021018C4FF6FF531940A0
:101620004FF6FF7303EA02231943018470470A4609
:101630000021018C4FF2FF7319404FF6FF7303EA4C
:1016400002231943018470470A460021018C4DF69C
:10165000FF7319404FF6FF7303EA02331943018405
:10166000704730B5002301248C40A3B2048C9C4306
:101670000484048C02FA01F5ADB22C43048430BD1D
:1016800030B5002304248C40A3B2048C9C43048412
:10169000048C02FA01F5ADB22C43048430BD70B560
:1016A0000346002000241846183001258D40ACB2B6
:1016B0001D8CA5431D8409B1082909D100EB6100E7
:1016C000056825F0700505600568154305600EE0A6
:1016D0000D1FC5F34E052844056825F4E045056057
:1016E00005684FF6FF7606EA02263543056070BDB1
:1016F00021B1028842F00202028004E002884FF623
:10170000FD731A400280704721B1028842F0040242
:10171000028004E002884FF6FB731A400280704793
:1017200021B1828842F08002828004E082884FF6F4
:101730007F731A408280704702884FF6F7731A4011
:10174000028002880A430280704782884FF68F73B6
:101750001A40828082880A438280704702894FF64D
:10176000F8731A40028102890A4302817047028994
:101770004FF67F731A40028102890A430281704743
:1017800081847047818570478186704701877047E3
:1017900081877047A0F84010704702884FF6FF43DA
:1017A0001A40028002880A43028070470146888EF0
:1017B00070470146088F70470146888F7047014681
:1017C000B1F8400070470146888C70470146088D8B
:1017D000704702460020138A0B400BB1012000E045
:1017E00000207047CA430282704730B5024600208D
:1017F00000230024158A05EA0103958905EA0104FE
:1018000013B10CB1012000E0002030BDCA430282B8
:101810007047000010B50446FB48844209D10121FD
:101820008803FFF79FF800214FF48040FFF79AF8F4
:1018300032E0F648844209D101214804FFF79FF8BD
:1018400000214FF40030FFF79AF825E0F048844279
:1018500009D101218804FFF792F800214FF480207C
:10186000FFF78DF818E0EB48844209D10121C80444
:10187000FFF785F800214FF40020FFF780F80BE018
:10188000E548844208D101210805FFF778F80021D6
:101890004FF48010FFF773F810BD2DE9F04786B0C4
:1018A00005460E460024A24600BFA1460027B08987
:1018B00000B100BF2F462C8A4CF6FF700440F08820
:1018C00004432C82AC894EF6F3100440B088318971
:1018D0000843718908430443AC81AC8A4FF6FF404A
:1018E0000440B0890443AC8201A8FEF7B4FFC648A7
:1018F000874202D1DDF810A001E0DDF80CA0A88934
:1019000000F4004040B10AEBCA0000EB0A10316855
:101910004900B0FBF1F807E00AEBCA0000EB0A103F
:1019200031688900B0FBF1F86420B8FBF0F00401E5
:101930002009642101FB1089A88900F4004040B10E
:10194000322000EBC900B0FBF1F000F007000443C7
:1019500008E0322000EB09106421B0FBF1F000F048
:101960000F0004432C8106B0BDE8F0874FF41651F8
:10197000016000218180C18001810C214181002111
:101980008181704710B502460020108A4FF2FF0394
:1019900018400B884C8823438C882343CC882343EE
:1019A0001843108210BD0021018041808180C180D8
:1019B000704721B1828942F40052828104E0828919
:1019C0004DF6FF731A4082817047F0B5034600243C
:1019D00000260025002040F66A17B94200D100BF5A
:1019E0001846C1F3421401F01F06012707FA06F555
:1019F000012C01D10C3004E0022C01D1103000E0A8
:101A000014301AB107682F43076002E00768AF433C
:101A10000760F0BD1AB1838A0B43838202E0838A98
:101A20008B4383827047028A4FF6F0731A4002821A
:101A3000028A0A430282704782894FF2FF731A407A
:101A4000828182890A438281704721B1828942F072
:101A50000202828104E082894FF6FD731A4082817E
:101A60007047028A4FF6DF731A400282028A0A43E5
:101A70000282704721B1028A42F48042028204E06D
:101A8000028A4BF6FF731A4002827047C1F30802C4
:101A90008280704701468888C0F3080070478189BA
:101AA00041F0010181817047028BD2B20283028B27
:101AB00042EA012202837047028B02F47F420283D2
:101AC000028B0A430283704721B1828A42F02002CE
:101AD000828204E0828A4FF6DF731A408282704766
:101AE00021B1828A42F01002828204E0828A4FF69B
:101AF000EF731A408282704721B1828A42F0080255
:101B0000828204E0828A4FF6F7731A40828270471D
:101B100021B1828942F40042828103E08289C2F3CA
:101B20000E028281704721B1828A42F40062828271
:101B300004E0828A4FF2FF731A4082827047828AE1
:101B40004FF6FB731A408282828A0A438282704770
:101B500021B1828A42F00202828204E0828A4FF638
:101B6000FD731A408282704702460020B1F5007F63
:101B700000D100BF13880B400BB1012000E0002012
:101B8000704701F40072B2F5007F00D100BFCA4374
:101B90000280704770B50246002400230025002013
:101BA00040F66A16B14200D100BFC1F3421501F000
:101BB0001F03012606FA03F3012D02D19689334053
:101BC00006E0022D02D1168A334001E0968A3340A6
:101BD0000C12012606FA04F41688344013B10CB135
:101BE000012000E0002070BD10B50022002340F667
:101BF0006A14A14200D100BF0A1201249440A3B28A
:101C0000DC43048010BD0000003801400044004067
:101C100000480040004C00400050004010B5044611
:101C2000FA48844208D101214015FEF79BFE0021AD
:101C30006015FEF797FE17E0F548844208D10121B0
:101C40000015FEF78FFE00212015FEF78BFE0BE03E
:101C5000F048844208D10121C803FEF783FE002129
:101C60004FF40040FEF77EFE10BD30B50246002066
:101C700000235068E84C20400D790C6844EA0524A4
:101C8000204350609068E54C2040D1E902542C4339
:101C90004D7944EA450420439060D06A20F47000F6
:101CA0000C7C641EE4B2234340EA0350D06230BD92
:101CB00000210160017141718160C16001210174E5
:101CC000704721B1826842F00102826003E08268BD
:101CD00022F001028260704721B1826842F4807272
:101CE000826003E0826822F480728260704710B5DF
:101CF0000023CBB21AB144681C43446002E044683C
:101D00009C43446010BD816841F0080181607047C8
:101D1000014600208A6802F008020AB1012000E0B2
:101D200000207047816841F00401816070470146DE
:101D300000208A6802F004020AB1012000E00020BD
:101D4000704721B1826842F4A002826003E0826899
:101D500022F4A00282607047014600208A6802F4E3
:101D600080020AB1012000E00020704710B50A4649
:101D700000210023416821F46041531E41EA4331B0
:101D8000416010BD21B1426842F40062426003E04C
:101D9000426822F4006242607047F0B504460D4686
:101DA00000200021092D11DDE068A5F10A0606EBEF
:101DB0004607072606FA07F18843A5F10A0606EB4F
:101DC000460603FA06F10843E0600CE0206905EBE3
:101DD0004507072606FA07F1884305EB450603FA8F
:101DE00006F108432061072A0FDA606B561E06EBE6
:101DF00086071F2606FA07F18843561E06EB86065D
:101E000005FA06F10843606322E00D2A0FDA206B21
:101E1000D61F06EB86071F2606FA07F18843D61F52
:101E200006EB860605FA06F10843206310E0E06A37
:101E3000A2F10D0606EB86071F2606FA07F1884376
:101E4000A2F10D0606EB860605FA06F10843E062EC
:101E5000F0BD21B1826842F48012826003E08268A2
:101E600022F48012826070470146C86C80B27047CD
:101E700066484C300068704721B1426842F4806285
:101E8000426003E0426822F480624260704721B100
:101E9000426842F48052426003E0426822F4805279
:101EA000426070470A460021816821F4E0411143F5
:101EB0008160704721B1826842F40042826003E091
:101EC000826822F400428260704721B1826842F445
:101ED0000212826003E0826822F40212826070477C
:101EE000014600208A6802F400120AB1012000E0D5
:101EF00000207047F0B50446154600200022002659
:101F0000092911DDE068A1F10A0707EB470C072753
:101F100007FA0CF29043A1F10A0707EB470703FA0F
:101F200007F21043E0600CE0206901EB410C072749
:101F300007FA0CF2904301EB410703FA07F2104352
:101F40002061A06BC0F30156EF1C06F1010CA7EB5A
:101F50000C0707EB870C1F2707FA0CF29043EF1CC6
:101F600006F1010CA7EB0C0707EB870701FA07F254
:101F70001043A063F0BD10B50A4600210023816B19
:101F800021F44011531E41EA0351816310BD08B58D
:101F9000002300930090009B0B440093009B1A6069
:101FA00008BD08B5024600200090009201F128000B
:101FB000009B184400900098006880B208BD0A4653
:101FC00000214168164B194011434160704741623E
:101FD000826270470A460021416821F01F011143C7
:101FE0004160704740B109490831096841F4000176
:101FF000064A0832116007E004490831096821F4F3
:102000000001024A083211607047000000240140BC
:1020100000280140003C0140FFFEF0FFFDF7F1FF0A
:10202000FFFD3FFF0246002013680B400BB101206B
:1020300000E000207047CA430260704770B5024656
:102040000020002300240B125568CEB205EA0604D6
:1020500015681D4015B10CB1012000E0002070BDD5
:1020600000220A12D3430360704700000CB5002021
:10207000019000906C48006840F480306A49086024
:1020800000BF6948006800F4003000900198401CCF
:102090000190009818B90198B0F5A06FF1D162488D
:1020A000006800F4003010B10120009001E0002031
:1020B00000900098012843D15C48006840F010006F
:1020C0005A4908600846006820F003000860084686
:1020D000006840F002000860534840685249486078
:1020E0000846406848600846406840F480604860A0
:1020F0000846406820F47C1048600846406840F478
:10210000E81048600846006840F08070086000BF32
:102110004548006800F000700028F9D04248406847
:1021200020F00300404948600846406840F0020043
:10213000486000BF3C48406800F00C000828F9D116
:102140000CBD10B5FFF792FF10BD10B53648006802
:1021500040F00100344908600846406834490840AE
:102160003149486008460068324908402E490860F5
:102170000846006820F4802008600846406820F483
:10218000FE0048604FF41F008860FFF7DAFF4FF051
:1021900000602949086010BD10B500210020002210
:1021A000214B5B6803F00C0121B1042906D00829FA
:1021B00028D107E0214B224C236027E01F4B204C05
:1021C000236023E0184B5B6803F47010164B5B68C8
:1021D00003F48032022303EB904022B9194B4343AE
:1021E000174C23600DE0104B5B6803F4003323B100
:1021F000144B4343124C236003E0104B4343104CF9
:10220000236003E00D4B0E4C236000BF00BF064B64
:102210005B68C3F303130C4CE15C094B1B68CB40B8
:10222000074C236010BD0000001002400020024057
:102230000000FFF8FFFFF6FE08ED00E000127A0054
:102240001400002000093D0018000020014605E0B0
:10225000002001E0421CD0B20A28FBDB0A1EA1F1DB
:102260000101F5D1704710B5044603E04FF47A70D0
:10227000FFF7ECFF201EA4F10104F7D110BD704759
:1022800008B50720009002E00098401E00900098DA
:102290000028F9D108BD10B54FF40070E649086078
:1022A00040100860FFF7ECFFE3480838006808B901
:1022B000012000E0002000F4007008B1002010BDF3
:1022C0004FF40070DC49091D0860FFF7D9FFDA48B8
:1022D0000838006800F4007008B10020EFE74FF400
:1022E0000070D549091D0860FFF7CAFF0120E6E725
:1022F00010B54FF48070D049091D0860FFF7C0FF8A
:102300004FF40070CC49091D0860FFF7B9FF4FF486
:102310008070C9490860FFF7B3FF4FF40070C649E9
:102320000860FFF7ADFF10BD10B54FF48070C249D3
:10233000091D0860FFF7A4FF4FF40070BE49091D96
:102340000860FFF79DFF4FF48070BB490860FFF7FE
:1023500097FF4FF48070B849091D0860FFF790FFA0
:1023600010BD10B54FF48070B349091D0860FFF728
:1023700087FF4FF40070B0490860FFF781FF4FF40A
:102380008070AD490860FFF77BFF4FF48070AA4969
:10239000091D0860FFF774FF10BD10B54FF4807081
:1023A000A549091D0860FFF76BFF4FF40070A249B3
:1023B0000860FFF765FF4FF480709F490860FFF7E2
:1023C0005FFF9D480838006800F4007030B14FF49A
:1023D00080709949091D0860002010BD4FF480707D
:1023E0009549091D08600120F7E770B504460825E6
:1023F0001DE04FF480709049091D0860FFF740FF11
:1024000004F0800020B14FF400708B49086004E0B4
:102410004FF400708849091D08606006040EFFF73C
:102420002FFF4FF4807084490860FFF729FF281EB2
:10243000A5F10101CDB2DCD14FF480707E49091DB8
:10244000086070BD70B508250024A8017A490860AD
:1024500016E06006040E4FF480707749091D08608D
:10246000FFF70EFF4FF4807073490860FFF708FF15
:1024700071480838006800F4007008B144F00104A5
:10248000281EA5F10101CDB2E3D14FF480706A4955
:10249000091D0860204670BD08B501210820FEF71F
:1024A00047FA4FF44070ADF8000002208DF80200AA
:1024B00014208DF8030069465F481038FDF77CFF53
:1024C00008BD2DE9F04105460E4617469846FFF730
:1024D000E2FE10B90020BDE8F081002141EA45018B
:1024E000C8B2FFF782FFFFF758FF18B9FFF700FFE8
:1024F0000020F0E73046FFF778FFFFF74EFF00249B
:102500000BE018F80400FFF770FFFFF746FF18B95B
:10251000FFF7EEFE0020DEE7641CBC42F1DBFFF7B4
:10252000E7FE0120D7E72DE9F04104460D461646A7
:102530001F463B46324629462046FFF7C2FF10B1F0
:102540000020BDE8F0814FF0FF30FAE72DE9F041BF
:1025500005460F4614461E46FFF79DFE10B90020A3
:10256000BDE8F081002141EA4501C8B2FFF73DFF17
:10257000FFF713FF18B9FFF7BBFE0020F0E738465E
:10258000FFF733FFFFF709FFFFF785FE012101EB9E
:102590004501C8B2FFF729FFFFF7FFFE0CE0FFF788
:1025A00051FF3070012C02D1FFF7DBFE01E0FFF795
:1025B000BBFE761C601EC4B2002CF0D1FFF798FE63
:1025C0000120CDE72DE9F04104460D4616461F4691
:1025D0003B46324629462046FFF7B8FF10B100209F
:1025E000BDE8F0814FF0FF30FAE770B504460D46C4
:1025F0001646FFF750FE08B9002070BD002141EAE1
:102600004401C8B2FFF7F1FEFFF7C7FE18B9FFF7A4
:102610006FFE0020F1E72846FFF7E7FEFFF7BDFE5B
:102620003046FFF7E2FEFFF7B8FEFFF761FE01203C
:10263000E3E7002070470000100C014008B50121BD
:102640001120FEF775F901210B48FDF786FF4FF4C5
:10265000C040ADF8000003208DF8020010208DF876
:10266000030069460548FDF7A7FE4FF4C041034843
:10267000FDF74FFF08BD00000002300000100140D0
:102680000024002700250026FFF75FFD41F61F41CB
:1026900041F2883002F006FB02F040FB02F070F9D4
:1026A00000F044F900F0A6F8FFF7C8FF02F0BCFB09
:1026B00000F052F900F0B9F9FFF7EEFE0A2000F041
:1026C00091FE00F0C5FA00F035FE00F0C1FE0021D9
:1026D000084601F0A3FF404807784FF0E02000696A
:1026E00040F001004FF0E021086174E000F020FBB1
:1026F00039490878C11BC9B20C4407460A2E64D276
:10270000DFE806F0050B142830353C41485C322CDC
:1027100002D300240025012658E04FF448722F49C7
:102720002F4801F03EFE002402264FE0B4F5487F1A
:102730000FD30024681CC5B2042D09D300F062FE3B
:1027400000F035FF0021084601F068FF092600E08F
:1027500003263BE078222349002001F022FE0024DA
:10276000042633E0782C01D3002405262EE0B42182
:102770001D4801F069FE0024062627E0B42C01D391
:102780000024072622E00021084601F047FF00242C
:1027900008261BE03C2C0CD314491548006805F0B2
:1027A000BFFD06D24FF07F511148006805F0AEFD25
:1027B00001D3FA2C01D30024012607E000F0F7FE34
:1027C0000021084601F02AFF00E000BF00BF02F030
:1027D00083F801F094FC89E7D40000209A99193E0F
:1027E0000000C8429A99993F0000FAC30000C0BF98
:1027F000FC00002008B501210820FEF799F84FF4ED
:102800007040ADF8000010208DF8030003208DF813
:1028100002006946FE48FDF7CFFD4FF47041FC48C9
:10282000FDF777FE08BD08B501210846FEF78DF8D3
:1028300001210420FEF77CF80C20ADF800001820E0
:102840008DF8030003208DF802006946F148FDF77A
:10285000B3FD08BD30B587B00025002440F2E73055
:10286000ADF814000020ADF81000ADF81600ADF87A
:10287000120004A94FF08040FEF792F96020ADF8F5
:1028800000000120ADF80200ADF806500020ADF8C0
:10289000080069464FF08040FEF74EFA0821C8064E
:1028A000FEF720FE0120ADF80200ADF80640002042
:1028B000ADF8080069464FF08040FEF788FA08211D
:1028C000C806FEF718FE01218807FEF7C5FD0121A5
:1028D0008807FEF7C1FC07B030BD2DE9FF41044673
:1028E0000D4627462E466020ADF800000120ADF8C9
:1028F0000200ADF806700020ADF8080069464FF000
:102900008040FEF719FA0821C806FEF7EBFD01200A
:10291000ADF80200ADF8066069468007FEF757FA89
:102920000821C806FEF7E7FDBDE8FF8110B5FFF7F7
:102930007AFFFFF78FFF10BDB7490888098821F09B
:102940000101B54A11807047B4490888098821F00F
:102950000101B24A1180704700B589B001210220FF
:10296000FDF7F3FF01210420FDF7E2FF01A8FDF7C9
:10297000AEFDC020ADF8040004208DF80700032050
:102980008DF8060001A9A348FDF716FD4FF4A060DD
:10299000FDF7B6FB1D208DF8080001208DF8090019
:1029A00003208DF80A0001208DF80B0002A8FDF726
:1029B000ACFB99481038FEF71FF806A8FEF71CFC80
:1029C0000020ADF818004FF6FF70ADF81C00002095
:1029D000ADF81E00ADF81A0006A98F481038FEF7B2
:1029E000DFF80A231A4603218B481038FEF7E7FC6C
:1029F00003A8FEF714FC0620ADF8140003A98648CE
:102A00001038FEF760FB012183481038FEF7EAFE1C
:102A10000122114680481038FEF739FC01217E481A
:102A20001038FEF719FC09B000BD00B589B00121CE
:102A30000420FDF78AFF01210820FDF779FF01A896
:102A4000FDF745FDC020ADF8040004208DF8070017
:102A500003208DF8060001A96D48FDF7ADFC4FF489
:102A6000A060FDF74DFB1E208DF8080001208DF8B9
:102A7000090003208DF80A0001208DF80B0002A840
:102A8000FDF743FB65481038FDF7B6FF06A8FEF7D3
:102A9000B3FB0020ADF818004FF6FF70ADF81C0036
:102AA0000020ADF81E00ADF81A0006A95B481038EA
:102AB000FEF776F80A231A46032158481038FEF725
:102AC0007EFC03A8FEF7ABFB0620ADF8140003A9BB
:102AD00052481038FEF7F7FA012150481038FEF737
:102AE00081FE012211464D481038FEF7D0FB01212E
:102AF0004A481038FEF7B0FB09B000BD00B585B0FC
:102B000001210420FDF714FF01210220FDF71DFF24
:102B10008020ADF8100004208DF8130003208DF8FC
:102B2000120004A93B48FDF747FC4FF4A060FDF7F5
:102B3000E7FA1D208DF8000001208DF80100032028
:102B40008DF8020001208DF803006846FDF7DDFADC
:102B500031481038FDF750FF4FF6FF70ADF8080010
:102B60000020ADF80400ADF80A00ADF8060001A998
:102B700029481038FEF714F800231A466021264829
:102B80001038FEF7B8FB002123481038FEF7F8FD97
:102B9000012121481038FEF75FFB05B000BD00B5EC
:102BA00085B001210820FDF7C3FE01210420FDF7B7
:102BB000CCFE8020ADF8100004208DF81300032017
:102BC0008DF8120004A91248FDF7F6FB4FF4A0603F
:102BD000FDF796FA1E208DF8000001208DF8010007
:102BE00003208DF8020001208DF803006846FDF7F0
:102BF0008CFA0A481038FDF7FFFE4FF6FF70ADF86B
:102C000008000020ADF80400ADF80A0008E000005C
:102C1000000C014000080140100400401008004072
:102C2000ADF8060001A90948FDF7BAFF00231A46CE
:102C300060210648FEF75FFB00210448FEF7A0FD77
:102C400001210248FEF708FB05B000BD0008004066
:102C500070B5002402F0B3FD0446002C60D17CA0C6
:102C600002F00BF8782002F00CFA18B981A002F0FB
:102C700004F802E087A002F000F8782002F0EEFBF2
:102C800018B98FA001F0F9FF02E096A001F0F5FF5E
:102C9000642002F0C4FC18B99EA001F0EEFF02E02F
:102CA000A6A001F0EAFF04F07BF818B9ACA001F08F
:102CB000E4FF02E0B7A001F0E0FFC54804F04CFFDC
:102CC000054604F077F818B9C2A001F0D6FF02E07B
:102CD000CAA001F0D2FF40F2731004F0ACFC18B9A6
:102CE000D2A001F0CAFF02E0D9A001F0C6FF642023
:102CF00004F01AFA18B9E2A001F0BFFF02E0E9A05F
:102D000001F0BBFF04F03CFF012003F08FFD18B978
:102D1000EFA001F0B2FF0AE0F6A001F0AEFF06E07E
:102D20004FF40051FE48FDF7F6FB00BFFEE770BD13
:102D30002DE9F04F89B0FB48FB49FC4BFC4ACDE93B
:102D40000010FC49FC4804F0D5FDF748008800F469
:102D5000807000287AD0F649086805F043FA0446E6
:102D60004FF09D4105F078F8F4490860F049486853
:102D700005F038FA04464FF09D4105F06DF8F04932
:102D80000860EB49886805F02DFA04464FF09D4134
:102D900005F062F8EB490860E549C86805F022FAD9
:102DA00004464FF09D4105F057F8E7490860E348B5
:102DB00001684FF0804005F01DF80690E148016879
:102DC000069805F017F88246DD4801684FF040404C
:102DD00005F010F80690DC480168069805F00AF83E
:102DE0008346514604F0AEFF079005F047FA0646C9
:102DF00006F07CFC80464FF06632D44B05F011F9AA
:102E0000044605F067FAD2490860CE4801684FF0E1
:102E1000804004F0EFFF0390CA480168039804F073
:102E2000E9FF8246C64801684FF0404004F0E2FFE7
:102E30000390C3480168039804F0DCFF83465146C1
:102E400004F0D2FF81464FF07E5183E10CE2000096
:102E50006D707520696E697469616C697A617469F5
:102E60006F6E20636F6D706C6574652E2E2E2E2E26
:102E70002E0A20006D70755F7365745F73656E73E5
:102E80006F7220636F6D706C657465202E2E2E2E10
:102E90002E2E0A006D70755F7365745F73656E73B7
:102EA0006F7220636F6D65206163726F737320654D
:102EB00072726F72202E2E2E2E2E2E0A000000000F
:102EC0006D70755F636F6E6669677572655F666961
:102ED000666F20636F6D706C657465202E2E2E2ECC
:102EE0002E2E0A006D70755F636F6E66696775726E
:102EF000655F6669666F20636F6D65206163726FE1
:102F00007373206572726F72202E2E2E2E2E2E0A53
:102F1000000000006D70755F7365745F73616D70A4
:102F20006C655F7261746520636F6D706C6574654C
:102F3000202E2E2E2E2E2E0A000000006D70755FA2
:102F40007365745F73616D706C655F726174652029
:102F50006572726F72202E2E2E2E2E2E0A00000009
:102F6000646D705F6C6F61645F6D6F74696F6E5FCD
:102F70006472697665725F6669726D7761726520E9
:102F8000636F6D706C657465202E2E2E2E2E2E0AAA
:102F900000000000646D705F6C6F61645F6D6F7442
:102FA000696F6E5F6472697665725F6669726D776C
:102FB00061726520636F6D65206163726F7373204A
:102FC0006572726F72202E2E2E2E2E2E0A00000099
:102FD00028000020646D705F7365745F6F726965AF
:102FE0006E746174696F6E20636F6D706C6574656B
:102FF000202E2E2E2E2E2E0A00000000646D705FF3
:103000007365745F6F7269656E746174696F6E2049
:10301000636F6D65206163726F7373206572726F89
:1030200072202E2E2E2E2E2E0A000000646D705F50
:10303000656E61626C655F6665617475726520635B
:103040006F6D706C657465202E2E2E2E2E2E0A004C
:10305000646D705F656E61626C655F6665617475F5
:10306000726520636F6D65206163726F7373206595
:1030700072726F72202E2E2E2E2E2E0A000000004D
:10308000646D705F7365745F6669666F5F726174AB
:103090006520636F6D706C657465202E2E2E2E2E4C
:1030A0002E0A0000646D705F7365745F6669666FF9
:1030B0005F7261746520636F6D65206163726F7309
:1030C00073206572726F72202E2E2E2E2E2E0A0005
:1030D0006D70755F7365745F646D705F7374617438
:1030E0006520636F6D706C657465202E2E2E2E2EFC
:1030F0002E0A00006D70755F7365745F646D705F9C
:10310000737461746520636F6D65206163726F73A2
:1031100073206572726F72202E2E2E2E2E2E0A00B4
:1031200000100140620000206000002050000020DC
:103130001C0200205A00002054000020340000200F
:10314000380000203C0000204000002066A64C40D3
:103150004400002004F0F6FD044605F08FF8CDE9A8
:103160000401434801684FF0804004F043FE834669
:1031700040480168584604F03DFE81463E480168DB
:103180004FF0804004F036FE83463C4801685846C4
:1031900004F030FE8246494604F0D4FD044605F0B2
:1031A0006DF80746DDE9042306F0E8FC4FF06632CF
:1031B000334BCDE9060104F034FF054605F08AF8EB
:1031C000304908602D480168006804F013FE039040
:1031D00029480168006804F00DFE02902548016846
:1031E000006804F007FE834621480168006804F087
:1031F00001FE5946019004F0A5FD8246029904F0B3
:10320000F3FD8146039904F0EFFD044605F036F81E
:10321000CDE90401194801681548006804F0EAFD89
:103220008246154801681348006804F0E3FD8346B0
:10323000514604F087FD81464FF0804104F0DAFDED
:10324000044605F01BF80746DDE9042306F096FC6A
:103250004FF066320A4BCDE9060104F0E2FE054666
:1032600005F038F80849086009B0BDE8F08F0000A3
:1032700034000020380000203C00002040000020E6
:1032800066A64C40480000204C000020704700BF5C
:10329000FEE700BFFEE700BFFEE700BFFEE77047A6
:1032A0007047704710B51D480078401C1B490870D6
:1032B0001B480078401C1A4908701A480078401CC6
:1032C0001849087000F090FB17480078401C164918
:1032D000087016480078401C14490870144800789B
:1032E000401C134908700E480078022806DB01F0E4
:1032F00086FD00F061FD002009490870094800784A
:10330000082806DB00F09DFB0020064908700649EE
:10331000087000F056F900F0F6FA10BDD400002055
:10332000D9000020D5000020D6000020D7000020C2
:10333000D800002030B527480068C822B0FBF2F161
:10334000B1F1807F01D301201DE021F07F40401EBC
:103350004FF0E022506150170F22002807DA1307C0
:103360001D0E1D4B00F00F04241F1D5503E0130715
:103370001C0E1A4B1C5400BF00204FF0E02290613D
:1033800007201061002008B100BFFEE74FF0E020E9
:10339000006920F001004FF0E021086130BD01B567
:1033A0000F49009808604FF0E020006940F00100EC
:1033B0004FF0E021086100BF094800680028FBD1F8
:1033C00008BD0748006820B105480068401E044950
:1033D000086070471400002018ED00E000E400E0F1
:1033E00064000020002107E042F6E06100BF0A1EF1
:1033F000A1F1010399B2FAD1021EA0F1010398B222
:10340000F2D170470020FC49087608704860886057
:10341000FA480068C8600020C882704700B50246BC
:103420000020F7490870F7480260FFF7EBFF002023
:10343000F5490870F5490870F5480078F5490870B5
:103440000020F5490860F2480078F449087000BD92
:1034500000B50020F2490880F2490880F24908606E
:10346000F2490860F2490860F2490860F2490860D0
:10347000F2490860F2490860F2490860F2490860C0
:10348000F2490860F2490860DC490860F1490860C7
:10349000F1490860F1490860F1490860DC490870A9
:1034A000F0490870F0490870D9480078D949087087
:1034B0000020D9490860D6480078D84908704FF4F0
:1034C0006170EA490880EA48EA4908600120EA494F
:1034D00008700020E9490870E9490870E949086066
:1034E000E9490860E948FFF799FF0020E8490860CA
:1034F00000BD2DE9F041E748006804F0BFFE044636
:10350000E548D0E900633246204604F0CBFE07D000
:10351000E148D0E90021104604F0DCFEDD490860F6
:10352000DE48006804F0AAFE0446DB48D0E90263E6
:103530003246204604F0B6FE07D0D748D0E9022133
:10354000104604F0C7FED5490860D548006804F06D
:1035500095FE04460D46D049D1E90463324629461A
:1035600004F0A0FE07D0CC48D0E90421104604F0B6
:10357000B1FECB490860CB48006804F07FFE0446EA
:10358000C548D0E906633246204604F08BFE07D0DA
:10359000C149D1E90621104604F09CFEC1490860EA
:1035A0000020B8490860B8490860BDE8F0810020F3
:1035B000B4490860B4490860BB4908609F49086085
:1035C00070472DE9F041B9480068012810D100206A
:1035D000B0490860B648006804F012FE06460022B2
:1035E000B44B04F01EFD044604F074FEA9490860C3
:1035F000AE480068022812D10020A8490860AE49F0
:103600000968A1F1400004F0FBFD06460022AB4B27
:1036100004F007FD044604F05DFEA0490860A849D7
:10362000B1F9040004F0DEFDA6490860A649B1F92D
:10363000040004F0D7FDA54908600021A4480068F3
:1036400004F064FE0BD0A349A148006804F05EFEBC
:1036500005D3A1499E48006804F062FE05D24FF4EC
:1036600000519E48FCF757FF04E04FF400519B487F
:10367000FCF74FFF00219A48006804F0B5FB6E4943
:1036800008609149B1F9000004F0ACFD064683489A
:103690000168304604F0AEFB04466848016866489D
:1036A000006804F0A1FB06467A480168304604F041
:1036B000A1FB0546214604F045FB63490860BDE8CF
:1036C000F0812DE9F04104460D46002C0CDA4FF450
:1036D00080418448FCF71DFF4FF400418148FCF70E
:1036E0001AFF604204B20AE04FF400417D48FCF743
:1036F00010FF4FF480417B48FCF70DFF00BF002D09
:103700000CDA4FF400517748FCF703FF4FF4805177
:103710007448FCF700FF684205B20AE04FF480519C
:103720007048FCF7F6FE4FF400516E48FCF7F3FECC
:1037300000BFAFB2A6B231464FF08040FEF728F886
:1037400039464FF08040FEF725F867496048006829
:1037500004F0E6FD23D365495D48006804F0D6FD1A
:1037600002D24FF0010801E04FF0000800213B4871
:10377000006804F0CBFD01D1012000E0002008EA40
:10378000000800213648006804F0C0FD01D1012086
:1037900000E0002008EA0008B8F1000F0DD0002179
:1037A0004FF08040FDF7F4FF00214FF08040FDF71F
:1037B000F1FF01204E49086002E000204C490860FA
:1037C0004C491D48006804F0ABFD05D34A491A482E
:1037D000006804F09BFD0DD200214FF08040FDF702
:1037E000D7FF00214FF08040FDF7D4FF0120404972
:1037F000086086E082E00000A00000205001002068
:10380000750000208C000020C7000020C8000020A8
:10381000D40000207400002070000020C9000020A7
:103820002201002020010020300100202C01002076
:103830003801002034010020FC000020EC000020B2
:1038400054010020E0000020F0000020F8000020DB
:10385000F400002094010020900100205C01002071
:1038600058010020D5000020D6000020BC00002018
:103870003333B33EC0000020C4000020C500002048
:10388000C6000020CC000020D00000200000C8426C
:10389000480100200C010020E89D000810010020D4
:1038A0001401002018010020E80000207801002009
:1038B000680100200080FB3F6C0100200000C43F35
:1038C0005A00002088010020540000208C010020B4
:1038D000440000200000A0C10000A04100100140F1
:1038E00048000020000C014000002041000020C1E1
:1038F0004401002000004842000048C20020F8496E
:103900000860BDE8F0812DE9F041F6480468002523
:103910000026F3480068A0B9F348006820F000478B
:10392000F249384604F0FCFC0BD8EE48006820F061
:103930000047EF49384604F0E9FC02D800BF4FF0D9
:1039400082462146EB48006804F0FCF90746294608
:1039500004F0F8F9E84908602146E648006804F0F8
:1039600043FA0746314604F0EDF9E4490860E248BD
:10397000006804F056FC00B2B0F57A7F02DDE04842
:10398000DD490860DC48006804F04BFC00B210F52B
:103990007A7F02DADB48D8490860D848006804F02A
:1039A00040FC00B2B0F57A7F02DDD548D34908600B
:1039B000D248006804F035FC00B210F57A7F02DAD4
:1039C000D048CE490860CD48006804F02AFC07B210
:1039D000C948006804F025FC0FFA80F839464046D3
:1039E000FFF76FFEBDE8F08170B5C748FDF7EBFE4D
:1039F0000446C648FDF7E7FE0546C5480460C548CD
:103A000005600021C048FDF7BBFE0021BF48FDF75F
:103A1000B7FE20B2C0490880684200B2BF490880A2
:103A2000BF480068BC49B1F900100844BC490860AF
:103A3000BC480068B949B1F900100844B9490860A8
:103A400070BD2DE9F04F87B0B5490968B54A1268D5
:103A5000881804F0C7FBB44908600020B149086029
:103A6000AF490860B148006804F008FC4FF06632C6
:103A7000AF4BCDE9040104F0D4FA074604F02AFC68
:103A8000AA490860A848006804F0F8FB4FF03332F8
:103A9000A84BCDE9000104F0C4FACDE90401A34824
:103AA000006804F0EBFBCDE90201DDE9042304F03A
:103AB00011FA074604F00EFC9C4908609E498A48AA
:103AC000006804F097F9064698480168304604F00B
:103AD0008BF9044626F0004B9448006820F0004023
:103AE0000690A14621469548006804F083F90746F0
:103AF000002104F00BFC04D29149484604F07AF905
:103B0000814649468D48006804F01CF98B490860DD
:103B10004FF08241584604F0F9FB12D88949874892
:103B2000006804F067F9854908607049069804F058
:103B3000EDFB06D883498148006804F05BF97F49B2
:103B4000086081497D48006804F0EAFB02D27E48A3
:103B50007A4908607D497948006804F0D7FB02D2B1
:103B60007A48764908607A480068032813D1002013
:103B70007849086078490968A1F1800004F040FBA9
:103B800007460022754B04F04CFACDE9040104F01D
:103B9000A1FB704908606E480068042813D100201A
:103BA0006F4908606F490968A1F1C00004F028FB63
:103BB00000226D4BCDE9040104F033FA074604F00E
:103BC00089FB67490860664801685C48006804F042
:103BD00011F907465F480168204604F00BF980465A
:103BE000394604F0AFF880F0004060490860604951
:103BF0006048006804F094FB05D35F495D480068A5
:103C000004F084FB6AD25948006880F000475948A4
:103C10000168384604F020F982464FF08241584648
:103C200004F074FB0DD85549504604F079FB01D2DD
:103C3000DFF848A15249504604F068FB01D2DFF892
:103C400040A15049504604F06BFB01D2DFF834A18B
:103C50004D49504604F05AFB01D2DFF82CA14B48E5
:103C60000168504604F0C0F805464949284604F06A
:103C700057FB00D2464D4749284604F047FB00D287
:103C8000444D29464148006804F05CF83F4908600B
:103C90004FF08241584604F039FB1AD81349069870
:103CA00004F034FB15D83C493848006804F0A2F809
:103CB0003649086039493548006804F031FB08D2BC
:103CC00037493248006804F021FB02D200202F4916
:103CD00008602E480068334908606AE064E000002C
:103CE0004401002054010020500100200000F04158
:103CF0000000C841F0000020F4000020F80000207F
:103D000000007A4400007AC400040040000800402B
:103D10003C01002040010020200100202201002061
:103D20002C01002030010020340100203801002047
:103D30006666E63F3333D33F000080BFCC000020EF
:103D4000CDCC0C406666663F0000FA450000FAC51F
:103D50007801002014010020700100200000DE3FE7
:103D600018010020740100200000C43FE80000207A
:103D70006F12833A0C0100206F1283BA9A99993F0F
:103D80009A9999BF0000C0400000C0C0D000002038
:103D9000CDCC4C3ECDCC4CBE9A99593FCDCC4CBDF0
:103DA000CDCC4C3DEC0000200020FE490860FE49CF
:103DB000086007B0BDE8F08F2DE9F041FB480068CE
:103DC000002850D1FA48FDF7FEFC00EB800000EB24
:103DD00000104400204604F013FA05460022F54B7B
:103DE00004F091F9074604F075FAF34908600846B3
:103DF000006804F043FA044622460B46EFA004F0A4
:103E0000A7FCF148007820B90020F0490860BDE81F
:103E1000F081E948006804F031FA04460022EC4BD6
:103E200004F040FA03D8EB48E84908601BE0EA498F
:103E3000E148006804F074FA01D8012400E000248D
:103E40004FF08241DC48006804F060FA01D801209C
:103E500000E0002004401CB1E048DC49086002E0BA
:103E60000020DA49086000BFD1E72DE9FC5FDC489B
:103E70000068012878D1DB48D0F800B0DA48006843
:103E80000190DA48B0F90290D948B0F900A0CA48C8
:103E90000468484604F0A6F906464FF08D4103F049
:103EA000DBFF0546D34903F0A5FFD3490860504620
:103EB00004F098F90646D14903F096FF0546D0492B
:103EC00003F0CAFFCF490860584604F0D7F9074607
:103ED000CD4ACE4B04F017F9054604F0FBF98346B2
:103EE000019804F0CBF90546C74AC84B04F00BF91A
:103EF000074604F0EFF901905021C54803F0FEFE9B
:103F0000C348C4A1096801600A21C34803F0F6FE52
:103F1000C24800210160416001810A21C04803F0CC
:103F2000EDFEC04800210160416001810A21BE48C8
:103F300003F0E4FEBD480021016041600181BC49FD
:103F4000584604F0E3F910D8BA49584604F0E8F9A5
:103F50000BD8584604F092F905462A460B46B6A1FE
:103F6000AD4804F005FC02E0C7E0BDE8FC9FB049A5
:103F7000019804F0CBF90FD8AE49019804F0D0F9BC
:103F80000AD8019804F07AF905462A460B46AAA1F8
:103F9000A24804F0EDFB00E0E7E7A9499648006875
:103FA00004F0BEF911D2A7499348006804F0AEF9B5
:103FB0000BD29148006804F061F905462A460B4689
:103FC0009DA1974804F0D4FB00E0CEE79E498D48C0
:103FD000006804F0A5F911D29C498A48006804F0F1
:103FE00095F90BD28748006804F048F905462A463F
:103FF0000B4691A18B4804F0BBFB00E0B5E7002124
:10400000204604F08DF90FD89149204604F07EF93E
:104010000AD2204604F032F905462A460B4686A10C
:10402000814804F0A5FB00E09FE7002000F03EFF80
:104030000090009804F0DFF80746864903F0DAFEA6
:1040400006464FF08B4103F007FF0546824903F017
:10405000CBFE8249086000218048006804F060F9C6
:1040600011D878497D48006804F050F90BD27B489C
:10407000006804F003F905462A460B466EA16B481A
:1040800004F076FB00E070E76349614803F041FE0D
:1040900073A15F4803F03DFE60495D4803F039FEBF
:1040A00070A15B4803F035FE5D49594803F031FECD
:1040B0006DA1574803F02DFE5A49554803F029FEDB
:1040C0006AA1534803F025FE5749514803F021FEE9
:1040D00068A14F4803F01DFE54494D4803F019FEF6
:1040E00065A14B4803F015FE5021644803F006FE1D
:1040F00050224749614803F0E8FD00BF35E710B59D
:104100005F480068401E5E49086035480068012825
:1041100007D10846006820B9FFF7A7FE574800F00E
:10412000A0FD5748006818B941F28830544908602A
:1041300010BD70B506460D4614462146304604F0C3
:10414000EFF801D2204670BD2946304604F0DEF873
:1041500001D22846F7E73046F5E72DE9F047044657
:104160000E4617461D46DDE90889464A464930464F
:10417000FFF7DFFF0646434A43493846FFF7D9FFBA
:1041800007460021284604F0C1F801D285F0004519
:104190003E4A3F492846FFF7CCFF0546B8F1000FDD
:1041A0007BD178E0EC000020D000002060010020EE
:1041B000002C0140000069404C0100206A756C69C8
:1041C0003D25660A0000000075000020480100201F
:1041D00000001040000096C30000A0400000FA4319
:1041E0007C010020F4000020F80000205A0000208C
:1041F00054000020CDCC1C41880100209A190043B6
:10420000000003438C01002048E17A14AE470F40C0
:104210002C020020244C5600440300204E030020B2
:1042200058030020620300206C0300207603002066
:1042300000007A4400007AC425332E326600000064
:104240000000A0C10000A04100803BC500803B45AC
:1042500000401C46CDCC5441CDCC4C3EDC0000206F
:104260002C5256002C4143002C4759002C435342FA
:10427000000000002C565400230000007C020020A7
:104280008001002000008243000082C30000404003
:104290000AD7233C01E04FF0010841F28830804505
:1042A00000D98046012C00D10027042C00D1002623
:1042B000FC48047046608760FB480068F949C860A4
:1042C00008460561A0F814800020C8820120087605
:1042D000B9F1000F06D00320F4490870F4480078C3
:1042E000F4490870BDE8F0872DE9F04780460C4698
:1042F0001546EC48007E20B9002020602860BDE80B
:10430000F08700263DE0E74AD168506803F06CFD75
:10431000074627F00049E3480169484603F0F6FFE5
:1043200004D8E0484068DF49C86013E000213846FF
:1043300003F0F6FF07D2DB4A1169D06803F002FDF3
:10434000D849C86006E0D74A1169D06803F04CFD2F
:10435000D449C860D348C08AD249898A884204DADD
:10436000D048C08A401CCF49C882CE48C08ACD49B7
:10437000898A884203DB0020CA49087603E0701C62
:10438000C6B24645BFDB00BFC648C0682060C5480E
:1043900080682860C348007E08B90220AFE701208A
:1043A000ADE77CB504460D4616460020C2490870AC
:1043B00001202B4600222146CDE90060FFF7CDFE0B
:1043C0007CBD2DE9FC4104460D4616461F460FB143
:1043D000012000E00020B84908700020B7490870AB
:1043E000B749087001202B4600222146CDE9006024
:1043F000FFF7B3FEBDE8FC8108B1012100E0002118
:10440000AD4A11700021AD4A1170AD4A117070476C
:104410007CB504460D4616460120AA4B2A46214685
:10442000CDE900600220FFF798FE7CBD7CB5044614
:104430000D4616460120A34B2A462146CDE90060D1
:104440000320FFF78AFE7CBD7CB504460D460120A3
:104450009C4B22460021CDE900500420FFF77DFE51
:104460007CBD70B505460C460021284603F04EFF82
:1044700001D285F000450021204603F047FF01D21C
:1044800084F00044904805609048046070BD2DE9B8
:10449000F04705460C4616461F46DDF8208025F0FD
:1044A000004524F000448A4A00212846FFF741FED7
:1044B00088490860864A00212046FFF73AFE854970
:1044C000486085480680008810B90120824908802C
:1044D0008148008841F28831884202D908467E49E5
:1044E000088027F000497D4A7D494846FFF721FEB4
:1044F0007C490860B8F1000F01D0012000E00020E5
:10450000794908700020794908707348008803F0E1
:1045100072FE8246764903F06DFC81464946754835
:1045200003F09AFC6B4988606F48007808B17248C4
:1045300000E072486749C86000200861FEF762FF2A
:1045400001205A4908705A4800785A4908700020DA
:104550006B490860BDE8F0872DE9FF4F85B08346C1
:1045600014461D466749204603F0D0FE00D2654C34
:104570000021129803F0CAFE01D200201290624975
:10458000129803F0CDFE01D25F481290214659489F
:1045900003F062FC0746564903F05EFC06464FF006
:1045A0007E51304603F0B2FE01D24FF07E5657499D
:1045B000304603F0B5FE00D2544E4FF07C513046E9
:1045C00003F0C0FB074603F045FE1FFA80F950498F
:1045D000129803F00FFC07463A4903F0B3FB8246FA
:1045E000284603F04BFE074605F088FBCDE90001A5
:1045F00003F070FE0021029003F092FE01D801202A
:1046000000E000200390039853464A460090584625
:104610000699FFF73CFF09B0BDE8F08F00B50346EF
:104620000A46022021490870FEF7ECFE3948036073
:10463000394802601E4800781E4908700020304941
:10464000086000BD2DE9F05F04460D46D4F80090E7
:10465000D5F800A0314F3249384603F057FE00D854
:10466000304F3148D0F800803049404603F058FEC2
:1046700060D82F49404603F049FE5BD800200F491F
:1046800008700F480078FF2804D20D480078401CBD
:104690000B4908700A48007804287ED34FF00009BF
:1046A000CA467AE0A00000205001002075000020DA
:1046B000D400002074000020C6000020C7000020A5
:1046C000C80000203333B33E980000209C00002037
:1046D0000000824378000020BC0000200000404021
:1046E0000AD7233CC0000020C4000020C5000020E1
:1046F0000AD7A33BDB0FC940DA0FC93FDA0FC9BFA6
:1047000070000020CDCCCC3D6666E63E00409C4566
:104710009A99993F90000020940000200000C84121
:1047200000003041000090414C010020000020407A
:10473000000020417B49404603F0F2FD28D2394673
:10474000404603F0E3FD23D80020774908707748FE
:104750000078FF2804D275480078401C734908701F
:10476000724800780C2818D37148D0F8009071482E
:10477000D0F800A029F0004B6F49584603F03AFBEF
:1047800006463146504603F0CBFD06D2B24604E061
:1047900000206649087064490870C4F80090C5F8A4
:1047A00000A0BDE8F09F1CB564480068019000209F
:1047B0000090694601A8FFF745FF6149019808602C
:1047C00060490098086000205F4908605F49086000
:1047D0001CBD2DE9FF415E4805785E480078281A27
:1047E000C6B25C4805705C48007E40BB5B48007800
:1047F00000F0010058B95A48007810B15948406893
:1048000003E05848406880F0004007460AE05448FA
:10481000007820B15348406880F0004001E05148E2
:1048200040680746002050490988CDE900104D48EE
:1048300001684E483A4603680220FFF78EFC02AA40
:1048400003A93046FFF750FD0446022C05D143482A
:10485000007880F0010041490870394903980860E8
:10486000384902980860012037490860002037491C
:104870000860BDE8FF817CB535480478354800788C
:10488000201AC5B2334804706A4601A92846FFF7CA
:104890002BFD064616B90020019000902E480078A6
:1048A000012807D13248007820B1694601A8FFF7F6
:1048B000C9FE04E000201D4908701B49087020490A
:1048C000019808601F490098086001201E4908608F
:1048D00000201E4908607CBD10B526480078E0B174
:1048E000012804D0022808D0032815D102E0FFF7E0
:1048F00070FF15E0FFF7BFFF12E01F480068104986
:1049000008601E4800680F49086001200E490860D1
:1049100000200E49086003E000BFFFF744FF00BF1E
:1049200000BF10BD00002041C8000020C7000020CB
:10493000980000209C000020CDCC4C3F8C00002033
:104940005001002054010020600100204801002097
:10495000D400002074000020A0000020C50000202A
:10496000C400002078000020BC000020C00000200F
:10497000C600002075000020900000209400002058
:1049800000B585B0012144F20400FBF7D1FF4FF4DC
:104990000070ADF8100018208DF8130003208DF87A
:1049A000120004A9BB48FBF707FD4FF48060ADF887
:1049B000100004208DF8130004A9B648FBF7FCFC96
:1049C0004FF4E13000900020ADF80400ADF806008F
:1049D000ADF80800ADF80C000C20ADF80A006946EF
:1049E000AD48FCF75AFF0121AB48FCF7E2FF05B0E8
:1049F00000BD08B54FF48060FBF782FB27208DF8DF
:104A0000000004208DF8010001208DF802008DF8CF
:104A100003006846FBF779FB08BD00B585B00121AE
:104A20008804FBF792FF01210820FBF781FF4FF478
:104A30008060ADF8100018208DF8130003208DF869
:104A4000120004A99548FBF7B7FC4FF40060ADF8DD
:104A5000100004208DF8130004A99048FBF7ACFC6B
:104A6000FFF7C7FF4FF4165000900020ADF8040088
:104A7000ADF80600ADF80800ADF80C000C20ADF85C
:104A80000A0069468648FCF708FF012240F22551DA
:104A90008348FCF79AFF01218148FCF78AFF05B0A3
:104AA00000BD70B504460D46E1B27B48FCF7EEFF51
:104AB00000BF40217848FDF757F80128F9D120467A
:104AC00070BDF0B503460D461646002729460A2E4E
:104AD00003D0002008702846F0BD33B9302001F81B
:104AE000010B002008702846F6E7002B03DA2D2082
:104AF00001F8010B5B4242F210720DE093FBF2F4FD
:104B000004B937B104F1300001F8010B04FB123392
:104B100001270A2092FBF0F2002AEFDC0020087047
:104B20002846D9E70FB470B586B006460CA80190A8
:104B300073E00B9800785C281CD10B98401C0B90FC
:104B400000786E2809D072280FD10D213046FCF76D
:104B50009DFF0B98401C0B900BE00A213046FCF7A0
:104B600095FF0B98401C0B9003E00B98401C0B909A
:104B700000BF4BE00B980078252840D10B98401CD3
:104B80000B900078642818D0732833D1019810C88E
:104B900001900BE021783046FCF778FF00BF402100
:104BA0003046FCF7E1FF0028F9D0641C207800288B
:104BB000F0D10B98401C0B9020E0019820C8019088
:104BC0000A2202A92846FFF77CFF02AC0BE02178FD
:104BD0003046FCF75BFF00BF40213046FCF7C4FFC6
:104BE0000028F9D0641C20780028F0D10B98401CD4
:104BF0000B9003E00B98401C0B9000BF06E00B9855
:104C000010F8011B0B903046FCF740FF00BF40211D
:104C10003046FCF7A9FF0028F9D00B98007800284F
:104C200087D106B070BC5DF814FB10B50446214670
:104C30001948FCF72BFF00BF40211748FCF794FFF1
:104C40000128F9D110BD10B5044621461448FCF7DF
:104C50001DFF00BF40211248FCF786FF0128F9D153
:104C600010BD70B505462C4603E02078FFF7EBFF3A
:104C7000641C20780028F8D170BD70B505462C461C
:104C800003E02078FFF7D1FF641C20780028F8D1DA
:104C900070BD00000008014000380140000C0140D8
:104CA000004800407FB504460D460121C802FBF7CD
:104CB0003FFE41F28830ADF8080041F61F40ADF8E4
:104CC00004000120ADF80A000020ADF8060001A99B
:104CD0001148FBF765FF012241210F48FCF7D7FA85
:104CE00019208DF8000003208DF8010000208DF8B8
:104CF000020001208DF803006846FBF706FA7FBD2D
:104D000010B501210448FCF770FD18B101210248DB
:104D1000FCF77CFD10BD0000002C01401FB50121F7
:104D20003D48FBF71AFC01210920FBF701FE012099
:104D3000ADF80C0010208DF80F0003208DF80E0048
:104D400003A93648FBF738FB0220ADF80C002820F9
:104D50008DF80F0003A93148FBF72EFB012108460F
:104D6000FBF740FC0220019000208DF8080008208D
:104D70008DF8090001208DF80A0001A8FBF73CFA24
:104D800007208DF8000003208DF8010001208DF828
:104D900002008DF803006846FBF7B7F91FBD10B598
:104DA0000220FBF78FFA48B300211D48FCF7E8FC0E
:104DB00001211B48FCF750FA01201A49086012E053
:104DC0001748FCF700FD3C2807DB00211448FCF7DE
:104DD00043FA00201349086005E002210F48FBF761
:104DE0007EFB104908600F4800680028E8D10021C8
:104DF0000B48FCF731FA0220FBF775FA10BD10B52D
:104E000001210648FBF785FB0C20FDF71FFA012165
:104E10000248FBF780FB10BD00023000000C01408F
:104E2000002C0140E401002000B587B001214FF4BF
:104E30000170FBF77DFD4FF40040FBF7DDFC012026
:104E4000ADF8040000208DF8070001A92348FBF706
:104E5000B3FA2348FCF7E2FE002002908DF80C0024
:104E60008DF80D004FF46020049000200590012083
:104E70008DF8180002A91A48FCF7F7FE012118481E
:104E8000FCF71FFF1648FCF73EFF00BF1448FCF775
:104E90003FFF0028FAD11248FCF744FF00BF10483A
:104EA000FCF745FF0028FAD107B000BD10B5044655
:104EB0000723012221460A48FCF76FFF0121084819
:104EC000FCF73FFF00BF02210548FDF7ABF80028C3
:104ED000F9D00348FCF7C8FF10BD000000080140EE
:104EE000002401400648804706480047FEE7FEE7E9
:104EF000FEE7FEE7FEE7FEE7FEE7FEE7FEE7FEE78A
:104F00004B210008ED00000838B50446FB4890F836
:104F10002400C0B114B10220009001E000200090F4
:104F2000F64A1268D17BF54A526810786B46012226
:104F3000FDF7F9FA10B14FF0FF3038BD9DF80010C1
:104F4000EE48417423E0ED48807A10B94FF0FF300D
:104F5000F3E724B1E948407C08B10020EDE714B143
:104F60000120009001E000200090E44A1268D17B0B
:104F7000E24A526810786B460122FDF7D4FA10B16C
:104F80004FF0FF30D9E79DF80010DC484174002055
:104F9000D3E738B5002419E0D8480068C07AA042A9
:104FA00004D0D6480068407DA04200D10CE0D3492F
:104FB000496808786B4601222146FDF703FB10B1D2
:104FC0004FF0FF3038BD00BF601CC4B2CB48406812
:104FD0000079A042E0DC0020F4E770B504460D46FD
:104FE000C6480068C07AA04204D0C4480068407D2A
:104FF000A04202D14FF0FF3070BDC0484068007938
:10500000A04202DC4FF0FF30F6E7BC49496808785F
:105010002B4601222146FDF7D5FAEDE738B50446C7
:10502000B64890F82300A04201D1002038BD14B149
:105030003020009001E000200090B048807C20B13A
:105040009DF8000040F002000090AC4890F822006B
:1050500020B19DF8000040F080000090A74A12683F
:10506000117DA64A526810786B460122FDF75BFA63
:1050700010B14FF0FF30D9E7A04880F8234000205E
:10508000D4E738B5044604F0700010B10120009058
:1050900005E014B10020009001E040200090974A04
:1050A0001268917C954A526810786B460122FDF790
:1050B0003AFA20B1002191488172481E38BD9DF80E
:1050C000000020F040018D4801730020009004F0A2
:1050D000400020B99DF8000040F00400009004F06A
:1050E000200020B99DF8000040F00200009004F07C
:1050F000100020B99DF8000040F00100009004F07D
:10510000080020B99DF8000040F0380000907B4A6C
:105110001268D17C794A526810786B460122FDF7FB
:1051200002FA20B1002175488172481EC6E724B1F9
:10513000082C02D00020FFF771FF70488472002114
:1051400001753220FDF78FF80020B7E738B5044627
:105150006A48807CA04201D1002038BD002C46D096
:10516000664A12681179654A526810786B460122C6
:10517000FDF728FA10B14FF0FF30EEE79DF8000080
:1051800020F0200000905D4A126811795B4A526855
:1051900010786B460122FDF7C6F910B14FF0FF30D1
:1051A000DBE70320FDF75FF802200090534890F8FA
:1051B000220020B19DF8000040F0800000904F4890
:1051C00090F8230020B19DF8000040F030000090DE
:1051D0004A4A1268117D494A526810786B4601228A
:1051E000FDF7A1F9002851D04FF0FF30B5E7434A51
:1051F00012681179414A526810786B460122FDF716
:10520000E1F910B14FF0FF30A7E73C48807A00F099
:10521000010028B19DF8000040F02000009004E05B
:105220009DF8000020F020000090344A12681179A7
:10523000324A526810786B460122FDF774F910B1BA
:105240004FF0FF3089E70320FDF70DF82B4890F869
:10525000220010B18020009001E00020009027483B
:1052600090F8230020B19DF8000040F0300000903D
:10527000224A1268117D214A526810786B46012239
:10528000FDF751F910B14FF0FF3066E71B48847409
:10529000002062E708B51948807A10B94FF0FF3056
:1052A00008BD00200090154A1268D17B134A52684D
:1052B00010786B460122FDF736F910B14FF0FF3040
:1052C000EEE70E4A126851790C4A526810786B4624
:1052D0000122FDF728F910B14FF0FF30E0E7074A4F
:1052E00012681179054A526810786B460122FDF761
:1052F0001AF928B14FF0FF30D2E70000E801002092
:10530000F74890F82400002853D00C200090F44A6D
:1053100012681179F24A526810786B460122FDF743
:1053200002F910B14FF0FF30BAE73220FCF79BFFD3
:10533000C0200090EA48807A00F0010020B19DF87A
:10534000000040F020000090E54A12681179E44A1C
:10535000526810786B460122FDF7E5F810B14FF066
:10536000FF309DE7DE48407C10B10220009001E054
:1053700000200090DA4A1268D17BD94A526810782E
:105380006B460122FDF7CFF810B14FF0FF3087E7F1
:1053900000200090D24A12685179D14A52681078A0
:1053A0006B460122FDF7BFF8002855D04FF0FF30C3
:1053B00076E704200090CA4A12681179C84A5268F8
:1053C00010786B460122FDF7AEF810B14FF0FF30B8
:1053D00066E7C348807C20B9C148807A00F00100AC
:1053E00010B94020009001E060200090BC4A126893
:1053F0001179BB4A526810786B460122FDF793F889
:1054000010B14FF0FF304BE73220FCF72CFFB448CF
:10541000407C10B10120009001E000200090B04AD3
:105420001268D17BAE4A526810786B460122FDF7B4
:105430007AF810B14FF0FF3032E7A94A126851797B
:10544000A74A52681078A64B10330122FDF76BF87B
:1054500010B14FF0FF3023E7002021E770B504467C
:10546000002624F001049E4890F8240008B1002092
:1054700070BD9B48807A10B94FF0FF30F8E798482C
:10548000057C807A2040964908740846007CA0423A
:1054900002D04FF0FF3600E0002614B99048007D9E
:1054A00018B10120FFF730FD02E00020FFF72CFDCE
:1054B0003CB1FFF7EFFE20B1894805744FF0FF3093
:1054C000D6E73046D4E738B504468548807A10B927
:1054D0004FF0FF3038BDBC2C02DB0120009015E0FE
:1054E000622C02DB0220009010E02A2C02DB032059
:1054F00000900BE0142C02DB0420009006E00A2C44
:1055000002DB0520009001E0062000907448C07A7C
:105510009DF80010884201D10020DBE7704A126834
:1055200091786F4A526810786B460122FCF7FBFFB6
:1055300010B14FF0FF30CDE79DF800106848C17200
:105540000020C7E738B50446282C02DD4FF0FF30B5
:1055500038BDDCB90020FFF761FD00208DF80000A8
:1055600007208DF801005E4A1268917C5C4A5268FF
:1055700010786B460222FCF7D6FF10B14FF0FF30D7
:10558000E6E70021564801750020E1E70120FFF71A
:1055900045FD20208DF80000012C06D100208DF85B
:1055A00001000520FFF78FFF17E0052C06DC012026
:1055B0008DF801000520FFF786FF0EE0142C06DCB5
:1055C00002208DF801000A20FFF77DFF05E003208F
:1055D0008DF801001420FFF776FF9DF801000721E8
:1055E00001EB8010C0B28DF801003D4A1268917C39
:1055F0003B4A526810786B460222FCF794FF10B1C8
:105600004FF0FF30A4E70821354881720021017373
:10561000012101750020FFF721FF002098E738B530
:1056200004462F48807A10B94FF0FF3038BD2C481F
:1056300090F8240010B14FF0FF30F7E72848007DC4
:1056400050B134B1282C04DCE0B2FFF77BFF00201E
:10565000ECE70020FFF776FF042C01DA042404E0D5
:10566000B4F57A7F01DD4FF47A744FF47A7090FBD1
:10567000F4F0401EC0B20090194A12685178184ADE
:10568000526810786B460122FCF74DFF10B14FF0C5
:10569000FF30CBE79DF80000401C4FF47A7191FB7E
:1056A000F0F081B20E48C1810146C9894810FFF768
:1056B0000AFF0020BAE738B504460948807A10B9D5
:1056C0004FF0FF3038BD022C06D0042C0AD0082C35
:1056D0000BD0102C0FD10BE0002000900EE000004A
:1056E000E80100200820009008E01020009005E06C
:1056F0001820009002E04FF0FF30E3E700BFF848C9
:10570000407A9DF80010B0EBE10F01D10020D9E7FD
:10571000F34A1268D179F24A526810786B46012236
:10572000FCF701FF10B14FF0FF30CBE79DF8000010
:10573000C110EB4841720020C4E738B50446E84880
:10574000807A10B94FF0FF3038BDFA2C09D0B4F58B
:10575000FA7F09D0B4F57A7F09D0B4F5FA6F0CD18D
:1057600008E0002000900BE00820009008E01020E6
:10577000009005E01820009002E04FF0FF30E3E7D2
:1057800000BFD748007A9DF80010B0EBE10F01D1BF
:105790000020D9E7D24A12689179D14A526810782C
:1057A0006B460122FCF7BFFE10B14FF0FF30CBE794
:1057B0009DF80000C010CA4908720020C4E71CB55B
:1057C00080208DF80000C64A1268917CC44A526855
:1057D00010786B460122FCF7A6FE10B14FF0FF30A7
:1057E0001CBD6420FCF73FFD00208DF80000BC4A82
:1057F0001268917CBA4A526810786B460122FCF715
:1058000092FE10B14FF0FF30EAE7B54A1268917D81
:10581000B34A526810786B460622FCF7D3FE10B1EB
:105820004FF0FF30DCE79DF80500C007400F9DF802
:10583000031001F0010140EA41009DF8011001F060
:10584000010140EA01048CB1012C03D10121A448DB
:10585000C17430E0022C03D10021A148C1742AE0B8
:10586000A0A0FFF70AFA4FF0FF30B9E79C4A126890
:10587000D1789B4A526810786B460122FCF7A2FE51
:1058800010B14FF0FF30ABE79DF8000000F00F04BF
:105890002CB99E48FFF7F1F94FF0FF30A0E7042C38
:1058A00006D19BA0FFF7E9F901218D48C17402E000
:1058B00000218B48C174FF2189488172FF208849EB
:1058C0000872FF2186484172C1724FF6FF71C18193
:1058D000FF21017481740121017380F822100021DD
:1058E00080F82310417501751630016041608160B8
:1058F000163880F8241080F82510C1844FF4FA601F
:10590000FFF71BFF10B14FF0FF3069E70220FFF7F0
:10591000D2FE10B14FF0FF3062E72A20FFF7D3FD2F
:1059200010B14FF0FF305BE73220FFF778FE10B187
:105930004FF0FF3054E70020FFF790FD10B14FF01B
:10594000FF304DE70020FFF701FC10B14FF0FF30B2
:1059500046E70020FFF795FB002041E77CB50446B1
:105960000D465F48807A00F0700010B94FF0FF30AC
:105970007CBD5B4A1268117B594A526810786B46AD
:105980000622FCF71FFE10B14FF0FF30F0E79DF844
:1059900001009DF8001040EA012000B220809DF82F
:1059A00003009DF8021040EA012000B260809DF8DB
:1059B00005009DF8041040EA012000B2A08015B156
:1059C0002846FCF75CFC0020D2E77CB504460D4677
:1059D0004348807A00F0080010B94FF0FF307CBDDA
:1059E0003F4A1268517B3E4A526810786B46062245
:1059F000FCF7E8FD10B14FF0FF30F0E79DF8010033
:105A00009DF8001040EA012000B220809DF80300BC
:105A10009DF8021040EA012000B260809DF8050068
:105A20009DF8041040EA012000B2A08015B128467C
:105A3000FCF725FC0020D2E72DE9FE4F05460C4679
:105A40002748807A18B94FF0FF30BDE8FE8F244A0E
:105A50001268917B224A5268107802AB0222FCF74E
:105A6000B1FD10B14FF0FF30EFE79DF809009DF850
:105A7000081040EA012006B214B12046FCF7FFFBF3
:105A800017494968C88802F0B6FB15490190496872
:105A9000B1F9080002F0A6FB8346304602F0A2FBF3
:105AA0005946009002F0A0F98246019902F0D4F91B
:105AB00081461F4902F046F980464FF08F4102F0BF
:105AC00099F9074602F0ADFB28600020BDE710B54C
:105AD00088B004461CB94FF0FF3008B010BD29E073
:105AE000E8010020556E737570706F7274656420E4
:105AF000736F6674776172652070726F647563741A
:105B0000207265762025642E0A00000060AC000833
:105B100048616C662073656E73697469766974791F
:105B2000207061727420666F756E642E0A0000002A
:105B300000000C42206830B9606820B9A06810B934
:105B4000002008B010BDFA494968087806AB032266
:105B50001146FCF737FD10B14FF0FF30F1E79DF82B
:105B60001800082101EB201000F00F00ADF8000034
:105B70009DF8190001EB201000F00F00ADF80200B5
:105B80009DF81A0001EB201000F00F00ADF80400A2
:105B900020684100BDF90000403091FBF0F000B2F8
:105BA000ADF8100060684100BDF90200403091FB83
:105BB000F0F000B2ADF81200A0684100BDF9040099
:105BC000403091FBF0F000B2ADF81400D8494968BC
:105BD000087806AB06221146FCF7F4FC10B14FF032
:105BE000FF30AEE79DF819009DF8181040EA01203B
:105BF00000B2ADF808009DF81B009DF81A1040EAAD
:105C0000012000B2ADF80A009DF81D009DF81C109F
:105C100040EA012000B2ADF80C00BDF81000BDF85C
:105C20000810084400B2ADF81000BDF81200BDF82D
:105C30000A10084400B2ADF81200BDF81400BDF817
:105C40000C10084400B2ADF81400BDF81000000AB2
:105C50008DF81800BDF81000C0B28DF81900BDF81D
:105C60001200000A8DF81A00BDF81200C0B28DF8BB
:105C70001B00BDF81400000A8DF81C00BDF81400CC
:105C8000C0B28DF81D00AA494968087806AB062203
:105C90001146FCF748FC10B14FF0FF3051E70020EF
:105CA0004FE70146A248007A30B1012807D0022808
:105CB00009D003280FD10AE0FA2008800EE04FF443
:105CC000FA7008800AE04FF47A70088006E04FF41A
:105CD000FA60088002E00020088000BF00BF0020BA
:105CE000704701469248407A30B1012807D0022817
:105CF00008D003280CD108E0022008700BE0042033
:105D0000087008E00820087005E01020087002E024
:105D10004FF0FF30704700BF8548C07C18B108784D
:105D20004006000E08700020F4E701468048C07A63
:105D3000082817D2DFE800F01704070A0D1013181F
:105D4000BC20088013E06220088010E02A20088030
:105D50000DE0142008800AE00A20088007E00520F2
:105D6000088004E000BF00BF0020088000BF00BF23
:105D70000020704701466E4890F8240010B14FF0A3
:105D8000FF3070476A48C08908800020F9E7014663
:105D900000200880401E704701464FF0FF307047DA
:105DA00001466348007A30B1012807D0022808D0A4
:105DB00003280CD108E05F4808600BE05E480860EB
:105DC00008E05E48086005E05D48086002E04FF0CA
:105DD000FF30704700BF0020FBE701465448407A7F
:105DE00030B1012808D002280AD0032810D10BE0D6
:105DF0004FF4804008800EE041F69C7008800AE075
:105E00004FF48050088006E04FF40060088002E004
:105E10004FF0FF30704700BF4548C07C10B1088884
:105E2000401008800020F5E701464148007C0870DA
:105E30000020704701463E48807A10B1012008706A
:105E400001E0002008700020704738B5044638484B
:105E5000807A10B94FF0FF3038BD354A1268117C96
:105E6000334A526810786B460222FCF7ABFB10B144
:105E70004FF0FF30F0E79DF801009DF8001040EA78
:105E8000012000B220800020E6E72DE9FE4F074602
:105E9000884692461D46DDF830B00026002424488E
:105EA00090F8240010B1601EBDE8FE8F002028701D
:105EB0001F48807A10B94FF0FF30F5E71C48007C8E
:105EC00010B94FF0FF30EFE71948007C00F04000B8
:105ED00008B1B01CC6B21648007C00F0200008B122
:105EE000B01CC6B21248007C00F0100008B1B01C13
:105EF000C6B20F48007C00F0080008B1B01DC6B261
:105F00000B4A1268917A0A4A526810786B4602224C
:105F1000FCF758FB10B14FF0FF30C5E79DF80100CA
:105F20009DF8001040EA0129B1450BDA0020BBE7DB
:105F3000E8010020000003430000834233330342A2
:105F400033338341FC4840684088B9EB600F17DD6C
:105F5000F94A1268517CF84A526810786B4601225F
:105F6000FCF730FB10B14FF0FF309DE79DF80000CB
:105F700000F0100020B1FFF78DF96FF0010093E7FA
:105F80005046FCF77CF9EC4A1268D17AEA4A52682A
:105F900010786B463246FCF715FB10B14FF0FF301E
:105FA00082E799FBF6F0401E8BF800000020287075
:105FB000B4422AD0E048007C00F0080028B3601CFE
:105FC0001DF800001DF8041040EA012000B2A8F8F6
:105FD0000000E01C1DF80010A01C1DF8000041EAA4
:105FE000002000B2A8F80200601D1DF80010201D5E
:105FF0001DF8000041EA002000B2A8F8040028784B
:1060000040F008002870A01D84B2B44213D0CA48E2
:10601000007C00F0400070B1601C1DF800001DF80D
:10602000041040EA012000B23880287840F0400097
:106030002870A01C84B2B44213D0BF48007C00F08A
:10604000200070B1601C1DF800001DF8041040EA2B
:10605000012000B27880287840F020002870A01C31
:1060600084B2B44213D0B448007C00F0100070B188
:10607000601C1DF800001DF8041040EA012000B269
:10608000B880287840F010002870A01C84B200204E
:106090000AE7F8B504460F461646A74890F82400CC
:1060A00010B94FF0FF30F8BDA348807A10B94FF017
:1060B000FF30F8E7A04A1268917A9F4A5268107838
:1060C0006B460222FCF77EFA10B14FF0FF30EAE790
:1060D0009DF801009DF8001040EA0125A54203DA71
:1060E00000203070401EDEE7934840684088B5EBE2
:1060F000600F17DD904A1268517C8F4A5268107801
:106100006B460122FCF75EFA10B14FF0FF30CAE790
:106110009DF8000000F0100020B1FFF7BBF86FF011
:106120000100C0E7E2B2844B1B68D97A824B5B68FE
:1061300018783B46FCF746FA10B14FF0FF30B2E753
:1061400095FBF4F0401E30700020ACE701467A4821
:1061500080F82210002070477CB5054676494968D2
:10616000087801AB04220D21FCF72CFA08B10720B6
:106170007CBD9DF80700C0F301109DF8041001F0EC
:10618000E00140EAE1008DF800009DF80700C0F34F
:1061900081009DF8051001F0E00140EAE1008DF872
:1061A00001009DF8070000F003009DF8061001F0C3
:1061B000E00140EAE1008DF8020000241CE01DF837
:1061C000040018B9002045F8240013E05B4845F8A6
:1061D000240006E055F82400594901F00BFE45F86B
:1061E00024001DF80400401EC0B20DF80400002871
:1061F000F0D100BF601CC4B2032CE0DB0020B7E785
:106200002DE9FE4F06460F4600256846FFF7A4FF1E
:10621000002442E056F8240057F82410A0EB010AAD
:10622000BAF1000F01DB514601E0CAF10001084656
:1062300001F0D8FF83464FF08F4101F00DFE8046FC
:106240005DF82400002102F061F816D05DF82410FA
:10625000404601F001FE82464FF07E5101F0C4FD40
:10626000814629F0004A3748416A504602F058F802
:1062700012D20120A04005430EE03248C1694046D9
:1062800002F044F805D32F48016A404602F048F86E
:1062900002D20120A0400543641C032CBADB28462F
:1062A000BDE8FE8F2DE9FC5F06460F46002522491A
:1062B0004968087801AB03220D21FCF783F910B17E
:1062C0000720BDE8FC9F9DF8040000F01F008DF83A
:1062D00004009DF8050000F01F008DF805009DF8F2
:1062E000060000F01F008DF80600002462E056F85A
:1062F000240057F82410A0EB010BBBF1000F01DBC9
:10630000594601E0CBF10001084601F06BFF4FF068
:106310008F41009001F0A0FD814601A8005DC0B34F
:106320000849086801F067FF83465946064801F0AE
:1063300093FD80460FE00000E80100207B14AE3E94
:106340001D5A843F309E000800B04C45FE4940462F
:1063500001F050FD804601A8005D401EC0B201A9B9
:1063600008550028F2D14146484601F075FD8346A4
:106370004FF07E5101F038FD82462AF0004BF34881
:106380008169584601F0CCFF13D20120A04005439B
:106390000FE0FFE7ED480169484601F0B7FF05D37C
:1063A000EA484169484601F0BBFF02D20120A04003
:1063B0000543641C032C9ADB284682E72DE9F04F45
:1063C00087B005460C46914601208DF8100000204C
:1063D0008DF81100DE4A1268917CDD4A526810780F
:1063E00004AB0222FCF79FF820B14FF0FF3007B05A
:1063F000BDE8F08FC820FBF736FF00208DF81000B5
:10640000D34A1268D17BD24A5268107804AB012279
:10641000FCF789F810B14FF0FF30E8E7CC4A12687A
:106420005179CB4A5268107804AB0122FCF77BF813
:1064300010B14FF0FF30DAE7C54A1268917CC44AC8
:106440005268107804AB0122FCF76DF810B14FF0E0
:10645000FF30CCE7BE4A1268D17DBD4A5268107841
:1064600004AB0122FCF75FF810B14FF0FF30BEE73C
:10647000B74A12681179B64A5268107804AB012203
:10648000FCF751F810B14FF0FF30B0E70C208DF859
:106490001000AF4A12681179AD4A5268107804AB07
:1064A0000122FCF740F810B14FF0FF309FE70F20BA
:1064B000FBF7D9FEA648806A407A8DF81000A44AFE
:1064C00012689178A24A5268107804AB0122FCF756
:1064D0002AF810B14FF0FF3089E79D48806A007AB2
:1064E0008DF810009A4A12685178994A52681078CB
:1064F00004AB0122FCF717F810B14FF0FF3076E73C
:10650000B9F1000F07D09248806A807A40F0E0002D
:106510008DF8100004E08E48806A807A8DF81000B3
:106520008B4A126891798A4A5268107804AB01222A
:10653000FBF7F9FF10B14FF0FF3058E7B9F1000F4A
:1065400007D08348806AC07A40F0E0008DF81000E0
:1065500003E07E48C07A8DF810007D4A1268D17938
:106560007B4A5268107804AB0122FBF7DCFF10B1C4
:106570004FF0FF303BE7B9F1000F02D0C820FBF726
:1065800072FE40208DF81000714A12681179704A2D
:106590005268107804AB0122FBF7C5FF10B14FF031
:1065A000FF3024E778208DF81000694A126851798D
:1065B000674A5268107804AB0122FBF7B4FF10B1B0
:1065C0004FF0FF3013E761498889FBF74CFE00204C
:1065D0008DF810005E4A126851795D4A5268107851
:1065E00004AB0122FBF79FFF10B14FF0FF30FEE636
:1065F000574A1268917A564A5268107804AB0222C0
:10660000FBF7E0FF10B14FF0FF30F0E69DF811000E
:106610009DF8101040EA012B0C209BFBF0F0C6B255
:106620000020A86068602860A060606020608246EA
:1066300065E0474A1268D17A454A5268107804AB3F
:106640000C22FBF7BFFF10B14FF0FF30CFE69DF8F3
:1066500011009DF8101040EA012000B2ADF80800CA
:106660009DF813009DF8121040EA012000B2ADF829
:106670000A009DF815009DF8141040EA012000B2B0
:10668000ADF80C00BDF90810206808442060BDF981
:106690000A10606808446060BDF90C10A0680844E6
:1066A000A0609DF817009DF8161040EA012000B286
:1066B000ADF800009DF819009DF8181040EA01207F
:1066C00000B2ADF802009DF81B009DF81A1040EAD8
:1066D000012000B2ADF80400BDF90010286808449C
:1066E0002860BDF90210686808446860BDF90410AC
:1066F000A8680844A8600AF1010000F0FF0AB2454A
:1067000097DB1248D0F800C02868C117090441EA95
:106710001041070462460023384601F0A5FA3246CC
:106720000023CDE9020101F09FFA28600748D0F864
:1067300000C06868C117090441EA104107046246B5
:106740000023384606E0000054E3853F309E0008F1
:10675000E801002001F088FA32460023CDE9020169
:1067600001F082FA6860FE48D0F800C0A868C1173E
:10677000090441EA1041070462460023384601F04B
:1067800073FA32460023CDE9020101F06DFAA860E8
:10679000F348D0F804C02168C817000440EA114843
:1067A0000F04624600233846414601F05DFA324646
:1067B0000023CDE9020101F057FA2060E848D0F843
:1067C00004C06068C117090441EA10410704624629
:1067D0000023384601F048FA32460023CDE9020191
:1067E00001F042FA6060DE48D0F804C0A068C1172A
:1067F000090441EA1041070462460023384601F0CB
:1068000033FA32460023CDE9020101F02DFAA060EF
:10681000A068002804DDA068A0F58030A06003E037
:10682000A06800F58030A0600020E0E538B504469F
:10683000CC4890F82400A04201D1002038BD24B3F8
:10684000C84890F8250010B94FF0FF30F6E7002057
:10685000FEF75AFB0020FEF779FCC249C88CFEF710
:10686000DEFE00200090BF49496808786B4601228F
:106870002321FBF758FE0121BA4880F8241001209B
:10688000FEF742FBFEF706FD13E00020FEF73CFB9F
:10689000B448007C0090B349496808786B460122EF
:1068A0002321FBF740FE0021AE4880F82410FEF7BC
:1068B000F1FC0020C2E72DE9F04F8DB083460F4672
:1068C00002200C90A74890F8240020B10020FFF788
:1068D000ADFF012600E0002603A8FFF7E2F905A8B6
:1068E000FFF7FFF901A8FFF720FA02A8FFF742FA25
:1068F0009C4890F80AA004A8FFF796FA002407E045
:10690000002239465846FFF759FD00B902E0641CE1
:10691000022CF5DB00BF022C01D1002528E0002469
:1069200007E0012206A909A8FFF748FD00B902E027
:10693000641C022CF5DB00BF022C01D1002517E0FE
:1069400006A93846FFF75CFC00F0FF0809A9584685
:10695000FFF7A8FC00F0FF090025B9F1000F01D1F5
:1069600045F00105B8F1000F01D145F0020500BF67
:10697000FF207C490872FF217A484172C1724FF6AC
:10698000FF71C181FF218172017401210173BDF882
:106990000C00FEF7D2FE9DF81400FEF78CFEBDF849
:1069A0000400FEF790FDBDF80800FEF738FE5046E3
:1069B000FEF767FB9DF81000FEF750FD16B10120B1
:1069C000FFF734FF28460DB0BDE8F08FF8B5044658
:1069D0000D46164616B94FF0FF30F8BD6148807A73
:1069E00010B94FF0FF30F8E720128DF80000E0B248
:1069F0008DF801009DF8010028445A4949684989E9
:106A0000884202DD4FF0FF30E7E7564A1268117EF8
:106A1000544A526810786B460222FBF784FD10B18D
:106A20004FF0FF30D9E7EAB24E4B1B68597D4D4B12
:106A30005B6818783346FBF776FD10B14FF0FF30F6
:106A4000CBE70020C9E7F8B504460D46164616B94F
:106A50004FF0FF30F8BD4348807A10B94FF0FF3057
:106A6000F8E720128DF80000E0B28DF801009DF8E3
:106A7000010028443B4949684989884202DD4FF0BA
:106A8000FF30E7E7374A1268117E364A52681078BD
:106A90006B460222FBF747FD10B14FF0FF30D9E7FC
:106AA000EAB2304B1B68597D2E4B5B681878334631
:106AB000FBF788FD10B14FF0FF30CBE70020C9E7AE
:106AC0002DE9F04385B005460E4690469946254887
:106AD00090F8250020B14FF0FF3005B0BDE8F083FD
:106AE00016B94FF0FF30F8E7002423E0281B1028E8
:106AF00001DD102000E0281B87B2321939462046FC
:106B0000FFF764FF10B14FF0FF30E6E701AA394606
:106B10002046FFF798FF10B14FF0FF30DDE7301946
:106B20003A4601A901F001F910B16FF00100D4E774
:106B3000E01984B2AC42D9DB4FEA28208DF800007E
:106B400008F0FF008DF80100064A1268917E054AA0
:106B5000526810786B460222FBF7E5FC38B103E07F
:106B6000309E0008E80100204FF0FF30B5E701211A
:106B70008A4880F82510A0F826900020ADE701464D
:106B8000864890F8240008700020704702464FF0B5
:106B9000FF30704701464FF0FF307047F8B50546AB
:106BA0000F461446002C70D0B5F5FF5F01DDFF26BF
:106BB00005E0202D01DA012601E0C5F3471607B9EB
:106BC0000127282C02DD4FF0FF30F8BD7348407DCF
:106BD00028BB724890F8240038B10020FFF726FE49
:106BE00001216E4880F8201003E000216B4880F8F6
:106BF00020106A481630FFF754F868481830FFF73D
:106C000070F866481A30FFF790F864481C30FFF7B8
:106C1000B1F86248817A81771F30FFF705F90020CB
:106C2000FEF772F90020FEF78DFC00208DF80000C1
:106C30005A4A12689178594A526810786B46012274
:106C4000FBF771FC10B14FF0FF30BEE740208DF82C
:106C50000000524A1268D17B504A526810786B4645
:106C60000122FBF760FC00B165E08DF800608DF853
:106C700001704A4A1268117A484A526810786B4685
:106C80000222FBF750FC08B155E047E00520FBF776
:106C9000EAFA4248407A072101EBC000C0B28DF801
:106CA00000003E4A1268D1793C4A526810786B461F
:106CB0000122FBF738FC00B13DE020208DF80000F8
:106CC000012C03D100208DF801000EE0052C03DC1F
:106CD00001208DF8010008E0142C03DC02208DF85F
:106CE000010002E003208DF801009DF8010007215A
:106CF00001EB8010C0B28DF80100284A1268917C27
:106D0000264A526810786B460222FBF70CFC00B151
:106D100011E0012121484175002056E71F4A163233
:106D2000002103E0505C00B105E0491C0C29F9D3B7
:106D30004FF0FF3049E7FF2018490872FF2117483C
:106D40004172C1724FF6FF71C181FF2181720174DE
:106D5000012101730146887FFEF793F90F49C88A24
:106D6000FEF7EBFC0D49087EFEF7A5FC0B49488BAE
:106D7000FEF7A9FB0949888BFEF751FC0749C87F3C
:106D8000FEF76CFB054890F8200010B10120FFF7DA
:106D90004DFD002101484175002016E7E801002063
:106DA00010B5C8234FF48062F74940F6F630FFF77C
:106DB00087FE10BD10B586B00446F4A000680390AD
:106DC000F3A000680290F3A000680190F2A00068B0
:106DD000009004F0030003A9085C8DF8140003A8D8
:106DE000C4F3C101405C8DF8150003A8C4F3811100
:106DF000405C8DF8160004F0030002A9085C8DF8D1
:106E0000100002A8C4F3C101405C8DF8110002A873
:106E1000C4F38111405C8DF8120005AA032140F2F1
:106E20002640FFF7D3FD18B14FF0FF3006B010BD7C
:106E300004AA032140F22A40FFF7C8FD10B14FF029
:106E4000FF30F3E7019805900098049004F00400E7
:106E500058B19DF8140040F001008DF814009DF821
:106E6000100040F001008DF8100004F0200058B12F
:106E70009DF8150040F001008DF815009DF81100F7
:106E800040F001008DF8110004F4807058B19DF8B5
:106E9000160040F001008DF816009DF8120040F039
:106EA00001008DF8120005AA03214FF48860FFF756
:106EB0008DFD10B14FF0FF30B8E704AA032140F276
:106EC0003140FFF783FD10B14FF0FF30AEE7B3481C
:106ED00004810020AAE71FB50446B048007A00F0FC
:106EE000030054F820000190AC48007A00F0040040
:106EF00010B1019840420190A848007AC0F3C10047
:106F000054F820000290A548007A00F0200010B14B
:106F1000029840420290A148007AC0F3811054F8D0
:106F2000200003909D48008900F4807010B1039800
:106F3000404203909A49019880FB0101800F40EA8A
:106F4000810001909649029880FB0110820042EA7C
:106F5000917002909249039880FB0110820042EAEE
:106F6000917003900198000E8DF800000198000CBC
:106F70008DF801000198000A8DF802000198C0B256
:106F80008DF803006A4604214FF47470FFF71EFD6C
:106F900018B14FF0FF3004B010BD0298000E8DF80C
:106FA00000000298000C8DF801000298000A8DF88C
:106FB00002000298C0B28DF803006A4604214FF423
:106FC0007570FFF703FD10B14FF0FF30E3E7039852
:106FD000000E8DF800000398000C8DF80100039856
:106FE000000A8DF802000398C0B28DF803006A46CB
:106FF00004214FF47670FFF7E9FCCCE770B588B058
:10700000064601A8FEF7E9FEBDF804000021C90309
:1070100041EA5045C4036148007A00F0030056F885
:10702000200005905D48007A00F0040010B105983A
:10703000404205905948007AC0F3C10056F820003C
:1070400006905648007A00F0200010B106984042A1
:1070500006905248007AC0F3811056F8200007903D
:107060004E48008900F4807010B1079840420790A4
:107070000598C117A0FB042301FB043100FB051098
:10708000810041EA927005900698C117A0FB042385
:1070900001FB043100FB0510810041EA927006906B
:1070A0000798C117A0FB042301FB043100FB051066
:1070B000810041EA927007900598000E8DF8080053
:1070C0000598000C8DF809000598000A8DF80A0053
:1070D0000598C0B28DF80B000698000E8DF80C00D4
:1070E0000698000C8DF80D000698000A8DF80E0029
:1070F0000698C0B28DF80F000798000E8DF81000AA
:107100000798000C8DF811000798000A8DF81200FE
:107110000798C0B28DF8130002AA0C214FF4257015
:10712000FFF754FC08B070BD30B585B004461DA211
:1071300007CA02AB07C3C82C03DD4FF0FF3005B010
:1071400030BDC82090FBF4F0401E85B2280A8DF8AF
:107150000000E8B28DF801006A46022140F21620D4
:10716000FFF734FC10B14FF0FF30E8E702AA0C2122
:1071700040F6C120FFF72AFC10B14FF0FF30DEE7E8
:10718000064884810020DAE7589E00084CCD6C0048
:107190000CC92C0036567600264666009003002067
:1071A00009E3CA02FEF2ABC4AAF1DFDFBBAFDFDF47
:1071B0000146FC4880890880002070472DE9FC4783
:1071C00006460F4606F0070010B1B7F5C86F03DD9D
:1071D0004FF0FF30BDE8FC87384601F00CF88146DF
:1071E000F14900F039FE80466846FEF77AFD9DF8C9
:1071F0000000022806D0042816D0082826D010281F
:1072000048D135E04FF08D41404600F0F3FD814616
:1072100001F020F884B2E549404600F0EBFD8146DC
:1072200001F018F885B238E04FF08C41404600F08C
:10723000E1FD814601F00EF884B2DD49404600F0E0
:10724000D9FD814601F006F885B226E04FF08B416A
:10725000404600F0CFFD814600F0FCFF84B2D549E6
:10726000404600F0C7FD814600F0F4FF85B214E00F
:107270004FF08A41404600F0BDFD814600F0EAFF34
:1072800084B2CD49404600F0B5FD814600F0E2FFF2
:1072900085B202E04FF0FF309CE700BF20128DF86E
:1072A0000400E0B28DF8050028128DF80600E8B25F
:1072B0008DF8070006F00100A0B101AA02214FF4E9
:1072C000EA70FFF783FB10B14FF0FF3082E70DF15A
:1072D000060202214FF49270FFF778FB10B14FF0D5
:1072E000FF3077E706F00200A0B101AA02214FF4B7
:1072F000EC70FFF76BFB10B14FF0FF306AE70DF158
:10730000060202214FF49470FFF760FB10B14FF0BA
:10731000FF305FE706F00400A0B101AA02214FF49C
:10732000EE70FFF753FB10B14FF0FF3052E70DF155
:10733000060202214FF49670FFF748FB10B14FF0A0
:10734000FF3047E7002045E738B5044600200090AD
:1073500004F0010020B19DF8000040F030000090E2
:1073600004F0020020B19DF8000040F00C000090F5
:1073700004F0040020B19DF8000040F003000090EC
:107380006A4601214FF4A470FFF720FB38BD38B5E1
:107390000446012C01DA012402E0042C00DD04245F
:1073A000601EC0B200906A46012140F24F10FFF704
:1073B0000DFB38BD38B50446052094FBF0F085B2CE
:1073C00028128DF80000E8B28DF801006A4602210B
:1073D0004FF4EF70FFF7FAFA38BD38B504460520D0
:1073E00094FBF0F085B228128DF80000E8B28DF819
:1073F00001006A4602214FF4ED70FFF7E7FA38BD4D
:10740000F8B505460E464FF47A7095FBF0F000FB98
:1074100006F4200E8DF80000200C8DF80100200AE3
:107420008DF80200E0B28DF803006A4604214FF4A3
:10743000AE70FFF7CBFAF8BD38B50446052094FBD3
:10744000F0F084B220128DF80000E0B28DF8010057
:107450006A4602214FF4AD70FFF7B8FA38BD38B56F
:107460000446052094FBF0F084B220128DF8000051
:10747000E0B28DF801006A4602214FF4AC70FFF7CC
:10748000A5FA38BD38B5044614B94FF0FF3038BD01
:107490006A4604214FF45870FFF7D5FA10B14FF047
:1074A000FF30F4E79DF8000000069DF8011040EA67
:1074B00001409DF8021040EA01209DF803100843A6
:1074C00020600020E3E738B50446200E8DF8000068
:1074D000200C8DF80100200A8DF80200E0B28DF832
:1074E00003006A4604214FF45870FFF76FFA38BD65
:1074F00038B5044614B94FF0FF3038BD6A46042150
:107500004FF47170FFF79FFA10B14FF0FF30F4E7BE
:107510009DF8000000069DF8011040EA01409DF82A
:10752000021040EA01209DF80310084300EB8000A0
:10753000800020600020E0E738B504461420B4FB4A
:10754000F0F4200E8DF80000200C8DF80100200AC8
:107550008DF80200E0B28DF803006A4604214FF472
:107560007170FFF733FA38BD38B5044664B1202096
:107570008DF8000028208DF8010030208DF80200E1
:1075800038208DF8030004E0A3220421684600F0AF
:10759000AEFB6A46042140F69E20FFF717FAFDF77E
:1075A00079FE38BD900300200000484300004046AB
:1075B0000000C045000040450000C04438B5044606
:1075C00064B1C0208DF80000C2208DF80100C420F5
:1075D0008DF80200C6208DF8030004E08B22042100
:1075E000684600F084FB6A46042140F69820FFF7C5
:1075F000EDF9FDF74FFE38BD3EB504466CB1FDA177
:10760000D1E900208968CDE9002002916A4609216C
:107610004FF49760FFF7DAF93EBDF9A2D2E9001006
:107620009268CDE9010200916A4609214FF4976002
:10763000FFF7CCF9F0E73EB5044602208DF80000D4
:10764000CA208DF80100E3208DF8020009208DF892
:1076500003006A4604216820FFF7B8F9A3208DF8DB
:10766000000004F0400048B1C0208DF80100C8209F
:107670008DF80200C2208DF8030006E0A3208DF8EB
:1076800001008DF802008DF8030004F4C07048B1C9
:10769000C4208DF80400CC208DF80500C6208DF89C
:1076A000060006E0A3208DF804008DF805008DF893
:1076B0000600A3208DF807008DF808008DF809005A
:1076C0006A460A2140F6A720FFF780F904F003007C
:1076D00018B120208DF8000002E0D8208DF80000BD
:1076E0006A46012140F6B620FFF770F904F0200049
:1076F00018B10120FFF780FF02E00020FFF77CFFB8
:1077000004F4C07008B304F4807060B1B2208DF846
:1077100000008B208DF80100B6208DF802009B2020
:107720008DF803000BE0B0208DF8000080208DF86C
:107730000100B4208DF8020090208DF803006A4605
:10774000042140F6A220FFF741F904F0010020B324
:10775000F8208DF800006A4601214FF40B60FFF716
:1077600035F9FA210720FFF729FD0720FFF7ECFD87
:107770000120FFF70CFE6420FFF71CFE4FF4FA70A7
:10778000FFF72BFEC821A148FFF73AFE2820FFF79C
:1077900053FE0A20FFF763FE08E0D8208DF80000B2
:1077A0006A4601214FF40B60FFF710F904F0020064
:1077B00018B1D9208DF8000002E0D8208DF8000023
:1077C0006A46012140F23D70FFF700F904F0040021
:1077D00018B10120FFF7F2FE02E00020FFF7EEFEF5
:1077E00004F0100018B10120FFF7BEFE02E00020F7
:1077F000FFF7BAFE44F0080085494881FDF74AFDCD
:1078000000208349887304F0400018B10846807B4B
:10781000801D887304F4C07020B17D48807B801D7A
:107820007B49887304F0140020B17948807B1030C4
:107830007749887304F0030020B17548807B001DF0
:107840007349887300203EBD014671484089088015
:10785000002070472DE9F0410446E07800F0C006B2
:10786000E07800F03F05607800F0010098B1EF107B
:107870002846E91705EB5171C910A5EBC101491C58
:1078800001F0FF086248006820B161484146026883
:107890003846904700BF607800F0080030B15C487F
:1078A000406818B1B0115A4A516888470020BDE8B5
:1078B000F08110B586B0044656A207CA03AB07C3D1
:1078C00057A207CA8DE80700012C09D0022C0ED15F
:1078D00003AA0B2140F68220FFF778F806B010BD0E
:1078E0006A460B2140F68220FFF770F8F6E74FF06A
:1078F000FF30F3E72DE9F04F8DB007468846154677
:107900009946DDE9166B0024002030804049887BD1
:107910005A4605A9FEF7BDFB18B1601E0DB0BDE8C3
:10792000F08F3B48807A00F01400002861D09DF869
:10793000140000069DF8151040EA01409DF816104D
:1079400040EA01209DF81710084328609DF81800B0
:1079500000069DF8191040EA01409DF81A1040EA0F
:1079600001209DF81B10084368609DF81C0000066C
:107970009DF81D1040EA01409DF81E1040EA0120CC
:107980009DF81F100843A8609DF8200000069DF890
:10799000211040EA01409DF8221040EA01209DF8A4
:1079A00023100843E86004F11000C4B228680014F2
:1079B0000190686800140290A86800140390E868B9
:1079C0000014049001984043029901FB01000399BF
:1079D00001FB0100049901FB010ABAF1706F02DB9F
:1079E000BAF1885F22DDFDF755FC00203080401E93
:1079F00094E721E0B8AAB38DB4980D355D0000007E
:107A0000B8AAAAAAB088C3C5C700000009E3CA0281
:107A100090030020D8B1B9F38BA391B609B4D90073
:107A2000DAB1B9F38BA391B6DAB4DA00B6F9000093
:107A300040F48070308000BF7848807A00F04000C9
:107A400020B305A9601C085C095D40EA012000B272
:107A5000A8F8000005A9E01C095C05AAA01C105CA0
:107A600041EA002000B2A8F8020005A9601D095CE7
:107A7000201D105C41EA002000B2A8F80400A01DFF
:107A8000C4B2B6F9000040F0080030806348408975
:107A900000F4C07008B305A9601C085C095D40EAE9
:107AA000012000B2388005A9E01C095C05AAA01CD1
:107AB000105C41EA002000B2788005A9601D095CD5
:107AC000201D105C41EA002000B2B880A01DC4B2A5
:107AD000B6F9000040F0700030805048807A00F025
:107AE000030018B105A90819FFF7B4FE4846FAF7D4
:107AF000C6FB002012E7014648480160002070479D
:107B000001464648416000207047014691F9002037
:107B1000002A01DD00201EE091F90020002A01DA90
:107B2000042018E091F90120002A01DD012012E073
:107B300091F90120002A01DA05200CE091F90220D8
:107B4000002A01DD022006E091F90220002A01DA74
:107B5000062000E00720704770B505462846FFF76D
:107B6000D4FF0446E81CFFF7D0FF44EAC00084B20B
:107B7000A81DFFF7CAFF44EA801084B2204670BDFA
:107B800070B588B002A905A8FEF795FE0446032C3F
:107B90003FD101A8FEF704F9059800F023FB064643
:107BA000019900F027F9054600F03BFB0590069887
:107BB00000F018FB0646019900F01CF9054600F09C
:107BC00030FB0690079800F00DFB0646019900F087
:107BD00011F9054600F025FB079005A8FFF77BF992
:107BE0006846FEF7FAF8BDF8001002984843029084
:107BF000BDF80010039848430390BDF800100498A6
:107C00004843049002A8FFF7F9F905A0FDF735F8FD
:107C100002E00CA0FDF731F808B070BD9003002021
:107C200073657474696E672062696173207375632C
:107C300063657366756C6C79202E2E2E2E2E2E0A9F
:107C4000000000006269617320686173206E6F74C8
:107C5000206265656E206D6F646966696564202EBB
:107C60002E2E2E2E2E0A00002DE9F0410024061B98
:107C7000254671F1000605DA01240027D0EB070044
:107C800067EB0101161E73F1000605DA0027D2EB3F
:107C90000702012567EB030300F062FB86460E46F0
:107CA00017469C46AC4204D00025D0EB050E65EB90
:107CB000010624B10020D2EB000760EB030C7046F4
:107CC00031463A466346BDE8F08140EA01039B072E
:107CD00003D009E008C9121F08C0042AFAD203E041
:107CE00011F8013B00F8013B521EF9D27047D2B2A5
:107CF00001E000F8012B491EFBD270470022F6E795
:107D000010B513460A4604461946FFF7F0FF204611
:107D100010BD421E12F8013F002BFBD111F8013BB0
:107D200002F8013B002BF9D1704730B50446002022
:107D3000034600E05B1C934203D2E05CCD5C401B39
:107D4000F8D030BDF0B480EA0102D40F4200B2EBAB
:107D5000410F02D20246084611464A0042D0C30DE6
:107D6000DDB2C1F3C752AD1A202D35DAC1F31601C9
:107D700041F4000204B15242C5F1200602FA06F1B4
:107D80002A411044B3EBD05F23D0C4B1012DA0EB46
:107D9000C35009DCF0BC4FF0004202EAC352DBB230
:107DA00000F5000000F037BB400000F1807000EBF0
:107DB000C350A0F1807040EAD170490009E0490841
:107DC00041EAC071A0EBC35000F50000400800EB91
:107DD000C350F0BC00F016BB6142012202EB41012E
:107DE000001BF6E7F0BC704781F00041AAE780F085
:107DF0000040A7E780EA010210B502F0004340000E
:107E000022D04A001FD0010E01EB1261C0F35600D0
:107E1000C2F3560240F4000042F40002A0FB02202C
:107E200000047F39140400D0401C50EA124001D4F1
:107E30004000491EC2B20C0604EBD010401C4008A2
:107E4000802A02D003E0002010BD20F001000029AC
:107E500000DA0020184310BD30B480EA010202F0BD
:107E6000004530F0004221F0004013D090B1C30D26
:107E7000D40DC2F31601C0F31600E41A41F4000158
:107E800040F400027D34914201D3641C00E04900BB
:107E9000002C02DA30BC002070474FF400000023B1
:107EA000914201D3891A034340084FEA4101F7D1B7
:107EB00051B1914202D14FF0004105E002D24FF0A2
:107EC000010101E06FF0010103EBC450284430BC14
:107ED00000F098BA2DE9FE4F804681EA0300C00FFA
:107EE0000C46009021F0004123F00045B8EB020061
:107EF000A94105D24046214690461C460B46024603
:107F000023F00040104347D0270DC7F30A00C3F306
:107F10000A510290401A019040286BDAC3F3130013
:107F200040F4801B0098924620B10023D2EB030A54
:107F300063EB0B0B01985946C0F14002504600F02C
:107F400040FA06460D4650465946019A00F048FA56
:107F500010EB08006141002487EA115284EAE773BC
:107F60001A4340D0009A62B3019A012A4FEA07529D
:107F700015DC001B61EB02014FF0004202EA0752E0
:107F8000CDE90042001C41F5801132462B4600F03D
:107F90007FFA03B0BDE8F08F40462146F9E7001BA9
:107FA00061EB0201001C41F5801300185B412018B1
:107FB000A2F5001747EB030140EAD570B6196D41F1
:107FC00011E06D084FEA360645EAC0754FEA0752E0
:107FD000001B61EB0201001C41F5801149084FEACA
:107FE00030000019514132462B4603B0BDE8F04F36
:107FF00000F03FBA0098012240000023D0EB0202BB
:1080000063EBE073009821464FEAE074B8EB0000A0
:1080100061EB0401E9E783F000435BE781F0004195
:1080200058E72DE9FE4F81EA030404F0004421F0F3
:10803000004100944FF0000B23F0004350EA01048C
:108040005ED052EA03045BD0C3F30A54C1F30A556D
:108050002C44A4F2F3340194A0FB0254C1F31301A5
:1080600041F48011C3F3130343F4801301FB024472
:1080700000FB034E840A970A44EA815447EA835777
:10808000A4FB076802958D0A05FB07854FEA932C30
:1080900004FB0C542705029D4FEA065847EA1637A1
:1080A000B5EB08056EEB070C870E920E47EA8117B9
:1080B00042EA8312A7FB0201B6EB0B0164EB00045A
:1080C0002B0D43EA0C335E1844EB1C50DA46514644
:1080D000E7FB0201C5F313044FEA0B3343EA1453E1
:1080E0004FEA0432019C43EA0603A4F10C04029413
:1080F000009CCDE900B400F0CBF903B0BDE8F08FEF
:1081000000200146F9E72DE9F04D81EA030404F06F
:10811000004B21F0004514464FF0000A23F00041C7
:1081200050EA050220D054EA01021DD0C5F30A57D7
:108130000246C5F31303C1F31300C1F30A5640F41A
:10814000801543F48013A7EB0608101BD64608F2EF
:10815000FD3873EB050002D308F1010801E0921825
:108160005B41B8F1000F03DA00200146BDE8F08D55
:1081700000204FF48011064684460EE0171B73EB77
:10818000050705D3121B63EB050306434CEA010CFC
:1081900049084FEA300092185B4150EA0107EDD1DF
:1081A00052EA030012D082EA040083EA0501084380
:1081B00005D0101BAB4106D20122002306E00022AD
:1081C0004FF0004302E06FF0010253101AEB06007B
:1081D0004CEB085110EB0A0041EB0B01BDE8F04DF0
:1081E00000F047B9C10F80EAE0700844CA0796233F
:1081F000002100F010B996230022114600F00BB9BF
:108200000EB5C10F80EAE0700844CA07002140F2B1
:1082100033438DE80E000A460B4600F039F903B0EF
:1082200000BD00F0004220F00040C10DC0F3160078
:1082300040F400007F2901DA00207047962903DC12
:10824000C1F19601C84001E096398840002AF4D077
:108250004042704720F00040C10DC0F3160040F4CA
:1082600000007F2901DA00207047962903DCC1F164
:108270009601C840704796398840704700F0004228
:1082800030F000400AD0C10D01F56071C0F3160056
:1082900042EA0151C20840071143704700200146DD
:1082A0007047000030B5041E71F1000404DB4FF08C
:1082B0000044404264EB0101141E73F1000405DB2D
:1082C0001C464FF00043524263EB04038B4208BF4D
:1082D000824230BD01F0004330B421F0004150EA49
:1082E000010206D00A0DA2F56072C1F31301002A43
:1082F00002DC30BC00207047440F44EAC104C100D6
:10830000E01830BC00EBC25000F07CB8002801DB64
:10831000C0F10040002901DBC1F1004181427047FA
:10832000002801DBC0F10040002901DBC1F1004160
:108330008842704730B50B460146002020220124B8
:1083400009E021FA02F59D4205D303FA02F5491B23
:1083500004FA02F52844151EA2F10102F1DC30BD39
:108360002DE9F05F0546002092469B46884606466A
:10837000814640241BE0284641464746224600F0FD
:108380002FF953465A46C01A914110D31146184648
:10839000224600F016F82D1A67EB01084F462246D8
:1083A0000120002100F00DF817EB00094E41201EBE
:1083B000A4F10104DFDC484631462A464346BDE8C5
:1083C000F09F202A04DB203A00FA02F100207047D7
:1083D0009140C2F1200320FA03F319439040704703
:1083E000202A06DBCB17203A41FA02F043EAE07379
:1083F00006E041FA02F3D040C2F120029140084366
:10840000194670470029A8BF7047401C490008BFA3
:1084100020F00100704710B4B0FA80FC00FA0CF0B4
:1084200050EA010404BF10BC704749B1CCF12004EC
:1084300021FA04F411FA0CF118BF01212143084379
:10844000A3EB0C01CB1D4FEA00614FEA102042BFA5
:10845000002010BC704700EBC35010440029A4BF9B
:1084600010BC7047401C490008BF20F0010010BC40
:10847000704710B5141E73F1000408DA401C41F176
:10848000000192185B411A4301D120F0010010BD98
:108490002DE9F04D92469B4611B1B1FA81F202E00E
:1084A000B0FA80F220329046FFF78BFF04460F4669
:1084B00040EA0A0041EA0B0153465A46084313D0EA
:1084C000114653EA010019D0C8F14002504600F0AD
:1084D00087F805460E46504659464246FFF771FF5B
:1084E000084305D0012004E020463946BDE8F08D60
:1084F0000020054346EAE0762C4337430A9863059B
:10850000E40AA0EB08000022FD0A44EA47540A30BE
:1085100002D500200146E9E7010510196941DDE9AE
:10852000084500196941BDE8F04DA2E770B521F09A
:10853000004303430CD0C1F30A550024D5EB0405D6
:1085400064EB0403D617AD1AB34102DB00200146E9
:1085500070BD201841EB025170BDC1F30A52C1F346
:10856000130140F2FF3341F480119A4202DA0020F5
:108570000146704740F233439A42A2F2334202DC92
:10858000524200F02DB8FFF71CBF000030B5041EAA
:1085900071F1000404DB4FF00044404264EB010140
:1085A000141E73F1000405DB1C464FF000435242D9
:1085B00063EB0403994208BF904230BD064C074D5F
:1085C00006E0E06840F0010394E8070098471034A3
:1085D000AC42F6D3F7F78EFDB0AC0008D0AC000883
:1085E000202A04DB203A21FA02F00021704721FA08
:1085F00002F3D040C2F1200291400843194670476F
:108600002DE9F04D00231A461B1A8A4103DB002096
:108610000146BDE8F08DC1F30A52C1F3130141F4E4
:1086200080154FF0000BD10702D100186D41521E8A
:108630000027044640F2FF11384601EB620A3E462D
:108640008046024600204FF48011FFF7C9FFC2198F
:108650007141BB1846EB0100B4EB030C75EB000C49
:1086600004D3E41A65EB000517460E46241908F1F9
:1086700001006D4180463428E3DDF91946EB060020
:10868000091BA84103D24FF0FF32134601E000223C
:1086900013461BEB070046EB0A51BDE8F04DFFF710
:1086A000E8BE0EB540F2334102910021CDE9001140
:1086B0000A460B46FFF7ECFE03B000BD70B5C1F3F0
:1086C0000A5201F000450024C1F3130140F2FF33C8
:1086D00041F480119A4201DA002070BD40F2334328
:1086E0009A42A2F2334203DC5242FFF779FF00E0E4
:1086F00090402C43F1D0404270BD70B58C1810F8FA
:10870000015B15F0070301D110F8013B2A1106D1D6
:1087100010F8012B03E010F8016B01F8016B5B1EF0
:10872000F9D12B0705D40023521E0DD401F8013BCB
:10873000FAE710F8013BCB1A921C03E013F8015B37
:1087400001F8015B521EF9D5A142D8D3002070BDBB
:108750000FB4054B10B503A9044A029800F02AFC97
:1087600010BC5DF814FB0000A34A000814020020AE
:108770000FB4084B10B504A902AA039800F01AFC24
:10878000044602A9002000F0ACFF204610BC5DF8B2
:1087900014FB0000E3960008490050EAC12018BF0E
:1087A00004204A0D18BF40F0010040F2FF72B2EB06
:1087B000515F08BF40F00200012808BF0520704744
:1087C0002DE9F74F144694B00021C4E90211159920
:1087D000079121F00045C9498D4206DC1599C4E98D
:1087E000000117B00020BDE8F08FC549DFF814A3E1
:1087F000A9423CDD0799C44E0029C44FC44A1599CB
:10880000534619DDFFF707FC554506D0C14AC24B58
:10881000FFF701FCC4E900010AE04FF0D352BE4B60
:10882000FFF7F9FB32463B46FFF7F5FBC4E90001D1
:1088300017B00120BDE8F08FFFF74CFB554506D07F
:10884000B44AB54BFFF746FBC4E900010AE04FF01C
:10885000D352B14BFFF73EFB32463B46FFF73AFBA4
:10886000C4E9000117B04FF0FF30BDE8F08FAB490D
:10887000A942159978DB21F0004183468846A84A31
:10888000A84BFFF7CEFB0022A74BFFF723FBFFF718
:1088900015FF0990FFF7B4FC06460F469C4A534665
:1088A000FFF7BFFB43465A46FFF7B8FB80468A46B0
:1088B000984A994B30463946FFF7B3FB2A0D0125FC
:1088C0000B9242465346FFF7A9FB032DC4E9000172
:1088D00039D00B98C1F30A51401A05EB45111139F3
:1088E000814230DA9148C346784400EB0510CDF858
:1088F0000CA00C90D0E9002330463946FFF791FBDD
:1089000002460B460491069058460399FFF783FBF5
:1089100080468A4602460B4658460399FFF77BFB82
:10892000049B069AFFF777FB83460C980391394620
:10893000D0E902233046FFF774FB5A46039BFFF74A
:108940006AFB6D1CBDE707980028A2BF099817B005
:10895000BDE8F08F616881F000416160099817B04F
:108960004042BDE8F08FFFE784461598C1F313013C
:10897000C0F30A50A0F2F5304FEA601800F01F066D
:10898000C6F12000139000200690079041F4801E4D
:1089900005206D4676B1664A08EB00017A4452F82C
:1089A000213002EB8101B3404A68139922FA01F1A8
:1089B000194305E05F4908EB0002794451F82210A1
:1089C000A1FB0E27A1FB0C131A449A4234BF0123CA
:1089D000002303EB070A05EB8003D3E901B70F443B
:1089E0008F4234BF0121002193448B4411B1934540
:1089F00002D903E0934501D2012100E00021C3E93F
:108A000001B7514445F82010011EA0F10100C1DC5E
:108A10000298059F00F10050800F12900298DDE946
:108A200003568000FFF7ECFB834628460D91FFF7C5
:108A300038FE6FF01D02FFF779FDCDE90E013046DB
:108A4000FFF72FFE6FF03D02FFF770FD80468A466C
:108A50003846FFF726FE6FF05D02FFF767FD074619
:108A6000424653461191FFF735FADDE90E23FFF731
:108A700031FA5A460D9BFFF72DFA00250E465A464D
:108A800028460D9BFFF7C7FADDE90E23FFF7C3FA6F
:108A900042465346FFF7BFFA3A46119BFFF7BEFA2C
:108AA000DFF898A0244A5346FFF7BBFA07468846EA
:108AB000234A244B31462846FFF7B3FA3A46434649
:108AC000FFF708FA074688464FF0A842534631465A
:108AD0002846FFF7A6FA3A464346FFF7FBF9159AF0
:108AE00012F0004F04D0129A81F0004152421292CB
:108AF000C4E90001129817B0BDE8F08FFB21E93FEF
:108B00007CD90240FB21F93F7370032E8A19A33BE5
:108B1000000040543163621A61B4D03DFB213941F9
:108B200083C8C96D305FE43F0000E03F842200004D
:108B300000220000E2210000182D4454FB21F93DE1
:108B40003326A611460B113C2DE9FF4D21F00048BC
:108B500007460C46B8F1795F08DAFFF7AFFD002849
:108B600001BF0020324904B0BDE8F08D3A462346EB
:108B700010461946FFF755FA054602462D480E469F
:108B80000B460621784400F05DF82A463346FFF78D
:108B900048FADDE9022382468B4638462146FFF734
:108BA00040FA04460F4652465B4628463146FFF7D8
:108BB00038FA22463B46FFF72EFA07468A464FF020
:108BC000FF3228463146FFF7B1FC1B4A90450ADACE
:108BD0003A465346FFF71FFA04B00022BDE8F04DB5
:108BE000134BFFF71BBA154A4245A8BFA8F500155D
:108BF0004FF00004B8BF124D22462B46FFF70BFA88
:108C00000646884622462B4600200949FFF703FA0C
:108C100004460D463A46534630464146FFF7FBF9B7
:108C200004B022462B46BDE8F04DFFF7F7B900002F
:108C30000000F03FB01F00003333D33F0000E93F96
:108C40000000D23F2DE9F0414F1E00EBC701044662
:108C5000D1E9000115461E4637F006020DD02A461E
:108C60003346FFF7DEF97F1E04EBC703D3E9002389
:108C7000FFF730F937F00602F1D1022F25D0042F8B
:108C800013D0062F18BFBDE8F0812A463346FFF700
:108C9000C8F9D4E90A23FFF71DF92A463346FFF73E
:108CA000C0F9D4E90823FFF715F92A463346FFF740
:108CB000B8F9D4E90623FFF70DF92A463346FFF742
:108CC000B0F9D4E90423FFF705F92A463346FFF744
:108CD000A8F9D4E90223FFF7FDF82A463346FFF747
:108CE000A0F9D4E90023BDE8F041FFF7F3B8000094
:108CF0002DE9FF4D054621F0004084B00C46B0F14F
:108D0000795F0BDA2846FFF747FD042808BF00F01B
:108D100071F8284608B02146BDE8F08D2A460B467A
:108D20001046FFF77EF906460F462A462346FFF710
:108D300078F9804626488A4632463B4605217844E3
:108D4000FFF780FF83461098029160B3214A224BBF
:108D500040465146FFF765F9CDE900015A464046C5
:108D60005146029BFFF75DF982468846DDE9060120
:108D70004FF0FF32FFF7DAFB52464346FFF74BF95D
:108D800032463B46FFF74DF9DDE90623FFF743F98D
:108D9000DDE90023FFF73FF908B02A462346BDE886
:108DA000F04DFFF73BB90B465A4630463946FFF7C0
:108DB00038F9084A084BFFF78DF842465346FFF74B
:108DC00030F908B02A462346BDE8F04DFFF782B8D7
:108DD000F61E0000495555555555C5BF0122FFF7F0
:108DE000A5BBFFF777B80022134610461146FFF7E0
:108DF0008AB90000024A00201107FFF797BB000064
:108E000001FDFFFF02E008C8121F08C1002AFAD1C5
:108E100070477047002001E001C1121F002AFBD1FA
:108E200070470000014908607047000018020020E8
:108E30002DE9FF5F82B00021DDE90430020DDDF88D
:108E400040B0034318D044F61050A2F2FF32424320
:108E50001514119801281FD0A5EB0B00401C5FEAE8
:108E6000000A4FF000064E4FDFF83891B0465046EA
:108E700015D5CAF1000413E0119801244AA3012872
:108E800001D16FEA0B010298119AC0E90031C0E9E3
:108E9000024206B0BDE8F09FCBF10000DFE70446D8
:108EA0000021404A491842EB0450CDE9001012E07D
:108EB000E00707D032463B4640464946FFF7B1F847
:108EC0008046894632463B4610461946FFF7A9F8C8
:108ED00006460F466410002CEAD1DDE90401DDE905
:108EE0000023BAF1000F06DAFFF79BF842464B4623
:108EF000FFF797F805E0FFF706F942464B46FFF704
:108F000002F904460E460022284BFFF73FFB03D828
:108F10004FF0FF30014607E00022254B2046314646
:108F2000FEF7D8FFFFF719FB102409E0002C0ADB3D
:108F30000A220023FFF714FA039B30321A55641EED
:108F400050EA0102F2D1641C039AC4F111031444E3
:108F5000119A012A03D0012208430DD10AE00843E7
:108F600004D000204FF0110B119072E7A3EB0B051A
:108F70006D1E0DE05B4504DD4FF0000205F10105BB
:108F800004E003DA4FF00002A5F10105002AECD05D
:108F900002981199C0E90231C0E9004579E7000063
:108FA000000014400000F03F300000000000F043DB
:108FB0000000E03F2DE9FF4F95B09B4689460646ED
:108FC00000250FE2252877D100242746F84A012101
:108FD000059400E0044316F8013F203B01FA03F03A
:108FE0001042F7D130782A2811D06FF02F03307853
:108FF000A0F13002092A16D8059A44F0020402EBC7
:10900000820203EB42021044761C0590EFE759F808
:10901000042B0592002A03DA504244F400540590D0
:1090200044F00204761C30782E2816D116F8010F71
:1090300044F004042A280DD06FF02F023078A0F1FC
:109040003003092B09D807EB870302EB4303C7184A
:10905000761CF3E759F8047B761C30786C280FD027
:1090600006DC4C2817D068280DD06A2814D104E0FB
:10907000742810D07A280FD10DE044F400140AE0CF
:1090800044F4801401E044F440147278824202D126
:1090900004F58014761C761C307866280BD013DC1F
:1090A000582877D009DC002875D04528F6D0462806
:1090B000F4D047281AD19DE118E0632835D0642800
:1090C00079D0652812D195E1702873D008DC672823
:1090D000F1D069286FD06E280DD06F2806D1B5E089
:1090E00073282CD0752875D0782874D05A461799D3
:1090F00090476D1C75E1C4F30250022809D0032883
:109100000DD0D9F8001004280DD00D6009F1040924
:1091100067E1D9F80010EA17C1E90052F6E7D9F87B
:1091200000100D80F2E70D70F0E719F8041B8DF8C0
:10913000001000208DF80100EA46012003E059F8F4
:1091400004AB4FF0FF3061074FF0000102D40DE097
:1091500008F101018846B9420FDA8045F8DB1AF8B8
:1091600008100029F4D108E008F101018846814285
:10917000FADB1AF808100029F6D105985B46A0EB37
:10918000080721463846179A00F094FA284400EB65
:10919000080507E04DE029E10DE01AF8010B5A46F9
:1091A00017999047B8F10108F7D25B462146384637
:1091B000179A13E142E00A220092C4F302524FF0E0
:1091C000000A022A08D059F804CB032A4FEAEC71AE
:1091D0000AD00DE029E02AE009F1070121F0070299
:1091E000F2E802C1914609E00FFA8CFC4FEAEC71FB
:1091F000042A03D14FFA8CFC4FEAEC71002907DAFC
:109200000A460021DCF1000C61EB02012D2202E094
:10921000220504D52B228DF80420012203E0E20769
:1092200001D02022F7E7904659E00A2102E01022FF
:109230000DE010214FF0000A00910BE010224FF0DA
:10924000000A44F004040827009203E008224FF0CB
:10925000000A0092C4F30252022A05D059F804CB46
:109260000021032A08D009E009F1070121F00702D3
:10927000F2E802C1914605E01FFA8CFC042A01D1F4
:109280000CF0FF0C4FF00008220728D5702806D0FC
:10929000009B83F0100353EA0A0305D00EE040223E
:1092A0008DF80420012208E05CEA010206D0302299
:1092B0008DF804208DF8050002229046009B83F073
:1092C000080353EA0A030AD15CEA010201D16207EA
:1092D00005D530228DF804204FF001087F1E582854
:1092E00004D034A003900EA802900DE036A0F9E758
:1092F00053466046009AFFF733F884460398825C31
:109300000298401E029002705CEA0100F0D10298BF
:1093100006A9081A00F1200A600702D524F4803457
:1093200000E00127574502DDA7EB0A0000E000201E
:1093300000EB0A01009005984144401A0590E003B3
:1093400006D45B462146179A059800F0B3F9054408
:10935000002706E001A85A46C05D179990476D1C8A
:109360007F1C4745F6DBE0030CD55B462146179A88
:10937000059800F09FF9054404E030205A461799FB
:1093800090476D1C0099481E00900029F5DC08E00C
:10939000029802995A460078491C02911799904701
:1093A0006D1CBAF10001AAF1010AF1DC65E10000CF
:1093B00009280100303132333435363738396162AB
:1093C000636465660000000030313233343536376F
:1093D00038394142434445460000000000F058F946
:1093E0000544761C307800287FF4ECAD19B028468F
:1093F000BDE8F08F620700D4062709F1070222F0CA
:10940000070CFCE80223E14603F000485FEA080C81
:1094100002D00FF2702C0DE05FEA045C02D50FF26F
:10942000682C07E05FEAC47C02D00FF2602C01E0F8
:10943000AFF2700C4FF0FF3823F00043CDF850C06E
:1094400065280CD006DC452809D046281DD04728C1
:109450003DD13DE0662818D067287ED138E0002154
:10946000112F01DB112000E0781CCDE9000106A9D5
:109470000EA8FFF7DDFCDDE90F010E9A0391002134
:10948000009207F1010A04914DE04FF0004000976F
:10949000CDE9011006A90EA8FFF7CAFCDDE90F020D
:1094A00003920E9B11990022DDF80CA00093049208
:1094B00011B9791C00EB010AB7EB0A0004D4C0F122
:1094C000FF3007F1010A0490AAEB0700019044E085
:1094D000012F00DA01270021112F01DD112000E00A
:1094E0003846CDE9000106A90EA8FFF7A1FCDDE989
:1094F0000F010E9A0391002104910092BA462107B0
:109500000CD40399514500DA8A46BAF1010F05DD02
:10951000009AAAF10101515C302908D0B84202DA60
:1095200010F1040F06DA0121CDE9011015E0AAF1CE
:109530000101E9E7002805DC049901440491AAEB44
:10954000000102E0411C514500DD8A460499401AA1
:10955000401C01904FF000400290200704D4019875
:10956000504501DBCDF8048000208DF84F000298B3
:109570000DF14F07B0F1004F25D02B200E9002982F
:109580004FF0020800280CDA404202902D200E9085
:1095900007E00A210298FEF7CDFE3031029007F86D
:1095A000011DB8F10001A8F10108F2DC02980028C1
:1095B000EFD1791E0E980870307800F0200040F04E
:1095C000450007F8020D12A8C01B00F10708149807
:1095D000007800B1012000EB0A01019801EBE07175
:1095E00005984144401A401E0590E00306D45B46AE
:1095F0002146179A059800F05DF805441498007804
:1096000018B15A46179990476D1CE00324D55B4664
:109610002146179A059800F04DF805441CE004987F
:10962000002807DBDDE90301884203DD0098405C88
:10963000179901E0179930205A469047049805F190
:109640000105401C04900198401E019004D12E2079
:109650005A46179990476D1CBAF10001AAF1010A08
:10966000DDDC05E017F8010B5A46179990476D1C91
:10967000B8F10001A8F10108F4DC5B462146179A15
:109680000598ABE62D0000002B0000002000000034
:109690002DE9F041044600251E461746880404D4EF
:1096A00005E039462020B0476D1C641EF9D52846D8
:1096B000BDE8F0812DE9F041044600251E469046A4
:1096C000C80301D5302700E02027880404D505E031
:1096D00041463846B0476D1C641EF9D52846BDE8A2
:1096E000F0810A68531C0B60107070472DE9F04D33
:1096F0008D4F21F0004A86B005460C46BA452ADB5C
:10970000AAEB070028430AD08848824501DC1AD119
:10971000CDB106B02846BDE8F04DFFF75FBB844AE7
:10972000844B2846FEF77DFC07460E46824A834B53
:1097300028462146FEF775FC06B03A463346BDE89A
:10974000F04DFEF7C7BB0120FFF76CFB06B0BDE88C
:10975000F04DFFF748BB7A48824542DABAF1795FAB
:109760000BDA2846FFF718F8042808BFFFF742FB7A
:10977000284606B02146BDE8F08D2A460B46104625
:10978000FEF74FFC834602466E480E460B46062106
:109790007844FFF757FA5A463346FEF742FC8046B4
:1097A00069488A465A46334604217844FFF74AFA04
:1097B0005A463346FEF735FC00223B46FEF78AFB4D
:1097C00002460B4640465146FEF79DFC2A4623467C
:1097D000FEF727FC06B02A462346BDE8F04DFEF70B
:1097E00079BB284624F0004100223D463B46FEF767
:1097F00015FC4FF0FF32FEF799FE0646024653482D
:109800000F460B4606217844FFF71CFA32463B46CA
:10981000FEF707FCCDE900014D4832463B460421E6
:109820007844FFF70FFA32463B46FEF7FAFB002278
:109830002B46FEF74FFB834602913046394600F037
:10984000ADFA804643480D46504517DCDDE900017E
:109850005A46029BFEF757FC42462B46FEF7E1FBB9
:1098600042462B46FEF736FB0122FEF75FFE304AEA
:10987000304BFEF7D0FB304A304B4CE04FF0000A43
:1098800052460B464046FEF725FBCDE903105246F3
:109890002B4610461946FEF7C4FB32463B46FEF700
:1098A000BDFBDDE90332FEF72EFC06460F46DDE97F
:1098B00000015A46029BFEF726FC834600910122D6
:1098C00030463946FEF732FE194A1A4BFEF7A6FB20
:1098D00006460F46012240462946FEF727FE5A4615
:1098E000009BFEF79EFB32463B46FEF794FB064686
:1098F0000F46012250462946FEF718FE0E4DDFF8AE
:1099000058802A464346FEF789FB32463B46FEF71F
:1099100085FB2A464346FEF781FB002CD8BF81F029
:10992000004106B0BDE8F08D0000F03F0000F07F80
:10993000075C143326A6913C182D4454FB21F93FB3
:109940000000E03FBC120000D212000046120000EE
:109950005C1200003333EF3FFB21E93F2DE9F84F64
:1099600004460D4621F0004000917349814211DC0C
:109970007249884201DC06D12CB120462946BDE857
:10998000F84FFFF72BBA6E48002DCCBF6D496E49DA
:10999000BDE8F88F6D49814211DD6D498142D8BF24
:1099A0004FF0FF366DDD20462946FEF7F5FE042810
:1099B00008BFFFF71FFA20462946BDE8F88F654922
:1099C000654F25F00045814233DD6449814219DD50
:1099D000002632464FF0804320462946FEF77AFAA9
:1099E00080468A46012220462946FEF79FFD002236
:1099F0003B46FEF710FB42465346FEF784FB044607
:109A00000D463EE001260022BA463B462046294646
:109A1000FEF760FA80460F4600225346204629464C
:109A2000FEF7F9FA42463B46FEF76DFB04460D464B
:109A300027E04B4981421BDDDFF828A102260022E6
:109A4000534620462946FEF7ECFA00223B46FEF735
:109A500041FA80460F460022534620462946FEF72B
:109A6000DAFA42463B46FEF74EFB04460D4608E056
:109A7000032622462B4600203B49FEF744FB0446C2
:109A80000D4622462B4610461946FEF7CAFA8B466B
:109A9000824602460B46FEF7C4FA074602463348A2
:109AA00088460B4606217844FFF7CCF852465B46C1
:109AB000FEF7B7FA82462E488B463A4643460521C2
:109AC0007844FFF7BFF83A464346FEF7AAFA024643
:109AD0000B46002E504659460CDAFEF7FBF922469B
:109AE0002B46FEF79EFA01B022462B46BDE8F04F0A
:109AF000FEF794BAFEF7EEF922462B46FEF791FAEE
:109B00001C4A7A4402EBC603D3E90023FEF783FA2A
:109B100022462B46FEF77FFA174A7A4402EBC60329
:109B2000D3E90023FEF77AFA009A002AB8BF81F041
:109B30000041BDE8F88F0000000010440000F07FF5
:109B4000182D4454FB21F93FFB21F9BF0000DC3FF5
:109B50000000203E0000F33F0000F03F0000E63F21
:109B6000008003400000F83F0000F0BF5E100000DE
:109B70001C100000BA0F0000820F00002DE9F04D0C
:109B80009446CCF1000423F000464CEA0404524F02
:109B900046EAD4749A46884621F00042BC4206D870
:109BA000454240EA050442EAD474BC4204D9BDE807
:109BB000F04D6246FFF715B9AAF14055A5F17F6552
:109BC00055EA0C040BD0022404EAAA74434DDFF8D2
:109BD00010E144EAD87452EA000B04D00CE0BDE86E
:109BE000F04DFFF7BBBE002C14BF012CBDE8F08D7B
:109BF000022C30D0032C32D056EA0C0B0AD0BE42D5
:109C000020D1BA4209D126F0804622F08042334664
:109C1000114617E000291ADB25E0DFF8C8B0FB4445
:109C2000002C04BFDBE90001BDE8F08D012C02BF70
:109C3000DBE9000181F00041BDE8F08D022C0AD083
:109C4000032C0CD0BA4212D1B8F1000F0BDA234822
:109C50002549BDE8F08D28462449BDE8F08D284609
:109C60007146BDE8F08D1D482149BDE8F08D921B7D
:109C700012153C2AC4BF19481D490EDCBAF1000F69
:109C8000BEBF12F13C0F0020014606DB6246FEF724
:109C90003AFA21F00041FFF761FE002C08BFBDE851
:109CA000F08D012C04BF81F00041BDE8F08D114A18
:109CB000114B022C07D0FEF7AEF92A46BDE8F04D55
:109CC0000A4BFEF7A8B9FEF7A6F92A46BDE8F04D03
:109CD000064BFEF7A3B900000000F07F182D445496
:109CE000FB2109C0460F0000FB21F9BFFB21094001
:109CF000FB21F93F075C143326A6A13C00B5254B98
:109D000021F0004287B09A4203DC00221346009201
:109D10002BE0214B9A4208D140B94FF00100FFF7E8
:109D200081F8FFF760F807B000BD03DBFFF756F8D6
:109D300007B000BD02AAFEF743FD10F003014FF08B
:109D400001000DD0012914D002291AD00DF1080C00
:109D50009CE80F00FEF7F8FE07B081F0004100BD5F
:109D60000DF1080C00909CE80F00FEF7C1FF07B052
:109D700000BD0DF1080C9CE80F00FEF7E5FE07B0F2
:109D800000BD0DF1080C00909CE80F00FEF7B0FF3D
:109D9000E2E70000FB21E93F0000F07F2DE9F04100
:109DA00006460F46FEF72CFC041E0D4618BF012088
:109DB000284320F00040C0F17F6000F1E040C00F78
:109DC0000ED0301C18BF0120384320F00040C0F1F5
:109DD0007F6000F1E040C00F04BF0120FFF722F8D0
:109DE00020462946BDE8F0810000000000406540A3
:109DF000B81E85EB51B8CE3F0000000000001240B5
:109E0000B81E85EB51B8BE3F6800000476005401CF
:109E1000F7FD000175191A0C6A231B1C1F207274B0
:109E2000433B4138393A6B6C376F06246D6E7000D6
:109E30008300000000080000000100183200050047
:109E4000000020410000D242295C0F3E9A99993EC1
:109E50003333733F295C0F3E000070000000002484
:109E6000000000020003000000650054FFEF000046
:109E7000FA80000B12820001030C30C30E8C8CE9B7
:109E800014D5400213710F8E3883F8833000F883A5
:109E9000258EF8833000F883FFFFFFFF0FFEA9D661
:109EA000240004001A8279A10000003CFFFF00009A
:109EB0000010000038836FA2003E03304000000015
:109EC00002CAE3093E8000002000000000000000FC
:109ED0004000000060000000000C0000000C186E44
:109EE000000006920A16C0DFFFFF0256FD8CD377F2
:109EF000FFE1C496E0C5BEAA00000000FFFF0B2BE7
:109F000000001657000003594000000000001DFA31
:109F100000026C1D000000003FFFDFEB003EB3B607
:109F2000000D227800002F3C00000000001942B50F
:109F3000000039A20000B365D90E9FC91DCF4C3473
:109F400030000000500000003BB67AE800640000DA
:109F500000C8000000000000100000001000FA928D
:109F60001000225E000D229F000100000032000060
:109F7000FF46000063D400001000000004D600007B
:109F800004CC000004CC000000001072000000406F
:109F900000000000000000000006000200050007AD
:109FA0000000000000640000000000000000000548
:109FB0000005006400200000000000000000000018
:109FC000000040000000030000000032F89800008C
:109FD000FF650000830F0000FF9BFC0000000000F5
:109FE0000000000000000000000000000000000071
:109FF0000000000000000000000000000000000061
:10A0000000000000000010004000000000000006FA
:10A010000000B26A000200000001FB83006800003B
:10A0200000D9FC007CF1FF83000000000065000007
:10A03000006403E800640028000000250000000020
:10A0400016A000000000100000001000002F00000B
:10A05000000001F40000100000280000FFFF45810F
:10A06000FFFFFA720000000000000000004400053D
:10A070000005BAC6004778A20000000100000000F9
:10A0800000000600000000140000254D002F706D38
:10A09000000005AE000C02D000000000000000002F
:10A0A0000000000000000000001B00000000000095
:10A0B0000000000000000000006400000008000034
:10A0C0000000000000000000000000000000000090
:10A0D0000000000000000000000000000000000080
:10A0E0000000000000000000000000000000000070
:10A0F0000000000000000000000000000000000060
:10A10000000000000000000000000000000000004F
:10A110000000000000000000001B00000000000024
:10A1200000000000000E000E00000AC7000400003E
:10A1300000000032FFFFFF9C00000B2B000000021C
:10A140000000000100000064FFE5000000000000C6
:10A1500000000000000000000000000100000000FE
:10A1600000010000000000000001800000018000EC
:10A1700000018000002426D3000000000000000041
:10A18000000600100096003C0000000000000000E7
:10A1900000000000000000000C0A4E68CDCF7709D7
:10A1A00050166759C619CE8200000000000000005A
:10A1B000000000000000000000000000000000009F
:10A1C00017D784000300000000000000000000001A
:10A1D000C7938F9D1E1B1C1900000000000000008B
:10A1E000000000000000000000000000000000006F
:10A1F0000203188500004000000000030000000377
:10A20000000000000000000040000000000000000E
:10A21000000000000000000000000000000000003E
:10A22000000000000000000000000000000000002E
:10A23000000000000000000000000000677DDF7EDD
:10A2400072902E554CF6E6880000000000000000D9
:10A250000000000000000000D8DCB4B8B0D8B9ABF2
:10A26000F3F8FAB3B7BB8E9EAEF132F51BF1B4B87A
:10A27000B08097F1A9DFDFDFAADFDFDFF2AAC5CD6B
:10A28000C7A90CC92C97F1A989264666B28999A954
:10A290002D557DB0B08AA896365676F1BAA3B4B2E1
:10A2A00080C0B8A89711B28398BAA3F024084410CC
:10A2B0006418B2B9B49883F1A329557DBAB5B1A396
:10A2C0008393F0002850F5B2B6AA839328547CF10A
:10A2D000B9A3829361BAA2DADEDFDB819AB9AEF567
:10A2E000606870F1DABAA2DFD9BAA2FAB9A3829291
:10A2F000DB31BAA2D9BAA2F8DF85A4D0C1BBAD8345
:10A30000C2C5C7B8A2DFDFDFBAA0DFDFDFD8D8F170
:10A31000B8AAB38DB4980D355DB2B6BAAF8C9619A4
:10A320008F9FA70E161EB49AB8AA872C547CBAA485
:10A33000B08AB691325676B28494A4C808CDD8B803
:10A34000B4B0F19982A82D557D98A80E161EA22CA6
:10A35000547C92A4F02C5078F184A898C4CDFCD8F9
:10A360000DDBA8FC2DF3D9BAA6F8DABAA6DED8BA66
:10A37000B2B68696A6D0F3C841DAA6C8F8D8B0B46B
:10A38000B882A892F52C548898F135D9F418D8F1F0
:10A39000A2D0F8F9A884D9C7DFF8F883C5DADF6955
:10A3A000DF83C1D8F40114F1A8824EA884F311D13F
:10A3B00082F5D992289788F109F41C1CD884A8F357
:10A3C000C0F9D1D99782F129F40DD8F3F9F9D1D98F
:10A3D00082F4C203D8DEDF1AD8F1A2FAF9A8849871
:10A3E000D9C7DFF8F8F883C7DADF69DFF883C3D8A5
:10A3F000F40114F198A8822EA884F311D182F5D922
:10A4000092509788F109F41CD884A8F3C0F8F9D1C8
:10A41000D99782F149F40DD8F3F9F9D1D982F4C46E
:10A4200003D8DEDFD8F1AD8898CCA809F9D982929B
:10A43000A8F57CF1883ACF944A6E98DB6931DAADA1
:10A44000F2DEF9D88795A8F221D1DAA5F9F417D967
:10A45000F1AE8ED0C0C3AE82C684C3A88595C8A510
:10A4600088F2C0F1F4010EF18E9EA8C63E56F55456
:10A47000F18872F40115F19845856EF58E9E048879
:10A48000F142985A8E9E068869F4011CF1981E11BB
:10A4900008D0F504F11E970202983625DBF9D9851C
:10A4A000A5F3C1DA85A5F3DFD88595A8F309DAA568
:10A4B000FAD88292A8F578F1881A849F2688982184
:10A4C000DAF41DF3D8879F39D1AFD9DFDFFBF9F478
:10A4D0000CF3D8FAD0F8DAF9F9D0DFD9F9D8F40BBF
:10A4E000D8F3879F39D1AFD9DFDFF41DF3D8FAFC59
:10A4F000A869F9F9AFD0DADEFAD9F88F9FA8F1CCC4
:10A50000F398DB45D9AFDFD0F8D8F18F9FA8CAF315
:10A510008809DAAF8FCBF8D8F2AD978D0CD9A5DFCB
:10A52000F9BAA6F3FAF412F2D8950DD1D9BAA6F376
:10A53000FADAA5F2C1BAA6F3DFD8F1BAB2B68696B6
:10A54000A6D0CAF349DAA6CBF8D8B0B4B8D8AD844F
:10A55000F2C0DFF18FCBC3A8B2B68696C8C1CBC319
:10A56000F3B0B48898A821DB718D9D71859521D9B0
:10A57000ADF2FAD88597A828D9F408D8F28D29DA4F
:10A58000F405D9F285A4C2F2D8A88D9401D1D9F4EA
:10A5900011F2D88721D8F40AD8F28498A8C801D13A
:10A5A000D9F411D8F3A4C8BBAFD0F2DEF8F8F8F8AC
:10A5B000F8F8F8F8D8F1B8F6B5B9B08A95A3DE3C4A
:10A5C000A3D9F8D85CA3D9F8D87CA3D9F8D8F8F9DE
:10A5D000D1A5D9DFDAFAD8B18530F7D9DED8F8308D
:10A5E000ADDADED8F2B48C99A32D557DA083DFDFE0
:10A5F000DFB591A0F629D9FBD8A0FC29D9FAD8A0BB
:10A60000D051D9F8D8FC51D9F9D879D9FBD8A0D0F4
:10A61000FC79D9FAD8A1F9F9F9F9F9A0DADFDFDF85
:10A62000D8A1F8F8F8F8F8ACDEF8ADDE8393AC2CDE
:10A63000547CF1A8DFDFDFF69D2CDAA0DFD9FADB4E
:10A640002DF8D8A850DAA0D0DED9D0F8F8F8DB552C
:10A65000F8D8A878DAA0D0DFD9D0FAF8F8F8F8DB83
:10A660007DF8D89CA88CF530DB38D9D0DEDFA0D0BF
:10A67000DEDFD8A848DB58D9DFD0DEA0DFD0DED8B7
:10A68000A868DB70D9DFDFA0DFDFD8F1A888902CC5
:10A69000547C98A8D05C38D1DAF2AE8CDFF9D8B00F
:10A6A00087A8C1C1B188A8C6F9F9DA36D8A8F9DAFD
:10A6B00036D8A8F9DA36D8A8F9DA36D8A8F9DA36C9
:10A6C000D8F78D9DADF818DAF2AEDFD8F7ADFA30D5
:10A6D000D9A4DEF9D8F2AEDEFAF983A7D9C3C5C78B
:10A6E000F1889BA77AADF7DEDFA4F8849408A797DA
:10A6F000F300AEF29819A488C6A39488F632DFF26C
:10A700008393DB09D9F2AADFD8D8AEF8F9D1DAF30E
:10A71000A4DEA7F1889B7AD8F38494AE19F9DAAA5B
:10A72000F1DFD8A881C0C3C5C7A39283F628ADDEE8
:10A73000D9F8D8A350ADD9F8D8A378ADD9F8D8F8BE
:10A74000F9D1A1DADEC3C5C7D8A18194F818F2B057
:10A7500089ACC3C5C7F1D8B8B4B09786A8319B06F9
:10A760009907AB9728889BF00C201440B0B4B8F040
:10A77000A88A9A285078B79BA829517924705944FF
:10A780006938644831F1BBAB88002C547CF0B38B42
:10A79000B8A804285078F1B088B49726A85998BB77
:10A7A000ABB38B02264666B0B8F08A9CA8295179D3
:10A7B0008B2951798A2470598B2058718A446938C1
:10A7C0008B3940688A6448318B30496088F1AC002D
:10A7D0002C547CF08CA804285078F1889726A8592E
:10A7E00098AC8C02264666F0899CA8295179247081
:10A7F00059446938644831A98809205970AB113827
:10A800004069A8193148608CA83C415C207C00F16B
:10A8100087981986A86E767EA999882D557DD8B11E
:10A82000B5B9A3DFDFDFAED0DFAAD0DEF2ABF8F937
:10A83000D9B087C4AAF1DFDFBBAFDFDFB9D8B1F190
:10A84000A3978E60DFB084F2C8F8F9D9DED893857B
:10A85000F14AB183A308B5839A0810B79F10D8F1C5
:10A86000B0BAAEB08AC2B2B68E9EF1FBD9F41DD892
:10A87000F9D90CF1D8F8F8AD61D9AEFBD8F40CF1E8
:10A88000D8F8F8AD19D9AEFBDFD8F416F1D8F8AD89
:10A890008D61D9F4F4ACF59C9C8DDF2BBAB6AEFA81
:10A8A000F8F40BD8F1AED0F8AD51DAAEFAF8F1D831
:10A8B000B9B1B6A3839C08B9B1839AB5AAC0FD30DB
:10A8C00083B79F10B58B93F20202D1ABDADED8F1D9
:10A8D000B080BAABC0C3B284C1C3D8B1B9F38BA343
:10A8E00091B609B4D9ABDEB0879CB9A3DDF1B38BC7
:10A8F0008B8B8B8BB087A3A3A3A3B28BB69BF2A346
:10A90000A3A3A3A3A3A3A3A3A3F1B087B59AA3F37F
:10A910009BA3A3DCBAACDFB9A3A3A3A3A3A3A3A364
:10A92000A3A3A3A3A3A3A3A3D8D8D8BBB3B7F1AAC7
:10A93000F9DAFFD9809AAA28B48098A720B7978718
:10A94000A86688F07951F1902C870CA781976293C3
:10A95000F071716085940129517990A5F1284C6CB2
:10A96000870C95188578A38390284C6C886CD8F355
:10A97000A28200F210A8921980A2F2D926D8F188FA
:10A98000A84DD948D896A83980D93CD89580A839FF
:10A99000A68698D92CDA87A72CD8A8899519A980DA
:10A9A000D938D8A88939A980DA3CD8A82EA83990F6
:10A9B000D90CD8A8953198D90CD8A809D9FFD801B5
:10A9C000DAFFD89539A9DA26FFD890A80D8999A879
:10A9D00010809821DA2ED88999A83180DA2ED8A84B
:10A9E00086963180DA2ED8A8873180DA2ED8A882D0
:10A9F00092F34180F1D92ED8A882F31980F1D92E93
:10AA0000D882ACF3C0A28022F1A62EA72EA922984C
:10AA1000A829DAACDEFFD8A2F22AF1A92E8292A8E8
:10AA2000F23180A696F1D900AC8C9C0C30ACDED013
:10AA3000DEFFD88C9CACD010ACDE8092A2F24C82AF
:10AA4000A8F1CAF235F19688A6D900D8F1FF000026
:10AA5000555555555555C53F7D6FEB0312D6D4BF9F
:10AA60005544880E55C1C93F3B8F68B52882A4BFA5
:10AA700088B20175E0EF493F09F7FD0DE13D023F66
:10AA80004B2D8A1C273A03C0C88A599CE52A0040EE
:10AA900059018D1B6C06E6BF82922EB1C5B8B33F3B
:10AAA0004FBB610567ACDD3F182D4454FB21E93FE6
:10AAB0009BF681D20B73EF3F182D4454FB21F93FD5
:10AAC000E2652F227F2B7A3C075C143326A6813C5B
:10AAD000BDCBF07A8807703C075C143326A6913C06
:10AAE000C4EB98999999C9BF711623FEC671BCBF72
:10AAF0006D9A74AFF2B0B3BF9AFDDE522DDEADBFDA
:10AB00002F6C6A2C44B4A2BF0D5555555555D53FF1
:10AB1000FF8300922449C23F6E204CC5CD45B73F0C
:10AB2000513DD0A0660DB13FEB0D76244B7BA93F84
:10AB300011DA22E33AAD903F4C5555555555A53F96
:10AB40007751C1166CC156BF9015CB19A001FA3EC2
:10AB5000AD529C804F7E92BEC4B1B4BD9EEE213EEC
:10AB6000D43888BEE9FAA8BD00000000000000004B
:10AB700000004054FB21F93F3163621A61B4D03DBB
:10AB80000000601A61B4D03D7370032E8A19A33B94
:10AB90000000002E8A19A33BC14920259A837B39E6
:10ABA00000000000000000006E83F9A22915444E49
:10ABB000D15727FCC0DD34F5999562DB4190433CC9
:10ABC000AB6351FE61C5BBDE3A6E24B7E0D24D42A5
:10ABD000EA2E49061C92D1091CEB1DFE3EA729B1A5
:10ABE000F53582E88444BB2E26709CE9417E5FB433
:10ABF00039D69139F43953838B5F849C3B28F9BD56
:10AC0000FF97F81F0F9805DE8B112FEF1F6D0A5A63
:10AC1000CF7E366DB709CB27663F464F2DEA5F9E44
:10AC2000C7BA27757BF1E5EBF739073DEA92528AFF
:10AC3000B15FFB6B085D8D1FA6F810111111813FEC
:10AC4000D561C119A0012ABF7DFEB157E31DC73EE2
:10AC5000EB9C2B8AE6E55ABE7CD5CF5A3AD9E53D26
:10AC60002050726F6475637420494420726561647A
:10AC7000206173203020696E64696361746573209C
:10AC800064657669636520697320656974686572B7
:10AC900020696E636F6D70617469626C65206F729C
:10ACA00020616E204D5055333035302E0A000000A3
:10ACB000D0AC0008000000201C020000FA8600084A
:10ACC00058AD00081C02002084050000148E000806
:10ACD000412D0102030404100906070809020406B5
:10ACE0000884A24A04691832FF29045201034280F1
:10ACF0003F234843280FC8429A99993FDA0FC93F2A
:10AD00009A99193E10A11AB40C2904E14D3333B3BA
:10AD10003E8421CB8403100112032E40411E1643B2
:10AD2000295C8F88076490400AD7A33D03168813D7
:10AD30001A20DC30096F12833AA69B443B1A3F90DD
:10AD40000A183BE80110EB803F0C13149E1B080807
:08AD50000401209A30240000E8
:04000005080000ED02
:00000001FF
