:020000040800F2
:1000000048070020D54400088131000883310008EA
:10001000873100088B3100088F3100080000000094
:100020000000000000000000000000009331000804
:100030009531000800000000973100089931000850
:10004000EF440008EF440008EF440008EF440008C4
:10005000EF440008EF440008EF4400088F43000815
:10006000EF440008EF440008EF440008EF440008A4
:10007000EF440008EF440008EF440008EF44000894
:10008000EF440008EF440008EF440008EF44000884
:10009000EF440008EF440008EF440008EF44000874
:1000A000EF440008F1420008EF440008EF44000864
:1000B000EF4400082D2800083D280008EF44000800
:1000C000EF440008EF440008EF440008EF44000844
:1000D000EF440008EF440008EF440008EF44000834
:1000E000EF440008EF440008EF440008DFF80CD0AC
:1000F00007F05CFD00480047812600084807002003
:1001000031490143314A1160704770B50021002325
:100110000F22C47804B32D4C246804F4E064C4F5C1
:10012000E064210AC1F10403CA40447804FA03F1EF
:100130008478144021430901254C0678A1550478A0
:1001400004F01F050124AC4005786D11AD0005F1E8
:10015000E025C5F8004109E0047804F01F050124FA
:10016000AC401C4D0678761145F8264070BD1A4A01
:100170000A400243154B1B1F1A60704739B1134ADE
:10018000121D12680243114B1B1D1A6006E00F4A34
:10019000121D126882430D4B1B1D1A607047042804
:1001A00008D14FF0E021096941F004014FF0E0224D
:1001B000116107E04FF0E021096921F004014FF0DF
:1001C000E0221161704700000000FA050CED00E02C
:1001D00000E400E080E100E080FFFF1F00204449D0
:1001E0000860091D0860091D0860091D0860414874
:1001F0003F4914310860704700213D498279002A47
:100200003AD00A46126803689A430B461A600A1DE0
:10021000126803689A430B1D1A60027911440A6838
:1002200003681A430A60324A0832126803689A4324
:100230002F4B08331A601A1D126803689A432C4B1F
:100240000C331A604279102A0ED11A1F1268036803
:100250001A43274B08331A601A1D126803681A43A1
:10026000234B0C331A600DE02149427911440A688E
:1002700003681A430A6005E0027911440A680368BA
:100280009A430A6070470021016001710C2141719D
:100290000021817170471649103109680143144AE1
:1002A00010321160704701460020114A1432126862
:1002B0000A400AB1012000E0002070470C491431C7
:1002C00008607047014600200022094B1B6803EAC2
:1002D0000102074B14331B680B4013B10AB1012014
:1002E00000E00020704702491431086070470000A8
:1002F00000040140FFFF0F0010B50446CC488442C3
:1003000008D10121042000F02DFB0021042000F081
:1003100029FB46E0C748844208D10121082000F0AB
:1003200021FB0021082000F01DFB3AE0C248844276
:1003300008D10121102000F015FB0021102000F051
:1003400011FB2EE0BD48844208D10121202000F09D
:1003500009FB0021202000F005FB22E0B848844280
:1003600008D10121402000F0FDFA0021402000F0DA
:10037000F9FA16E0B348844208D10121802000F048
:10038000F1FA0021802000F0EDFA0AE0AE48844244
:1003900007D10121801500F0E5FA0021A01500F039
:1003A000E1FA10BD10B50121084600F0DBFA00218A
:1003B000012000F0D7FA10BD2DE9F04102460025DA
:1003C0000026002000230024002791F803C00CF031
:1003D0000F0591F803C00CF0100CBCF1000F03D016
:1003E00091F802C04CEA050591F800C0BCF1000F7D
:1003F00031D0146800202BE04FF0010C0CFA00F310
:10040000B1F800C00CEA03069E4220D183004FF0F1
:100410000F0C0CFA03F7BC4305FA03FC4CEA040486
:1004200091F803C0BCF1280F06D14FF0010C0CFA73
:1004300000FCC2F814C00AE091F803C0BCF1480FF8
:1004400005D14FF0010C0CFA00FCC2F810C0401CA2
:100450000828D1D31460B1F800C0BCF1FF0F34DD1F
:10046000546800202EE000F1080C4FF0010808FA53
:100470000CF3B1F800C00CEA03069E4221D18300C0
:100480004FF00F0C0CFA03F7BC4305FA03FC4CEADF
:10049000040491F803C0BCF1280F05D100F1080C49
:1004A00008FA0CF8C2F8148091F803C0BCF1480FA8
:1004B00007D100F1080C4FF0010808FA0CF8C2F857
:1004C0001080401C0828CED35460BDE8F0814FF660
:1004D000FF710180022181700421C17070470246C2
:1004E000002093680B400BB1012000E00020704712
:1004F0000146886880B2704702460020D3680B40EE
:100500000BB1012000E0002070470146C86880B2AE
:10051000704701617047416170470AB1016100E0B5
:1005200041617047C16070474FF480320A43826175
:100530008161826182698269704702460020434B73
:1005400018684FF68073184040EA021008433F4B8A
:10055000186070473E49C8617047F0B50A460023ED
:1005600000240021002500F00046B6F1004F02D122
:10057000364EF16901E0354E7168C0F3034583B230
:1005800000F44016B6F5401F08D121F070612F4EDF
:10059000766826F070662D4F7E6012E000F48016BB
:1005A000B6F5801F06D1032606FA05F4A14341F0F3
:1005B000706106E0460D360103FA06F6B14341F0DC
:1005C000706122B1460D360103FA06F6314300F0A0
:1005D0000046B6F1004F02D11C4EF16101E01B4E06
:1005E0007160F0BD30B500228B071C0F0F2303FA9A
:1005F00004F2164B08338C1053F824309343134CF9
:1006000008348D1044F8253023468C1053F82430DC
:100610008C07240F00FA04F423430C4C08348D108B
:1006200044F8253030BD0A49DC31086070470000CD
:1006300000080140000C014000100140001401407E
:1006400000180140001C0140002001400000014052
:1006500000002042DF48006840F00100DD490860EA
:1006600008464068DC490840DA49486008460068A6
:10067000DA490840D74908600846006820F480201D
:1006800008600846406820F4FE0048604FF41F00F0
:1006900088607047CF49096821F48031CD4A1160E4
:1006A0001146096821F480211160B0F5803F03D024
:1006B000B0F5802F0ED106E0C649096841F48031BB
:1006C000C44A116007E0C349096841F4A021C14A46
:1006D000116000E000BF00BF704710B50146002266
:1006E000002300204A11012A02D1BA4C236806E0F7
:1006F000022A02D1B74C236A01E0B64C636A01F0CA
:100700001F02012494401C400CB1012000E0002095
:1007100010BD38B5002000900024002500BF312016
:10072000FFF7DBFF05460098401C00900098B0F5ED
:10073000A06F01D0002DF2D03120FFF7CEFF08B11D
:10074000012400E00024204638BD01460020A14AD3
:10075000106820F0F80040EAC10010607047A0491E
:1007600008607047024600209A4B586820F47C10BD
:1007700042EA01031843974B58607047984908664E
:10078000704701460020934A506820F00300084358
:10079000506070478F48406800F00C007047014679
:1007A00000208C4A506820F0F000084350607047E9
:1007B00001460020874A506820F4E06008435060FA
:1007C000704701460020834A506820F4605040EA98
:1007D000C1005060704729B17E4A527A02437D4B76
:1007E0005A7204E07B4A527A82437A4B5A727047BB
:1007F0007B49D8310860704701460020754A50682F
:1008000020F440400843506070470021714A203274
:100810001170704A82F82010012802D004280AD1F1
:1008200004E001216B4A2032117005E00521694A7C
:100830002032117000E000BF00BF704769490860B6
:1008400070476449096A0143624A11627047654909
:1008500044390860704730B500210022002400238D
:100860005C4D6D6805F00C0121B1042905D0082903
:1008700023D105E05C4D056022E05B4D05601FE083
:10088000544D6D6805F47012524D6D6805F4803456
:10089000022505EB92421CB9544D554305600BE00F
:1008A0004C4D6D6805F400351DB1504D5543056044
:1008B00002E04D4D5543056002E04B4D056000BF21
:1008C00000BF444D6D6805F0F0010909484D6B5CAF
:1008D0000568DD4045603F4D6D6805F4E061090A3B
:1008E000434D6B5C4568DD4085603A4D6D6805F4AD
:1008F0006051C90A3E4D6B5C4568DD40C560354DB1
:100900006D6805F44041890B3A4D6B5CC568B5FBD9
:10091000F3F5056130BD29B12E4A526902432D4BD2
:100920005A6104E02B4A526982432A4B5A6170474C
:1009300029B1284A92690243264B9A6104E0254A6C
:1009400092698243234B9A61704729B1214AD26947
:100950000243204BDA6104E01E4AD26982431D4BF8
:10096000DA61704729B11B4AD2680243194BDA6039
:1009700004E0184AD2688243164BDA60704729B106
:10098000144A12690243134B1A6104E0114A1269B6
:100990008243104B1A617047124940390860704712
:1009A0000F49C86470470B49C87170470948406ACD
:1009B00040F0807007494862704701460020054AB0
:1009C00092680A400AB1012000E000207047014906
:1009D00088727047001002400000FFF8FFFFF6FE2B
:1009E000000042428004424200127A0000093D00A9
:1009F000000000201000002010B50446FE4884428C
:100A000008D10121C014FFF7ADFF0021E014FFF76A
:100A1000A9FFC4E0B4F1804F08D101210846FFF7D7
:100A2000AEFF00210120FFF7AAFFB8E0F34884429F
:100A300008D101210220FFF7A2FF00210220FFF7C9
:100A40009EFFACE0EE48844208D101210420FFF76C
:100A500096FF00210420FFF792FFA0E0E9488442BE
:100A600008D101210820FFF78AFF00210820FFF7A5
:100A700086FF94E0E448844208D101211020FFF76A
:100A80007EFF00211020FFF77AFF88E0DF488442D4
:100A900008D101212020FFF772FF00212020FFF75D
:100AA0006EFF7CE0DA48844208D101214014FFF750
:100AB00059FF00216014FFF755FF70E0D5488442CC
:100AC00009D10121C804FFF74DFF00214FF4002098
:100AD000FFF748FF63E0D048844209D101210805AF
:100AE000FFF740FF00214FF48010FFF73BFF56E077
:100AF000CA48844209D101214805FFF733FF00218C
:100B00004FF40010FFF72EFF49E0C548844208D19A
:100B100001214020FFF733FF00214020FFF72FFF86
:100B20003DE0C048844208D101218020FFF727FF23
:100B300000218020FFF723FF31E0BB48844208D129
:100B400001218015FFF71BFF0021A015FFF717FFFC
:100B500025E0B648844209D101210804FFF702FFCD
:100B600000214FF48030FFF7FDFE18E0B0488442CA
:100B700009D101214804FFF7F5FE00214FF40030B0
:100B8000FFF7F0FE0BE0AB48844208D10121880456
:100B9000FFF7E8FE00214FF48020FFF7E3FE10BDD1
:100BA00000220288944B98420ED0994B98420BD069
:100BB000B0F1804F08D0914B984205D0904B9842AD
:100BC00002D0904B984204D14FF68F731A404B8855
:100BD0001A438D4B984207D08C4B984204D04FF665
:100BE000FF431A40CB881A4302808B8883850B8889
:100BF0000385814B98420BD0854B984208D08B4B94
:100C0000984205D08A4B984202D08A4B984201D133
:100C10000B7A038601238382704770B5002400227B
:100C20000023058C4FF6FE7635400584028C8388C0
:100C3000048B4FF68F752C40B51E2C400D882C432D
:100C4000751E2A400D892A434D882A436A4DA842C1
:100C50000BD06F4DA84208D0744DA84205D0744DFA
:100C6000A84202D0734DA84213D14FF6F7752A401F
:100C70004D892A434FF6FB752A408D882A434FF64B
:100C8000FF652B404FF6FF552B408D892B43CD89B7
:100C90002B4383800483CD888586028470BD70B524
:100CA000002400220023058C4FF6EF7635400584A2
:100CB000028C8388048B48F6FF752C404FF6FF4565
:100CC0002C400D884FF6FF7606EA05252C434FF69B
:100CD000DF752A400D8906EA05152A434D8806EA84
:100CE00005152A43444DA84202D0494DA8421DD1C2
:100CF0004FF67F752A404D894FF6FF7606EA0515B7
:100D00002A434FF6BF752A408D8806EA05152A4307
:100D10004FF6FF352B404FF2FF752B408D8906EAC9
:100D200085052B43CD8906EA85052B438380048303
:100D3000CD880587028470BD70B500240022002391
:100D4000058C4FF6FF6635400584028C8388848BC2
:100D50004FF68F752C404FF6FC752C400D882C43B8
:100D60004FF6FF552A400D894FF6FF7606EA052516
:100D70002A434D8806EA05252A431F4DA84202D082
:100D8000234DA8421DD14FF2FF752A404D894FF6E1
:100D9000FF7606EA05252A434FF6FF352A408D885F
:100DA00006EA05252A434EF6FF752B404DF6FF75E2
:100DB0002B408D8906EA05152B43CD8906EA0515DA
:100DC0002B4383808483CD888587028470BD70B572
:100DD000002200230024058C4EF6FF763540058462
:100DE000038C8488828B48F6FF752A404FF6FF45B6
:100DF0002A400D8820E00000002C01400004004043
:100E000000080040000C00400010004000140040AA
:100E100000340140004C01400050014000540140AA
:100E200000180040001C004000200040004001402D
:100E300000440140004801404FF6FF7606EA0525D0
:100E40002A434DF6FF752B400D8906EA05352B43E5
:100E50004D8806EA05352B43FA4DA84202D0FA4DDB
:100E6000A84208D14BF6FF752C408D894FF6FF76CE
:100E700006EA85152C4384808283CD88A0F84050F3
:100E8000038470BD828B4FF2FF331A408283828BC2
:100E90004FF6FF7303EA01231A4382837047F0B5CC
:100EA0000C461546002200210026078C4EF6FF7CDA
:100EB00007EA0C070784828B018C4FF6FF7707EA5D
:100EC000043640F6FF473A404FF6FF7707EA05271A
:100ED0003A434FF6FF7707EA03373A43D94FB84210
:100EE0000ED0D94FB8420BD0B0F1804F08D0D74FB9
:100EF000B84205D0D64FB84202D0D64FB84206D13C
:100F00004DF6FF77394046F48057394305E047F600
:100F1000FF57394044F48057394382830184F0BD40
:100F2000828B4FF6F3731A408283828B0A4382834B
:100F30007047F0B50C461546002200210026078CAC
:100F40004FF6FF6C07EA0C070784828B018C4FF683
:100F5000FF7707EA04264FF60C773A404FF6FF7703
:100F600007EA03172F433A43B64FB8420ED0B64FA5
:100F7000B8420BD0B0F1804F08D0B44FB84205D082
:100F8000B34FB84202D0B34FB84206D14FF6FF5725
:100F9000394046F48077394305E04FF2FF57394036
:100FA00044F48077394382830184F0BD028B4FF291
:100FB000FF331A400283028B4FF6FF7303EA0123CB
:100FC0001A4302837047F0B50C46154600220021F3
:100FD0000026078C4FF6EF7C07EA0C070784028B8C
:100FE000018C4FF6FF7707EA041640F6FF473A40B8
:100FF0004FF6FF7707EA03373A434FF6FF7707EAE2
:1010000005273A438F4FB8420ED08F4FB8420BD0CE
:10101000B0F1804F08D08D4FB84205D08C4FB84208
:1010200002D08C4FB84206D14FF6DF77394046F0F8
:101030001007394305E04FF65F77394044F0100759
:10104000394302830184F0BD028B4FF6F3731A40DB
:101050000283028B0A4302837047F0B50C461546A3
:1010600000220021068C4FF6FE773E400684028B5C
:10107000018C4FF60C7632407E1C06EA03162E4396
:101080003243704EB0420ED06F4EB0420BD0B0F132
:10109000804F08D06D4EB04205D06D4EB04202D0A8
:1010A0006C4EB04206D14FF6FD76314044F0010659
:1010B000314305E04FF6F576314044F00106314307
:1010C00002830184F0BD70B505460C465D4885423B
:1010D0000ED05D4885420BD0B5F1804F08D05B48FB
:1010E000854205D05A48854202D05A48854200D1EF
:1010F00000E000BF208850B92389A2886188284673
:10110000FFF7ABFFE1882846FFF79EFF25E0208828
:1011100004280AD12389A28861882846FFF753FF53
:10112000E1882846FFF742FF17E0208808280AD107
:101130002389A28861882846FFF7FBFEE1882846BC
:10114000FFF7EEFE09E02389A28861882846FFF7B1
:10115000A6FEE1882846FFF795FE70BD2DE9F04117
:1011600005460C4600260127608808B9022600E0E3
:101170000026A088012801D1022700E0012720884D
:10118000A0B92389A28861882846FFF766FFE18815
:101190002846FFF759FF23893A4631462846FFF78C
:1011A00012FFE1882846FFF701FF13E02389A28898
:1011B00061882846FFF707FFE1882846FFF7F6FE1B
:1011C00023893A4631462846FFF747FFE1882846FB
:1011D000FFF73AFFBDE8F0810A884B881A438B88F5
:1011E0001A43CB881A430B891A434B891A438B89BC
:1011F0001A43A0F8442070474FF6FF718180002108
:101200000180C180418001727047002101804180CE
:101210008180C180018141818181C181704700212C
:1012200001804180012181800021C18001817047BE
:101230000021018041808180C180018141818181C3
:1012400070470000002C01400034014000040040C1
:1012500000080040000C004021B1028842F0010269
:10126000028004E002884FF6FE731A400280704745
:1012700031B1B0F8442042F40042A0F8442005E027
:10128000B0F84420C2F30E02A0F8442070471AB10F
:1012900083890B43838102E083898B438381704779
:1012A0008182704741EA0203A0F8483070471AB1C2
:1012B00083890B43838102E083898B438381704759
:1012C00001894FF6F8721140018170470A460021EA
:1012D00001894FF68F73194011430181704730B572
:1012E00004460D4629462046FFF7F0FF208940F0CE
:1012F0000700208130BD2DE9F04104460D46164619
:101300001F46602D06D13B46012231462046FFF79D
:101310005AFE05E03B46012231462046FFF79DFE7E
:1013200029462046FFF7D2FF208940F007002081A0
:10133000BDE8F08130B50C4600210189C9B24FF6F5
:10134000FF7505EA0325154325432943018130BD77
:101350002DE9F04105460E461746984600244346BF
:101360003A4631462846FFF7E5FF2C894FF6F870DC
:10137000044044F007044FF68F70044044F07004BA
:101380002C81BDE8F081F0B504460D4616461F4697
:101390003B46324629462046FFF7CCFF208940F4E1
:1013A00080402081F0BD0185828270470A4600217D
:1013B00001884FF68F731940114301807047F0B5D3
:1013C0000C4615461E460021002200230189028B8F
:1013D000038C4FF6F877394021434FF6FC473A40EB
:1013E00040F201173A434FF6DD773B404FF6FF7767
:1013F00007EA06172F433B43018102830384F0BDB4
:101400000A460021018B4FF68F7319401143018367
:1014100070470A460021018B48F6FF7319404FF6CA
:10142000FF7303EA02231943018370470A46002130
:10143000818B4FF68F7319401143818370470A46A1
:101440000021818B48F6FF7319404FF6FF7303EAC2
:10145000022319438183704721B1028842F0800240
:10146000028004E002884FF67F731A4002807047C2
:1014700021B1828842F00402828004E082884FF623
:10148000FB731A408280704721B1828842F00802C3
:10149000828004E082884FF6F7731A40828070479A
:1014A00021B1828842F00102828004E082884FF6F6
:1014B000FE731A40828070470A460021018B4FF666
:1014C000F77319401143018370470A460021018BCD
:1014D0004FF2FF7319404FF6FF7303EA02231943DB
:1014E000018370470A460021818B4FF6F77319403C
:1014F0001143818370470A460021818B4FF2FF73AD
:1015000019404FF6FF7303EA0223194381837047A2
:101510000A460021018B4FF6FB73194011430183EA
:1015200070470A460021018B4FF6FF3319404FF6F2
:10153000FF7303EA02231943018370470A4600211F
:10154000818B4FF6FB7319401143818370470A4624
:101550000021818B4FF6FF3319404FF6FF7303EAEA
:1015600002231943818370470A460021018B4FF6FD
:101570007F7319401143018370470A460021018B94
:10158000C1F30E014FF6FF7303EA022319430183EF
:1015900070470A460021818B4FF67F731940114333
:1015A000818370470A460021818BC1F30E014FF6FB
:1015B000FF7303EA02231943818370470A4600211F
:1015C000018C4FF6FD7319401143018470470A46A0
:1015D0000021018C4FF6F7731940114301847047C5
:1015E0000A460021018C4FF6DF7319404FF6FF7356
:1015F00003EA02131943018470470A460021018C53
:101600004FF67F7319404FF6FF7303EA0213194335
:10161000018470470A460021018C4FF6FF531940A0
:101620004FF6FF7303EA02231943018470470A4609
:101630000021018C4FF2FF7319404FF6FF7303EA4C
:1016400002231943018470470A460021018C4DF69C
:10165000FF7319404FF6FF7303EA02331943018405
:10166000704730B5002301248C40A3B2048C9C4306
:101670000484048C02FA01F5ADB22C43048430BD1D
:1016800030B5002304248C40A3B2048C9C43048412
:10169000048C02FA01F5ADB22C43048430BD70B560
:1016A0000346002000241846183001258D40ACB2B6
:1016B0001D8CA5431D8409B1082909D100EB6100E7
:1016C000056825F0700505600568154305600EE0A6
:1016D0000D1FC5F34E052844056825F4E045056057
:1016E00005684FF6FF7606EA02263543056070BDB1
:1016F00021B1028842F00202028004E002884FF623
:10170000FD731A400280704721B1028842F0040242
:10171000028004E002884FF6FB731A400280704793
:1017200021B1828842F08002828004E082884FF6F4
:101730007F731A408280704702884FF6F7731A4011
:10174000028002880A430280704782884FF68F73B6
:101750001A40828082880A438280704702894FF64D
:10176000F8731A40028102890A4302817047028994
:101770004FF67F731A40028102890A430281704743
:1017800081847047818570478186704701877047E3
:1017900081877047A0F84010704702884FF6FF43DA
:1017A0001A40028002880A43028070470146888EF0
:1017B00070470146088F70470146888F7047014681
:1017C000B1F8400070470146888C70470146088D8B
:1017D000704702460020138A0B400BB1012000E045
:1017E00000207047CA430282704730B5024600208D
:1017F00000230024158A05EA0103958905EA0104FE
:1018000013B10CB1012000E0002030BDCA430282B8
:101810007047000010B50446FB48844209D10121FD
:101820008803FFF79FF800214FF48040FFF79AF8F4
:1018300032E0F648844209D101214804FFF79FF8BD
:1018400000214FF40030FFF79AF825E0F048844279
:1018500009D101218804FFF792F800214FF480207C
:10186000FFF78DF818E0EB48844209D10121C80444
:10187000FFF785F800214FF40020FFF780F80BE018
:10188000E548844208D101210805FFF778F80021D6
:101890004FF48010FFF773F810BD2DE9F04786B0C4
:1018A00005460E460024A24600BFA1460027B08987
:1018B00000B100BF2F462C8A4CF6FF700440F08820
:1018C00004432C82AC894EF6F3100440B088318971
:1018D0000843718908430443AC81AC8A4FF6FF404A
:1018E0000440B0890443AC8201A8FEF7B4FFC648A7
:1018F000874202D1DDF810A001E0DDF80CA0A88934
:1019000000F4004040B10AEBCA0000EB0A10316855
:101910004900B0FBF1F807E00AEBCA0000EB0A103F
:1019200031688900B0FBF1F86420B8FBF0F00401E5
:101930002009642101FB1089A88900F4004040B10E
:10194000322000EBC900B0FBF1F000F007000443C7
:1019500008E0322000EB09106421B0FBF1F000F048
:101960000F0004432C8106B0BDE8F0874FF41651F8
:10197000016000218180C18001810C214181002111
:101980008181704710B502460020108A4FF2FF0394
:1019900018400B884C8823438C882343CC882343EE
:1019A0001843108210BD0021018041808180C180D8
:1019B000704721B1828942F40052828104E0828919
:1019C0004DF6FF731A4082817047F0B5034600243C
:1019D00000260025002040F66A17B94200D100BF5A
:1019E0001846C1F3421401F01F06012707FA06F555
:1019F000012C01D10C3004E0022C01D1103000E0A8
:101A000014301AB107682F43076002E00768AF433C
:101A10000760F0BD1AB1838A0B43838202E0838A98
:101A20008B4383827047028A4FF6F0731A4002821A
:101A3000028A0A430282704782894FF2FF731A407A
:101A4000828182890A438281704721B1828942F072
:101A50000202828104E082894FF6FD731A4082817E
:101A60007047028A4FF6DF731A400282028A0A43E5
:101A70000282704721B1028A42F48042028204E06D
:101A8000028A4BF6FF731A4002827047C1F30802C4
:101A90008280704701468888C0F3080070478189BA
:101AA00041F0010181817047028BD2B20283028B27
:101AB00042EA012202837047028B02F47F420283D2
:101AC000028B0A430283704721B1828A42F02002CE
:101AD000828204E0828A4FF6DF731A408282704766
:101AE00021B1828A42F01002828204E0828A4FF69B
:101AF000EF731A408282704721B1828A42F0080255
:101B0000828204E0828A4FF6F7731A40828270471D
:101B100021B1828942F40042828103E08289C2F3CA
:101B20000E028281704721B1828A42F40062828271
:101B300004E0828A4FF2FF731A4082827047828AE1
:101B40004FF6FB731A408282828A0A438282704770
:101B500021B1828A42F00202828204E0828A4FF638
:101B6000FD731A408282704702460020B1F5007F63
:101B700000D100BF13880B400BB1012000E0002012
:101B8000704701F40072B2F5007F00D100BFCA4374
:101B90000280704770B50246002400230025002013
:101BA00040F66A16B14200D100BFC1F3421501F000
:101BB0001F03012606FA03F3012D02D19689334053
:101BC00006E0022D02D1168A334001E0968A3340A6
:101BD0000C12012606FA04F41688344013B10CB135
:101BE000012000E0002070BD10B50022002340F667
:101BF0006A14A14200D100BF0A1201249440A3B28A
:101C0000DC43048010BD0000003801400044004067
:101C100000480040004C00400050004010B5044611
:101C2000FA48844208D101214015FEF79BFE0021AD
:101C30006015FEF797FE17E0F548844208D10121B0
:101C40000015FEF78FFE00212015FEF78BFE0BE03E
:101C5000F048844208D10121C803FEF783FE002129
:101C60004FF40040FEF77EFE10BD30B50246002066
:101C700000235068E84C20400D790C6844EA0524A4
:101C8000204350609068E54C2040D1E902542C4339
:101C90004D7944EA450420439060D06A20F47000F6
:101CA0000C7C641EE4B2234340EA0350D06230BD92
:101CB00000210160017141718160C16001210174E5
:101CC000704721B1826842F00102826003E08268BD
:101CD00022F001028260704721B1826842F4807272
:101CE000826003E0826822F480728260704710B5DF
:101CF0000023CBB21AB144681C43446002E044683C
:101D00009C43446010BD816841F0080181607047C8
:101D1000014600208A6802F008020AB1012000E0B2
:101D200000207047816841F00401816070470146DE
:101D300000208A6802F004020AB1012000E00020BD
:101D4000704721B1826842F4A002826003E0826899
:101D500022F4A00282607047014600208A6802F4E3
:101D600080020AB1012000E00020704710B50A4649
:101D700000210023416821F46041531E41EA4331B0
:101D8000416010BD21B1426842F40062426003E04C
:101D9000426822F4006242607047F0B504460D4686
:101DA00000200021092D11DDE068A5F10A0606EBEF
:101DB0004607072606FA07F18843A5F10A0606EB4F
:101DC000460603FA06F10843E0600CE0206905EBE3
:101DD0004507072606FA07F1884305EB450603FA8F
:101DE00006F108432061072A0FDA606B561E06EBE6
:101DF00086071F2606FA07F18843561E06EB86065D
:101E000005FA06F10843606322E00D2A0FDA206B21
:101E1000D61F06EB86071F2606FA07F18843D61F52
:101E200006EB860605FA06F10843206310E0E06A37
:101E3000A2F10D0606EB86071F2606FA07F1884376
:101E4000A2F10D0606EB860605FA06F10843E062EC
:101E5000F0BD21B1826842F48012826003E08268A2
:101E600022F48012826070470146C86C80B27047CD
:101E700066484C300068704721B1426842F4806285
:101E8000426003E0426822F480624260704721B100
:101E9000426842F48052426003E0426822F4805279
:101EA000426070470A460021816821F4E0411143F5
:101EB0008160704721B1826842F40042826003E091
:101EC000826822F400428260704721B1826842F445
:101ED0000212826003E0826822F40212826070477C
:101EE000014600208A6802F400120AB1012000E0D5
:101EF00000207047F0B50446154600200022002659
:101F0000092911DDE068A1F10A0707EB470C072753
:101F100007FA0CF29043A1F10A0707EB470703FA0F
:101F200007F21043E0600CE0206901EB410C072749
:101F300007FA0CF2904301EB410703FA07F2104352
:101F40002061A06BC0F30156EF1C06F1010CA7EB5A
:101F50000C0707EB870C1F2707FA0CF29043EF1CC6
:101F600006F1010CA7EB0C0707EB870701FA07F254
:101F70001043A063F0BD10B50A4600210023816B19
:101F800021F44011531E41EA0351816310BD08B58D
:101F9000002300930090009B0B440093009B1A6069
:101FA00008BD08B5024600200090009201F128000B
:101FB000009B184400900098006880B208BD0A4653
:101FC00000214168164B194011434160704741623E
:101FD000826270470A460021416821F01F011143C7
:101FE0004160704740B109490831096841F4000176
:101FF000064A0832116007E004490831096821F4F3
:102000000001024A083211607047000000240140BC
:1020100000280140003C0140FFFEF0FFFDF7F1FF0A
:10202000FFFD3FFF0246002013680B400BB101206B
:1020300000E000207047CA430260704770B5024656
:102040000020002300240B125568CEB205EA0604D6
:1020500015681D4015B10CB1012000E0002070BDD5
:1020600000220A12D3430360704700000CB5002021
:10207000019000906C48006840F480306A49086024
:1020800000BF6948006800F4003000900198401CCF
:102090000190009818B90198B0F5A06FF1D162488D
:1020A000006800F4003010B10120009001E0002031
:1020B00000900098012843D15C48006840F010006F
:1020C0005A4908600846006820F003000860084686
:1020D000006840F002000860534840685249486078
:1020E0000846406848600846406840F480604860A0
:1020F0000846406820F47C1048600846406840F478
:10210000E81048600846006840F08070086000BF32
:102110004548006800F000700028F9D04248406847
:1021200020F00300404948600846406840F0020043
:10213000486000BF3C48406800F00C000828F9D116
:102140000CBD10B5FFF792FF10BD10B53648006802
:1021500040F00100344908600846406834490840AE
:102160003149486008460068324908402E490860F5
:102170000846006820F4802008600846406820F483
:10218000FE0048604FF41F008860FFF7DAFF4FF051
:1021900000602949086010BD10B500210020002210
:1021A000214B5B6803F00C0121B1042906D00829FA
:1021B00028D107E0214B224C236027E01F4B204C05
:1021C000236023E0184B5B6803F47010164B5B68C8
:1021D00003F48032022303EB904022B9194B4343AE
:1021E000174C23600DE0104B5B6803F4003323B100
:1021F000144B4343124C236003E0104B4343104CF9
:10220000236003E00D4B0E4C236000BF00BF064B64
:102210005B68C3F303130C4CE15C094B1B68CB40B8
:10222000074C236010BD0000001002400020024057
:102230000000FFF8FFFFF6FE08ED00E000127A0054
:102240001400002000093D0018000020014605E0B0
:10225000002001E0421CD0B20A28FBDB0A1EA1F1DB
:102260000101F5D1704710B5044603E04FF47A70D0
:10227000FFF7ECFF201EA4F10104F7D110BD704759
:1022800008B50720009002E00098401E00900098DA
:102290000028F9D108BD10B54FF40070E649086078
:1022A00040100860FFF7ECFFE3480838006808B901
:1022B000012000E0002000F4007008B1002010BDF3
:1022C0004FF40070DC49091D0860FFF7D9FFDA48B8
:1022D0000838006800F4007008B10020EFE74FF400
:1022E0000070D549091D0860FFF7CAFF0120E6E725
:1022F00010B54FF48070D049091D0860FFF7C0FF8A
:102300004FF40070CC49091D0860FFF7B9FF4FF486
:102310008070C9490860FFF7B3FF4FF40070C649E9
:102320000860FFF7ADFF10BD10B54FF48070C249D3
:10233000091D0860FFF7A4FF4FF40070BE49091D96
:102340000860FFF79DFF4FF48070BB490860FFF7FE
:1023500097FF4FF48070B849091D0860FFF790FFA0
:1023600010BD10B54FF48070B349091D0860FFF728
:1023700087FF4FF40070B0490860FFF781FF4FF40A
:102380008070AD490860FFF77BFF4FF48070AA4969
:10239000091D0860FFF774FF10BD10B54FF4807081
:1023A000A549091D0860FFF76BFF4FF40070A249B3
:1023B0000860FFF765FF4FF480709F490860FFF7E2
:1023C0005FFF9D480838006800F4007030B14FF49A
:1023D00080709949091D0860002010BD4FF480707D
:1023E0009549091D08600120F7E770B504460825E6
:1023F0001DE04FF480709049091D0860FFF740FF11
:1024000004F0800020B14FF400708B49086004E0B4
:102410004FF400708849091D08606006040EFFF73C
:102420002FFF4FF4807084490860FFF729FF281EB2
:10243000A5F10101CDB2DCD14FF480707E49091DB8
:10244000086070BD70B508250024A8017A490860AD
:1024500016E06006040E4FF480707749091D08608D
:10246000FFF70EFF4FF4807073490860FFF708FF15
:1024700071480838006800F4007008B144F00104A5
:10248000281EA5F10101CDB2E3D14FF480706A4955
:10249000091D0860204670BD08B501210820FEF71F
:1024A00047FA4FF44070ADF8000002208DF80200AA
:1024B00014208DF8030069465F481038FDF77CFF53
:1024C00008BD2DE9F04105460E4617469846FFF730
:1024D000E2FE10B90020BDE8F081002141EA45018B
:1024E000C8B2FFF782FFFFF758FF18B9FFF700FFE8
:1024F0000020F0E73046FFF778FFFFF74EFF00249B
:102500000BE018F80400FFF770FFFFF746FF18B95B
:10251000FFF7EEFE0020DEE7641CBC42F1DBFFF7B4
:10252000E7FE0120D7E72DE9F04104460D461646A7
:102530001F463B46324629462046FFF7C2FF10B1F0
:102540000020BDE8F0814FF0FF30FAE72DE9F041BF
:1025500005460F4614461E46FFF79DFE10B90020A3
:10256000BDE8F081002141EA4501C8B2FFF73DFF17
:10257000FFF713FF18B9FFF7BBFE0020F0E738465E
:10258000FFF733FFFFF709FFFFF785FE012101EB9E
:102590004501C8B2FFF729FFFFF7FFFE0CE0FFF788
:1025A00051FF3070012C02D1FFF7DBFE01E0FFF795
:1025B000BBFE761C601EC4B2002CF0D1FFF798FE63
:1025C0000120CDE72DE9F04104460D4616461F4691
:1025D0003B46324629462046FFF7B8FF10B100209F
:1025E000BDE8F0814FF0FF30FAE770B504460D46C4
:1025F0001646FFF750FE08B9002070BD002141EAE1
:102600004401C8B2FFF7F1FEFFF7C7FE18B9FFF7A4
:102610006FFE0020F1E72846FFF7E7FEFFF7BDFE5B
:102620003046FFF7E2FEFFF7B8FEFFF761FE01203C
:10263000E3E7002070470000100C014008B50121BD
:102640001120FEF775F901210B48FDF786FF4FF4C5
:10265000C040ADF8000003208DF8020010208DF876
:10266000030069460548FDF7A7FE4FF4C041034843
:10267000FDF74FFF08BD00000002300000100140D0
:10268000FFF763FD41F61F4141F2883001F002FE81
:1026900001F03CFE01F06CFC00F0C2F800F024F800
:1026A000FFF7CCFF01F0B8FE00F0D0F800F037F9EA
:1026B000FFF7F2FE0A2000F00FFE00F043FA00F0F0
:1026C000B3FD00F019FE4FF0E020006940F001007A
:1026D0004FF0E021086105E000F0A4FA01F0FBFBF7
:1026E00001F0DFFBF8E7000008B501210820FEF744
:1026F0001FF94FF47040ADF8000010208DF8030072
:1027000003208DF802006946FE48FDF755FE4FF4A0
:102710007041FC48FDF7FDFE08BD08B501210846E3
:10272000FEF713F901210420FEF702F90C20ADF8A1
:10273000000018208DF8030003208DF80200694680
:10274000F148FDF739FE08BD30B587B000250024FB
:1027500040F2E730ADF814000020ADF81000ADF8FD
:102760001600ADF8120004A94FF08040FEF718FAE9
:102770006020ADF800000120ADF80200ADF8065071
:102780000020ADF8080069464FF08040FEF7D4FA0B
:102790000821C806FEF7A6FE0120ADF80200ADF83C
:1027A00006400020ADF8080069464FF08040FEF773
:1027B0000EFB0821C806FEF79EFE01218807FEF7E2
:1027C0004BFE01218807FEF747FD07B030BD2DE91C
:1027D000FF4104460D4627462E466020ADF8000016
:1027E0000120ADF80200ADF806700020ADF8080039
:1027F00069464FF08040FEF79FFA0821C806FEF7B1
:1028000071FE0120ADF80200ADF806606946800750
:10281000FEF7DDFA0821C806FEF76DFEBDE8FF8170
:1028200010B5FFF77AFFFFF78FFF10BDB749088893
:10283000098821F00101B54A11807047B449088820
:10284000098821F00101B24A1180704700B589B0B2
:1028500001210220FEF779F801210420FEF768F833
:1028600001A8FDF734FEC020ADF8040004208DF867
:10287000070003208DF8060001A9A348FDF79CFD81
:102880004FF4A060FDF73CFC1D208DF808000120EE
:102890008DF8090003208DF80A0001208DF80B0047
:1028A00002A8FDF732FC99481038FEF7A5F806A8F3
:1028B000FEF7A2FC0020ADF818004FF6FF70ADF84F
:1028C0001C000020ADF81E00ADF81A0006A98F48C4
:1028D0001038FEF765F90A231A4603218B48103891
:1028E000FEF76DFD03A8FEF79AFC0620ADF8140074
:1028F00003A986481038FEF7E6FB0121834810380B
:10290000FEF770FF0122114680481038FEF7BFFC29
:1029100001217E481038FEF79FFC09B000BD00B5CC
:1029200089B001210420FEF710F801210820FDF7ED
:10293000FFFF01A8FDF7CBFDC020ADF80400042087
:102940008DF8070003208DF8060001A96D48FDF7FA
:1029500033FD4FF4A060FDF7D3FB1E208DF8080077
:1029600001208DF8090003208DF80A0001208DF860
:102970000B0002A8FDF7C9FB65481038FEF73CF8CC
:1029800006A8FEF739FC0020ADF818004FF6FF70DE
:10299000ADF81C000020ADF81E00ADF81A0006A925
:1029A0005B481038FEF7FCF80A231A460321584802
:1029B0001038FEF704FD03A8FEF731FC0620ADF841
:1029C000140003A952481038FEF77DFB012150483E
:1029D0001038FEF707FF012211464D481038FEF768
:1029E00056FC01214A481038FEF736FC09B000BDFC
:1029F00000B585B001210420FDF79AFF01210220D6
:102A0000FDF7A3FF8020ADF8100004208DF813001F
:102A100003208DF8120004A93B48FDF7CDFC4FF4CC
:102A2000A060FDF76DFB1D208DF8000001208DF8E2
:102A3000010003208DF8020001208DF80300684694
:102A4000FDF763FB31481038FDF7D6FF4FF6FF70F6
:102A5000ADF808000020ADF80400ADF80A00ADF8AC
:102A6000060001A929481038FEF79AF800231A46F3
:102A7000602126481038FEF73EFC0021234810381C
:102A8000FEF77EFE012121481038FEF7E5FB05B078
:102A900000BD00B585B001210820FDF749FF0121E7
:102AA0000420FDF752FF8020ADF8100004208DF8BF
:102AB000130003208DF8120004A91248FDF77CFCD6
:102AC0004FF4A060FDF71CFB1E208DF800000120D4
:102AD0008DF8010003208DF8020001208DF803001D
:102AE0006846FDF712FB0A481038FDF785FF4FF6E0
:102AF000FF70ADF808000020ADF80400ADF80A0042
:102B000008E00000000C01400008014010040040F3
:102B100010080040ADF8060001A90948FEF740F88A
:102B200000231A4660210648FEF7E5FB0021044811
:102B3000FEF726FE01210248FEF78EFB05B000BD20
:102B40000008004070B5002402F031F90446002C62
:102B500060D17CA001F089FB782001F08AFD18B9D2
:102B600081A001F082FB02E087A001F07EFB7820CB
:102B700001F06CFF18B98FA001F077FB02E096A07E
:102B800001F073FB642002F042F818B99EA001F036
:102B90006CFB02E0A6A001F068FB03F0F9FB18B99A
:102BA000ACA001F062FB02E0B7A001F05EFBC548FB
:102BB00004F0CAFA054603F0F5FB18B9C2A001F00B
:102BC00054FB02E0CAA001F050FB40F2731004F085
:102BD0002AF818B9D2A001F048FB02E0D9A001F010
:102BE00044FB642003F098FD18B9E2A001F03DFB1E
:102BF00002E0E9A001F039FB04F0BAFA012003F089
:102C00000DF918B9EFA001F030FB0AE0F6A001F0D1
:102C10002CFB06E04FF40051FE48FDF77CFC00BFA2
:102C2000FEE770BD2DE9F04F89B0FB48FB49FC4B36
:102C3000FC4ACDE90010FC49FC4804F053F9F74880
:102C4000008800F4807000287AD0F649086804F003
:102C5000C1FD04464FF09D4104F0F6FBF4490860C5
:102C6000F049486804F0B6FD04464FF09D4104F079
:102C7000EBFBF0490860EB49886804F0ABFD0446C3
:102C80004FF09D4104F0E0FBEB490860E549C8685E
:102C900004F0A0FD04464FF09D4104F0D5FBE74948
:102CA0000860E34801684FF0804004F09BFB069009
:102CB000E1480168069804F095FB8246DD4801680A
:102CC0004FF0404004F08EFB0690DC480168069807
:102CD00004F088FB8346514604F02CFB079004F077
:102CE000C5FD064605F004FD80464FF06632D44B24
:102CF00004F08FFC044604F0E5FDD2490860CE489C
:102D000001684FF0804004F06DFB0390CA480168F1
:102D1000039804F067FB8246C64801684FF04040C4
:102D200004F060FB0390C3480168039804F05AFB69
:102D30008346514604F050FB81464FF07E5183E1BB
:102D40000CE200006D707520696E697469616C69D0
:102D50007A6174696F6E20636F6D706C6574652E37
:102D60002E2E2E2E2E0A20006D70755F7365745FF7
:102D700073656E736F7220636F6D706C6574652020
:102D80002E2E2E2E2E2E0A006D70755F7365745FC9
:102D900073656E736F7220636F6D65206163726F10
:102DA0007373206572726F72202E2E2E2E2E2E0AB5
:102DB000000000006D70755F636F6E666967757205
:102DC000655F6669666F20636F6D706C6574652002
:102DD0002E2E2E2E2E2E0A006D70755F636F6E667E
:102DE00069677572655F6669666F20636F6D6520E0
:102DF0006163726F7373206572726F72202E2E2E54
:102E00002E2E2E0A000000006D70755F7365745FD2
:102E100073616D706C655F7261746520636F6D7056
:102E20006C657465202E2E2E2E2E2E0A00000000BA
:102E30006D70755F7365745F73616D706C655F72E3
:102E4000617465206572726F72202E2E2E2E2E2ECA
:102E50000A000000646D705F6C6F61645F6D6F7479
:102E6000696F6E5F6472697665725F6669726D77AD
:102E700061726520636F6D706C657465202E2E2EF7
:102E80002E2E2E0A00000000646D705F6C6F61646E
:102E90005F6D6F74696F6E5F6472697665725F668D
:102EA00069726D7761726520636F6D652061637211
:102EB0006F7373206572726F72202E2E2E2E2E2E3F
:102EC0000A00000028000020646D705F7365745F65
:102ED0006F7269656E746174696F6E20636F6D7077
:102EE0006C657465202E2E2E2E2E2E0A00000000FA
:102EF000646D705F7365745F6F7269656E74617421
:102F0000696F6E20636F6D65206163726F737320EC
:102F10006572726F72202E2E2E2E2E2E0A00000049
:102F2000646D705F656E61626C655F666561747526
:102F3000726520636F6D706C657465202E2E2E2E69
:102F40002E2E0A00646D705F656E61626C655F664F
:102F500065617475726520636F6D65206163726F62
:102F60007373206572726F72202E2E2E2E2E2E0AF3
:102F700000000000646D705F7365745F6669666F62
:102F80005F7261746520636F6D706C657465202E6F
:102F90002E2E2E2E2E0A0000646D705F7365745FF6
:102FA0006669666F5F7261746520636F6D6520612D
:102FB00063726F7373206572726F72202E2E2E2EC5
:102FC0002E2E0A006D70755F7365745F646D705F9F
:102FD000737461746520636F6D706C657465202E09
:102FE0002E2E2E2E2E0A00006D70755F7365745F95
:102FF000646D705F737461746520636F6D652061CB
:1030000063726F7373206572726F72202E2E2E2E74
:103010002E2E0A00001001406200002060000020F7
:1030200050000020C00100205A0000205400002061
:1030300034000020380000203C0000204000002028
:1030400066A64C404400002004F074F9044604F0E5
:103050000DFCCDE90401434801684FF0804004F0C5
:10306000C1F9834640480168584604F0BBF98146DF
:103070003E4801684FF0804004F0B4F983463C4874
:103080000168584604F0AEF98246494604F052F908
:10309000044604F0EBFB0746DDE9042305F070FD70
:1030A0004FF06632334BCDE9060104F0B2FA054623
:1030B00004F008FC304908602D480168006804F0FD
:1030C00091F9039029480168006804F08BF9029097
:1030D00025480168006804F085F9834621480168A5
:1030E000006804F07FF95946019004F023F9824604
:1030F000029904F071F98146039904F06DF90446D0
:1031000004F0B4FBCDE904011948016815480068D2
:1031100004F068F98246154801681348006804F015
:1031200061F98346514604F005F981464FF080412C
:1031300004F058F9044604F099FB0746DDE904233E
:1031400005F01EFD4FF066320A4BCDE9060104F092
:1031500060FA054604F0B6FB0849086009B0BDE80E
:10316000F08F000034000020380000203C000020D8
:103170004000002066A64C40480000204C00002083
:10318000704700BFFEE700BFFEE700BFFEE700BFDD
:10319000FEE770477047704710B51D480078401C27
:1031A0001B4908701B480078401C1A4908701A48CF
:1031B0000078401C1849087000F011FB174800788F
:1031C000401C1649087016480078401C14490870C5
:1031D00014480078401C134908700E4800780228F3
:1031E00006DB01F004F900F053FC002009490870E7
:1031F00009480078082806DB00F01EFB002006497D
:1032000008700649087000F003F900F02FFA10BDAD
:103210007000002075000020710000207200002066
:10322000730000207400002030B527480068C822D1
:10323000B0FBF2F1B1F1807F01D301201DE021F05C
:103240007F40401E4FF0E022506150170F220028AF
:1032500007DA13071D0E1D4B00F00F04241F1D5528
:1032600003E013071C0E1A4B1C5400BF00204FF044
:10327000E022906107201061002008B100BFFEE746
:103280004FF0E020006920F001004FF0E0210861DC
:1032900030BD01B50F49009808604FF0E02000698B
:1032A00040F001004FF0E021086100BF09480068CC
:1032B0000028FBD108BD0748006820B10548006818
:1032C000401E0449086070471400002018ED00E01B
:1032D00000E400E064000020002107E042F6E06125
:1032E00000BF0A1EA1F1010399B2FAD1021EA0F19A
:1032F000010398B2F2D170470020FE490880FE49D0
:103300000880FE490860FE490860FE490860FE49E1
:103310000860FE490860FE490860FE490860FE49F1
:103320000860FE490860FE490860FE490860FE49E1
:103330000860FE490860FE490860FE490860FE49D1
:103340000860FE490860FE490860FE490860FE49C1
:103350000870FE490870FE490870FE490860704711
:103360002DE9F041FC48006804F080FA0446FB486F
:10337000D0E900633246204604F08CFA07D0F748C3
:10338000D0E90021104604F09DFAF3490860F448A2
:10339000006804F06BFA0446F048D0E90263324654
:1033A000204604F077FA07D0EC49D1E90221104613
:1033B00004F088FAEA490860EA48006804F056FA1E
:1033C0000446E648D0E904633246204604F062FA37
:1033D00007D0E248D0E90421104604F073FAE1492D
:1033E0000860E148006804F041FA0446DB48D0E98F
:1033F00006633246204604F04DFA07D0D748D0E99C
:103400000621104604F05EFAD7490860BDE8F08155
:103410002DE9F041D5480068012810D10020CE499F
:103420000860D348006804F0E3F906460022D14B57
:1034300004F0EFF8044604F045FAC7490860CB48A9
:103440000068022812D10020C5490860CA490968ED
:10345000A1F1400004F0CCF906460022C74B04F06D
:10346000D8F8044604F02EFABD490860C449B1F901
:10347000040004F0AFF9C3490860C349B1F904007E
:1034800004F0A8F9C14908600021C148006804F0AF
:1034900035FA0BD0BF49BE48006804F02FFA05D3B7
:1034A000BD49BB48006804F033FA05D24FF400511F
:1034B000BA48FDF730F804E04FF40051B748FDF783
:1034C00028F80021B648006803F086FF904908609C
:1034D000AD49B1F9000004F07DF90646B14903F0A9
:1034E00081FF04468C480168AF4803F07BFF054626
:1034F000214603F01FFF8849086099480168864803
:10350000006803F06FFF0546824801688048006844
:1035100003F062FF064690480168304603F062FF00
:103520000446294603F006FF7F490860BDE8F081A4
:103530002DE9F04104460D46002C0CDA4FF4804191
:103540009A48FCF7E6FF4FF400419848FCF7E3FF88
:10355000604204B20AE04FF400419448FCF7D9FFFE
:103560004FF480419148FCF7D6FF00BF002D0CDAE4
:103570004FF400518D48FCF7CCFF4FF480518B483D
:10358000FCF7C9FF684205B20AE04FF48051874852
:10359000FCF7BFFF4FF400518448FCF7BCFF00BFAD
:1035A000AFB2A6B231464FF08040FEF7F1F839468F
:1035B0004FF08040FEF7EEF87D497548006804F052
:1035C000A7F923D37B497248006804F097F902D227
:1035D0004FF0010801E04FF0000800215848006852
:1035E00004F08CF901D1012000E0002008EA000875
:1035F00000215448006804F081F901D1012000E065
:10360000002008EA0008B8F1000F0DD000214FF0AB
:103610008040FEF7BDF800214FF08040FEF7BAF879
:1036200001206549086002E00020634908606349A1
:103630003748006804F06CF905D3614934480068E4
:1036400004F05CF90DD200214FF08040FEF7A0F8A5
:1036500000214FF08040FEF79DF801205649086098
:1036600002E0002054490860BDE8F08170B52C48A4
:1036700001682D48006803F05DFE2D490860284868
:1036800001682948006803F0A7FE28490860284817
:10369000006804F0BEF800B2B0F57A7F02DD494858
:1036A000234908602248006804F0B3F800B210F51E
:1036B0007A7F02DA44481E4908601C48006804F01A
:1036C000A8F800B2B0F57A7F02DD3E4817490860DD
:1036D0001648006804F09DF800B210F57A7F02DA0F
:1036E0003948124908601148006804F092F804B2A1
:1036F0000F486BE0C6000020C4000020D40000206A
:10370000D0000020DC000020D8000020E0000020D5
:103710009800002088000020A8000020AC000020B5
:10372000FC0000207C0000208C0000209400002081
:1037300090000020F80000203C010020380100200B
:103740000401002000010020700000207100002012
:1037500072000020F0000020B0000020508D000812
:10376000B4000020B8000020BC0000202001002090
:10377000100100200080FB3F140100200000C43F26
:103780005A000020300100205400002034010020A5
:10379000440000200000A0C10000A0410010014032
:1037A000480000209A99993E3333333F000C014082
:1037B00000002041000020C1EC0000200000484231
:1037C000000048C200007A4400007AC4006804F097
:1037D00020F805B221462846FFF7AAFE70BD70B555
:1037E000FE48FDF7F0FF0446FD48FDF7ECFF0546F7
:1037F000FC480460FC4805600021F848FDF7C0FF64
:103800000021F748FDF7BCFF20B2F8490880684264
:1038100000B2F7490880F7480068F449B1F9001090
:103820000844F4490860F4480068F149B1F900100F
:103830000844F149086070BD2DE9FC47ED4909686D
:10384000ED4A1268881803F0C5FFEC4908600020B3
:10385000E9490860E7490860E948006804F006F8AB
:1038600004464FF06632E74B03F0D3FE064604F001
:1038700029F8E3490860E148006803F0F7FF4FF0DA
:103880003332E14BCDE9000103F0C3FE04460D469F
:10389000DB48006803F0EAFF064622462B4603F0A9
:1038A00011FE804604F00EF8D5490860084601680C
:1038B000D648006803F03EFDD4490860D44801684A
:1038C000D248006803F036FDD0490860D14801684D
:1038D000CE48006803F02EFDCC490860CE48006851
:1038E000012801D100200860C848006803F091FF5A
:1038F000B0F5FA5F02DDC948C4490860C3480068F2
:1039000003F087FF10F5FA5F02DAC548BF49086087
:10391000C4480068032812D10020C3490860C34985
:103920000968A1F1800003F063FF06460022C04B46
:1039300003F06FFE044603F0C5FFBB490860B948B9
:103940000068042812D10020BA490860BA49096801
:10395000A1F1C00003F04CFF06460022B74B03F074
:1039600058FE044603F0AEFFB24908600021A748A4
:10397000006803F031FD0646AE480168304603F0AA
:1039800031FD044600219E48006803F025FD0646EF
:10399000A5480168304603F025FD0546214603F0A1
:1039A000C9FCA7490860A749A748006803F0B0FF11
:1039B00005D3A649A448006803F0A0FF0AD2A04896
:1039C000006880F00044A0480168204603F03CFDF8
:1039D000824601E04FF0000A9D49504603F098FFEF
:1039E00001D2DFF86CA29B49504603F087FF01D259
:1039F000DFF860A251464FF07A5003F0F3FC044622
:103A0000954801684FF07D5003F0ECFC05462146D7
:103A100003F090FC914908608F4801688F48006866
:103A200003F0DAFC04468E4903F072FF06D28C499B
:103A30008948006803F07EFC88490860874801686F
:103A40008548006803F0C8FC0446854903F060FF20
:103A500006D283498048006803F0BEFC7F490860B5
:103A60007E4800687C49086079497B48006803F01B
:103A70004FFF02D276487849086076497648006858
:103A800003F03CFF02D2734873490860BDE8FC872D
:103A90002DE9F0417348006800283ED17248FDF7D7
:103AA00092FE00EB800000EB00104400204603F083
:103AB0009FFE054600226D4B03F01DFE074603F0F6
:103AC00001FF6B4908600846006803F0CFFE04461A
:103AD0000022684B03F0DEFE03D867484D490860BA
:103AE0001BE066496248006803F012FF01D8012418
:103AF00000E000244FF082415D48006803F0FEFEC4
:103B000001D8012000E0002004401CB15C4841497C
:103B1000086002E000203F490860BDE8F0812DE91F
:103B2000FC5F58480068012856D15748D0F800B0CB
:103B30005648006801905648B0F902905548B0F9CF
:103B400000A04B480468484603F044FE06464FF088
:103B50008D4103F079FC05464F4903F043FC4F4982
:103B60000860504603F036FE06464D4903F034FC2B
:103B700005464C4903F068FC4B490860584603F081
:103B800075FE0746494A4A4B03F0B5FD054603F06A
:103B900099FE8346019803F069FE0546434A444B6B
:103BA00003F0A9FD074603F08DFE01905021414826
:103BB00003F09CFB3F4840A1096801600A213F488F
:103BC00003F094FB3E4800210160416001810A211D
:103BD0003C4803F08BFB77E061E10000000400400B
:103BE00000080040E4000020E8000020C40000209D
:103BF000C6000020D0000020D4000020D800002003
:103C0000DC0000206666E63F3333D33FE00000204F
:103C1000F8000020F0000020EC0000200000FA4531
:103C20000000FAC520010020B80000201801002083
:103C30000000DE3FBC0000201C0100200000C43F4B
:103C4000840000206F12833AB00000206F1283BA04
:103C500000002041000020C188000020AC000020AE
:103C60003333B33E08010020002C014000006940BE
:103C7000F400002000001040000096C30000A040A7
:103C80000000FA432401002090000020940000204E
:103C90005A00002054000020CDCC1C4130010020EF
:103CA0009A190043000003433401002048E17A14CC
:103CB000AE470F40D0010020244C5600E8020020FF
:103CC000F2020020FC0200208748002101604160D0
:103CD00001810A21854803F009FB85480021016024
:103CE000416001818349584603F008FE0FD882499C
:103CF000584603F00DFE0AD8584603F0B7FD0546B6
:103D00002A460B467DA17F4803F0EEFF01E0BDE8A7
:103D1000FC9F7849019803F0F1FD0FD8764901988E
:103D200003F0F6FD0AD8019803F0A0FD05462A46E7
:103D30000B4672A1744803F0D7FF00E0E7E7734930
:103D40007348006803F0E4FD11D2724970480068BE
:103D500003F0D4FD0BD26E48006803F087FD0546E2
:103D60002A460B4665A16C4803F0BEFF00E0CEE793
:103D70006A496B48006803F0CBFD11D26949684875
:103D8000006803F0BBFD0BD26548006803F06EFDD0
:103D900005462A460B4659A1534803F0A5FF00E00B
:103DA000B5E70021204603F0B3FD0FD85E49204659
:103DB00003F0A4FD0AD2204603F058FD05462A462A
:103DC0000B464EA1494803F08FFF00E09FE700201B
:103DD00000F064FB0090009803F005FD074653498E
:103DE00003F000FB06464FF08B4103F02DFB054628
:103DF0004F4903F0F1FA4F49086000214D4800682F
:103E000003F086FD11D843494A48006803F076FD67
:103E10000BD24848006803F029FD05462A460B46A8
:103E200036A1334803F060FF00E070E735494248AF
:103E300003F067FA41A1404803F063FA32493E4873
:103E400003F05FFA3EA13C4803F05BFA32493A487E
:103E500003F057FA3BA1384803F053FA2249364899
:103E600003F04FFA38A1344803F04BFA1F493248A7
:103E700003F047FA36A1304803F043FA1C492E48B4
:103E800003F03FFA33A12C4803F03BFA50213248AB
:103E900003F02CFA502228492F4803F00EFA00BFF5
:103EA00035E710B52D480068401E2C4908602C48A5
:103EB0000068012807D10846006820B9FFF72FFEE7
:103EC000254800F0C6F92548006818B941F2883045
:103ED0002249086010BD002022490860224908607C
:103EE00001202249086070470603002010030020CB
:103EF0001A03002000007A4400007AC425332E32D1
:103F000066000000E8020020F20200200000A0C1CC
:103F1000300100200000A041FC02002000803BC5D1
:103F20003401002000803B4500401C46CDCC54416C
:103F3000CDCC4C3E78000020D00100202C52560001
:103F40002C4143002C4759002C43534200000000F1
:103F50002C565400230000002002002028010020DD
:103F600024010020F8000020FC00002008010020AF
:103F700000B585B0012144F20400FCF7D9FC4FF4F0
:103F80000070ADF8100018208DF8130003208DF894
:103F9000120004A9BB48FCF70FFA4FF48060ADF89B
:103FA000100004208DF8130004A9B648FCF704FAA9
:103FB0004FF4E13000900020ADF80400ADF80600A9
:103FC000ADF80800ADF80C000C20ADF80A00694609
:103FD000AD48FDF762FC0121AB48FDF7EAFC05B0F6
:103FE00000BD08B54FF48060FCF78AF827208DF8F3
:103FF000000004208DF8010001208DF802008DF8EA
:1040000003006846FCF781F808BD00B585B00121C2
:104010008804FCF79AFC01210820FCF789FC4FF486
:104020008060ADF8100018208DF8130003208DF883
:10403000120004A99548FCF7BFF94FF40060ADF8F1
:10404000100004208DF8130004A99048FCF7B4F97F
:10405000FFF7C7FF4FF4165000900020ADF80400A2
:10406000ADF80600ADF80800ADF80C000C20ADF876
:104070000A0069468648FDF710FC012240F22551EE
:104080008348FDF7A2FC01218148FDF792FC05B0B1
:1040900000BD70B504460D46E1B27B48FDF7F6FC65
:1040A00000BF40217848FDF75FFD0128F9D1204687
:1040B00070BDF0B503460D461646002729460A2E68
:1040C00003D0002008702846F0BD33B9302001F835
:1040D000010B002008702846F6E7002B03DA2D209C
:1040E00001F8010B5B4242F210720DE093FBF2F417
:1040F00004B937B104F1300001F8010B04FB1233AD
:1041000001270A2092FBF0F2002AEFDC0020087061
:104110002846D9E70FB470B586B006460CA80190C2
:1041200073E00B9800785C281CD10B98401C0B9016
:1041300000786E2809D072280FD10D213046FDF786
:10414000A5FC0B98401C0B900BE00A213046FDF7B4
:104150009DFC0B98401C0B9003E00B98401C0B90AF
:1041600000BF4BE00B980078252840D10B98401CED
:104170000B900078642818D0732833D1019810C8A8
:1041800001900BE021783046FDF780FC00BF402114
:104190003046FDF7E9FC0028F9D0641C207800289F
:1041A000F0D10B98401C0B9020E0019820C80190A2
:1041B0000A2202A92846FFF77CFF02AC0BE0217817
:1041C0003046FDF763FC00BF40213046FDF7CCFCD4
:1041D0000028F9D0641C20780028F0D10B98401CEE
:1041E0000B9003E00B98401C0B9000BF06E00B986F
:1041F00010F8011B0B903046FDF748FC00BF402132
:104200003046FDF7B1FC0028F9D00B980078002863
:1042100087D106B070BC5DF814FB10B5044621468A
:104220001948FDF733FC00BF40211748FDF79CFCFF
:104230000128F9D110BD10B5044621461448FDF7F8
:1042400025FC00BF40211248FDF78EFC0128F9D162
:1042500010BD70B505462C4603E02078FFF7EBFF54
:10426000641C20780028F8D170BD70B505462C4636
:1042700003E02078FFF7D1FF641C20780028F8D1F4
:1042800070BD00000008014000380140000C0140F2
:10429000004800407FB504460D460121C802FCF7E6
:1042A00047FB41F28830ADF8080041F61F40ADF8F9
:1042B00004000120ADF80A000020ADF8060001A9B5
:1042C0001148FCF76DFC012241210F48FCF7DFFF8C
:1042D00019208DF8000003208DF8010000208DF8D2
:1042E000020001208DF803006846FBF70EFF7FBD3A
:1042F00010B501210448FDF778FA18B101210248F0
:10430000FDF784FA10BD0000002C01401FB501210B
:104310003D48FCF722F901210920FCF709FB0120A7
:10432000ADF80C0010208DF80F0003208DF80E0062
:1043300003A93648FCF740F80220ADF80C0028200D
:104340008DF80F0003A93148FCF736F80121084623
:10435000FCF748F90220019000208DF808000820A1
:104360008DF8090001208DF80A0001A8FBF744FF31
:1043700007208DF8000003208DF8010001208DF842
:1043800002008DF803006846FBF7BFFE1FBD10B5A5
:104390000220FBF797FF48B300211D48FDF7F0F915
:1043A00001211B48FCF758FF01201A49086012E060
:1043B0001748FDF708FA0A2807DB00211448FCF724
:1043C0004BFF00201349086005E002210F48FCF76D
:1043D00086F8104908600F4800680028E8D10021DD
:1043E0000B48FCF739FF0220FBF77DFF10BD10B52D
:1043F00001210648FCF78DF80C20FDF727FF01216D
:104400000248FCF788F810BD00023000000C0140A3
:10441000002C01408C01002000B587B001214FF431
:104420000170FCF785FA4FF40040FCF7E5F9012034
:10443000ADF8040000208DF8070001A92348FBF720
:10444000BBFF2348FDF7EAFB002002908DF80C002B
:104450008DF80D004FF4602004900020059001209D
:104460008DF8180002A91A48FDF7FFFB0121184832
:10447000FDF727FC1648FDF746FC00BF1448FDF782
:1044800047FC0028FAD11248FDF74CFC00BF104849
:10449000FDF74DFC0028FAD107B000BD10B5044669
:1044A0000723012221460A48FDF777FC012108482D
:1044B000FDF747FC00BF02210548FDF7B3FD0028CA
:1044C000F9D00348FDF7D0FC10BD00000008014002
:1044D000002401400648804706480047FEE7FEE703
:1044E000FEE7FEE7FEE7FEE7FEE7FEE7FEE7FEE7A4
:1044F0004B210008ED00000838B50446FB4890F851
:104500002400C0B114B10220009001E0002000900E
:10451000F64A1268D17BF54A526810786B46012240
:10452000FEF701F810B14FF0FF3038BD9DF80010D4
:10453000EE48417423E0ED48807A10B94FF0FF3027
:10454000F3E724B1E948407C08B10020EDE714B15D
:104550000120009001E000200090E44A1268D17B25
:10456000E24A526810786B460122FDF7DCFF10B179
:104570004FF0FF30D9E79DF80010DC48417400206F
:10458000D3E738B5002419E0D8480068C07AA042C3
:1045900004D0D6480068407DA04200D10CE0D34949
:1045A000496808786B4601222146FEF70BF810B1E6
:1045B0004FF0FF3038BD00BF601CC4B2CB4840682C
:1045C0000079A042E0DC0020F4E770B504460D4617
:1045D000C6480068C07AA04204D0C4480068407D44
:1045E000A04202D14FF0FF3070BDC0484068007952
:1045F000A04202DC4FF0FF30F6E7BC49496808787A
:104600002B4601222146FDF7DDFFEDE738B50446D4
:10461000B64890F82300A04201D1002038BD14B163
:104620003020009001E000200090B048807C20B154
:104630009DF8000040F002000090AC4890F8220085
:1046400020B19DF8000040F080000090A74A126859
:10465000117DA64A526810786B460122FDF763FF70
:1046600010B14FF0FF30D9E7A04880F82340002078
:10467000D4E738B5044604F0700010B10120009072
:1046800005E014B10020009001E040200090974A1E
:104690001268917C954A526810786B460122FDF7AA
:1046A00042FF20B1002191488172481E38BD9DF81B
:1046B000000020F040018D4801730020009004F0BC
:1046C000400020B99DF8000040F00400009004F084
:1046D000200020B99DF8000040F00200009004F096
:1046E000100020B99DF8000040F00100009004F097
:1046F000080020B99DF8000040F0380000907B4A87
:104700001268D17C794A526810786B460122FDF715
:104710000AFF20B1002175488172481EC6E724B106
:10472000082C02D00020FFF771FF7048847200212E
:1047300001753220FDF797FD0020B7E738B5044634
:104740006A48807CA04201D1002038BD002C46D0B0
:10475000664A12681179654A526810786B460122E0
:10476000FDF730FF10B14FF0FF30EEE79DF800008D
:1047700020F0200000905D4A126811795B4A52686F
:1047800010786B460122FDF7CEFE10B14FF0FF30DE
:10479000DBE70320FDF767FD02200090534890F807
:1047A000220020B19DF8000040F0800000904F48AA
:1047B00090F8230020B19DF8000040F030000090F8
:1047C0004A4A1268117D494A526810786B460122A4
:1047D000FDF7A9FE002851D04FF0FF30B5E7434A5E
:1047E00012681179414A526810786B460122FDF730
:1047F000E9FE10B14FF0FF30A7E73C48807A00F0A7
:10480000010028B19DF8000040F02000009004E075
:104810009DF8000020F020000090344A12681179C1
:10482000324A526810786B460122FDF77CFE10B1C7
:104830004FF0FF3089E70320FDF715FD2B4890F876
:10484000220010B18020009001E000200090274855
:1048500090F8230020B19DF8000040F03000009057
:10486000224A1268117D214A526810786B46012253
:10487000FDF759FE10B14FF0FF3066E71B48847416
:10488000002062E708B51948807A10B94FF0FF3070
:1048900008BD00200090154A1268D17B134A526867
:1048A00010786B460122FDF73EFE10B14FF0FF304D
:1048B000EEE70E4A126851790C4A526810786B463E
:1048C0000122FDF730FE10B14FF0FF30E0E7074A5C
:1048D00012681179054A526810786B460122FDF77B
:1048E00022FE28B14FF0FF30D2E7000090010020F7
:1048F000F74890F82400002853D00C200090F44A88
:1049000012681179F24A526810786B460122FDF75D
:104910000AFE10B14FF0FF30BAE73220FDF7A3FCDA
:10492000C0200090EA48807A00F0010020B19DF894
:10493000000040F020000090E54A12681179E44A36
:10494000526810786B460122FDF7EDFD10B14FF073
:10495000FF309DE7DE48407C10B10220009001E06E
:1049600000200090DA4A1268D17BD94A5268107848
:104970006B460122FDF7D7FD10B14FF0FF3087E7FE
:1049800000200090D24A12685179D14A52681078BA
:104990006B460122FDF7C7FD002855D04FF0FF30D0
:1049A00076E704200090CA4A12681179C84A526812
:1049B00010786B460122FDF7B6FD10B14FF0FF30C5
:1049C00066E7C348807C20B9C148807A00F00100C6
:1049D00010B94020009001E060200090BC4A1268AD
:1049E0001179BB4A526810786B460122FDF79BFD96
:1049F00010B14FF0FF304BE73220FDF734FCB448E4
:104A0000407C10B10120009001E000200090B04AED
:104A10001268D17BAE4A526810786B460122FDF7CE
:104A200082FD10B14FF0FF3032E7A94A1268517988
:104A3000A74A52681078A64B10330122FDF773FD88
:104A400010B14FF0FF3023E7002021E770B5044696
:104A5000002624F001049E4890F8240008B10020AC
:104A600070BD9B48807A10B94FF0FF30F8E7984846
:104A7000057C807A2040964908740846007CA04254
:104A800002D04FF0FF3600E0002614B99048007DB8
:104A900018B10120FFF730FD02E00020FFF72CFDE8
:104AA0003CB1FFF7EFFE20B1894805744FF0FF30AD
:104AB000D6E73046D4E738B504468548807A10B941
:104AC0004FF0FF3038BDBC2C02DB0120009015E018
:104AD000622C02DB0220009010E02A2C02DB032073
:104AE00000900BE0142C02DB0420009006E00A2C5E
:104AF00002DB0520009001E0062000907448C07A97
:104B00009DF80010884201D10020DBE7704A12684E
:104B100091786F4A526810786B460122FDF703FDC9
:104B200010B14FF0FF30CDE79DF800106848C1721A
:104B30000020C7E738B50446282C02DD4FF0FF30CF
:104B400038BDDCB90020FFF761FD00208DF80000C2
:104B500007208DF801005E4A1268917C5C4A526819
:104B600010786B460222FDF7DEFC10B14FF0FF30EB
:104B7000E6E70021564801750020E1E70120FFF734
:104B800045FD20208DF80000012C06D100208DF875
:104B900001000520FFF78FFF17E0052C06DC012040
:104BA0008DF801000520FFF786FF0EE0142C06DCCF
:104BB00002208DF801000A20FFF77DFF05E00320A9
:104BC0008DF801001420FFF776FF9DF80100072102
:104BD00001EB8010C0B28DF801003D4A1268917C53
:104BE0003B4A526810786B460222FDF79CFC10B1DC
:104BF0004FF0FF30A4E7082135488172002101738E
:104C0000012101750020FFF721FF002098E738B54A
:104C100004462F48807A10B94FF0FF3038BD2C4839
:104C200090F8240010B14FF0FF30F7E72848007DDE
:104C300050B134B1282C04DCE0B2FFF77BFF002038
:104C4000ECE70020FFF776FF042C01DA042404E0EF
:104C5000B4F57A7F01DD4FF47A744FF47A7090FBEB
:104C6000F4F0401EC0B20090194A12685178184AF8
:104C7000526810786B460122FDF755FC10B14FF0D9
:104C8000FF30CBE79DF80000401C4FF47A7191FB98
:104C9000F0F081B20E48C1810146C9894810FFF782
:104CA0000AFF0020BAE738B504460948807A10B9EF
:104CB0004FF0FF3038BD022C06D0042C0AD0082C4F
:104CC0000BD0102C0FD10BE0002000900EE0000064
:104CD000900100200820009008E01020009005E0DE
:104CE0001820009002E04FF0FF30E3E700BFF848E3
:104CF000407A9DF80010B0EBE10F01D10020D9E718
:104D0000F34A1268D179F24A526810786B46012250
:104D1000FDF709FC10B14FF0FF30CBE79DF8000024
:104D2000C110EB4841720020C4E738B50446E8489A
:104D3000807A10B94FF0FF3038BDFA2C09D0B4F5A5
:104D4000FA7F09D0B4F57A7F09D0B4F5FA6F0CD1A7
:104D500008E0002000900BE00820009008E0102000
:104D6000009005E01820009002E04FF0FF30E3E7EC
:104D700000BFD748007A9DF80010B0EBE10F01D1D9
:104D80000020D9E7D24A12689179D14A5268107846
:104D90006B460122FDF7C7FB10B14FF0FF30CBE7A8
:104DA0009DF80000C010CA4908720020C4E71CB575
:104DB00080208DF80000C64A1268917CC44A52686F
:104DC00010786B460122FDF7AEFB10B14FF0FF30BB
:104DD0001CBD6420FDF747FA00208DF80000BC4A96
:104DE0001268917CBA4A526810786B460122FDF72E
:104DF0009AFB10B14FF0FF30EAE7B54A1268917D97
:104E0000B34A526810786B460622FDF7DBFB10B1FF
:104E10004FF0FF30DCE79DF80500C007400F9DF81C
:104E2000031001F0010140EA41009DF8011001F07A
:104E3000010140EA01048CB1012C03D10121A448F5
:104E4000C17430E0022C03D10021A148C1742AE0D2
:104E5000A0A0FFF70AFA4FF0FF30B9E79C4A1268AA
:104E6000D1789B4A526810786B460122FDF7AAFB65
:104E700010B14FF0FF30ABE79DF8000000F00F04D9
:104E80002CB99E48FFF7F1F94FF0FF30A0E7042C52
:104E900006D19BA0FFF7E9F901218D48C17402E01A
:104EA00000218B48C174FF2189488172FF20884905
:104EB0000872FF2186484172C1724FF6FF71C181AD
:104EC000FF21017481740121017380F822100021F7
:104ED00080F82310417501751630016041608160D2
:104EE000163880F8241080F82510C1844FF4FA6039
:104EF000FFF71BFF10B14FF0FF3069E70220FFF70B
:104F0000D2FE10B14FF0FF3062E72A20FFF7D3FD49
:104F100010B14FF0FF305BE73220FFF778FE10B1A1
:104F20004FF0FF3054E70020FFF790FD10B14FF035
:104F3000FF304DE70020FFF701FC10B14FF0FF30CC
:104F400046E70020FFF795FB002041E77CB50446CB
:104F50000D465F48807A00F0700010B94FF0FF30C6
:104F60007CBD5B4A1268117B594A526810786B46C7
:104F70000622FDF727FB10B14FF0FF30F0E79DF858
:104F800001009DF8001040EA012000B220809DF849
:104F900003009DF8021040EA012000B260809DF8F5
:104FA00005009DF8041040EA012000B2A08015B170
:104FB0002846FDF764F90020D2E77CB504460D468B
:104FC0004348807A00F0080010B94FF0FF307CBDF4
:104FD0003F4A1268517B3E4A526810786B4606225F
:104FE000FDF7F0FA10B14FF0FF30F0E79DF8010047
:104FF0009DF8001040EA012000B220809DF80300D7
:105000009DF8021040EA012000B260809DF8050082
:105010009DF8041040EA012000B2A08015B1284696
:10502000FDF72DF90020D2E72DE9FE4F05460C468D
:105030002748807A18B94FF0FF30BDE8FE8F244A28
:105040001268917B224A5268107802AB0222FDF767
:10505000B9FA10B14FF0FF30EFE79DF809009DF865
:10506000081040EA012006B214B12046FDF707F906
:1050700017494968C88802F0B6FB1549019049688C
:10508000B1F9080002F0A6FB8346304602F0A2FB0D
:105090005946009002F0A0F98246019902F0D4F935
:1050A00081461F4902F046F980464FF08F4102F0D9
:1050B00099F9074602F0ADFB28600020BDE710B566
:1050C00088B004461CB94FF0FF3008B010BD29E08D
:1050D00090010020556E737570706F727465642056
:1050E000736F6674776172652070726F6475637434
:1050F000207265762025642E0A000000A89A000818
:1051000048616C662073656E736974697669747939
:10511000207061727420666F756E642E0A00000044
:1051200000000C42206830B9606820B9A06810B94E
:10513000002008B010BDFA494968087806AB032280
:105140001146FDF73FFA10B14FF0FF30F1E79DF83F
:105150001800082101EB201000F00F00ADF800004E
:105160009DF8190001EB201000F00F00ADF80200CF
:105170009DF81A0001EB201000F00F00ADF80400BC
:1051800020684100BDF90000403091FBF0F000B212
:10519000ADF8100060684100BDF90200403091FB9D
:1051A000F0F000B2ADF81200A0684100BDF90400B3
:1051B000403091FBF0F000B2ADF81400D8494968D6
:1051C000087806AB06221146FDF7FCF910B14FF046
:1051D000FF30AEE79DF819009DF8181040EA012055
:1051E00000B2ADF808009DF81B009DF81A1040EAC7
:1051F000012000B2ADF80A009DF81D009DF81C10BA
:1052000040EA012000B2ADF80C00BDF81000BDF876
:105210000810084400B2ADF81000BDF81200BDF847
:105220000A10084400B2ADF81200BDF81400BDF831
:105230000C10084400B2ADF81400BDF81000000ACC
:105240008DF81800BDF81000C0B28DF81900BDF837
:105250001200000A8DF81A00BDF81200C0B28DF8D5
:105260001B00BDF81400000A8DF81C00BDF81400E6
:10527000C0B28DF81D00AA494968087806AB06221D
:105280001146FDF750F910B14FF0FF3051E7002003
:105290004FE70146A248007A30B1012807D0022822
:1052A00009D003280FD10AE0FA2008800EE04FF45D
:1052B000FA7008800AE04FF47A70088006E04FF434
:1052C000FA60088002E00020088000BF00BF0020D4
:1052D000704701469248407A30B1012807D0022831
:1052E00008D003280CD108E0022008700BE004204D
:1052F000087008E00820087005E01020087002E03F
:105300004FF0FF30704700BF8548C07C18B1087867
:105310004006000E08700020F4E701468048C07A7D
:10532000082817D2DFE800F01704070A0D10131839
:10533000BC20088013E06220088010E02A2008804A
:105340000DE0142008800AE00A20088007E005200C
:10535000088004E000BF00BF0020088000BF00BF3D
:105360000020704701466E4890F8240010B14FF0BD
:10537000FF3070476A48C08908800020F9E701467D
:1053800000200880401E704701464FF0FF307047F4
:1053900001466348007A30B1012807D0022808D0BE
:1053A00003280CD108E05F4808600BE05E48086005
:1053B00008E05E48086005E05D48086002E04FF0E4
:1053C000FF30704700BF0020FBE701465448407A99
:1053D00030B1012808D002280AD0032810D10BE0F0
:1053E0004FF4804008800EE041F69C7008800AE08F
:1053F0004FF48050088006E04FF40060088002E01F
:105400004FF0FF30704700BF4548C07C10B108889E
:10541000401008800020F5E701464148007C0870F4
:105420000020704701463E48807A10B10120087084
:1054300001E0002008700020704738B50446384865
:10544000807A10B94FF0FF3038BD354A1268117CB0
:10545000334A526810786B460222FDF7B3F810B158
:105460004FF0FF30F0E79DF801009DF8001040EA92
:10547000012000B220800020E6E72DE9FE4F07461C
:10548000884692461D46DDF830B0002600242448A8
:1054900090F8240010B1601EBDE8FE8F0020287037
:1054A0001F48807A10B94FF0FF30F5E71C48007CA8
:1054B00010B94FF0FF30EFE71948007C00F04000D2
:1054C00008B1B01CC6B21648007C00F0200008B13C
:1054D000B01CC6B21248007C00F0100008B1B01C2D
:1054E000C6B20F48007C00F0080008B1B01DC6B27B
:1054F0000B4A1268917A0A4A526810786B46022267
:10550000FDF760F810B14FF0FF30C5E79DF80100DE
:105510009DF8001040EA0129B1450BDA0020BBE7F5
:105520009001002000000343000083423333034214
:1055300033338341FC4840684088B9EB600F17DD86
:10554000F94A1268517CF84A526810786B46012279
:10555000FDF738F810B14FF0FF309DE79DF80000DF
:1055600000F0100020B1FFF78DF96FF0010093E714
:105570005046FCF784FEEC4A1268D17AEA4A526837
:1055800010786B463246FDF71DF810B14FF0FF3032
:1055900082E799FBF6F0401E8BF80000002028708F
:1055A000B4422AD0E048007C00F0080028B3601C18
:1055B0001DF800001DF8041040EA012000B2A8F810
:1055C0000000E01C1DF80010A01C1DF8000041EABE
:1055D000002000B2A8F80200601D1DF80010201D78
:1055E0001DF8000041EA002000B2A8F80400287865
:1055F00040F008002870A01D84B2B44213D0CA48FD
:10560000007C00F0400070B1601C1DF800001DF827
:10561000041040EA012000B23880287840F04000B1
:105620002870A01C84B2B44213D0BF48007C00F0A4
:10563000200070B1601C1DF800001DF8041040EA45
:10564000012000B27880287840F020002870A01C4B
:1056500084B2B44213D0B448007C00F0100070B1A2
:10566000601C1DF800001DF8041040EA012000B283
:10567000B880287840F010002870A01C84B2002068
:105680000AE7F8B504460F461646A74890F82400E6
:1056900010B94FF0FF30F8BDA348807A10B94FF031
:1056A000FF30F8E7A04A1268917A9F4A5268107852
:1056B0006B460222FCF786FF10B14FF0FF30EAE79D
:1056C0009DF801009DF8001040EA0125A54203DA8B
:1056D00000203070401EDEE7934840684088B5EBFC
:1056E000600F17DD904A1268517C8F4A526810781B
:1056F0006B460122FCF766FF10B14FF0FF30CAE79E
:105700009DF8000000F0100020B1FFF7BBF86FF02B
:105710000100C0E7E2B2844B1B68D97A824B5B6818
:1057200018783B46FCF74EFF10B14FF0FF30B2E760
:1057300095FBF4F0401E30700020ACE701467A483B
:1057400080F82210002070477CB5054676494968EC
:10575000087801AB04220D21FCF734FF08B10720C3
:105760007CBD9DF80700C0F301109DF8041001F006
:10577000E00140EAE1008DF800009DF80700C0F369
:1057800081009DF8051001F0E00140EAE1008DF88C
:1057900001009DF8070000F003009DF8061001F0DD
:1057A000E00140EAE1008DF8020000241CE01DF851
:1057B000040018B9002045F8240013E05B4845F8C0
:1057C000240006E055F82400594901F00BFE45F885
:1057D00024001DF80400401EC0B20DF8040000288B
:1057E000F0D100BF601CC4B2032CE0DB0020B7E79F
:1057F0002DE9FE4F06460F4600256846FFF7A4FF39
:10580000002442E056F8240057F82410A0EB010AC7
:10581000BAF1000F01DB514601E0CAF10001084670
:1058200001F0D8FF83464FF08F4101F00DFE804616
:105830005DF82400002102F061F816D05DF8241014
:10584000404601F001FE82464FF07E5101F0C4FD5A
:10585000814629F0004A3748416A504602F058F81C
:1058600012D20120A04005430EE03248C1694046F3
:1058700002F044F805D32F48016A404602F048F888
:1058800002D20120A0400543641C032CBADB284649
:10589000BDE8FE8F2DE9FC5F06460F460025224934
:1058A0004968087801AB03220D21FCF78BFE10B18B
:1058B0000720BDE8FC9F9DF8040000F01F008DF854
:1058C00004009DF8050000F01F008DF805009DF80C
:1058D000060000F01F008DF80600002462E056F874
:1058E000240057F82410A0EB010BBBF1000F01DBE3
:1058F000594601E0CBF10001084601F06BFF4FF083
:105900008F41009001F0A0FD814601A8005DC0B369
:105910000849086801F067FF83465946064801F0C8
:1059200093FD80460FE00000900100207B14AE3E06
:105930001D5A843F988D000800B04C45FE494046F2
:1059400001F050FD804601A8005D401EC0B201A9D3
:1059500008550028F2D14146484601F075FD8346BE
:105960004FF07E5101F038FD82462AF0004BF3489B
:105970008169584601F0CCFF13D20120A0400543B5
:105980000FE0FFE7ED480169484601F0B7FF05D396
:10599000EA484169484601F0BBFF02D20120A0401D
:1059A0000543641C032C9ADB284682E72DE9F04F5F
:1059B00087B005460C46914601208DF81000002066
:1059C0008DF81100DE4A1268917CDD4A5268107829
:1059D00004AB0222FCF7A7FD20B14FF0FF3007B067
:1059E000BDE8F08FC820FCF73EFC00208DF81000C9
:1059F000D34A1268D17BD24A5268107804AB012294
:105A0000FCF791FD10B14FF0FF30E8E7CC4A126887
:105A10005179CB4A5268107804AB0122FCF783FD20
:105A200010B14FF0FF30DAE7C54A1268917CC44AE2
:105A30005268107804AB0122FCF775FD10B14FF0ED
:105A4000FF30CCE7BE4A1268D17DBD4A526810785B
:105A500004AB0122FCF767FD10B14FF0FF30BEE749
:105A6000B74A12681179B64A5268107804AB01221D
:105A7000FCF759FD10B14FF0FF30B0E70C208DF866
:105A80001000AF4A12681179AD4A5268107804AB21
:105A90000122FCF748FD10B14FF0FF309FE70F20C7
:105AA000FCF7E1FBA648806A407A8DF81000A44A12
:105AB00012689178A24A5268107804AB0122FCF770
:105AC00032FD10B14FF0FF3089E79D48806A007ABF
:105AD0008DF810009A4A12685178994A52681078E5
:105AE00004AB0122FCF71FFD10B14FF0FF3076E749
:105AF000B9F1000F07D09248806A807A40F0E00048
:105B00008DF8100004E08E48806A807A8DF81000CD
:105B10008B4A126891798A4A5268107804AB012244
:105B2000FCF701FD10B14FF0FF3058E7B9F1000F5D
:105B300007D08348806AC07A40F0E0008DF81000FA
:105B400003E07E48C07A8DF810007D4A1268D17952
:105B50007B4A5268107804AB0122FCF7E4FC10B1D8
:105B60004FF0FF303BE7B9F1000F02D0C820FCF73F
:105B70007AFB40208DF81000714A12681179704A42
:105B80005268107804AB0122FCF7CDFC10B14FF045
:105B9000FF3024E778208DF81000694A12685179A7
:105BA000674A5268107804AB0122FCF7BCFC10B1C4
:105BB0004FF0FF3013E761498889FCF754FB002060
:105BC0008DF810005E4A126851795D4A526810786B
:105BD00004AB0122FCF7A7FC10B14FF0FF30FEE64A
:105BE000574A1268917A564A5268107804AB0222DA
:105BF000FCF7E8FC10B14FF0FF30F0E69DF8110023
:105C00009DF8101040EA012B0C209BFBF0F0C6B26F
:105C10000020A86068602860A06060602060824604
:105C200065E0474A1268D17A454A5268107804AB59
:105C30000C22FCF7C7FC10B14FF0FF30CFE69DF807
:105C400011009DF8101040EA012000B2ADF80800E4
:105C50009DF813009DF8121040EA012000B2ADF843
:105C60000A009DF815009DF8141040EA012000B2CA
:105C7000ADF80C00BDF90810206808442060BDF99B
:105C80000A10606808446060BDF90C10A068084400
:105C9000A0609DF817009DF8161040EA012000B2A0
:105CA000ADF800009DF819009DF8181040EA012099
:105CB00000B2ADF802009DF81B009DF81A1040EAF2
:105CC000012000B2ADF80400BDF9001028680844B6
:105CD0002860BDF90210686808446860BDF90410C6
:105CE000A8680844A8600AF1010000F0FF0AB24564
:105CF00097DB1248D0F800C02868C117090441EAB0
:105D00001041070462460023384601F0A5FA3246E6
:105D10000023CDE9020101F09FFA28600748D0F87E
:105D200000C06868C117090441EA104107046246CF
:105D30000023384606E0000054E3853F988D0008B4
:105D40009001002001F088FA32460023CDE90201DB
:105D500001F082FA6860FE48D0F800C0A868C11758
:105D6000090441EA1041070462460023384601F065
:105D700073FA32460023CDE9020101F06DFAA86002
:105D8000F348D0F804C02168C817000440EA11485D
:105D90000F04624600233846414601F05DFA324660
:105DA0000023CDE9020101F057FA2060E848D0F85D
:105DB00004C06068C117090441EA10410704624643
:105DC0000023384601F048FA32460023CDE90201AB
:105DD00001F042FA6060DE48D0F804C0A068C11744
:105DE000090441EA1041070462460023384601F0E5
:105DF00033FA32460023CDE9020101F02DFAA0600A
:105E0000A068002804DDA068A0F58030A06003E051
:105E1000A06800F58030A0600020E0E538B50446B9
:105E2000CC4890F82400A04201D1002038BD24B312
:105E3000C84890F8250010B94FF0FF30F6E7002071
:105E4000FEF75AFB0020FEF779FCC249C88CFEF72A
:105E5000DEFE00200090BF49496808786B460122A9
:105E60002321FCF760FB0121BA4880F824100120AF
:105E7000FEF742FBFEF706FD13E00020FEF73CFBB9
:105E8000B448007C0090B349496808786B46012209
:105E90002321FCF748FB0021AE4880F82410FEF7D0
:105EA000F1FC0020C2E72DE9F04F8DB083460F468C
:105EB00002200C90A74890F8240020B10020FFF7A2
:105EC000ADFF012600E0002603A8FFF7E2F905A8D0
:105ED000FFF7FFF901A8FFF720FA02A8FFF742FA3F
:105EE0009C4890F80AA004A8FFF796FA002407E05F
:105EF000002239465846FFF759FD00B902E0641CFC
:105F0000022CF5DB00BF022C01D1002528E0002483
:105F100007E0012206A909A8FFF748FD00B902E041
:105F2000641C022CF5DB00BF022C01D1002517E018
:105F300006A93846FFF75CFC00F0FF0809A958469F
:105F4000FFF7A8FC00F0FF090025B9F1000F01D10F
:105F500045F00105B8F1000F01D145F0020500BF81
:105F6000FF207C490872FF217A484172C1724FF6C6
:105F7000FF71C181FF218172017401210173BDF89C
:105F80000C00FEF7D2FE9DF81400FEF78CFEBDF863
:105F90000400FEF790FDBDF80800FEF738FE5046FD
:105FA000FEF767FB9DF81000FEF750FD16B10120CB
:105FB000FFF734FF28460DB0BDE8F08FF8B5044672
:105FC0000D46164616B94FF0FF30F8BD6148807A8D
:105FD00010B94FF0FF30F8E720128DF80000E0B262
:105FE0008DF801009DF8010028445A494968498903
:105FF000884202DD4FF0FF30E7E7564A1268117E13
:10600000544A526810786B460222FCF78CFA10B1A1
:106010004FF0FF30D9E7EAB24E4B1B68597D4D4B2C
:106020005B6818783346FCF77EFA10B14FF0FF300A
:10603000CBE70020C9E7F8B504460D46164616B969
:106040004FF0FF30F8BD4348807A10B94FF0FF3071
:10605000F8E720128DF80000E0B28DF801009DF8FD
:10606000010028443B4949684989884202DD4FF0D4
:10607000FF30E7E7374A1268117E364A52681078D7
:106080006B460222FCF74FFA10B14FF0FF30D9E710
:10609000EAB2304B1B68597D2E4B5B68187833464B
:1060A000FCF790FA10B14FF0FF30CBE70020C9E7C2
:1060B0002DE9F04385B005460E46904699462548A1
:1060C00090F8250020B14FF0FF3005B0BDE8F08317
:1060D00016B94FF0FF30F8E7002423E0281B102802
:1060E00001DD102000E0281B87B232193946204616
:1060F000FFF764FF10B14FF0FF30E6E701AA394621
:106100002046FFF798FF10B14FF0FF30DDE7301960
:106110003A4601A901F001F910B16FF00100D4E78E
:10612000E01984B2AC42D9DB4FEA28208DF8000098
:1061300008F0FF008DF80100064A1268917E054ABA
:10614000526810786B460222FCF7EDF938B103E093
:10615000988D0008900100204FF0FF30B5E7012135
:106160008A4880F82510A0F826900020ADE7014667
:10617000864890F8240008700020704702464FF0CF
:10618000FF30704701464FF0FF307047F8B50546C5
:106190000F461446002C70D0B5F5FF5F01DDFF26D9
:1061A00005E0202D01DA012601E0C5F3471607B905
:1061B0000127282C02DD4FF0FF30F8BD7348407DE9
:1061C00028BB724890F8240038B10020FFF726FE63
:1061D00001216E4880F8201003E000216B4880F810
:1061E00020106A481630FFF754F868481830FFF757
:1061F00070F866481A30FFF790F864481C30FFF7D3
:10620000B1F86248817A81771F30FFF705F90020E5
:10621000FEF772F90020FEF78DFC00208DF80000DB
:106220005A4A12689178594A526810786B4601228E
:10623000FCF779F910B14FF0FF30BEE740208DF840
:106240000000524A1268D17B504A526810786B465F
:106250000122FCF768F900B165E08DF800608DF867
:1062600001704A4A1268117A484A526810786B469F
:106270000222FCF758F908B155E047E00520FBF78A
:10628000F2FF4248407A072101EBC000C0B28DF80E
:1062900000003E4A1268D1793C4A526810786B4639
:1062A0000122FCF740F900B13DE020208DF800000C
:1062B000012C03D100208DF801000EE0052C03DC39
:1062C00001208DF8010008E0142C03DC02208DF879
:1062D000010002E003208DF801009DF80100072174
:1062E00001EB8010C0B28DF80100284A1268917C41
:1062F000264A526810786B460222FCF714F900B166
:1063000011E0012121484175002056E71F4A16324D
:10631000002103E0505C00B105E0491C0C29F9D3D1
:106320004FF0FF3049E7FF2018490872FF21174856
:106330004172C1724FF6FF71C181FF2181720174F8
:10634000012101730146887FFEF793F90F49C88A3E
:10635000FEF7EBFC0D49087EFEF7A5FC0B49488BC8
:10636000FEF7A9FB0949888BFEF751FC0749C87F56
:10637000FEF76CFB054890F8200010B10120FFF7F4
:106380004DFD002101484175002016E790010020D5
:1063900010B5C8234FF48062F74940F6F630FFF796
:1063A00087FE10BD10B586B00446F4A000680390C7
:1063B000F3A000680290F3A000680190F2A00068CA
:1063C000009004F0030003A9085C8DF8140003A8F2
:1063D000C4F3C101405C8DF8150003A8C4F381111A
:1063E000405C8DF8160004F0030002A9085C8DF8EB
:1063F000100002A8C4F3C101405C8DF8110002A88E
:10640000C4F38111405C8DF8120005AA032140F20B
:106410002640FFF7D3FD18B14FF0FF3006B010BD96
:1064200004AA032140F22A40FFF7C8FD10B14FF043
:10643000FF30F3E7019805900098049004F0040001
:1064400058B19DF8140040F001008DF814009DF83B
:10645000100040F001008DF8100004F0200058B149
:106460009DF8150040F001008DF815009DF8110011
:1064700040F001008DF8110004F4807058B19DF8CF
:10648000160040F001008DF816009DF8120040F053
:1064900001008DF8120005AA03214FF48860FFF770
:1064A0008DFD10B14FF0FF30B8E704AA032140F290
:1064B0003140FFF783FD10B14FF0FF30AEE7B34836
:1064C00004810020AAE71FB50446B048007A00F016
:1064D000030054F820000190AC48007A00F004005A
:1064E00010B1019840420190A848007AC0F3C10061
:1064F00054F820000290A548007A00F0200010B166
:10650000029840420290A148007AC0F3811054F8EA
:10651000200003909D48008900F4807010B103981A
:10652000404203909A49019880FB0101800F40EAA4
:10653000810001909649029880FB0110820042EA96
:10654000917002909249039880FB0110820042EA08
:10655000917003900198000E8DF800000198000CD6
:106560008DF801000198000A8DF802000198C0B270
:106570008DF803006A4604214FF47470FFF71EFD86
:1065800018B14FF0FF3004B010BD0298000E8DF826
:1065900000000298000C8DF801000298000A8DF8A6
:1065A00002000298C0B28DF803006A4604214FF43D
:1065B0007570FFF703FD10B14FF0FF30E3E703986C
:1065C000000E8DF800000398000C8DF80100039870
:1065D000000A8DF802000398C0B28DF803006A46E5
:1065E00004214FF47670FFF7E9FCCCE770B588B072
:1065F000064601A8FEF7E9FEBDF804000021C90324
:1066000041EA5045C4036148007A00F0030056F89F
:10661000200005905D48007A00F0040010B1059854
:10662000404205905948007AC0F3C10056F8200056
:1066300006905648007A00F0200010B106984042BB
:1066400006905248007AC0F3811056F82000079057
:106650004E48008900F4807010B1079840420790BE
:106660000598C117A0FB042301FB043100FB0510B2
:10667000810041EA927005900698C117A0FB04239F
:1066800001FB043100FB0510810041EA9270069085
:106690000798C117A0FB042301FB043100FB051080
:1066A000810041EA927007900598000E8DF808006D
:1066B0000598000C8DF809000598000A8DF80A006D
:1066C0000598C0B28DF80B000698000E8DF80C00EE
:1066D0000698000C8DF80D000698000A8DF80E0043
:1066E0000698C0B28DF80F000798000E8DF81000C4
:1066F0000798000C8DF811000798000A8DF8120019
:106700000798C0B28DF8130002AA0C214FF425702F
:10671000FFF754FC08B070BD30B585B004461DA22B
:1067200007CA02AB07C3C82C03DD4FF0FF3005B02A
:1067300030BDC82090FBF4F0401E85B2280A8DF8C9
:106740000000E8B28DF801006A46022140F21620EE
:10675000FFF734FC10B14FF0FF30E8E702AA0C213C
:1067600040F6C120FFF72AFC10B14FF0FF30DEE702
:10677000064884810020DAE7C08D00084CCD6C000B
:106780000CC92C00365676002646660034030020DD
:1067900009E3CA02FEF2ABC4AAF1DFDFBBAFDFDF61
:1067A0000146FC4880890880002070472DE9FC479D
:1067B00006460F4606F0070010B1B7F5C86F03DDB7
:1067C0004FF0FF30BDE8FC87384601F00CF88146F9
:1067D000F14900F039FE80466846FEF77AFD9DF8E3
:1067E0000000022806D0042816D0082826D0102839
:1067F00048D135E04FF08D41404600F0F3FD814631
:1068000001F020F884B2E549404600F0EBFD8146F6
:1068100001F018F885B238E04FF08C41404600F0A6
:10682000E1FD814601F00EF884B2DD49404600F0FA
:10683000D9FD814601F006F885B226E04FF08B4184
:10684000404600F0CFFD814600F0FCFF84B2D54900
:10685000404600F0C7FD814600F0F4FF85B214E029
:106860004FF08A41404600F0BDFD814600F0EAFF4E
:1068700084B2CD49404600F0B5FD814600F0E2FF0C
:1068800085B202E04FF0FF309CE700BF20128DF888
:106890000400E0B28DF8050028128DF80600E8B279
:1068A0008DF8070006F00100A0B101AA02214FF403
:1068B000EA70FFF783FB10B14FF0FF3082E70DF174
:1068C000060202214FF49270FFF778FB10B14FF0EF
:1068D000FF3077E706F00200A0B101AA02214FF4D1
:1068E000EC70FFF76BFB10B14FF0FF306AE70DF172
:1068F000060202214FF49470FFF760FB10B14FF0D5
:10690000FF305FE706F00400A0B101AA02214FF4B6
:10691000EE70FFF753FB10B14FF0FF3052E70DF16F
:10692000060202214FF49670FFF748FB10B14FF0BA
:10693000FF3047E7002045E738B5044600200090C7
:1069400004F0010020B19DF8000040F030000090FC
:1069500004F0020020B19DF8000040F00C0000900F
:1069600004F0040020B19DF8000040F00300009006
:106970006A4601214FF4A470FFF720FB38BD38B5FB
:106980000446012C01DA012402E0042C00DD042479
:10699000601EC0B200906A46012140F24F10FFF71E
:1069A0000DFB38BD38B50446052094FBF0F085B2E8
:1069B00028128DF80000E8B28DF801006A46022125
:1069C0004FF4EF70FFF7FAFA38BD38B504460520EA
:1069D00094FBF0F085B228128DF80000E8B28DF833
:1069E00001006A4602214FF4ED70FFF7E7FA38BD67
:1069F000F8B505460E464FF47A7095FBF0F000FBB3
:106A000006F4200E8DF80000200C8DF80100200AFD
:106A10008DF80200E0B28DF803006A4604214FF4BD
:106A2000AE70FFF7CBFAF8BD38B50446052094FBED
:106A3000F0F084B220128DF80000E0B28DF8010071
:106A40006A4602214FF4AD70FFF7B8FA38BD38B589
:106A50000446052094FBF0F084B220128DF800006B
:106A6000E0B28DF801006A4602214FF4AC70FFF7E6
:106A7000A5FA38BD38B5044614B94FF0FF3038BD1B
:106A80006A4604214FF45870FFF7D5FA10B14FF061
:106A9000FF30F4E79DF8000000069DF8011040EA81
:106AA00001409DF8021040EA01209DF803100843C0
:106AB00020600020E3E738B50446200E8DF8000082
:106AC000200C8DF80100200A8DF80200E0B28DF84C
:106AD00003006A4604214FF45870FFF76FFA38BD7F
:106AE00038B5044614B94FF0FF3038BD6A4604216A
:106AF0004FF47170FFF79FFA10B14FF0FF30F4E7D9
:106B00009DF8000000069DF8011040EA01409DF844
:106B1000021040EA01209DF80310084300EB8000BA
:106B2000800020600020E0E738B504461420B4FB64
:106B3000F0F4200E8DF80000200C8DF80100200AE2
:106B40008DF80200E0B28DF803006A4604214FF48C
:106B50007170FFF733FA38BD38B5044664B12020B0
:106B60008DF8000028208DF8010030208DF80200FB
:106B700038208DF8030004E0A3220421684600F0C9
:106B8000AEFB6A46042140F69E20FFF717FAFDF798
:106B900079FE38BD34030020000048430000404621
:106BA0000000C045000040450000C04438B5044620
:106BB00064B1C0208DF80000C2208DF80100C4200F
:106BC0008DF80200C6208DF8030004E08B2204211A
:106BD000684600F084FB6A46042140F69820FFF7DF
:106BE000EDF9FDF74FFE38BD3EB504466CB1FDA191
:106BF000D1E900208968CDE9002002916A46092187
:106C00004FF49760FFF7DAF93EBDF9A2D2E9001020
:106C10009268CDE9010200916A4609214FF497601C
:106C2000FFF7CCF9F0E73EB5044602208DF80000EE
:106C3000CA208DF80100E3208DF8020009208DF8AC
:106C400003006A4604216820FFF7B8F9A3208DF8F5
:106C5000000004F0400048B1C0208DF80100C820B9
:106C60008DF80200C2208DF8030006E0A3208DF805
:106C700001008DF802008DF8030004F4C07048B1E3
:106C8000C4208DF80400CC208DF80500C6208DF8B6
:106C9000060006E0A3208DF804008DF805008DF8AD
:106CA0000600A3208DF807008DF808008DF8090074
:106CB0006A460A2140F6A720FFF780F904F0030096
:106CC00018B120208DF8000002E0D8208DF80000D7
:106CD0006A46012140F6B620FFF770F904F0200063
:106CE00018B10120FFF780FF02E00020FFF77CFFD2
:106CF00004F4C07008B304F4807060B1B2208DF861
:106D000000008B208DF80100B6208DF802009B203A
:106D10008DF803000BE0B0208DF8000080208DF886
:106D20000100B4208DF8020090208DF803006A461F
:106D3000042140F6A220FFF741F904F0010020B33E
:106D4000F8208DF800006A4601214FF40B60FFF730
:106D500035F9FA210720FFF729FD0720FFF7ECFDA1
:106D60000120FFF70CFE6420FFF71CFE4FF4FA70C1
:106D7000FFF72BFEC821A148FFF73AFE2820FFF7B6
:106D800053FE0A20FFF763FE08E0D8208DF80000CC
:106D90006A4601214FF40B60FFF710F904F002007E
:106DA00018B1D9208DF8000002E0D8208DF800003D
:106DB0006A46012140F23D70FFF700F904F004003B
:106DC00018B10120FFF7F2FE02E00020FFF7EEFE0F
:106DD00004F0100018B10120FFF7BEFE02E0002011
:106DE000FFF7BAFE44F0080085494881FDF74AFDE7
:106DF00000208349887304F0400018B10846807B66
:106E0000801D887304F4C07020B17D48807B801D94
:106E10007B49887304F0140020B17948807B1030DE
:106E20007749887304F0030020B17548807B001D0A
:106E30007349887300203EBD01467148408908802F
:106E4000002070472DE9F0410446E07800F0C006CC
:106E5000E07800F03F05607800F0010098B1EF1095
:106E60002846E91705EB5171C910A5EBC101491C72
:106E700001F0FF086248006820B16148414602689D
:106E80003846904700BF607800F0080030B15C4899
:106E9000406818B1B0115A4A516888470020BDE8CF
:106EA000F08110B586B0044656A207CA03AB07C3EB
:106EB00057A207CA8DE80700012C09D0022C0ED179
:106EC00003AA0B2140F68220FFF778F806B010BD28
:106ED0006A460B2140F68220FFF770F8F6E74FF084
:106EE000FF30F3E72DE9F04F8DB007468846154691
:106EF0009946DDE9166B0024002030804049887BEC
:106F00005A4605A9FEF7BDFB18B1601E0DB0BDE8DD
:106F1000F08F3B48807A00F01400002861D09DF883
:106F2000140000069DF8151040EA01409DF8161067
:106F300040EA01209DF81710084328609DF81800CA
:106F400000069DF8191040EA01409DF81A1040EA29
:106F500001209DF81B10084368609DF81C00000686
:106F60009DF81D1040EA01409DF81E1040EA0120E6
:106F70009DF81F100843A8609DF8200000069DF8AA
:106F8000211040EA01409DF8221040EA01209DF8BE
:106F900023100843E86004F11000C4B2286800140C
:106FA0000190686800140290A86800140390E868D3
:106FB0000014049001984043029901FB01000399D9
:106FC00001FB0100049901FB010ABAF1706F02DBB9
:106FD000BAF1885F22DDFDF755FC00203080401EAD
:106FE00094E721E0B8AAB38DB4980D355D00000098
:106FF000B8AAAAAAB088C3C5C700000009E3CA029C
:1070000034030020D8B1B9F38BA391B609B4D900E9
:10701000DAB1B9F38BA391B6DAB4DA00B6F90000AD
:1070200040F48070308000BF7848807A00F04000E3
:1070300020B305A9601C085C095D40EA012000B28C
:10704000A8F8000005A9E01C095C05AAA01C105CBA
:1070500041EA002000B2A8F8020005A9601D095C01
:10706000201D105C41EA002000B2A8F80400A01D19
:10707000C4B2B6F9000040F008003080634840898F
:1070800000F4C07008B305A9601C085C095D40EA03
:10709000012000B2388005A9E01C095C05AAA01CEB
:1070A000105C41EA002000B2788005A9601D095CEF
:1070B000201D105C41EA002000B2B880A01DC4B2BF
:1070C000B6F9000040F0700030805048807A00F03F
:1070D000030018B105A90819FFF7B4FE4846FBF7ED
:1070E000CEF8002012E701464848016000207047B2
:1070F00001464648416000207047014691F9002052
:10710000002A01DD00201EE091F90020002A01DAAA
:10711000042018E091F90120002A01DD012012E08D
:1071200091F90120002A01DA05200CE091F90220F2
:10713000002A01DD022006E091F90220002A01DA8E
:10714000062000E00720704770B505462846FFF787
:10715000D4FF0446E81CFFF7D0FF44EAC00084B225
:10716000A81DFFF7CAFF44EA801084B2204670BD14
:1071700070B588B002A905A8FEF795FE0446032C59
:107180003FD101A8FEF704F9059800F023FB06465D
:10719000019900F027F9054600F03BFB05900698A1
:1071A00000F018FB0646019900F01CF9054600F0B6
:1071B00030FB0690079800F00DFB0646019900F0A1
:1071C00011F9054600F025FB079005A8FFF77BF9AC
:1071D0006846FEF7FAF8BDF800100298484302909E
:1071E000BDF80010039848430390BDF800100498C0
:1071F0004843049002A8FFF7F9F905A0FDF735F818
:1072000002E00CA0FDF731F808B070BD3403002097
:1072100073657474696E6720626961732073756346
:1072200063657366756C6C79202E2E2E2E2E2E0AB9
:10723000000000006269617320686173206E6F74E2
:10724000206265656E206D6F646966696564202ED5
:107250002E2E2E2E2E0A00002DE9F0410024061BB2
:10726000254671F1000605DA01240027D0EB07005E
:1072700067EB0101161E73F1000605DA0027D2EB59
:107280000702012567EB030300F062FB86460E460A
:1072900017469C46AC4204D00025D0EB050E65EBAA
:1072A000010624B10020D2EB000760EB030C70460E
:1072B00031463A466346BDE8F08140EA01039B0748
:1072C00003D009E008C9121F08C0042AFAD203E05B
:1072D00011F8013B00F8013B521EF9D27047D2B2BF
:1072E00001E000F8012B491EFBD270470022F6E7AF
:1072F00010B513460A4604461946FFF7F0FF20462C
:1073000010BD421E12F8013F002BFBD111F8013BCA
:1073100002F8013B002BF9D1704730B5044600203C
:10732000034600E05B1C934203D2E05CCD5C401B53
:10733000F8D030BDF0B480EA0102D40F4200B2EBC5
:10734000410F02D20246084611464A0042D0C30D00
:10735000DDB2C1F3C752AD1A202D35DAC1F31601E3
:1073600041F4000204B15242C5F1200602FA06F1CE
:107370002A411044B3EBD05F23D0C4B1012DA0EB60
:10738000C35009DCF0BC4FF0004202EAC352DBB24A
:1073900000F5000000F037BB400000F1807000EB0A
:1073A000C350A0F1807040EAD170490009E049085B
:1073B00041EAC071A0EBC35000F50000400800EBAB
:1073C000C350F0BC00F016BB6142012202EB410148
:1073D000001BF6E7F0BC704781F00041AAE780F09F
:1073E0000040A7E780EA010210B502F00043400028
:1073F00022D04A001FD0010E01EB1261C0F35600EB
:10740000C2F3560240F4000042F40002A0FB022046
:1074100000047F39140400D0401C50EA124001D40B
:107420004000491EC2B20C0604EBD010401C4008BC
:10743000802A02D003E0002010BD20F001000029C6
:1074400000DA0020184310BD30B480EA010202F0D7
:10745000004530F0004221F0004013D090B1C30D40
:10746000D40DC2F31601C0F31600E41A41F4000172
:1074700040F400027D34914201D3641C00E04900D5
:10748000002C02DA30BC002070474FF400000023CB
:10749000914201D3891A034340084FEA4101F7D1D1
:1074A00051B1914202D14FF0004105E002D24FF0BC
:1074B000010101E06FF0010103EBC450284430BC2E
:1074C00000F098BA2DE9FE4F804681EA0300C00F14
:1074D0000C46009021F0004123F00045B8EB02007B
:1074E000A94105D24046214690461C460B4602461D
:1074F00023F00040104347D0270DC7F30A00C3F321
:107500000A510290401A019040286BDAC3F313002D
:1075100040F4801B0098924620B10023D2EB030A6E
:1075200063EB0B0B01985946C0F14002504600F046
:1075300040FA06460D4650465946019A00F048FA70
:1075400010EB08006141002487EA115284EAE773D6
:107550001A4340D0009A62B3019A012A4FEA0752B7
:1075600015DC001B61EB02014FF0004202EA0752FA
:10757000CDE90042001C41F5801132462B4600F057
:107580007FFA03B0BDE8F08F40462146F9E7001BC3
:1075900061EB0201001C41F5801300185B412018CB
:1075A000A2F5001747EB030140EAD570B6196D410B
:1075B00011E06D084FEA360645EAC0754FEA0752FA
:1075C000001B61EB0201001C41F5801149084FEAE4
:1075D00030000019514132462B4603B0BDE8F04F50
:1075E00000F03FBA0098012240000023D0EB0202D5
:1075F00063EBE073009821464FEAE074B8EB0000BB
:1076000061EB0401E9E783F000435BE781F00041AF
:1076100058E72DE9FE4F81EA030404F0004421F00D
:10762000004100944FF0000B23F0004350EA0104A6
:107630005ED052EA03045BD0C3F30A54C1F30A5587
:107640002C44A4F2F3340194A0FB0254C1F31301BF
:1076500041F48011C3F3130343F4801301FB02448C
:1076600000FB034E840A970A44EA815447EA835791
:10767000A4FB076802958D0A05FB07854FEA932C4A
:1076800004FB0C542705029D4FEA065847EA1637BB
:10769000B5EB08056EEB070C870E920E47EA8117D3
:1076A00042EA8312A7FB0201B6EB0B0164EB000474
:1076B0002B0D43EA0C335E1844EB1C50DA4651465E
:1076C000E7FB0201C5F313044FEA0B3343EA1453FB
:1076D0004FEA0432019C43EA0603A4F10C0402942D
:1076E000009CCDE900B400F0CBF903B0BDE8F08F09
:1076F00000200146F9E72DE9F04D81EA030404F08A
:10770000004B21F0004514464FF0000A23F00041E1
:1077100050EA050220D054EA01021DD0C5F30A57F1
:107720000246C5F31303C1F31300C1F30A5640F434
:10773000801543F48013A7EB0608101BD64608F209
:10774000FD3873EB050002D308F1010801E092183F
:107750005B41B8F1000F03DA00200146BDE8F08D6F
:1077600000204FF48011064684460EE0171B73EB91
:10777000050705D3121B63EB050306434CEA010C16
:1077800049084FEA300092185B4150EA0107EDD1F9
:1077900052EA030012D082EA040083EA050108439A
:1077A00005D0101BAB4106D20122002306E00022C7
:1077B0004FF0004302E06FF0010253101AEB060095
:1077C0004CEB085110EB0A0041EB0B01BDE8F04D0A
:1077D00000F047B9C10F80EAE0700844CA07962359
:1077E000002100F010B996230022114600F00BB9D9
:1077F0000EB5C10F80EAE0700844CA07002140F2CC
:1078000033438DE80E000A460B4600F039F903B009
:1078100000BD00F0004220F00040C10DC0F3160092
:1078200040F400007F2901DA00207047962903DC2C
:10783000C1F19601C84001E096398840002AF4D091
:107840004042704720F00040C10DC0F3160040F4E4
:1078500000007F2901DA00207047962903DCC1F17E
:107860009601C840704796398840704700F0004242
:1078700030F000400AD0C10D01F56071C0F3160070
:1078800042EA0151C20840071143704700200146F7
:107890007047000030B5041E71F1000404DB4FF0A6
:1078A0000044404264EB0101141E73F1000405DB47
:1078B0001C464FF00043524263EB04038B4208BF67
:1078C000824230BD01F0004330B421F0004150EA63
:1078D000010206D00A0DA2F56072C1F31301002A5D
:1078E00002DC30BC00207047440F44EAC104C100F0
:1078F000E01830BC00EBC25000F07CB8002801DB7F
:10790000C0F10040002901DBC1F100418142704714
:10791000002801DBC0F10040002901DBC1F100417A
:107920008842704730B50B460146002020220124D2
:1079300009E021FA02F59D4205D303FA02F5491B3D
:1079400004FA02F52844151EA2F10102F1DC30BD53
:107950002DE9F05F0546002092469B468846064684
:10796000814640241BE0284641464746224600F017
:107970002FF953465A46C01A914110D31146184662
:10798000224600F016F82D1A67EB01084F462246F2
:107990000120002100F00DF817EB00094E41201ED8
:1079A000A4F10104DFDC484631462A464346BDE8DF
:1079B000F09F202A04DB203A00FA02F100207047F1
:1079C0009140C2F1200320FA03F31943904070471D
:1079D000202A06DBCB17203A41FA02F043EAE07393
:1079E00006E041FA02F3D040C2F120029140084380
:1079F000194670470029A8BF7047401C490008BFBE
:107A000020F00100704710B4B0FA80FC00FA0CF0CE
:107A100050EA010404BF10BC704749B1CCF1200406
:107A200021FA04F411FA0CF118BF01212143084393
:107A3000A3EB0C01CB1D4FEA00614FEA102042BFBF
:107A4000002010BC704700EBC35010440029A4BFB5
:107A500010BC7047401C490008BF20F0010010BC5A
:107A6000704710B5141E73F1000408DA401C41F190
:107A7000000192185B411A4301D120F0010010BDB2
:107A80002DE9F04D92469B4611B1B1FA81F202E028
:107A9000B0FA80F220329046FFF78BFF04460F4683
:107AA00040EA0A0041EA0B0153465A46084313D004
:107AB000114653EA010019D0C8F14002504600F0C7
:107AC00087F805460E46504659464246FFF771FF75
:107AD000084305D0012004E020463946BDE8F08D7A
:107AE0000020054346EAE0762C4337430A986305B5
:107AF000E40AA0EB08000022FD0A44EA47540A30D9
:107B000002D500200146E9E7010510196941DDE9C8
:107B1000084500196941BDE8F04DA2E770B521F0B4
:107B2000004303430CD0C1F30A550024D5EB0405F0
:107B300064EB0403D617AD1AB34102DB0020014603
:107B400070BD201841EB025170BDC1F30A52C1F360
:107B5000130140F2FF3341F480119A4202DA00200F
:107B60000146704740F233439A42A2F2334202DCAC
:107B7000524200F02DB8FFF71CBF000030B5041EC4
:107B800071F1000404DB4FF00044404264EB01015A
:107B9000141E73F1000405DB1C464FF000435242F3
:107BA00063EB0403994208BF904230BD064C074D79
:107BB00006E0E06840F0010394E8070098471034BD
:107BC000AC42F6D3F8F796FAF89A0008189B00082A
:107BD000202A04DB203A21FA02F00021704721FA22
:107BE00002F3D040C2F12002914008431946704789
:107BF0002DE9F04D00231A461B1A8A4103DB0020B1
:107C00000146BDE8F08DC1F30A52C1F3130141F4FE
:107C100080154FF0000BD10702D100186D41521EA4
:107C20000027044640F2FF11384601EB620A3E4647
:107C30008046024600204FF48011FFF7C9FFC219A9
:107C40007141BB1846EB0100B4EB030C75EB000C63
:107C500004D3E41A65EB000517460E46241908F113
:107C600001006D4180463428E3DDF91946EB06003A
:107C7000091BA84103D24FF0FF32134601E0002256
:107C800013461BEB070046EB0A51BDE8F04DFFF72A
:107C9000E8BE70B58C1810F8015B15F0070301D130
:107CA00010F8013B2A1106D110F8012B03E010F85F
:107CB000016B01F8016B5B1EF9D12B0705D4002382
:107CC000521E0DD401F8013BFAE710F8013BCB1A24
:107CD000921C03E013F8015B01F8015B521EF9D519
:107CE000A142D8D3002070BD0FB4084B10B504A931
:107CF00002AA039800F060F9044602A9002000F0EF
:107D0000F2FC204610BC5DF814FB0000E78600087A
:107D1000490050EAC12018BF04204A0D18BF40F0A6
:107D2000010040F2FF72B2EB515F08BF40F0020069
:107D3000012808BF052070472DE9F0414F1E00EBD8
:107D4000C7010446D1E9000115461E4637F0060278
:107D50000DD02A463346FFF75CFC7F1E04EBC703B9
:107D6000D3E90023FFF7AEFB37F00602F1D1022F73
:107D700025D0042F13D0062F18BFBDE8F0812A4666
:107D80003346FFF746FCD4E90A23FFF79BFB2A465C
:107D90003346FFF73EFCD4E90823FFF793FB2A465E
:107DA0003346FFF736FCD4E90623FFF78BFB2A4660
:107DB0003346FFF72EFCD4E90423FFF783FB2A4662
:107DC0003346FFF726FCD4E90223FFF77BFB2A4664
:107DD0003346FFF71EFCD4E90023BDE8F041FFF76E
:107DE00071BB0122FFF79ABEFFF76CBB002213465E
:107DF00010461146FFF77FBC024A00201107FFF72B
:107E00008DBE000001FDFFFF02E008C8121F08C17F
:107E1000002AFAD170477047002001E001C1121F0B
:107E2000002AFBD17047000001490860704700003C
:107E3000BC0100202DE9FF5F82B00021DDE90430A4
:107E4000020DDDF840B0034318D044F61050A2F202
:107E5000FF3242431514119801281FD0A5EB0B00E7
:107E6000401C5FEA000A4FF000064E4FDFF83891E1
:107E7000B046504615D5CAF1000413E0119801240C
:107E80004AA3012801D16FEA0B010298119AC0E9B7
:107E90000031C0E9024206B0BDE8F09FCBF100001E
:107EA000DFE704460021404A491842EB0450CDE97F
:107EB000001012E0E00707D032463B4640464946F4
:107EC000FFF7A7FB8046894632463B4610461946D7
:107ED000FFF79FFB06460F466410002CEAD1DDE950
:107EE0000401DDE90023BAF1000F06DAFFF791FB88
:107EF00042464B46FFF78DFB05E0FFF7FCFB424691
:107F00004B46FFF7F8FB04460E460022284BFFF7CE
:107F100035FE03D84FF0FF30014607E00022254B25
:107F200020463146FFF7CEFAFFF70FFE102409E096
:107F3000002C0ADB0A220023FFF70AFD039B3032E4
:107F40001A55641E50EA0102F2D1641C039AC4F16E
:107F500011031444119A012A03D0012208430DD1C0
:107F60000AE0084304D000204FF0110B119072E793
:107F7000A3EB0B056D1E0DE05B4504DD4FF0000229
:107F800005F1010504E003DA4FF00002A5F1010557
:107F9000002AECD002981199C0E90231C0E90045ED
:107FA00079E70000000014400000F03F30000000BE
:107FB0000000F0430000E03F2DE9FF4F95B09B46E5
:107FC0008946064600250FE2252877D1002427465A
:107FD000F84A0121059400E0044316F8013F203BD4
:107FE00001FA03F01042F7D130782A2811D06FF04F
:107FF0002F033078A0F13002092A16D8059A44F0F0
:10800000020402EB820203EB42021044761C05904C
:10801000EFE759F8042B0592002A03DA504244F4A2
:108020000054059044F00204761C30782E2816D1B6
:1080300016F8010F44F004042A280DD06FF02F0227
:108040003078A0F13003092B09D807EB870302EB46
:108050004303C718761CF3E759F8047B761C307885
:108060006C280FD006DC4C2817D068280DD06A2861
:1080700014D104E0742810D07A280FD10DE044F414
:1080800000140AE044F4801401E044F440147278CF
:10809000824202D104F58014761C761C3078662862
:1080A0000BD013DC582877D009DC002875D0452880
:1080B000F6D04628F4D047281AD19DE118E063286D
:1080C00035D0642879D0652812D195E1702873D015
:1080D00008DC6728F1D069286FD06E280DD06F2892
:1080E00006D1B5E073282CD0752875D0782874D0C7
:1080F0005A46179990476D1C75E1C4F30250022847
:1081000009D003280DD0D9F8001004280DD00D6037
:1081100009F1040967E1D9F80010EA17C1E9005232
:10812000F6E7D9F800100D80F2E70D70F0E719F8C6
:10813000041B8DF8001000208DF80100EA46012094
:1081400003E059F804AB4FF0FF3061074FF0000136
:1081500002D40DE008F101018846B9420FDA8045EA
:10816000F8DB1AF808100029F4D108E008F1010141
:1081700088468142FADB1AF808100029F6D10598E2
:108180005B46A0EB080721463846179A00F094FAA0
:10819000284400EB080507E04DE029E10DE01AF85E
:1081A000010B5A4617999047B8F10108F7D25B4680
:1081B00021463846179A13E142E00A220092C4F39E
:1081C00002524FF0000A022A08D059F804CB032AC1
:1081D0004FEAEC710AD00DE029E02AE009F107012D
:1081E00021F00702F2E802C1914609E00FFA8CFC87
:1081F0004FEAEC71042A03D14FFA8CFC4FEAEC7180
:10820000002907DA0A460021DCF1000C61EB0201CB
:108210002D2202E0220504D52B228DF80420012214
:1082200003E0E20701D02022F7E7904659E00A2157
:1082300002E010220DE010214FF0000A00910BE047
:1082400010224FF0000A44F004040827009203E0D3
:1082500008224FF0000A0092C4F30252022A05D00D
:1082600059F804CB0021032A08D009E009F10701DD
:1082700021F00702F2E802C1914605E01FFA8CFCEA
:10828000042A01D10CF0FF0C4FF00008220728D57A
:10829000702806D0009B83F0100353EA0A0305D030
:1082A0000EE040228DF80420012208E05CEA010281
:1082B00006D030228DF804208DF805000222904669
:1082C000009B83F0080353EA0A030AD15CEA010227
:1082D00001D1620705D530228DF804204FF0010846
:1082E0007F1E582804D034A003900EA802900DE001
:1082F00036A0F9E753466046009AFFF729FB84460B
:108300000398825C0298401E029002705CEA0100B1
:10831000F0D1029806A9081A00F1200A600702D5D8
:1083200024F4803400E00127574502DDA7EB0A0062
:1083300000E0002000EB0A01009005984144401A3B
:108340000590E00306D45B462146179A059800F095
:10835000B3F90544002706E001A85A46C05D179905
:1083600090476D1C7F1C4745F6DBE0030CD55B4650
:108370002146179A059800F09FF9054404E0302043
:108380005A46179990476D1C0099481E0090002985
:10839000F5DC08E0029802995A460078491C0291DF
:1083A000179990476D1CBAF10001AAF1010AF1DC9E
:1083B00065E10000092801003031323334353637A9
:1083C0003839616263646566000000003031323321
:1083D00034353637383941424344454600000000C1
:1083E00000F058F90544761C307800287FF4ECAD95
:1083F00019B02846BDE8F08F620700D4062709F1BE
:10840000070222F0070CFCE80223E14603F00048D3
:108410005FEA080C02D00FF2702C0DE05FEA045CFA
:1084200002D50FF2682C07E05FEAC47C02D00FF29D
:10843000602C01E0AFF2700C4FF0FF3823F00043E6
:10844000CDF850C065280CD006DC452809D0462858
:108450001DD047283DD13DE0662818D067287ED141
:1084600038E00021112F01DB112000E0781CCDE95C
:10847000000106A90EA8FFF7DDFCDDE90F010E9A49
:1084800003910021009207F1010A04914DE04FF0A1
:1084900000400097CDE9011006A90EA8FFF7CAFC1D
:1084A000DDE90F0203920E9B11990022DDF80CA06A
:1084B0000093049211B9791C00EB010AB7EB0A0092
:1084C00004D4C0F1FF3007F1010A0490AAEB0700C1
:1084D000019044E0012F00DA01270021112F01DD76
:1084E000112000E03846CDE9000106A90EA8FFF7EB
:1084F000A1FCDDE90F010E9A039100210491009285
:10850000BA4621070CD40399514500DA8A46BAF1DC
:10851000010F05DD009AAAF10101515C302908D054
:10852000B84202DA10F1040F06DA0121CDE9011098
:1085300015E0AAF10101E9E7002805DC04990144EE
:108540000491AAEB000102E0411C514500DD8A467E
:108550000499401A401C01904FF0004002902007FF
:1085600004D40198504501DBCDF8048000208DF83B
:108570004F0002980DF14F07B0F1004F25D02B208E
:108580000E9002984FF0020800280CDA4042029048
:108590002D200E9007E00A210298FFF7C3F9303131
:1085A000029007F8011DB8F10001A8F10108F2DC02
:1085B00002980028EFD1791E0E980870307800F0EC
:1085C000200040F0450007F8020D12A8C01B00F182
:1085D00007081498007800B1012000EB0A01019807
:1085E00001EBE07105984144401A401E0590E003FC
:1085F00006D45B462146179A059800F05DF80544BD
:108600001498007818B15A46179990476D1CE003EA
:1086100024D55B462146179A059800F04DF805448D
:108620001CE00498002807DBDDE90301884203DD34
:108630000098405C179901E0179930205A469047FE
:10864000049805F10105401C04900198401E01901A
:1086500004D12E205A46179990476D1CBAF100019B
:10866000AAF1010ADDDC05E017F8010B5A4617995B
:1086700090476D1CB8F10001A8F10108F4DC5B46DD
:108680002146179A0598ABE62D0000002B0000004C
:10869000200000002DE9F041044600251E46174643
:1086A000880404D405E039462020B0476D1C641EC0
:1086B000F9D52846BDE8F0812DE9F04104460025B2
:1086C0001E469046C80301D5302700E020278804C5
:1086D00004D505E041463846B0476D1C641EF9D507
:1086E0002846BDE8F0810A68531C0B601070704783
:1086F0002DE9F04D8D4F21F0004A86B005460C461D
:10870000BA452ADBAAEB070028430AD088488245ED
:1087100001DC1AD1CDB106B02846BDE8F04DFFF717
:1087200060BB844A844B2846FEF773FF07460E461B
:10873000824A834B28462146FEF76BFF06B03A4635
:108740003346BDE8F04DFEF7BDBE0120FFF76CFBE0
:1087500006B0BDE8F04DFFF749BB7A48824542DAE2
:10876000BAF1795F0BDA2846FFF7D2FA042808BF7E
:10877000FFF742FB284606B02146BDE8F08D2A46A9
:108780000B461046FEF745FF834602466E480E46EE
:108790000B4606217844FFF7CFFA5A463346FEF7D8
:1087A00038FF804669488A465A4633460421784451
:1087B000FFF7C2FA5A463346FEF72BFF00223B462C
:1087C000FEF780FE02460B4640465146FEF793FFF9
:1087D0002A462346FEF71DFF06B02A462346BDE87B
:1087E000F04DFEF76FBE284624F0004100223D46C2
:1087F0003B46FEF70BFF4FF0FF32FFF78FF90646BF
:10880000024653480F460B4606217844FFF794FA78
:1088100032463B46FEF7FDFECDE900014D483246AB
:108820003B4604217844FFF787FA32463B46FEF781
:10883000F0FE00222B46FEF745FE834602913046AD
:10884000394600F05DFA804643480D46504517DC36
:10885000DDE900015A46029BFEF74DFF42462B46DA
:10886000FEF7D7FE42462B46FEF72CFE0122FFF70D
:1088700055F9304A304BFEF7C6FE304A304B4CE0DB
:108880004FF0000A52460B464046FEF71BFECDE96C
:10889000031052462B4610461946FEF7BAFE3246E2
:1088A0003B46FEF7B3FEDDE90332FEF724FF064642
:1088B0000F46DDE900015A46029BFEF71CFF834686
:1088C0000091012230463946FFF728F9194A1A4B20
:1088D000FEF79CFE06460F46012240462946FFF75A
:1088E0001DF95A46009BFEF794FE32463B46FEF7C2
:1088F0008AFE06460F46012250462946FFF70EF92A
:108900000E4DDFF858802A464346FEF77FFE32467A
:108910003B46FEF77BFE2A464346FEF777FE002CD9
:10892000D8BF81F0004106B0BDE8F08D0000F03FF7
:108930000000F07F075C143326A6913C182D4454A8
:10894000FB21F93F0000E03F20120000361200003A
:10895000AA110000C01100003333EF3FFB21E93FB3
:108960002DE9F84F04460D4621F00040009173496F
:10897000814211DC7249884201DC06D12CB12046CB
:108980002946BDE8F84FFFF72CBA6E48002DCCBF42
:108990006D496E49BDE8F88F6D49814211DD6D4921
:1089A0008142D8BF4FF0FF366DDD20462946FFF7E4
:1089B000AFF9042808BFFFF71FFA20462946BDE893
:1089C000F88F6549654F25F00045814233DD6449E4
:1089D000814219DD002632464FF080432046294669
:1089E000FEF770FD80468A46012220462946FFF7A1
:1089F00095F800223B46FEF706FE42465346FEF738
:108A00007AFE04460D463EE001260022BA463B4669
:108A100020462946FEF756FD80460F460022534663
:108A200020462946FEF7EFFD42463B46FEF763FE31
:108A300004460D4627E04B4981421BDDDFF828A1A3
:108A400002260022534620462946FEF7E2FD002278
:108A50003B46FEF737FD80460F4600225346204630
:108A60002946FEF7D0FD42463B46FEF744FE04464B
:108A70000D4608E0032622462B4600203B49FEF720
:108A80003AFE04460D4622462B4610461946FEF78E
:108A9000C0FD8B46824602460B46FEF7BAFD0746EE
:108AA0000246334888460B4606217844FFF744F9CE
:108AB00052465B46FEF7ADFD82462E488B463A464F
:108AC000434605217844FFF737F93A464346FEF717
:108AD000A0FD02460B46002E504659460CDAFEF722
:108AE000F1FC22462B46FEF794FD01B022462B46B0
:108AF000BDE8F04FFEF78ABDFEF7E4FC22462B46A8
:108B0000FEF787FD1C4A7A4402EBC603D3E9002333
:108B1000FEF779FD22462B46FEF775FD174A7A448B
:108B200002EBC603D3E90023FEF770FD009A002A8A
:108B3000B8BF81F00041BDE8F88F0000000010448C
:108B40000000F07F182D4454FB21F93FFB21F9BFB1
:108B50000000DC3F0000203E0000F33F0000F03F3B
:108B60000000E63F008003400000F83F0000F0BF37
:108B7000C20F0000800F00001E0F0000E60E000074
:108B80002DE9F04D9446CCF1000423F000464CEA68
:108B90000404524F46EAD4749A46884621F00042B3
:108BA000BC4206D8454240EA050442EAD474BC42BD
:108BB00004D9BDE8F04D6246FFF716B9AAF1405559
:108BC000A5F17F6555EA0C040BD0022404EAAA74CF
:108BD000434DDFF810E144EAD87452EA000B04D0A8
:108BE0000CE0BDE8F04DFFF7BBBE002C14BF012C1C
:108BF000BDE8F08D022C30D0032C32D056EA0C0B9D
:108C00000AD0BE4220D1BA4209D126F0804622F0D5
:108C100080423346114617E000291ADB25E0DFF8D1
:108C2000C8B0FB44002C04BFDBE90001BDE8F08DB7
:108C3000012C02BFDBE9000181F00041BDE8F08DAD
:108C4000022C0AD0032C0CD0BA4212D1B8F1000F7A
:108C50000BDA23482549BDE8F08D28462449BDE8B4
:108C6000F08D28467146BDE8F08D1D482149BDE8CC
:108C7000F08D921B12153C2AC4BF19481D490EDC09
:108C8000BAF1000FBEBF12F13C0F0020014606DB17
:108C90006246FEF730FD21F00041FFF761FE002C37
:108CA00008BFBDE8F08D012C04BF81F00041BDE894
:108CB000F08D114A114B022C07D0FEF7A4FC2A4676
:108CC000BDE8F04D0A4BFEF79EBCFEF79CFC2A4621
:108CD000BDE8F04D064BFEF799BC00000000F07FA8
:108CE000182D4454FB2109C07A0E0000FB21F9BF66
:108CF000FB210940FB21F93F075C143326A6A13C68
:108D00002DE9F04106460F46FEF772FF041E0D46A0
:108D100018BF0120284320F00040C0F17F6000F11F
:108D2000E040C00F0ED0301C18BF0120384320F0A7
:108D30000040C0F17F6000F1E040C00F04BF01209F
:108D4000FFF772F820462946BDE8F08100000000D8
:108D50009A99999999E96740B81E85EB51B8CE3F29
:108D600000000000000020409A9999999999D93FF4
:108D70006800000476005401F7FD000175191A0C13
:108D80006A231B1C1F207274433B4138393A6B6CB9
:108D9000376F06246D6E700083000000000800002D
:108DA0000001001832000500000020410000D242FE
:108DB000295C0F3E9A99993E3333733F295C0F3EED
:108DC000000070000000002400000002000300000A
:108DD00000650054FFEF0000FA80000B12820001D2
:108DE000030C30C30E8C8CE914D5400213710F8E26
:108DF0003883F8833000F883258EF8833000F883B9
:108E0000FFFFFFFF0FFEA9D6240004001A8279A1FC
:108E10000000003CFFFF00000010000038836FA23C
:108E2000003E03304000000002CAE3093E8000001B
:108E30002000000000000000400000006000000072
:108E4000000C0000000C186E000006920A16C0DF2D
:108E5000FFFF0256FD8CD377FFE1C496E0C5BEAAA2
:108E600000000000FFFF0B2B000016570000035905
:108E70004000000000001DFA00026C1D0000000010
:108E80003FFFDFEB003EB3B6000D227800002F3C21
:108E900000000000001942B5000039A20000B365CF
:108EA000D90E9FC91DCF4C34300000005000000087
:108EB0003BB67AE80064000000C800000000000033
:108EC000100000001000FA921000225E000D229F98
:108ED0000001000000320000FF46000063D40000E3
:108EE0001000000004D6000004CC000004CC0000F8
:108EF00000001072000000400000000000000000B0
:108F000000060002000500070000000000640000E9
:108F100000000000000000050005006400200000C3
:108F200000000000000000000000400000000300FE
:108F300000000032F8980000FF650000830F000079
:108F4000FF9BFC000000000000000000000000008B
:108F50000000000000000000000000000000000011
:108F600000000000000000000000000000001000F1
:108F700040000000000000060000B26A000200008D
:108F80000001FB830068000000D9FC007CF1FF8336
:108F90000000000000650000006403E80064002891
:108FA000000000250000000016A0000000001000D6
:108FB00000001000002F0000000001F4000010006D
:108FC00000280000FFFF4581FFFFFA72000000004B
:108FD00000000000004400050005BAC6004778A262
:108FE0000000000100000000000006000000001466
:108FF0000000254D002F706D000005AE000C02D062
:109000000000000000000000000000000000000060
:10901000001B000000000000000000000000000035
:1090200000640000000800000000000000000000D4
:109030000000000000000000000000000000000030
:109040000000000000000000000000000000000020
:109050000000000000000000000000000000000010
:109060000000000000000000000000000000000000
:1090700000000000000000000000000000000000F0
:10908000001B00000000000000000000000E000EA9
:1090900000000AC70004000000000032FFFFFF9C30
:1090A00000000B2B00000002000000010000006423
:1090B000FFE50000000000000000000000000000CC
:1090C000000000010000000000010000000000009E
:1090D000000180000001800000018000002426D3F0
:1090E0000000000000000000000600100096003C98
:1090F0000000000000000000000000000000000070
:109100000C0A4E68CDCF770950166759C619CE8222
:10911000000000000000000000000000000000004F
:10912000000000000000000017D7840003000000CA
:109130000000000000000000C7938F9D1E1B1C193B
:10914000000000000000000000000000000000001F
:10915000000000000000000002031885000040002D
:1091600000000003000000030000000000000000F9
:1091700040000000000000000000000000000000AF
:1091800000000000000000000000000000000000DF
:1091900000000000000000000000000000000000CF
:1091A00000000000677DDF7E72902E554CF6E68849
:1091B00000000000000000000000000000000000AF
:1091C000D8DCB4B8B0D8B9ABF3F8FAB3B7BB8E9E5D
:1091D000AEF132F51BF1B4B8B08097F1A9DFDFDF53
:1091E000AADFDFDFF2AAC5CDC7A90CC92C97F1A968
:1091F00089264666B28999A92D557DB0B08AA89670
:10920000365676F1BAA3B4B280C0B8A89711B2832B
:1092100098BAA3F0240844106418B2B9B49883F142
:10922000A329557DBAB5B1A38393F0002850F5B2B8
:10923000B6AA839328547CF1B9A3829361BAA2DAC7
:10924000DEDFDB819AB9AEF5606870F1DABAA2DFD1
:10925000D9BAA2FAB9A38292DB31BAA2D9BAA2F8DA
:10926000DF85A4D0C1BBAD83C2C5C7B8A2DFDFDF35
:10927000BAA0DFDFDFD8D8F1B8AAB38DB4980D3526
:109280005DB2B6BAAF8C96198F9FA70E161EB49A10
:10929000B8AA872C547CBAA4B08AB691325676B25A
:1092A0008494A4C808CDD8B8B4B0F19982A82D553B
:1092B0007D98A80E161EA22C547C92A4F02C5078F7
:1092C000F184A898C4CDFCD80DDBA8FC2DF3D9BA45
:1092D000A6F8DABAA6DED8BAB2B68696A6D0F3C891
:1092E00041DAA6C8F8D8B0B4B882A892F52C548850
:1092F00098F135D9F418D8F1A2D0F8F9A884D9C7D3
:10930000DFF8F883C5DADF69DF83C1D8F40114F12F
:10931000A8824EA884F311D182F5D992289788F1BA
:1093200009F41C1CD884A8F3C0F9D1D99782F1297B
:10933000F40DD8F3F9F9D1D982F4C203D8DEDF1ADB
:10934000D8F1A2FAF9A88498D9C7DFF8F8F883C74A
:10935000DADF69DFF883C3D8F40114F198A8822E0C
:10936000A884F311D182F5D992509788F109F41CA1
:10937000D884A8F3C0F8F9D1D99782F149F40DD86F
:10938000F3F9F9D1D982F4C403D8DEDFD8F1AD887E
:1093900098CCA809F9D98292A8F57CF1883ACF94A3
:1093A0004A6E98DB6931DAADF2DEF9D88795A8F21A
:1093B00021D1DAA5F9F417D9F1AE8ED0C0C3AE82AF
:1093C000C684C3A88595C8A588F2C0F1F4010EF142
:1093D0008E9EA8C63E56F554F18872F40115F19898
:1093E00045856EF58E9E0488F142985A8E9E0688B9
:1093F00069F4011CF1981E1108D0F504F11E9702C2
:1094000002983625DBF9D985A5F3C1DA85A5F3DF06
:10941000D88595A8F309DAA5FAD88292A8F578F14B
:10942000881A849F26889821DAF41DF3D8879F39FB
:10943000D1AFD9DFDFFBF9F40CF3D8FAD0F8DAF9C1
:10944000F9D0DFD9F9D8F40BD8F3879F39D1AFD948
:10945000DFDFF41DF3D8FAFCA869F9F9AFD0DADE42
:10946000FAD9F88F9FA8F1CCF398DB45D9AFDFD0BC
:10947000F8D8F18F9FA8CAF38809DAAF8FCBF8D854
:10948000F2AD978D0CD9A5DFF9BAA6F3FAF412F272
:10949000D8950DD1D9BAA6F3FADAA5F2C1BAA6F3D6
:1094A000DFD8F1BAB2B68696A6D0CAF349DAA6CB0F
:1094B000F8D8B0B4B8D8AD84F2C0DFF18FCBC3A870
:1094C000B2B68696C8C1CBC3F3B0B48898A821DBE6
:1094D000718D9D71859521D9ADF2FAD88597A8280F
:1094E000D9F408D8F28D29DAF405D9F285A4C2F2AC
:1094F000D8A88D9401D1D9F411F2D88721D8F40AD3
:10950000D8F28498A8C801D1D9F411D8F3A4C8BB63
:10951000AFD0F2DEF8F8F8F8F8F8F8F8D8F1B8F6C5
:10952000B5B9B08A95A3DE3CA3D9F8D85CA3D9F825
:10953000D87CA3D9F8D8F8F9D1A5D9DFDAFAD8B10F
:109540008530F7D9DED8F830ADDADED8F2B48C99B0
:10955000A32D557DA083DFDFDFB591A0F629D9FBD0
:10956000D8A0FC29D9FAD8A0D051D9F8D8FC51D923
:10957000F9D879D9FBD8A0D0FC79D9FAD8A1F9F9D2
:10958000F9F9F9A0DADFDFDFD8A1F8F8F8F8F8ACDC
:10959000DEF8ADDE8393AC2C547CF1A8DFDFDFF680
:1095A0009D2CDAA0DFD9FADB2DF8D8A850DAA0D0AC
:1095B000DED9D0F8F8F8DB55F8D8A878DAA0D0DFF3
:1095C000D9D0FAF8F8F8F8DB7DF8D89CA88CF530FB
:1095D000DB38D9D0DEDFA0D0DEDFD8A848DB58D911
:1095E000DFD0DEA0DFD0DED8A868DB70D9DFDFA057
:1095F000DFDFD8F1A888902C547C98A8D05C38D1B3
:10960000DAF2AE8CDFF9D8B087A8C1C1B188A8C69C
:10961000F9F9DA36D8A8F9DA36D8A8F9DA36D8A8B6
:10962000F9DA36D8A8F9DA36D8F78D9DADF818DA18
:10963000F2AEDFD8F7ADFA30D9A4DEF9D8F2AEDE5B
:10964000FAF983A7D9C3C5C7F1889BA77AADF7DE1E
:10965000DFA4F8849408A797F300AEF29819A488C1
:10966000C6A39488F632DFF28393DB09D9F2AADF2E
:10967000D8D8AEF8F9D1DAF3A4DEA7F1889B7AD86E
:10968000F38494AE19F9DAAAF1DFD8A881C0C3C572
:10969000C7A39283F628ADDED9F8D8A350ADD9F888
:1096A000D8A378ADD9F8D8F8F9D1A1DADEC3C5C707
:1096B000D8A18194F818F2B089ACC3C5C7F1D8B865
:1096C000B4B09786A8319B069907AB9728889BF082
:1096D0000C201440B0B4B8F0A88A9A285078B79BF0
:1096E000A8295179247059446938644831F1BBABD9
:1096F00088002C547CF0B38BB8A804285078F1B0C3
:1097000088B49726A85998BBABB38B02264666B09F
:10971000B8F08A9CA82951798B2951798A247059EB
:109720008B2058718A4469388B3940688A64483183
:109730008B30496088F1AC002C547CF08CA8042854
:109740005078F1889726A85998AC8C02264666F086
:10975000899CA8295179247059446938644831A9F1
:109760008809205970AB11384069A8193148608CBC
:10977000A83C415C207C00F187981986A86E767E13
:10978000A999882D557DD8B1B5B9A3DFDFDFAED05B
:10979000DFAAD0DEF2ABF8F9D9B087C4AAF1DFDFD7
:1097A000BBAFDFDFB9D8B1F1A3978E60DFB084F231
:1097B000C8F8F9D9DED89385F14AB183A308B583F7
:1097C0009A0810B79F10D8F1B0BAAEB08AC2B2B63C
:1097D0008E9EF1FBD9F41DD8F9D90CF1D8F8F8AD6B
:1097E00061D9AEFBD8F40CF1D8F8F8AD19D9AEFBBD
:1097F000DFD8F416F1D8F8AD8D61D9F4F4ACF59C4E
:109800009C8DDF2BBAB6AEFAF8F40BD8F1AED0F8D7
:10981000AD51DAAEFAF8F1D8B9B1B6A3839C08B964
:10982000B1839AB5AAC0FD3083B79F10B58B93F270
:109830000202D1ABDADED8F1B080BAABC0C3B284D9
:10984000C1C3D8B1B9F38BA391B609B4D9ABDEB01B
:10985000879CB9A3DDF1B38B8B8B8B8BB087A3A3D4
:10986000A3A3B28BB69BF2A3A3A3A3A3A3A3A3A377
:10987000A3F1B087B59AA3F39BA3A3DCBAACDFB97D
:10988000A3A3A3A3A3A3A3A3A3A3A3A3A3A3A3A3A8
:10989000D8D8D8BBB3B7F1AAF9DAFFD9809AAA28E9
:1098A000B48098A720B79787A86688F07951F1907F
:1098B0002C870CA781976293F071716085940129C0
:1098C000517990A5F1284C6C870C95188578A38365
:1098D00090284C6C886CD8F3A28200F210A89219E0
:1098E00080A2F2D926D8F188A84DD948D896A839AF
:1098F00080D93CD89580A839A68698D92CDA87A734
:109900002CD8A8899519A980D938D8A88939A980CF
:10991000DA3CD8A82EA83990D90CD8A8953198D976
:109920000CD8A809D9FFD801DAFFD89539A9DA26C9
:10993000FFD890A80D8999A810809821DA2ED8898F
:1099400099A83180DA2ED8A886963180DA2ED8A848
:10995000873180DA2ED8A88292F34180F1D92ED8AF
:10996000A882F31980F1D92ED882ACF3C0A280224C
:10997000F1A62EA72EA92298A829DAACDEFFD8A23C
:10998000F22AF1A92E8292A8F23180A696F1D9008E
:10999000AC8C9C0C30ACDED0DEFFD88C9CACD010F4
:1099A000ACDE8092A2F24C82A8F1CAF235F1968820
:1099B000A6D900D8F1FF0000555555555555C53F5E
:1099C0007D6FEB0312D6D4BF5544880E55C1C93FF5
:1099D0003B8F68B52882A4BF88B20175E0EF493F8C
:1099E00009F7FD0DE13D023F4B2D8A1C273A03C0CC
:1099F000C88A599CE52A004059018D1B6C06E6BFB8
:109A000082922EB1C5B8B33F4FBB610567ACDD3F55
:109A1000182D4454FB21E93F9BF681D20B73EF3F95
:109A2000182D4454FB21F93FE2652F227F2B7A3C0D
:109A3000075C143326A6813CBDCBF07A8807703CC6
:109A4000075C143326A6913CC4EB98999999C9BF39
:109A5000711623FEC671BCBF6D9A74AFF2B0B3BF6E
:109A60009AFDDE522DDEADBF2F6C6A2C44B4A2BF2E
:109A70000D5555555555D53FFF8300922449C23F9A
:109A80006E204CC5CD45B73F513DD0A0660DB13FCE
:109A9000EB0D76244B7BA93F11DA22E33AAD903FE0
:109AA00000000000000000002050726F64756374B5
:109AB0002049442072656164206173203020696E02
:109AC00064696361746573206465766963652069A0
:109AD000732065697468657220696E636F6D70616B
:109AE0007469626C65206F7220616E204D50553331
:109AF0003035302E0A000000189B000800000020BE
:109B0000C0010000927C0008789B0008C001002082
:109B100088050000187E0008412D0102030404108E
:109B200009060708090204060884A24A04691832D3
:109B3000FF290452010342803F033440413009CDE4
:109B40004C3F438FC2753E2D41CDCCCC08016503FF
:109B500016881323200330096F12833AA69B443BD7
:109B600007293F0AD7A33B01EB803F0C137C8D1BD9
:089B700008700401205A98243A
:04000005080000ED02
:00000001FF
