:020000040800F2
:1000000078070020A5480008B9310008BB31000876
:10001000BF310008C3310008C731000800000000EC
:10002000000000000000000000000000CB310008CC
:10003000CD31000800000000CF310008D1310008A8
:10004000BF480008BF480008BF480008BF48000874
:10005000BF480008BF480008BF4800085F470008C5
:10006000BF480008BF480008BF480008BF48000854
:10007000BF480008BF480008BF480008BF48000844
:10008000BF480008BF480008BF480008BF48000834
:10009000BF480008BF480008BF480008BF48000824
:1000A000BF480008C1460008BF480008BF48000814
:1000B000BF4800086528000875280008BF480008E8
:1000C000BF480008BF480008BF480008BF480008F4
:1000D000BF480008BF480008BF480008BF480008E4
:1000E000BF480008BF480008BF480008DFF80CD030
:1000F00007F044FF004800478126000878070020E9
:1001000031490143314A1160704770B50021002325
:100110000F22C47804B32D4C246804F4E064C4F5C1
:10012000E064210AC1F10403CA40447804FA03F1EF
:100130008478144021430901254C0678A1550478A0
:1001400004F01F050124AC4005786D11AD0005F1E8
:10015000E025C5F8004109E0047804F01F050124FA
:10016000AC401C4D0678761145F8264070BD1A4A01
:100170000A400243154B1B1F1A60704739B1134ADE
:10018000121D12680243114B1B1D1A6006E00F4A34
:10019000121D126882430D4B1B1D1A607047042804
:1001A00008D14FF0E021096941F004014FF0E0224D
:1001B000116107E04FF0E021096921F004014FF0DF
:1001C000E0221161704700000000FA050CED00E02C
:1001D00000E400E080E100E080FFFF1F00204449D0
:1001E0000860091D0860091D0860091D0860414874
:1001F0003F4914310860704700213D498279002A47
:100200003AD00A46126803689A430B461A600A1DE0
:10021000126803689A430B1D1A60027911440A6838
:1002200003681A430A60324A0832126803689A4324
:100230002F4B08331A601A1D126803689A432C4B1F
:100240000C331A604279102A0ED11A1F1268036803
:100250001A43274B08331A601A1D126803681A43A1
:10026000234B0C331A600DE02149427911440A688E
:1002700003681A430A6005E0027911440A680368BA
:100280009A430A6070470021016001710C2141719D
:100290000021817170471649103109680143144AE1
:1002A00010321160704701460020114A1432126862
:1002B0000A400AB1012000E0002070470C491431C7
:1002C00008607047014600200022094B1B6803EAC2
:1002D0000102074B14331B680B4013B10AB1012014
:1002E00000E00020704702491431086070470000A8
:1002F00000040140FFFF0F0010B50446CC488442C3
:1003000008D10121042000F02DFB0021042000F081
:1003100029FB46E0C748844208D10121082000F0AB
:1003200021FB0021082000F01DFB3AE0C248844276
:1003300008D10121102000F015FB0021102000F051
:1003400011FB2EE0BD48844208D10121202000F09D
:1003500009FB0021202000F005FB22E0B848844280
:1003600008D10121402000F0FDFA0021402000F0DA
:10037000F9FA16E0B348844208D10121802000F048
:10038000F1FA0021802000F0EDFA0AE0AE48844244
:1003900007D10121801500F0E5FA0021A01500F039
:1003A000E1FA10BD10B50121084600F0DBFA00218A
:1003B000012000F0D7FA10BD2DE9F04102460025DA
:1003C0000026002000230024002791F803C00CF031
:1003D0000F0591F803C00CF0100CBCF1000F03D016
:1003E00091F802C04CEA050591F800C0BCF1000F7D
:1003F00031D0146800202BE04FF0010C0CFA00F310
:10040000B1F800C00CEA03069E4220D183004FF0F1
:100410000F0C0CFA03F7BC4305FA03FC4CEA040486
:1004200091F803C0BCF1280F06D14FF0010C0CFA73
:1004300000FCC2F814C00AE091F803C0BCF1480FF8
:1004400005D14FF0010C0CFA00FCC2F810C0401CA2
:100450000828D1D31460B1F800C0BCF1FF0F34DD1F
:10046000546800202EE000F1080C4FF0010808FA53
:100470000CF3B1F800C00CEA03069E4221D18300C0
:100480004FF00F0C0CFA03F7BC4305FA03FC4CEADF
:10049000040491F803C0BCF1280F05D100F1080C49
:1004A00008FA0CF8C2F8148091F803C0BCF1480FA8
:1004B00007D100F1080C4FF0010808FA0CF8C2F857
:1004C0001080401C0828CED35460BDE8F0814FF660
:1004D000FF710180022181700421C17070470246C2
:1004E000002093680B400BB1012000E00020704712
:1004F0000146886880B2704702460020D3680B40EE
:100500000BB1012000E0002070470146C86880B2AE
:10051000704701617047416170470AB1016100E0B5
:1005200041617047C16070474FF480320A43826175
:100530008161826182698269704702460020434B73
:1005400018684FF68073184040EA021008433F4B8A
:10055000186070473E49C8617047F0B50A460023ED
:1005600000240021002500F00046B6F1004F02D122
:10057000364EF16901E0354E7168C0F3034583B230
:1005800000F44016B6F5401F08D121F070612F4EDF
:10059000766826F070662D4F7E6012E000F48016BB
:1005A000B6F5801F06D1032606FA05F4A14341F0F3
:1005B000706106E0460D360103FA06F6B14341F0DC
:1005C000706122B1460D360103FA06F6314300F0A0
:1005D0000046B6F1004F02D11C4EF16101E01B4E06
:1005E0007160F0BD30B500228B071C0F0F2303FA9A
:1005F00004F2164B08338C1053F824309343134CF9
:1006000008348D1044F8253023468C1053F82430DC
:100610008C07240F00FA04F423430C4C08348D108B
:1006200044F8253030BD0A49DC31086070470000CD
:1006300000080140000C014000100140001401407E
:1006400000180140001C0140002001400000014052
:1006500000002042DF48006840F00100DD490860EA
:1006600008464068DC490840DA49486008460068A6
:10067000DA490840D74908600846006820F480201D
:1006800008600846406820F4FE0048604FF41F00F0
:1006900088607047CF49096821F48031CD4A1160E4
:1006A0001146096821F480211160B0F5803F03D024
:1006B000B0F5802F0ED106E0C649096841F48031BB
:1006C000C44A116007E0C349096841F4A021C14A46
:1006D000116000E000BF00BF704710B50146002266
:1006E000002300204A11012A02D1BA4C236806E0F7
:1006F000022A02D1B74C236A01E0B64C636A01F0CA
:100700001F02012494401C400CB1012000E0002095
:1007100010BD38B5002000900024002500BF312016
:10072000FFF7DBFF05460098401C00900098B0F5ED
:10073000A06F01D0002DF2D03120FFF7CEFF08B11D
:10074000012400E00024204638BD01460020A14AD3
:10075000106820F0F80040EAC10010607047A0491E
:1007600008607047024600209A4B586820F47C10BD
:1007700042EA01031843974B58607047984908664E
:10078000704701460020934A506820F00300084358
:10079000506070478F48406800F00C007047014679
:1007A00000208C4A506820F0F000084350607047E9
:1007B00001460020874A506820F4E06008435060FA
:1007C000704701460020834A506820F4605040EA98
:1007D000C1005060704729B17E4A527A02437D4B76
:1007E0005A7204E07B4A527A82437A4B5A727047BB
:1007F0007B49D8310860704701460020754A50682F
:1008000020F440400843506070470021714A203274
:100810001170704A82F82010012802D004280AD1F1
:1008200004E001216B4A2032117005E00521694A7C
:100830002032117000E000BF00BF704769490860B6
:1008400070476449096A0143624A11627047654909
:1008500044390860704730B500210022002400238D
:100860005C4D6D6805F00C0121B1042905D0082903
:1008700023D105E05C4D056022E05B4D05601FE083
:10088000544D6D6805F47012524D6D6805F4803456
:10089000022505EB92421CB9544D554305600BE00F
:1008A0004C4D6D6805F400351DB1504D5543056044
:1008B00002E04D4D5543056002E04B4D056000BF21
:1008C00000BF444D6D6805F0F0010909484D6B5CAF
:1008D0000568DD4045603F4D6D6805F4E061090A3B
:1008E000434D6B5C4568DD4085603A4D6D6805F4AD
:1008F0006051C90A3E4D6B5C4568DD40C560354DB1
:100900006D6805F44041890B3A4D6B5CC568B5FBD9
:10091000F3F5056130BD29B12E4A526902432D4BD2
:100920005A6104E02B4A526982432A4B5A6170474C
:1009300029B1284A92690243264B9A6104E0254A6C
:1009400092698243234B9A61704729B1214AD26947
:100950000243204BDA6104E01E4AD26982431D4BF8
:10096000DA61704729B11B4AD2680243194BDA6039
:1009700004E0184AD2688243164BDA60704729B106
:10098000144A12690243134B1A6104E0114A1269B6
:100990008243104B1A617047124940390860704712
:1009A0000F49C86470470B49C87170470948406ACD
:1009B00040F0807007494862704701460020054AB0
:1009C00092680A400AB1012000E000207047014906
:1009D00088727047001002400000FFF8FFFFF6FE2B
:1009E000000042428004424200127A0000093D00A9
:1009F000000000201000002010B50446FE4884428C
:100A000008D10121C014FFF7ADFF0021E014FFF76A
:100A1000A9FFC4E0B4F1804F08D101210846FFF7D7
:100A2000AEFF00210120FFF7AAFFB8E0F34884429F
:100A300008D101210220FFF7A2FF00210220FFF7C9
:100A40009EFFACE0EE48844208D101210420FFF76C
:100A500096FF00210420FFF792FFA0E0E9488442BE
:100A600008D101210820FFF78AFF00210820FFF7A5
:100A700086FF94E0E448844208D101211020FFF76A
:100A80007EFF00211020FFF77AFF88E0DF488442D4
:100A900008D101212020FFF772FF00212020FFF75D
:100AA0006EFF7CE0DA48844208D101214014FFF750
:100AB00059FF00216014FFF755FF70E0D5488442CC
:100AC00009D10121C804FFF74DFF00214FF4002098
:100AD000FFF748FF63E0D048844209D101210805AF
:100AE000FFF740FF00214FF48010FFF73BFF56E077
:100AF000CA48844209D101214805FFF733FF00218C
:100B00004FF40010FFF72EFF49E0C548844208D19A
:100B100001214020FFF733FF00214020FFF72FFF86
:100B20003DE0C048844208D101218020FFF727FF23
:100B300000218020FFF723FF31E0BB48844208D129
:100B400001218015FFF71BFF0021A015FFF717FFFC
:100B500025E0B648844209D101210804FFF702FFCD
:100B600000214FF48030FFF7FDFE18E0B0488442CA
:100B700009D101214804FFF7F5FE00214FF40030B0
:100B8000FFF7F0FE0BE0AB48844208D10121880456
:100B9000FFF7E8FE00214FF48020FFF7E3FE10BDD1
:100BA00000220288944B98420ED0994B98420BD069
:100BB000B0F1804F08D0914B984205D0904B9842AD
:100BC00002D0904B984204D14FF68F731A404B8855
:100BD0001A438D4B984207D08C4B984204D04FF665
:100BE000FF431A40CB881A4302808B8883850B8889
:100BF0000385814B98420BD0854B984208D08B4B94
:100C0000984205D08A4B984202D08A4B984201D133
:100C10000B7A038601238382704770B5002400227B
:100C20000023058C4FF6FE7635400584028C8388C0
:100C3000048B4FF68F752C40B51E2C400D882C432D
:100C4000751E2A400D892A434D882A436A4DA842C1
:100C50000BD06F4DA84208D0744DA84205D0744DFA
:100C6000A84202D0734DA84213D14FF6F7752A401F
:100C70004D892A434FF6FB752A408D882A434FF64B
:100C8000FF652B404FF6FF552B408D892B43CD89B7
:100C90002B4383800483CD888586028470BD70B524
:100CA000002400220023058C4FF6EF7635400584A2
:100CB000028C8388048B48F6FF752C404FF6FF4565
:100CC0002C400D884FF6FF7606EA05252C434FF69B
:100CD000DF752A400D8906EA05152A434D8806EA84
:100CE00005152A43444DA84202D0494DA8421DD1C2
:100CF0004FF67F752A404D894FF6FF7606EA0515B7
:100D00002A434FF6BF752A408D8806EA05152A4307
:100D10004FF6FF352B404FF2FF752B408D8906EAC9
:100D200085052B43CD8906EA85052B438380048303
:100D3000CD880587028470BD70B500240022002391
:100D4000058C4FF6FF6635400584028C8388848BC2
:100D50004FF68F752C404FF6FC752C400D882C43B8
:100D60004FF6FF552A400D894FF6FF7606EA052516
:100D70002A434D8806EA05252A431F4DA84202D082
:100D8000234DA8421DD14FF2FF752A404D894FF6E1
:100D9000FF7606EA05252A434FF6FF352A408D885F
:100DA00006EA05252A434EF6FF752B404DF6FF75E2
:100DB0002B408D8906EA05152B43CD8906EA0515DA
:100DC0002B4383808483CD888587028470BD70B572
:100DD000002200230024058C4EF6FF763540058462
:100DE000038C8488828B48F6FF752A404FF6FF45B6
:100DF0002A400D8820E00000002C01400004004043
:100E000000080040000C00400010004000140040AA
:100E100000340140004C01400050014000540140AA
:100E200000180040001C004000200040004001402D
:100E300000440140004801404FF6FF7606EA0525D0
:100E40002A434DF6FF752B400D8906EA05352B43E5
:100E50004D8806EA05352B43FA4DA84202D0FA4DDB
:100E6000A84208D14BF6FF752C408D894FF6FF76CE
:100E700006EA85152C4384808283CD88A0F84050F3
:100E8000038470BD828B4FF2FF331A408283828BC2
:100E90004FF6FF7303EA01231A4382837047F0B5CC
:100EA0000C461546002200210026078C4EF6FF7CDA
:100EB00007EA0C070784828B018C4FF6FF7707EA5D
:100EC000043640F6FF473A404FF6FF7707EA05271A
:100ED0003A434FF6FF7707EA03373A43D94FB84210
:100EE0000ED0D94FB8420BD0B0F1804F08D0D74FB9
:100EF000B84205D0D64FB84202D0D64FB84206D13C
:100F00004DF6FF77394046F48057394305E047F600
:100F1000FF57394044F48057394382830184F0BD40
:100F2000828B4FF6F3731A408283828B0A4382834B
:100F30007047F0B50C461546002200210026078CAC
:100F40004FF6FF6C07EA0C070784828B018C4FF683
:100F5000FF7707EA04264FF60C773A404FF6FF7703
:100F600007EA03172F433A43B64FB8420ED0B64FA5
:100F7000B8420BD0B0F1804F08D0B44FB84205D082
:100F8000B34FB84202D0B34FB84206D14FF6FF5725
:100F9000394046F48077394305E04FF2FF57394036
:100FA00044F48077394382830184F0BD028B4FF291
:100FB000FF331A400283028B4FF6FF7303EA0123CB
:100FC0001A4302837047F0B50C46154600220021F3
:100FD0000026078C4FF6EF7C07EA0C070784028B8C
:100FE000018C4FF6FF7707EA041640F6FF473A40B8
:100FF0004FF6FF7707EA03373A434FF6FF7707EAE2
:1010000005273A438F4FB8420ED08F4FB8420BD0CE
:10101000B0F1804F08D08D4FB84205D08C4FB84208
:1010200002D08C4FB84206D14FF6DF77394046F0F8
:101030001007394305E04FF65F77394044F0100759
:10104000394302830184F0BD028B4FF6F3731A40DB
:101050000283028B0A4302837047F0B50C461546A3
:1010600000220021068C4FF6FE773E400684028B5C
:10107000018C4FF60C7632407E1C06EA03162E4396
:101080003243704EB0420ED06F4EB0420BD0B0F132
:10109000804F08D06D4EB04205D06D4EB04202D0A8
:1010A0006C4EB04206D14FF6FD76314044F0010659
:1010B000314305E04FF6F576314044F00106314307
:1010C00002830184F0BD70B505460C465D4885423B
:1010D0000ED05D4885420BD0B5F1804F08D05B48FB
:1010E000854205D05A48854202D05A48854200D1EF
:1010F00000E000BF208850B92389A2886188284673
:10110000FFF7ABFFE1882846FFF79EFF25E0208828
:1011100004280AD12389A28861882846FFF753FF53
:10112000E1882846FFF742FF17E0208808280AD107
:101130002389A28861882846FFF7FBFEE1882846BC
:10114000FFF7EEFE09E02389A28861882846FFF7B1
:10115000A6FEE1882846FFF795FE70BD2DE9F04117
:1011600005460C4600260127608808B9022600E0E3
:101170000026A088012801D1022700E0012720884D
:10118000A0B92389A28861882846FFF766FFE18815
:101190002846FFF759FF23893A4631462846FFF78C
:1011A00012FFE1882846FFF701FF13E02389A28898
:1011B00061882846FFF707FFE1882846FFF7F6FE1B
:1011C00023893A4631462846FFF747FFE1882846FB
:1011D000FFF73AFFBDE8F0810A884B881A438B88F5
:1011E0001A43CB881A430B891A434B891A438B89BC
:1011F0001A43A0F8442070474FF6FF718180002108
:101200000180C180418001727047002101804180CE
:101210008180C180018141818181C181704700212C
:1012200001804180012181800021C18001817047BE
:101230000021018041808180C180018141818181C3
:1012400070470000002C01400034014000040040C1
:1012500000080040000C004021B1028842F0010269
:10126000028004E002884FF6FE731A400280704745
:1012700031B1B0F8442042F40042A0F8442005E027
:10128000B0F84420C2F30E02A0F8442070471AB10F
:1012900083890B43838102E083898B438381704779
:1012A0008182704741EA0203A0F8483070471AB1C2
:1012B00083890B43838102E083898B438381704759
:1012C00001894FF6F8721140018170470A460021EA
:1012D00001894FF68F73194011430181704730B572
:1012E00004460D4629462046FFF7F0FF208940F0CE
:1012F0000700208130BD2DE9F04104460D46164619
:101300001F46602D06D13B46012231462046FFF79D
:101310005AFE05E03B46012231462046FFF79DFE7E
:1013200029462046FFF7D2FF208940F007002081A0
:10133000BDE8F08130B50C4600210189C9B24FF6F5
:10134000FF7505EA0325154325432943018130BD77
:101350002DE9F04105460E461746984600244346BF
:101360003A4631462846FFF7E5FF2C894FF6F870DC
:10137000044044F007044FF68F70044044F07004BA
:101380002C81BDE8F081F0B504460D4616461F4697
:101390003B46324629462046FFF7CCFF208940F4E1
:1013A00080402081F0BD0185828270470A4600217D
:1013B00001884FF68F731940114301807047F0B5D3
:1013C0000C4615461E460021002200230189028B8F
:1013D000038C4FF6F877394021434FF6FC473A40EB
:1013E00040F201173A434FF6DD773B404FF6FF7767
:1013F00007EA06172F433B43018102830384F0BDB4
:101400000A460021018B4FF68F7319401143018367
:1014100070470A460021018B48F6FF7319404FF6CA
:10142000FF7303EA02231943018370470A46002130
:10143000818B4FF68F7319401143818370470A46A1
:101440000021818B48F6FF7319404FF6FF7303EAC2
:10145000022319438183704721B1028842F0800240
:10146000028004E002884FF67F731A4002807047C2
:1014700021B1828842F00402828004E082884FF623
:10148000FB731A408280704721B1828842F00802C3
:10149000828004E082884FF6F7731A40828070479A
:1014A00021B1828842F00102828004E082884FF6F6
:1014B000FE731A40828070470A460021018B4FF666
:1014C000F77319401143018370470A460021018BCD
:1014D0004FF2FF7319404FF6FF7303EA02231943DB
:1014E000018370470A460021818B4FF6F77319403C
:1014F0001143818370470A460021818B4FF2FF73AD
:1015000019404FF6FF7303EA0223194381837047A2
:101510000A460021018B4FF6FB73194011430183EA
:1015200070470A460021018B4FF6FF3319404FF6F2
:10153000FF7303EA02231943018370470A4600211F
:10154000818B4FF6FB7319401143818370470A4624
:101550000021818B4FF6FF3319404FF6FF7303EAEA
:1015600002231943818370470A460021018B4FF6FD
:101570007F7319401143018370470A460021018B94
:10158000C1F30E014FF6FF7303EA022319430183EF
:1015900070470A460021818B4FF67F731940114333
:1015A000818370470A460021818BC1F30E014FF6FB
:1015B000FF7303EA02231943818370470A4600211F
:1015C000018C4FF6FD7319401143018470470A46A0
:1015D0000021018C4FF6F7731940114301847047C5
:1015E0000A460021018C4FF6DF7319404FF6FF7356
:1015F00003EA02131943018470470A460021018C53
:101600004FF67F7319404FF6FF7303EA0213194335
:10161000018470470A460021018C4FF6FF531940A0
:101620004FF6FF7303EA02231943018470470A4609
:101630000021018C4FF2FF7319404FF6FF7303EA4C
:1016400002231943018470470A460021018C4DF69C
:10165000FF7319404FF6FF7303EA02331943018405
:10166000704730B5002301248C40A3B2048C9C4306
:101670000484048C02FA01F5ADB22C43048430BD1D
:1016800030B5002304248C40A3B2048C9C43048412
:10169000048C02FA01F5ADB22C43048430BD70B560
:1016A0000346002000241846183001258D40ACB2B6
:1016B0001D8CA5431D8409B1082909D100EB6100E7
:1016C000056825F0700505600568154305600EE0A6
:1016D0000D1FC5F34E052844056825F4E045056057
:1016E00005684FF6FF7606EA02263543056070BDB1
:1016F00021B1028842F00202028004E002884FF623
:10170000FD731A400280704721B1028842F0040242
:10171000028004E002884FF6FB731A400280704793
:1017200021B1828842F08002828004E082884FF6F4
:101730007F731A408280704702884FF6F7731A4011
:10174000028002880A430280704782884FF68F73B6
:101750001A40828082880A438280704702894FF64D
:10176000F8731A40028102890A4302817047028994
:101770004FF67F731A40028102890A430281704743
:1017800081847047818570478186704701877047E3
:1017900081877047A0F84010704702884FF6FF43DA
:1017A0001A40028002880A43028070470146888EF0
:1017B00070470146088F70470146888F7047014681
:1017C000B1F8400070470146888C70470146088D8B
:1017D000704702460020138A0B400BB1012000E045
:1017E00000207047CA430282704730B5024600208D
:1017F00000230024158A05EA0103958905EA0104FE
:1018000013B10CB1012000E0002030BDCA430282B8
:101810007047000010B50446FB48844209D10121FD
:101820008803FFF79FF800214FF48040FFF79AF8F4
:1018300032E0F648844209D101214804FFF79FF8BD
:1018400000214FF40030FFF79AF825E0F048844279
:1018500009D101218804FFF792F800214FF480207C
:10186000FFF78DF818E0EB48844209D10121C80444
:10187000FFF785F800214FF40020FFF780F80BE018
:10188000E548844208D101210805FFF778F80021D6
:101890004FF48010FFF773F810BD2DE9F04786B0C4
:1018A00005460E460024A24600BFA1460027B08987
:1018B00000B100BF2F462C8A4CF6FF700440F08820
:1018C00004432C82AC894EF6F3100440B088318971
:1018D0000843718908430443AC81AC8A4FF6FF404A
:1018E0000440B0890443AC8201A8FEF7B4FFC648A7
:1018F000874202D1DDF810A001E0DDF80CA0A88934
:1019000000F4004040B10AEBCA0000EB0A10316855
:101910004900B0FBF1F807E00AEBCA0000EB0A103F
:1019200031688900B0FBF1F86420B8FBF0F00401E5
:101930002009642101FB1089A88900F4004040B10E
:10194000322000EBC900B0FBF1F000F007000443C7
:1019500008E0322000EB09106421B0FBF1F000F048
:101960000F0004432C8106B0BDE8F0874FF41651F8
:10197000016000218180C18001810C214181002111
:101980008181704710B502460020108A4FF2FF0394
:1019900018400B884C8823438C882343CC882343EE
:1019A0001843108210BD0021018041808180C180D8
:1019B000704721B1828942F40052828104E0828919
:1019C0004DF6FF731A4082817047F0B5034600243C
:1019D00000260025002040F66A17B94200D100BF5A
:1019E0001846C1F3421401F01F06012707FA06F555
:1019F000012C01D10C3004E0022C01D1103000E0A8
:101A000014301AB107682F43076002E00768AF433C
:101A10000760F0BD1AB1838A0B43838202E0838A98
:101A20008B4383827047028A4FF6F0731A4002821A
:101A3000028A0A430282704782894FF2FF731A407A
:101A4000828182890A438281704721B1828942F072
:101A50000202828104E082894FF6FD731A4082817E
:101A60007047028A4FF6DF731A400282028A0A43E5
:101A70000282704721B1028A42F48042028204E06D
:101A8000028A4BF6FF731A4002827047C1F30802C4
:101A90008280704701468888C0F3080070478189BA
:101AA00041F0010181817047028BD2B20283028B27
:101AB00042EA012202837047028B02F47F420283D2
:101AC000028B0A430283704721B1828A42F02002CE
:101AD000828204E0828A4FF6DF731A408282704766
:101AE00021B1828A42F01002828204E0828A4FF69B
:101AF000EF731A408282704721B1828A42F0080255
:101B0000828204E0828A4FF6F7731A40828270471D
:101B100021B1828942F40042828103E08289C2F3CA
:101B20000E028281704721B1828A42F40062828271
:101B300004E0828A4FF2FF731A4082827047828AE1
:101B40004FF6FB731A408282828A0A438282704770
:101B500021B1828A42F00202828204E0828A4FF638
:101B6000FD731A408282704702460020B1F5007F63
:101B700000D100BF13880B400BB1012000E0002012
:101B8000704701F40072B2F5007F00D100BFCA4374
:101B90000280704770B50246002400230025002013
:101BA00040F66A16B14200D100BFC1F3421501F000
:101BB0001F03012606FA03F3012D02D19689334053
:101BC00006E0022D02D1168A334001E0968A3340A6
:101BD0000C12012606FA04F41688344013B10CB135
:101BE000012000E0002070BD10B50022002340F667
:101BF0006A14A14200D100BF0A1201249440A3B28A
:101C0000DC43048010BD0000003801400044004067
:101C100000480040004C00400050004010B5044611
:101C2000FA48844208D101214015FEF79BFE0021AD
:101C30006015FEF797FE17E0F548844208D10121B0
:101C40000015FEF78FFE00212015FEF78BFE0BE03E
:101C5000F048844208D10121C803FEF783FE002129
:101C60004FF40040FEF77EFE10BD30B50246002066
:101C700000235068E84C20400D790C6844EA0524A4
:101C8000204350609068E54C2040D1E902542C4339
:101C90004D7944EA450420439060D06A20F47000F6
:101CA0000C7C641EE4B2234340EA0350D06230BD92
:101CB00000210160017141718160C16001210174E5
:101CC000704721B1826842F00102826003E08268BD
:101CD00022F001028260704721B1826842F4807272
:101CE000826003E0826822F480728260704710B5DF
:101CF0000023CBB21AB144681C43446002E044683C
:101D00009C43446010BD816841F0080181607047C8
:101D1000014600208A6802F008020AB1012000E0B2
:101D200000207047816841F00401816070470146DE
:101D300000208A6802F004020AB1012000E00020BD
:101D4000704721B1826842F4A002826003E0826899
:101D500022F4A00282607047014600208A6802F4E3
:101D600080020AB1012000E00020704710B50A4649
:101D700000210023416821F46041531E41EA4331B0
:101D8000416010BD21B1426842F40062426003E04C
:101D9000426822F4006242607047F0B504460D4686
:101DA00000200021092D11DDE068A5F10A0606EBEF
:101DB0004607072606FA07F18843A5F10A0606EB4F
:101DC000460603FA06F10843E0600CE0206905EBE3
:101DD0004507072606FA07F1884305EB450603FA8F
:101DE00006F108432061072A0FDA606B561E06EBE6
:101DF00086071F2606FA07F18843561E06EB86065D
:101E000005FA06F10843606322E00D2A0FDA206B21
:101E1000D61F06EB86071F2606FA07F18843D61F52
:101E200006EB860605FA06F10843206310E0E06A37
:101E3000A2F10D0606EB86071F2606FA07F1884376
:101E4000A2F10D0606EB860605FA06F10843E062EC
:101E5000F0BD21B1826842F48012826003E08268A2
:101E600022F48012826070470146C86C80B27047CD
:101E700066484C300068704721B1426842F4806285
:101E8000426003E0426822F480624260704721B100
:101E9000426842F48052426003E0426822F4805279
:101EA000426070470A460021816821F4E0411143F5
:101EB0008160704721B1826842F40042826003E091
:101EC000826822F400428260704721B1826842F445
:101ED0000212826003E0826822F40212826070477C
:101EE000014600208A6802F400120AB1012000E0D5
:101EF00000207047F0B50446154600200022002659
:101F0000092911DDE068A1F10A0707EB470C072753
:101F100007FA0CF29043A1F10A0707EB470703FA0F
:101F200007F21043E0600CE0206901EB410C072749
:101F300007FA0CF2904301EB410703FA07F2104352
:101F40002061A06BC0F30156EF1C06F1010CA7EB5A
:101F50000C0707EB870C1F2707FA0CF29043EF1CC6
:101F600006F1010CA7EB0C0707EB870701FA07F254
:101F70001043A063F0BD10B50A4600210023816B19
:101F800021F44011531E41EA0351816310BD08B58D
:101F9000002300930090009B0B440093009B1A6069
:101FA00008BD08B5024600200090009201F128000B
:101FB000009B184400900098006880B208BD0A4653
:101FC00000214168164B194011434160704741623E
:101FD000826270470A460021416821F01F011143C7
:101FE0004160704740B109490831096841F4000176
:101FF000064A0832116007E004490831096821F4F3
:102000000001024A083211607047000000240140BC
:1020100000280140003C0140FFFEF0FFFDF7F1FF0A
:10202000FFFD3FFF0246002013680B400BB101206B
:1020300000E000207047CA430260704770B5024656
:102040000020002300240B125568CEB205EA0604D6
:1020500015681D4015B10CB1012000E0002070BDD5
:1020600000220A12D3430360704700000CB5002021
:10207000019000906C48006840F480306A49086024
:1020800000BF6948006800F4003000900198401CCF
:102090000190009818B90198B0F5A06FF1D162488D
:1020A000006800F4003010B10120009001E0002031
:1020B00000900098012843D15C48006840F010006F
:1020C0005A4908600846006820F003000860084686
:1020D000006840F002000860534840685249486078
:1020E0000846406848600846406840F480604860A0
:1020F0000846406820F47C1048600846406840F478
:10210000E81048600846006840F08070086000BF32
:102110004548006800F000700028F9D04248406847
:1021200020F00300404948600846406840F0020043
:10213000486000BF3C48406800F00C000828F9D116
:102140000CBD10B5FFF792FF10BD10B53648006802
:1021500040F00100344908600846406834490840AE
:102160003149486008460068324908402E490860F5
:102170000846006820F4802008600846406820F483
:10218000FE0048604FF41F008860FFF7DAFF4FF051
:1021900000602949086010BD10B500210020002210
:1021A000214B5B6803F00C0121B1042906D00829FA
:1021B00028D107E0214B224C236027E01F4B204C05
:1021C000236023E0184B5B6803F47010164B5B68C8
:1021D00003F48032022303EB904022B9194B4343AE
:1021E000174C23600DE0104B5B6803F4003323B100
:1021F000144B4343124C236003E0104B4343104CF9
:10220000236003E00D4B0E4C236000BF00BF064B64
:102210005B68C3F303130C4CE15C094B1B68CB40B8
:10222000074C236010BD0000001002400020024057
:102230000000FFF8FFFFF6FE08ED00E000127A0054
:102240001400002000093D0018000020014605E0B0
:10225000002001E0421CD0B20A28FBDB0A1EA1F1DB
:102260000101F5D1704710B5044603E04FF47A70D0
:10227000FFF7ECFF201EA4F10104F7D110BD704759
:1022800008B50720009002E00098401E00900098DA
:102290000028F9D108BD10B54FF40070E649086078
:1022A00040100860FFF7ECFFE3480838006808B901
:1022B000012000E0002000F4007008B1002010BDF3
:1022C0004FF40070DC49091D0860FFF7D9FFDA48B8
:1022D0000838006800F4007008B10020EFE74FF400
:1022E0000070D549091D0860FFF7CAFF0120E6E725
:1022F00010B54FF48070D049091D0860FFF7C0FF8A
:102300004FF40070CC49091D0860FFF7B9FF4FF486
:102310008070C9490860FFF7B3FF4FF40070C649E9
:102320000860FFF7ADFF10BD10B54FF48070C249D3
:10233000091D0860FFF7A4FF4FF40070BE49091D96
:102340000860FFF79DFF4FF48070BB490860FFF7FE
:1023500097FF4FF48070B849091D0860FFF790FFA0
:1023600010BD10B54FF48070B349091D0860FFF728
:1023700087FF4FF40070B0490860FFF781FF4FF40A
:102380008070AD490860FFF77BFF4FF48070AA4969
:10239000091D0860FFF774FF10BD10B54FF4807081
:1023A000A549091D0860FFF76BFF4FF40070A249B3
:1023B0000860FFF765FF4FF480709F490860FFF7E2
:1023C0005FFF9D480838006800F4007030B14FF49A
:1023D00080709949091D0860002010BD4FF480707D
:1023E0009549091D08600120F7E770B504460825E6
:1023F0001DE04FF480709049091D0860FFF740FF11
:1024000004F0800020B14FF400708B49086004E0B4
:102410004FF400708849091D08606006040EFFF73C
:102420002FFF4FF4807084490860FFF729FF281EB2
:10243000A5F10101CDB2DCD14FF480707E49091DB8
:10244000086070BD70B508250024A8017A490860AD
:1024500016E06006040E4FF480707749091D08608D
:10246000FFF70EFF4FF4807073490860FFF708FF15
:1024700071480838006800F4007008B144F00104A5
:10248000281EA5F10101CDB2E3D14FF480706A4955
:10249000091D0860204670BD08B501210820FEF71F
:1024A00047FA4FF44070ADF8000002208DF80200AA
:1024B00014208DF8030069465F481038FDF77CFF53
:1024C00008BD2DE9F04105460E4617469846FFF730
:1024D000E2FE10B90020BDE8F081002141EA45018B
:1024E000C8B2FFF782FFFFF758FF18B9FFF700FFE8
:1024F0000020F0E73046FFF778FFFFF74EFF00249B
:102500000BE018F80400FFF770FFFFF746FF18B95B
:10251000FFF7EEFE0020DEE7641CBC42F1DBFFF7B4
:10252000E7FE0120D7E72DE9F04104460D461646A7
:102530001F463B46324629462046FFF7C2FF10B1F0
:102540000020BDE8F0814FF0FF30FAE72DE9F041BF
:1025500005460F4614461E46FFF79DFE10B90020A3
:10256000BDE8F081002141EA4501C8B2FFF73DFF17
:10257000FFF713FF18B9FFF7BBFE0020F0E738465E
:10258000FFF733FFFFF709FFFFF785FE012101EB9E
:102590004501C8B2FFF729FFFFF7FFFE0CE0FFF788
:1025A00051FF3070012C02D1FFF7DBFE01E0FFF795
:1025B000BBFE761C601EC4B2002CF0D1FFF798FE63
:1025C0000120CDE72DE9F04104460D4616461F4691
:1025D0003B46324629462046FFF7B8FF10B100209F
:1025E000BDE8F0814FF0FF30FAE770B504460D46C4
:1025F0001646FFF750FE08B9002070BD002141EAE1
:102600004401C8B2FFF7F1FEFFF7C7FE18B9FFF7A4
:102610006FFE0020F1E72846FFF7E7FEFFF7BDFE5B
:102620003046FFF7E2FEFFF7B8FEFFF761FE01203C
:10263000E3E7002070470000100C014008B50121BD
:102640001120FEF775F901210B48FDF786FF4FF4C5
:10265000C040ADF8000003208DF8020010208DF876
:10266000030069460548FDF7A7FE4FF4C041034843
:10267000FDF74FFF08BD00000002300000100140D0
:10268000002400270026FFF760FD41F61F4141F2BC
:10269000883001F0E7FF02F021F801F051FE00F070
:1026A000DBF800F03DF8FFF7C9FF02F09DF800F0FD
:1026B000E9F800F050F9FFF7EFFE0A2000F028FEDD
:1026C00000F05CFA00F0CCFD00F046FE0021084668
:1026D00001F0BCFC104807784FF0E020006940F0A2
:1026E00001004FF0E021086114E000F0B7FA6EB984
:1026F00009480578E81BC0B204442F46B4F57A7F38
:1027000003D3064800F014FE012600BF01F0D8FDF7
:1027100001F040FCE9E70000AC0000200000DC42D2
:1027200008B501210820FEF703F94FF47040ADF819
:10273000000010208DF8030003208DF80200694688
:10274000FE48FDF739FE4FF47041FC48FDF7E1FE0D
:1027500008BD08B501210846FEF7F7F8012104205D
:10276000FEF7E6F80C20ADF8000018208DF8030005
:1027700003208DF802006946F148FDF71DFE08BDF3
:1027800030B587B00025002440F2E730ADF81400E2
:102790000020ADF81000ADF81600ADF8120004A945
:1027A0004FF08040FEF7FCF96020ADF800000120FA
:1027B000ADF80200ADF806500020ADF808006946FB
:1027C0004FF08040FEF7B8FA0821C806FEF78AFEEF
:1027D0000120ADF80200ADF806400020ADF8080079
:1027E00069464FF08040FEF7F2FA0821C806FEF76E
:1027F00082FE01218807FEF72FFE01218807FEF7E0
:102800002BFD07B030BD2DE9FF4104460D4627469C
:102810002E466020ADF800000120ADF80200ADF8B2
:1028200006700020ADF8080069464FF08040FEF7C2
:1028300083FA0821C806FEF755FE0120ADF8020014
:10284000ADF8066069468007FEF7C1FA0821C806A0
:10285000FEF751FEBDE8FF8110B5FFF77AFFFFF7E5
:102860008FFF10BDB7490888098821F00101B54ADA
:1028700011807047B4490888098821F00101B24AE3
:102880001180704700B589B001210220FEF75DF884
:1028900001210420FEF74CF801A8FDF718FEC02026
:1028A000ADF8040004208DF8070003208DF8060021
:1028B00001A9A348FDF780FD4FF4A060FDF720FCBF
:1028C0001D208DF8080001208DF8090003208DF8E7
:1028D0000A0001208DF80B0002A8FDF716FC9948AC
:1028E0001038FEF789F806A8FEF786FC0020ADF840
:1028F00018004FF6FF70ADF81C000020ADF81E0068
:10290000ADF81A0006A98F481038FEF749F90A23D6
:102910001A4603218B481038FEF751FD03A8FEF735
:102920007EFC0620ADF8140003A986481038FEF797
:10293000CAFB012183481038FEF754FF01221146DB
:1029400080481038FEF7A3FC01217E481038FEF7BE
:1029500083FC09B000BD00B589B001210420FDF75A
:10296000F4FF01210820FDF7E3FF01A8FDF7AFFD0B
:10297000C020ADF8040004208DF8070003208DF876
:10298000060001A96D48FDF717FD4FF4A060FDF7A3
:10299000B7FB1E208DF8080001208DF809000320E8
:1029A0008DF80A0001208DF80B0002A8FDF7ADFBA1
:1029B00065481038FEF720F806A8FEF71DFC002039
:1029C000ADF818004FF6FF70ADF81C000020ADF810
:1029D0001E00ADF81A0006A95B481038FEF7E0F8B3
:1029E0000A231A46032158481038FEF7E8FC03A8CA
:1029F000FEF715FC0620ADF8140003A95248103864
:102A0000FEF761FB012150481038FEF7EBFE012272
:102A100011464D481038FEF73AFC01214A4810385B
:102A2000FEF71AFC09B000BD00B585B001210420F5
:102A3000FDF77EFF01210220FDF787FF8020ADF822
:102A4000100004208DF8130003208DF8120004A953
:102A50003B48FDF7B1FC4FF4A060FDF751FB1D2092
:102A60008DF8000001208DF8010003208DF8020090
:102A700001208DF803006846FDF747FB3148103808
:102A8000FDF7BAFF4FF6FF70ADF808000020ADF873
:102A90000400ADF80A00ADF8060001A92948103875
:102AA000FEF77EF800231A46602126481038FEF70C
:102AB00022FC002123481038FEF762FE0121214844
:102AC0001038FEF7C9FB05B000BD00B585B0012187
:102AD0000820FDF72DFF01210420FDF736FF80209F
:102AE000ADF8100004208DF8130003208DF81200BB
:102AF00004A91248FDF760FC4FF4A060FDF700FB4D
:102B00001E208DF8000001208DF8010003208DF8B3
:102B1000020001208DF803006846FDF7F6FA0A4826
:102B20001038FDF769FF4FF6FF70ADF80800002080
:102B3000ADF80400ADF80A0008E00000000C014008
:102B4000000801401004004010080040ADF80600E5
:102B500001A90948FEF724F800231A466021064817
:102B6000FEF7C9FB00210448FEF70AFE01210248D6
:102B7000FEF772FB05B000BD0008004070B50024F0
:102B800002F0FDFA0446002C60D17CA001F055FD56
:102B9000782001F056FF18B981A001F04EFD02E047
:102BA00087A001F04AFD782002F038F918B98FA00B
:102BB00001F043FD02E096A001F03FFD642002F029
:102BC0000EFA18B99EA001F038FD02E0A6A001F0AF
:102BD00034FD03F0C5FD18B9ACA001F02EFD02E0F4
:102BE000B7A001F02AFDC54804F096FC054603F0A5
:102BF000C1FD18B9C2A001F020FD02E0CAA001F099
:102C00001CFD40F2731004F0F6F918B9D2A001F0DF
:102C100014FD02E0D9A001F010FD642003F064FF70
:102C200018B9E2A001F009FD02E0E9A001F005FDFC
:102C300004F086FC012003F0D9FA18B9EFA001F0E6
:102C4000FCFC0AE0F6A001F0F8FC06E04FF40051AD
:102C5000FE48FDF760FC00BFFEE770BD2DE9F04FB8
:102C600089B0FB48FB49FC4BFC4ACDE90010FC490C
:102C7000FC4804F01FFBF748008800F4807000282F
:102C80007AD0F649086804F08DFF04464FF09D4164
:102C900004F0C2FDF4490860F049486804F082FF7E
:102CA00004464FF09D4104F0B7FDF0490860EB4940
:102CB000886804F077FF04464FF09D4104F0ACFDB6
:102CC000EB490860E549C86804F06CFF04464FF022
:102CD0009D4104F0A1FDE7490860E34801684FF019
:102CE000804004F067FD0690E1480168069804F012
:102CF00061FD8246DD4801684FF0404004F05AFD16
:102D00000690DC480168069804F054FD834651465D
:102D100004F0F8FC079004F091FF064606F0B6F9BF
:102D200080464FF06632D44B04F05BFE044604F05C
:102D3000B1FFD2490860CE4801684FF0804004F0EE
:102D400039FD0390CA480168039804F033FD8246B8
:102D5000C64801684FF0404004F02CFD0390C34882
:102D60000168039804F026FD8346514604F01CFDDB
:102D700081464FF07E5183E10CE200006D707520BA
:102D8000696E697469616C697A6174696F6E2063D8
:102D90006F6D706C6574652E2E2E2E2E2E0A2000FF
:102DA0006D70755F7365745F73656E736F722063AA
:102DB0006F6D706C657465202E2E2E2E2E2E0A00DF
:102DC0006D70755F7365745F73656E736F7220638A
:102DD0006F6D65206163726F7373206572726F72BD
:102DE000202E2E2E2E2E2E0A000000006D70755FF4
:102DF000636F6E6669677572655F6669666F20638B
:102E00006F6D706C657465202E2E2E2E2E2E0A008E
:102E10006D70755F636F6E6669677572655F666911
:102E2000666F20636F6D65206163726F73732065D9
:102E300072726F72202E2E2E2E2E2E0A000000008F
:102E40006D70755F7365745F73616D706C655F72D3
:102E500061746520636F6D706C657465202E2E2E15
:102E60002E2E2E0A000000006D70755F7365745F72
:102E700073616D706C655F72617465206572726FED
:102E800072202E2E2E2E2E2E0A000000646D705FF2
:102E90006C6F61645F6D6F74696F6E5F6472697689
:102EA00065725F6669726D7761726520636F6D70C0
:102EB0006C657465202E2E2E2E2E2E0A000000002A
:102EC000646D705F6C6F61645F6D6F74696F6E5F6E
:102ED0006472697665725F6669726D77617265208A
:102EE000636F6D65206163726F7373206572726FBB
:102EF00072202E2E2E2E2E2E0A00000028000020DA
:102F0000646D705F7365745F6F7269656E74617410
:102F1000696F6E20636F6D706C657465202E2E2E48
:102F20002E2E2E0A00000000646D705F7365745FC2
:102F30006F7269656E746174696F6E20636F6D6521
:102F4000206163726F7373206572726F72202E2E10
:102F50002E2E2E2E0A000000646D705F656E616279
:102F60006C655F6665617475726520636F6D706C0A
:102F7000657465202E2E2E2E2E2E0A00646D705F35
:102F8000656E61626C655F6665617475726520630C
:102F90006F6D65206163726F7373206572726F72FB
:102FA000202E2E2E2E2E2E0A00000000646D705F43
:102FB0007365745F6669666F5F7261746520636FC5
:102FC0006D706C657465202E2E2E2E2E2E0A00003C
:102FD000646D705F7365745F6669666F5F7261745C
:102FE0006520636F6D65206163726F737320657216
:102FF000726F72202E2E2E2E2E2E0A006D70755F8F
:103000007365745F646D705F737461746520636F62
:103010006D706C657465202E2E2E2E2E2E0A0000EB
:103020006D70755F7365745F646D705F73746174E8
:103030006520636F6D65206163726F7373206572C5
:10304000726F72202E2E2E2E2E2E0A00001001409E
:10305000620000206000002050000020F4010020E9
:103060005A000020540000203400002038000020C6
:103070003C0000204000002066A64C404400002098
:1030800004F040FB044604F0D9FDCDE904014348B7
:1030900001684FF0804004F08DFB83464048016892
:1030A000584604F087FB81463E4801684FF0804057
:1030B00004F080FB83463C480168584604F07AFBE4
:1030C0008246494604F01EFB044604F0B7FD07465D
:1030D000DDE9042306F022FA4FF06632334BCDE9E6
:1030E000060104F07EFC054604F0D4FD304908607A
:1030F0002D480168006804F05DFB039029480168D1
:10310000006804F057FB029025480168006804F04D
:1031100051FB834621480168006804F04BFB594687
:10312000019004F0EFFA8246029904F03DFB8146DB
:10313000039904F039FB044604F080FDCDE9040155
:10314000194801681548006804F034FB82461548A8
:1031500001681348006804F02DFB8346514604F0D3
:10316000D1FA81464FF0804104F024FB044604F07C
:1031700065FD0746DDE9042306F0D0F94FF066321D
:103180000A4BCDE9060104F02CFC054604F082FD53
:103190000849086009B0BDE8F08F00003400002045
:1031A000380000203C0000204000002066A64C4073
:1031B000480000204C000020704700BFFEE700BF21
:1031C000FEE700BFFEE700BFFEE7704770477047AD
:1031D00010B51D480078401C1B4908701B4800783A
:1031E000401C1A4908701A480078401C1849087099
:1031F00000F03BFB17480078401C16490870164841
:103200000078401C1449087014480078401C134989
:1032100008700E480078022806DB01F0D0FA00F0B2
:10322000B1FC00200949087009480078082806DB2D
:1032300000F048FB0020064908700649087000F0BD
:103240002EF900F04AFA10BDAC000020B1000020B9
:10325000AD000020AE000020AF000020B000002034
:1032600030B527480068C822B0FBF2F1B1F1807F89
:1032700001D301201DE021F07F40401E4FF0E022ED
:10328000506150170F22002807DA13071D0E1D4B3F
:1032900000F00F04241F1D5503E013071C0E1A4BEA
:1032A0001C5400BF00204FF0E02290610720106105
:1032B000002008B100BFFEE74FF0E020006920F0D9
:1032C00001004FF0E021086130BD01B50F490098C1
:1032D00008604FF0E020006940F001004FF0E0216D
:1032E000086100BF094800680028FBD108BD0748F5
:1032F000006820B105480068401E04490860704716
:103300001400002018ED00E000E400E0640000205C
:10331000002107E042F6E06100BF0A1EA1F10103AF
:1033200099B2FAD1021EA0F1010398B2F2D170470E
:103330000021FE4A1170FE4908600021FD4A11700B
:10334000FD490978FD4A11700021FD4A1160FA49D2
:103350000978FC4A1170704700B50020FA490880CE
:10336000FA490880FA490860FA490860FA49086091
:10337000FA490860FA490860FA490860FA490860A1
:10338000FA490860FA490860FA490860FA49086091
:10339000FA490860FA490860FA490860FA49086081
:1033A000FA490860FA490860E3490870F949087069
:1033B000F9490870E0480078E04908700020E049C9
:1033C0000860DD480078DF4908700020F349086094
:1033D000F3490860F348FFF7ABFF0020F2490860AB
:1033E00000BD2DE9F041F148006804F027FC0446D7
:1033F000EF48D0E900633246204604F033FC07D0A2
:10340000EB48D0E90021104604F044FCE74908608D
:10341000E848006804F012FC0446E548D0E902637D
:103420003246204604F01EFC07D0E148D0E90221D4
:10343000104604F02FFCDF490860DF48006804F004
:10344000FDFB04460D46DA49D1E9046332462946BC
:1034500004F008FC07D0D648D0E90421104604F057
:1034600019FCD5490860D548006804F0E7FB04461C
:10347000CF48D0E906633246204604F0F3FB07D07C
:10348000CB49D1E90621104604F004FCCB49086081
:103490000020C2490860C2490860BDE8F0812DE9FA
:1034A000F041C7480068012810D10020BF490860DA
:1034B000C448006804F084FB06460022C24B04F0B6
:1034C00090FA044604F0E6FBB8490860BC4800687E
:1034D000022812D10020B7490860BC490968A1F14F
:1034E000400004F06DFB06460022B94B04F079FA67
:1034F000044604F0CFFBAF490860B649B1F90400B7
:1035000004F050FBB4490860B449B1F9040004F078
:1035100049FBB34908600021B248006804F0D6FBBB
:103520000BD0B149AF48006804F0D0FB05D3AF49D8
:10353000AC48006804F0D4FB05D24FF40051AC480D
:10354000FCF7E9FF04E04FF40051A948FCF7E1FF64
:103550000021A848006804F027F9824908609F49C3
:10356000B1F9000004F01EFB06469248016830469F
:1035700004F020F904467C4801687A48006804F0A9
:1035800013F9064689480168304604F013F90546E8
:10359000214604F0B7F877490860BDE8F0812DE9CD
:1035A000F04104460D46002C0CDA4FF4804192485D
:1035B000FCF7AFFF4FF400418F48FCF7ACFF6042CF
:1035C00004B20AE04FF400418B48FCF7A2FF4FF42D
:1035D00080418948FCF79FFF00BF002D0CDA4FF4B3
:1035E00000518548FCF795FF4FF480518248FCF765
:1035F00092FF684205B20AE04FF480517E48FCF722
:1036000088FF4FF400517C48FCF785FF00BFAFB244
:10361000A6B231464FF08040FEF7BAF839464FF077
:103620008040FEF7B7F875496E48006804F058FB13
:1036300023D373496B48006804F048FB02D24FF073
:10364000010801E04FF0000800215048006804F034
:103650003DFB01D1012000E0002008EA0008002124
:103660004B48006804F032FB01D1012000E000204B
:1036700008EA0008B8F1000F0DD000214FF080409B
:10368000FEF786F800214FF08040FEF783F8012016
:103690005C49086002E000205A4908605A493148F4
:1036A000006804F01DFB05D358492E48006804F05B
:1036B0000DFB0DD200214FF08040FEF769F800218C
:1036C0004FF08040FEF766F801204E49086002E0A6
:1036D00000204C490860BDE8F08170B523480468BB
:1036E0002F480168204604F00DF804462146214881
:1036F000006804F007F82149086021461D48006869
:1037000004F052F81C4908601C48006804F069FA8B
:1037100000B2B0F57A7F02DD3D48184908601748CD
:10372000006804F05EFA00B274E00000750000204A
:103730008C000020A0000020AC00002074000020BD
:1037400070000020A1000020FA000020F8000020F6
:103750000801002004010020100100200C010020BD
:1037600014010020D4000020C400002030010020FB
:10377000B8000020C8000020D0000020CC000020AD
:103780002C010020700100206C0100203801002075
:1037900034010020AD000020AE000020A400002075
:1037A000A80000200000C84224010020E4000020FE
:1037B00028980008E8000020EC000020F00000201D
:1037C00054010020440100200080FB3F48010020FC
:1037D0000000C43F5A000020640100205400002073
:1037E00068010020440000200000A0C10000A041AA
:1037F0000010014048000020000C01400000204162
:10380000000020C12001002000004842000048C202
:1038100000007A4410F57A7F02DAF748F749086029
:10382000F748006804F0DDF900B2B0F57A7F02DDF8
:10383000F448F3490860F248006804F0D2F900B295
:1038400010F57A7F02DAEC48ED490860EC48006830
:1038500004F0C7F905B2E948006804F0C2F906B2FD
:1038600029463046FFF79BFE70BD70B5E648FDF770
:10387000AAFF0446E548FDF7A6FF0546E4480460B4
:10388000E44805600021E048FDF77AFF0021DF48A9
:10389000FDF776FF20B2E0490880684200B2DF49B8
:1038A0000880DF480068DC49B1F900100844DC49B1
:1038B0000860DC480068D949B1F900100844D949CA
:1038C000086070BD2DE9F84FD5490968D54A1268DE
:1038D000881804F067F9D4490860D2490968D04AC9
:1038E0001268881A04F05EF900904FF04041009889
:1038F00004F0F6F907D24FF08041009804F0E6F9A1
:1039000001D2002000900020C6490860C449086028
:10391000C648006804F092F906464FF06632C44B80
:1039200004F05FF8044604F0B5F9C0490860BE48E9
:10393000006804F083F980464FF03332BD4B04F049
:1039400050F804460D46B948006804F077F9064679
:1039500022462B4603F09EFF824604F09BF9B349B2
:10396000086008460168B448006803F0CBFEB2491D
:103970000860B2480168B048006803F0C3FEAE4971
:103980000860AF480168AC48006803F0BBFEAA4974
:103990000860AC480068012801D100200860A648F2
:1039A000006804F01EF9B0F5FA5F02DDA648A249EE
:1039B0000860A148006804F014F910F5FA5F02DA13
:1039C000A2489D490860A2480068032812D100203F
:1039D000A0490860A0490968A1F1800004F0F0F84E
:1039E000064600229D4B03F0FCFF044604F052F90A
:1039F0009849086096480068042812D10020984928
:103A0000086098490968A1F1C00004F0D9F8064699
:103A10000022954B03F0E5FF044604F03BF9904982
:103A2000086000218448006803F0BEFE06468C480A
:103A30000168304603F0BEFE044600217B48006862
:103A400003F0B2FE064683480168304603F0B2FE3A
:103A50000546214603F056FE84490860844985489E
:103A6000006804F03DF905D383498248006804F0FA
:103A70002DF90BD27D48006880F000447D48016834
:103A8000204603F0C9FE7D49086002E000207B4922
:103A900008607B497948006804F022F902D278482E
:103AA0007649086077497548006804F00FF902D23A
:103AB00074487249086063480068002852D15F4822
:103AC000006820F000447049204604F009F949D804
:103AD0000021009804F0FAF807D16C496C4800689E
:103AE00003F068FE6A4908600BE06A49009803F039
:103AF00061FE044666480168204603F003FE6449FF
:103B0000086065496248006804F0EAF802D2624839
:103B10005F49086061495E48006804F0D7F802D246
:103B20005E485B4908605E49009803F043FE044626
:103B300057480168204603F0E5FD5A4908605A4994
:103B40005848006804F0CCF802D25748554908603C
:103B500056495448006804F0B9F811D25348514905
:103B600008600DE052494A48006803F023FE4849C6
:103B700008604F494B48006803F01CFE4949086043
:103B8000BDE8F88F2DE9F0414A480068002829D1A6
:103B90004948FDF718FE00EB800000EB00104400E0
:103BA000204604F00DF805460022444B03F08BFF3D
:103BB000074604F06FF8424908604248007820B98F
:103BC00000201F490860BDE8F0813D48006804F00E
:103BD00035F8044600223C4B04F044F803D83B4837
:103BE000174908608AE03A493548006804F078F8D7
:103BF00070D801246FE06DE000007AC4CC00002092
:103C0000D000002000007A4400040040000800407A
:103C1000180100201C010020F8000020FA000020FC
:103C200004010020080100200C01002010010020E8
:103C30006666E63F3333D33F140100202C01002099
:103C400024010020200100200000FA450000FAC5F0
:103C500054010020EC0000204C0100200000DE3F59
:103C6000F0000020500100200000C43FC0000020F0
:103C70006F12833AE40000206F1283BAC400002060
:103C80000000C0400000C0C00000F04148E17A3FA1
:103C9000A4000020A69B443B00002042000020C25C
:103CA0000AD7233EA80000200000A0420000A0C2C6
:103CB000CDCC4C3F3C010020002C0140000069406D
:103CC000280100207500002000001040000096C36D
:103CD0000000A04000244FF08241FC48006803F03F
:103CE000F5FF01D8012000E0002004401CB1F84895
:103CF000F849086002E00020F649086000BF62E76A
:103D00002DE9FC5FF4480068012878D1F348D0F829
:103D100000B0F34800680190F248B0F90290F24810
:103D2000B0F900A0E9480468484603F03BFF0646A6
:103D30004FF08D4103F070FD0546EC4903F03AFD6C
:103D4000EB490860504603F02DFF0646E94903F0B1
:103D50002BFD0546E84903F05FFDE8490860584639
:103D600003F06CFF0746E64AE64B03F0ACFE05465F
:103D700003F090FF8346019803F060FF0546E04A98
:103D8000E04B03F0A0FE074603F084FF01905021B2
:103D9000DD4803F093FCDC48DCA1096801600A21DE
:103DA000DB4803F08BFCDB480021016041600181AE
:103DB0000A21D94803F082FCD84800210160416003
:103DC00001810A21D64803F079FCD6480021016020
:103DD00041600181D449584603F078FF10D8D34997
:103DE000584603F07DFF0BD8584603F027FF0546E1
:103DF0002A460B46CEA1C64804F08AF902E0C7E085
:103E0000BDE8FC9FC849019803F060FF0FD8C7497F
:103E1000019803F065FF0AD8019803F00FFF0546EB
:103E20002A460B46C2A1BB4804F072F900E0E7E75E
:103E3000C149AF48006803F053FF11D2BF49AC48F5
:103E4000006803F043FF0BD2A948006803F0F6FEB8
:103E500005462A460B46B6A1AF4804F059F900E0E2
:103E6000CEE7B749A548006803F03AFF11D2B5493B
:103E7000A248006803F02AFF0BD2A048006803F0B4
:103E8000DDFE05462A460B46A9A1A44804F040F9E8
:103E900000E0B5E70021204603F022FF0FD8AA4931
:103EA000204603F013FF0AD2204603F0C7FE054662
:103EB0002A460B469EA19A4804F02AF900E09FE7A3
:103EC000002000F0D3FC0090009803F074FE074639
:103ED0009E4903F06FFC06464FF08B4103F09CFCBB
:103EE00005469B4903F060FC9A4908600021994807
:103EF000006803F0F5FE11D890499648006803F079
:103F0000E5FE0BD29348006803F098FE05462A466A
:103F10000B4687A1834804F0FBF800E070E77C497A
:103F2000794803F0D6FB8CA1774803F0D2FB79499E
:103F3000754803F0CEFB89A1734803F0CAFB7649AC
:103F4000714803F0C6FB86A16F4803F0C2FB7349BA
:103F50006D4803F0BEFB83A16B4803F0BAFB7049C8
:103F6000694803F0B6FB81A1674803F0B2FB6D49D5
:103F7000654803F0AEFB7EA1634803F0AAFB502125
:103F80007C4803F09BFB50225F497A4803F07DFB9D
:103F900000BF35E710B578480068401E76490860D4
:103FA0004D480068012807D10846006820B9FFF78E
:103FB000A7FE704800F035FB6F48006818B941F261
:103FC00088306D49086010BD70B505460C4600216B
:103FD000284603F07BFE01D285F0004500212046F3
:103FE00003F074FE01D284F0004464480560644824
:103FF000046070BD2DE9F04180460D4614461E4612
:10400000069F6049204603F061FE00D25D4C00210E
:10401000384603F05BFE00D200275B49384603F0C8
:104020005FFE00D2584F5948C0F800804560846058
:10403000C660076101205649087056480078564905
:104040000870002055490860BDE8F0810222504BFD
:104050001A70534A1060534A11604E4A12784E4B00
:104060001A7000224D4B1A6070472DE9F0414E48FE
:1040700005680026154807684C49384603F030FEAD
:1040800023D24A49384603F021FE1ED8484800781A
:10409000FF2804D246480078401C4549087044482F
:1040A00000780C2810D3354805683548066825F097
:1040B00000484049404603F07DFB04462146304617
:1040C00003F00EFE00D2264689E075E028010020AC
:1040D0000000FA432401002058010020CC000020F9
:1040E000D00000205A00002054000020CDCC1C41FC
:1040F000640100209A190043000003436801002076
:1041000048E17A14AE470F4004020020244C5600C8
:104110001C03002026030020300300203A03002067
:10412000440300204E03002000007A4400007AC4BB
:1041300025332E32660000000000A0C10000A0411F
:1041400000803BC500803B4500401C46CDCC54411F
:10415000CDCC4C3EB40000202C5256002C414300E4
:104160002C4759002C435342000000002C565400A9
:1041700023000000540200205C0100209800002071
:104180009C000020CDCCCC3D6666E63E7800002049
:1041900075000020AC00002074000020700000209A
:1041A00090000020940000208C000020000020419E
:1041B000A0000020CDCC4C3F5249384603F090FD82
:1041C0000AD25149384603F081FD05D800204F49F5
:1041D00008700025002602E000204C4908704C4879
:1041E00005604C48066000204B4908604B49086058
:1041F000BDE8F0812DE9FF5F49480478494800781F
:10420000201AC0B2039047480470474801680398D9
:104210000844454908600846006803F0CCFC07469E
:10422000424903F0C7FA064641488168304603F028
:10423000C1FA05463E48C168284603F063FA814644
:1042400049464FF0804003F0B5FA009003F0F6FCC9
:10425000054605F023FA074603F01CFD8346344863
:104260000169584603F0A6FA8246314801694FF0C9
:104270007E5003F099FA5146019003F043FA029000
:104280002B490868029903F095FA214908604846CD
:1042900003F0D4FC074605F04FFA054603F0FAFC9C
:1042A000824623484168504603F084FA1949086061
:1042B000012019490860002018490860BDE8FF9FE7
:1042C00010B51C480078B8B1012802D0022812D1DC
:1042D00002E0FFF78FFF12E0174800680C49086002
:1042E000164800680B49086001200B49086000204F
:1042F0000A49086003E000BFFFF7B7FE00BF00BF38
:1043000010BD00000AD7233C00002041A00000207F
:104310002C010020300100203C010020240100205D
:10432000AC00002074000020700000200AD7A33BDE
:1043300078000020750000209000002094000020EC
:1043400000B585B0012144F20400FCF7F1FA4FF406
:104350000070ADF8100018208DF8130003208DF8C0
:10436000120004A9BB48FCF727F84FF48060ADF8B1
:10437000100004208DF8130004A9B648FCF71CF8BF
:104380004FF4E13000900020ADF80400ADF80600D5
:10439000ADF80800ADF80C000C20ADF80A00694635
:1043A000AD48FDF77AFA0121AB48FDF702FB05B0F5
:1043B00000BD08B54FF48060FBF7A2FE27208DF802
:1043C000000004208DF8010001208DF802008DF816
:1043D00003006846FBF799FE08BD00B585B00121D2
:1043E0008804FCF7B2FA01210820FCF7A1FA4FF487
:1043F0008060ADF8100018208DF8130003208DF8B0
:10440000120004A99548FBF7D7FF4FF40060ADF800
:10441000100004208DF8130004A99048FBF7CCFF8E
:10442000FFF7C7FF4FF4165000900020ADF80400CE
:10443000ADF80600ADF80800ADF80C000C20ADF8A2
:104440000A0069468648FDF728FA012240F2255104
:104450008348FDF7BAFA01218148FDF7AAFA05B0B1
:1044600000BD70B504460D46E1B27B48FDF70EFB7A
:1044700000BF40217848FDF777FB0128F9D120469D
:1044800070BDF0B503460D461646002729460A2E94
:1044900003D0002008702846F0BD33B9302001F861
:1044A000010B002008702846F6E7002B03DA2D20C8
:1044B00001F8010B5B4242F210720DE093FBF2F443
:1044C00004B937B104F1300001F8010B04FB1233D9
:1044D00001270A2092FBF0F2002AEFDC002008708E
:1044E0002846D9E70FB470B586B006460CA80190EF
:1044F00073E00B9800785C281CD10B98401C0B9043
:1045000000786E2809D072280FD10D213046FDF7B2
:10451000BDFA0B98401C0B900BE00A213046FDF7CA
:10452000B5FA0B98401C0B9003E00B98401C0B90C5
:1045300000BF4BE00B980078252840D10B98401C19
:104540000B900078642818D0732833D1019810C8D4
:1045500001900BE021783046FDF798FA00BF40212A
:104560003046FDF701FB0028F9D0641C20780028B4
:10457000F0D10B98401C0B9020E0019820C80190CE
:104580000A2202A92846FFF77CFF02AC0BE0217843
:104590003046FDF77BFA00BF40213046FDF7E4FAD4
:1045A0000028F9D0641C20780028F0D10B98401C1A
:1045B0000B9003E00B98401C0B9000BF06E00B989B
:1045C00010F8011B0B903046FDF760FA00BF402148
:1045D0003046FDF7C9FA0028F9D00B98007800287A
:1045E00087D106B070BC5DF814FB10B504462146B7
:1045F0001948FDF74BFA00BF40211748FDF7B4FA00
:104600000128F9D110BD10B5044621461448FDF724
:104610003DFA00BF40211248FDF7A6FA0128F9D162
:1046200010BD70B505462C4603E02078FFF7EBFF80
:10463000641C20780028F8D170BD70B505462C4662
:1046400003E02078FFF7D1FF641C20780028F8D120
:1046500070BD00000008014000380140000C01401E
:10466000004800407FB504460D460121C802FCF712
:104670005FF941F28830ADF8080041F61F40ADF80F
:1046800004000120ADF80A000020ADF8060001A9E1
:104690001148FCF785FA012241210F48FCF7F7FD8C
:1046A00019208DF8000003208DF8010000208DF8FE
:1046B000020001208DF803006846FBF726FD7FBD50
:1046C00010B501210448FDF790F818B10121024806
:1046D000FDF79CF810BD0000002C01401FB5012122
:1046E0003D48FBF73AFF01210920FCF721F90120A1
:1046F000ADF80C0010208DF80F0003208DF80E008F
:1047000003A93648FBF758FE0220ADF80C0028201C
:104710008DF80F0003A93148FBF74EFE0121084632
:10472000FBF760FF0220019000208DF808000820B0
:104730008DF8090001208DF80A0001A8FBF75CFD47
:1047400007208DF8000003208DF8010001208DF86E
:1047500002008DF803006846FBF7D7FC1FBD10B5BB
:104760000220FBF7AFFD48B300211D48FDF708F814
:1047700001211B48FCF770FD01201A49086012E076
:104780001748FDF720F80A2807DB00211448FCF73A
:1047900063FD00201349086005E002210F48FBF784
:1047A0009EFE104908600F4800680028E8D10021EB
:1047B0000B48FCF751FD0220FBF795FD10BD10B52D
:1047C00001210648FBF7A5FE0C20FDF73FFD012166
:1047D0000248FBF7A0FE10BD00023000000C0140B3
:1047E000002C0140C001002000B587B001214FF42A
:1047F0000170FCF79DF84FF40040FBF7FDFF01202E
:10480000ADF8040000208DF8070001A92348FBF74C
:10481000D3FD2348FDF702FA002002908DF80C002A
:104820008DF80D004FF460200490002005900120C9
:104830008DF8180002A91A48FDF717FA0121184847
:10484000FDF73FFA1648FDF75EFA00BF1448FDF782
:104850005FFA0028FAD11248FDF764FA00BF104849
:10486000FDF765FA0028FAD107B000BD10B504467F
:104870000723012221460A48FDF78FFA0121084843
:10488000FDF75FFA00BF02210548FDF7CBFB0028CA
:10489000F9D00348FDF7E8FA10BD00000008014018
:1048A000002401400648804706480047FEE7FEE72F
:1048B000FEE7FEE7FEE7FEE7FEE7FEE7FEE7FEE7D0
:1048C0004B210008ED00000838B50446FB4890F87D
:1048D0002400C0B114B10220009001E0002000903B
:1048E000F64A1268D17BF54A526810786B4601226D
:1048F000FDF719FE10B14FF0FF3038BD9DF80010E4
:10490000EE48417423E0ED48807A10B94FF0FF3053
:10491000F3E724B1E948407C08B10020EDE714B189
:104920000120009001E000200090E44A1268D17B51
:10493000E24A526810786B460122FDF7F4FD10B18F
:104940004FF0FF30D9E79DF80010DC48417400209B
:10495000D3E738B5002419E0D8480068C07AA042EF
:1049600004D0D6480068407DA04200D10CE0D34975
:10497000496808786B4601222146FDF723FE10B1F5
:104980004FF0FF3038BD00BF601CC4B2CB48406858
:104990000079A042E0DC0020F4E770B504460D4643
:1049A000C6480068C07AA04204D0C4480068407D70
:1049B000A04202D14FF0FF3070BDC048406800797E
:1049C000A04202DC4FF0FF30F6E7BC4949680878A6
:1049D0002B4601222146FDF7F5FDEDE738B50446EB
:1049E000B64890F82300A04201D1002038BD14B190
:1049F0003020009001E000200090B048807C20B181
:104A00009DF8000040F002000090AC4890F82200B1
:104A100020B19DF8000040F080000090A74A126885
:104A2000117DA64A526810786B460122FDF77BFD86
:104A300010B14FF0FF30D9E7A04880F823400020A4
:104A4000D4E738B5044604F0700010B1012000909E
:104A500005E014B10020009001E040200090974A4A
:104A60001268917C954A526810786B460122FDF7D6
:104A70005AFD20B1002191488172481E38BD9DF831
:104A8000000020F040018D4801730020009004F0E8
:104A9000400020B99DF8000040F00400009004F0B0
:104AA000200020B99DF8000040F00200009004F0C2
:104AB000100020B99DF8000040F00100009004F0C3
:104AC000080020B99DF8000040F0380000907B4AB3
:104AD0001268D17C794A526810786B460122FDF742
:104AE00022FD20B1002175488172481EC6E724B11D
:104AF000082C02D00020FFF771FF7048847200215B
:104B000001753220FDF7AFFB0020B7E738B504464A
:104B10006A48807CA04201D1002038BD002C46D0DC
:104B2000664A12681179654A526810786B4601220C
:104B3000FDF748FD10B14FF0FF30EEE79DF80000A3
:104B400020F0200000905D4A126811795B4A52689B
:104B500010786B460122FDF7E6FC10B14FF0FF30F4
:104B6000DBE70320FDF77FFB02200090534890F81D
:104B7000220020B19DF8000040F0800000904F48D6
:104B800090F8230020B19DF8000040F03000009024
:104B90004A4A1268117D494A526810786B460122D0
:104BA000FDF7C1FC002851D04FF0FF30B5E7434A74
:104BB00012681179414A526810786B460122FDF75C
:104BC00001FD10B14FF0FF30A7E73C48807A00F0BC
:104BD000010028B19DF8000040F02000009004E0A2
:104BE0009DF8000020F020000090344A12681179EE
:104BF000324A526810786B460122FDF794FC10B1DE
:104C00004FF0FF3089E70320FDF72DFB2B4890F88C
:104C1000220010B18020009001E000200090274881
:104C200090F8230020B19DF8000040F03000009083
:104C3000224A1268117D214A526810786B4601227F
:104C4000FDF771FC10B14FF0FF3066E71B4884742C
:104C5000002062E708B51948807A10B94FF0FF309C
:104C600008BD00200090154A1268D17B134A526893
:104C700010786B460122FDF756FC10B14FF0FF3063
:104C8000EEE70E4A126851790C4A526810786B466A
:104C90000122FDF748FC10B14FF0FF30E0E7074A72
:104CA00012681179054A526810786B460122FDF7A7
:104CB0003AFC28B14FF0FF30D2E70000C4010020D9
:104CC000F74890F82400002853D00C200090F44AB4
:104CD00012681179F24A526810786B460122FDF78A
:104CE00022FC10B14FF0FF30BAE73220FDF7BBFADB
:104CF000C0200090EA48807A00F0010020B19DF8C1
:104D0000000040F020000090E54A12681179E44A62
:104D1000526810786B460122FDF705FC10B14FF088
:104D2000FF309DE7DE48407C10B10220009001E09A
:104D300000200090DA4A1268D17BD94A5268107874
:104D40006B460122FDF7EFFB10B14FF0FF3087E714
:104D500000200090D24A12685179D14A52681078E6
:104D60006B460122FDF7DFFB002855D04FF0FF30E6
:104D700076E704200090CA4A12681179C84A52683E
:104D800010786B460122FDF7CEFB10B14FF0FF30DB
:104D900066E7C348807C20B9C148807A00F00100F2
:104DA00010B94020009001E060200090BC4A1268D9
:104DB0001179BB4A526810786B460122FDF7B3FBAC
:104DC00010B14FF0FF304BE73220FDF74CFAB448FA
:104DD000407C10B10120009001E000200090B04A1A
:104DE0001268D17BAE4A526810786B460122FDF7FB
:104DF0009AFB10B14FF0FF3032E7A94A126851799F
:104E0000A74A52681078A64B10330122FDF78BFB9E
:104E100010B14FF0FF3023E7002021E770B50446C2
:104E2000002624F001049E4890F8240008B10020D8
:104E300070BD9B48807A10B94FF0FF30F8E7984872
:104E4000057C807A2040964908740846007CA04280
:104E500002D04FF0FF3600E0002614B99048007DE4
:104E600018B10120FFF730FD02E00020FFF72CFD14
:104E70003CB1FFF7EFFE20B1894805744FF0FF30D9
:104E8000D6E73046D4E738B504468548807A10B96D
:104E90004FF0FF3038BDBC2C02DB0120009015E044
:104EA000622C02DB0220009010E02A2C02DB03209F
:104EB00000900BE0142C02DB0420009006E00A2C8A
:104EC00002DB0520009001E0062000907448C07AC3
:104ED0009DF80010884201D10020DBE7704A12687B
:104EE00091786F4A526810786B460122FDF71BFBE0
:104EF00010B14FF0FF30CDE79DF800106848C17247
:104F00000020C7E738B50446282C02DD4FF0FF30FB
:104F100038BDDCB90020FFF761FD00208DF80000EE
:104F200007208DF801005E4A1268917C5C4A526845
:104F300010786B460222FDF7F6FA10B14FF0FF3001
:104F4000E6E70021564801750020E1E70120FFF760
:104F500045FD20208DF80000012C06D100208DF8A1
:104F600001000520FFF78FFF17E0052C06DC01206C
:104F70008DF801000520FFF786FF0EE0142C06DCFB
:104F800002208DF801000A20FFF77DFF05E00320D5
:104F90008DF801001420FFF776FF9DF8010007212E
:104FA00001EB8010C0B28DF801003D4A1268917C7F
:104FB0003B4A526810786B460222FDF7B4FA10B1F2
:104FC0004FF0FF30A4E708213548817200210173BA
:104FD000012101750020FFF721FF002098E738B577
:104FE00004462F48807A10B94FF0FF3038BD2C4866
:104FF00090F8240010B14FF0FF30F7E72848007D0B
:1050000050B134B1282C04DCE0B2FFF77BFF002064
:10501000ECE70020FFF776FF042C01DA042404E01B
:10502000B4F57A7F01DD4FF47A744FF47A7090FB17
:10503000F4F0401EC0B20090194A12685178184A24
:10504000526810786B460122FDF76DFA10B14FF0EF
:10505000FF30CBE79DF80000401C4FF47A7191FBC4
:10506000F0F081B20E48C1810146C9894810FFF7AE
:105070000AFF0020BAE738B504460948807A10B91B
:105080004FF0FF3038BD022C06D0042C0AD0082C7B
:105090000BD0102C0FD10BE0002000900EE0000090
:1050A000C40100200820009008E01020009005E0D6
:1050B0001820009002E04FF0FF30E3E700BFF8480F
:1050C000407A9DF80010B0EBE10F01D10020D9E744
:1050D000F34A1268D179F24A526810786B4601227D
:1050E000FDF721FA10B14FF0FF30CBE79DF800003B
:1050F000C110EB4841720020C4E738B50446E848C7
:10510000807A10B94FF0FF3038BDFA2C09D0B4F5D1
:10511000FA7F09D0B4F57A7F09D0B4F5FA6F0CD1D3
:1051200008E0002000900BE00820009008E010202C
:10513000009005E01820009002E04FF0FF30E3E718
:1051400000BFD748007A9DF80010B0EBE10F01D105
:105150000020D9E7D24A12689179D14A5268107872
:105160006B460122FDF7DFF910B14FF0FF30CBE7BE
:105170009DF80000C010CA4908720020C4E71CB5A1
:1051800080208DF80000C64A1268917CC44A52689B
:1051900010786B460122FDF7C6F910B14FF0FF30D1
:1051A0001CBD6420FDF75FF800208DF80000BC4AAC
:1051B0001268917CBA4A526810786B460122FDF75A
:1051C000B2F910B14FF0FF30EAE7B54A1268917DAD
:1051D000B34A526810786B460622FDF7F3F910B116
:1051E0004FF0FF30DCE79DF80500C007400F9DF849
:1051F000031001F0010140EA41009DF8011001F0A7
:10520000010140EA01048CB1012C03D10121A44821
:10521000C17430E0022C03D10021A148C1742AE0FE
:10522000A0A0FFF70AFA4FF0FF30B9E79C4A1268D6
:10523000D1789B4A526810786B460122FDF7C2F97B
:1052400010B14FF0FF30ABE79DF8000000F00F0405
:105250002CB99E48FFF7F1F94FF0FF30A0E7042C7E
:1052600006D19BA0FFF7E9F901218D48C17402E046
:1052700000218B48C174FF2189488172FF20884931
:105280000872FF2186484172C1724FF6FF71C181D9
:10529000FF21017481740121017380F82210002123
:1052A00080F82310417501751630016041608160FE
:1052B000163880F8241080F82510C1844FF4FA6065
:1052C000FFF71BFF10B14FF0FF3069E70220FFF737
:1052D000D2FE10B14FF0FF3062E72A20FFF7D3FD76
:1052E00010B14FF0FF305BE73220FFF778FE10B1CE
:1052F0004FF0FF3054E70020FFF790FD10B14FF062
:10530000FF304DE70020FFF701FC10B14FF0FF30F8
:1053100046E70020FFF795FB002041E77CB50446F7
:105320000D465F48807A00F0700010B94FF0FF30F2
:105330007CBD5B4A1268117B594A526810786B46F3
:105340000622FDF73FF910B14FF0FF30F0E79DF86E
:1053500001009DF8001040EA012000B220809DF875
:1053600003009DF8021040EA012000B260809DF821
:1053700005009DF8041040EA012000B2A08015B19C
:105380002846FCF77CFF0020D2E77CB504460D469A
:105390004348807A00F0080010B94FF0FF307CBD20
:1053A0003F4A1268517B3E4A526810786B4606228B
:1053B000FDF708F910B14FF0FF30F0E79DF801005C
:1053C0009DF8001040EA012000B220809DF8030003
:1053D0009DF8021040EA012000B260809DF80500AF
:1053E0009DF8041040EA012000B2A08015B12846C3
:1053F000FCF745FF0020D2E72DE9FE4F05460C469D
:105400002748807A18B94FF0FF30BDE8FE8F244A54
:105410001268917B224A5268107802AB0222FDF793
:10542000D1F810B14FF0FF30EFE79DF809009DF87B
:10543000081040EA012006B214B12046FCF71FFF15
:1054400017494968C88802F0B6FB154901904968B8
:10545000B1F9080002F0A6FB8346304602F0A2FB39
:105460005946009002F0A0F98246019902F0D4F961
:1054700081461F4902F046F980464FF08F4102F005
:1054800099F9074602F0ADFB28600020BDE710B592
:1054900088B004461CB94FF0FF3008B010BD29E0B9
:1054A000C4010020556E737570706F72746564204E
:1054B000736F6674776172652070726F6475637460
:1054C000207265762025642E0A000000A0A6000840
:1054D00048616C662073656E736974697669747966
:1054E000207061727420666F756E642E0A00000071
:1054F00000000C42206830B9606820B9A06810B97B
:10550000002008B010BDFA494968087806AB0322AC
:105510001146FDF757F810B14FF0FF30F1E79DF855
:105520001800082101EB201000F00F00ADF800007A
:105530009DF8190001EB201000F00F00ADF80200FB
:105540009DF81A0001EB201000F00F00ADF80400E8
:1055500020684100BDF90000403091FBF0F000B23E
:10556000ADF8100060684100BDF90200403091FBC9
:10557000F0F000B2ADF81200A0684100BDF90400DF
:10558000403091FBF0F000B2ADF81400D849496802
:10559000087806AB06221146FDF714F810B14FF05B
:1055A000FF30AEE79DF819009DF8181040EA012081
:1055B00000B2ADF808009DF81B009DF81A1040EAF3
:1055C000012000B2ADF80A009DF81D009DF81C10E6
:1055D00040EA012000B2ADF80C00BDF81000BDF8A3
:1055E0000810084400B2ADF81000BDF81200BDF874
:1055F0000A10084400B2ADF81200BDF81400BDF85E
:105600000C10084400B2ADF81400BDF81000000AF8
:105610008DF81800BDF81000C0B28DF81900BDF863
:105620001200000A8DF81A00BDF81200C0B28DF801
:105630001B00BDF81400000A8DF81C00BDF8140012
:10564000C0B28DF81D00AA494968087806AB062249
:105650001146FCF768FF10B14FF0FF3051E7002012
:105660004FE70146A248007A30B1012807D002284E
:1056700009D003280FD10AE0FA2008800EE04FF489
:10568000FA7008800AE04FF47A70088006E04FF460
:10569000FA60088002E00020088000BF00BF002000
:1056A000704701469248407A30B1012807D002285D
:1056B00008D003280CD108E0022008700BE0042079
:1056C000087008E00820087005E01020087002E06B
:1056D0004FF0FF30704700BF8548C07C18B1087894
:1056E0004006000E08700020F4E701468048C07AAA
:1056F000082817D2DFE800F01704070A0D10131866
:10570000BC20088013E06220088010E02A20088076
:105710000DE0142008800AE00A20088007E0052038
:10572000088004E000BF00BF0020088000BF00BF69
:105730000020704701466E4890F8240010B14FF0E9
:10574000FF3070476A48C08908800020F9E70146A9
:1057500000200880401E704701464FF0FF30704720
:1057600001466348007A30B1012807D0022808D0EA
:1057700003280CD108E05F4808600BE05E48086031
:1057800008E05E48086005E05D48086002E04FF010
:10579000FF30704700BF0020FBE701465448407AC5
:1057A00030B1012808D002280AD0032810D10BE01C
:1057B0004FF4804008800EE041F69C7008800AE0BB
:1057C0004FF48050088006E04FF40060088002E04B
:1057D0004FF0FF30704700BF4548C07C10B10888CB
:1057E000401008800020F5E701464148007C087021
:1057F0000020704701463E48807A10B101200870B1
:1058000001E0002008700020704738B50446384891
:10581000807A10B94FF0FF3038BD354A1268117CDC
:10582000334A526810786B460222FCF7CBFE10B167
:105830004FF0FF30F0E79DF801009DF8001040EABE
:10584000012000B220800020E6E72DE9FE4F074648
:10585000884692461D46DDF830B0002600242448D4
:1058600090F8240010B1601EBDE8FE8F0020287063
:105870001F48807A10B94FF0FF30F5E71C48007CD4
:1058800010B94FF0FF30EFE71948007C00F04000FE
:1058900008B1B01CC6B21648007C00F0200008B168
:1058A000B01CC6B21248007C00F0100008B1B01C59
:1058B000C6B20F48007C00F0080008B1B01DC6B2A7
:1058C0000B4A1268917A0A4A526810786B46022293
:1058D000FCF778FE10B14FF0FF30C5E79DF80100EE
:1058E0009DF8001040EA0129B1450BDA0020BBE722
:1058F000C40100200000034300008342333303420D
:1059000033338341FC4840684088B9EB600F17DDB2
:10591000F94A1268517CF84A526810786B460122A5
:10592000FCF750FE10B14FF0FF309DE79DF80000EE
:1059300000F0100020B1FFF78DF96FF0010093E740
:105940005046FCF79CFCEC4A1268D17AEA4A52684D
:1059500010786B463246FCF735FE10B14FF0FF3041
:1059600082E799FBF6F0401E8BF8000000202870BB
:10597000B4422AD0E048007C00F0080028B3601C44
:105980001DF800001DF8041040EA012000B2A8F83C
:105990000000E01C1DF80010A01C1DF8000041EAEA
:1059A000002000B2A8F80200601D1DF80010201DA4
:1059B0001DF8000041EA002000B2A8F80400287891
:1059C00040F008002870A01D84B2B44213D0CA4829
:1059D000007C00F0400070B1601C1DF800001DF854
:1059E000041040EA012000B23880287840F04000DE
:1059F0002870A01C84B2B44213D0BF48007C00F0D1
:105A0000200070B1601C1DF800001DF8041040EA71
:105A1000012000B27880287840F020002870A01C77
:105A200084B2B44213D0B448007C00F0100070B1CE
:105A3000601C1DF800001DF8041040EA012000B2AF
:105A4000B880287840F010002870A01C84B2002094
:105A50000AE7F8B504460F461646A74890F8240012
:105A600010B94FF0FF30F8BDA348807A10B94FF05D
:105A7000FF30F8E7A04A1268917A9F4A526810787E
:105A80006B460222FCF79EFD10B14FF0FF30EAE7B3
:105A90009DF801009DF8001040EA0125A54203DAB7
:105AA00000203070401EDEE7934840684088B5EB28
:105AB000600F17DD904A1268517C8F4A5268107847
:105AC0006B460122FCF77EFD10B14FF0FF30CAE7B4
:105AD0009DF8000000F0100020B1FFF7BBF86FF058
:105AE0000100C0E7E2B2844B1B68D97A824B5B6845
:105AF00018783B46FCF766FD10B14FF0FF30B2E777
:105B000095FBF4F0401E30700020ACE701467A4867
:105B100080F82210002070477CB505467649496818
:105B2000087801AB04220D21FCF74CFD08B10720D9
:105B30007CBD9DF80700C0F301109DF8041001F032
:105B4000E00140EAE1008DF800009DF80700C0F395
:105B500081009DF8051001F0E00140EAE1008DF8B8
:105B600001009DF8070000F003009DF8061001F009
:105B7000E00140EAE1008DF8020000241CE01DF87D
:105B8000040018B9002045F8240013E05B4845F8EC
:105B9000240006E055F82400594901F00BFE45F8B1
:105BA00024001DF80400401EC0B20DF804000028B7
:105BB000F0D100BF601CC4B2032CE0DB0020B7E7CB
:105BC0002DE9FE4F06460F4600256846FFF7A4FF65
:105BD000002442E056F8240057F82410A0EB010AF4
:105BE000BAF1000F01DB514601E0CAF1000108469D
:105BF00001F0D8FF83464FF08F4101F00DFE804643
:105C00005DF82400002102F061F816D05DF8241040
:105C1000404601F001FE82464FF07E5101F0C4FD86
:105C2000814629F0004A3748416A504602F058F848
:105C300012D20120A04005430EE03248C16940461F
:105C400002F044F805D32F48016A404602F048F8B4
:105C500002D20120A0400543641C032CBADB284675
:105C6000BDE8FE8F2DE9FC5F06460F460025224960
:105C70004968087801AB03220D21FCF7A3FC10B1A1
:105C80000720BDE8FC9F9DF8040000F01F008DF880
:105C900004009DF8050000F01F008DF805009DF838
:105CA000060000F01F008DF80600002462E056F8A0
:105CB000240057F82410A0EB010BBBF1000F01DB0F
:105CC000594601E0CBF10001084601F06BFF4FF0AF
:105CD0008F41009001F0A0FD814601A8005DC0B396
:105CE0000849086801F067FF83465946064801F0F5
:105CF00093FD80460FE00000C40100207B14AE3EFF
:105D00001D5A843F7098000800B04C45FE4940463B
:105D100001F050FD804601A8005D401EC0B201A9FF
:105D200008550028F2D14146484601F075FD8346EA
:105D30004FF07E5101F038FD82462AF0004BF348C7
:105D40008169584601F0CCFF13D20120A0400543E1
:105D50000FE0FFE7ED480169484601F0B7FF05D3C2
:105D6000EA484169484601F0BBFF02D20120A04049
:105D70000543641C032C9ADB284682E72DE9F04F8B
:105D800087B005460C46914601208DF81000002092
:105D90008DF81100DE4A1268917CDD4A5268107855
:105DA00004AB0222FCF7BFFB20B14FF0FF3007B07D
:105DB000BDE8F08FC820FCF756FA00208DF81000DF
:105DC000D34A1268D17BD24A5268107804AB0122C0
:105DD000FCF7A9FB10B14FF0FF30E8E7CC4A12689E
:105DE0005179CB4A5268107804AB0122FCF79BFB37
:105DF00010B14FF0FF30DAE7C54A1268917CC44A0F
:105E00005268107804AB0122FCF78DFB10B14FF003
:105E1000FF30CCE7BE4A1268D17DBD4A5268107887
:105E200004AB0122FCF77FFB10B14FF0FF30BEE75F
:105E3000B74A12681179B64A5268107804AB012249
:105E4000FCF771FB10B14FF0FF30B0E70C208DF87C
:105E50001000AF4A12681179AD4A5268107804AB4D
:105E60000122FCF760FB10B14FF0FF309FE70F20DD
:105E7000FCF7F9F9A648806A407A8DF81000A44A28
:105E800012689178A24A5268107804AB0122FCF79C
:105E90004AFB10B14FF0FF3089E79D48806A007AD5
:105EA0008DF810009A4A12685178994A5268107811
:105EB00004AB0122FCF737FB10B14FF0FF3076E75F
:105EC000B9F1000F07D09248806A807A40F0E00074
:105ED0008DF8100004E08E48806A807A8DF81000FA
:105EE0008B4A126891798A4A5268107804AB012271
:105EF000FCF719FB10B14FF0FF3058E7B9F1000F74
:105F000007D08348806AC07A40F0E0008DF8100026
:105F100003E07E48C07A8DF810007D4A1268D1797E
:105F20007B4A5268107804AB0122FCF7FCFA10B1EE
:105F30004FF0FF303BE7B9F1000F02D0C820FCF76B
:105F400092F940208DF81000714A12681179704A58
:105F50005268107804AB0122FCF7E5FA10B14FF05B
:105F6000FF3024E778208DF81000694A12685179D3
:105F7000674A5268107804AB0122FCF7D4FA10B1DA
:105F80004FF0FF3013E761498889FCF76CF9002076
:105F90008DF810005E4A126851795D4A5268107897
:105FA00004AB0122FCF7BFFA10B14FF0FF30FEE660
:105FB000574A1268917A564A5268107804AB022206
:105FC000FCF700FB10B14FF0FF30F0E69DF8110038
:105FD0009DF8101040EA012B0C209BFBF0F0C6B29C
:105FE0000020A86068602860A06060602060824631
:105FF00065E0474A1268D17A454A5268107804AB86
:106000000C22FCF7DFFA10B14FF0FF30CFE69DF81D
:1060100011009DF8101040EA012000B2ADF8080010
:106020009DF813009DF8121040EA012000B2ADF86F
:106030000A009DF815009DF8141040EA012000B2F6
:10604000ADF80C00BDF90810206808442060BDF9C7
:106050000A10606808446060BDF90C10A06808442C
:10606000A0609DF817009DF8161040EA012000B2CC
:10607000ADF800009DF819009DF8181040EA0120C5
:1060800000B2ADF802009DF81B009DF81A1040EA1E
:10609000012000B2ADF80400BDF9001028680844E2
:1060A0002860BDF90210686808446860BDF90410F2
:1060B000A8680844A8600AF1010000F0FF0AB24590
:1060C00097DB1248D0F800C02868C117090441EADC
:1060D0001041070462460023384601F0A5FA324613
:1060E0000023CDE9020101F09FFA28600748D0F8AB
:1060F00000C06868C117090441EA104107046246FC
:106100000023384606E0000054E3853F70980008FD
:10611000C401002001F088FA32460023CDE90201D3
:1061200001F082FA6860FE48D0F800C0A868C11784
:10613000090441EA1041070462460023384601F091
:1061400073FA32460023CDE9020101F06DFAA8602E
:10615000F348D0F804C02168C817000440EA114889
:106160000F04624600233846414601F05DFA32468C
:106170000023CDE9020101F057FA2060E848D0F889
:1061800004C06068C117090441EA1041070462466F
:106190000023384601F048FA32460023CDE90201D7
:1061A00001F042FA6060DE48D0F804C0A068C11770
:1061B000090441EA1041070462460023384601F011
:1061C00033FA32460023CDE9020101F02DFAA06036
:1061D000A068002804DDA068A0F58030A06003E07E
:1061E000A06800F58030A0600020E0E538B50446E6
:1061F000CC4890F82400A04201D1002038BD24B33F
:10620000C84890F8250010B94FF0FF30F6E700209D
:10621000FEF75AFB0020FEF779FCC249C88CFEF756
:10622000DEFE00200090BF49496808786B460122D5
:106230002321FCF778F90121BA4880F824100120C5
:10624000FEF742FBFEF706FD13E00020FEF73CFBE5
:10625000B448007C0090B349496808786B46012235
:106260002321FCF760F90021AE4880F82410FEF7E6
:10627000F1FC0020C2E72DE9F04F8DB083460F46B8
:1062800002200C90A74890F8240020B10020FFF7CE
:10629000ADFF012600E0002603A8FFF7E2F905A8FC
:1062A000FFF7FFF901A8FFF720FA02A8FFF742FA6B
:1062B0009C4890F80AA004A8FFF796FA002407E08B
:1062C000002239465846FFF759FD00B902E0641C28
:1062D000022CF5DB00BF022C01D1002528E00024B0
:1062E00007E0012206A909A8FFF748FD00B902E06E
:1062F000641C022CF5DB00BF022C01D1002517E045
:1063000006A93846FFF75CFC00F0FF0809A95846CB
:10631000FFF7A8FC00F0FF090025B9F1000F01D13B
:1063200045F00105B8F1000F01D145F0020500BFAD
:10633000FF207C490872FF217A484172C1724FF6F2
:10634000FF71C181FF218172017401210173BDF8C8
:106350000C00FEF7D2FE9DF81400FEF78CFEBDF88F
:106360000400FEF790FDBDF80800FEF738FE504629
:10637000FEF767FB9DF81000FEF750FD16B10120F7
:10638000FFF734FF28460DB0BDE8F08FF8B504469E
:106390000D46164616B94FF0FF30F8BD6148807AB9
:1063A00010B94FF0FF30F8E720128DF80000E0B28E
:1063B0008DF801009DF8010028445A49496849892F
:1063C000884202DD4FF0FF30E7E7564A1268117E3F
:1063D000544A526810786B460222FCF7A4F810B1B8
:1063E0004FF0FF30D9E7EAB24E4B1B68597D4D4B59
:1063F0005B6818783346FCF796F810B14FF0FF3021
:10640000CBE70020C9E7F8B504460D46164616B995
:106410004FF0FF30F8BD4348807A10B94FF0FF309D
:10642000F8E720128DF80000E0B28DF801009DF829
:10643000010028443B4949684989884202DD4FF000
:10644000FF30E7E7374A1268117E364A5268107803
:106450006B460222FCF767F810B14FF0FF30D9E726
:10646000EAB2304B1B68597D2E4B5B681878334677
:10647000FCF7A8F810B14FF0FF30CBE70020C9E7D8
:106480002DE9F04385B005460E46904699462548CD
:1064900090F8250020B14FF0FF3005B0BDE8F08343
:1064A00016B94FF0FF30F8E7002423E0281B10282E
:1064B00001DD102000E0281B87B232193946204642
:1064C000FFF764FF10B14FF0FF30E6E701AA39464D
:1064D0002046FFF798FF10B14FF0FF30DDE730198D
:1064E0003A4601A901F001F910B16FF00100D4E7BB
:1064F000E01984B2AC42D9DB4FEA28208DF80000C5
:1065000008F0FF008DF80100064A1268917E054AE6
:10651000526810786B460222FCF705F838B103E0A8
:1065200070980008C40100204FF0FF30B5E701214A
:106530008A4880F82510A0F826900020ADE7014693
:10654000864890F8240008700020704702464FF0FB
:10655000FF30704701464FF0FF307047F8B50546F1
:106560000F461446002C70D0B5F5FF5F01DDFF2605
:1065700005E0202D01DA012601E0C5F3471607B931
:106580000127282C02DD4FF0FF30F8BD7348407D15
:1065900028BB724890F8240038B10020FFF726FE8F
:1065A00001216E4880F8201003E000216B4880F83C
:1065B00020106A481630FFF754F868481830FFF783
:1065C00070F866481A30FFF790F864481C30FFF7FF
:1065D000B1F86248817A81771F30FFF705F9002012
:1065E000FEF772F90020FEF78DFC00208DF8000008
:1065F0005A4A12689178594A526810786B460122BB
:10660000FBF791FF10B14FF0FF30BEE740208DF84F
:106610000000524A1268D17B504A526810786B468B
:106620000122FBF780FF00B165E08DF800608DF876
:1066300001704A4A1268117A484A526810786B46CB
:106640000222FBF770FF08B155E047E00520FBF799
:106650000AFE4248407A072101EBC000C0B28DF823
:1066600000003E4A1268D1793C4A526810786B4665
:106670000122FBF758FF00B13DE020208DF800001B
:10668000012C03D100208DF801000EE0052C03DC65
:1066900001208DF8010008E0142C03DC02208DF8A5
:1066A000010002E003208DF801009DF801000721A0
:1066B00001EB8010C0B28DF80100284A1268917C6D
:1066C000264A526810786B460222FBF72CFF00B175
:1066D00011E0012121484175002056E71F4A16327A
:1066E000002103E0505C00B105E0491C0C29F9D3FE
:1066F0004FF0FF3049E7FF2018490872FF21174883
:106700004172C1724FF6FF71C181FF218172017424
:10671000012101730146887FFEF793F90F49C88A6A
:10672000FEF7EBFC0D49087EFEF7A5FC0B49488BF4
:10673000FEF7A9FB0949888BFEF751FC0749C87F82
:10674000FEF76CFB054890F8200010B10120FFF720
:106750004DFD002101484175002016E7C4010020CD
:1067600010B5C8234FF48062F74940F6F630FFF7C2
:1067700087FE10BD10B586B00446F4A000680390F3
:10678000F3A000680290F3A000680190F2A00068F6
:10679000009004F0030003A9085C8DF8140003A81E
:1067A000C4F3C101405C8DF8150003A8C4F3811146
:1067B000405C8DF8160004F0030002A9085C8DF817
:1067C000100002A8C4F3C101405C8DF8110002A8BA
:1067D000C4F38111405C8DF8120005AA032140F238
:1067E0002640FFF7D3FD18B14FF0FF3006B010BDC3
:1067F00004AA032140F22A40FFF7C8FD10B14FF070
:10680000FF30F3E7019805900098049004F004002D
:1068100058B19DF8140040F001008DF814009DF867
:10682000100040F001008DF8100004F0200058B175
:106830009DF8150040F001008DF815009DF811003D
:1068400040F001008DF8110004F4807058B19DF8FB
:10685000160040F001008DF816009DF8120040F07F
:1068600001008DF8120005AA03214FF48860FFF79C
:106870008DFD10B14FF0FF30B8E704AA032140F2BC
:106880003140FFF783FD10B14FF0FF30AEE7B34862
:1068900004810020AAE71FB50446B048007A00F042
:1068A000030054F820000190AC48007A00F0040086
:1068B00010B1019840420190A848007AC0F3C1008D
:1068C00054F820000290A548007A00F0200010B192
:1068D000029840420290A148007AC0F3811054F817
:1068E000200003909D48008900F4807010B1039847
:1068F000404203909A49019880FB0101800F40EAD1
:10690000810001909649029880FB0110820042EAC2
:10691000917002909249039880FB0110820042EA34
:10692000917003900198000E8DF800000198000C02
:106930008DF801000198000A8DF802000198C0B29C
:106940008DF803006A4604214FF47470FFF71EFDB2
:1069500018B14FF0FF3004B010BD0298000E8DF852
:1069600000000298000C8DF801000298000A8DF8D2
:1069700002000298C0B28DF803006A4604214FF469
:106980007570FFF703FD10B14FF0FF30E3E7039898
:10699000000E8DF800000398000C8DF8010003989C
:1069A000000A8DF802000398C0B28DF803006A4611
:1069B00004214FF47670FFF7E9FCCCE770B588B09E
:1069C000064601A8FEF7E9FEBDF804000021C90350
:1069D00041EA5045C4036148007A00F0030056F8CC
:1069E000200005905D48007A00F0040010B1059881
:1069F000404205905948007AC0F3C10056F8200083
:106A000006905648007A00F0200010B106984042E7
:106A100006905248007AC0F3811056F82000079083
:106A20004E48008900F4807010B1079840420790EA
:106A30000598C117A0FB042301FB043100FB0510DE
:106A4000810041EA927005900698C117A0FB0423CB
:106A500001FB043100FB0510810041EA92700690B1
:106A60000798C117A0FB042301FB043100FB0510AC
:106A7000810041EA927007900598000E8DF8080099
:106A80000598000C8DF809000598000A8DF80A0099
:106A90000598C0B28DF80B000698000E8DF80C001A
:106AA0000698000C8DF80D000698000A8DF80E006F
:106AB0000698C0B28DF80F000798000E8DF81000F0
:106AC0000798000C8DF811000798000A8DF8120045
:106AD0000798C0B28DF8130002AA0C214FF425705C
:106AE000FFF754FC08B070BD30B585B004461DA258
:106AF00007CA02AB07C3C82C03DD4FF0FF3005B057
:106B000030BDC82090FBF4F0401E85B2280A8DF8F5
:106B10000000E8B28DF801006A46022140F216201A
:106B2000FFF734FC10B14FF0FF30E8E702AA0C2168
:106B300040F6C120FFF72AFC10B14FF0FF30DEE72E
:106B4000064884810020DAE7989800084CCD6C0054
:106B50000CC92C00365676002646660068030020D5
:106B600009E3CA02FEF2ABC4AAF1DFDFBBAFDFDF8D
:106B70000146FC4880890880002070472DE9FC47C9
:106B800006460F4606F0070010B1B7F5C86F03DDE3
:106B90004FF0FF30BDE8FC87384601F00CF8814625
:106BA000F14900F039FE80466846FEF77AFD9DF80F
:106BB0000000022806D0042816D0082826D0102865
:106BC00048D135E04FF08D41404600F0F3FD81465D
:106BD00001F020F884B2E549404600F0EBFD814623
:106BE00001F018F885B238E04FF08C41404600F0D3
:106BF000E1FD814601F00EF884B2DD49404600F027
:106C0000D9FD814601F006F885B226E04FF08B41B0
:106C1000404600F0CFFD814600F0FCFF84B2D5492C
:106C2000404600F0C7FD814600F0F4FF85B214E055
:106C30004FF08A41404600F0BDFD814600F0EAFF7A
:106C400084B2CD49404600F0B5FD814600F0E2FF38
:106C500085B202E04FF0FF309CE700BF20128DF8B4
:106C60000400E0B28DF8050028128DF80600E8B2A5
:106C70008DF8070006F00100A0B101AA02214FF42F
:106C8000EA70FFF783FB10B14FF0FF3082E70DF1A0
:106C9000060202214FF49270FFF778FB10B14FF01B
:106CA000FF3077E706F00200A0B101AA02214FF4FD
:106CB000EC70FFF76BFB10B14FF0FF306AE70DF19E
:106CC000060202214FF49470FFF760FB10B14FF001
:106CD000FF305FE706F00400A0B101AA02214FF4E3
:106CE000EE70FFF753FB10B14FF0FF3052E70DF19C
:106CF000060202214FF49670FFF748FB10B14FF0E7
:106D0000FF3047E7002045E738B5044600200090F3
:106D100004F0010020B19DF8000040F03000009028
:106D200004F0020020B19DF8000040F00C0000903B
:106D300004F0040020B19DF8000040F00300009032
:106D40006A4601214FF4A470FFF720FB38BD38B527
:106D50000446012C01DA012402E0042C00DD0424A5
:106D6000601EC0B200906A46012140F24F10FFF74A
:106D70000DFB38BD38B50446052094FBF0F085B214
:106D800028128DF80000E8B28DF801006A46022151
:106D90004FF4EF70FFF7FAFA38BD38B50446052016
:106DA00094FBF0F085B228128DF80000E8B28DF85F
:106DB00001006A4602214FF4ED70FFF7E7FA38BD93
:106DC000F8B505460E464FF47A7095FBF0F000FBDF
:106DD00006F4200E8DF80000200C8DF80100200A2A
:106DE0008DF80200E0B28DF803006A4604214FF4EA
:106DF000AE70FFF7CBFAF8BD38B50446052094FB1A
:106E0000F0F084B220128DF80000E0B28DF801009D
:106E10006A4602214FF4AD70FFF7B8FA38BD38B5B5
:106E20000446052094FBF0F084B220128DF8000097
:106E3000E0B28DF801006A4602214FF4AC70FFF712
:106E4000A5FA38BD38B5044614B94FF0FF3038BD47
:106E50006A4604214FF45870FFF7D5FA10B14FF08D
:106E6000FF30F4E79DF8000000069DF8011040EAAD
:106E700001409DF8021040EA01209DF803100843EC
:106E800020600020E3E738B50446200E8DF80000AE
:106E9000200C8DF80100200A8DF80200E0B28DF878
:106EA00003006A4604214FF45870FFF76FFA38BDAB
:106EB00038B5044614B94FF0FF3038BD6A46042196
:106EC0004FF47170FFF79FFA10B14FF0FF30F4E705
:106ED0009DF8000000069DF8011040EA01409DF871
:106EE000021040EA01209DF80310084300EB8000E7
:106EF000800020600020E0E738B504461420B4FB91
:106F0000F0F4200E8DF80000200C8DF80100200A0E
:106F10008DF80200E0B28DF803006A4604214FF4B8
:106F20007170FFF733FA38BD38B5044664B12020DC
:106F30008DF8000028208DF8010030208DF8020027
:106F400038208DF8030004E0A3220421684600F0F5
:106F5000AEFB6A46042140F69E20FFF717FAFDF7C4
:106F600079FE38BD68030020000048430000404619
:106F70000000C045000040450000C04438B504464C
:106F800064B1C0208DF80000C2208DF80100C4203B
:106F90008DF80200C6208DF8030004E08B22042146
:106FA000684600F084FB6A46042140F69820FFF70B
:106FB000EDF9FDF74FFE38BD3EB504466CB1FDA1BD
:106FC000D1E900208968CDE9002002916A460921B3
:106FD0004FF49760FFF7DAF93EBDF9A2D2E900104D
:106FE0009268CDE9010200916A4609214FF4976049
:106FF000FFF7CCF9F0E73EB5044602208DF800001B
:10700000CA208DF80100E3208DF8020009208DF8D8
:1070100003006A4604216820FFF7B8F9A3208DF821
:10702000000004F0400048B1C0208DF80100C820E5
:107030008DF80200C2208DF8030006E0A3208DF831
:1070400001008DF802008DF8030004F4C07048B10F
:10705000C4208DF80400CC208DF80500C6208DF8E2
:10706000060006E0A3208DF804008DF805008DF8D9
:107070000600A3208DF807008DF808008DF80900A0
:107080006A460A2140F6A720FFF780F904F00300C2
:1070900018B120208DF8000002E0D8208DF8000003
:1070A0006A46012140F6B620FFF770F904F020008F
:1070B00018B10120FFF780FF02E00020FFF77CFFFE
:1070C00004F4C07008B304F4807060B1B2208DF88D
:1070D00000008B208DF80100B6208DF802009B2067
:1070E0008DF803000BE0B0208DF8000080208DF8B3
:1070F0000100B4208DF8020090208DF803006A464C
:10710000042140F6A220FFF741F904F0010020B36A
:10711000F8208DF800006A4601214FF40B60FFF75C
:1071200035F9FA210720FFF729FD0720FFF7ECFDCD
:107130000120FFF70CFE6420FFF71CFE4FF4FA70ED
:10714000FFF72BFEC821A148FFF73AFE2820FFF7E2
:1071500053FE0A20FFF763FE08E0D8208DF80000F8
:107160006A4601214FF40B60FFF710F904F00200AA
:1071700018B1D9208DF8000002E0D8208DF8000069
:107180006A46012140F23D70FFF700F904F0040067
:1071900018B10120FFF7F2FE02E00020FFF7EEFE3B
:1071A00004F0100018B10120FFF7BEFE02E000203D
:1071B000FFF7BAFE44F0080085494881FDF74AFD13
:1071C00000208349887304F0400018B10846807B92
:1071D000801D887304F4C07020B17D48807B801DC1
:1071E0007B49887304F0140020B17948807B10300B
:1071F0007749887304F0030020B17548807B001D37
:107200007349887300203EBD01467148408908805B
:10721000002070472DE9F0410446E07800F0C006F8
:10722000E07800F03F05607800F0010098B1EF10C1
:107230002846E91705EB5171C910A5EBC101491C9E
:1072400001F0FF086248006820B1614841460268C9
:107250003846904700BF607800F0080030B15C48C5
:10726000406818B1B0115A4A516888470020BDE8FB
:10727000F08110B586B0044656A207CA03AB07C317
:1072800057A207CA8DE80700012C09D0022C0ED1A5
:1072900003AA0B2140F68220FFF778F806B010BD54
:1072A0006A460B2140F68220FFF770F8F6E74FF0B0
:1072B000FF30F3E72DE9F04F8DB0074688461546BD
:1072C0009946DDE9166B0024002030804049887B18
:1072D0005A4605A9FEF7BDFB18B1601E0DB0BDE80A
:1072E000F08F3B48807A00F01400002861D09DF8B0
:1072F000140000069DF8151040EA01409DF8161094
:1073000040EA01209DF81710084328609DF81800F6
:1073100000069DF8191040EA01409DF81A1040EA55
:1073200001209DF81B10084368609DF81C000006B2
:107330009DF81D1040EA01409DF81E1040EA012012
:107340009DF81F100843A8609DF8200000069DF8D6
:10735000211040EA01409DF8221040EA01209DF8EA
:1073600023100843E86004F11000C4B22868001438
:107370000190686800140290A86800140390E868FF
:107380000014049001984043029901FB0100039905
:1073900001FB0100049901FB010ABAF1706F02DBE5
:1073A000BAF1885F22DDFDF755FC00203080401ED9
:1073B00094E721E0B8AAB38DB4980D355D000000C4
:1073C000B8AAAAAAB088C3C5C700000009E3CA02C8
:1073D00068030020D8B1B9F38BA391B609B4D900E2
:1073E000DAB1B9F38BA391B6DAB4DA00B6F90000DA
:1073F00040F48070308000BF7848807A00F0400010
:1074000020B305A9601C085C095D40EA012000B2B8
:10741000A8F8000005A9E01C095C05AAA01C105CE6
:1074200041EA002000B2A8F8020005A9601D095C2D
:10743000201D105C41EA002000B2A8F80400A01D45
:10744000C4B2B6F9000040F00800308063484089BB
:1074500000F4C07008B305A9601C085C095D40EA2F
:10746000012000B2388005A9E01C095C05AAA01C17
:10747000105C41EA002000B2788005A9601D095C1B
:10748000201D105C41EA002000B2B880A01DC4B2EB
:10749000B6F9000040F0700030805048807A00F06B
:1074A000030018B105A90819FFF7B4FE4846FAF71A
:1074B000E6FE002012E701464848016000207047C0
:1074C00001464648416000207047014691F900207E
:1074D000002A01DD00201EE091F90020002A01DAD7
:1074E000042018E091F90120002A01DD012012E0BA
:1074F00091F90120002A01DA05200CE091F902201F
:10750000002A01DD022006E091F90220002A01DABA
:10751000062000E00720704770B505462846FFF7B3
:10752000D4FF0446E81CFFF7D0FF44EAC00084B251
:10753000A81DFFF7CAFF44EA801084B2204670BD40
:1075400070B588B002A905A8FEF795FE0446032C85
:107550003FD101A8FEF704F9059800F023FB064689
:10756000019900F027F9054600F03BFB05900698CD
:1075700000F018FB0646019900F01CF9054600F0E2
:1075800030FB0690079800F00DFB0646019900F0CD
:1075900011F9054600F025FB079005A8FFF77BF9D8
:1075A0006846FEF7FAF8BDF80010029848430290CA
:1075B000BDF80010039848430390BDF800100498EC
:1075C0004843049002A8FFF7F9F905A0FDF735F844
:1075D00002E00CA0FDF731F808B070BD6803002090
:1075E00073657474696E6720626961732073756373
:1075F00063657366756C6C79202E2E2E2E2E2E0AE6
:10760000000000006269617320686173206E6F740E
:10761000206265656E206D6F646966696564202E01
:107620002E2E2E2E2E0A00002DE9F0410024061BDE
:10763000254671F1000605DA01240027D0EB07008A
:1076400067EB0101161E73F1000605DA0027D2EB85
:107650000702012567EB030300F062FB86460E4636
:1076600017469C46AC4204D00025D0EB050E65EBD6
:10767000010624B10020D2EB000760EB030C70463A
:1076800031463A466346BDE8F08140EA01039B0774
:1076900003D009E008C9121F08C0042AFAD203E087
:1076A00011F8013B00F8013B521EF9D27047D2B2EB
:1076B00001E000F8012B491EFBD270470022F6E7DB
:1076C00010B513460A4604461946FFF7F0FF204658
:1076D00010BD421E12F8013F002BFBD111F8013BF7
:1076E00002F8013B002BF9D1704730B50446002069
:1076F000034600E05B1C934203D2E05CCD5C401B80
:10770000F8D030BDF0B480EA0102D40F4200B2EBF1
:10771000410F02D20246084611464A0042D0C30D2C
:10772000DDB2C1F3C752AD1A202D35DAC1F316010F
:1077300041F4000204B15242C5F1200602FA06F1FA
:107740002A411044B3EBD05F23D0C4B1012DA0EB8C
:10775000C35009DCF0BC4FF0004202EAC352DBB276
:1077600000F5000000F037BB400000F1807000EB36
:10777000C350A0F1807040EAD170490009E0490887
:1077800041EAC071A0EBC35000F50000400800EBD7
:10779000C350F0BC00F016BB6142012202EB410174
:1077A000001BF6E7F0BC704781F00041AAE780F0CB
:1077B0000040A7E780EA010210B502F00043400054
:1077C00022D04A001FD0010E01EB1261C0F3560017
:1077D000C2F3560240F4000042F40002A0FB022073
:1077E00000047F39140400D0401C50EA124001D438
:1077F0004000491EC2B20C0604EBD010401C4008E9
:10780000802A02D003E0002010BD20F001000029F2
:1078100000DA0020184310BD30B480EA010202F003
:10782000004530F0004221F0004013D090B1C30D6C
:10783000D40DC2F31601C0F31600E41A41F400019E
:1078400040F400027D34914201D3641C00E0490001
:10785000002C02DA30BC002070474FF400000023F7
:10786000914201D3891A034340084FEA4101F7D1FD
:1078700051B1914202D14FF0004105E002D24FF0E8
:10788000010101E06FF0010103EBC450284430BC5A
:1078900000F098BA2DE9FE4F804681EA0300C00F40
:1078A0000C46009021F0004123F00045B8EB0200A7
:1078B000A94105D24046214690461C460B46024649
:1078C00023F00040104347D0270DC7F30A00C3F34D
:1078D0000A510290401A019040286BDAC3F313005A
:1078E00040F4801B0098924620B10023D2EB030A9B
:1078F00063EB0B0B01985946C0F14002504600F073
:1079000040FA06460D4650465946019A00F048FA9C
:1079100010EB08006141002487EA115284EAE77302
:107920001A4340D0009A62B3019A012A4FEA0752E3
:1079300015DC001B61EB02014FF0004202EA075226
:10794000CDE90042001C41F5801132462B4600F083
:107950007FFA03B0BDE8F08F40462146F9E7001BEF
:1079600061EB0201001C41F5801300185B412018F7
:10797000A2F5001747EB030140EAD570B6196D4137
:1079800011E06D084FEA360645EAC0754FEA075226
:10799000001B61EB0201001C41F5801149084FEA10
:1079A00030000019514132462B4603B0BDE8F04F7C
:1079B00000F03FBA0098012240000023D0EB020201
:1079C00063EBE073009821464FEAE074B8EB0000E7
:1079D00061EB0401E9E783F000435BE781F00041DC
:1079E00058E72DE9FE4F81EA030404F0004421F03A
:1079F000004100944FF0000B23F0004350EA0104D3
:107A00005ED052EA03045BD0C3F30A54C1F30A55B3
:107A10002C44A4F2F3340194A0FB0254C1F31301EB
:107A200041F48011C3F3130343F4801301FB0244B8
:107A300000FB034E840A970A44EA815447EA8357BD
:107A4000A4FB076802958D0A05FB07854FEA932C76
:107A500004FB0C542705029D4FEA065847EA1637E7
:107A6000B5EB08056EEB070C870E920E47EA8117FF
:107A700042EA8312A7FB0201B6EB0B0164EB0004A0
:107A80002B0D43EA0C335E1844EB1C50DA4651468A
:107A9000E7FB0201C5F313044FEA0B3343EA145327
:107AA0004FEA0432019C43EA0603A4F10C04029459
:107AB000009CCDE900B400F0CBF903B0BDE8F08F35
:107AC00000200146F9E72DE9F04D81EA030404F0B6
:107AD000004B21F0004514464FF0000A23F000410E
:107AE00050EA050220D054EA01021DD0C5F30A571E
:107AF0000246C5F31303C1F31300C1F30A5640F461
:107B0000801543F48013A7EB0608101BD64608F235
:107B1000FD3873EB050002D308F1010801E092186B
:107B20005B41B8F1000F03DA00200146BDE8F08D9B
:107B300000204FF48011064684460EE0171B73EBBD
:107B4000050705D3121B63EB050306434CEA010C42
:107B500049084FEA300092185B4150EA0107EDD125
:107B600052EA030012D082EA040083EA05010843C6
:107B700005D0101BAB4106D20122002306E00022F3
:107B80004FF0004302E06FF0010253101AEB0600C1
:107B90004CEB085110EB0A0041EB0B01BDE8F04D36
:107BA00000F047B9C10F80EAE0700844CA07962385
:107BB000002100F010B996230022114600F00BB905
:107BC0000EB5C10F80EAE0700844CA07002140F2F8
:107BD00033438DE80E000A460B4600F039F903B036
:107BE00000BD00F0004220F00040C10DC0F31600BF
:107BF00040F400007F2901DA00207047962903DC59
:107C0000C1F19601C84001E096398840002AF4D0BD
:107C10004042704720F00040C10DC0F3160040F410
:107C200000007F2901DA00207047962903DCC1F1AA
:107C30009601C840704796398840704700F000426E
:107C400030F000400AD0C10D01F56071C0F316009C
:107C500042EA0151C2084007114370470020014623
:107C60007047000030B5041E71F1000404DB4FF0D2
:107C70000044404264EB0101141E73F1000405DB73
:107C80001C464FF00043524263EB04038B4208BF93
:107C9000824230BD01F0004330B421F0004150EA8F
:107CA000010206D00A0DA2F56072C1F31301002A89
:107CB00002DC30BC00207047440F44EAC104C1001C
:107CC000E01830BC00EBC25000F07CB8002801DBAB
:107CD000C0F10040002901DBC1F100418142704741
:107CE000002801DBC0F10040002901DBC1F10041A7
:107CF0008842704730B50B460146002020220124FF
:107D000009E021FA02F59D4205D303FA02F5491B69
:107D100004FA02F52844151EA2F10102F1DC30BD7F
:107D20002DE9F05F0546002092469B4688460646B0
:107D3000814640241BE0284641464746224600F043
:107D40002FF953465A46C01A914110D3114618468E
:107D5000224600F016F82D1A67EB01084F4622461E
:107D60000120002100F00DF817EB00094E41201E04
:107D7000A4F10104DFDC484631462A464346BDE80B
:107D8000F09F202A04DB203A00FA02F1002070471D
:107D90009140C2F1200320FA03F319439040704749
:107DA000202A06DBCB17203A41FA02F043EAE073BF
:107DB00006E041FA02F3D040C2F1200291400843AC
:107DC000194670470029A8BF7047401C490008BFEA
:107DD00020F00100704710B4B0FA80FC00FA0CF0FB
:107DE00050EA010404BF10BC704749B1CCF1200433
:107DF00021FA04F411FA0CF118BF012121430843C0
:107E0000A3EB0C01CB1D4FEA00614FEA102042BFEB
:107E1000002010BC704700EBC35010440029A4BFE1
:107E200010BC7047401C490008BF20F0010010BC86
:107E3000704710B5141E73F1000408DA401C41F1BC
:107E4000000192185B411A4301D120F0010010BDDE
:107E50002DE9F04D92469B4611B1B1FA81F202E054
:107E6000B0FA80F220329046FFF78BFF04460F46AF
:107E700040EA0A0041EA0B0153465A46084313D030
:107E8000114653EA010019D0C8F14002504600F0F3
:107E900087F805460E46504659464246FFF771FFA1
:107EA000084305D0012004E020463946BDE8F08DA6
:107EB0000020054346EAE0762C4337430A986305E1
:107EC000E40AA0EB08000022FD0A44EA47540A3005
:107ED00002D500200146E9E7010510196941DDE9F5
:107EE000084500196941BDE8F04DA2E770B521F0E1
:107EF000004303430CD0C1F30A550024D5EB04051D
:107F000064EB0403D617AD1AB34102DB002001462F
:107F100070BD201841EB025170BDC1F30A52C1F38C
:107F2000130140F2FF3341F480119A4202DA00203B
:107F30000146704740F233439A42A2F2334202DCD8
:107F4000524200F02DB8FFF71CBF000030B5041EF0
:107F500071F1000404DB4FF00044404264EB010186
:107F6000141E73F1000405DB1C464FF0004352421F
:107F700063EB0403994208BF904230BD064C074DA5
:107F800006E0E06840F0010394E8070098471034E9
:107F9000AC42F6D3F8F7AEF8F0A6000810A7000838
:107FA000202A04DB203A21FA02F00021704721FA4E
:107FB00002F3D040C2F120029140084319467047B5
:107FC0002DE9F04D00231A461B1A8A4103DB0020DD
:107FD0000146BDE8F08DC1F30A52C1F3130141F42B
:107FE00080154FF0000BD10702D100186D41521ED1
:107FF0000027044640F2FF11384601EB620A3E4674
:108000008046024600204FF48011FFF7C9FFC219D5
:108010007141BB1846EB0100B4EB030C75EB000C8F
:1080200004D3E41A65EB000517460E46241908F13F
:1080300001006D4180463428E3DDF91946EB060066
:10804000091BA84103D24FF0FF32134601E0002282
:1080500013461BEB070046EB0A51BDE8F04DFFF756
:10806000E8BE0EB540F2334102910021CDE9001186
:108070000A460B46FFF7ECFE03B000BD70B5C1F336
:108080000A5201F000450024C1F3130140F2FF330E
:1080900041F480119A4201DA002070BD40F233436E
:1080A0009A42A2F2334203DC5242FFF779FF00E02A
:1080B00090402C43F1D0404270BD70B58C1810F840
:1080C000015B15F0070301D110F8013B2A1106D11D
:1080D00010F8012B03E010F8016B01F8016B5B1E37
:1080E000F9D12B0705D40023521E0DD401F8013B12
:1080F000FAE710F8013BCB1A921C03E013F8015B7E
:1081000001F8015B521EF9D5A142D8D3002070BD01
:108110000FB4084B10B504A902AA039800F01AFC8A
:10812000044602A9002000F0ACFF204610BC5DF818
:1081300014FB000083900008490050EAC12018BFDA
:1081400004204A0D18BF40F0010040F2FF72B2EB6C
:10815000515F08BF40F00200012808BF05207047AA
:108160002DE9F74F144694B00021C4E90211159986
:10817000079121F00045C9498D4206DC1599C4E9F3
:10818000000117B00020BDE8F08FC549DFF814A347
:10819000A9423CDD0799C44E0029C44FC44A159931
:1081A000534619DDFFF717FC554506D0C14AC24BAF
:1081B000FFF711FCC4E900010AE04FF0D352BE4BB7
:1081C000FFF709FC32463B46FFF705FCC4E9000116
:1081D00017B00120BDE8F08FFFF75CFB554506D0D6
:1081E000B44AB54BFFF756FBC4E900010AE04FF073
:1081F000D352B14BFFF74EFB32463B46FFF74AFBEB
:10820000C4E9000117B04FF0FF30BDE8F08FAB4973
:10821000A942159978DB21F0004183468846A84A97
:10822000A84BFFF7DEFB0022A74BFFF733FBFFF75E
:1082300025FF0990FFF7C4FC06460F469C4A5346AB
:10824000FFF7CFFB43465A46FFF7C8FB80468A46F6
:10825000984A994B30463946FFF7C3FB2A0D012552
:108260000B9242465346FFF7B9FB032DC4E90001C8
:1082700039D00B98C1F30A51401A05EB4511113959
:10828000814230DA9148C346784400EB0510CDF8BE
:108290000CA00C90D0E9002330463946FFF7A1FB33
:1082A00002460B460491069058460399FFF793FB4C
:1082B00080468A4602460B4658460399FFF78BFBD9
:1082C000049B069AFFF787FB83460C980391394677
:1082D000D0E902233046FFF784FB5A46039BFFF7A1
:1082E0007AFB6D1CBDE707980028A2BF099817B05C
:1082F000BDE8F08F616881F000416160099817B0B6
:108300004042BDE8F08FFFE784461598C1F31301A2
:10831000C0F30A50A0F2F5304FEA601800F01F06D3
:10832000C6F12000139000200690079041F4801EB3
:1083300005206D4676B1664A08EB00017A4452F892
:10834000213002EB8101B3404A68139922FA01F10E
:10835000194305E05F4908EB0002794451F8221007
:10836000A1FB0E27A1FB0C131A449A4234BF012330
:10837000002303EB070A05EB8003D3E901B70F44A1
:108380008F4234BF0121002193448B4411B19345A6
:1083900002D903E0934501D2012100E00021C3E9A5
:1083A00001B7514445F82010011EA0F10100C1DCC5
:1083B0000298059F00F10050800F12900298DDE9AD
:1083C00003568000FFF7FCFB834628460D91FFF71C
:1083D00048FE6FF01D02FFF789FDCDE90E01304622
:1083E000FFF73FFE6FF03D02FFF780FD80468A46B3
:1083F0003846FFF736FE6FF05D02FFF777FD074660
:10840000424653461191FFF745FADDE90E23FFF787
:1084100041FA5A460D9BFFF73DFA00250E465A4693
:1084200028460D9BFFF7D7FADDE90E23FFF7D3FAB5
:1084300042465346FFF7CFFA3A46119BFFF7CEFA72
:10844000DFF898A0244A5346FFF7CBFA0746884640
:10845000234A244B31462846FFF7C3FA3A4643469F
:10846000FFF718FA074688464FF0A84253463146B0
:108470002846FFF7B6FA3A464346FFF70BFA159A35
:1084800012F0004F04D0129A81F000415242129231
:10849000C4E90001129817B0BDE8F08FFB21E93F55
:1084A0007CD90240FB21F93F7370032E8A19A33B4C
:1084B000000040543163621A61B4D03DFB21394160
:1084C00083C8C96D305FE43F0000E03F2423000013
:1084D000A022000082220000182D4454FB21F93D07
:1084E0003326A611460B113C2DE9FF4D21F0004823
:1084F00007460C46B8F1795F08DAFFF7BFFD0028A0
:1085000001BF0020324904B0BDE8F08D3A46234651
:1085100010461946FFF765FA054602462D480E46F5
:108520000B460621784400F05DF82A463346FFF7F3
:1085300058FADDE9022382468B4638462146FFF78A
:1085400050FA04460F4652465B4628463146FFF72E
:1085500048FA22463B46FFF73EFA07468A464FF066
:10856000FF3228463146FFF7C1FC1B4A90450ADA24
:108570003A465346FFF72FFA04B00022BDE8F04D0B
:10858000134BFFF72BBA154A4245A8BFA8F50015B3
:108590004FF00004B8BF124D22462B46FFF71BFADE
:1085A0000646884622462B4600200949FFF713FA63
:1085B00004460D463A46534630464146FFF70BFA0D
:1085C00004B022462B46BDE8F04DFFF707BA000085
:1085D0000000F03F502000003333D33F0000E93F5C
:1085E0000000D23F2DE9F0414F1E00EBC7010446C9
:1085F000D1E9000115461E4637F006020DD02A4685
:108600003346FFF7EEF97F1E04EBC703D3E90023DF
:10861000FFF740F937F00602F1D1022F25D0042FE1
:1086200013D0062F18BFBDE8F0812A463346FFF766
:10863000D8F9D4E90A23FFF72DF92A463346FFF784
:10864000D0F9D4E90823FFF725F92A463346FFF786
:10865000C8F9D4E90623FFF71DF92A463346FFF788
:10866000C0F9D4E90423FFF715F92A463346FFF78A
:10867000B8F9D4E90223FFF70DF92A463346FFF78C
:10868000B0F9D4E90023BDE8F041FFF703B90000D9
:108690002DE9FF4D054621F0004084B00C46B0F1B5
:1086A000795F0BDA2846FFF747FD042808BF00F082
:1086B00071F8284608B02146BDE8F08D2A460B46E1
:1086C0001046FFF78EF906460F462A462346FFF767
:1086D00088F9804626488A4632463B46052178443A
:1086E000FFF780FF83461098029160B3214A224B26
:1086F00040465146FFF775F9CDE900015A4640461C
:108700005146029BFFF76DF982468846DDE9060176
:108710004FF0FF32FFF7EAFB52464346FFF75BF9A3
:1087200032463B46FFF75DF9DDE90623FFF753F9D3
:10873000DDE90023FFF74FF908B02A462346BDE8DC
:10874000F04DFFF74BB90B465A4630463946FFF716
:1087500048F9084A084BFFF79DF842465346FFF791
:1087600040F908B02A462346BDE8F04DFFF792B81D
:10877000961F0000495555555555C5BF0122FFF7B5
:10878000B5BBFFF787B80022134610461146FFF726
:108790009AB90000024A00201107FFF7A7BB0000AA
:1087A00001FDFFFF02E008C8121F08C1002AFAD12C
:1087B00070477047002001E001C1121F002AFBD161
:1087C000704700000149086070470000F001002078
:1087D0002DE9FF5F82B00021DDE90430020DDDF8F4
:1087E00040B0034318D044F61050A2F2FF32424387
:1087F0001514119801281FD0A5EB0B00401C5FEA4F
:10880000000A4FF000064E4FDFF83891B046504650
:1088100015D5CAF1000413E0119801244AA30128D8
:1088200001D16FEA0B010298119AC0E90031C0E949
:10883000024206B0BDE8F09FCBF10000DFE704463E
:108840000021404A491842EB0450CDE9001012E0E3
:10885000E00707D032463B4640464946FFF7C1F89D
:108860008046894632463B4610461946FFF7B9F81E
:1088700006460F466410002CEAD1DDE90401DDE96B
:108880000023BAF1000F06DAFFF7ABF842464B4679
:10889000FFF7A7F805E0FFF716F942464B46FFF74A
:1088A00012F904460E460022284BFFF74FFB03D86F
:1088B0004FF0FF30014607E00022254B20463146AD
:1088C000FEF7E8FFFFF729FB102409E0002C0ADB84
:1088D0000A220023FFF724FA039B30321A55641E44
:1088E00050EA0102F2D1641C039AC4F1110314444A
:1088F000119A012A03D0012208430DD10AE008434E
:1089000004D000204FF0110B119072E7A3EB0B0580
:108910006D1E0DE05B4504DD4FF0000205F1010521
:1089200004E003DA4FF00002A5F10105002AECD0C3
:1089300002981199C0E90231C0E9004579E70000C9
:10894000000014400000F03F300000000000F04341
:108950000000E03F2DE9FF4F95B09B468946064653
:1089600000250FE2252877D100242746F84A012167
:10897000059400E0044316F8013F203B01FA03F0A0
:108980001042F7D130782A2811D06FF02F033078B9
:10899000A0F13002092A16D8059A44F0020402EB2D
:1089A000820203EB42021044761C0590EFE759F86F
:1089B000042B0592002A03DA504244F40054059037
:1089C00044F00204761C30782E2816D116F8010FD8
:1089D00044F004042A280DD06FF02F023078A0F163
:1089E0003003092B09D807EB870302EB4303C718B1
:1089F000761CF3E759F8047B761C30786C280FD08E
:108A000006DC4C2817D068280DD06A2814D104E061
:108A1000742810D07A280FD10DE044F400140AE035
:108A200044F4801401E044F440147278824202D18C
:108A300004F58014761C761C307866280BD013DC85
:108A4000582877D009DC002875D04528F6D046286C
:108A5000F4D047281AD19DE118E0632835D0642866
:108A600079D0652812D195E1702873D008DC672889
:108A7000F1D069286FD06E280DD06F2806D1B5E0EF
:108A800073282CD0752875D0782874D05A46179939
:108A900090476D1C75E1C4F30250022809D00328E9
:108AA0000DD0D9F8001004280DD00D6009F104098B
:108AB00067E1D9F80010EA17C1E90052F6E7D9F8E2
:108AC00000100D80F2E70D70F0E719F8041B8DF827
:108AD000001000208DF80100EA46012003E059F85B
:108AE00004AB4FF0FF3061074FF0000102D40DE0FE
:108AF00008F101018846B9420FDA8045F8DB1AF81F
:108B000008100029F4D108E008F1010188468142EB
:108B1000FADB1AF808100029F6D105985B46A0EB9D
:108B2000080721463846179A00F094FA284400EBCB
:108B3000080507E04DE029E10DE01AF8010B5A465F
:108B400017999047B8F10108F7D25B46214638469D
:108B5000179A13E142E00A220092C4F302524FF046
:108B6000000A022A08D059F804CB032A4FEAEC7114
:108B70000AD00DE029E02AE009F1070121F00702FF
:108B8000F2E802C1914609E00FFA8CFC4FEAEC7161
:108B9000042A03D14FFA8CFC4FEAEC71002907DA62
:108BA0000A460021DCF1000C61EB02012D2202E0FB
:108BB000220504D52B228DF80420012203E0E207D0
:108BC00001D02022F7E7904659E00A2102E0102266
:108BD0000DE010214FF0000A00910BE010224FF041
:108BE000000A44F004040827009203E008224FF032
:108BF000000A0092C4F30252022A05D059F804CBAD
:108C00000021032A08D009E009F1070121F0070239
:108C1000F2E802C1914605E01FFA8CFC042A01D15A
:108C20000CF0FF0C4FF00008220728D5702806D062
:108C3000009B83F0100353EA0A0305D00EE04022A4
:108C40008DF80420012208E05CEA010206D03022FF
:108C50008DF804208DF8050002229046009B83F0D9
:108C6000080353EA0A030AD15CEA010201D1620750
:108C700005D530228DF804204FF001087F1E5828BA
:108C800004D034A003900EA802900DE036A0F9E7BE
:108C900053466046009AFFF743F884460398825C87
:108CA0000298401E029002705CEA0100F0D1029826
:108CB00006A9081A00F1200A600702D524F48034BE
:108CC00000E00127574502DDA7EB0A0000E0002085
:108CD00000EB0A01009005984144401A0590E0031A
:108CE00006D45B462146179A059800F0B3F905446F
:108CF000002706E001A85A46C05D179990476D1CF1
:108D00007F1C4745F6DBE0030CD55B462146179AEE
:108D1000059800F09FF9054404E030205A46179961
:108D200090476D1C0099481E00900029F5DC08E072
:108D3000029802995A460078491C02911799904767
:108D40006D1CBAF10001AAF1010AF1DC65E1000035
:108D50000928010030313233343536373839616211
:108D600063646566000000003031323334353637D5
:108D700038394142434445460000000000F058F9AC
:108D80000544761C307800287FF4ECAD19B02846F5
:108D9000BDE8F08F620700D4062709F1070222F030
:108DA000070CFCE80223E14603F000485FEA080CE8
:108DB00002D00FF2702C0DE05FEA045C02D50FF2D6
:108DC000682C07E05FEAC47C02D00FF2602C01E05F
:108DD000AFF2700C4FF0FF3823F00043CDF850C0D5
:108DE00065280CD006DC452809D046281DD0472828
:108DF0003DD13DE0662818D067287ED138E00021BB
:108E0000112F01DB112000E0781CCDE9000106A93B
:108E10000EA8FFF7DDFCDDE90F010E9A039100219A
:108E2000009207F1010A04914DE04FF000400097D5
:108E3000CDE9011006A90EA8FFF7CAFCDDE90F0273
:108E400003920E9B11990022DDF80CA0009304926E
:108E500011B9791C00EB010AB7EB0A0004D4C0F188
:108E6000FF3007F1010A0490AAEB0700019044E0EB
:108E7000012F00DA01270021112F01DD112000E070
:108E80003846CDE9000106A90EA8FFF7A1FCDDE9EF
:108E90000F010E9A0391002104910092BA46210716
:108EA0000CD40399514500DA8A46BAF1010F05DD69
:108EB000009AAAF10101515C302908D0B84202DAC7
:108EC00010F1040F06DA0121CDE9011015E0AAF135
:108ED0000101E9E7002805DC049901440491AAEBAB
:108EE000000102E0411C514500DD8A460499401A08
:108EF000401C01904FF000400290200704D40198DC
:108F0000504501DBCDF8048000208DF84F00029819
:108F10000DF14F07B0F1004F25D02B200E90029895
:108F20004FF0020800280CDA404202902D200E90EB
:108F300007E00A210298FEF7DDFE3031029007F8C3
:108F4000011DB8F10001A8F10108F2DC0298002827
:108F5000EFD1791E0E980870307800F0200040F0B4
:108F6000450007F8020D12A8C01B00F1070814986D
:108F7000007800B1012000EB0A01019801EBE071DB
:108F800005984144401A401E0590E00306D45B4614
:108F90002146179A059800F05DF80544149800786A
:108FA00018B15A46179990476D1CE00324D55B46CB
:108FB0002146179A059800F04DF805441CE00498E6
:108FC000002807DBDDE90301884203DD0098405CEF
:108FD000179901E0179930205A469047049805F1F7
:108FE0000105401C04900198401E019004D12E20E0
:108FF0005A46179990476D1CBAF10001AAF1010A6F
:10900000DDDC05E017F8010B5A46179990476D1CF7
:10901000B8F10001A8F10108F4DC5B462146179A7B
:109020000598ABE62D0000002B000000200000009A
:109030002DE9F041044600251E461746880404D455
:1090400005E039462020B0476D1C641EF9D528463E
:10905000BDE8F0812DE9F041044600251E4690460A
:10906000C80301D5302700E02027880404D505E097
:1090700041463846B0476D1C641EF9D52846BDE808
:10908000F0810A68531C0B60107070472DE9F04D99
:109090008D4F21F0004A86B005460C46BA452ADBC2
:1090A000AAEB070028430AD08848824501DC1AD180
:1090B000CDB106B02846BDE8F04DFFF75FBB844A4E
:1090C000844B2846FEF78DFC07460E46824A834BAA
:1090D00028462146FEF785FC06B03A463346BDE8F1
:1090E000F04DFEF7D7BB0120FFF76CFB06B0BDE8E3
:1090F000F04DFFF748BB7A48824542DABAF1795F12
:109100000BDA2846FFF718F8042808BFFFF742FBE0
:10911000284606B02146BDE8F08D2A460B4610468B
:10912000FEF75FFC834602466E480E460B4606215C
:109130007844FFF757FA5A463346FEF752FC80460A
:1091400069488A465A46334604217844FFF74AFA6A
:109150005A463346FEF745FC00223B46FEF79AFB93
:1091600002460B4640465146FEF7ADFC2A462346D2
:10917000FEF737FC06B02A462346BDE8F04DFEF761
:1091800089BB284624F0004100223D463B46FEF7BD
:1091900025FC4FF0FF32FEF7A9FE06460246534873
:1091A0000F460B4606217844FFF71CFA32463B4631
:1091B000FEF717FCCDE900014D4832463B4604213D
:1091C0007844FFF70FFA32463B46FEF70AFC0022CE
:1091D0002B46FEF75FFB834602913046394600F08E
:1091E000FBFA804643480D46504517DCDDE9000197
:1091F0005A46029BFEF767FC42462B46FEF7F1FB00
:1092000042462B46FEF746FB0122FEF76FFE304A30
:10921000304BFEF7E0FB304A304B4CE04FF0000A99
:1092200052460B464046FEF735FBCDE90310524649
:109230002B4610461946FEF7D4FB32463B46FEF756
:10924000CDFBDDE90332FEF73EFC06460F46DDE9C5
:1092500000015A46029BFEF736FC8346009101222C
:1092600030463946FEF742FE194A1A4BFEF7B6FB66
:1092700006460F46012240462946FEF737FE5A466B
:10928000009BFEF7AEFB32463B46FEF7A4FB0646CC
:109290000F46012250462946FEF728FE0E4DDFF804
:1092A00058802A464346FEF799FB32463B46FEF776
:1092B00095FB2A464346FEF791FB002CD8BF81F070
:1092C000004106B0BDE8F08D0000F03F0000F07FE7
:1092D000075C143326A6913C182D4454FB21F93F1A
:1092E0000000E03F5C13000072130000E612000073
:1092F000FC1200003333EF3FFB21E93F2DE9F84F2B
:1093000004460D4621F0004000917349814211DC72
:109310007249884201DC06D12CB120462946BDE8BD
:10932000F84FFFF72BBA6E48002DCCBF6D496E4940
:10933000BDE8F88F6D49814211DD6D498142D8BF8A
:109340004FF0FF366DDD20462946FEF7F5FE042876
:1093500008BFFFF71FFA20462946BDE8F88F654988
:10936000654F25F00045814233DD6449814219DDB6
:10937000002632464FF0804320462946FEF78AFAFF
:1093800080468A46012220462946FEF7AFFD00228C
:109390003B46FEF720FB42465346FEF794FB04464D
:1093A0000D463EE001260022BA463B4620462946AD
:1093B000FEF770FA80460F460022534620462946A3
:1093C000FEF709FB42463B46FEF77DFB04460D4691
:1093D00027E04B4981421BDDDFF828A1022600224D
:1093E000534620462946FEF7FCFA00223B46FEF78C
:1093F00051FA80460F460022534620462946FEF782
:10940000EAFA42463B46FEF75EFB04460D4608E09C
:10941000032622462B4600203B49FEF754FB044618
:109420000D4622462B4610461946FEF7DAFA8B46C1
:10943000824602460B46FEF7D4FA074602463348F8
:1094400088460B4606217844FFF7CCF852465B4627
:10945000FEF7C7FA82462E488B463A464346052118
:109460007844FFF7BFF83A464346FEF7BAFA024699
:109470000B46002E504659460CDAFEF70BFA2246F0
:109480002B46FEF7AEFA01B022462B46BDE8F04F60
:10949000FEF7A4BAFEF7FEF922462B46FEF7A1FA24
:1094A0001C4A7A4402EBC603D3E90023FEF793FA81
:1094B00022462B46FEF78FFA174A7A4402EBC60380
:1094C000D3E90023FEF78AFA009A002AB8BF81F098
:1094D0000041BDE8F88F0000000010440000F07F5C
:1094E000182D4454FB21F93FFB21F9BF0000DC3F5C
:1094F0000000203E0000F33F0000F03F0000E63F88
:10950000008003400000F83F0000F0BFFE100000A4
:10951000BC1000005A100000221000002DE9F04D90
:109520009446CCF1000423F000464CEA0404524F68
:1095300046EAD4749A46884621F00042BC4206D8D6
:10954000454240EA050442EAD474BC4204D9BDE86D
:10955000F04D6246FFF715B9AAF14055A5F17F65B8
:1095600055EA0C040BD0022404EAAA74434DDFF838
:1095700010E144EAD87452EA000B04D00CE0BDE8D4
:10958000F04DFFF7BBBE002C14BF012CBDE8F08DE1
:10959000022C30D0032C32D056EA0C0B0AD0BE423B
:1095A00020D1BA4209D126F0804622F080423346CB
:1095B000114617E000291ADB25E0DFF8C8B0FB44AC
:1095C000002C04BFDBE90001BDE8F08D012C02BFD7
:1095D000DBE9000181F00041BDE8F08D022C0AD0EA
:1095E000032C0CD0BA4212D1B8F1000F0BDA234889
:1095F0002549BDE8F08D28462449BDE8F08D284670
:109600007146BDE8F08D1D482149BDE8F08D921BE3
:1096100012153C2AC4BF19481D490EDCBAF1000FCF
:10962000BEBF12F13C0F0020014606DB6246FEF78A
:109630004AFA21F00041FFF761FE002C08BFBDE8A7
:10964000F08D012C04BF81F00041BDE8F08D114A7E
:10965000114B022C07D0FEF7BEF92A46BDE8F04DAB
:109660000A4BFEF7B8B9FEF7B6F92A46BDE8F04D49
:10967000064BFEF7B3B900000000F07F182D4454EC
:10968000FB2109C0E60F0000FB21F9BFFB210940C7
:10969000FB21F93F075C143326A6A13C00B5244BFF
:1096A00021F0004287B09A42DCBF0022134629DD38
:1096B000204B9A4208D140B94FF00100FFF782F8E1
:1096C000FFF761F807B000BD03DBFFF757F807B0FD
:1096D00000BD02AAFEF744FD10F0030104BF0DF126
:1096E000080C9CE80F000DD0012001290ED00229A2
:1096F00014D00DF1080C00909CE80F00FEF7C8FF95
:1097000007B000BDFEF7F0FE07B000BD0DF1080C7C
:1097100000909CE80F00FEF7BBFF05E00DF1080C80
:109720009CE80F00FEF7E0FE07B081F0004100BDAD
:10973000FB21E93F0000F07F00B5254B21F00042FE
:1097400087B09A4203DC0022134600922BE0214BA3
:109750009A4208D140B94FF00100FFF733F8FFF704
:1097600012F807B000BD03DBFFF708F807B000BD33
:1097700002AAFEF7F5FC10F003014FF001000DD036
:10978000012914D002291AD00DF1080C9CE80F0011
:10979000FEF7AAFE07B081F0004100BD0DF1080CF4
:1097A00000909CE80F00FEF773FF07B000BD0DF1BD
:1097B000080C9CE80F00FEF797FE07B000BD0DF106
:1097C000080C00909CE80F00FEF762FFE2E7000043
:1097D000FB21E93F0000F07F2DE9F04106460F46EE
:1097E000FEF7EEFB041E0D4618BF0120284320F0B3
:1097F0000040C0F17F6000F1E040C00F0ED0301C8F
:1098000018BF0120384320F00040C0F17F6000F114
:10981000E040C00F04BF0120FEF7D4FF20462946D8
:10982000BDE8F0810000000000000000004065403D
:10983000B81E85EB51B8CE3F00000000000012407A
:10984000B81E85EB51B8BE3F680000047600540195
:10985000F7FD000175191A0C6A231B1C1F20727476
:10986000433B4138393A6B6C376F06246D6E70009C
:10987000830000000008000000010018320005000D
:10988000000020410000D242295C0F3E9A99993E87
:109890003333733F295C0F3E00007000000000244A
:1098A000000000020003000000650054FFEF00000C
:1098B000FA80000B12820001030C30C30E8C8CE97D
:1098C00014D5400213710F8E3883F8833000F8836B
:1098D000258EF8833000F883FFFFFFFF0FFEA9D627
:1098E000240004001A8279A10000003CFFFF000060
:1098F0000010000038836FA2003E033040000000DB
:1099000002CAE3093E8000002000000000000000C1
:109910004000000060000000000C0000000C186E09
:10992000000006920A16C0DFFFFF0256FD8CD377B7
:10993000FFE1C496E0C5BEAA00000000FFFF0B2BAC
:1099400000001657000003594000000000001DFAF7
:1099500000026C1D000000003FFFDFEB003EB3B6CD
:10996000000D227800002F3C00000000001942B5D5
:10997000000039A20000B365D90E9FC91DCF4C3439
:1099800030000000500000003BB67AE800640000A0
:1099900000C8000000000000100000001000FA9253
:1099A0001000225E000D229F000100000032000026
:1099B000FF46000063D400001000000004D6000041
:1099C00004CC000004CC0000000010720000004035
:1099D0000000000000000000000600020005000773
:1099E000000000000064000000000000000000050E
:1099F00000050064002000000000000000000000DE
:109A0000000040000000030000000032F898000051
:109A1000FF650000830F0000FF9BFC0000000000BA
:109A20000000000000000000000000000000000036
:109A30000000000000000000000000000000000026
:109A400000000000000010004000000000000006C0
:109A50000000B26A000200000001FB830068000001
:109A600000D9FC007CF1FF830000000000650000CD
:109A7000006403E8006400280000002500000000E6
:109A800016A000000000100000001000002F0000D1
:109A9000000001F40000100000280000FFFF4581D5
:109AA000FFFFFA7200000000000000000044000503
:109AB0000005BAC6004778A20000000100000000BF
:109AC00000000600000000140000254D002F706DFE
:109AD000000005AE000C02D00000000000000000F5
:109AE0000000000000000000001B0000000000005B
:109AF00000000000000000000064000000080000FA
:109B00000000000000000000000000000000000055
:109B10000000000000000000000000000000000045
:109B20000000000000000000000000000000000035
:109B30000000000000000000000000000000000025
:109B40000000000000000000000000000000000015
:109B50000000000000000000001B000000000000EA
:109B600000000000000E000E00000AC70004000004
:109B700000000032FFFFFF9C00000B2B00000002E2
:109B80000000000100000064FFE50000000000008C
:109B900000000000000000000000000100000000C4
:109BA00000010000000000000001800000018000B2
:109BB00000018000002426D3000000000000000007
:109BC000000600100096003C0000000000000000AD
:109BD00000000000000000000C0A4E68CDCF77099D
:109BE00050166759C619CE82000000000000000020
:109BF0000000000000000000000000000000000065
:109C000017D78400030000000000000000000000DF
:109C1000C7938F9D1E1B1C19000000000000000050
:109C20000000000000000000000000000000000034
:109C3000020318850000400000000003000000033C
:109C400000000000000000004000000000000000D4
:109C50000000000000000000000000000000000004
:109C600000000000000000000000000000000000F4
:109C7000000000000000000000000000677DDF7EA3
:109C800072902E554CF6E68800000000000000009F
:109C90000000000000000000D8DCB4B8B0D8B9ABB8
:109CA000F3F8FAB3B7BB8E9EAEF132F51BF1B4B840
:109CB000B08097F1A9DFDFDFAADFDFDFF2AAC5CD31
:109CC000C7A90CC92C97F1A989264666B28999A91A
:109CD0002D557DB0B08AA896365676F1BAA3B4B2A7
:109CE00080C0B8A89711B28398BAA3F02408441092
:109CF0006418B2B9B49883F1A329557DBAB5B1A35C
:109D00008393F0002850F5B2B6AA839328547CF1CF
:109D1000B9A3829361BAA2DADEDFDB819AB9AEF52C
:109D2000606870F1DABAA2DFD9BAA2FAB9A3829256
:109D3000DB31BAA2D9BAA2F8DF85A4D0C1BBAD830A
:109D4000C2C5C7B8A2DFDFDFBAA0DFDFDFD8D8F136
:109D5000B8AAB38DB4980D355DB2B6BAAF8C96196A
:109D60008F9FA70E161EB49AB8AA872C547CBAA44B
:109D7000B08AB691325676B28494A4C808CDD8B8C9
:109D8000B4B0F19982A82D557D98A80E161EA22C6C
:109D9000547C92A4F02C5078F184A898C4CDFCD8BF
:109DA0000DDBA8FC2DF3D9BAA6F8DABAA6DED8BA2C
:109DB000B2B68696A6D0F3C841DAA6C8F8D8B0B431
:109DC000B882A892F52C548898F135D9F418D8F1B6
:109DD000A2D0F8F9A884D9C7DFF8F883C5DADF691B
:109DE000DF83C1D8F40114F1A8824EA884F311D105
:109DF00082F5D992289788F109F41C1CD884A8F31D
:109E0000C0F9D1D99782F129F40DD8F3F9F9D1D954
:109E100082F4C203D8DEDF1AD8F1A2FAF9A8849836
:109E2000D9C7DFF8F8F883C7DADF69DFF883C3D86A
:109E3000F40114F198A8822EA884F311D182F5D9E7
:109E400092509788F109F41CD884A8F3C0F8F9D18E
:109E5000D99782F149F40DD8F3F9F9D1D982F4C434
:109E600003D8DEDFD8F1AD8898CCA809F9D9829261
:109E7000A8F57CF1883ACF944A6E98DB6931DAAD67
:109E8000F2DEF9D88795A8F221D1DAA5F9F417D92D
:109E9000F1AE8ED0C0C3AE82C684C3A88595C8A5D6
:109EA00088F2C0F1F4010EF18E9EA8C63E56F5541C
:109EB000F18872F40115F19845856EF58E9E04883F
:109EC000F142985A8E9E068869F4011CF1981E1181
:109ED00008D0F504F11E970202983625DBF9D985E2
:109EE000A5F3C1DA85A5F3DFD88595A8F309DAA52E
:109EF000FAD88292A8F578F1881A849F268898214A
:109F0000DAF41DF3D8879F39D1AFD9DFDFFBF9F43D
:109F10000CF3D8FAD0F8DAF9F9D0DFD9F9D8F40B84
:109F2000D8F3879F39D1AFD9DFDFF41DF3D8FAFC1E
:109F3000A869F9F9AFD0DADEFAD9F88F9FA8F1CC89
:109F4000F398DB45D9AFDFD0F8D8F18F9FA8CAF3DB
:109F50008809DAAF8FCBF8D8F2AD978D0CD9A5DF91
:109F6000F9BAA6F3FAF412F2D8950DD1D9BAA6F33C
:109F7000FADAA5F2C1BAA6F3DFD8F1BAB2B686967C
:109F8000A6D0CAF349DAA6CBF8D8B0B4B8D8AD8415
:109F9000F2C0DFF18FCBC3A8B2B68696C8C1CBC3DF
:109FA000F3B0B48898A821DB718D9D71859521D976
:109FB000ADF2FAD88597A828D9F408D8F28D29DA15
:109FC000F405D9F285A4C2F2D8A88D9401D1D9F4B0
:109FD00011F2D88721D8F40AD8F28498A8C801D100
:109FE000D9F411D8F3A4C8BBAFD0F2DEF8F8F8F872
:109FF000F8F8F8F8D8F1B8F6B5B9B08A95A3DE3C10
:10A00000A3D9F8D85CA3D9F8D87CA3D9F8D8F8F9A3
:10A01000D1A5D9DFDAFAD8B18530F7D9DED8F83052
:10A02000ADDADED8F2B48C99A32D557DA083DFDFA5
:10A03000DFB591A0F629D9FBD8A0FC29D9FAD8A080
:10A04000D051D9F8D8FC51D9F9D879D9FBD8A0D0BA
:10A05000FC79D9FAD8A1F9F9F9F9F9A0DADFDFDF4B
:10A06000D8A1F8F8F8F8F8ACDEF8ADDE8393AC2CA4
:10A07000547CF1A8DFDFDFF69D2CDAA0DFD9FADB14
:10A080002DF8D8A850DAA0D0DED9D0F8F8F8DB55F2
:10A09000F8D8A878DAA0D0DFD9D0FAF8F8F8F8DB49
:10A0A0007DF8D89CA88CF530DB38D9D0DEDFA0D085
:10A0B000DEDFD8A848DB58D9DFD0DEA0DFD0DED87D
:10A0C000A868DB70D9DFDFA0DFDFD8F1A888902C8B
:10A0D000547C98A8D05C38D1DAF2AE8CDFF9D8B0D5
:10A0E00087A8C1C1B188A8C6F9F9DA36D8A8F9DAC3
:10A0F00036D8A8F9DA36D8A8F9DA36D8A8F9DA368F
:10A10000D8F78D9DADF818DAF2AEDFD8F7ADFA309A
:10A11000D9A4DEF9D8F2AEDEFAF983A7D9C3C5C750
:10A12000F1889BA77AADF7DEDFA4F8849408A7979F
:10A13000F300AEF29819A488C6A39488F632DFF231
:10A140008393DB09D9F2AADFD8D8AEF8F9D1DAF3D4
:10A15000A4DEA7F1889B7AD8F38494AE19F9DAAA21
:10A16000F1DFD8A881C0C3C5C7A39283F628ADDEAE
:10A17000D9F8D8A350ADD9F8D8A378ADD9F8D8F884
:10A18000F9D1A1DADEC3C5C7D8A18194F818F2B01D
:10A1900089ACC3C5C7F1D8B8B4B09786A8319B06BF
:10A1A0009907AB9728889BF00C201440B0B4B8F006
:10A1B000A88A9A285078B79BA829517924705944C5
:10A1C0006938644831F1BBAB88002C547CF0B38B08
:10A1D000B8A804285078F1B088B49726A85998BB3D
:10A1E000ABB38B02264666B0B8F08A9CA829517999
:10A1F0008B2951798A2470598B2058718A44693887
:10A200008B3940688A6448318B30496088F1AC00F2
:10A210002C547CF08CA804285078F1889726A859F3
:10A2200098AC8C02264666F0899CA8295179247046
:10A2300059446938644831A98809205970AB1138EC
:10A240004069A8193148608CA83C415C207C00F131
:10A2500087981986A86E767EA999882D557DD8B1E4
:10A26000B5B9A3DFDFDFAED0DFAAD0DEF2ABF8F9FD
:10A27000D9B087C4AAF1DFDFBBAFDFDFB9D8B1F156
:10A28000A3978E60DFB084F2C8F8F9D9DED8938541
:10A29000F14AB183A308B5839A0810B79F10D8F18B
:10A2A000B0BAAEB08AC2B2B68E9EF1FBD9F41DD858
:10A2B000F9D90CF1D8F8F8AD61D9AEFBD8F40CF1AE
:10A2C000D8F8F8AD19D9AEFBDFD8F416F1D8F8AD4F
:10A2D0008D61D9F4F4ACF59C9C8DDF2BBAB6AEFA47
:10A2E000F8F40BD8F1AED0F8AD51DAAEFAF8F1D8F7
:10A2F000B9B1B6A3839C08B9B1839AB5AAC0FD30A1
:10A3000083B79F10B58B93F20202D1ABDADED8F19E
:10A31000B080BAABC0C3B284C1C3D8B1B9F38BA308
:10A3200091B609B4D9ABDEB0879CB9A3DDF1B38B8C
:10A330008B8B8B8BB087A3A3A3A3B28BB69BF2A30B
:10A34000A3A3A3A3A3A3A3A3A3F1B087B59AA3F345
:10A350009BA3A3DCBAACDFB9A3A3A3A3A3A3A3A32A
:10A36000A3A3A3A3A3A3A3A3D8D8D8BBB3B7F1AA8D
:10A37000F9DAFFD9809AAA28B48098A720B79787DE
:10A38000A86688F07951F1902C870CA78197629389
:10A39000F071716085940129517990A5F1284C6C78
:10A3A000870C95188578A38390284C6C886CD8F31B
:10A3B000A28200F210A8921980A2F2D926D8F188C0
:10A3C000A84DD948D896A83980D93CD89580A839C5
:10A3D000A68698D92CDA87A72CD8A8899519A980A0
:10A3E000D938D8A88939A980DA3CD8A82EA83990BC
:10A3F000D90CD8A8953198D90CD8A809D9FFD8017B
:10A40000DAFFD89539A9DA26FFD890A80D8999A83E
:10A4100010809821DA2ED88999A83180DA2ED8A810
:10A4200086963180DA2ED8A8873180DA2ED8A88295
:10A4300092F34180F1D92ED8A882F31980F1D92E58
:10A44000D882ACF3C0A28022F1A62EA72EA9229812
:10A45000A829DAACDEFFD8A2F22AF1A92E8292A8AE
:10A46000F23180A696F1D900AC8C9C0C30ACDED0D9
:10A47000DEFFD88C9CACD010ACDE8092A2F24C8275
:10A48000A8F1CAF235F19688A6D900D8F1FF0000EC
:10A49000555555555555C53F7D6FEB0312D6D4BF65
:10A4A0005544880E55C1C93F3B8F68B52882A4BF6B
:10A4B00088B20175E0EF493F09F7FD0DE13D023F2C
:10A4C0004B2D8A1C273A03C0C88A599CE52A0040B4
:10A4D00059018D1B6C06E6BF82922EB1C5B8B33F01
:10A4E0004FBB610567ACDD3F182D4454FB21E93FAC
:10A4F0009BF681D20B73EF3F182D4454FB21F93F9B
:10A50000E2652F227F2B7A3C075C143326A6813C20
:10A51000BDCBF07A8807703C075C143326A6913CCB
:10A52000C4EB98999999C9BF711623FEC671BCBF37
:10A530006D9A74AFF2B0B3BF9AFDDE522DDEADBF9F
:10A540002F6C6A2C44B4A2BF0D5555555555D53FB7
:10A55000FF8300922449C23F6E204CC5CD45B73FD2
:10A56000513DD0A0660DB13FEB0D76244B7BA93F4A
:10A5700011DA22E33AAD903F4C5555555555A53F5C
:10A580007751C1166CC156BF9015CB19A001FA3E88
:10A59000AD529C804F7E92BEC4B1B4BD9EEE213EB2
:10A5A000D43888BEE9FAA8BD000000000000000011
:10A5B00000004054FB21F93F3163621A61B4D03D81
:10A5C0000000601A61B4D03D7370032E8A19A33B5A
:10A5D0000000002E8A19A33BC14920259A837B39AC
:10A5E00000000000000000006E83F9A22915444E0F
:10A5F000D15727FCC0DD34F5999562DB4190433C8F
:10A60000AB6351FE61C5BBDE3A6E24B7E0D24D426A
:10A61000EA2E49061C92D1091CEB1DFE3EA729B16A
:10A62000F53582E88444BB2E26709CE9417E5FB4F8
:10A6300039D69139F43953838B5F849C3B28F9BD1B
:10A64000FF97F81F0F9805DE8B112FEF1F6D0A5A29
:10A65000CF7E366DB709CB27663F464F2DEA5F9E0A
:10A66000C7BA27757BF1E5EBF739073DEA92528AC5
:10A67000B15FFB6B085D8D1FA6F810111111813FB2
:10A68000D561C119A0012ABF7DFEB157E31DC73EA8
:10A69000EB9C2B8AE6E55ABE7CD5CF5A3AD9E53DEC
:10A6A0002050726F64756374204944207265616440
:10A6B000206173203020696E646963617465732062
:10A6C000646576696365206973206569746865727D
:10A6D00020696E636F6D70617469626C65206F7262
:10A6E00020616E204D5055333035302E0A00000069
:10A6F00010A7000800000020F4010000BA80000844
:10A700008CA70008F401002084050000B48700082D
:10A71000412D01020304041009060708090204067A
:10A720000884A24A04691832FF29045201034280B6
:10A730003F234843280FC8429A99993FDA0FC93FEF
:10A740009A99193E10A11AB40C9A8C10C1032E408C
:10A75000411E2A438FC27560076890408FC2F53D45
:10A760000316881323200330096F12833AA69B44F3
:10A770003B07293F0AD7A33B01EB803F0C135498BA
:0CA780001B08480401205A70240000004F
:04000005080000ED02
:00000001FF
