:020000040800F2
:10000000A8070020F14D0008C5310008C7310008DD
:10001000CB310008CF310008D331000800000000C8
:10002000000000000000000000000000D7310008C0
:10003000D931000800000000DB310008DD31000884
:100040000B4E00080B4E00080B4E00080B4E00082C
:100050000B4E00080B4E00080B4E0008AB4C00087E
:100060000B4E00080B4E00080B4E00080B4E00080C
:100070000B4E00080B4E00080B4E00080B4E0008FC
:100080000B4E00080B4E00080B4E00080B4E0008EC
:100090000B4E00080B4E00080B4E00080B4E0008DC
:1000A0000B4E00080D4C00080B4E00080B4E0008CC
:1000B0000B4E000871280008812800080B4E00082C
:1000C0000B4E00080B4E00080B4E00080B4E0008AC
:1000D0000B4E00080B4E00080B4E00080B4E00089C
:1000E0000B4E00080B4E00080B4E0008DFF80CD03A
:1000F00008F0EAF90048004781260008A807002018
:1001000031490143314A1160704770B50021002325
:100110000F22C47804B32D4C246804F4E064C4F5C1
:10012000E064210AC1F10403CA40447804FA03F1EF
:100130008478144021430901254C0678A1550478A0
:1001400004F01F050124AC4005786D11AD0005F1E8
:10015000E025C5F8004109E0047804F01F050124FA
:10016000AC401C4D0678761145F8264070BD1A4A01
:100170000A400243154B1B1F1A60704739B1134ADE
:10018000121D12680243114B1B1D1A6006E00F4A34
:10019000121D126882430D4B1B1D1A607047042804
:1001A00008D14FF0E021096941F004014FF0E0224D
:1001B000116107E04FF0E021096921F004014FF0DF
:1001C000E0221161704700000000FA050CED00E02C
:1001D00000E400E080E100E080FFFF1F00204449D0
:1001E0000860091D0860091D0860091D0860414874
:1001F0003F4914310860704700213D498279002A47
:100200003AD00A46126803689A430B461A600A1DE0
:10021000126803689A430B1D1A60027911440A6838
:1002200003681A430A60324A0832126803689A4324
:100230002F4B08331A601A1D126803689A432C4B1F
:100240000C331A604279102A0ED11A1F1268036803
:100250001A43274B08331A601A1D126803681A43A1
:10026000234B0C331A600DE02149427911440A688E
:1002700003681A430A6005E0027911440A680368BA
:100280009A430A6070470021016001710C2141719D
:100290000021817170471649103109680143144AE1
:1002A00010321160704701460020114A1432126862
:1002B0000A400AB1012000E0002070470C491431C7
:1002C00008607047014600200022094B1B6803EAC2
:1002D0000102074B14331B680B4013B10AB1012014
:1002E00000E00020704702491431086070470000A8
:1002F00000040140FFFF0F0010B50446CC488442C3
:1003000008D10121042000F02DFB0021042000F081
:1003100029FB46E0C748844208D10121082000F0AB
:1003200021FB0021082000F01DFB3AE0C248844276
:1003300008D10121102000F015FB0021102000F051
:1003400011FB2EE0BD48844208D10121202000F09D
:1003500009FB0021202000F005FB22E0B848844280
:1003600008D10121402000F0FDFA0021402000F0DA
:10037000F9FA16E0B348844208D10121802000F048
:10038000F1FA0021802000F0EDFA0AE0AE48844244
:1003900007D10121801500F0E5FA0021A01500F039
:1003A000E1FA10BD10B50121084600F0DBFA00218A
:1003B000012000F0D7FA10BD2DE9F04102460025DA
:1003C0000026002000230024002791F803C00CF031
:1003D0000F0591F803C00CF0100CBCF1000F03D016
:1003E00091F802C04CEA050591F800C0BCF1000F7D
:1003F00031D0146800202BE04FF0010C0CFA00F310
:10040000B1F800C00CEA03069E4220D183004FF0F1
:100410000F0C0CFA03F7BC4305FA03FC4CEA040486
:1004200091F803C0BCF1280F06D14FF0010C0CFA73
:1004300000FCC2F814C00AE091F803C0BCF1480FF8
:1004400005D14FF0010C0CFA00FCC2F810C0401CA2
:100450000828D1D31460B1F800C0BCF1FF0F34DD1F
:10046000546800202EE000F1080C4FF0010808FA53
:100470000CF3B1F800C00CEA03069E4221D18300C0
:100480004FF00F0C0CFA03F7BC4305FA03FC4CEADF
:10049000040491F803C0BCF1280F05D100F1080C49
:1004A00008FA0CF8C2F8148091F803C0BCF1480FA8
:1004B00007D100F1080C4FF0010808FA0CF8C2F857
:1004C0001080401C0828CED35460BDE8F0814FF660
:1004D000FF710180022181700421C17070470246C2
:1004E000002093680B400BB1012000E00020704712
:1004F0000146886880B2704702460020D3680B40EE
:100500000BB1012000E0002070470146C86880B2AE
:10051000704701617047416170470AB1016100E0B5
:1005200041617047C16070474FF480320A43826175
:100530008161826182698269704702460020434B73
:1005400018684FF68073184040EA021008433F4B8A
:10055000186070473E49C8617047F0B50A460023ED
:1005600000240021002500F00046B6F1004F02D122
:10057000364EF16901E0354E7168C0F3034583B230
:1005800000F44016B6F5401F08D121F070612F4EDF
:10059000766826F070662D4F7E6012E000F48016BB
:1005A000B6F5801F06D1032606FA05F4A14341F0F3
:1005B000706106E0460D360103FA06F6B14341F0DC
:1005C000706122B1460D360103FA06F6314300F0A0
:1005D0000046B6F1004F02D11C4EF16101E01B4E06
:1005E0007160F0BD30B500228B071C0F0F2303FA9A
:1005F00004F2164B08338C1053F824309343134CF9
:1006000008348D1044F8253023468C1053F82430DC
:100610008C07240F00FA04F423430C4C08348D108B
:1006200044F8253030BD0A49DC31086070470000CD
:1006300000080140000C014000100140001401407E
:1006400000180140001C0140002001400000014052
:1006500000002042DF48006840F00100DD490860EA
:1006600008464068DC490840DA49486008460068A6
:10067000DA490840D74908600846006820F480201D
:1006800008600846406820F4FE0048604FF41F00F0
:1006900088607047CF49096821F48031CD4A1160E4
:1006A0001146096821F480211160B0F5803F03D024
:1006B000B0F5802F0ED106E0C649096841F48031BB
:1006C000C44A116007E0C349096841F4A021C14A46
:1006D000116000E000BF00BF704710B50146002266
:1006E000002300204A11012A02D1BA4C236806E0F7
:1006F000022A02D1B74C236A01E0B64C636A01F0CA
:100700001F02012494401C400CB1012000E0002095
:1007100010BD38B5002000900024002500BF312016
:10072000FFF7DBFF05460098401C00900098B0F5ED
:10073000A06F01D0002DF2D03120FFF7CEFF08B11D
:10074000012400E00024204638BD01460020A14AD3
:10075000106820F0F80040EAC10010607047A0491E
:1007600008607047024600209A4B586820F47C10BD
:1007700042EA01031843974B58607047984908664E
:10078000704701460020934A506820F00300084358
:10079000506070478F48406800F00C007047014679
:1007A00000208C4A506820F0F000084350607047E9
:1007B00001460020874A506820F4E06008435060FA
:1007C000704701460020834A506820F4605040EA98
:1007D000C1005060704729B17E4A527A02437D4B76
:1007E0005A7204E07B4A527A82437A4B5A727047BB
:1007F0007B49D8310860704701460020754A50682F
:1008000020F440400843506070470021714A203274
:100810001170704A82F82010012802D004280AD1F1
:1008200004E001216B4A2032117005E00521694A7C
:100830002032117000E000BF00BF704769490860B6
:1008400070476449096A0143624A11627047654909
:1008500044390860704730B500210022002400238D
:100860005C4D6D6805F00C0121B1042905D0082903
:1008700023D105E05C4D056022E05B4D05601FE083
:10088000544D6D6805F47012524D6D6805F4803456
:10089000022505EB92421CB9544D554305600BE00F
:1008A0004C4D6D6805F400351DB1504D5543056044
:1008B00002E04D4D5543056002E04B4D056000BF21
:1008C00000BF444D6D6805F0F0010909484D6B5CAF
:1008D0000568DD4045603F4D6D6805F4E061090A3B
:1008E000434D6B5C4568DD4085603A4D6D6805F4AD
:1008F0006051C90A3E4D6B5C4568DD40C560354DB1
:100900006D6805F44041890B3A4D6B5CC568B5FBD9
:10091000F3F5056130BD29B12E4A526902432D4BD2
:100920005A6104E02B4A526982432A4B5A6170474C
:1009300029B1284A92690243264B9A6104E0254A6C
:1009400092698243234B9A61704729B1214AD26947
:100950000243204BDA6104E01E4AD26982431D4BF8
:10096000DA61704729B11B4AD2680243194BDA6039
:1009700004E0184AD2688243164BDA60704729B106
:10098000144A12690243134B1A6104E0114A1269B6
:100990008243104B1A617047124940390860704712
:1009A0000F49C86470470B49C87170470948406ACD
:1009B00040F0807007494862704701460020054AB0
:1009C00092680A400AB1012000E000207047014906
:1009D00088727047001002400000FFF8FFFFF6FE2B
:1009E000000042428004424200127A0000093D00A9
:1009F000000000201000002010B50446FE4884428C
:100A000008D10121C014FFF7ADFF0021E014FFF76A
:100A1000A9FFC4E0B4F1804F08D101210846FFF7D7
:100A2000AEFF00210120FFF7AAFFB8E0F34884429F
:100A300008D101210220FFF7A2FF00210220FFF7C9
:100A40009EFFACE0EE48844208D101210420FFF76C
:100A500096FF00210420FFF792FFA0E0E9488442BE
:100A600008D101210820FFF78AFF00210820FFF7A5
:100A700086FF94E0E448844208D101211020FFF76A
:100A80007EFF00211020FFF77AFF88E0DF488442D4
:100A900008D101212020FFF772FF00212020FFF75D
:100AA0006EFF7CE0DA48844208D101214014FFF750
:100AB00059FF00216014FFF755FF70E0D5488442CC
:100AC00009D10121C804FFF74DFF00214FF4002098
:100AD000FFF748FF63E0D048844209D101210805AF
:100AE000FFF740FF00214FF48010FFF73BFF56E077
:100AF000CA48844209D101214805FFF733FF00218C
:100B00004FF40010FFF72EFF49E0C548844208D19A
:100B100001214020FFF733FF00214020FFF72FFF86
:100B20003DE0C048844208D101218020FFF727FF23
:100B300000218020FFF723FF31E0BB48844208D129
:100B400001218015FFF71BFF0021A015FFF717FFFC
:100B500025E0B648844209D101210804FFF702FFCD
:100B600000214FF48030FFF7FDFE18E0B0488442CA
:100B700009D101214804FFF7F5FE00214FF40030B0
:100B8000FFF7F0FE0BE0AB48844208D10121880456
:100B9000FFF7E8FE00214FF48020FFF7E3FE10BDD1
:100BA00000220288944B98420ED0994B98420BD069
:100BB000B0F1804F08D0914B984205D0904B9842AD
:100BC00002D0904B984204D14FF68F731A404B8855
:100BD0001A438D4B984207D08C4B984204D04FF665
:100BE000FF431A40CB881A4302808B8883850B8889
:100BF0000385814B98420BD0854B984208D08B4B94
:100C0000984205D08A4B984202D08A4B984201D133
:100C10000B7A038601238382704770B5002400227B
:100C20000023058C4FF6FE7635400584028C8388C0
:100C3000048B4FF68F752C40B51E2C400D882C432D
:100C4000751E2A400D892A434D882A436A4DA842C1
:100C50000BD06F4DA84208D0744DA84205D0744DFA
:100C6000A84202D0734DA84213D14FF6F7752A401F
:100C70004D892A434FF6FB752A408D882A434FF64B
:100C8000FF652B404FF6FF552B408D892B43CD89B7
:100C90002B4383800483CD888586028470BD70B524
:100CA000002400220023058C4FF6EF7635400584A2
:100CB000028C8388048B48F6FF752C404FF6FF4565
:100CC0002C400D884FF6FF7606EA05252C434FF69B
:100CD000DF752A400D8906EA05152A434D8806EA84
:100CE00005152A43444DA84202D0494DA8421DD1C2
:100CF0004FF67F752A404D894FF6FF7606EA0515B7
:100D00002A434FF6BF752A408D8806EA05152A4307
:100D10004FF6FF352B404FF2FF752B408D8906EAC9
:100D200085052B43CD8906EA85052B438380048303
:100D3000CD880587028470BD70B500240022002391
:100D4000058C4FF6FF6635400584028C8388848BC2
:100D50004FF68F752C404FF6FC752C400D882C43B8
:100D60004FF6FF552A400D894FF6FF7606EA052516
:100D70002A434D8806EA05252A431F4DA84202D082
:100D8000234DA8421DD14FF2FF752A404D894FF6E1
:100D9000FF7606EA05252A434FF6FF352A408D885F
:100DA00006EA05252A434EF6FF752B404DF6FF75E2
:100DB0002B408D8906EA05152B43CD8906EA0515DA
:100DC0002B4383808483CD888587028470BD70B572
:100DD000002200230024058C4EF6FF763540058462
:100DE000038C8488828B48F6FF752A404FF6FF45B6
:100DF0002A400D8820E00000002C01400004004043
:100E000000080040000C00400010004000140040AA
:100E100000340140004C01400050014000540140AA
:100E200000180040001C004000200040004001402D
:100E300000440140004801404FF6FF7606EA0525D0
:100E40002A434DF6FF752B400D8906EA05352B43E5
:100E50004D8806EA05352B43FA4DA84202D0FA4DDB
:100E6000A84208D14BF6FF752C408D894FF6FF76CE
:100E700006EA85152C4384808283CD88A0F84050F3
:100E8000038470BD828B4FF2FF331A408283828BC2
:100E90004FF6FF7303EA01231A4382837047F0B5CC
:100EA0000C461546002200210026078C4EF6FF7CDA
:100EB00007EA0C070784828B018C4FF6FF7707EA5D
:100EC000043640F6FF473A404FF6FF7707EA05271A
:100ED0003A434FF6FF7707EA03373A43D94FB84210
:100EE0000ED0D94FB8420BD0B0F1804F08D0D74FB9
:100EF000B84205D0D64FB84202D0D64FB84206D13C
:100F00004DF6FF77394046F48057394305E047F600
:100F1000FF57394044F48057394382830184F0BD40
:100F2000828B4FF6F3731A408283828B0A4382834B
:100F30007047F0B50C461546002200210026078CAC
:100F40004FF6FF6C07EA0C070784828B018C4FF683
:100F5000FF7707EA04264FF60C773A404FF6FF7703
:100F600007EA03172F433A43B64FB8420ED0B64FA5
:100F7000B8420BD0B0F1804F08D0B44FB84205D082
:100F8000B34FB84202D0B34FB84206D14FF6FF5725
:100F9000394046F48077394305E04FF2FF57394036
:100FA00044F48077394382830184F0BD028B4FF291
:100FB000FF331A400283028B4FF6FF7303EA0123CB
:100FC0001A4302837047F0B50C46154600220021F3
:100FD0000026078C4FF6EF7C07EA0C070784028B8C
:100FE000018C4FF6FF7707EA041640F6FF473A40B8
:100FF0004FF6FF7707EA03373A434FF6FF7707EAE2
:1010000005273A438F4FB8420ED08F4FB8420BD0CE
:10101000B0F1804F08D08D4FB84205D08C4FB84208
:1010200002D08C4FB84206D14FF6DF77394046F0F8
:101030001007394305E04FF65F77394044F0100759
:10104000394302830184F0BD028B4FF6F3731A40DB
:101050000283028B0A4302837047F0B50C461546A3
:1010600000220021068C4FF6FE773E400684028B5C
:10107000018C4FF60C7632407E1C06EA03162E4396
:101080003243704EB0420ED06F4EB0420BD0B0F132
:10109000804F08D06D4EB04205D06D4EB04202D0A8
:1010A0006C4EB04206D14FF6FD76314044F0010659
:1010B000314305E04FF6F576314044F00106314307
:1010C00002830184F0BD70B505460C465D4885423B
:1010D0000ED05D4885420BD0B5F1804F08D05B48FB
:1010E000854205D05A48854202D05A48854200D1EF
:1010F00000E000BF208850B92389A2886188284673
:10110000FFF7ABFFE1882846FFF79EFF25E0208828
:1011100004280AD12389A28861882846FFF753FF53
:10112000E1882846FFF742FF17E0208808280AD107
:101130002389A28861882846FFF7FBFEE1882846BC
:10114000FFF7EEFE09E02389A28861882846FFF7B1
:10115000A6FEE1882846FFF795FE70BD2DE9F04117
:1011600005460C4600260127608808B9022600E0E3
:101170000026A088012801D1022700E0012720884D
:10118000A0B92389A28861882846FFF766FFE18815
:101190002846FFF759FF23893A4631462846FFF78C
:1011A00012FFE1882846FFF701FF13E02389A28898
:1011B00061882846FFF707FFE1882846FFF7F6FE1B
:1011C00023893A4631462846FFF747FFE1882846FB
:1011D000FFF73AFFBDE8F0810A884B881A438B88F5
:1011E0001A43CB881A430B891A434B891A438B89BC
:1011F0001A43A0F8442070474FF6FF718180002108
:101200000180C180418001727047002101804180CE
:101210008180C180018141818181C181704700212C
:1012200001804180012181800021C18001817047BE
:101230000021018041808180C180018141818181C3
:1012400070470000002C01400034014000040040C1
:1012500000080040000C004021B1028842F0010269
:10126000028004E002884FF6FE731A400280704745
:1012700031B1B0F8442042F40042A0F8442005E027
:10128000B0F84420C2F30E02A0F8442070471AB10F
:1012900083890B43838102E083898B438381704779
:1012A0008182704741EA0203A0F8483070471AB1C2
:1012B00083890B43838102E083898B438381704759
:1012C00001894FF6F8721140018170470A460021EA
:1012D00001894FF68F73194011430181704730B572
:1012E00004460D4629462046FFF7F0FF208940F0CE
:1012F0000700208130BD2DE9F04104460D46164619
:101300001F46602D06D13B46012231462046FFF79D
:101310005AFE05E03B46012231462046FFF79DFE7E
:1013200029462046FFF7D2FF208940F007002081A0
:10133000BDE8F08130B50C4600210189C9B24FF6F5
:10134000FF7505EA0325154325432943018130BD77
:101350002DE9F04105460E461746984600244346BF
:101360003A4631462846FFF7E5FF2C894FF6F870DC
:10137000044044F007044FF68F70044044F07004BA
:101380002C81BDE8F081F0B504460D4616461F4697
:101390003B46324629462046FFF7CCFF208940F4E1
:1013A00080402081F0BD0185828270470A4600217D
:1013B00001884FF68F731940114301807047F0B5D3
:1013C0000C4615461E460021002200230189028B8F
:1013D000038C4FF6F877394021434FF6FC473A40EB
:1013E00040F201173A434FF6DD773B404FF6FF7767
:1013F00007EA06172F433B43018102830384F0BDB4
:101400000A460021018B4FF68F7319401143018367
:1014100070470A460021018B48F6FF7319404FF6CA
:10142000FF7303EA02231943018370470A46002130
:10143000818B4FF68F7319401143818370470A46A1
:101440000021818B48F6FF7319404FF6FF7303EAC2
:10145000022319438183704721B1028842F0800240
:10146000028004E002884FF67F731A4002807047C2
:1014700021B1828842F00402828004E082884FF623
:10148000FB731A408280704721B1828842F00802C3
:10149000828004E082884FF6F7731A40828070479A
:1014A00021B1828842F00102828004E082884FF6F6
:1014B000FE731A40828070470A460021018B4FF666
:1014C000F77319401143018370470A460021018BCD
:1014D0004FF2FF7319404FF6FF7303EA02231943DB
:1014E000018370470A460021818B4FF6F77319403C
:1014F0001143818370470A460021818B4FF2FF73AD
:1015000019404FF6FF7303EA0223194381837047A2
:101510000A460021018B4FF6FB73194011430183EA
:1015200070470A460021018B4FF6FF3319404FF6F2
:10153000FF7303EA02231943018370470A4600211F
:10154000818B4FF6FB7319401143818370470A4624
:101550000021818B4FF6FF3319404FF6FF7303EAEA
:1015600002231943818370470A460021018B4FF6FD
:101570007F7319401143018370470A460021018B94
:10158000C1F30E014FF6FF7303EA022319430183EF
:1015900070470A460021818B4FF67F731940114333
:1015A000818370470A460021818BC1F30E014FF6FB
:1015B000FF7303EA02231943818370470A4600211F
:1015C000018C4FF6FD7319401143018470470A46A0
:1015D0000021018C4FF6F7731940114301847047C5
:1015E0000A460021018C4FF6DF7319404FF6FF7356
:1015F00003EA02131943018470470A460021018C53
:101600004FF67F7319404FF6FF7303EA0213194335
:10161000018470470A460021018C4FF6FF531940A0
:101620004FF6FF7303EA02231943018470470A4609
:101630000021018C4FF2FF7319404FF6FF7303EA4C
:1016400002231943018470470A460021018C4DF69C
:10165000FF7319404FF6FF7303EA02331943018405
:10166000704730B5002301248C40A3B2048C9C4306
:101670000484048C02FA01F5ADB22C43048430BD1D
:1016800030B5002304248C40A3B2048C9C43048412
:10169000048C02FA01F5ADB22C43048430BD70B560
:1016A0000346002000241846183001258D40ACB2B6
:1016B0001D8CA5431D8409B1082909D100EB6100E7
:1016C000056825F0700505600568154305600EE0A6
:1016D0000D1FC5F34E052844056825F4E045056057
:1016E00005684FF6FF7606EA02263543056070BDB1
:1016F00021B1028842F00202028004E002884FF623
:10170000FD731A400280704721B1028842F0040242
:10171000028004E002884FF6FB731A400280704793
:1017200021B1828842F08002828004E082884FF6F4
:101730007F731A408280704702884FF6F7731A4011
:10174000028002880A430280704782884FF68F73B6
:101750001A40828082880A438280704702894FF64D
:10176000F8731A40028102890A4302817047028994
:101770004FF67F731A40028102890A430281704743
:1017800081847047818570478186704701877047E3
:1017900081877047A0F84010704702884FF6FF43DA
:1017A0001A40028002880A43028070470146888EF0
:1017B00070470146088F70470146888F7047014681
:1017C000B1F8400070470146888C70470146088D8B
:1017D000704702460020138A0B400BB1012000E045
:1017E00000207047CA430282704730B5024600208D
:1017F00000230024158A05EA0103958905EA0104FE
:1018000013B10CB1012000E0002030BDCA430282B8
:101810007047000010B50446FB48844209D10121FD
:101820008803FFF79FF800214FF48040FFF79AF8F4
:1018300032E0F648844209D101214804FFF79FF8BD
:1018400000214FF40030FFF79AF825E0F048844279
:1018500009D101218804FFF792F800214FF480207C
:10186000FFF78DF818E0EB48844209D10121C80444
:10187000FFF785F800214FF40020FFF780F80BE018
:10188000E548844208D101210805FFF778F80021D6
:101890004FF48010FFF773F810BD2DE9F04786B0C4
:1018A00005460E460024A24600BFA1460027B08987
:1018B00000B100BF2F462C8A4CF6FF700440F08820
:1018C00004432C82AC894EF6F3100440B088318971
:1018D0000843718908430443AC81AC8A4FF6FF404A
:1018E0000440B0890443AC8201A8FEF7B4FFC648A7
:1018F000874202D1DDF810A001E0DDF80CA0A88934
:1019000000F4004040B10AEBCA0000EB0A10316855
:101910004900B0FBF1F807E00AEBCA0000EB0A103F
:1019200031688900B0FBF1F86420B8FBF0F00401E5
:101930002009642101FB1089A88900F4004040B10E
:10194000322000EBC900B0FBF1F000F007000443C7
:1019500008E0322000EB09106421B0FBF1F000F048
:101960000F0004432C8106B0BDE8F0874FF41651F8
:10197000016000218180C18001810C214181002111
:101980008181704710B502460020108A4FF2FF0394
:1019900018400B884C8823438C882343CC882343EE
:1019A0001843108210BD0021018041808180C180D8
:1019B000704721B1828942F40052828104E0828919
:1019C0004DF6FF731A4082817047F0B5034600243C
:1019D00000260025002040F66A17B94200D100BF5A
:1019E0001846C1F3421401F01F06012707FA06F555
:1019F000012C01D10C3004E0022C01D1103000E0A8
:101A000014301AB107682F43076002E00768AF433C
:101A10000760F0BD1AB1838A0B43838202E0838A98
:101A20008B4383827047028A4FF6F0731A4002821A
:101A3000028A0A430282704782894FF2FF731A407A
:101A4000828182890A438281704721B1828942F072
:101A50000202828104E082894FF6FD731A4082817E
:101A60007047028A4FF6DF731A400282028A0A43E5
:101A70000282704721B1028A42F48042028204E06D
:101A8000028A4BF6FF731A4002827047C1F30802C4
:101A90008280704701468888C0F3080070478189BA
:101AA00041F0010181817047028BD2B20283028B27
:101AB00042EA012202837047028B02F47F420283D2
:101AC000028B0A430283704721B1828A42F02002CE
:101AD000828204E0828A4FF6DF731A408282704766
:101AE00021B1828A42F01002828204E0828A4FF69B
:101AF000EF731A408282704721B1828A42F0080255
:101B0000828204E0828A4FF6F7731A40828270471D
:101B100021B1828942F40042828103E08289C2F3CA
:101B20000E028281704721B1828A42F40062828271
:101B300004E0828A4FF2FF731A4082827047828AE1
:101B40004FF6FB731A408282828A0A438282704770
:101B500021B1828A42F00202828204E0828A4FF638
:101B6000FD731A408282704702460020B1F5007F63
:101B700000D100BF13880B400BB1012000E0002012
:101B8000704701F40072B2F5007F00D100BFCA4374
:101B90000280704770B50246002400230025002013
:101BA00040F66A16B14200D100BFC1F3421501F000
:101BB0001F03012606FA03F3012D02D19689334053
:101BC00006E0022D02D1168A334001E0968A3340A6
:101BD0000C12012606FA04F41688344013B10CB135
:101BE000012000E0002070BD10B50022002340F667
:101BF0006A14A14200D100BF0A1201249440A3B28A
:101C0000DC43048010BD0000003801400044004067
:101C100000480040004C00400050004010B5044611
:101C2000FA48844208D101214015FEF79BFE0021AD
:101C30006015FEF797FE17E0F548844208D10121B0
:101C40000015FEF78FFE00212015FEF78BFE0BE03E
:101C5000F048844208D10121C803FEF783FE002129
:101C60004FF40040FEF77EFE10BD30B50246002066
:101C700000235068E84C20400D790C6844EA0524A4
:101C8000204350609068E54C2040D1E902542C4339
:101C90004D7944EA450420439060D06A20F47000F6
:101CA0000C7C641EE4B2234340EA0350D06230BD92
:101CB00000210160017141718160C16001210174E5
:101CC000704721B1826842F00102826003E08268BD
:101CD00022F001028260704721B1826842F4807272
:101CE000826003E0826822F480728260704710B5DF
:101CF0000023CBB21AB144681C43446002E044683C
:101D00009C43446010BD816841F0080181607047C8
:101D1000014600208A6802F008020AB1012000E0B2
:101D200000207047816841F00401816070470146DE
:101D300000208A6802F004020AB1012000E00020BD
:101D4000704721B1826842F4A002826003E0826899
:101D500022F4A00282607047014600208A6802F4E3
:101D600080020AB1012000E00020704710B50A4649
:101D700000210023416821F46041531E41EA4331B0
:101D8000416010BD21B1426842F40062426003E04C
:101D9000426822F4006242607047F0B504460D4686
:101DA00000200021092D11DDE068A5F10A0606EBEF
:101DB0004607072606FA07F18843A5F10A0606EB4F
:101DC000460603FA06F10843E0600CE0206905EBE3
:101DD0004507072606FA07F1884305EB450603FA8F
:101DE00006F108432061072A0FDA606B561E06EBE6
:101DF00086071F2606FA07F18843561E06EB86065D
:101E000005FA06F10843606322E00D2A0FDA206B21
:101E1000D61F06EB86071F2606FA07F18843D61F52
:101E200006EB860605FA06F10843206310E0E06A37
:101E3000A2F10D0606EB86071F2606FA07F1884376
:101E4000A2F10D0606EB860605FA06F10843E062EC
:101E5000F0BD21B1826842F48012826003E08268A2
:101E600022F48012826070470146C86C80B27047CD
:101E700066484C300068704721B1426842F4806285
:101E8000426003E0426822F480624260704721B100
:101E9000426842F48052426003E0426822F4805279
:101EA000426070470A460021816821F4E0411143F5
:101EB0008160704721B1826842F40042826003E091
:101EC000826822F400428260704721B1826842F445
:101ED0000212826003E0826822F40212826070477C
:101EE000014600208A6802F400120AB1012000E0D5
:101EF00000207047F0B50446154600200022002659
:101F0000092911DDE068A1F10A0707EB470C072753
:101F100007FA0CF29043A1F10A0707EB470703FA0F
:101F200007F21043E0600CE0206901EB410C072749
:101F300007FA0CF2904301EB410703FA07F2104352
:101F40002061A06BC0F30156EF1C06F1010CA7EB5A
:101F50000C0707EB870C1F2707FA0CF29043EF1CC6
:101F600006F1010CA7EB0C0707EB870701FA07F254
:101F70001043A063F0BD10B50A4600210023816B19
:101F800021F44011531E41EA0351816310BD08B58D
:101F9000002300930090009B0B440093009B1A6069
:101FA00008BD08B5024600200090009201F128000B
:101FB000009B184400900098006880B208BD0A4653
:101FC00000214168164B194011434160704741623E
:101FD000826270470A460021416821F01F011143C7
:101FE0004160704740B109490831096841F4000176
:101FF000064A0832116007E004490831096821F4F3
:102000000001024A083211607047000000240140BC
:1020100000280140003C0140FFFEF0FFFDF7F1FF0A
:10202000FFFD3FFF0246002013680B400BB101206B
:1020300000E000207047CA430260704770B5024656
:102040000020002300240B125568CEB205EA0604D6
:1020500015681D4015B10CB1012000E0002070BDD5
:1020600000220A12D3430360704700000CB5002021
:10207000019000906C48006840F480306A49086024
:1020800000BF6948006800F4003000900198401CCF
:102090000190009818B90198B0F5A06FF1D162488D
:1020A000006800F4003010B10120009001E0002031
:1020B00000900098012843D15C48006840F010006F
:1020C0005A4908600846006820F003000860084686
:1020D000006840F002000860534840685249486078
:1020E0000846406848600846406840F480604860A0
:1020F0000846406820F47C1048600846406840F478
:10210000E81048600846006840F08070086000BF32
:102110004548006800F000700028F9D04248406847
:1021200020F00300404948600846406840F0020043
:10213000486000BF3C48406800F00C000828F9D116
:102140000CBD10B5FFF792FF10BD10B53648006802
:1021500040F00100344908600846406834490840AE
:102160003149486008460068324908402E490860F5
:102170000846006820F4802008600846406820F483
:10218000FE0048604FF41F008860FFF7DAFF4FF051
:1021900000602949086010BD10B500210020002210
:1021A000214B5B6803F00C0121B1042906D00829FA
:1021B00028D107E0214B224C236027E01F4B204C05
:1021C000236023E0184B5B6803F47010164B5B68C8
:1021D00003F48032022303EB904022B9194B4343AE
:1021E000174C23600DE0104B5B6803F4003323B100
:1021F000144B4343124C236003E0104B4343104CF9
:10220000236003E00D4B0E4C236000BF00BF064B64
:102210005B68C3F303130C4CE15C094B1B68CB40B8
:10222000074C236010BD0000001002400020024057
:102230000000FFF8FFFFF6FE08ED00E000127A0054
:102240001400002000093D0018000020014605E0B0
:10225000002001E0421CD0B20A28FBDB0A1EA1F1DB
:102260000101F5D1704710B5044603E04FF47A70D0
:10227000FFF7ECFF201EA4F10104F7D110BD704759
:1022800008B50720009002E00098401E00900098DA
:102290000028F9D108BD10B54FF40070E649086078
:1022A00040100860FFF7ECFFE3480838006808B901
:1022B000012000E0002000F4007008B1002010BDF3
:1022C0004FF40070DC49091D0860FFF7D9FFDA48B8
:1022D0000838006800F4007008B10020EFE74FF400
:1022E0000070D549091D0860FFF7CAFF0120E6E725
:1022F00010B54FF48070D049091D0860FFF7C0FF8A
:102300004FF40070CC49091D0860FFF7B9FF4FF486
:102310008070C9490860FFF7B3FF4FF40070C649E9
:102320000860FFF7ADFF10BD10B54FF48070C249D3
:10233000091D0860FFF7A4FF4FF40070BE49091D96
:102340000860FFF79DFF4FF48070BB490860FFF7FE
:1023500097FF4FF48070B849091D0860FFF790FFA0
:1023600010BD10B54FF48070B349091D0860FFF728
:1023700087FF4FF40070B0490860FFF781FF4FF40A
:102380008070AD490860FFF77BFF4FF48070AA4969
:10239000091D0860FFF774FF10BD10B54FF4807081
:1023A000A549091D0860FFF76BFF4FF40070A249B3
:1023B0000860FFF765FF4FF480709F490860FFF7E2
:1023C0005FFF9D480838006800F4007030B14FF49A
:1023D00080709949091D0860002010BD4FF480707D
:1023E0009549091D08600120F7E770B504460825E6
:1023F0001DE04FF480709049091D0860FFF740FF11
:1024000004F0800020B14FF400708B49086004E0B4
:102410004FF400708849091D08606006040EFFF73C
:102420002FFF4FF4807084490860FFF729FF281EB2
:10243000A5F10101CDB2DCD14FF480707E49091DB8
:10244000086070BD70B508250024A8017A490860AD
:1024500016E06006040E4FF480707749091D08608D
:10246000FFF70EFF4FF4807073490860FFF708FF15
:1024700071480838006800F4007008B144F00104A5
:10248000281EA5F10101CDB2E3D14FF480706A4955
:10249000091D0860204670BD08B501210820FEF71F
:1024A00047FA4FF44070ADF8000002208DF80200AA
:1024B00014208DF8030069465F481038FDF77CFF53
:1024C00008BD2DE9F04105460E4617469846FFF730
:1024D000E2FE10B90020BDE8F081002141EA45018B
:1024E000C8B2FFF782FFFFF758FF18B9FFF700FFE8
:1024F0000020F0E73046FFF778FFFFF74EFF00249B
:102500000BE018F80400FFF770FFFFF746FF18B95B
:10251000FFF7EEFE0020DEE7641CBC42F1DBFFF7B4
:10252000E7FE0120D7E72DE9F04104460D461646A7
:102530001F463B46324629462046FFF7C2FF10B1F0
:102540000020BDE8F0814FF0FF30FAE72DE9F041BF
:1025500005460F4614461E46FFF79DFE10B90020A3
:10256000BDE8F081002141EA4501C8B2FFF73DFF17
:10257000FFF713FF18B9FFF7BBFE0020F0E738465E
:10258000FFF733FFFFF709FFFFF785FE012101EB9E
:102590004501C8B2FFF729FFFFF7FFFE0CE0FFF788
:1025A00051FF3070012C02D1FFF7DBFE01E0FFF795
:1025B000BBFE761C601EC4B2002CF0D1FFF798FE63
:1025C0000120CDE72DE9F04104460D4616461F4691
:1025D0003B46324629462046FFF7B8FF10B100209F
:1025E000BDE8F0814FF0FF30FAE770B504460D46C4
:1025F0001646FFF750FE08B9002070BD002141EAE1
:102600004401C8B2FFF7F1FEFFF7C7FE18B9FFF7A4
:102610006FFE0020F1E72846FFF7E7FEFFF7BDFE5B
:102620003046FFF7E2FEFFF7B8FEFFF761FE01203C
:10263000E3E7002070470000100C014008B50121BD
:102640001120FEF775F901210B48FDF786FF4FF4C5
:10265000C040ADF8000003208DF8020010208DF876
:10266000030069460548FDF7A7FE4FF4C041034843
:10267000FDF74FFF08BD00000002300000100140D0
:10268000002400270026FFF760FD41F61F4141F2BC
:10269000883002F08DFA02F0C7FA02F0F7F800F085
:1026A000E1F800F043F8FFF7C9FF02F043FB00F048
:1026B000EFF800F056F9FFF7EFFE0A2000F02EFECB
:1026C00000F062FA00F0D2FD00F05EFE0021084644
:1026D00001F029FF124807784FF0E020006940F030
:1026E00001004FF0E021086118E000F0BDFA8EB95A
:1026F0000B480578E81BC0B204442F46B4F5FA7FB6
:1027000007D300234CF250320649074801F0DEFDA2
:10271000012600BF02F066F801F07BFCE5E700004F
:10272000D8000020CDCCCC3D0000C84208B5012126
:102730000820FEF7FDF84FF47040ADF800001020BF
:102740008DF8030003208DF802006946FE48FDF76E
:1027500033FE4FF47041FC48FDF7DBFE08BD08B5C1
:1027600001210846FEF7F1F801210420FEF7E0F808
:102770000C20ADF8000018208DF8030003208DF820
:1027800002006946F148FDF717FE08BD30B587B075
:102790000025002440F2E730ADF814000020ADF829
:1027A0001000ADF81600ADF8120004A94FF08040FB
:1027B000FEF7F6F96020ADF800000120ADF8020048
:1027C000ADF806500020ADF8080069464FF0804093
:1027D000FEF7B2FA0821C806FEF784FE0120ADF824
:1027E0000200ADF806400020ADF8080069464FF041
:1027F0008040FEF7ECFA0821C806FEF77CFE0121B6
:102800008807FEF729FE01218807FEF725FD07B09E
:1028100030BD2DE9FF4104460D4627462E46602077
:10282000ADF800000120ADF80200ADF80670002000
:10283000ADF8080069464FF08040FEF77DFA0821A8
:10284000C806FEF74FFE0120ADF80200ADF80660A5
:1028500069468007FEF7BBFA0821C806FEF74BFE63
:10286000BDE8FF8110B5FFF77AFFFFF78FFF10BDBE
:10287000B7490888098821F00101B54A11807047DD
:10288000B4490888098821F00101B24A11807047D3
:1028900000B589B001210220FEF757F8012104207C
:1028A000FEF746F801A8FDF712FEC020ADF80400BF
:1028B00004208DF8070003208DF8060001A9A34825
:1028C000FDF77AFD4FF4A060FDF71AFC1D208DF88E
:1028D000080001208DF8090003208DF80A0001206E
:1028E0008DF80B0002A8FDF710FC99481038FEF790
:1028F00083F806A8FEF780FC0020ADF818004FF61C
:10290000FF70ADF81C000020ADF81E00ADF81A00F5
:1029100006A98F481038FEF743F90A231A46032107
:102920008B481038FEF74BFD03A8FEF778FC062015
:10293000ADF8140003A986481038FEF7C4FB012146
:1029400083481038FEF74EFF0122114680481038A8
:10295000FEF79DFC01217E481038FEF77DFC09B092
:1029600000BD00B589B001210420FDF7EEFF012173
:102970000820FDF7DDFF01A8FDF7A9FDC020ADF897
:10298000040004208DF8070003208DF8060001A93B
:102990006D48FDF711FD4FF4A060FDF7B1FB1E205F
:1029A0008DF8080001208DF8090003208DF80A0039
:1029B00001208DF80B0002A8FDF7A7FB6548103831
:1029C000FEF71AF806A8FEF717FC0020ADF818006D
:1029D0004FF6FF70ADF81C000020ADF81E00ADF8FA
:1029E0001A0006A95B481038FEF7DAF80A231A46DF
:1029F000032158481038FEF7E2FC03A8FEF70FFC4D
:102A00000620ADF8140003A952481038FEF75BFB0E
:102A1000012150481038FEF7E5FE012211464D48CD
:102A20001038FEF734FC01214A481038FEF714FC38
:102A300009B000BD00B585B001210420FDF778FF85
:102A400001210220FDF781FF8020ADF81000042055
:102A50008DF8130003208DF8120004A93B48FDF700
:102A6000ABFC4FF4A060FDF74BFB1D208DF8000080
:102A700001208DF8010003208DF8020001208DF85F
:102A800003006846FDF741FB31481038FDF7B4FFFD
:102A90004FF6FF70ADF808000020ADF80400ADF867
:102AA0000A00ADF8060001A929481038FEF778F8A9
:102AB00000231A46602126481038FEF71CFC00212E
:102AC00023481038FEF75CFE012121481038FEF73C
:102AD000C3FB05B000BD00B585B001210820FDF79E
:102AE00027FF01210420FDF730FF8020ADF8100002
:102AF00004208DF8130003208DF8120004A9124859
:102B0000FDF75AFC4FF4A060FDF7FAFA1E208DF88D
:102B1000000001208DF8010003208DF80200012043
:102B20008DF803006846FDF7F0FA0A481038FDF703
:102B300063FF4FF6FF70ADF808000020ADF8040009
:102B4000ADF80A0008E00000000C01400008014058
:102B50001004004010080040ADF8060001A9094823
:102B6000FEF71EF800231A4660210648FEF7C3FB55
:102B700000210448FEF704FE01210248FEF76CFB29
:102B800005B000BD0008004070B5002402F09DFDB6
:102B90000446002C60D17CA001F0F5FF782002F003
:102BA000F6F918B981A001F0EEFF02E087A001F06C
:102BB000EAFF782002F0D8FB18B98FA001F0E3FFFC
:102BC00002E096A001F0DFFF642002F0AEFC18B92D
:102BD0009EA001F0D8FF02E0A6A001F0D4FF04F00F
:102BE00065F818B9ACA001F0CEFF02E0B7A001F083
:102BF000CAFFC54804F036FF054604F061F818B96D
:102C0000C2A001F0C0FF02E0CAA001F0BCFF40F288
:102C1000731004F096FC18B9D2A001F0B4FF02E0E2
:102C2000D9A001F0B0FF642004F004FA18B9E2A0C2
:102C300001F0A9FF02E0E9A001F0A5FF04F026FFE2
:102C4000012003F079FD18B9EFA001F09CFF0AE024
:102C5000F6A001F098FF06E04FF40051FE48FDF7A2
:102C60005AFC00BFFEE770BD2DE9F04F89B0FB486C
:102C7000FB49FC4BFC4ACDE90010FC49FC4804F040
:102C8000BFFDF748008800F4807000287AD0F6492C
:102C9000086805F02DFA04464FF09D4105F062F8F2
:102CA000F4490860F049486805F022FA04464FF0FC
:102CB0009D4105F057F8F0490860EB49886805F038
:102CC00017FA04464FF09D4105F04CF8EB490860B7
:102CD000E549C86805F00CFA04464FF09D4105F03F
:102CE00041F8E7490860E34801684FF0804005F08B
:102CF00007F80690E1480168069805F001F8824659
:102D0000DD4801684FF0404004F0FAFF0690DC48CF
:102D10000168069804F0F4FF8346514604F098FFDA
:102D2000079005F031FA064606F066FC80464FF043
:102D30006632D44B05F0FBF8044605F051FAD2494F
:102D40000860CE4801684FF0804004F0D9FF03903E
:102D5000CA480168039804F0D3FF8246C648016858
:102D60004FF0404004F0CCFF0390C3480168039843
:102D700004F0C6FF8346514604F0BCFF81464FF085
:102D80007E5183E10CE200006D707520696E6974FC
:102D900069616C697A6174696F6E20636F6D706CC4
:102DA0006574652E2E2E2E2E2E0A20006D70755FF6
:102DB0007365745F73656E736F7220636F6D706C93
:102DC000657465202E2E2E2E2E2E0A006D70755FD6
:102DD0007365745F73656E736F7220636F6D6520CA
:102DE0006163726F7373206572726F72202E2E2E64
:102DF0002E2E2E0A000000006D70755F636F6E66E8
:102E000069677572655F6669666F20636F6D706C68
:102E1000657465202E2E2E2E2E2E0A006D70755F85
:102E2000636F6E6669677572655F6669666F20635A
:102E30006F6D65206163726F7373206572726F725C
:102E4000202E2E2E2E2E2E0A000000006D70755F93
:102E50007365745F73616D706C655F72617465201A
:102E6000636F6D706C657465202E2E2E2E2E2E0ACB
:102E7000000000006D70755F7365745F73616D7045
:102E80006C655F72617465206572726F72202E2EA0
:102E90002E2E2E2E0A000000646D705F6C6F616430
:102EA0005F6D6F74696F6E5F6472697665725F667D
:102EB00069726D7761726520636F6D706C657465A2
:102EC000202E2E2E2E2E2E0A00000000646D705F24
:102ED0006C6F61645F6D6F74696F6E5F6472697649
:102EE00065725F6669726D7761726520636F6D658B
:102EF000206163726F7373206572726F72202E2E61
:102F00002E2E2E2E0A00000028000020646D705F17
:102F10007365745F6F7269656E746174696F6E203A
:102F2000636F6D706C657465202E2E2E2E2E2E0A0A
:102F300000000000646D705F7365745F6F72696597
:102F40006E746174696F6E20636F6D65206163726A
:102F50006F7373206572726F72202E2E2E2E2E2E9E
:102F60000A000000646D705F656E61626C655F668B
:102F700065617475726520636F6D706C6574652032
:102F80002E2E2E2E2E2E0A00646D705F656E6162ED
:102F90006C655F6665617475726520636F6D652031
:102FA0006163726F7373206572726F72202E2E2EA2
:102FB0002E2E2E0A00000000646D705F7365745F32
:102FC0006669666F5F7261746520636F6D706C65B2
:102FD0007465202E2E2E2E2E2E0A0000646D705F3A
:102FE0007365745F6669666F5F7261746520636F95
:102FF0006D65206163726F7373206572726F7220EA
:103000002E2E2E2E2E2E0A006D70755F7365745F46
:10301000646D705F737461746520636F6D706C654F
:103020007465202E2E2E2E2E2E0A00006D70755FD8
:103030007365745F646D705F737461746520636F32
:103040006D65206163726F7373206572726F722099
:103050002E2E2E2E2E2E0A0000100140620000207F
:103060006000002050000020200200205A000020B4
:103070005400002034000020380000203C000020D4
:103080004000002066A64C404400002004F0E0FD13
:10309000044605F079F8CDE90401434801684FF092
:1030A000804004F02DFE834640480168584604F0F5
:1030B00027FE81463E4801684FF0804004F020FE24
:1030C00083463C480168584604F01AFE8246494649
:1030D00004F0BEFD044605F057F80746DDE9042379
:1030E00006F0D2FC4FF06632334BCDE9060104F016
:1030F0001EFF054605F074F8304908602D48016848
:10310000006804F0FDFD039029480168006804F0A0
:10311000F7FD029025480168006804F0F1FD834640
:1031200021480168006804F0EBFD5946019004F065
:103130008FFD8246029904F0DDFD8146039904F07B
:10314000D9FD044605F020F8CDE9040119480168CD
:103150001548006804F0D4FD8246154801681348FC
:10316000006804F0CDFD8346514604F071FD8146B0
:103170004FF0804104F0C4FD044605F005F8074611
:10318000DDE9042306F080FC4FF066320A4BCDE9FE
:10319000060104F0CCFE054605F022F80849086057
:1031A00009B0BDE8F08F0000340000203800002096
:1031B0003C0000204000002066A64C404800002053
:1031C0004C000020704700BFFEE700BFFEE700BFD5
:1031D000FEE700BFFEE770477047704710B51D4817
:1031E0000078401C1B4908701B480078401C1A4995
:1031F00008701A480078401C1849087000F08DFBD0
:1032000017480078401C1649087016480078401C82
:103210001449087014480078401C134908700E487F
:103220000078022806DB01F070FD00F04FFD002061
:103230000949087009480078082806DB00F09AFB65
:103240000020064908700649087000F04FF900F0A8
:10325000EEFA10BDD8000020DD000020D9000020CB
:10326000DA000020DB000020DC00002030B5274819
:103270000068C822B0FBF2F1B1F1807F01D30120D8
:103280001DE021F07F40401E4FF0E02250615017BA
:103290000F22002807DA13071D0E1D4B00F00F0444
:1032A000241F1D5503E013071C0E1A4B1C5400BFAE
:1032B00000204FF0E022906107201061002008B14B
:1032C00000BFFEE74FF0E020006920F001004FF062
:1032D000E021086130BD01B50F49009808604FF04A
:1032E000E020006940F001004FF0E021086100BFDC
:1032F000094800680028FBD108BD0748006820B1D4
:1033000005480068401E044908607047140000200A
:1033100018ED00E000E400E064000020002107E078
:1033200042F6E06100BF0A1EA1F1010399B2FAD191
:10333000021EA0F1010398B2F2D170470020F849B3
:103340000876087048608860F6480068C860002009
:10335000C882704700B502460020F3490870F34860
:103360000260FFF7EBFF0020F1490870F149087097
:10337000F1480078F14908700020F1490860EE48F2
:103380000078F049087000BD00B50020EE490880C3
:10339000EE490880EE490860EE490860EE49086091
:1033A000EE490860EE490860EE490860EE490860A1
:1033B000EE490860EE490860EE490860EE49086091
:1033C000D8490860ED490860ED490860ED4908609A
:1033D000ED490860D8490870EC490870EC4908705C
:1033E000D5480078D54908700020D5490860D248F2
:1033F0000078D44908704FF46170E6490880E648C7
:10340000E64908600120E64908700020E549087097
:10341000E5490870E5490860E5490860E549086044
:10342000E548FFF797FF0020E449086000BD2DE95B
:10343000F041E348006804F0A7FE0446E148D0E903
:1034400000633246204604F0B3FE07D0DD48D0E9E1
:103450000021104604F0C4FED9490860DA4800682B
:1034600004F092FE0446D748D0E902633246204673
:1034700004F09EFE07D0D348D0E90221104604F0A4
:10348000AFFED1490860D148006804F07DFE0446D3
:10349000CC48D0E904633246204604F089FE07D0C8
:1034A000C848D0E90421104604F09AFEC7490860D4
:1034B000C748006804F068FE0446C248D0E90663C5
:1034C0003246204604F074FE07D0BE48D0E90621FB
:1034D000104604F085FEBE4908600020B34908602C
:1034E000B3490860B3490860BDE8F0812DE9F041B7
:1034F000B8480068012810D10020B1490860B648DA
:10350000006804F003FE06460022B44B04F00FFDF1
:10351000044604F065FEAA490860AE480068022827
:1035200012D10020A8490860AD490968A1F1400006
:1035300004F0ECFD06460022AA4B04F0F8FC044619
:1035400004F04EFEA0490860A749B1F9040004F058
:10355000CFFDA6490860A649B1F9040004F0C8FDF2
:10356000A44908600021A448006804F055FE0BD06F
:10357000A249A148006804F04FFE05D3A0499E4827
:10358000006804F053FE05D24FF400519D48FCF74B
:10359000C2FF04E04FF400519A48FCF7BAFF002143
:1035A0009948006804F0A6FB6D4908609049B1F99C
:1035B000000004F09DFD064683480168304604F093
:1035C0009FFB0446674801686548006804F092FB69
:1035D00006467B480168304604F092FB05462146CA
:1035E00004F036FB62490860BDE8F0812DE9F04146
:1035F00004460D46002C0CDA4FF480418348FCF75A
:1036000088FF4FF400418148FCF785FF604204B217
:103610000AE04FF400417D48FCF77BFF4FF4804106
:103620007A48FCF778FF00BF002D0CDA4FF4005108
:103630007648FCF76EFF4FF480517448FCF76BFF3F
:10364000684205B20AE04FF480517048FCF761FF10
:103650004FF400516D48FCF75EFF00BFAFB2A6B259
:1036600031464FF08040FEF793F839464FF08040E6
:10367000FEF790F866496048006804F0D7FD23D350
:1036800064495D48006804F0C7FD02D24FF00108AC
:1036900001E04FF0000800213A48006804F0BCFD4A
:1036A00001D1012000E0002008EA0008002136488E
:1036B000006804F0B1FD01D1012000E0002008EA1B
:1036C0000008B8F1000F0DD000214FF08040FEF748
:1036D0005FF800214FF08040FEF75CF801204E4972
:1036E000086002E000204C4908604C491C48006812
:1036F00004F09CFD05D34A491948006804F08CFD8C
:103700000DD200214FF08040FEF742F800214FF02B
:103710008040FEF73FF801203F49086085E081E0E6
:10372000A000002054010020750000208C00002023
:10373000C7000020C8000020D8000020740000202E
:1037400070000020C9000020260100202401002074
:1037500034010020300100203C010020380100200D
:1037600000010020F000002058010020E4000020AB
:10377000F4000020FC000020F80000209801002048
:1037800094010020600100205C010020D90000208D
:10379000DA000020BC0000203333B33EC00000201C
:1037A000C4000020C5000020C6000020CC0000207E
:1037B000D0000020D40000200000C8424C010020AE
:1037C00010010020F89C00081401002018010020BE
:1037D0001C0100207C0100206C0100200080FB3FC8
:1037E000700100200000C43F5A0000208C0100201E
:1037F0005400002090010020440000200000A0C1DF
:103800000000A0410010014048000020000C0140D1
:1038100000002041000020C1480100200000484273
:10382000000048C20020F8490860BDE8F0812DE999
:10383000F041F6480468F6480168204604F008FAAA
:10384000044600250026F048006898B9F148006851
:1038500020F00047F049384604F0E8FC0AD8EB486D
:10386000006820F00047ED49384604F0D5FC01D847
:1038700000BF00BF2146EA48006804F0E9F90746A6
:10388000294604F0E5F9E74908602146E448006864
:1038900004F030FA0746314604F0DAF9E2490860EC
:1038A000E048006804F043FC00B2B0F57A7F02DD26
:1038B000DE48DC490860DB48006804F038FC00B2F0
:1038C00010F57A7F02DADA48D6490860D6480068EF
:1038D00004F02DFC00B2B0F57A7F02DDD348D24966
:1038E0000860D148006804F022FC00B210F57A7F2D
:1038F00002DACF48CC490860CB48006804F017FCD6
:1039000007B2C848006804F012FC0FFA80F8394684
:103910004046FFF76BFEBDE8F08170B5C548FDF786
:1039200052FF0446C448FDF74EFF0546C3480460F5
:10393000C34805600021BF48FDF722FF0021BE48B3
:10394000FDF71EFF20B2BF490880684200B2BE49A1
:103950000880BE480068BB49B1F900100844BB4963
:103960000860BB480068B849B1F900100844B8497C
:10397000086070BD2DE9FE4FB4490968B44A126869
:10398000881804F0B5FBB3490860B1490968AF4A2B
:103990001268881A04F0ACFB02904FF04041029884
:1039A00004F044FC07D24FF08041029804F034FC4C
:1039B00001D2002002900020A5490860A3490860B8
:1039C000A548006804F0E0FB06464FF06632A34BC2
:1039D00004F0ADFA044604F003FC9F4908609D48DA
:1039E000006804F0D1FB82464FF033329C4B04F068
:1039F0009EFA06460F469848006804F0C5FB8046CC
:103A000032463B4604F0ECF9044604F0E9FB9249E7
:103A1000086094497F48006804F072F901908E486C
:103A20000168019804F066F900908F4800990068D9
:103A300004F00EF98C4908608C498B48006804F04A
:103A4000F5FB02D2894888490860894986480068A0
:103A500004F0E2FB02D2864883490860854800688A
:103A6000032812D100208449086084490968A1F123
:103A7000800004F04BFB06460022814B04F057FA0D
:103A8000044604F0ADFB7C4908607A4800680428CD
:103A900012D100207B4908607B490968A1F1C00070
:103AA00004F034FB06460022784B04F040FA04464A
:103AB00004F096FB73490860724801686A48006820
:103AC00004F01EF904466C480168009804F018F9E7
:103AD0000546214604F0BCF880F000406C490860BF
:103AE0006C496D48006804F0A1FB05D36B496A4836
:103AF000006804F091FB0BD26548006880F0004438
:103B000065480168204604F02DF96549086002E027
:103B100000206349086063496148006804F086FB3F
:103B200002D260485E4908605F495D48006804F061
:103B300073FB02D25C485A49086033480068002889
:103B400052D13448006820F000445849204604F01F
:103B50006DFB49D80021029804F05EFB07D154495F
:103B60005448006804F0CCF8524908600BE0494919
:103B7000029804F0C5F804464E480168204604F057
:103B800067F84C4908604C494A48006804F04EFB0D
:103B900002D249484749086048494648006804F04D
:103BA0003BFB02D24548434908604549029804F06E
:103BB000A7F804463F480168204604F049F8144934
:103BC00008603A491248006804F030FB02D23748D6
:103BD0000F4908603B490E48006804F01DFB11D2F4
:103BE00038480B4908600DE037493248006804F056
:103BF00087F83049086034490548006804F080F8C7
:103C000003490860BDE8FE8F4801002058010020EC
:103C1000D0000020540100200000F0410000C84105
:103C2000F4000020F8000020FC00002000007A448E
:103C300000007AC400040040000800404001002059
:103C40004401002024010020260100203001002032
:103C500034010020380100203C0100206666E63F68
:103C60003333D33F000080BFD40000200000FA456A
:103C70000000FAC57C01002018010020740100201A
:103C80000000DE3F1C010020780100200000C43F3E
:103C9000EC0000206F12833A100100206F1283BAEB
:103CA000F00000200000C0400000C0C00000A042A2
:103CB00048E17A3FCC00002000002042000020C2F2
:103CC0000AD7233C0000A0C2CDCC4C3F2DE9F041E7
:103CD000FE480068002850D1FD48FDF774FD00EB58
:103CE000800000EB00104400204604F00FFA054667
:103CF0000022F84B04F08DF9074604F071FAF649FA
:103D000008600846006804F03FFA044622460B4665
:103D1000F2A004F0A3FCF448007820B90020F34995
:103D20000860BDE8F081EC48006804F02DFA044614
:103D30000022EF4B04F03CFA03D8EE48EB49086050
:103D40001BE0ED49E448006804F070FA01D8012452
:103D500000E000244FF08241DF48006804F05CFA84
:103D600001D8012000E0002004401CB1E348DF49F5
:103D7000086002E00020DD49086000BFD1E72DE9BE
:103D8000FC5FDF480068012878D1DE48D0F800B039
:103D9000DD4800680190DD48B0F90290DC48B0F9D8
:103DA00000A0CD480468484604F0A2F906464FF04A
:103DB0008D4103F0D7FF0546D64903F0A1FFD64950
:103DC0000860504604F094F90646D44903F092FF87
:103DD0000546D34903F0C6FFD2490860584604F0AF
:103DE000D3F90746D04AD14B04F013F9054604F045
:103DF000F7F98346019804F0C7F90546CA4ACB4B48
:103E000004F007F9074604F0EBF901905021C84887
:103E100003F0FAFEC648C7A1096801600A21C64836
:103E200003F0F2FEC54800210160416001810A21D2
:103E3000C34803F0E9FEC3480021016041600181ED
:103E40000A21C14803F0E0FEC04800210160416042
:103E50000181BF49584604F0DFF910D8BD495846E2
:103E600004F0E4F90BD8584604F08EF905462A46CA
:103E70000B46B9A1B04804F001FC02E0C7E0BDE880
:103E8000FC9FB349019804F0C7F90FD8B1490198D4
:103E900004F0CCF90AD8019804F076F905462A46D0
:103EA0000B46ADA1A54804F0E9FB00E0E7E7AC490B
:103EB0009948006804F0BAF911D2AA4996480068F6
:103EC00004F0AAF90BD29448006804F05DF90546A5
:103ED0002A460B46A0A19A4804F0D0FB00E0CEE7AA
:103EE000A1499048006804F0A1F911D29F498D487A
:103EF000006804F091F90BD28A48006804F044F994
:103F000005462A460B4694A18E4804F0B7FB00E014
:103F1000B5E70021204604F089F90FD894492046DE
:103F200004F07AF90AD2204604F02EF905462A4612
:103F30000B4689A1844804F0A1FB00E09FE7002024
:103F400000F03AFF0090009804F0DBF8074689493A
:103F500003F0D6FE06464FF08B4103F003FF054603
:103F6000854903F0C7FE8549086000218348006841
:103F700004F05CF911D87B498048006804F04CF9E2
:103F80000BD27E48006804F0FFF805462A460B462F
:103F900071A16E4804F072FB00E070E76649644866
:103FA00003F03DFE76A1624803F039FE63496048A4
:103FB00003F035FE73A15E4803F031FE60495C48B2
:103FC00003F02DFE70A15A4803F029FE5D495848C0
:103FD00003F025FE6DA1564803F021FE5A495448CE
:103FE00003F01DFE6BA1524803F019FE57495048DB
:103FF00003F015FE68A14E4803F011FE50216748FA
:1040000003F002FE50224A49644803F0E4FD00BF79
:1040100035E710B562480068401E614908603848BD
:104020000068012807D10846006820B9FFF7A7FEFD
:104030005A4800F09CFD5A48006818B941F288308F
:104040005749086010BD70B506460D461446214616
:10405000304604F0EBF801D2204670BD29463046C8
:1040600004F0DAF801D22846F7E73046F5E72DE903
:10407000F04704460E4617461D46DDE90889494AC1
:1040800049493046FFF7DFFF0646464A464938466B
:10409000FFF7D9FF07460021284604F0BDF801D2FA
:1040A00085F00045414A42492846FFF7CCFF0546C6
:1040B000B8F1000F01D14FF0010841F2883080457E
:1040C00000D98046012C00D1002773E06401002054
:1040D000002C014000006940500100206A756C69A5
:1040E0003D25660A00000000750000204C010020FC
:1040F00000001040000096C30000A0400000FA43FA
:1041000080010020F8000020FC0000205A00002060
:1041100054000020CDCC1C418C0100209A19004392
:10412000000003439001002048E17A14AE470F409D
:1041300030020020244C5600480300205203002087
:104140005C03002066030020700300207A03002037
:1041500000007A4400007AC425332E326600000045
:104160000000A0C10000A04100803BC500803B458D
:1041700000401C46CDCC5441CDCC4C3EE00000204C
:104180002C5256002C4143002C4759002C435342DB
:10419000000000002C565400230000008002002084
:1041A0008401002000008243000082C300004040E0
:1041B0000AD7233C042C00D10026FD480470466039
:1041C0008760FC480068FA49C86008460561A0F8A5
:1041D00014800020C88201200876B9F1000F06D0B3
:1041E0000320F5490870F5480078F5490870BDE8E6
:1041F000F0872DE9F04780460C461546EC48007ED6
:1042000020B9002020602860BDE8F08700263DE04E
:10421000E74AD168506803F06DFD074627F0004972
:10422000E3480169484603F0F7FF04D8E0484068D6
:10423000DF49C86013E00021384603F0F7FF07D2DA
:10424000DB4A1169D06803F003FDD949C86006E074
:10425000D74A1169D06803F04DFDD549C860D448EC
:10426000C08AD349898A884204DAD148C08A401C6E
:10427000CF49C882CE48C08ACD49898A884203DBAB
:104280000020CB49087603E0701CC6B24645BFDB70
:1042900000BFC748C0682060C54880682860C4481F
:1042A000007E08B90220AFE70120ADE77CB50446E7
:1042B0000D4616460020C349087001202B460022F7
:1042C0002146CDE90060FFF7D2FE7CBD2DE9FC411F
:1042D00004460D4616461F460FB1012000E000209F
:1042E000B84908700020B8490870B8490870012022
:1042F0002B4600222146CDE90060FFF7B8FEBDE85D
:10430000FC8108B1012100E00021AE4A11700021BA
:10431000AD4A1170AD4A117070477CB504460D4628
:1043200016460120AA4B2A462146CDE9006002200C
:10433000FFF79DFE7CBD7CB504460D461646012068
:10434000A34B2A462146CDE900600320FFF78FFEEC
:104350007CBD7CB504460D4601209D4B22460021C4
:10436000CDE900500420FFF782FE7CBD70B5054604
:104370000C460021284603F04FFF01D285F000458E
:104380000021204603F048FF01D284F00044914808
:1043900005609148046070BD2DE9F04705460C4664
:1043A00016461F46DDF8208025F0004524F0004425
:1043B0008A4A00212846FFF746FE89490860874A55
:1043C00000212046FFF73FFE85494860854806806A
:1043D000008810B90120834908808248008841F292
:1043E0008831884202D908467E49088027F0004972
:1043F0007D4A7E494846FFF726FE7D490860B8F1B0
:10440000000F01D0012000E000207A490870002050
:10441000794908707348008803F073FE8246774933
:1044200003F06EFC81464946754803F09BFC6C49DD
:1044300088607048007808B1724800E072486849A6
:10444000C86000200861FEF779FF01205A49087012
:104450005A4800785A49087000206C490860BDE845
:10446000F0872DE9FF4F85B0834614461D46684905
:10447000204603F0D1FE00D2654C0021129803F0D3
:10448000CBFE01D2002012906249129803F0CEFEBA
:1044900001D2604812902146594803F063FC074658
:1044A000564903F05FFC06464FF07E51304603F05C
:1044B000B3FE01D24FF07E565749304603F0B6FEA8
:1044C00000D2554E4FF07C51304603F0C1FB0746F9
:1044D00003F046FE1FFA80F95049129803F010FCD1
:1044E00007463B4903F0B4FB8246284603F04CFEE6
:1044F000074605F089FBCDE9000103F071FE0021BC
:10450000029003F093FE01D8012000E00020039008
:10451000039853464A46009058460699FFF73CFFD9
:1045200009B0BDE8F08F00B503460A4602202249D3
:104530000870FEF703FF3A4803603A4802601F48DC
:1045400000781F49087000203049086000BD2DE93F
:10455000F05F04460D46D4F80090D5F800A0324F25
:104560003249384603F058FE00D8314F3148D0F870
:1045700000803149404603F059FE61D82F4940463A
:1045800003F04AFE5CD800200F4908700F480078FD
:10459000FF2804D20D480078401C0C4908700B48D5
:1045A000007804287FD34FF00009CA467BE047E03B
:1045B000A00000205401002075000020D800002039
:1045C00074000020C6000020C7000020C8000020A2
:1045D0003333B33E980000209C000020000082434B
:1045E00078000020BC000020000040400AD7233C97
:1045F000C0000020C4000020C50000200AD7A33B53
:10460000DB0FC940DA0FC93FDA0FC9BF70000020C5
:10461000CDCCCC3D6666E63E00409C459A99993FDC
:1046200090000020940000200000C84100003041AC
:104630000000904150010020000020400000204177
:104640007B49404603F0F2FD28D23946404603F04C
:10465000E3FD23D800207749087077480078FF28C9
:1046600004D275480078401C73490870724800787D
:104670000C2818D37148D0F800907148D0F800A0E9
:1046800029F0004B6F49584603F03AFB0646314685
:10469000504603F0CBFD06D2B24604E00020664946
:1046A000087064490870C4F80090C5F800A0BDE81F
:1046B000F09F1CB564480068019000200090694696
:1046C00001A8FFF744FF614901980860604900981C
:1046D000086000205F4908605F4908601CBD2DE943
:1046E000FF415E4805785E480078281AC6B25C48EB
:1046F00005705C48007E40BB5B48007800F001001C
:1047000058B95A48007810B15948406803E05848F1
:10471000406880F0004007460AE05448007820B125
:104720005348406880F0004001E051484068074627
:10473000002050490988CDE900104D4801684E48D5
:104740003A4603680220FFF792FC02AA03A930460A
:10475000FFF74FFD0446022C05D14348007880F056
:1047600001004149087039490398086038490298A6
:104770000860012037490860002037490860BDE81B
:10478000FF817CB53548047835480078201AC5B2D9
:10479000334804706A4601A92846FFF72AFD0646F9
:1047A00016B90020019000902E480078012807D10A
:1047B0003248007820B1694601A8FFF7C8FE04E03E
:1047C00000201D4908701B490870204901980860A5
:1047D0001F490098086001201E49086000201E49FA
:1047E00008607CBD10B526480078E0B1012804D0EF
:1047F000022808D0032815D102E0FFF770FF15E06A
:10480000FFF7BFFF12E01F480068104908601E480C
:1048100000680F49086001200E49086000200E4919
:10482000086003E000BFFFF744FF00BF00BF10BDFA
:1048300000002041C8000020C70000209800002090
:104840009C000020CDCC4C3F8C0000205401002067
:1048500058010020640100204C010020D8000020F5
:1048600074000020A0000020C5000020C40000202B
:1048700078000020BC000020C0000020C6000020FE
:1048800075000020900000209400002000B585B045
:10489000012144F20400FCF74BF84FF40070ADF82E
:1048A000100018208DF8130003208DF8120004A9C1
:1048B000BB48FBF781FD4FF48060ADF81000042089
:1048C0008DF8130004A9B648FBF776FD4FF4E130EC
:1048D00000900020ADF80400ADF80600ADF8080027
:1048E000ADF80C000C20ADF80A006946AD48FCF7A5
:1048F000D4FF0121AB48FDF75CF805B000BD08B559
:104900004FF48060FBF7FCFB27208DF800000420AB
:104910008DF8010001208DF802008DF80300684633
:10492000FBF7F3FB08BD00B585B001218804FCF757
:104930000CF801210820FBF7FBFF4FF48060ADF875
:10494000100018208DF8130003208DF8120004A920
:104950009548FBF731FD4FF40060ADF810000420DE
:104960008DF8130004A99048FBF726FDFFF7C7FF59
:104970004FF4165000900020ADF80400ADF806008A
:10498000ADF80800ADF80C000C20ADF80A0069463F
:104990008648FCF782FF012240F225518348FDF74B
:1049A00014F801218148FDF704F805B000BD70B589
:1049B00004460D46E1B27B48FDF768F800BF402190
:1049C0007848FDF7D1F80128F9D1204670BDF0B53F
:1049D00003460D461646002729460A2E03D000201E
:1049E00008702846F0BD33B9302001F8010B0020D3
:1049F00008702846F6E7002B03DA2D2001F8010B9A
:104A00005B4242F210720DE093FBF2F404B937B14D
:104A100004F1300001F8010B04FB123301270A20D6
:104A200092FBF0F2002AEFDC002008702846D9E75C
:104A30000FB470B586B006460CA8019073E00B98D1
:104A400000785C281CD10B98401C0B9000786E28D5
:104A500009D072280FD10D213046FDF717F80B98B9
:104A6000401C0B900BE00A213046FDF70FF80B9825
:104A7000401C0B9003E00B98401C0B9000BF4BE0D8
:104A80000B980078252840D10B98401C0B9000789B
:104A9000642818D0732833D1019810C801900BE016
:104AA00021783046FCF7F2FF00BF40213046FDF789
:104AB0005BF80028F9D0641C20780028F0D10B980E
:104AC000401C0B9020E0019820C801900A2202A906
:104AD0002846FFF77CFF02AC0BE021783046FCF75C
:104AE000D5FF00BF40213046FDF73EF80028F9D041
:104AF000641C20780028F0D10B98401C0B9003E038
:104B00000B98401C0B9000BF06E00B9810F8011B9F
:104B10000B903046FCF7BAFF00BF40213046FDF74E
:104B200023F80028F9D00B980078002887D106B028
:104B300070BC5DF814FB10B5044621461948FCF71B
:104B4000A5FF00BF40211748FDF70EF80128F9D155
:104B500010BD10B5044621461448FCF797FF00BF6E
:104B600040211248FDF700F80128F9D110BD70B5B9
:104B700005462C4603E02078FFF7EBFF641C207805
:104B80000028F8D170BD70B505462C4603E02078AA
:104B9000FFF7D1FF641C20780028F8D170BD000019
:104BA0000008014000380140000C0140004800406E
:104BB0007FB504460D460121C802FBF7B9FE41F25C
:104BC0008830ADF8080041F61F40ADF80400012020
:104BD000ADF80A000020ADF8060001A91148FBF766
:104BE000DFFF012241210F48FCF751FB19208DF80E
:104BF000000003208DF8010000208DF80200012044
:104C00008DF803006846FBF780FA7FBD10B50121DF
:104C10000448FCF7EAFD18B101210248FCF7F6FD53
:104C200010BD0000002C01401FB501213D48FBF7DD
:104C300094FC01210920FBF77BFE0120ADF80C005C
:104C400010208DF80F0003208DF80E0003A93648C0
:104C5000FBF7B2FB0220ADF80C0028208DF80F0006
:104C600003A93148FBF7A8FB01210846FBF7BAFC72
:104C70000220019000208DF8080008208DF809001E
:104C800001208DF80A0001A8FBF7B6FA07208DF87D
:104C9000000003208DF8010001208DF802008DF83E
:104CA00003006846FBF731FA1FBD10B50220FBF781
:104CB00009FB48B300211D48FCF762FD01211B4898
:104CC000FCF7CAFA01201A49086012E01748FCF7FD
:104CD0007AFD3C2807DB00211448FCF7BDFA0020D0
:104CE0001349086005E002210F48FBF7F8FB104963
:104CF00008600F4800680028E8D100210B48FCF745
:104D0000ABFA0220FBF7EFFA10BD10B501210648FF
:104D1000FBF7FFFB0C20FDF799FA01210248FBF796
:104D2000FAFB10BD00023000000C0140002C0140D5
:104D3000E801002000B587B001214FF40170FBF7B6
:104D4000F7FD4FF40040FBF757FD0120ADF80400DC
:104D500000208DF8070001A92348FBF72DFB23480D
:104D6000FCF75CFF002002908DF80C008DF80D0020
:104D70004FF4602004900020059001208DF8180069
:104D800002A91A48FCF771FF01211848FCF799FFA6
:104D90001648FCF7B8FF00BF1448FCF7B9FF00281D
:104DA000FAD11248FCF7BEFF00BF1048FCF7BFFF66
:104DB0000028FAD107B000BD10B504460723012230
:104DC00021460A48FCF7E9FF01210848FCF7B9FF32
:104DD00000BF02210548FDF725F90028F9D0034856
:104DE000FDF742F810BD000000080140002401401A
:104DF0000648804706480047FEE7FEE7FEE7FEE775
:104E0000FEE7FEE7FEE7FEE7FEE7FEE74B210008D0
:104E1000ED00000838B50446FB4890F82400C0B106
:104E200014B10220009001E000200090F64A1268C0
:104E3000D17BF54A526810786B460122FDF773FB6F
:104E400010B14FF0FF3038BD9DF80010EE484174AE
:104E500023E0ED48807A10B94FF0FF30F3E724B13A
:104E6000E948407C08B10020EDE714B10120009032
:104E700001E000200090E44A1268D17BE24A5268C7
:104E800010786B460122FDF74EFB10B14FF0FF305A
:104E9000D9E79DF80010DC4841740020D3E738B50D
:104EA000002419E0D8480068C07AA04204D0D6484F
:104EB0000068407DA04200D10CE0D34949680878E1
:104EC0006B4601222146FDF77DFB10B14FF0FF300C
:104ED00038BD00BF601CC4B2CB4840680079A04216
:104EE000E0DC0020F4E770B504460D46C6480068D3
:104EF000C07AA04204D0C4480068407DA04202D1DC
:104F00004FF0FF3070BDC04840680079A04202DC1D
:104F10004FF0FF30F6E7BC49496808782B4601227C
:104F20002146FDF74FFBEDE738B50446B64890F84B
:104F30002300A04201D1002038BD14B130200090E0
:104F400001E000200090B048807C20B19DF8000076
:104F500040F002000090AC4890F8220020B19DF88B
:104F6000000040F080000090A74A1268117DA64A18
:104F7000526810786B460122FDF7D5FA10B14FF058
:104F8000FF30D9E7A04880F823400020D4E738B5A7
:104F9000044604F0700010B10120009005E014B147
:104FA0000020009001E040200090974A1268917C18
:104FB000954A526810786B460122FDF7B4FA20B189
:104FC000002191488172481E38BD9DF8000020F0F4
:104FD00040018D4801730020009004F0400020B98A
:104FE0009DF8000040F00400009004F0200020B97B
:104FF0009DF8000040F00200009004F0100020B97D
:105000009DF8000040F00100009004F0080020B975
:105010009DF8000040F0380000907B4A1268D17C77
:10502000794A526810786B460122FDF77CFA20B16C
:10503000002175488172481EC6E724B1082C02D0B1
:105040000020FFF771FF7048847200210175322043
:10505000FDF709F90020B7E738B504466A48807CB7
:10506000A04201D1002038BD002C46D0664A12680B
:105070001179654A526810786B460122FDF7A2FA51
:1050800010B14FF0FF30EEE79DF8000020F0200057
:1050900000905D4A126811795B4A526810786B463D
:1050A0000122FDF740FA10B14FF0FF30DBE703209B
:1050B000FDF7D9F802200090534890F8220020B163
:1050C0009DF8000040F0800000904F4890F82300C9
:1050D00020B19DF8000040F0300000904A4A12686C
:1050E000117D494A526810786B460122FDF71BFA80
:1050F000002851D04FF0FF30B5E7434A12681179CC
:10510000414A526810786B460122FDF75BFA10B1F4
:105110004FF0FF30A7E73C48807A00F0010028B14B
:105120009DF8000040F02000009004E09DF8000091
:1051300020F020000090344A12681179324A5268F7
:1051400010786B460122FDF7EEF910B14FF0FF30F9
:1051500089E70320FDF787F82B4890F8220010B16B
:105160008020009001E000200090274890F8230064
:1051700020B19DF8000040F030000090224A1268F3
:10518000117D214A526810786B460122FDF7CBF958
:1051900010B14FF0FF3066E71B488474002062E7CF
:1051A00008B51948807A10B94FF0FF3008BD0020CB
:1051B0000090154A1268D17B134A526810786B46EA
:1051C0000122FDF7B0F910B14FF0FF30EEE70E4AC3
:1051D000126851790C4A526810786B460122FDF72B
:1051E000A2F910B14FF0FF30E0E7074A12681179D9
:1051F000054A526810786B460122FDF794F928B1F0
:105200004FF0FF30D2E70000EC010020F74890F8A3
:105210002400002853D00C200090F44A1268117921
:10522000F24A526810786B460122FDF77CF910B102
:105230004FF0FF30BAE73220FDF715F8C02000909C
:10524000EA48807A00F0010020B19DF8000040F0AB
:1052500020000090E54A12681179E44A52681078FB
:105260006B460122FDF75FF910B14FF0FF309DE76B
:10527000DE48407C10B10220009001E00020009048
:10528000DA4A1268D17BD94A526810786B460122FB
:10529000FDF749F910B14FF0FF3087E7002000908B
:1052A000D24A12685179D14A526810786B4601226D
:1052B000FDF739F9002855D04FF0FF3076E704208C
:1052C0000090CA4A12681179C84A526810786B4631
:1052D0000122FDF728F910B14FF0FF3066E7C3480F
:1052E000807C20B9C148807A00F0010010B94020CC
:1052F000009001E060200090BC4A12681179BB4A1E
:10530000526810786B460122FDF70DF910B14FF08D
:10531000FF304BE73220FCF7A6FFB448407C10B1C9
:105320000120009001E000200090B04A1268D17B7B
:10533000AE4A526810786B460122FDF7F4F810B1BE
:105340004FF0FF3032E7A94A12685179A74A5268F4
:105350001078A64B10330122FDF7E5F810B14FF09D
:10536000FF3023E7002021E770B50446002624F033
:1053700001049E4890F8240008B1002070BD9B48AD
:10538000807A10B94FF0FF30F8E79848057C807AB2
:105390002040964908740846007CA04202D04FF095
:1053A000FF3600E0002614B99048007D18B10120B6
:1053B000FFF730FD02E00020FFF72CFD3CB1FFF7C6
:1053C000EFFE20B1894805744FF0FF30D6E7304634
:1053D000D4E738B504468548807A10B94FF0FF30DD
:1053E00038BDBC2C02DB0120009015E0622C02DBF2
:1053F0000220009010E02A2C02DB032000900BE03A
:10540000142C02DB0420009006E00A2C02DB0520AD
:10541000009001E0062000907448C07A9DF80010CA
:10542000884201D10020DBE7704A126891786F4A08
:10543000526810786B460122FDF775F810B14FF0F5
:10544000FF30CDE79DF800106848C1720020C7E723
:1054500038B50446282C02DD4FF0FF3038BDDCB9EA
:105460000020FFF761FD00208DF8000007208DF877
:1054700001005E4A1268917C5C4A526810786B4663
:105480000222FDF750F810B14FF0FF30E6E700219F
:10549000564801750020E1E70120FFF745FD202077
:1054A0008DF80000012C06D100208DF801000520A8
:1054B000FFF78FFF17E0052C06DC01208DF80100B7
:1054C0000520FFF786FF0EE0142C06DC02208DF885
:1054D00001000A20FFF77DFF05E003208DF80100A1
:1054E0001420FFF776FF9DF80100072101EB8010E3
:1054F000C0B28DF801003D4A1268917C3B4A526867
:1055000010786B460222FDF70EF810B14FF0FF3015
:10551000A4E708213548817200210173012101753A
:105520000020FFF721FF002098E738B504462F48F8
:10553000807A10B94FF0FF3038BD2C4890F8240025
:1055400010B14FF0FF30F7E72848007D50B134B17B
:10555000282C04DCE0B2FFF77BFF0020ECE7002002
:10556000FFF776FF042C01DA042404E0B4F57A7F17
:1055700001DD4FF47A744FF47A7090FBF4F0401E22
:10558000C0B20090194A12685178184A52681078CF
:105590006B460122FCF7C7FF10B14FF0FF30CBE79D
:1055A0009DF80000401C4FF47A7191FBF0F081B23D
:1055B0000E48C1810146C9894810FFF70AFF002043
:1055C000BAE738B504460948807A10B94FF0FF3081
:1055D00038BD022C06D0042C0AD0082C0BD0102C7D
:1055E0000FD10BE0002000900EE00000EC01002045
:1055F0000820009008E01020009005E0182000909E
:1056000002E04FF0FF30E3E700BFF848407A9DF832
:105610000010B0EBE10F01D10020D9E7F34A126886
:10562000D179F24A526810786B460122FCF77BFF71
:1056300010B14FF0FF30CBE79DF80000C110EB48F0
:1056400041720020C4E738B50446E848807A10B9B2
:105650004FF0FF3038BDFA2C09D0B4F5FA7F09D0ED
:10566000B4F57A7F09D0B4F5FA6F0CD108E00020C8
:1056700000900BE00820009008E01020009005E06A
:105680001820009002E04FF0FF30E3E700BFD7485A
:10569000007A9DF80010B0EBE10F01D10020D9E7AE
:1056A000D24A12689179D14A526810786B46012229
:1056B000FCF739FF10B14FF0FF30CBE79DF8000049
:1056C000C010CA4908720020C4E71CB580208DF8BC
:1056D0000000C64A1268917CC44A526810786B4632
:1056E0000122FCF720FF10B14FF0FF301CBD6420F9
:1056F000FCF7B9FD00208DF80000BC4A1268917CCF
:10570000BA4A526810786B460122FCF70CFF10B1C0
:105710004FF0FF30EAE7B54A1268917DB34A52680C
:1057200010786B460622FCF74DFF10B14FF0FF30AA
:10573000DCE79DF80500C007400F9DF8031001F05D
:10574000010140EA41009DF8011001F0010140EA29
:1057500001048CB1012C03D10121A448C17430E0B3
:10576000022C03D10021A148C1742AE0A0A0FFF7B8
:105770000AFA4FF0FF30B9E79C4A1268D1789B4A89
:10578000526810786B460122FCF71CFF10B14FF0F5
:10579000FF30ABE79DF8000000F00F042CB99E48E5
:1057A000FFF7F1F94FF0FF30A0E7042C06D19BA0E2
:1057B000FFF7E9F901218D48C17402E000218B480F
:1057C000C174FF2189488172FF2088490872FF2136
:1057D00086484172C1724FF6FF71C181FF21017489
:1057E00081740121017380F82210002180F82310B8
:1057F000417501751630016041608160163880F88E
:10580000241080F82510C1844FF4FA60FFF71BFFC5
:1058100010B14FF0FF3069E70220FFF7D2FE10B160
:105820004FF0FF3062E72A20FFF7D3FD10B14FF0B1
:10583000FF305BE73220FFF778FE10B14FF0FF300A
:1058400054E70020FFF790FD10B14FF0FF304DE717
:105850000020FFF701FC10B14FF0FF3046E70020B9
:10586000FFF795FB002041E77CB504460D465F48F5
:10587000807A00F0700010B94FF0FF307CBD5B4AB9
:105880001268117B594A526810786B460622FCF761
:1058900099FE10B14FF0FF30F0E79DF801009DF840
:1058A000001040EA012000B220809DF803009DF81E
:1058B000021040EA012000B260809DF805009DF8CA
:1058C000041040EA012000B2A08015B12846FCF780
:1058D000D6FC0020D2E77CB504460D464348807ACA
:1058E00000F0080010B94FF0FF307CBD3F4A12684D
:1058F000517B3E4A526810786B460622FCF762FEE6
:1059000010B14FF0FF30F0E79DF801009DF8001056
:1059100040EA012000B220809DF803009DF80210AB
:1059200040EA012000B260809DF805009DF8041057
:1059300040EA012000B2A08015B12846FCF79FFC88
:105940000020D2E72DE9FE4F05460C462748807A15
:1059500018B94FF0FF30BDE8FE8F244A1268917BE2
:10596000224A5268107802AB0222FCF72BFE10B1DB
:105970004FF0FF30EFE79DF809009DF8081040EA6E
:10598000012006B214B12046FCF779FC174949689A
:10599000C88802F0B6FB154901904968B1F90800C2
:1059A00002F0A6FB8346304602F0A2FB5946009067
:1059B00002F0A0F98246019902F0D4F981461F490C
:1059C00002F046F980464FF08F4102F099F9074600
:1059D00002F0ADFB28600020BDE710B588B004469A
:1059E0001CB94FF0FF3008B010BD29E0EC010020D9
:1059F000556E737570706F7274656420736F667422
:105A0000776172652070726F647563742072657659
:105A10002025642E0A00000070AB000848616C6607
:105A20002073656E73697469766974792070617228
:105A30007420666F756E642E0A00000000000C4230
:105A4000206830B9606820B9A06810B9002008B09B
:105A500010BDFA494968087806AB03221146FCF7E5
:105A6000B1FD10B14FF0FF30F1E79DF818000821AB
:105A700001EB201000F00F00ADF800009DF81900B8
:105A800001EB201000F00F00ADF802009DF81A00A5
:105A900001EB201000F00F00ADF804002068410079
:105AA000BDF90000403091FBF0F000B2ADF81000FD
:105AB00060684100BDF90200403091FBF0F000B297
:105AC000ADF81200A0684100BDF90400403091FB20
:105AD000F0F000B2ADF81400D8494968087806AB78
:105AE00006221146FCF76EFD10B14FF0FF30AEE715
:105AF0009DF819009DF8181040EA012000B2ADF899
:105B000008009DF81B009DF81A1040EA012000B221
:105B1000ADF80A009DF81D009DF81C1040EA012018
:105B200000B2ADF80C00BDF81000BDF80810084434
:105B300000B2ADF81000BDF81200BDF80A1008441C
:105B400000B2ADF81200BDF81400BDF80C10084406
:105B500000B2ADF81400BDF81000000A8DF818006E
:105B6000BDF81000C0B28DF81900BDF81200000A8F
:105B70008DF81A00BDF81200C0B28DF81B00BDF8F8
:105B80001400000A8DF81C00BDF81400C0B28DF896
:105B90001D00AA494968087806AB06221146FCF7A1
:105BA000C2FC10B14FF0FF3051E700204FE7014633
:105BB000A248007A30B1012807D0022809D0032872
:105BC0000FD10AE0FA2008800EE04FF4FA70088046
:105BD0000AE04FF47A70088006E04FF4FA6008801B
:105BE00002E00020088000BF00BF0020704701468F
:105BF0009248407A30B1012807D0022808D0032803
:105C00000CD108E0022008700BE00420087008E0C6
:105C10000820087005E01020087002E04FF0FF3007
:105C2000704700BF8548C07C18B108784006000E58
:105C300008700020F4E701468048C07A082817D28F
:105C4000DFE800F01704070A0D101318BC200880C5
:105C500013E06220088010E02A2008800DE0142064
:105C600008800AE00A20088007E00520088004E098
:105C700000BF00BF0020088000BF00BF00207047A9
:105C800001466E4890F8240010B14FF0FF30704785
:105C90006A48C08908800020F9E701460020088092
:105CA000401E704701464FF0FF3070470146634881
:105CB000007A30B1012807D0022808D003280CD17F
:105CC00008E05F4808600BE05E48086008E05E4856
:105CD000086005E05D48086002E04FF0FF30704763
:105CE00000BF0020FBE701465448407A30B101284C
:105CF00008D002280AD0032810D10BE04FF48040CE
:105D000008800EE041F69C7008800AE04FF4805055
:105D1000088006E04FF40060088002E04FF0FF309A
:105D2000704700BF4548C07C10B10888401008800B
:105D30000020F5E701464148007C087000207047CC
:105D400001463E48807A10B10120087001E0002031
:105D500008700020704738B504463848807A10B97A
:105D60004FF0FF3038BD354A1268117C334A526813
:105D700010786B460222FCF725FC10B14FF0FF3083
:105D8000F0E79DF801009DF8001040EA012000B204
:105D900020800020E6E72DE9FE4F07468846924620
:105DA0001D46DDF830B000260024244890F8240079
:105DB00010B1601EBDE8FE8F002028701F48807A59
:105DC00010B94FF0FF30F5E71C48007C10B94FF0D8
:105DD000FF30EFE71948007C00F0400008B1B01C2C
:105DE000C6B21648007C00F0200008B1B01CC6B254
:105DF0001248007C00F0100008B1B01CC6B20F4879
:105E0000007C00F0080008B1B01DC6B20B4A126851
:105E1000917A0A4A526810786B460222FCF7D2FB4C
:105E200010B14FF0FF30C5E79DF801009DF800105C
:105E300040EA0129B1450BDA0020BBE7EC01002064
:105E40000000034300008342333303423333834172
:105E5000FC4840684088B9EB600F17DDF94A1268CA
:105E6000517CF84A526810786B460122FCF7AAFB75
:105E700010B14FF0FF309DE79DF8000000F01000DA
:105E800020B1FFF78DF96FF0010093E75046FCF762
:105E9000F6F9EC4A1268D17AEA4A526810786B46F1
:105EA0003246FCF78FFB10B14FF0FF3082E799FBD1
:105EB000F6F0401E8BF8000000202870B4422AD073
:105EC000E048007C00F0080028B3601C1DF80000CA
:105ED0001DF8041040EA012000B2A8F80000E01C00
:105EE0001DF80010A01C1DF8000041EA002000B2BF
:105EF000A8F80200601D1DF80010201D1DF800000C
:105F000041EA002000B2A8F80400287840F0080018
:105F10002870A01D84B2B44213D0CA48007C00F09F
:105F2000400070B1601C1DF800001DF8041040EA2C
:105F3000012000B23880287840F040002870A01C72
:105F400084B2B44213D0BF48007C00F0200070B18E
:105F5000601C1DF800001DF8041040EA012000B28A
:105F60007880287840F020002870A01C84B2B442C9
:105F700013D0B448007C00F0100070B1601C1DF814
:105F800000001DF8041040EA012000B2B880287813
:105F900040F010002870A01C84B200200AE7F8B579
:105FA00004460F461646A74890F8240010B94FF053
:105FB000FF30F8BDA348807A10B94FF0FF30F8E702
:105FC000A04A1268917A9F4A526810786B46022262
:105FD000FCF7F8FA10B14FF0FF30EAE79DF8010046
:105FE0009DF8001040EA0125A54203DA0020307038
:105FF000401EDEE7934840684088B5EB600F17DD30
:10600000904A1268517C8F4A526810786B46012280
:10601000FCF7D8FA10B14FF0FF30CAE79DF8000046
:1060200000F0100020B1FFF7BBF86FF00100C0E7EF
:10603000E2B2844B1B68D97A824B5B6818783B4686
:10604000FCF7C0FA10B14FF0FF30B2E795FBF4F067
:10605000401E30700020ACE701467A4880F82210DC
:10606000002070477CB5054676494968087801AB41
:1060700004220D21FCF7A6FA08B107207CBD9DF88B
:106080000700C0F301109DF8041001F0E00140EAA0
:10609000E1008DF800009DF80700C0F381009DF835
:1060A000051001F0E00140EAE1008DF801009DF8E3
:1060B000070000F003009DF8061001F0E00140EA3F
:1060C000E1008DF8020000241CE01DF8040018B95E
:1060D000002045F8240013E05B4845F8240006E062
:1060E00055F82400594901F00BFE45F824001DF82D
:1060F0000400401EC0B20DF804000028F0D100BF1B
:10610000601CC4B2032CE0DB0020B7E72DE9FE4F92
:1061100006460F4600256846FFF7A4FF002442E02C
:1061200056F8240057F82410A0EB010ABAF1000F2A
:1061300001DB514601E0CAF10001084601F0D8FF39
:1061400083464FF08F4101F00DFE80465DF824003C
:10615000002102F061F816D05DF82410404601F0ED
:1061600001FE82464FF07E5101F0C4FD814629F0C8
:10617000004A3748416A504602F058F812D20120CE
:10618000A04005430EE03248C169404602F044F8A1
:1061900005D32F48016A404602F048F802D2012098
:1061A000A0400543641C032CBADB2846BDE8FE8FE3
:1061B0002DE9FC5F06460F4600252249496808780C
:1061C00001AB03220D21FCF7FDF910B10720BDE85A
:1061D000FC9F9DF8040000F01F008DF804009DF85E
:1061E000050000F01F008DF805009DF8060000F086
:1061F0001F008DF80600002462E056F8240057F8CE
:106200002410A0EB010BBBF1000F01DB594601E0AC
:10621000CBF10001084601F06BFF4FF08F41009079
:1062200001F0A0FD814601A8005DC0B308490868DF
:1062300001F067FF83465946064801F093FD80460A
:106240000FE00000EC0100207B14AE3E1D5A843F9D
:10625000409D000800B04C45FE49404601F050FD0D
:10626000804601A8005D401EC0B201A90855002863
:10627000F2D14146484601F075FD83464FF07E510C
:1062800001F038FD82462AF0004BF34881695846F8
:1062900001F0CCFF13D20120A04005430FE0FFE73F
:1062A000ED480169484601F0B7FF05D3EA48416966
:1062B000484601F0BBFF02D20120A0400543641C08
:1062C000032C9ADB284682E72DE9F04F87B005467C
:1062D0000C46914601208DF8100000208DF8110029
:1062E000DE4A1268917CDD4A5268107804AB0222C3
:1062F000FCF719F920B14FF0FF3007B0BDE8F08F7F
:10630000C820FBF7B0FF00208DF81000D34A1268B8
:10631000D17BD24A5268107804AB0122FCF703F912
:1063200010B14FF0FF30E8E7CC4A12685179CB4A00
:106330005268107804AB0122FCF7F5F810B14FF069
:10634000FF30DAE7C54A1268917CC44A5268107877
:1063500004AB0122FCF7E7F810B14FF0FF30CCE7B7
:10636000BE4A1268D17DBD4A5268107804AB012242
:10637000FCF7D9F810B14FF0FF30BEE7B74A12680A
:106380001179B64A5268107804AB0122FCF7CBF8B9
:1063900010B14FF0FF30B0E70C208DF81000AF4A7D
:1063A00012681179AD4A5268107804AB0122FCF7EB
:1063B000BAF810B14FF0FF309FE70F20FBF753FF03
:1063C000A648806A407A8DF81000A44A1268917835
:1063D000A24A5268107804AB0122FCF7A4F810B16D
:1063E0004FF0FF3089E79D48806A007A8DF81000F1
:1063F0009A4A12685178994A5268107804AB01227F
:10640000FCF791F810B14FF0FF3076E7B9F1000FCB
:1064100007D09248806A807A40F0E0008DF8100042
:1064200004E08E48806A807A8DF810008B4A1268EA
:1064300091798A4A5268107804AB0122FCF773F80C
:1064400010B14FF0FF3058E7B9F1000F07D0834883
:10645000806AC07A40F0E0008DF8100003E07E48CA
:10646000C07A8DF810007D4A1268D1797B4A526853
:10647000107804AB0122FCF756F810B14FF0FF3052
:106480003BE7B9F1000F02D0C820FBF7ECFE40203B
:106490008DF81000714A12681179704A52681078AC
:1064A00004AB0122FCF73FF810B14FF0FF3024E7B6
:1064B00078208DF81000694A12685179674A52684D
:1064C000107804AB0122FCF72EF810B14FF0FF302A
:1064D00013E761498889FBF7C6FE00208DF810009C
:1064E0005E4A126851795D4A5268107804AB012205
:1064F000FCF719F810B14FF0FF30FEE6574A12686A
:10650000917A564A5268107804AB0222FCF75AF886
:1065100010B14FF0FF30F0E69DF811009DF810101B
:1065200040EA012B0C209BFBF0F0C6B20020A860D3
:1065300068602860A06060602060824665E0474A2D
:106540001268D17A454A5268107804AB0C22FCF7E5
:1065500039F810B14FF0FF30CFE69DF811009DF8EB
:10656000101040EA012000B2ADF808009DF81300B9
:106570009DF8121040EA012000B2ADF80A009DF823
:1065800015009DF8141040EA012000B2ADF80C008F
:10659000BDF90810206808442060BDF90A10606841
:1065A00008446060BDF90C10A0680844A0609DF824
:1065B00017009DF8161040EA012000B2ADF8000067
:1065C0009DF819009DF8181040EA012000B2ADF8BE
:1065D00002009DF81B009DF81A1040EA012000B24D
:1065E000ADF80400BDF90010286808442860BDF922
:1065F0000210686808446860BDF90410A86808447F
:10660000A8600AF1010000F0FF0AB24597DB1248CA
:10661000D0F800C02868C117090441EA10410704F6
:1066200062460023384601F0A5FA32460023CDE940
:10663000020101F09FFA28600748D0F800C068689E
:10664000C117090441EA1041070462460023384695
:1066500006E0000054E3853F409D0008EC01002067
:1066600001F088FA32460023CDE9020101F082FAF6
:106670006860FE48D0F800C0A868C117090441EA64
:106680001041070462460023384601F073FA32468F
:106690000023CDE9020101F06DFAA860F348D0F8BB
:1066A00004C02168C817000440EA11480F0462467C
:1066B00000233846414601F05DFA32460023CDE919
:1066C000020101F057FA2060E848D0F804C0606881
:1066D000C117090441EA1041070462460023384605
:1066E00001F048FA32460023CDE9020101F042FAF6
:1066F0006060DE48D0F804C0A068C117090441EA10
:106700001041070462460023384601F033FA32464E
:106710000023CDE9020101F02DFAA060A068002855
:1067200004DDA068A0F58030A06003E0A06800F55B
:106730008030A0600020E0E538B50446CC4890F8F1
:106740002400A04201D1002038BD24B3C84890F8ED
:10675000250010B94FF0FF30F6E70020FEF75AFB96
:106760000020FEF779FCC249C88CFEF7DEFE00204F
:106770000090BF49496808786B4601222321FBF746
:10678000D2FE0121BA4880F824100120FEF742FB16
:10679000FEF706FD13E00020FEF73CFBB448007C4A
:1067A0000090B349496808786B4601222321FBF722
:1067B000BAFE0021AE4880F82410FEF7F1FC00205C
:1067C000C2E72DE9F04F8DB083460F4602200C90B2
:1067D000A74890F8240020B10020FFF7ADFF012664
:1067E00000E0002603A8FFF7E2F905A8FFF7FFF98C
:1067F00001A8FFF720FA02A8FFF742FA9C4890F898
:106800000AA004A8FFF796FA002407E00022394600
:106810005846FFF759FD00B902E0641C022CF5DB75
:1068200000BF022C01D1002528E0002407E001224E
:1068300006A909A8FFF748FD00B902E0641C022C74
:10684000F5DB00BF022C01D1002517E006A9384670
:10685000FFF75CFC00F0FF0809A95846FFF7A8FC09
:1068600000F0FF090025B9F1000F01D145F0010545
:10687000B8F1000F01D145F0020500BFFF207C49AF
:106880000872FF217A484172C1724FF6FF71C181CF
:10689000FF218172017401210173BDF80C00FEF724
:1068A000D2FE9DF81400FEF78CFEBDF80400FEF742
:1068B00090FDBDF80800FEF738FE5046FEF767FB76
:1068C0009DF81000FEF750FD16B10120FFF734FFD0
:1068D00028460DB0BDE8F08FF8B504460D461646C3
:1068E00016B94FF0FF30F8BD6148807A10B94FF00B
:1068F000FF30F8E720128DF80000E0B28DF80100BB
:106900009DF8010028445A4949684989884202DDB6
:106910004FF0FF30E7E7564A1268117E544A52683A
:1069200010786B460222FBF7FEFD10B14FF0FF30EE
:10693000D9E7EAB24E4B1B68597D4D4B5B6818781E
:106940003346FBF7F0FD10B14FF0FF30CBE70020EE
:10695000C9E7F8B504460D46164616B94FF0FF30A4
:10696000F8BD4348807A10B94FF0FF30F8E72012A5
:106970008DF80000E0B28DF801009DF80100284478
:106980003B4949684989884202DD4FF0FF30E7E71B
:10699000374A1268117E364A526810786B460222D6
:1069A000FBF7C1FD10B14FF0FF30D9E7EAB2304B31
:1069B0001B68597D2E4B5B6818783346FBF702FE47
:1069C00010B14FF0FF30CBE70020C9E72DE9F043CD
:1069D00085B005460E4690469946254890F8250014
:1069E00020B14FF0FF3005B0BDE8F08316B94FF08D
:1069F000FF30F8E7002423E0281B102801DD1020D9
:106A000000E0281B87B2321939462046FFF764FFA1
:106A100010B14FF0FF30E6E701AA39462046FFF7F4
:106A200098FF10B14FF0FF30DDE730193A4601A969
:106A300001F001F910B16FF00100D4E7E01984B260
:106A4000AC42D9DB4FEA28208DF8000008F0FF00A7
:106A50008DF80100064A1268917E054A5268107846
:106A60006B460222FBF75FFD38B103E0409D000852
:106A7000EC0100204FF0FF30B5E701218A4880F893
:106A80002510A0F826900020ADE70146864890F832
:106A9000240008700020704702464FF0FF30704716
:106AA00001464FF0FF307047F8B505460F461446D3
:106AB000002C70D0B5F5FF5F01DDFF2605E0202D2D
:106AC00001DA012601E0C5F3471607B90127282C92
:106AD00002DD4FF0FF30F8BD7348407D28BB72489F
:106AE00090F8240038B10020FFF726FE01216E48FF
:106AF00080F8201003E000216B4880F820106A48DD
:106B00001630FFF754F868481830FFF770F86648F9
:106B10001A30FFF790F864481C30FFF7B1F862486C
:106B2000817A81771F30FFF705F90020FEF772F9AF
:106B30000020FEF78DFC00208DF800005A4A1268F4
:106B40009178594A526810786B460122FBF7EBFCAA
:106B500010B14FF0FF30BEE740208DF80000524AE0
:106B60001268D17B504A526810786B460122FBF7BD
:106B7000DAFC00B165E08DF800608DF801704A4ADA
:106B80001268117A484A526810786B460222FBF765
:106B9000CAFC08B155E047E00520FBF764FB42481A
:106BA000407A072101EBC000C0B28DF800003E4AD8
:106BB0001268D1793C4A526810786B460122FBF783
:106BC000B2FC00B13DE020208DF80000012C03D183
:106BD00000208DF801000EE0052C03DC01208DF86B
:106BE000010008E0142C03DC02208DF8010002E013
:106BF00003208DF801009DF80100072101EB8010B2
:106C0000C0B28DF80100284A1268917C264A526869
:106C100010786B460222FBF786FC00B111E00121DF
:106C200021484175002056E71F4A1632002103E033
:106C3000505C00B105E0491C0C29F9D34FF0FF303E
:106C400049E7FF2018490872FF2117484172C172B5
:106C50004FF6FF71C181FF2181720174012101731F
:106C60000146887FFEF793F90F49C88AFEF7EBFCCF
:106C70000D49087EFEF7A5FC0B49488BFEF7A9FBE2
:106C80000949888BFEF751FC0749C87FFEF76CFB6A
:106C9000054890F8200010B10120FFF74DFD0021BC
:106CA00001484175002016E7EC01002010B5C8230B
:106CB0004FF48062F74940F6F630FFF787FE10BDCB
:106CC00010B586B00446F4A000680390F3A00068F5
:106CD0000290F3A000680190F2A00068009004F018
:106CE000030003A9085C8DF8140003A8C4F3C101D4
:106CF000405C8DF8150003A8C4F38111405C8DF849
:106D0000160004F0030002A9085C8DF8100002A828
:106D1000C4F3C101405C8DF8110002A8C4F38111D5
:106D2000405C8DF8120005AA032140F22640FFF7CF
:106D3000D3FD18B14FF0FF3006B010BD04AA0321F7
:106D400040F22A40FFF7C8FD10B14FF0FF30F3E7E3
:106D5000019805900098049004F0040058B19DF843
:106D6000140040F001008DF814009DF8100040F070
:106D700001008DF8100004F0200058B19DF81500B6
:106D800040F001008DF815009DF8110040F0010061
:106D90008DF8110004F4807058B19DF8160040F091
:106DA00001008DF816009DF8120040F001008DF8EA
:106DB000120005AA03214FF48860FFF78DFD10B182
:106DC0004FF0FF30B8E704AA032140F23140FFF74B
:106DD00083FD10B14FF0FF30AEE7B34804810020CF
:106DE000AAE71FB50446B048007A00F0030054F843
:106DF00020000190AC48007A00F0040010B1019826
:106E000040420190A848007AC0F3C10054F8200025
:106E10000290A548007A00F0200010B1029840428C
:106E20000290A148007AC0F3811054F8200003902A
:106E30009D48008900F4807010B10398404203908F
:106E40009A49019880FB0101800F40EA810001907E
:106E50009649029880FB0110820042EA91700290EC
:106E60009249039880FB0110820042EA91700390DE
:106E70000198000E8DF800000198000C8DF80100BB
:106E80000198000A8DF802000198C0B28DF8030045
:106E90006A4604214FF47470FFF71EFD18B14FF0DD
:106EA000FF3004B010BD0298000E8DF8000002986B
:106EB000000C8DF801000298000A8DF8020002987B
:106EC000C0B28DF803006A4604214FF47570FFF7D5
:106ED00003FD10B14FF0FF30E3E70398000E8DF88B
:106EE00000000398000C8DF801000398000A8DF84B
:106EF00002000398C0B28DF803006A4604214FF4E3
:106F00007670FFF7E9FCCCE770B588B0064601A8BB
:106F1000FEF7E9FEBDF804000021C90341EA50452F
:106F2000C4036148007A00F0030056F82000059081
:106F30005D48007A00F0040010B1059840420590C9
:106F40005948007AC0F3C10056F820000690564810
:106F5000007A00F0200010B1069840420690524896
:106F6000007AC0F3811056F8200007904E4800893F
:106F700000F4807010B10798404207900598C1173F
:106F8000A0FB042301FB043100FB0510810041EA52
:106F9000927005900698C117A0FB042301FB0431F1
:106FA00000FB0510810041EA927006900798C11716
:106FB000A0FB042301FB043100FB0510810041EA22
:106FC000927007900598000E8DF808000598000C47
:106FD0008DF809000598000A8DF80A000598C0B2DE
:106FE0008DF80B000698000E8DF80C000698000C2A
:106FF0008DF80D000698000A8DF80E000698C0B2B4
:107000008DF80F000798000E8DF810000798000CFF
:107010008DF811000798000A8DF812000798C0B289
:107020008DF8130002AA0C214FF42570FFF754FCD1
:1070300008B070BD30B585B004461DA207CA02ABCA
:1070400007C3C82C03DD4FF0FF3005B030BDC820AA
:1070500090FBF4F0401E85B2280A8DF80000E8B2DB
:107060008DF801006A46022140F21620FFF734FC39
:1070700010B14FF0FF30E8E702AA0C2140F6C12022
:10708000FFF72AFC10B14FF0FF30DEE7064884819D
:107090000020DAE7689D00084CCD6C000CC92C007C
:1070A00036567600264666009403002009E3CA029D
:1070B000FEF2ABC4AAF1DFDFBBAFDFDF0146FC4865
:1070C00080890880002070472DE9FC4706460F465E
:1070D00006F0070010B1B7F5C86F03DD4FF0FF30C1
:1070E000BDE8FC87384601F00CF88146F14900F014
:1070F00039FE80466846FEF77AFD9DF800000228BA
:1071000006D0042816D0082826D0102848D135E00B
:107110004FF08D41404600F0F3FD814601F020F82C
:1071200084B2E549404600F0EBFD814601F018F8D5
:1071300085B238E04FF08C41404600F0E1FD8146D9
:1071400001F00EF884B2DD49404600F0D9FD8146D9
:1071500001F006F885B226E04FF08B41404600F082
:10716000CFFD814600F0FCFF84B2D549404600F0D7
:10717000C7FD814600F0F4FF85B214E04FF08A416C
:10718000404600F0BDFD814600F0EAFF84B2CD49E3
:10719000404600F0B5FD814600F0E2FF85B202E016
:1071A0004FF0FF309CE700BF20128DF80400E0B2E2
:1071B0008DF8050028128DF80600E8B28DF807005A
:1071C00006F00100A0B101AA02214FF4EA70FFF716
:1071D00083FB10B14FF0FF3082E70DF10602022170
:1071E0004FF49270FFF778FB10B14FF0FF3077E764
:1071F00006F00200A0B101AA02214FF4EC70FFF7E3
:107200006BFB10B14FF0FF306AE70DF1060202216F
:107210004FF49470FFF760FB10B14FF0FF305FE761
:1072200006F00400A0B101AA02214FF4EE70FFF7AE
:1072300053FB10B14FF0FF3052E70DF1060202216F
:107240004FF49670FFF748FB10B14FF0FF3047E75F
:10725000002045E738B504460020009004F0010006
:1072600020B19DF8000040F03000009004F00200D2
:1072700020B19DF8000040F00C00009004F00400E4
:1072800020B19DF8000040F0030000906A46012103
:107290004FF4A470FFF720FB38BD38B50446012C2D
:1072A00001DA012402E0042C00DD0424601EC0B2D7
:1072B00000906A46012140F24F10FFF70DFB38BDE8
:1072C00038B50446052094FBF0F085B228128DF8FD
:1072D0000000E8B28DF801006A4602214FF4EF7019
:1072E000FFF7FAFA38BD38B50446052094FBF0F0F4
:1072F00085B228128DF80000E8B28DF801006A46C8
:1073000002214FF4ED70FFF7E7FA38BDF8B50546F6
:107310000E464FF47A7095FBF0F000FB06F4200E59
:107320008DF80000200C8DF80100200A8DF8020075
:10733000E0B28DF803006A4604214FF4AE70FFF707
:10734000CBFAF8BD38B50446052094FBF0F084B2C2
:1073500020128DF80000E0B28DF801006A4602218B
:107360004FF4AD70FFF7B8FA38BD38B504460520C4
:1073700094FBF0F084B220128DF80000E0B28DF89A
:1073800001006A4602214FF4AC70FFF7A5FA38BD40
:1073900038B5044614B94FF0FF3038BD6A460421B1
:1073A0004FF45870FFF7D5FA10B14FF0FF30F4E703
:1073B0009DF8000000069DF8011040EA01409DF88C
:1073C000021040EA01209DF80310084320600020CD
:1073D000E3E738B50446200E8DF80000200C8DF848
:1073E0000100200A8DF80200E0B28DF803006A4621
:1073F00004214FF45870FFF76FFA38BD38B50446D2
:1074000014B94FF0FF3038BD6A4604214FF4717053
:10741000FFF79FFA10B14FF0FF30F4E79DF800003E
:1074200000069DF8011040EA01409DF8021040EA74
:1074300001209DF80310084300EB800080002060CD
:107440000020E0E738B504461420B4FBF0F4200E29
:107450008DF80000200C8DF80100200A8DF8020044
:10746000E0B28DF803006A4604214FF47170FFF713
:1074700033FA38BD38B5044664B120208DF80000D9
:1074800028208DF8010030208DF8020038208DF87A
:10749000030004E0A3220421684600F0AEFB6A4624
:1074A000042140F69E20FFF717FAFDF779FE38BD5C
:1074B0009403002000004843000040460000C045FF
:1074C000000040450000C04438B5044664B1C02007
:1074D0008DF80000C2208DF80100C4208DF8020054
:1074E000C6208DF8030004E08B220421684600F0DA
:1074F00084FB6A46042140F69820FFF7EDF9FDF77A
:107500004FFE38BD3EB504466CB1FDA1D1E9002067
:107510008968CDE9002002916A4609214FF49760FD
:10752000FFF7DAF93EBDF9A2D2E900109268CDE981
:10753000010200916A4609214FF49760FFF7CCF9E8
:10754000F0E73EB5044602208DF80000CA208DF811
:107550000100E3208DF8020009208DF803006A463F
:1075600004216820FFF7B8F9A3208DF8000004F08B
:10757000400048B1C0208DF80100C8208DF80200FD
:10758000C2208DF8030006E0A3208DF801008DF8DD
:1075900002008DF8030004F4C07048B1C4208DF8D7
:1075A0000400CC208DF80500C6208DF8060006E00A
:1075B000A3208DF804008DF805008DF80600A320A7
:1075C0008DF807008DF808008DF809006A460A2139
:1075D00040F6A720FFF780F904F0030018B120203F
:1075E0008DF8000002E0D8208DF800006A460121E5
:1075F00040F6B620FFF770F904F0200018B1012022
:10760000FFF780FF02E00020FFF77CFF04F4C0706A
:1076100008B304F4807060B1B2208DF800008B20B4
:107620008DF80100B6208DF802009B208DF8030034
:107630000BE0B0208DF8000080208DF80100B42010
:107640008DF8020090208DF803006A46042140F670
:10765000A220FFF741F904F0010020B3F8208DF8D3
:1076600000006A4601214FF40B60FFF735F9FA215B
:107670000720FFF729FD0720FFF7ECFD0120FFF7AA
:107680000CFE6420FFF71CFE4FF4FA70FFF72BFE90
:10769000C821A148FFF73AFE2820FFF753FE0A2031
:1076A000FFF763FE08E0D8208DF800006A4601214C
:1076B0004FF40B60FFF710F904F0020018B1D92065
:1076C0008DF8000002E0D8208DF800006A46012104
:1076D00040F23D70FFF700F904F0040018B10120FA
:1076E000FFF7F2FE02E00020FFF7EEFE04F01000CC
:1076F00018B10120FFF7BEFE02E00020FFF7BAFE3E
:1077000044F0080085494881FDF74AFD002083497F
:10771000887304F0400018B10846807B801D887390
:1077200004F4C07020B17D48807B801D7B49887344
:1077300004F0140020B17948807B103077498873B9
:1077400004F0030020B17548807B001D73498873E5
:1077500000203EBD014671484089088000207047E6
:107760002DE9F0410446E07800F0C006E07800F032
:107770003F05607800F0010098B1EF102846E91746
:1077800005EB5171C910A5EBC101491C01F0FF08BF
:107790006248006820B16148414602683846904717
:1077A00000BF607800F0080030B15C48406818B154
:1077B000B0115A4A516888470020BDE8F08110B5E1
:1077C00086B0044656A207CA03AB07C357A207CA2E
:1077D0008DE80700012C09D0022C0ED103AA0B2141
:1077E00040F68220FFF778F806B010BD6A460B21FC
:1077F00040F68220FFF770F8F6E74FF0FF30F3E72E
:107800002DE9F04F8DB00746884615469946DDE9CB
:10781000166B0024002030804049887B5A4605A919
:10782000FEF7BDFB18B1601E0DB0BDE8F08F3B4800
:10783000807A00F01400002861D09DF81400000642
:107840009DF8151040EA01409DF8161040EA01200D
:107850009DF81710084328609DF8180000069DF851
:10786000191040EA01409DF81A1040EA01209DF8E5
:107870001B10084368609DF81C0000069DF81D1051
:1078800040EA01409DF81E1040EA01209DF81F10BB
:107890000843A8609DF8200000069DF8211040EAEA
:1078A00001409DF8221040EA01209DF82310084372
:1078B000E86004F11000C4B2286800140190686800
:1078C00000140290A86800140390E8680014049063
:1078D00001984043029901FB0100039901FB01005B
:1078E000049901FB010ABAF1706F02DBBAF1885FFB
:1078F00022DDFDF755FC00203080401E94E721E09A
:10790000B8AAB38DB4980D355D000000B8AAAAAA34
:10791000B088C3C5C700000009E3CA029403002071
:10792000D8B1B9F38BA391B609B4D900DAB1B9F3E0
:107930008BA391B6DAB4DA00B6F9000040F4807097
:10794000308000BF7848807A00F0400020B305A95D
:10795000601C085C095D40EA012000B2A8F8000044
:1079600005A9E01C095C05AAA01C105C41EA0020E6
:1079700000B2A8F8020005A9601D095C201D105C7A
:1079800041EA002000B2A8F80400A01DC4B2B6F974
:10799000000040F0080030806348408900F4C07067
:1079A00008B305A9601C085C095D40EA012000B22B
:1079B000388005A9E01C095C05AAA01C105C41EAFE
:1079C000002000B2788005A9601D095C201D105CB4
:1079D00041EA002000B2B880A01DC4B2B6F9000090
:1079E00040F0700030805048807A00F0030018B1F9
:1079F00005A90819FFF7B4FE4846FAF740FC002035
:107A000012E7014648480160002070470146464899
:107A1000416000207047014691F90020002A01DDF5
:107A200000201EE091F90020002A01DA042018E06D
:107A300091F90120002A01DD012012E091F90120D5
:107A4000002A01DA05200CE091F90220002A01DD6C
:107A5000022006E091F90220002A01DA062000E067
:107A60000720704770B505462846FFF7D4FF044647
:107A7000E81CFFF7D0FF44EAC00084B2A81DFFF75E
:107A8000CAFF44EA801084B2204670BD70B588B049
:107A900002A905A8FEF795FE0446032C3FD101A8D4
:107AA000FEF704F9059800F023FB0646019900F063
:107AB00027F9054600F03BFB0590069800F018FBFF
:107AC0000646019900F01CF9054600F030FB0690CF
:107AD000079800F00DFB0646019900F011F90546E4
:107AE00000F025FB079005A8FFF77BF96846FEF735
:107AF000FAF8BDF80010029848430290BDF8001053
:107B0000039848430390BDF800100498484304903C
:107B100002A8FFF7F9F905A0FDF735F802E00CA07F
:107B2000FDF731F808B070BD9403002073657474DC
:107B3000696E67206269617320737563636573663C
:107B4000756C6C79202E2E2E2E2E2E0A0000000031
:107B50006269617320686173206E6F74206265656D
:107B60006E206D6F646966696564202E2E2E2E2E40
:107B70002E0A00002DE9F0410024061B254671F174
:107B8000000605DA01240027D0EB070067EB0101AE
:107B9000161E73F1000605DA0027D2EB0702012555
:107BA00067EB030300F062FB86460E4617469C46D1
:107BB000AC4204D00025D0EB050E65EB010624B1E4
:107BC0000020D2EB000760EB030C704631463A46CA
:107BD0006346BDE8F08140EA01039B0703D009E05A
:107BE00008C9121F08C0042AFAD203E011F8013BA9
:107BF00000F8013B521EF9D27047D2B201E000F802
:107C0000012B491EFBD270470022F6E710B5134640
:107C10000A4604461946FFF7F0FF204610BD421EF3
:107C200012F8013F002BFBD111F8013B02F8013B98
:107C3000002BF9D1704730B504460020034600E020
:107C40005B1C934203D2E05CCD5C401BF8D030BD9E
:107C5000F0B480EA0102D40F4200B2EB410F02D22D
:107C60000246084611464A0042D0C30DDDB2C1F3B8
:107C7000C752AD1A202D35DAC1F3160141F40002C6
:107C800004B15242C5F1200602FA06F12A4110441D
:107C9000B3EBD05F23D0C4B1012DA0EBC35009DCFE
:107CA000F0BC4FF0004202EAC352DBB200F5000024
:107CB00000F037BB400000F1807000EBC350A0F132
:107CC000807040EAD170490009E0490841EAC0717A
:107CD000A0EBC35000F50000400800EBC350F0BC1F
:107CE00000F016BB6142012202EB4101001BF6E7E6
:107CF000F0BC704781F00041AAE780F00040A7E7A0
:107D000080EA010210B502F00043400022D04A0090
:107D10001FD0010E01EB1261C0F35600C2F35602F0
:107D200040F4000042F40002A0FB022000047F396E
:107D3000140400D0401C50EA124001D44000491EF7
:107D4000C2B20C0604EBD010401C4008802A02D0BE
:107D500003E0002010BD20F00100002900DA00201F
:107D6000184310BD30B480EA010202F0004530F043
:107D7000004221F0004013D090B1C30DD40DC2F3E6
:107D80001601C0F31600E41A41F4000140F40002A9
:107D90007D34914201D3641C00E04900002C02DADA
:107DA00030BC002070474FF400000023914201D303
:107DB000891A034340084FEA4101F7D151B191427A
:107DC00002D14FF0004105E002D24FF0010101E085
:107DD0006FF0010103EBC450284430BC00F098BAA6
:107DE0002DE9FE4F804681EA0300C00F0C4600904B
:107DF00021F0004123F00045B8EB0200A94105D273
:107E00004046214690461C460B46024623F0004061
:107E1000104347D0270DC7F30A00C3F30A5102905D
:107E2000401A019040286BDAC3F3130040F4801B22
:107E30000098924620B10023D2EB030A63EB0B0BB0
:107E400001985946C0F14002504600F040FA0646FB
:107E50000D4650465946019A00F048FA10EB0800CA
:107E60006141002487EA115284EAE7731A4340D043
:107E7000009A62B3019A012A4FEA075215DC001BEF
:107E800061EB02014FF0004202EA0752CDE90042E5
:107E9000001C41F5801132462B4600F07FFA03B0FA
:107EA000BDE8F08F40462146F9E7001B61EB020177
:107EB000001C41F5801300185B412018A2F5001743
:107EC00047EB030140EAD570B6196D4111E06D082A
:107ED0004FEA360645EAC0754FEA0752001B61EBD0
:107EE0000201001C41F5801149084FEA30000019D9
:107EF000514132462B4603B0BDE8F04F00F03FBA87
:107F00000098012240000023D0EB020263EBE073F3
:107F1000009821464FEAE074B8EB000061EB0401E1
:107F2000E9E783F000435BE781F0004158E72DE982
:107F3000FE4F81EA030404F0004421F00041009464
:107F40004FF0000B23F0004350EA01045ED052EAE8
:107F500003045BD0C3F30A54C1F30A552C44A4F2C2
:107F6000F3340194A0FB0254C1F3130141F48011D6
:107F7000C3F3130343F4801301FB024400FB034EDD
:107F8000840A970A44EA815447EA8357A4FB0768A6
:107F900002958D0A05FB07854FEA932C04FB0C54D0
:107FA0002705029D4FEA065847EA1637B5EB080544
:107FB0006EEB070C870E920E47EA811742EA831296
:107FC000A7FB0201B6EB0B0164EB00042B0D43EAA7
:107FD0000C335E1844EB1C50DA465146E7FB0201B5
:107FE000C5F313044FEA0B3343EA14534FEA043248
:107FF000019C43EA0603A4F10C040294009CCDE921
:1080000000B400F0CBF903B0BDE8F08F00200146CA
:10801000F9E72DE9F04D81EA030404F0004B21F06B
:10802000004514464FF0000A23F0004150EA0502D3
:1080300020D054EA01021DD0C5F30A570246C5F309
:108040001303C1F31300C1F30A5640F4801543F43F
:108050008013A7EB0608101BD64608F2FD3873EB19
:10806000050002D308F1010801E092185B41B8F164
:10807000000F03DA00200146BDE8F08D00204FF428
:108080008011064684460EE0171B73EB050705D3E7
:10809000121B63EB050306434CEA010C49084FEA47
:1080A000300092185B4150EA0107EDD152EA03001B
:1080B00012D082EA040083EA0501084305D0101BB0
:1080C000AB4106D20122002306E000224FF000431C
:1080D00002E06FF0010253101AEB06004CEB08515E
:1080E00010EB0A0041EB0B01BDE8F04D00F047B981
:1080F000C10F80EAE0700844CA079623002100F00F
:1081000010B996230022114600F00BB90EB5C10F2D
:1081100080EAE0700844CA07002140F233438DE84A
:108120000E000A460B4600F039F903B000BD00F01E
:10813000004220F00040C10DC0F3160040F40000E2
:108140007F2901DA00207047962903DCC1F19601EE
:10815000C84001E096398840002AF4D04042704778
:1081600020F00040C10DC0F3160040F400007F294C
:1081700001DA00207047962903DCC1F19601C8405E
:10818000704796398840704700F0004230F0004058
:108190000AD0C10D01F56071C0F3160042EA015129
:1081A000C208400711437047002001467047000095
:1081B00030B5041E71F1000404DB4FF0004440426E
:1081C00064EB0101141E73F1000405DB1C464FF043
:1081D0000043524263EB04038B4208BF824230BD2E
:1081E00001F0004330B421F0004150EA010206D012
:1081F0000A0DA2F56072C1F31301002A02DC30BC43
:1082000000207047440F44EAC104C100E01830BCAC
:1082100000EBC25000F07CB8002801DBC0F1004048
:10822000002901DBC1F1004181427047002801DBD8
:10823000C0F10040002901DBC1F1004188427047D4
:1082400030B50B46014600202022012409E021FA26
:1082500002F59D4205D303FA02F5491B04FA02F523
:108260002844151EA2F10102F1DC30BD2DE9F05FBA
:108270000546002092469B46884606468146402495
:108280001BE0284641464746224600F02FF9534658
:108290005A46C01A914110D311461846224600F0A2
:1082A00016F82D1A67EB01084F46224601200021DF
:1082B00000F00DF817EB00094E41201EA4F1010457
:1082C000DFDC484631462A464346BDE8F09F202A77
:1082D00004DB203A00FA02F1002070479140C2F11D
:1082E000200320FA03F3194390407047202A06DB4D
:1082F000CB17203A41FA02F043EAE07306E041FA74
:1083000002F3D040C2F12002914008431946704761
:108310000029A8BF7047401C490008BF20F0010099
:10832000704710B4B0FA80FC00FA0CF050EA010477
:1083300004BF10BC704749B1CCF1200421FA04F409
:1083400011FA0CF118BF012121430843A3EB0C01E2
:10835000CB1D4FEA00614FEA102042BF002010BC45
:10836000704700EBC35010440029A4BF10BC7047F5
:10837000401C490008BF20F0010010BC704710B538
:10838000141E73F1000408DA401C41F10001921838
:108390005B411A4301D120F0010010BD2DE9F04DE1
:1083A00092469B4611B1B1FA81F202E0B0FA80F236
:1083B00020329046FFF78BFF04460F4640EA0A0042
:1083C00041EA0B0153465A46084313D0114653EA7B
:1083D000010019D0C8F14002504600F087F8054668
:1083E0000E46504659464246FFF771FF084305D0F6
:1083F000012004E020463946BDE8F08D0020054309
:1084000046EAE0762C4337430A986305E40AA0EB7A
:1084100008000022FD0A44EA47540A3002D5002031
:108420000146E9E7010510196941DDE90845001930
:108430006941BDE8F04DA2E770B521F00043034368
:108440000CD0C1F30A550024D5EB040564EB0403FA
:10845000D617AD1AB34102DB0020014670BD2018CB
:1084600041EB025170BDC1F30A52C1F3130140F256
:10847000FF3341F480119A4202DA0020014670472E
:1084800040F233439A42A2F2334202DC524200F0FD
:108490002DB8FFF71CBF000030B5041E71F10004B9
:1084A00004DB4FF00044404264EB0101141E73F101
:1084B000000405DB1C464FF00043524263EB04030B
:1084C000994208BF904230BD064C074D06E0E06877
:1084D00040F0010394E8070098471034AC42F6D30B
:1084E000F7F708FEC0AB0008E0AB0008202A04DB69
:1084F000203A21FA02F00021704721FA02F3D0401D
:10850000C2F1200291400843194670472DE9F04D11
:1085100000231A461B1A8A4103DB00200146BDE8EE
:10852000F08DC1F30A52C1F3130141F480154FF0ED
:10853000000BD10702D100186D41521E00270446DE
:1085400040F2FF11384601EB620A3E468046024681
:1085500000204FF48011FFF7C9FFC2197141BB1809
:1085600046EB0100B4EB030C75EB000C04D3E41AEA
:1085700065EB000517460E46241908F101006D4110
:1085800080463428E3DDF91946EB0600091BA841B3
:1085900003D24FF0FF32134601E0002213461BEBDB
:1085A000070046EB0A51BDE8F04DFFF7E8BE0EB5F7
:1085B00040F2334102910021CDE900110A460B46F9
:1085C000FFF7ECFE03B000BD70B5C1F30A5201F035
:1085D00000450024C1F3130140F2FF3341F4801140
:1085E0009A4201DA002070BD40F233439A42A2F26F
:1085F000334203DC5242FFF779FF00E090402C4306
:10860000F1D0404270BD70B58C1810F8015B15F0C8
:10861000070301D110F8013B2A1106D110F8012BF4
:1086200003E010F8016B01F8016B5B1EF9D12B0719
:1086300005D40023521E0DD401F8013BFAE710F8CF
:10864000013BCB1A921C03E013F8015B01F8015BBC
:10865000521EF9D5A142D8D3002070BD0FB4054BEE
:1086600010B503A9044A029800F02AFC10BC5DF87A
:1086700014FB0000AF490008180200200FB4084B9B
:1086800010B504A902AA039800F01AFC044602A936
:10869000002000F0ACFF204610BC5DF814FB000089
:1086A000EF950008490050EAC12018BF04204A0D88
:1086B00018BF40F0010040F2FF72B2EB515F08BFFB
:1086C00040F00200012808BF052070472DE9F74F50
:1086D000144694B00021C4E902111599079121F0C4
:1086E0000045C9498D4206DC1599C4E9000117B05F
:1086F0000020BDE8F08FC549DFF814A3A9423CDD96
:108700000799C44E0029C44FC44A1599534619DD30
:10871000FFF707FC554506D0C14AC24BFFF701FCE5
:10872000C4E900010AE04FF0D352BE4BFFF7F9FB5A
:1087300032463B46FFF7F5FBC4E9000117B00120C4
:10874000BDE8F08FFFF74CFB554506D0B44AB54B5A
:10875000FFF746FBC4E900010AE04FF0D352B14BEA
:10876000FFF73EFB32463B46FFF73AFBC4E9000108
:1087700017B04FF0FF30BDE8F08FAB49A942159913
:1087800078DB21F0004183468846A84AA84BFFF7D2
:10879000CEFB0022A74BFFF723FBFFF715FF099045
:1087A000FFF7B4FC06460F469C4A5346FFF7BFFB53
:1087B00043465A46FFF7B8FB80468A46984A994B8B
:1087C00030463946FFF7B3FB2A0D01250B9242468E
:1087D0005346FFF7A9FB032DC4E9000139D00B98DC
:1087E000C1F30A51401A05EB45111139814230DAC3
:1087F0009148C346784400EB0510CDF80CA00C90CE
:10880000D0E9002330463946FFF791FB02460B467C
:108810000491069058460399FFF783FB80468A46E9
:1088200002460B4658460399FFF77BFB049B069ACA
:10883000FFF777FB83460C9803913946D0E9022372
:108840003046FFF774FB5A46039BFFF76AFB6D1C2B
:10885000BDE707980028A2BF099817B0BDE8F08FC0
:10886000616881F000416160099817B04042BDE83D
:10887000F08FFFE784461598C1F31301C0F30A5047
:10888000A0F2F5304FEA601800F01F06C6F1200094
:10889000139000200690079041F4801E05206D463D
:1088A00076B1664A08EB00017A4452F8213002EBB7
:1088B0008101B3404A68139922FA01F1194305E096
:1088C0005F4908EB0002794451F82210A1FB0E2702
:1088D000A1FB0C131A449A4234BF0123002303EB7B
:1088E000070A05EB8003D3E901B70F448F4234BF79
:1088F0000121002193448B4411B1934502D903E037
:10890000934501D2012100E00021C3E901B75144A0
:1089100045F82010011EA0F10100C1DC0298059F5E
:1089200000F10050800F12900298DDE9035680009C
:10893000FFF7ECFB834628460D91FFF738FE6FF0FA
:108940001D02FFF779FDCDE90E013046FFF72FFE3E
:108950006FF03D02FFF770FD80468A463846FFF70C
:1089600026FE6FF05D02FFF767FD0746424653465D
:108970001191FFF735FADDE90E23FFF731FA5A4678
:108980000D9BFFF72DFA00250E465A4628460D9BF3
:10899000FFF7C7FADDE90E23FFF7C3FA4246534655
:1089A000FFF7BFFA3A46119BFFF7BEFADFF898A02F
:1089B000244A5346FFF7BBFA07468846234A244B0E
:1089C00031462846FFF7B3FA3A464346FFF708FA1E
:1089D000074688464FF0A842534631462846FFF7DF
:1089E000A6FA3A464346FFF7FBF9159A12F0004FF4
:1089F00004D0129A81F0004152421292C4E900015F
:108A0000129817B0BDE8F08FFB21E93F7CD90240F6
:108A1000FB21F93F7370032E8A19A33B00004054D9
:108A20003163621A61B4D03DFB21394183C8C96DFD
:108A3000305FE43F0000E03F882200000422000095
:108A4000E6210000182D4454FB21F93D3326A611E0
:108A5000460B113C2DE9FF4D21F0004807460C461E
:108A6000B8F1795F08DAFFF7AFFD002801BF0020F9
:108A7000324904B0BDE8F08D3A4623461046194607
:108A8000FFF755FA054602462D480E460B460621CD
:108A9000784400F05DF82A463346FFF748FADDE9EE
:108AA000022382468B4638462146FFF740FA0446A9
:108AB0000F4652465B4628463146FFF738FA2246B3
:108AC0003B46FFF72EFA07468A464FF0FF3228460C
:108AD0003146FFF7B1FC1B4A90450ADA3A46534645
:108AE000FFF71FFA04B00022BDE8F04D134BFFF76B
:108AF0001BBA154A4245A8BFA8F500154FF000045F
:108B0000B8BF124D22462B46FFF70BFA06468846A1
:108B100022462B4600200949FFF703FA04460D467A
:108B20003A46534630464146FFF7FBF904B0224629
:108B30002B46BDE8F04DFFF7F7B900000000F03F0D
:108B4000B41F00003333D33F0000E93F0000D23FA1
:108B50002DE9F0414F1E00EBC7010446D1E90001A9
:108B600015461E4637F006020DD02A463346FFF75B
:108B7000DEF97F1E04EBC703D3E90023FFF730F9CA
:108B800037F00602F1D1022F25D0042F13D0062F83
:108B900018BFBDE8F0812A463346FFF7C8F9D4E98B
:108BA0000A23FFF71DF92A463346FFF7C0F9D4E937
:108BB0000823FFF715F92A463346FFF7B8F9D4E939
:108BC0000623FFF70DF92A463346FFF7B0F9D4E93B
:108BD0000423FFF705F92A463346FFF7A8F9D4E93D
:108BE0000223FFF7FDF82A463346FFF7A0F9D4E940
:108BF0000023BDE8F041FFF7F3B800002DE9FF4D79
:108C0000054621F0004084B00C46B0F1795F0BDAE4
:108C10002846FFF747FD042808BF00F071F82846F2
:108C200008B02146BDE8F08D2A460B461046FFF7F6
:108C30007EF906460F462A462346FFF778F9804616
:108C400026488A4632463B4605217844FFF780FF96
:108C500083461098029160B3214A224B4046514608
:108C6000FFF765F9CDE900015A4640465146029B9F
:108C7000FFF75DF982468846DDE906014FF0FF32D5
:108C8000FFF7DAFB52464346FFF74BF932463B46C5
:108C9000FFF74DF9DDE90623FFF743F9DDE900238E
:108CA000FFF73FF908B02A462346BDE8F04DFFF72D
:108CB0003BB90B465A4630463946FFF738F9084A61
:108CC000084BFFF78DF842465346FFF730F908B0DE
:108CD0002A462346BDE8F04DFFF782B8FA1E000091
:108CE000495555555555C5BF0122FFF7A5BBFFF79F
:108CF00077B80022134610461146FFF78AB90000E4
:108D0000024A00201107FFF797BB000001FDFFFF9B
:108D100002E008C8121F08C1002AFAD17047704744
:108D2000002001E001C1121F002AFBD170470000A2
:108D300001490860704700001C0200202DE9FF5F18
:108D400082B00021DDE90430020DDDF840B00343BC
:108D500018D044F61050A2F2FF3242431514119875
:108D600001281FD0A5EB0B00401C5FEA000A4FF062
:108D700000064E4FDFF83891B046504615D5CAF17F
:108D8000000413E0119801244AA3012801D16FEADD
:108D90000B010298119AC0E90031C0E9024206B005
:108DA000BDE8F09FCBF10000DFE704460021404A18
:108DB000491842EB0450CDE9001012E0E00707D05B
:108DC00032463B4640464946FFF7B1F88046894661
:108DD00032463B4610461946FFF7A9F806460F46AD
:108DE0006410002CEAD1DDE90401DDE90023BAF1C9
:108DF000000F06DAFFF79BF842464B46FFF797F85D
:108E000005E0FFF706F942464B46FFF702F9044634
:108E10000E460022284BFFF73FFB03D84FF0FF30F0
:108E2000014607E00022254B20463146FEF7D8FFD9
:108E3000FFF719FB102409E0002C0ADB0A220023AB
:108E4000FFF714FA039B30321A55641E50EA0102F0
:108E5000F2D1641C039AC4F111031444119A012A3B
:108E600003D0012208430DD10AE0084304D00020BA
:108E70004FF0110B119072E7A3EB0B056D1E0DE087
:108E80005B4504DD4FF0000205F1010504E003DA63
:108E90004FF00002A5F10105002AECD002981199CB
:108EA000C0E90231C0E9004579E700000000144044
:108EB0000000F03F300000000000F0430000E03F01
:108EC0002DE9FF4F95B09B468946064600250FE2E7
:108ED000252877D100242746F84A0121059400E08F
:108EE000044316F8013F203B01FA03F01042F7D18A
:108EF00030782A2811D06FF02F033078A0F130029B
:108F0000092A16D8059A44F0020402EB820203EB08
:108F100042021044761C0590EFE759F8042B0592A5
:108F2000002A03DA504244F40054059044F002044D
:108F3000761C30782E2816D116F8010F44F0040460
:108F40002A280DD06FF02F023078A0F13003092BC2
:108F500009D807EB870302EB4303C718761CF3E736
:108F600059F8047B761C30786C280FD006DC4C282E
:108F700017D068280DD06A2814D104E0742810D0C6
:108F80007A280FD10DE044F400140AE044F4801470
:108F900001E044F440147278824202D104F5801456
:108FA000761C761C307866280BD013DC582877D0D6
:108FB00009DC002875D04528F6D04628F4D047288B
:108FC0001AD19DE118E0632835D0642879D065284E
:108FD00012D195E1702873D008DC6728F1D0692898
:108FE0006FD06E280DD06F2806D1B5E073282CD035
:108FF000752875D0782874D05A46179990476D1CFB
:1090000075E1C4F30250022809D003280DD0D9F825
:10901000001004280DD00D6009F1040967E1D9F8AA
:109020000010EA17C1E90052F6E7D9F800100D80E8
:10903000F2E70D70F0E719F8041B8DF8001000201E
:109040008DF80100EA46012003E059F804AB4FF027
:10905000FF3061074FF0000102D40DE008F101017B
:109060008846B9420FDA8045F8DB1AF80810002963
:10907000F4D108E008F1010188468142FADB1AF8D0
:1090800008100029F6D105985B46A0EB0807214699
:109090003846179A00F094FA284400EB080507E0D8
:1090A0004DE029E10DE01AF8010B5A461799904757
:1090B000B8F10108F7D25B4621463846179A13E10A
:1090C00042E00A220092C4F302524FF0000A022A40
:1090D00008D059F804CB032A4FEAEC710AD00DE00E
:1090E00029E02AE009F1070121F00702F2E802C1B4
:1090F000914609E00FFA8CFC4FEAEC71042A03D187
:109100004FFA8CFC4FEAEC71002907DA0A4600217D
:10911000DCF1000C61EB02012D2202E0220504D5F6
:109120002B228DF80420012203E0E20701D0202247
:10913000F7E7904659E00A2102E010220DE01021E5
:109140004FF0000A00910BE010224FF0000A44F0AB
:1091500004040827009203E008224FF0000A00925E
:10916000C4F30252022A05D059F804CB0021032A85
:1091700008D009E009F1070121F00702F2E802C175
:10918000914605E01FFA8CFC042A01D10CF0FF0C7B
:109190004FF00008220728D5702806D0009B83F0E6
:1091A000100353EA0A0305D00EE040228DF8042094
:1091B000012208E05CEA010206D030228DF804208A
:1091C0008DF8050002229046009B83F0080353EAC5
:1091D0000A030AD15CEA010201D1620705D53022F7
:1091E0008DF804204FF001087F1E582804D034A0C9
:1091F00003900EA802900DE036A0F9E753466046B2
:10920000009AFFF733F884460398825C0298401E68
:10921000029002705CEA0100F0D1029806A9081AD7
:1092200000F1200A600702D524F4803400E0012711
:10923000574502DDA7EB0A0000E0002000EB0A0121
:10924000009005984144401A0590E00306D45B461F
:109250002146179A059800F0B3F90544002706E067
:1092600001A85A46C05D179990476D1C7F1C474561
:10927000F6DBE0030CD55B462146179A059800F013
:109280009FF9054404E030205A46179990476D1C19
:109290000099481E00900029F5DC08E00298029928
:1092A0005A460078491C0291179990476D1CBAF1F3
:1092B0000001AAF1010AF1DC65E1000009280100C2
:1092C000303132333435363738396162636465663C
:1092D00000000000303132333435363738394142FE
:1092E000434445460000000000F058F90544761C50
:1092F000307800287FF4ECAD19B02846BDE8F08F37
:10930000620700D4062709F1070222F0070CFCE8E7
:109310000223E14603F000485FEA080C02D00FF296
:10932000702C0DE05FEA045C02D50FF2682C07E0B8
:109330005FEAC47C02D00FF2602C01E0AFF2700C47
:109340004FF0FF3823F00043CDF850C065280CD013
:1093500006DC452809D046281DD047283DD13DE0F0
:10936000662818D067287ED138E00021112F01DB54
:10937000112000E0781CCDE9000106A90EA8FFF736
:10938000DDFCDDE90F010E9A03910021009207F147
:10939000010A04914DE04FF000400097CDE9011023
:1093A00006A90EA8FFF7CAFCDDE90F0203920E9B87
:1093B00011990022DDF80CA00093049211B9791CD8
:1093C00000EB010AB7EB0A0004D4C0F1FF3007F14B
:1093D000010A0490AAEB0700019044E0012F00DA93
:1093E00001270021112F01DD112000E03846CDE9D1
:1093F000000106A90EA8FFF7A1FCDDE90F010E9AF6
:109400000391002104910092BA4621070CD40399DC
:10941000514500DA8A46BAF1010F05DD009AAAF13A
:109420000101515C302908D0B84202DA10F1040F72
:1094300006DA0121CDE9011015E0AAF10101E9E701
:10944000002805DC049901440491AAEB000102E024
:10945000411C514500DD8A460499401A401C019088
:109460004FF000400290200704D40198504501DBE2
:10947000CDF8048000208DF84F0002980DF14F07C1
:10948000B0F1004F25D02B200E9002984FF002082B
:1094900000280CDA404202902D200E9007E00A21AD
:1094A0000298FEF7CDFE3031029007F8011DB8F1A9
:1094B0000001A8F10108F2DC02980028EFD1791E22
:1094C0000E980870307800F0200040F0450007F852
:1094D000020D12A8C01B00F107081498007800B113
:1094E000012000EB0A01019801EBE071059841446D
:1094F000401A401E0590E00306D45B462146179AA9
:10950000059800F05DF805441498007818B15A46A3
:10951000179990476D1CE00324D55B462146179AA6
:10952000059800F04DF805441CE00498002807DB7E
:10953000DDE90301884203DD0098405C179901E0F2
:10954000179930205A469047049805F10105401CB0
:1095500004900198401E019004D12E205A4617997C
:1095600090476D1CBAF10001AAF1010ADDDC05E0AB
:1095700017F8010B5A46179990476D1CB8F1000176
:10958000A8F10108F4DC5B462146179A0598ABE682
:109590002D0000002B000000200000002DE9F0410C
:1095A000044600251E461746880404D405E03946C3
:1095B0002020B0476D1C641EF9D52846BDE8F08117
:1095C0002DE9F041044600251E469046C80301D50A
:1095D000302700E02027880404D505E041463846BE
:1095E000B0476D1C641EF9D52846BDE8F0810A68B5
:1095F000531C0B60107070472DE9F04D8D4F21F01A
:10960000004A86B005460C46BA452ADBAAEB07009D
:1096100028430AD08848824501DC1AD1CDB106B072
:109620002846BDE8F04DFFF75FBB844A844B2846CF
:10963000FEF77DFC07460E46824A834B28462146AC
:10964000FEF775FC06B03A463346BDE8F04DFEF72E
:10965000C7BB0120FFF76CFB06B0BDE8F04DFFF77C
:1096600048BB7A48824542DABAF1795F0BDA28467C
:10967000FFF718F8042808BFFFF742FB284606B09A
:109680002146BDE8F08D2A460B461046FEF74FFCFA
:10969000834602466E480E460B4606217844FFF785
:1096A00057FA5A463346FEF742FC804669488A46D6
:1096B0005A46334604217844FFF74AFA5A4633465D
:1096C000FEF735FC00223B46FEF78AFB02460B46BE
:1096D00040465146FEF79DFC2A462346FEF727FCEE
:1096E00006B02A462346BDE8F04DFEF779BB284672
:1096F00024F0004100223D463B46FEF715FC4FF0AA
:10970000FF32FEF799FE0646024653480F460B46C7
:1097100006217844FFF71CFA32463B46FEF707FC69
:10972000CDE900014D4832463B4604217844FFF71D
:109730000FFA32463B46FEF7FAFB00222B46FEF7B5
:109740004FFB834602913046394600F0ADFA804621
:1097500043480D46504517DCDDE900015A46029B9F
:10976000FEF757FC42462B46FEF7E1FB42462B46EE
:10977000FEF736FB0122FEF75FFE304A304BFEF764
:10978000D0FB304A304B4CE04FF0000A52460B46BB
:109790004046FEF725FBCDE9031052462B46104606
:1097A0001946FEF7C4FB32463B46FEF7BDFBDDE93A
:1097B0000332FEF72EFC06460F46DDE900015A464D
:1097C000029BFEF726FC8346009101223046394673
:1097D000FEF732FE194A1A4BFEF7A6FB06460F4665
:1097E000012240462946FEF727FE5A46009BFEF717
:1097F0009EFB32463B46FEF794FB06460F4601228F
:1098000050462946FEF718FE0E4DDFF858802A46CE
:109810004346FEF789FB32463B46FEF785FB2A4668
:109820004346FEF781FB002CD8BF81F0004106B013
:10983000BDE8F08D0000F03F0000F07F075C1433BE
:1098400026A6913C182D4454FB21F93F0000E03F2F
:10985000C0120000D61200004A1200006012000080
:109860003333EF3FFB21E93F2DE9F84F04460D4626
:1098700021F0004000917349814211DC7249884215
:1098800001DC06D12CB120462946BDE8F84FFFF790
:109890002BBA6E48002DCCBF6D496E49BDE8F88FDC
:1098A0006D49814211DD6D498142D8BF4FF0FF36CD
:1098B0006DDD20462946FEF7F5FE042808BFFFF7B8
:1098C0001FFA20462946BDE8F88F6549654F25F007
:1098D0000045814233DD6449814219DD002632466C
:1098E0004FF0804320462946FEF77AFA80468A46A2
:1098F000012220462946FEF79FFD00223B46FEF747
:1099000010FB42465346FEF784FB04460D463EE0FC
:1099100001260022BA463B4620462946FEF760FA59
:1099200080460F460022534620462946FEF7F9FAA4
:1099300042463B46FEF76DFB04460D4627E04B4989
:1099400081421BDDDFF828A1022600225346204673
:109950002946FEF7ECFA00223B46FEF741FA804624
:109960000F460022534620462946FEF7DAFA4246C1
:109970003B46FEF74EFB04460D4608E00326224612
:109980002B4600203B49FEF744FB04460D46224689
:109990002B4610461946FEF7CAFA8B468246024607
:1099A0000B46FEF7C4FA07460246334888460B4684
:1099B00006217844FFF7CCF852465B46FEF7B7FA2B
:1099C00082462E488B463A46434605217844FFF7A7
:1099D000BFF83A464346FEF7AAFA02460B46002E67
:1099E000504659460CDAFEF7FBF922462B46FEF7A5
:1099F0009EFA01B022462B46BDE8F04FFEF794BA1E
:109A0000FEF7EEF922462B46FEF791FA1C4A7A44FD
:109A100002EBC603D3E90023FEF783FA22462B4666
:109A2000FEF77FFA174A7A4402EBC603D3E9002314
:109A3000FEF77AFA009A002AB8BF81F00041BDE82B
:109A4000F88F0000000010440000F07F182D4454EF
:109A5000FB21F93FFB21F9BF0000DC3F0000203E65
:109A60000000F33F0000F03F0000E63F00800340AD
:109A70000000F83F0000F0BF62100000201000005E
:109A8000BE0F0000860F00002DE9F04D9446CCF18A
:109A9000000423F000464CEA0404524F46EAD47412
:109AA0009A46884621F00042BC4206D8454240EA28
:109AB000050442EAD474BC4204D9BDE8F04D6246C4
:109AC000FFF715B9AAF14055A5F17F6555EA0C04D9
:109AD0000BD0022404EAAA74434DDFF810E144EAF3
:109AE000D87452EA000B04D00CE0BDE8F04DFFF74B
:109AF000BBBE002C14BF012CBDE8F08D022C30D071
:109B0000032C32D056EA0C0B0AD0BE4220D1BA4206
:109B100009D126F0804622F080423346114617E0F4
:109B200000291ADB25E0DFF8C8B0FB44002C04BF95
:109B3000DBE90001BDE8F08D012C02BFDBE900018B
:109B400081F00041BDE8F08D022C0AD0032C0CD02E
:109B5000BA4212D1B8F1000F0BDA23482549BDE80B
:109B6000F08D28462449BDE8F08D28467146BDE8B1
:109B7000F08D1D482149BDE8F08D921B12153C2A3D
:109B8000C4BF19481D490EDCBAF1000FBEBF12F167
:109B90003C0F0020014606DB6246FEF73AFA21F050
:109BA0000041FFF761FE002C08BFBDE8F08D012CDD
:109BB00004BF81F00041BDE8F08D114A114B022C29
:109BC00007D0FEF7AEF92A46BDE8F04D0A4BFEF786
:109BD000A8B9FEF7A6F92A46BDE8F04D064BFEF7F8
:109BE000A3B900000000F07F182D4454FB2109C0E8
:109BF0004A0F0000FB21F9BFFB210940FB21F93F7F
:109C0000075C143326A6A13C00B5254B21F0004289
:109C100087B09A4203DC0022134600922BE0214BCE
:109C20009A4208D140B94FF00100FFF781F8FFF7E1
:109C300060F807B000BD03DBFFF756F807B000BDC2
:109C400002AAFEF743FD10F003014FF001000DD012
:109C5000012914D002291AD00DF1080C9CE80F003C
:109C6000FEF7F8FE07B081F0004100BD0DF1080CD1
:109C700000909CE80F00FEF7C1FF07B000BD0DF19A
:109C8000080C9CE80F00FEF7E5FE07B000BD0DF1E3
:109C9000080C00909CE80F00FEF7B0FFE2E7000020
:109CA000FB21E93F0000F07F2DE9F04106460F4619
:109CB000FEF72CFC041E0D4618BF0120284320F09F
:109CC0000040C0F17F6000F1E040C00F0ED0301CBA
:109CD00018BF0120384320F00040C0F17F6000F140
:109CE000E040C00F04BF0120FFF722F820462946BC
:109CF000BDE8F08100000000000000000040654069
:109D0000B81E85EB51B8CE3F0000000000001240A5
:109D1000B81E85EB51B8BE3F6800000476005401C0
:109D2000F7FD000175191A0C6A231B1C1F207274A1
:109D3000433B4138393A6B6C376F06246D6E7000C7
:109D40008300000000080000000100183200050038
:109D5000000020410000D242295C0F3E9A99993EB2
:109D60003333733F295C0F3E000070000000002475
:109D7000000000020003000000650054FFEF000037
:109D8000FA80000B12820001030C30C30E8C8CE9A8
:109D900014D5400213710F8E3883F8833000F88396
:109DA000258EF8833000F883FFFFFFFF0FFEA9D652
:109DB000240004001A8279A10000003CFFFF00008B
:109DC0000010000038836FA2003E03304000000006
:109DD00002CAE3093E8000002000000000000000ED
:109DE0004000000060000000000C0000000C186E35
:109DF000000006920A16C0DFFFFF0256FD8CD377E3
:109E0000FFE1C496E0C5BEAA00000000FFFF0B2BD7
:109E100000001657000003594000000000001DFA22
:109E200000026C1D000000003FFFDFEB003EB3B6F8
:109E3000000D227800002F3C00000000001942B500
:109E4000000039A20000B365D90E9FC91DCF4C3464
:109E500030000000500000003BB67AE800640000CB
:109E600000C8000000000000100000001000FA927E
:109E70001000225E000D229F000100000032000051
:109E8000FF46000063D400001000000004D600006C
:109E900004CC000004CC0000000010720000004060
:109EA000000000000000000000060002000500079E
:109EB0000000000000640000000000000000000539
:109EC0000005006400200000000000000000000009
:109ED000000040000000030000000032F89800007D
:109EE000FF650000830F0000FF9BFC0000000000E6
:109EF0000000000000000000000000000000000062
:109F00000000000000000000000000000000000051
:109F100000000000000010004000000000000006EB
:109F20000000B26A000200000001FB83006800002C
:109F300000D9FC007CF1FF830000000000650000F8
:109F4000006403E800640028000000250000000011
:109F500016A000000000100000001000002F0000FC
:109F6000000001F40000100000280000FFFF458100
:109F7000FFFFFA720000000000000000004400052E
:109F80000005BAC6004778A20000000100000000EA
:109F900000000600000000140000254D002F706D29
:109FA000000005AE000C02D0000000000000000020
:109FB0000000000000000000001B00000000000086
:109FC0000000000000000000006400000008000025
:109FD0000000000000000000000000000000000081
:109FE0000000000000000000000000000000000071
:109FF0000000000000000000000000000000000061
:10A000000000000000000000000000000000000050
:10A010000000000000000000000000000000000040
:10A020000000000000000000001B00000000000015
:10A0300000000000000E000E00000AC7000400002F
:10A0400000000032FFFFFF9C00000B2B000000020D
:10A050000000000100000064FFE5000000000000B7
:10A0600000000000000000000000000100000000EF
:10A0700000010000000000000001800000018000DD
:10A0800000018000002426D3000000000000000032
:10A09000000600100096003C0000000000000000D8
:10A0A00000000000000000000C0A4E68CDCF7709C8
:10A0B00050166759C619CE8200000000000000004B
:10A0C0000000000000000000000000000000000090
:10A0D00017D784000300000000000000000000000B
:10A0E000C7938F9D1E1B1C1900000000000000007C
:10A0F0000000000000000000000000000000000060
:10A100000203188500004000000000030000000367
:10A1100000000000000000004000000000000000FF
:10A12000000000000000000000000000000000002F
:10A13000000000000000000000000000000000001F
:10A14000000000000000000000000000677DDF7ECE
:10A1500072902E554CF6E6880000000000000000CA
:10A160000000000000000000D8DCB4B8B0D8B9ABE3
:10A17000F3F8FAB3B7BB8E9EAEF132F51BF1B4B86B
:10A18000B08097F1A9DFDFDFAADFDFDFF2AAC5CD5C
:10A19000C7A90CC92C97F1A989264666B28999A945
:10A1A0002D557DB0B08AA896365676F1BAA3B4B2D2
:10A1B00080C0B8A89711B28398BAA3F024084410BD
:10A1C0006418B2B9B49883F1A329557DBAB5B1A387
:10A1D0008393F0002850F5B2B6AA839328547CF1FB
:10A1E000B9A3829361BAA2DADEDFDB819AB9AEF558
:10A1F000606870F1DABAA2DFD9BAA2FAB9A3829282
:10A20000DB31BAA2D9BAA2F8DF85A4D0C1BBAD8335
:10A21000C2C5C7B8A2DFDFDFBAA0DFDFDFD8D8F161
:10A22000B8AAB38DB4980D355DB2B6BAAF8C961995
:10A230008F9FA70E161EB49AB8AA872C547CBAA476
:10A24000B08AB691325676B28494A4C808CDD8B8F4
:10A25000B4B0F19982A82D557D98A80E161EA22C97
:10A26000547C92A4F02C5078F184A898C4CDFCD8EA
:10A270000DDBA8FC2DF3D9BAA6F8DABAA6DED8BA57
:10A28000B2B68696A6D0F3C841DAA6C8F8D8B0B45C
:10A29000B882A892F52C548898F135D9F418D8F1E1
:10A2A000A2D0F8F9A884D9C7DFF8F883C5DADF6946
:10A2B000DF83C1D8F40114F1A8824EA884F311D130
:10A2C00082F5D992289788F109F41C1CD884A8F348
:10A2D000C0F9D1D99782F129F40DD8F3F9F9D1D980
:10A2E00082F4C203D8DEDF1AD8F1A2FAF9A8849862
:10A2F000D9C7DFF8F8F883C7DADF69DFF883C3D896
:10A30000F40114F198A8822EA884F311D182F5D912
:10A3100092509788F109F41CD884A8F3C0F8F9D1B9
:10A32000D99782F149F40DD8F3F9F9D1D982F4C45F
:10A3300003D8DEDFD8F1AD8898CCA809F9D982928C
:10A34000A8F57CF1883ACF944A6E98DB6931DAAD92
:10A35000F2DEF9D88795A8F221D1DAA5F9F417D958
:10A36000F1AE8ED0C0C3AE82C684C3A88595C8A501
:10A3700088F2C0F1F4010EF18E9EA8C63E56F55447
:10A38000F18872F40115F19845856EF58E9E04886A
:10A39000F142985A8E9E068869F4011CF1981E11AC
:10A3A00008D0F504F11E970202983625DBF9D9850D
:10A3B000A5F3C1DA85A5F3DFD88595A8F309DAA559
:10A3C000FAD88292A8F578F1881A849F2688982175
:10A3D000DAF41DF3D8879F39D1AFD9DFDFFBF9F469
:10A3E0000CF3D8FAD0F8DAF9F9D0DFD9F9D8F40BB0
:10A3F000D8F3879F39D1AFD9DFDFF41DF3D8FAFC4A
:10A40000A869F9F9AFD0DADEFAD9F88F9FA8F1CCB4
:10A41000F398DB45D9AFDFD0F8D8F18F9FA8CAF306
:10A420008809DAAF8FCBF8D8F2AD978D0CD9A5DFBC
:10A43000F9BAA6F3FAF412F2D8950DD1D9BAA6F367
:10A44000FADAA5F2C1BAA6F3DFD8F1BAB2B68696A7
:10A45000A6D0CAF349DAA6CBF8D8B0B4B8D8AD8440
:10A46000F2C0DFF18FCBC3A8B2B68696C8C1CBC30A
:10A47000F3B0B48898A821DB718D9D71859521D9A1
:10A48000ADF2FAD88597A828D9F408D8F28D29DA40
:10A49000F405D9F285A4C2F2D8A88D9401D1D9F4DB
:10A4A00011F2D88721D8F40AD8F28498A8C801D12B
:10A4B000D9F411D8F3A4C8BBAFD0F2DEF8F8F8F89D
:10A4C000F8F8F8F8D8F1B8F6B5B9B08A95A3DE3C3B
:10A4D000A3D9F8D85CA3D9F8D87CA3D9F8D8F8F9CF
:10A4E000D1A5D9DFDAFAD8B18530F7D9DED8F8307E
:10A4F000ADDADED8F2B48C99A32D557DA083DFDFD1
:10A50000DFB591A0F629D9FBD8A0FC29D9FAD8A0AB
:10A51000D051D9F8D8FC51D9F9D879D9FBD8A0D0E5
:10A52000FC79D9FAD8A1F9F9F9F9F9A0DADFDFDF76
:10A53000D8A1F8F8F8F8F8ACDEF8ADDE8393AC2CCF
:10A54000547CF1A8DFDFDFF69D2CDAA0DFD9FADB3F
:10A550002DF8D8A850DAA0D0DED9D0F8F8F8DB551D
:10A56000F8D8A878DAA0D0DFD9D0FAF8F8F8F8DB74
:10A570007DF8D89CA88CF530DB38D9D0DEDFA0D0B0
:10A58000DEDFD8A848DB58D9DFD0DEA0DFD0DED8A8
:10A59000A868DB70D9DFDFA0DFDFD8F1A888902CB6
:10A5A000547C98A8D05C38D1DAF2AE8CDFF9D8B000
:10A5B00087A8C1C1B188A8C6F9F9DA36D8A8F9DAEE
:10A5C00036D8A8F9DA36D8A8F9DA36D8A8F9DA36BA
:10A5D000D8F78D9DADF818DAF2AEDFD8F7ADFA30C6
:10A5E000D9A4DEF9D8F2AEDEFAF983A7D9C3C5C77C
:10A5F000F1889BA77AADF7DEDFA4F8849408A797CB
:10A60000F300AEF29819A488C6A39488F632DFF25C
:10A610008393DB09D9F2AADFD8D8AEF8F9D1DAF3FF
:10A62000A4DEA7F1889B7AD8F38494AE19F9DAAA4C
:10A63000F1DFD8A881C0C3C5C7A39283F628ADDED9
:10A64000D9F8D8A350ADD9F8D8A378ADD9F8D8F8AF
:10A65000F9D1A1DADEC3C5C7D8A18194F818F2B048
:10A6600089ACC3C5C7F1D8B8B4B09786A8319B06EA
:10A670009907AB9728889BF00C201440B0B4B8F031
:10A68000A88A9A285078B79BA829517924705944F0
:10A690006938644831F1BBAB88002C547CF0B38B33
:10A6A000B8A804285078F1B088B49726A85998BB68
:10A6B000ABB38B02264666B0B8F08A9CA8295179C4
:10A6C0008B2951798A2470598B2058718A446938B2
:10A6D0008B3940688A6448318B30496088F1AC001E
:10A6E0002C547CF08CA804285078F1889726A8591F
:10A6F00098AC8C02264666F0899CA8295179247072
:10A7000059446938644831A98809205970AB113817
:10A710004069A8193148608CA83C415C207C00F15C
:10A7200087981986A86E767EA999882D557DD8B10F
:10A73000B5B9A3DFDFDFAED0DFAAD0DEF2ABF8F928
:10A74000D9B087C4AAF1DFDFBBAFDFDFB9D8B1F181
:10A75000A3978E60DFB084F2C8F8F9D9DED893856C
:10A76000F14AB183A308B5839A0810B79F10D8F1B6
:10A77000B0BAAEB08AC2B2B68E9EF1FBD9F41DD883
:10A78000F9D90CF1D8F8F8AD61D9AEFBD8F40CF1D9
:10A79000D8F8F8AD19D9AEFBDFD8F416F1D8F8AD7A
:10A7A0008D61D9F4F4ACF59C9C8DDF2BBAB6AEFA72
:10A7B000F8F40BD8F1AED0F8AD51DAAEFAF8F1D822
:10A7C000B9B1B6A3839C08B9B1839AB5AAC0FD30CC
:10A7D00083B79F10B58B93F20202D1ABDADED8F1CA
:10A7E000B080BAABC0C3B284C1C3D8B1B9F38BA334
:10A7F00091B609B4D9ABDEB0879CB9A3DDF1B38BB8
:10A800008B8B8B8BB087A3A3A3A3B28BB69BF2A336
:10A81000A3A3A3A3A3A3A3A3A3F1B087B59AA3F370
:10A820009BA3A3DCBAACDFB9A3A3A3A3A3A3A3A355
:10A83000A3A3A3A3A3A3A3A3D8D8D8BBB3B7F1AAB8
:10A84000F9DAFFD9809AAA28B48098A720B7978709
:10A85000A86688F07951F1902C870CA781976293B4
:10A86000F071716085940129517990A5F1284C6CA3
:10A87000870C95188578A38390284C6C886CD8F346
:10A88000A28200F210A8921980A2F2D926D8F188EB
:10A89000A84DD948D896A83980D93CD89580A839F0
:10A8A000A68698D92CDA87A72CD8A8899519A980CB
:10A8B000D938D8A88939A980DA3CD8A82EA83990E7
:10A8C000D90CD8A8953198D90CD8A809D9FFD801A6
:10A8D000DAFFD89539A9DA26FFD890A80D8999A86A
:10A8E00010809821DA2ED88999A83180DA2ED8A83C
:10A8F00086963180DA2ED8A8873180DA2ED8A882C1
:10A9000092F34180F1D92ED8A882F31980F1D92E83
:10A91000D882ACF3C0A28022F1A62EA72EA922983D
:10A92000A829DAACDEFFD8A2F22AF1A92E8292A8D9
:10A93000F23180A696F1D900AC8C9C0C30ACDED004
:10A94000DEFFD88C9CACD010ACDE8092A2F24C82A0
:10A95000A8F1CAF235F19688A6D900D8F1FF000017
:10A96000555555555555C53F7D6FEB0312D6D4BF90
:10A970005544880E55C1C93F3B8F68B52882A4BF96
:10A9800088B20175E0EF493F09F7FD0DE13D023F57
:10A990004B2D8A1C273A03C0C88A599CE52A0040DF
:10A9A00059018D1B6C06E6BF82922EB1C5B8B33F2C
:10A9B0004FBB610567ACDD3F182D4454FB21E93FD7
:10A9C0009BF681D20B73EF3F182D4454FB21F93FC6
:10A9D000E2652F227F2B7A3C075C143326A6813C4C
:10A9E000BDCBF07A8807703C075C143326A6913CF7
:10A9F000C4EB98999999C9BF711623FEC671BCBF63
:10AA00006D9A74AFF2B0B3BF9AFDDE522DDEADBFCA
:10AA10002F6C6A2C44B4A2BF0D5555555555D53FE2
:10AA2000FF8300922449C23F6E204CC5CD45B73FFD
:10AA3000513DD0A0660DB13FEB0D76244B7BA93F75
:10AA400011DA22E33AAD903F4C5555555555A53F87
:10AA50007751C1166CC156BF9015CB19A001FA3EB3
:10AA6000AD529C804F7E92BEC4B1B4BD9EEE213EDD
:10AA7000D43888BEE9FAA8BD00000000000000003C
:10AA800000004054FB21F93F3163621A61B4D03DAC
:10AA90000000601A61B4D03D7370032E8A19A33B85
:10AAA0000000002E8A19A33BC14920259A837B39D7
:10AAB00000000000000000006E83F9A22915444E3A
:10AAC000D15727FCC0DD34F5999562DB4190433CBA
:10AAD000AB6351FE61C5BBDE3A6E24B7E0D24D4296
:10AAE000EA2E49061C92D1091CEB1DFE3EA729B196
:10AAF000F53582E88444BB2E26709CE9417E5FB424
:10AB000039D69139F43953838B5F849C3B28F9BD46
:10AB1000FF97F81F0F9805DE8B112FEF1F6D0A5A54
:10AB2000CF7E366DB709CB27663F464F2DEA5F9E35
:10AB3000C7BA27757BF1E5EBF739073DEA92528AF0
:10AB4000B15FFB6B085D8D1FA6F810111111813FDD
:10AB5000D561C119A0012ABF7DFEB157E31DC73ED3
:10AB6000EB9C2B8AE6E55ABE7CD5CF5A3AD9E53D17
:10AB70002050726F6475637420494420726561646B
:10AB8000206173203020696E64696361746573208D
:10AB900064657669636520697320656974686572A8
:10ABA00020696E636F6D70617469626C65206F728D
:10ABB00020616E204D5055333035302E0A00000094
:10ABC000E0AB00080000002020020000068600081C
:10ABD00068AC00082002002088050000208D0008D5
:10ABE000412D0102030404100906070809020406A6
:10ABF0000884A24A04691832FF29045201034280E2
:10AC00003F234843280FC8429A99993FDA0FC93F1A
:10AC10009A99193E10A11AB40C2904E14D3333B3AB
:10AC20003E8421CB8403100116032E40411E16439F
:10AC3000295C8F8C076490408FC2F53D0316881302
:10AC40001A20E030096F12833AA69B443B0E1C3F4A
:10AC50000AD7A33BECC1EB803F0C13249D1B0818C3
:08AC60000401209A40240000C9
:04000005080000ED02
:00000001FF
