:020000040800F2
:10000000A8070020054E0008C5310008C7310008C8
:10001000CB310008CF310008D331000800000000C8
:10002000000000000000000000000000D7310008C0
:10003000D931000800000000DB310008DD31000884
:100040001F4E00081F4E00081F4E00081F4E0008DC
:100050001F4E00081F4E00081F4E0008BF4C00082E
:100060001F4E00081F4E00081F4E00081F4E0008BC
:100070001F4E00081F4E00081F4E00081F4E0008AC
:100080001F4E00081F4E00081F4E00081F4E00089C
:100090001F4E00081F4E00081F4E00081F4E00088C
:1000A0001F4E0008214C00081F4E00081F4E00087C
:1000B0001F4E000871280008812800081F4E000804
:1000C0001F4E00081F4E00081F4E00081F4E00085C
:1000D0001F4E00081F4E00081F4E00081F4E00084C
:1000E0001F4E00081F4E00081F4E0008DFF80CD0FE
:1000F00008F0F4F90048004781260008A80700200E
:1001000031490143314A1160704770B50021002325
:100110000F22C47804B32D4C246804F4E064C4F5C1
:10012000E064210AC1F10403CA40447804FA03F1EF
:100130008478144021430901254C0678A1550478A0
:1001400004F01F050124AC4005786D11AD0005F1E8
:10015000E025C5F8004109E0047804F01F050124FA
:10016000AC401C4D0678761145F8264070BD1A4A01
:100170000A400243154B1B1F1A60704739B1134ADE
:10018000121D12680243114B1B1D1A6006E00F4A34
:10019000121D126882430D4B1B1D1A607047042804
:1001A00008D14FF0E021096941F004014FF0E0224D
:1001B000116107E04FF0E021096921F004014FF0DF
:1001C000E0221161704700000000FA050CED00E02C
:1001D00000E400E080E100E080FFFF1F00204449D0
:1001E0000860091D0860091D0860091D0860414874
:1001F0003F4914310860704700213D498279002A47
:100200003AD00A46126803689A430B461A600A1DE0
:10021000126803689A430B1D1A60027911440A6838
:1002200003681A430A60324A0832126803689A4324
:100230002F4B08331A601A1D126803689A432C4B1F
:100240000C331A604279102A0ED11A1F1268036803
:100250001A43274B08331A601A1D126803681A43A1
:10026000234B0C331A600DE02149427911440A688E
:1002700003681A430A6005E0027911440A680368BA
:100280009A430A6070470021016001710C2141719D
:100290000021817170471649103109680143144AE1
:1002A00010321160704701460020114A1432126862
:1002B0000A400AB1012000E0002070470C491431C7
:1002C00008607047014600200022094B1B6803EAC2
:1002D0000102074B14331B680B4013B10AB1012014
:1002E00000E00020704702491431086070470000A8
:1002F00000040140FFFF0F0010B50446CC488442C3
:1003000008D10121042000F02DFB0021042000F081
:1003100029FB46E0C748844208D10121082000F0AB
:1003200021FB0021082000F01DFB3AE0C248844276
:1003300008D10121102000F015FB0021102000F051
:1003400011FB2EE0BD48844208D10121202000F09D
:1003500009FB0021202000F005FB22E0B848844280
:1003600008D10121402000F0FDFA0021402000F0DA
:10037000F9FA16E0B348844208D10121802000F048
:10038000F1FA0021802000F0EDFA0AE0AE48844244
:1003900007D10121801500F0E5FA0021A01500F039
:1003A000E1FA10BD10B50121084600F0DBFA00218A
:1003B000012000F0D7FA10BD2DE9F04102460025DA
:1003C0000026002000230024002791F803C00CF031
:1003D0000F0591F803C00CF0100CBCF1000F03D016
:1003E00091F802C04CEA050591F800C0BCF1000F7D
:1003F00031D0146800202BE04FF0010C0CFA00F310
:10040000B1F800C00CEA03069E4220D183004FF0F1
:100410000F0C0CFA03F7BC4305FA03FC4CEA040486
:1004200091F803C0BCF1280F06D14FF0010C0CFA73
:1004300000FCC2F814C00AE091F803C0BCF1480FF8
:1004400005D14FF0010C0CFA00FCC2F810C0401CA2
:100450000828D1D31460B1F800C0BCF1FF0F34DD1F
:10046000546800202EE000F1080C4FF0010808FA53
:100470000CF3B1F800C00CEA03069E4221D18300C0
:100480004FF00F0C0CFA03F7BC4305FA03FC4CEADF
:10049000040491F803C0BCF1280F05D100F1080C49
:1004A00008FA0CF8C2F8148091F803C0BCF1480FA8
:1004B00007D100F1080C4FF0010808FA0CF8C2F857
:1004C0001080401C0828CED35460BDE8F0814FF660
:1004D000FF710180022181700421C17070470246C2
:1004E000002093680B400BB1012000E00020704712
:1004F0000146886880B2704702460020D3680B40EE
:100500000BB1012000E0002070470146C86880B2AE
:10051000704701617047416170470AB1016100E0B5
:1005200041617047C16070474FF480320A43826175
:100530008161826182698269704702460020434B73
:1005400018684FF68073184040EA021008433F4B8A
:10055000186070473E49C8617047F0B50A460023ED
:1005600000240021002500F00046B6F1004F02D122
:10057000364EF16901E0354E7168C0F3034583B230
:1005800000F44016B6F5401F08D121F070612F4EDF
:10059000766826F070662D4F7E6012E000F48016BB
:1005A000B6F5801F06D1032606FA05F4A14341F0F3
:1005B000706106E0460D360103FA06F6B14341F0DC
:1005C000706122B1460D360103FA06F6314300F0A0
:1005D0000046B6F1004F02D11C4EF16101E01B4E06
:1005E0007160F0BD30B500228B071C0F0F2303FA9A
:1005F00004F2164B08338C1053F824309343134CF9
:1006000008348D1044F8253023468C1053F82430DC
:100610008C07240F00FA04F423430C4C08348D108B
:1006200044F8253030BD0A49DC31086070470000CD
:1006300000080140000C014000100140001401407E
:1006400000180140001C0140002001400000014052
:1006500000002042DF48006840F00100DD490860EA
:1006600008464068DC490840DA49486008460068A6
:10067000DA490840D74908600846006820F480201D
:1006800008600846406820F4FE0048604FF41F00F0
:1006900088607047CF49096821F48031CD4A1160E4
:1006A0001146096821F480211160B0F5803F03D024
:1006B000B0F5802F0ED106E0C649096841F48031BB
:1006C000C44A116007E0C349096841F4A021C14A46
:1006D000116000E000BF00BF704710B50146002266
:1006E000002300204A11012A02D1BA4C236806E0F7
:1006F000022A02D1B74C236A01E0B64C636A01F0CA
:100700001F02012494401C400CB1012000E0002095
:1007100010BD38B5002000900024002500BF312016
:10072000FFF7DBFF05460098401C00900098B0F5ED
:10073000A06F01D0002DF2D03120FFF7CEFF08B11D
:10074000012400E00024204638BD01460020A14AD3
:10075000106820F0F80040EAC10010607047A0491E
:1007600008607047024600209A4B586820F47C10BD
:1007700042EA01031843974B58607047984908664E
:10078000704701460020934A506820F00300084358
:10079000506070478F48406800F00C007047014679
:1007A00000208C4A506820F0F000084350607047E9
:1007B00001460020874A506820F4E06008435060FA
:1007C000704701460020834A506820F4605040EA98
:1007D000C1005060704729B17E4A527A02437D4B76
:1007E0005A7204E07B4A527A82437A4B5A727047BB
:1007F0007B49D8310860704701460020754A50682F
:1008000020F440400843506070470021714A203274
:100810001170704A82F82010012802D004280AD1F1
:1008200004E001216B4A2032117005E00521694A7C
:100830002032117000E000BF00BF704769490860B6
:1008400070476449096A0143624A11627047654909
:1008500044390860704730B500210022002400238D
:100860005C4D6D6805F00C0121B1042905D0082903
:1008700023D105E05C4D056022E05B4D05601FE083
:10088000544D6D6805F47012524D6D6805F4803456
:10089000022505EB92421CB9544D554305600BE00F
:1008A0004C4D6D6805F400351DB1504D5543056044
:1008B00002E04D4D5543056002E04B4D056000BF21
:1008C00000BF444D6D6805F0F0010909484D6B5CAF
:1008D0000568DD4045603F4D6D6805F4E061090A3B
:1008E000434D6B5C4568DD4085603A4D6D6805F4AD
:1008F0006051C90A3E4D6B5C4568DD40C560354DB1
:100900006D6805F44041890B3A4D6B5CC568B5FBD9
:10091000F3F5056130BD29B12E4A526902432D4BD2
:100920005A6104E02B4A526982432A4B5A6170474C
:1009300029B1284A92690243264B9A6104E0254A6C
:1009400092698243234B9A61704729B1214AD26947
:100950000243204BDA6104E01E4AD26982431D4BF8
:10096000DA61704729B11B4AD2680243194BDA6039
:1009700004E0184AD2688243164BDA60704729B106
:10098000144A12690243134B1A6104E0114A1269B6
:100990008243104B1A617047124940390860704712
:1009A0000F49C86470470B49C87170470948406ACD
:1009B00040F0807007494862704701460020054AB0
:1009C00092680A400AB1012000E000207047014906
:1009D00088727047001002400000FFF8FFFFF6FE2B
:1009E000000042428004424200127A0000093D00A9
:1009F000000000201000002010B50446FE4884428C
:100A000008D10121C014FFF7ADFF0021E014FFF76A
:100A1000A9FFC4E0B4F1804F08D101210846FFF7D7
:100A2000AEFF00210120FFF7AAFFB8E0F34884429F
:100A300008D101210220FFF7A2FF00210220FFF7C9
:100A40009EFFACE0EE48844208D101210420FFF76C
:100A500096FF00210420FFF792FFA0E0E9488442BE
:100A600008D101210820FFF78AFF00210820FFF7A5
:100A700086FF94E0E448844208D101211020FFF76A
:100A80007EFF00211020FFF77AFF88E0DF488442D4
:100A900008D101212020FFF772FF00212020FFF75D
:100AA0006EFF7CE0DA48844208D101214014FFF750
:100AB00059FF00216014FFF755FF70E0D5488442CC
:100AC00009D10121C804FFF74DFF00214FF4002098
:100AD000FFF748FF63E0D048844209D101210805AF
:100AE000FFF740FF00214FF48010FFF73BFF56E077
:100AF000CA48844209D101214805FFF733FF00218C
:100B00004FF40010FFF72EFF49E0C548844208D19A
:100B100001214020FFF733FF00214020FFF72FFF86
:100B20003DE0C048844208D101218020FFF727FF23
:100B300000218020FFF723FF31E0BB48844208D129
:100B400001218015FFF71BFF0021A015FFF717FFFC
:100B500025E0B648844209D101210804FFF702FFCD
:100B600000214FF48030FFF7FDFE18E0B0488442CA
:100B700009D101214804FFF7F5FE00214FF40030B0
:100B8000FFF7F0FE0BE0AB48844208D10121880456
:100B9000FFF7E8FE00214FF48020FFF7E3FE10BDD1
:100BA00000220288944B98420ED0994B98420BD069
:100BB000B0F1804F08D0914B984205D0904B9842AD
:100BC00002D0904B984204D14FF68F731A404B8855
:100BD0001A438D4B984207D08C4B984204D04FF665
:100BE000FF431A40CB881A4302808B8883850B8889
:100BF0000385814B98420BD0854B984208D08B4B94
:100C0000984205D08A4B984202D08A4B984201D133
:100C10000B7A038601238382704770B5002400227B
:100C20000023058C4FF6FE7635400584028C8388C0
:100C3000048B4FF68F752C40B51E2C400D882C432D
:100C4000751E2A400D892A434D882A436A4DA842C1
:100C50000BD06F4DA84208D0744DA84205D0744DFA
:100C6000A84202D0734DA84213D14FF6F7752A401F
:100C70004D892A434FF6FB752A408D882A434FF64B
:100C8000FF652B404FF6FF552B408D892B43CD89B7
:100C90002B4383800483CD888586028470BD70B524
:100CA000002400220023058C4FF6EF7635400584A2
:100CB000028C8388048B48F6FF752C404FF6FF4565
:100CC0002C400D884FF6FF7606EA05252C434FF69B
:100CD000DF752A400D8906EA05152A434D8806EA84
:100CE00005152A43444DA84202D0494DA8421DD1C2
:100CF0004FF67F752A404D894FF6FF7606EA0515B7
:100D00002A434FF6BF752A408D8806EA05152A4307
:100D10004FF6FF352B404FF2FF752B408D8906EAC9
:100D200085052B43CD8906EA85052B438380048303
:100D3000CD880587028470BD70B500240022002391
:100D4000058C4FF6FF6635400584028C8388848BC2
:100D50004FF68F752C404FF6FC752C400D882C43B8
:100D60004FF6FF552A400D894FF6FF7606EA052516
:100D70002A434D8806EA05252A431F4DA84202D082
:100D8000234DA8421DD14FF2FF752A404D894FF6E1
:100D9000FF7606EA05252A434FF6FF352A408D885F
:100DA00006EA05252A434EF6FF752B404DF6FF75E2
:100DB0002B408D8906EA05152B43CD8906EA0515DA
:100DC0002B4383808483CD888587028470BD70B572
:100DD000002200230024058C4EF6FF763540058462
:100DE000038C8488828B48F6FF752A404FF6FF45B6
:100DF0002A400D8820E00000002C01400004004043
:100E000000080040000C00400010004000140040AA
:100E100000340140004C01400050014000540140AA
:100E200000180040001C004000200040004001402D
:100E300000440140004801404FF6FF7606EA0525D0
:100E40002A434DF6FF752B400D8906EA05352B43E5
:100E50004D8806EA05352B43FA4DA84202D0FA4DDB
:100E6000A84208D14BF6FF752C408D894FF6FF76CE
:100E700006EA85152C4384808283CD88A0F84050F3
:100E8000038470BD828B4FF2FF331A408283828BC2
:100E90004FF6FF7303EA01231A4382837047F0B5CC
:100EA0000C461546002200210026078C4EF6FF7CDA
:100EB00007EA0C070784828B018C4FF6FF7707EA5D
:100EC000043640F6FF473A404FF6FF7707EA05271A
:100ED0003A434FF6FF7707EA03373A43D94FB84210
:100EE0000ED0D94FB8420BD0B0F1804F08D0D74FB9
:100EF000B84205D0D64FB84202D0D64FB84206D13C
:100F00004DF6FF77394046F48057394305E047F600
:100F1000FF57394044F48057394382830184F0BD40
:100F2000828B4FF6F3731A408283828B0A4382834B
:100F30007047F0B50C461546002200210026078CAC
:100F40004FF6FF6C07EA0C070784828B018C4FF683
:100F5000FF7707EA04264FF60C773A404FF6FF7703
:100F600007EA03172F433A43B64FB8420ED0B64FA5
:100F7000B8420BD0B0F1804F08D0B44FB84205D082
:100F8000B34FB84202D0B34FB84206D14FF6FF5725
:100F9000394046F48077394305E04FF2FF57394036
:100FA00044F48077394382830184F0BD028B4FF291
:100FB000FF331A400283028B4FF6FF7303EA0123CB
:100FC0001A4302837047F0B50C46154600220021F3
:100FD0000026078C4FF6EF7C07EA0C070784028B8C
:100FE000018C4FF6FF7707EA041640F6FF473A40B8
:100FF0004FF6FF7707EA03373A434FF6FF7707EAE2
:1010000005273A438F4FB8420ED08F4FB8420BD0CE
:10101000B0F1804F08D08D4FB84205D08C4FB84208
:1010200002D08C4FB84206D14FF6DF77394046F0F8
:101030001007394305E04FF65F77394044F0100759
:10104000394302830184F0BD028B4FF6F3731A40DB
:101050000283028B0A4302837047F0B50C461546A3
:1010600000220021068C4FF6FE773E400684028B5C
:10107000018C4FF60C7632407E1C06EA03162E4396
:101080003243704EB0420ED06F4EB0420BD0B0F132
:10109000804F08D06D4EB04205D06D4EB04202D0A8
:1010A0006C4EB04206D14FF6FD76314044F0010659
:1010B000314305E04FF6F576314044F00106314307
:1010C00002830184F0BD70B505460C465D4885423B
:1010D0000ED05D4885420BD0B5F1804F08D05B48FB
:1010E000854205D05A48854202D05A48854200D1EF
:1010F00000E000BF208850B92389A2886188284673
:10110000FFF7ABFFE1882846FFF79EFF25E0208828
:1011100004280AD12389A28861882846FFF753FF53
:10112000E1882846FFF742FF17E0208808280AD107
:101130002389A28861882846FFF7FBFEE1882846BC
:10114000FFF7EEFE09E02389A28861882846FFF7B1
:10115000A6FEE1882846FFF795FE70BD2DE9F04117
:1011600005460C4600260127608808B9022600E0E3
:101170000026A088012801D1022700E0012720884D
:10118000A0B92389A28861882846FFF766FFE18815
:101190002846FFF759FF23893A4631462846FFF78C
:1011A00012FFE1882846FFF701FF13E02389A28898
:1011B00061882846FFF707FFE1882846FFF7F6FE1B
:1011C00023893A4631462846FFF747FFE1882846FB
:1011D000FFF73AFFBDE8F0810A884B881A438B88F5
:1011E0001A43CB881A430B891A434B891A438B89BC
:1011F0001A43A0F8442070474FF6FF718180002108
:101200000180C180418001727047002101804180CE
:101210008180C180018141818181C181704700212C
:1012200001804180012181800021C18001817047BE
:101230000021018041808180C180018141818181C3
:1012400070470000002C01400034014000040040C1
:1012500000080040000C004021B1028842F0010269
:10126000028004E002884FF6FE731A400280704745
:1012700031B1B0F8442042F40042A0F8442005E027
:10128000B0F84420C2F30E02A0F8442070471AB10F
:1012900083890B43838102E083898B438381704779
:1012A0008182704741EA0203A0F8483070471AB1C2
:1012B00083890B43838102E083898B438381704759
:1012C00001894FF6F8721140018170470A460021EA
:1012D00001894FF68F73194011430181704730B572
:1012E00004460D4629462046FFF7F0FF208940F0CE
:1012F0000700208130BD2DE9F04104460D46164619
:101300001F46602D06D13B46012231462046FFF79D
:101310005AFE05E03B46012231462046FFF79DFE7E
:1013200029462046FFF7D2FF208940F007002081A0
:10133000BDE8F08130B50C4600210189C9B24FF6F5
:10134000FF7505EA0325154325432943018130BD77
:101350002DE9F04105460E461746984600244346BF
:101360003A4631462846FFF7E5FF2C894FF6F870DC
:10137000044044F007044FF68F70044044F07004BA
:101380002C81BDE8F081F0B504460D4616461F4697
:101390003B46324629462046FFF7CCFF208940F4E1
:1013A00080402081F0BD0185828270470A4600217D
:1013B00001884FF68F731940114301807047F0B5D3
:1013C0000C4615461E460021002200230189028B8F
:1013D000038C4FF6F877394021434FF6FC473A40EB
:1013E00040F201173A434FF6DD773B404FF6FF7767
:1013F00007EA06172F433B43018102830384F0BDB4
:101400000A460021018B4FF68F7319401143018367
:1014100070470A460021018B48F6FF7319404FF6CA
:10142000FF7303EA02231943018370470A46002130
:10143000818B4FF68F7319401143818370470A46A1
:101440000021818B48F6FF7319404FF6FF7303EAC2
:10145000022319438183704721B1028842F0800240
:10146000028004E002884FF67F731A4002807047C2
:1014700021B1828842F00402828004E082884FF623
:10148000FB731A408280704721B1828842F00802C3
:10149000828004E082884FF6F7731A40828070479A
:1014A00021B1828842F00102828004E082884FF6F6
:1014B000FE731A40828070470A460021018B4FF666
:1014C000F77319401143018370470A460021018BCD
:1014D0004FF2FF7319404FF6FF7303EA02231943DB
:1014E000018370470A460021818B4FF6F77319403C
:1014F0001143818370470A460021818B4FF2FF73AD
:1015000019404FF6FF7303EA0223194381837047A2
:101510000A460021018B4FF6FB73194011430183EA
:1015200070470A460021018B4FF6FF3319404FF6F2
:10153000FF7303EA02231943018370470A4600211F
:10154000818B4FF6FB7319401143818370470A4624
:101550000021818B4FF6FF3319404FF6FF7303EAEA
:1015600002231943818370470A460021018B4FF6FD
:101570007F7319401143018370470A460021018B94
:10158000C1F30E014FF6FF7303EA022319430183EF
:1015900070470A460021818B4FF67F731940114333
:1015A000818370470A460021818BC1F30E014FF6FB
:1015B000FF7303EA02231943818370470A4600211F
:1015C000018C4FF6FD7319401143018470470A46A0
:1015D0000021018C4FF6F7731940114301847047C5
:1015E0000A460021018C4FF6DF7319404FF6FF7356
:1015F00003EA02131943018470470A460021018C53
:101600004FF67F7319404FF6FF7303EA0213194335
:10161000018470470A460021018C4FF6FF531940A0
:101620004FF6FF7303EA02231943018470470A4609
:101630000021018C4FF2FF7319404FF6FF7303EA4C
:1016400002231943018470470A460021018C4DF69C
:10165000FF7319404FF6FF7303EA02331943018405
:10166000704730B5002301248C40A3B2048C9C4306
:101670000484048C02FA01F5ADB22C43048430BD1D
:1016800030B5002304248C40A3B2048C9C43048412
:10169000048C02FA01F5ADB22C43048430BD70B560
:1016A0000346002000241846183001258D40ACB2B6
:1016B0001D8CA5431D8409B1082909D100EB6100E7
:1016C000056825F0700505600568154305600EE0A6
:1016D0000D1FC5F34E052844056825F4E045056057
:1016E00005684FF6FF7606EA02263543056070BDB1
:1016F00021B1028842F00202028004E002884FF623
:10170000FD731A400280704721B1028842F0040242
:10171000028004E002884FF6FB731A400280704793
:1017200021B1828842F08002828004E082884FF6F4
:101730007F731A408280704702884FF6F7731A4011
:10174000028002880A430280704782884FF68F73B6
:101750001A40828082880A438280704702894FF64D
:10176000F8731A40028102890A4302817047028994
:101770004FF67F731A40028102890A430281704743
:1017800081847047818570478186704701877047E3
:1017900081877047A0F84010704702884FF6FF43DA
:1017A0001A40028002880A43028070470146888EF0
:1017B00070470146088F70470146888F7047014681
:1017C000B1F8400070470146888C70470146088D8B
:1017D000704702460020138A0B400BB1012000E045
:1017E00000207047CA430282704730B5024600208D
:1017F00000230024158A05EA0103958905EA0104FE
:1018000013B10CB1012000E0002030BDCA430282B8
:101810007047000010B50446FB48844209D10121FD
:101820008803FFF79FF800214FF48040FFF79AF8F4
:1018300032E0F648844209D101214804FFF79FF8BD
:1018400000214FF40030FFF79AF825E0F048844279
:1018500009D101218804FFF792F800214FF480207C
:10186000FFF78DF818E0EB48844209D10121C80444
:10187000FFF785F800214FF40020FFF780F80BE018
:10188000E548844208D101210805FFF778F80021D6
:101890004FF48010FFF773F810BD2DE9F04786B0C4
:1018A00005460E460024A24600BFA1460027B08987
:1018B00000B100BF2F462C8A4CF6FF700440F08820
:1018C00004432C82AC894EF6F3100440B088318971
:1018D0000843718908430443AC81AC8A4FF6FF404A
:1018E0000440B0890443AC8201A8FEF7B4FFC648A7
:1018F000874202D1DDF810A001E0DDF80CA0A88934
:1019000000F4004040B10AEBCA0000EB0A10316855
:101910004900B0FBF1F807E00AEBCA0000EB0A103F
:1019200031688900B0FBF1F86420B8FBF0F00401E5
:101930002009642101FB1089A88900F4004040B10E
:10194000322000EBC900B0FBF1F000F007000443C7
:1019500008E0322000EB09106421B0FBF1F000F048
:101960000F0004432C8106B0BDE8F0874FF41651F8
:10197000016000218180C18001810C214181002111
:101980008181704710B502460020108A4FF2FF0394
:1019900018400B884C8823438C882343CC882343EE
:1019A0001843108210BD0021018041808180C180D8
:1019B000704721B1828942F40052828104E0828919
:1019C0004DF6FF731A4082817047F0B5034600243C
:1019D00000260025002040F66A17B94200D100BF5A
:1019E0001846C1F3421401F01F06012707FA06F555
:1019F000012C01D10C3004E0022C01D1103000E0A8
:101A000014301AB107682F43076002E00768AF433C
:101A10000760F0BD1AB1838A0B43838202E0838A98
:101A20008B4383827047028A4FF6F0731A4002821A
:101A3000028A0A430282704782894FF2FF731A407A
:101A4000828182890A438281704721B1828942F072
:101A50000202828104E082894FF6FD731A4082817E
:101A60007047028A4FF6DF731A400282028A0A43E5
:101A70000282704721B1028A42F48042028204E06D
:101A8000028A4BF6FF731A4002827047C1F30802C4
:101A90008280704701468888C0F3080070478189BA
:101AA00041F0010181817047028BD2B20283028B27
:101AB00042EA012202837047028B02F47F420283D2
:101AC000028B0A430283704721B1828A42F02002CE
:101AD000828204E0828A4FF6DF731A408282704766
:101AE00021B1828A42F01002828204E0828A4FF69B
:101AF000EF731A408282704721B1828A42F0080255
:101B0000828204E0828A4FF6F7731A40828270471D
:101B100021B1828942F40042828103E08289C2F3CA
:101B20000E028281704721B1828A42F40062828271
:101B300004E0828A4FF2FF731A4082827047828AE1
:101B40004FF6FB731A408282828A0A438282704770
:101B500021B1828A42F00202828204E0828A4FF638
:101B6000FD731A408282704702460020B1F5007F63
:101B700000D100BF13880B400BB1012000E0002012
:101B8000704701F40072B2F5007F00D100BFCA4374
:101B90000280704770B50246002400230025002013
:101BA00040F66A16B14200D100BFC1F3421501F000
:101BB0001F03012606FA03F3012D02D19689334053
:101BC00006E0022D02D1168A334001E0968A3340A6
:101BD0000C12012606FA04F41688344013B10CB135
:101BE000012000E0002070BD10B50022002340F667
:101BF0006A14A14200D100BF0A1201249440A3B28A
:101C0000DC43048010BD0000003801400044004067
:101C100000480040004C00400050004010B5044611
:101C2000FA48844208D101214015FEF79BFE0021AD
:101C30006015FEF797FE17E0F548844208D10121B0
:101C40000015FEF78FFE00212015FEF78BFE0BE03E
:101C5000F048844208D10121C803FEF783FE002129
:101C60004FF40040FEF77EFE10BD30B50246002066
:101C700000235068E84C20400D790C6844EA0524A4
:101C8000204350609068E54C2040D1E902542C4339
:101C90004D7944EA450420439060D06A20F47000F6
:101CA0000C7C641EE4B2234340EA0350D06230BD92
:101CB00000210160017141718160C16001210174E5
:101CC000704721B1826842F00102826003E08268BD
:101CD00022F001028260704721B1826842F4807272
:101CE000826003E0826822F480728260704710B5DF
:101CF0000023CBB21AB144681C43446002E044683C
:101D00009C43446010BD816841F0080181607047C8
:101D1000014600208A6802F008020AB1012000E0B2
:101D200000207047816841F00401816070470146DE
:101D300000208A6802F004020AB1012000E00020BD
:101D4000704721B1826842F4A002826003E0826899
:101D500022F4A00282607047014600208A6802F4E3
:101D600080020AB1012000E00020704710B50A4649
:101D700000210023416821F46041531E41EA4331B0
:101D8000416010BD21B1426842F40062426003E04C
:101D9000426822F4006242607047F0B504460D4686
:101DA00000200021092D11DDE068A5F10A0606EBEF
:101DB0004607072606FA07F18843A5F10A0606EB4F
:101DC000460603FA06F10843E0600CE0206905EBE3
:101DD0004507072606FA07F1884305EB450603FA8F
:101DE00006F108432061072A0FDA606B561E06EBE6
:101DF00086071F2606FA07F18843561E06EB86065D
:101E000005FA06F10843606322E00D2A0FDA206B21
:101E1000D61F06EB86071F2606FA07F18843D61F52
:101E200006EB860605FA06F10843206310E0E06A37
:101E3000A2F10D0606EB86071F2606FA07F1884376
:101E4000A2F10D0606EB860605FA06F10843E062EC
:101E5000F0BD21B1826842F48012826003E08268A2
:101E600022F48012826070470146C86C80B27047CD
:101E700066484C300068704721B1426842F4806285
:101E8000426003E0426822F480624260704721B100
:101E9000426842F48052426003E0426822F4805279
:101EA000426070470A460021816821F4E0411143F5
:101EB0008160704721B1826842F40042826003E091
:101EC000826822F400428260704721B1826842F445
:101ED0000212826003E0826822F40212826070477C
:101EE000014600208A6802F400120AB1012000E0D5
:101EF00000207047F0B50446154600200022002659
:101F0000092911DDE068A1F10A0707EB470C072753
:101F100007FA0CF29043A1F10A0707EB470703FA0F
:101F200007F21043E0600CE0206901EB410C072749
:101F300007FA0CF2904301EB410703FA07F2104352
:101F40002061A06BC0F30156EF1C06F1010CA7EB5A
:101F50000C0707EB870C1F2707FA0CF29043EF1CC6
:101F600006F1010CA7EB0C0707EB870701FA07F254
:101F70001043A063F0BD10B50A4600210023816B19
:101F800021F44011531E41EA0351816310BD08B58D
:101F9000002300930090009B0B440093009B1A6069
:101FA00008BD08B5024600200090009201F128000B
:101FB000009B184400900098006880B208BD0A4653
:101FC00000214168164B194011434160704741623E
:101FD000826270470A460021416821F01F011143C7
:101FE0004160704740B109490831096841F4000176
:101FF000064A0832116007E004490831096821F4F3
:102000000001024A083211607047000000240140BC
:1020100000280140003C0140FFFEF0FFFDF7F1FF0A
:10202000FFFD3FFF0246002013680B400BB101206B
:1020300000E000207047CA430260704770B5024656
:102040000020002300240B125568CEB205EA0604D6
:1020500015681D4015B10CB1012000E0002070BDD5
:1020600000220A12D3430360704700000CB5002021
:10207000019000906C48006840F480306A49086024
:1020800000BF6948006800F4003000900198401CCF
:102090000190009818B90198B0F5A06FF1D162488D
:1020A000006800F4003010B10120009001E0002031
:1020B00000900098012843D15C48006840F010006F
:1020C0005A4908600846006820F003000860084686
:1020D000006840F002000860534840685249486078
:1020E0000846406848600846406840F480604860A0
:1020F0000846406820F47C1048600846406840F478
:10210000E81048600846006840F08070086000BF32
:102110004548006800F000700028F9D04248406847
:1021200020F00300404948600846406840F0020043
:10213000486000BF3C48406800F00C000828F9D116
:102140000CBD10B5FFF792FF10BD10B53648006802
:1021500040F00100344908600846406834490840AE
:102160003149486008460068324908402E490860F5
:102170000846006820F4802008600846406820F483
:10218000FE0048604FF41F008860FFF7DAFF4FF051
:1021900000602949086010BD10B500210020002210
:1021A000214B5B6803F00C0121B1042906D00829FA
:1021B00028D107E0214B224C236027E01F4B204C05
:1021C000236023E0184B5B6803F47010164B5B68C8
:1021D00003F48032022303EB904022B9194B4343AE
:1021E000174C23600DE0104B5B6803F4003323B100
:1021F000144B4343124C236003E0104B4343104CF9
:10220000236003E00D4B0E4C236000BF00BF064B64
:102210005B68C3F303130C4CE15C094B1B68CB40B8
:10222000074C236010BD0000001002400020024057
:102230000000FFF8FFFFF6FE08ED00E000127A0054
:102240001400002000093D0018000020014605E0B0
:10225000002001E0421CD0B20A28FBDB0A1EA1F1DB
:102260000101F5D1704710B5044603E04FF47A70D0
:10227000FFF7ECFF201EA4F10104F7D110BD704759
:1022800008B50720009002E00098401E00900098DA
:102290000028F9D108BD10B54FF40070E649086078
:1022A00040100860FFF7ECFFE3480838006808B901
:1022B000012000E0002000F4007008B1002010BDF3
:1022C0004FF40070DC49091D0860FFF7D9FFDA48B8
:1022D0000838006800F4007008B10020EFE74FF400
:1022E0000070D549091D0860FFF7CAFF0120E6E725
:1022F00010B54FF48070D049091D0860FFF7C0FF8A
:102300004FF40070CC49091D0860FFF7B9FF4FF486
:102310008070C9490860FFF7B3FF4FF40070C649E9
:102320000860FFF7ADFF10BD10B54FF48070C249D3
:10233000091D0860FFF7A4FF4FF40070BE49091D96
:102340000860FFF79DFF4FF48070BB490860FFF7FE
:1023500097FF4FF48070B849091D0860FFF790FFA0
:1023600010BD10B54FF48070B349091D0860FFF728
:1023700087FF4FF40070B0490860FFF781FF4FF40A
:102380008070AD490860FFF77BFF4FF48070AA4969
:10239000091D0860FFF774FF10BD10B54FF4807081
:1023A000A549091D0860FFF76BFF4FF40070A249B3
:1023B0000860FFF765FF4FF480709F490860FFF7E2
:1023C0005FFF9D480838006800F4007030B14FF49A
:1023D00080709949091D0860002010BD4FF480707D
:1023E0009549091D08600120F7E770B504460825E6
:1023F0001DE04FF480709049091D0860FFF740FF11
:1024000004F0800020B14FF400708B49086004E0B4
:102410004FF400708849091D08606006040EFFF73C
:102420002FFF4FF4807084490860FFF729FF281EB2
:10243000A5F10101CDB2DCD14FF480707E49091DB8
:10244000086070BD70B508250024A8017A490860AD
:1024500016E06006040E4FF480707749091D08608D
:10246000FFF70EFF4FF4807073490860FFF708FF15
:1024700071480838006800F4007008B144F00104A5
:10248000281EA5F10101CDB2E3D14FF480706A4955
:10249000091D0860204670BD08B501210820FEF71F
:1024A00047FA4FF44070ADF8000002208DF80200AA
:1024B00014208DF8030069465F481038FDF77CFF53
:1024C00008BD2DE9F04105460E4617469846FFF730
:1024D000E2FE10B90020BDE8F081002141EA45018B
:1024E000C8B2FFF782FFFFF758FF18B9FFF700FFE8
:1024F0000020F0E73046FFF778FFFFF74EFF00249B
:102500000BE018F80400FFF770FFFFF746FF18B95B
:10251000FFF7EEFE0020DEE7641CBC42F1DBFFF7B4
:10252000E7FE0120D7E72DE9F04104460D461646A7
:102530001F463B46324629462046FFF7C2FF10B1F0
:102540000020BDE8F0814FF0FF30FAE72DE9F041BF
:1025500005460F4614461E46FFF79DFE10B90020A3
:10256000BDE8F081002141EA4501C8B2FFF73DFF17
:10257000FFF713FF18B9FFF7BBFE0020F0E738465E
:10258000FFF733FFFFF709FFFFF785FE012101EB9E
:102590004501C8B2FFF729FFFFF7FFFE0CE0FFF788
:1025A00051FF3070012C02D1FFF7DBFE01E0FFF795
:1025B000BBFE761C601EC4B2002CF0D1FFF798FE63
:1025C0000120CDE72DE9F04104460D4616461F4691
:1025D0003B46324629462046FFF7B8FF10B100209F
:1025E000BDE8F0814FF0FF30FAE770B504460D46C4
:1025F0001646FFF750FE08B9002070BD002141EAE1
:102600004401C8B2FFF7F1FEFFF7C7FE18B9FFF7A4
:102610006FFE0020F1E72846FFF7E7FEFFF7BDFE5B
:102620003046FFF7E2FEFFF7B8FEFFF761FE01203C
:10263000E3E7002070470000100C014008B50121BD
:102640001120FEF775F901210B48FDF786FF4FF4C5
:10265000C040ADF8000003208DF8020010208DF876
:10266000030069460548FDF7A7FE4FF4C041034843
:10267000FDF74FFF08BD00000002300000100140D0
:10268000002400270026FFF760FD41F61F4141F2BC
:10269000883002F097FA02F0D1FA02F001F900F066
:1026A000E1F800F043F8FFF7C9FF02F04DFB00F03E
:1026B000EFF800F056F9FFF7EFFE0A2000F02EFECB
:1026C00000F062FA00F0D2FD00F05EFE0021084644
:1026D00001F033FF124807784FF0E020006940F026
:1026E00001004FF0E021086118E000F0BDFA8EB95A
:1026F0000B480578E81BC0B204442F46B4F5FA7FB6
:1027000007D301234FF47A720649074801F0E8FD28
:10271000012600BF02F070F801F085FCE5E700003B
:10272000D80000203333B33E0000344308B5012104
:102730000820FEF7FDF84FF47040ADF800001020BF
:102740008DF8030003208DF802006946FE48FDF76E
:1027500033FE4FF47041FC48FDF7DBFE08BD08B5C1
:1027600001210846FEF7F1F801210420FEF7E0F808
:102770000C20ADF8000018208DF8030003208DF820
:1027800002006946F148FDF717FE08BD30B587B075
:102790000025002440F2E730ADF814000020ADF829
:1027A0001000ADF81600ADF8120004A94FF08040FB
:1027B000FEF7F6F96020ADF800000120ADF8020048
:1027C000ADF806500020ADF8080069464FF0804093
:1027D000FEF7B2FA0821C806FEF784FE0120ADF824
:1027E0000200ADF806400020ADF8080069464FF041
:1027F0008040FEF7ECFA0821C806FEF77CFE0121B6
:102800008807FEF729FE01218807FEF725FD07B09E
:1028100030BD2DE9FF4104460D4627462E46602077
:10282000ADF800000120ADF80200ADF80670002000
:10283000ADF8080069464FF08040FEF77DFA0821A8
:10284000C806FEF74FFE0120ADF80200ADF80660A5
:1028500069468007FEF7BBFA0821C806FEF74BFE63
:10286000BDE8FF8110B5FFF77AFFFFF78FFF10BDBE
:10287000B7490888098821F00101B54A11807047DD
:10288000B4490888098821F00101B24A11807047D3
:1028900000B589B001210220FEF757F8012104207C
:1028A000FEF746F801A8FDF712FEC020ADF80400BF
:1028B00004208DF8070003208DF8060001A9A34825
:1028C000FDF77AFD4FF4A060FDF71AFC1D208DF88E
:1028D000080001208DF8090003208DF80A0001206E
:1028E0008DF80B0002A8FDF710FC99481038FEF790
:1028F00083F806A8FEF780FC0020ADF818004FF61C
:10290000FF70ADF81C000020ADF81E00ADF81A00F5
:1029100006A98F481038FEF743F90A231A46032107
:102920008B481038FEF74BFD03A8FEF778FC062015
:10293000ADF8140003A986481038FEF7C4FB012146
:1029400083481038FEF74EFF0122114680481038A8
:10295000FEF79DFC01217E481038FEF77DFC09B092
:1029600000BD00B589B001210420FDF7EEFF012173
:102970000820FDF7DDFF01A8FDF7A9FDC020ADF897
:10298000040004208DF8070003208DF8060001A93B
:102990006D48FDF711FD4FF4A060FDF7B1FB1E205F
:1029A0008DF8080001208DF8090003208DF80A0039
:1029B00001208DF80B0002A8FDF7A7FB6548103831
:1029C000FEF71AF806A8FEF717FC0020ADF818006D
:1029D0004FF6FF70ADF81C000020ADF81E00ADF8FA
:1029E0001A0006A95B481038FEF7DAF80A231A46DF
:1029F000032158481038FEF7E2FC03A8FEF70FFC4D
:102A00000620ADF8140003A952481038FEF75BFB0E
:102A1000012150481038FEF7E5FE012211464D48CD
:102A20001038FEF734FC01214A481038FEF714FC38
:102A300009B000BD00B585B001210420FDF778FF85
:102A400001210220FDF781FF8020ADF81000042055
:102A50008DF8130003208DF8120004A93B48FDF700
:102A6000ABFC4FF4A060FDF74BFB1D208DF8000080
:102A700001208DF8010003208DF8020001208DF85F
:102A800003006846FDF741FB31481038FDF7B4FFFD
:102A90004FF6FF70ADF808000020ADF80400ADF867
:102AA0000A00ADF8060001A929481038FEF778F8A9
:102AB00000231A46602126481038FEF71CFC00212E
:102AC00023481038FEF75CFE012121481038FEF73C
:102AD000C3FB05B000BD00B585B001210820FDF79E
:102AE00027FF01210420FDF730FF8020ADF8100002
:102AF00004208DF8130003208DF8120004A9124859
:102B0000FDF75AFC4FF4A060FDF7FAFA1E208DF88D
:102B1000000001208DF8010003208DF80200012043
:102B20008DF803006846FDF7F0FA0A481038FDF703
:102B300063FF4FF6FF70ADF808000020ADF8040009
:102B4000ADF80A0008E00000000C01400008014058
:102B50001004004010080040ADF8060001A9094823
:102B6000FEF71EF800231A4660210648FEF7C3FB55
:102B700000210448FEF704FE01210248FEF76CFB29
:102B800005B000BD0008004070B5002402F0A7FDAC
:102B90000446002C60D17CA001F0FFFF782002F0F9
:102BA00000FA18B981A001F0F8FF02E087A001F057
:102BB000F4FF782002F0E2FB18B98FA001F0EDFFDE
:102BC00002E096A001F0E9FF642002F0B8FC18B919
:102BD0009EA001F0E2FF02E0A6A001F0DEFF04F0FB
:102BE0006FF818B9ACA001F0D8FF02E0B7A001F06F
:102BF000D4FFC54804F040FF054604F06BF818B94F
:102C0000C2A001F0CAFF02E0CAA001F0C6FF40F274
:102C1000731004F0A0FC18B9D2A001F0BEFF02E0CE
:102C2000D9A001F0BAFF642004F00EFA18B9E2A0AE
:102C300001F0B3FF02E0E9A001F0AFFF04F030FFC4
:102C4000012003F083FD18B9EFA001F0A6FF0AE010
:102C5000F6A001F0A2FF06E04FF40051FE48FDF798
:102C60005AFC00BFFEE770BD2DE9F04F89B0FB486C
:102C7000FB49FC4BFC4ACDE90010FC49FC4804F040
:102C8000C9FDF748008800F4807000287AD0F64922
:102C9000086805F037FA04464FF09D4105F06CF8DE
:102CA000F4490860F049486805F02CFA04464FF0F2
:102CB0009D4105F061F8F0490860EB49886805F02E
:102CC00021FA04464FF09D4105F056F8EB490860A3
:102CD000E549C86805F016FA04464FF09D4105F035
:102CE0004BF8E7490860E34801684FF0804005F081
:102CF00011F80690E1480168069805F00BF8824645
:102D0000DD4801684FF0404005F004F80690DC48CB
:102D10000168069804F0FEFF8346514604F0A2FFC6
:102D2000079005F03BFA064606F070FC80464FF02F
:102D30006632D44B05F005F9044605F05BFAD2493A
:102D40000860CE4801684FF0804004F0E3FF039034
:102D5000CA480168039804F0DDFF8246C64801684E
:102D60004FF0404004F0D6FF0390C3480168039839
:102D700004F0D0FF8346514604F0C6FF81464FF071
:102D80007E5183E10CE200006D707520696E6974FC
:102D900069616C697A6174696F6E20636F6D706CC4
:102DA0006574652E2E2E2E2E2E0A20006D70755FF6
:102DB0007365745F73656E736F7220636F6D706C93
:102DC000657465202E2E2E2E2E2E0A006D70755FD6
:102DD0007365745F73656E736F7220636F6D6520CA
:102DE0006163726F7373206572726F72202E2E2E64
:102DF0002E2E2E0A000000006D70755F636F6E66E8
:102E000069677572655F6669666F20636F6D706C68
:102E1000657465202E2E2E2E2E2E0A006D70755F85
:102E2000636F6E6669677572655F6669666F20635A
:102E30006F6D65206163726F7373206572726F725C
:102E4000202E2E2E2E2E2E0A000000006D70755F93
:102E50007365745F73616D706C655F72617465201A
:102E6000636F6D706C657465202E2E2E2E2E2E0ACB
:102E7000000000006D70755F7365745F73616D7045
:102E80006C655F72617465206572726F72202E2EA0
:102E90002E2E2E2E0A000000646D705F6C6F616430
:102EA0005F6D6F74696F6E5F6472697665725F667D
:102EB00069726D7761726520636F6D706C657465A2
:102EC000202E2E2E2E2E2E0A00000000646D705F24
:102ED0006C6F61645F6D6F74696F6E5F6472697649
:102EE00065725F6669726D7761726520636F6D658B
:102EF000206163726F7373206572726F72202E2E61
:102F00002E2E2E2E0A00000028000020646D705F17
:102F10007365745F6F7269656E746174696F6E203A
:102F2000636F6D706C657465202E2E2E2E2E2E0A0A
:102F300000000000646D705F7365745F6F72696597
:102F40006E746174696F6E20636F6D65206163726A
:102F50006F7373206572726F72202E2E2E2E2E2E9E
:102F60000A000000646D705F656E61626C655F668B
:102F700065617475726520636F6D706C6574652032
:102F80002E2E2E2E2E2E0A00646D705F656E6162ED
:102F90006C655F6665617475726520636F6D652031
:102FA0006163726F7373206572726F72202E2E2EA2
:102FB0002E2E2E0A00000000646D705F7365745F32
:102FC0006669666F5F7261746520636F6D706C65B2
:102FD0007465202E2E2E2E2E2E0A0000646D705F3A
:102FE0007365745F6669666F5F7261746520636F95
:102FF0006D65206163726F7373206572726F7220EA
:103000002E2E2E2E2E2E0A006D70755F7365745F46
:10301000646D705F737461746520636F6D706C654F
:103020007465202E2E2E2E2E2E0A00006D70755FD8
:103030007365745F646D705F737461746520636F32
:103040006D65206163726F7373206572726F722099
:103050002E2E2E2E2E2E0A0000100140620000207F
:103060006000002050000020240200205A000020B0
:103070005400002034000020380000203C000020D4
:103080004000002066A64C404400002004F0EAFD09
:10309000044605F083F8CDE90401434801684FF088
:1030A000804004F037FE834640480168584604F0EB
:1030B00031FE81463E4801684FF0804004F02AFE10
:1030C00083463C480168584604F024FE824649463F
:1030D00004F0C8FD044605F061F80746DDE9042365
:1030E00006F0DCFC4FF06632334BCDE9060104F00C
:1030F00028FF054605F07EF8304908602D48016834
:10310000006804F007FE039029480168006804F095
:1031100001FE029025480168006804F0FBFD83462B
:1031200021480168006804F0F5FD5946019004F05B
:1031300099FD8246029904F0E7FD8146039904F067
:10314000E3FD044605F02AF8CDE9040119480168B9
:103150001548006804F0DEFD8246154801681348F2
:10316000006804F0D7FD8346514604F07BFD81469C
:103170004FF0804104F0CEFD044605F00FF80746FD
:10318000DDE9042306F08AFC4FF066320A4BCDE9F4
:10319000060104F0D6FE054605F02CF80849086043
:1031A00009B0BDE8F08F0000340000203800002096
:1031B0003C0000204000002066A64C404800002053
:1031C0004C000020704700BFFEE700BFFEE700BFD5
:1031D000FEE700BFFEE770477047704710B51D4817
:1031E0000078401C1B4908701B480078401C1A4995
:1031F00008701A480078401C1849087000F091FBCC
:1032000017480078401C1649087016480078401C82
:103210001449087014480078401C134908700E487F
:103220000078022806DB01F07AFD00F059FD00204D
:103230000949087009480078082806DB00F09EFB61
:103240000020064908700649087000F051F900F0A6
:10325000F2FA10BDD8000020DD000020D9000020C7
:10326000DA000020DB000020DC00002030B5274819
:103270000068C822B0FBF2F1B1F1807F01D30120D8
:103280001DE021F07F40401E4FF0E02250615017BA
:103290000F22002807DA13071D0E1D4B00F00F0444
:1032A000241F1D5503E013071C0E1A4B1C5400BFAE
:1032B00000204FF0E022906107201061002008B14B
:1032C00000BFFEE74FF0E020006920F001004FF062
:1032D000E021086130BD01B50F49009808604FF04A
:1032E000E020006940F001004FF0E021086100BFDC
:1032F000094800680028FBD108BD0748006820B1D4
:1033000005480068401E044908607047140000200A
:1033100018ED00E000E400E064000020002107E078
:1033200042F6E06100BF0A1EA1F1010399B2FAD191
:10333000021EA0F1010398B2F2D170470020F949B2
:103340000876087048608860F7480068C860002008
:10335000C882704700B502460020F4490870F4485E
:103360000260FFF7EBFF0020F2490870F249087095
:10337000F2480078F24908700020F2490860EF48EE
:103380000078F149087000BD00B50020EF490880C1
:10339000EF490880EF490860EF490860EF4908608D
:1033A000EF490860EF490860EF490860EF4908609D
:1033B000EF490860EF490860EF490860EF4908608D
:1033C000EF490860D8490860EE490860EE49086096
:1033D000EE490860EE490860D8490870ED49087068
:1033E000ED490870D5480078D54908700020D549C6
:1033F0000860D2480078D44908704FF46170E749FA
:103400000880E748E74908600120E7490870002084
:10341000E6490870E6490870E6490860E649086030
:10342000E6490860E648FFF795FF0020E549086097
:1034300000BD2DE9F041E448006804F0AFFE044609
:10344000E248D0E900633246204604F0BBFE07D0D4
:10345000DE48D0E90021104604F0CCFEDA490860CD
:10346000DB48006804F09AFE0446D848D0E90263BD
:103470003246204604F0A6FE07D0D448D0E9022107
:10348000104604F0B7FED2490860D248006804F044
:1034900085FE0446CD48D0E904633246204604F058
:1034A00091FE07D0C948D0E90421104604F0A2FEDD
:1034B000C8490860C848006804F070FE0446C34864
:1034C000D0E906633246204604F07CFE07D0BF48B0
:1034D000D0E90621104604F08DFEBF4908600020A7
:1034E000B4490860B4490860B4490860BDE8F08197
:1034F0002DE9F041B9480068012810D10020B249F7
:103500000860B748006804F00BFE06460022B54B81
:1035100004F017FD044604F06DFEAB490860AF48A7
:103520000068022812D10020A9490860AE49096844
:10353000A1F1400004F0F4FD06460022AB4B04F07C
:1035400000FD044604F056FEA1490860A849B1F9FF
:10355000040004F0D7FDA7490860A749B1F90400A9
:1035600004F0D0FDA54908600021A548006804F0DA
:103570005DFE0BD0A349A248006804F057FE05D3B6
:10358000A1499F48006804F05BFE05D24FF400514A
:103590009E48FCF7C0FF04E04FF400519B48FCF745
:1035A000B8FF00219A48006804F0AEFB6E4908603D
:1035B0009149B1F9000004F0A5FD06468448016870
:1035C000304604F0A7FB0446684801686648006876
:1035D00004F09AFB06467C480168304604F09AFBEA
:1035E0000546214604F03EFB63490860BDE8F081D2
:1035F0002DE9F04104460D46002C0CDA4FF48041D1
:103600008448FCF786FF4FF400418248FCF783FFB3
:10361000604204B20AE04FF400417E48FCF779FFB3
:103620004FF480417B48FCF776FF00BF002D0CDA99
:103630004FF400517748FCF76CFF4FF48051754808
:10364000FCF769FF684205B20AE04FF48051714807
:10365000FCF75FFF4FF400516E48FCF75CFF00BFC2
:10366000AFB2A6B231464FF08040FEF791F839462E
:103670004FF08040FEF78EF867496148006804F01B
:10368000DFFD23D365495E48006804F0CFFD02D218
:103690004FF0010801E04FF0000800213B480068AE
:1036A00004F0C4FD01D1012000E0002008EA000878
:1036B00000213748006804F0B9FD01D1012000E085
:1036C000002008EA0008B8F1000F0DD000214FF0EB
:1036D0008040FEF75DF800214FF08040FEF75AF879
:1036E00001204F49086002E000204D4908604D4923
:1036F0001D48006804F0A4FD05D34B491A48006832
:1037000004F094FD0DD200214FF08040FEF740F808
:1037100000214FF08040FEF73DF80120404908604D
:1037200087E083E0A0000020580100207500002001
:103730008C000020C7000020C8000020D800002016
:103740007400002070000020C90000202601002025
:103750002401002034010020300100203C01002021
:10376000380100204001002000010020F00000206E
:103770005C010020E4000020F4000020FC00002098
:10378000F80000209C010020980100206401002026
:1037900060010020D9000020DA000020BC000020D9
:1037A0003333B33EC0000020C4000020C500002019
:1037B000C6000020CC000020D0000020D400002053
:1037C0000000C8425001002010010020089D0008A0
:1037D00014010020180100201C010020800100209D
:1037E000700100200080FB3F740100200000C43FF6
:1037F0005A00002090010020540000209401002075
:10380000440000200000A0C10000A04100100140C1
:1038100048000020000C014000002041000020C1B1
:103820004C01002000004842000048C20020FC4932
:103830000860BDE8F0812DE9F041FA480468FA48D3
:103840000168204604F00EFA044600250026F448DC
:10385000006898B9F548006820F00047F4493846F8
:1038600004F0EEFC0AD8EF48006820F00047F14968
:10387000384604F0DBFC01D800BFEF4E2146EF488C
:10388000006804F0EFF90746294604F0EBF9EC492B
:1038900008602146E948006804F036FA07463146D8
:1038A00004F0E0F9E7490860E548006804F049FCE5
:1038B00000B2B0F57A7F02DDE348E1490860E048F4
:1038C000006804F03EFC00B210F57A7F02DADF48AF
:1038D000DB490860DB48006804F033FC00B2B0F557
:1038E0007A7F02DDD848D7490860D648006804F0DE
:1038F00028FC00B210F57A7F02DAD448D14908607A
:10390000D048006804F01DFC07B2CD48006804F000
:1039100018FC0FFA80F839464046FFF769FEBDE80B
:10392000F08170B5CA48FDF74EFF0446C948FDF75F
:103930004AFF0546C8480460C84805600021C448DD
:10394000FDF71EFF0021C348FDF71AFF20B2C4494E
:103950000880684200B2C3490880C3480068C04973
:10396000B1F900100844C0490860C0480068BD496A
:10397000B1F900100844BD49086070BD2DE9FC5F35
:10398000B9490968B94A1268881804F0BBFBB849FC
:103990000860B6490968B44A1268881A04F0B2FB94
:1039A00001904FF04041019804F04AFC07D24FF0DB
:1039B0008041019804F03AFC01D2002001900020DF
:1039C000AA490860A8490860AA48006804F0E6FB14
:1039D00006464FF06632A84B04F0B3FA044604F0F2
:1039E00009FCA4490860A248006804F0D7FB82469D
:1039F0004FF03332A14B04F0A4FA06460F469D481F
:103A0000006804F0CBFB804632463B4604F0F2F9F6
:103A1000044604F0EFFB97490860994800680328C2
:103A200012D100209749086097490968A1F18000E8
:103A300004F076FB06460022944B04F082FA04461A
:103A400004F0D8FB8F4908608D480068042812D123
:103A500000208F4908608F490968A1F1C00004F077
:103A60005FFB064600228C4B04F06BFA044604F020
:103A7000C1FB874908607F4801686C48006804F012
:103A800043F9009066480068012803D1002083496B
:103A9000086006E081480099006804F0E3F87F4977
:103AA00008607E48006804F04CFBB0F5FA5F02DD68
:103AB0007B487A4908607948006804F042FB10F5B9
:103AC000FA5F02DA774875490860744800687649F9
:103AD00008606F4801687148006804F01BF90446EB
:103AE00068480168009804F015F90546214604F07D
:103AF000B9F86E4908606E496E48006804F0A0FB92
:103B000005D36D496B48006804F090FB0BD2674801
:103B1000006880F0004467480168204604F02CF9F2
:103B20006649086002E00020644908604249634831
:103B3000006804F085FB02D23F4860490860604994
:103B40005E48006804F072FB02D25D485B49086081
:103B500033480068002852D13448006820F00044FF
:103B60005849204604F06CFB49D80021019804F024
:103B70005DFB07D154495548006804F0CBF8534920
:103B800008600BE00021019804F0C4F804464F4897
:103B90000168204604F066F84C4908604C494B48DF
:103BA000006804F04DFB02D2494848490860494981
:103BB0004648006804F03AFB02D246484349086090
:103BC0000021019804F0A6F8044640480168204608
:103BD00004F048F8144908603A491348006804F0B2
:103BE0002FFB02D23748104908603B490E48006855
:103BF00004F01CFB11D238480B4908600DE037492E
:103C00003248006804F086F83049086033490648B5
:103C1000006804F07FF804490860BDE8FC9F0000DC
:103C20004C0100205C010020D00000205801002041
:103C30000000F0410000C8410000C040F400002036
:103C4000F8000020FC00002000007A4400007AC444
:103C5000000400400008004044010020480100200A
:103C60002401002026010020300100203401002022
:103C7000380100203C0100206666E63F3333D33F25
:103C80008001002018010020780100200000DE3FA4
:103C90001C0100207C0100200000C43FD400002053
:103CA0000000FA450000FAC540010020EC000020A9
:103CB0006F12833A100100206F1283BAF0000020C7
:103CC0000000C0C00000A04248E17A3FCC000020C4
:103CD00000002042000020C20000A0C2CDCC4C3F1A
:103CE0002DE9F041FE480068002850D1FD48FDF75D
:103CF0006AFD00EB800000EB00104400204604F059
:103D00000FFA05460022F84B04F08DF9074604F03F
:103D100071FAF64908600846006804F03FFA044664
:103D200022460B46F2A004F0A3FCF448007820B928
:103D30000020F3490860BDE8F081EC48006804F019
:103D40002DFA04460022EF4B04F03CFA03D8EE486B
:103D5000EB4908601BE0ED49E448006804F070FAA4
:103D600001D8012400E000244FF08241DF480068C0
:103D700004F05CFA01D8012000E0002004401CB1EE
:103D8000E348DF49086002E00020DD49086000BF29
:103D9000D1E72DE9FC5FDF480068012878D1DE48D3
:103DA000D0F800B0DD4800680190DD48B0F902901D
:103DB000DC48B0F900A0CD480468484604F0A2F9F8
:103DC00006464FF08D4103F0D7FF0546D64903F074
:103DD000A1FFD6490860504604F094F90646D4493C
:103DE00003F092FF0546D34903F0C6FFD2490860AD
:103DF000584604F0D3F90746D04AD14B04F013F9E2
:103E0000054604F0F7F98346019804F0C7F9054622
:103E1000CA4ACB4B04F007F9074604F0EBF90190CE
:103E20005021C84803F0FAFEC648C7A109680160DE
:103E30000A21C64803F0F2FEC54800210160416036
:103E400001810A21C34803F0E9FEC3480021016053
:103E5000416001810A21C14803F0E0FEC048002111
:103E6000016041600181BF49584604F0DFF910D874
:103E7000BD49584604F0E4F90BD8584604F08EF9D1
:103E800005462A460B46B9A1B04804F001FC02E001
:103E9000C7E0BDE8FC9FB349019804F0C7F90FD80B
:103EA000B149019804F0CCF90AD8019804F076F9E8
:103EB00005462A460B46ADA1A54804F0E9FB00E003
:103EC000E7E7AC499948006804F0BAF911D2AA4969
:103ED0009648006804F0AAF90BD29448006804F0F0
:103EE0005DF905462A460B46A0A19A4804F0D0FB8E
:103EF00000E0CEE7A1499048006804F0A1F911D292
:103F00009F498D48006804F091F90BD28A480068F7
:103F100004F044F905462A460B4694A18E4804F065
:103F2000B7FB00E0B5E70021204604F089F90FD87F
:103F30009449204604F07AF90AD2204604F02EF97A
:103F400005462A460B4689A1844804F0A1FB00E0FF
:103F50009FE7002000F03AFF0090009804F0DBF8A3
:103F60000746894903F0D6FE06464FF08B4103F021
:103F700003FF0546854903F0C7FE85490860002117
:103F80008348006804F05CF911D87B4980480068D8
:103F900004F04CF90BD27E48006804F0FFF80546A7
:103FA0002A460B4671A16E4804F072FB00E070E7F0
:103FB0006649644803F03DFE76A1624803F039FE8D
:103FC0006349604803F035FE73A15E4803F031FE9B
:103FD00060495C4803F02DFE70A15A4803F029FEA9
:103FE0005D49584803F025FE6DA1564803F021FEB7
:103FF0005A49544803F01DFE6BA1524803F019FEC4
:104000005749504803F015FE68A14E4803F011FED1
:104010005021674803F002FE50224A49644803F0E9
:10402000E4FD00BF35E710B562480068401E6149F5
:10403000086038480068012807D10846006820B9A0
:10404000FFF7A7FE5A4800F09CFD5A48006818B9CF
:1040500041F288305749086010BD70B506460D46DC
:1040600014462146304604F0EBF801D2204670BDDC
:104070002946304604F0DAF801D22846F7E7304600
:10408000F5E72DE9F04704460E4617461D46DDE9E3
:104090000889494A49493046FFF7DFFF0646464A44
:1040A00046493846FFF7D9FF07460021284604F065
:1040B000BDF801D285F00045414A42492846FFF744
:1040C000CCFF0546B8F1000F01D14FF0010841F2D5
:1040D0008830804500D98046012C00D1002773E04C
:1040E00068010020002C01400000694054010020BC
:1040F0006A756C693D25660A0000000075000020A5
:104100005001002000001040000096C30000A040B5
:104110000000FA4384010020F8000020FC00002089
:104120005A00002054000020CDCC1C4190010020FA
:104130009A190043000003439401002048E17A14D7
:10414000AE470F4034020020244C56004C030020A0
:1041500056030020600300206A030020740300203F
:104160007E03002000007A4400007AC425332E32FA
:10417000660000000000A0C10000A04100803BC517
:1041800000803B4500401C46CDCC5441CDCC4C3E3C
:10419000E00000202C5256002C4143002C475900CF
:1041A0002C435342000000002C5654002300000012
:1041B000840200208801002000008243000082C3A6
:1041C000000040400AD7233C042C00D10026FD48C3
:1041D000047046608760FC480068FA49C860084679
:1041E0000561A0F814800020C88201200876B9F18A
:1041F000000F06D00320F5490870F5480078F5490E
:104200000870BDE8F0872DE9F04780460C4615465A
:10421000EC48007E20B9002020602860BDE8F087CF
:1042200000263DE0E74AD168506803F06DFD07467F
:1042300027F00049E3480169484603F0F7FF04D836
:10424000E0484068DF49C86013E00021384603F0C9
:10425000F7FF07D2DB4A1169D06803F003FDD949A3
:10426000C86006E0D74A1169D06803F04DFDD54912
:10427000C860D448C08AD349898A884204DAD148C0
:10428000C08A401CCF49C882CE48C08ACD49898A9D
:10429000884203DB0020CB49087603E0701CC6B2DD
:1042A0004645BFDB00BFC748C0682060C54880687E
:1042B0002860C448007E08B90220AFE70120ADE7BE
:1042C0007CB504460D4616460020C34908700120FF
:1042D0002B4600222146CDE90060FFF7D2FE7CBDCF
:1042E0002DE9FC4104460D4616461F460FB101203C
:1042F00000E00020B84908700020B8490870B849AB
:10430000087001202B4600222146CDE90060FFF70E
:10431000B8FEBDE8FC8108B1012100E00021AE4AF1
:1043200011700021AD4A1170AD4A117070477CB513
:1043300004460D4616460120AA4B2A462146CDE9E1
:1043400000600220FFF79DFE7CBD7CB504460D4653
:1043500016460120A34B2A462146CDE900600320E2
:10436000FFF78FFE7CBD7CB504460D4601209D4BBA
:1043700022460021CDE900500420FFF782FE7CBDDB
:1043800070B505460C460021284603F04FFF01D2C8
:1043900085F000450021204603F048FF01D284F05B
:1043A0000044914805609148046070BD2DE9F047D4
:1043B00005460C4616461F46DDF8208025F00045D0
:1043C00024F000448A4A00212846FFF746FE894926
:1043D0000860874A00212046FFF73FFE8549486074
:1043E00085480680008810B90120834908808248EA
:1043F000008841F28831884202D908467E49088007
:1044000027F000497D4A7E494846FFF726FE7D4950
:104410000860B8F1000F01D0012000E000207A49C7
:1044200008700020794908707348008803F073FE13
:104430008246774903F06EFC81464946754803F091
:104440009BFC6C4988607048007808B1724800E0B5
:1044500072486849C86000200861FEF76FFF0120BC
:104460005A4908705A4800785A49087000206C4927
:104470000860BDE8F0872DE9FF4F85B083461446FC
:104480001D466849204603F0D1FE00D2654C00214C
:10449000129803F0CBFE01D20020129062491298CC
:1044A00003F0CEFE01D2604812902146594803F035
:1044B00063FC0746564903F05FFC06464FF07E5109
:1044C000304603F0B3FE01D24FF07E5657493046D6
:1044D00003F0B6FE00D2554E4FF07C51304603F04B
:1044E000C1FB074603F046FE1FFA80F950491298B7
:1044F00003F010FC07463B4903F0B4FB8246284614
:1045000003F04CFE074605F089FBCDE9000103F0FE
:1045100071FE0021029003F093FE01D8012000E01B
:1045200000200390039853464A4600905846069947
:10453000FFF73CFF09B0BDE8F08F00B503460A461F
:10454000022022490870FEF7F9FE3A4803603A4813
:1045500002601F4800781F49087000203049086039
:1045600000BD2DE9F05F04460D46D4F80090D5F863
:1045700000A0324F3249384603F058FE00D8314F80
:104580003148D0F800803149404603F059FE61D8E7
:104590002F49404603F04AFE5CD800200F490870BE
:1045A0000F480078FF2804D20D480078401C0C49C1
:1045B00008700B48007804287FD34FF00009CA46E2
:1045C0007BE047E0A000002058010020750000209B
:1045D000D800002074000020C6000020C700002082
:1045E000C80000203333B33E980000209C00002018
:1045F0000000824378000020BC0000200000404002
:104600000AD7233CC0000020C4000020C5000020C1
:104610000AD7A33BDB0FC940DA0FC93FDA0FC9BF86
:1046200070000020CDCCCC3D6666E63E00409C4547
:104630009A99993F90000020940000200000C84102
:104640000000304100009041540100200000204053
:10465000000020417B49404603F0F2FD28D2394654
:10466000404603F0E3FD23D80020774908707748DF
:104670000078FF2804D275480078401C7349087000
:10468000724800780C2818D37148D0F8009071480F
:10469000D0F800A029F0004B6F49584603F03AFBD0
:1046A00006463146504603F0CBFD06D2B24604E042
:1046B00000206649087064490870C4F80090C5F885
:1046C00000A0BDE8F09F1CB5644800680190002080
:1046D0000090694601A8FFF744FF6149019808600E
:1046E00060490098086000205F4908605F490860E1
:1046F0001CBD2DE9FF415E4805785E480078281A08
:10470000C6B25C4805705C48007E40BB5B480078E0
:1047100000F0010058B95A48007810B15948406873
:1047200003E05848406880F0004007460AE05448DB
:10473000007820B15348406880F0004001E05148C3
:1047400040680746002050490988CDE900104D48CF
:1047500001684E483A4603680220FFF792FC02AA1D
:1047600003A93046FFF74FFD0446022C05D143480C
:10477000007880F0010041490870394903980860C9
:1047800038490298086001203749086000203749FD
:104790000860BDE8FF817CB535480478354800786D
:1047A000201AC5B2334804706A4601A92846FFF7AB
:1047B0002AFD064616B90020019000902E48007888
:1047C000012807D13248007820B1694601A8FFF7D7
:1047D000C8FE04E000201D4908701B4908702049EC
:1047E000019808601F490098086001201E49086070
:1047F00000201E4908607CBD10B526480078E0B155
:10480000012804D0022808D0032815D102E0FFF7C0
:1048100070FF15E0FFF7BFFF12E01F480068104966
:1048200008601E4800680F49086001200E490860B2
:1048300000200E49086003E000BFFFF744FF00BFFF
:1048400000BF10BD00002041C8000020C7000020AC
:10485000980000209C000020CDCC4C3F8C00002014
:10486000580100205C010020680100205001002058
:10487000D800002074000020A0000020C500002007
:10488000C400002078000020BC000020C0000020F0
:10489000C600002075000020900000209400002039
:1048A00000B585B0012144F20400FCF741F84FF453
:1048B0000070ADF8100018208DF8130003208DF85B
:1048C000120004A9BB48FBF777FD4FF48060ADF8F8
:1048D000100004208DF8130004A9B648FBF76CFD06
:1048E0004FF4E13000900020ADF80400ADF8060070
:1048F000ADF80800ADF80C000C20ADF80A006946D0
:10490000AD48FCF7CAFF0121AB48FDF752F805B0EE
:1049100000BD08B54FF48060FBF7F2FB27208DF84F
:10492000000004208DF8010001208DF802008DF8B0
:1049300003006846FBF7E9FB08BD00B585B001211F
:104940008804FCF702F801210820FBF7F1FF4FF47F
:104950008060ADF8100018208DF8130003208DF84A
:10496000120004A99548FBF727FD4FF40060ADF84D
:10497000100004208DF8130004A99048FBF71CFDDB
:10498000FFF7C7FF4FF4165000900020ADF8040069
:10499000ADF80600ADF80800ADF80C000C20ADF83D
:1049A0000A0069468648FCF778FF012240F225514B
:1049B0008348FDF70AF801218148FCF7FAFF05B0AA
:1049C00000BD70B504460D46E1B27B48FDF75EF8C8
:1049D00000BF40217848FDF7C7F80128F9D12046EB
:1049E00070BDF0B503460D461646002729460A2E2F
:1049F00003D0002008702846F0BD33B9302001F8FC
:104A0000010B002008702846F6E7002B03DA2D2062
:104A100001F8010B5B4242F210720DE093FBF2F4DD
:104A200004B937B104F1300001F8010B04FB123373
:104A300001270A2092FBF0F2002AEFDC0020087028
:104A40002846D9E70FB470B586B006460CA8019089
:104A500073E00B9800785C281CD10B98401C0B90DD
:104A600000786E2809D072280FD10D213046FDF74D
:104A70000DF80B98401C0B900BE00A213046FDF717
:104A800005F80B98401C0B9003E00B98401C0B9012
:104A900000BF4BE00B980078252840D10B98401CB4
:104AA0000B900078642818D0732833D1019810C86F
:104AB00001900BE021783046FCF7E8FF00BF402171
:104AC0003046FDF751F80028F9D0641C2078002802
:104AD000F0D10B98401C0B9020E0019820C8019069
:104AE0000A2202A92846FFF77CFF02AC0BE02178DE
:104AF0003046FCF7CBFF00BF40213046FDF734F8CD
:104B00000028F9D0641C20780028F0D10B98401CB4
:104B10000B9003E00B98401C0B9000BF06E00B9835
:104B200010F8011B0B903046FCF7B0FF00BF40218E
:104B30003046FDF719F80028F9D00B9800780028C6
:104B400087D106B070BC5DF814FB10B50446214651
:104B50001948FCF79BFF00BF40211748FDF704F8F8
:104B60000128F9D110BD10B5044621461448FCF7C0
:104B70008DFF00BF40211248FCF7F6FF0128F9D154
:104B800010BD70B505462C4603E02078FFF7EBFF1B
:104B9000641C20780028F8D170BD70B505462C46FD
:104BA00003E02078FFF7D1FF641C20780028F8D1BB
:104BB00070BD00000008014000380140000C0140B9
:104BC000004800407FB504460D460121C802FBF7AE
:104BD000AFFE41F28830ADF8080041F61F40ADF855
:104BE00004000120ADF80A000020ADF8060001A97C
:104BF0001148FBF7D5FF012241210F48FCF747FB85
:104C000019208DF8000003208DF8010000208DF898
:104C1000020001208DF803006846FBF776FA7FBD9D
:104C200010B501210448FCF7E0FD18B1012102484C
:104C3000FCF7ECFD10BD0000002C01401FB5012168
:104C40003D48FBF78AFC01210920FBF771FE01209A
:104C5000ADF80C0010208DF80F0003208DF80E0029
:104C600003A93648FBF7A8FB0220ADF80C0028206A
:104C70008DF80F0003A93148FBF79EFB0121084680
:104C8000FBF7B0FC0220019000208DF808000820FE
:104C90008DF8090001208DF80A0001A8FBF7ACFA95
:104CA00007208DF8000003208DF8010001208DF809
:104CB00002008DF803006846FBF727FA1FBD10B508
:104CC0000220FBF7FFFA48B300211D48FCF758FD0E
:104CD00001211B48FCF7C0FA01201A49086012E0C4
:104CE0001748FCF770FD3C2807DB00211448FCF74F
:104CF000B3FA00201349086005E002210F48FBF7D2
:104D0000EEFB104908600F4800680028E8D1002138
:104D10000B48FCF7A1FA0220FBF7E5FA10BD10B52D
:104D200001210648FBF7F5FB0C20FDF78FFA012166
:104D30000248FBF7F0FB10BD00023000000C014000
:104D4000002C0140EC01002000B587B001214FF498
:104D50000170FBF7EDFD4FF40040FBF74DFD012026
:104D6000ADF8040000208DF8070001A92348FBF7E7
:104D700023FB2348FCF752FF002002908DF80C0023
:104D80008DF80D004FF46020049000200590012064
:104D90008DF8180002A91A48FCF767FF012118488E
:104DA000FCF78FFF1648FCF7AEFF00BF1448FCF776
:104DB000AFFF0028FAD11248FCF7B4FF00BF10483B
:104DC000FCF7B5FF0028FAD107B000BD10B50446C6
:104DD0000723012221460A48FCF7DFFF012108488A
:104DE000FCF7AFFF00BF02210548FDF71BF90028C3
:104DF000F9D00348FDF738F810BD00000008014065
:104E0000002401400648804706480047FEE7FEE7C9
:104E1000FEE7FEE7FEE7FEE7FEE7FEE7FEE7FEE76A
:104E20004B210008ED00000838B50446FB4890F817
:104E30002400C0B114B10220009001E000200090D5
:104E4000F64A1268D17BF54A526810786B46012207
:104E5000FDF769FB10B14FF0FF3038BD9DF8001031
:104E6000EE48417423E0ED48807A10B94FF0FF30EE
:104E7000F3E724B1E948407C08B10020EDE714B124
:104E80000120009001E000200090E44A1268D17BEC
:104E9000E24A526810786B460122FDF744FB10B1DC
:104EA0004FF0FF30D9E79DF80010DC484174002036
:104EB000D3E738B5002419E0D8480068C07AA0428A
:104EC00004D0D6480068407DA04200D10CE0D34910
:104ED000496808786B4601222146FDF773FB10B143
:104EE0004FF0FF3038BD00BF601CC4B2CB484068F3
:104EF0000079A042E0DC0020F4E770B504460D46DE
:104F0000C6480068C07AA04204D0C4480068407D0A
:104F1000A04202D14FF0FF3070BDC0484068007918
:104F2000A04202DC4FF0FF30F6E7BC494968087840
:104F30002B4601222146FDF745FBEDE738B5044637
:104F4000B64890F82300A04201D1002038BD14B12A
:104F50003020009001E000200090B048807C20B11B
:104F60009DF8000040F002000090AC4890F822004C
:104F700020B19DF8000040F080000090A74A126820
:104F8000117DA64A526810786B460122FDF7CBFAD4
:104F900010B14FF0FF30D9E7A04880F8234000203F
:104FA000D4E738B5044604F0700010B10120009039
:104FB00005E014B10020009001E040200090974AE5
:104FC0001268917C954A526810786B460122FDF771
:104FD000AAFA20B1002191488172481E38BD9DF87F
:104FE000000020F040018D4801730020009004F083
:104FF000400020B99DF8000040F00400009004F04B
:10500000200020B99DF8000040F00200009004F05C
:10501000100020B99DF8000040F00100009004F05D
:10502000080020B99DF8000040F0380000907B4A4D
:105030001268D17C794A526810786B460122FDF7DC
:1050400072FA20B1002175488172481EC6E724B16A
:10505000082C02D00020FFF771FF704884720021F5
:1050600001753220FDF7FFF80020B7E738B5044698
:105070006A48807CA04201D1002038BD002C46D077
:10508000664A12681179654A526810786B460122A7
:10509000FDF798FA10B14FF0FF30EEE79DF80000F1
:1050A00020F0200000905D4A126811795B4A526836
:1050B00010786B460122FDF736FA10B14FF0FF3041
:1050C000DBE70320FDF7CFF802200090534890F86B
:1050D000220020B19DF8000040F0800000904F4871
:1050E00090F8230020B19DF8000040F030000090BF
:1050F0004A4A1268117D494A526810786B4601226B
:10510000FDF711FA002851D04FF0FF30B5E7434AC0
:1051100012681179414A526810786B460122FDF7F6
:1051200051FA10B14FF0FF30A7E73C48807A00F009
:10513000010028B19DF8000040F02000009004E03C
:105140009DF8000020F020000090344A1268117988
:10515000324A526810786B460122FDF7E4F910B12B
:105160004FF0FF3089E70320FDF77DF82B4890F8DA
:10517000220010B18020009001E00020009027481C
:1051800090F8230020B19DF8000040F0300000901E
:10519000224A1268117D214A526810786B4601221A
:1051A000FDF7C1F910B14FF0FF3066E71B4884747A
:1051B000002062E708B51948807A10B94FF0FF3037
:1051C00008BD00200090154A1268D17B134A52682E
:1051D00010786B460122FDF7A6F910B14FF0FF30B1
:1051E000EEE70E4A126851790C4A526810786B4605
:1051F0000122FDF798F910B14FF0FF30E0E7074AC0
:1052000012681179054A526810786B460122FDF741
:105210008AF928B14FF0FF30D2E70000F0010020FA
:10522000F74890F82400002853D00C200090F44A4E
:1052300012681179F24A526810786B460122FDF724
:1052400072F910B14FF0FF30BAE73220FDF70BF8DA
:10525000C0200090EA48807A00F0010020B19DF85B
:10526000000040F020000090E54A12681179E44AFD
:10527000526810786B460122FDF755F910B14FF0D6
:10528000FF309DE7DE48407C10B10220009001E035
:1052900000200090DA4A1268D17BD94A526810780F
:1052A0006B460122FDF73FF910B14FF0FF3087E761
:1052B00000200090D24A12685179D14A5268107881
:1052C0006B460122FDF72FF9002855D04FF0FF3033
:1052D00076E704200090CA4A12681179C84A5268D9
:1052E00010786B460122FDF71EF910B14FF0FF3028
:1052F00066E7C348807C20B9C148807A00F001008D
:1053000010B94020009001E060200090BC4A126873
:105310001179BB4A526810786B460122FDF703F9F8
:1053200010B14FF0FF304BE73220FCF79CFFB44840
:10533000407C10B10120009001E000200090B04AB4
:105340001268D17BAE4A526810786B460122FDF795
:10535000EAF810B14FF0FF3032E7A94A12685179EC
:10536000A74A52681078A64B10330122FDF7DBF8EC
:1053700010B14FF0FF3023E7002021E770B504465D
:10538000002624F001049E4890F8240008B1002073
:1053900070BD9B48807A10B94FF0FF30F8E798480D
:1053A000057C807A2040964908740846007CA0421B
:1053B00002D04FF0FF3600E0002614B99048007D7F
:1053C00018B10120FFF730FD02E00020FFF72CFDAF
:1053D0003CB1FFF7EFFE20B1894805744FF0FF3074
:1053E000D6E73046D4E738B504468548807A10B908
:1053F0004FF0FF3038BDBC2C02DB0120009015E0DF
:10540000622C02DB0220009010E02A2C02DB032039
:1054100000900BE0142C02DB0420009006E00A2C24
:1054200002DB0520009001E0062000907448C07A5D
:105430009DF80010884201D10020DBE7704A126815
:1054400091786F4A526810786B460122FDF76BF82D
:1054500010B14FF0FF30CDE79DF800106848C172E1
:105460000020C7E738B50446282C02DD4FF0FF3096
:1054700038BDDCB90020FFF761FD00208DF8000089
:1054800007208DF801005E4A1268917C5C4A5268E0
:1054900010786B460222FDF746F810B14FF0FF304E
:1054A000E6E70021564801750020E1E70120FFF7FB
:1054B00045FD20208DF80000012C06D100208DF83C
:1054C00001000520FFF78FFF17E0052C06DC012007
:1054D0008DF801000520FFF786FF0EE0142C06DC96
:1054E00002208DF801000A20FFF77DFF05E0032070
:1054F0008DF801001420FFF776FF9DF801000721C9
:1055000001EB8010C0B28DF801003D4A1268917C19
:105510003B4A526810786B460222FDF704F810B13E
:105520004FF0FF30A4E70821354881720021017354
:10553000012101750020FFF721FF002098E738B511
:1055400004462F48807A10B94FF0FF3038BD2C4800
:1055500090F8240010B14FF0FF30F7E72848007DA5
:1055600050B134B1282C04DCE0B2FFF77BFF0020FF
:10557000ECE70020FFF776FF042C01DA042404E0B6
:10558000B4F57A7F01DD4FF47A744FF47A7090FBB2
:10559000F4F0401EC0B20090194A12685178184ABF
:1055A000526810786B460122FCF7BDFF10B14FF036
:1055B000FF30CBE79DF80000401C4FF47A7191FB5F
:1055C000F0F081B20E48C1810146C9894810FFF749
:1055D0000AFF0020BAE738B504460948807A10B9B6
:1055E0004FF0FF3038BD022C06D0042C0AD0082C16
:1055F0000BD0102C0FD10BE0002000900EE000002B
:10560000F00100200820009008E01020009005E044
:105610001820009002E04FF0FF30E3E700BFF848A9
:10562000407A9DF80010B0EBE10F01D10020D9E7DE
:10563000F34A1268D179F24A526810786B46012217
:10564000FCF771FF10B14FF0FF30CBE79DF8000081
:10565000C110EB4841720020C4E738B50446E84861
:10566000807A10B94FF0FF3038BDFA2C09D0B4F56C
:10567000FA7F09D0B4F57A7F09D0B4F5FA6F0CD16E
:1056800008E0002000900BE00820009008E01020C7
:10569000009005E01820009002E04FF0FF30E3E7B3
:1056A00000BFD748007A9DF80010B0EBE10F01D1A0
:1056B0000020D9E7D24A12689179D14A526810780D
:1056C0006B460122FCF72FFF10B14FF0FF30CBE704
:1056D0009DF80000C010CA4908720020C4E71CB53C
:1056E00080208DF80000C64A1268917CC44A526836
:1056F00010786B460122FCF716FF10B14FF0FF3017
:105700001CBD6420FCF7AFFD00208DF80000BC4AF2
:105710001268917CBA4A526810786B460122FCF7F5
:1057200002FF10B14FF0FF30EAE7B54A1268917DF1
:10573000B34A526810786B460622FCF743FF10B15B
:105740004FF0FF30DCE79DF80500C007400F9DF8E3
:10575000031001F0010140EA41009DF8011001F041
:10576000010140EA01048CB1012C03D10121A448BC
:10577000C17430E0022C03D10021A148C1742AE099
:10578000A0A0FFF70AFA4FF0FF30B9E79C4A126871
:10579000D1789B4A526810786B460122FCF712FFC1
:1057A00010B14FF0FF30ABE79DF8000000F00F04A0
:1057B0002CB99E48FFF7F1F94FF0FF30A0E7042C19
:1057C00006D19BA0FFF7E9F901218D48C17402E0E1
:1057D00000218B48C174FF2189488172FF208849CC
:1057E0000872FF2186484172C1724FF6FF71C18174
:1057F000FF21017481740121017380F822100021BE
:1058000080F8231041750175163001604160816098
:10581000163880F8241080F82510C1844FF4FA60FF
:10582000FFF71BFF10B14FF0FF3069E70220FFF7D1
:10583000D2FE10B14FF0FF3062E72A20FFF7D3FD10
:1058400010B14FF0FF305BE73220FFF778FE10B168
:105850004FF0FF3054E70020FFF790FD10B14FF0FC
:10586000FF304DE70020FFF701FC10B14FF0FF3093
:1058700046E70020FFF795FB002041E77CB5044692
:105880000D465F48807A00F0700010B94FF0FF308D
:105890007CBD5B4A1268117B594A526810786B468E
:1058A0000622FCF78FFE10B14FF0FF30F0E79DF8B5
:1058B00001009DF8001040EA012000B220809DF810
:1058C00003009DF8021040EA012000B260809DF8BC
:1058D00005009DF8041040EA012000B2A08015B137
:1058E0002846FCF7CCFC0020D2E77CB504460D46E8
:1058F0004348807A00F0080010B94FF0FF307CBDBB
:105900003F4A1268517B3E4A526810786B46062225
:10591000FCF758FE10B14FF0FF30F0E79DF80100A2
:105920009DF8001040EA012000B220809DF803009D
:105930009DF8021040EA012000B260809DF8050049
:105940009DF8041040EA012000B2A08015B128465D
:10595000FCF795FC0020D2E72DE9FE4F05460C46EA
:105960002748807A18B94FF0FF30BDE8FE8F244AEF
:105970001268917B224A5268107802AB0222FCF72F
:1059800021FE10B14FF0FF30EFE79DF809009DF8C0
:10599000081040EA012006B214B12046FCF76FFC63
:1059A00017494968C88802F0B6FB15490190496853
:1059B000B1F9080002F0A6FB8346304602F0A2FBD4
:1059C0005946009002F0A0F98246019902F0D4F9FC
:1059D00081461F4902F046F980464FF08F4102F0A0
:1059E00099F9074602F0ADFB28600020BDE710B52D
:1059F00088B004461CB94FF0FF3008B010BD29E054
:105A0000F0010020556E737570706F7274656420BC
:105A1000736F6674776172652070726F64756374FA
:105A2000207265762025642E0A00000080AB0008F5
:105A300048616C662073656E736974697669747900
:105A4000207061727420666F756E642E0A0000000B
:105A500000000C42206830B9606820B9A06810B915
:105A6000002008B010BDFA494968087806AB032247
:105A70001146FCF7A7FD10B14FF0FF30F1E79DF89C
:105A80001800082101EB201000F00F00ADF8000015
:105A90009DF8190001EB201000F00F00ADF8020096
:105AA0009DF81A0001EB201000F00F00ADF8040083
:105AB00020684100BDF90000403091FBF0F000B2D9
:105AC000ADF8100060684100BDF90200403091FB64
:105AD000F0F000B2ADF81200A0684100BDF904007A
:105AE000403091FBF0F000B2ADF81400D84949689D
:105AF000087806AB06221146FCF764FD10B14FF0A2
:105B0000FF30AEE79DF819009DF8181040EA01201B
:105B100000B2ADF808009DF81B009DF81A1040EA8D
:105B2000012000B2ADF80A009DF81D009DF81C1080
:105B300040EA012000B2ADF80C00BDF81000BDF83D
:105B40000810084400B2ADF81000BDF81200BDF80E
:105B50000A10084400B2ADF81200BDF81400BDF8F8
:105B60000C10084400B2ADF81400BDF81000000A93
:105B70008DF81800BDF81000C0B28DF81900BDF8FE
:105B80001200000A8DF81A00BDF81200C0B28DF89C
:105B90001B00BDF81400000A8DF81C00BDF81400AD
:105BA000C0B28DF81D00AA494968087806AB0622E4
:105BB0001146FCF7B8FC10B14FF0FF3051E7002060
:105BC0004FE70146A248007A30B1012807D00228E9
:105BD00009D003280FD10AE0FA2008800EE04FF424
:105BE000FA7008800AE04FF47A70088006E04FF4FB
:105BF000FA60088002E00020088000BF00BF00209B
:105C0000704701469248407A30B1012807D00228F7
:105C100008D003280CD108E0022008700BE0042013
:105C2000087008E00820087005E01020087002E005
:105C30004FF0FF30704700BF8548C07C18B108782E
:105C40004006000E08700020F4E701468048C07A44
:105C5000082817D2DFE800F01704070A0D10131800
:105C6000BC20088013E06220088010E02A20088011
:105C70000DE0142008800AE00A20088007E00520D3
:105C8000088004E000BF00BF0020088000BF00BF04
:105C90000020704701466E4890F8240010B14FF084
:105CA000FF3070476A48C08908800020F9E7014644
:105CB00000200880401E704701464FF0FF307047BB
:105CC00001466348007A30B1012807D0022808D085
:105CD00003280CD108E05F4808600BE05E480860CC
:105CE00008E05E48086005E05D48086002E04FF0AB
:105CF000FF30704700BF0020FBE701465448407A60
:105D000030B1012808D002280AD0032810D10BE0B6
:105D10004FF4804008800EE041F69C7008800AE055
:105D20004FF48050088006E04FF40060088002E0E5
:105D30004FF0FF30704700BF4548C07C10B1088865
:105D4000401008800020F5E701464148007C0870BB
:105D50000020704701463E48807A10B1012008704B
:105D600001E0002008700020704738B5044638482C
:105D7000807A10B94FF0FF3038BD354A1268117C77
:105D8000334A526810786B460222FCF71BFC10B1B4
:105D90004FF0FF30F0E79DF801009DF8001040EA59
:105DA000012000B220800020E6E72DE9FE4F0746E3
:105DB000884692461D46DDF830B00026002424486F
:105DC00090F8240010B1601EBDE8FE8F00202870FE
:105DD0001F48807A10B94FF0FF30F5E71C48007C6F
:105DE00010B94FF0FF30EFE71948007C00F0400099
:105DF00008B1B01CC6B21648007C00F0200008B103
:105E0000B01CC6B21248007C00F0100008B1B01CF3
:105E1000C6B20F48007C00F0080008B1B01DC6B241
:105E20000B4A1268917A0A4A526810786B4602222D
:105E3000FCF7C8FB10B14FF0FF30C5E79DF801003B
:105E40009DF8001040EA0129B1450BDA0020BBE7BC
:105E5000F00100200000034300008342333303427B
:105E600033338341FC4840684088B9EB600F17DD4D
:105E7000F94A1268517CF84A526810786B46012240
:105E8000FCF7A0FB10B14FF0FF309DE79DF800003C
:105E900000F0100020B1FFF78DF96FF0010093E7DB
:105EA0005046FCF7ECF9EC4A1268D17AEA4A52689B
:105EB00010786B463246FCF785FB10B14FF0FF308F
:105EC00082E799FBF6F0401E8BF800000020287056
:105ED000B4422AD0E048007C00F0080028B3601CDF
:105EE0001DF800001DF8041040EA012000B2A8F8D7
:105EF0000000E01C1DF80010A01C1DF8000041EA85
:105F0000002000B2A8F80200601D1DF80010201D3E
:105F10001DF8000041EA002000B2A8F8040028782B
:105F200040F008002870A01D84B2B44213D0CA48C3
:105F3000007C00F0400070B1601C1DF800001DF8EE
:105F4000041040EA012000B23880287840F0400078
:105F50002870A01C84B2B44213D0BF48007C00F06B
:105F6000200070B1601C1DF800001DF8041040EA0C
:105F7000012000B27880287840F020002870A01C12
:105F800084B2B44213D0B448007C00F0100070B169
:105F9000601C1DF800001DF8041040EA012000B24A
:105FA000B880287840F010002870A01C84B200202F
:105FB0000AE7F8B504460F461646A74890F82400AD
:105FC00010B94FF0FF30F8BDA348807A10B94FF0F8
:105FD000FF30F8E7A04A1268917A9F4A5268107819
:105FE0006B460222FCF7EEFA10B14FF0FF30EAE701
:105FF0009DF801009DF8001040EA0125A54203DA52
:1060000000203070401EDEE7934840684088B5EBC2
:10601000600F17DD904A1268517C8F4A52681078E1
:106020006B460122FCF7CEFA10B14FF0FF30CAE701
:106030009DF8000000F0100020B1FFF7BBF86FF0F2
:106040000100C0E7E2B2844B1B68D97A824B5B68DF
:1060500018783B46FCF7B6FA10B14FF0FF30B2E7C4
:1060600095FBF4F0401E30700020ACE701467A4802
:1060700080F82210002070477CB5054676494968B3
:10608000087801AB04220D21FCF79CFA08B1072027
:106090007CBD9DF80700C0F301109DF8041001F0CD
:1060A000E00140EAE1008DF800009DF80700C0F330
:1060B00081009DF8051001F0E00140EAE1008DF853
:1060C00001009DF8070000F003009DF8061001F0A4
:1060D000E00140EAE1008DF8020000241CE01DF818
:1060E000040018B9002045F8240013E05B4845F887
:1060F000240006E055F82400594901F00BFE45F84C
:1061000024001DF80400401EC0B20DF80400002851
:10611000F0D100BF601CC4B2032CE0DB0020B7E765
:106120002DE9FE4F06460F4600256846FFF7A4FFFF
:10613000002442E056F8240057F82410A0EB010A8E
:10614000BAF1000F01DB514601E0CAF10001084637
:1061500001F0D8FF83464FF08F4101F00DFE8046DD
:106160005DF82400002102F061F816D05DF82410DB
:10617000404601F001FE82464FF07E5101F0C4FD21
:10618000814629F0004A3748416A504602F058F8E3
:1061900012D20120A04005430EE03248C1694046BA
:1061A00002F044F805D32F48016A404602F048F84F
:1061B00002D20120A0400543641C032CBADB284610
:1061C000BDE8FE8F2DE9FC5F06460F4600252249FB
:1061D0004968087801AB03220D21FCF7F3F910B1EF
:1061E0000720BDE8FC9F9DF8040000F01F008DF81B
:1061F00004009DF8050000F01F008DF805009DF8D3
:10620000060000F01F008DF80600002462E056F83A
:10621000240057F82410A0EB010BBBF1000F01DBA9
:10622000594601E0CBF10001084601F06BFF4FF049
:106230008F41009001F0A0FD814601A8005DC0B330
:106240000849086801F067FF83465946064801F08F
:1062500093FD80460FE00000F00100207B14AE3E6D
:106260001D5A843F509D000800B04C45FE494046F1
:1062700001F050FD804601A8005D401EC0B201A99A
:1062800008550028F2D14146484601F075FD834685
:106290004FF07E5101F038FD82462AF0004BF34862
:1062A0008169584601F0CCFF13D20120A04005437C
:1062B0000FE0FFE7ED480169484601F0B7FF05D35D
:1062C000EA484169484601F0BBFF02D20120A040E4
:1062D0000543641C032C9ADB284682E72DE9F04F26
:1062E00087B005460C46914601208DF8100000202D
:1062F0008DF81100DE4A1268917CDD4A52681078F0
:1063000004AB0222FCF70FF920B14FF0FF3007B0C9
:10631000BDE8F08FC820FBF7A6FF00208DF8100025
:10632000D34A1268D17BD24A5268107804AB01225A
:10633000FCF7F9F810B14FF0FF30E8E7CC4A1268EB
:106340005179CB4A5268107804AB0122FCF7EBF884
:1063500010B14FF0FF30DAE7C54A1268917CC44AA9
:106360005268107804AB0122FCF7DDF810B14FF051
:10637000FF30CCE7BE4A1268D17DBD4A5268107822
:1063800004AB0122FCF7CFF810B14FF0FF30BEE7AD
:10639000B74A12681179B64A5268107804AB0122E4
:1063A000FCF7C1F810B14FF0FF30B0E70C208DF8CA
:1063B0001000AF4A12681179AD4A5268107804ABE8
:1063C0000122FCF7B0F810B14FF0FF309FE70F202B
:1063D000FBF749FFA648806A407A8DF81000A44A6E
:1063E00012689178A24A5268107804AB0122FCF737
:1063F0009AF810B14FF0FF3089E79D48806A007A23
:106400008DF810009A4A12685178994A52681078AB
:1064100004AB0122FCF787F810B14FF0FF3076E7AC
:10642000B9F1000F07D09248806A807A40F0E0000E
:106430008DF8100004E08E48806A807A8DF8100094
:106440008B4A126891798A4A5268107804AB01220B
:10645000FCF769F810B14FF0FF3058E7B9F1000FC1
:1064600007D08348806AC07A40F0E0008DF81000C1
:1064700003E07E48C07A8DF810007D4A1268D17919
:106480007B4A5268107804AB0122FCF74CF810B13B
:106490004FF0FF303BE7B9F1000F02D0C820FBF707
:1064A000E2FE40208DF81000714A12681179704A9E
:1064B0005268107804AB0122FCF735F810B14FF0A8
:1064C000FF3024E778208DF81000694A126851796E
:1064D000674A5268107804AB0122FCF724F810B127
:1064E0004FF0FF3013E761498889FBF7BCFE0020BD
:1064F0008DF810005E4A126851795D4A5268107832
:1065000004AB0122FCF70FF810B14FF0FF30FEE6AC
:10651000574A1268917A564A5268107804AB0222A0
:10652000FCF750F810B14FF0FF30F0E69DF8110085
:106530009DF8101040EA012B0C209BFBF0F0C6B236
:106540000020A86068602860A060606020608246CB
:1065500065E0474A1268D17A454A5268107804AB20
:106560000C22FCF72FF810B14FF0FF30CFE69DF86A
:1065700011009DF8101040EA012000B2ADF80800AB
:106580009DF813009DF8121040EA012000B2ADF80A
:106590000A009DF815009DF8141040EA012000B291
:1065A000ADF80C00BDF90810206808442060BDF962
:1065B0000A10606808446060BDF90C10A0680844C7
:1065C000A0609DF817009DF8161040EA012000B267
:1065D000ADF800009DF819009DF8181040EA012060
:1065E00000B2ADF802009DF81B009DF81A1040EAB9
:1065F000012000B2ADF80400BDF90010286808447D
:106600002860BDF90210686808446860BDF904108C
:10661000A8680844A8600AF1010000F0FF0AB2452A
:1066200097DB1248D0F800C02868C117090441EA76
:106630001041070462460023384601F0A5FA3246AD
:106640000023CDE9020101F09FFA28600748D0F845
:1066500000C06868C117090441EA10410704624696
:106660000023384606E0000054E3853F509D0008B3
:10667000F001002001F088FA32460023CDE9020142
:1066800001F082FA6860FE48D0F800C0A868C1171F
:10669000090441EA1041070462460023384601F02C
:1066A00073FA32460023CDE9020101F06DFAA860C9
:1066B000F348D0F804C02168C817000440EA114824
:1066C0000F04624600233846414601F05DFA324627
:1066D0000023CDE9020101F057FA2060E848D0F824
:1066E00004C06068C117090441EA1041070462460A
:1066F0000023384601F048FA32460023CDE9020172
:1067000001F042FA6060DE48D0F804C0A068C1170A
:10671000090441EA1041070462460023384601F0AB
:1067200033FA32460023CDE9020101F02DFAA060D0
:10673000A068002804DDA068A0F58030A06003E018
:10674000A06800F58030A0600020E0E538B5044680
:10675000CC4890F82400A04201D1002038BD24B3D9
:10676000C84890F8250010B94FF0FF30F6E7002038
:10677000FEF75AFB0020FEF779FCC249C88CFEF7F1
:10678000DEFE00200090BF49496808786B46012270
:106790002321FBF7C8FE0121BA4880F8241001200C
:1067A000FEF742FBFEF706FD13E00020FEF73CFB80
:1067B000B448007C0090B349496808786B460122D0
:1067C0002321FBF7B0FE0021AE4880F82410FEF72D
:1067D000F1FC0020C2E72DE9F04F8DB083460F4653
:1067E00002200C90A74890F8240020B10020FFF769
:1067F000ADFF012600E0002603A8FFF7E2F905A897
:10680000FFF7FFF901A8FFF720FA02A8FFF742FA05
:106810009C4890F80AA004A8FFF796FA002407E025
:10682000002239465846FFF759FD00B902E0641CC2
:10683000022CF5DB00BF022C01D1002528E000244A
:1068400007E0012206A909A8FFF748FD00B902E008
:10685000641C022CF5DB00BF022C01D1002517E0DF
:1068600006A93846FFF75CFC00F0FF0809A9584666
:10687000FFF7A8FC00F0FF090025B9F1000F01D1D6
:1068800045F00105B8F1000F01D145F0020500BF48
:10689000FF207C490872FF217A484172C1724FF68D
:1068A000FF71C181FF218172017401210173BDF863
:1068B0000C00FEF7D2FE9DF81400FEF78CFEBDF82A
:1068C0000400FEF790FDBDF80800FEF738FE5046C4
:1068D000FEF767FB9DF81000FEF750FD16B1012092
:1068E000FFF734FF28460DB0BDE8F08FF8B5044639
:1068F0000D46164616B94FF0FF30F8BD6148807A54
:1069000010B94FF0FF30F8E720128DF80000E0B228
:106910008DF801009DF8010028445A4949684989C9
:10692000884202DD4FF0FF30E7E7564A1268117ED9
:10693000544A526810786B460222FBF7F4FD10B1FE
:106940004FF0FF30D9E7EAB24E4B1B68597D4D4BF3
:106950005B6818783346FBF7E6FD10B14FF0FF3067
:10696000CBE70020C9E7F8B504460D46164616B930
:106970004FF0FF30F8BD4348807A10B94FF0FF3038
:10698000F8E720128DF80000E0B28DF801009DF8C4
:10699000010028443B4949684989884202DD4FF09B
:1069A000FF30E7E7374A1268117E364A526810789E
:1069B0006B460222FBF7B7FD10B14FF0FF30D9E76D
:1069C000EAB2304B1B68597D2E4B5B681878334612
:1069D000FBF7F8FD10B14FF0FF30CBE70020C9E71F
:1069E0002DE9F04385B005460E4690469946254868
:1069F00090F8250020B14FF0FF3005B0BDE8F083DE
:106A000016B94FF0FF30F8E7002423E0281B1028C8
:106A100001DD102000E0281B87B2321939462046DC
:106A2000FFF764FF10B14FF0FF30E6E701AA3946E7
:106A30002046FFF798FF10B14FF0FF30DDE7301927
:106A40003A4601A901F001F910B16FF00100D4E755
:106A5000E01984B2AC42D9DB4FEA28208DF800005F
:106A600008F0FF008DF80100064A1268917E054A81
:106A7000526810786B460222FBF755FD38B103E0EF
:106A8000509D0008F00100204FF0FF30B5E70121D4
:106A90008A4880F82510A0F826900020ADE701462E
:106AA000864890F8240008700020704702464FF096
:106AB000FF30704701464FF0FF307047F8B505468C
:106AC0000F461446002C70D0B5F5FF5F01DDFF26A0
:106AD00005E0202D01DA012601E0C5F3471607B9CC
:106AE0000127282C02DD4FF0FF30F8BD7348407DB0
:106AF00028BB724890F8240038B10020FFF726FE2A
:106B000001216E4880F8201003E000216B4880F8D6
:106B100020106A481630FFF754F868481830FFF71D
:106B200070F866481A30FFF790F864481C30FFF799
:106B3000B1F86248817A81771F30FFF705F90020AC
:106B4000FEF772F90020FEF78DFC00208DF80000A2
:106B50005A4A12689178594A526810786B46012255
:106B6000FBF7E1FC10B14FF0FF30BEE740208DF89D
:106B70000000524A1268D17B504A526810786B4626
:106B80000122FBF7D0FC00B165E08DF800608DF8C4
:106B900001704A4A1268117A484A526810786B4666
:106BA0000222FBF7C0FC08B155E047E00520FBF7E7
:106BB0005AFB4248407A072101EBC000C0B28DF871
:106BC00000003E4A1268D1793C4A526810786B4600
:106BD0000122FBF7A8FC00B13DE020208DF8000069
:106BE000012C03D100208DF801000EE0052C03DC00
:106BF00001208DF8010008E0142C03DC02208DF840
:106C0000010002E003208DF801009DF8010007213A
:106C100001EB8010C0B28DF80100284A1268917C07
:106C2000264A526810786B460222FBF77CFC00B1C2
:106C300011E0012121484175002056E71F4A163214
:106C4000002103E0505C00B105E0491C0C29F9D398
:106C50004FF0FF3049E7FF2018490872FF2117481D
:106C60004172C1724FF6FF71C181FF2181720174BF
:106C7000012101730146887FFEF793F90F49C88A05
:106C8000FEF7EBFC0D49087EFEF7A5FC0B49488B8F
:106C9000FEF7A9FB0949888BFEF751FC0749C87F1D
:106CA000FEF76CFB054890F8200010B10120FFF7BB
:106CB0004DFD002101484175002016E7F00100203C
:106CC00010B5C8234FF48062F74940F6F630FFF75D
:106CD00087FE10BD10B586B00446F4A0006803908E
:106CE000F3A000680290F3A000680190F2A0006891
:106CF000009004F0030003A9085C8DF8140003A8B9
:106D0000C4F3C101405C8DF8150003A8C4F38111E0
:106D1000405C8DF8160004F0030002A9085C8DF8B1
:106D2000100002A8C4F3C101405C8DF8110002A854
:106D3000C4F38111405C8DF8120005AA032140F2D2
:106D40002640FFF7D3FD18B14FF0FF3006B010BD5D
:106D500004AA032140F22A40FFF7C8FD10B14FF00A
:106D6000FF30F3E7019805900098049004F00400C8
:106D700058B19DF8140040F001008DF814009DF802
:106D8000100040F001008DF8100004F0200058B110
:106D90009DF8150040F001008DF815009DF81100D8
:106DA00040F001008DF8110004F4807058B19DF896
:106DB000160040F001008DF816009DF8120040F01A
:106DC00001008DF8120005AA03214FF48860FFF737
:106DD0008DFD10B14FF0FF30B8E704AA032140F257
:106DE0003140FFF783FD10B14FF0FF30AEE7B348FD
:106DF00004810020AAE71FB50446B048007A00F0DD
:106E0000030054F820000190AC48007A00F0040020
:106E100010B1019840420190A848007AC0F3C10027
:106E200054F820000290A548007A00F0200010B12C
:106E3000029840420290A148007AC0F3811054F8B1
:106E4000200003909D48008900F4807010B10398E1
:106E5000404203909A49019880FB0101800F40EA6B
:106E6000810001909649029880FB0110820042EA5D
:106E7000917002909249039880FB0110820042EACF
:106E8000917003900198000E8DF800000198000C9D
:106E90008DF801000198000A8DF802000198C0B237
:106EA0008DF803006A4604214FF47470FFF71EFD4D
:106EB00018B14FF0FF3004B010BD0298000E8DF8ED
:106EC00000000298000C8DF801000298000A8DF86D
:106ED00002000298C0B28DF803006A4604214FF404
:106EE0007570FFF703FD10B14FF0FF30E3E7039833
:106EF000000E8DF800000398000C8DF80100039837
:106F0000000A8DF802000398C0B28DF803006A46AB
:106F100004214FF47670FFF7E9FCCCE770B588B038
:106F2000064601A8FEF7E9FEBDF804000021C903EA
:106F300041EA5045C4036148007A00F0030056F866
:106F4000200005905D48007A00F0040010B105981B
:106F5000404205905948007AC0F3C10056F820001D
:106F600006905648007A00F0200010B10698404282
:106F700006905248007AC0F3811056F8200007901E
:106F80004E48008900F4807010B107984042079085
:106F90000598C117A0FB042301FB043100FB051079
:106FA000810041EA927005900698C117A0FB042366
:106FB00001FB043100FB0510810041EA927006904C
:106FC0000798C117A0FB042301FB043100FB051047
:106FD000810041EA927007900598000E8DF8080034
:106FE0000598000C8DF809000598000A8DF80A0034
:106FF0000598C0B28DF80B000698000E8DF80C00B5
:107000000698000C8DF80D000698000A8DF80E0009
:107010000698C0B28DF80F000798000E8DF810008A
:107020000798000C8DF811000798000A8DF81200DF
:107030000798C0B28DF8130002AA0C214FF42570F6
:10704000FFF754FC08B070BD30B585B004461DA2F2
:1070500007CA02AB07C3C82C03DD4FF0FF3005B0F1
:1070600030BDC82090FBF4F0401E85B2280A8DF890
:107070000000E8B28DF801006A46022140F21620B5
:10708000FFF734FC10B14FF0FF30E8E702AA0C2103
:1070900040F6C120FFF72AFC10B14FF0FF30DEE7C9
:1070A000064884810020DAE7789D00084CCD6C000A
:1070B0000CC92C0036567600264666009803002040
:1070C00009E3CA02FEF2ABC4AAF1DFDFBBAFDFDF28
:1070D0000146FC4880890880002070472DE9FC4764
:1070E00006460F4606F0070010B1B7F5C86F03DD7E
:1070F0004FF0FF30BDE8FC87384601F00CF88146C0
:10710000F14900F039FE80466846FEF77AFD9DF8A9
:107110000000022806D0042816D0082826D01028FF
:1071200048D135E04FF08D41404600F0F3FD8146F7
:1071300001F020F884B2E549404600F0EBFD8146BD
:1071400001F018F885B238E04FF08C41404600F06D
:10715000E1FD814601F00EF884B2DD49404600F0C1
:10716000D9FD814601F006F885B226E04FF08B414B
:10717000404600F0CFFD814600F0FCFF84B2D549C7
:10718000404600F0C7FD814600F0F4FF85B214E0F0
:107190004FF08A41404600F0BDFD814600F0EAFF15
:1071A00084B2CD49404600F0B5FD814600F0E2FFD3
:1071B00085B202E04FF0FF309CE700BF20128DF84F
:1071C0000400E0B28DF8050028128DF80600E8B240
:1071D0008DF8070006F00100A0B101AA02214FF4CA
:1071E000EA70FFF783FB10B14FF0FF3082E70DF13B
:1071F000060202214FF49270FFF778FB10B14FF0B6
:10720000FF3077E706F00200A0B101AA02214FF497
:10721000EC70FFF76BFB10B14FF0FF306AE70DF138
:10722000060202214FF49470FFF760FB10B14FF09B
:10723000FF305FE706F00400A0B101AA02214FF47D
:10724000EE70FFF753FB10B14FF0FF3052E70DF136
:10725000060202214FF49670FFF748FB10B14FF081
:10726000FF3047E7002045E738B50446002000908E
:1072700004F0010020B19DF8000040F030000090C3
:1072800004F0020020B19DF8000040F00C000090D6
:1072900004F0040020B19DF8000040F003000090CD
:1072A0006A4601214FF4A470FFF720FB38BD38B5C2
:1072B0000446012C01DA012402E0042C00DD042440
:1072C000601EC0B200906A46012140F24F10FFF7E5
:1072D0000DFB38BD38B50446052094FBF0F085B2AF
:1072E00028128DF80000E8B28DF801006A460221EC
:1072F0004FF4EF70FFF7FAFA38BD38B504460520B1
:1073000094FBF0F085B228128DF80000E8B28DF8F9
:1073100001006A4602214FF4ED70FFF7E7FA38BD2D
:10732000F8B505460E464FF47A7095FBF0F000FB79
:1073300006F4200E8DF80000200C8DF80100200AC4
:107340008DF80200E0B28DF803006A4604214FF484
:10735000AE70FFF7CBFAF8BD38B50446052094FBB4
:10736000F0F084B220128DF80000E0B28DF8010038
:107370006A4602214FF4AD70FFF7B8FA38BD38B550
:107380000446052094FBF0F084B220128DF8000032
:10739000E0B28DF801006A4602214FF4AC70FFF7AD
:1073A000A5FA38BD38B5044614B94FF0FF3038BDE2
:1073B0006A4604214FF45870FFF7D5FA10B14FF028
:1073C000FF30F4E79DF8000000069DF8011040EA48
:1073D00001409DF8021040EA01209DF80310084387
:1073E00020600020E3E738B50446200E8DF8000049
:1073F000200C8DF80100200A8DF80200E0B28DF813
:1074000003006A4604214FF45870FFF76FFA38BD45
:1074100038B5044614B94FF0FF3038BD6A46042130
:107420004FF47170FFF79FFA10B14FF0FF30F4E79F
:107430009DF8000000069DF8011040EA01409DF80B
:10744000021040EA01209DF80310084300EB800081
:10745000800020600020E0E738B504461420B4FB2B
:10746000F0F4200E8DF80000200C8DF80100200AA9
:107470008DF80200E0B28DF803006A4604214FF453
:107480007170FFF733FA38BD38B5044664B1202077
:107490008DF8000028208DF8010030208DF80200C2
:1074A00038208DF8030004E0A3220421684600F090
:1074B000AEFB6A46042140F69E20FFF717FAFDF75F
:1074C00079FE38BD98030020000048430000404684
:1074D0000000C045000040450000C04438B50446E7
:1074E00064B1C0208DF80000C2208DF80100C420D6
:1074F0008DF80200C6208DF8030004E08B220421E1
:10750000684600F084FB6A46042140F69820FFF7A5
:10751000EDF9FDF74FFE38BD3EB504466CB1FDA157
:10752000D1E900208968CDE9002002916A4609214D
:107530004FF49760FFF7DAF93EBDF9A2D2E90010E7
:107540009268CDE9010200916A4609214FF49760E3
:10755000FFF7CCF9F0E73EB5044602208DF80000B5
:10756000CA208DF80100E3208DF8020009208DF873
:1075700003006A4604216820FFF7B8F9A3208DF8BC
:10758000000004F0400048B1C0208DF80100C82080
:107590008DF80200C2208DF8030006E0A3208DF8CC
:1075A00001008DF802008DF8030004F4C07048B1AA
:1075B000C4208DF80400CC208DF80500C6208DF87D
:1075C000060006E0A3208DF804008DF805008DF874
:1075D0000600A3208DF807008DF808008DF809003B
:1075E0006A460A2140F6A720FFF780F904F003005D
:1075F00018B120208DF8000002E0D8208DF800009E
:107600006A46012140F6B620FFF770F904F0200029
:1076100018B10120FFF780FF02E00020FFF77CFF98
:1076200004F4C07008B304F4807060B1B2208DF827
:1076300000008B208DF80100B6208DF802009B2001
:107640008DF803000BE0B0208DF8000080208DF84D
:107650000100B4208DF8020090208DF803006A46E6
:10766000042140F6A220FFF741F904F0010020B305
:10767000F8208DF800006A4601214FF40B60FFF7F7
:1076800035F9FA210720FFF729FD0720FFF7ECFD68
:107690000120FFF70CFE6420FFF71CFE4FF4FA7088
:1076A000FFF72BFEC821A148FFF73AFE2820FFF77D
:1076B00053FE0A20FFF763FE08E0D8208DF8000093
:1076C0006A4601214FF40B60FFF710F904F0020045
:1076D00018B1D9208DF8000002E0D8208DF8000004
:1076E0006A46012140F23D70FFF700F904F0040002
:1076F00018B10120FFF7F2FE02E00020FFF7EEFED6
:1077000004F0100018B10120FFF7BEFE02E00020D7
:10771000FFF7BAFE44F0080085494881FDF74AFDAD
:1077200000208349887304F0400018B10846807B2C
:10773000801D887304F4C07020B17D48807B801D5B
:107740007B49887304F0140020B17948807B1030A5
:107750007749887304F0030020B17548807B001DD1
:107760007349887300203EBD0146714840890880F6
:10777000002070472DE9F0410446E07800F0C00693
:10778000E07800F03F05607800F0010098B1EF105C
:107790002846E91705EB5171C910A5EBC101491C39
:1077A00001F0FF086248006820B161484146026864
:1077B0003846904700BF607800F0080030B15C4860
:1077C000406818B1B0115A4A516888470020BDE896
:1077D000F08110B586B0044656A207CA03AB07C3B2
:1077E00057A207CA8DE80700012C09D0022C0ED140
:1077F00003AA0B2140F68220FFF778F806B010BDEF
:107800006A460B2140F68220FFF770F8F6E74FF04A
:10781000FF30F3E72DE9F04F8DB007468846154657
:107820009946DDE9166B0024002030804049887BB2
:107830005A4605A9FEF7BDFB18B1601E0DB0BDE8A4
:10784000F08F3B48807A00F01400002861D09DF84A
:10785000140000069DF8151040EA01409DF816102E
:1078600040EA01209DF81710084328609DF8180091
:1078700000069DF8191040EA01409DF81A1040EAF0
:1078800001209DF81B10084368609DF81C0000064D
:107890009DF81D1040EA01409DF81E1040EA0120AD
:1078A0009DF81F100843A8609DF8200000069DF871
:1078B000211040EA01409DF8221040EA01209DF885
:1078C00023100843E86004F11000C4B228680014D3
:1078D0000190686800140290A86800140390E8689A
:1078E0000014049001984043029901FB01000399A0
:1078F00001FB0100049901FB010ABAF1706F02DB80
:10790000BAF1885F22DDFDF755FC00203080401E73
:1079100094E721E0B8AAB38DB4980D355D0000005E
:10792000B8AAAAAAB088C3C5C700000009E3CA0262
:1079300098030020D8B1B9F38BA391B609B4D9004C
:10794000DAB1B9F38BA391B6DAB4DA00B6F9000074
:1079500040F48070308000BF7848807A00F04000AA
:1079600020B305A9601C085C095D40EA012000B253
:10797000A8F8000005A9E01C095C05AAA01C105C81
:1079800041EA002000B2A8F8020005A9601D095CC8
:10799000201D105C41EA002000B2A8F80400A01DE0
:1079A000C4B2B6F9000040F0080030806348408956
:1079B00000F4C07008B305A9601C085C095D40EACA
:1079C000012000B2388005A9E01C095C05AAA01CB2
:1079D000105C41EA002000B2788005A9601D095CB6
:1079E000201D105C41EA002000B2B880A01DC4B286
:1079F000B6F9000040F0700030805048807A00F006
:107A0000030018B105A90819FFF7B4FE4846FAF7B4
:107A100036FC002012E7014648480160002070470C
:107A200001464648416000207047014691F9002018
:107A3000002A01DD00201EE091F90020002A01DA71
:107A4000042018E091F90120002A01DD012012E054
:107A500091F90120002A01DA05200CE091F90220B9
:107A6000002A01DD022006E091F90220002A01DA55
:107A7000062000E00720704770B505462846FFF74E
:107A8000D4FF0446E81CFFF7D0FF44EAC00084B2EC
:107A9000A81DFFF7CAFF44EA801084B2204670BDDB
:107AA00070B588B002A905A8FEF795FE0446032C20
:107AB0003FD101A8FEF704F9059800F023FB064624
:107AC000019900F027F9054600F03BFB0590069868
:107AD00000F018FB0646019900F01CF9054600F07D
:107AE00030FB0690079800F00DFB0646019900F068
:107AF00011F9054600F025FB079005A8FFF77BF973
:107B00006846FEF7FAF8BDF8001002984843029064
:107B1000BDF80010039848430390BDF80010049886
:107B20004843049002A8FFF7F9F905A0FDF735F8DE
:107B300002E00CA0FDF731F808B070BD98030020FA
:107B400073657474696E672062696173207375630D
:107B500063657366756C6C79202E2E2E2E2E2E0A80
:107B6000000000006269617320686173206E6F74A9
:107B7000206265656E206D6F646966696564202E9C
:107B80002E2E2E2E2E0A00002DE9F0410024061B79
:107B9000254671F1000605DA01240027D0EB070025
:107BA00067EB0101161E73F1000605DA0027D2EB20
:107BB0000702012567EB030300F062FB86460E46D1
:107BC00017469C46AC4204D00025D0EB050E65EB71
:107BD000010624B10020D2EB000760EB030C7046D5
:107BE00031463A466346BDE8F08140EA01039B070F
:107BF00003D009E008C9121F08C0042AFAD203E022
:107C000011F8013B00F8013B521EF9D27047D2B285
:107C100001E000F8012B491EFBD270470022F6E775
:107C200010B513460A4604461946FFF7F0FF2046F2
:107C300010BD421E12F8013F002BFBD111F8013B91
:107C400002F8013B002BF9D1704730B50446002003
:107C5000034600E05B1C934203D2E05CCD5C401B1A
:107C6000F8D030BDF0B480EA0102D40F4200B2EB8C
:107C7000410F02D20246084611464A0042D0C30DC7
:107C8000DDB2C1F3C752AD1A202D35DAC1F31601AA
:107C900041F4000204B15242C5F1200602FA06F195
:107CA0002A411044B3EBD05F23D0C4B1012DA0EB27
:107CB000C35009DCF0BC4FF0004202EAC352DBB211
:107CC00000F5000000F037BB400000F1807000EBD1
:107CD000C350A0F1807040EAD170490009E0490822
:107CE00041EAC071A0EBC35000F50000400800EB72
:107CF000C350F0BC00F016BB6142012202EB41010F
:107D0000001BF6E7F0BC704781F00041AAE780F065
:107D10000040A7E780EA010210B502F000434000EE
:107D200022D04A001FD0010E01EB1261C0F35600B1
:107D3000C2F3560240F4000042F40002A0FB02200D
:107D400000047F39140400D0401C50EA124001D4D2
:107D50004000491EC2B20C0604EBD010401C400883
:107D6000802A02D003E0002010BD20F0010000298D
:107D700000DA0020184310BD30B480EA010202F09E
:107D8000004530F0004221F0004013D090B1C30D07
:107D9000D40DC2F31601C0F31600E41A41F4000139
:107DA00040F400027D34914201D3641C00E049009C
:107DB000002C02DA30BC002070474FF40000002392
:107DC000914201D3891A034340084FEA4101F7D198
:107DD00051B1914202D14FF0004105E002D24FF083
:107DE000010101E06FF0010103EBC450284430BCF5
:107DF00000F098BA2DE9FE4F804681EA0300C00FDB
:107E00000C46009021F0004123F00045B8EB020041
:107E1000A94105D24046214690461C460B460246E3
:107E200023F00040104347D0270DC7F30A00C3F3E7
:107E30000A510290401A019040286BDAC3F31300F4
:107E400040F4801B0098924620B10023D2EB030A35
:107E500063EB0B0B01985946C0F14002504600F00D
:107E600040FA06460D4650465946019A00F048FA37
:107E700010EB08006141002487EA115284EAE7739D
:107E80001A4340D0009A62B3019A012A4FEA07527E
:107E900015DC001B61EB02014FF0004202EA0752C1
:107EA000CDE90042001C41F5801132462B4600F01E
:107EB0007FFA03B0BDE8F08F40462146F9E7001B8A
:107EC00061EB0201001C41F5801300185B41201892
:107ED000A2F5001747EB030140EAD570B6196D41D2
:107EE00011E06D084FEA360645EAC0754FEA0752C1
:107EF000001B61EB0201001C41F5801149084FEAAB
:107F000030000019514132462B4603B0BDE8F04F16
:107F100000F03FBA0098012240000023D0EB02029B
:107F200063EBE073009821464FEAE074B8EB000081
:107F300061EB0401E9E783F000435BE781F0004176
:107F400058E72DE9FE4F81EA030404F0004421F0D4
:107F5000004100944FF0000B23F0004350EA01046D
:107F60005ED052EA03045BD0C3F30A54C1F30A554E
:107F70002C44A4F2F3340194A0FB0254C1F3130186
:107F800041F48011C3F3130343F4801301FB024453
:107F900000FB034E840A970A44EA815447EA835758
:107FA000A4FB076802958D0A05FB07854FEA932C11
:107FB00004FB0C542705029D4FEA065847EA163782
:107FC000B5EB08056EEB070C870E920E47EA81179A
:107FD00042EA8312A7FB0201B6EB0B0164EB00043B
:107FE0002B0D43EA0C335E1844EB1C50DA46514625
:107FF000E7FB0201C5F313044FEA0B3343EA1453C2
:108000004FEA0432019C43EA0603A4F10C040294F3
:10801000009CCDE900B400F0CBF903B0BDE8F08FCF
:1080200000200146F9E72DE9F04D81EA030404F050
:10803000004B21F0004514464FF0000A23F00041A8
:1080400050EA050220D054EA01021DD0C5F30A57B8
:108050000246C5F31303C1F31300C1F30A5640F4FB
:10806000801543F48013A7EB0608101BD64608F2D0
:10807000FD3873EB050002D308F1010801E0921806
:108080005B41B8F1000F03DA00200146BDE8F08D36
:1080900000204FF48011064684460EE0171B73EB58
:1080A000050705D3121B63EB050306434CEA010CDD
:1080B00049084FEA300092185B4150EA0107EDD1C0
:1080C00052EA030012D082EA040083EA0501084361
:1080D00005D0101BAB4106D20122002306E000228E
:1080E0004FF0004302E06FF0010253101AEB06005C
:1080F0004CEB085110EB0A0041EB0B01BDE8F04DD1
:1081000000F047B9C10F80EAE0700844CA0796231F
:10811000002100F010B996230022114600F00BB99F
:108120000EB5C10F80EAE0700844CA07002140F292
:1081300033438DE80E000A460B4600F039F903B0D0
:1081400000BD00F0004220F00040C10DC0F3160059
:1081500040F400007F2901DA00207047962903DCF3
:10816000C1F19601C84001E096398840002AF4D058
:108170004042704720F00040C10DC0F3160040F4AB
:1081800000007F2901DA00207047962903DCC1F145
:108190009601C840704796398840704700F0004209
:1081A00030F000400AD0C10D01F56071C0F3160037
:1081B00042EA0151C20840071143704700200146BE
:1081C0007047000030B5041E71F1000404DB4FF06D
:1081D0000044404264EB0101141E73F1000405DB0E
:1081E0001C464FF00043524263EB04038B4208BF2E
:1081F000824230BD01F0004330B421F0004150EA2A
:10820000010206D00A0DA2F56072C1F31301002A23
:1082100002DC30BC00207047440F44EAC104C100B6
:10822000E01830BC00EBC25000F07CB8002801DB45
:10823000C0F10040002901DBC1F1004181427047DB
:10824000002801DBC0F10040002901DBC1F1004141
:108250008842704730B50B46014600202022012499
:1082600009E021FA02F59D4205D303FA02F5491B04
:1082700004FA02F52844151EA2F10102F1DC30BD1A
:108280002DE9F05F0546002092469B46884606464B
:10829000814640241BE0284641464746224600F0DE
:1082A0002FF953465A46C01A914110D31146184629
:1082B000224600F016F82D1A67EB01084F462246B9
:1082C0000120002100F00DF817EB00094E41201E9F
:1082D000A4F10104DFDC484631462A464346BDE8A6
:1082E000F09F202A04DB203A00FA02F100207047B8
:1082F0009140C2F1200320FA03F3194390407047E4
:10830000202A06DBCB17203A41FA02F043EAE07359
:1083100006E041FA02F3D040C2F120029140084346
:10832000194670470029A8BF7047401C490008BF84
:1083300020F00100704710B4B0FA80FC00FA0CF095
:1083400050EA010404BF10BC704749B1CCF12004CD
:1083500021FA04F411FA0CF118BF0121214308435A
:10836000A3EB0C01CB1D4FEA00614FEA102042BF86
:10837000002010BC704700EBC35010440029A4BF7C
:1083800010BC7047401C490008BF20F0010010BC21
:10839000704710B5141E73F1000408DA401C41F157
:1083A000000192185B411A4301D120F0010010BD79
:1083B0002DE9F04D92469B4611B1B1FA81F202E0EF
:1083C000B0FA80F220329046FFF78BFF04460F464A
:1083D00040EA0A0041EA0B0153465A46084313D0CB
:1083E000114653EA010019D0C8F14002504600F08E
:1083F00087F805460E46504659464246FFF771FF3C
:10840000084305D0012004E020463946BDE8F08D40
:108410000020054346EAE0762C4337430A9863057B
:10842000E40AA0EB08000022FD0A44EA47540A309F
:1084300002D500200146E9E7010510196941DDE98F
:10844000084500196941BDE8F04DA2E770B521F07B
:10845000004303430CD0C1F30A550024D5EB0405B7
:1084600064EB0403D617AD1AB34102DB00200146CA
:1084700070BD201841EB025170BDC1F30A52C1F327
:10848000130140F2FF3341F480119A4202DA0020D6
:108490000146704740F233439A42A2F2334202DC73
:1084A000524200F02DB8FFF71CBF000030B5041E8B
:1084B00071F1000404DB4FF00044404264EB010121
:1084C000141E73F1000405DB1C464FF000435242BA
:1084D00063EB0403994208BF904230BD064C074D40
:1084E00006E0E06840F0010394E807009847103484
:1084F000AC42F6D3F7F7FEFDD0AB0008F0AB0008B6
:10850000202A04DB203A21FA02F00021704721FAE8
:1085100002F3D040C2F1200291400843194670474F
:108520002DE9F04D00231A461B1A8A4103DB002077
:108530000146BDE8F08DC1F30A52C1F3130141F4C5
:1085400080154FF0000BD10702D100186D41521E6B
:108550000027044640F2FF11384601EB620A3E460E
:108560008046024600204FF48011FFF7C9FFC21970
:108570007141BB1846EB0100B4EB030C75EB000C2A
:1085800004D3E41A65EB000517460E46241908F1DA
:1085900001006D4180463428E3DDF91946EB060001
:1085A000091BA84103D24FF0FF32134601E000221D
:1085B00013461BEB070046EB0A51BDE8F04DFFF7F1
:1085C000E8BE0EB540F2334102910021CDE9001121
:1085D0000A460B46FFF7ECFE03B000BD70B5C1F3D1
:1085E0000A5201F000450024C1F3130140F2FF33A9
:1085F00041F480119A4201DA002070BD40F2334309
:108600009A42A2F2334203DC5242FFF779FF00E0C4
:1086100090402C43F1D0404270BD70B58C1810F8DA
:10862000015B15F0070301D110F8013B2A1106D1B7
:1086300010F8012B03E010F8016B01F8016B5B1ED1
:10864000F9D12B0705D40023521E0DD401F8013BAC
:10865000FAE710F8013BCB1A921C03E013F8015B18
:1086600001F8015B521EF9D5A142D8D3002070BD9C
:108670000FB4054B10B503A9044A029800F02AFC78
:1086800010BC5DF814FB0000C34900081C02002068
:108690000FB4084B10B504A902AA039800F01AFC05
:1086A000044602A9002000F0ACFF204610BC5DF893
:1086B00014FB000003960008490050EAC12018BFCF
:1086C00004204A0D18BF40F0010040F2FF72B2EBE7
:1086D000515F08BF40F00200012808BF0520704725
:1086E0002DE9F74F144694B00021C4E90211159901
:1086F000079121F00045C9498D4206DC1599C4E96E
:10870000000117B00020BDE8F08FC549DFF814A3C1
:10871000A9423CDD0799C44E0029C44FC44A1599AB
:10872000534619DDFFF707FC554506D0C14AC24B39
:10873000FFF701FCC4E900010AE04FF0D352BE4B41
:10874000FFF7F9FB32463B46FFF7F5FBC4E90001B2
:1087500017B00120BDE8F08FFFF74CFB554506D060
:10876000B44AB54BFFF746FBC4E900010AE04FF0FD
:10877000D352B14BFFF73EFB32463B46FFF73AFB85
:10878000C4E9000117B04FF0FF30BDE8F08FAB49EE
:10879000A942159978DB21F0004183468846A84A12
:1087A000A84BFFF7CEFB0022A74BFFF723FBFFF7F9
:1087B00015FF0990FFF7B4FC06460F469C4A534646
:1087C000FFF7BFFB43465A46FFF7B8FB80468A4691
:1087D000984A994B30463946FFF7B3FB2A0D0125DD
:1087E0000B9242465346FFF7A9FB032DC4E9000153
:1087F00039D00B98C1F30A51401A05EB45111139D4
:10880000814230DA9148C346784400EB0510CDF838
:108810000CA00C90D0E9002330463946FFF791FBBD
:1088200002460B460491069058460399FFF783FBD6
:1088300080468A4602460B4658460399FFF77BFB63
:10884000049B069AFFF777FB83460C980391394601
:10885000D0E902233046FFF774FB5A46039BFFF72B
:108860006AFB6D1CBDE707980028A2BF099817B0E6
:10887000BDE8F08F616881F000416160099817B030
:108880004042BDE8F08FFFE784461598C1F313011D
:10889000C0F30A50A0F2F5304FEA601800F01F064E
:1088A000C6F12000139000200690079041F4801E2E
:1088B00005206D4676B1664A08EB00017A4452F80D
:1088C000213002EB8101B3404A68139922FA01F189
:1088D000194305E05F4908EB0002794451F8221082
:1088E000A1FB0E27A1FB0C131A449A4234BF0123AB
:1088F000002303EB070A05EB8003D3E901B70F441C
:108900008F4234BF0121002193448B4411B1934520
:1089100002D903E0934501D2012100E00021C3E91F
:1089200001B7514445F82010011EA0F10100C1DC3F
:108930000298059F00F10050800F12900298DDE927
:1089400003568000FFF7ECFB834628460D91FFF7A6
:1089500038FE6FF01D02FFF779FDCDE90E013046BC
:10896000FFF72FFE6FF03D02FFF770FD80468A464D
:108970003846FFF726FE6FF05D02FFF767FD0746FA
:10898000424653461191FFF735FADDE90E23FFF712
:1089900031FA5A460D9BFFF72DFA00250E465A462E
:1089A00028460D9BFFF7C7FADDE90E23FFF7C3FA50
:1089B00042465346FFF7BFFA3A46119BFFF7BEFA0D
:1089C000DFF898A0244A5346FFF7BBFA07468846CB
:1089D000234A244B31462846FFF7B3FA3A4643462A
:1089E000FFF708FA074688464FF0A842534631463B
:1089F0002846FFF7A6FA3A464346FFF7FBF9159AD1
:108A000012F0004F04D0129A81F0004152421292AB
:108A1000C4E90001129817B0BDE8F08FFB21E93FCF
:108A20007CD90240FB21F93F7370032E8A19A33BC6
:108A3000000040543163621A61B4D03DFB213941DA
:108A400083C8C96D305FE43F0000E03F842200002E
:108A500000220000E2210000182D4454FB21F93DC2
:108A60003326A611460B113C2DE9FF4D21F000489D
:108A700007460C46B8F1795F08DAFFF7AFFD00282A
:108A800001BF0020324904B0BDE8F08D3A462346CC
:108A900010461946FFF755FA054602462D480E4680
:108AA0000B460621784400F05DF82A463346FFF76E
:108AB00048FADDE9022382468B4638462146FFF715
:108AC00040FA04460F4652465B4628463146FFF7B9
:108AD00038FA22463B46FFF72EFA07468A464FF001
:108AE000FF3228463146FFF7B1FC1B4A90450ADAAF
:108AF0003A465346FFF71FFA04B00022BDE8F04D96
:108B0000134BFFF71BBA154A4245A8BFA8F500153D
:108B10004FF00004B8BF124D22462B46FFF70BFA68
:108B20000646884622462B4600200949FFF703FAED
:108B300004460D463A46534630464146FFF7FBF998
:108B400004B022462B46BDE8F04DFFF7F7B9000010
:108B50000000F03FB01F00003333D33F0000E93F77
:108B60000000D23F2DE9F0414F1E00EBC701044643
:108B7000D1E9000115461E4637F006020DD02A46FF
:108B80003346FFF7DEF97F1E04EBC703D3E900236A
:108B9000FFF730F937F00602F1D1022F25D0042F6C
:108BA00013D0062F18BFBDE8F0812A463346FFF7E1
:108BB000C8F9D4E90A23FFF71DF92A463346FFF71F
:108BC000C0F9D4E90823FFF715F92A463346FFF721
:108BD000B8F9D4E90623FFF70DF92A463346FFF723
:108BE000B0F9D4E90423FFF705F92A463346FFF725
:108BF000A8F9D4E90223FFF7FDF82A463346FFF728
:108C0000A0F9D4E90023BDE8F041FFF7F3B8000074
:108C10002DE9FF4D054621F0004084B00C46B0F12F
:108C2000795F0BDA2846FFF747FD042808BF00F0FC
:108C300071F8284608B02146BDE8F08D2A460B465B
:108C40001046FFF77EF906460F462A462346FFF7F1
:108C500078F9804626488A4632463B4605217844C4
:108C6000FFF780FF83461098029160B3214A224BA0
:108C700040465146FFF765F9CDE900015A464046A6
:108C80005146029BFFF75DF982468846DDE9060101
:108C90004FF0FF32FFF7DAFB52464346FFF74BF93E
:108CA00032463B46FFF74DF9DDE90623FFF743F96E
:108CB000DDE90023FFF73FF908B02A462346BDE867
:108CC000F04DFFF73BB90B465A4630463946FFF7A1
:108CD00038F9084A084BFFF78DF842465346FFF72C
:108CE00030F908B02A462346BDE8F04DFFF782B8B8
:108CF000F61E0000495555555555C5BF0122FFF7D1
:108D0000A5BBFFF777B80022134610461146FFF7C0
:108D10008AB90000024A00201107FFF797BB000044
:108D200001FDFFFF02E008C8121F08C1002AFAD1A6
:108D300070477047002001E001C1121F002AFBD1DB
:108D400070470000014908607047000020020020C1
:108D50002DE9FF5F82B00021DDE90430020DDDF86E
:108D600040B0034318D044F61050A2F2FF32424301
:108D70001514119801281FD0A5EB0B00401C5FEAC9
:108D8000000A4FF000064E4FDFF83891B0465046CB
:108D900015D5CAF1000413E0119801244AA3012853
:108DA00001D16FEA0B010298119AC0E90031C0E9C4
:108DB000024206B0BDE8F09FCBF10000DFE70446B9
:108DC0000021404A491842EB0450CDE9001012E05E
:108DD000E00707D032463B4640464946FFF7B1F828
:108DE0008046894632463B4610461946FFF7A9F8A9
:108DF00006460F466410002CEAD1DDE90401DDE9E6
:108E00000023BAF1000F06DAFFF79BF842464B4603
:108E1000FFF797F805E0FFF706F942464B46FFF7E4
:108E200002F904460E460022284BFFF73FFB03D809
:108E30004FF0FF30014607E00022254B2046314627
:108E4000FEF7D8FFFFF719FB102409E0002C0ADB1E
:108E50000A220023FFF714FA039B30321A55641ECE
:108E600050EA0102F2D1641C039AC4F111031444C4
:108E7000119A012A03D0012208430DD10AE00843C8
:108E800004D000204FF0110B119072E7A3EB0B05FB
:108E90006D1E0DE05B4504DD4FF0000205F101059C
:108EA00004E003DA4FF00002A5F10105002AECD03E
:108EB00002981199C0E90231C0E9004579E7000044
:108EC000000014400000F03F300000000000F043BC
:108ED0000000E03F2DE9FF4F95B09B4689460646CE
:108EE00000250FE2252877D100242746F84A0121E2
:108EF000059400E0044316F8013F203B01FA03F01B
:108F00001042F7D130782A2811D06FF02F03307833
:108F1000A0F13002092A16D8059A44F0020402EBA7
:108F2000820203EB42021044761C0590EFE759F8E9
:108F3000042B0592002A03DA504244F400540590B1
:108F400044F00204761C30782E2816D116F8010F52
:108F500044F004042A280DD06FF02F023078A0F1DD
:108F60003003092B09D807EB870302EB4303C7182B
:108F7000761CF3E759F8047B761C30786C280FD008
:108F800006DC4C2817D068280DD06A2814D104E0DC
:108F9000742810D07A280FD10DE044F400140AE0B0
:108FA00044F4801401E044F440147278824202D107
:108FB00004F58014761C761C307866280BD013DC00
:108FC000582877D009DC002875D04528F6D04628E7
:108FD000F4D047281AD19DE118E0632835D06428E1
:108FE00079D0652812D195E1702873D008DC672804
:108FF000F1D069286FD06E280DD06F2806D1B5E06A
:1090000073282CD0752875D0782874D05A461799B3
:1090100090476D1C75E1C4F30250022809D0032863
:109020000DD0D9F8001004280DD00D6009F1040905
:1090300067E1D9F80010EA17C1E90052F6E7D9F85C
:1090400000100D80F2E70D70F0E719F8041B8DF8A1
:10905000001000208DF80100EA46012003E059F8D5
:1090600004AB4FF0FF3061074FF0000102D40DE078
:1090700008F101018846B9420FDA8045F8DB1AF899
:1090800008100029F4D108E008F101018846814266
:10909000FADB1AF808100029F6D105985B46A0EB18
:1090A000080721463846179A00F094FA284400EB46
:1090B000080507E04DE029E10DE01AF8010B5A46DA
:1090C00017999047B8F10108F7D25B462146384618
:1090D000179A13E142E00A220092C4F302524FF0C1
:1090E000000A022A08D059F804CB032A4FEAEC718F
:1090F0000AD00DE029E02AE009F1070121F007027A
:10910000F2E802C1914609E00FFA8CFC4FEAEC71DB
:10911000042A03D14FFA8CFC4FEAEC71002907DADC
:109120000A460021DCF1000C61EB02012D2202E075
:10913000220504D52B228DF80420012203E0E2074A
:1091400001D02022F7E7904659E00A2102E01022E0
:109150000DE010214FF0000A00910BE010224FF0BB
:10916000000A44F004040827009203E008224FF0AC
:10917000000A0092C4F30252022A05D059F804CB27
:109180000021032A08D009E009F1070121F00702B4
:10919000F2E802C1914605E01FFA8CFC042A01D1D5
:1091A0000CF0FF0C4FF00008220728D5702806D0DD
:1091B000009B83F0100353EA0A0305D00EE040221F
:1091C0008DF80420012208E05CEA010206D030227A
:1091D0008DF804208DF8050002229046009B83F054
:1091E000080353EA0A030AD15CEA010201D16207CB
:1091F00005D530228DF804204FF001087F1E582835
:1092000004D034A003900EA802900DE036A0F9E738
:1092100053466046009AFFF733F884460398825C11
:109220000298401E029002705CEA0100F0D10298A0
:1092300006A9081A00F1200A600702D524F4803438
:1092400000E00127574502DDA7EB0A0000E00020FF
:1092500000EB0A01009005984144401A0590E00394
:1092600006D45B462146179A059800F0B3F90544E9
:10927000002706E001A85A46C05D179990476D1C6B
:109280007F1C4745F6DBE0030CD55B462146179A69
:10929000059800F09FF9054404E030205A461799DC
:1092A00090476D1C0099481E00900029F5DC08E0ED
:1092B000029802995A460078491C029117999047E2
:1092C0006D1CBAF10001AAF1010AF1DC65E10000B0
:1092D000092801003031323334353637383961628C
:1092E0006364656600000000303132333435363750
:1092F00038394142434445460000000000F058F927
:109300000544761C307800287FF4ECAD19B028466F
:10931000BDE8F08F620700D4062709F1070222F0AA
:10932000070CFCE80223E14603F000485FEA080C62
:1093300002D00FF2702C0DE05FEA045C02D50FF250
:10934000682C07E05FEAC47C02D00FF2602C01E0D9
:10935000AFF2700C4FF0FF3823F00043CDF850C04F
:1093600065280CD006DC452809D046281DD04728A2
:109370003DD13DE0662818D067287ED138E0002135
:10938000112F01DB112000E0781CCDE9000106A9B6
:109390000EA8FFF7DDFCDDE90F010E9A0391002115
:1093A000009207F1010A04914DE04FF00040009750
:1093B000CDE9011006A90EA8FFF7CAFCDDE90F02EE
:1093C00003920E9B11990022DDF80CA000930492E9
:1093D00011B9791C00EB010AB7EB0A0004D4C0F103
:1093E000FF3007F1010A0490AAEB0700019044E066
:1093F000012F00DA01270021112F01DD112000E0EB
:109400003846CDE9000106A90EA8FFF7A1FCDDE969
:109410000F010E9A0391002104910092BA46210790
:109420000CD40399514500DA8A46BAF1010F05DDE3
:10943000009AAAF10101515C302908D0B84202DA41
:1094400010F1040F06DA0121CDE9011015E0AAF1AF
:109450000101E9E7002805DC049901440491AAEB25
:10946000000102E0411C514500DD8A460499401A82
:10947000401C01904FF000400290200704D4019856
:10948000504501DBCDF8048000208DF84F00029894
:109490000DF14F07B0F1004F25D02B200E90029810
:1094A0004FF0020800280CDA404202902D200E9066
:1094B00007E00A210298FEF7CDFE3031029007F84E
:1094C000011DB8F10001A8F10108F2DC02980028A2
:1094D000EFD1791E0E980870307800F0200040F02F
:1094E000450007F8020D12A8C01B00F107081498E8
:1094F000007800B1012000EB0A01019801EBE07156
:1095000005984144401A401E0590E00306D45B468E
:109510002146179A059800F05DF8054414980078E4
:1095200018B15A46179990476D1CE00324D55B4645
:109530002146179A059800F04DF805441CE0049860
:10954000002807DBDDE90301884203DD0098405C69
:10955000179901E0179930205A469047049805F171
:109560000105401C04900198401E019004D12E205A
:109570005A46179990476D1CBAF10001AAF1010AE9
:10958000DDDC05E017F8010B5A46179990476D1C72
:10959000B8F10001A8F10108F4DC5B462146179AF6
:1095A0000598ABE62D0000002B0000002000000015
:1095B0002DE9F041044600251E461746880404D4D0
:1095C00005E039462020B0476D1C641EF9D52846B9
:1095D000BDE8F0812DE9F041044600251E46904685
:1095E000C80301D5302700E02027880404D505E012
:1095F00041463846B0476D1C641EF9D52846BDE883
:10960000F0810A68531C0B60107070472DE9F04D13
:109610008D4F21F0004A86B005460C46BA452ADB3C
:10962000AAEB070028430AD08848824501DC1AD1FA
:10963000CDB106B02846BDE8F04DFFF75FBB844AC8
:10964000844B2846FEF77DFC07460E46824A834B34
:1096500028462146FEF775FC06B03A463346BDE87B
:10966000F04DFEF7C7BB0120FFF76CFB06B0BDE86D
:10967000F04DFFF748BB7A48824542DABAF1795F8C
:109680000BDA2846FFF718F8042808BFFFF742FB5B
:10969000284606B02146BDE8F08D2A460B46104606
:1096A000FEF74FFC834602466E480E460B460621E7
:1096B0007844FFF757FA5A463346FEF742FC804695
:1096C00069488A465A46334604217844FFF74AFAE5
:1096D0005A463346FEF735FC00223B46FEF78AFB2E
:1096E00002460B4640465146FEF79DFC2A4623465D
:1096F000FEF727FC06B02A462346BDE8F04DFEF7EC
:1097000079BB284624F0004100223D463B46FEF747
:1097100015FC4FF0FF32FEF799FE0646024653480D
:109720000F460B4606217844FFF71CFA32463B46AB
:10973000FEF707FCCDE900014D4832463B460421C7
:109740007844FFF70FFA32463B46FEF7FAFB002259
:109750002B46FEF74FFB834602913046394600F018
:10976000ADFA804643480D46504517DCDDE900015F
:109770005A46029BFEF757FC42462B46FEF7E1FB9A
:1097800042462B46FEF736FB0122FEF75FFE304ACB
:10979000304BFEF7D0FB304A304B4CE04FF0000A24
:1097A00052460B464046FEF725FBCDE903105246D4
:1097B0002B4610461946FEF7C4FB32463B46FEF7E1
:1097C000BDFBDDE90332FEF72EFC06460F46DDE960
:1097D00000015A46029BFEF726FC834600910122B7
:1097E00030463946FEF732FE194A1A4BFEF7A6FB01
:1097F00006460F46012240462946FEF727FE5A46F6
:10980000009BFEF79EFB32463B46FEF794FB064666
:109810000F46012250462946FEF718FE0E4DDFF88E
:1098200058802A464346FEF789FB32463B46FEF700
:1098300085FB2A464346FEF781FB002CD8BF81F00A
:10984000004106B0BDE8F08D0000F03F0000F07F61
:10985000075C143326A6913C182D4454FB21F93F94
:109860000000E03FBC120000D212000046120000CF
:109870005C1200003333EF3FFB21E93F2DE9F84F45
:1098800004460D4621F0004000917349814211DCED
:109890007249884201DC06D12CB120462946BDE838
:1098A000F84FFFF72BBA6E48002DCCBF6D496E49BB
:1098B000BDE8F88F6D49814211DD6D498142D8BF05
:1098C0004FF0FF366DDD20462946FEF7F5FE0428F1
:1098D00008BFFFF71FFA20462946BDE8F88F654903
:1098E000654F25F00045814233DD6449814219DD31
:1098F000002632464FF0804320462946FEF77AFA8A
:1099000080468A46012220462946FEF79FFD002216
:109910003B46FEF710FB42465346FEF784FB0446E7
:109920000D463EE001260022BA463B462046294627
:10993000FEF760FA80460F4600225346204629462D
:10994000FEF7F9FA42463B46FEF76DFB04460D462C
:1099500027E04B4981421BDDDFF828A102260022C7
:10996000534620462946FEF7ECFA00223B46FEF716
:1099700041FA80460F460022534620462946FEF70C
:10998000DAFA42463B46FEF74EFB04460D4608E037
:10999000032622462B4600203B49FEF744FB0446A3
:1099A0000D4622462B4610461946FEF7CAFA8B464C
:1099B000824602460B46FEF7C4FA07460246334883
:1099C00088460B4606217844FFF7CCF852465B46A2
:1099D000FEF7B7FA82462E488B463A4643460521A3
:1099E0007844FFF7BFF83A464346FEF7AAFA024624
:1099F0000B46002E504659460CDAFEF7FBF922467C
:109A00002B46FEF79EFA01B022462B46BDE8F04FEA
:109A1000FEF794BAFEF7EEF922462B46FEF791FACE
:109A20001C4A7A4402EBC603D3E90023FEF783FA0B
:109A300022462B46FEF77FFA174A7A4402EBC6030A
:109A4000D3E90023FEF77AFA009A002AB8BF81F022
:109A50000041BDE8F88F0000000010440000F07FD6
:109A6000182D4454FB21F93FFB21F9BF0000DC3FD6
:109A70000000203E0000F33F0000F03F0000E63F02
:109A8000008003400000F83F0000F0BF5E100000BF
:109A90001C100000BA0F0000820F00002DE9F04DED
:109AA0009446CCF1000423F000464CEA0404524FE3
:109AB00046EAD4749A46884621F00042BC4206D851
:109AC000454240EA050442EAD474BC4204D9BDE8E8
:109AD000F04D6246FFF715B9AAF14055A5F17F6533
:109AE00055EA0C040BD0022404EAAA74434DDFF8B3
:109AF00010E144EAD87452EA000B04D00CE0BDE84F
:109B0000F04DFFF7BBBE002C14BF012CBDE8F08D5B
:109B1000022C30D0032C32D056EA0C0B0AD0BE42B5
:109B200020D1BA4209D126F0804622F08042334645
:109B3000114617E000291ADB25E0DFF8C8B0FB4426
:109B4000002C04BFDBE90001BDE8F08D012C02BF51
:109B5000DBE9000181F00041BDE8F08D022C0AD064
:109B6000032C0CD0BA4212D1B8F1000F0BDA234803
:109B70002549BDE8F08D28462449BDE8F08D2846EA
:109B80007146BDE8F08D1D482149BDE8F08D921B5E
:109B900012153C2AC4BF19481D490EDCBAF1000F4A
:109BA000BEBF12F13C0F0020014606DB6246FEF705
:109BB0003AFA21F00041FFF761FE002C08BFBDE832
:109BC000F08D012C04BF81F00041BDE8F08D114AF9
:109BD000114B022C07D0FEF7AEF92A46BDE8F04D36
:109BE0000A4BFEF7A8B9FEF7A6F92A46BDE8F04DE4
:109BF000064BFEF7A3B900000000F07F182D445477
:109C0000FB2109C0460F0000FB21F9BFFB210940E1
:109C1000FB21F93F075C143326A6A13C00B5254B78
:109C200021F0004287B09A4203DC002213460092E2
:109C30002BE0214B9A4208D140B94FF00100FFF7C9
:109C400081F8FFF760F807B000BD03DBFFF756F8B7
:109C500007B000BD02AAFEF743FD10F003014FF06C
:109C600001000DD0012914D002291AD00DF1080CE1
:109C70009CE80F00FEF7F8FE07B081F0004100BD40
:109C80000DF1080C00909CE80F00FEF7C1FF07B033
:109C900000BD0DF1080C9CE80F00FEF7E5FE07B0D3
:109CA00000BD0DF1080C00909CE80F00FEF7B0FF1E
:109CB000E2E70000FB21E93F0000F07F2DE9F041E1
:109CC00006460F46FEF72CFC041E0D4618BF012069
:109CD000284320F00040C0F17F6000F1E040C00F59
:109CE0000ED0301C18BF0120384320F00040C0F1D6
:109CF0007F6000F1E040C00F04BF0120FFF722F8B1
:109D000020462946BDE8F081000000000040654083
:109D1000B81E85EB51B8CE3F000000000000124095
:109D2000B81E85EB51B8BE3F6800000476005401B0
:109D3000F7FD000175191A0C6A231B1C1F20727491
:109D4000433B4138393A6B6C376F06246D6E7000B7
:109D50008300000000080000000100183200050028
:109D6000000020410000D242295C0F3E9A99993EA2
:109D70003333733F295C0F3E000070000000002465
:109D8000000000020003000000650054FFEF000027
:109D9000FA80000B12820001030C30C30E8C8CE998
:109DA00014D5400213710F8E3883F8833000F88386
:109DB000258EF8833000F883FFFFFFFF0FFEA9D642
:109DC000240004001A8279A10000003CFFFF00007B
:109DD0000010000038836FA2003E033040000000F6
:109DE00002CAE3093E8000002000000000000000DD
:109DF0004000000060000000000C0000000C186E25
:109E0000000006920A16C0DFFFFF0256FD8CD377D2
:109E1000FFE1C496E0C5BEAA00000000FFFF0B2BC7
:109E200000001657000003594000000000001DFA12
:109E300000026C1D000000003FFFDFEB003EB3B6E8
:109E4000000D227800002F3C00000000001942B5F0
:109E5000000039A20000B365D90E9FC91DCF4C3454
:109E600030000000500000003BB67AE800640000BB
:109E700000C8000000000000100000001000FA926E
:109E80001000225E000D229F000100000032000041
:109E9000FF46000063D400001000000004D600005C
:109EA00004CC000004CC0000000010720000004050
:109EB000000000000000000000060002000500078E
:109EC0000000000000640000000000000000000529
:109ED00000050064002000000000000000000000F9
:109EE000000040000000030000000032F89800006D
:109EF000FF650000830F0000FF9BFC0000000000D6
:109F00000000000000000000000000000000000051
:109F10000000000000000000000000000000000041
:109F200000000000000010004000000000000006DB
:109F30000000B26A000200000001FB83006800001C
:109F400000D9FC007CF1FF830000000000650000E8
:109F5000006403E800640028000000250000000001
:109F600016A000000000100000001000002F0000EC
:109F7000000001F40000100000280000FFFF4581F0
:109F8000FFFFFA720000000000000000004400051E
:109F90000005BAC6004778A20000000100000000DA
:109FA00000000600000000140000254D002F706D19
:109FB000000005AE000C02D0000000000000000010
:109FC0000000000000000000001B00000000000076
:109FD0000000000000000000006400000008000015
:109FE0000000000000000000000000000000000071
:109FF0000000000000000000000000000000000061
:10A000000000000000000000000000000000000050
:10A010000000000000000000000000000000000040
:10A020000000000000000000000000000000000030
:10A030000000000000000000001B00000000000005
:10A0400000000000000E000E00000AC7000400001F
:10A0500000000032FFFFFF9C00000B2B00000002FD
:10A060000000000100000064FFE5000000000000A7
:10A0700000000000000000000000000100000000DF
:10A0800000010000000000000001800000018000CD
:10A0900000018000002426D3000000000000000022
:10A0A000000600100096003C0000000000000000C8
:10A0B00000000000000000000C0A4E68CDCF7709B8
:10A0C00050166759C619CE8200000000000000003B
:10A0D0000000000000000000000000000000000080
:10A0E00017D78400030000000000000000000000FB
:10A0F000C7938F9D1E1B1C1900000000000000006C
:10A10000000000000000000000000000000000004F
:10A110000203188500004000000000030000000357
:10A1200000000000000000004000000000000000EF
:10A13000000000000000000000000000000000001F
:10A14000000000000000000000000000000000000F
:10A15000000000000000000000000000677DDF7EBE
:10A1600072902E554CF6E6880000000000000000BA
:10A170000000000000000000D8DCB4B8B0D8B9ABD3
:10A18000F3F8FAB3B7BB8E9EAEF132F51BF1B4B85B
:10A19000B08097F1A9DFDFDFAADFDFDFF2AAC5CD4C
:10A1A000C7A90CC92C97F1A989264666B28999A935
:10A1B0002D557DB0B08AA896365676F1BAA3B4B2C2
:10A1C00080C0B8A89711B28398BAA3F024084410AD
:10A1D0006418B2B9B49883F1A329557DBAB5B1A377
:10A1E0008393F0002850F5B2B6AA839328547CF1EB
:10A1F000B9A3829361BAA2DADEDFDB819AB9AEF548
:10A20000606870F1DABAA2DFD9BAA2FAB9A3829271
:10A21000DB31BAA2D9BAA2F8DF85A4D0C1BBAD8325
:10A22000C2C5C7B8A2DFDFDFBAA0DFDFDFD8D8F151
:10A23000B8AAB38DB4980D355DB2B6BAAF8C961985
:10A240008F9FA70E161EB49AB8AA872C547CBAA466
:10A25000B08AB691325676B28494A4C808CDD8B8E4
:10A26000B4B0F19982A82D557D98A80E161EA22C87
:10A27000547C92A4F02C5078F184A898C4CDFCD8DA
:10A280000DDBA8FC2DF3D9BAA6F8DABAA6DED8BA47
:10A29000B2B68696A6D0F3C841DAA6C8F8D8B0B44C
:10A2A000B882A892F52C548898F135D9F418D8F1D1
:10A2B000A2D0F8F9A884D9C7DFF8F883C5DADF6936
:10A2C000DF83C1D8F40114F1A8824EA884F311D120
:10A2D00082F5D992289788F109F41C1CD884A8F338
:10A2E000C0F9D1D99782F129F40DD8F3F9F9D1D970
:10A2F00082F4C203D8DEDF1AD8F1A2FAF9A8849852
:10A30000D9C7DFF8F8F883C7DADF69DFF883C3D885
:10A31000F40114F198A8822EA884F311D182F5D902
:10A3200092509788F109F41CD884A8F3C0F8F9D1A9
:10A33000D99782F149F40DD8F3F9F9D1D982F4C44F
:10A3400003D8DEDFD8F1AD8898CCA809F9D982927C
:10A35000A8F57CF1883ACF944A6E98DB6931DAAD82
:10A36000F2DEF9D88795A8F221D1DAA5F9F417D948
:10A37000F1AE8ED0C0C3AE82C684C3A88595C8A5F1
:10A3800088F2C0F1F4010EF18E9EA8C63E56F55437
:10A39000F18872F40115F19845856EF58E9E04885A
:10A3A000F142985A8E9E068869F4011CF1981E119C
:10A3B00008D0F504F11E970202983625DBF9D985FD
:10A3C000A5F3C1DA85A5F3DFD88595A8F309DAA549
:10A3D000FAD88292A8F578F1881A849F2688982165
:10A3E000DAF41DF3D8879F39D1AFD9DFDFFBF9F459
:10A3F0000CF3D8FAD0F8DAF9F9D0DFD9F9D8F40BA0
:10A40000D8F3879F39D1AFD9DFDFF41DF3D8FAFC39
:10A41000A869F9F9AFD0DADEFAD9F88F9FA8F1CCA4
:10A42000F398DB45D9AFDFD0F8D8F18F9FA8CAF3F6
:10A430008809DAAF8FCBF8D8F2AD978D0CD9A5DFAC
:10A44000F9BAA6F3FAF412F2D8950DD1D9BAA6F357
:10A45000FADAA5F2C1BAA6F3DFD8F1BAB2B6869697
:10A46000A6D0CAF349DAA6CBF8D8B0B4B8D8AD8430
:10A47000F2C0DFF18FCBC3A8B2B68696C8C1CBC3FA
:10A48000F3B0B48898A821DB718D9D71859521D991
:10A49000ADF2FAD88597A828D9F408D8F28D29DA30
:10A4A000F405D9F285A4C2F2D8A88D9401D1D9F4CB
:10A4B00011F2D88721D8F40AD8F28498A8C801D11B
:10A4C000D9F411D8F3A4C8BBAFD0F2DEF8F8F8F88D
:10A4D000F8F8F8F8D8F1B8F6B5B9B08A95A3DE3C2B
:10A4E000A3D9F8D85CA3D9F8D87CA3D9F8D8F8F9BF
:10A4F000D1A5D9DFDAFAD8B18530F7D9DED8F8306E
:10A50000ADDADED8F2B48C99A32D557DA083DFDFC0
:10A51000DFB591A0F629D9FBD8A0FC29D9FAD8A09B
:10A52000D051D9F8D8FC51D9F9D879D9FBD8A0D0D5
:10A53000FC79D9FAD8A1F9F9F9F9F9A0DADFDFDF66
:10A54000D8A1F8F8F8F8F8ACDEF8ADDE8393AC2CBF
:10A55000547CF1A8DFDFDFF69D2CDAA0DFD9FADB2F
:10A560002DF8D8A850DAA0D0DED9D0F8F8F8DB550D
:10A57000F8D8A878DAA0D0DFD9D0FAF8F8F8F8DB64
:10A580007DF8D89CA88CF530DB38D9D0DEDFA0D0A0
:10A59000DEDFD8A848DB58D9DFD0DEA0DFD0DED898
:10A5A000A868DB70D9DFDFA0DFDFD8F1A888902CA6
:10A5B000547C98A8D05C38D1DAF2AE8CDFF9D8B0F0
:10A5C00087A8C1C1B188A8C6F9F9DA36D8A8F9DADE
:10A5D00036D8A8F9DA36D8A8F9DA36D8A8F9DA36AA
:10A5E000D8F78D9DADF818DAF2AEDFD8F7ADFA30B6
:10A5F000D9A4DEF9D8F2AEDEFAF983A7D9C3C5C76C
:10A60000F1889BA77AADF7DEDFA4F8849408A797BA
:10A61000F300AEF29819A488C6A39488F632DFF24C
:10A620008393DB09D9F2AADFD8D8AEF8F9D1DAF3EF
:10A63000A4DEA7F1889B7AD8F38494AE19F9DAAA3C
:10A64000F1DFD8A881C0C3C5C7A39283F628ADDEC9
:10A65000D9F8D8A350ADD9F8D8A378ADD9F8D8F89F
:10A66000F9D1A1DADEC3C5C7D8A18194F818F2B038
:10A6700089ACC3C5C7F1D8B8B4B09786A8319B06DA
:10A680009907AB9728889BF00C201440B0B4B8F021
:10A69000A88A9A285078B79BA829517924705944E0
:10A6A0006938644831F1BBAB88002C547CF0B38B23
:10A6B000B8A804285078F1B088B49726A85998BB58
:10A6C000ABB38B02264666B0B8F08A9CA8295179B4
:10A6D0008B2951798A2470598B2058718A446938A2
:10A6E0008B3940688A6448318B30496088F1AC000E
:10A6F0002C547CF08CA804285078F1889726A8590F
:10A7000098AC8C02264666F0899CA8295179247061
:10A7100059446938644831A98809205970AB113807
:10A720004069A8193148608CA83C415C207C00F14C
:10A7300087981986A86E767EA999882D557DD8B1FF
:10A74000B5B9A3DFDFDFAED0DFAAD0DEF2ABF8F918
:10A75000D9B087C4AAF1DFDFBBAFDFDFB9D8B1F171
:10A76000A3978E60DFB084F2C8F8F9D9DED893855C
:10A77000F14AB183A308B5839A0810B79F10D8F1A6
:10A78000B0BAAEB08AC2B2B68E9EF1FBD9F41DD873
:10A79000F9D90CF1D8F8F8AD61D9AEFBD8F40CF1C9
:10A7A000D8F8F8AD19D9AEFBDFD8F416F1D8F8AD6A
:10A7B0008D61D9F4F4ACF59C9C8DDF2BBAB6AEFA62
:10A7C000F8F40BD8F1AED0F8AD51DAAEFAF8F1D812
:10A7D000B9B1B6A3839C08B9B1839AB5AAC0FD30BC
:10A7E00083B79F10B58B93F20202D1ABDADED8F1BA
:10A7F000B080BAABC0C3B284C1C3D8B1B9F38BA324
:10A8000091B609B4D9ABDEB0879CB9A3DDF1B38BA7
:10A810008B8B8B8BB087A3A3A3A3B28BB69BF2A326
:10A82000A3A3A3A3A3A3A3A3A3F1B087B59AA3F360
:10A830009BA3A3DCBAACDFB9A3A3A3A3A3A3A3A345
:10A84000A3A3A3A3A3A3A3A3D8D8D8BBB3B7F1AAA8
:10A85000F9DAFFD9809AAA28B48098A720B79787F9
:10A86000A86688F07951F1902C870CA781976293A4
:10A87000F071716085940129517990A5F1284C6C93
:10A88000870C95188578A38390284C6C886CD8F336
:10A89000A28200F210A8921980A2F2D926D8F188DB
:10A8A000A84DD948D896A83980D93CD89580A839E0
:10A8B000A68698D92CDA87A72CD8A8899519A980BB
:10A8C000D938D8A88939A980DA3CD8A82EA83990D7
:10A8D000D90CD8A8953198D90CD8A809D9FFD80196
:10A8E000DAFFD89539A9DA26FFD890A80D8999A85A
:10A8F00010809821DA2ED88999A83180DA2ED8A82C
:10A9000086963180DA2ED8A8873180DA2ED8A882B0
:10A9100092F34180F1D92ED8A882F31980F1D92E73
:10A92000D882ACF3C0A28022F1A62EA72EA922982D
:10A93000A829DAACDEFFD8A2F22AF1A92E8292A8C9
:10A94000F23180A696F1D900AC8C9C0C30ACDED0F4
:10A95000DEFFD88C9CACD010ACDE8092A2F24C8290
:10A96000A8F1CAF235F19688A6D900D8F1FF000007
:10A97000555555555555C53F7D6FEB0312D6D4BF80
:10A980005544880E55C1C93F3B8F68B52882A4BF86
:10A9900088B20175E0EF493F09F7FD0DE13D023F47
:10A9A0004B2D8A1C273A03C0C88A599CE52A0040CF
:10A9B00059018D1B6C06E6BF82922EB1C5B8B33F1C
:10A9C0004FBB610567ACDD3F182D4454FB21E93FC7
:10A9D0009BF681D20B73EF3F182D4454FB21F93FB6
:10A9E000E2652F227F2B7A3C075C143326A6813C3C
:10A9F000BDCBF07A8807703C075C143326A6913CE7
:10AA0000C4EB98999999C9BF711623FEC671BCBF52
:10AA10006D9A74AFF2B0B3BF9AFDDE522DDEADBFBA
:10AA20002F6C6A2C44B4A2BF0D5555555555D53FD2
:10AA3000FF8300922449C23F6E204CC5CD45B73FED
:10AA4000513DD0A0660DB13FEB0D76244B7BA93F65
:10AA500011DA22E33AAD903F4C5555555555A53F77
:10AA60007751C1166CC156BF9015CB19A001FA3EA3
:10AA7000AD529C804F7E92BEC4B1B4BD9EEE213ECD
:10AA8000D43888BEE9FAA8BD00000000000000002C
:10AA900000004054FB21F93F3163621A61B4D03D9C
:10AAA0000000601A61B4D03D7370032E8A19A33B75
:10AAB0000000002E8A19A33BC14920259A837B39C7
:10AAC00000000000000000006E83F9A22915444E2A
:10AAD000D15727FCC0DD34F5999562DB4190433CAA
:10AAE000AB6351FE61C5BBDE3A6E24B7E0D24D4286
:10AAF000EA2E49061C92D1091CEB1DFE3EA729B186
:10AB0000F53582E88444BB2E26709CE9417E5FB413
:10AB100039D69139F43953838B5F849C3B28F9BD36
:10AB2000FF97F81F0F9805DE8B112FEF1F6D0A5A44
:10AB3000CF7E366DB709CB27663F464F2DEA5F9E25
:10AB4000C7BA27757BF1E5EBF739073DEA92528AE0
:10AB5000B15FFB6B085D8D1FA6F810111111813FCD
:10AB6000D561C119A0012ABF7DFEB157E31DC73EC3
:10AB7000EB9C2B8AE6E55ABE7CD5CF5A3AD9E53D07
:10AB80002050726F6475637420494420726561645B
:10AB9000206173203020696E64696361746573207D
:10ABA0006465766963652069732065697468657298
:10ABB00020696E636F6D70617469626C65206F727D
:10ABC00020616E204D5055333035302E0A00000084
:10ABD000F0AB000800000020240200001A860008E4
:10ABE00074AC00082402002084050000348D0008A5
:10ABF000412D010203040410090607080902040696
:10AC00000884A24A04691832FF29045201034280D1
:10AC10003F234843280FC8429A99993FDA0FC93F0A
:10AC20009A99193E10A11AB40C2904E14D3333B39B
:10AC30003E8421CB8403100116032E40412B2A436E
:10AC40005421076890408FC2F53D031688131A20DF
:10AC5000E430096F12833AA69B443B0E1C3F0AD78F
:10AC6000A33BF0C1EB803F0C13349D1B082804016B
:04AC7000209A5024B2
:04000005080000ED02
:00000001FF
