:020000040800F2
:10000000400700207944000881310008833100084E
:10001000873100088B3100088F3100080000000094
:100020000000000000000000000000009331000804
:100030009531000800000000973100089931000850
:100040009344000893440008934400089344000834
:100050009344000893440008934400083343000885
:100060009344000893440008934400089344000814
:100070009344000893440008934400089344000804
:1000800093440008934400089344000893440008F4
:1000900093440008934400089344000893440008E4
:1000A00093440008954200089344000893440008D4
:1000B000934400082D2800083D28000893440008B8
:1000C00093440008934400089344000893440008B4
:1000D00093440008934400089344000893440008A4
:1000E000934400089344000893440008DFF80CD0C0
:1000F00007F02EFD00480047812600084007002039
:1001000031490143314A1160704770B50021002325
:100110000F22C47804B32D4C246804F4E064C4F5C1
:10012000E064210AC1F10403CA40447804FA03F1EF
:100130008478144021430901254C0678A1550478A0
:1001400004F01F050124AC4005786D11AD0005F1E8
:10015000E025C5F8004109E0047804F01F050124FA
:10016000AC401C4D0678761145F8264070BD1A4A01
:100170000A400243154B1B1F1A60704739B1134ADE
:10018000121D12680243114B1B1D1A6006E00F4A34
:10019000121D126882430D4B1B1D1A607047042804
:1001A00008D14FF0E021096941F004014FF0E0224D
:1001B000116107E04FF0E021096921F004014FF0DF
:1001C000E0221161704700000000FA050CED00E02C
:1001D00000E400E080E100E080FFFF1F00204449D0
:1001E0000860091D0860091D0860091D0860414874
:1001F0003F4914310860704700213D498279002A47
:100200003AD00A46126803689A430B461A600A1DE0
:10021000126803689A430B1D1A60027911440A6838
:1002200003681A430A60324A0832126803689A4324
:100230002F4B08331A601A1D126803689A432C4B1F
:100240000C331A604279102A0ED11A1F1268036803
:100250001A43274B08331A601A1D126803681A43A1
:10026000234B0C331A600DE02149427911440A688E
:1002700003681A430A6005E0027911440A680368BA
:100280009A430A6070470021016001710C2141719D
:100290000021817170471649103109680143144AE1
:1002A00010321160704701460020114A1432126862
:1002B0000A400AB1012000E0002070470C491431C7
:1002C00008607047014600200022094B1B6803EAC2
:1002D0000102074B14331B680B4013B10AB1012014
:1002E00000E00020704702491431086070470000A8
:1002F00000040140FFFF0F0010B50446CC488442C3
:1003000008D10121042000F02DFB0021042000F081
:1003100029FB46E0C748844208D10121082000F0AB
:1003200021FB0021082000F01DFB3AE0C248844276
:1003300008D10121102000F015FB0021102000F051
:1003400011FB2EE0BD48844208D10121202000F09D
:1003500009FB0021202000F005FB22E0B848844280
:1003600008D10121402000F0FDFA0021402000F0DA
:10037000F9FA16E0B348844208D10121802000F048
:10038000F1FA0021802000F0EDFA0AE0AE48844244
:1003900007D10121801500F0E5FA0021A01500F039
:1003A000E1FA10BD10B50121084600F0DBFA00218A
:1003B000012000F0D7FA10BD2DE9F04102460025DA
:1003C0000026002000230024002791F803C00CF031
:1003D0000F0591F803C00CF0100CBCF1000F03D016
:1003E00091F802C04CEA050591F800C0BCF1000F7D
:1003F00031D0146800202BE04FF0010C0CFA00F310
:10040000B1F800C00CEA03069E4220D183004FF0F1
:100410000F0C0CFA03F7BC4305FA03FC4CEA040486
:1004200091F803C0BCF1280F06D14FF0010C0CFA73
:1004300000FCC2F814C00AE091F803C0BCF1480FF8
:1004400005D14FF0010C0CFA00FCC2F810C0401CA2
:100450000828D1D31460B1F800C0BCF1FF0F34DD1F
:10046000546800202EE000F1080C4FF0010808FA53
:100470000CF3B1F800C00CEA03069E4221D18300C0
:100480004FF00F0C0CFA03F7BC4305FA03FC4CEADF
:10049000040491F803C0BCF1280F05D100F1080C49
:1004A00008FA0CF8C2F8148091F803C0BCF1480FA8
:1004B00007D100F1080C4FF0010808FA0CF8C2F857
:1004C0001080401C0828CED35460BDE8F0814FF660
:1004D000FF710180022181700421C17070470246C2
:1004E000002093680B400BB1012000E00020704712
:1004F0000146886880B2704702460020D3680B40EE
:100500000BB1012000E0002070470146C86880B2AE
:10051000704701617047416170470AB1016100E0B5
:1005200041617047C16070474FF480320A43826175
:100530008161826182698269704702460020434B73
:1005400018684FF68073184040EA021008433F4B8A
:10055000186070473E49C8617047F0B50A460023ED
:1005600000240021002500F00046B6F1004F02D122
:10057000364EF16901E0354E7168C0F3034583B230
:1005800000F44016B6F5401F08D121F070612F4EDF
:10059000766826F070662D4F7E6012E000F48016BB
:1005A000B6F5801F06D1032606FA05F4A14341F0F3
:1005B000706106E0460D360103FA06F6B14341F0DC
:1005C000706122B1460D360103FA06F6314300F0A0
:1005D0000046B6F1004F02D11C4EF16101E01B4E06
:1005E0007160F0BD30B500228B071C0F0F2303FA9A
:1005F00004F2164B08338C1053F824309343134CF9
:1006000008348D1044F8253023468C1053F82430DC
:100610008C07240F00FA04F423430C4C08348D108B
:1006200044F8253030BD0A49DC31086070470000CD
:1006300000080140000C014000100140001401407E
:1006400000180140001C0140002001400000014052
:1006500000002042DF48006840F00100DD490860EA
:1006600008464068DC490840DA49486008460068A6
:10067000DA490840D74908600846006820F480201D
:1006800008600846406820F4FE0048604FF41F00F0
:1006900088607047CF49096821F48031CD4A1160E4
:1006A0001146096821F480211160B0F5803F03D024
:1006B000B0F5802F0ED106E0C649096841F48031BB
:1006C000C44A116007E0C349096841F4A021C14A46
:1006D000116000E000BF00BF704710B50146002266
:1006E000002300204A11012A02D1BA4C236806E0F7
:1006F000022A02D1B74C236A01E0B64C636A01F0CA
:100700001F02012494401C400CB1012000E0002095
:1007100010BD38B5002000900024002500BF312016
:10072000FFF7DBFF05460098401C00900098B0F5ED
:10073000A06F01D0002DF2D03120FFF7CEFF08B11D
:10074000012400E00024204638BD01460020A14AD3
:10075000106820F0F80040EAC10010607047A0491E
:1007600008607047024600209A4B586820F47C10BD
:1007700042EA01031843974B58607047984908664E
:10078000704701460020934A506820F00300084358
:10079000506070478F48406800F00C007047014679
:1007A00000208C4A506820F0F000084350607047E9
:1007B00001460020874A506820F4E06008435060FA
:1007C000704701460020834A506820F4605040EA98
:1007D000C1005060704729B17E4A527A02437D4B76
:1007E0005A7204E07B4A527A82437A4B5A727047BB
:1007F0007B49D8310860704701460020754A50682F
:1008000020F440400843506070470021714A203274
:100810001170704A82F82010012802D004280AD1F1
:1008200004E001216B4A2032117005E00521694A7C
:100830002032117000E000BF00BF704769490860B6
:1008400070476449096A0143624A11627047654909
:1008500044390860704730B500210022002400238D
:100860005C4D6D6805F00C0121B1042905D0082903
:1008700023D105E05C4D056022E05B4D05601FE083
:10088000544D6D6805F47012524D6D6805F4803456
:10089000022505EB92421CB9544D554305600BE00F
:1008A0004C4D6D6805F400351DB1504D5543056044
:1008B00002E04D4D5543056002E04B4D056000BF21
:1008C00000BF444D6D6805F0F0010909484D6B5CAF
:1008D0000568DD4045603F4D6D6805F4E061090A3B
:1008E000434D6B5C4568DD4085603A4D6D6805F4AD
:1008F0006051C90A3E4D6B5C4568DD40C560354DB1
:100900006D6805F44041890B3A4D6B5CC568B5FBD9
:10091000F3F5056130BD29B12E4A526902432D4BD2
:100920005A6104E02B4A526982432A4B5A6170474C
:1009300029B1284A92690243264B9A6104E0254A6C
:1009400092698243234B9A61704729B1214AD26947
:100950000243204BDA6104E01E4AD26982431D4BF8
:10096000DA61704729B11B4AD2680243194BDA6039
:1009700004E0184AD2688243164BDA60704729B106
:10098000144A12690243134B1A6104E0114A1269B6
:100990008243104B1A617047124940390860704712
:1009A0000F49C86470470B49C87170470948406ACD
:1009B00040F0807007494862704701460020054AB0
:1009C00092680A400AB1012000E000207047014906
:1009D00088727047001002400000FFF8FFFFF6FE2B
:1009E000000042428004424200127A0000093D00A9
:1009F000000000201000002010B50446FE4884428C
:100A000008D10121C014FFF7ADFF0021E014FFF76A
:100A1000A9FFC4E0B4F1804F08D101210846FFF7D7
:100A2000AEFF00210120FFF7AAFFB8E0F34884429F
:100A300008D101210220FFF7A2FF00210220FFF7C9
:100A40009EFFACE0EE48844208D101210420FFF76C
:100A500096FF00210420FFF792FFA0E0E9488442BE
:100A600008D101210820FFF78AFF00210820FFF7A5
:100A700086FF94E0E448844208D101211020FFF76A
:100A80007EFF00211020FFF77AFF88E0DF488442D4
:100A900008D101212020FFF772FF00212020FFF75D
:100AA0006EFF7CE0DA48844208D101214014FFF750
:100AB00059FF00216014FFF755FF70E0D5488442CC
:100AC00009D10121C804FFF74DFF00214FF4002098
:100AD000FFF748FF63E0D048844209D101210805AF
:100AE000FFF740FF00214FF48010FFF73BFF56E077
:100AF000CA48844209D101214805FFF733FF00218C
:100B00004FF40010FFF72EFF49E0C548844208D19A
:100B100001214020FFF733FF00214020FFF72FFF86
:100B20003DE0C048844208D101218020FFF727FF23
:100B300000218020FFF723FF31E0BB48844208D129
:100B400001218015FFF71BFF0021A015FFF717FFFC
:100B500025E0B648844209D101210804FFF702FFCD
:100B600000214FF48030FFF7FDFE18E0B0488442CA
:100B700009D101214804FFF7F5FE00214FF40030B0
:100B8000FFF7F0FE0BE0AB48844208D10121880456
:100B9000FFF7E8FE00214FF48020FFF7E3FE10BDD1
:100BA00000220288944B98420ED0994B98420BD069
:100BB000B0F1804F08D0914B984205D0904B9842AD
:100BC00002D0904B984204D14FF68F731A404B8855
:100BD0001A438D4B984207D08C4B984204D04FF665
:100BE000FF431A40CB881A4302808B8883850B8889
:100BF0000385814B98420BD0854B984208D08B4B94
:100C0000984205D08A4B984202D08A4B984201D133
:100C10000B7A038601238382704770B5002400227B
:100C20000023058C4FF6FE7635400584028C8388C0
:100C3000048B4FF68F752C40B51E2C400D882C432D
:100C4000751E2A400D892A434D882A436A4DA842C1
:100C50000BD06F4DA84208D0744DA84205D0744DFA
:100C6000A84202D0734DA84213D14FF6F7752A401F
:100C70004D892A434FF6FB752A408D882A434FF64B
:100C8000FF652B404FF6FF552B408D892B43CD89B7
:100C90002B4383800483CD888586028470BD70B524
:100CA000002400220023058C4FF6EF7635400584A2
:100CB000028C8388048B48F6FF752C404FF6FF4565
:100CC0002C400D884FF6FF7606EA05252C434FF69B
:100CD000DF752A400D8906EA05152A434D8806EA84
:100CE00005152A43444DA84202D0494DA8421DD1C2
:100CF0004FF67F752A404D894FF6FF7606EA0515B7
:100D00002A434FF6BF752A408D8806EA05152A4307
:100D10004FF6FF352B404FF2FF752B408D8906EAC9
:100D200085052B43CD8906EA85052B438380048303
:100D3000CD880587028470BD70B500240022002391
:100D4000058C4FF6FF6635400584028C8388848BC2
:100D50004FF68F752C404FF6FC752C400D882C43B8
:100D60004FF6FF552A400D894FF6FF7606EA052516
:100D70002A434D8806EA05252A431F4DA84202D082
:100D8000234DA8421DD14FF2FF752A404D894FF6E1
:100D9000FF7606EA05252A434FF6FF352A408D885F
:100DA00006EA05252A434EF6FF752B404DF6FF75E2
:100DB0002B408D8906EA05152B43CD8906EA0515DA
:100DC0002B4383808483CD888587028470BD70B572
:100DD000002200230024058C4EF6FF763540058462
:100DE000038C8488828B48F6FF752A404FF6FF45B6
:100DF0002A400D8820E00000002C01400004004043
:100E000000080040000C00400010004000140040AA
:100E100000340140004C01400050014000540140AA
:100E200000180040001C004000200040004001402D
:100E300000440140004801404FF6FF7606EA0525D0
:100E40002A434DF6FF752B400D8906EA05352B43E5
:100E50004D8806EA05352B43FA4DA84202D0FA4DDB
:100E6000A84208D14BF6FF752C408D894FF6FF76CE
:100E700006EA85152C4384808283CD88A0F84050F3
:100E8000038470BD828B4FF2FF331A408283828BC2
:100E90004FF6FF7303EA01231A4382837047F0B5CC
:100EA0000C461546002200210026078C4EF6FF7CDA
:100EB00007EA0C070784828B018C4FF6FF7707EA5D
:100EC000043640F6FF473A404FF6FF7707EA05271A
:100ED0003A434FF6FF7707EA03373A43D94FB84210
:100EE0000ED0D94FB8420BD0B0F1804F08D0D74FB9
:100EF000B84205D0D64FB84202D0D64FB84206D13C
:100F00004DF6FF77394046F48057394305E047F600
:100F1000FF57394044F48057394382830184F0BD40
:100F2000828B4FF6F3731A408283828B0A4382834B
:100F30007047F0B50C461546002200210026078CAC
:100F40004FF6FF6C07EA0C070784828B018C4FF683
:100F5000FF7707EA04264FF60C773A404FF6FF7703
:100F600007EA03172F433A43B64FB8420ED0B64FA5
:100F7000B8420BD0B0F1804F08D0B44FB84205D082
:100F8000B34FB84202D0B34FB84206D14FF6FF5725
:100F9000394046F48077394305E04FF2FF57394036
:100FA00044F48077394382830184F0BD028B4FF291
:100FB000FF331A400283028B4FF6FF7303EA0123CB
:100FC0001A4302837047F0B50C46154600220021F3
:100FD0000026078C4FF6EF7C07EA0C070784028B8C
:100FE000018C4FF6FF7707EA041640F6FF473A40B8
:100FF0004FF6FF7707EA03373A434FF6FF7707EAE2
:1010000005273A438F4FB8420ED08F4FB8420BD0CE
:10101000B0F1804F08D08D4FB84205D08C4FB84208
:1010200002D08C4FB84206D14FF6DF77394046F0F8
:101030001007394305E04FF65F77394044F0100759
:10104000394302830184F0BD028B4FF6F3731A40DB
:101050000283028B0A4302837047F0B50C461546A3
:1010600000220021068C4FF6FE773E400684028B5C
:10107000018C4FF60C7632407E1C06EA03162E4396
:101080003243704EB0420ED06F4EB0420BD0B0F132
:10109000804F08D06D4EB04205D06D4EB04202D0A8
:1010A0006C4EB04206D14FF6FD76314044F0010659
:1010B000314305E04FF6F576314044F00106314307
:1010C00002830184F0BD70B505460C465D4885423B
:1010D0000ED05D4885420BD0B5F1804F08D05B48FB
:1010E000854205D05A48854202D05A48854200D1EF
:1010F00000E000BF208850B92389A2886188284673
:10110000FFF7ABFFE1882846FFF79EFF25E0208828
:1011100004280AD12389A28861882846FFF753FF53
:10112000E1882846FFF742FF17E0208808280AD107
:101130002389A28861882846FFF7FBFEE1882846BC
:10114000FFF7EEFE09E02389A28861882846FFF7B1
:10115000A6FEE1882846FFF795FE70BD2DE9F04117
:1011600005460C4600260127608808B9022600E0E3
:101170000026A088012801D1022700E0012720884D
:10118000A0B92389A28861882846FFF766FFE18815
:101190002846FFF759FF23893A4631462846FFF78C
:1011A00012FFE1882846FFF701FF13E02389A28898
:1011B00061882846FFF707FFE1882846FFF7F6FE1B
:1011C00023893A4631462846FFF747FFE1882846FB
:1011D000FFF73AFFBDE8F0810A884B881A438B88F5
:1011E0001A43CB881A430B891A434B891A438B89BC
:1011F0001A43A0F8442070474FF6FF718180002108
:101200000180C180418001727047002101804180CE
:101210008180C180018141818181C181704700212C
:1012200001804180012181800021C18001817047BE
:101230000021018041808180C180018141818181C3
:1012400070470000002C01400034014000040040C1
:1012500000080040000C004021B1028842F0010269
:10126000028004E002884FF6FE731A400280704745
:1012700031B1B0F8442042F40042A0F8442005E027
:10128000B0F84420C2F30E02A0F8442070471AB10F
:1012900083890B43838102E083898B438381704779
:1012A0008182704741EA0203A0F8483070471AB1C2
:1012B00083890B43838102E083898B438381704759
:1012C00001894FF6F8721140018170470A460021EA
:1012D00001894FF68F73194011430181704730B572
:1012E00004460D4629462046FFF7F0FF208940F0CE
:1012F0000700208130BD2DE9F04104460D46164619
:101300001F46602D06D13B46012231462046FFF79D
:101310005AFE05E03B46012231462046FFF79DFE7E
:1013200029462046FFF7D2FF208940F007002081A0
:10133000BDE8F08130B50C4600210189C9B24FF6F5
:10134000FF7505EA0325154325432943018130BD77
:101350002DE9F04105460E461746984600244346BF
:101360003A4631462846FFF7E5FF2C894FF6F870DC
:10137000044044F007044FF68F70044044F07004BA
:101380002C81BDE8F081F0B504460D4616461F4697
:101390003B46324629462046FFF7CCFF208940F4E1
:1013A00080402081F0BD0185828270470A4600217D
:1013B00001884FF68F731940114301807047F0B5D3
:1013C0000C4615461E460021002200230189028B8F
:1013D000038C4FF6F877394021434FF6FC473A40EB
:1013E00040F201173A434FF6DD773B404FF6FF7767
:1013F00007EA06172F433B43018102830384F0BDB4
:101400000A460021018B4FF68F7319401143018367
:1014100070470A460021018B48F6FF7319404FF6CA
:10142000FF7303EA02231943018370470A46002130
:10143000818B4FF68F7319401143818370470A46A1
:101440000021818B48F6FF7319404FF6FF7303EAC2
:10145000022319438183704721B1028842F0800240
:10146000028004E002884FF67F731A4002807047C2
:1014700021B1828842F00402828004E082884FF623
:10148000FB731A408280704721B1828842F00802C3
:10149000828004E082884FF6F7731A40828070479A
:1014A00021B1828842F00102828004E082884FF6F6
:1014B000FE731A40828070470A460021018B4FF666
:1014C000F77319401143018370470A460021018BCD
:1014D0004FF2FF7319404FF6FF7303EA02231943DB
:1014E000018370470A460021818B4FF6F77319403C
:1014F0001143818370470A460021818B4FF2FF73AD
:1015000019404FF6FF7303EA0223194381837047A2
:101510000A460021018B4FF6FB73194011430183EA
:1015200070470A460021018B4FF6FF3319404FF6F2
:10153000FF7303EA02231943018370470A4600211F
:10154000818B4FF6FB7319401143818370470A4624
:101550000021818B4FF6FF3319404FF6FF7303EAEA
:1015600002231943818370470A460021018B4FF6FD
:101570007F7319401143018370470A460021018B94
:10158000C1F30E014FF6FF7303EA022319430183EF
:1015900070470A460021818B4FF67F731940114333
:1015A000818370470A460021818BC1F30E014FF6FB
:1015B000FF7303EA02231943818370470A4600211F
:1015C000018C4FF6FD7319401143018470470A46A0
:1015D0000021018C4FF6F7731940114301847047C5
:1015E0000A460021018C4FF6DF7319404FF6FF7356
:1015F00003EA02131943018470470A460021018C53
:101600004FF67F7319404FF6FF7303EA0213194335
:10161000018470470A460021018C4FF6FF531940A0
:101620004FF6FF7303EA02231943018470470A4609
:101630000021018C4FF2FF7319404FF6FF7303EA4C
:1016400002231943018470470A460021018C4DF69C
:10165000FF7319404FF6FF7303EA02331943018405
:10166000704730B5002301248C40A3B2048C9C4306
:101670000484048C02FA01F5ADB22C43048430BD1D
:1016800030B5002304248C40A3B2048C9C43048412
:10169000048C02FA01F5ADB22C43048430BD70B560
:1016A0000346002000241846183001258D40ACB2B6
:1016B0001D8CA5431D8409B1082909D100EB6100E7
:1016C000056825F0700505600568154305600EE0A6
:1016D0000D1FC5F34E052844056825F4E045056057
:1016E00005684FF6FF7606EA02263543056070BDB1
:1016F00021B1028842F00202028004E002884FF623
:10170000FD731A400280704721B1028842F0040242
:10171000028004E002884FF6FB731A400280704793
:1017200021B1828842F08002828004E082884FF6F4
:101730007F731A408280704702884FF6F7731A4011
:10174000028002880A430280704782884FF68F73B6
:101750001A40828082880A438280704702894FF64D
:10176000F8731A40028102890A4302817047028994
:101770004FF67F731A40028102890A430281704743
:1017800081847047818570478186704701877047E3
:1017900081877047A0F84010704702884FF6FF43DA
:1017A0001A40028002880A43028070470146888EF0
:1017B00070470146088F70470146888F7047014681
:1017C000B1F8400070470146888C70470146088D8B
:1017D000704702460020138A0B400BB1012000E045
:1017E00000207047CA430282704730B5024600208D
:1017F00000230024158A05EA0103958905EA0104FE
:1018000013B10CB1012000E0002030BDCA430282B8
:101810007047000010B50446FB48844209D10121FD
:101820008803FFF79FF800214FF48040FFF79AF8F4
:1018300032E0F648844209D101214804FFF79FF8BD
:1018400000214FF40030FFF79AF825E0F048844279
:1018500009D101218804FFF792F800214FF480207C
:10186000FFF78DF818E0EB48844209D10121C80444
:10187000FFF785F800214FF40020FFF780F80BE018
:10188000E548844208D101210805FFF778F80021D6
:101890004FF48010FFF773F810BD2DE9F04786B0C4
:1018A00005460E460024A24600BFA1460027B08987
:1018B00000B100BF2F462C8A4CF6FF700440F08820
:1018C00004432C82AC894EF6F3100440B088318971
:1018D0000843718908430443AC81AC8A4FF6FF404A
:1018E0000440B0890443AC8201A8FEF7B4FFC648A7
:1018F000874202D1DDF810A001E0DDF80CA0A88934
:1019000000F4004040B10AEBCA0000EB0A10316855
:101910004900B0FBF1F807E00AEBCA0000EB0A103F
:1019200031688900B0FBF1F86420B8FBF0F00401E5
:101930002009642101FB1089A88900F4004040B10E
:10194000322000EBC900B0FBF1F000F007000443C7
:1019500008E0322000EB09106421B0FBF1F000F048
:101960000F0004432C8106B0BDE8F0874FF41651F8
:10197000016000218180C18001810C214181002111
:101980008181704710B502460020108A4FF2FF0394
:1019900018400B884C8823438C882343CC882343EE
:1019A0001843108210BD0021018041808180C180D8
:1019B000704721B1828942F40052828104E0828919
:1019C0004DF6FF731A4082817047F0B5034600243C
:1019D00000260025002040F66A17B94200D100BF5A
:1019E0001846C1F3421401F01F06012707FA06F555
:1019F000012C01D10C3004E0022C01D1103000E0A8
:101A000014301AB107682F43076002E00768AF433C
:101A10000760F0BD1AB1838A0B43838202E0838A98
:101A20008B4383827047028A4FF6F0731A4002821A
:101A3000028A0A430282704782894FF2FF731A407A
:101A4000828182890A438281704721B1828942F072
:101A50000202828104E082894FF6FD731A4082817E
:101A60007047028A4FF6DF731A400282028A0A43E5
:101A70000282704721B1028A42F48042028204E06D
:101A8000028A4BF6FF731A4002827047C1F30802C4
:101A90008280704701468888C0F3080070478189BA
:101AA00041F0010181817047028BD2B20283028B27
:101AB00042EA012202837047028B02F47F420283D2
:101AC000028B0A430283704721B1828A42F02002CE
:101AD000828204E0828A4FF6DF731A408282704766
:101AE00021B1828A42F01002828204E0828A4FF69B
:101AF000EF731A408282704721B1828A42F0080255
:101B0000828204E0828A4FF6F7731A40828270471D
:101B100021B1828942F40042828103E08289C2F3CA
:101B20000E028281704721B1828A42F40062828271
:101B300004E0828A4FF2FF731A4082827047828AE1
:101B40004FF6FB731A408282828A0A438282704770
:101B500021B1828A42F00202828204E0828A4FF638
:101B6000FD731A408282704702460020B1F5007F63
:101B700000D100BF13880B400BB1012000E0002012
:101B8000704701F40072B2F5007F00D100BFCA4374
:101B90000280704770B50246002400230025002013
:101BA00040F66A16B14200D100BFC1F3421501F000
:101BB0001F03012606FA03F3012D02D19689334053
:101BC00006E0022D02D1168A334001E0968A3340A6
:101BD0000C12012606FA04F41688344013B10CB135
:101BE000012000E0002070BD10B50022002340F667
:101BF0006A14A14200D100BF0A1201249440A3B28A
:101C0000DC43048010BD0000003801400044004067
:101C100000480040004C00400050004010B5044611
:101C2000FA48844208D101214015FEF79BFE0021AD
:101C30006015FEF797FE17E0F548844208D10121B0
:101C40000015FEF78FFE00212015FEF78BFE0BE03E
:101C5000F048844208D10121C803FEF783FE002129
:101C60004FF40040FEF77EFE10BD30B50246002066
:101C700000235068E84C20400D790C6844EA0524A4
:101C8000204350609068E54C2040D1E902542C4339
:101C90004D7944EA450420439060D06A20F47000F6
:101CA0000C7C641EE4B2234340EA0350D06230BD92
:101CB00000210160017141718160C16001210174E5
:101CC000704721B1826842F00102826003E08268BD
:101CD00022F001028260704721B1826842F4807272
:101CE000826003E0826822F480728260704710B5DF
:101CF0000023CBB21AB144681C43446002E044683C
:101D00009C43446010BD816841F0080181607047C8
:101D1000014600208A6802F008020AB1012000E0B2
:101D200000207047816841F00401816070470146DE
:101D300000208A6802F004020AB1012000E00020BD
:101D4000704721B1826842F4A002826003E0826899
:101D500022F4A00282607047014600208A6802F4E3
:101D600080020AB1012000E00020704710B50A4649
:101D700000210023416821F46041531E41EA4331B0
:101D8000416010BD21B1426842F40062426003E04C
:101D9000426822F4006242607047F0B504460D4686
:101DA00000200021092D11DDE068A5F10A0606EBEF
:101DB0004607072606FA07F18843A5F10A0606EB4F
:101DC000460603FA06F10843E0600CE0206905EBE3
:101DD0004507072606FA07F1884305EB450603FA8F
:101DE00006F108432061072A0FDA606B561E06EBE6
:101DF00086071F2606FA07F18843561E06EB86065D
:101E000005FA06F10843606322E00D2A0FDA206B21
:101E1000D61F06EB86071F2606FA07F18843D61F52
:101E200006EB860605FA06F10843206310E0E06A37
:101E3000A2F10D0606EB86071F2606FA07F1884376
:101E4000A2F10D0606EB860605FA06F10843E062EC
:101E5000F0BD21B1826842F48012826003E08268A2
:101E600022F48012826070470146C86C80B27047CD
:101E700066484C300068704721B1426842F4806285
:101E8000426003E0426822F480624260704721B100
:101E9000426842F48052426003E0426822F4805279
:101EA000426070470A460021816821F4E0411143F5
:101EB0008160704721B1826842F40042826003E091
:101EC000826822F400428260704721B1826842F445
:101ED0000212826003E0826822F40212826070477C
:101EE000014600208A6802F400120AB1012000E0D5
:101EF00000207047F0B50446154600200022002659
:101F0000092911DDE068A1F10A0707EB470C072753
:101F100007FA0CF29043A1F10A0707EB470703FA0F
:101F200007F21043E0600CE0206901EB410C072749
:101F300007FA0CF2904301EB410703FA07F2104352
:101F40002061A06BC0F30156EF1C06F1010CA7EB5A
:101F50000C0707EB870C1F2707FA0CF29043EF1CC6
:101F600006F1010CA7EB0C0707EB870701FA07F254
:101F70001043A063F0BD10B50A4600210023816B19
:101F800021F44011531E41EA0351816310BD08B58D
:101F9000002300930090009B0B440093009B1A6069
:101FA00008BD08B5024600200090009201F128000B
:101FB000009B184400900098006880B208BD0A4653
:101FC00000214168164B194011434160704741623E
:101FD000826270470A460021416821F01F011143C7
:101FE0004160704740B109490831096841F4000176
:101FF000064A0832116007E004490831096821F4F3
:102000000001024A083211607047000000240140BC
:1020100000280140003C0140FFFEF0FFFDF7F1FF0A
:10202000FFFD3FFF0246002013680B400BB101206B
:1020300000E000207047CA430260704770B5024656
:102040000020002300240B125568CEB205EA0604D6
:1020500015681D4015B10CB1012000E0002070BDD5
:1020600000220A12D3430360704700000CB5002021
:10207000019000906C48006840F480306A49086024
:1020800000BF6948006800F4003000900198401CCF
:102090000190009818B90198B0F5A06FF1D162488D
:1020A000006800F4003010B10120009001E0002031
:1020B00000900098012843D15C48006840F010006F
:1020C0005A4908600846006820F003000860084686
:1020D000006840F002000860534840685249486078
:1020E0000846406848600846406840F480604860A0
:1020F0000846406820F47C1048600846406840F478
:10210000E81048600846006840F08070086000BF32
:102110004548006800F000700028F9D04248406847
:1021200020F00300404948600846406840F0020043
:10213000486000BF3C48406800F00C000828F9D116
:102140000CBD10B5FFF792FF10BD10B53648006802
:1021500040F00100344908600846406834490840AE
:102160003149486008460068324908402E490860F5
:102170000846006820F4802008600846406820F483
:10218000FE0048604FF41F008860FFF7DAFF4FF051
:1021900000602949086010BD10B500210020002210
:1021A000214B5B6803F00C0121B1042906D00829FA
:1021B00028D107E0214B224C236027E01F4B204C05
:1021C000236023E0184B5B6803F47010164B5B68C8
:1021D00003F48032022303EB904022B9194B4343AE
:1021E000174C23600DE0104B5B6803F4003323B100
:1021F000144B4343124C236003E0104B4343104CF9
:10220000236003E00D4B0E4C236000BF00BF064B64
:102210005B68C3F303130C4CE15C094B1B68CB40B8
:10222000074C236010BD0000001002400020024057
:102230000000FFF8FFFFF6FE08ED00E000127A0054
:102240001400002000093D0018000020014605E0B0
:10225000002001E0421CD0B20A28FBDB0A1EA1F1DB
:102260000101F5D1704710B5044603E04FF47A70D0
:10227000FFF7ECFF201EA4F10104F7D110BD704759
:1022800008B50720009002E00098401E00900098DA
:102290000028F9D108BD10B54FF40070E649086078
:1022A00040100860FFF7ECFFE3480838006808B901
:1022B000012000E0002000F4007008B1002010BDF3
:1022C0004FF40070DC49091D0860FFF7D9FFDA48B8
:1022D0000838006800F4007008B10020EFE74FF400
:1022E0000070D549091D0860FFF7CAFF0120E6E725
:1022F00010B54FF48070D049091D0860FFF7C0FF8A
:102300004FF40070CC49091D0860FFF7B9FF4FF486
:102310008070C9490860FFF7B3FF4FF40070C649E9
:102320000860FFF7ADFF10BD10B54FF48070C249D3
:10233000091D0860FFF7A4FF4FF40070BE49091D96
:102340000860FFF79DFF4FF48070BB490860FFF7FE
:1023500097FF4FF48070B849091D0860FFF790FFA0
:1023600010BD10B54FF48070B349091D0860FFF728
:1023700087FF4FF40070B0490860FFF781FF4FF40A
:102380008070AD490860FFF77BFF4FF48070AA4969
:10239000091D0860FFF774FF10BD10B54FF4807081
:1023A000A549091D0860FFF76BFF4FF40070A249B3
:1023B0000860FFF765FF4FF480709F490860FFF7E2
:1023C0005FFF9D480838006800F4007030B14FF49A
:1023D00080709949091D0860002010BD4FF480707D
:1023E0009549091D08600120F7E770B504460825E6
:1023F0001DE04FF480709049091D0860FFF740FF11
:1024000004F0800020B14FF400708B49086004E0B4
:102410004FF400708849091D08606006040EFFF73C
:102420002FFF4FF4807084490860FFF729FF281EB2
:10243000A5F10101CDB2DCD14FF480707E49091DB8
:10244000086070BD70B508250024A8017A490860AD
:1024500016E06006040E4FF480707749091D08608D
:10246000FFF70EFF4FF4807073490860FFF708FF15
:1024700071480838006800F4007008B144F00104A5
:10248000281EA5F10101CDB2E3D14FF480706A4955
:10249000091D0860204670BD08B501210820FEF71F
:1024A00047FA4FF44070ADF8000002208DF80200AA
:1024B00014208DF8030069465F481038FDF77CFF53
:1024C00008BD2DE9F04105460E4617469846FFF730
:1024D000E2FE10B90020BDE8F081002141EA45018B
:1024E000C8B2FFF782FFFFF758FF18B9FFF700FFE8
:1024F0000020F0E73046FFF778FFFFF74EFF00249B
:102500000BE018F80400FFF770FFFFF746FF18B95B
:10251000FFF7EEFE0020DEE7641CBC42F1DBFFF7B4
:10252000E7FE0120D7E72DE9F04104460D461646A7
:102530001F463B46324629462046FFF7C2FF10B1F0
:102540000020BDE8F0814FF0FF30FAE72DE9F041BF
:1025500005460F4614461E46FFF79DFE10B90020A3
:10256000BDE8F081002141EA4501C8B2FFF73DFF17
:10257000FFF713FF18B9FFF7BBFE0020F0E738465E
:10258000FFF733FFFFF709FFFFF785FE012101EB9E
:102590004501C8B2FFF729FFFFF7FFFE0CE0FFF788
:1025A00051FF3070012C02D1FFF7DBFE01E0FFF795
:1025B000BBFE761C601EC4B2002CF0D1FFF798FE63
:1025C0000120CDE72DE9F04104460D4616461F4691
:1025D0003B46324629462046FFF7B8FF10B100209F
:1025E000BDE8F0814FF0FF30FAE770B504460D46C4
:1025F0001646FFF750FE08B9002070BD002141EAE1
:102600004401C8B2FFF7F1FEFFF7C7FE18B9FFF7A4
:102610006FFE0020F1E72846FFF7E7FEFFF7BDFE5B
:102620003046FFF7E2FEFFF7B8FEFFF761FE01203C
:10263000E3E7002070470000100C014008B50121BD
:102640001120FEF775F901210B48FDF786FF4FF4C5
:10265000C040ADF8000003208DF8020010208DF876
:10266000030069460548FDF7A7FE4FF4C041034843
:10267000FDF74FFF08BD00000002300000100140D0
:10268000FFF763FD41F61F4141F2883001F0D4FDB0
:1026900001F00EFE01F03EFC00F0C2F800F024F85C
:1026A000FFF7CCFF01F08AFE00F0D0F800F037F918
:1026B000FFF7F2FE0A2000F00FFE00F043FA00F0F0
:1026C000B3FD00F019FE4FF0E020006940F001007A
:1026D0004FF0E021086105E000F0A4FA01F0D1FB21
:1026E00001F0B5FBF8E7000008B501210820FEF76E
:1026F0001FF94FF47040ADF8000010208DF8030072
:1027000003208DF802006946FE48FDF755FE4FF4A0
:102710007041FC48FDF7FDFE08BD08B501210846E3
:10272000FEF713F901210420FEF702F90C20ADF8A1
:10273000000018208DF8030003208DF80200694680
:10274000F148FDF739FE08BD30B587B000250024FB
:1027500040F2E730ADF814000020ADF81000ADF8FD
:102760001600ADF8120004A94FF08040FEF718FAE9
:102770006020ADF800000120ADF80200ADF8065071
:102780000020ADF8080069464FF08040FEF7D4FA0B
:102790000821C806FEF7A6FE0120ADF80200ADF83C
:1027A00006400020ADF8080069464FF08040FEF773
:1027B0000EFB0821C806FEF79EFE01218807FEF7E2
:1027C0004BFE01218807FEF747FD07B030BD2DE91C
:1027D000FF4104460D4627462E466020ADF8000016
:1027E0000120ADF80200ADF806700020ADF8080039
:1027F00069464FF08040FEF79FFA0821C806FEF7B1
:1028000071FE0120ADF80200ADF806606946800750
:10281000FEF7DDFA0821C806FEF76DFEBDE8FF8170
:1028200010B5FFF77AFFFFF78FFF10BDB749088893
:10283000098821F00101B54A11807047B449088820
:10284000098821F00101B24A1180704700B589B0B2
:1028500001210220FEF779F801210420FEF768F833
:1028600001A8FDF734FEC020ADF8040004208DF867
:10287000070003208DF8060001A9A348FDF79CFD81
:102880004FF4A060FDF73CFC1D208DF808000120EE
:102890008DF8090003208DF80A0001208DF80B0047
:1028A00002A8FDF732FC99481038FEF7A5F806A8F3
:1028B000FEF7A2FC0020ADF818004FF6FF70ADF84F
:1028C0001C000020ADF81E00ADF81A0006A98F48C4
:1028D0001038FEF765F90A231A4603218B48103891
:1028E000FEF76DFD03A8FEF79AFC0620ADF8140074
:1028F00003A986481038FEF7E6FB0121834810380B
:10290000FEF770FF0122114680481038FEF7BFFC29
:1029100001217E481038FEF79FFC09B000BD00B5CC
:1029200089B001210420FEF710F801210820FDF7ED
:10293000FFFF01A8FDF7CBFDC020ADF80400042087
:102940008DF8070003208DF8060001A96D48FDF7FA
:1029500033FD4FF4A060FDF7D3FB1E208DF8080077
:1029600001208DF8090003208DF80A0001208DF860
:102970000B0002A8FDF7C9FB65481038FEF73CF8CC
:1029800006A8FEF739FC0020ADF818004FF6FF70DE
:10299000ADF81C000020ADF81E00ADF81A0006A925
:1029A0005B481038FEF7FCF80A231A460321584802
:1029B0001038FEF704FD03A8FEF731FC0620ADF841
:1029C000140003A952481038FEF77DFB012150483E
:1029D0001038FEF707FF012211464D481038FEF768
:1029E00056FC01214A481038FEF736FC09B000BDFC
:1029F00000B585B001210420FDF79AFF01210220D6
:102A0000FDF7A3FF8020ADF8100004208DF813001F
:102A100003208DF8120004A93B48FDF7CDFC4FF4CC
:102A2000A060FDF76DFB1D208DF8000001208DF8E2
:102A3000010003208DF8020001208DF80300684694
:102A4000FDF763FB31481038FDF7D6FF4FF6FF70F6
:102A5000ADF808000020ADF80400ADF80A00ADF8AC
:102A6000060001A929481038FEF79AF800231A46F3
:102A7000602126481038FEF73EFC0021234810381C
:102A8000FEF77EFE012121481038FEF7E5FB05B078
:102A900000BD00B585B001210820FDF749FF0121E7
:102AA0000420FDF752FF8020ADF8100004208DF8BF
:102AB000130003208DF8120004A91248FDF77CFCD6
:102AC0004FF4A060FDF71CFB1E208DF800000120D4
:102AD0008DF8010003208DF8020001208DF803001D
:102AE0006846FDF712FB0A481038FDF785FF4FF6E0
:102AF000FF70ADF808000020ADF80400ADF80A0042
:102B000008E00000000C01400008014010040040F3
:102B100010080040ADF8060001A90948FEF740F88A
:102B200000231A4660210648FEF7E5FB0021044811
:102B3000FEF726FE01210248FEF78EFB05B000BD20
:102B40000008004070B5002402F003F90446002C90
:102B500060D17CA001F05BFB782001F05CFD18B92E
:102B600081A001F054FB02E087A001F050FB782027
:102B700001F03EFF18B98FA001F049FB02E096A0DA
:102B800001F045FB642002F014F818B99EA001F092
:102B90003EFB02E0A6A001F03AFB03F0CBFB18B924
:102BA000ACA001F034FB02E0B7A001F030FBC54857
:102BB00004F09CFA054603F0C7FB18B9C2A001F067
:102BC00026FB02E0CAA001F022FB40F2731003F0E2
:102BD000FCFF18B9D2A001F01AFB02E0D9A001F065
:102BE00016FB642003F06AFD18B9E2A001F00FFBA8
:102BF00002E0E9A001F00BFB04F08CFA012003F0E5
:102C0000DFF818B9EFA001F002FB0AE0F6A001F02E
:102C1000FEFA06E04FF40051FE48FDF77CFC00BFD1
:102C2000FEE770BD2DE9F04F89B0FB48FB49FC4B36
:102C3000FC4ACDE90010FC49FC4804F025F9F748AE
:102C4000008800F4807000287AD0F649086804F003
:102C500093FD04464FF09D4104F0C8FBF449086021
:102C6000F049486804F088FD04464FF09D4104F0A7
:102C7000BDFBF0490860EB49886804F07DFD04461F
:102C80004FF09D4104F0B2FBEB490860E549C8688C
:102C900004F072FD04464FF09D4104F0A7FBE749A4
:102CA0000860E34801684FF0804004F06DFB069037
:102CB000E1480168069804F067FB8246DD48016838
:102CC0004FF0404004F060FB0690DC480168069835
:102CD00004F05AFB8346514604F0FEFA079004F0D4
:102CE00097FD064605F0D6FC80464FF06632D44B81
:102CF00004F061FC044604F0B7FDD2490860CE48F8
:102D000001684FF0804004F03FFB0390CA4801681F
:102D1000039804F039FB8246C64801684FF04040F2
:102D200004F032FB0390C3480168039804F02CFBC5
:102D30008346514604F022FB81464FF07E5183E1E9
:102D40000CE200006D707520696E697469616C69D0
:102D50007A6174696F6E20636F6D706C6574652E37
:102D60002E2E2E2E2E0A20006D70755F7365745FF7
:102D700073656E736F7220636F6D706C6574652020
:102D80002E2E2E2E2E2E0A006D70755F7365745FC9
:102D900073656E736F7220636F6D65206163726F10
:102DA0007373206572726F72202E2E2E2E2E2E0AB5
:102DB000000000006D70755F636F6E666967757205
:102DC000655F6669666F20636F6D706C6574652002
:102DD0002E2E2E2E2E2E0A006D70755F636F6E667E
:102DE00069677572655F6669666F20636F6D6520E0
:102DF0006163726F7373206572726F72202E2E2E54
:102E00002E2E2E0A000000006D70755F7365745FD2
:102E100073616D706C655F7261746520636F6D7056
:102E20006C657465202E2E2E2E2E2E0A00000000BA
:102E30006D70755F7365745F73616D706C655F72E3
:102E4000617465206572726F72202E2E2E2E2E2ECA
:102E50000A000000646D705F6C6F61645F6D6F7479
:102E6000696F6E5F6472697665725F6669726D77AD
:102E700061726520636F6D706C657465202E2E2EF7
:102E80002E2E2E0A00000000646D705F6C6F61646E
:102E90005F6D6F74696F6E5F6472697665725F668D
:102EA00069726D7761726520636F6D652061637211
:102EB0006F7373206572726F72202E2E2E2E2E2E3F
:102EC0000A00000028000020646D705F7365745F65
:102ED0006F7269656E746174696F6E20636F6D7077
:102EE0006C657465202E2E2E2E2E2E0A00000000FA
:102EF000646D705F7365745F6F7269656E74617421
:102F0000696F6E20636F6D65206163726F737320EC
:102F10006572726F72202E2E2E2E2E2E0A00000049
:102F2000646D705F656E61626C655F666561747526
:102F3000726520636F6D706C657465202E2E2E2E69
:102F40002E2E0A00646D705F656E61626C655F664F
:102F500065617475726520636F6D65206163726F62
:102F60007373206572726F72202E2E2E2E2E2E0AF3
:102F700000000000646D705F7365745F6669666F62
:102F80005F7261746520636F6D706C657465202E6F
:102F90002E2E2E2E2E0A0000646D705F7365745FF6
:102FA0006669666F5F7261746520636F6D6520612D
:102FB00063726F7373206572726F72202E2E2E2EC5
:102FC0002E2E0A006D70755F7365745F646D705F9F
:102FD000737461746520636F6D706C657465202E09
:102FE0002E2E2E2E2E0A00006D70755F7365745F95
:102FF000646D705F737461746520636F6D652061CB
:1030000063726F7373206572726F72202E2E2E2E74
:103010002E2E0A00001001406200002060000020F7
:1030200050000020B80100205A0000205400002069
:1030300034000020380000203C0000204000002028
:1030400066A64C404400002004F046F9044604F013
:10305000DFFBCDE90401434801684FF0804004F0F4
:1030600093F9834640480168584604F08DF981463B
:103070003E4801684FF0804004F086F983463C48A2
:103080000168584604F080F98246494604F024F964
:10309000044604F0BDFB0746DDE9042305F042FDCC
:1030A0004FF06632334BCDE9060104F084FA054651
:1030B00004F0DAFB304908602D480168006804F02C
:1030C00063F9039029480168006804F05DF90290F3
:1030D00025480168006804F057F9834621480168D3
:1030E000006804F051F95946019004F0F5F8824661
:1030F000029904F043F98146039904F03FF904462C
:1031000004F086FBCDE90401194801681548006800
:1031100004F03AF98246154801681348006804F043
:1031200033F98346514604F0D7F881464FF0804189
:1031300004F02AF9044604F06BFB0746DDE904239A
:1031400005F0F0FC4FF066320A4BCDE9060104F0C1
:1031500032FA054604F088FB0849086009B0BDE86A
:10316000F08F000034000020380000203C000020D8
:103170004000002066A64C40480000204C00002083
:10318000704700BFFEE700BFFEE700BFFEE700BFDD
:10319000FEE770477047704710B51D480078401C27
:1031A0001B4908701B480078401C1A4908701A48CF
:1031B0000078401C1849087000F0F4FA17480078AD
:1031C000401C1649087016480078401C14490870C5
:1031D00014480078401C134908700E4800780228F3
:1031E00006DB01F0D6F800F012FC00200949087057
:1031F00009480078082806DB00F001FB002006499A
:1032000008700649087000F0FFF800F01BFA10BDC6
:103210007000002075000020710000207200002066
:10322000730000207400002030B527480068C822D1
:10323000B0FBF2F1B1F1807F01D301201DE021F05C
:103240007F40401E4FF0E022506150170F220028AF
:1032500007DA13071D0E1D4B00F00F04241F1D5528
:1032600003E013071C0E1A4B1C5400BF00204FF044
:10327000E022906107201061002008B100BFFEE746
:103280004FF0E020006920F001004FF0E0210861DC
:1032900030BD01B50F49009808604FF0E02000698B
:1032A00040F001004FF0E021086100BF09480068CC
:1032B0000028FBD108BD0748006820B10548006818
:1032C000401E0449086070471400002018ED00E01B
:1032D00000E400E064000020002107E042F6E06125
:1032E00000BF0A1EA1F1010399B2FAD1021EA0F19A
:1032F000010398B2F2D170470020F8490880F849DC
:103300000880F8490860F8490860F8490860F849F9
:103310000860F8490860F8490860F8490860F84909
:103320000860F8490860F8490860F8490860F849F9
:103330000860F8490860F8490860F8490860F849E9
:103340000860F8490860F8490870F8490870F849B9
:103350000870F849086070472DE9F041F6480068A8
:1033600004F056FA0446F548D0E900633246204698
:1033700004F062FA07D0F148D0E90021104604F0C9
:1033800073FAED490860EE48006804F041FA04461B
:10339000EA48D0E902633246204604F04DFA07D0ED
:1033A000E649D1E90221104604F05EFAE4490860DA
:1033B000E448006804F02CFA0446E048D0E90463CD
:1033C0003246204604F038FA07D0DC48D0E9042120
:1033D000104604F049FADB490860DB48006804F055
:1033E00017FA0446D548D0E906633246204604F071
:1033F00023FA07D0D148D0E90621104604F034FA68
:10340000D1490860BDE8F0812DE9F041CF4800685E
:10341000012810D10020C8490860CD48006804F098
:10342000B9F906460022CB4B04F0C5F8044604F077
:103430001BFAC1490860C5480068022812D1002063
:10344000BF490860C4490968A1F1400004F0A2F92D
:1034500006460022C14B04F0AEF8044604F004FA1C
:10346000B7490860BE49B1F9040004F085F9BD49C7
:103470000860BD49B1F9040004F07EF9BB49086059
:103480000021BB48006804F00BFA0BD0B949B848DA
:10349000006804F005FA05D3B749B548006804F0A0
:1034A00009FA05D24FF40051B448FDF734F804E0AE
:1034B0004FF40051B148FDF72CF80021B0480068E6
:1034C00003F05CFF8C490860A749B1F9000004F0E3
:1034D00053F906469A480168304603F055FF044602
:1034E000864801688448006803F048FF0646924811
:1034F0000168304603F048FF0546214603F0ECFE24
:1035000081490860BDE8F0812DE9F04104460D468F
:10351000002C0CDA4FF480419A48FCF7FAFF4FF484
:1035200000419848FCF7F7FF604204B20AE04FF40C
:1035300000419448FCF7EDFF4FF480419148FCF7BF
:10354000EAFF00BF002D0CDA4FF400518D48FCF764
:10355000E0FF4FF480518B48FCF7DDFF684205B275
:103560000AE04FF480518748FCF7D3FF4FF4005135
:103570008448FCF7D0FF00BFAFB2A6B231464FF08F
:103580008040FEF705F939464FF08040FEF702F91A
:103590007D497748006804F08DF923D37B4974484E
:1035A000006804F07DF902D24FF0010801E04FF00D
:1035B000000800215A48006804F072F901D1012086
:1035C00000E0002008EA000800215648006804F0E6
:1035D00067F901D1012000E0002008EA0008B8F1F5
:1035E000000F0DD000214FF08040FEF7D1F80021F0
:1035F0004FF08040FEF7CEF801206549086002E0F8
:1036000000206349086063493B48006804F052F9B0
:1036100005D361493848006804F042F90DD2002111
:103620004FF08040FEF7B4F800214FF08040FEF7E5
:10363000B1F801205649086002E0002054490860B2
:10364000BDE8F08170B52E4801682F48006803F08E
:1036500043FE2F4908602A4801682B48006803F0A0
:103660008DFE2A4908602A48006804F0A4F800B2D8
:10367000B0F57A7F02DD4948254908602448006892
:1036800004F099F800B210F57A7F02DA4448204934
:1036900008601E48006804F08EF800B2B0F57A7F2A
:1036A00002DD3E48194908601848006804F083F8B4
:1036B00000B210F57A7F02DA3948144908601348DD
:1036C000006804F078F804B21148006804F073F858
:1036D00005B221462846FFF717FF70BDBE00002047
:1036E000BC000020CC000020C8000020D400002036
:1036F000D0000020D8000020980000208800002082
:10370000F40000207C0000208C00002094000020A9
:1037100090000020F0000020340100203001002043
:10372000FC000020F8000020700000207100002044
:1037300072000020E8000020A8000020F08C0008A3
:10374000AC000020B0000020B400002018010020D0
:10375000080100200080FB3F0C0100200000C43F56
:103760005A00002028010020540000202C010020D5
:10377000440000200000A0C10000A0410010014052
:1037800048000020000C014000002041000020C142
:10379000E400002000004842000048C200007A44D3
:1037A00000007AC470B5FE48FEF70DF80446FD48E7
:1037B000FEF709F80546FC480460FC480560002156
:1037C000F748FDF7DDFF0021F648FDF7D9FF20B2ED
:1037D000F7490880684200B2F6490880F648006858
:1037E000F349B1F900100844F3490860F348006850
:1037F000F049B1F900100844F049086070BD2DE9A6
:10380000F05FED490968ED4A1268881803F0B4FFCB
:10381000EB4908600020E9490860E7490860E94889
:10382000006803F0F5FF0646E74AE84B03F0C3FEE5
:10383000044604F019F8E3490860E148006803F021
:10384000E7FF8046E04AE24B03F0B5FE04460D4632
:10385000DC48006803F0DCFF064622462B4603F0F6
:1038600003FE824604F000F8D64908604FF080411C
:10387000D448006804F014F809D24FF04041D14810
:10388000006804F017F802D20020CE490860D14940
:10389000D148006803F078FDCF490860C948016845
:1038A000CD48006803F018FDCB490860CB4801689B
:1038B000C948006803F010FDC7490860C84801689E
:1038C000C548006803F008FDC3490860C5480068A2
:1038D000012801D100200860C349BF48006803F0F7
:1038E000E9FF02D2C048BC490860C049BA48006834
:1038F00003F0D6FF02D2BD48B7490860BC48006853
:10390000032812D10020BB490860BB490968A1F116
:10391000800003F03FFF06460022B84B03F04BFE49
:10392000044603F0A1FFB3490860B14800680428C9
:1039300012D10020B2490860B2490968A1F1C00063
:1039400003F028FF06460022AF4B03F034FE044686
:1039500003F08AFFAA49086000219F48006803F02D
:103960000DFD0646A6480168304603F00DFD0446ED
:1039700000219448006803F001FD06469D48016857
:10398000304603F001FD0546214603F0A5FC9F49A2
:1039900008609F499F48006803F08CFF05D39E494B
:1039A0009C48006803F07CFF0BD29848006880F0C8
:1039B000004498480168204603F018FD97490860C4
:1039C00002E000209549086095499448006803F09A
:1039D00071FF02D292489149086092498F4800686D
:1039E00003F05EFF02D28F488C4908608E498B48F5
:1039F000006803F055FF08D28C498848006803F03E
:103A000059FF02D2002085490860BDE8F09F2DE9EA
:103A1000F0418748006800283ED18648FDF7D3FE74
:103A200000EB800000EB00104400204603F0B2FEE3
:103A300005460022804B03F030FE074603F014FFDA
:103A40007E4908600846006803F0E2FE0446002252
:103A50007B4B03F0F1FE03D87A48614908601BE014
:103A600079497648006803F025FF01D8012400E079
:103A700000244FF082417148006803F011FF01D823
:103A8000012000E0002004401CB170485449086047
:103A900002E0002052490860BDE8F0812DE9FC5F9A
:103AA0006B480068012878D16A48D0F800B06A48AD
:103AB000006801906948B0F902906948B0F900A027
:103AC0005E480468484603F057FE06464FF08D41B5
:103AD00003F08CFC0546634903F056FC624908601C
:103AE000504603F049FE0646604903F047FC054690
:103AF0005F4903F07BFC5F490860584603F088FE8D
:103B000007465D4A5D4B03F0C8FD054603F0ACFE79
:103B10008346019803F07CFE0546574A574B03F055
:103B2000BCFD074603F0A0FE01905021544803F06D
:103B3000AFFB534853A1096801600A21524803F0C2
:103B4000A7FB524800210160416001810A215048D1
:103B500003F09EFB4F4800210160416001810A2172
:103B60004D4803F095FB4D48002101604160018103
:103B70004B49584603F094FE10D84A49584603F082
:103B800099FE0BD8584603F043FE05462A460B46DD
:103B900045A13D4804F07AF88CE056E188E0000049
:103BA0000004004000080040DC000020E00000208D
:103BB000BC000020BE000020C8000020CC00002077
:103BC000D0000020D40000209A9999999999E93F52
:103BD0009999C93F52B87E3FD8000020F0000020DC
:103BE000E8000020E40000200000E1440000E1C4FF
:103BF00018010020B0000020100100200000DE3F6E
:103C0000B4000020140100200000C43F8400002004
:103C10006F12833AA80000206F1283BA8800002038
:103C200000002041000020C10AD7233D0AD723BD50
:103C300000010020002C014000006940EC00002041
:103C400000001040000096C30000A0400000FA43AE
:103C50001C01002090000020940000205A00002049
:103C600054000020CDCC1C41280100209A190043AB
:103C7000000003432C01002048E17A14AE470F40B6
:103C8000C8010020244C5600E0020020EA02002077
:103C9000F4020020FE02002008030020120300208E
:103CA00000007A4400007AC425332E3266000000FA
:103CB000BDE8FC9F7749019803F0F2FD10D87649E2
:103CC000019803F0F7FD0BD8019803F0A1FD05461C
:103CD0002A460B46AFF23001704803F0D7FF00E0F0
:103CE000E6E76F496F48006803F0E4FD12D26E49C1
:103CF0006C48006803F0D4FD0CD26A48006803F0F9
:103D000087FD05462A460B46AFF26401674803F07B
:103D1000BDFF00E0CCE766496648006803F0CAFDD5
:103D200012D265496348006803F0BAFD0CD26148BD
:103D3000006803F06DFD05462A460B46AFF2980178
:103D40005E4803F0A3FF00E0B2E70021204603F045
:103D5000B1FD10D85A49204603F0A2FD0BD22046EF
:103D600003F056FD05462A460B46AFF2C4015548FE
:103D700003F08CFF00E09BE7002000F061FB009067
:103D8000009803F002FD07464F4903F0FDFA06468E
:103D90004FF08B4103F02AFB05464C4903F0EEFA45
:103DA0004B49086000214A48006803F083FD12D89F
:103DB0003D494748006803F073FD0CD24448006851
:103DC00003F026FD05462A460B46AFF22411414872
:103DD00003F05CFF00E06BE73F49404803F063FA03
:103DE0003FA13E4803F05FFA2C493C4803F05BFAE0
:103DF0003CA13A4803F057FA2C49384803F053FAEB
:103E000039A1364803F04FFA2C49344803F04BFAF5
:103E100036A1324803F047FA2A49304803F043FA02
:103E200034A12E4803F03FFA2A492C4803F03BFA0C
:103E300031A12A4803F037FA5021304803F028FA1C
:103E4000502226492D4803F00AFA00BF30E710B58A
:103E50002B480068401E2A4908602A48006801284B
:103E600007D10846006820B9FFF718FE234800F084
:103E7000C2F92348006818B941F288302049086027
:103E800010BD002020490860204908600120204919
:103E90000860704700007A4400007AC4EA020020FB
:103EA0000000A0C1280100200000A041F402002071
:103EB00000803BC52C01002000803B45FE02002015
:103EC00000401C4608030020CDCC5441CDCC4C3ED4
:103ED0007800002012030020E0020020C80100202A
:103EE0002C5256002C4143002C4759002C4353427E
:103EF000000000002C56540023000000180200208F
:103F0000200100201C010020F0000020F40000200F
:103F10000001002000B585B0012144F20400FCF747
:103F200007FD4FF40070ADF8100018208DF8130055
:103F300003208DF8120004A9BB48FCF73DFA4FF4AA
:103F40008060ADF8100004208DF8130004A9B64875
:103F5000FCF732FA4FF4E13000900020ADF8040095
:103F6000ADF80600ADF80800ADF80C000C20ADF877
:103F70000A006946AD48FDF790FC0121AB48FDF70A
:103F800018FD05B000BD08B54FF48060FCF7B8F827
:103F900027208DF8000004208DF8010001208DF805
:103FA00002008DF803006846FCF7AFF808BD00B5C5
:103FB00085B001218804FCF7C8FC01210820FCF72A
:103FC000B7FC4FF48060ADF8100018208DF8130096
:103FD00003208DF8120004A99548FCF7EDF94FF481
:103FE0000060ADF8100004208DF8130004A990487B
:103FF000FCF7E2F9FFF7C7FF4FF4165000900020DE
:10400000ADF80400ADF80600ADF80800ADF80C00FE
:104010000C20ADF80A0069468648FDF73EFC0122F7
:1040200040F225518348FDF7D0FC01218148FDF77E
:10403000C0FC05B000BD70B504460D46E1B27B483A
:10404000FDF724FD00BF40217848FDF78DFD0128D4
:10405000F9D1204670BDF0B503460D46164600273F
:1040600029460A2E03D0002008702846F0BD33B937
:10407000302001F8010B002008702846F6E7002BDD
:1040800003DA2D2001F8010B5B4242F210720DE0C1
:1040900093FBF2F404B937B104F1300001F8010BDD
:1040A00004FB123301270A2092FBF0F2002AEFDC16
:1040B000002008702846D9E70FB470B586B00646D0
:1040C0000CA8019073E00B9800785C281CD10B9829
:1040D000401C0B9000786E2809D072280FD10D215A
:1040E0003046FDF7D3FC0B98401C0B900BE00A21E7
:1040F0003046FDF7CBFC0B98401C0B9003E00B986F
:10410000401C0B9000BF4BE00B980078252840D155
:104110000B98401C0B900078642818D0732833D17A
:10412000019810C801900BE021783046FDF7AEFCF5
:1041300000BF40213046FDF717FD0028F9D0641C70
:1041400020780028F0D10B98401C0B9020E00198BB
:1041500020C801900A2202A92846FFF77CFF02AC82
:104160000BE021783046FDF791FC00BF402130463E
:10417000FDF7FAFC0028F9D0641C20780028F0D163
:104180000B98401C0B9003E00B98401C0B9000BF59
:1041900006E00B9810F8011B0B903046FDF776FCFB
:1041A00000BF40213046FDF7DFFC0028F9D00B9816
:1041B0000078002887D106B070BC5DF814FB10B5FC
:1041C000044621461948FDF761FC00BF402117480D
:1041D000FDF7CAFC0128F9D110BD10B504462146EF
:1041E0001448FDF753FC00BF40211248FDF7BCFC0A
:1041F0000128F9D110BD70B505462C4603E02078A2
:10420000FFF7EBFF641C20780028F8D170BD70B573
:1042100005462C4603E02078FFF7D1FF641C207888
:104220000028F8D170BD00000008014000380140AE
:10423000000C0140004800407FB504460D460121B6
:10424000C802FCF775FB41F28830ADF8080041F672
:104250001F40ADF804000120ADF80A000020ADF8C1
:10426000060001A91148FCF79BFC012241210F48DF
:10427000FDF70DF819208DF8000003208DF80100DE
:1042800000208DF8020001208DF803006846FBF73E
:104290003CFF7FBD10B501210448FDF7A6FA18B117
:1042A00001210248FDF7B2FA10BD0000002C0140C8
:1042B0001FB501213D48FCF750F901210920FCF709
:1042C00037FB0120ADF80C0010208DF80F00032003
:1042D0008DF80E0003A93648FCF76EF80220ADF801
:1042E0000C0028208DF80F0003A93148FCF764F872
:1042F00001210846FCF776F90220019000208DF894
:10430000080008208DF8090001208DF80A0001A896
:10431000FBF772FF07208DF8000003208DF80100E5
:1043200001208DF802008DF803006846FBF7EDFED2
:104330001FBD10B50220FBF7C5FF48B300211D4883
:10434000FDF71EFA01211B48FCF786FF01201A49E0
:10435000086012E01748FDF736FA0A2807DB00214B
:104360001448FCF779FF00201349086005E002219A
:104370000F48FCF7B4F8104908600F48006800289F
:10438000E8D100210B48FCF767FF0220FBF7ABFFE9
:1043900010BD10B501210648FCF7BBF80C20FDF755
:1043A00055FF01210248FCF7B6F810BD00023000AD
:1043B000000C0140002C01408401002000B587B0B2
:1043C00001214FF40170FCF7B3FA4FF40040FCF701
:1043D00013FA0120ADF8040000208DF8070001A9B0
:1043E0002348FBF7E9FF2348FDF718FC0020029063
:1043F0008DF80C008DF80D004FF460200490002023
:10440000059001208DF8180002A91A48FDF72DFC2F
:1044100001211848FDF755FC1648FDF774FC00BF54
:104420001448FDF775FC0028FAD11248FDF77AFC14
:1044300000BF1048FDF77BFC0028FAD107B000BD93
:1044400010B504460723012221460A48FDF7A5FCC2
:1044500001210848FDF775FC00BF02210548FDF762
:10446000E1FD0028F9D00348FDF7FEFC10BD000077
:1044700000080140002401400648804706480047E4
:10448000FEE7FEE7FEE7FEE7FEE7FEE7FEE7FEE704
:10449000FEE7FEE74B210008ED00000838B50446B2
:1044A000FB4890F82400C0B114B10220009001E054
:1044B00000200090F64A1268D17BF54A52681078C5
:1044C0006B460122FEF72FF810B14FF0FF3038BDD8
:1044D0009DF80010EE48417423E0ED48807A10B951
:1044E0004FF0FF30F3E724B1E948407C08B10020E9
:1044F000EDE714B10120009001E000200090E44AB3
:104500001268D17BE24A526810786B460122FEF7AE
:104510000AF810B14FF0FF30D9E79DF80010DC48E1
:1045200041740020D3E738B5002419E0D84800686A
:10453000C07AA04204D0D6480068407DA04200D195
:104540000CE0D349496808786B4601222146FEF702
:1045500039F810B14FF0FF3038BD00BF601CC4B255
:10456000CB4840680079A042E0DC0020F4E770B559
:1045700004460D46C6480068C07AA04204D0C4482C
:104580000068407DA04202D14FF0FF3070BDC048AE
:1045900040680079A04202DC4FF0FF30F6E7BC49EA
:1045A000496808782B4601222146FEF70BF8EDE713
:1045B00038B50446B64890F82300A04201D1002047
:1045C00038BD14B13020009001E000200090B048C8
:1045D000807C20B19DF8000040F002000090AC48C3
:1045E00090F8220020B19DF8000040F0800000907B
:1045F000A74A1268117DA64A526810786B460122BC
:10460000FDF791FF10B14FF0FF30D9E7A04880F8D7
:1046100023400020D4E738B5044604F0700010B100
:104620000120009005E014B10020009001E040203E
:104630000090974A1268917C954A526810786B46B0
:104640000122FDF770FF20B1002191488172481EC0
:1046500038BD9DF8000020F040018D480173002016
:10466000009004F0400020B99DF8000040F00400E4
:10467000009004F0200020B99DF8000040F00200F6
:10468000009004F0100020B99DF8000040F00100F7
:10469000009004F0080020B99DF8000040F03800B8
:1046A00000907B4A1268D17C794A526810786B4638
:1046B0000122FDF738FF20B1002175488172481EA4
:1046C000C6E724B1082C02D00020FFF771FF704824
:1046D0008472002101753220FDF7C5FD0020B7E787
:1046E00038B504466A48807CA04201D1002038BD1C
:1046F000002C46D0664A12681179654A52681078D3
:104700006B460122FDF75EFF10B14FF0FF30EEE780
:104710009DF8000020F0200000905D4A1268117999
:104720005B4A526810786B460122FDF7FCFE10B11F
:104730004FF0FF30DBE70320FDF795FD02200090EE
:10474000534890F8220020B19DF8000040F080000E
:1047500000904F4890F8230020B19DF8000040F0F1
:10476000300000904A4A1268117D494A5268107818
:104770006B460122FDF7D7FE002851D04FF0FF30E5
:10478000B5E7434A12681179414A526810786B467E
:104790000122FDF717FF10B14FF0FF30A7E73C48AB
:1047A000807A00F0010028B19DF8000040F0200060
:1047B000009004E09DF8000020F020000090344AB2
:1047C00012681179324A526810786B460122FDF75F
:1047D000AAFE10B14FF0FF3089E70320FDF743FD3B
:1047E0002B4890F8220010B18020009001E00020BA
:1047F0000090274890F8230020B19DF8000040F079
:1048000030000090224A1268117D214A52681078C7
:104810006B460122FDF787FE10B14FF0FF3066E7CF
:104820001B488474002062E708B51948807A10B9E3
:104830004FF0FF3008BD00200090154A1268D17B70
:10484000134A526810786B460122FDF76CFE10B1D6
:104850004FF0FF30EEE70E4A126851790C4A526869
:1048600010786B460122FDF75EFE10B14FF0FF306D
:10487000E0E7074A12681179054A526810786B46DA
:104880000122FDF750FE28B14FF0FF30D2E70000C3
:1048900088010020F74890F82400002853D00C200D
:1048A0000090F44A12681179F24A526810786B4607
:1048B0000122FDF738FE10B14FF0FF30BAE7322089
:1048C000FDF7D1FCC0200090EA48807A00F001009A
:1048D00020B19DF8000040F020000090E54A1268E9
:1048E0001179E44A526810786B460122FDF71BFEED
:1048F00010B14FF0FF309DE7DE48407C10B1022040
:10490000009001E000200090DA4A1268D17BD94A79
:10491000526810786B460122FDF705FE10B14FF08A
:10492000FF3087E700200090D24A12685179D14ABF
:10493000526810786B460122FDF7F5FD002855D02E
:104940004FF0FF3076E704200090CA4A12681179D0
:10495000C84A526810786B460122FDF7E4FD10B199
:104960004FF0FF3066E7C348807C20B9C148807AA9
:1049700000F0010010B94020009001E0602000909C
:10498000BC4A12681179BB4A526810786B46012202
:10499000FDF7C9FD10B14FF0FF304BE73220FDF7B6
:1049A00062FCB448407C10B10120009001E000207E
:1049B0000090B04A1268D17BAE4A526810786B46BC
:1049C0000122FDF7B0FD10B14FF0FF3032E7A94AE8
:1049D00012685179A74A52681078A64B1033012209
:1049E000FDF7A1FD10B14FF0FF3023E7002021E7D4
:1049F00070B50446002624F001049E4890F8240077
:104A000008B1002070BD9B48807A10B94FF0FF308C
:104A1000F8E79848057C807A204096490874084653
:104A2000007CA04202D04FF0FF3600E0002614B90F
:104A30009048007D18B10120FFF730FD02E0002012
:104A4000FFF72CFD3CB1FFF7EFFE20B1894805745C
:104A50004FF0FF30D6E73046D4E738B504468548F6
:104A6000807A10B94FF0FF3038BDBC2C02DB01203A
:104A7000009015E0622C02DB0220009010E02A2C4E
:104A800002DB032000900BE0142C02DB04200090DA
:104A900006E00A2C02DB0520009001E006200090D1
:104AA0007448C07A9DF80010884201D10020DBE7ED
:104AB000704A126891786F4A526810786B460122EA
:104AC000FDF731FD10B14FF0FF30CDE79DF800103C
:104AD0006848C1720020C7E738B50446282C02DDBB
:104AE0004FF0FF3038BDDCB90020FFF761FD00203A
:104AF0008DF8000007208DF801005E4A1268917C55
:104B00005C4A526810786B460222FDF70CFD10B12A
:104B10004FF0FF30E6E70021564801750020E1E73D
:104B20000120FFF745FD20208DF80000012C06D163
:104B300000208DF801000520FFF78FFF17E0052CFE
:104B400006DC01208DF801000520FFF786FF0EE04E
:104B5000142C06DC02208DF801000A20FFF77DFFEF
:104B600005E003208DF801001420FFF776FF9DF883
:104B70000100072101EB8010C0B28DF801003D4A11
:104B80001268917C3B4A526810786B460222FDF70E
:104B9000CAFC10B14FF0FF30A4E7082135488172FC
:104BA00000210173012101750020FFF721FF002082
:104BB00098E738B504462F48807A10B94FF0FF3097
:104BC00038BD2C4890F8240010B14FF0FF30F7E7C3
:104BD0002848007D50B134B1282C04DCE0B2FFF746
:104BE0007BFF0020ECE70020FFF776FF042C01DAC2
:104BF000042404E0B4F57A7F01DD4FF47A744FF4B5
:104C00007A7090FBF4F0401EC0B20090194A12680E
:104C10005178184A526810786B460122FDF783FCE0
:104C200010B14FF0FF30CBE79DF80000401C4FF46F
:104C30007A7191FBF0F081B20E48C1810146C989B9
:104C40004810FFF70AFF0020BAE738B504460948C4
:104C5000807A10B94FF0FF3038BD022C06D0042CFA
:104C60000AD0082C0BD0102C0FD10BE000200090A4
:104C70000EE00000880100200820009008E01020CD
:104C8000009005E01820009002E04FF0FF30E3E7CD
:104C900000BFF848407A9DF80010B0EBE10F01D159
:104CA0000020D9E7F34A1268D179F24A52681078A5
:104CB0006B460122FDF737FC10B14FF0FF30CBE718
:104CC0009DF80000C110EB4841720020C4E738B5E0
:104CD0000446E848807A10B94FF0FF3038BDFA2C0E
:104CE00009D0B4F5FA7F09D0B4F57A7F09D0B4F5CC
:104CF000FA6F0CD108E0002000900BE00820009033
:104D000008E01020009005E01820009002E04FF02D
:104D1000FF30E3E700BFD748007A9DF80010B0EB02
:104D2000E10F01D10020D9E7D24A12689179D14A26
:104D3000526810786B460122FDF7F5FB10B14FF079
:104D4000FF30CBE79DF80000C010CA490872002070
:104D5000C4E71CB580208DF80000C64A1268917C1B
:104D6000C44A526810786B460122FDF7DCFB10B193
:104D70004FF0FF301CBD6420FDF775FA00208DF860
:104D80000000BC4A1268917CBA4A526810786B469F
:104D90000122FDF7C8FB10B14FF0FF30EAE7B54A3A
:104DA0001268917DB34A526810786B460622FDF76F
:104DB00009FC10B14FF0FF30DCE79DF80500C0079B
:104DC000400F9DF8031001F0010140EA41009DF8F9
:104DD000011001F0010140EA01048CB1012C03D162
:104DE0000121A448C17430E0022C03D10021A14864
:104DF000C1742AE0A0A0FFF70AFA4FF0FF30B9E72C
:104E00009C4A1268D1789B4A526810786B460122FE
:104E1000FDF7D8FB10B14FF0FF30ABE79DF8000075
:104E200000F00F042CB99E48FFF7F1F94FF0FF3066
:104E3000A0E7042C06D19BA0FFF7E9F901218D48DA
:104E4000C17402E000218B48C174FF21894881723E
:104E5000FF2088490872FF2186484172C1724FF6CF
:104E6000FF71C181FF21017481740121017380F8F8
:104E70002210002180F82310417501751630016061
:104E800041608160163880F8241080F82510C184B4
:104E90004FF4FA60FFF71BFF10B14FF0FF3069E7E6
:104EA0000220FFF7D2FE10B14FF0FF3062E72A2058
:104EB000FFF7D3FD10B14FF0FF305BE73220FFF773
:104EC00078FE10B14FF0FF3054E70020FFF790FD5F
:104ED00010B14FF0FF304DE70020FFF701FC10B19B
:104EE0004FF0FF3046E70020FFF795FB002041E739
:104EF0007CB504460D465F48807A00F0700010B91A
:104F00004FF0FF307CBD5B4A1268117B594A5268F2
:104F100010786B460622FDF755FB10B14FF0FF30BD
:104F2000F0E79DF801009DF8001040EA012000B272
:104F300020809DF803009DF8021040EA012000B295
:104F400060809DF805009DF8041040EA012000B241
:104F5000A08015B12846FDF792F90020D2E77CB574
:104F600004460D464348807A00F0080010B94FF01F
:104F7000FF307CBD3F4A1268517B3E4A5268107830
:104F80006B460622FDF71EFB10B14FF0FF30F0E735
:104F90009DF801009DF8001040EA012000B2208039
:104FA0009DF803009DF8021040EA012000B26080E5
:104FB0009DF805009DF8041040EA012000B2A08091
:104FC00015B12846FDF75BF90020D2E72DE9FE4F29
:104FD00005460C462748807A18B94FF0FF30BDE8E7
:104FE000FE8F244A1268917B224A5268107802ABE5
:104FF0000222FDF7E7FA10B14FF0FF30EFE79DF81E
:1050000009009DF8081040EA012006B214B12046BC
:10501000FDF735F917494968C88802F0B6FB15490C
:1050200001904968B1F9080002F0A6FB83463046BA
:1050300002F0A2FB5946009002F0A0F982460199C5
:1050400002F0D4F981461F4902F046F980464FF03C
:105050008F4102F099F9074602F0ADFB286000206D
:10506000BDE710B588B004461CB94FF0FF3008B05A
:1050700010BD29E088010020556E737570706F7245
:1050800074656420736F6674776172652070726FE7
:1050900064756374207265762025642E0A00000012
:1050A000489A000848616C662073656E736974697C
:1050B00076697479207061727420666F756E642EE3
:1050C0000A00000000000C42206830B9606820B976
:1050D000A06810B9002008B010BDFA4949680878E6
:1050E00006AB03221146FDF76DFA10B14FF0FF3009
:1050F000F1E79DF81800082101EB201000F00F00E7
:10510000ADF800009DF8190001EB201000F00F0031
:10511000ADF802009DF81A0001EB201000F00F001E
:10512000ADF8040020684100BDF90000403091FB5B
:10513000F0F000B2ADF8100060684100BDF9020067
:10514000403091FBF0F000B2ADF81200A0684100D1
:10515000BDF90400403091FBF0F000B2ADF814004E
:10516000D8494968087806AB06221146FDF72AFAA5
:1051700010B14FF0FF30AEE79DF819009DF8181000
:1051800040EA012000B2ADF808009DF81B009DF830
:105190001A1040EA012000B2ADF80A009DF81D0087
:1051A0009DF81C1040EA012000B2ADF80C00BDF8DB
:1051B0001000BDF80810084400B2ADF81000BDF8AA
:1051C0001200BDF80A10084400B2ADF81200BDF894
:1051D0001400BDF80C10084400B2ADF81400BDF87E
:1051E0001000000A8DF81800BDF81000C0B28DF84C
:1051F0001900BDF81200000A8DF81A00BDF812005F
:10520000C0B28DF81B00BDF81400000A8DF81C0018
:10521000BDF81400C0B28DF81D00AA49496808788D
:1052200006AB06221146FDF77EF910B14FF0FF30B4
:1052300051E700204FE70146A248007A30B101282B
:1052400007D0022809D003280FD10AE0FA200880ED
:105250000EE04FF4FA7008800AE04FF47A7008808C
:1052600006E04FF4FA60088002E00020088000BFEA
:1052700000BF0020704701469248407A30B10128B3
:1052800007D0022808D003280CD108E002200870BB
:105290000BE00420087008E00820087005E01020EA
:1052A000087002E04FF0FF30704700BF8548C07CB7
:1052B00018B108784006000E08700020F4E7014697
:1052C0008048C07A082817D2DFE800F01704070AE0
:1052D0000D101318BC20088013E06220088010E035
:1052E0002A2008800DE0142008800AE00A200880A7
:1052F00007E00520088004E000BF00BF0020088010
:1053000000BF00BF0020704701466E4890F824009F
:1053100010B14FF0FF3070476A48C0890880002004
:10532000F9E7014600200880401E704701464FF013
:10533000FF30704701466348007A30B1012807D03A
:10534000022808D003280CD108E05F4808600BE071
:105350005E48086008E05E48086005E05D48086057
:1053600002E04FF0FF30704700BF0020FBE701462E
:105370005448407A30B1012808D002280AD00328C6
:1053800010D10BE04FF4804008800EE041F69C7095
:1053900008800AE04FF48050088006E04FF4006077
:1053A000088002E04FF0FF30704700BF4548C07CE6
:1053B00010B10888401008800020F5E701464148F8
:1053C000007C08700020704701463E48807A10B18A
:1053D0000120087001E0002008700020704738B5F7
:1053E00004463848807A10B94FF0FF3038BD354A4E
:1053F0001268117C334A526810786B460222FDF71E
:10540000E1F810B14FF0FF30F0E79DF801009DF892
:10541000001040EA012000B220800020E6E72DE9DC
:10542000FE4F0746884692461D46DDF830B00026FE
:105430000024244890F8240010B1601EBDE8FE8FBF
:10544000002028701F48807A10B94FF0FF30F5E730
:105450001C48007C10B94FF0FF30EFE71948007C82
:1054600000F0400008B1B01CC6B21648007C00F045
:10547000200008B1B01CC6B21248007C00F0100039
:1054800008B1B01CC6B20F48007C00F0080008B19B
:10549000B01DC6B20B4A1268917A0A4A5268107857
:1054A0006B460222FDF78EF810B14FF0FF30C5E7D2
:1054B0009DF801009DF8001040EA0129B1450BDA82
:1054C0000020BBE788010020000003430000834266
:1054D0003333034233338341FC4840684088B9EB9F
:1054E000600F17DDF94A1268517CF84A526810784B
:1054F0006B460122FDF766F810B14FF0FF309DE7D3
:105500009DF8000000F0100020B1FFF78DF96FF05A
:10551000010093E75046FCF7B2FEEC4A1268D17ADC
:10552000EA4A526810786B463246FDF74BF810B1E4
:105530004FF0FF3082E799FBF6F0401E8BF8000039
:1055400000202870B4422AD0E048007C00F0080017
:1055500028B3601C1DF800001DF8041040EA01206B
:1055600000B2A8F80000E01C1DF80010A01C1DF8F7
:10557000000041EA002000B2A8F80200601D1DF8FA
:105580000010201D1DF8000041EA002000B2A8F81C
:105590000400287840F008002870A01D84B2B442AE
:1055A00013D0CA48007C00F0400070B1601C1DF8A8
:1055B00000001DF8041040EA012000B2388028786D
:1055C00040F040002870A01C84B2B44213D0BF4801
:1055D000007C00F0200070B1601C1DF800001DF878
:1055E000041040EA012000B27880287840F02000C2
:1055F0002870A01C84B2B44213D0B448007C00F0E0
:10560000100070B1601C1DF800001DF8041040EA85
:10561000012000B2B880287840F010002870A01C4B
:1056200084B200200AE7F8B504460F461646A7489C
:1056300090F8240010B94FF0FF30F8BDA348807AED
:1056400010B94FF0FF30F8E7A04A1268917A9F4AEC
:10565000526810786B460222FCF7B4FF10B14FF08D
:10566000FF30EAE79DF801009DF8001040EA0125AF
:10567000A54203DA00203070401EDEE79348406800
:105680004088B5EB600F17DD904A1268517C8F4A55
:10569000526810786B460122FCF794FF10B14FF06E
:1056A000FF30CAE79DF8000000F0100020B1FFF7BE
:1056B000BBF86FF00100C0E7E2B2844B1B68D97AF7
:1056C000824B5B6818783B46FCF77CFF10B14FF0CB
:1056D000FF30B2E795FBF4F0401E30700020ACE7DD
:1056E00001467A4880F82210002070477CB50546B4
:1056F00076494968087801AB04220D21FCF762FF66
:1057000008B107207CBD9DF80700C0F301109DF88B
:10571000041001F0E00140EAE1008DF800009DF87E
:105720000700C0F381009DF8051001F0E00140EA98
:10573000E1008DF801009DF8070000F003009DF8DE
:10574000061001F0E00140EAE1008DF802000024BB
:105750001CE01DF8040018B9002045F8240013E0EF
:105760005B4845F8240006E055F82400594901F04B
:105770000BFE45F824001DF80400401EC0B20DF8D1
:1057800004000028F0D100BF601CC4B2032CE0DB91
:105790000020B7E72DE9FE4F06460F460025684674
:1057A000FFF7A4FF002442E056F8240057F8241025
:1057B000A0EB010ABAF1000F01DB514601E0CAF18A
:1057C0000001084601F0D8FF83464FF08F4101F0F9
:1057D0000DFE80465DF82400002102F061F816D02D
:1057E0005DF82410404601F001FE82464FF07E51E4
:1057F00001F0C4FD814629F0004A3748416A50460D
:1058000002F058F812D20120A04005430EE03248C1
:10581000C169404602F044F805D32F48016A40466A
:1058200002F048F802D20120A0400543641C032C7A
:10583000BADB2846BDE8FE8F2DE9FC5F06460F4621
:10584000002522494968087801AB03220D21FCF7A5
:10585000B9FE10B10720BDE8FC9F9DF8040000F0E0
:105860001F008DF804009DF8050000F01F008DF862
:1058700005009DF8060000F01F008DF806000024CA
:1058800062E056F8240057F82410A0EB010BBBF19E
:10589000000F01DB594601E0CBF10001084601F0A1
:1058A0006BFF4FF08F41009001F0A0FD814601A8F1
:1058B000005DC0B30849086801F067FF8346594698
:1058C000064801F093FD80460FE0000088010020AB
:1058D0007B14AE3E1D5A843F388D000800B04C4505
:1058E000FE49404601F050FD804601A8005D401E83
:1058F000C0B201A908550028F2D14146484601F03E
:1059000075FD83464FF07E5101F038FD82462AF046
:10591000004BF3488169584601F0CCFF13D20120B7
:10592000A04005430FE0FFE7ED480169484601F05C
:10593000B7FF05D3EA484169484601F0BBFF02D2F0
:105940000120A0400543641C032C9ADB284682E713
:105950002DE9F04F87B005460C46914601208DF8A1
:10596000100000208DF81100DE4A1268917CDD4A9B
:105970005268107804AB0222FCF7D5FD20B14FF03D
:10598000FF3007B0BDE8F08FC820FCF76CFC0020AA
:105990008DF81000D34A1268D17BD24A5268107831
:1059A00004AB0122FCF7BFFD10B14FF0FF30E8E778
:1059B000CC4A12685179CB4A5268107804AB012264
:1059C000FCF7B1FD10B14FF0FF30DAE7C54A1268BD
:1059D000917CC44A5268107804AB0122FCF7A3FD05
:1059E00010B14FF0FF30CCE7BE4A1268D17DBD4AFE
:1059F0005268107804AB0122FCF795FD10B14FF00E
:105A0000FF30BEE7B74A12681179B64A526810787B
:105A100004AB0122FCF787FD10B14FF0FF30B0E777
:105A20000C208DF81000AF4A12681179AD4A526807
:105A3000107804AB0122FCF776FD10B14FF0FF3077
:105A40009FE70F20FCF70FFCA648806A407A8DF88C
:105A50001000A44A12689178A24A5268107804ABE8
:105A60000122FCF760FD10B14FF0FF3089E79D483F
:105A7000806A007A8DF810009A4A12685178994A23
:105A80005268107804AB0122FCF74DFD10B14FF0C5
:105A9000FF3076E7B9F1000F07D09248806A807A2C
:105AA00040F0E0008DF8100004E08E48806A807AB3
:105AB0008DF810008B4A126891798A4A52681078E2
:105AC00004AB0122FCF72FFD10B14FF0FF3058E777
:105AD000B9F1000F07D08348806AC07A40F0E00037
:105AE0008DF8100003E07E48C07A8DF810007D4AE2
:105AF0001268D1797B4A5268107804AB0122FCF716
:105B000012FD10B14FF0FF303BE7B9F1000F02D0AA
:105B1000C820FCF7A8FB40208DF81000714A1268DD
:105B20001179704A5268107804AB0122FCF7FBFC33
:105B300010B14FF0FF3024E778208DF81000694A4B
:105B400012685179674A5268107804AB0122FCF759
:105B5000EAFC10B14FF0FF3013E761498889FCF788
:105B600082FB00208DF810005E4A126851795D4A70
:105B70005268107804AB0122FCF7D5FC10B14FF04D
:105B8000FF30FEE6574A1268917A564A52681078FA
:105B900004AB0222FCF716FD10B14FF0FF30F0E627
:105BA0009DF811009DF8101040EA012B0C209BFB82
:105BB000F0F0C6B20020A86068602860A060606055
:105BC0002060824665E0474A1268D17A454A5268A9
:105BD000107804AB0C22FCF7F5FC10B14FF0FF304D
:105BE000CFE69DF811009DF8101040EA012000B2A8
:105BF000ADF808009DF813009DF8121040EA01204E
:105C000000B2ADF80A009DF815009DF8141040EAA6
:105C1000012000B2ADF80C00BDF90810206808445E
:105C20002060BDF90A10606808446060BDF90C107E
:105C3000A0680844A0609DF817009DF8161040EA7F
:105C4000012000B2ADF800009DF819009DF8181071
:105C500040EA012000B2ADF802009DF81B009DF85B
:105C60001A1040EA012000B2ADF80400BDF900109E
:105C7000286808442860BDF9021068680844686014
:105C8000BDF90410A8680844A8600AF1010000F0FA
:105C9000FF0AB24597DB1248D0F800C02868C11748
:105CA000090441EA1041070462460023384601F026
:105CB000A5FA32460023CDE9020101F09FFA2860DF
:105CC0000748D0F800C06868C117090441EA1041CC
:105CD000070462460023384606E0000054E3853F8F
:105CE000388D00088801002001F088FA3246002330
:105CF000CDE9020101F082FA6860FE48D0F800C0E8
:105D0000A868C117090441EA10410704624600234C
:105D1000384601F073FA32460023CDE9020101F062
:105D20006DFAA860F348D0F804C02168C8170004D1
:105D300040EA11480F04624600233846414601F00C
:105D40005DFA32460023CDE9020101F057FA2060E6
:105D5000E848D0F804C06068C117090441EA10415E
:105D6000070462460023384601F048FA3246002311
:105D7000CDE9020101F042FA6060DE48D0F804C0CB
:105D8000A068C117090441EA1041070462460023D4
:105D9000384601F033FA32460023CDE9020101F022
:105DA0002DFAA060A068002804DDA068A0F580306E
:105DB000A06003E0A06800F58030A0600020E0E56E
:105DC00038B50446CC4890F82400A04201D1002008
:105DD00038BD24B3C84890F8250010B94FF0FF3003
:105DE000F6E70020FEF75AFB0020FEF779FCC249D7
:105DF000C88CFEF7DEFE00200090BF494968087895
:105E00006B4601222321FCF78EFB0121BA4880F862
:105E100024100120FEF742FBFEF706FD13E00020F0
:105E2000FEF73CFBB448007C0090B3494968087811
:105E30006B4601222321FCF776FB0021AE4880F857
:105E40002410FEF7F1FC0020C2E72DE9F04F8DB0E1
:105E500083460F4602200C90A74890F8240020B1FA
:105E60000020FFF7ADFF012600E0002603A8FFF7A2
:105E7000E2F905A8FFF7FFF901A8FFF720FA02A849
:105E8000FFF742FA9C4890F80AA004A8FFF796FA98
:105E9000002407E0002239465846FFF759FD00B9B3
:105EA00002E0641C022CF5DB00BF022C01D10025AE
:105EB00028E0002407E0012206A909A8FFF748FD11
:105EC00000B902E0641C022CF5DB00BF022C01D1FA
:105ED000002517E006A93846FFF75CFC00F0FF0834
:105EE00009A95846FFF7A8FC00F0FF090025B9F101
:105EF000000F01D145F00105B8F1000F01D145F0C7
:105F0000020500BFFF207C490872FF217A484172D8
:105F1000C1724FF6FF71C181FF21817201740121AD
:105F20000173BDF80C00FEF7D2FE9DF81400FEF7D9
:105F30008CFEBDF80400FEF790FDBDF80800FEF7EA
:105F400038FE5046FEF767FB9DF81000FEF750FD47
:105F500016B10120FFF734FF28460DB0BDE8F08FE1
:105F6000F8B504460D46164616B94FF0FF30F8BD99
:105F70006148807A10B94FF0FF30F8E720128DF8B1
:105F80000000E0B28DF801009DF8010028445A4954
:105F900049684989884202DD4FF0FF30E7E7564AF9
:105FA0001268117E544A526810786B460222FCF740
:105FB000BAFA10B14FF0FF30D9E7EAB24E4B1B6886
:105FC000597D4D4B5B6818783346FCF7ACFA10B13D
:105FD0004FF0FF30CBE70020C9E7F8B504460D4687
:105FE000164616B94FF0FF30F8BD4348807A10B915
:105FF0004FF0FF30F8E720128DF80000E0B28DF886
:1060000001009DF8010028443B49496849898842BC
:1060100002DD4FF0FF30E7E7374A1268117E364A5B
:10602000526810786B460222FCF77DFA10B14FF0EF
:10603000FF30D9E7EAB2304B1B68597D2E4B5B68C5
:1060400018783346FCF7BEFA10B14FF0FF30CBE7BB
:106050000020C9E72DE9F04385B005460E4690467D
:106060009946254890F8250020B14FF0FF3005B043
:10607000BDE8F08316B94FF0FF30F8E7002423E0C5
:10608000281B102801DD102000E0281B87B23219E0
:1060900039462046FFF764FF10B14FF0FF30E6E7C6
:1060A00001AA39462046FFF798FF10B14FF0FF30A4
:1060B000DDE730193A4601A901F001F910B16FF09E
:1060C0000100D4E7E01984B2AC42D9DB4FEA2820C2
:1060D0008DF8000008F0FF008DF80100064A1268F4
:1060E000917E054A526810786B460222FCF71BFA33
:1060F00038B103E0388D0008880100204FF0FF30F0
:10610000B5E701218A4880F82510A0F826900020E4
:10611000ADE70146864890F82400087000207047DB
:1061200002464FF0FF30704701464FF0FF30704796
:10613000F8B505460F461446002C70D0B5F5FF5F44
:1061400001DDFF2605E0202D01DA012601E0C5F37F
:10615000471607B90127282C02DD4FF0FF30F8BDA4
:106160007348407D28BB724890F8240038B1002065
:10617000FFF726FE01216E4880F8201003E0002181
:106180006B4880F820106A481630FFF754F86848CA
:106190001830FFF770F866481A30FFF790F8644837
:1061A0001C30FFF7B1F86248817A81771F30FFF722
:1061B00005F90020FEF772F90020FEF78DFC0020A3
:1061C0008DF800005A4A12689178594A526810783E
:1061D0006B460122FCF7A7F910B14FF0FF30BEE784
:1061E00040208DF80000524A1268D17B504A526814
:1061F00010786B460122FCF796F900B165E08DF846
:1062000000608DF801704A4A1268117A484A526853
:1062100010786B460222FCF786F908B155E047E09A
:106220000520FCF720F84248407A072101EBC00026
:10623000C0B28DF800003E4A1268D1793C4A5268DB
:1062400010786B460122FCF76EF900B13DE020208A
:106250008DF80000012C03D100208DF801000EE024
:10626000052C03DC01208DF8010008E0142C03DC70
:1062700002208DF8010002E003208DF801009DF856
:106280000100072101EB8010C0B28DF80100284AFF
:106290001268917C264A526810786B460222FCF7FD
:1062A00042F900B111E0012121484175002056E773
:1062B0001F4A1632002103E0505C00B105E0491C82
:1062C0000C29F9D34FF0FF3049E7FF201849087235
:1062D000FF2117484172C1724FF6FF71C181FF2142
:1062E00081720174012101730146887FFEF793F9E1
:1062F0000F49C88AFEF7EBFC0D49087EFEF7A5FCA6
:106300000B49488BFEF7A9FB0949888BFEF751FC26
:106310000749C87FFEF76CFB054890F8200010B1D4
:106320000120FFF74DFD002101484175002016E7CF
:106330008801002010B5C8234FF48062F74940F669
:10634000F630FFF787FE10BD10B586B00446F4A006
:1063500000680390F3A000680290F3A00068019029
:10636000F2A00068009004F0030003A9085C8DF817
:10637000140003A8C4F3C101405C8DF8150003A804
:10638000C4F38111405C8DF8160004F0030002A9EB
:10639000085C8DF8100002A8C4F3C101405C8DF8C0
:1063A000110002A8C4F38111405C8DF8120005AA07
:1063B000032140F22640FFF7D3FD18B14FF0FF3024
:1063C00006B010BD04AA032140F22A40FFF7C8FD21
:1063D00010B14FF0FF30F3E701980590009804905A
:1063E00004F0040058B19DF8140040F001008DF84D
:1063F00014009DF8100040F001008DF8100004F02A
:10640000200058B19DF8150040F001008DF81500EE
:106410009DF8110040F001008DF8110004F4807027
:1064200058B19DF8160040F001008DF816009DF857
:10643000120040F001008DF8120005AA03214FF46C
:106440008860FFF78DFD10B14FF0FF30B8E704AA68
:10645000032140F23140FFF783FD10B14FF0FF30D0
:10646000AEE7B34804810020AAE71FB50446B04850
:10647000007A00F0030054F820000190AC48007A44
:1064800000F0040010B1019840420190A848007A41
:10649000C0F3C10054F820000290A548007A00F033
:1064A000200010B1029840420290A148007AC0F347
:1064B000811054F8200003909D48008900F48070FA
:1064C00010B10398404203909A49019880FB010162
:1064D000800F40EA810001909649029880FB0110EC
:1064E000820042EA917002909249039880FB011069
:1064F000820042EA917003900198000E8DF800002E
:106500000198000C8DF801000198000A8DF8020036
:106510000198C0B28DF803006A4604214FF47470EC
:10652000FFF71EFD18B14FF0FF3004B010BD029808
:10653000000E8DF800000298000C8DF80100029802
:10654000000A8DF802000298C0B28DF803006A4676
:1065500004214FF47570FFF703FD10B14FF0FF30C9
:10656000E3E70398000E8DF800000398000C8DF807
:1065700001000398000A8DF802000398C0B28DF85C
:1065800003006A4604214FF47670FFF7E9FCCCE77C
:1065900070B588B0064601A8FEF7E9FEBDF8040014
:1065A0000021C90341EA5045C4036148007A00F064
:1065B000030056F8200005905D48007A00F00400C2
:1065C00010B10598404205905948007AC0F3C100C7
:1065D00056F8200006905648007A00F0200010B1CE
:1065E0000698404206905248007AC0F3811056F84F
:1065F000200007904E48008900F4807010B1079881
:10660000404207900598C117A0FB042301FB043109
:1066100000FB0510810041EA927005900698C117B1
:10662000A0FB042301FB043100FB0510810041EABB
:10663000927006900798C117A0FB042301FB043158
:1066400000FB0510810041EA927007900598000E4A
:106650008DF808000598000C8DF809000598000ACF
:106660008DF80A000598C0B28DF80B000698000E50
:106670008DF80C000698000C8DF80D000698000AA5
:106680008DF80E000698C0B28DF80F000798000E26
:106690008DF810000798000C8DF811000798000A7B
:1066A0008DF812000798C0B28DF8130002AA0C21D1
:1066B0004FF42570FFF754FC08B070BD30B585B0BD
:1066C00004461DA207CA02AB07C3C82C03DD4FF066
:1066D000FF3005B030BDC82090FBF4F0401E85B2FD
:1066E000280A8DF80000E8B28DF801006A46022100
:1066F00040F21620FFF734FC10B14FF0FF30E8E70E
:1067000002AA0C2140F6C120FFF72AFC10B14FF07D
:10671000FF30DEE7064884810020DAE7608D00085C
:106720004CCD6C000CC92C0036567600264666000F
:106730002C03002009E3CA02FEF2ABC4AAF1DFDF9A
:10674000BBAFDFDF0146FC4880890880002070472E
:106750002DE9FC4706460F4606F0070010B1B7F5D5
:10676000C86F03DD4FF0FF30BDE8FC87384601F00D
:106770000CF88146F14900F039FE80466846FEF784
:106780007AFD9DF80000022806D0042816D00828BB
:1067900026D0102848D135E04FF08D41404600F01A
:1067A000F3FD814601F020F884B2E549404600F04F
:1067B000EBFD814601F018F885B238E04FF08C41CE
:1067C000404600F0E1FD814601F00EF884B2DD495B
:1067D000404600F0D9FD814601F006F885B226E07A
:1067E0004FF08B41404600F0CFFD814600F0FCFFAA
:1067F00084B2D549404600F0C7FD814600F0F4FF61
:1068000085B214E04FF08A41404600F0BDFD81465C
:1068100000F0EAFF84B2CD49404600F0B5FD814664
:1068200000F0E2FF85B202E04FF0FF309CE700BFCE
:1068300020128DF80400E0B28DF8050028128DF8C2
:106840000600E8B28DF8070006F00100A0B101AA29
:1068500002214FF4EA70FFF783FB10B14FF0FF30D5
:1068600082E70DF1060202214FF49270FFF778FBE8
:1068700010B14FF0FF3077E706F00200A0B101AA97
:1068800002214FF4EC70FFF76BFB10B14FF0FF30BB
:106890006AE70DF1060202214FF49470FFF760FBE6
:1068A00010B14FF0FF305FE706F00400A0B101AA7D
:1068B00002214FF4EE70FFF753FB10B14FF0FF30A1
:1068C00052E70DF1060202214FF49670FFF748FBE4
:1068D00010B14FF0FF3047E7002045E738B50446D8
:1068E0000020009004F0010020B19DF8000040F06D
:1068F0003000009004F0020020B19DF8000040F04C
:106900000C00009004F0040020B19DF8000040F05D
:10691000030000906A4601214FF4A470FFF720FBAA
:1069200038BD38B50446012C01DA012402E0042CFC
:1069300000DD0424601EC0B200906A46012140F2CE
:106940004F10FFF70DFB38BD38B50446052094FB0A
:10695000F0F085B228128DF80000E8B28DF8010041
:106960006A4602214FF4EF70FFF7FAFA38BD38B5E6
:106970000446052094FBF0F085B228128DF8000043
:10698000E8B28DF801006A4602214FF4ED70FFF77E
:10699000E7FA38BDF8B505460E464FF47A7095FB18
:1069A000F0F000FB06F4200E8DF80000200C8DF8AE
:1069B0000100200A8DF80200E0B28DF803006A465B
:1069C00004214FF4AE70FFF7CBFAF8BD38B504469A
:1069D000052094FBF0F084B220128DF80000E0B2A4
:1069E0008DF801006A4602214FF4AD70FFF7B8FA46
:1069F00038BD38B50446052094FBF0F084B220126F
:106A00008DF80000E0B28DF801006A4602214FF4D3
:106A1000AC70FFF7A5FA38BD38B5044614B94FF08D
:106A2000FF3038BD6A4604214FF45870FFF7D5FA9D
:106A300010B14FF0FF30F4E79DF8000000069DF81C
:106A4000011040EA01409DF8021040EA01209DF843
:106A50000310084320600020E3E738B50446200E09
:106A60008DF80000200C8DF80100200A8DF802003E
:106A7000E0B28DF803006A4604214FF45870FFF726
:106A80006FFA38BD38B5044614B94FF0FF3038BD41
:106A90006A4604214FF47170FFF79FFA10B14FF06E
:106AA000FF30F4E79DF8000000069DF8011040EA71
:106AB00001409DF8021040EA01209DF803100843B0
:106AC00000EB8000800020600020E0E738B504463D
:106AD0001420B4FBF0F4200E8DF80000200C8DF88B
:106AE0000100200A8DF80200E0B28DF803006A462A
:106AF00004214FF47170FFF733FA38BD38B50446FE
:106B000064B120208DF8000028208DF8010030208D
:106B10008DF8020038208DF8030004E0A322042140
:106B2000684600F0AEFB6A46042140F69E20FFF75F
:106B300017FAFDF779FE38BD2C030020000048430A
:106B4000000040460000C045000040450000C04431
:106B500038B5044664B1C0208DF80000C2208DF81D
:106B60000100C4208DF80200C6208DF8030004E067
:106B70008B220421684600F084FB6A46042140F61B
:106B80009820FFF7EDF9FDF74FFE38BD3EB50446FE
:106B90006CB1FDA1D1E900208968CDE90020029106
:106BA0006A4609214FF49760FFF7DAF93EBDF9A272
:106BB000D2E900109268CDE9010200916A460921EC
:106BC0004FF49760FFF7CCF9F0E73EB5044602209A
:106BD0008DF80000CA208DF80100E3208DF8020036
:106BE00009208DF803006A4604216820FFF7B8F9F0
:106BF000A3208DF8000004F0400048B1C0208DF8BB
:106C00000100C8208DF80200C2208DF8030006E0C4
:106C1000A3208DF801008DF802008DF8030004F424
:106C2000C07048B1C4208DF80400CC208DF8050058
:106C3000C6208DF8060006E0A3208DF804008DF82C
:106C400005008DF80600A3208DF807008DF80800D8
:106C50008DF809006A460A2140F6A720FFF780F95F
:106C600004F0030018B120208DF8000002E0D820C5
:106C70008DF800006A46012140F6B620FFF770F952
:106C800004F0200018B10120FFF780FF02E000208F
:106C9000FFF77CFF04F4C07008B304F4807060B1A7
:106CA000B2208DF800008B208DF80100B6208DF801
:106CB00002009B208DF803000BE0B0208DF800004F
:106CC00080208DF80100B4208DF8020090208DF80E
:106CD00003006A46042140F6A220FFF741F904F0C0
:106CE000010020B3F8208DF800006A4601214FF41E
:106CF0000B60FFF735F9FA210720FFF729FD072080
:106D0000FFF7ECFD0120FFF70CFE6420FFF71CFEEF
:106D10004FF4FA70FFF72BFEC821A148FFF73AFEA7
:106D20002820FFF753FE0A20FFF763FE08E0D82073
:106D30008DF800006A4601214FF40B60FFF710F94F
:106D400004F0020018B1D9208DF8000002E0D8202C
:106D50008DF800006A46012140F23D70FFF700F90E
:106D600004F0040018B10120FFF7F2FE02E0002059
:106D7000FFF7EEFE04F0100018B10120FFF7BEFE91
:106D800002E00020FFF7BAFE44F008008549488180
:106D9000FDF74AFD00208349887304F0400018B1D4
:106DA0000846807B801D887304F4C07020B17D4844
:106DB000807B801D7B49887304F0140020B17948E2
:106DC000807B10307749887304F0030020B1754848
:106DD000807B001D7349887300203EBD01467148C9
:106DE00040890880002070472DE9F0410446E07892
:106DF00000F0C006E07800F03F05607800F0010088
:106E000098B1EF102846E91705EB5171C910A5EBB1
:106E1000C101491C01F0FF086248006820B16148C7
:106E2000414602683846904700BF607800F008008D
:106E300030B15C48406818B1B0115A4A516888476F
:106E40000020BDE8F08110B586B0044656A207CAFE
:106E500003AB07C357A207CA8DE80700012C09D06E
:106E6000022C0ED103AA0B2140F68220FFF778F8FE
:106E700006B010BD6A460B2140F68220FFF770F87D
:106E8000F6E74FF0FF30F3E72DE9F04F8DB00746FE
:106E9000884615469946DDE9166B002400203080AF
:106EA0004049887B5A4605A9FEF7BDFB18B1601E14
:106EB0000DB0BDE8F08F3B48807A00F01400002848
:106EC00061D09DF8140000069DF8151040EA0140BD
:106ED0009DF8161040EA01209DF81710084328601D
:106EE0009DF8180000069DF8191040EA01409DF831
:106EF0001A1040EA01209DF81B10084368609DF8B5
:106F00001C0000069DF81D1040EA01409DF81E106F
:106F100040EA01209DF81F100843A8609DF820005A
:106F200000069DF8211040EA01409DF8221040EA39
:106F300001209DF823100843E86004F11000C4B25A
:106F4000286800140190686800140290A868001472
:106F50000390E8680014049001984043029901FBF3
:106F60000100039901FB0100049901FB010ABAF138
:106F7000706F02DBBAF1885F22DDFDF755FC00205F
:106F80003080401E94E721E0B8AAB38DB4980D3547
:106F90005D000000B8AAAAAAB088C3C5C700000057
:106FA00009E3CA022C030020D8B1B9F38BA391B630
:106FB00009B4D900DAB1B9F38BA391B6DAB4DA0027
:106FC000B6F9000040F48070308000BF7848807AC5
:106FD00000F0400020B305A9601C085C095D40EA90
:106FE000012000B2A8F8000005A9E01C095C05AA70
:106FF000A01C105C41EA002000B2A8F8020005A91C
:10700000601D095C201D105C41EA002000B2A8F858
:107010000400A01DC4B2B6F9000040F008003080A2
:107020006348408900F4C07008B305A9601C085C7F
:10703000095D40EA012000B2388005A9E01C095C26
:1070400005AAA01C105C41EA002000B2788005A9C6
:10705000601D095C201D105C41EA002000B2B88070
:10706000A01DC4B2B6F9000040F070003080504856
:10707000807A00F0030018B105A90819FFF7B4FEE3
:107080004846FBF7FCF8002012E70146484801603B
:107090000020704701464648416000207047014685
:1070A00091F90020002A01DD00201EE091F9002066
:1070B000002A01DA042018E091F90120002A01DDFC
:1070C000012012E091F90120002A01DA05200CE0EC
:1070D00091F90220002A01DD022006E091F9022048
:1070E000002A01DA062000E00720704770B5054647
:1070F0002846FFF7D4FF0446E81CFFF7D0FF44EA18
:10710000C00084B2A81DFFF7CAFF44EA801084B211
:10711000204670BD70B588B002A905A8FEF795FE9F
:107120000446032C3FD101A8FEF704F9059800F0AE
:1071300023FB0646019900F027F9054600F03BFBCA
:107140000590069800F018FB0646019900F01CF91E
:10715000054600F030FB0690079800F00DFB064650
:10716000019900F011F9054600F025FB079005A8EC
:10717000FFF77BF96846FEF7FAF8BDF800100298B1
:1071800048430290BDF80010039848430390BDF8AF
:10719000001004984843049002A8FFF7F9F905A0ED
:1071A000FDF735F802E00CA0FDF731F808B070BD2E
:1071B0002C03002073657474696E672062696173C3
:1071C0002073756363657366756C6C79202E2E2E43
:1071D0002E2E2E0A00000000626961732068617320
:1071E000206E6F74206265656E206D6F64696669DC
:1071F0006564202E2E2E2E2E2E0A00002DE9F04141
:107200000024061B254671F1000605DA012400273B
:10721000D0EB070067EB0101161E73F1000605DADB
:107220000027D2EB0702012567EB030300F062FBA6
:1072300086460E4617469C46AC4204D00025D0EB4D
:10724000050E65EB010624B10020D2EB000760EBD0
:10725000030C704631463A466346BDE8F08140EA89
:1072600001039B0703D009E008C9121F08C0042AC4
:10727000FAD203E011F8013B00F8013B521EF9D2AB
:107280007047D2B201E000F8012B491EFBD27047D3
:107290000022F6E710B513460A4604461946FFF7E2
:1072A000F0FF204610BD421E12F8013F002BFBD11B
:1072B00011F8013B02F8013B002BF9D1704730B5C2
:1072C00004460020034600E05B1C934203D2E05CCE
:1072D000CD5C401BF8D030BDF0B480EA0102D40F81
:1072E0004200B2EB410F02D20246084611464A0064
:1072F00042D0C30DDDB2C1F3C752AD1A202D35DA2D
:10730000C1F3160141F4000204B15242C5F1200656
:1073100002FA06F12A411044B3EBD05F23D0C4B186
:10732000012DA0EBC35009DCF0BC4FF0004202EA93
:10733000C352DBB200F5000000F037BB400000F1A3
:10734000807000EBC350A0F1807040EAD17049001A
:1073500009E0490841EAC071A0EBC35000F5000004
:10736000400800EBC350F0BC00F016BB61420122A4
:1073700002EB4101001BF6E7F0BC704781F00041D1
:10738000AAE780F00040A7E780EA010210B502F00A
:107390000043400022D04A001FD0010E01EB1261D1
:1073A000C0F35600C2F3560240F4000042F400025B
:1073B000A0FB022000047F39140400D0401C50EAD6
:1073C000124001D44000491EC2B20C0604EBD0109A
:1073D000401C4008802A02D003E0002010BD20F0AD
:1073E0000100002900DA0020184310BD30B480EA03
:1073F000010202F0004530F0004221F0004013D0BD
:1074000090B1C30DD40DC2F31601C0F31600E41AF7
:1074100041F4000140F400027D34914201D3641C28
:1074200000E04900002C02DA30BC002070474FF425
:1074300000000023914201D3891A034340084FEA18
:107440004101F7D151B1914202D14FF0004105E025
:1074500002D24FF0010101E06FF0010103EBC450D3
:10746000284430BC00F098BA2DE9FE4F804681EAEE
:107470000300C00F0C46009021F0004123F00045AE
:10748000B8EB0200A94105D24046214690461C4671
:107490000B46024623F00040104347D0270DC7F3A8
:1074A0000A00C3F30A510290401A019040286BDA97
:1074B000C3F3130040F4801B0098924620B10023D0
:1074C000D2EB030A63EB0B0B01985946C0F1400263
:1074D000504600F040FA06460D4650465946019A7D
:1074E00000F048FA10EB08006141002487EA1152CD
:1074F00084EAE7731A4340D0009A62B3019A012AE2
:107500004FEA075215DC001B61EB02014FF000420D
:1075100002EA0752CDE90042001C41F580113246D3
:107520002B4600F07FFA03B0BDE8F08F40462146BD
:10753000F9E7001B61EB0201001C41F58013001804
:107540005B412018A2F5001747EB030140EAD57014
:10755000B6196D4111E06D084FEA360645EAC0756F
:107560004FEA0752001B61EB0201001C41F580113C
:1075700049084FEA30000019514132462B4603B00A
:10758000BDE8F04F00F03FBA009801224000002310
:10759000D0EB020263EBE073009821464FEAE074FF
:1075A000B8EB000061EB0401E9E783F000435BE71F
:1075B00081F0004158E72DE9FE4F81EA030404F011
:1075C000004421F0004100944FF0000B23F00043F1
:1075D00050EA01045ED052EA03045BD0C3F30A54BC
:1075E000C1F30A552C44A4F2F3340194A0FB0254D5
:1075F000C1F3130141F48011C3F3130343F4801367
:1076000001FB024400FB034E840A970A44EA8154BA
:1076100047EA8357A4FB076802958D0A05FB078597
:107620004FEA932C04FB0C542705029D4FEA0658A1
:1076300047EA1637B5EB08056EEB070C870E920E7E
:1076400047EA811742EA8312A7FB0201B6EB0B015E
:1076500064EB00042B0D43EA0C335E1844EB1C5022
:10766000DA465146E7FB0201C5F313044FEA0B3338
:1076700043EA14534FEA0432019C43EA0603A4F19F
:107680000C040294009CCDE900B400F0CBF903B0E7
:10769000BDE8F08F00200146F9E72DE9F04D81EAC1
:1076A000030404F0004B21F0004514464FF0000A9B
:1076B00023F0004150EA050220D054EA01021DD017
:1076C000C5F30A570246C5F31303C1F31300C1F310
:1076D0000A5640F4801543F48013A7EB0608101BEC
:1076E000D64608F2FD3873EB050002D308F1010815
:1076F00001E092185B41B8F1000F03DA0020014667
:10770000BDE8F08D00204FF48011064684460EE05F
:10771000171B73EB050705D3121B63EB0503064329
:107720004CEA010C49084FEA300092185B4150EADC
:107730000107EDD152EA030012D082EA040083EA85
:107740000501084305D0101BAB4106D201220023DE
:1077500006E000224FF0004302E06FF001025310F8
:107760001AEB06004CEB085110EB0A0041EB0B0141
:10777000BDE8F04D00F047B9C10F80EAE070084461
:10778000CA079623002100F010B996230022114663
:1077900000F00BB90EB5C10F80EAE0700844CA07CB
:1077A000002140F233438DE80E000A460B4600F0FC
:1077B00039F903B000BD00F0004220F00040C10DD7
:1077C000C0F3160040F400007F2901DA0020704762
:1077D000962903DCC1F19601C84001E09639884042
:1077E000002AF4D04042704720F00040C10DC0F3A1
:1077F000160040F400007F2901DA00207047962926
:1078000003DCC1F19601C840704796398840704743
:1078100000F0004230F000400AD0C10D01F5607167
:10782000C0F3160042EA0151C208400711437047F5
:10783000002001467047000030B5041E71F10004BD
:1078400004DB4FF00044404264EB0101141E73F16D
:10785000000405DB1C464FF00043524263EB040377
:107860008B4208BF824230BD01F0004330B421F0AA
:10787000004150EA010206D00A0DA2F56072C1F380
:107880001301002A02DC30BC00207047440F44EA98
:10789000C104C100E01830BC00EBC25000F07CB85D
:1078A000002801DBC0F10040002901DBC1F10041EB
:1078B00081427047002801DBC0F10040002901DB54
:1078C000C1F100418842704730B50B4601460020A7
:1078D0002022012409E021FA02F59D4205D303FA92
:1078E00002F5491B04FA02F52844151EA2F1010213
:1078F000F1DC30BD2DE9F05F0546002092469B4645
:1079000088460646814640241BE0284641464746B5
:10791000224600F02FF953465A46C01A914110D31F
:1079200011461846224600F016F82D1A67EB01089A
:107930004F4622460120002100F00DF817EB000908
:107940004E41201EA4F10104DFDC484631462A46A0
:107950004346BDE8F09F202A04DB203A00FA02F1FA
:10796000002070479140C2F1200320FA03F319432D
:1079700090407047202A06DBCB17203A41FA02F0EC
:1079800043EAE07306E041FA02F3D040C2F120027C
:1079900091400843194670470029A8BF7047401C12
:1079A000490008BF20F00100704710B4B0FA80FC15
:1079B00000FA0CF050EA010404BF10BC704749B152
:1079C000CCF1200421FA04F411FA0CF118BF0121C2
:1079D00021430843A3EB0C01CB1D4FEA00614FEAA2
:1079E000102042BF002010BC704700EBC350104471
:1079F0000029A4BF10BC7047401C490008BF20F0FC
:107A0000010010BC704710B5141E73F1000408DAB1
:107A1000401C41F1000192185B411A4301D120F052
:107A2000010010BD2DE9F04D92469B4611B1B1FA0F
:107A300081F202E0B0FA80F220329046FFF78BFF2D
:107A400004460F4640EA0A0041EA0B0153465A46F3
:107A5000084313D0114653EA010019D0C8F140027F
:107A6000504600F087F805460E46504659464246B5
:107A7000FFF771FF084305D0012004E02046394696
:107A8000BDE8F08D0020054346EAE0762C433743FD
:107A90000A986305E40AA0EB08000022FD0A44EA04
:107AA00047540A3002D500200146E9E701051019C4
:107AB0006941DDE9084500196941BDE8F04DA2E7DB
:107AC00070B521F0004303430CD0C1F30A550024E4
:107AD000D5EB040564EB0403D617AD1AB34102DB02
:107AE0000020014670BD201841EB025170BDC1F36A
:107AF0000A52C1F3130140F2FF3341F480119A425C
:107B000002DA00200146704740F233439A42A2F263
:107B1000334202DC524200F02DB8FFF71CBF0000D8
:107B200030B5041E71F1000404DB4FF00044404204
:107B300064EB0101141E73F1000405DB1C464FF0D9
:107B40000043524263EB0403994208BF904230BDA8
:107B5000064C074D06E0E06840F0010394E807009A
:107B600098471034AC42F6D3F8F7C4FA989A000854
:107B7000B89A0008202A04DB203A21FA02F00021FA
:107B8000704721FA02F3D040C2F12002914008432D
:107B9000194670472DE9F04D00231A461B1A8A41F9
:107BA00003DB00200146BDE8F08DC1F30A52C1F3AA
:107BB000130141F480154FF0000BD10702D10018DA
:107BC0006D41521E0027044640F2FF11384601EB7A
:107BD000620A3E468046024600204FF48011FFF7BD
:107BE000C9FFC2197141BB1846EB0100B4EB030C8D
:107BF00075EB000C04D3E41A65EB000517460E463E
:107C0000241908F101006D4180463428E3DDF9199B
:107C100046EB0600091BA84103D24FF0FF32134682
:107C200001E0002213461BEB070046EB0A51BDE8BA
:107C3000F04DFFF7E8BE70B58C1810F8015B15F039
:107C4000070301D110F8013B2A1106D110F8012BCE
:107C500003E010F8016B01F8016B5B1EF9D12B07F3
:107C600005D40023521E0DD401F8013BFAE710F8A9
:107C7000013BCB1A921C03E013F8015B01F8015B96
:107C8000521EF9D5A142D8D3002070BD0FB4084BC5
:107C900010B504A902AA039800F060F9044602A9ED
:107CA000002000F0F2FC204610BC5DF814FB000040
:107CB0008B860008490050EAC12018BF04204A0DF5
:107CC00018BF40F0010040F2FF72B2EB515F08BFF5
:107CD00040F00200012808BF052070472DE9F0415F
:107CE0004F1E00EBC7010446D1E9000115461E46B0
:107CF00037F006020DD02A463346FFF75CFC7F1EA4
:107D000004EBC703D3E90023FFF7AEFB37F006020D
:107D1000F1D1022F25D0042F13D0062F18BFBDE8B4
:107D2000F0812A463346FFF746FCD4E90A23FFF7E1
:107D30009BFB2A463346FFF73EFCD4E90823FFF7B6
:107D400093FB2A463346FFF736FCD4E90623FFF7B8
:107D50008BFB2A463346FFF72EFCD4E90423FFF7BA
:107D600083FB2A463346FFF726FCD4E90223FFF7BC
:107D70007BFB2A463346FFF71EFCD4E90023BDE80F
:107D8000F041FFF771BB0122FFF79ABEFFF76CBB12
:107D90000022134610461146FFF77FBC024A00201E
:107DA0001107FFF78DBE000001FDFFFF02E008C8CC
:107DB000121F08C1002AFAD170477047002001E065
:107DC00001C1121F002AFBD1704700000149086061
:107DD00070470000B40100202DE9FF5F82B0002150
:107DE000DDE90430020DDDF840B0034318D044F65D
:107DF0001050A2F2FF3242431514119801281FD0EF
:107E0000A5EB0B00401C5FEA000A4FF000064E4F46
:107E1000DFF83891B046504615D5CAF1000413E09A
:107E2000119801244AA3012801D16FEA0B0102989D
:107E3000119AC0E90031C0E9024206B0BDE8F09FE6
:107E4000CBF10000DFE704460021404A491842EB2D
:107E50000450CDE9001012E0E00707D032463B465F
:107E600040464946FFF7A7FB8046894632463B46D7
:107E700010461946FFF79FFB06460F466410002C7C
:107E8000EAD1DDE90401DDE90023BAF1000F06DAE9
:107E9000FFF791FB42464B46FFF78DFB05E0FFF7EE
:107EA000FCFB42464B46FFF7F8FB04460E46002219
:107EB000284BFFF735FE03D84FF0FF30014607E0AF
:107EC0000022254B20463146FFF7CEFAFFF70FFE82
:107ED000102409E0002C0ADB0A220023FFF70AFD28
:107EE000039B30321A55641E50EA0102F2D1641C21
:107EF000039AC4F111031444119A012A03D00122F8
:107F000008430DD10AE0084304D000204FF0110BC4
:107F1000119072E7A3EB0B056D1E0DE05B4504DDD0
:107F20004FF0000205F1010504E003DA4FF0000212
:107F3000A5F10105002AECD002981199C0E902319F
:107F4000C0E9004579E70000000014400000F03F60
:107F5000300000000000F0430000E03F2DE9FF4F3B
:107F600095B09B468946064600250FE2252877D125
:107F700000242746F84A0121059400E0044316F83E
:107F8000013F203B01FA03F01042F7D130782A2854
:107F900011D06FF02F033078A0F13002092A16D8E3
:107FA000059A44F0020402EB820203EB4202104401
:107FB000761C0590EFE759F8042B0592002A03DAA6
:107FC000504244F40054059044F00204761C30788A
:107FD0002E2816D116F8010F44F004042A280DD0DB
:107FE0006FF02F023078A0F13003092B09D807EB8E
:107FF000870302EB4303C718761CF3E759F8047BA9
:10800000761C30786C280FD006DC4C2817D06828F6
:108010000DD06A2814D104E0742810D07A280FD12A
:108020000DE044F400140AE044F4801401E044F448
:1080300040147278824202D104F58014761C761CBA
:10804000307866280BD013DC582877D009DC00285C
:1080500075D04528F6D04628F4D047281AD19DE19E
:1080600018E0632835D0642879D0652812D195E1CD
:10807000702873D008DC6728F1D069286FD06E288B
:108080000DD06F2806D1B5E073282CD0752875D097
:10809000782874D05A46179990476D1C75E1C4F33F
:1080A0000250022809D003280DD0D9F80010042866
:1080B0000DD00D6009F1040967E1D9F80010EA1745
:1080C000C1E90052F6E7D9F800100D80F2E70D7013
:1080D000F0E719F8041B8DF8001000208DF801005E
:1080E000EA46012003E059F804AB4FF0FF30610786
:1080F0004FF0000102D40DE008F101018846B942B9
:108100000FDA8045F8DB1AF808100029F4D108E0EE
:1081100008F1010188468142FADB1AF808100029AB
:10812000F6D105985B46A0EB080721463846179A1A
:1081300000F094FA284400EB080507E04DE029E13F
:108140000DE01AF8010B5A4617999047B8F101084B
:10815000F7D25B4621463846179A13E142E00A22DD
:108160000092C4F302524FF0000A022A08D059F8D4
:1081700004CB032A4FEAEC710AD00DE029E02AE093
:1081800009F1070121F00702F2E802C1914609E076
:108190000FFA8CFC4FEAEC71042A03D14FFA8CFCE5
:1081A0004FEAEC71002907DA0A460021DCF1000CE5
:1081B00061EB02012D2202E0220504D52B228DF86D
:1081C0000420012203E0E20701D02022F7E79046D5
:1081D00059E00A2102E010220DE010214FF0000AC0
:1081E00000910BE010224FF0000A44F0040408272D
:1081F000009203E008224FF0000A0092C4F30252FA
:10820000022A05D059F804CB0021032A08D009E03E
:1082100009F1070121F00702F2E802C1914605E0E9
:108220001FFA8CFC042A01D10CF0FF0C4FF000085F
:10823000220728D5702806D0009B83F0100353EA4C
:108240000A0305D00EE040228DF80420012208E048
:108250005CEA010206D030228DF804208DF805007A
:1082600002229046009B83F0080353EA0A030AD1D6
:108270005CEA010201D1620705D530228DF80420A5
:108280004FF001087F1E582804D034A003900EA898
:1082900002900DE036A0F9E753466046009AFFF7DA
:1082A00029FB84460398825C0298401E029002706B
:1082B0005CEA0100F0D1029806A9081A00F1200A30
:1082C000600702D524F4803400E00127574502DD21
:1082D000A7EB0A0000E0002000EB0A0100900598DF
:1082E0004144401A0590E00306D45B462146179AA4
:1082F000059800F0B3F90544002706E001A85A46A6
:10830000C05D179990476D1C7F1C4745F6DBE00365
:108310000CD55B462146179A059800F09FF9054455
:1083200004E030205A46179990476D1C0099481E6A
:1083300000900029F5DC08E0029802995A4600787E
:10834000491C0291179990476D1CBAF10001AAF1DE
:10835000010AF1DC65E10000092801003031323307
:108360003435363738396162636465660000000071
:10837000303132333435363738394142434445465B
:108380000000000000F058F90544761C3078002801
:108390007FF4ECAD19B02846BDE8F08F620700D439
:1083A000062709F1070222F0070CFCE80223E14648
:1083B00003F000485FEA080C02D00FF2702C0DE0C9
:1083C0005FEA045C02D50FF2682C07E05FEAC47C28
:1083D00002D00FF2602C01E0AFF2700C4FF0FF38CA
:1083E00023F00043CDF850C065280CD006DC4528AA
:1083F00009D046281DD047283DD13DE0662818D039
:1084000067287ED138E00021112F01DB112000E028
:10841000781CCDE9000106A90EA8FFF7DDFCDDE917
:108420000F010E9A03910021009207F1010A0491B5
:108430004DE04FF000400097CDE9011006A90EA8CD
:10844000FFF7CAFCDDE90F0203920E9B119900228F
:10845000DDF80CA00093049211B9791C00EB010A1D
:10846000B7EB0A0004D4C0F1FF3007F1010A049011
:10847000AAEB0700019044E0012F00DA0127002158
:10848000112F01DD112000E03846CDE9000106A9D9
:108490000EA8FFF7A1FCDDE90F010E9A0391002160
:1084A00004910092BA4621070CD40399514500DA91
:1084B0008A46BAF1010F05DD009AAAF10101515C6B
:1084C000302908D0B84202DA10F1040F06DA01218F
:1084D000CDE9011015E0AAF10101E9E7002805DC6A
:1084E000049901440491AAEB000102E0411C5145AA
:1084F00000DD8A460499401A401C01904FF000406C
:108500000290200704D40198504501DBCDF8048087
:1085100000208DF84F0002980DF14F07B0F1004F89
:1085200025D02B200E9002984FF0020800280CDA7C
:10853000404202902D200E9007E00A210298FFF79A
:10854000C3F93031029007F8011DB8F10001A8F11C
:108550000108F2DC02980028EFD1791E0E9808700D
:10856000307800F0200040F0450007F8020D12A816
:10857000C01B00F107081498007800B1012000EB3F
:108580000A01019801EBE07105984144401A401E30
:108590000590E00306D45B462146179A059800F043
:1085A0005DF805441498007818B15A461799904719
:1085B0006D1CE00324D55B462146179A059800F010
:1085C0004DF805441CE00498002807DBDDE90301B1
:1085D000884203DD0098405C179901E0179930202C
:1085E0005A469047049805F10105401C04900198F3
:1085F000401E019004D12E205A46179990476D1CB9
:10860000BAF10001AAF1010ADDDC05E017F8010B5F
:108610005A46179990476D1CB8F10001A8F101085E
:10862000F4DC5B462146179A0598ABE62D00000066
:108630002B000000200000002DE9F0410446002539
:108640001E461746880404D405E039462020B0476A
:108650006D1C641EF9D52846BDE8F0812DE9F04176
:10866000044600251E469046C80301D5302700E089
:108670002027880404D505E041463846B0476D1CE4
:10868000641EF9D52846BDE8F0810A68531C0B60CA
:10869000107070472DE9F04D8D4F21F0004A86B0E3
:1086A00005460C46BA452ADBAAEB070028430AD048
:1086B0008848824501DC1AD1CDB106B02846BDE814
:1086C000F04DFFF760BB844A844B2846FEF773FFEA
:1086D00007460E46824A834B28462146FEF76BFF2B
:1086E00006B03A463346BDE8F04DFEF7BDBE012068
:1086F000FFF76CFB06B0BDE8F04DFFF749BB7A48C9
:10870000824542DABAF1795F0BDA2846FFF7D2FAEE
:10871000042808BFFFF742FB284606B02146BDE803
:10872000F08D2A460B461046FEF745FF834602466B
:108730006E480E460B4606217844FFF7CFFA5A469C
:108740003346FEF738FF804669488A465A46334624
:1087500004217844FFF7C2FA5A463346FEF72BFF4E
:1087600000223B46FEF780FE02460B46404651463D
:10877000FEF793FF2A462346FEF71DFF06B02A4662
:108780002346BDE8F04DFEF76FBE284624F00041B9
:1087900000223D463B46FEF70BFF4FF0FF32FFF74E
:1087A0008FF90646024653480F460B460621784489
:1087B000FFF794FA32463B46FEF7FDFECDE9000195
:1087C0004D4832463B4604217844FFF787FA32464B
:1087D0003B46FEF7F0FE00222B46FEF745FE8346A1
:1087E00002913046394600F05DFA804643480D4616
:1087F000504517DCDDE900015A46029BFEF74DFFAC
:1088000042462B46FEF7D7FE42462B46FEF72CFE8D
:108810000122FFF755F9304A304BFEF7C6FE304AC9
:10882000304B4CE04FF0000A52460B464046FEF7F4
:108830001BFECDE9031052462B4610461946FEF7A3
:10884000BAFE32463B46FEF7B3FEDDE90332FEF7E1
:1088500024FF06460F46DDE900015A46029BFEF75B
:108860001CFF83460091012230463946FFF728F964
:10887000194A1A4BFEF79CFE06460F460122404657
:108880002946FFF71DF95A46009BFEF794FE324633
:108890003B46FEF78AFE06460F4601225046294611
:1088A000FFF70EF90E4DDFF858802A464346FEF7D3
:1088B0007FFE32463B46FEF77BFE2A464346FEF7E6
:1088C00077FE002CD8BF81F0004106B0BDE8F08DE6
:1088D0000000F03F0000F07F075C143326A6913CB7
:1088E000182D4454FB21F93F0000E03F1C1200000A
:1088F00032120000A6110000BC1100003333EF3F1C
:10890000FB21E93F2DE9F84F04460D4621F00040D8
:1089100000917349814211DC7249884201DC06D121
:108920002CB120462946BDE8F84FFFF72CBA6E4817
:10893000002DCCBF6D496E49BDE8F88F6D4981426D
:1089400011DD6D498142D8BF4FF0FF366DDD204605
:108950002946FFF7AFF9042808BFFFF71FFA2046A2
:108960002946BDE8F88F6549654F25F000458142ED
:1089700033DD6449814219DD002632464FF08043E1
:1089800020462946FEF770FD80468A460122204691
:108990002946FFF795F800223B46FEF706FE4246C1
:1089A0005346FEF77AFE04460D463EE001260022BD
:1089B000BA463B4620462946FEF756FD80460F46FE
:1089C0000022534620462946FEF7EFFD42463B462D
:1089D000FEF763FE04460D4627E04B4981421BDD4E
:1089E000DFF828A102260022534620462946FEF73A
:1089F000E2FD00223B46FEF737FD80460F4600228F
:108A0000534620462946FEF7D0FD42463B46FEF738
:108A100044FE04460D4608E0032622462B4600206D
:108A20003B49FEF73AFE04460D4622462B461046C9
:108A30001946FEF7C0FD8B46824602460B46FEF7FE
:108A4000BAFD07460246334888460B46062178445D
:108A5000FFF744F952465B46FEF7ADFD82462E48CD
:108A60008B463A46434605217844FFF737F93A46A4
:108A70004346FEF7A0FD02460B46002E50465946DF
:108A80000CDAFEF7F1FC22462B46FEF794FD01B00E
:108A900022462B46BDE8F04FFEF78ABDFEF7E4FC08
:108AA00022462B46FEF787FD1C4A7A4402EBC6039A
:108AB000D3E90023FEF779FD22462B46FEF775FD2C
:108AC000174A7A4402EBC603D3E90023FEF770FD90
:108AD000009A002AB8BF81F00041BDE8F88F00007D
:108AE000000010440000F07F182D4454FB21F93F92
:108AF000FB21F9BF0000DC3F0000203E0000F33FF7
:108B00000000F03F0000E63F008003400000F83F17
:108B10000000F0BFBE0F00007C0F00001A0F000025
:108B2000E20E00002DE9F04D9446CCF1000423F054
:108B300000464CEA0404524F46EAD4749A468846EA
:108B400021F00042BC4206D8454240EA050442EA10
:108B5000D474BC4204D9BDE8F04D6246FFF716B9A3
:108B6000AAF14055A5F17F6555EA0C040BD002240B
:108B700004EAAA74434DDFF810E144EAD87452EADB
:108B8000000B04D00CE0BDE8F04DFFF7BBBE002C9D
:108B900014BF012CBDE8F08D022C30D0032C32D054
:108BA00056EA0C0B0AD0BE4220D1BA4209D126F0B7
:108BB000804622F080423346114617E000291ADB36
:108BC00025E0DFF8C8B0FB44002C04BFDBE900015E
:108BD000BDE8F08D012C02BFDBE9000181F000410E
:108BE000BDE8F08D022C0AD0032C0CD0BA4212D171
:108BF000B8F1000F0BDA23482549BDE8F08D28466F
:108C00002449BDE8F08D28467146BDE8F08D1D4829
:108C10002149BDE8F08D921B12153C2AC4BF1948AA
:108C20001D490EDCBAF1000FBEBF12F13C0F00204F
:108C3000014606DB6246FEF730FD21F00041FFF7FA
:108C400061FE002C08BFBDE8F08D012C04BF81F04F
:108C50000041BDE8F08D114A114B022C07D0FEF700
:108C6000A4FC2A46BDE8F04D0A4BFEF79EBCFEF779
:108C70009CFC2A46BDE8F04D064BFEF799BC00006F
:108C80000000F07F182D4454FB2109C0760E00002F
:108C9000FB21F9BFFB210940FB21F93F075C14339D
:108CA00026A6A13C2DE9F04106460F46FEF772FFCD
:108CB000041E0D4618BF0120284320F00040C0F1DB
:108CC0007F6000F1E040C00F0ED0301C18BF0120C3
:108CD000384320F00040C0F17F6000F1E040C00F59
:108CE00004BF0120FFF772F820462946BDE8F08155
:108CF0000000000000406740B81E85EB51B8CE3F31
:108D00000000000000001240B81E85EB51B8BE3FC5
:108D10006800000476005401F7FD000175191A0C73
:108D20006A231B1C1F207274433B4138393A6B6C19
:108D3000376F06246D6E700083000000000800008D
:108D40000001001832000500000020410000D2425E
:108D5000295C0F3E9A99993E3333733F295C0F3E4D
:108D6000000070000000002400000002000300006A
:108D700000650054FFEF0000FA80000B1282000132
:108D8000030C30C30E8C8CE914D5400213710F8E86
:108D90003883F8833000F883258EF8833000F88319
:108DA000FFFFFFFF0FFEA9D6240004001A8279A15D
:108DB0000000003CFFFF00000010000038836FA29D
:108DC000003E03304000000002CAE3093E8000007C
:108DD00020000000000000004000000060000000D3
:108DE000000C0000000C186E000006920A16C0DF8E
:108DF000FFFF0256FD8CD377FFE1C496E0C5BEAA03
:108E000000000000FFFF0B2B000016570000035965
:108E10004000000000001DFA00026C1D0000000070
:108E20003FFFDFEB003EB3B6000D227800002F3C81
:108E300000000000001942B5000039A20000B3652F
:108E4000D90E9FC91DCF4C343000000050000000E7
:108E50003BB67AE80064000000C800000000000093
:108E6000100000001000FA921000225E000D229FF8
:108E70000001000000320000FF46000063D4000043
:108E80001000000004D6000004CC000004CC000058
:108E90000000107200000040000000000000000010
:108EA000000600020005000700000000006400004A
:108EB0000000000000000005000500640020000024
:108EC000000000000000000000004000000003005F
:108ED00000000032F8980000FF650000830F0000DA
:108EE000FF9BFC00000000000000000000000000EC
:108EF0000000000000000000000000000000000072
:108F00000000000000000000000000000000100051
:108F100040000000000000060000B26A00020000ED
:108F20000001FB830068000000D9FC007CF1FF8396
:108F30000000000000650000006403E800640028F1
:108F4000000000250000000016A000000000100036
:108F500000001000002F0000000001F400001000CD
:108F600000280000FFFF4581FFFFFA7200000000AB
:108F700000000000004400050005BAC6004778A2C2
:108F800000000001000000000000060000000014C6
:108F90000000254D002F706D000005AE000C02D0C2
:108FA00000000000000000000000000000000000C1
:108FB000001B000000000000000000000000000096
:108FC0000064000000080000000000000000000035
:108FD0000000000000000000000000000000000091
:108FE0000000000000000000000000000000000081
:108FF0000000000000000000000000000000000071
:109000000000000000000000000000000000000060
:109010000000000000000000000000000000000050
:10902000001B00000000000000000000000E000E09
:1090300000000AC70004000000000032FFFFFF9C90
:1090400000000B2B00000002000000010000006483
:10905000FFE500000000000000000000000000002C
:1090600000000001000000000001000000000000FE
:10907000000180000001800000018000002426D350
:109080000000000000000000000600100096003CF8
:1090900000000000000000000000000000000000D0
:1090A0000C0A4E68CDCF770950166759C619CE8283
:1090B00000000000000000000000000000000000B0
:1090C000000000000000000017D78400030000002B
:1090D0000000000000000000C7938F9D1E1B1C199C
:1090E0000000000000000000000000000000000080
:1090F000000000000000000002031885000040008E
:109100000000000300000003000000000000000059
:10911000400000000000000000000000000000000F
:10912000000000000000000000000000000000003F
:10913000000000000000000000000000000000002F
:1091400000000000677DDF7E72902E554CF6E688A9
:10915000000000000000000000000000000000000F
:10916000D8DCB4B8B0D8B9ABF3F8FAB3B7BB8E9EBD
:10917000AEF132F51BF1B4B8B08097F1A9DFDFDFB3
:10918000AADFDFDFF2AAC5CDC7A90CC92C97F1A9C8
:1091900089264666B28999A92D557DB0B08AA896D0
:1091A000365676F1BAA3B4B280C0B8A89711B2838C
:1091B00098BAA3F0240844106418B2B9B49883F1A3
:1091C000A329557DBAB5B1A38393F0002850F5B219
:1091D000B6AA839328547CF1B9A3829361BAA2DA28
:1091E000DEDFDB819AB9AEF5606870F1DABAA2DF32
:1091F000D9BAA2FAB9A38292DB31BAA2D9BAA2F83B
:10920000DF85A4D0C1BBAD83C2C5C7B8A2DFDFDF95
:10921000BAA0DFDFDFD8D8F1B8AAB38DB4980D3586
:109220005DB2B6BAAF8C96198F9FA70E161EB49A70
:10923000B8AA872C547CBAA4B08AB691325676B2BA
:109240008494A4C808CDD8B8B4B0F19982A82D559B
:109250007D98A80E161EA22C547C92A4F02C507857
:10926000F184A898C4CDFCD80DDBA8FC2DF3D9BAA5
:10927000A6F8DABAA6DED8BAB2B68696A6D0F3C8F1
:1092800041DAA6C8F8D8B0B4B882A892F52C5488B0
:1092900098F135D9F418D8F1A2D0F8F9A884D9C733
:1092A000DFF8F883C5DADF69DF83C1D8F40114F190
:1092B000A8824EA884F311D182F5D992289788F11B
:1092C00009F41C1CD884A8F3C0F9D1D99782F129DC
:1092D000F40DD8F3F9F9D1D982F4C203D8DEDF1A3C
:1092E000D8F1A2FAF9A88498D9C7DFF8F8F883C7AB
:1092F000DADF69DFF883C3D8F40114F198A8822E6D
:10930000A884F311D182F5D992509788F109F41C01
:10931000D884A8F3C0F8F9D1D99782F149F40DD8CF
:10932000F3F9F9D1D982F4C403D8DEDFD8F1AD88DE
:1093300098CCA809F9D98292A8F57CF1883ACF9403
:109340004A6E98DB6931DAADF2DEF9D88795A8F27A
:1093500021D1DAA5F9F417D9F1AE8ED0C0C3AE820F
:10936000C684C3A88595C8A588F2C0F1F4010EF1A2
:109370008E9EA8C63E56F554F18872F40115F198F8
:1093800045856EF58E9E0488F142985A8E9E068819
:1093900069F4011CF1981E1108D0F504F11E970222
:1093A00002983625DBF9D985A5F3C1DA85A5F3DF67
:1093B000D88595A8F309DAA5FAD88292A8F578F1AC
:1093C000881A849F26889821DAF41DF3D8879F395C
:1093D000D1AFD9DFDFFBF9F40CF3D8FAD0F8DAF922
:1093E000F9D0DFD9F9D8F40BD8F3879F39D1AFD9A9
:1093F000DFDFF41DF3D8FAFCA869F9F9AFD0DADEA3
:10940000FAD9F88F9FA8F1CCF398DB45D9AFDFD01C
:10941000F8D8F18F9FA8CAF38809DAAF8FCBF8D8B4
:10942000F2AD978D0CD9A5DFF9BAA6F3FAF412F2D2
:10943000D8950DD1D9BAA6F3FADAA5F2C1BAA6F336
:10944000DFD8F1BAB2B68696A6D0CAF349DAA6CB6F
:10945000F8D8B0B4B8D8AD84F2C0DFF18FCBC3A8D0
:10946000B2B68696C8C1CBC3F3B0B48898A821DB46
:10947000718D9D71859521D9ADF2FAD88597A8286F
:10948000D9F408D8F28D29DAF405D9F285A4C2F20C
:10949000D8A88D9401D1D9F411F2D88721D8F40A33
:1094A000D8F28498A8C801D1D9F411D8F3A4C8BBC4
:1094B000AFD0F2DEF8F8F8F8F8F8F8F8D8F1B8F626
:1094C000B5B9B08A95A3DE3CA3D9F8D85CA3D9F886
:1094D000D87CA3D9F8D8F8F9D1A5D9DFDAFAD8B170
:1094E0008530F7D9DED8F830ADDADED8F2B48C9911
:1094F000A32D557DA083DFDFDFB591A0F629D9FB31
:10950000D8A0FC29D9FAD8A0D051D9F8D8FC51D983
:10951000F9D879D9FBD8A0D0FC79D9FAD8A1F9F932
:10952000F9F9F9A0DADFDFDFD8A1F8F8F8F8F8AC3C
:10953000DEF8ADDE8393AC2C547CF1A8DFDFDFF6E0
:109540009D2CDAA0DFD9FADB2DF8D8A850DAA0D00C
:10955000DED9D0F8F8F8DB55F8D8A878DAA0D0DF53
:10956000D9D0FAF8F8F8F8DB7DF8D89CA88CF5305B
:10957000DB38D9D0DEDFA0D0DEDFD8A848DB58D971
:10958000DFD0DEA0DFD0DED8A868DB70D9DFDFA0B7
:10959000DFDFD8F1A888902C547C98A8D05C38D113
:1095A000DAF2AE8CDFF9D8B087A8C1C1B188A8C6FD
:1095B000F9F9DA36D8A8F9DA36D8A8F9DA36D8A817
:1095C000F9DA36D8A8F9DA36D8F78D9DADF818DA79
:1095D000F2AEDFD8F7ADFA30D9A4DEF9D8F2AEDEBC
:1095E000FAF983A7D9C3C5C7F1889BA77AADF7DE7F
:1095F000DFA4F8849408A797F300AEF29819A48822
:10960000C6A39488F632DFF28393DB09D9F2AADF8E
:10961000D8D8AEF8F9D1DAF3A4DEA7F1889B7AD8CE
:10962000F38494AE19F9DAAAF1DFD8A881C0C3C5D2
:10963000C7A39283F628ADDED9F8D8A350ADD9F8E8
:10964000D8A378ADD9F8D8F8F9D1A1DADEC3C5C767
:10965000D8A18194F818F2B089ACC3C5C7F1D8B8C5
:10966000B4B09786A8319B069907AB9728889BF0E2
:109670000C201440B0B4B8F0A88A9A285078B79B50
:10968000A8295179247059446938644831F1BBAB39
:1096900088002C547CF0B38BB8A804285078F1B023
:1096A00088B49726A85998BBABB38B02264666B000
:1096B000B8F08A9CA82951798B2951798A2470594C
:1096C0008B2058718A4469388B3940688A644831E4
:1096D0008B30496088F1AC002C547CF08CA80428B5
:1096E0005078F1889726A85998AC8C02264666F0E7
:1096F000899CA8295179247059446938644831A952
:109700008809205970AB11384069A8193148608C1C
:10971000A83C415C207C00F187981986A86E767E73
:10972000A999882D557DD8B1B5B9A3DFDFDFAED0BB
:10973000DFAAD0DEF2ABF8F9D9B087C4AAF1DFDF37
:10974000BBAFDFDFB9D8B1F1A3978E60DFB084F291
:10975000C8F8F9D9DED89385F14AB183A308B58357
:109760009A0810B79F10D8F1B0BAAEB08AC2B2B69C
:109770008E9EF1FBD9F41DD8F9D90CF1D8F8F8ADCB
:1097800061D9AEFBD8F40CF1D8F8F8AD19D9AEFB1D
:10979000DFD8F416F1D8F8AD8D61D9F4F4ACF59CAE
:1097A0009C8DDF2BBAB6AEFAF8F40BD8F1AED0F838
:1097B000AD51DAAEFAF8F1D8B9B1B6A3839C08B9C5
:1097C000B1839AB5AAC0FD3083B79F10B58B93F2D1
:1097D0000202D1ABDADED8F1B080BAABC0C3B2843A
:1097E000C1C3D8B1B9F38BA391B609B4D9ABDEB07C
:1097F000879CB9A3DDF1B38B8B8B8B8BB087A3A335
:10980000A3A3B28BB69BF2A3A3A3A3A3A3A3A3A3D7
:10981000A3F1B087B59AA3F39BA3A3DCBAACDFB9DD
:10982000A3A3A3A3A3A3A3A3A3A3A3A3A3A3A3A308
:10983000D8D8D8BBB3B7F1AAF9DAFFD9809AAA2849
:10984000B48098A720B79787A86688F07951F190DF
:109850002C870CA781976293F07171608594012920
:10986000517990A5F1284C6C870C95188578A383C5
:1098700090284C6C886CD8F3A28200F210A8921940
:1098800080A2F2D926D8F188A84DD948D896A8390F
:1098900080D93CD89580A839A68698D92CDA87A794
:1098A0002CD8A8899519A980D938D8A88939A98030
:1098B000DA3CD8A82EA83990D90CD8A8953198D9D7
:1098C0000CD8A809D9FFD801DAFFD89539A9DA262A
:1098D000FFD890A80D8999A810809821DA2ED889F0
:1098E00099A83180DA2ED8A886963180DA2ED8A8A9
:1098F000873180DA2ED8A88292F34180F1D92ED810
:10990000A882F31980F1D92ED882ACF3C0A28022AC
:10991000F1A62EA72EA92298A829DAACDEFFD8A29C
:10992000F22AF1A92E8292A8F23180A696F1D900EE
:10993000AC8C9C0C30ACDED0DEFFD88C9CACD01054
:10994000ACDE8092A2F24C82A8F1CAF235F1968880
:10995000A6D900D8F1FF0000555555555555C53FBE
:109960007D6FEB0312D6D4BF5544880E55C1C93F55
:109970003B8F68B52882A4BF88B20175E0EF493FEC
:1099800009F7FD0DE13D023F4B2D8A1C273A03C02C
:10999000C88A599CE52A004059018D1B6C06E6BF18
:1099A00082922EB1C5B8B33F4FBB610567ACDD3FB6
:1099B000182D4454FB21E93F9BF681D20B73EF3FF6
:1099C000182D4454FB21F93FE2652F227F2B7A3C6E
:1099D000075C143326A6813CBDCBF07A8807703C27
:1099E000075C143326A6913CC4EB98999999C9BF9A
:1099F000711623FEC671BCBF6D9A74AFF2B0B3BFCF
:109A00009AFDDE522DDEADBF2F6C6A2C44B4A2BF8E
:109A10000D5555555555D53FFF8300922449C23FFA
:109A20006E204CC5CD45B73F513DD0A0660DB13F2E
:109A3000EB0D76244B7BA93F11DA22E33AAD903F40
:109A400000000000000000002050726F6475637415
:109A50002049442072656164206173203020696E62
:109A60006469636174657320646576696365206900
:109A7000732065697468657220696E636F6D7061CB
:109A80007469626C65206F7220616E204D50553391
:109A90003035302E0A000000B89A0008000000207F
:109AA000B8010000367C0008189B0008B8010020AF
:109AB00088050000BC7D0008412D0102030404104C
:109AC00009060708090204060884A24A0469183234
:109AD000FF290452010342803F032E4041273A43AD
:109AE0008FC2753E076890408FC2F53D03168813FC
:109AF00023200330096F12833AA69B443B07293F7A
:109B00000AD7A33B01EB803F0C131C8D1B081004EC
:089B100001205A382400000076
:04000005080000ED02
:00000001FF
