:020000040800F2
:1000000040070020F54300088131000883310008D3
:10001000873100088B3100088F3100080000000094
:100020000000000000000000000000009331000804
:100030009531000800000000973100089931000850
:100040000F4400080F4400080F4400080F44000844
:100050000F4400080F4400080F440008AF42000896
:100060000F4400080F4400080F4400080F44000824
:100070000F4400080F4400080F4400080F44000814
:100080000F4400080F4400080F4400080F44000804
:100090000F4400080F4400080F4400080F440008F4
:1000A0000F440008114200080F4400080F440008E4
:1000B0000F4400082D2800083D2800080F440008C0
:1000C0000F4400080F4400080F4400080F440008C4
:1000D0000F4400080F4400080F4400080F440008B4
:1000E0000F4400080F4400080F440008DFF80CD04C
:1000F00007F0ECFC0048004781260008400700207C
:1001000031490143314A1160704770B50021002325
:100110000F22C47804B32D4C246804F4E064C4F5C1
:10012000E064210AC1F10403CA40447804FA03F1EF
:100130008478144021430901254C0678A1550478A0
:1001400004F01F050124AC4005786D11AD0005F1E8
:10015000E025C5F8004109E0047804F01F050124FA
:10016000AC401C4D0678761145F8264070BD1A4A01
:100170000A400243154B1B1F1A60704739B1134ADE
:10018000121D12680243114B1B1D1A6006E00F4A34
:10019000121D126882430D4B1B1D1A607047042804
:1001A00008D14FF0E021096941F004014FF0E0224D
:1001B000116107E04FF0E021096921F004014FF0DF
:1001C000E0221161704700000000FA050CED00E02C
:1001D00000E400E080E100E080FFFF1F00204449D0
:1001E0000860091D0860091D0860091D0860414874
:1001F0003F4914310860704700213D498279002A47
:100200003AD00A46126803689A430B461A600A1DE0
:10021000126803689A430B1D1A60027911440A6838
:1002200003681A430A60324A0832126803689A4324
:100230002F4B08331A601A1D126803689A432C4B1F
:100240000C331A604279102A0ED11A1F1268036803
:100250001A43274B08331A601A1D126803681A43A1
:10026000234B0C331A600DE02149427911440A688E
:1002700003681A430A6005E0027911440A680368BA
:100280009A430A6070470021016001710C2141719D
:100290000021817170471649103109680143144AE1
:1002A00010321160704701460020114A1432126862
:1002B0000A400AB1012000E0002070470C491431C7
:1002C00008607047014600200022094B1B6803EAC2
:1002D0000102074B14331B680B4013B10AB1012014
:1002E00000E00020704702491431086070470000A8
:1002F00000040140FFFF0F0010B50446CC488442C3
:1003000008D10121042000F02DFB0021042000F081
:1003100029FB46E0C748844208D10121082000F0AB
:1003200021FB0021082000F01DFB3AE0C248844276
:1003300008D10121102000F015FB0021102000F051
:1003400011FB2EE0BD48844208D10121202000F09D
:1003500009FB0021202000F005FB22E0B848844280
:1003600008D10121402000F0FDFA0021402000F0DA
:10037000F9FA16E0B348844208D10121802000F048
:10038000F1FA0021802000F0EDFA0AE0AE48844244
:1003900007D10121801500F0E5FA0021A01500F039
:1003A000E1FA10BD10B50121084600F0DBFA00218A
:1003B000012000F0D7FA10BD2DE9F04102460025DA
:1003C0000026002000230024002791F803C00CF031
:1003D0000F0591F803C00CF0100CBCF1000F03D016
:1003E00091F802C04CEA050591F800C0BCF1000F7D
:1003F00031D0146800202BE04FF0010C0CFA00F310
:10040000B1F800C00CEA03069E4220D183004FF0F1
:100410000F0C0CFA03F7BC4305FA03FC4CEA040486
:1004200091F803C0BCF1280F06D14FF0010C0CFA73
:1004300000FCC2F814C00AE091F803C0BCF1480FF8
:1004400005D14FF0010C0CFA00FCC2F810C0401CA2
:100450000828D1D31460B1F800C0BCF1FF0F34DD1F
:10046000546800202EE000F1080C4FF0010808FA53
:100470000CF3B1F800C00CEA03069E4221D18300C0
:100480004FF00F0C0CFA03F7BC4305FA03FC4CEADF
:10049000040491F803C0BCF1280F05D100F1080C49
:1004A00008FA0CF8C2F8148091F803C0BCF1480FA8
:1004B00007D100F1080C4FF0010808FA0CF8C2F857
:1004C0001080401C0828CED35460BDE8F0814FF660
:1004D000FF710180022181700421C17070470246C2
:1004E000002093680B400BB1012000E00020704712
:1004F0000146886880B2704702460020D3680B40EE
:100500000BB1012000E0002070470146C86880B2AE
:10051000704701617047416170470AB1016100E0B5
:1005200041617047C16070474FF480320A43826175
:100530008161826182698269704702460020434B73
:1005400018684FF68073184040EA021008433F4B8A
:10055000186070473E49C8617047F0B50A460023ED
:1005600000240021002500F00046B6F1004F02D122
:10057000364EF16901E0354E7168C0F3034583B230
:1005800000F44016B6F5401F08D121F070612F4EDF
:10059000766826F070662D4F7E6012E000F48016BB
:1005A000B6F5801F06D1032606FA05F4A14341F0F3
:1005B000706106E0460D360103FA06F6B14341F0DC
:1005C000706122B1460D360103FA06F6314300F0A0
:1005D0000046B6F1004F02D11C4EF16101E01B4E06
:1005E0007160F0BD30B500228B071C0F0F2303FA9A
:1005F00004F2164B08338C1053F824309343134CF9
:1006000008348D1044F8253023468C1053F82430DC
:100610008C07240F00FA04F423430C4C08348D108B
:1006200044F8253030BD0A49DC31086070470000CD
:1006300000080140000C014000100140001401407E
:1006400000180140001C0140002001400000014052
:1006500000002042DF48006840F00100DD490860EA
:1006600008464068DC490840DA49486008460068A6
:10067000DA490840D74908600846006820F480201D
:1006800008600846406820F4FE0048604FF41F00F0
:1006900088607047CF49096821F48031CD4A1160E4
:1006A0001146096821F480211160B0F5803F03D024
:1006B000B0F5802F0ED106E0C649096841F48031BB
:1006C000C44A116007E0C349096841F4A021C14A46
:1006D000116000E000BF00BF704710B50146002266
:1006E000002300204A11012A02D1BA4C236806E0F7
:1006F000022A02D1B74C236A01E0B64C636A01F0CA
:100700001F02012494401C400CB1012000E0002095
:1007100010BD38B5002000900024002500BF312016
:10072000FFF7DBFF05460098401C00900098B0F5ED
:10073000A06F01D0002DF2D03120FFF7CEFF08B11D
:10074000012400E00024204638BD01460020A14AD3
:10075000106820F0F80040EAC10010607047A0491E
:1007600008607047024600209A4B586820F47C10BD
:1007700042EA01031843974B58607047984908664E
:10078000704701460020934A506820F00300084358
:10079000506070478F48406800F00C007047014679
:1007A00000208C4A506820F0F000084350607047E9
:1007B00001460020874A506820F4E06008435060FA
:1007C000704701460020834A506820F4605040EA98
:1007D000C1005060704729B17E4A527A02437D4B76
:1007E0005A7204E07B4A527A82437A4B5A727047BB
:1007F0007B49D8310860704701460020754A50682F
:1008000020F440400843506070470021714A203274
:100810001170704A82F82010012802D004280AD1F1
:1008200004E001216B4A2032117005E00521694A7C
:100830002032117000E000BF00BF704769490860B6
:1008400070476449096A0143624A11627047654909
:1008500044390860704730B500210022002400238D
:100860005C4D6D6805F00C0121B1042905D0082903
:1008700023D105E05C4D056022E05B4D05601FE083
:10088000544D6D6805F47012524D6D6805F4803456
:10089000022505EB92421CB9544D554305600BE00F
:1008A0004C4D6D6805F400351DB1504D5543056044
:1008B00002E04D4D5543056002E04B4D056000BF21
:1008C00000BF444D6D6805F0F0010909484D6B5CAF
:1008D0000568DD4045603F4D6D6805F4E061090A3B
:1008E000434D6B5C4568DD4085603A4D6D6805F4AD
:1008F0006051C90A3E4D6B5C4568DD40C560354DB1
:100900006D6805F44041890B3A4D6B5CC568B5FBD9
:10091000F3F5056130BD29B12E4A526902432D4BD2
:100920005A6104E02B4A526982432A4B5A6170474C
:1009300029B1284A92690243264B9A6104E0254A6C
:1009400092698243234B9A61704729B1214AD26947
:100950000243204BDA6104E01E4AD26982431D4BF8
:10096000DA61704729B11B4AD2680243194BDA6039
:1009700004E0184AD2688243164BDA60704729B106
:10098000144A12690243134B1A6104E0114A1269B6
:100990008243104B1A617047124940390860704712
:1009A0000F49C86470470B49C87170470948406ACD
:1009B00040F0807007494862704701460020054AB0
:1009C00092680A400AB1012000E000207047014906
:1009D00088727047001002400000FFF8FFFFF6FE2B
:1009E000000042428004424200127A0000093D00A9
:1009F000000000201000002010B50446FE4884428C
:100A000008D10121C014FFF7ADFF0021E014FFF76A
:100A1000A9FFC4E0B4F1804F08D101210846FFF7D7
:100A2000AEFF00210120FFF7AAFFB8E0F34884429F
:100A300008D101210220FFF7A2FF00210220FFF7C9
:100A40009EFFACE0EE48844208D101210420FFF76C
:100A500096FF00210420FFF792FFA0E0E9488442BE
:100A600008D101210820FFF78AFF00210820FFF7A5
:100A700086FF94E0E448844208D101211020FFF76A
:100A80007EFF00211020FFF77AFF88E0DF488442D4
:100A900008D101212020FFF772FF00212020FFF75D
:100AA0006EFF7CE0DA48844208D101214014FFF750
:100AB00059FF00216014FFF755FF70E0D5488442CC
:100AC00009D10121C804FFF74DFF00214FF4002098
:100AD000FFF748FF63E0D048844209D101210805AF
:100AE000FFF740FF00214FF48010FFF73BFF56E077
:100AF000CA48844209D101214805FFF733FF00218C
:100B00004FF40010FFF72EFF49E0C548844208D19A
:100B100001214020FFF733FF00214020FFF72FFF86
:100B20003DE0C048844208D101218020FFF727FF23
:100B300000218020FFF723FF31E0BB48844208D129
:100B400001218015FFF71BFF0021A015FFF717FFFC
:100B500025E0B648844209D101210804FFF702FFCD
:100B600000214FF48030FFF7FDFE18E0B0488442CA
:100B700009D101214804FFF7F5FE00214FF40030B0
:100B8000FFF7F0FE0BE0AB48844208D10121880456
:100B9000FFF7E8FE00214FF48020FFF7E3FE10BDD1
:100BA00000220288944B98420ED0994B98420BD069
:100BB000B0F1804F08D0914B984205D0904B9842AD
:100BC00002D0904B984204D14FF68F731A404B8855
:100BD0001A438D4B984207D08C4B984204D04FF665
:100BE000FF431A40CB881A4302808B8883850B8889
:100BF0000385814B98420BD0854B984208D08B4B94
:100C0000984205D08A4B984202D08A4B984201D133
:100C10000B7A038601238382704770B5002400227B
:100C20000023058C4FF6FE7635400584028C8388C0
:100C3000048B4FF68F752C40B51E2C400D882C432D
:100C4000751E2A400D892A434D882A436A4DA842C1
:100C50000BD06F4DA84208D0744DA84205D0744DFA
:100C6000A84202D0734DA84213D14FF6F7752A401F
:100C70004D892A434FF6FB752A408D882A434FF64B
:100C8000FF652B404FF6FF552B408D892B43CD89B7
:100C90002B4383800483CD888586028470BD70B524
:100CA000002400220023058C4FF6EF7635400584A2
:100CB000028C8388048B48F6FF752C404FF6FF4565
:100CC0002C400D884FF6FF7606EA05252C434FF69B
:100CD000DF752A400D8906EA05152A434D8806EA84
:100CE00005152A43444DA84202D0494DA8421DD1C2
:100CF0004FF67F752A404D894FF6FF7606EA0515B7
:100D00002A434FF6BF752A408D8806EA05152A4307
:100D10004FF6FF352B404FF2FF752B408D8906EAC9
:100D200085052B43CD8906EA85052B438380048303
:100D3000CD880587028470BD70B500240022002391
:100D4000058C4FF6FF6635400584028C8388848BC2
:100D50004FF68F752C404FF6FC752C400D882C43B8
:100D60004FF6FF552A400D894FF6FF7606EA052516
:100D70002A434D8806EA05252A431F4DA84202D082
:100D8000234DA8421DD14FF2FF752A404D894FF6E1
:100D9000FF7606EA05252A434FF6FF352A408D885F
:100DA00006EA05252A434EF6FF752B404DF6FF75E2
:100DB0002B408D8906EA05152B43CD8906EA0515DA
:100DC0002B4383808483CD888587028470BD70B572
:100DD000002200230024058C4EF6FF763540058462
:100DE000038C8488828B48F6FF752A404FF6FF45B6
:100DF0002A400D8820E00000002C01400004004043
:100E000000080040000C00400010004000140040AA
:100E100000340140004C01400050014000540140AA
:100E200000180040001C004000200040004001402D
:100E300000440140004801404FF6FF7606EA0525D0
:100E40002A434DF6FF752B400D8906EA05352B43E5
:100E50004D8806EA05352B43FA4DA84202D0FA4DDB
:100E6000A84208D14BF6FF752C408D894FF6FF76CE
:100E700006EA85152C4384808283CD88A0F84050F3
:100E8000038470BD828B4FF2FF331A408283828BC2
:100E90004FF6FF7303EA01231A4382837047F0B5CC
:100EA0000C461546002200210026078C4EF6FF7CDA
:100EB00007EA0C070784828B018C4FF6FF7707EA5D
:100EC000043640F6FF473A404FF6FF7707EA05271A
:100ED0003A434FF6FF7707EA03373A43D94FB84210
:100EE0000ED0D94FB8420BD0B0F1804F08D0D74FB9
:100EF000B84205D0D64FB84202D0D64FB84206D13C
:100F00004DF6FF77394046F48057394305E047F600
:100F1000FF57394044F48057394382830184F0BD40
:100F2000828B4FF6F3731A408283828B0A4382834B
:100F30007047F0B50C461546002200210026078CAC
:100F40004FF6FF6C07EA0C070784828B018C4FF683
:100F5000FF7707EA04264FF60C773A404FF6FF7703
:100F600007EA03172F433A43B64FB8420ED0B64FA5
:100F7000B8420BD0B0F1804F08D0B44FB84205D082
:100F8000B34FB84202D0B34FB84206D14FF6FF5725
:100F9000394046F48077394305E04FF2FF57394036
:100FA00044F48077394382830184F0BD028B4FF291
:100FB000FF331A400283028B4FF6FF7303EA0123CB
:100FC0001A4302837047F0B50C46154600220021F3
:100FD0000026078C4FF6EF7C07EA0C070784028B8C
:100FE000018C4FF6FF7707EA041640F6FF473A40B8
:100FF0004FF6FF7707EA03373A434FF6FF7707EAE2
:1010000005273A438F4FB8420ED08F4FB8420BD0CE
:10101000B0F1804F08D08D4FB84205D08C4FB84208
:1010200002D08C4FB84206D14FF6DF77394046F0F8
:101030001007394305E04FF65F77394044F0100759
:10104000394302830184F0BD028B4FF6F3731A40DB
:101050000283028B0A4302837047F0B50C461546A3
:1010600000220021068C4FF6FE773E400684028B5C
:10107000018C4FF60C7632407E1C06EA03162E4396
:101080003243704EB0420ED06F4EB0420BD0B0F132
:10109000804F08D06D4EB04205D06D4EB04202D0A8
:1010A0006C4EB04206D14FF6FD76314044F0010659
:1010B000314305E04FF6F576314044F00106314307
:1010C00002830184F0BD70B505460C465D4885423B
:1010D0000ED05D4885420BD0B5F1804F08D05B48FB
:1010E000854205D05A48854202D05A48854200D1EF
:1010F00000E000BF208850B92389A2886188284673
:10110000FFF7ABFFE1882846FFF79EFF25E0208828
:1011100004280AD12389A28861882846FFF753FF53
:10112000E1882846FFF742FF17E0208808280AD107
:101130002389A28861882846FFF7FBFEE1882846BC
:10114000FFF7EEFE09E02389A28861882846FFF7B1
:10115000A6FEE1882846FFF795FE70BD2DE9F04117
:1011600005460C4600260127608808B9022600E0E3
:101170000026A088012801D1022700E0012720884D
:10118000A0B92389A28861882846FFF766FFE18815
:101190002846FFF759FF23893A4631462846FFF78C
:1011A00012FFE1882846FFF701FF13E02389A28898
:1011B00061882846FFF707FFE1882846FFF7F6FE1B
:1011C00023893A4631462846FFF747FFE1882846FB
:1011D000FFF73AFFBDE8F0810A884B881A438B88F5
:1011E0001A43CB881A430B891A434B891A438B89BC
:1011F0001A43A0F8442070474FF6FF718180002108
:101200000180C180418001727047002101804180CE
:101210008180C180018141818181C181704700212C
:1012200001804180012181800021C18001817047BE
:101230000021018041808180C180018141818181C3
:1012400070470000002C01400034014000040040C1
:1012500000080040000C004021B1028842F0010269
:10126000028004E002884FF6FE731A400280704745
:1012700031B1B0F8442042F40042A0F8442005E027
:10128000B0F84420C2F30E02A0F8442070471AB10F
:1012900083890B43838102E083898B438381704779
:1012A0008182704741EA0203A0F8483070471AB1C2
:1012B00083890B43838102E083898B438381704759
:1012C00001894FF6F8721140018170470A460021EA
:1012D00001894FF68F73194011430181704730B572
:1012E00004460D4629462046FFF7F0FF208940F0CE
:1012F0000700208130BD2DE9F04104460D46164619
:101300001F46602D06D13B46012231462046FFF79D
:101310005AFE05E03B46012231462046FFF79DFE7E
:1013200029462046FFF7D2FF208940F007002081A0
:10133000BDE8F08130B50C4600210189C9B24FF6F5
:10134000FF7505EA0325154325432943018130BD77
:101350002DE9F04105460E461746984600244346BF
:101360003A4631462846FFF7E5FF2C894FF6F870DC
:10137000044044F007044FF68F70044044F07004BA
:101380002C81BDE8F081F0B504460D4616461F4697
:101390003B46324629462046FFF7CCFF208940F4E1
:1013A00080402081F0BD0185828270470A4600217D
:1013B00001884FF68F731940114301807047F0B5D3
:1013C0000C4615461E460021002200230189028B8F
:1013D000038C4FF6F877394021434FF6FC473A40EB
:1013E00040F201173A434FF6DD773B404FF6FF7767
:1013F00007EA06172F433B43018102830384F0BDB4
:101400000A460021018B4FF68F7319401143018367
:1014100070470A460021018B48F6FF7319404FF6CA
:10142000FF7303EA02231943018370470A46002130
:10143000818B4FF68F7319401143818370470A46A1
:101440000021818B48F6FF7319404FF6FF7303EAC2
:10145000022319438183704721B1028842F0800240
:10146000028004E002884FF67F731A4002807047C2
:1014700021B1828842F00402828004E082884FF623
:10148000FB731A408280704721B1828842F00802C3
:10149000828004E082884FF6F7731A40828070479A
:1014A00021B1828842F00102828004E082884FF6F6
:1014B000FE731A40828070470A460021018B4FF666
:1014C000F77319401143018370470A460021018BCD
:1014D0004FF2FF7319404FF6FF7303EA02231943DB
:1014E000018370470A460021818B4FF6F77319403C
:1014F0001143818370470A460021818B4FF2FF73AD
:1015000019404FF6FF7303EA0223194381837047A2
:101510000A460021018B4FF6FB73194011430183EA
:1015200070470A460021018B4FF6FF3319404FF6F2
:10153000FF7303EA02231943018370470A4600211F
:10154000818B4FF6FB7319401143818370470A4624
:101550000021818B4FF6FF3319404FF6FF7303EAEA
:1015600002231943818370470A460021018B4FF6FD
:101570007F7319401143018370470A460021018B94
:10158000C1F30E014FF6FF7303EA022319430183EF
:1015900070470A460021818B4FF67F731940114333
:1015A000818370470A460021818BC1F30E014FF6FB
:1015B000FF7303EA02231943818370470A4600211F
:1015C000018C4FF6FD7319401143018470470A46A0
:1015D0000021018C4FF6F7731940114301847047C5
:1015E0000A460021018C4FF6DF7319404FF6FF7356
:1015F00003EA02131943018470470A460021018C53
:101600004FF67F7319404FF6FF7303EA0213194335
:10161000018470470A460021018C4FF6FF531940A0
:101620004FF6FF7303EA02231943018470470A4609
:101630000021018C4FF2FF7319404FF6FF7303EA4C
:1016400002231943018470470A460021018C4DF69C
:10165000FF7319404FF6FF7303EA02331943018405
:10166000704730B5002301248C40A3B2048C9C4306
:101670000484048C02FA01F5ADB22C43048430BD1D
:1016800030B5002304248C40A3B2048C9C43048412
:10169000048C02FA01F5ADB22C43048430BD70B560
:1016A0000346002000241846183001258D40ACB2B6
:1016B0001D8CA5431D8409B1082909D100EB6100E7
:1016C000056825F0700505600568154305600EE0A6
:1016D0000D1FC5F34E052844056825F4E045056057
:1016E00005684FF6FF7606EA02263543056070BDB1
:1016F00021B1028842F00202028004E002884FF623
:10170000FD731A400280704721B1028842F0040242
:10171000028004E002884FF6FB731A400280704793
:1017200021B1828842F08002828004E082884FF6F4
:101730007F731A408280704702884FF6F7731A4011
:10174000028002880A430280704782884FF68F73B6
:101750001A40828082880A438280704702894FF64D
:10176000F8731A40028102890A4302817047028994
:101770004FF67F731A40028102890A430281704743
:1017800081847047818570478186704701877047E3
:1017900081877047A0F84010704702884FF6FF43DA
:1017A0001A40028002880A43028070470146888EF0
:1017B00070470146088F70470146888F7047014681
:1017C000B1F8400070470146888C70470146088D8B
:1017D000704702460020138A0B400BB1012000E045
:1017E00000207047CA430282704730B5024600208D
:1017F00000230024158A05EA0103958905EA0104FE
:1018000013B10CB1012000E0002030BDCA430282B8
:101810007047000010B50446FB48844209D10121FD
:101820008803FFF79FF800214FF48040FFF79AF8F4
:1018300032E0F648844209D101214804FFF79FF8BD
:1018400000214FF40030FFF79AF825E0F048844279
:1018500009D101218804FFF792F800214FF480207C
:10186000FFF78DF818E0EB48844209D10121C80444
:10187000FFF785F800214FF40020FFF780F80BE018
:10188000E548844208D101210805FFF778F80021D6
:101890004FF48010FFF773F810BD2DE9F04786B0C4
:1018A00005460E460024A24600BFA1460027B08987
:1018B00000B100BF2F462C8A4CF6FF700440F08820
:1018C00004432C82AC894EF6F3100440B088318971
:1018D0000843718908430443AC81AC8A4FF6FF404A
:1018E0000440B0890443AC8201A8FEF7B4FFC648A7
:1018F000874202D1DDF810A001E0DDF80CA0A88934
:1019000000F4004040B10AEBCA0000EB0A10316855
:101910004900B0FBF1F807E00AEBCA0000EB0A103F
:1019200031688900B0FBF1F86420B8FBF0F00401E5
:101930002009642101FB1089A88900F4004040B10E
:10194000322000EBC900B0FBF1F000F007000443C7
:1019500008E0322000EB09106421B0FBF1F000F048
:101960000F0004432C8106B0BDE8F0874FF41651F8
:10197000016000218180C18001810C214181002111
:101980008181704710B502460020108A4FF2FF0394
:1019900018400B884C8823438C882343CC882343EE
:1019A0001843108210BD0021018041808180C180D8
:1019B000704721B1828942F40052828104E0828919
:1019C0004DF6FF731A4082817047F0B5034600243C
:1019D00000260025002040F66A17B94200D100BF5A
:1019E0001846C1F3421401F01F06012707FA06F555
:1019F000012C01D10C3004E0022C01D1103000E0A8
:101A000014301AB107682F43076002E00768AF433C
:101A10000760F0BD1AB1838A0B43838202E0838A98
:101A20008B4383827047028A4FF6F0731A4002821A
:101A3000028A0A430282704782894FF2FF731A407A
:101A4000828182890A438281704721B1828942F072
:101A50000202828104E082894FF6FD731A4082817E
:101A60007047028A4FF6DF731A400282028A0A43E5
:101A70000282704721B1028A42F48042028204E06D
:101A8000028A4BF6FF731A4002827047C1F30802C4
:101A90008280704701468888C0F3080070478189BA
:101AA00041F0010181817047028BD2B20283028B27
:101AB00042EA012202837047028B02F47F420283D2
:101AC000028B0A430283704721B1828A42F02002CE
:101AD000828204E0828A4FF6DF731A408282704766
:101AE00021B1828A42F01002828204E0828A4FF69B
:101AF000EF731A408282704721B1828A42F0080255
:101B0000828204E0828A4FF6F7731A40828270471D
:101B100021B1828942F40042828103E08289C2F3CA
:101B20000E028281704721B1828A42F40062828271
:101B300004E0828A4FF2FF731A4082827047828AE1
:101B40004FF6FB731A408282828A0A438282704770
:101B500021B1828A42F00202828204E0828A4FF638
:101B6000FD731A408282704702460020B1F5007F63
:101B700000D100BF13880B400BB1012000E0002012
:101B8000704701F40072B2F5007F00D100BFCA4374
:101B90000280704770B50246002400230025002013
:101BA00040F66A16B14200D100BFC1F3421501F000
:101BB0001F03012606FA03F3012D02D19689334053
:101BC00006E0022D02D1168A334001E0968A3340A6
:101BD0000C12012606FA04F41688344013B10CB135
:101BE000012000E0002070BD10B50022002340F667
:101BF0006A14A14200D100BF0A1201249440A3B28A
:101C0000DC43048010BD0000003801400044004067
:101C100000480040004C00400050004010B5044611
:101C2000FA48844208D101214015FEF79BFE0021AD
:101C30006015FEF797FE17E0F548844208D10121B0
:101C40000015FEF78FFE00212015FEF78BFE0BE03E
:101C5000F048844208D10121C803FEF783FE002129
:101C60004FF40040FEF77EFE10BD30B50246002066
:101C700000235068E84C20400D790C6844EA0524A4
:101C8000204350609068E54C2040D1E902542C4339
:101C90004D7944EA450420439060D06A20F47000F6
:101CA0000C7C641EE4B2234340EA0350D06230BD92
:101CB00000210160017141718160C16001210174E5
:101CC000704721B1826842F00102826003E08268BD
:101CD00022F001028260704721B1826842F4807272
:101CE000826003E0826822F480728260704710B5DF
:101CF0000023CBB21AB144681C43446002E044683C
:101D00009C43446010BD816841F0080181607047C8
:101D1000014600208A6802F008020AB1012000E0B2
:101D200000207047816841F00401816070470146DE
:101D300000208A6802F004020AB1012000E00020BD
:101D4000704721B1826842F4A002826003E0826899
:101D500022F4A00282607047014600208A6802F4E3
:101D600080020AB1012000E00020704710B50A4649
:101D700000210023416821F46041531E41EA4331B0
:101D8000416010BD21B1426842F40062426003E04C
:101D9000426822F4006242607047F0B504460D4686
:101DA00000200021092D11DDE068A5F10A0606EBEF
:101DB0004607072606FA07F18843A5F10A0606EB4F
:101DC000460603FA06F10843E0600CE0206905EBE3
:101DD0004507072606FA07F1884305EB450603FA8F
:101DE00006F108432061072A0FDA606B561E06EBE6
:101DF00086071F2606FA07F18843561E06EB86065D
:101E000005FA06F10843606322E00D2A0FDA206B21
:101E1000D61F06EB86071F2606FA07F18843D61F52
:101E200006EB860605FA06F10843206310E0E06A37
:101E3000A2F10D0606EB86071F2606FA07F1884376
:101E4000A2F10D0606EB860605FA06F10843E062EC
:101E5000F0BD21B1826842F48012826003E08268A2
:101E600022F48012826070470146C86C80B27047CD
:101E700066484C300068704721B1426842F4806285
:101E8000426003E0426822F480624260704721B100
:101E9000426842F48052426003E0426822F4805279
:101EA000426070470A460021816821F4E0411143F5
:101EB0008160704721B1826842F40042826003E091
:101EC000826822F400428260704721B1826842F445
:101ED0000212826003E0826822F40212826070477C
:101EE000014600208A6802F400120AB1012000E0D5
:101EF00000207047F0B50446154600200022002659
:101F0000092911DDE068A1F10A0707EB470C072753
:101F100007FA0CF29043A1F10A0707EB470703FA0F
:101F200007F21043E0600CE0206901EB410C072749
:101F300007FA0CF2904301EB410703FA07F2104352
:101F40002061A06BC0F30156EF1C06F1010CA7EB5A
:101F50000C0707EB870C1F2707FA0CF29043EF1CC6
:101F600006F1010CA7EB0C0707EB870701FA07F254
:101F70001043A063F0BD10B50A4600210023816B19
:101F800021F44011531E41EA0351816310BD08B58D
:101F9000002300930090009B0B440093009B1A6069
:101FA00008BD08B5024600200090009201F128000B
:101FB000009B184400900098006880B208BD0A4653
:101FC00000214168164B194011434160704741623E
:101FD000826270470A460021416821F01F011143C7
:101FE0004160704740B109490831096841F4000176
:101FF000064A0832116007E004490831096821F4F3
:102000000001024A083211607047000000240140BC
:1020100000280140003C0140FFFEF0FFFDF7F1FF0A
:10202000FFFD3FFF0246002013680B400BB101206B
:1020300000E000207047CA430260704770B5024656
:102040000020002300240B125568CEB205EA0604D6
:1020500015681D4015B10CB1012000E0002070BDD5
:1020600000220A12D3430360704700000CB5002021
:10207000019000906C48006840F480306A49086024
:1020800000BF6948006800F4003000900198401CCF
:102090000190009818B90198B0F5A06FF1D162488D
:1020A000006800F4003010B10120009001E0002031
:1020B00000900098012843D15C48006840F010006F
:1020C0005A4908600846006820F003000860084686
:1020D000006840F002000860534840685249486078
:1020E0000846406848600846406840F480604860A0
:1020F0000846406820F47C1048600846406840F478
:10210000E81048600846006840F08070086000BF32
:102110004548006800F000700028F9D04248406847
:1021200020F00300404948600846406840F0020043
:10213000486000BF3C48406800F00C000828F9D116
:102140000CBD10B5FFF792FF10BD10B53648006802
:1021500040F00100344908600846406834490840AE
:102160003149486008460068324908402E490860F5
:102170000846006820F4802008600846406820F483
:10218000FE0048604FF41F008860FFF7DAFF4FF051
:1021900000602949086010BD10B500210020002210
:1021A000214B5B6803F00C0121B1042906D00829FA
:1021B00028D107E0214B224C236027E01F4B204C05
:1021C000236023E0184B5B6803F47010164B5B68C8
:1021D00003F48032022303EB904022B9194B4343AE
:1021E000174C23600DE0104B5B6803F4003323B100
:1021F000144B4343124C236003E0104B4343104CF9
:10220000236003E00D4B0E4C236000BF00BF064B64
:102210005B68C3F303130C4CE15C094B1B68CB40B8
:10222000074C236010BD0000001002400020024057
:102230000000FFF8FFFFF6FE08ED00E000127A0054
:102240001400002000093D0018000020014605E0B0
:10225000002001E0421CD0B20A28FBDB0A1EA1F1DB
:102260000101F5D1704710B5044603E04FF47A70D0
:10227000FFF7ECFF201EA4F10104F7D110BD704759
:1022800008B50720009002E00098401E00900098DA
:102290000028F9D108BD10B54FF40070E649086078
:1022A00040100860FFF7ECFFE3480838006808B901
:1022B000012000E0002000F4007008B1002010BDF3
:1022C0004FF40070DC49091D0860FFF7D9FFDA48B8
:1022D0000838006800F4007008B10020EFE74FF400
:1022E0000070D549091D0860FFF7CAFF0120E6E725
:1022F00010B54FF48070D049091D0860FFF7C0FF8A
:102300004FF40070CC49091D0860FFF7B9FF4FF486
:102310008070C9490860FFF7B3FF4FF40070C649E9
:102320000860FFF7ADFF10BD10B54FF48070C249D3
:10233000091D0860FFF7A4FF4FF40070BE49091D96
:102340000860FFF79DFF4FF48070BB490860FFF7FE
:1023500097FF4FF48070B849091D0860FFF790FFA0
:1023600010BD10B54FF48070B349091D0860FFF728
:1023700087FF4FF40070B0490860FFF781FF4FF40A
:102380008070AD490860FFF77BFF4FF48070AA4969
:10239000091D0860FFF774FF10BD10B54FF4807081
:1023A000A549091D0860FFF76BFF4FF40070A249B3
:1023B0000860FFF765FF4FF480709F490860FFF7E2
:1023C0005FFF9D480838006800F4007030B14FF49A
:1023D00080709949091D0860002010BD4FF480707D
:1023E0009549091D08600120F7E770B504460825E6
:1023F0001DE04FF480709049091D0860FFF740FF11
:1024000004F0800020B14FF400708B49086004E0B4
:102410004FF400708849091D08606006040EFFF73C
:102420002FFF4FF4807084490860FFF729FF281EB2
:10243000A5F10101CDB2DCD14FF480707E49091DB8
:10244000086070BD70B508250024A8017A490860AD
:1024500016E06006040E4FF480707749091D08608D
:10246000FFF70EFF4FF4807073490860FFF708FF15
:1024700071480838006800F4007008B144F00104A5
:10248000281EA5F10101CDB2E3D14FF480706A4955
:10249000091D0860204670BD08B501210820FEF71F
:1024A00047FA4FF44070ADF8000002208DF80200AA
:1024B00014208DF8030069465F481038FDF77CFF53
:1024C00008BD2DE9F04105460E4617469846FFF730
:1024D000E2FE10B90020BDE8F081002141EA45018B
:1024E000C8B2FFF782FFFFF758FF18B9FFF700FFE8
:1024F0000020F0E73046FFF778FFFFF74EFF00249B
:102500000BE018F80400FFF770FFFFF746FF18B95B
:10251000FFF7EEFE0020DEE7641CBC42F1DBFFF7B4
:10252000E7FE0120D7E72DE9F04104460D461646A7
:102530001F463B46324629462046FFF7C2FF10B1F0
:102540000020BDE8F0814FF0FF30FAE72DE9F041BF
:1025500005460F4614461E46FFF79DFE10B90020A3
:10256000BDE8F081002141EA4501C8B2FFF73DFF17
:10257000FFF713FF18B9FFF7BBFE0020F0E738465E
:10258000FFF733FFFFF709FFFFF785FE012101EB9E
:102590004501C8B2FFF729FFFFF7FFFE0CE0FFF788
:1025A00051FF3070012C02D1FFF7DBFE01E0FFF795
:1025B000BBFE761C601EC4B2002CF0D1FFF798FE63
:1025C0000120CDE72DE9F04104460D4616461F4691
:1025D0003B46324629462046FFF7B8FF10B100209F
:1025E000BDE8F0814FF0FF30FAE770B504460D46C4
:1025F0001646FFF750FE08B9002070BD002141EAE1
:102600004401C8B2FFF7F1FEFFF7C7FE18B9FFF7A4
:102610006FFE0020F1E72846FFF7E7FEFFF7BDFE5B
:102620003046FFF7E2FEFFF7B8FEFFF761FE01203C
:10263000E3E7002070470000100C014008B50121BD
:102640001120FEF775F901210B48FDF786FF4FF4C5
:10265000C040ADF8000003208DF8020010208DF876
:10266000030069460548FDF7A7FE4FF4C041034843
:10267000FDF74FFF08BD00000002300000100140D0
:10268000FFF763FD41F61F4141F2883001F092FDF2
:1026900001F0CCFD01F0FCFB00F0C2F800F024F8E2
:1026A000FFF7CCFF01F048FE00F0D0F800F037F95A
:1026B000FFF7F2FE0A2000F00FFE00F043FA00F0F0
:1026C000B3FD00F019FE4FF0E020006940F001007A
:1026D0004FF0E021086105E000F0A4FA01F097FB5B
:1026E00001F07BFBF8E7000008B501210820FEF7A8
:1026F0001FF94FF47040ADF8000010208DF8030072
:1027000003208DF802006946FE48FDF755FE4FF4A0
:102710007041FC48FDF7FDFE08BD08B501210846E3
:10272000FEF713F901210420FEF702F90C20ADF8A1
:10273000000018208DF8030003208DF80200694680
:10274000F148FDF739FE08BD30B587B000250024FB
:1027500040F2E730ADF814000020ADF81000ADF8FD
:102760001600ADF8120004A94FF08040FEF718FAE9
:102770006020ADF800000120ADF80200ADF8065071
:102780000020ADF8080069464FF08040FEF7D4FA0B
:102790000821C806FEF7A6FE0120ADF80200ADF83C
:1027A00006400020ADF8080069464FF08040FEF773
:1027B0000EFB0821C806FEF79EFE01218807FEF7E2
:1027C0004BFE01218807FEF747FD07B030BD2DE91C
:1027D000FF4104460D4627462E466020ADF8000016
:1027E0000120ADF80200ADF806700020ADF8080039
:1027F00069464FF08040FEF79FFA0821C806FEF7B1
:1028000071FE0120ADF80200ADF806606946800750
:10281000FEF7DDFA0821C806FEF76DFEBDE8FF8170
:1028200010B5FFF77AFFFFF78FFF10BDB749088893
:10283000098821F00101B54A11807047B449088820
:10284000098821F00101B24A1180704700B589B0B2
:1028500001210220FEF779F801210420FEF768F833
:1028600001A8FDF734FEC020ADF8040004208DF867
:10287000070003208DF8060001A9A348FDF79CFD81
:102880004FF4A060FDF73CFC1D208DF808000120EE
:102890008DF8090003208DF80A0001208DF80B0047
:1028A00002A8FDF732FC99481038FEF7A5F806A8F3
:1028B000FEF7A2FC0020ADF818004FF6FF70ADF84F
:1028C0001C000020ADF81E00ADF81A0006A98F48C4
:1028D0001038FEF765F90A231A4603218B48103891
:1028E000FEF76DFD03A8FEF79AFC0620ADF8140074
:1028F00003A986481038FEF7E6FB0121834810380B
:10290000FEF770FF0122114680481038FEF7BFFC29
:1029100001217E481038FEF79FFC09B000BD00B5CC
:1029200089B001210420FEF710F801210820FDF7ED
:10293000FFFF01A8FDF7CBFDC020ADF80400042087
:102940008DF8070003208DF8060001A96D48FDF7FA
:1029500033FD4FF4A060FDF7D3FB1E208DF8080077
:1029600001208DF8090003208DF80A0001208DF860
:102970000B0002A8FDF7C9FB65481038FEF73CF8CC
:1029800006A8FEF739FC0020ADF818004FF6FF70DE
:10299000ADF81C000020ADF81E00ADF81A0006A925
:1029A0005B481038FEF7FCF80A231A460321584802
:1029B0001038FEF704FD03A8FEF731FC0620ADF841
:1029C000140003A952481038FEF77DFB012150483E
:1029D0001038FEF707FF012211464D481038FEF768
:1029E00056FC01214A481038FEF736FC09B000BDFC
:1029F00000B585B001210420FDF79AFF01210220D6
:102A0000FDF7A3FF8020ADF8100004208DF813001F
:102A100003208DF8120004A93B48FDF7CDFC4FF4CC
:102A2000A060FDF76DFB1D208DF8000001208DF8E2
:102A3000010003208DF8020001208DF80300684694
:102A4000FDF763FB31481038FDF7D6FF4FF6FF70F6
:102A5000ADF808000020ADF80400ADF80A00ADF8AC
:102A6000060001A929481038FEF79AF800231A46F3
:102A7000602126481038FEF73EFC0021234810381C
:102A8000FEF77EFE012121481038FEF7E5FB05B078
:102A900000BD00B585B001210820FDF749FF0121E7
:102AA0000420FDF752FF8020ADF8100004208DF8BF
:102AB000130003208DF8120004A91248FDF77CFCD6
:102AC0004FF4A060FDF71CFB1E208DF800000120D4
:102AD0008DF8010003208DF8020001208DF803001D
:102AE0006846FDF712FB0A481038FDF785FF4FF6E0
:102AF000FF70ADF808000020ADF80400ADF80A0042
:102B000008E00000000C01400008014010040040F3
:102B100010080040ADF8060001A90948FEF740F88A
:102B200000231A4660210648FEF7E5FB0021044811
:102B3000FEF726FE01210248FEF78EFB05B000BD20
:102B40000008004070B5002402F0C1F80446002CD3
:102B500060D17CA001F019FB782001F01AFD18B9B2
:102B600081A001F012FB02E087A001F00EFB7820AB
:102B700001F0FCFE18B98FA001F007FB02E096A05F
:102B800001F003FB642001F0D2FF18B99EA001F010
:102B9000FCFA02E0A6A001F0F8FA03F089FB18B9EC
:102BA000ACA001F0F2FA02E0B7A001F0EEFAC548DD
:102BB00004F05AFA054603F085FB18B9C2A001F0EB
:102BC000E4FA02E0CAA001F0E0FA40F2731003F068
:102BD000BAFF18B9D2A001F0D8FA02E0D9A001F0EA
:102BE000D4FA642003F028FD18B9E2A001F0CDFA70
:102BF00002E0E9A001F0C9FA04F04AFA012003F06A
:102C00009DF818B9EFA001F0C0FA0AE0F6A001F0B3
:102C1000BCFA06E04FF40051FE48FDF77CFC00BF13
:102C2000FEE770BD2DE9F04F89B0FB48FB49FC4B36
:102C3000FC4ACDE90010FC49FC4804F0E3F8F748F1
:102C4000008800F4807000287AD0F649086804F003
:102C500051FD04464FF09D4104F086FBF4490860A5
:102C6000F049486804F046FD04464FF09D4104F0E9
:102C70007BFBF0490860EB49886804F03BFD0446A3
:102C80004FF09D4104F070FBEB490860E549C868CE
:102C900004F030FD04464FF09D4104F065FBE74928
:102CA0000860E34801684FF0804004F02BFB069079
:102CB000E1480168069804F025FB8246DD4801687A
:102CC0004FF0404004F01EFB0690DC480168069877
:102CD00004F018FB8346514604F0BCFA079004F058
:102CE00055FD064605F094FC80464FF06632D44B05
:102CF00004F01FFC044604F075FDD2490860CE487C
:102D000001684FF0804004F0FDFA0390CA48016862
:102D1000039804F0F7FA8246C64801684FF0404035
:102D200004F0F0FA0390C3480168039804F0EAFA4B
:102D30008346514604F0E0FA81464FF07E5183E12C
:102D40000CE200006D707520696E697469616C69D0
:102D50007A6174696F6E20636F6D706C6574652E37
:102D60002E2E2E2E2E0A20006D70755F7365745FF7
:102D700073656E736F7220636F6D706C6574652020
:102D80002E2E2E2E2E2E0A006D70755F7365745FC9
:102D900073656E736F7220636F6D65206163726F10
:102DA0007373206572726F72202E2E2E2E2E2E0AB5
:102DB000000000006D70755F636F6E666967757205
:102DC000655F6669666F20636F6D706C6574652002
:102DD0002E2E2E2E2E2E0A006D70755F636F6E667E
:102DE00069677572655F6669666F20636F6D6520E0
:102DF0006163726F7373206572726F72202E2E2E54
:102E00002E2E2E0A000000006D70755F7365745FD2
:102E100073616D706C655F7261746520636F6D7056
:102E20006C657465202E2E2E2E2E2E0A00000000BA
:102E30006D70755F7365745F73616D706C655F72E3
:102E4000617465206572726F72202E2E2E2E2E2ECA
:102E50000A000000646D705F6C6F61645F6D6F7479
:102E6000696F6E5F6472697665725F6669726D77AD
:102E700061726520636F6D706C657465202E2E2EF7
:102E80002E2E2E0A00000000646D705F6C6F61646E
:102E90005F6D6F74696F6E5F6472697665725F668D
:102EA00069726D7761726520636F6D652061637211
:102EB0006F7373206572726F72202E2E2E2E2E2E3F
:102EC0000A00000028000020646D705F7365745F65
:102ED0006F7269656E746174696F6E20636F6D7077
:102EE0006C657465202E2E2E2E2E2E0A00000000FA
:102EF000646D705F7365745F6F7269656E74617421
:102F0000696F6E20636F6D65206163726F737320EC
:102F10006572726F72202E2E2E2E2E2E0A00000049
:102F2000646D705F656E61626C655F666561747526
:102F3000726520636F6D706C657465202E2E2E2E69
:102F40002E2E0A00646D705F656E61626C655F664F
:102F500065617475726520636F6D65206163726F62
:102F60007373206572726F72202E2E2E2E2E2E0AF3
:102F700000000000646D705F7365745F6669666F62
:102F80005F7261746520636F6D706C657465202E6F
:102F90002E2E2E2E2E0A0000646D705F7365745FF6
:102FA0006669666F5F7261746520636F6D6520612D
:102FB00063726F7373206572726F72202E2E2E2EC5
:102FC0002E2E0A006D70755F7365745F646D705F9F
:102FD000737461746520636F6D706C657465202E09
:102FE0002E2E2E2E2E0A00006D70755F7365745F95
:102FF000646D705F737461746520636F6D652061CB
:1030000063726F7373206572726F72202E2E2E2E74
:103010002E2E0A00001001406200002060000020F7
:1030200050000020B80100205A0000205400002069
:1030300034000020380000203C0000204000002028
:1030400066A64C404400002004F004F9044604F055
:103050009DFBCDE90401434801684FF0804004F036
:1030600051F9834640480168584604F04BF98146BF
:103070003E4801684FF0804004F044F983463C48E4
:103080000168584604F03EF98246494604F0E2F8E9
:10309000044604F07BFB0746DDE9042305F000FD50
:1030A0004FF06632334BCDE9060104F042FA054693
:1030B00004F098FB304908602D480168006804F06E
:1030C00021F9039029480168006804F01BF9029077
:1030D00025480168006804F015F983462148016815
:1030E000006804F00FF95946019004F0B3F88246E5
:1030F000029904F001F98146039904F0FDF80446B1
:1031000004F044FBCDE90401194801681548006842
:1031100004F0F8F88246154801681348006804F086
:10312000F1F88346514604F095F881464FF080410E
:1031300004F0E8F8044604F029FB0746DDE904231F
:1031400005F0AEFC4FF066320A4BCDE9060104F003
:10315000F0F9054604F046FB0849086009B0BDE8EF
:10316000F08F000034000020380000203C000020D8
:103170004000002066A64C40480000204C00002083
:10318000704700BFFEE700BFFEE700BFFEE700BFDD
:10319000FEE770477047704710B51D480078401C27
:1031A0001B4908701B480078401C1A4908701A48CF
:1031B0000078401C1849087000F000FB17480078A0
:1031C000401C1649087016480078401C14490870C5
:1031D00014480078401C134908700E4800780228F3
:1031E00006DB01F094F800F0E4FB002009490870C8
:1031F00009480078082806DB00F00DFB002006498E
:1032000008700649087000F0FFF800F022FA10BDBF
:103210007000002075000020710000207200002066
:10322000730000207400002030B527480068C822D1
:10323000B0FBF2F1B1F1807F01D301201DE021F05C
:103240007F40401E4FF0E022506150170F220028AF
:1032500007DA13071D0E1D4B00F00F04241F1D5528
:1032600003E013071C0E1A4B1C5400BF00204FF044
:10327000E022906107201061002008B100BFFEE746
:103280004FF0E020006920F001004FF0E0210861DC
:1032900030BD01B50F49009808604FF0E02000698B
:1032A00040F001004FF0E021086100BF09480068CC
:1032B0000028FBD108BD0748006820B10548006818
:1032C000401E0449086070471400002018ED00E01B
:1032D00000E400E064000020002107E042F6E06125
:1032E00000BF0A1EA1F1010399B2FAD1021EA0F19A
:1032F000010398B2F2D170470020FC490880FC49D4
:103300000880FC490860FC490860FC490860FC49E9
:103310000860FC490860FC490860FC490860FC49F9
:103320000860FC490860FC490860FC490860FC49E9
:103330000860FC490860FC490860FC490860FC49D9
:103340000860FC490860FC490870FC490870FC49A9
:103350000870FC49086070472DE9F041FA480068A0
:1033600004F014FA0446F948D0E9006332462046D6
:1033700004F020FA07D0F548D0E90021104604F007
:1033800031FAF1490860F248006804F0FFF9044698
:10339000EE48D0E902633246204604F00BFA07D02B
:1033A000EA49D1E90221104604F01CFAE849086014
:1033B000E848006804F0EAF90446E448D0E9046308
:1033C0003246204604F0F6F907D0E048D0E904215F
:1033D000104604F007FADF490860DF48006804F08F
:1033E000D5F90446D948D0E906633246204604F0B0
:1033F000E1F907D0D548D0E90621104604F0F2F9EA
:10340000D5490860BDE8F0812DE9F041D348006856
:10341000012810D10020CC490860D148006804F090
:1034200077F906460022CF4B04F083F8044604F0F7
:10343000D9F9C5490860C9480068022812D100209E
:10344000C3490860C8490968A1F1400004F060F967
:1034500006460022C54B04F06CF8044604F0C2F99D
:10346000BB490860C249B1F9040004F043F9C149FD
:103470000860C149B1F9040004F03CF9BF49086093
:103480000021BF48006804F0C9F90BD0BD49BC4811
:10349000006804F0C3F905D3BB49B948006804F0DB
:1034A000C7F905D24FF40051B848FDF734F804E0ED
:1034B0004FF40051B548FDF72CF8B548006804F00A
:1034C00065F90646B34AB44B04F02DF8044604F0FF
:1034D00089F98D490860A849B1F9000004F00AF99A
:1034E00006469B480168304603F00CFF05468748B6
:1034F00001688548006803F0FFFE064692480168AF
:10350000304603F0FFFE0446294603F0A3FE82493D
:103510000860BDE8F0812DE9F04104460D46002C1D
:103520000CDA4FF480419D48FCF7F3FF4FF4004163
:103530009A48FCF7F0FF604204B20AE04FF4004101
:103540009648FCF7E6FF4FF480419448FCF7E3FF10
:1035500000BF002D0CDA4FF400519048FCF7D9FF62
:103560004FF480518D48FCF7D6FF684205B20AE05F
:103570004FF480518948FCF7CCFF4FF40051874845
:10358000FCF7C9FF00BFAFB2A6B231464FF0804092
:10359000FEF7FEF839464FF08040FEF7FBF8804911
:1035A0007748006804F044F923D37E4974480068E2
:1035B00004F034F902D24FF0010801E04FF00008A6
:1035C00000215B48006804F029F901D1012000E0E6
:1035D000002008EA000800215648006804F01EF99F
:1035E00001D1012000E0002008EA0008B8F1000F36
:1035F0000DD000214FF08040FEF7CAF800214FF0B7
:103600008040FEF7C7F801206749086002E000200B
:103610006549086065493C48006804F009F905D32C
:1036200063493948006804F0F9F80DD200214FF0E1
:103630008040FEF7ADF800214FF08040FEF7AAF879
:1036400001205949086002E0002057490860BDE8A0
:10365000F08170B52E4801682F48006803F0FAFD2C
:103660002F4908602A4801682B48006803F044FE8F
:103670002A4908602A48006804F05BF800B2B0F5F7
:103680007A7F02DD4B48264908602548006804F02F
:1036900050F800B210F57A7F02DA474820490860F6
:1036A0001E48006804F045F800B2B0F57A7F02DDEC
:1036B00040481A4908601948006804F03AF800B216
:1036C00010F57A7F02DA3C48144908601348006814
:1036D00004F02FF804B21248006804F02AF805B28A
:1036E00021462846FFF717FF70BD0000BE000020EE
:1036F000BC000020CC000020C8000020D400002026
:10370000D0000020D8000020980000208800002071
:10371000F40000207C0000208C0000209400002099
:1037200090000020F0000020340100203001002033
:10373000FC000020F8000020700000207100002034
:1037400072000020E8000020A8000020708C000813
:10375000AC000020B0000020B400002018010020C0
:10376000080100200080FB3F0C0100200000C43F46
:103770005A00002028010020540000202C010020C5
:10378000440000200000A0C10000A0410010014042
:10379000480000209A9999999999A93F000C0140F5
:1037A00000002041000020C1E40000200000484249
:1037B000000048C200007A4400007AC470B5F9489D
:1037C000FEF701F80446F848FDF7FDFF0546F74807
:1037D0000460F74805600021F248FDF7D1FF0021A1
:1037E000F148FDF7CDFF20B2F2490880684200B2EF
:1037F000F1490880F1480068EE49B1F90010084429
:10380000EE490860EE480068EB49B1F90010084441
:10381000EB49086070BD2DE9F05FE8490968E84AA6
:103820001268881803F066FFE64908600020E44942
:103830000860E2490860E448006803F0A7FF064614
:103840004FF06632E14B03F074FE044603F0CAFF0A
:10385000DD490860DB48006803F098FF80464FF0C0
:103860003332DB4B03F065FE04460D46D648006854
:1038700003F08CFF064622462B4603F0B3FD82463A
:1038800003F0B0FFD049086008460168D1480068DD
:1038900003F0E0FCCF490860CF480168CD480068DC
:1038A00003F0D8FCCB490860CC480168C9480068DF
:1038B00003F0D0FCC7490860C9480068012801D15D
:1038C00000200860C348006803F033FFB0F5FA5FDA
:1038D00002DDC448BF490860BE48006803F029FF04
:1038E00010F5FA5F02DAC048BA490860BF480068BC
:1038F000032812D10020BE490860BE490968A1F121
:10390000800003F005FF06460022BB4B03F011FECA
:10391000044603F067FFB6490860B448006804280D
:1039200012D10020B5490860B5490968A1F1C0006D
:1039300003F0EEFE06460022B24B03F0FAFD044609
:1039400003F050FFAD4908600021A248006803F071
:10395000D3FC0646A9480168304603F0D3FC044670
:1039600000219948006803F0C7FC0646A04801689A
:10397000304603F0C7FC0546214603F06BFCA24924
:10398000086008460068A1490860A1499F4800688E
:1039900003F04EFF02D29E489C4908609D499B4817
:1039A000006803F03BFF02D29A4898490860BDE8DE
:1039B000F09F2DE9F0419848006800283ED19748D3
:1039C000FDF701FF00EB800000EB001044002046F3
:1039D00003F09EFE05460022914B03F01CFE0746B5
:1039E00003F000FF8F4908600846006803F0CEFE30
:1039F000044600228C4B03F0DDFE03D88B48774948
:103A000008601BE08A498748006803F011FF01D86D
:103A1000012400E000244FF082418248006803F056
:103A2000FDFE01D8012000E0002004401CB18148C7
:103A30006A49086002E0002068490860BDE8F0813A
:103A40002DE9FC5F7C480068012878D17B48D0F8DC
:103A500000B07B48006801907A48B0F902907A483B
:103A6000B0F900A06F480468484603F043FE0646DC
:103A70004FF08D4103F078FC0546744903F042FC99
:103A800073490860504603F035FE0646714903F05D
:103A900033FC0546704903F067FC704908605846DE
:103AA00003F074FE07466E4A6E4B03F0B4FD054604
:103AB00003F098FE8346019803F068FE0546684AC5
:103AC000684B03F0A8FD074603F08CFE01905021DF
:103AD000654803F09BFB644864A1096801600A2102
:103AE000634803F093FB634800210160416001815A
:103AF0000A21614803F08AFB6048002101604160AF
:103B000001810A215E4803F081FB5E4800210160CB
:103B1000416001815C49584603F080FE10D85B4942
:103B2000584603F085FE0BD8584603F02FFE054695
:103B30002A460B4656A14E4804F066F802E04AE1D8
:103B4000BDE8FC9F5049019803F068FE0FD84F492B
:103B5000019803F06DFE0AD8019803F017FE0546A0
:103B60002A460B464AA1434804F04EF800E0E7E736
:103B700049493748006803F05BFE11D24749344891
:103B8000006803F04BFE0BD23148006803F0FEFDE5
:103B900005462A460B463EA1374804F035F880E03A
:103BA0007EE000000004004000080040DC0000202F
:103BB000E0000020BC000020BE000020C800002063
:103BC000CC000020D0000020D40000206666E63F34
:103BD0003333D33FD8000020F0000020E80000205D
:103BE000E40000200000FA450000FAC5180100209A
:103BF000B0000020100100200000DE3FB4000020D3
:103C0000140100200000C43F840000208800002030
:103C100000002041000020C100010020002C0140D4
:103C200000006940EC00002000001040000096C336
:103C30000000A0400000FA431C010020900000207A
:103C4000940000205A00002054000020CDCC1C41DC
:103C5000280100209A190043000003432C01002092
:103C600048E17A14AE470F40C8010020244C5600AA
:103C7000E0020020EA020020F4020020FE02002000
:103C8000080300201203002000007A4400007AC4D8
:103C900025332E32660000000000A0C10000A041C4
:103CA0004EE75F495F48006803F0C2FD12D25E49EB
:103CB0005C48006803F0B2FD0CD25A48006803F07B
:103CC00065FD05462A460B46AFF23C01574803F016
:103CD0009BFF00E034E70021204603F0A9FD10D847
:103CE0005349204603F09AFD0BD2204603F04EFDC7
:103CF00005462A460B46AFF268014E4803F084FFA2
:103D000000E01DE7002000F059FB0090009803F050
:103D1000FAFC0746484903F0F5FA06464FF08B4196
:103D200003F022FB0546454903F0E6FA44490860E2
:103D300000214348006803F07BFD12D84149404808
:103D4000006803F06BFD0CD23D48006803F01EFDD7
:103D500005462A460B46AFF2C8013B4803F054FF24
:103D600000E0EDE639493A4803F05BFA39A13848FA
:103D700003F057FA3849364803F053FA37A134486C
:103D800003F04FFA3649324803F04BFA35A1304878
:103D900003F047FA25492E4803F043FA32A12C4894
:103DA00003F03FFA23492A4803F03BFA30A12848A0
:103DB00003F037FA2449264803F033FA2DA12448AA
:103DC00003F02FFA50212C4803F020FA502220490A
:103DD000294803F002FA00BFB2E610B52748006890
:103DE000401E2649086026480068012807D1084679
:103DF000006820B9FFF724FE1F4800F0BAF91F48F9
:103E0000006818B941F288301C49086010BD0020D4
:103E10001C4908601C49086001201C490860704763
:103E200000803BC52C01002000803B45FE020020A5
:103E300000401C4608030020CDCC5441CDCC4C3E64
:103E4000780000200000A04112030020E0020020C2
:103E5000C80100202C525600EA0200202C414300E9
:103E6000F40200202C4759002C435342000000006C
:103E70002C565400230000001802002020010020CE
:103E80001C010020F0000020F400002000010020B0
:103E900000B585B0012144F20400FCF749FD4FF460
:103EA0000070ADF8100018208DF8130003208DF875
:103EB000120004A9BB48FCF77FFA4FF48060ADF80C
:103EC000100004208DF8130004A9B648FCF774FA1A
:103ED0004FF4E13000900020ADF80400ADF806008A
:103EE000ADF80800ADF80C000C20ADF80A006946EA
:103EF000AD48FDF7D2FC0121AB48FDF75AFD05B0F6
:103F000000BD08B54FF48060FCF7FAF827208DF863
:103F1000000004208DF8010001208DF802008DF8CA
:103F200003006846FCF7F1F808BD00B585B0012133
:103F30008804FCF70AFD01210820FCF7F9FC4FF486
:103F40008060ADF8100018208DF8130003208DF864
:103F5000120004A99548FCF72FFA4FF40060ADF861
:103F6000100004208DF8130004A99048FCF724FAEF
:103F7000FFF7C7FF4FF4165000900020ADF8040083
:103F8000ADF80600ADF80800ADF80C000C20ADF857
:103F90000A0069468648FDF780FC012240F225515F
:103FA0008348FDF712FD01218148FDF702FD05B0B0
:103FB00000BD70B504460D46E1B27B48FDF766FDD5
:103FC00000BF40217848FDF7CFFD0128F9D12046F8
:103FD00070BDF0B503460D461646002729460A2E49
:103FE00003D0002008702846F0BD33B9302001F816
:103FF000010B002008702846F6E7002B03DA2D207D
:1040000001F8010B5B4242F210720DE093FBF2F4F7
:1040100004B937B104F1300001F8010B04FB12338D
:1040200001270A2092FBF0F2002AEFDC0020087042
:104030002846D9E70FB470B586B006460CA80190A3
:1040400073E00B9800785C281CD10B98401C0B90F7
:1040500000786E2809D072280FD10D213046FDF767
:1040600015FD0B98401C0B900BE00A213046FDF724
:104070000DFD0B98401C0B9003E00B98401C0B901F
:1040800000BF4BE00B980078252840D10B98401CCE
:104090000B900078642818D0732833D1019810C889
:1040A00001900BE021783046FDF7F0FC00BF402185
:1040B0003046FDF759FD0028F9D0641C207800280F
:1040C000F0D10B98401C0B9020E0019820C8019083
:1040D0000A2202A92846FFF77CFF02AC0BE02178F8
:1040E0003046FDF7D3FC00BF40213046FDF73CFDD4
:1040F0000028F9D0641C20780028F0D10B98401CCF
:104100000B9003E00B98401C0B9000BF06E00B984F
:1041100010F8011B0B903046FDF7B8FC00BF4021A2
:104120003046FDF721FD0028F9D00B9800780028D3
:1041300087D106B070BC5DF814FB10B5044621466B
:104140001948FDF7A3FC00BF40211748FDF70CFDFF
:104150000128F9D110BD10B5044621461448FDF7D9
:1041600095FC00BF40211248FDF7FEFC0128F9D163
:1041700010BD70B505462C4603E02078FFF7EBFF35
:10418000641C20780028F8D170BD70B505462C4617
:1041900003E02078FFF7D1FF641C20780028F8D1D5
:1041A00070BD00000008014000380140000C0140D3
:1041B000004800407FB504460D460121C802FCF7C7
:1041C000B7FB41F28830ADF8080041F61F40ADF86A
:1041D00004000120ADF80A000020ADF8060001A996
:1041E0001148FCF7DDFC012241210F48FDF74FF893
:1041F00019208DF8000003208DF8010000208DF8B3
:10420000020001208DF803006846FBF77EFF7FBDAA
:1042100010B501210448FDF7E8FA18B10121024860
:10422000FDF7F4FA10BD0000002C01401FB501217C
:104230003D48FCF792F901210920FCF779FB0120A8
:10424000ADF80C0010208DF80F0003208DF80E0043
:1042500003A93648FCF7B0F80220ADF80C0028207E
:104260008DF80F0003A93148FCF7A6F80121084694
:10427000FCF7B8F90220019000208DF80800082012
:104280008DF8090001208DF80A0001A8FBF7B4FFA2
:1042900007208DF8000003208DF8010001208DF823
:1042A00002008DF803006846FBF72FFF1FBD10B515
:1042B0000220FCF707F848B300211D48FDF760FA1B
:1042C00001211B48FCF7C8FF01201A49086012E0D1
:1042D0001748FDF778FA0A2807DB00211448FCF795
:1042E000BBFF00201349086005E002210F48FCF7DE
:1042F000F6F8104908600F4800680028E8D100214E
:104300000B48FCF7A9FF0220FBF7EDFF10BD10B52D
:1043100001210648FCF7FDF80C20FDF797FF01216D
:104320000248FCF7F8F810BD00023000000C014014
:10433000002C01408401002000B587B001214FF41A
:104340000170FCF7F5FA4FF40040FCF755FA012034
:10435000ADF8040000208DF8070001A92348FCF700
:104360002BF82348FDF75AFC002002908DF80C0032
:104370008DF80D004FF4602004900020059001207E
:104380008DF8180002A91A48FDF76FFC01211848A2
:10439000FDF797FC1648FDF7B6FC00BF1448FDF783
:1043A000B7FC0028FAD11248FDF7BCFC00BF10484A
:1043B000FDF7BDFC0028FAD107B000BD10B50446DA
:1043C0000723012221460A48FDF7E7FC012108489E
:1043D000FDF7B7FC00BF02210548FDF723FE0028CA
:1043E000F9D00348FDF740FD10BD00000008014072
:1043F000002401400648804706480047FEE7FEE7E4
:10440000FEE7FEE7FEE7FEE7FEE7FEE7FEE7FEE784
:104410004B210008ED00000838B50446FB4890F831
:104420002400C0B114B10220009001E000200090EF
:10443000F64A1268D17BF54A526810786B46012221
:10444000FEF771F810B14FF0FF3038BD9DF8001045
:10445000EE48417423E0ED48807A10B94FF0FF3008
:10446000F3E724B1E948407C08B10020EDE714B13E
:104470000120009001E000200090E44A1268D17B06
:10448000E24A526810786B460122FEF74CF810B1F0
:104490004FF0FF30D9E79DF80010DC484174002050
:1044A000D3E738B5002419E0D8480068C07AA042A4
:1044B00004D0D6480068407DA04200D10CE0D3492A
:1044C000496808786B4601222146FEF77BF810B157
:1044D0004FF0FF3038BD00BF601CC4B2CB4840680D
:1044E0000079A042E0DC0020F4E770B504460D46F8
:1044F000C6480068C07AA04204D0C4480068407D25
:10450000A04202D14FF0FF3070BDC0484068007932
:10451000A04202DC4FF0FF30F6E7BC49496808785A
:104520002B4601222146FEF74DF8EDE738B504464B
:10453000B64890F82300A04201D1002038BD14B144
:104540003020009001E000200090B048807C20B135
:104550009DF8000040F002000090AC4890F8220066
:1045600020B19DF8000040F080000090A74A12683A
:10457000117DA64A526810786B460122FDF7D3FFE1
:1045800010B14FF0FF30D9E7A04880F82340002059
:10459000D4E738B5044604F0700010B10120009053
:1045A00005E014B10020009001E040200090974AFF
:1045B0001268917C954A526810786B460122FDF78B
:1045C000B2FF20B1002191488172481E38BD9DF88C
:1045D000000020F040018D4801730020009004F09D
:1045E000400020B99DF8000040F00400009004F065
:1045F000200020B99DF8000040F00200009004F077
:10460000100020B99DF8000040F00100009004F077
:10461000080020B99DF8000040F0380000907B4A67
:104620001268D17C794A526810786B460122FDF7F6
:104630007AFF20B1002175488172481EC6E724B177
:10464000082C02D00020FFF771FF7048847200210F
:1046500001753220FDF707FE0020B7E738B50446A4
:104660006A48807CA04201D1002038BD002C46D091
:10467000664A12681179654A526810786B460122C1
:10468000FDF7A0FF10B14FF0FF30EEE79DF80000FE
:1046900020F0200000905D4A126811795B4A526850
:1046A00010786B460122FDF73EFF10B14FF0FF304E
:1046B000DBE70320FDF7D7FD02200090534890F878
:1046C000220020B19DF8000040F0800000904F488B
:1046D00090F8230020B19DF8000040F030000090D9
:1046E0004A4A1268117D494A526810786B46012285
:1046F000FDF719FF002851D04FF0FF30B5E7434ACE
:1047000012681179414A526810786B460122FDF710
:1047100059FF10B14FF0FF30A7E73C48807A00F016
:10472000010028B19DF8000040F02000009004E056
:104730009DF8000020F020000090344A12681179A2
:10474000324A526810786B460122FDF7ECFE10B138
:104750004FF0FF3089E70320FDF785FD2B4890F8E7
:10476000220010B18020009001E000200090274836
:1047700090F8230020B19DF8000040F03000009038
:10478000224A1268117D214A526810786B46012234
:10479000FDF7C9FE10B14FF0FF3066E71B48847487
:1047A000002062E708B51948807A10B94FF0FF3051
:1047B00008BD00200090154A1268D17B134A526848
:1047C00010786B460122FDF7AEFE10B14FF0FF30BE
:1047D000EEE70E4A126851790C4A526810786B461F
:1047E0000122FDF7A0FE10B14FF0FF30E0E7074ACD
:1047F00012681179054A526810786B460122FDF75C
:1048000092FE28B14FF0FF30D2E70000880100206F
:10481000F74890F82400002853D00C200090F44A68
:1048200012681179F24A526810786B460122FDF73E
:104830007AFE10B14FF0FF30BAE73220FDF713FDDA
:10484000C0200090EA48807A00F0010020B19DF875
:10485000000040F020000090E54A12681179E44A17
:10486000526810786B460122FDF75DFE10B14FF0E3
:10487000FF309DE7DE48407C10B10220009001E04F
:1048800000200090DA4A1268D17BD94A5268107829
:104890006B460122FDF747FE10B14FF0FF3087E76E
:1048A00000200090D24A12685179D14A526810789B
:1048B0006B460122FDF737FE002855D04FF0FF3040
:1048C00076E704200090CA4A12681179C84A5268F3
:1048D00010786B460122FDF726FE10B14FF0FF3035
:1048E00066E7C348807C20B9C148807A00F00100A7
:1048F00010B94020009001E060200090BC4A12688E
:104900001179BB4A526810786B460122FDF70BFE05
:1049100010B14FF0FF304BE73220FDF7A4FCB44854
:10492000407C10B10120009001E000200090B04ACE
:104930001268D17BAE4A526810786B460122FDF7AF
:10494000F2FD10B14FF0FF3032E7A94A12685179F9
:10495000A74A52681078A64B10330122FDF7E3FDF9
:1049600010B14FF0FF3023E7002021E770B5044677
:10497000002624F001049E4890F8240008B100208D
:1049800070BD9B48807A10B94FF0FF30F8E7984827
:10499000057C807A2040964908740846007CA04235
:1049A00002D04FF0FF3600E0002614B99048007D99
:1049B00018B10120FFF730FD02E00020FFF72CFDC9
:1049C0003CB1FFF7EFFE20B1894805744FF0FF308E
:1049D000D6E73046D4E738B504468548807A10B922
:1049E0004FF0FF3038BDBC2C02DB0120009015E0F9
:1049F000622C02DB0220009010E02A2C02DB032054
:104A000000900BE0142C02DB0420009006E00A2C3E
:104A100002DB0520009001E0062000907448C07A77
:104A20009DF80010884201D10020DBE7704A12682F
:104A300091786F4A526810786B460122FDF773FD3A
:104A400010B14FF0FF30CDE79DF800106848C172FB
:104A50000020C7E738B50446282C02DD4FF0FF30B0
:104A600038BDDCB90020FFF761FD00208DF80000A3
:104A700007208DF801005E4A1268917C5C4A5268FA
:104A800010786B460222FDF74EFD10B14FF0FF305B
:104A9000E6E70021564801750020E1E70120FFF715
:104AA00045FD20208DF80000012C06D100208DF856
:104AB00001000520FFF78FFF17E0052C06DC012021
:104AC0008DF801000520FFF786FF0EE0142C06DCB0
:104AD00002208DF801000A20FFF77DFF05E003208A
:104AE0008DF801001420FFF776FF9DF801000721E3
:104AF00001EB8010C0B28DF801003D4A1268917C34
:104B00003B4A526810786B460222FDF70CFD10B14B
:104B10004FF0FF30A4E7082135488172002101736E
:104B2000012101750020FFF721FF002098E738B52B
:104B300004462F48807A10B94FF0FF3038BD2C481A
:104B400090F8240010B14FF0FF30F7E72848007DBF
:104B500050B134B1282C04DCE0B2FFF77BFF002019
:104B6000ECE70020FFF776FF042C01DA042404E0D0
:104B7000B4F57A7F01DD4FF47A744FF47A7090FBCC
:104B8000F4F0401EC0B20090194A12685178184AD9
:104B9000526810786B460122FDF7C5FC10B14FF04A
:104BA000FF30CBE79DF80000401C4FF47A7191FB79
:104BB000F0F081B20E48C1810146C9894810FFF763
:104BC0000AFF0020BAE738B504460948807A10B9D0
:104BD0004FF0FF3038BD022C06D0042C0AD0082C30
:104BE0000BD0102C0FD10BE0002000900EE0000045
:104BF000880100200820009008E01020009005E0C7
:104C00001820009002E04FF0FF30E3E700BFF848C3
:104C1000407A9DF80010B0EBE10F01D10020D9E7F8
:104C2000F34A1268D179F24A526810786B46012231
:104C3000FDF779FC10B14FF0FF30CBE79DF8000095
:104C4000C110EB4841720020C4E738B50446E8487B
:104C5000807A10B94FF0FF3038BDFA2C09D0B4F586
:104C6000FA7F09D0B4F57A7F09D0B4F5FA6F0CD188
:104C700008E0002000900BE00820009008E01020E1
:104C8000009005E01820009002E04FF0FF30E3E7CD
:104C900000BFD748007A9DF80010B0EBE10F01D1BA
:104CA0000020D9E7D24A12689179D14A5268107827
:104CB0006B460122FDF737FC10B14FF0FF30CBE718
:104CC0009DF80000C010CA4908720020C4E71CB556
:104CD00080208DF80000C64A1268917CC44A526850
:104CE00010786B460122FDF71EFC10B14FF0FF302B
:104CF0001CBD6420FDF7B7FA00208DF80000BC4A07
:104D00001268917CBA4A526810786B460122FDF70E
:104D10000AFC10B14FF0FF30EAE7B54A1268917D06
:104D2000B34A526810786B460622FDF74BFC10B16F
:104D30004FF0FF30DCE79DF80500C007400F9DF8FD
:104D4000031001F0010140EA41009DF8011001F05B
:104D5000010140EA01048CB1012C03D10121A448D6
:104D6000C17430E0022C03D10021A148C1742AE0B3
:104D7000A0A0FFF70AFA4FF0FF30B9E79C4A12688B
:104D8000D1789B4A526810786B460122FDF71AFCD5
:104D900010B14FF0FF30ABE79DF8000000F00F04BA
:104DA0002CB99E48FFF7F1F94FF0FF30A0E7042C33
:104DB00006D19BA0FFF7E9F901218D48C17402E0FB
:104DC00000218B48C174FF2189488172FF208849E6
:104DD0000872FF2186484172C1724FF6FF71C1818E
:104DE000FF21017481740121017380F822100021D8
:104DF00080F82310417501751630016041608160B3
:104E0000163880F8241080F82510C1844FF4FA6019
:104E1000FFF71BFF10B14FF0FF3069E70220FFF7EB
:104E2000D2FE10B14FF0FF3062E72A20FFF7D3FD2A
:104E300010B14FF0FF305BE73220FFF778FE10B182
:104E40004FF0FF3054E70020FFF790FD10B14FF016
:104E5000FF304DE70020FFF701FC10B14FF0FF30AD
:104E600046E70020FFF795FB002041E77CB50446AC
:104E70000D465F48807A00F0700010B94FF0FF30A7
:104E80007CBD5B4A1268117B594A526810786B46A8
:104E90000622FDF797FB10B14FF0FF30F0E79DF8C9
:104EA00001009DF8001040EA012000B220809DF82A
:104EB00003009DF8021040EA012000B260809DF8D6
:104EC00005009DF8041040EA012000B2A08015B151
:104ED0002846FDF7D4F90020D2E77CB504460D46FC
:104EE0004348807A00F0080010B94FF0FF307CBDD5
:104EF0003F4A1268517B3E4A526810786B46062240
:104F0000FDF760FB10B14FF0FF30F0E79DF80100B6
:104F10009DF8001040EA012000B220809DF80300B7
:104F20009DF8021040EA012000B260809DF8050063
:104F30009DF8041040EA012000B2A08015B1284677
:104F4000FDF79DF90020D2E72DE9FE4F05460C46FE
:104F50002748807A18B94FF0FF30BDE8FE8F244A09
:104F60001268917B224A5268107802AB0222FDF748
:104F700029FB10B14FF0FF30EFE79DF809009DF8D5
:104F8000081040EA012006B214B12046FDF777F977
:104F900017494968C88802F0B6FB1549019049686D
:104FA000B1F9080002F0A6FB8346304602F0A2FBEE
:104FB0005946009002F0A0F98246019902F0D4F916
:104FC00081461F4902F046F980464FF08F4102F0BA
:104FD00099F9074602F0ADFB28600020BDE710B547
:104FE00088B004461CB94FF0FF3008B010BD29E06E
:104FF00088010020556E737570706F72746564203F
:10500000736F6674776172652070726F6475637414
:10501000207265762025642E0A000000C8990008D9
:1050200048616C662073656E73697469766974791A
:10503000207061727420666F756E642E0A00000025
:1050400000000C42206830B9606820B9A06810B92F
:10505000002008B010BDFA494968087806AB032261
:105060001146FDF7AFFA10B14FF0FF30F1E79DF8B0
:105070001800082101EB201000F00F00ADF800002F
:105080009DF8190001EB201000F00F00ADF80200B0
:105090009DF81A0001EB201000F00F00ADF804009D
:1050A00020684100BDF90000403091FBF0F000B2F3
:1050B000ADF8100060684100BDF90200403091FB7E
:1050C000F0F000B2ADF81200A0684100BDF9040094
:1050D000403091FBF0F000B2ADF81400D8494968B7
:1050E000087806AB06221146FDF76CFA10B14FF0B6
:1050F000FF30AEE79DF819009DF8181040EA012036
:1051000000B2ADF808009DF81B009DF81A1040EAA7
:10511000012000B2ADF80A009DF81D009DF81C109A
:1051200040EA012000B2ADF80C00BDF81000BDF857
:105130000810084400B2ADF81000BDF81200BDF828
:105140000A10084400B2ADF81200BDF81400BDF812
:105150000C10084400B2ADF81400BDF81000000AAD
:105160008DF81800BDF81000C0B28DF81900BDF818
:105170001200000A8DF81A00BDF81200C0B28DF8B6
:105180001B00BDF81400000A8DF81C00BDF81400C7
:10519000C0B28DF81D00AA494968087806AB0622FE
:1051A0001146FDF7C0F910B14FF0FF3051E7002074
:1051B0004FE70146A248007A30B1012807D0022803
:1051C00009D003280FD10AE0FA2008800EE04FF43E
:1051D000FA7008800AE04FF47A70088006E04FF415
:1051E000FA60088002E00020088000BF00BF0020B5
:1051F000704701469248407A30B1012807D0022812
:1052000008D003280CD108E0022008700BE004202D
:10521000087008E00820087005E01020087002E01F
:105220004FF0FF30704700BF8548C07C18B1087848
:105230004006000E08700020F4E701468048C07A5E
:10524000082817D2DFE800F01704070A0D1013181A
:10525000BC20088013E06220088010E02A2008802B
:105260000DE0142008800AE00A20088007E00520ED
:10527000088004E000BF00BF0020088000BF00BF1E
:105280000020704701466E4890F8240010B14FF09E
:10529000FF3070476A48C08908800020F9E701465E
:1052A00000200880401E704701464FF0FF307047D5
:1052B00001466348007A30B1012807D0022808D09F
:1052C00003280CD108E05F4808600BE05E480860E6
:1052D00008E05E48086005E05D48086002E04FF0C5
:1052E000FF30704700BF0020FBE701465448407A7A
:1052F00030B1012808D002280AD0032810D10BE0D1
:105300004FF4804008800EE041F69C7008800AE06F
:105310004FF48050088006E04FF40060088002E0FF
:105320004FF0FF30704700BF4548C07C10B108887F
:10533000401008800020F5E701464148007C0870D5
:105340000020704701463E48807A10B10120087065
:1053500001E0002008700020704738B50446384846
:10536000807A10B94FF0FF3038BD354A1268117C91
:10537000334A526810786B460222FDF723F910B1C8
:105380004FF0FF30F0E79DF801009DF8001040EA73
:10539000012000B220800020E6E72DE9FE4F0746FD
:1053A000884692461D46DDF830B000260024244889
:1053B00090F8240010B1601EBDE8FE8F0020287018
:1053C0001F48807A10B94FF0FF30F5E71C48007C89
:1053D00010B94FF0FF30EFE71948007C00F04000B3
:1053E00008B1B01CC6B21648007C00F0200008B11D
:1053F000B01CC6B21248007C00F0100008B1B01C0E
:10540000C6B20F48007C00F0080008B1B01DC6B25B
:105410000B4A1268917A0A4A526810786B46022247
:10542000FDF7D0F810B14FF0FF30C5E79DF801004F
:105430009DF8001040EA0129B1450BDA0020BBE7D6
:1054400088010020000003430000834233330342FD
:1054500033338341FC4840684088B9EB600F17DD67
:10546000F94A1268517CF84A526810786B4601225A
:10547000FDF7A8F810B14FF0FF309DE79DF8000050
:1054800000F0100020B1FFF78DF96FF0010093E7F5
:105490005046FCF7F4FEEC4A1268D17AEA4A5268A8
:1054A00010786B463246FDF78DF810B14FF0FF30A3
:1054B00082E799FBF6F0401E8BF800000020287070
:1054C000B4422AD0E048007C00F0080028B3601CF9
:1054D0001DF800001DF8041040EA012000B2A8F8F1
:1054E0000000E01C1DF80010A01C1DF8000041EA9F
:1054F000002000B2A8F80200601D1DF80010201D59
:105500001DF8000041EA002000B2A8F80400287845
:1055100040F008002870A01D84B2B44213D0CA48DD
:10552000007C00F0400070B1601C1DF800001DF808
:10553000041040EA012000B23880287840F0400092
:105540002870A01C84B2B44213D0BF48007C00F085
:10555000200070B1601C1DF800001DF8041040EA26
:10556000012000B27880287840F020002870A01C2C
:1055700084B2B44213D0B448007C00F0100070B183
:10558000601C1DF800001DF8041040EA012000B264
:10559000B880287840F010002870A01C84B2002049
:1055A0000AE7F8B504460F461646A74890F82400C7
:1055B00010B94FF0FF30F8BDA348807A10B94FF012
:1055C000FF30F8E7A04A1268917A9F4A5268107833
:1055D0006B460222FCF7F6FF10B14FF0FF30EAE70E
:1055E0009DF801009DF8001040EA0125A54203DA6C
:1055F00000203070401EDEE7934840684088B5EBDD
:10560000600F17DD904A1268517C8F4A52681078FB
:105610006B460122FCF7D6FF10B14FF0FF30CAE70E
:105620009DF8000000F0100020B1FFF7BBF86FF00C
:105630000100C0E7E2B2844B1B68D97A824B5B68F9
:1056400018783B46FCF7BEFF10B14FF0FF30B2E7D1
:1056500095FBF4F0401E30700020ACE701467A481C
:1056600080F82210002070477CB5054676494968CD
:10567000087801AB04220D21FCF7A4FF08B1072034
:105680007CBD9DF80700C0F301109DF8041001F0E7
:10569000E00140EAE1008DF800009DF80700C0F34A
:1056A00081009DF8051001F0E00140EAE1008DF86D
:1056B00001009DF8070000F003009DF8061001F0BE
:1056C000E00140EAE1008DF8020000241CE01DF832
:1056D000040018B9002045F8240013E05B4845F8A1
:1056E000240006E055F82400594901F00BFE45F866
:1056F00024001DF80400401EC0B20DF8040000286C
:10570000F0D100BF601CC4B2032CE0DB0020B7E77F
:105710002DE9FE4F06460F4600256846FFF7A4FF19
:10572000002442E056F8240057F82410A0EB010AA8
:10573000BAF1000F01DB514601E0CAF10001084651
:1057400001F0D8FF83464FF08F4101F00DFE8046F7
:105750005DF82400002102F061F816D05DF82410F5
:10576000404601F001FE82464FF07E5101F0C4FD3B
:10577000814629F0004A3748416A504602F058F8FD
:1057800012D20120A04005430EE03248C1694046D4
:1057900002F044F805D32F48016A404602F048F869
:1057A00002D20120A0400543641C032CBADB28462A
:1057B000BDE8FE8F2DE9FC5F06460F460025224915
:1057C0004968087801AB03220D21FCF7FBFE10B1FC
:1057D0000720BDE8FC9F9DF8040000F01F008DF835
:1057E00004009DF8050000F01F008DF805009DF8ED
:1057F000060000F01F008DF80600002462E056F855
:10580000240057F82410A0EB010BBBF1000F01DBC3
:10581000594601E0CBF10001084601F06BFF4FF063
:105820008F41009001F0A0FD814601A8005DC0B34A
:105830000849086801F067FF83465946064801F0A9
:1058400093FD80460FE00000880100207B14AE3EEF
:105850001D5A843FB88C000800B04C45FE494046B4
:1058600001F050FD804601A8005D401EC0B201A9B4
:1058700008550028F2D14146484601F075FD83469F
:105880004FF07E5101F038FD82462AF0004BF3487C
:105890008169584601F0CCFF13D20120A040054396
:1058A0000FE0FFE7ED480169484601F0B7FF05D377
:1058B000EA484169484601F0BBFF02D20120A040FE
:1058C0000543641C032C9ADB284682E72DE9F04F40
:1058D00087B005460C46914601208DF81000002047
:1058E0008DF81100DE4A1268917CDD4A526810780A
:1058F00004AB0222FCF717FE20B14FF0FF3007B0D7
:10590000BDE8F08FC820FCF7AEFC00208DF8100039
:10591000D34A1268D17BD24A5268107804AB012274
:10592000FCF701FE10B14FF0FF30E8E7CC4A1268F7
:105930005179CB4A5268107804AB0122FCF7F3FD91
:1059400010B14FF0FF30DAE7C54A1268917CC44AC3
:105950005268107804AB0122FCF7E5FD10B14FF05E
:10596000FF30CCE7BE4A1268D17DBD4A526810783C
:1059700004AB0122FCF7D7FD10B14FF0FF30BEE7BA
:10598000B74A12681179B64A5268107804AB0122FE
:10599000FCF7C9FD10B14FF0FF30B0E70C208DF8D7
:1059A0001000AF4A12681179AD4A5268107804AB02
:1059B0000122FCF7B8FD10B14FF0FF309FE70F2038
:1059C000FCF751FCA648806A407A8DF81000A44A82
:1059D00012689178A24A5268107804AB0122FCF751
:1059E000A2FD10B14FF0FF3089E79D48806A007A30
:1059F0008DF810009A4A12685178994A52681078C6
:105A000004AB0122FCF78FFD10B14FF0FF3076E7B9
:105A1000B9F1000F07D09248806A807A40F0E00028
:105A20008DF8100004E08E48806A807A8DF81000AE
:105A30008B4A126891798A4A5268107804AB012225
:105A4000FCF771FD10B14FF0FF3058E7B9F1000FCE
:105A500007D08348806AC07A40F0E0008DF81000DB
:105A600003E07E48C07A8DF810007D4A1268D17933
:105A70007B4A5268107804AB0122FCF754FD10B148
:105A80004FF0FF303BE7B9F1000F02D0C820FCF720
:105A9000EAFB40208DF81000714A12681179704AB3
:105AA0005268107804AB0122FCF73DFD10B14FF0B5
:105AB000FF3024E778208DF81000694A1268517988
:105AC000674A5268107804AB0122FCF72CFD10B134
:105AD0004FF0FF3013E761498889FCF7C4FB0020D1
:105AE0008DF810005E4A126851795D4A526810784C
:105AF00004AB0122FCF717FD10B14FF0FF30FEE6BA
:105B0000574A1268917A564A5268107804AB0222BA
:105B1000FCF758FD10B14FF0FF30F0E69DF8110092
:105B20009DF8101040EA012B0C209BFBF0F0C6B250
:105B30000020A86068602860A060606020608246E5
:105B400065E0474A1268D17A454A5268107804AB3A
:105B50000C22FCF737FD10B14FF0FF30CFE69DF877
:105B600011009DF8101040EA012000B2ADF80800C5
:105B70009DF813009DF8121040EA012000B2ADF824
:105B80000A009DF815009DF8141040EA012000B2AB
:105B9000ADF80C00BDF90810206808442060BDF97C
:105BA0000A10606808446060BDF90C10A0680844E1
:105BB000A0609DF817009DF8161040EA012000B281
:105BC000ADF800009DF819009DF8181040EA01207A
:105BD00000B2ADF802009DF81B009DF81A1040EAD3
:105BE000012000B2ADF80400BDF900102868084497
:105BF0002860BDF90210686808446860BDF90410A7
:105C0000A8680844A8600AF1010000F0FF0AB24544
:105C100097DB1248D0F800C02868C117090441EA90
:105C20001041070462460023384601F0A5FA3246C7
:105C30000023CDE9020101F09FFA28600748D0F85F
:105C400000C06868C117090441EA104107046246B0
:105C50000023384606E0000054E3853FB88C000876
:105C60008801002001F088FA32460023CDE90201C4
:105C700001F082FA6860FE48D0F800C0A868C11739
:105C8000090441EA1041070462460023384601F046
:105C900073FA32460023CDE9020101F06DFAA860E3
:105CA000F348D0F804C02168C817000440EA11483E
:105CB0000F04624600233846414601F05DFA324641
:105CC0000023CDE9020101F057FA2060E848D0F83E
:105CD00004C06068C117090441EA10410704624624
:105CE0000023384601F048FA32460023CDE902018C
:105CF00001F042FA6060DE48D0F804C0A068C11725
:105D0000090441EA1041070462460023384601F0C5
:105D100033FA32460023CDE9020101F02DFAA060EA
:105D2000A068002804DDA068A0F58030A06003E032
:105D3000A06800F58030A0600020E0E538B504469A
:105D4000CC4890F82400A04201D1002038BD24B3F3
:105D5000C84890F8250010B94FF0FF30F6E7002052
:105D6000FEF75AFB0020FEF779FCC249C88CFEF70B
:105D7000DEFE00200090BF49496808786B4601228A
:105D80002321FCF7D0FB0121BA4880F82410012020
:105D9000FEF742FBFEF706FD13E00020FEF73CFB9A
:105DA000B448007C0090B349496808786B460122EA
:105DB0002321FCF7B8FB0021AE4880F82410FEF741
:105DC000F1FC0020C2E72DE9F04F8DB083460F466D
:105DD00002200C90A74890F8240020B10020FFF783
:105DE000ADFF012600E0002603A8FFF7E2F905A8B1
:105DF000FFF7FFF901A8FFF720FA02A8FFF742FA20
:105E00009C4890F80AA004A8FFF796FA002407E03F
:105E1000002239465846FFF759FD00B902E0641CDC
:105E2000022CF5DB00BF022C01D1002528E0002464
:105E300007E0012206A909A8FFF748FD00B902E022
:105E4000641C022CF5DB00BF022C01D1002517E0F9
:105E500006A93846FFF75CFC00F0FF0809A9584680
:105E6000FFF7A8FC00F0FF090025B9F1000F01D1F0
:105E700045F00105B8F1000F01D145F0020500BF62
:105E8000FF207C490872FF217A484172C1724FF6A7
:105E9000FF71C181FF218172017401210173BDF87D
:105EA0000C00FEF7D2FE9DF81400FEF78CFEBDF844
:105EB0000400FEF790FDBDF80800FEF738FE5046DE
:105EC000FEF767FB9DF81000FEF750FD16B10120AC
:105ED000FFF734FF28460DB0BDE8F08FF8B5044653
:105EE0000D46164616B94FF0FF30F8BD6148807A6E
:105EF00010B94FF0FF30F8E720128DF80000E0B243
:105F00008DF801009DF8010028445A4949684989E3
:105F1000884202DD4FF0FF30E7E7564A1268117EF3
:105F2000544A526810786B460222FCF7FCFA10B112
:105F30004FF0FF30D9E7EAB24E4B1B68597D4D4B0D
:105F40005B6818783346FCF7EEFA10B14FF0FF307B
:105F5000CBE70020C9E7F8B504460D46164616B94A
:105F60004FF0FF30F8BD4348807A10B94FF0FF3052
:105F7000F8E720128DF80000E0B28DF801009DF8DE
:105F8000010028443B4949684989884202DD4FF0B5
:105F9000FF30E7E7374A1268117E364A52681078B8
:105FA0006B460222FCF7BFFA10B14FF0FF30D9E781
:105FB000EAB2304B1B68597D2E4B5B68187833462C
:105FC000FCF700FB10B14FF0FF30CBE70020C9E732
:105FD0002DE9F04385B005460E4690469946254882
:105FE00090F8250020B14FF0FF3005B0BDE8F083F8
:105FF00016B94FF0FF30F8E7002423E0281B1028E3
:1060000001DD102000E0281B87B2321939462046F6
:10601000FFF764FF10B14FF0FF30E6E701AA394601
:106020002046FFF798FF10B14FF0FF30DDE7301941
:106030003A4601A901F001F910B16FF00100D4E76F
:10604000E01984B2AC42D9DB4FEA28208DF8000079
:1060500008F0FF008DF80100064A1268917E054A9B
:10606000526810786B460222FCF75DFA38B103E003
:10607000B88C0008880100204FF0FF30B5E70121FF
:106080008A4880F82510A0F826900020ADE7014648
:10609000864890F8240008700020704702464FF0B0
:1060A000FF30704701464FF0FF307047F8B50546A6
:1060B0000F461446002C70D0B5F5FF5F01DDFF26BA
:1060C00005E0202D01DA012601E0C5F3471607B9E6
:1060D0000127282C02DD4FF0FF30F8BD7348407DCA
:1060E00028BB724890F8240038B10020FFF726FE44
:1060F00001216E4880F8201003E000216B4880F8F1
:1061000020106A481630FFF754F868481830FFF737
:1061100070F866481A30FFF790F864481C30FFF7B3
:10612000B1F86248817A81771F30FFF705F90020C6
:10613000FEF772F90020FEF78DFC00208DF80000BC
:106140005A4A12689178594A526810786B4601226F
:10615000FCF7E9F910B14FF0FF30BEE740208DF8B1
:106160000000524A1268D17B504A526810786B4640
:106170000122FCF7D8F900B165E08DF800608DF8D8
:1061800001704A4A1268117A484A526810786B4680
:106190000222FCF7C8F908B155E047E00520FCF7FA
:1061A00062F84248407A072101EBC000C0B28DF886
:1061B00000003E4A1268D1793C4A526810786B461A
:1061C0000122FCF7B0F900B13DE020208DF800007D
:1061D000012C03D100208DF801000EE0052C03DC1A
:1061E00001208DF8010008E0142C03DC02208DF85A
:1061F000010002E003208DF801009DF80100072155
:1062000001EB8010C0B28DF80100284A1268917C21
:10621000264A526810786B460222FCF784F900B1D6
:1062200011E0012121484175002056E71F4A16322E
:10623000002103E0505C00B105E0491C0C29F9D3B2
:106240004FF0FF3049E7FF2018490872FF21174837
:106250004172C1724FF6FF71C181FF2181720174D9
:10626000012101730146887FFEF793F90F49C88A1F
:10627000FEF7EBFC0D49087EFEF7A5FC0B49488BA9
:10628000FEF7A9FB0949888BFEF751FC0749C87F37
:10629000FEF76CFB054890F8200010B10120FFF7D5
:1062A0004DFD002101484175002016E788010020BE
:1062B00010B5C8234FF48062F74940F6F630FFF777
:1062C00087FE10BD10B586B00446F4A000680390A8
:1062D000F3A000680290F3A000680190F2A00068AB
:1062E000009004F0030003A9085C8DF8140003A8D3
:1062F000C4F3C101405C8DF8150003A8C4F38111FB
:10630000405C8DF8160004F0030002A9085C8DF8CB
:10631000100002A8C4F3C101405C8DF8110002A86E
:10632000C4F38111405C8DF8120005AA032140F2EC
:106330002640FFF7D3FD18B14FF0FF3006B010BD77
:1063400004AA032140F22A40FFF7C8FD10B14FF024
:10635000FF30F3E7019805900098049004F00400E2
:1063600058B19DF8140040F001008DF814009DF81C
:10637000100040F001008DF8100004F0200058B12A
:106380009DF8150040F001008DF815009DF81100F2
:1063900040F001008DF8110004F4807058B19DF8B0
:1063A000160040F001008DF816009DF8120040F034
:1063B00001008DF8120005AA03214FF48860FFF751
:1063C0008DFD10B14FF0FF30B8E704AA032140F271
:1063D0003140FFF783FD10B14FF0FF30AEE7B34817
:1063E00004810020AAE71FB50446B048007A00F0F7
:1063F000030054F820000190AC48007A00F004003B
:1064000010B1019840420190A848007AC0F3C10041
:1064100054F820000290A548007A00F0200010B146
:10642000029840420290A148007AC0F3811054F8CB
:10643000200003909D48008900F4807010B10398FB
:10644000404203909A49019880FB0101800F40EA85
:10645000810001909649029880FB0110820042EA77
:10646000917002909249039880FB0110820042EAE9
:10647000917003900198000E8DF800000198000CB7
:106480008DF801000198000A8DF802000198C0B251
:106490008DF803006A4604214FF47470FFF71EFD67
:1064A00018B14FF0FF3004B010BD0298000E8DF807
:1064B00000000298000C8DF801000298000A8DF887
:1064C00002000298C0B28DF803006A4604214FF41E
:1064D0007570FFF703FD10B14FF0FF30E3E703984D
:1064E000000E8DF800000398000C8DF80100039851
:1064F000000A8DF802000398C0B28DF803006A46C6
:1065000004214FF47670FFF7E9FCCCE770B588B052
:10651000064601A8FEF7E9FEBDF804000021C90304
:1065200041EA5045C4036148007A00F0030056F880
:10653000200005905D48007A00F0040010B1059835
:10654000404205905948007AC0F3C10056F8200037
:1065500006905648007A00F0200010B1069840429C
:1065600006905248007AC0F3811056F82000079038
:106570004E48008900F4807010B10798404207909F
:106580000598C117A0FB042301FB043100FB051093
:10659000810041EA927005900698C117A0FB042380
:1065A00001FB043100FB0510810041EA9270069066
:1065B0000798C117A0FB042301FB043100FB051061
:1065C000810041EA927007900598000E8DF808004E
:1065D0000598000C8DF809000598000A8DF80A004E
:1065E0000598C0B28DF80B000698000E8DF80C00CF
:1065F0000698000C8DF80D000698000A8DF80E0024
:106600000698C0B28DF80F000798000E8DF81000A4
:106610000798000C8DF811000798000A8DF81200F9
:106620000798C0B28DF8130002AA0C214FF4257010
:10663000FFF754FC08B070BD30B585B004461DA20C
:1066400007CA02AB07C3C82C03DD4FF0FF3005B00B
:1066500030BDC82090FBF4F0401E85B2280A8DF8AA
:106660000000E8B28DF801006A46022140F21620CF
:10667000FFF734FC10B14FF0FF30E8E702AA0C211D
:1066800040F6C120FFF72AFC10B14FF0FF30DEE7E3
:10669000064884810020DAE7E08C00084CCD6C00CD
:1066A0000CC92C0036567600264666002C030020C6
:1066B00009E3CA02FEF2ABC4AAF1DFDFBBAFDFDF42
:1066C0000146FC4880890880002070472DE9FC477E
:1066D00006460F4606F0070010B1B7F5C86F03DD98
:1066E0004FF0FF30BDE8FC87384601F00CF88146DA
:1066F000F14900F039FE80466846FEF77AFD9DF8C4
:106700000000022806D0042816D0082826D0102819
:1067100048D135E04FF08D41404600F0F3FD814611
:1067200001F020F884B2E549404600F0EBFD8146D7
:1067300001F018F885B238E04FF08C41404600F087
:10674000E1FD814601F00EF884B2DD49404600F0DB
:10675000D9FD814601F006F885B226E04FF08B4165
:10676000404600F0CFFD814600F0FCFF84B2D549E1
:10677000404600F0C7FD814600F0F4FF85B214E00A
:106780004FF08A41404600F0BDFD814600F0EAFF2F
:1067900084B2CD49404600F0B5FD814600F0E2FFED
:1067A00085B202E04FF0FF309CE700BF20128DF869
:1067B0000400E0B28DF8050028128DF80600E8B25A
:1067C0008DF8070006F00100A0B101AA02214FF4E4
:1067D000EA70FFF783FB10B14FF0FF3082E70DF155
:1067E000060202214FF49270FFF778FB10B14FF0D0
:1067F000FF3077E706F00200A0B101AA02214FF4B2
:10680000EC70FFF76BFB10B14FF0FF306AE70DF152
:10681000060202214FF49470FFF760FB10B14FF0B5
:10682000FF305FE706F00400A0B101AA02214FF497
:10683000EE70FFF753FB10B14FF0FF3052E70DF150
:10684000060202214FF49670FFF748FB10B14FF09B
:10685000FF3047E7002045E738B5044600200090A8
:1068600004F0010020B19DF8000040F030000090DD
:1068700004F0020020B19DF8000040F00C000090F0
:1068800004F0040020B19DF8000040F003000090E7
:106890006A4601214FF4A470FFF720FB38BD38B5DC
:1068A0000446012C01DA012402E0042C00DD04245A
:1068B000601EC0B200906A46012140F24F10FFF7FF
:1068C0000DFB38BD38B50446052094FBF0F085B2C9
:1068D00028128DF80000E8B28DF801006A46022106
:1068E0004FF4EF70FFF7FAFA38BD38B504460520CB
:1068F00094FBF0F085B228128DF80000E8B28DF814
:1069000001006A4602214FF4ED70FFF7E7FA38BD47
:10691000F8B505460E464FF47A7095FBF0F000FB93
:1069200006F4200E8DF80000200C8DF80100200ADE
:106930008DF80200E0B28DF803006A4604214FF49E
:10694000AE70FFF7CBFAF8BD38B50446052094FBCE
:10695000F0F084B220128DF80000E0B28DF8010052
:106960006A4602214FF4AD70FFF7B8FA38BD38B56A
:106970000446052094FBF0F084B220128DF800004C
:10698000E0B28DF801006A4602214FF4AC70FFF7C7
:10699000A5FA38BD38B5044614B94FF0FF3038BDFC
:1069A0006A4604214FF45870FFF7D5FA10B14FF042
:1069B000FF30F4E79DF8000000069DF8011040EA62
:1069C00001409DF8021040EA01209DF803100843A1
:1069D00020600020E3E738B50446200E8DF8000063
:1069E000200C8DF80100200A8DF80200E0B28DF82D
:1069F00003006A4604214FF45870FFF76FFA38BD60
:106A000038B5044614B94FF0FF3038BD6A4604214A
:106A10004FF47170FFF79FFA10B14FF0FF30F4E7B9
:106A20009DF8000000069DF8011040EA01409DF825
:106A3000021040EA01209DF80310084300EB80009B
:106A4000800020600020E0E738B504461420B4FB45
:106A5000F0F4200E8DF80000200C8DF80100200AC3
:106A60008DF80200E0B28DF803006A4604214FF46D
:106A70007170FFF733FA38BD38B5044664B1202091
:106A80008DF8000028208DF8010030208DF80200DC
:106A900038208DF8030004E0A3220421684600F0AA
:106AA000AEFB6A46042140F69E20FFF717FAFDF779
:106AB00079FE38BD2C03002000004843000040460A
:106AC0000000C045000040450000C04438B5044601
:106AD00064B1C0208DF80000C2208DF80100C420F0
:106AE0008DF80200C6208DF8030004E08B220421FB
:106AF000684600F084FB6A46042140F69820FFF7C0
:106B0000EDF9FDF74FFE38BD3EB504466CB1FDA171
:106B1000D1E900208968CDE9002002916A46092167
:106B20004FF49760FFF7DAF93EBDF9A2D2E9001001
:106B30009268CDE9010200916A4609214FF49760FD
:106B4000FFF7CCF9F0E73EB5044602208DF80000CF
:106B5000CA208DF80100E3208DF8020009208DF88D
:106B600003006A4604216820FFF7B8F9A3208DF8D6
:106B7000000004F0400048B1C0208DF80100C8209A
:106B80008DF80200C2208DF8030006E0A3208DF8E6
:106B900001008DF802008DF8030004F4C07048B1C4
:106BA000C4208DF80400CC208DF80500C6208DF897
:106BB000060006E0A3208DF804008DF805008DF88E
:106BC0000600A3208DF807008DF808008DF8090055
:106BD0006A460A2140F6A720FFF780F904F0030077
:106BE00018B120208DF8000002E0D8208DF80000B8
:106BF0006A46012140F6B620FFF770F904F0200044
:106C000018B10120FFF780FF02E00020FFF77CFFB2
:106C100004F4C07008B304F4807060B1B2208DF841
:106C200000008B208DF80100B6208DF802009B201B
:106C30008DF803000BE0B0208DF8000080208DF867
:106C40000100B4208DF8020090208DF803006A4600
:106C5000042140F6A220FFF741F904F0010020B31F
:106C6000F8208DF800006A4601214FF40B60FFF711
:106C700035F9FA210720FFF729FD0720FFF7ECFD82
:106C80000120FFF70CFE6420FFF71CFE4FF4FA70A2
:106C9000FFF72BFEC821A148FFF73AFE2820FFF797
:106CA00053FE0A20FFF763FE08E0D8208DF80000AD
:106CB0006A4601214FF40B60FFF710F904F002005F
:106CC00018B1D9208DF8000002E0D8208DF800001E
:106CD0006A46012140F23D70FFF700F904F004001C
:106CE00018B10120FFF7F2FE02E00020FFF7EEFEF0
:106CF00004F0100018B10120FFF7BEFE02E00020F2
:106D0000FFF7BAFE44F0080085494881FDF74AFDC7
:106D100000208349887304F0400018B10846807B46
:106D2000801D887304F4C07020B17D48807B801D75
:106D30007B49887304F0140020B17948807B1030BF
:106D40007749887304F0030020B17548807B001DEB
:106D50007349887300203EBD014671484089088010
:106D6000002070472DE9F0410446E07800F0C006AD
:106D7000E07800F03F05607800F0010098B1EF1076
:106D80002846E91705EB5171C910A5EBC101491C53
:106D900001F0FF086248006820B16148414602687E
:106DA0003846904700BF607800F0080030B15C487A
:106DB000406818B1B0115A4A516888470020BDE8B0
:106DC000F08110B586B0044656A207CA03AB07C3CC
:106DD00057A207CA8DE80700012C09D0022C0ED15A
:106DE00003AA0B2140F68220FFF778F806B010BD09
:106DF0006A460B2140F68220FFF770F8F6E74FF065
:106E0000FF30F3E72DE9F04F8DB007468846154671
:106E10009946DDE9166B0024002030804049887BCC
:106E20005A4605A9FEF7BDFB18B1601E0DB0BDE8BE
:106E3000F08F3B48807A00F01400002861D09DF864
:106E4000140000069DF8151040EA01409DF8161048
:106E500040EA01209DF81710084328609DF81800AB
:106E600000069DF8191040EA01409DF81A1040EA0A
:106E700001209DF81B10084368609DF81C00000667
:106E80009DF81D1040EA01409DF81E1040EA0120C7
:106E90009DF81F100843A8609DF8200000069DF88B
:106EA000211040EA01409DF8221040EA01209DF89F
:106EB00023100843E86004F11000C4B228680014ED
:106EC0000190686800140290A86800140390E868B4
:106ED0000014049001984043029901FB01000399BA
:106EE00001FB0100049901FB010ABAF1706F02DB9A
:106EF000BAF1885F22DDFDF755FC00203080401E8E
:106F000094E721E0B8AAB38DB4980D355D00000078
:106F1000B8AAAAAAB088C3C5C700000009E3CA027C
:106F20002C030020D8B1B9F38BA391B609B4D900D2
:106F3000DAB1B9F38BA391B6DAB4DA00B6F900008E
:106F400040F48070308000BF7848807A00F04000C4
:106F500020B305A9601C085C095D40EA012000B26D
:106F6000A8F8000005A9E01C095C05AAA01C105C9B
:106F700041EA002000B2A8F8020005A9601D095CE2
:106F8000201D105C41EA002000B2A8F80400A01DFA
:106F9000C4B2B6F9000040F0080030806348408970
:106FA00000F4C07008B305A9601C085C095D40EAE4
:106FB000012000B2388005A9E01C095C05AAA01CCC
:106FC000105C41EA002000B2788005A9601D095CD0
:106FD000201D105C41EA002000B2B880A01DC4B2A0
:106FE000B6F9000040F0700030805048807A00F020
:106FF000030018B105A90819FFF7B4FE4846FBF7CE
:107000003EF9002012E70146484801600020704721
:1070100001464648416000207047014691F9002032
:10702000002A01DD00201EE091F90020002A01DA8B
:10703000042018E091F90120002A01DD012012E06E
:1070400091F90120002A01DA05200CE091F90220D3
:10705000002A01DD022006E091F90220002A01DA6F
:10706000062000E00720704770B505462846FFF768
:10707000D4FF0446E81CFFF7D0FF44EAC00084B206
:10708000A81DFFF7CAFF44EA801084B2204670BDF5
:1070900070B588B002A905A8FEF795FE0446032C3A
:1070A0003FD101A8FEF704F9059800F023FB06463E
:1070B000019900F027F9054600F03BFB0590069882
:1070C00000F018FB0646019900F01CF9054600F097
:1070D00030FB0690079800F00DFB0646019900F082
:1070E00011F9054600F025FB079005A8FFF77BF98D
:1070F0006846FEF7FAF8BDF800100298484302907F
:10710000BDF80010039848430390BDF800100498A0
:107110004843049002A8FFF7F9F905A0FDF735F8F8
:1071200002E00CA0FDF731F808B070BD2C03002080
:1071300073657474696E6720626961732073756327
:1071400063657366756C6C79202E2E2E2E2E2E0A9A
:10715000000000006269617320686173206E6F74C3
:10716000206265656E206D6F646966696564202EB6
:107170002E2E2E2E2E0A00002DE9F0410024061B93
:10718000254671F1000605DA01240027D0EB07003F
:1071900067EB0101161E73F1000605DA0027D2EB3A
:1071A0000702012567EB030300F062FB86460E46EB
:1071B00017469C46AC4204D00025D0EB050E65EB8B
:1071C000010624B10020D2EB000760EB030C7046EF
:1071D00031463A466346BDE8F08140EA01039B0729
:1071E00003D009E008C9121F08C0042AFAD203E03C
:1071F00011F8013B00F8013B521EF9D27047D2B2A0
:1072000001E000F8012B491EFBD270470022F6E78F
:1072100010B513460A4604461946FFF7F0FF20460C
:1072200010BD421E12F8013F002BFBD111F8013BAB
:1072300002F8013B002BF9D1704730B5044600201D
:10724000034600E05B1C934203D2E05CCD5C401B34
:10725000F8D030BDF0B480EA0102D40F4200B2EBA6
:10726000410F02D20246084611464A0042D0C30DE1
:10727000DDB2C1F3C752AD1A202D35DAC1F31601C4
:1072800041F4000204B15242C5F1200602FA06F1AF
:107290002A411044B3EBD05F23D0C4B1012DA0EB41
:1072A000C35009DCF0BC4FF0004202EAC352DBB22B
:1072B00000F5000000F037BB400000F1807000EBEB
:1072C000C350A0F1807040EAD170490009E049083C
:1072D00041EAC071A0EBC35000F50000400800EB8C
:1072E000C350F0BC00F016BB6142012202EB410129
:1072F000001BF6E7F0BC704781F00041AAE780F080
:107300000040A7E780EA010210B502F00043400008
:1073100022D04A001FD0010E01EB1261C0F35600CB
:10732000C2F3560240F4000042F40002A0FB022027
:1073300000047F39140400D0401C50EA124001D4EC
:107340004000491EC2B20C0604EBD010401C40089D
:10735000802A02D003E0002010BD20F001000029A7
:1073600000DA0020184310BD30B480EA010202F0B8
:10737000004530F0004221F0004013D090B1C30D21
:10738000D40DC2F31601C0F31600E41A41F4000153
:1073900040F400027D34914201D3641C00E04900B6
:1073A000002C02DA30BC002070474FF400000023AC
:1073B000914201D3891A034340084FEA4101F7D1B2
:1073C00051B1914202D14FF0004105E002D24FF09D
:1073D000010101E06FF0010103EBC450284430BC0F
:1073E00000F098BA2DE9FE4F804681EA0300C00FF5
:1073F0000C46009021F0004123F00045B8EB02005C
:10740000A94105D24046214690461C460B460246FD
:1074100023F00040104347D0270DC7F30A00C3F301
:107420000A510290401A019040286BDAC3F313000E
:1074300040F4801B0098924620B10023D2EB030A4F
:1074400063EB0B0B01985946C0F14002504600F027
:1074500040FA06460D4650465946019A00F048FA51
:1074600010EB08006141002487EA115284EAE773B7
:107470001A4340D0009A62B3019A012A4FEA075298
:1074800015DC001B61EB02014FF0004202EA0752DB
:10749000CDE90042001C41F5801132462B4600F038
:1074A0007FFA03B0BDE8F08F40462146F9E7001BA4
:1074B00061EB0201001C41F5801300185B412018AC
:1074C000A2F5001747EB030140EAD570B6196D41EC
:1074D00011E06D084FEA360645EAC0754FEA0752DB
:1074E000001B61EB0201001C41F5801149084FEAC5
:1074F00030000019514132462B4603B0BDE8F04F31
:1075000000F03FBA0098012240000023D0EB0202B5
:1075100063EBE073009821464FEAE074B8EB00009B
:1075200061EB0401E9E783F000435BE781F0004190
:1075300058E72DE9FE4F81EA030404F0004421F0EE
:10754000004100944FF0000B23F0004350EA010487
:107550005ED052EA03045BD0C3F30A54C1F30A5568
:107560002C44A4F2F3340194A0FB0254C1F31301A0
:1075700041F48011C3F3130343F4801301FB02446D
:1075800000FB034E840A970A44EA815447EA835772
:10759000A4FB076802958D0A05FB07854FEA932C2B
:1075A00004FB0C542705029D4FEA065847EA16379C
:1075B000B5EB08056EEB070C870E920E47EA8117B4
:1075C00042EA8312A7FB0201B6EB0B0164EB000455
:1075D0002B0D43EA0C335E1844EB1C50DA4651463F
:1075E000E7FB0201C5F313044FEA0B3343EA1453DC
:1075F0004FEA0432019C43EA0603A4F10C0402940E
:10760000009CCDE900B400F0CBF903B0BDE8F08FE9
:1076100000200146F9E72DE9F04D81EA030404F06A
:10762000004B21F0004514464FF0000A23F00041C2
:1076300050EA050220D054EA01021DD0C5F30A57D2
:107640000246C5F31303C1F31300C1F30A5640F415
:10765000801543F48013A7EB0608101BD64608F2EA
:10766000FD3873EB050002D308F1010801E0921820
:107670005B41B8F1000F03DA00200146BDE8F08D50
:1076800000204FF48011064684460EE0171B73EB72
:10769000050705D3121B63EB050306434CEA010CF7
:1076A00049084FEA300092185B4150EA0107EDD1DA
:1076B00052EA030012D082EA040083EA050108437B
:1076C00005D0101BAB4106D20122002306E00022A8
:1076D0004FF0004302E06FF0010253101AEB060076
:1076E0004CEB085110EB0A0041EB0B01BDE8F04DEB
:1076F00000F047B9C10F80EAE0700844CA0796233A
:10770000002100F010B996230022114600F00BB9B9
:107710000EB5C10F80EAE0700844CA07002140F2AC
:1077200033438DE80E000A460B4600F039F903B0EA
:1077300000BD00F0004220F00040C10DC0F3160073
:1077400040F400007F2901DA00207047962903DC0D
:10775000C1F19601C84001E096398840002AF4D072
:107760004042704720F00040C10DC0F3160040F4C5
:1077700000007F2901DA00207047962903DCC1F15F
:107780009601C840704796398840704700F0004223
:1077900030F000400AD0C10D01F56071C0F3160051
:1077A00042EA0151C20840071143704700200146D8
:1077B0007047000030B5041E71F1000404DB4FF087
:1077C0000044404264EB0101141E73F1000405DB28
:1077D0001C464FF00043524263EB04038B4208BF48
:1077E000824230BD01F0004330B421F0004150EA44
:1077F000010206D00A0DA2F56072C1F31301002A3E
:1078000002DC30BC00207047440F44EAC104C100D0
:10781000E01830BC00EBC25000F07CB8002801DB5F
:10782000C0F10040002901DBC1F1004181427047F5
:10783000002801DBC0F10040002901DBC1F100415B
:107840008842704730B50B460146002020220124B3
:1078500009E021FA02F59D4205D303FA02F5491B1E
:1078600004FA02F52844151EA2F10102F1DC30BD34
:107870002DE9F05F0546002092469B468846064665
:10788000814640241BE0284641464746224600F0F8
:107890002FF953465A46C01A914110D31146184643
:1078A000224600F016F82D1A67EB01084F462246D3
:1078B0000120002100F00DF817EB00094E41201EB9
:1078C000A4F10104DFDC484631462A464346BDE8C0
:1078D000F09F202A04DB203A00FA02F100207047D2
:1078E0009140C2F1200320FA03F3194390407047FE
:1078F000202A06DBCB17203A41FA02F043EAE07374
:1079000006E041FA02F3D040C2F120029140084360
:10791000194670470029A8BF7047401C490008BF9E
:1079200020F00100704710B4B0FA80FC00FA0CF0AF
:1079300050EA010404BF10BC704749B1CCF12004E7
:1079400021FA04F411FA0CF118BF01212143084374
:10795000A3EB0C01CB1D4FEA00614FEA102042BFA0
:10796000002010BC704700EBC35010440029A4BF96
:1079700010BC7047401C490008BF20F0010010BC3B
:10798000704710B5141E73F1000408DA401C41F171
:10799000000192185B411A4301D120F0010010BD93
:1079A0002DE9F04D92469B4611B1B1FA81F202E009
:1079B000B0FA80F220329046FFF78BFF04460F4664
:1079C00040EA0A0041EA0B0153465A46084313D0E5
:1079D000114653EA010019D0C8F14002504600F0A8
:1079E00087F805460E46504659464246FFF771FF56
:1079F000084305D0012004E020463946BDE8F08D5B
:107A00000020054346EAE0762C4337430A98630595
:107A1000E40AA0EB08000022FD0A44EA47540A30B9
:107A200002D500200146E9E7010510196941DDE9A9
:107A3000084500196941BDE8F04DA2E770B521F095
:107A4000004303430CD0C1F30A550024D5EB0405D1
:107A500064EB0403D617AD1AB34102DB00200146E4
:107A600070BD201841EB025170BDC1F30A52C1F341
:107A7000130140F2FF3341F480119A4202DA0020F0
:107A80000146704740F233439A42A2F2334202DC8D
:107A9000524200F02DB8FFF71CBF000030B5041EA5
:107AA00071F1000404DB4FF00044404264EB01013B
:107AB000141E73F1000405DB1C464FF000435242D4
:107AC00063EB0403994208BF904230BD064C074D5A
:107AD00006E0E06840F0010394E80700984710349E
:107AE000AC42F6D3F8F706FB189A0008389A00085B
:107AF000202A04DB203A21FA02F00021704721FA03
:107B000002F3D040C2F12002914008431946704769
:107B10002DE9F04D00231A461B1A8A4103DB002091
:107B20000146BDE8F08DC1F30A52C1F3130141F4DF
:107B300080154FF0000BD10702D100186D41521E85
:107B40000027044640F2FF11384601EB620A3E4628
:107B50008046024600204FF48011FFF7C9FFC2198A
:107B60007141BB1846EB0100B4EB030C75EB000C44
:107B700004D3E41A65EB000517460E46241908F1F4
:107B800001006D4180463428E3DDF91946EB06001B
:107B9000091BA84103D24FF0FF32134601E0002237
:107BA00013461BEB070046EB0A51BDE8F04DFFF70B
:107BB000E8BE70B58C1810F8015B15F0070301D111
:107BC00010F8013B2A1106D110F8012B03E010F840
:107BD000016B01F8016B5B1EF9D12B0705D4002363
:107BE000521E0DD401F8013BFAE710F8013BCB1A05
:107BF000921C03E013F8015B01F8015B521EF9D5FA
:107C0000A142D8D3002070BD0FB4084B10B504A911
:107C100002AA039800F060F9044602A9002000F0CF
:107C2000F2FC204610BC5DF814FB0000078600083B
:107C3000490050EAC12018BF04204A0D18BF40F087
:107C4000010040F2FF72B2EB515F08BF40F002004A
:107C5000012808BF052070472DE9F0414F1E00EBB9
:107C6000C7010446D1E9000115461E4637F0060259
:107C70000DD02A463346FFF75CFC7F1E04EBC7039A
:107C8000D3E90023FFF7AEFB37F00602F1D1022F54
:107C900025D0042F13D0062F18BFBDE8F0812A4647
:107CA0003346FFF746FCD4E90A23FFF79BFB2A463D
:107CB0003346FFF73EFCD4E90823FFF793FB2A463F
:107CC0003346FFF736FCD4E90623FFF78BFB2A4641
:107CD0003346FFF72EFCD4E90423FFF783FB2A4643
:107CE0003346FFF726FCD4E90223FFF77BFB2A4645
:107CF0003346FFF71EFCD4E90023BDE8F041FFF74F
:107D000071BB0122FFF79ABEFFF76CBB002213463E
:107D100010461146FFF77FBC024A00201107FFF70B
:107D20008DBE000001FDFFFF02E008C8121F08C160
:107D3000002AFAD170477047002001E001C1121FEC
:107D4000002AFBD17047000001490860704700001D
:107D5000B40100202DE9FF5F82B00021DDE904308D
:107D6000020DDDF840B0034318D044F61050A2F2E3
:107D7000FF3242431514119801281FD0A5EB0B00C8
:107D8000401C5FEA000A4FF000064E4FDFF83891C2
:107D9000B046504615D5CAF1000413E011980124ED
:107DA0004AA3012801D16FEA0B010298119AC0E998
:107DB0000031C0E9024206B0BDE8F09FCBF10000FF
:107DC000DFE704460021404A491842EB0450CDE960
:107DD000001012E0E00707D032463B4640464946D5
:107DE000FFF7A7FB8046894632463B4610461946B8
:107DF000FFF79FFB06460F466410002CEAD1DDE931
:107E00000401DDE90023BAF1000F06DAFFF791FB68
:107E100042464B46FFF78DFB05E0FFF7FCFB424671
:107E20004B46FFF7F8FB04460E460022284BFFF7AF
:107E300035FE03D84FF0FF30014607E00022254B06
:107E400020463146FFF7CEFAFFF70FFE102409E077
:107E5000002C0ADB0A220023FFF70AFD039B3032C5
:107E60001A55641E50EA0102F2D1641C039AC4F14F
:107E700011031444119A012A03D0012208430DD1A1
:107E80000AE0084304D000204FF0110B119072E774
:107E9000A3EB0B056D1E0DE05B4504DD4FF000020A
:107EA00005F1010504E003DA4FF00002A5F1010538
:107EB000002AECD002981199C0E90231C0E90045CE
:107EC00079E70000000014400000F03F300000009F
:107ED0000000F0430000E03F2DE9FF4F95B09B46C6
:107EE0008946064600250FE2252877D1002427463B
:107EF000F84A0121059400E0044316F8013F203BB5
:107F000001FA03F01042F7D130782A2811D06FF02F
:107F10002F033078A0F13002092A16D8059A44F0D0
:107F2000020402EB820203EB42021044761C05902D
:107F3000EFE759F8042B0592002A03DA504244F483
:107F40000054059044F00204761C30782E2816D197
:107F500016F8010F44F004042A280DD06FF02F0208
:107F60003078A0F13003092B09D807EB870302EB27
:107F70004303C718761CF3E759F8047B761C307866
:107F80006C280FD006DC4C2817D068280DD06A2842
:107F900014D104E0742810D07A280FD10DE044F4F5
:107FA00000140AE044F4801401E044F440147278B0
:107FB000824202D104F58014761C761C3078662843
:107FC0000BD013DC582877D009DC002875D0452861
:107FD000F6D04628F4D047281AD19DE118E063284E
:107FE00035D0642879D0652812D195E1702873D0F6
:107FF00008DC6728F1D069286FD06E280DD06F2873
:1080000006D1B5E073282CD0752875D0782874D0A7
:108010005A46179990476D1C75E1C4F30250022827
:1080200009D003280DD0D9F8001004280DD00D6018
:1080300009F1040967E1D9F80010EA17C1E9005213
:10804000F6E7D9F800100D80F2E70D70F0E719F8A7
:10805000041B8DF8001000208DF80100EA46012075
:1080600003E059F804AB4FF0FF3061074FF0000117
:1080700002D40DE008F101018846B9420FDA8045CB
:10808000F8DB1AF808100029F4D108E008F1010122
:1080900088468142FADB1AF808100029F6D10598C3
:1080A0005B46A0EB080721463846179A00F094FA81
:1080B000284400EB080507E04DE029E10DE01AF83F
:1080C000010B5A4617999047B8F10108F7D25B4661
:1080D00021463846179A13E142E00A220092C4F37F
:1080E00002524FF0000A022A08D059F804CB032AA2
:1080F0004FEAEC710AD00DE029E02AE009F107010E
:1081000021F00702F2E802C1914609E00FFA8CFC67
:108110004FEAEC71042A03D14FFA8CFC4FEAEC7160
:10812000002907DA0A460021DCF1000C61EB0201AC
:108130002D2202E0220504D52B228DF804200122F5
:1081400003E0E20701D02022F7E7904659E00A2138
:1081500002E010220DE010214FF0000A00910BE028
:1081600010224FF0000A44F004040827009203E0B4
:1081700008224FF0000A0092C4F30252022A05D0EE
:1081800059F804CB0021032A08D009E009F10701BE
:1081900021F00702F2E802C1914605E01FFA8CFCCB
:1081A000042A01D10CF0FF0C4FF00008220728D55B
:1081B000702806D0009B83F0100353EA0A0305D011
:1081C0000EE040228DF80420012208E05CEA010262
:1081D00006D030228DF804208DF80500022290464A
:1081E000009B83F0080353EA0A030AD15CEA010208
:1081F00001D1620705D530228DF804204FF0010827
:108200007F1E582804D034A003900EA802900DE0E1
:1082100036A0F9E753466046009AFFF729FB8446EB
:108220000398825C0298401E029002705CEA010092
:10823000F0D1029806A9081A00F1200A600702D5B9
:1082400024F4803400E00127574502DDA7EB0A0043
:1082500000E0002000EB0A01009005984144401A1C
:108260000590E00306D45B462146179A059800F076
:10827000B3F90544002706E001A85A46C05D1799E6
:1082800090476D1C7F1C4745F6DBE0030CD55B4631
:108290002146179A059800F09FF9054404E0302024
:1082A0005A46179990476D1C0099481E0090002966
:1082B000F5DC08E0029802995A460078491C0291C0
:1082C000179990476D1CBAF10001AAF1010AF1DC7F
:1082D00065E100000928010030313233343536378A
:1082E0003839616263646566000000003031323302
:1082F00034353637383941424344454600000000A2
:1083000000F058F90544761C307800287FF4ECAD75
:1083100019B02846BDE8F08F620700D4062709F19E
:10832000070222F0070CFCE80223E14603F00048B4
:108330005FEA080C02D00FF2702C0DE05FEA045CDB
:1083400002D50FF2682C07E05FEAC47C02D00FF27E
:10835000602C01E0AFF2700C4FF0FF3823F00043C7
:10836000CDF850C065280CD006DC452809D0462839
:108370001DD047283DD13DE0662818D067287ED122
:1083800038E00021112F01DB112000E0781CCDE93D
:10839000000106A90EA8FFF7DDFCDDE90F010E9A2A
:1083A00003910021009207F1010A04914DE04FF082
:1083B00000400097CDE9011006A90EA8FFF7CAFCFE
:1083C000DDE90F0203920E9B11990022DDF80CA04B
:1083D0000093049211B9791C00EB010AB7EB0A0073
:1083E00004D4C0F1FF3007F1010A0490AAEB0700A2
:1083F000019044E0012F00DA01270021112F01DD57
:10840000112000E03846CDE9000106A90EA8FFF7CB
:10841000A1FCDDE90F010E9A039100210491009265
:10842000BA4621070CD40399514500DA8A46BAF1BD
:10843000010F05DD009AAAF10101515C302908D035
:10844000B84202DA10F1040F06DA0121CDE9011079
:1084500015E0AAF10101E9E7002805DC04990144CF
:108460000491AAEB000102E0411C514500DD8A465F
:108470000499401A401C01904FF0004002902007E0
:1084800004D40198504501DBCDF8048000208DF81C
:108490004F0002980DF14F07B0F1004F25D02B206F
:1084A0000E9002984FF0020800280CDA4042029029
:1084B0002D200E9007E00A210298FFF7C3F9303112
:1084C000029007F8011DB8F10001A8F10108F2DCE3
:1084D00002980028EFD1791E0E980870307800F0CD
:1084E000200040F0450007F8020D12A8C01B00F163
:1084F00007081498007800B1012000EB0A010198E8
:1085000001EBE07105984144401A401E0590E003DC
:1085100006D45B462146179A059800F05DF805449D
:108520001498007818B15A46179990476D1CE003CB
:1085300024D55B462146179A059800F04DF805446E
:108540001CE00498002807DBDDE90301884203DD15
:108550000098405C179901E0179930205A469047DF
:10856000049805F10105401C04900198401E0190FB
:1085700004D12E205A46179990476D1CBAF100017C
:10858000AAF1010ADDDC05E017F8010B5A4617993C
:1085900090476D1CB8F10001A8F10108F4DC5B46BE
:1085A0002146179A0598ABE62D0000002B0000002D
:1085B000200000002DE9F041044600251E46174624
:1085C000880404D405E039462020B0476D1C641EA1
:1085D000F9D52846BDE8F0812DE9F0410446002593
:1085E0001E469046C80301D5302700E020278804A6
:1085F00004D505E041463846B0476D1C641EF9D5E8
:108600002846BDE8F0810A68531C0B601070704763
:108610002DE9F04D8D4F21F0004A86B005460C46FD
:10862000BA452ADBAAEB070028430AD088488245CE
:1086300001DC1AD1CDB106B02846BDE8F04DFFF7F8
:1086400060BB844A844B2846FEF773FF07460E46FC
:10865000824A834B28462146FEF76BFF06B03A4616
:108660003346BDE8F04DFEF7BDBE0120FFF76CFBC1
:1086700006B0BDE8F04DFFF749BB7A48824542DAC3
:10868000BAF1795F0BDA2846FFF7D2FA042808BF5F
:10869000FFF742FB284606B02146BDE8F08D2A468A
:1086A0000B461046FEF745FF834602466E480E46CF
:1086B0000B4606217844FFF7CFFA5A463346FEF7B9
:1086C00038FF804669488A465A4633460421784432
:1086D000FFF7C2FA5A463346FEF72BFF00223B460D
:1086E000FEF780FE02460B4640465146FEF793FFDA
:1086F0002A462346FEF71DFF06B02A462346BDE85C
:10870000F04DFEF76FBE284624F0004100223D46A2
:108710003B46FEF70BFF4FF0FF32FFF78FF906469F
:10872000024653480F460B4606217844FFF794FA59
:1087300032463B46FEF7FDFECDE900014D4832468C
:108740003B4604217844FFF787FA32463B46FEF762
:10875000F0FE00222B46FEF745FE8346029130468E
:10876000394600F05DFA804643480D46504517DC17
:10877000DDE900015A46029BFEF74DFF42462B46BB
:10878000FEF7D7FE42462B46FEF72CFE0122FFF7EE
:1087900055F9304A304BFEF7C6FE304A304B4CE0BC
:1087A0004FF0000A52460B464046FEF71BFECDE94D
:1087B000031052462B4610461946FEF7BAFE3246C3
:1087C0003B46FEF7B3FEDDE90332FEF724FF064623
:1087D0000F46DDE900015A46029BFEF71CFF834667
:1087E0000091012230463946FFF728F9194A1A4B01
:1087F000FEF79CFE06460F46012240462946FFF73B
:108800001DF95A46009BFEF794FE32463B46FEF7A2
:108810008AFE06460F46012250462946FFF70EF90A
:108820000E4DDFF858802A464346FEF77FFE32465B
:108830003B46FEF77BFE2A464346FEF777FE002CBA
:10884000D8BF81F0004106B0BDE8F08D0000F03FD8
:108850000000F07F075C143326A6913C182D445489
:10886000FB21F93F0000E03F20120000361200001B
:10887000AA110000C01100003333EF3FFB21E93F94
:108880002DE9F84F04460D4621F000400091734950
:10889000814211DC7249884201DC06D12CB12046AC
:1088A0002946BDE8F84FFFF72CBA6E48002DCCBF23
:1088B0006D496E49BDE8F88F6D49814211DD6D4902
:1088C0008142D8BF4FF0FF366DDD20462946FFF7C5
:1088D000AFF9042808BFFFF71FFA20462946BDE874
:1088E000F88F6549654F25F00045814233DD6449C5
:1088F000814219DD002632464FF08043204629464A
:10890000FEF770FD80468A46012220462946FFF781
:1089100095F800223B46FEF706FE42465346FEF718
:108920007AFE04460D463EE001260022BA463B464A
:1089300020462946FEF756FD80460F460022534644
:1089400020462946FEF7EFFD42463B46FEF763FE12
:1089500004460D4627E04B4981421BDDDFF828A184
:1089600002260022534620462946FEF7E2FD002259
:108970003B46FEF737FD80460F4600225346204611
:108980002946FEF7D0FD42463B46FEF744FE04462C
:108990000D4608E0032622462B4600203B49FEF701
:1089A0003AFE04460D4622462B4610461946FEF76F
:1089B000C0FD8B46824602460B46FEF7BAFD0746CF
:1089C0000246334888460B4606217844FFF744F9AF
:1089D00052465B46FEF7ADFD82462E488B463A4630
:1089E000434605217844FFF737F93A464346FEF7F8
:1089F000A0FD02460B46002E504659460CDAFEF703
:108A0000F1FC22462B46FEF794FD01B022462B4690
:108A1000BDE8F04FFEF78ABDFEF7E4FC22462B4688
:108A2000FEF787FD1C4A7A4402EBC603D3E9002314
:108A3000FEF779FD22462B46FEF775FD174A7A446C
:108A400002EBC603D3E90023FEF770FD009A002A6B
:108A5000B8BF81F00041BDE8F88F0000000010446D
:108A60000000F07F182D4454FB21F93FFB21F9BF92
:108A70000000DC3F0000203E0000F33F0000F03F1C
:108A80000000E63F008003400000F83F0000F0BF18
:108A9000C20F0000800F00001E0F0000E60E000055
:108AA0002DE9F04D9446CCF1000423F000464CEA49
:108AB0000404524F46EAD4749A46884621F0004294
:108AC000BC4206D8454240EA050442EAD474BC429E
:108AD00004D9BDE8F04D6246FFF716B9AAF140553A
:108AE000A5F17F6555EA0C040BD0022404EAAA74B0
:108AF000434DDFF810E144EAD87452EA000B04D089
:108B00000CE0BDE8F04DFFF7BBBE002C14BF012CFC
:108B1000BDE8F08D022C30D0032C32D056EA0C0B7D
:108B20000AD0BE4220D1BA4209D126F0804622F0B6
:108B300080423346114617E000291ADB25E0DFF8B2
:108B4000C8B0FB44002C04BFDBE90001BDE8F08D98
:108B5000012C02BFDBE9000181F00041BDE8F08D8E
:108B6000022C0AD0032C0CD0BA4212D1B8F1000F5B
:108B70000BDA23482549BDE8F08D28462449BDE895
:108B8000F08D28467146BDE8F08D1D482149BDE8AD
:108B9000F08D921B12153C2AC4BF19481D490EDCEA
:108BA000BAF1000FBEBF12F13C0F0020014606DBF8
:108BB0006246FEF730FD21F00041FFF761FE002C18
:108BC00008BFBDE8F08D012C04BF81F00041BDE875
:108BD000F08D114A114B022C07D0FEF7A4FC2A4657
:108BE000BDE8F04D0A4BFEF79EBCFEF79CFC2A4602
:108BF000BDE8F04D064BFEF799BC00000000F07F89
:108C0000182D4454FB2109C07A0E0000FB21F9BF46
:108C1000FB210940FB21F93F075C143326A6A13C48
:108C20002DE9F04106460F46FEF772FF041E0D4681
:108C300018BF0120284320F00040C0F17F6000F100
:108C4000E040C00F0ED0301C18BF0120384320F088
:108C50000040C0F17F6000F1E040C00F04BF012080
:108C6000FFF772F820462946BDE8F08100000000B9
:108C70003333333333D35640E17A14AE47E1CA3F3E
:108C800066666666666614409A9999999999B93F9D
:108C90006800000476005401F7FD000175191A0CF4
:108CA0006A231B1C1F207274433B4138393A6B6C9A
:108CB000376F06246D6E700083000000000800000E
:108CC0000001001832000500000020410000D242DF
:108CD000295C0F3E9A99993E3333733F295C0F3ECE
:108CE00000007000000000240000000200030000EB
:108CF00000650054FFEF0000FA80000B12820001B3
:108D0000030C30C30E8C8CE914D5400213710F8E06
:108D10003883F8833000F883258EF8833000F88399
:108D2000FFFFFFFF0FFEA9D6240004001A8279A1DD
:108D30000000003CFFFF00000010000038836FA21D
:108D4000003E03304000000002CAE3093E800000FC
:108D50002000000000000000400000006000000053
:108D6000000C0000000C186E000006920A16C0DF0E
:108D7000FFFF0256FD8CD377FFE1C496E0C5BEAA83
:108D800000000000FFFF0B2B0000165700000359E6
:108D90004000000000001DFA00026C1D00000000F1
:108DA0003FFFDFEB003EB3B6000D227800002F3C02
:108DB00000000000001942B5000039A20000B365B0
:108DC000D90E9FC91DCF4C34300000005000000068
:108DD0003BB67AE80064000000C800000000000014
:108DE000100000001000FA921000225E000D229F79
:108DF0000001000000320000FF46000063D40000C4
:108E00001000000004D6000004CC000004CC0000D8
:108E10000000107200000040000000000000000090
:108E200000060002000500070000000000640000CA
:108E300000000000000000050005006400200000A4
:108E400000000000000000000000400000000300DF
:108E500000000032F8980000FF650000830F00005A
:108E6000FF9BFC000000000000000000000000006C
:108E700000000000000000000000000000000000F2
:108E800000000000000000000000000000001000D2
:108E900040000000000000060000B26A000200006E
:108EA0000001FB830068000000D9FC007CF1FF8317
:108EB0000000000000650000006403E80064002872
:108EC000000000250000000016A0000000001000B7
:108ED00000001000002F0000000001F4000010004E
:108EE00000280000FFFF4581FFFFFA72000000002C
:108EF00000000000004400050005BAC6004778A243
:108F00000000000100000000000006000000001446
:108F10000000254D002F706D000005AE000C02D042
:108F20000000000000000000000000000000000041
:108F3000001B000000000000000000000000000016
:108F400000640000000800000000000000000000B5
:108F50000000000000000000000000000000000011
:108F60000000000000000000000000000000000001
:108F700000000000000000000000000000000000F1
:108F800000000000000000000000000000000000E1
:108F900000000000000000000000000000000000D1
:108FA000001B00000000000000000000000E000E8A
:108FB00000000AC70004000000000032FFFFFF9C11
:108FC00000000B2B00000002000000010000006404
:108FD000FFE50000000000000000000000000000AD
:108FE000000000010000000000010000000000007F
:108FF000000180000001800000018000002426D3D1
:109000000000000000000000000600100096003C78
:109010000000000000000000000000000000000050
:109020000C0A4E68CDCF770950166759C619CE8203
:109030000000000000000000000000000000000030
:10904000000000000000000017D7840003000000AB
:109050000000000000000000C7938F9D1E1B1C191C
:109060000000000000000000000000000000000000
:10907000000000000000000002031885000040000E
:1090800000000003000000030000000000000000DA
:109090004000000000000000000000000000000090
:1090A00000000000000000000000000000000000C0
:1090B00000000000000000000000000000000000B0
:1090C00000000000677DDF7E72902E554CF6E6882A
:1090D0000000000000000000000000000000000090
:1090E000D8DCB4B8B0D8B9ABF3F8FAB3B7BB8E9E3E
:1090F000AEF132F51BF1B4B8B08097F1A9DFDFDF34
:10910000AADFDFDFF2AAC5CDC7A90CC92C97F1A948
:1091100089264666B28999A92D557DB0B08AA89650
:10912000365676F1BAA3B4B280C0B8A89711B2830C
:1091300098BAA3F0240844106418B2B9B49883F123
:10914000A329557DBAB5B1A38393F0002850F5B299
:10915000B6AA839328547CF1B9A3829361BAA2DAA8
:10916000DEDFDB819AB9AEF5606870F1DABAA2DFB2
:10917000D9BAA2FAB9A38292DB31BAA2D9BAA2F8BB
:10918000DF85A4D0C1BBAD83C2C5C7B8A2DFDFDF16
:10919000BAA0DFDFDFD8D8F1B8AAB38DB4980D3507
:1091A0005DB2B6BAAF8C96198F9FA70E161EB49AF1
:1091B000B8AA872C547CBAA4B08AB691325676B23B
:1091C0008494A4C808CDD8B8B4B0F19982A82D551C
:1091D0007D98A80E161EA22C547C92A4F02C5078D8
:1091E000F184A898C4CDFCD80DDBA8FC2DF3D9BA26
:1091F000A6F8DABAA6DED8BAB2B68696A6D0F3C872
:1092000041DAA6C8F8D8B0B4B882A892F52C548830
:1092100098F135D9F418D8F1A2D0F8F9A884D9C7B3
:10922000DFF8F883C5DADF69DF83C1D8F40114F110
:10923000A8824EA884F311D182F5D992289788F19B
:1092400009F41C1CD884A8F3C0F9D1D99782F1295C
:10925000F40DD8F3F9F9D1D982F4C203D8DEDF1ABC
:10926000D8F1A2FAF9A88498D9C7DFF8F8F883C72B
:10927000DADF69DFF883C3D8F40114F198A8822EED
:10928000A884F311D182F5D992509788F109F41C82
:10929000D884A8F3C0F8F9D1D99782F149F40DD850
:1092A000F3F9F9D1D982F4C403D8DEDFD8F1AD885F
:1092B00098CCA809F9D98292A8F57CF1883ACF9484
:1092C0004A6E98DB6931DAADF2DEF9D88795A8F2FB
:1092D00021D1DAA5F9F417D9F1AE8ED0C0C3AE8290
:1092E000C684C3A88595C8A588F2C0F1F4010EF123
:1092F0008E9EA8C63E56F554F18872F40115F19879
:1093000045856EF58E9E0488F142985A8E9E068899
:1093100069F4011CF1981E1108D0F504F11E9702A2
:1093200002983625DBF9D985A5F3C1DA85A5F3DFE7
:10933000D88595A8F309DAA5FAD88292A8F578F12C
:10934000881A849F26889821DAF41DF3D8879F39DC
:10935000D1AFD9DFDFFBF9F40CF3D8FAD0F8DAF9A2
:10936000F9D0DFD9F9D8F40BD8F3879F39D1AFD929
:10937000DFDFF41DF3D8FAFCA869F9F9AFD0DADE23
:10938000FAD9F88F9FA8F1CCF398DB45D9AFDFD09D
:10939000F8D8F18F9FA8CAF38809DAAF8FCBF8D835
:1093A000F2AD978D0CD9A5DFF9BAA6F3FAF412F253
:1093B000D8950DD1D9BAA6F3FADAA5F2C1BAA6F3B7
:1093C000DFD8F1BAB2B68696A6D0CAF349DAA6CBF0
:1093D000F8D8B0B4B8D8AD84F2C0DFF18FCBC3A851
:1093E000B2B68696C8C1CBC3F3B0B48898A821DBC7
:1093F000718D9D71859521D9ADF2FAD88597A828F0
:10940000D9F408D8F28D29DAF405D9F285A4C2F28C
:10941000D8A88D9401D1D9F411F2D88721D8F40AB3
:10942000D8F28498A8C801D1D9F411D8F3A4C8BB44
:10943000AFD0F2DEF8F8F8F8F8F8F8F8D8F1B8F6A6
:10944000B5B9B08A95A3DE3CA3D9F8D85CA3D9F806
:10945000D87CA3D9F8D8F8F9D1A5D9DFDAFAD8B1F0
:109460008530F7D9DED8F830ADDADED8F2B48C9991
:10947000A32D557DA083DFDFDFB591A0F629D9FBB1
:10948000D8A0FC29D9FAD8A0D051D9F8D8FC51D904
:10949000F9D879D9FBD8A0D0FC79D9FAD8A1F9F9B3
:1094A000F9F9F9A0DADFDFDFD8A1F8F8F8F8F8ACBD
:1094B000DEF8ADDE8393AC2C547CF1A8DFDFDFF661
:1094C0009D2CDAA0DFD9FADB2DF8D8A850DAA0D08D
:1094D000DED9D0F8F8F8DB55F8D8A878DAA0D0DFD4
:1094E000D9D0FAF8F8F8F8DB7DF8D89CA88CF530DC
:1094F000DB38D9D0DEDFA0D0DEDFD8A848DB58D9F2
:10950000DFD0DEA0DFD0DED8A868DB70D9DFDFA037
:10951000DFDFD8F1A888902C547C98A8D05C38D193
:10952000DAF2AE8CDFF9D8B087A8C1C1B188A8C67D
:10953000F9F9DA36D8A8F9DA36D8A8F9DA36D8A897
:10954000F9DA36D8A8F9DA36D8F78D9DADF818DAF9
:10955000F2AEDFD8F7ADFA30D9A4DEF9D8F2AEDE3C
:10956000FAF983A7D9C3C5C7F1889BA77AADF7DEFF
:10957000DFA4F8849408A797F300AEF29819A488A2
:10958000C6A39488F632DFF28393DB09D9F2AADF0F
:10959000D8D8AEF8F9D1DAF3A4DEA7F1889B7AD84F
:1095A000F38494AE19F9DAAAF1DFD8A881C0C3C553
:1095B000C7A39283F628ADDED9F8D8A350ADD9F869
:1095C000D8A378ADD9F8D8F8F9D1A1DADEC3C5C7E8
:1095D000D8A18194F818F2B089ACC3C5C7F1D8B846
:1095E000B4B09786A8319B069907AB9728889BF063
:1095F0000C201440B0B4B8F0A88A9A285078B79BD1
:10960000A8295179247059446938644831F1BBABB9
:1096100088002C547CF0B38BB8A804285078F1B0A3
:1096200088B49726A85998BBABB38B02264666B080
:10963000B8F08A9CA82951798B2951798A247059CC
:109640008B2058718A4469388B3940688A64483164
:109650008B30496088F1AC002C547CF08CA8042835
:109660005078F1889726A85998AC8C02264666F067
:10967000899CA8295179247059446938644831A9D2
:109680008809205970AB11384069A8193148608C9D
:10969000A83C415C207C00F187981986A86E767EF4
:1096A000A999882D557DD8B1B5B9A3DFDFDFAED03C
:1096B000DFAAD0DEF2ABF8F9D9B087C4AAF1DFDFB8
:1096C000BBAFDFDFB9D8B1F1A3978E60DFB084F212
:1096D000C8F8F9D9DED89385F14AB183A308B583D8
:1096E0009A0810B79F10D8F1B0BAAEB08AC2B2B61D
:1096F0008E9EF1FBD9F41DD8F9D90CF1D8F8F8AD4C
:1097000061D9AEFBD8F40CF1D8F8F8AD19D9AEFB9D
:10971000DFD8F416F1D8F8AD8D61D9F4F4ACF59C2E
:109720009C8DDF2BBAB6AEFAF8F40BD8F1AED0F8B8
:10973000AD51DAAEFAF8F1D8B9B1B6A3839C08B945
:10974000B1839AB5AAC0FD3083B79F10B58B93F251
:109750000202D1ABDADED8F1B080BAABC0C3B284BA
:10976000C1C3D8B1B9F38BA391B609B4D9ABDEB0FC
:10977000879CB9A3DDF1B38B8B8B8B8BB087A3A3B5
:10978000A3A3B28BB69BF2A3A3A3A3A3A3A3A3A358
:10979000A3F1B087B59AA3F39BA3A3DCBAACDFB95E
:1097A000A3A3A3A3A3A3A3A3A3A3A3A3A3A3A3A389
:1097B000D8D8D8BBB3B7F1AAF9DAFFD9809AAA28CA
:1097C000B48098A720B79787A86688F07951F19060
:1097D0002C870CA781976293F071716085940129A1
:1097E000517990A5F1284C6C870C95188578A38346
:1097F00090284C6C886CD8F3A28200F210A89219C1
:1098000080A2F2D926D8F188A84DD948D896A8398F
:1098100080D93CD89580A839A68698D92CDA87A714
:109820002CD8A8899519A980D938D8A88939A980B0
:10983000DA3CD8A82EA83990D90CD8A8953198D957
:109840000CD8A809D9FFD801DAFFD89539A9DA26AA
:10985000FFD890A80D8999A810809821DA2ED88970
:1098600099A83180DA2ED8A886963180DA2ED8A829
:10987000873180DA2ED8A88292F34180F1D92ED890
:10988000A882F31980F1D92ED882ACF3C0A280222D
:10989000F1A62EA72EA92298A829DAACDEFFD8A21D
:1098A000F22AF1A92E8292A8F23180A696F1D9006F
:1098B000AC8C9C0C30ACDED0DEFFD88C9CACD010D5
:1098C000ACDE8092A2F24C82A8F1CAF235F1968801
:1098D000A6D900D8F1FF0000555555555555C53F3F
:1098E0007D6FEB0312D6D4BF5544880E55C1C93FD6
:1098F0003B8F68B52882A4BF88B20175E0EF493F6D
:1099000009F7FD0DE13D023F4B2D8A1C273A03C0AC
:10991000C88A599CE52A004059018D1B6C06E6BF98
:1099200082922EB1C5B8B33F4FBB610567ACDD3F36
:10993000182D4454FB21E93F9BF681D20B73EF3F76
:10994000182D4454FB21F93FE2652F227F2B7A3CEE
:10995000075C143326A6813CBDCBF07A8807703CA7
:10996000075C143326A6913CC4EB98999999C9BF1A
:10997000711623FEC671BCBF6D9A74AFF2B0B3BF4F
:109980009AFDDE522DDEADBF2F6C6A2C44B4A2BF0F
:109990000D5555555555D53FFF8300922449C23F7B
:1099A0006E204CC5CD45B73F513DD0A0660DB13FAF
:1099B000EB0D76244B7BA93F11DA22E33AAD903FC1
:1099C00000000000000000002050726F6475637496
:1099D0002049442072656164206173203020696EE3
:1099E0006469636174657320646576696365206981
:1099F000732065697468657220696E636F6D70614C
:109A00007469626C65206F7220616E204D50553311
:109A10003035302E0A000000389A0008000000207F
:109A2000B8010000B27B0008909A0008B80100203D
:109A300088050000387D0008412D01020304041050
:109A400009060708090204060884A24A04691832B4
:109A5000FF290452010342803F032E404107700258
:109A600043CDCCCC3D0316881323200330096F125D
:109A7000833AA69B443B07293F0AD7A33B01EB80CF
:109A80003F0C139C8C1B08900401205AB824000042
:04000005080000ED02
:00000001FF
