:020000040800F2
:10000000700700204D480008B9310008BB310008D6
:10001000BF310008C3310008C731000800000000EC
:10002000000000000000000000000000CB310008CC
:10003000CD31000800000000CF310008D1310008A8
:1000400067480008674800086748000867480008D4
:100050006748000867480008674800080747000825
:1000600067480008674800086748000867480008B4
:1000700067480008674800086748000867480008A4
:100080006748000867480008674800086748000894
:100090006748000867480008674800086748000884
:1000A0006748000869460008674800086748000874
:1000B0006748000865280008752800086748000898
:1000C0006748000867480008674800086748000854
:1000D0006748000867480008674800086748000844
:1000E000674800086748000867480008DFF80CD038
:1000F00007F018FF0048004781260008700700201D
:1001000031490143314A1160704770B50021002325
:100110000F22C47804B32D4C246804F4E064C4F5C1
:10012000E064210AC1F10403CA40447804FA03F1EF
:100130008478144021430901254C0678A1550478A0
:1001400004F01F050124AC4005786D11AD0005F1E8
:10015000E025C5F8004109E0047804F01F050124FA
:10016000AC401C4D0678761145F8264070BD1A4A01
:100170000A400243154B1B1F1A60704739B1134ADE
:10018000121D12680243114B1B1D1A6006E00F4A34
:10019000121D126882430D4B1B1D1A607047042804
:1001A00008D14FF0E021096941F004014FF0E0224D
:1001B000116107E04FF0E021096921F004014FF0DF
:1001C000E0221161704700000000FA050CED00E02C
:1001D00000E400E080E100E080FFFF1F00204449D0
:1001E0000860091D0860091D0860091D0860414874
:1001F0003F4914310860704700213D498279002A47
:100200003AD00A46126803689A430B461A600A1DE0
:10021000126803689A430B1D1A60027911440A6838
:1002200003681A430A60324A0832126803689A4324
:100230002F4B08331A601A1D126803689A432C4B1F
:100240000C331A604279102A0ED11A1F1268036803
:100250001A43274B08331A601A1D126803681A43A1
:10026000234B0C331A600DE02149427911440A688E
:1002700003681A430A6005E0027911440A680368BA
:100280009A430A6070470021016001710C2141719D
:100290000021817170471649103109680143144AE1
:1002A00010321160704701460020114A1432126862
:1002B0000A400AB1012000E0002070470C491431C7
:1002C00008607047014600200022094B1B6803EAC2
:1002D0000102074B14331B680B4013B10AB1012014
:1002E00000E00020704702491431086070470000A8
:1002F00000040140FFFF0F0010B50446CC488442C3
:1003000008D10121042000F02DFB0021042000F081
:1003100029FB46E0C748844208D10121082000F0AB
:1003200021FB0021082000F01DFB3AE0C248844276
:1003300008D10121102000F015FB0021102000F051
:1003400011FB2EE0BD48844208D10121202000F09D
:1003500009FB0021202000F005FB22E0B848844280
:1003600008D10121402000F0FDFA0021402000F0DA
:10037000F9FA16E0B348844208D10121802000F048
:10038000F1FA0021802000F0EDFA0AE0AE48844244
:1003900007D10121801500F0E5FA0021A01500F039
:1003A000E1FA10BD10B50121084600F0DBFA00218A
:1003B000012000F0D7FA10BD2DE9F04102460025DA
:1003C0000026002000230024002791F803C00CF031
:1003D0000F0591F803C00CF0100CBCF1000F03D016
:1003E00091F802C04CEA050591F800C0BCF1000F7D
:1003F00031D0146800202BE04FF0010C0CFA00F310
:10040000B1F800C00CEA03069E4220D183004FF0F1
:100410000F0C0CFA03F7BC4305FA03FC4CEA040486
:1004200091F803C0BCF1280F06D14FF0010C0CFA73
:1004300000FCC2F814C00AE091F803C0BCF1480FF8
:1004400005D14FF0010C0CFA00FCC2F810C0401CA2
:100450000828D1D31460B1F800C0BCF1FF0F34DD1F
:10046000546800202EE000F1080C4FF0010808FA53
:100470000CF3B1F800C00CEA03069E4221D18300C0
:100480004FF00F0C0CFA03F7BC4305FA03FC4CEADF
:10049000040491F803C0BCF1280F05D100F1080C49
:1004A00008FA0CF8C2F8148091F803C0BCF1480FA8
:1004B00007D100F1080C4FF0010808FA0CF8C2F857
:1004C0001080401C0828CED35460BDE8F0814FF660
:1004D000FF710180022181700421C17070470246C2
:1004E000002093680B400BB1012000E00020704712
:1004F0000146886880B2704702460020D3680B40EE
:100500000BB1012000E0002070470146C86880B2AE
:10051000704701617047416170470AB1016100E0B5
:1005200041617047C16070474FF480320A43826175
:100530008161826182698269704702460020434B73
:1005400018684FF68073184040EA021008433F4B8A
:10055000186070473E49C8617047F0B50A460023ED
:1005600000240021002500F00046B6F1004F02D122
:10057000364EF16901E0354E7168C0F3034583B230
:1005800000F44016B6F5401F08D121F070612F4EDF
:10059000766826F070662D4F7E6012E000F48016BB
:1005A000B6F5801F06D1032606FA05F4A14341F0F3
:1005B000706106E0460D360103FA06F6B14341F0DC
:1005C000706122B1460D360103FA06F6314300F0A0
:1005D0000046B6F1004F02D11C4EF16101E01B4E06
:1005E0007160F0BD30B500228B071C0F0F2303FA9A
:1005F00004F2164B08338C1053F824309343134CF9
:1006000008348D1044F8253023468C1053F82430DC
:100610008C07240F00FA04F423430C4C08348D108B
:1006200044F8253030BD0A49DC31086070470000CD
:1006300000080140000C014000100140001401407E
:1006400000180140001C0140002001400000014052
:1006500000002042DF48006840F00100DD490860EA
:1006600008464068DC490840DA49486008460068A6
:10067000DA490840D74908600846006820F480201D
:1006800008600846406820F4FE0048604FF41F00F0
:1006900088607047CF49096821F48031CD4A1160E4
:1006A0001146096821F480211160B0F5803F03D024
:1006B000B0F5802F0ED106E0C649096841F48031BB
:1006C000C44A116007E0C349096841F4A021C14A46
:1006D000116000E000BF00BF704710B50146002266
:1006E000002300204A11012A02D1BA4C236806E0F7
:1006F000022A02D1B74C236A01E0B64C636A01F0CA
:100700001F02012494401C400CB1012000E0002095
:1007100010BD38B5002000900024002500BF312016
:10072000FFF7DBFF05460098401C00900098B0F5ED
:10073000A06F01D0002DF2D03120FFF7CEFF08B11D
:10074000012400E00024204638BD01460020A14AD3
:10075000106820F0F80040EAC10010607047A0491E
:1007600008607047024600209A4B586820F47C10BD
:1007700042EA01031843974B58607047984908664E
:10078000704701460020934A506820F00300084358
:10079000506070478F48406800F00C007047014679
:1007A00000208C4A506820F0F000084350607047E9
:1007B00001460020874A506820F4E06008435060FA
:1007C000704701460020834A506820F4605040EA98
:1007D000C1005060704729B17E4A527A02437D4B76
:1007E0005A7204E07B4A527A82437A4B5A727047BB
:1007F0007B49D8310860704701460020754A50682F
:1008000020F440400843506070470021714A203274
:100810001170704A82F82010012802D004280AD1F1
:1008200004E001216B4A2032117005E00521694A7C
:100830002032117000E000BF00BF704769490860B6
:1008400070476449096A0143624A11627047654909
:1008500044390860704730B500210022002400238D
:100860005C4D6D6805F00C0121B1042905D0082903
:1008700023D105E05C4D056022E05B4D05601FE083
:10088000544D6D6805F47012524D6D6805F4803456
:10089000022505EB92421CB9544D554305600BE00F
:1008A0004C4D6D6805F400351DB1504D5543056044
:1008B00002E04D4D5543056002E04B4D056000BF21
:1008C00000BF444D6D6805F0F0010909484D6B5CAF
:1008D0000568DD4045603F4D6D6805F4E061090A3B
:1008E000434D6B5C4568DD4085603A4D6D6805F4AD
:1008F0006051C90A3E4D6B5C4568DD40C560354DB1
:100900006D6805F44041890B3A4D6B5CC568B5FBD9
:10091000F3F5056130BD29B12E4A526902432D4BD2
:100920005A6104E02B4A526982432A4B5A6170474C
:1009300029B1284A92690243264B9A6104E0254A6C
:1009400092698243234B9A61704729B1214AD26947
:100950000243204BDA6104E01E4AD26982431D4BF8
:10096000DA61704729B11B4AD2680243194BDA6039
:1009700004E0184AD2688243164BDA60704729B106
:10098000144A12690243134B1A6104E0114A1269B6
:100990008243104B1A617047124940390860704712
:1009A0000F49C86470470B49C87170470948406ACD
:1009B00040F0807007494862704701460020054AB0
:1009C00092680A400AB1012000E000207047014906
:1009D00088727047001002400000FFF8FFFFF6FE2B
:1009E000000042428004424200127A0000093D00A9
:1009F000000000201000002010B50446FE4884428C
:100A000008D10121C014FFF7ADFF0021E014FFF76A
:100A1000A9FFC4E0B4F1804F08D101210846FFF7D7
:100A2000AEFF00210120FFF7AAFFB8E0F34884429F
:100A300008D101210220FFF7A2FF00210220FFF7C9
:100A40009EFFACE0EE48844208D101210420FFF76C
:100A500096FF00210420FFF792FFA0E0E9488442BE
:100A600008D101210820FFF78AFF00210820FFF7A5
:100A700086FF94E0E448844208D101211020FFF76A
:100A80007EFF00211020FFF77AFF88E0DF488442D4
:100A900008D101212020FFF772FF00212020FFF75D
:100AA0006EFF7CE0DA48844208D101214014FFF750
:100AB00059FF00216014FFF755FF70E0D5488442CC
:100AC00009D10121C804FFF74DFF00214FF4002098
:100AD000FFF748FF63E0D048844209D101210805AF
:100AE000FFF740FF00214FF48010FFF73BFF56E077
:100AF000CA48844209D101214805FFF733FF00218C
:100B00004FF40010FFF72EFF49E0C548844208D19A
:100B100001214020FFF733FF00214020FFF72FFF86
:100B20003DE0C048844208D101218020FFF727FF23
:100B300000218020FFF723FF31E0BB48844208D129
:100B400001218015FFF71BFF0021A015FFF717FFFC
:100B500025E0B648844209D101210804FFF702FFCD
:100B600000214FF48030FFF7FDFE18E0B0488442CA
:100B700009D101214804FFF7F5FE00214FF40030B0
:100B8000FFF7F0FE0BE0AB48844208D10121880456
:100B9000FFF7E8FE00214FF48020FFF7E3FE10BDD1
:100BA00000220288944B98420ED0994B98420BD069
:100BB000B0F1804F08D0914B984205D0904B9842AD
:100BC00002D0904B984204D14FF68F731A404B8855
:100BD0001A438D4B984207D08C4B984204D04FF665
:100BE000FF431A40CB881A4302808B8883850B8889
:100BF0000385814B98420BD0854B984208D08B4B94
:100C0000984205D08A4B984202D08A4B984201D133
:100C10000B7A038601238382704770B5002400227B
:100C20000023058C4FF6FE7635400584028C8388C0
:100C3000048B4FF68F752C40B51E2C400D882C432D
:100C4000751E2A400D892A434D882A436A4DA842C1
:100C50000BD06F4DA84208D0744DA84205D0744DFA
:100C6000A84202D0734DA84213D14FF6F7752A401F
:100C70004D892A434FF6FB752A408D882A434FF64B
:100C8000FF652B404FF6FF552B408D892B43CD89B7
:100C90002B4383800483CD888586028470BD70B524
:100CA000002400220023058C4FF6EF7635400584A2
:100CB000028C8388048B48F6FF752C404FF6FF4565
:100CC0002C400D884FF6FF7606EA05252C434FF69B
:100CD000DF752A400D8906EA05152A434D8806EA84
:100CE00005152A43444DA84202D0494DA8421DD1C2
:100CF0004FF67F752A404D894FF6FF7606EA0515B7
:100D00002A434FF6BF752A408D8806EA05152A4307
:100D10004FF6FF352B404FF2FF752B408D8906EAC9
:100D200085052B43CD8906EA85052B438380048303
:100D3000CD880587028470BD70B500240022002391
:100D4000058C4FF6FF6635400584028C8388848BC2
:100D50004FF68F752C404FF6FC752C400D882C43B8
:100D60004FF6FF552A400D894FF6FF7606EA052516
:100D70002A434D8806EA05252A431F4DA84202D082
:100D8000234DA8421DD14FF2FF752A404D894FF6E1
:100D9000FF7606EA05252A434FF6FF352A408D885F
:100DA00006EA05252A434EF6FF752B404DF6FF75E2
:100DB0002B408D8906EA05152B43CD8906EA0515DA
:100DC0002B4383808483CD888587028470BD70B572
:100DD000002200230024058C4EF6FF763540058462
:100DE000038C8488828B48F6FF752A404FF6FF45B6
:100DF0002A400D8820E00000002C01400004004043
:100E000000080040000C00400010004000140040AA
:100E100000340140004C01400050014000540140AA
:100E200000180040001C004000200040004001402D
:100E300000440140004801404FF6FF7606EA0525D0
:100E40002A434DF6FF752B400D8906EA05352B43E5
:100E50004D8806EA05352B43FA4DA84202D0FA4DDB
:100E6000A84208D14BF6FF752C408D894FF6FF76CE
:100E700006EA85152C4384808283CD88A0F84050F3
:100E8000038470BD828B4FF2FF331A408283828BC2
:100E90004FF6FF7303EA01231A4382837047F0B5CC
:100EA0000C461546002200210026078C4EF6FF7CDA
:100EB00007EA0C070784828B018C4FF6FF7707EA5D
:100EC000043640F6FF473A404FF6FF7707EA05271A
:100ED0003A434FF6FF7707EA03373A43D94FB84210
:100EE0000ED0D94FB8420BD0B0F1804F08D0D74FB9
:100EF000B84205D0D64FB84202D0D64FB84206D13C
:100F00004DF6FF77394046F48057394305E047F600
:100F1000FF57394044F48057394382830184F0BD40
:100F2000828B4FF6F3731A408283828B0A4382834B
:100F30007047F0B50C461546002200210026078CAC
:100F40004FF6FF6C07EA0C070784828B018C4FF683
:100F5000FF7707EA04264FF60C773A404FF6FF7703
:100F600007EA03172F433A43B64FB8420ED0B64FA5
:100F7000B8420BD0B0F1804F08D0B44FB84205D082
:100F8000B34FB84202D0B34FB84206D14FF6FF5725
:100F9000394046F48077394305E04FF2FF57394036
:100FA00044F48077394382830184F0BD028B4FF291
:100FB000FF331A400283028B4FF6FF7303EA0123CB
:100FC0001A4302837047F0B50C46154600220021F3
:100FD0000026078C4FF6EF7C07EA0C070784028B8C
:100FE000018C4FF6FF7707EA041640F6FF473A40B8
:100FF0004FF6FF7707EA03373A434FF6FF7707EAE2
:1010000005273A438F4FB8420ED08F4FB8420BD0CE
:10101000B0F1804F08D08D4FB84205D08C4FB84208
:1010200002D08C4FB84206D14FF6DF77394046F0F8
:101030001007394305E04FF65F77394044F0100759
:10104000394302830184F0BD028B4FF6F3731A40DB
:101050000283028B0A4302837047F0B50C461546A3
:1010600000220021068C4FF6FE773E400684028B5C
:10107000018C4FF60C7632407E1C06EA03162E4396
:101080003243704EB0420ED06F4EB0420BD0B0F132
:10109000804F08D06D4EB04205D06D4EB04202D0A8
:1010A0006C4EB04206D14FF6FD76314044F0010659
:1010B000314305E04FF6F576314044F00106314307
:1010C00002830184F0BD70B505460C465D4885423B
:1010D0000ED05D4885420BD0B5F1804F08D05B48FB
:1010E000854205D05A48854202D05A48854200D1EF
:1010F00000E000BF208850B92389A2886188284673
:10110000FFF7ABFFE1882846FFF79EFF25E0208828
:1011100004280AD12389A28861882846FFF753FF53
:10112000E1882846FFF742FF17E0208808280AD107
:101130002389A28861882846FFF7FBFEE1882846BC
:10114000FFF7EEFE09E02389A28861882846FFF7B1
:10115000A6FEE1882846FFF795FE70BD2DE9F04117
:1011600005460C4600260127608808B9022600E0E3
:101170000026A088012801D1022700E0012720884D
:10118000A0B92389A28861882846FFF766FFE18815
:101190002846FFF759FF23893A4631462846FFF78C
:1011A00012FFE1882846FFF701FF13E02389A28898
:1011B00061882846FFF707FFE1882846FFF7F6FE1B
:1011C00023893A4631462846FFF747FFE1882846FB
:1011D000FFF73AFFBDE8F0810A884B881A438B88F5
:1011E0001A43CB881A430B891A434B891A438B89BC
:1011F0001A43A0F8442070474FF6FF718180002108
:101200000180C180418001727047002101804180CE
:101210008180C180018141818181C181704700212C
:1012200001804180012181800021C18001817047BE
:101230000021018041808180C180018141818181C3
:1012400070470000002C01400034014000040040C1
:1012500000080040000C004021B1028842F0010269
:10126000028004E002884FF6FE731A400280704745
:1012700031B1B0F8442042F40042A0F8442005E027
:10128000B0F84420C2F30E02A0F8442070471AB10F
:1012900083890B43838102E083898B438381704779
:1012A0008182704741EA0203A0F8483070471AB1C2
:1012B00083890B43838102E083898B438381704759
:1012C00001894FF6F8721140018170470A460021EA
:1012D00001894FF68F73194011430181704730B572
:1012E00004460D4629462046FFF7F0FF208940F0CE
:1012F0000700208130BD2DE9F04104460D46164619
:101300001F46602D06D13B46012231462046FFF79D
:101310005AFE05E03B46012231462046FFF79DFE7E
:1013200029462046FFF7D2FF208940F007002081A0
:10133000BDE8F08130B50C4600210189C9B24FF6F5
:10134000FF7505EA0325154325432943018130BD77
:101350002DE9F04105460E461746984600244346BF
:101360003A4631462846FFF7E5FF2C894FF6F870DC
:10137000044044F007044FF68F70044044F07004BA
:101380002C81BDE8F081F0B504460D4616461F4697
:101390003B46324629462046FFF7CCFF208940F4E1
:1013A00080402081F0BD0185828270470A4600217D
:1013B00001884FF68F731940114301807047F0B5D3
:1013C0000C4615461E460021002200230189028B8F
:1013D000038C4FF6F877394021434FF6FC473A40EB
:1013E00040F201173A434FF6DD773B404FF6FF7767
:1013F00007EA06172F433B43018102830384F0BDB4
:101400000A460021018B4FF68F7319401143018367
:1014100070470A460021018B48F6FF7319404FF6CA
:10142000FF7303EA02231943018370470A46002130
:10143000818B4FF68F7319401143818370470A46A1
:101440000021818B48F6FF7319404FF6FF7303EAC2
:10145000022319438183704721B1028842F0800240
:10146000028004E002884FF67F731A4002807047C2
:1014700021B1828842F00402828004E082884FF623
:10148000FB731A408280704721B1828842F00802C3
:10149000828004E082884FF6F7731A40828070479A
:1014A00021B1828842F00102828004E082884FF6F6
:1014B000FE731A40828070470A460021018B4FF666
:1014C000F77319401143018370470A460021018BCD
:1014D0004FF2FF7319404FF6FF7303EA02231943DB
:1014E000018370470A460021818B4FF6F77319403C
:1014F0001143818370470A460021818B4FF2FF73AD
:1015000019404FF6FF7303EA0223194381837047A2
:101510000A460021018B4FF6FB73194011430183EA
:1015200070470A460021018B4FF6FF3319404FF6F2
:10153000FF7303EA02231943018370470A4600211F
:10154000818B4FF6FB7319401143818370470A4624
:101550000021818B4FF6FF3319404FF6FF7303EAEA
:1015600002231943818370470A460021018B4FF6FD
:101570007F7319401143018370470A460021018B94
:10158000C1F30E014FF6FF7303EA022319430183EF
:1015900070470A460021818B4FF67F731940114333
:1015A000818370470A460021818BC1F30E014FF6FB
:1015B000FF7303EA02231943818370470A4600211F
:1015C000018C4FF6FD7319401143018470470A46A0
:1015D0000021018C4FF6F7731940114301847047C5
:1015E0000A460021018C4FF6DF7319404FF6FF7356
:1015F00003EA02131943018470470A460021018C53
:101600004FF67F7319404FF6FF7303EA0213194335
:10161000018470470A460021018C4FF6FF531940A0
:101620004FF6FF7303EA02231943018470470A4609
:101630000021018C4FF2FF7319404FF6FF7303EA4C
:1016400002231943018470470A460021018C4DF69C
:10165000FF7319404FF6FF7303EA02331943018405
:10166000704730B5002301248C40A3B2048C9C4306
:101670000484048C02FA01F5ADB22C43048430BD1D
:1016800030B5002304248C40A3B2048C9C43048412
:10169000048C02FA01F5ADB22C43048430BD70B560
:1016A0000346002000241846183001258D40ACB2B6
:1016B0001D8CA5431D8409B1082909D100EB6100E7
:1016C000056825F0700505600568154305600EE0A6
:1016D0000D1FC5F34E052844056825F4E045056057
:1016E00005684FF6FF7606EA02263543056070BDB1
:1016F00021B1028842F00202028004E002884FF623
:10170000FD731A400280704721B1028842F0040242
:10171000028004E002884FF6FB731A400280704793
:1017200021B1828842F08002828004E082884FF6F4
:101730007F731A408280704702884FF6F7731A4011
:10174000028002880A430280704782884FF68F73B6
:101750001A40828082880A438280704702894FF64D
:10176000F8731A40028102890A4302817047028994
:101770004FF67F731A40028102890A430281704743
:1017800081847047818570478186704701877047E3
:1017900081877047A0F84010704702884FF6FF43DA
:1017A0001A40028002880A43028070470146888EF0
:1017B00070470146088F70470146888F7047014681
:1017C000B1F8400070470146888C70470146088D8B
:1017D000704702460020138A0B400BB1012000E045
:1017E00000207047CA430282704730B5024600208D
:1017F00000230024158A05EA0103958905EA0104FE
:1018000013B10CB1012000E0002030BDCA430282B8
:101810007047000010B50446FB48844209D10121FD
:101820008803FFF79FF800214FF48040FFF79AF8F4
:1018300032E0F648844209D101214804FFF79FF8BD
:1018400000214FF40030FFF79AF825E0F048844279
:1018500009D101218804FFF792F800214FF480207C
:10186000FFF78DF818E0EB48844209D10121C80444
:10187000FFF785F800214FF40020FFF780F80BE018
:10188000E548844208D101210805FFF778F80021D6
:101890004FF48010FFF773F810BD2DE9F04786B0C4
:1018A00005460E460024A24600BFA1460027B08987
:1018B00000B100BF2F462C8A4CF6FF700440F08820
:1018C00004432C82AC894EF6F3100440B088318971
:1018D0000843718908430443AC81AC8A4FF6FF404A
:1018E0000440B0890443AC8201A8FEF7B4FFC648A7
:1018F000874202D1DDF810A001E0DDF80CA0A88934
:1019000000F4004040B10AEBCA0000EB0A10316855
:101910004900B0FBF1F807E00AEBCA0000EB0A103F
:1019200031688900B0FBF1F86420B8FBF0F00401E5
:101930002009642101FB1089A88900F4004040B10E
:10194000322000EBC900B0FBF1F000F007000443C7
:1019500008E0322000EB09106421B0FBF1F000F048
:101960000F0004432C8106B0BDE8F0874FF41651F8
:10197000016000218180C18001810C214181002111
:101980008181704710B502460020108A4FF2FF0394
:1019900018400B884C8823438C882343CC882343EE
:1019A0001843108210BD0021018041808180C180D8
:1019B000704721B1828942F40052828104E0828919
:1019C0004DF6FF731A4082817047F0B5034600243C
:1019D00000260025002040F66A17B94200D100BF5A
:1019E0001846C1F3421401F01F06012707FA06F555
:1019F000012C01D10C3004E0022C01D1103000E0A8
:101A000014301AB107682F43076002E00768AF433C
:101A10000760F0BD1AB1838A0B43838202E0838A98
:101A20008B4383827047028A4FF6F0731A4002821A
:101A3000028A0A430282704782894FF2FF731A407A
:101A4000828182890A438281704721B1828942F072
:101A50000202828104E082894FF6FD731A4082817E
:101A60007047028A4FF6DF731A400282028A0A43E5
:101A70000282704721B1028A42F48042028204E06D
:101A8000028A4BF6FF731A4002827047C1F30802C4
:101A90008280704701468888C0F3080070478189BA
:101AA00041F0010181817047028BD2B20283028B27
:101AB00042EA012202837047028B02F47F420283D2
:101AC000028B0A430283704721B1828A42F02002CE
:101AD000828204E0828A4FF6DF731A408282704766
:101AE00021B1828A42F01002828204E0828A4FF69B
:101AF000EF731A408282704721B1828A42F0080255
:101B0000828204E0828A4FF6F7731A40828270471D
:101B100021B1828942F40042828103E08289C2F3CA
:101B20000E028281704721B1828A42F40062828271
:101B300004E0828A4FF2FF731A4082827047828AE1
:101B40004FF6FB731A408282828A0A438282704770
:101B500021B1828A42F00202828204E0828A4FF638
:101B6000FD731A408282704702460020B1F5007F63
:101B700000D100BF13880B400BB1012000E0002012
:101B8000704701F40072B2F5007F00D100BFCA4374
:101B90000280704770B50246002400230025002013
:101BA00040F66A16B14200D100BFC1F3421501F000
:101BB0001F03012606FA03F3012D02D19689334053
:101BC00006E0022D02D1168A334001E0968A3340A6
:101BD0000C12012606FA04F41688344013B10CB135
:101BE000012000E0002070BD10B50022002340F667
:101BF0006A14A14200D100BF0A1201249440A3B28A
:101C0000DC43048010BD0000003801400044004067
:101C100000480040004C00400050004010B5044611
:101C2000FA48844208D101214015FEF79BFE0021AD
:101C30006015FEF797FE17E0F548844208D10121B0
:101C40000015FEF78FFE00212015FEF78BFE0BE03E
:101C5000F048844208D10121C803FEF783FE002129
:101C60004FF40040FEF77EFE10BD30B50246002066
:101C700000235068E84C20400D790C6844EA0524A4
:101C8000204350609068E54C2040D1E902542C4339
:101C90004D7944EA450420439060D06A20F47000F6
:101CA0000C7C641EE4B2234340EA0350D06230BD92
:101CB00000210160017141718160C16001210174E5
:101CC000704721B1826842F00102826003E08268BD
:101CD00022F001028260704721B1826842F4807272
:101CE000826003E0826822F480728260704710B5DF
:101CF0000023CBB21AB144681C43446002E044683C
:101D00009C43446010BD816841F0080181607047C8
:101D1000014600208A6802F008020AB1012000E0B2
:101D200000207047816841F00401816070470146DE
:101D300000208A6802F004020AB1012000E00020BD
:101D4000704721B1826842F4A002826003E0826899
:101D500022F4A00282607047014600208A6802F4E3
:101D600080020AB1012000E00020704710B50A4649
:101D700000210023416821F46041531E41EA4331B0
:101D8000416010BD21B1426842F40062426003E04C
:101D9000426822F4006242607047F0B504460D4686
:101DA00000200021092D11DDE068A5F10A0606EBEF
:101DB0004607072606FA07F18843A5F10A0606EB4F
:101DC000460603FA06F10843E0600CE0206905EBE3
:101DD0004507072606FA07F1884305EB450603FA8F
:101DE00006F108432061072A0FDA606B561E06EBE6
:101DF00086071F2606FA07F18843561E06EB86065D
:101E000005FA06F10843606322E00D2A0FDA206B21
:101E1000D61F06EB86071F2606FA07F18843D61F52
:101E200006EB860605FA06F10843206310E0E06A37
:101E3000A2F10D0606EB86071F2606FA07F1884376
:101E4000A2F10D0606EB860605FA06F10843E062EC
:101E5000F0BD21B1826842F48012826003E08268A2
:101E600022F48012826070470146C86C80B27047CD
:101E700066484C300068704721B1426842F4806285
:101E8000426003E0426822F480624260704721B100
:101E9000426842F48052426003E0426822F4805279
:101EA000426070470A460021816821F4E0411143F5
:101EB0008160704721B1826842F40042826003E091
:101EC000826822F400428260704721B1826842F445
:101ED0000212826003E0826822F40212826070477C
:101EE000014600208A6802F400120AB1012000E0D5
:101EF00000207047F0B50446154600200022002659
:101F0000092911DDE068A1F10A0707EB470C072753
:101F100007FA0CF29043A1F10A0707EB470703FA0F
:101F200007F21043E0600CE0206901EB410C072749
:101F300007FA0CF2904301EB410703FA07F2104352
:101F40002061A06BC0F30156EF1C06F1010CA7EB5A
:101F50000C0707EB870C1F2707FA0CF29043EF1CC6
:101F600006F1010CA7EB0C0707EB870701FA07F254
:101F70001043A063F0BD10B50A4600210023816B19
:101F800021F44011531E41EA0351816310BD08B58D
:101F9000002300930090009B0B440093009B1A6069
:101FA00008BD08B5024600200090009201F128000B
:101FB000009B184400900098006880B208BD0A4653
:101FC00000214168164B194011434160704741623E
:101FD000826270470A460021416821F01F011143C7
:101FE0004160704740B109490831096841F4000176
:101FF000064A0832116007E004490831096821F4F3
:102000000001024A083211607047000000240140BC
:1020100000280140003C0140FFFEF0FFFDF7F1FF0A
:10202000FFFD3FFF0246002013680B400BB101206B
:1020300000E000207047CA430260704770B5024656
:102040000020002300240B125568CEB205EA0604D6
:1020500015681D4015B10CB1012000E0002070BDD5
:1020600000220A12D3430360704700000CB5002021
:10207000019000906C48006840F480306A49086024
:1020800000BF6948006800F4003000900198401CCF
:102090000190009818B90198B0F5A06FF1D162488D
:1020A000006800F4003010B10120009001E0002031
:1020B00000900098012843D15C48006840F010006F
:1020C0005A4908600846006820F003000860084686
:1020D000006840F002000860534840685249486078
:1020E0000846406848600846406840F480604860A0
:1020F0000846406820F47C1048600846406840F478
:10210000E81048600846006840F08070086000BF32
:102110004548006800F000700028F9D04248406847
:1021200020F00300404948600846406840F0020043
:10213000486000BF3C48406800F00C000828F9D116
:102140000CBD10B5FFF792FF10BD10B53648006802
:1021500040F00100344908600846406834490840AE
:102160003149486008460068324908402E490860F5
:102170000846006820F4802008600846406820F483
:10218000FE0048604FF41F008860FFF7DAFF4FF051
:1021900000602949086010BD10B500210020002210
:1021A000214B5B6803F00C0121B1042906D00829FA
:1021B00028D107E0214B224C236027E01F4B204C05
:1021C000236023E0184B5B6803F47010164B5B68C8
:1021D00003F48032022303EB904022B9194B4343AE
:1021E000174C23600DE0104B5B6803F4003323B100
:1021F000144B4343124C236003E0104B4343104CF9
:10220000236003E00D4B0E4C236000BF00BF064B64
:102210005B68C3F303130C4CE15C094B1B68CB40B8
:10222000074C236010BD0000001002400020024057
:102230000000FFF8FFFFF6FE08ED00E000127A0054
:102240001400002000093D0018000020014605E0B0
:10225000002001E0421CD0B20A28FBDB0A1EA1F1DB
:102260000101F5D1704710B5044603E04FF47A70D0
:10227000FFF7ECFF201EA4F10104F7D110BD704759
:1022800008B50720009002E00098401E00900098DA
:102290000028F9D108BD10B54FF40070E649086078
:1022A00040100860FFF7ECFFE3480838006808B901
:1022B000012000E0002000F4007008B1002010BDF3
:1022C0004FF40070DC49091D0860FFF7D9FFDA48B8
:1022D0000838006800F4007008B10020EFE74FF400
:1022E0000070D549091D0860FFF7CAFF0120E6E725
:1022F00010B54FF48070D049091D0860FFF7C0FF8A
:102300004FF40070CC49091D0860FFF7B9FF4FF486
:102310008070C9490860FFF7B3FF4FF40070C649E9
:102320000860FFF7ADFF10BD10B54FF48070C249D3
:10233000091D0860FFF7A4FF4FF40070BE49091D96
:102340000860FFF79DFF4FF48070BB490860FFF7FE
:1023500097FF4FF48070B849091D0860FFF790FFA0
:1023600010BD10B54FF48070B349091D0860FFF728
:1023700087FF4FF40070B0490860FFF781FF4FF40A
:102380008070AD490860FFF77BFF4FF48070AA4969
:10239000091D0860FFF774FF10BD10B54FF4807081
:1023A000A549091D0860FFF76BFF4FF40070A249B3
:1023B0000860FFF765FF4FF480709F490860FFF7E2
:1023C0005FFF9D480838006800F4007030B14FF49A
:1023D00080709949091D0860002010BD4FF480707D
:1023E0009549091D08600120F7E770B504460825E6
:1023F0001DE04FF480709049091D0860FFF740FF11
:1024000004F0800020B14FF400708B49086004E0B4
:102410004FF400708849091D08606006040EFFF73C
:102420002FFF4FF4807084490860FFF729FF281EB2
:10243000A5F10101CDB2DCD14FF480707E49091DB8
:10244000086070BD70B508250024A8017A490860AD
:1024500016E06006040E4FF480707749091D08608D
:10246000FFF70EFF4FF4807073490860FFF708FF15
:1024700071480838006800F4007008B144F00104A5
:10248000281EA5F10101CDB2E3D14FF480706A4955
:10249000091D0860204670BD08B501210820FEF71F
:1024A00047FA4FF44070ADF8000002208DF80200AA
:1024B00014208DF8030069465F481038FDF77CFF53
:1024C00008BD2DE9F04105460E4617469846FFF730
:1024D000E2FE10B90020BDE8F081002141EA45018B
:1024E000C8B2FFF782FFFFF758FF18B9FFF700FFE8
:1024F0000020F0E73046FFF778FFFFF74EFF00249B
:102500000BE018F80400FFF770FFFFF746FF18B95B
:10251000FFF7EEFE0020DEE7641CBC42F1DBFFF7B4
:10252000E7FE0120D7E72DE9F04104460D461646A7
:102530001F463B46324629462046FFF7C2FF10B1F0
:102540000020BDE8F0814FF0FF30FAE72DE9F041BF
:1025500005460F4614461E46FFF79DFE10B90020A3
:10256000BDE8F081002141EA4501C8B2FFF73DFF17
:10257000FFF713FF18B9FFF7BBFE0020F0E738465E
:10258000FFF733FFFFF709FFFFF785FE012101EB9E
:102590004501C8B2FFF729FFFFF7FFFE0CE0FFF788
:1025A00051FF3070012C02D1FFF7DBFE01E0FFF795
:1025B000BBFE761C601EC4B2002CF0D1FFF798FE63
:1025C0000120CDE72DE9F04104460D4616461F4691
:1025D0003B46324629462046FFF7B8FF10B100209F
:1025E000BDE8F0814FF0FF30FAE770B504460D46C4
:1025F0001646FFF750FE08B9002070BD002141EAE1
:102600004401C8B2FFF7F1FEFFF7C7FE18B9FFF7A4
:102610006FFE0020F1E72846FFF7E7FEFFF7BDFE5B
:102620003046FFF7E2FEFFF7B8FEFFF761FE01203C
:10263000E3E7002070470000100C014008B50121BD
:102640001120FEF775F901210B48FDF786FF4FF4C5
:10265000C040ADF8000003208DF8020010208DF876
:10266000030069460548FDF7A7FE4FF4C041034843
:10267000FDF74FFF08BD00000002300000100140D0
:10268000002400270026FFF760FD41F61F4141F2BC
:10269000883001F0BBFF01F0F5FF01F025FE00F0EE
:1026A000DBF800F03DF8FFF7C9FF02F071F800F029
:1026B000E9F800F050F9FFF7EFFE0A2000F028FEDD
:1026C00000F05CFA00F0CCFD00F043FE002108466B
:1026D00001F0C5FC104807784FF0E020006940F099
:1026E00001004FF0E021086114E000F0B7FA6EB984
:1026F00009480578E81BC0B204442F46B4F5C87FEA
:1027000003D3064800F014FE012600BF01F0B9FD16
:1027100001F05FFCE9E70000A40000200000F042A7
:1027200008B501210820FEF703F94FF47040ADF819
:10273000000010208DF8030003208DF80200694688
:10274000FE48FDF739FE4FF47041FC48FDF7E1FE0D
:1027500008BD08B501210846FEF7F7F8012104205D
:10276000FEF7E6F80C20ADF8000018208DF8030005
:1027700003208DF802006946F148FDF71DFE08BDF3
:1027800030B587B00025002440F2E730ADF81400E2
:102790000020ADF81000ADF81600ADF8120004A945
:1027A0004FF08040FEF7FCF96020ADF800000120FA
:1027B000ADF80200ADF806500020ADF808006946FB
:1027C0004FF08040FEF7B8FA0821C806FEF78AFEEF
:1027D0000120ADF80200ADF806400020ADF8080079
:1027E00069464FF08040FEF7F2FA0821C806FEF76E
:1027F00082FE01218807FEF72FFE01218807FEF7E0
:102800002BFD07B030BD2DE9FF4104460D4627469C
:102810002E466020ADF800000120ADF80200ADF8B2
:1028200006700020ADF8080069464FF08040FEF7C2
:1028300083FA0821C806FEF755FE0120ADF8020014
:10284000ADF8066069468007FEF7C1FA0821C806A0
:10285000FEF751FEBDE8FF8110B5FFF77AFFFFF7E5
:102860008FFF10BDB7490888098821F00101B54ADA
:1028700011807047B4490888098821F00101B24AE3
:102880001180704700B589B001210220FEF75DF884
:1028900001210420FEF74CF801A8FDF718FEC02026
:1028A000ADF8040004208DF8070003208DF8060021
:1028B00001A9A348FDF780FD4FF4A060FDF720FCBF
:1028C0001D208DF8080001208DF8090003208DF8E7
:1028D0000A0001208DF80B0002A8FDF716FC9948AC
:1028E0001038FEF789F806A8FEF786FC0020ADF840
:1028F00018004FF6FF70ADF81C000020ADF81E0068
:10290000ADF81A0006A98F481038FEF749F90A23D6
:102910001A4603218B481038FEF751FD03A8FEF735
:102920007EFC0620ADF8140003A986481038FEF797
:10293000CAFB012183481038FEF754FF01221146DB
:1029400080481038FEF7A3FC01217E481038FEF7BE
:1029500083FC09B000BD00B589B001210420FDF75A
:10296000F4FF01210820FDF7E3FF01A8FDF7AFFD0B
:10297000C020ADF8040004208DF8070003208DF876
:10298000060001A96D48FDF717FD4FF4A060FDF7A3
:10299000B7FB1E208DF8080001208DF809000320E8
:1029A0008DF80A0001208DF80B0002A8FDF7ADFBA1
:1029B00065481038FEF720F806A8FEF71DFC002039
:1029C000ADF818004FF6FF70ADF81C000020ADF810
:1029D0001E00ADF81A0006A95B481038FEF7E0F8B3
:1029E0000A231A46032158481038FEF7E8FC03A8CA
:1029F000FEF715FC0620ADF8140003A95248103864
:102A0000FEF761FB012150481038FEF7EBFE012272
:102A100011464D481038FEF73AFC01214A4810385B
:102A2000FEF71AFC09B000BD00B585B001210420F5
:102A3000FDF77EFF01210220FDF787FF8020ADF822
:102A4000100004208DF8130003208DF8120004A953
:102A50003B48FDF7B1FC4FF4A060FDF751FB1D2092
:102A60008DF8000001208DF8010003208DF8020090
:102A700001208DF803006846FDF747FB3148103808
:102A8000FDF7BAFF4FF6FF70ADF808000020ADF873
:102A90000400ADF80A00ADF8060001A92948103875
:102AA000FEF77EF800231A46602126481038FEF70C
:102AB00022FC002123481038FEF762FE0121214844
:102AC0001038FEF7C9FB05B000BD00B585B0012187
:102AD0000820FDF72DFF01210420FDF736FF80209F
:102AE000ADF8100004208DF8130003208DF81200BB
:102AF00004A91248FDF760FC4FF4A060FDF700FB4D
:102B00001E208DF8000001208DF8010003208DF8B3
:102B1000020001208DF803006846FDF7F6FA0A4826
:102B20001038FDF769FF4FF6FF70ADF80800002080
:102B3000ADF80400ADF80A0008E00000000C014008
:102B4000000801401004004010080040ADF80600E5
:102B500001A90948FEF724F800231A466021064817
:102B6000FEF7C9FB00210448FEF70AFE01210248D6
:102B7000FEF772FB05B000BD0008004070B50024F0
:102B800002F0D1FA0446002C60D17CA001F029FDAE
:102B9000782001F02AFF18B981A001F022FD02E09F
:102BA00087A001F01EFD782002F00CF918B98FA063
:102BB00001F017FD02E096A001F013FD642002F081
:102BC000E2F918B99EA001F00CFD02E0A6A001F008
:102BD00008FD03F099FD18B9ACA001F002FD02E078
:102BE000B7A001F0FEFCC54804F06AFC054603F0FE
:102BF00095FD18B9C2A001F0F4FC02E0CAA001F0F2
:102C0000F0FC40F2731004F0CAF918B9D2A001F038
:102C1000E8FC02E0D9A001F0E4FC642003F038FFF6
:102C200018B9E2A001F0DDFC02E0E9A001F0D9FC56
:102C300004F05AFC012003F0ADFA18B9EFA001F03E
:102C4000D0FC0AE0F6A001F0CCFC06E04FF4005105
:102C5000FE48FDF760FC00BFFEE770BD2DE9F04FB8
:102C600089B0FB48FB49FC4BFC4ACDE90010FC490C
:102C7000FC4804F0F3FAF748008800F4807000285C
:102C80007AD0F649086804F061FF04464FF09D4190
:102C900004F096FDF4490860F049486804F056FFD6
:102CA00004464FF09D4104F08BFDF0490860EB496C
:102CB000886804F04BFF04464FF09D4104F080FD0E
:102CC000EB490860E549C86804F040FF04464FF04E
:102CD0009D4104F075FDE7490860E34801684FF045
:102CE000804004F03BFD0690E1480168069804F03E
:102CF00035FD8246DD4801684FF0404004F02EFD6E
:102D00000690DC480168069804F028FD8346514689
:102D100004F0CCFC079004F065FF064606F08AF943
:102D200080464FF06632D44B04F02FFE044604F088
:102D300085FFD2490860CE4801684FF0804004F01A
:102D40000DFD0390CA480168039804F007FD824610
:102D5000C64801684FF0404004F000FD0390C348AE
:102D60000168039804F0FAFC8346514604F0F0FC35
:102D700081464FF07E5183E10CE200006D707520BA
:102D8000696E697469616C697A6174696F6E2063D8
:102D90006F6D706C6574652E2E2E2E2E2E0A2000FF
:102DA0006D70755F7365745F73656E736F722063AA
:102DB0006F6D706C657465202E2E2E2E2E2E0A00DF
:102DC0006D70755F7365745F73656E736F7220638A
:102DD0006F6D65206163726F7373206572726F72BD
:102DE000202E2E2E2E2E2E0A000000006D70755FF4
:102DF000636F6E6669677572655F6669666F20638B
:102E00006F6D706C657465202E2E2E2E2E2E0A008E
:102E10006D70755F636F6E6669677572655F666911
:102E2000666F20636F6D65206163726F73732065D9
:102E300072726F72202E2E2E2E2E2E0A000000008F
:102E40006D70755F7365745F73616D706C655F72D3
:102E500061746520636F6D706C657465202E2E2E15
:102E60002E2E2E0A000000006D70755F7365745F72
:102E700073616D706C655F72617465206572726FED
:102E800072202E2E2E2E2E2E0A000000646D705FF2
:102E90006C6F61645F6D6F74696F6E5F6472697689
:102EA00065725F6669726D7761726520636F6D70C0
:102EB0006C657465202E2E2E2E2E2E0A000000002A
:102EC000646D705F6C6F61645F6D6F74696F6E5F6E
:102ED0006472697665725F6669726D77617265208A
:102EE000636F6D65206163726F7373206572726FBB
:102EF00072202E2E2E2E2E2E0A00000028000020DA
:102F0000646D705F7365745F6F7269656E74617410
:102F1000696F6E20636F6D706C657465202E2E2E48
:102F20002E2E2E0A00000000646D705F7365745FC2
:102F30006F7269656E746174696F6E20636F6D6521
:102F4000206163726F7373206572726F72202E2E10
:102F50002E2E2E2E0A000000646D705F656E616279
:102F60006C655F6665617475726520636F6D706C0A
:102F7000657465202E2E2E2E2E2E0A00646D705F35
:102F8000656E61626C655F6665617475726520630C
:102F90006F6D65206163726F7373206572726F72FB
:102FA000202E2E2E2E2E2E0A00000000646D705F43
:102FB0007365745F6669666F5F7261746520636FC5
:102FC0006D706C657465202E2E2E2E2E2E0A00003C
:102FD000646D705F7365745F6669666F5F7261745C
:102FE0006520636F6D65206163726F737320657216
:102FF000726F72202E2E2E2E2E2E0A006D70755F8F
:103000007365745F646D705F737461746520636F62
:103010006D706C657465202E2E2E2E2E2E0A0000EB
:103020006D70755F7365745F646D705F73746174E8
:103030006520636F6D65206163726F7373206572C5
:10304000726F72202E2E2E2E2E2E0A00001001409E
:10305000620000206000002050000020EC010020F1
:103060005A000020540000203400002038000020C6
:103070003C0000204000002066A64C404400002098
:1030800004F014FB044604F0ADFDCDE9040143480F
:1030900001684FF0804004F061FB834640480168BE
:1030A000584604F05BFB81463E4801684FF0804083
:1030B00004F054FB83463C480168584604F04EFB3C
:1030C0008246494604F0F2FA044604F08BFD0746B6
:1030D000DDE9042306F0F6F94FF06632334BCDE913
:1030E000060104F052FC054604F0A8FD30490860D2
:1030F0002D480168006804F031FB039029480168FD
:10310000006804F02BFB029025480168006804F079
:1031100025FB834621480168006804F01FFB5946DF
:10312000019004F0C3FA8246029904F011FB814633
:10313000039904F00DFB044604F054FDCDE90401AD
:10314000194801681548006804F008FB82461548D4
:1031500001681348006804F001FB8346514604F0FF
:10316000A5FA81464FF0804104F0F8FA044604F0D5
:1031700039FD0746DDE9042306F0A4F94FF0663275
:103180000A4BCDE9060104F000FC054604F056FDAB
:103190000849086009B0BDE8F08F00003400002045
:1031A000380000203C0000204000002066A64C4073
:1031B000480000204C000020704700BFFEE700BF21
:1031C000FEE700BFFEE700BFFEE7704770477047AD
:1031D00010B51D480078401C1B4908701B4800783A
:1031E000401C1A4908701A480078401C1849087099
:1031F00000F038FB17480078401C16490870164844
:103200000078401C1449087014480078401C134989
:1032100008700E480078012806DB01F0A4FA00F0DF
:10322000CCFC00200949087009480078082806DB12
:1032300000F045FB0020064908700649087000F0C0
:103240002BF900F047FA10BDA4000020A9000020CF
:10325000A5000020A6000020A7000020A800002054
:1032600030B527480068C822B0FBF2F1B1F1807F89
:1032700001D301201DE021F07F40401E4FF0E022ED
:10328000506150170F22002807DA13071D0E1D4B3F
:1032900000F00F04241F1D5503E013071C0E1A4BEA
:1032A0001C5400BF00204FF0E02290610720106105
:1032B000002008B100BFFEE74FF0E020006920F0D9
:1032C00001004FF0E021086130BD01B50F490098C1
:1032D00008604FF0E020006940F001004FF0E0216D
:1032E000086100BF094800680028FBD108BD0748F5
:1032F000006820B105480068401E04490860704716
:103300001400002018ED00E000E400E0640000205C
:10331000002107E042F6E06100BF0A1EA1F10103AF
:1033200099B2FAD1021EA0F1010398B2F2D170470E
:103330000021FE4A1170FE490860FE490978FE4AE4
:1033400011700021FD4A1160FA490978FC4A117098
:10335000704700B50020FB490880FB490880FB4905
:103360000860FB490860FB490860FB490860FB49AD
:103370000860FB490860FB490860FB490860FB499D
:103380000860FB490860FB490860FB490860FB498D
:103390000860FB490860FB490860FB490860FB497D
:1033A0000860E4490870FA490870FA490870E14871
:1033B0000078E14908700020E0490860DD480078A5
:1033C000DF4908700020F4490860F4490860F448B7
:1033D000FFF7AEFF0020F349086000BD2DE9F04182
:1033E000F148006804F0FEFB0446F048D0E90063B1
:1033F0003246204604F00AFC07D0EC48D0E9002110
:10340000104604F01BFCE8490860E948006804F035
:10341000E9FB0446E548D0E902633246204604F061
:10342000F5FB07D0E148D0E90221104604F006FC84
:10343000DF490860DF48006804F0D4FB04460D460D
:10344000DA49D1E904633246294604F0DFFB07D0AC
:10345000D648D0E90421104604F0F0FBD5490860B5
:10346000D548006804F0BEFB0446D048D0E90663A6
:103470003246204604F0CAFB07D0CC49D1E90621E8
:10348000104604F0DBFBCC4908600020C24908600C
:10349000C2490860BDE8F0812DE9F041C7480068E5
:1034A000012810D10020C0490860C548006804F018
:1034B0005BFB06460022C34B04F067FA044604F0A7
:1034C000BDFBB9490860BD480068022812D1002040
:1034D000B7490860BC490968A1F1400004F044FB09
:1034E00006460022B94B04F050FA044604F0A6FB4D
:1034F000AF490860B649B1F9040004F027FBB549AB
:103500000860B549B1F9040004F020FBB349086034
:103510000021B348006804F0ADFB0BD0B149B048BE
:10352000006804F0A7FB05D3AF49AD48006804F07C
:10353000ABFB05D24FF40051AC48FCF7ECFF04E0C4
:103540004FF40051A948FCF7E4FF0021A8480068A7
:1035500004F0FEF8824908609F49B1F9000004F0C8
:10356000F5FA064692480168304604F0F7F804463A
:103570007C4801687A48006804F0EAF806468A4800
:103580000168304604F0EAF80546214604F08EF85A
:1035900077490860BDE8F0812DE9F04104460D4609
:1035A000002C0CDA4FF480419248FCF7B2FF4FF444
:1035B00000419048FCF7AFFF604204B20AE04FF4CC
:1035C00000418C48FCF7A5FF4FF480418948FCF787
:1035D000A2FF00BF002D0CDA4FF400518548FCF724
:1035E00098FF4FF480518348FCF795FF684205B27D
:1035F0000AE04FF480517F48FCF78BFF4FF40051F5
:103600007C48FCF788FF00BFAFB2A6B231464FF04E
:103610008040FEF7BDF839464FF08040FEF7BAF81B
:1036200075496F48006804F02FFB23D373496C4839
:10363000006804F01FFB02D24FF0010801E04FF0D8
:10364000000800215048006804F014FB01D101205B
:1036500000E0002008EA000800214C48006804F05F
:1036600009FB01D1012000E0002008EA0008B8F1C0
:10367000000F0DD000214FF08040FEF789F80021A7
:103680004FF08040FEF786F801205D49086002E0B7
:1036900000205B4908605B493148006804F0F4FA97
:1036A00005D359492E48006804F0E4FA0DD20021F0
:1036B0004FF08040FEF76CF800214FF08040FEF79D
:1036C00069F801204E49086002E000204C4908607A
:1036D000BDE8F08170B52448046830480168204690
:1036E00003F0E4FF044621462148006803F0DEFFB2
:1036F0002149086021461E48006804F029F81D4948
:1037000008601D48006804F040FA00B2B0F57A7F06
:1037100002DD3E48184908601748006804F035FA91
:1037200000B210F57A7F78DA394874E0750000202D
:103730008C000020A40000207400002070000020F5
:1037400098000020F2000020F0000020000100207E
:10375000FC00002008010020040100200C010020D2
:10376000CC000020BC00002028010020B000002078
:10377000C0000020C8000020C40000202401002058
:103780006801002064010020300100202C0100208D
:10379000A5000020A60000209C000020A000002022
:1037A0000000F0421C010020DC000020D09700083F
:1037B000E0000020E4000020E80000204C01002090
:1037C0003C0100200080FB3F400100200000C43F7E
:1037D0005A0000205C0100205400002060010020FD
:1037E000440000200000A0C10000A04100100140E2
:1037F00048000020000C014000002041000020C1D2
:103800001801002000004842000048C200007A442D
:1038100000007AC401E0FB490860FB48006804F03E
:10382000B4F900B2B0F57A7F02DDF848F6490860D5
:10383000F548006804F0A9F900B210F57A7F02DAC1
:10384000F348F1490860F048006804F09EF905B2B9
:10385000EC48006804F099F906B229463046FFF7B3
:103860009BFE70BD70B5EB48FDF7ADFF0446EA481E
:10387000FDF7A9FF0546E9480460E9480560002115
:10388000E448FDF77DFF0021E348FDF779FF20B212
:10389000E4490880684200B2E3490880E3480068D0
:1038A000E049B1F900100844E0490860E0480068C8
:1038B000DD49B1F900100844DD49086070BD2DE90B
:1038C000FC5FDA490968DA4A1268881804F03EF9A0
:1038D000D8490860D6490968D44A1268881A04F0A1
:1038E00035F90446D44903F039FF8346D249584696
:1038F00004F0CAF907D24FF07E51584604F0BAF9E5
:1039000001D24FF0000B0020C9490860C749086088
:10391000CA48006804F066F906464FF06632C84BA4
:1039200004F033F8044604F089F9C4490860C1483A
:10393000006804F057F94FF03332C24BCDE9000173
:1039400004F023F806460F46BC48006804F04AF924
:10395000804632463B4603F071FF044604F06EF9A0
:10396000B649086008460168B748006803F09EFE43
:10397000B5490860B5480168B348006803F096FE91
:10398000B1490860B2480168AF48006803F08EFE94
:10399000AD490860AF480068012801D100200860E7
:1039A000A948006804F0F1F8B0F5FA5F02DDAA4812
:1039B000A5490860A448006804F0E7F810F5FA5F2C
:1039C00002DAA648A0490860A5480068032812D179
:1039D0000020A4490860A4490968A1F1800004F00E
:1039E000C3F806460022A14B03F0CFFF044604F0C3
:1039F00025F99C4908609A480068042812D10020E3
:103A00009B4908609B490968A1F1C00004F0ACF82B
:103A100006460022984B03F0B8FF044604F00EF966
:103A20009349086000218848006803F091FE06462B
:103A30008F480168304603F091FE044600217F481C
:103A4000006803F085FE064686480168304603F0AC
:103A500085FE0546214603F029FE8849086088490D
:103A60008848006804F010F905D387498548006844
:103A700004F000F90AD28148006880F000448148CF
:103A80000168204603F09CFE824601E04FF0000AE8
:103A900070480068012801D14FF0000A7B49504668
:103AA00004F0F2F801D2DFF8E4A17949504604F0BD
:103AB000E1F801D2DFF8D8A176480168504603F05A
:103AC00047FE0546744903F049FE04467148016803
:103AD000204603F0EBFD6F4908605E48006800284F
:103AE0005BD15A48006820F000446C49204604F03D
:103AF000CBF852D80021584604F0BCF808D06848EA
:103B0000006820F000446749204604F0BDF807D261
:103B100065496648006803F021FE644908600BE0CF
:103B20006349584603F01AFE04466048016820467F
:103B300003F0BCFD5D4908605E495C48006804F024
:103B4000A3F802D25B48594908605B4957480068AE
:103B500004F090F802D25848544908605749584632
:103B600003F0FCFD044651480168204603F09EFD29
:103B70005349086053495248006804F085F802D25E
:103B800050484F49086050494D48006804F072F8A9
:103B900011D24D484A4908600DE04C49434800683D
:103BA00003F0DCFD4149086048494548006803F0DE
:103BB000D5FD43490860BDE8FC9F2DE9F04144482C
:103BC000006800281DD14348FDF7FDFD00EB800093
:103BD00000EB00104400204603F0C6FF054600221B
:103BE0003D4B03F044FF074604F028F83B490860CA
:103BF0003B48007820B9002015490860BDE8F081F5
:103C000070E099E0C4000020C800002000007A4461
:103C100000007AC4000400400008004010010020A9
:103C200014010020F0000020F2000020FC00002021
:103C30000001002004010020000080BF08010020D6
:103C40006666E63F3333D33F0C0100202401002099
:103C50001C010020180100200000FA450000FAC5F0
:103C60004C010020E4000020440100200000DE3F61
:103C7000E8000020480100200000C43FB8000020F8
:103C80006F12833ADC0000206F1283BA0000A0405C
:103C90000000A0C0BC0000209A99993E0000F041AD
:103CA000280100200000A04148E17A3F9C0000204C
:103CB0000AD7A33B00002042000020C20AD7233EBF
:103CC000A00000200000A0420000A0C2CDCC4C3FCC
:103CD00034010020002C0140000069402001002038
:103CE00075000020FE48006803F07CFF04460022B7
:103CF000FC4B03F08BFF03D8FB48FC4908601BE03A
:103D0000FB49F748006803F0BFFF01D8012400E039
:103D100000244FF08241F248006803F0ABFF01D865
:103D2000012000E0002004401CB1F248EF49086087
:103D300002E00020ED49086000BFBDE8F0812DE9F8
:103D4000FC5FED480068012878D1EC48D0F800B05D
:103D5000EB4800680190EB48B0F90290EA48B0F9EE
:103D600000A0DF480468484603F0F0FE06464FF026
:103D70008D4103F025FD0546E44903F0EFFCE449DD
:103D80000860504603F0E2FE0646E24903F0E0FC1C
:103D90000546E14903F014FDE0490860584603F088
:103DA00021FF0746DE4ADF4B03F061FE054603F0C4
:103DB00045FF8346019803F015FF0546D84AD94BC5
:103DC00003F055FE074603F039FF01905021D64815
:103DD00003F048FCD448D5A1096801600A21D44801
:103DE00003F040FCD34800210160416001810A21B9
:103DF000D14803F037FCD1480021016041600181C6
:103E00000A21CF4803F02EFCCE480021016041601A
:103E10000181CD49584603F02DFF10D8CB495846B3
:103E200003F032FF0BD8584603F0DCFE05462A4665
:103E30000B46C7A1BE4804F03FF902E0C7E0BDE869
:103E4000FC9FC149019803F015FF0FD8BF490198A5
:103E500003F01AFF0AD8019803F0C4FE05462A466B
:103E60000B46BBA1B34804F027F900E0E7E7BA49E5
:103E7000A748006803F008FF11D2B849A4480068B9
:103E800003F0F8FE0BD2A248006803F0ABFE054633
:103E90002A460B46AEA1A84804F00EF900E0CEE792
:103EA000AF499E48006803F0EFFE11D2AD499B4830
:103EB000006803F0DFFE0BD29848006803F092FE22
:103EC00005462A460B46A2A19C4804F0F5F800E0FE
:103ED000B5E70021204603F0D7FE0FD8A2492046BF
:103EE00003F0C8FE0AD2204603F07CFE05462A46AF
:103EF0000B4697A1924804F0DFF800E09FE700200E
:103F000000F088FC0090009803F029FE07469749CE
:103F100003F024FC06464FF08B4103F051FC0546AC
:103F2000934903F015FC934908600021914800680B
:103F300003F0AAFE11D889498E48006803F09AFE62
:103F40000BD28C48006803F04DFE05462A460B460E
:103F50007FA17C4804F0B0F800E070E77449724833
:103F600003F08BFB84A1704803F087FB71496E4816
:103F700003F083FB81A16C4803F07FFB6E496A4824
:103F800003F07BFB7EA1684803F077FB6B49664832
:103F900003F073FB7BA1644803F06FFB6849624840
:103FA00003F06BFB79A1604803F067FB65495E484D
:103FB00003F063FB76A15C4803F05FFB502175487A
:103FC00003F050FB50225849724803F032FB00BF07
:103FD00035E710B570480068401E6F4908604648D4
:103FE0000068012807D10846006820B9FFF7A7FE3E
:103FF000684800F0EAFA6848006818B941F2883069
:104000006549086010BD2DE9F04180460D46144613
:104010001E46069F6149204603F02CFE00D25F4CED
:104020000021384603F026FE00D200275C493846BE
:1040300003F02AFE00D25A4F5A48C0F8008045606B
:104040008460C660076101205749087057480078AE
:1040500057490870002057490860BDE8F0810222E6
:10406000514B1A70544A1060544A11604F4A1278EA
:104070004F4B1A7000224F4B1A60704770B5504872
:1040800006680024164805684E49284603F0FCFDE2
:1040900006D24D49284603F0EDFD01D84B4E4C4C5D
:1040A0004C4806604C48046000204C4908600F49A9
:1040B000086070BD2DE9FF5F3C4804783C480078FB
:1040C000201AC0B203903A4804703A480168039835
:1040D0000844384908600846006803F040FD7FE066
:1040E0002001002000001040000096C31C010020A9
:1040F0000000A0400000FA4350010020C40000204E
:10410000C80000205A00002054000020CDCC1C41E3
:104110005C0100209A190043000003436001002065
:1041200048E17A14AE470F40FC010020244C5600B1
:10413000140300201E030020280300203203002067
:104140003C0300204603002000007A4400007AC4AB
:1041500025332E32660000000000A0C10000A041FF
:1041600000803BC500803B4500401C46CDCC5441FF
:10417000CDCC4C3EAC0000202C5256002C414300CC
:104180002C4759002C435342000000002C56540089
:10419000230000004C02002054010020CDCCCC3D77
:1041A0006666E63E7800002075000020A40000202E
:1041B0007400002070000020900000209400002077
:1041C0008C0000200AD7233C000070410000A04270
:1041D00000005C432401002028010020340100205D
:1041E0000746384903F0BAFA064637488168304630
:1041F00003F0B4FA05463448C168284603F056FA7D
:10420000814649464FF0804003F0A8FA009003F041
:10421000E9FC054605F016FA074603F00FFD834654
:1042200029480169584603F099FA824626480169EF
:104230004FF07E5003F08CFA5146019003F036FAAD
:10424000029021490868029903F088FA1F49086022
:10425000484603F0C7FC074605F042FA054603F05E
:10426000EDFC824618484168504603F077FA184939
:104270000860012017490860002017490860BDE860
:10428000FF9F10B515480078B8B1012802D0022868
:1042900012D102E0FFF70EFF12E0114800680B494F
:1042A0000860104800680A49086001200949086050
:1042B00000200949086003E000BFFFF7DFFE00BFF0
:1042C00000BF10BD0AD7A33B7800002024010020C6
:1042D00028010020340100201C010020750000206E
:1042E000900000209400002000B585B0012144F228
:1042F0000400FCF71DFB4FF40070ADF8100018200F
:104300008DF8130003208DF8120004A9BB48FCF7B8
:1043100053F84FF48060ADF8100004208DF81300BE
:1043200004A9B648FCF748F84FF4E13000900020AB
:10433000ADF80400ADF80600ADF80800ADF80C00CB
:104340000C20ADF80A006946AD48FDF7A6FA012138
:10435000AB48FDF72EFB05B000BD08B54FF48060FB
:10436000FBF7CEFE27208DF8000004208DF8010019
:1043700001208DF802008DF803006846FBF7C5FEAA
:1043800008BD00B585B001218804FCF7DEFA0121E3
:104390000820FCF7CDFA4FF48060ADF8100018202B
:1043A0008DF8130003208DF8120004A99548FCF73E
:1043B00003F84FF40060ADF8100004208DF81300EE
:1043C00004A99048FBF7F8FFFFF7C7FF4FF416501A
:1043D00000900020ADF80400ADF80600ADF808002C
:1043E000ADF80C000C20ADF80A0069468648FDF7D0
:1043F00054FA012240F225518348FDF7E6FA0121E3
:104400008148FDF7D6FA05B000BD70B504460D46EB
:10441000E1B27B48FDF73AFB00BF40217848FDF749
:10442000A3FB0128F9D1204670BDF0B503460D4627
:104430001646002729460A2E03D000200870284679
:10444000F0BD33B9302001F8010B00200870284678
:10445000F6E7002B03DA2D2001F8010B5B4242F254
:1044600010720DE093FBF2F404B937B104F130009F
:1044700001F8010B04FB123301270A2092FBF0F232
:10448000002AEFDC002008702846D9E70FB470B589
:1044900086B006460CA8019073E00B9800785C2863
:1044A0001CD10B98401C0B9000786E2809D0722804
:1044B0000FD10D213046FDF7E9FA0B98401C0B9007
:1044C0000BE00A213046FDF7E1FA0B98401C0B90F7
:1044D00003E00B98401C0B9000BF4BE00B9800785A
:1044E000252840D10B98401C0B900078642818D0E8
:1044F000732833D1019810C801900BE02178304621
:10450000FDF7C4FA00BF40213046FDF72DFB00281F
:10451000F9D0641C20780028F0D10B98401C0B9037
:1045200020E0019820C801900A2202A92846FFF73E
:104530007CFF02AC0BE021783046FDF7A7FA00BF04
:1045400040213046FDF710FB0028F9D0641C20788C
:104550000028F0D10B98401C0B9003E00B98401CF6
:104560000B9000BF06E00B9810F8011B0B90304633
:10457000FDF78CFA00BF40213046FDF7F5FA002820
:10458000F9D00B980078002887D106B070BC5DF890
:1045900014FB10B5044621461948FDF777FA00BF11
:1045A00040211748FDF7E0FA0128F9D110BD10B5F8
:1045B000044621461448FDF769FA00BF402112481D
:1045C000FDF7D2FA0128F9D110BD70B505462C4689
:1045D00003E02078FFF7EBFF641C20780028F8D177
:1045E00070BD70B505462C4603E02078FFF7D1FF7B
:1045F000641C20780028F8D170BD0000000801403C
:1046000000380140000C0140004800407FB50446DE
:104610000D460121C802FCF78BF941F28830ADF854
:10462000080041F61F40ADF804000120ADF80A0073
:104630000020ADF8060001A91148FCF7B1FA0122EB
:1046400041210F48FCF723FE19208DF800000320BC
:104650008DF8010000208DF8020001208DF8030084
:104660006846FBF752FD7FBD10B501210448FDF7F8
:10467000BCF818B101210248FDF7C8F810BD0000D0
:10468000002C01401FB501213D48FBF766FF0121C9
:104690000920FCF74DF90120ADF80C0010208DF831
:1046A0000F0003208DF80E0003A93648FBF784FEA7
:1046B0000220ADF80C0028208DF80F0003A9314826
:1046C000FBF77AFE01210846FBF78CFF02200190E0
:1046D00000208DF8080008208DF8090001208DF8D1
:1046E0000A0001A8FBF788FD07208DF800000320D1
:1046F0008DF8010001208DF802008DF80300684656
:10470000FBF703FD1FBD10B50220FBF7DBFD48B32F
:1047100000211D48FDF734F801211B48FCF79CFDE2
:1047200001201A49086012E01748FDF74CF80A28E2
:1047300007DB00211448FCF78FFD002013490860B7
:1047400005E002210F48FBF7CAFE104908600F4838
:1047500000680028E8D100210B48FCF77DFD02200D
:10476000FBF7C1FD10BD10B501210648FBF7D1FED6
:104770000C20FDF76BFD01210248FBF7CCFE10BDBC
:1047800000023000000C0140002C0140B801002064
:1047900000B587B001214FF40170FCF7C9F84FF460
:1047A0000040FCF729F80120ADF8040000208DF846
:1047B000070001A92348FBF7FFFD2348FDF72EFA68
:1047C000002002908DF80C008DF80D004FF4602051
:1047D00004900020059001208DF8180002A91A48C5
:1047E000FDF743FA01211848FDF76BFA1648FDF76B
:1047F0008AFA00BF1448FDF78BFA0028FAD1124854
:10480000FDF790FA00BF1048FDF791FA0028FAD1A1
:1048100007B000BD10B504460723012221460A480F
:10482000FDF7BBFA01210848FDF78BFA00BF022112
:104830000548FDF7F7FB0028F9D00348FDF714FB06
:1048400010BD0000000801400024014006488047D8
:1048500006480047FEE7FEE7FEE7FEE7FEE7FEE765
:10486000FEE7FEE7FEE7FEE74B210008ED0000084B
:1048700038B50446FB4890F82400C0B114B10220BA
:10488000009001E000200090F64A1268D17BF54AC2
:10489000526810786B460122FDF745FE10B14FF0CB
:1048A000FF3038BD9DF80010EE48417423E0ED481C
:1048B000807A10B94FF0FF30F3E724B1E948407C2B
:1048C00008B10020EDE714B10120009001E00020C4
:1048D0000090E44A1268D17BE24A526810786B4635
:1048E0000122FDF720FE10B14FF0FF30D9E79DF80F
:1048F0000010DC4841740020D3E738B5002419E0EB
:10490000D8480068C07AA04204D0D6480068407DEC
:10491000A04200D10CE0D349496808786B460122D7
:104920002146FDF74FFE10B14FF0FF3038BD00BFFC
:10493000601CC4B2CB4840680079A042E0DC002093
:10494000F4E770B504460D46C6480068C07AA04238
:1049500004D0C4480068407DA04202D14FF0FF302F
:1049600070BDC04840680079A04202DC4FF0FF30C3
:10497000F6E7BC49496808782B4601222146FDF735
:1049800021FEEDE738B50446B64890F82300A04272
:1049900001D1002038BD14B13020009001E000208A
:1049A0000090B048807C20B19DF8000040F00200EB
:1049B0000090AC4890F8220020B19DF8000040F033
:1049C00080000090A74A1268117DA64A52681078AC
:1049D0006B460122FDF7A7FD10B14FF0FF30D9E77C
:1049E000A04880F823400020D4E738B5044604F0FE
:1049F000700010B10120009005E014B1002000907B
:104A000001E040200090974A1268917C954A5268D4
:104A100010786B460122FDF786FD20B100219148F8
:104A20008172481E38BD9DF8000020F040018D487D
:104A300001730020009004F0400020B99DF80000B0
:104A400040F00400009004F0200020B99DF8000020
:104A500040F00200009004F0100020B99DF8000022
:104A600040F00100009004F0080020B99DF800001B
:104A700040F0380000907B4A1268D17C794A526835
:104A800010786B460122FDF74EFD20B100217548DC
:104A90008172481EC6E724B1082C02D00020FFF71F
:104AA00071FF70488472002101753220FDF7DBFB35
:104AB0000020B7E738B504466A48807CA04201D19F
:104AC000002038BD002C46D0664A12681179654A2C
:104AD000526810786B460122FDF774FD10B14FF05B
:104AE000FF30EEE79DF8000020F0200000905D4AC6
:104AF000126811795B4A526810786B460122FDF703
:104B000012FD10B14FF0FF30DBE70320FDF7ABFBE8
:104B100002200090534890F8220020B19DF8000038
:104B200040F0800000904F4890F8230020B19DF89D
:104B3000000040F0300000904A4A1268117D494A56
:104B4000526810786B460122FDF7EDFC002851D029
:104B50004FF0FF30B5E7434A12681179414A526875
:104B600010786B460122FDF72DFD10B14FF0FF309C
:104B7000A7E73C48807A00F0010028B19DF80000CA
:104B800040F02000009004E09DF8000020F020009C
:104B90000090344A12681179324A526810786B4694
:104BA0000122FDF7C0FC10B14FF0FF3089E7032070
:104BB000FDF759FB2B4890F8220010B1802000909F
:104BC00001E000200090274890F8230020B19DF8D4
:104BD000000040F030000090224A1268117D214A06
:104BE000526810786B460122FDF79DFC10B14FF022
:104BF000FF3066E71B488474002062E708B5194857
:104C0000807A10B94FF0FF3008BD00200090154A9F
:104C10001268D17B134A526810786B460122FDF767
:104C200082FC10B14FF0FF30EEE70E4A1268517966
:104C30000C4A526810786B460122FDF774FC10B1E3
:104C40004FF0FF30E0E7074A12681179054A5268D1
:104C500010786B460122FDF766FC28B14FF0FF305B
:104C6000D2E70000BC010020F74890F8240000289B
:104C700053D00C200090F44A12681179F24A52681D
:104C800010786B460122FDF74EFC10B14FF0FF305B
:104C9000BAE73220FDF7E7FAC0200090EA48807AB0
:104CA00000F0010020B19DF8000040F020000090CD
:104CB000E54A12681179E44A526810786B4601227D
:104CC000FDF731FC10B14FF0FF309DE7DE48407C2E
:104CD00010B10220009001E000200090DA4A126832
:104CE000D17BD94A526810786B460122FDF71BFC34
:104CF00010B14FF0FF3087E700200090D24A1268D1
:104D00005179D14A526810786B460122FDF70BFCAD
:104D1000002855D04FF0FF3076E704200090CA4AB3
:104D200012681179C84A526810786B460122FDF763
:104D3000FAFB10B14FF0FF3066E7C348807C20B922
:104D4000C148807A00F0010010B94020009001E0D5
:104D500060200090BC4A12681179BB4A52681078F2
:104D60006B460122FDF7DFFB10B14FF0FF304BE740
:104D70003220FDF778FAB448407C10B10120009051
:104D800001E000200090B04A1268D17BAE4A526820
:104D900010786B460122FDF7C6FB10B14FF0FF30D3
:104DA00032E7A94A12685179A74A52681078A64B8F
:104DB00010330122FDF7B7FB10B14FF0FF3023E7AE
:104DC000002021E770B50446002624F001049E4827
:104DD00090F8240008B1002070BD9B48807A10B97B
:104DE0004FF0FF30F8E79848057C807A20409649DC
:104DF00008740846007CA04202D04FF0FF3600E065
:104E0000002614B99048007D18B10120FFF730FD4D
:104E100002E00020FFF72CFD3CB1FFF7EFFE20B1D0
:104E2000894805744FF0FF30D6E73046D4E738B5EF
:104E300004468548807A10B94FF0FF3038BDBC2C4D
:104E400002DB0120009015E0622C02DB02200090C2
:104E500010E02A2C02DB032000900BE0142C02DB74
:104E60000420009006E00A2C02DB0520009001E0FF
:104E7000062000907448C07A9DF80010884201D145
:104E80000020DBE7704A126891786F4A5268107808
:104E90006B460122FDF747FB10B14FF0FF30CDE725
:104EA0009DF800106848C1720020C7E738B5044675
:104EB000282C02DD4FF0FF3038BDDCB90020FFF7B1
:104EC00061FD00208DF8000007208DF801005E4A8A
:104ED0001268917C5C4A526810786B460222FDF79A
:104EE00022FB10B14FF0FF30E6E700215648017574
:104EF0000020E1E70120FFF745FD20208DF80000AC
:104F0000012C06D100208DF801000520FFF78FFF4E
:104F100017E0052C06DC01208DF801000520FFF7C5
:104F200086FF0EE0142C06DC02208DF801000A201A
:104F3000FFF77DFF05E003208DF801001420FFF747
:104F400076FF9DF80100072101EB8010C0B28DF8BB
:104F500001003D4A1268917C3B4A526810786B46CA
:104F60000222FDF7E0FA10B14FF0FF30A4E708216C
:104F70003548817200210173012101750020FFF77E
:104F800021FF002098E738B504462F48807A10B9F1
:104F90004FF0FF3038BD2C4890F8240010B14FF08E
:104FA000FF30F7E72848007D50B134B1282C04DCED
:104FB000E0B2FFF77BFF0020ECE70020FFF776FF71
:104FC000042C01DA042404E0B4F57A7F01DD4FF407
:104FD0007A744FF47A7090FBF4F0401EC0B20090E7
:104FE000194A12685178184A526810786B460122A3
:104FF000FDF799FA10B14FF0FF30CBE79DF80000B4
:10500000401C4FF47A7191FBF0F081B20E48C181DF
:105010000146C9894810FFF70AFF0020BAE738B5F2
:1050200004460948807A10B94FF0FF3038BD022C91
:1050300006D0042C0AD0082C0BD0102C0FD10BE07A
:10504000002000900EE00000BC010020082000902D
:1050500008E01020009005E01820009002E04FF0DA
:10506000FF30E3E700BFF848407A9DF80010B0EB4E
:10507000E10F01D10020D9E7F34A1268D179F24A51
:10508000526810786B460122FDF74DFA10B14FF0CF
:10509000FF30CBE79DF80000C110EB4841720020C3
:1050A000C4E738B50446E848807A10B94FF0FF30BD
:1050B00038BDFA2C09D0B4F5FA7F09D0B4F57A7F5F
:1050C00009D0B4F5FA6F0CD108E0002000900BE095
:1050D0000820009008E01020009005E018200090C3
:1050E00002E04FF0FF30E3E700BFD748007A9DF8B9
:1050F0000010B0EBE10F01D10020D9E7D24A1268CD
:105100009179D14A526810786B460122FDF70BFA6B
:1051100010B14FF0FF30CBE79DF80000C010CA4936
:1051200008720020C4E71CB580208DF80000C64A34
:105130001268917CC44A526810786B460122FDF7D0
:10514000F2F910B14FF0FF301CBD6420FDF78BF871
:1051500000208DF80000BC4A1268917CBA4A52685F
:1051600010786B460122FDF7DEF910B14FF0FF30E9
:10517000EAE7B54A1268917DB34A526810786B46E7
:105180000622FDF71FFA10B14FF0FF30DCE79DF863
:105190000500C007400F9DF8031001F0010140EA2F
:1051A00041009DF8011001F0010140EA01048CB1B9
:1051B000012C03D10121A448C17430E0022C03D199
:1051C0000021A148C1742AE0A0A0FFF70AFA4FF01D
:1051D000FF30B9E79C4A1268D1789B4A5268107830
:1051E0006B460122FDF7EEF910B14FF0FF30ABE74F
:1051F0009DF8000000F00F042CB99E48FFF7F1F96C
:105200004FF0FF30A0E7042C06D19BA0FFF7E9F98F
:1052100001218D48C17402E000218B48C174FF2137
:1052200089488172FF2088490872FF2186484172AF
:10523000C1724FF6FF71C181FF2101748174012198
:10524000017380F82210002180F823104175017548
:105250001630016041608160163880F8241080F8B3
:105260002510C1844FF4FA60FFF71BFF10B14FF017
:10527000FF3069E70220FFF7D2FE10B14FF0FF3098
:1052800062E72A20FFF7D3FD10B14FF0FF305BE754
:105290003220FFF778FE10B14FF0FF3054E70020C6
:1052A000FFF790FD10B14FF0FF304DE70020FFF702
:1052B00001FC10B14FF0FF3046E70020FFF795FBEF
:1052C000002041E77CB504460D465F48807A00F037
:1052D000700010B94FF0FF307CBD5B4A1268117B43
:1052E000594A526810786B460622FDF76BF910B1E7
:1052F0004FF0FF30F0E79DF801009DF8001040EA04
:10530000012000B220809DF803009DF8021040EAC1
:10531000012000B260809DF805009DF8041040EA6D
:10532000012000B2A08015B12846FCF7A8FF00209C
:10533000D2E77CB504460D464348807A00F0080069
:1053400010B94FF0FF307CBD3F4A1268517B3E4A96
:10535000526810786B460622FDF734F910B14FF011
:10536000FF30F0E79DF801009DF8001040EA0120B1
:1053700000B220809DF803009DF8021040EA012051
:1053800000B260809DF805009DF8041040EA0120FD
:1053900000B2A08015B12846FCF771FF0020D2E7CB
:1053A0002DE9FE4F05460C462748807A18B94FF084
:1053B000FF30BDE8FE8F244A1268917B224A526872
:1053C000107802AB0222FDF7FDF810B14FF0FF306C
:1053D000EFE79DF809009DF8081040EA012006B2A9
:1053E00014B12046FCF74BFF17494968C88802F002
:1053F000B6FB154901904968B1F9080002F0A6FB17
:105400008346304602F0A2FB5946009002F0A0F914
:105410008246019902F0D4F981461F4902F046F90B
:1054200080464FF08F4102F099F9074602F0ADFB3C
:1054300028600020BDE710B588B004461CB94FF0C5
:10544000FF3008B010BD29E0BC010020556E737517
:1054500070706F7274656420736F667477617265C3
:105460002070726F64756374207265762025642ED7
:105470000A00000048A6000848616C662073656E4B
:105480007369746976697479207061727420666FCB
:10549000756E642E0A00000000000C42206830B9CE
:1054A000606820B9A06810B9002008B010BDFA49A2
:1054B0004968087806AB03221146FDF783F810B15E
:1054C0004FF0FF30F1E79DF81800082101EB2010A4
:1054D00000F00F00ADF800009DF8190001EB20105E
:1054E00000F00F00ADF802009DF81A0001EB20104B
:1054F00000F00F00ADF8040020684100BDF9000085
:10550000403091FBF0F000B2ADF81000606841004F
:10551000BDF90200403091FBF0F000B2ADF812008E
:10552000A0684100BDF90400403091FBF0F000B2EA
:10553000ADF81400D8494968087806AB0622114630
:10554000FDF740F810B14FF0FF30AEE79DF81900BD
:105550009DF8181040EA012000B2ADF808009DF84F
:105560001B009DF81A1040EA012000B2ADF80A00B5
:105570009DF81D009DF81C1040EA012000B2ADF816
:105580000C00BDF81000BDF80810084400B2ADF8DA
:105590001000BDF81200BDF80A10084400B2ADF8C2
:1055A0001200BDF81400BDF80C10084400B2ADF8AC
:1055B0001400BDF81000000A8DF81800BDF81000A6
:1055C000C0B28DF81900BDF81200000A8DF81A005B
:1055D000BDF81200C0B28DF81B00BDF81400000A1F
:1055E0008DF81C00BDF81400C0B28DF81D00AA494A
:1055F0004968087806AB06221146FCF794FF10B103
:105600004FF0FF3051E700204FE70146A248007AF3
:1056100030B1012807D0022809D003280FD10AE0B1
:10562000FA2008800EE04FF4FA7008800AE04FF488
:105630007A70088006E04FF4FA60088002E00020EB
:10564000088000BF00BF0020704701469248407AA2
:1056500030B1012807D0022808D003280CD108E077
:10566000022008700BE00420087008E00820087091
:1056700005E01020087002E04FF0FF30704700BFD7
:105680008548C07C18B108784006000E08700020DC
:10569000F4E701468048C07A082817D2DFE800F016
:1056A0001704070A0D101318BC20088013E06220AD
:1056B000088010E02A2008800DE0142008800AE00D
:1056C0000A20088007E00520088004E000BF00BF32
:1056D0000020088000BF00BF0020704701466E48D0
:1056E00090F8240010B14FF0FF3070476A48C0892D
:1056F00008800020F9E7014600200880401E70471E
:1057000001464FF0FF30704701466348007A30B1E0
:10571000012807D0022808D003280CD108E05F48F0
:1057200008600BE05E48086008E05E48086005E03D
:105730005D48086002E04FF0FF30704700BF002076
:10574000FBE701465448407A30B1012808D00228CE
:105750000AD0032810D10BE04FF4804008800EE0FF
:1057600041F69C7008800AE04FF48050088006E003
:105770004FF40060088002E04FF0FF30704700BF38
:105780004548C07C10B10888401008800020F5E72B
:1057900001464148007C08700020704701463E48A1
:1057A000807A10B10120087001E00020087000200C
:1057B000704738B504463848807A10B94FF0FF304A
:1057C00038BD354A1268117C334A526810786B46EE
:1057D0000222FCF7F7FE10B14FF0FF30F0E79DF822
:1057E00001009DF8001040EA012000B22080002056
:1057F000E6E72DE9FE4F0746884692461D46DDF84E
:1058000030B000260024244890F8240010B1601E17
:10581000BDE8FE8F002028701F48807A10B94FF035
:10582000FF30F5E71C48007C10B94FF0FF30EFE780
:105830001948007C00F0400008B1B01CC6B2164800
:10584000007C00F0200008B1B01CC6B21248007CF9
:1058500000F0100008B1B01CC6B20F48007C00F088
:10586000080008B1B01DC6B20B4A1268917A0A4A04
:10587000526810786B460222FCF7A4FE10B14FF07C
:10588000FF30C5E79DF801009DF8001040EA0129AE
:10589000B1450BDA0020BBE7BC0100200000034348
:1058A000000083423333034233338341FC48406872
:1058B0004088B9EB600F17DDF94A1268517CF84A4D
:1058C000526810786B460122FCF77CFE10B14FF055
:1058D000FF309DE79DF8000000F0100020B1FFF7B9
:1058E0008DF96FF0010093E75046FCF7C8FCEC4AD5
:1058F0001268D17AEA4A526810786B463246FCF751
:1059000061FE10B14FF0FF3082E799FBF6F0401EC8
:105910008BF8000000202870B4422AD0E048007CB8
:1059200000F0080028B3601C1DF800001DF80410EA
:1059300040EA012000B2A8F80000E01C1DF80010A9
:10594000A01C1DF8000041EA002000B2A8F80200E7
:10595000601D1DF80010201D1DF8000041EA002008
:1059600000B2A8F80400287840F008002870A01DB4
:1059700084B2B44213D0CA48007C00F0400070B139
:10598000601C1DF800001DF8041040EA012000B260
:105990003880287840F040002870A01C84B2B442BF
:1059A00013D0BF48007C00F0200070B1601C1DF8CF
:1059B00000001DF8041040EA012000B27880287829
:1059C00040F020002870A01C84B2B44213D0B44828
:1059D000007C00F0100070B1601C1DF800001DF884
:1059E000041040EA012000B2B880287840F010008E
:1059F0002870A01C84B200200AE7F8B504460F46C0
:105A00001646A74890F8240010B94FF0FF30F8BDB3
:105A1000A348807A10B94FF0FF30F8E7A04A126827
:105A2000917A9F4A526810786B460222FCF7CAFDB1
:105A300010B14FF0FF30EAE79DF801009DF800102B
:105A400040EA0125A54203DA00203070401EDEE75F
:105A5000934840684088B5EB600F17DD904A1268A4
:105A6000517C8F4A526810786B460122FCF7AAFDE0
:105A700010B14FF0FF30CAE79DF8000000F01000B1
:105A800020B1FFF7BBF86FF00100C0E7E2B2844B32
:105A90001B68D97A824B5B6818783B46FCF792FD0D
:105AA00010B14FF0FF30B2E795FBF4F0401E3070BC
:105AB0000020ACE701467A4880F8221000207047A9
:105AC0007CB5054676494968087801AB04220D216A
:105AD000FCF778FD08B107207CBD9DF80700C0F3F6
:105AE00001109DF8041001F0E00140EAE1008DF89A
:105AF00000009DF80700C0F381009DF8051001F03B
:105B0000E00140EAE1008DF801009DF8070000F097
:105B100003009DF8061001F0E00140EAE1008DF875
:105B2000020000241CE01DF8040018B9002045F80C
:105B3000240013E05B4845F8240006E055F82400F3
:105B4000594901F00BFE45F824001DF80400401EE1
:105B5000C0B20DF804000028F0D100BF601CC4B230
:105B6000032CE0DB0020B7E72DE9FE4F06460F4689
:105B700000256846FFF7A4FF002442E056F8240001
:105B800057F82410A0EB010ABAF1000F01DB5146CF
:105B900001E0CAF10001084601F0D8FF83464FF04A
:105BA0008F4101F00DFE80465DF82400002102F0D7
:105BB00061F816D05DF82410404601F001FE8246DF
:105BC0004FF07E5101F0C4FD814629F0004A37486C
:105BD000416A504602F058F812D20120A040054315
:105BE0000EE03248C169404602F044F805D32F4820
:105BF000016A404602F048F802D20120A040054365
:105C0000641C032CBADB2846BDE8FE8F2DE9FC5F3F
:105C100006460F46002522494968087801AB032251
:105C20000D21FCF7CFFC10B10720BDE8FC9F9DF8CB
:105C3000040000F01F008DF804009DF8050000F03E
:105C40001F008DF805009DF8060000F01F008DF87C
:105C50000600002462E056F8240057F82410A0EB58
:105C6000010BBBF1000F01DB594601E0CBF1000154
:105C7000084601F06BFF4FF08F41009001F0A0FD4E
:105C8000814601A8005DC0B30849086801F067FFBC
:105C900083465946064801F093FD80460FE0000018
:105CA000BC0100207B14AE3E1D5A843F18980008AA
:105CB00000B04C45FE49404601F050FD804601A829
:105CC000005D401EC0B201A908550028F2D141462E
:105CD000484601F075FD83464FF07E5101F038FDD6
:105CE00082462AF0004BF3488169584601F0CCFF08
:105CF00013D20120A04005430FE0FFE7ED48016902
:105D0000484601F0B7FF05D3EA484169484601F02B
:105D1000BBFF02D20120A0400543641C032C9ADB88
:105D2000284682E72DE9F04F87B005460C4691469C
:105D300001208DF8100000208DF81100DE4A126855
:105D4000917CDD4A5268107804AB0222FCF7EBFB31
:105D500020B14FF0FF3007B0BDE8F08FC820FCF74E
:105D600082FA00208DF81000D34A1268D17BD24A03
:105D70005268107804AB0122FCF7D5FB10B14FF04C
:105D8000FF30E8E7CC4A12685179CB4A5268107864
:105D900004AB0122FCF7C7FB10B14FF0FF30DAE78C
:105DA000C54A1268917CC44A5268107804AB01223B
:105DB000FCF7B9FB10B14FF0FF30CCE7BE4A1268D8
:105DC000D17DBD4A5268107804AB0122FCF7ABFBD1
:105DD00010B14FF0FF30BEE7B74A12681179B64AEA
:105DE0005268107804AB0122FCF79DFB10B14FF014
:105DF000FF30B0E70C208DF81000AF4A126811791F
:105E0000AD4A5268107804AB0122FCF78CFB10B14C
:105E10004FF0FF309FE70F20FCF725FAA648806A75
:105E2000407A8DF81000A44A12689178A24A52680C
:105E3000107804AB0122FCF776FB10B14FF0FF3075
:105E400089E79D48806A007A8DF810009A4A1268A6
:105E50005178994A5268107804AB0122FCF763FB31
:105E600010B14FF0FF3076E7B9F1000F07D092483C
:105E7000806A807A40F0E0008DF8100004E08E48DF
:105E8000806A807A8DF810008B4A126891798A4A6C
:105E90005268107804AB0122FCF745FB10B14FF0BB
:105EA000FF3058E7B9F1000F07D08348806AC07A05
:105EB00040F0E0008DF8100003E07E48C07A8DF8D5
:105EC00010007D4A1268D1797B4A5268107804AB81
:105ED0000122FCF728FB10B14FF0FF303BE7B9F18E
:105EE000000F02D0C820FCF7BEF940208DF810004A
:105EF000714A12681179704A5268107804AB012215
:105F0000FCF711FB10B14FF0FF3024E778208DF83B
:105F10001000694A12685179674A5268107804ABD8
:105F20000122FCF700FB10B14FF0FF3013E761498D
:105F30008889FCF798F900208DF810005E4A1268F5
:105F400051795D4A5268107804AB0122FCF7EBFAF4
:105F500010B14FF0FF30FEE6574A1268917A564A68
:105F60005268107804AB0222FCF72CFB10B14FF002
:105F7000FF30F0E69DF811009DF8101040EA012B6B
:105F80000C209BFBF0F0C6B20020A860686028607F
:105F9000A06060602060824665E0474A1268D17A5E
:105FA000454A5268107804AB0C22FCF70BFB10B189
:105FB0004FF0FF30CFE69DF811009DF8101040EA39
:105FC000012000B2ADF808009DF813009DF81210F2
:105FD00040EA012000B2ADF80A009DF815009DF8D6
:105FE000141040EA012000B2ADF80C00BDF9081011
:105FF000206808442060BDF90A10606808446060A9
:10600000BDF90C10A0680844A0609DF817009DF829
:10601000161040EA012000B2ADF800009DF819000A
:106020009DF8181040EA012000B2ADF802009DF87A
:106030001B009DF81A1040EA012000B2ADF80400E0
:10604000BDF90010286808442860BDF9021068688E
:1060500008446860BDF90410A8680844A8600AF103
:10606000010000F0FF0AB24597DB1248D0F800C0EB
:106070002868C117090441EA104107046246002359
:10608000384601F0A5FA32460023CDE9020101F0BD
:106090009FFA28600748D0F800C06868C117090453
:1060A00041EA1041070462460023384606E000003A
:1060B00054E3853F18980008BC01002001F088FADD
:1060C00032460023CDE9020101F082FA6860FE4801
:1060D000D0F800C0A868C117090441EA10410704BC
:1060E00062460023384601F073FA32460023CDE9B8
:1060F000020101F06DFAA860F348D0F804C02168ED
:10610000C817000440EA11480F04624600233846CD
:10611000414601F05DFA32460023CDE9020101F06B
:1061200057FA2060E848D0F804C06068C117090435
:1061300041EA1041070462460023384601F048FA5C
:1061400032460023CDE9020101F042FA6060DE48E8
:10615000D0F804C0A068C117090441EA104107043F
:1061600062460023384601F033FA32460023CDE977
:10617000020101F02DFAA060A068002804DDA068EB
:10618000A0F58030A06003E0A06800F58030A0603A
:106190000020E0E538B50446CC4890F82400A04241
:1061A00001D1002038BD24B3C84890F8250010B9AB
:1061B0004FF0FF30F6E70020FEF75AFB0020FEF715
:1061C00079FCC249C88CFEF7DEFE00200090BF4972
:1061D000496808786B4601222321FCF7A4F90121C4
:1061E000BA4880F824100120FEF742FBFEF706FDB6
:1061F00013E00020FEF73CFBB448007C0090B3495C
:10620000496808786B4601222321FCF78CF90021AC
:10621000AE4880F82410FEF7F1FC0020C2E72DE91B
:10622000F04F8DB083460F4602200C90A74890F89F
:10623000240020B10020FFF7ADFF012600E000267A
:1062400003A8FFF7E2F905A8FFF7FFF901A8FFF798
:1062500020FA02A8FFF742FA9C4890F80AA004A886
:10626000FFF796FA002407E0002239465846FFF768
:1062700059FD00B902E0641C022CF5DB00BF022CC2
:1062800001D1002528E0002407E0012206A909A881
:10629000FFF748FD00B902E0641C022CF5DB00BFEB
:1062A000022C01D1002517E006A93846FFF75CFC57
:1062B00000F0FF0809A95846FFF7A8FC00F0FF0905
:1062C0000025B9F1000F01D145F00105B8F1000F2B
:1062D00001D145F0020500BFFF207C490872FF2173
:1062E0007A484172C1724FF6FF71C181FF218172FC
:1062F000017401210173BDF80C00FEF7D2FE9DF878
:106300001400FEF78CFEBDF80400FEF790FDBDF80A
:106310000800FEF738FE5046FEF767FB9DF81000B8
:10632000FEF750FD16B10120FFF734FF28460DB0EF
:10633000BDE8F08FF8B504460D46164616B94FF085
:10634000FF30F8BD6148807A10B94FF0FF30F8E7B0
:1063500020128DF80000E0B28DF801009DF80100D8
:1063600028445A4949684989884202DD4FF0FF3084
:10637000E7E7564A1268117E544A526810786B4615
:106380000222FCF7D0F810B14FF0FF30D9E7EAB2A3
:106390004E4B1B68597D4D4B5B6818783346FCF7B4
:1063A000C2F810B14FF0FF30CBE70020C9E7F8B5D5
:1063B00004460D46164616B94FF0FF30F8BD434867
:1063C000807A10B94FF0FF30F8E720128DF8000006
:1063D000E0B28DF801009DF8010028443B4949686E
:1063E0004989884202DD4FF0FF30E7E7374A1268FB
:1063F000117E364A526810786B460222FCF793F8F9
:1064000010B14FF0FF30D9E7EAB2304B1B68597D2D
:106410002E4B5B6818783346FCF7D4F810B14FF078
:10642000FF30CBE70020C9E72DE9F04385B00546F2
:106430000E4690469946254890F8250020B14FF029
:10644000FF3005B0BDE8F08316B94FF0FF30F8E734
:10645000002423E0281B102801DD102000E0281B69
:1064600087B2321939462046FFF764FF10B14FF06A
:10647000FF30E6E701AA39462046FFF798FF10B142
:106480004FF0FF30DDE730193A4601A901F001F97C
:1064900010B16FF00100D4E7E01984B2AC42D9DB4F
:1064A0004FEA28208DF8000008F0FF008DF8010069
:1064B000064A1268917E054A526810786B4602229D
:1064C000FCF731F838B103E018980008BC0100204F
:1064D0004FF0FF30B5E701218A4880F82510A0F879
:1064E00026900020ADE70146864890F82400087009
:1064F0000020704702464FF0FF30704701464FF0D2
:10650000FF307047F8B505460F461446002C70D092
:10651000B5F5FF5F01DDFF2605E0202D01DA01263C
:1065200001E0C5F3471607B90127282C02DD4FF01B
:10653000FF30F8BD7348407D28BB724890F82400B6
:1065400038B10020FFF726FE01216E4880F82010A8
:1065500003E000216B4880F820106A481630FFF7EE
:1065600054F868481830FFF770F866481A30FFF79B
:1065700090F864481C30FFF7B1F86248817A81775F
:106580001F30FFF705F90020FEF772F90020FEF733
:106590008DFC00208DF800005A4A12689178594A03
:1065A000526810786B460122FBF7BDFF10B14FF027
:1065B000FF30BEE740208DF80000524A1268D17BC0
:1065C000504A526810786B460122FBF7ACFF00B1CD
:1065D00065E08DF800608DF801704A4A1268117A02
:1065E000484A526810786B460222FBF79CFF08B1BC
:1065F00055E047E00520FBF736FE4248407A072188
:1066000001EBC000C0B28DF800003E4A1268D1799B
:106610003C4A526810786B460122FBF784FF00B1B8
:106620003DE020208DF80000012C03D100208DF8E2
:1066300001000EE0052C03DC01208DF8010008E0CC
:10664000142C03DC02208DF8010002E003208DF8F9
:1066500001009DF80100072101EB8010C0B28DF808
:106660000100284A1268917C264A526810786B46CD
:106670000222FBF758FF00B111E0012121484175CA
:10668000002056E71F4A1632002103E0505C00B19B
:1066900005E0491C0C29F9D34FF0FF3049E7FF20F2
:1066A00018490872FF2117484172C1724FF6FF71F5
:1066B000C181FF2181720174012101730146887F2C
:1066C000FEF793F90F49C88AFEF7EBFC0D49087EE7
:1066D000FEF7A5FC0B49488BFEF7A9FB0949888BFF
:1066E000FEF751FC0749C87FFEF76CFB054890F8A0
:1066F000200010B10120FFF74DFD00210148417538
:10670000002016E7BC01002010B5C8234FF48062BA
:10671000F74940F6F630FFF787FE10BD10B586B09A
:106720000446F4A000680390F3A000680290F3A070
:1067300000680190F2A00068009004F0030003A933
:10674000085C8DF8140003A8C4F3C101405C8DF807
:10675000150003A8C4F38111405C8DF8160004F005
:10676000030002A9085C8DF8100002A8C4F3C1015F
:10677000405C8DF8110002A8C4F38111405C8DF8D3
:10678000120005AA032140F22640FFF7D3FD18B1FD
:106790004FF0FF3006B010BD04AA032140F22A409A
:1067A000FFF7C8FD10B14FF0FF30F3E701980590F7
:1067B0000098049004F0040058B19DF8140040F0D3
:1067C00001008DF814009DF8100040F001008DF8D4
:1067D000100004F0200058B19DF8150040F00100B1
:1067E0008DF815009DF8110040F001008DF81100A2
:1067F00004F4807058B19DF8160040F001008DF847
:1068000016009DF8120040F001008DF8120005AA54
:1068100003214FF48860FFF78DFD10B14FF0FF307A
:10682000B8E704AA032140F23140FFF783FD10B11D
:106830004FF0FF30AEE7B34804810020AAE71FB550
:106840000446B048007A00F0030054F8200001909C
:10685000AC48007A00F0040010B101984042019069
:10686000A848007AC0F3C10054F820000290A5485F
:10687000007A00F0200010B1029840420290A14836
:10688000007AC0F3811054F8200003909D480089DD
:1068900000F4807010B10398404203909A49019827
:1068A00080FB0101800F40EA810001909649029827
:1068B00080FB0110820042EA917002909249039895
:1068C00080FB0110820042EA917003900198000E53
:1068D0008DF800000198000C8DF801000198000A65
:1068E0008DF802000198C0B28DF803006A460421B9
:1068F0004FF47470FFF71EFD18B14FF0FF3004B075
:1069000010BD0298000E8DF800000298000C8DF862
:1069100001000298000A8DF802000298C0B28DF8BA
:1069200003006A4604214FF47570FFF703FD10B1B0
:106930004FF0FF30E3E70398000E8DF80000039856
:10694000000C8DF801000398000A8DF802000398EE
:10695000C0B28DF803006A4604214FF47670FFF749
:10696000E9FCCCE770B588B0064601A8FEF7E9FE61
:10697000BDF804000021C90341EA5045C403614841
:10698000007A00F0030056F8200005905D48007A78
:1069900000F0040010B10598404205905948007A73
:1069A000C0F3C10056F8200006905648007A00F067
:1069B000200010B10698404206905248007AC0F379
:1069C000811056F8200007904E48008900F480702E
:1069D00010B10798404207900598C117A0FB042307
:1069E00001FB043100FB0510810041EA9270059023
:1069F0000698C117A0FB042301FB043100FB05101E
:106A0000810041EA927006900798C117A0FB042309
:106A100001FB043100FB0510810041EA92700790F0
:106A20000598000E8DF808000598000C8DF80900F7
:106A30000598000A8DF80A000598C0B28DF80B0081
:106A40000698000E8DF80C000698000C8DF80D00CD
:106A50000698000A8DF80E000698C0B28DF80F0057
:106A60000798000E8DF810000798000C8DF81100A3
:106A70000798000A8DF812000798C0B28DF813002D
:106A800002AA0C214FF42570FFF754FC08B070BD2A
:106A900030B585B004461DA207CA02AB07C3C82C97
:106AA00003DD4FF0FF3005B030BDC82090FBF4F09F
:106AB000401E85B2280A8DF80000E8B28DF801006A
:106AC0006A46022140F21620FFF734FC10B14FF065
:106AD000FF30E8E702AA0C2140F6C120FFF72AFCAC
:106AE00010B14FF0FF30DEE7064884810020DAE77E
:106AF000409800084CCD6C000CC92C00365676002E
:106B0000264666006003002009E3CA02FEF2ABC419
:106B1000AAF1DFDFBBAFDFDF0146FC4880890880D8
:106B2000002070472DE9FC4706460F4606F0070097
:106B300010B1B7F5C86F03DD4FF0FF30BDE8FC873B
:106B4000384601F00CF88146F14900F039FE8046E4
:106B50006846FEF77AFD9DF80000022806D004285A
:106B600016D0082826D0102848D135E04FF08D41A6
:106B7000404600F0F3FD814601F020F884B2E5497B
:106B8000404600F0EBFD814601F018F885B238E090
:106B90004FF08C41404600F0E1FD814601F00EF8D7
:106BA00084B2DD49404600F0D9FD814601F006F887
:106BB00085B226E04FF08B41404600F0CFFD814684
:106BC00000F0FCFF84B2D549404600F0C7FD814685
:106BD00000F0F4FF85B214E04FF08A41404600F027
:106BE000BDFD814600F0EAFF84B2CD49404600F089
:106BF000B5FD814600F0E2FF85B202E04FF0FF30C4
:106C00009CE700BF20128DF80400E0B28DF805006B
:106C100028128DF80600E8B28DF8070006F0010092
:106C2000A0B101AA02214FF4EA70FFF783FB10B173
:106C30004FF0FF3082E70DF1060202214FF492700F
:106C4000FFF778FB10B14FF0FF3077E706F0020056
:106C5000A0B101AA02214FF4EC70FFF76BFB10B159
:106C60004FF0FF306AE70DF1060202214FF49470F5
:106C7000FFF760FB10B14FF0FF305FE706F0040054
:106C8000A0B101AA02214FF4EE70FFF753FB10B13F
:106C90004FF0FF3052E70DF1060202214FF49670DB
:106CA000FFF748FB10B14FF0FF3047E7002045E702
:106CB00038B504460020009004F0010020B19DF892
:106CC000000040F03000009004F0020020B19DF878
:106CD000000040F00C00009004F0040020B19DF88A
:106CE000000040F0030000906A4601214FF4A470B8
:106CF000FFF720FB38BD38B50446012C01DA01242A
:106D000002E0042C00DD0424601EC0B200906A463C
:106D1000012140F24F10FFF70DFB38BD38B5044696
:106D2000052094FBF0F085B228128DF80000E8B23F
:106D30008DF801006A4602214FF4EF70FFF7FAFA6E
:106D400038BD38B50446052094FBF0F085B2281212
:106D50008DF80000E8B28DF801006A4602214FF478
:106D6000ED70FFF7E7FA38BDF8B505460E464FF46B
:106D70007A7095FBF0F000FB06F4200E8DF8000011
:106D8000200C8DF80100200A8DF80200E0B28DF889
:106D900003006A4604214FF4AE70FFF7CBFAF8BD4A
:106DA00038B50446052094FBF0F084B220128DF82B
:106DB0000000E0B28DF801006A4602214FF4AD7088
:106DC000FFF7B8FA38BD38B50446052094FBF0F05B
:106DD00084B220128DF80000E0B28DF801006A46FE
:106DE00002214FF4AC70FFF7A5FA38BD38B5044660
:106DF00014B94FF0FF3038BD6A4604214FF4587083
:106E0000FFF7D5FA10B14FF0FF30F4E79DF800001E
:106E100000069DF8011040EA01409DF8021040EA8A
:106E200001209DF80310084320600020E3E738B5F7
:106E30000446200E8DF80000200C8DF80100200A79
:106E40008DF80200E0B28DF803006A4604214FF489
:106E50005870FFF76FFA38BD38B5044614B94FF0D3
:106E6000FF3038BD6A4604214FF47170FFF79FFA76
:106E700010B14FF0FF30F4E79DF8000000069DF8D8
:106E8000011040EA01409DF8021040EA01209DF8FF
:106E90000310084300EB8000800020600020E0E742
:106EA00038B504461420B4FBF0F4200E8DF8000031
:106EB000200C8DF80100200A8DF80200E0B28DF858
:106EC00003006A4604214FF47170FFF733FA38BDAE
:106ED00038B5044664B120208DF8000028208DF8D4
:106EE000010030208DF8020038208DF8030004E006
:106EF000A3220421684600F0AEFB6A46042140F656
:106F00009E20FFF717FAFDF779FE38BD60030020D9
:106F100000004843000040460000C04500004045D6
:106F20000000C04438B5044664B1C0208DF80000AC
:106F3000C2208DF80100C4208DF80200C6208DF813
:106F4000030004E08B220421684600F084FB6A46BB
:106F5000042140F69820FFF7EDF9FDF74FFE38BD0C
:106F60003EB504466CB1FDA1D1E900208968CDE9A8
:106F7000002002916A4609214FF49760FFF7DAF981
:106F80003EBDF9A2D2E900109268CDE9010200915C
:106F90006A4609214FF49760FFF7CCF9F0E73EB558
:106FA000044602208DF80000CA208DF80100E3207D
:106FB0008DF8020009208DF803006A46042168203C
:106FC000FFF7B8F9A3208DF8000004F0400048B1A5
:106FD000C0208DF80100C8208DF80200C2208DF875
:106FE000030006E0A3208DF801008DF802008DF863
:106FF000030004F4C07048B1C4208DF80400CC2014
:107000008DF80500C6208DF8060006E0A3208DF857
:1070100004008DF805008DF80600A3208DF8070008
:107020008DF808008DF809006A460A2140F6A7206D
:10703000FFF780F904F0030018B120208DF800005C
:1070400002E0D8208DF800006A46012140F6B62003
:10705000FFF770F904F0200018B10120FFF780FF5E
:1070600002E00020FFF77CFF04F4C07008B304F4D2
:10707000807060B1B2208DF800008B208DF8010087
:10708000B6208DF802009B208DF803000BE0B020A5
:107090008DF8000080208DF80100B4208DF80200EA
:1070A00090208DF803006A46042140F6A220FFF7E5
:1070B00041F904F0010020B3F8208DF800006A4681
:1070C00001214FF40B60FFF735F9FA210720FFF794
:1070D00029FD0720FFF7ECFD0120FFF70CFE6420DF
:1070E000FFF71CFE4FF4FA70FFF72BFEC821A148F2
:1070F000FFF73AFE2820FFF753FE0A20FFF763FE52
:1071000008E0D8208DF800006A4601214FF40B609A
:10711000FFF710F904F0020018B1D9208DF8000033
:1071200002E0D8208DF800006A46012140F23D704F
:10713000FFF700F904F0040018B10120FFF7F2FE98
:1071400002E00020FFF7EEFE04F0100018B101206D
:10715000FFF7BEFE02E00020FFF7BAFE44F0080091
:1071600085494881FDF74AFD00208349887304F072
:10717000400018B10846807B801D887304F4C070FD
:1071800020B17D48807B801D7B49887304F014000A
:1071900020B17948807B10307749887304F0030070
:1071A00020B17548807B001D7349887300203EBD67
:1071B0000146714840890880002070472DE9F04160
:1071C0000446E07800F0C006E07800F03F05607803
:1071D00000F0010098B1EF102846E91705EB517156
:1071E000C910A5EBC101491C01F0FF086248006805
:1071F00020B16148414602683846904700BF607838
:1072000000F0080030B15C48406818B1B0115A4A2B
:10721000516888470020BDE8F08110B586B004466B
:1072200056A207CA03AB07C357A207CA8DE80700D7
:10723000012C09D0022C0ED103AA0B2140F682208A
:10724000FFF778F806B010BD6A460B2140F68220A1
:10725000FFF770F8F6E74FF0FF30F3E72DE9F04F56
:107260008DB00746884615469946DDE9166B002421
:10727000002030804049887B5A4605A9FEF7BDFBB7
:1072800018B1601E0DB0BDE8F08F3B48807A00F069
:107290001400002861D09DF8140000069DF8151018
:1072A00040EA01409DF8161040EA01209DF81710B1
:1072B000084328609DF8180000069DF8191040EA60
:1072C00001409DF81A1040EA01209DF81B10084368
:1072D00068609DF81C0000069DF81D1040EA014002
:1072E0009DF81E1040EA01209DF81F100843A86079
:1072F0009DF8200000069DF8211040EA01409DF80D
:10730000221040EA01209DF823100843E86004F1B0
:107310001000C4B22868001401906868001402903C
:10732000A86800140390E868001404900198404392
:10733000029901FB0100039901FB0100049901FB83
:10734000010ABAF1706F02DBBAF1885F22DDFDF746
:1073500055FC00203080401E94E721E0B8AAB38D90
:10736000B4980D355D000000B8AAAAAAB088C3C5BC
:10737000C700000009E3CA0260030020D8B1B9F3D6
:107380008BA391B609B4D900DAB1B9F38BA391B646
:10739000DAB4DA00B6F9000040F48070308000BF43
:1073A0007848807A00F0400020B305A9601C085C92
:1073B000095D40EA012000B2A8F8000005A9E01C20
:1073C000095C05AAA01C105C41EA002000B2A8F8E4
:1073D000020005A9601D095C201D105C41EA002027
:1073E00000B2A8F80400A01DC4B2B6F9000040F035
:1073F000080030806348408900F4C07008B305A9D4
:10740000601C085C095D40EA012000B2388005A9D3
:10741000E01C095C05AAA01C105C41EA002000B237
:10742000788005A9601D095C201D105C41EA0020E0
:1074300000B2B880A01DC4B2B6F9000040F07000E0
:1074400030805048807A00F0030018B105A908196F
:10745000FFF7B4FE4846FAF712FF002012E7014694
:1074600048480160002070470146464841600020BE
:107470007047014691F90020002A01DD00201EE03E
:1074800091F90020002A01DA042018E091F9012086
:10749000002A01DD012012E091F90120002A01DA21
:1074A00005200CE091F90220002A01DD022006E00F
:1074B00091F90220002A01DA062000E00720704737
:1074C00070B505462846FFF7D4FF0446E81CFFF7D1
:1074D000D0FF44EAC00084B2A81DFFF7CAFF44EA07
:1074E000801084B2204670BD70B588B002A905A88E
:1074F000FEF795FE0446032C3FD101A8FEF704F9E0
:10750000059800F023FB0646019900F027F905468F
:1075100000F03BFB0590069800F018FB0646019929
:1075200000F01CF9054600F030FB0690079800F0CB
:107530000DFB0646019900F011F9054600F025FB08
:10754000079005A8FFF77BF96846FEF7FAF8BDF843
:107550000010029848430290BDF800100398484379
:107560000390BDF8001004984843049002A8FFF768
:10757000F9F905A0FDF735F802E00CA0FDF731F8A8
:1075800008B070BD6003002073657474696E672075
:10759000626961732073756363657366756C6C797A
:1075A000202E2E2E2E2E2E0A0000000062696173FE
:1075B00020686173206E6F74206265656E206D6F48
:1075C000646966696564202E2E2E2E2E2E0A000018
:1075D0002DE9F0410024061B254671F1000605DA6D
:1075E00001240027D0EB070067EB0101161E73F1A1
:1075F000000605DA0027D2EB0702012567EB03033B
:1076000000F062FB86460E4617469C46AC4204D00C
:107610000025D0EB050E65EB010624B10020D2EB6E
:10762000000760EB030C704631463A466346BDE8FE
:10763000F08140EA01039B0703D009E008C9121F4B
:1076400008C0042AFAD203E011F8013B00F8013B1C
:10765000521EF9D27047D2B201E000F8012B491E48
:10766000FBD270470022F6E710B513460A460446DF
:107670001946FFF7F0FF204610BD421E12F8013FE9
:10768000002BFBD111F8013B02F8013B002BF9D193
:10769000704730B504460020034600E05B1C93426F
:1076A00003D2E05CCD5C401BF8D030BDF0B480EA82
:1076B0000102D40F4200B2EB410F02D2024608464B
:1076C00011464A0042D0C30DDDB2C1F3C752AD1A14
:1076D000202D35DAC1F3160141F4000204B1524203
:1076E000C5F1200602FA06F12A411044B3EBD05F3F
:1076F00023D0C4B1012DA0EBC35009DCF0BC4FF086
:10770000004202EAC352DBB200F5000000F037BBD2
:10771000400000F1807000EBC350A0F1807040EA9F
:10772000D170490009E0490841EAC071A0EBC3509B
:1077300000F50000400800EBC350F0BC00F016BBA1
:107740006142012202EB4101001BF6E7F0BC7047E9
:1077500081F00041AAE780F00040A7E780EA01023B
:1077600010B502F00043400022D04A001FD0010EA5
:1077700001EB1261C0F35600C2F3560240F4000060
:1077800042F40002A0FB022000047F39140400D060
:10779000401C50EA124001D44000491EC2B20C06FF
:1077A00004EBD010401C4008802A02D003E00020E7
:1077B00010BD20F00100002900DA0020184310BDA0
:1077C00030B480EA010202F0004530F0004221F0BE
:1077D000004013D090B1C30DD40DC2F31601C0F315
:1077E0001600E41A41F4000140F400027D34914295
:1077F00001D3641C00E04900002C02DA30BC0020F8
:1078000070474FF400000023914201D3891A0343CB
:1078100040084FEA4101F7D151B1914202D14FF0F6
:10782000004105E002D24FF0010101E06FF00101DB
:1078300003EBC450284430BC00F098BA2DE9FE4F49
:10784000804681EA0300C00F0C46009021F0004101
:1078500023F00045B8EB0200A94105D2404621467D
:1078600090461C460B46024623F00040104347D08A
:10787000270DC7F30A00C3F30A510290401A019082
:1078800040286BDAC3F3130040F4801B0098924643
:1078900020B10023D2EB030A63EB0B0B019859468E
:1078A000C0F14002504600F040FA06460D465046F0
:1078B0005946019A00F048FA10EB08006141002493
:1078C00087EA115284EAE7731A4340D0009A62B300
:1078D000019A012A4FEA075215DC001B61EB0201F5
:1078E0004FF0004202EA0752CDE90042001C41F588
:1078F000801132462B4600F07FFA03B0BDE8F08FCE
:1079000040462146F9E7001B61EB0201001C41F5EE
:10791000801300185B412018A2F5001747EB030104
:1079200040EAD570B6196D4111E06D084FEA360690
:1079300045EAC0754FEA0752001B61EB0201001CCB
:1079400041F5801149084FEA300000195141324693
:107950002B4603B0BDE8F04F00F03FBA009801227B
:1079600040000023D0EB020263EBE0730098214655
:107970004FEAE074B8EB000061EB0401E9E783F043
:1079800000435BE781F0004158E72DE9FE4F81EAB3
:10799000030404F0004421F0004100944FF0000B78
:1079A00023F0004350EA01045ED052EA03045BD0A6
:1079B000C3F30A54C1F30A552C44A4F2F3340194DE
:1079C000A0FB0254C1F3130141F48011C3F313036C
:1079D00043F4801301FB024400FB034E840A970A20
:1079E00044EA815447EA8357A4FB076802958D0A4D
:1079F00005FB07854FEA932C04FB0C542705029DD9
:107A00004FEA065847EA1637B5EB08056EEB070C48
:107A1000870E920E47EA811742EA8312A7FB020102
:107A2000B6EB0B0164EB00042B0D43EA0C335E183C
:107A300044EB1C50DA465146E7FB0201C5F3130440
:107A40004FEA0B3343EA14534FEA0432019C43EAF2
:107A50000603A4F10C040294009CCDE900B400F0EC
:107A6000CBF903B0BDE8F08F00200146F9E72DE91E
:107A7000F04D81EA030404F0004B21F00045144668
:107A80004FF0000A23F0004150EA050220D054EAEA
:107A900001021DD0C5F30A570246C5F31303C1F313
:107AA0001300C1F30A5640F4801543F48013A7EB8A
:107AB0000608101BD64608F2FD3873EB050002D30A
:107AC00008F1010801E092185B41B8F1000F03DAF8
:107AD00000200146BDE8F08D00204FF480110646DD
:107AE00084460EE0171B73EB050705D3121B63EBEF
:107AF000050306434CEA010C49084FEA300092188E
:107B00005B4150EA0107EDD152EA030012D082EA4C
:107B1000040083EA0501084305D0101BAB4106D2DF
:107B20000122002306E000224FF0004302E06FF044
:107B3000010253101AEB06004CEB085110EB0A003F
:107B400041EB0B01BDE8F04D00F047B9C10F80EAF1
:107B5000E0700844CA079623002100F010B996236C
:107B60000022114600F00BB90EB5C10F80EAE0709B
:107B70000844CA07002140F233438DE80E000A464C
:107B80000B4600F039F903B000BD00F0004220F0D0
:107B90000040C10DC0F3160040F400007F2901DA57
:107BA00000207047962903DCC1F19601C84001E02E
:107BB00096398840002AF4D04042704720F00040B7
:107BC000C10DC0F3160040F400007F2901DA002047
:107BD0007047962903DCC1F19601C8407047963979
:107BE0008840704700F0004230F000400AD0C10DDC
:107BF00001F56071C0F3160042EA0151C208400766
:107C000011437047002001467047000030B5041E44
:107C100071F1000404DB4FF00044404264EB0101C9
:107C2000141E73F1000405DB1C464FF00043524262
:107C300063EB04038B4208BF824230BD01F0004376
:107C400030B421F0004150EA010206D00A0DA2F53D
:107C50006072C1F31301002A02DC30BC00207047BF
:107C6000440F44EAC104C100E01830BC00EBC2502C
:107C700000F07CB8002801DBC0F10040002901DBE6
:107C8000C1F1004181427047002801DBC0F1004092
:107C9000002901DBC1F100418842704730B50B4635
:107CA000014600202022012409E021FA02F59D422C
:107CB00005D303FA02F5491B04FA02F52844151E00
:107CC000A2F10102F1DC30BD2DE9F05F0546002094
:107CD00092469B4688460646814640241BE028463D
:107CE00041464746224600F02FF953465A46C01AED
:107CF000914110D311461846224600F016F82D1A6D
:107D000067EB01084F4622460120002100F00DF8E4
:107D100017EB00094E41201EA4F10104DFDC4846A8
:107D200031462A464346BDE8F09F202A04DB203A2C
:107D300000FA02F1002070479140C2F1200320FABE
:107D400003F3194390407047202A06DBCB17203AF3
:107D500041FA02F043EAE07306E041FA02F3D04050
:107D6000C2F1200291400843194670470029A8BF7C
:107D70007047401C490008BF20F00100704710B454
:107D8000B0FA80FC00FA0CF050EA010404BF10BC09
:107D9000704749B1CCF1200421FA04F411FA0CF136
:107DA00018BF012121430843A3EB0C01CB1D4FEA6F
:107DB00000614FEA102042BF002010BC704700EB6A
:107DC000C35010440029A4BF10BC7047401C490098
:107DD00008BF20F0010010BC704710B5141E73F1ED
:107DE000000408DA401C41F1000192185B411A437B
:107DF00001D120F0010010BD2DE9F04D92469B46C7
:107E000011B1B1FA81F202E0B0FA80F2203290466C
:107E1000FFF78BFF04460F4640EA0A0041EA0B01D8
:107E200053465A46084313D0114653EA010019D06D
:107E3000C8F14002504600F087F805460E4650460D
:107E400059464246FFF771FF084305D0012004E080
:107E500020463946BDE8F08D0020054346EAE0762D
:107E60002C4337430A986305E40AA0EB080000227C
:107E7000FD0A44EA47540A3002D500200146E9E7EA
:107E8000010510196941DDE9084500196941BDE89E
:107E9000F04DA2E770B521F0004303430CD0C1F3CD
:107EA0000A550024D5EB040564EB0403D617AD1A7C
:107EB000B34102DB0020014670BD201841EB0251A6
:107EC00070BDC1F30A52C1F3130140F2FF3341F414
:107ED00080119A4202DA00200146704740F2334393
:107EE0009A42A2F2334202DC524200F02DB8FFF770
:107EF0001CBF000030B5041E71F1000404DB4FF01C
:107F00000044404264EB0101141E73F1000405DBE0
:107F10001C464FF00043524263EB0403994208BFF2
:107F2000904230BD064C074D06E0E06840F001038A
:107F300094E8070098471034AC42F6D3F8F7DAF823
:107F400098A60008B8A60008202A04DB203A21FAE7
:107F500002F00021704721FA02F3D040C2F1200262
:107F600091400843194670472DE9F04D00231A4609
:107F70001B1A8A4103DB00200146BDE8F08DC1F3E6
:107F80000A52C1F3130141F480154FF0000BD107E1
:107F900002D100186D41521E0027044640F2FF1125
:107FA000384601EB620A3E468046024600204FF406
:107FB0008011FFF7C9FFC2197141BB1846EB0100E0
:107FC000B4EB030C75EB000C04D3E41A65EB00056D
:107FD00017460E46241908F101006D4180463428E9
:107FE000E3DDF91946EB0600091BA84103D24FF067
:107FF000FF32134601E0002213461BEB070046EB5D
:108000000A51BDE8F04DFFF7E8BE0EB540F233412E
:1080100002910021CDE900110A460B46FFF7ECFE64
:1080200003B000BD70B5C1F30A5201F00045002451
:10803000C1F3130140F2FF3341F480119A4201DA97
:10804000002070BD40F233439A42A2F2334203DC77
:108050005242FFF779FF00E090402C43F1D04042BC
:1080600070BD70B58C1810F8015B15F0070301D1D5
:1080700010F8013B2A1106D110F8012B03E010F88B
:10808000016B01F8016B5B1EF9D12B0705D40023AE
:10809000521E0DD401F8013BFAE710F8013BCB1A50
:1080A000921C03E013F8015B01F8015B521EF9D545
:1080B000A142D8D3002070BD0FB4084B10B504A95D
:1080C00002AA039800F01AFC044602A9002000F05E
:1080D000ACFF204610BC5DF814FB00002B9000089C
:1080E000490050EAC12018BF04204A0D18BF40F0D3
:1080F000010040F2FF72B2EB515F08BF40F0020096
:10810000012808BF052070472DE9F74F144694B0A9
:108110000021C4E902111599079121F00045C949D0
:108120008D4206DC1599C4E9000117B00020BDE8B6
:10813000F08FC549DFF814A3A9423CDD0799C44E6E
:108140000029C44FC44A1599534619DDFFF717FC9F
:10815000554506D0C14AC24BFFF711FCC4E90001E6
:108160000AE04FF0D352BE4BFFF709FC32463B46C4
:10817000FFF705FCC4E9000117B00120BDE8F08F4E
:10818000FFF75CFB554506D0B44AB54BFFF756FBED
:10819000C4E900010AE04FF0D352B14BFFF74EFBA8
:1081A00032463B46FFF74AFBC4E9000117B04FF0E7
:1081B000FF30BDE8F08FAB49A942159978DB21F07B
:1081C000004183468846A84AA84BFFF7DEFB002201
:1081D000A74BFFF733FBFFF725FF0990FFF7C4FC20
:1081E00006460F469C4A5346FFF7CFFB43465A4686
:1081F000FFF7C8FB80468A46984A994B3046394675
:10820000FFF7C3FB2A0D01250B9242465346FFF7A9
:10821000B9FB032DC4E9000139D00B98C1F30A5111
:10822000401A05EB45111139814230DA9148C346B5
:10823000784400EB0510CDF80CA00C90D0E9002399
:1082400030463946FFF7A1FB02460B4604910690E3
:1082500058460399FFF793FB80468A4602460B4631
:1082600058460399FFF78BFB049B069AFFF787FBA1
:1082700083460C9803913946D0E902233046FFF734
:1082800084FB5A46039BFFF77AFB6D1CBDE70798FA
:108290000028A2BF099817B0BDE8F08F616881F08F
:1082A00000416160099817B04042BDE8F08FFFE7D8
:1082B00084461598C1F31301C0F30A50A0F2F530BB
:1082C0004FEA601800F01F06C6F12000139000204E
:1082D0000690079041F4801E05206D4676B1664AEF
:1082E00008EB00017A4452F8213002EB8101B340DF
:1082F0004A68139922FA01F1194305E05F4908EB36
:108300000002794451F82210A1FB0E27A1FB0C13A7
:108310001A449A4234BF0123002303EB070A05EBFA
:108320008003D3E901B70F448F4234BF01210021FC
:1083300093448B4411B1934502D903E0934501D294
:10834000012100E00021C3E901B7514445F82010A4
:10835000011EA0F10100C1DC0298059F00F1005050
:10836000800F12900298DDE903568000FFF7FCFBB6
:10837000834628460D91FFF748FE6FF01D02FFF778
:1083800089FDCDE90E013046FFF73FFE6FF03D025B
:10839000FFF780FD80468A463846FFF736FE6FF0CD
:1083A0005D02FFF777FD0746424653461191FFF7FE
:1083B00045FADDE90E23FFF741FA5A460D9BFFF718
:1083C0003DFA00250E465A4628460D9BFFF7D7FA80
:1083D000DDE90E23FFF7D3FA42465346FFF7CFFA03
:1083E0003A46119BFFF7CEFADFF898A0244A53468D
:1083F000FFF7CBFA07468846234A244B31462846E6
:10840000FFF7C3FA3A464346FFF718FA074688468D
:108410004FF0A842534631462846FFF7B6FA3A468F
:108420004346FFF70BFA159A12F0004F04D0129A48
:1084300081F0004152421292C4E90001129817B033
:10844000BDE8F08FFB21E93F7CD90240FB21F93FD9
:108450007370032E8A19A33B000040543163621AE3
:1084600061B4D03DFB21394183C8C96D305FE43F21
:108470000000E03F24230000A02200008222000030
:10848000182D4454FB21F93D3326A611460B113C0F
:108490002DE9FF4D21F0004807460C46B8F1795F01
:1084A00008DAFFF7BFFD002801BF0020324904B001
:1084B000BDE8F08D3A46234610461946FFF765FAA7
:1084C000054602462D480E460B460621784400F02C
:1084D0005DF82A463346FFF758FADDE90223824663
:1084E0008B4638462146FFF750FA04460F4652465F
:1084F0005B4628463146FFF748FA22463B46FFF7DF
:108500003EFA07468A464FF0FF3228463146FFF7CB
:10851000C1FC1B4A90450ADA3A465346FFF72FFA48
:1085200004B00022BDE8F04D134BFFF72BBA154AFB
:108530004245A8BFA8F500154FF00004B8BF124D82
:1085400022462B46FFF71BFA0646884622462B4654
:1085500000200949FFF713FA04460D463A465346F0
:1085600030464146FFF70BFA04B022462B46BDE8E1
:10857000F04DFFF707BA00000000F03F5020000068
:108580003333D33F0000E93F0000D23F2DE9F041F3
:108590004F1E00EBC7010446D1E9000115461E46F7
:1085A00037F006020DD02A463346FFF7EEF97F1E5C
:1085B00004EBC703D3E90023FFF740F937F00602C5
:1085C000F1D1022F25D0042F13D0062F18BFBDE8FC
:1085D000F0812A463346FFF7D8F9D4E90A23FFF79A
:1085E0002DF92A463346FFF7D0F9D4E90823FFF7DF
:1085F00025F92A463346FFF7C8F9D4E90623FFF7E1
:108600001DF92A463346FFF7C0F9D4E90423FFF7E2
:1086100015F92A463346FFF7B8F9D4E90223FFF7E4
:108620000DF92A463346FFF7B0F9D4E90023BDE837
:10863000F041FFF703B900002DE9FF4D054621F099
:10864000004084B00C46B0F1795F0BDA2846FFF7A2
:1086500047FD042808BF00F071F8284608B02146FD
:10866000BDE8F08D2A460B461046FFF78EF9064608
:108670000F462A462346FFF788F9804626488A4651
:1086800032463B4605217844FFF780FF8346109829
:10869000029160B3214A224B40465146FFF775F9DB
:1086A000CDE900015A4640465146029BFFF76DF95D
:1086B00082468846DDE906014FF0FF32FFF7EAFB0C
:1086C00052464346FFF75BF932463B46FFF75DF9FA
:1086D000DDE90623FFF753F9DDE90023FFF74FF942
:1086E00008B02A462346BDE8F04DFFF74BB90B46CC
:1086F0005A4630463946FFF748F9084A084BFFF713
:108700009DF842465346FFF740F908B02A462346F3
:10871000BDE8F04DFFF792B8961F0000495555553A
:108720005555C5BF0122FFF7B5BBFFF787B800223B
:10873000134610461146FFF79AB90000024A00207E
:108740001107FFF7A7BB000001FDFFFF02E008C80B
:10875000121F08C1002AFAD170477047002001E0BB
:1087600001C1121F002AFBD17047000001490860B7
:1087700070470000E80100202DE9FF5F82B0002172
:10878000DDE90430020DDDF840B0034318D044F6B3
:108790001050A2F2FF3242431514119801281FD045
:1087A000A5EB0B00401C5FEA000A4FF000064E4F9D
:1087B000DFF83891B046504615D5CAF1000413E0F1
:1087C000119801244AA3012801D16FEA0B010298F4
:1087D000119AC0E90031C0E9024206B0BDE8F09F3D
:1087E000CBF10000DFE704460021404A491842EB84
:1087F0000450CDE9001012E0E00707D032463B46B6
:1088000040464946FFF7C1F88046894632463B4616
:1088100010461946FFF7B9F806460F466410002CBB
:10882000EAD1DDE90401DDE90023BAF1000F06DA3F
:10883000FFF7ABF842464B46FFF7A7F805E0FFF716
:1088400016F942464B46FFF712F904460E4600223F
:10885000284BFFF74FFB03D84FF0FF30014607E0EE
:108860000022254B20463146FEF7E8FFFFF729FBA3
:10887000102409E0002C0ADB0A220023FFF724FA67
:10888000039B30321A55641E50EA0102F2D1641C77
:10889000039AC4F111031444119A012A03D001224E
:1088A00008430DD10AE0084304D000204FF0110B1B
:1088B000119072E7A3EB0B056D1E0DE05B4504DD27
:1088C0004FF0000205F1010504E003DA4FF0000269
:1088D000A5F10105002AECD002981199C0E90231F6
:1088E000C0E9004579E70000000014400000F03FB7
:1088F000300000000000F0430000E03F2DE9FF4F92
:1089000095B09B468946064600250FE2252877D17B
:1089100000242746F84A0121059400E0044316F894
:10892000013F203B01FA03F01042F7D130782A28AA
:1089300011D06FF02F033078A0F13002092A16D839
:10894000059A44F0020402EB820203EB4202104457
:10895000761C0590EFE759F8042B0592002A03DAFC
:10896000504244F40054059044F00204761C3078E0
:108970002E2816D116F8010F44F004042A280DD031
:108980006FF02F023078A0F13003092B09D807EBE4
:10899000870302EB4303C718761CF3E759F8047BFF
:1089A000761C30786C280FD006DC4C2817D068284D
:1089B0000DD06A2814D104E0742810D07A280FD181
:1089C0000DE044F400140AE044F4801401E044F49F
:1089D00040147278824202D104F58014761C761C11
:1089E000307866280BD013DC582877D009DC0028B3
:1089F00075D04528F6D04628F4D047281AD19DE1F5
:108A000018E0632835D0642879D0652812D195E123
:108A1000702873D008DC6728F1D069286FD06E28E1
:108A20000DD06F2806D1B5E073282CD0752875D0ED
:108A3000782874D05A46179990476D1C75E1C4F395
:108A40000250022809D003280DD0D9F800100428BC
:108A50000DD00D6009F1040967E1D9F80010EA179B
:108A6000C1E90052F6E7D9F800100D80F2E70D7069
:108A7000F0E719F8041B8DF8001000208DF80100B4
:108A8000EA46012003E059F804AB4FF0FF306107DC
:108A90004FF0000102D40DE008F101018846B9420F
:108AA0000FDA8045F8DB1AF808100029F4D108E045
:108AB00008F1010188468142FADB1AF80810002902
:108AC000F6D105985B46A0EB080721463846179A71
:108AD00000F094FA284400EB080507E04DE029E196
:108AE0000DE01AF8010B5A4617999047B8F10108A2
:108AF000F7D25B4621463846179A13E142E00A2234
:108B00000092C4F302524FF0000A022A08D059F82A
:108B100004CB032A4FEAEC710AD00DE029E02AE0E9
:108B200009F1070121F00702F2E802C1914609E0CC
:108B30000FFA8CFC4FEAEC71042A03D14FFA8CFC3B
:108B40004FEAEC71002907DA0A460021DCF1000C3B
:108B500061EB02012D2202E0220504D52B228DF8C3
:108B60000420012203E0E20701D02022F7E790462B
:108B700059E00A2102E010220DE010214FF0000A16
:108B800000910BE010224FF0000A44F00404082783
:108B9000009203E008224FF0000A0092C4F3025250
:108BA000022A05D059F804CB0021032A08D009E095
:108BB00009F1070121F00702F2E802C1914605E040
:108BC0001FFA8CFC042A01D10CF0FF0C4FF00008B6
:108BD000220728D5702806D0009B83F0100353EAA3
:108BE0000A0305D00EE040228DF80420012208E09F
:108BF0005CEA010206D030228DF804208DF80500D1
:108C000002229046009B83F0080353EA0A030AD12C
:108C10005CEA010201D1620705D530228DF80420FB
:108C20004FF001087F1E582804D034A003900EA8EE
:108C300002900DE036A0F9E753466046009AFFF730
:108C400043F884460398825C0298401E02900270AA
:108C50005CEA0100F0D1029806A9081A00F1200A86
:108C6000600702D524F4803400E00127574502DD77
:108C7000A7EB0A0000E0002000EB0A010090059835
:108C80004144401A0590E00306D45B462146179AFA
:108C9000059800F0B3F90544002706E001A85A46FC
:108CA000C05D179990476D1C7F1C4745F6DBE003BC
:108CB0000CD55B462146179A059800F09FF90544AC
:108CC00004E030205A46179990476D1C0099481EC1
:108CD00000900029F5DC08E0029802995A460078D5
:108CE000491C0291179990476D1CBAF10001AAF135
:108CF000010AF1DC65E1000009280100303132335E
:108D000034353637383961626364656600000000C7
:108D100030313233343536373839414243444546B1
:108D20000000000000F058F90544761C3078002857
:108D30007FF4ECAD19B02846BDE8F08F620700D48F
:108D4000062709F1070222F0070CFCE80223E1469E
:108D500003F000485FEA080C02D00FF2702C0DE01F
:108D60005FEA045C02D50FF2682C07E05FEAC47C7E
:108D700002D00FF2602C01E0AFF2700C4FF0FF3820
:108D800023F00043CDF850C065280CD006DC452800
:108D900009D046281DD047283DD13DE0662818D08F
:108DA00067287ED138E00021112F01DB112000E07F
:108DB000781CCDE9000106A90EA8FFF7DDFCDDE96E
:108DC0000F010E9A03910021009207F1010A04910C
:108DD0004DE04FF000400097CDE9011006A90EA824
:108DE000FFF7CAFCDDE90F0203920E9B11990022E6
:108DF000DDF80CA00093049211B9791C00EB010A74
:108E0000B7EB0A0004D4C0F1FF3007F1010A049067
:108E1000AAEB0700019044E0012F00DA01270021AE
:108E2000112F01DD112000E03846CDE9000106A92F
:108E30000EA8FFF7A1FCDDE90F010E9A03910021B6
:108E400004910092BA4621070CD40399514500DAE7
:108E50008A46BAF1010F05DD009AAAF10101515CC1
:108E6000302908D0B84202DA10F1040F06DA0121E5
:108E7000CDE9011015E0AAF10101E9E7002805DCC0
:108E8000049901440491AAEB000102E0411C514500
:108E900000DD8A460499401A401C01904FF00040C2
:108EA0000290200704D40198504501DBCDF80480DE
:108EB00000208DF84F0002980DF14F07B0F1004FE0
:108EC00025D02B200E9002984FF0020800280CDAD3
:108ED000404202902D200E9007E00A210298FEF7F2
:108EE000DDFE3031029007F8011DB8F10001A8F154
:108EF0000108F2DC02980028EFD1791E0E98087064
:108F0000307800F0200040F0450007F8020D12A86C
:108F1000C01B00F107081498007800B1012000EB95
:108F20000A01019801EBE07105984144401A401E86
:108F30000590E00306D45B462146179A059800F099
:108F40005DF805441498007818B15A46179990476F
:108F50006D1CE00324D55B462146179A059800F066
:108F60004DF805441CE00498002807DBDDE9030107
:108F7000884203DD0098405C179901E01799302082
:108F80005A469047049805F10105401C0490019849
:108F9000401E019004D12E205A46179990476D1C0F
:108FA000BAF10001AAF1010ADDDC05E017F8010BB6
:108FB0005A46179990476D1CB8F10001A8F10108B5
:108FC000F4DC5B462146179A0598ABE62D000000BD
:108FD0002B000000200000002DE9F0410446002590
:108FE0001E461746880404D405E039462020B047C1
:108FF0006D1C641EF9D52846BDE8F0812DE9F041CD
:10900000044600251E469046C80301D5302700E0DF
:109010002027880404D505E041463846B0476D1C3A
:10902000641EF9D52846BDE8F0810A68531C0B6020
:10903000107070472DE9F04D8D4F21F0004A86B039
:1090400005460C46BA452ADBAAEB070028430AD09E
:109050008848824501DC1AD1CDB106B02846BDE86A
:10906000F04DFFF75FBB844A844B2846FEF78DFC2A
:1090700007460E46824A834B28462146FEF785FC6A
:1090800006B03A463346BDE8F04DFEF7D7BB0120A7
:10909000FFF76CFB06B0BDE8F04DFFF748BB7A4820
:1090A000824542DABAF1795F0BDA2846FFF718F801
:1090B000042808BFFFF742FB284606B02146BDE85A
:1090C000F08D2A460B461046FEF75FFC83460246AB
:1090D0006E480E460B4606217844FFF757FA5A466B
:1090E0003346FEF752FC804669488A465A46334664
:1090F00004217844FFF74AFA5A463346FEF745FC06
:1091000000223B46FEF79AFB02460B46404651467C
:10911000FEF7ADFC2A462346FEF737FC06B02A468A
:109120002346BDE8F04DFEF789BB284624F00041F8
:1091300000223D463B46FEF725FC4FF0FF32FEF78E
:10914000A9FE0646024653480F460B4606217844C0
:10915000FFF71CFA32463B46FEF717FCCDE900014B
:109160004D4832463B4604217844FFF70FFA324619
:109170003B46FEF70AFC00222B46FEF75FFB8346C8
:1091800002913046394600F0FBFA804643480D46CE
:10919000504517DCDDE900015A46029BFEF767FCEB
:1091A00042462B46FEF7F1FB42462B46FEF746FBB6
:1091B0000122FEF76FFE304A304BFEF7E0FB304AEB
:1091C000304B4CE04FF0000A52460B464046FEF74B
:1091D00035FBCDE9031052462B4610461946FEF7E3
:1091E000D4FB32463B46FEF7CDFBDDE90332FEF70A
:1091F0003EFC06460F46DDE900015A46029BFEF79B
:1092000036FC83460091012230463946FEF742FE85
:10921000194A1A4BFEF7B6FB06460F460122404696
:109220002946FEF737FE5A46009BFEF7AEFB324654
:109230003B46FEF7A4FB06460F4601225046294650
:10924000FEF728FE0E4DDFF858802A464346FEF70B
:1092500099FB32463B46FEF795FB2A464346FEF70E
:1092600091FB002CD8BF81F0004106B0BDE8F08D25
:109270000000F03F0000F07F075C143326A6913C0D
:10928000182D4454FB21F93F0000E03F5C1300001F
:1092900072130000E6120000FC1200003333EF3FAF
:1092A000FB21E93F2DE9F84F04460D4621F000402F
:1092B00000917349814211DC7249884201DC06D178
:1092C0002CB120462946BDE8F84FFFF72BBA6E486F
:1092D000002DCCBF6D496E49BDE8F88F6D498142C4
:1092E00011DD6D498142D8BF4FF0FF366DDD20465C
:1092F0002946FEF7F5FE042808BFFFF71FFA2046AF
:109300002946BDE8F88F6549654F25F00045814243
:1093100033DD6449814219DD002632464FF0804337
:1093200020462946FEF78AFA80468A4601222046D0
:109330002946FEF7AFFD00223B46FEF720FB4246E2
:109340005346FEF794FB04460D463EE001260022FC
:10935000BA463B4620462946FEF770FA80460F463D
:109360000022534620462946FEF709FB42463B466B
:10937000FEF77DFB04460D4627E04B4981421BDD8D
:10938000DFF828A102260022534620462946FEF790
:10939000FCFA00223B46FEF751FA80460F460022B7
:1093A000534620462946FEF7EAFA42463B46FEF778
:1093B0005EFB04460D4608E0032622462B460020AD
:1093C0003B49FEF754FB04460D4622462B46104609
:1093D0001946FEF7DAFA8B46824602460B46FEF73E
:1093E000D4FA07460246334888460B46062178449D
:1093F000FFF7CCF852465B46FEF7C7FA82462E4886
:109400008B463A46434605217844FFF7BFF83A4673
:109410004346FEF7BAFA02460B46002E504659461E
:109420000CDAFEF70BFA22462B46FEF7AEFA01B035
:1094300022462B46BDE8F04FFEF7A4BAFEF7FEF930
:1094400022462B46FEF7A1FA1C4A7A4402EBC603D9
:10945000D3E90023FEF793FA22462B46FEF78FFA54
:10946000174A7A4402EBC603D3E90023FEF78AFACF
:10947000009A002AB8BF81F00041BDE8F88F0000D3
:10948000000010440000F07F182D4454FB21F93FE8
:10949000FB21F9BF0000DC3F0000203E0000F33F4D
:1094A0000000F03F0000E63F008003400000F83F6E
:1094B0000000F0BFFE100000BC1000005A100000B9
:1094C000221000002DE9F04D9446CCF1000423F069
:1094D00000464CEA0404524F46EAD4749A46884641
:1094E00021F00042BC4206D8454240EA050442EA67
:1094F000D474BC4204D9BDE8F04D6246FFF715B9FB
:10950000AAF14055A5F17F6555EA0C040BD0022461
:1095100004EAAA74434DDFF810E144EAD87452EA31
:10952000000B04D00CE0BDE8F04DFFF7BBBE002CF3
:1095300014BF012CBDE8F08D022C30D0032C32D0AA
:1095400056EA0C0B0AD0BE4220D1BA4209D126F00D
:10955000804622F080423346114617E000291ADB8C
:1095600025E0DFF8C8B0FB44002C04BFDBE90001B4
:10957000BDE8F08D012C02BFDBE9000181F0004164
:10958000BDE8F08D022C0AD0032C0CD0BA4212D1C7
:10959000B8F1000F0BDA23482549BDE8F08D2846C5
:1095A0002449BDE8F08D28467146BDE8F08D1D4880
:1095B0002149BDE8F08D921B12153C2AC4BF194801
:1095C0001D490EDCBAF1000FBEBF12F13C0F0020A6
:1095D000014606DB6246FEF74AFA21F00041FFF73A
:1095E00061FE002C08BFBDE8F08D012C04BF81F0A6
:1095F0000041BDE8F08D114A114B022C07D0FEF757
:10960000BEF92A46BDE8F04D0A4BFEF7B8B9FEF7A1
:10961000B6F92A46BDE8F04D064BFEF7B3B9000097
:109620000000F07F182D4454FB2109C0E60F000014
:10963000FB21F9BFFB210940FB21F93F075C1433F3
:1096400026A6A13C00B5244B21F0004287B09A42E7
:10965000DCBF0022134629DD204B9A4208D140B9D5
:109660004FF00100FFF782F8FFF761F807B000BD87
:1096700003DBFFF757F807B000BD02AAFEF744FD71
:1096800010F0030104BF0DF1080C9CE80F000DD091
:10969000012001290ED0022914D00DF1080C0090F0
:1096A0009CE80F00FEF7C8FF07B000BDFEF7F0FE14
:1096B00007B000BD0DF1080C00909CE80F00FEF70C
:1096C000BBFF05E00DF1080C9CE80F00FEF7E0FE83
:1096D00007B081F0004100BDFB21E93F0000F07FB1
:1096E00000B5254B21F0004287B09A4203DC0022EE
:1096F000134600922BE0214B9A4208D140B94FF01B
:109700000100FFF733F8FFF712F807B000BD03DBE5
:10971000FFF708F807B000BD02AAFEF7F5FC10F04D
:1097200003014FF001000DD0012914D002291AD0F5
:109730000DF1080C9CE80F00FEF7AAFE07B081F0BF
:10974000004100BD0DF1080C00909CE80F00FEF7F1
:1097500073FF07B000BD0DF1080C9CE80F00FEF789
:1097600097FE07B000BD0DF1080C00909CE80F00BB
:10977000FEF762FFE2E70000FB21E93F0000F07F17
:109780002DE9F04106460F46FEF7EEFB041E0D469E
:1097900018BF0120284320F00040C0F17F6000F195
:1097A000E040C00F0ED0301C18BF0120384320F01D
:1097B0000040C0F17F6000F1E040C00F04BF012015
:1097C000FEF7D4FF20462946BDE8F08100000000E6
:1097D0000000000000406540333333333333D33F60
:1097E0000000000000001240B81E85EB51B8BE3FDB
:1097F0006800000476005401F7FD000175191A0C89
:109800006A231B1C1F207274433B4138393A6B6C2E
:10981000376F06246D6E70008300000000080000A2
:109820000001001832000500000020410000D24273
:10983000295C0F3E9A99993E3333733F295C0F3E62
:10984000000070000000002400000002000300007F
:1098500000650054FFEF0000FA80000B1282000147
:10986000030C30C30E8C8CE914D5400213710F8E9B
:109870003883F8833000F883258EF8833000F8832E
:10988000FFFFFFFF0FFEA9D6240004001A8279A172
:109890000000003CFFFF00000010000038836FA2B2
:1098A000003E03304000000002CAE3093E80000091
:1098B00020000000000000004000000060000000E8
:1098C000000C0000000C186E000006920A16C0DFA3
:1098D000FFFF0256FD8CD377FFE1C496E0C5BEAA18
:1098E00000000000FFFF0B2B00001657000003597B
:1098F0004000000000001DFA00026C1D0000000086
:109900003FFFDFEB003EB3B6000D227800002F3C96
:1099100000000000001942B5000039A20000B36544
:10992000D90E9FC91DCF4C343000000050000000FC
:109930003BB67AE80064000000C8000000000000A8
:10994000100000001000FA921000225E000D229F0D
:109950000001000000320000FF46000063D4000058
:109960001000000004D6000004CC000004CC00006D
:109970000000107200000040000000000000000025
:10998000000600020005000700000000006400005F
:109990000000000000000005000500640020000039
:1099A0000000000000000000000040000000030074
:1099B00000000032F8980000FF650000830F0000EF
:1099C000FF9BFC0000000000000000000000000001
:1099D0000000000000000000000000000000000087
:1099E0000000000000000000000000000000100067
:1099F00040000000000000060000B26A0002000003
:109A00000001FB830068000000D9FC007CF1FF83AB
:109A10000000000000650000006403E80064002806
:109A2000000000250000000016A00000000010004B
:109A300000001000002F0000000001F400001000E2
:109A400000280000FFFF4581FFFFFA7200000000C0
:109A500000000000004400050005BAC6004778A2D7
:109A600000000001000000000000060000000014DB
:109A70000000254D002F706D000005AE000C02D0D7
:109A800000000000000000000000000000000000D6
:109A9000001B0000000000000000000000000000AB
:109AA000006400000008000000000000000000004A
:109AB00000000000000000000000000000000000A6
:109AC0000000000000000000000000000000000096
:109AD0000000000000000000000000000000000086
:109AE0000000000000000000000000000000000076
:109AF0000000000000000000000000000000000066
:109B0000001B00000000000000000000000E000E1E
:109B100000000AC70004000000000032FFFFFF9CA5
:109B200000000B2B00000002000000010000006498
:109B3000FFE5000000000000000000000000000041
:109B40000000000100000000000100000000000013
:109B5000000180000001800000018000002426D365
:109B60000000000000000000000600100096003C0D
:109B700000000000000000000000000000000000E5
:109B80000C0A4E68CDCF770950166759C619CE8298
:109B900000000000000000000000000000000000C5
:109BA000000000000000000017D784000300000040
:109BB0000000000000000000C7938F9D1E1B1C19B1
:109BC0000000000000000000000000000000000095
:109BD00000000000000000000203188500004000A3
:109BE000000000030000000300000000000000006F
:109BF0004000000000000000000000000000000025
:109C00000000000000000000000000000000000054
:109C10000000000000000000000000000000000044
:109C200000000000677DDF7E72902E554CF6E688BE
:109C30000000000000000000000000000000000024
:109C4000D8DCB4B8B0D8B9ABF3F8FAB3B7BB8E9ED2
:109C5000AEF132F51BF1B4B8B08097F1A9DFDFDFC8
:109C6000AADFDFDFF2AAC5CDC7A90CC92C97F1A9DD
:109C700089264666B28999A92D557DB0B08AA896E5
:109C8000365676F1BAA3B4B280C0B8A89711B283A1
:109C900098BAA3F0240844106418B2B9B49883F1B8
:109CA000A329557DBAB5B1A38393F0002850F5B22E
:109CB000B6AA839328547CF1B9A3829361BAA2DA3D
:109CC000DEDFDB819AB9AEF5606870F1DABAA2DF47
:109CD000D9BAA2FAB9A38292DB31BAA2D9BAA2F850
:109CE000DF85A4D0C1BBAD83C2C5C7B8A2DFDFDFAB
:109CF000BAA0DFDFDFD8D8F1B8AAB38DB4980D359C
:109D00005DB2B6BAAF8C96198F9FA70E161EB49A85
:109D1000B8AA872C547CBAA4B08AB691325676B2CF
:109D20008494A4C808CDD8B8B4B0F19982A82D55B0
:109D30007D98A80E161EA22C547C92A4F02C50786C
:109D4000F184A898C4CDFCD80DDBA8FC2DF3D9BABA
:109D5000A6F8DABAA6DED8BAB2B68696A6D0F3C806
:109D600041DAA6C8F8D8B0B4B882A892F52C5488C5
:109D700098F135D9F418D8F1A2D0F8F9A884D9C748
:109D8000DFF8F883C5DADF69DF83C1D8F40114F1A5
:109D9000A8824EA884F311D182F5D992289788F130
:109DA00009F41C1CD884A8F3C0F9D1D99782F129F1
:109DB000F40DD8F3F9F9D1D982F4C203D8DEDF1A51
:109DC000D8F1A2FAF9A88498D9C7DFF8F8F883C7C0
:109DD000DADF69DFF883C3D8F40114F198A8822E82
:109DE000A884F311D182F5D992509788F109F41C17
:109DF000D884A8F3C0F8F9D1D99782F149F40DD8E5
:109E0000F3F9F9D1D982F4C403D8DEDFD8F1AD88F3
:109E100098CCA809F9D98292A8F57CF1883ACF9418
:109E20004A6E98DB6931DAADF2DEF9D88795A8F28F
:109E300021D1DAA5F9F417D9F1AE8ED0C0C3AE8224
:109E4000C684C3A88595C8A588F2C0F1F4010EF1B7
:109E50008E9EA8C63E56F554F18872F40115F1980D
:109E600045856EF58E9E0488F142985A8E9E06882E
:109E700069F4011CF1981E1108D0F504F11E970237
:109E800002983625DBF9D985A5F3C1DA85A5F3DF7C
:109E9000D88595A8F309DAA5FAD88292A8F578F1C1
:109EA000881A849F26889821DAF41DF3D8879F3971
:109EB000D1AFD9DFDFFBF9F40CF3D8FAD0F8DAF937
:109EC000F9D0DFD9F9D8F40BD8F3879F39D1AFD9BE
:109ED000DFDFF41DF3D8FAFCA869F9F9AFD0DADEB8
:109EE000FAD9F88F9FA8F1CCF398DB45D9AFDFD032
:109EF000F8D8F18F9FA8CAF38809DAAF8FCBF8D8CA
:109F0000F2AD978D0CD9A5DFF9BAA6F3FAF412F2E7
:109F1000D8950DD1D9BAA6F3FADAA5F2C1BAA6F34B
:109F2000DFD8F1BAB2B68696A6D0CAF349DAA6CB84
:109F3000F8D8B0B4B8D8AD84F2C0DFF18FCBC3A8E5
:109F4000B2B68696C8C1CBC3F3B0B48898A821DB5B
:109F5000718D9D71859521D9ADF2FAD88597A82884
:109F6000D9F408D8F28D29DAF405D9F285A4C2F221
:109F7000D8A88D9401D1D9F411F2D88721D8F40A48
:109F8000D8F28498A8C801D1D9F411D8F3A4C8BBD9
:109F9000AFD0F2DEF8F8F8F8F8F8F8F8D8F1B8F63B
:109FA000B5B9B08A95A3DE3CA3D9F8D85CA3D9F89B
:109FB000D87CA3D9F8D8F8F9D1A5D9DFDAFAD8B185
:109FC0008530F7D9DED8F830ADDADED8F2B48C9926
:109FD000A32D557DA083DFDFDFB591A0F629D9FB46
:109FE000D8A0FC29D9FAD8A0D051D9F8D8FC51D999
:109FF000F9D879D9FBD8A0D0FC79D9FAD8A1F9F948
:10A00000F9F9F9A0DADFDFDFD8A1F8F8F8F8F8AC51
:10A01000DEF8ADDE8393AC2C547CF1A8DFDFDFF6F5
:10A020009D2CDAA0DFD9FADB2DF8D8A850DAA0D021
:10A03000DED9D0F8F8F8DB55F8D8A878DAA0D0DF68
:10A04000D9D0FAF8F8F8F8DB7DF8D89CA88CF53070
:10A05000DB38D9D0DEDFA0D0DEDFD8A848DB58D986
:10A06000DFD0DEA0DFD0DED8A868DB70D9DFDFA0CC
:10A07000DFDFD8F1A888902C547C98A8D05C38D128
:10A08000DAF2AE8CDFF9D8B087A8C1C1B188A8C612
:10A09000F9F9DA36D8A8F9DA36D8A8F9DA36D8A82C
:10A0A000F9DA36D8A8F9DA36D8F78D9DADF818DA8E
:10A0B000F2AEDFD8F7ADFA30D9A4DEF9D8F2AEDED1
:10A0C000FAF983A7D9C3C5C7F1889BA77AADF7DE94
:10A0D000DFA4F8849408A797F300AEF29819A48837
:10A0E000C6A39488F632DFF28393DB09D9F2AADFA4
:10A0F000D8D8AEF8F9D1DAF3A4DEA7F1889B7AD8E4
:10A10000F38494AE19F9DAAAF1DFD8A881C0C3C5E7
:10A11000C7A39283F628ADDED9F8D8A350ADD9F8FD
:10A12000D8A378ADD9F8D8F8F9D1A1DADEC3C5C77C
:10A13000D8A18194F818F2B089ACC3C5C7F1D8B8DA
:10A14000B4B09786A8319B069907AB9728889BF0F7
:10A150000C201440B0B4B8F0A88A9A285078B79B65
:10A16000A8295179247059446938644831F1BBAB4E
:10A1700088002C547CF0B38BB8A804285078F1B038
:10A1800088B49726A85998BBABB38B02264666B015
:10A19000B8F08A9CA82951798B2951798A24705961
:10A1A0008B2058718A4469388B3940688A644831F9
:10A1B0008B30496088F1AC002C547CF08CA80428CA
:10A1C0005078F1889726A85998AC8C02264666F0FC
:10A1D000899CA8295179247059446938644831A967
:10A1E0008809205970AB11384069A8193148608C32
:10A1F000A83C415C207C00F187981986A86E767E89
:10A20000A999882D557DD8B1B5B9A3DFDFDFAED0D0
:10A21000DFAAD0DEF2ABF8F9D9B087C4AAF1DFDF4C
:10A22000BBAFDFDFB9D8B1F1A3978E60DFB084F2A6
:10A23000C8F8F9D9DED89385F14AB183A308B5836C
:10A240009A0810B79F10D8F1B0BAAEB08AC2B2B6B1
:10A250008E9EF1FBD9F41DD8F9D90CF1D8F8F8ADE0
:10A2600061D9AEFBD8F40CF1D8F8F8AD19D9AEFB32
:10A27000DFD8F416F1D8F8AD8D61D9F4F4ACF59CC3
:10A280009C8DDF2BBAB6AEFAF8F40BD8F1AED0F84D
:10A29000AD51DAAEFAF8F1D8B9B1B6A3839C08B9DA
:10A2A000B1839AB5AAC0FD3083B79F10B58B93F2E6
:10A2B0000202D1ABDADED8F1B080BAABC0C3B2844F
:10A2C000C1C3D8B1B9F38BA391B609B4D9ABDEB091
:10A2D000879CB9A3DDF1B38B8B8B8B8BB087A3A34A
:10A2E000A3A3B28BB69BF2A3A3A3A3A3A3A3A3A3ED
:10A2F000A3F1B087B59AA3F39BA3A3DCBAACDFB9F3
:10A30000A3A3A3A3A3A3A3A3A3A3A3A3A3A3A3A31D
:10A31000D8D8D8BBB3B7F1AAF9DAFFD9809AAA285E
:10A32000B48098A720B79787A86688F07951F190F4
:10A330002C870CA781976293F07171608594012935
:10A34000517990A5F1284C6C870C95188578A383DA
:10A3500090284C6C886CD8F3A28200F210A8921955
:10A3600080A2F2D926D8F188A84DD948D896A83924
:10A3700080D93CD89580A839A68698D92CDA87A7A9
:10A380002CD8A8899519A980D938D8A88939A98045
:10A39000DA3CD8A82EA83990D90CD8A8953198D9EC
:10A3A0000CD8A809D9FFD801DAFFD89539A9DA263F
:10A3B000FFD890A80D8999A810809821DA2ED88905
:10A3C00099A83180DA2ED8A886963180DA2ED8A8BE
:10A3D000873180DA2ED8A88292F34180F1D92ED825
:10A3E000A882F31980F1D92ED882ACF3C0A28022C2
:10A3F000F1A62EA72EA92298A829DAACDEFFD8A2B2
:10A40000F22AF1A92E8292A8F23180A696F1D90003
:10A41000AC8C9C0C30ACDED0DEFFD88C9CACD01069
:10A42000ACDE8092A2F24C82A8F1CAF235F1968895
:10A43000A6D900D8F1FF0000555555555555C53FD3
:10A440007D6FEB0312D6D4BF5544880E55C1C93F6A
:10A450003B8F68B52882A4BF88B20175E0EF493F01
:10A4600009F7FD0DE13D023F4B2D8A1C273A03C041
:10A47000C88A599CE52A004059018D1B6C06E6BF2D
:10A4800082922EB1C5B8B33F4FBB610567ACDD3FCB
:10A49000182D4454FB21E93F9BF681D20B73EF3F0B
:10A4A000182D4454FB21F93FE2652F227F2B7A3C83
:10A4B000075C143326A6813CBDCBF07A8807703C3C
:10A4C000075C143326A6913CC4EB98999999C9BFAF
:10A4D000711623FEC671BCBF6D9A74AFF2B0B3BFE4
:10A4E0009AFDDE522DDEADBF2F6C6A2C44B4A2BFA4
:10A4F0000D5555555555D53FFF8300922449C23F10
:10A500006E204CC5CD45B73F513DD0A0660DB13F43
:10A51000EB0D76244B7BA93F11DA22E33AAD903F55
:10A520004C5555555555A53F7751C1166CC156BF71
:10A530009015CB19A001FA3EAD529C804F7E92BE81
:10A54000C4B1B4BD9EEE213ED43888BEE9FAA8BDA0
:10A55000000000000000000000004054FB21F93F13
:10A560003163621A61B4D03D0000601A61B4D03D1D
:10A570007370032E8A19A33B0000002E8A19A33B97
:10A58000C14920259A837B390000000000000000AB
:10A590006E83F9A22915444ED15727FCC0DD34F54E
:10A5A000999562DB4190433CAB6351FE61C5BBDED4
:10A5B0003A6E24B7E0D24D42EA2E49061C92D109E8
:10A5C0001CEB1DFE3EA729B1F53582E88444BB2E65
:10A5D00026709CE9417E5FB439D69139F4395383B2
:10A5E0008B5F849C3B28F9BDFF97F81F0F9805DE11
:10A5F0008B112FEF1F6D0A5ACF7E366DB709CB270F
:10A60000663F464F2DEA5F9EC7BA27757BF1E5EBA3
:10A61000F739073DEA92528AB15FFB6B085D8D1FE7
:10A62000A6F810111111813FD561C119A0012ABFEF
:10A630007DFEB157E31DC73EEB9C2B8AE6E55ABE73
:10A640007CD5CF5A3AD9E53D2050726F647563745A
:10A650002049442072656164206173203020696E56
:10A6600064696361746573206465766963652069F4
:10A67000732065697468657220696E636F6D7061BF
:10A680007469626C65206F7220616E204D50553385
:10A690003035302E0A000000B8A600080000002067
:10A6A000EC010000628000082CA70008EC010020EB
:10A6B000840500005C870008412D0102030404109A
:10A6C00009060708090204060884A24A0469183228
:10A6D000FF290452010342803F234843200FC84210
:10A6E0009A99993FDA0FC93F9A99193E031EF04291
:10A6F000032E40411B2A43601958076890408FC2BF
:10A70000F53D0316881323200330096F12833AA600
:10A710009B443B07293F0AD7A33B01EB803F0C1327
:0CA72000FC971B08F00401204B18982443
:04000005080000ED02
:00000001FF
