:020000040800F2
:10000000A0070020BD4E00087D3200087F320008A6
:1000100083320008873200088B320008000000009D
:100020000000000000000000000000008F32000807
:100030009132000800000000933200089532000859
:10004000D74E0008D74E0008D74E0008D74E0008FC
:10005000D74E0008D74E0008D74E0008774D00084D
:10006000D74E0008D74E0008D74E0008D74E0008DC
:10007000D74E0008D74E0008D74E0008D74E0008CC
:10008000D74E0008D74E0008D74E0008D74E0008BC
:10009000D74E0008D74E0008D74E0008D74E0008AC
:1000A000D74E0008D94C0008D74E0008D74E00089C
:1000B000D74E00082929000839290008D74E000822
:1000C000D74E0008D74E0008D74E0008D74E00087C
:1000D000D74E0008D74E0008D74E0008D74E00086C
:1000E000D74E0008D74E0008D74E0008DFF80CD0D6
:1000F00008F050FA0048004781260008A0070020B9
:1001000031490143314A1160704770B50021002325
:100110000F22C47804B32D4C246804F4E064C4F5C1
:10012000E064210AC1F10403CA40447804FA03F1EF
:100130008478144021430901254C0678A1550478A0
:1001400004F01F050124AC4005786D11AD0005F1E8
:10015000E025C5F8004109E0047804F01F050124FA
:10016000AC401C4D0678761145F8264070BD1A4A01
:100170000A400243154B1B1F1A60704739B1134ADE
:10018000121D12680243114B1B1D1A6006E00F4A34
:10019000121D126882430D4B1B1D1A607047042804
:1001A00008D14FF0E021096941F004014FF0E0224D
:1001B000116107E04FF0E021096921F004014FF0DF
:1001C000E0221161704700000000FA050CED00E02C
:1001D00000E400E080E100E080FFFF1F00204449D0
:1001E0000860091D0860091D0860091D0860414874
:1001F0003F4914310860704700213D498279002A47
:100200003AD00A46126803689A430B461A600A1DE0
:10021000126803689A430B1D1A60027911440A6838
:1002200003681A430A60324A0832126803689A4324
:100230002F4B08331A601A1D126803689A432C4B1F
:100240000C331A604279102A0ED11A1F1268036803
:100250001A43274B08331A601A1D126803681A43A1
:10026000234B0C331A600DE02149427911440A688E
:1002700003681A430A6005E0027911440A680368BA
:100280009A430A6070470021016001710C2141719D
:100290000021817170471649103109680143144AE1
:1002A00010321160704701460020114A1432126862
:1002B0000A400AB1012000E0002070470C491431C7
:1002C00008607047014600200022094B1B6803EAC2
:1002D0000102074B14331B680B4013B10AB1012014
:1002E00000E00020704702491431086070470000A8
:1002F00000040140FFFF0F0010B50446CC488442C3
:1003000008D10121042000F02DFB0021042000F081
:1003100029FB46E0C748844208D10121082000F0AB
:1003200021FB0021082000F01DFB3AE0C248844276
:1003300008D10121102000F015FB0021102000F051
:1003400011FB2EE0BD48844208D10121202000F09D
:1003500009FB0021202000F005FB22E0B848844280
:1003600008D10121402000F0FDFA0021402000F0DA
:10037000F9FA16E0B348844208D10121802000F048
:10038000F1FA0021802000F0EDFA0AE0AE48844244
:1003900007D10121801500F0E5FA0021A01500F039
:1003A000E1FA10BD10B50121084600F0DBFA00218A
:1003B000012000F0D7FA10BD2DE9F04102460025DA
:1003C0000026002000230024002791F803C00CF031
:1003D0000F0591F803C00CF0100CBCF1000F03D016
:1003E00091F802C04CEA050591F800C0BCF1000F7D
:1003F00031D0146800202BE04FF0010C0CFA00F310
:10040000B1F800C00CEA03069E4220D183004FF0F1
:100410000F0C0CFA03F7BC4305FA03FC4CEA040486
:1004200091F803C0BCF1280F06D14FF0010C0CFA73
:1004300000FCC2F814C00AE091F803C0BCF1480FF8
:1004400005D14FF0010C0CFA00FCC2F810C0401CA2
:100450000828D1D31460B1F800C0BCF1FF0F34DD1F
:10046000546800202EE000F1080C4FF0010808FA53
:100470000CF3B1F800C00CEA03069E4221D18300C0
:100480004FF00F0C0CFA03F7BC4305FA03FC4CEADF
:10049000040491F803C0BCF1280F05D100F1080C49
:1004A00008FA0CF8C2F8148091F803C0BCF1480FA8
:1004B00007D100F1080C4FF0010808FA0CF8C2F857
:1004C0001080401C0828CED35460BDE8F0814FF660
:1004D000FF710180022181700421C17070470246C2
:1004E000002093680B400BB1012000E00020704712
:1004F0000146886880B2704702460020D3680B40EE
:100500000BB1012000E0002070470146C86880B2AE
:10051000704701617047416170470AB1016100E0B5
:1005200041617047C16070474FF480320A43826175
:100530008161826182698269704702460020434B73
:1005400018684FF68073184040EA021008433F4B8A
:10055000186070473E49C8617047F0B50A460023ED
:1005600000240021002500F00046B6F1004F02D122
:10057000364EF16901E0354E7168C0F3034583B230
:1005800000F44016B6F5401F08D121F070612F4EDF
:10059000766826F070662D4F7E6012E000F48016BB
:1005A000B6F5801F06D1032606FA05F4A14341F0F3
:1005B000706106E0460D360103FA06F6B14341F0DC
:1005C000706122B1460D360103FA06F6314300F0A0
:1005D0000046B6F1004F02D11C4EF16101E01B4E06
:1005E0007160F0BD30B500228B071C0F0F2303FA9A
:1005F00004F2164B08338C1053F824309343134CF9
:1006000008348D1044F8253023468C1053F82430DC
:100610008C07240F00FA04F423430C4C08348D108B
:1006200044F8253030BD0A49DC31086070470000CD
:1006300000080140000C014000100140001401407E
:1006400000180140001C0140002001400000014052
:1006500000002042DF48006840F00100DD490860EA
:1006600008464068DC490840DA49486008460068A6
:10067000DA490840D74908600846006820F480201D
:1006800008600846406820F4FE0048604FF41F00F0
:1006900088607047CF49096821F48031CD4A1160E4
:1006A0001146096821F480211160B0F5803F03D024
:1006B000B0F5802F0ED106E0C649096841F48031BB
:1006C000C44A116007E0C349096841F4A021C14A46
:1006D000116000E000BF00BF704710B50146002266
:1006E000002300204A11012A02D1BA4C236806E0F7
:1006F000022A02D1B74C236A01E0B64C636A01F0CA
:100700001F02012494401C400CB1012000E0002095
:1007100010BD38B5002000900024002500BF312016
:10072000FFF7DBFF05460098401C00900098B0F5ED
:10073000A06F01D0002DF2D03120FFF7CEFF08B11D
:10074000012400E00024204638BD01460020A14AD3
:10075000106820F0F80040EAC10010607047A0491E
:1007600008607047024600209A4B586820F47C10BD
:1007700042EA01031843974B58607047984908664E
:10078000704701460020934A506820F00300084358
:10079000506070478F48406800F00C007047014679
:1007A00000208C4A506820F0F000084350607047E9
:1007B00001460020874A506820F4E06008435060FA
:1007C000704701460020834A506820F4605040EA98
:1007D000C1005060704729B17E4A527A02437D4B76
:1007E0005A7204E07B4A527A82437A4B5A727047BB
:1007F0007B49D8310860704701460020754A50682F
:1008000020F440400843506070470021714A203274
:100810001170704A82F82010012802D004280AD1F1
:1008200004E001216B4A2032117005E00521694A7C
:100830002032117000E000BF00BF704769490860B6
:1008400070476449096A0143624A11627047654909
:1008500044390860704730B500210022002400238D
:100860005C4D6D6805F00C0121B1042905D0082903
:1008700023D105E05C4D056022E05B4D05601FE083
:10088000544D6D6805F47012524D6D6805F4803456
:10089000022505EB92421CB9544D554305600BE00F
:1008A0004C4D6D6805F400351DB1504D5543056044
:1008B00002E04D4D5543056002E04B4D056000BF21
:1008C00000BF444D6D6805F0F0010909484D6B5CAF
:1008D0000568DD4045603F4D6D6805F4E061090A3B
:1008E000434D6B5C4568DD4085603A4D6D6805F4AD
:1008F0006051C90A3E4D6B5C4568DD40C560354DB1
:100900006D6805F44041890B3A4D6B5CC568B5FBD9
:10091000F3F5056130BD29B12E4A526902432D4BD2
:100920005A6104E02B4A526982432A4B5A6170474C
:1009300029B1284A92690243264B9A6104E0254A6C
:1009400092698243234B9A61704729B1214AD26947
:100950000243204BDA6104E01E4AD26982431D4BF8
:10096000DA61704729B11B4AD2680243194BDA6039
:1009700004E0184AD2688243164BDA60704729B106
:10098000144A12690243134B1A6104E0114A1269B6
:100990008243104B1A617047124940390860704712
:1009A0000F49C86470470B49C87170470948406ACD
:1009B00040F0807007494862704701460020054AB0
:1009C00092680A400AB1012000E000207047014906
:1009D00088727047001002400000FFF8FFFFF6FE2B
:1009E000000042428004424200127A0000093D00A9
:1009F000000000201000002010B50446FE4884428C
:100A000008D10121C014FFF7ADFF0021E014FFF76A
:100A1000A9FFC4E0B4F1804F08D101210846FFF7D7
:100A2000AEFF00210120FFF7AAFFB8E0F34884429F
:100A300008D101210220FFF7A2FF00210220FFF7C9
:100A40009EFFACE0EE48844208D101210420FFF76C
:100A500096FF00210420FFF792FFA0E0E9488442BE
:100A600008D101210820FFF78AFF00210820FFF7A5
:100A700086FF94E0E448844208D101211020FFF76A
:100A80007EFF00211020FFF77AFF88E0DF488442D4
:100A900008D101212020FFF772FF00212020FFF75D
:100AA0006EFF7CE0DA48844208D101214014FFF750
:100AB00059FF00216014FFF755FF70E0D5488442CC
:100AC00009D10121C804FFF74DFF00214FF4002098
:100AD000FFF748FF63E0D048844209D101210805AF
:100AE000FFF740FF00214FF48010FFF73BFF56E077
:100AF000CA48844209D101214805FFF733FF00218C
:100B00004FF40010FFF72EFF49E0C548844208D19A
:100B100001214020FFF733FF00214020FFF72FFF86
:100B20003DE0C048844208D101218020FFF727FF23
:100B300000218020FFF723FF31E0BB48844208D129
:100B400001218015FFF71BFF0021A015FFF717FFFC
:100B500025E0B648844209D101210804FFF702FFCD
:100B600000214FF48030FFF7FDFE18E0B0488442CA
:100B700009D101214804FFF7F5FE00214FF40030B0
:100B8000FFF7F0FE0BE0AB48844208D10121880456
:100B9000FFF7E8FE00214FF48020FFF7E3FE10BDD1
:100BA00000220288944B98420ED0994B98420BD069
:100BB000B0F1804F08D0914B984205D0904B9842AD
:100BC00002D0904B984204D14FF68F731A404B8855
:100BD0001A438D4B984207D08C4B984204D04FF665
:100BE000FF431A40CB881A4302808B8883850B8889
:100BF0000385814B98420BD0854B984208D08B4B94
:100C0000984205D08A4B984202D08A4B984201D133
:100C10000B7A038601238382704770B5002400227B
:100C20000023058C4FF6FE7635400584028C8388C0
:100C3000048B4FF68F752C40B51E2C400D882C432D
:100C4000751E2A400D892A434D882A436A4DA842C1
:100C50000BD06F4DA84208D0744DA84205D0744DFA
:100C6000A84202D0734DA84213D14FF6F7752A401F
:100C70004D892A434FF6FB752A408D882A434FF64B
:100C8000FF652B404FF6FF552B408D892B43CD89B7
:100C90002B4383800483CD888586028470BD70B524
:100CA000002400220023058C4FF6EF7635400584A2
:100CB000028C8388048B48F6FF752C404FF6FF4565
:100CC0002C400D884FF6FF7606EA05252C434FF69B
:100CD000DF752A400D8906EA05152A434D8806EA84
:100CE00005152A43444DA84202D0494DA8421DD1C2
:100CF0004FF67F752A404D894FF6FF7606EA0515B7
:100D00002A434FF6BF752A408D8806EA05152A4307
:100D10004FF6FF352B404FF2FF752B408D8906EAC9
:100D200085052B43CD8906EA85052B438380048303
:100D3000CD880587028470BD70B500240022002391
:100D4000058C4FF6FF6635400584028C8388848BC2
:100D50004FF68F752C404FF6FC752C400D882C43B8
:100D60004FF6FF552A400D894FF6FF7606EA052516
:100D70002A434D8806EA05252A431F4DA84202D082
:100D8000234DA8421DD14FF2FF752A404D894FF6E1
:100D9000FF7606EA05252A434FF6FF352A408D885F
:100DA00006EA05252A434EF6FF752B404DF6FF75E2
:100DB0002B408D8906EA05152B43CD8906EA0515DA
:100DC0002B4383808483CD888587028470BD70B572
:100DD000002200230024058C4EF6FF763540058462
:100DE000038C8488828B48F6FF752A404FF6FF45B6
:100DF0002A400D8820E00000002C01400004004043
:100E000000080040000C00400010004000140040AA
:100E100000340140004C01400050014000540140AA
:100E200000180040001C004000200040004001402D
:100E300000440140004801404FF6FF7606EA0525D0
:100E40002A434DF6FF752B400D8906EA05352B43E5
:100E50004D8806EA05352B43FA4DA84202D0FA4DDB
:100E6000A84208D14BF6FF752C408D894FF6FF76CE
:100E700006EA85152C4384808283CD88A0F84050F3
:100E8000038470BD828B4FF2FF331A408283828BC2
:100E90004FF6FF7303EA01231A4382837047F0B5CC
:100EA0000C461546002200210026078C4EF6FF7CDA
:100EB00007EA0C070784828B018C4FF6FF7707EA5D
:100EC000043640F6FF473A404FF6FF7707EA05271A
:100ED0003A434FF6FF7707EA03373A43D94FB84210
:100EE0000ED0D94FB8420BD0B0F1804F08D0D74FB9
:100EF000B84205D0D64FB84202D0D64FB84206D13C
:100F00004DF6FF77394046F48057394305E047F600
:100F1000FF57394044F48057394382830184F0BD40
:100F2000828B4FF6F3731A408283828B0A4382834B
:100F30007047F0B50C461546002200210026078CAC
:100F40004FF6FF6C07EA0C070784828B018C4FF683
:100F5000FF7707EA04264FF60C773A404FF6FF7703
:100F600007EA03172F433A43B64FB8420ED0B64FA5
:100F7000B8420BD0B0F1804F08D0B44FB84205D082
:100F8000B34FB84202D0B34FB84206D14FF6FF5725
:100F9000394046F48077394305E04FF2FF57394036
:100FA00044F48077394382830184F0BD028B4FF291
:100FB000FF331A400283028B4FF6FF7303EA0123CB
:100FC0001A4302837047F0B50C46154600220021F3
:100FD0000026078C4FF6EF7C07EA0C070784028B8C
:100FE000018C4FF6FF7707EA041640F6FF473A40B8
:100FF0004FF6FF7707EA03373A434FF6FF7707EAE2
:1010000005273A438F4FB8420ED08F4FB8420BD0CE
:10101000B0F1804F08D08D4FB84205D08C4FB84208
:1010200002D08C4FB84206D14FF6DF77394046F0F8
:101030001007394305E04FF65F77394044F0100759
:10104000394302830184F0BD028B4FF6F3731A40DB
:101050000283028B0A4302837047F0B50C461546A3
:1010600000220021068C4FF6FE773E400684028B5C
:10107000018C4FF60C7632407E1C06EA03162E4396
:101080003243704EB0420ED06F4EB0420BD0B0F132
:10109000804F08D06D4EB04205D06D4EB04202D0A8
:1010A0006C4EB04206D14FF6FD76314044F0010659
:1010B000314305E04FF6F576314044F00106314307
:1010C00002830184F0BD70B505460C465D4885423B
:1010D0000ED05D4885420BD0B5F1804F08D05B48FB
:1010E000854205D05A48854202D05A48854200D1EF
:1010F00000E000BF208850B92389A2886188284673
:10110000FFF7ABFFE1882846FFF79EFF25E0208828
:1011100004280AD12389A28861882846FFF753FF53
:10112000E1882846FFF742FF17E0208808280AD107
:101130002389A28861882846FFF7FBFEE1882846BC
:10114000FFF7EEFE09E02389A28861882846FFF7B1
:10115000A6FEE1882846FFF795FE70BD2DE9F04117
:1011600005460C4600260127608808B9022600E0E3
:101170000026A088012801D1022700E0012720884D
:10118000A0B92389A28861882846FFF766FFE18815
:101190002846FFF759FF23893A4631462846FFF78C
:1011A00012FFE1882846FFF701FF13E02389A28898
:1011B00061882846FFF707FFE1882846FFF7F6FE1B
:1011C00023893A4631462846FFF747FFE1882846FB
:1011D000FFF73AFFBDE8F0810A884B881A438B88F5
:1011E0001A43CB881A430B891A434B891A438B89BC
:1011F0001A43A0F8442070474FF6FF718180002108
:101200000180C180418001727047002101804180CE
:101210008180C180018141818181C181704700212C
:1012200001804180012181800021C18001817047BE
:101230000021018041808180C180018141818181C3
:1012400070470000002C01400034014000040040C1
:1012500000080040000C004021B1028842F0010269
:10126000028004E002884FF6FE731A400280704745
:1012700031B1B0F8442042F40042A0F8442005E027
:10128000B0F84420C2F30E02A0F8442070471AB10F
:1012900083890B43838102E083898B438381704779
:1012A0008182704741EA0203A0F8483070471AB1C2
:1012B00083890B43838102E083898B438381704759
:1012C00001894FF6F8721140018170470A460021EA
:1012D00001894FF68F73194011430181704730B572
:1012E00004460D4629462046FFF7F0FF208940F0CE
:1012F0000700208130BD2DE9F04104460D46164619
:101300001F46602D06D13B46012231462046FFF79D
:101310005AFE05E03B46012231462046FFF79DFE7E
:1013200029462046FFF7D2FF208940F007002081A0
:10133000BDE8F08130B50C4600210189C9B24FF6F5
:10134000FF7505EA0325154325432943018130BD77
:101350002DE9F04105460E461746984600244346BF
:101360003A4631462846FFF7E5FF2C894FF6F870DC
:10137000044044F007044FF68F70044044F07004BA
:101380002C81BDE8F081F0B504460D4616461F4697
:101390003B46324629462046FFF7CCFF208940F4E1
:1013A00080402081F0BD0185828270470A4600217D
:1013B00001884FF68F731940114301807047F0B5D3
:1013C0000C4615461E460021002200230189028B8F
:1013D000038C4FF6F877394021434FF6FC473A40EB
:1013E00040F201173A434FF6DD773B404FF6FF7767
:1013F00007EA06172F433B43018102830384F0BDB4
:101400000A460021018B4FF68F7319401143018367
:1014100070470A460021018B48F6FF7319404FF6CA
:10142000FF7303EA02231943018370470A46002130
:10143000818B4FF68F7319401143818370470A46A1
:101440000021818B48F6FF7319404FF6FF7303EAC2
:10145000022319438183704721B1028842F0800240
:10146000028004E002884FF67F731A4002807047C2
:1014700021B1828842F00402828004E082884FF623
:10148000FB731A408280704721B1828842F00802C3
:10149000828004E082884FF6F7731A40828070479A
:1014A00021B1828842F00102828004E082884FF6F6
:1014B000FE731A40828070470A460021018B4FF666
:1014C000F77319401143018370470A460021018BCD
:1014D0004FF2FF7319404FF6FF7303EA02231943DB
:1014E000018370470A460021818B4FF6F77319403C
:1014F0001143818370470A460021818B4FF2FF73AD
:1015000019404FF6FF7303EA0223194381837047A2
:101510000A460021018B4FF6FB73194011430183EA
:1015200070470A460021018B4FF6FF3319404FF6F2
:10153000FF7303EA02231943018370470A4600211F
:10154000818B4FF6FB7319401143818370470A4624
:101550000021818B4FF6FF3319404FF6FF7303EAEA
:1015600002231943818370470A460021018B4FF6FD
:101570007F7319401143018370470A460021018B94
:10158000C1F30E014FF6FF7303EA022319430183EF
:1015900070470A460021818B4FF67F731940114333
:1015A000818370470A460021818BC1F30E014FF6FB
:1015B000FF7303EA02231943818370470A4600211F
:1015C000018C4FF6FD7319401143018470470A46A0
:1015D0000021018C4FF6F7731940114301847047C5
:1015E0000A460021018C4FF6DF7319404FF6FF7356
:1015F00003EA02131943018470470A460021018C53
:101600004FF67F7319404FF6FF7303EA0213194335
:10161000018470470A460021018C4FF6FF531940A0
:101620004FF6FF7303EA02231943018470470A4609
:101630000021018C4FF2FF7319404FF6FF7303EA4C
:1016400002231943018470470A460021018C4DF69C
:10165000FF7319404FF6FF7303EA02331943018405
:10166000704730B5002301248C40A3B2048C9C4306
:101670000484048C02FA01F5ADB22C43048430BD1D
:1016800030B5002304248C40A3B2048C9C43048412
:10169000048C02FA01F5ADB22C43048430BD70B560
:1016A0000346002000241846183001258D40ACB2B6
:1016B0001D8CA5431D8409B1082909D100EB6100E7
:1016C000056825F0700505600568154305600EE0A6
:1016D0000D1FC5F34E052844056825F4E045056057
:1016E00005684FF6FF7606EA02263543056070BDB1
:1016F00021B1028842F00202028004E002884FF623
:10170000FD731A400280704721B1028842F0040242
:10171000028004E002884FF6FB731A400280704793
:1017200021B1828842F08002828004E082884FF6F4
:101730007F731A408280704702884FF6F7731A4011
:10174000028002880A430280704782884FF68F73B6
:101750001A40828082880A438280704702894FF64D
:10176000F8731A40028102890A4302817047028994
:101770004FF67F731A40028102890A430281704743
:1017800081847047818570478186704701877047E3
:1017900081877047A0F84010704702884FF6FF43DA
:1017A0001A40028002880A43028070470146888EF0
:1017B00070470146088F70470146888F7047014681
:1017C000B1F8400070470146888C70470146088D8B
:1017D000704702460020138A0B400BB1012000E045
:1017E00000207047CA430282704730B5024600208D
:1017F00000230024158A05EA0103958905EA0104FE
:1018000013B10CB1012000E0002030BDCA430282B8
:101810007047000010B50446FB48844209D10121FD
:101820008803FFF79FF800214FF48040FFF79AF8F4
:1018300032E0F648844209D101214804FFF79FF8BD
:1018400000214FF40030FFF79AF825E0F048844279
:1018500009D101218804FFF792F800214FF480207C
:10186000FFF78DF818E0EB48844209D10121C80444
:10187000FFF785F800214FF40020FFF780F80BE018
:10188000E548844208D101210805FFF778F80021D6
:101890004FF48010FFF773F810BD2DE9F04786B0C4
:1018A00005460E460024A24600BFA1460027B08987
:1018B00000B100BF2F462C8A4CF6FF700440F08820
:1018C00004432C82AC894EF6F3100440B088318971
:1018D0000843718908430443AC81AC8A4FF6FF404A
:1018E0000440B0890443AC8201A8FEF7B4FFC648A7
:1018F000874202D1DDF810A001E0DDF80CA0A88934
:1019000000F4004040B10AEBCA0000EB0A10316855
:101910004900B0FBF1F807E00AEBCA0000EB0A103F
:1019200031688900B0FBF1F86420B8FBF0F00401E5
:101930002009642101FB1089A88900F4004040B10E
:10194000322000EBC900B0FBF1F000F007000443C7
:1019500008E0322000EB09106421B0FBF1F000F048
:101960000F0004432C8106B0BDE8F0874FF41651F8
:10197000016000218180C18001810C214181002111
:101980008181704710B502460020108A4FF2FF0394
:1019900018400B884C8823438C882343CC882343EE
:1019A0001843108210BD0021018041808180C180D8
:1019B000704721B1828942F40052828104E0828919
:1019C0004DF6FF731A4082817047F0B5034600243C
:1019D00000260025002040F66A17B94200D100BF5A
:1019E0001846C1F3421401F01F06012707FA06F555
:1019F000012C01D10C3004E0022C01D1103000E0A8
:101A000014301AB107682F43076002E00768AF433C
:101A10000760F0BD1AB1838A0B43838202E0838A98
:101A20008B4383827047028A4FF6F0731A4002821A
:101A3000028A0A430282704782894FF2FF731A407A
:101A4000828182890A438281704721B1828942F072
:101A50000202828104E082894FF6FD731A4082817E
:101A60007047028A4FF6DF731A400282028A0A43E5
:101A70000282704721B1028A42F48042028204E06D
:101A8000028A4BF6FF731A4002827047C1F30802C4
:101A90008280704701468888C0F3080070478189BA
:101AA00041F0010181817047028BD2B20283028B27
:101AB00042EA012202837047028B02F47F420283D2
:101AC000028B0A430283704721B1828A42F02002CE
:101AD000828204E0828A4FF6DF731A408282704766
:101AE00021B1828A42F01002828204E0828A4FF69B
:101AF000EF731A408282704721B1828A42F0080255
:101B0000828204E0828A4FF6F7731A40828270471D
:101B100021B1828942F40042828103E08289C2F3CA
:101B20000E028281704721B1828A42F40062828271
:101B300004E0828A4FF2FF731A4082827047828AE1
:101B40004FF6FB731A408282828A0A438282704770
:101B500021B1828A42F00202828204E0828A4FF638
:101B6000FD731A408282704702460020B1F5007F63
:101B700000D100BF13880B400BB1012000E0002012
:101B8000704701F40072B2F5007F00D100BFCA4374
:101B90000280704770B50246002400230025002013
:101BA00040F66A16B14200D100BFC1F3421501F000
:101BB0001F03012606FA03F3012D02D19689334053
:101BC00006E0022D02D1168A334001E0968A3340A6
:101BD0000C12012606FA04F41688344013B10CB135
:101BE000012000E0002070BD10B50022002340F667
:101BF0006A14A14200D100BF0A1201249440A3B28A
:101C0000DC43048010BD0000003801400044004067
:101C100000480040004C00400050004010B5044611
:101C2000FA48844208D101214015FEF79BFE0021AD
:101C30006015FEF797FE17E0F548844208D10121B0
:101C40000015FEF78FFE00212015FEF78BFE0BE03E
:101C5000F048844208D10121C803FEF783FE002129
:101C60004FF40040FEF77EFE10BD30B50246002066
:101C700000235068E84C20400D790C6844EA0524A4
:101C8000204350609068E54C2040D1E902542C4339
:101C90004D7944EA450420439060D06A20F47000F6
:101CA0000C7C641EE4B2234340EA0350D06230BD92
:101CB00000210160017141718160C16001210174E5
:101CC000704721B1826842F00102826003E08268BD
:101CD00022F001028260704721B1826842F4807272
:101CE000826003E0826822F480728260704710B5DF
:101CF0000023CBB21AB144681C43446002E044683C
:101D00009C43446010BD816841F0080181607047C8
:101D1000014600208A6802F008020AB1012000E0B2
:101D200000207047816841F00401816070470146DE
:101D300000208A6802F004020AB1012000E00020BD
:101D4000704721B1826842F4A002826003E0826899
:101D500022F4A00282607047014600208A6802F4E3
:101D600080020AB1012000E00020704710B50A4649
:101D700000210023416821F46041531E41EA4331B0
:101D8000416010BD21B1426842F40062426003E04C
:101D9000426822F4006242607047F0B504460D4686
:101DA00000200021092D11DDE068A5F10A0606EBEF
:101DB0004607072606FA07F18843A5F10A0606EB4F
:101DC000460603FA06F10843E0600CE0206905EBE3
:101DD0004507072606FA07F1884305EB450603FA8F
:101DE00006F108432061072A0FDA606B561E06EBE6
:101DF00086071F2606FA07F18843561E06EB86065D
:101E000005FA06F10843606322E00D2A0FDA206B21
:101E1000D61F06EB86071F2606FA07F18843D61F52
:101E200006EB860605FA06F10843206310E0E06A37
:101E3000A2F10D0606EB86071F2606FA07F1884376
:101E4000A2F10D0606EB860605FA06F10843E062EC
:101E5000F0BD21B1826842F48012826003E08268A2
:101E600022F48012826070470146C86C80B27047CD
:101E700066484C300068704721B1426842F4806285
:101E8000426003E0426822F480624260704721B100
:101E9000426842F48052426003E0426822F4805279
:101EA000426070470A460021816821F4E0411143F5
:101EB0008160704721B1826842F40042826003E091
:101EC000826822F400428260704721B1826842F445
:101ED0000212826003E0826822F40212826070477C
:101EE000014600208A6802F400120AB1012000E0D5
:101EF00000207047F0B50446154600200022002659
:101F0000092911DDE068A1F10A0707EB470C072753
:101F100007FA0CF29043A1F10A0707EB470703FA0F
:101F200007F21043E0600CE0206901EB410C072749
:101F300007FA0CF2904301EB410703FA07F2104352
:101F40002061A06BC0F30156EF1C06F1010CA7EB5A
:101F50000C0707EB870C1F2707FA0CF29043EF1CC6
:101F600006F1010CA7EB0C0707EB870701FA07F254
:101F70001043A063F0BD10B50A4600210023816B19
:101F800021F44011531E41EA0351816310BD08B58D
:101F9000002300930090009B0B440093009B1A6069
:101FA00008BD08B5024600200090009201F128000B
:101FB000009B184400900098006880B208BD0A4653
:101FC00000214168164B194011434160704741623E
:101FD000826270470A460021416821F01F011143C7
:101FE0004160704740B109490831096841F4000176
:101FF000064A0832116007E004490831096821F4F3
:102000000001024A083211607047000000240140BC
:1020100000280140003C0140FFFEF0FFFDF7F1FF0A
:10202000FFFD3FFF0246002013680B400BB101206B
:1020300000E000207047CA430260704770B5024656
:102040000020002300240B125568CEB205EA0604D6
:1020500015681D4015B10CB1012000E0002070BDD5
:1020600000220A12D3430360704700000CB5002021
:10207000019000906C48006840F480306A49086024
:1020800000BF6948006800F4003000900198401CCF
:102090000190009818B90198B0F5A06FF1D162488D
:1020A000006800F4003010B10120009001E0002031
:1020B00000900098012843D15C48006840F010006F
:1020C0005A4908600846006820F003000860084686
:1020D000006840F002000860534840685249486078
:1020E0000846406848600846406840F480604860A0
:1020F0000846406820F47C1048600846406840F478
:10210000E81048600846006840F08070086000BF32
:102110004548006800F000700028F9D04248406847
:1021200020F00300404948600846406840F0020043
:10213000486000BF3C48406800F00C000828F9D116
:102140000CBD10B5FFF792FF10BD10B53648006802
:1021500040F00100344908600846406834490840AE
:102160003149486008460068324908402E490860F5
:102170000846006820F4802008600846406820F483
:10218000FE0048604FF41F008860FFF7DAFF4FF051
:1021900000602949086010BD10B500210020002210
:1021A000214B5B6803F00C0121B1042906D00829FA
:1021B00028D107E0214B224C236027E01F4B204C05
:1021C000236023E0184B5B6803F47010164B5B68C8
:1021D00003F48032022303EB904022B9194B4343AE
:1021E000174C23600DE0104B5B6803F4003323B100
:1021F000144B4343124C236003E0104B4343104CF9
:10220000236003E00D4B0E4C236000BF00BF064B64
:102210005B68C3F303130C4CE15C094B1B68CB40B8
:10222000074C236010BD0000001002400020024057
:102230000000FFF8FFFFF6FE08ED00E000127A0054
:102240001400002000093D0018000020014605E0B0
:10225000002001E0421CD0B20A28FBDB0A1EA1F1DB
:102260000101F5D1704710B5044603E04FF47A70D0
:10227000FFF7ECFF201EA4F10104F7D110BD704759
:1022800008B50720009002E00098401E00900098DA
:102290000028F9D108BD10B54FF40070E649086078
:1022A00040100860FFF7ECFFE3480838006808B901
:1022B000012000E0002000F4007008B1002010BDF3
:1022C0004FF40070DC49091D0860FFF7D9FFDA48B8
:1022D0000838006800F4007008B10020EFE74FF400
:1022E0000070D549091D0860FFF7CAFF0120E6E725
:1022F00010B54FF48070D049091D0860FFF7C0FF8A
:102300004FF40070CC49091D0860FFF7B9FF4FF486
:102310008070C9490860FFF7B3FF4FF40070C649E9
:102320000860FFF7ADFF10BD10B54FF48070C249D3
:10233000091D0860FFF7A4FF4FF40070BE49091D96
:102340000860FFF79DFF4FF48070BB490860FFF7FE
:1023500097FF4FF48070B849091D0860FFF790FFA0
:1023600010BD10B54FF48070B349091D0860FFF728
:1023700087FF4FF40070B0490860FFF781FF4FF40A
:102380008070AD490860FFF77BFF4FF48070AA4969
:10239000091D0860FFF774FF10BD10B54FF4807081
:1023A000A549091D0860FFF76BFF4FF40070A249B3
:1023B0000860FFF765FF4FF480709F490860FFF7E2
:1023C0005FFF9D480838006800F4007030B14FF49A
:1023D00080709949091D0860002010BD4FF480707D
:1023E0009549091D08600120F7E770B504460825E6
:1023F0001DE04FF480709049091D0860FFF740FF11
:1024000004F0800020B14FF400708B49086004E0B4
:102410004FF400708849091D08606006040EFFF73C
:102420002FFF4FF4807084490860FFF729FF281EB2
:10243000A5F10101CDB2DCD14FF480707E49091DB8
:10244000086070BD70B508250024A8017A490860AD
:1024500016E06006040E4FF480707749091D08608D
:10246000FFF70EFF4FF4807073490860FFF708FF15
:1024700071480838006800F4007008B144F00104A5
:10248000281EA5F10101CDB2E3D14FF480706A4955
:10249000091D0860204670BD08B501210820FEF71F
:1024A00047FA4FF44070ADF8000002208DF80200AA
:1024B00014208DF8030069465F481038FDF77CFF53
:1024C00008BD2DE9F04105460E4617469846FFF730
:1024D000E2FE10B90020BDE8F081002141EA45018B
:1024E000C8B2FFF782FFFFF758FF18B9FFF700FFE8
:1024F0000020F0E73046FFF778FFFFF74EFF00249B
:102500000BE018F80400FFF770FFFFF746FF18B95B
:10251000FFF7EEFE0020DEE7641CBC42F1DBFFF7B4
:10252000E7FE0120D7E72DE9F04104460D461646A7
:102530001F463B46324629462046FFF7C2FF10B1F0
:102540000020BDE8F0814FF0FF30FAE72DE9F041BF
:1025500005460F4614461E46FFF79DFE10B90020A3
:10256000BDE8F081002141EA4501C8B2FFF73DFF17
:10257000FFF713FF18B9FFF7BBFE0020F0E738465E
:10258000FFF733FFFFF709FFFFF785FE012101EB9E
:102590004501C8B2FFF729FFFFF7FFFE0CE0FFF788
:1025A00051FF3070012C02D1FFF7DBFE01E0FFF795
:1025B000BBFE761C601EC4B2002CF0D1FFF798FE63
:1025C0000120CDE72DE9F04104460D4616461F4691
:1025D0003B46324629462046FFF7B8FF10B100209F
:1025E000BDE8F0814FF0FF30FAE770B504460D46C4
:1025F0001646FFF750FE08B9002070BD002141EAE1
:102600004401C8B2FFF7F1FEFFF7C7FE18B9FFF7A4
:102610006FFE0020F1E72846FFF7E7FEFFF7BDFE5B
:102620003046FFF7E2FEFFF7B8FEFFF761FE01203C
:10263000E3E7002070470000100C014008B50121BD
:102640001120FEF775F901210B48FDF786FF4FF4C5
:10265000C040ADF8000003208DF8020010208DF876
:10266000030069460548FDF7A7FE4FF4C041034843
:10267000FDF74FFF08BD00000002300000100140D0
:102680000024002700250026FFF75FFD41F61F41CB
:1026900041F2883002F0F2FA02F02CFB02F05CF911
:1026A00000F03CF900F09EF8FFF7C8FF02F0A8FB2D
:1026B00000F04AF900F0B1F9FFF7EEFE0A2000F051
:1026C00089FE00F0BDFA00F02DFE00F0B9FE0021F9
:1026D000084601F08FFF3D4807784FF0E020006981
:1026E00040F001004FF0E02108616DE000F018FBC0
:1026F00036490878C11BC9B20C4407460A2E5CD281
:10270000DFE806F0050B141A22272E333A5C322C30
:1027100002D300240025012651E04FF448722C49D1
:102720002C4801F02AFE0024022648E0B4F5487F38
:1027300001D30024032642E078222749002001F03B
:102740001CFE002404263AE0782C01D30024052640
:1027500035E0AA21214801F063FE002406262EE080
:10276000AA2C01D30024072629E00021084601F005
:1027700041FF0024082622E03C2C0DD34FF04041BD
:102780001748006805F0B8FD06D24FF080411448A4
:10279000006805F0A7FD01D3FA2C0DD30024681CB6
:1027A000C5B2042D07D300F025FE0021084601F034
:1027B00021FF092600E0012601E000BF00BF00BFA5
:1027C00002F076F801F087FC90E70000D4000020CA
:1027D0009A99193E000002439A99993F000048C413
:1027E000FC00002008B501210820FEF7A1F84FF4F5
:1027F0007040ADF8000010208DF8030003208DF824
:1028000002006946FE48FDF7D7FD4FF47041FC48D1
:10281000FDF77FFE08BD08B501210846FEF795F8D3
:1028200001210420FEF784F80C20ADF800001820E8
:102830008DF8030003208DF802006946F148FDF78A
:10284000BBFD08BD30B587B00025002440F2E7305D
:10285000ADF814000020ADF81000ADF81600ADF88A
:10286000120004A94FF08040FEF79AF96020ADF8FD
:1028700000000120ADF80200ADF806500020ADF8D0
:10288000080069464FF08040FEF756FA0821C80656
:10289000FEF728FE0120ADF80200ADF8064000204A
:1028A000ADF8080069464FF08040FEF790FA082125
:1028B000C806FEF720FE01218807FEF7CDFD0121A5
:1028C0008807FEF7C9FC07B030BD2DE9FF4104467B
:1028D0000D4627462E466020ADF800000120ADF8D9
:1028E0000200ADF806700020ADF8080069464FF010
:1028F0008040FEF721FA0821C806FEF7F3FD01200B
:10290000ADF80200ADF8066069468007FEF75FFA91
:102910000821C806FEF7EFFDBDE8FF8110B5FFF7FF
:102920007AFFFFF78FFF10BDB7490888098821F0AB
:102930000101B54A11807047B4490888098821F01F
:102940000101B24A1180704700B589B0012102200F
:10295000FDF7FBFF01210420FDF7EAFF01A8FDF7C9
:10296000B6FDC020ADF8040004208DF80700032058
:102970008DF8060001A9A348FDF71EFD4FF4A060E5
:10298000FDF7BEFB1D208DF8080001208DF8090021
:1029900003208DF80A0001208DF80B0002A8FDF736
:1029A000B4FB99481038FEF727F806A8FEF724FC78
:1029B0000020ADF818004FF6FF70ADF81C000020A5
:1029C000ADF81E00ADF81A0006A98F481038FEF7C2
:1029D000E7F80A231A4603218B481038FEF7EFFC6C
:1029E00003A8FEF71CFC0620ADF8140003A98648D6
:1029F0001038FEF768FB012183481038FEF7F2FE1D
:102A00000122114680481038FEF741FC01217E4822
:102A10001038FEF721FC09B000BD00B589B00121D6
:102A20000420FDF792FF01210820FDF781FF01A896
:102A3000FDF74DFDC020ADF8040004208DF807001F
:102A400003208DF8060001A96D48FDF7B5FC4FF491
:102A5000A060FDF755FB1E208DF8080001208DF8C1
:102A6000090003208DF80A0001208DF80B0002A850
:102A7000FDF74BFB65481038FDF7BEFF06A8FEF7D3
:102A8000BBFB0020ADF818004FF6FF70ADF81C003E
:102A90000020ADF81E00ADF81A0006A95B481038FA
:102AA000FEF77EF80A231A46032158481038FEF72D
:102AB00086FC03A8FEF7B3FB0620ADF8140003A9BB
:102AC00052481038FEF7FFFA012150481038FEF73F
:102AD00089FE012211464D481038FEF7D8FB01212E
:102AE0004A481038FEF7B8FB09B000BD00B585B004
:102AF00001210420FDF71CFF01210220FDF725FF25
:102B00008020ADF8100004208DF8130003208DF80C
:102B1000120004A93B48FDF74FFC4FF4A060FDF7FD
:102B2000EFFA1D208DF8000001208DF80100032030
:102B30008DF8020001208DF803006846FDF7E5FAE4
:102B400031481038FDF758FF4FF6FF70ADF8080018
:102B50000020ADF80400ADF80A00ADF8060001A9A8
:102B600029481038FEF71CF800231A466021264831
:102B70001038FEF7C0FB002123481038FEF700FE96
:102B8000012121481038FEF767FB05B000BD00B5F4
:102B900085B001210820FDF7CBFE01210420FDF7BF
:102BA000D4FE8020ADF8100004208DF8130003201F
:102BB0008DF8120004A91248FDF7FEFB4FF4A06047
:102BC000FDF79EFA1E208DF8000001208DF801000F
:102BD00003208DF8020001208DF803006846FDF700
:102BE00094FA0A481038FDF707FF4FF6FF70ADF86A
:102BF00008000020ADF80400ADF80A0008E000006D
:102C0000000C014000080140100400401008004082
:102C1000ADF8060001A90948FDF7C2FF00231A46D6
:102C200060210648FEF767FB00210448FEF7A8FD77
:102C300001210248FEF710FB05B000BD000800406E
:102C400070B5002402F0A7FD0446002C60D17CA0E2
:102C500001F0FFFF782002F000FA18B981A001F01E
:102C6000F8FF02E087A001F0F4FF782002F0E2FB19
:102C700018B98FA001F0EDFF02E096A001F0E9FF86
:102C8000642002F0B8FC18B99EA001F0E2FF02E057
:102C9000A6A001F0DEFF04F06FF818B9ACA001F0B7
:102CA000D8FF02E0B7A001F0D4FFC54804F040FF10
:102CB000054604F06BF818B9C2A001F0CAFF02E0A3
:102CC000CAA001F0C6FF40F2731004F0A0FC18B9CE
:102CD000D2A001F0BEFF02E0D9A001F0BAFF64204B
:102CE00004F00EFA18B9E2A001F0B3FF02E0E9A087
:102CF00001F0AFFF04F030FF012003F083FD18B9AD
:102D0000EFA001F0A6FF0AE0F6A001F0A2FF06E0A6
:102D10004FF40051FE48FDF7FEFB00BFFEE770BD1B
:102D20002DE9F04F89B0FB48FB49FC4BFC4ACDE94B
:102D30000010FC49FC4804F0C9FDF748008800F485
:102D4000807000287AD0F649086805F037FA044602
:102D50004FF09D4105F06CF8F4490860F04948686F
:102D600005F02CFA04464FF09D4105F061F8F0495A
:102D70000860EB49886805F021FA04464FF09D4150
:102D800005F056F8EB490860E549C86805F016FA01
:102D900004464FF09D4105F04BF8E7490860E348D1
:102DA00001684FF0804005F011F80690E148016895
:102DB000069805F00BF88246DD4801684FF0404068
:102DC00005F004F80690DC480168069804F0FEFF60
:102DD0008346514604F0A2FF079005F03BFA0646F1
:102DE00006F070FC80464FF06632D44B05F005F9D2
:102DF000044605F05BFAD2490860CE4801684FF0FE
:102E0000804004F0E3FF0390CA480168039804F08F
:102E1000DDFF8246C64801684FF0404004F0D6FF0F
:102E20000390C3480168039804F0D0FF83465146DD
:102E300004F0C6FF81464FF07E5183E10CE20000B2
:102E40006D707520696E697469616C697A61746905
:102E50006F6E20636F6D706C6574652E2E2E2E2E36
:102E60002E0A20006D70755F7365745F73656E73F5
:102E70006F7220636F6D706C657465202E2E2E2E20
:102E80002E2E0A006D70755F7365745F73656E73C7
:102E90006F7220636F6D65206163726F737320655D
:102EA00072726F72202E2E2E2E2E2E0A000000001F
:102EB0006D70755F636F6E6669677572655F666971
:102EC000666F20636F6D706C657465202E2E2E2EDC
:102ED0002E2E0A006D70755F636F6E66696775727E
:102EE000655F6669666F20636F6D65206163726FF1
:102EF0007373206572726F72202E2E2E2E2E2E0A64
:102F0000000000006D70755F7365745F73616D70B4
:102F10006C655F7261746520636F6D706C6574655C
:102F2000202E2E2E2E2E2E0A000000006D70755FB2
:102F30007365745F73616D706C655F726174652039
:102F40006572726F72202E2E2E2E2E2E0A00000019
:102F5000646D705F6C6F61645F6D6F74696F6E5FDD
:102F60006472697665725F6669726D7761726520F9
:102F7000636F6D706C657465202E2E2E2E2E2E0ABA
:102F800000000000646D705F6C6F61645F6D6F7452
:102F9000696F6E5F6472697665725F6669726D777C
:102FA00061726520636F6D65206163726F7373205A
:102FB0006572726F72202E2E2E2E2E2E0A000000A9
:102FC00028000020646D705F7365745F6F726965BF
:102FD0006E746174696F6E20636F6D706C6574657B
:102FE000202E2E2E2E2E2E0A00000000646D705F03
:102FF0007365745F6F7269656E746174696F6E205A
:10300000636F6D65206163726F7373206572726F99
:1030100072202E2E2E2E2E2E0A000000646D705F60
:10302000656E61626C655F6665617475726520636B
:103030006F6D706C657465202E2E2E2E2E2E0A005C
:10304000646D705F656E61626C655F666561747505
:10305000726520636F6D65206163726F73732065A5
:1030600072726F72202E2E2E2E2E2E0A000000005D
:10307000646D705F7365745F6669666F5F726174BB
:103080006520636F6D706C657465202E2E2E2E2E5C
:103090002E0A0000646D705F7365745F6669666F09
:1030A0005F7261746520636F6D65206163726F7319
:1030B00073206572726F72202E2E2E2E2E2E0A0015
:1030C0006D70755F7365745F646D705F7374617448
:1030D0006520636F6D706C657465202E2E2E2E2E0C
:1030E0002E0A00006D70755F7365745F646D705FAC
:1030F000737461746520636F6D65206163726F73B3
:1031000073206572726F72202E2E2E2E2E2E0A00C4
:1031100000100140620000206000002050000020EC
:103120001C0200205A00002054000020340000201F
:10313000380000203C0000204000002066A64C40E3
:103140004400002004F0EAFD044605F083F8CDE9D0
:103150000401434801684FF0804004F037FE834685
:1031600040480168584604F031FE81463E480168F7
:103170004FF0804004F02AFE83463C4801685846E0
:1031800004F024FE8246494604F0C8FD044605F0DA
:1031900061F80746DDE9042306F0DCFC4FF06632F7
:1031A000334BCDE9060104F028FF054605F07EF813
:1031B000304908602D480168006804F007FE03905C
:1031C00029480168006804F001FE02902548016862
:1031D000006804F0FBFD834621480168006804F0A4
:1031E000F5FD5946019004F099FD8246029904F0DC
:1031F000E7FD8146039904F0E3FD044605F02AF853
:10320000CDE90401194801681548006804F0DEFDA5
:103210008246154801681348006804F0D7FD8346CC
:10322000514604F07BFD81464FF0804104F0CEFD15
:10323000044605F00FF80746DDE9042306F08AFC92
:103240004FF066320A4BCDE9060104F0D6FE054682
:1032500005F02CF80849086009B0BDE8F08F0000BF
:1032600034000020380000203C00002040000020F6
:1032700066A64C40480000204C000020704700BF6C
:10328000FEE700BFFEE700BFFEE700BFFEE77047B6
:103290007047704710B51D480078401C1B490870E6
:1032A0001B480078401C1A4908701A480078401CD6
:1032B0001849087000F084FB17480078401C164934
:1032C000087016480078401C1449087014480078AB
:1032D000401C134908700E480078022806DB01F0F4
:1032E0007AFD00F055FD0020094908700948007872
:1032F000082806DB00F091FB00200649087006490B
:10330000087000F04CF900F0EAFA10BDD40000207B
:10331000D9000020D5000020D6000020D7000020D2
:10332000D800002030B527480068C822B0FBF2F171
:10333000B1F1807F01D301201DE021F07F40401ECC
:103340004FF0E022506150170F22002807DA1307D0
:103350001D0E1D4B00F00F04241F1D5503E0130725
:103360001C0E1A4B1C5400BF00204FF0E02290614D
:1033700007201061002008B100BFFEE74FF0E020F9
:10338000006920F001004FF0E021086130BD01B577
:103390000F49009808604FF0E020006940F00100FC
:1033A0004FF0E021086100BF094800680028FBD108
:1033B00008BD0748006820B105480068401E044960
:1033C000086070471400002018ED00E000E400E001
:1033D00064000020002107E042F6E06100BF0A1E01
:1033E000A1F1010399B2FAD1021EA0F1010398B232
:1033F000F2D170470020F74908760870486088606D
:10340000F5480068C8600020C882704700B50246D1
:103410000020F2490870F2480260FFF7EBFF00203D
:10342000F0490870F0490870F0480078F0490870D9
:103430000020F0490860ED480078EF49087000BDB1
:1034400000B50020ED490880ED490880ED4908608D
:10345000ED490860ED490860ED490860ED490860F4
:10346000ED490860ED490860ED490860ED490860E4
:10347000ED490860ED490860D7490860EC490860EB
:10348000EC490860EC490860EC490860D7490870CD
:10349000EB490870EB490870D4480078D4490870AB
:1034A0000020D4490860D1480078D34908704FF40F
:1034B0006170E5490880E548E54908600120E54973
:1034C00008700020E4490870E4490870E449086085
:1034D000E4490860E448FFF799FF0020E3490860E9
:1034E00000BD2DE9F041E248006804F0B3FE044657
:1034F000E048D0E900633246204604F0BFFE07D022
:10350000DC48D0E90021104604F0D0FED84908601C
:10351000D948006804F09EFE0446D648D0E902630C
:103520003246204604F0AAFE07D0D248D0E9022154
:10353000104604F0BBFED0490860D048006804F093
:1035400089FE04460D46CB49D1E90463324629463B
:1035500004F094FE07D0C748D0E90421104604F0D7
:10356000A5FEC6490860C648006804F073FE04461C
:10357000C048D0E906633246204604F07FFE07D0FB
:10358000BC49D1E90621104604F090FEBC49086010
:103590000020B3490860B3490860BDE8F0812DE917
:1035A000F041B8480068012810D10020B0490860F7
:1035B000B548006804F010FE06460022B34B04F044
:1035C0001CFD044604F072FEA9490860AD4800687D
:1035D000022812D10020A8490860AD490968A1F16C
:1035E000400004F0F9FD06460022AA4B04F005FD58
:1035F000044604F05BFEA0490860A749B1F9040045
:1036000004F0DCFDA5490860A549B1F9040004F007
:10361000D5FDA44908600021A348006804F062FEBB
:103620000BD0A249A048006804F05CFE05D3A04975
:103630009D48006804F060FE05D24FF400519D489B
:10364000FCF769FF04E04FF400519A48FCF761FF72
:1036500000219948006804F0B3FB6E490860904966
:10366000B1F9000004F0AAFD06468348016830461F
:1036700004F0ACFB0446684801686648006804F042
:103680009FFB06467A480168304604F09FFB0546DA
:10369000214604F043FB63490860BDE8F0812DE951
:1036A000F04104460D46002C0CDA4FF4804183486B
:1036B000FCF72FFF4FF400418048FCF72CFF6042DD
:1036C00004B20AE04FF400417C48FCF722FF4FF4BB
:1036D00080417A48FCF71FFF00BF002D0CDA4FF441
:1036E00000517648FCF715FF4FF480517348FCF702
:1036F00012FF684205B20AE04FF480516F48FCF7B0
:1037000008FF4FF400516D48FCF705FF00BFAFB252
:10371000A6B231464FF08040FEF73AF839464FF0F6
:103720008040FEF737F866495F48006804F0E4FD22
:1037300023D364495C48006804F0D4FD02D24FF002
:10374000010801E04FF0000800213B48006804F048
:10375000C9FD01D1012000E0002008EA0008002195
:103760003648006804F0BEFD01D1012000E00020D1
:1037700008EA0008B8F1000F0DD000214FF080409A
:10378000FEF706F800214FF08040FEF703F8012015
:103790004D49086002E000204B4908604B491D4834
:1037A000006804F0A9FD05D349491A48006804F0EF
:1037B00099FD0DD200214FF08040FDF7E9FF002177
:1037C0004FF08040FDF7E6FF01203F49086084E0AC
:1037D00080E00000A00000205001002075000020C3
:1037E0008C000020C7000020C8000020D40000206A
:1037F0007400002070000020C90000202201002079
:1038000020010020300100202C0100203801002080
:1038100034010020FC000020EC00002054010020B6
:10382000E0000020F0000020F8000020F40000205C
:1038300094010020900100205C010020580100202C
:10384000D5000020D6000020BC0000203333B33E5A
:10385000C0000020C4000020C5000020C6000020D9
:10386000CC000020D00000200000C8424801002009
:103870000C010020C09D0008100100201401002050
:103880001801002078010020680100200080FB3F23
:103890006C0100200000C43F5A0000208801002075
:1038A000540000208C010020440000200000A0C132
:1038B0000000A0410010014048000020000C014021
:1038C00000002041000020C14401002000004842C7
:1038D000000048C20020F8490860BDE8F0812DE9E9
:1038E000F041F648046800250026F3480068A0B9B6
:1038F000F348006820F00047F249384604F0FCFC29
:103900000BD8EE48006820F00047EF49384604F035
:10391000E9FC02D800BF4FF082462146EB48006820
:1039200004F0FCF90746294604F0F8F9E849086074
:103930002146E648006804F043FA0746314604F0A1
:10394000EDF9E4490860E248006804F056FC00B272
:10395000B0F57A7F02DDE048DD490860DC480068A8
:1039600004F04BFC00B210F57A7F02DADB48D8494C
:103970000860D848006804F040FC00B2B0F57A7FD7
:1039800002DDD548D3490860D248006804F035FC10
:1039900000B210F57A7F02DAD048CE490860CD48EF
:1039A000006804F02AFC07B2C948006804F025FC4E
:1039B0000FFA80F839464046FFF771FEBDE8F08106
:1039C00070B5C748FDF7FFFE0446C648FDF7FBFE8D
:1039D0000546C5480460C54805600021C048FDF79C
:1039E000CFFE0021BF48FDF7CBFE20B2C0490880C2
:1039F000684200B2BF490880BF480068BC49B1F9BD
:103A000000100844BC490860BC480068B949B1F9D5
:103A100000100844B949086070BD2DE9F04F87B027
:103A2000B5490968B54A1268881804F0C7FBB4495B
:103A300008600020B1490860AF490860B1480068DB
:103A400004F008FC4FF06632AF4BCDE9040104F0FE
:103A5000D4FA074604F02AFCAA490860A84800687E
:103A600004F0F8FB4FF03332A84BCDE9000104F02D
:103A7000C4FACDE90401A348006804F0EBFBCDE9EA
:103A80000201DDE9042304F011FA074604F00EFCFC
:103A90009C4908609E498A48006804F097F90646E8
:103AA00098480168304604F08BF9044626F0004B34
:103AB0009448006820F000400690A14621469548B1
:103AC000006804F083F90746002104F00BFC04D2DF
:103AD0009149484604F07AF9814649468D48006884
:103AE00004F01CF98B4908604FF08241584604F0FD
:103AF000F9FB12D889498748006804F067F98549BD
:103B000008607049069804F0EDFB06D883498148A7
:103B1000006804F05BF97F49086081497D480068CE
:103B200004F0EAFB02D27E487A4908607D49794870
:103B3000006804F0D7FB02D27A48764908607A48D8
:103B40000068032813D10020784908607849096883
:103B5000A1F1800004F040FB07460022754B04F001
:103B60004CFACDE9040104F0A1FB704908606E48ED
:103B70000068042813D100206F4908606F49096864
:103B8000A1F1C00004F028FB00226D4BCDE9040137
:103B900004F033FA074604F089FB67490860664879
:103BA00001685C48006804F011F907465F48016845
:103BB000204604F00BF98046394604F0AFF880F057
:103BC00000406049086060496048006804F094FB68
:103BD00005D35F495D48006804F084FB6AD2594808
:103BE000006880F0004759480168384604F020F921
:103BF00082464FF08241584604F074FB0DD8554977
:103C0000504604F079FB01D2DFF848A152495046F2
:103C100004F068FB01D2DFF840A15049504604F09F
:103C20006BFB01D2DFF834A14D49504604F05AFB3A
:103C300001D2DFF82CA14B480168504604F0C0F8CF
:103C400005464949284604F057FB00D2464D4749EE
:103C5000284604F047FB00D2444D294641480068FD
:103C600004F05CF83F4908604FF08241584604F088
:103C700039FB1AD81349069804F034FB15D83C498F
:103C80003848006804F0A2F83649086039493548D8
:103C9000006804F031FB08D237493248006804F06C
:103CA00021FB02D200202F4908602E4800683349CA
:103CB00008606AE064E00000440100205401002034
:103CC000500100200000F0410000C841F000002039
:103CD000F4000020F800002000007A4400007AC4BC
:103CE00000040040000800403C010020400100208A
:103CF00020010020220100202C01002030010020A2
:103D000034010020380100206666E63F3333D33F9C
:103D1000000080BFCC000020CDCC0C406666663F22
:103D20000000FA450000FAC57801002014010020C7
:103D3000700100200000DE3F180100207401002007
:103D40000000C43FE80000206F12833A0C010020FD
:103D50006F1283BA9A99993F9A9999BF0000C0400F
:103D60000000C0C0D0000020CDCC4C3ECDCC4CBE1D
:103D70009A99593FCDCC4CBDCDCC4C3DEC000020A8
:103D80000020FE490860FE49086007B0BDE8F08FDA
:103D90002DE9F041FB480068002850D1FA48FDF7B2
:103DA00012FD00EB800000EB00104400204604F000
:103DB00013FA05460022F54B04F091F9074604F08A
:103DC00075FAF34908600846006804F043FA0446AF
:103DD00022460B46EFA004F0A7FCF148007820B97A
:103DE0000020F0490860BDE8F081E948006804F06F
:103DF00031FA04460022EC4B04F040FA03D8EB48B9
:103E0000E84908601BE0EA49E148006804F074FAF8
:103E100001D8012400E000244FF08241DC48006812
:103E200004F060FA01D8012000E0002004401CB139
:103E3000E048DC49086002E00020DA49086000BF81
:103E4000D1E72DE9FC5FDC480068012878D1DB4828
:103E5000D0F800B0DA4800680190DA48B0F9029072
:103E6000D948B0F900A0CA480468484604F0A6F949
:103E700006464FF08D4103F0DBFF0546D34903F0C2
:103E8000A5FFD3490860504604F098F90646D14989
:103E900003F096FF0546D04903F0CAFFCF490860FA
:103EA000584604F0D7F90746CD4ACE4B04F017F92F
:103EB000054604F0FBF98346019804F0CBF905466A
:103EC000C74AC84B04F00BF9074604F0EFF901901C
:103ED0005021C54803F0FEFEC348C4A10968016033
:103EE0000A21C34803F0F6FEC24800210160416088
:103EF00001810A21C04803F0EDFEC04800210160A5
:103F0000416001810A21BE4803F0E4FEBD48002162
:103F1000016041600181BC49584604F0E3F910D8C2
:103F2000BA49584604F0E8F90BD8584604F092F91B
:103F300005462A460B46B6A1AD4804F005FC02E052
:103F4000C7E0BDE8FC9FB049019804F0CBF90FD859
:103F5000AE49019804F0D0F90AD8019804F07AF932
:103F600005462A460B46AAA1A24804F0EDFB00E054
:103F7000E7E7A9499648006804F0BEF911D2A749BD
:103F80009348006804F0AEF90BD29148006804F041
:103F900061F905462A460B469DA1974804F0D4FBDB
:103FA00000E0CEE79E498D48006804F0A5F911D2E3
:103FB0009C498A48006804F095F90BD2874800684C
:103FC00004F048F905462A460B4691A18B4804F0B7
:103FD000BBFB00E0B5E70021204604F08DF90FD8C7
:103FE0009149204604F07EF90AD2204604F032F9C5
:103FF00005462A460B4686A1814804F0A5FB00E051
:104000009FE7002000F03EFF0090009804F0DFF8EA
:104010000746864903F0DAFE06464FF08B4103F06F
:1040200007FF0546824903F0CBFE82490860002164
:104030008048006804F060F911D878497D4800682C
:1040400004F050F90BD27B48006804F003F90546F0
:104050002A460B466EA16B4804F076FB00E070E741
:104060006349614803F041FE73A15F4803F03DFEE0
:1040700060495D4803F039FE70A15B4803F035FEEE
:104080005D49594803F031FE6DA1574803F02DFEFC
:104090005A49554803F029FE6AA1534803F025FE0A
:1040A0005749514803F021FE68A14F4803F01DFE17
:1040B00054494D4803F019FE65A14B4803F015FE25
:1040C0005021644803F006FE50224749614803F03E
:1040D000E8FD00BF35E710B55F480068401E5E4947
:1040E000086035480068012807D10846006820B9F3
:1040F000FFF7A7FE574800F0A0FD5748006818B921
:1041000041F288305449086010BD70B506460D462E
:1041100014462146304604F0EFF801D2204670BD27
:104120002946304604F0DEF801D22846F7E730464B
:10413000F5E72DE9F04704460E4617461D46DDE932
:104140000889464A46493046FFF7DFFF0646434A9C
:1041500043493846FFF7D9FF07460021284604F0B7
:10416000C1F801D285F000453E4A3F492846FFF795
:10417000CCFF0546B8F1000F7BD178E0EC000020C1
:10418000D000002060010020002C014000006940A8
:104190004C0100206A756C693D25660A000000002C
:1041A000750000204801002000001040000096C368
:1041B0000000A0400000FA437C010020F400002031
:1041C000F80000205A00002054000020CDCC1C41F3
:1041D000880100209A190043000003438C0100204D
:1041E00048E17A14AE470F402C020020244C5600C0
:1041F000440300204E0300205803002062030020E7
:104200006C0300207603002000007A4400007AC48A
:1042100025332E32660000000000A0C10000A0413E
:1042200000803BC500803B4500401C46CDCC54413E
:10423000CDCC4C3EDC0000202C5256002C414300DB
:104240002C4759002C435342000000002C565400C8
:10425000230000007C020020800100200000824337
:10426000000082C3000040400AD7233C01E04FF029
:10427000010841F28830804500D98046012C00D1E8
:104280000027042C00D10026FC480470466087609B
:10429000FB480068F949C86008460561A0F8148029
:1042A0000020C88201200876B9F1000F06D0032053
:1042B000F4490870F4480078F4490870BDE8F087C4
:1042C0002DE9F04780460C461546EC48007E20B9A3
:1042D000002020602860BDE8F08700263DE0E74A26
:1042E000D168506803F06CFD074627F00049E348A9
:1042F0000169484603F0F6FF04D8E0484068DF490A
:10430000C86013E00021384603F0F6FF07D2DB4A0D
:104310001169D06803F002FDD849C86006E0D74AA9
:104320001169D06803F04CFDD449C860D348C08AF5
:10433000D249898A884204DAD048C08A401CCF49D1
:10434000C882CE48C08ACD49898A884203DB0020D2
:10435000CA49087603E0701CC6B24645BFDB00BF01
:10436000C648C0682060C54880682860C348007E91
:1043700008B90220AFE70120ADE77CB504460D4641
:1043800016460020C249087001202B460022214613
:10439000CDE90060FFF7CDFE7CBD2DE9FC41044670
:1043A0000D4616461F460FB1012000E00020B84917
:1043B00008700020B7490870B749087001202B46E3
:1043C00000222146CDE90060FFF7B3FEBDE8FC8185
:1043D00008B1012100E00021AD4A11700021AD4A71
:1043E0001170AD4A117070477CB504460D461646F3
:1043F0000120AA4B2A462146CDE900600220FFF7A2
:1044000098FE7CBD7CB504460D4616460120A34BA4
:104410002A462146CDE900600320FFF78AFE7CBDD5
:104420007CB504460D4601209C4B22460021CDE977
:1044300000500420FFF77DFE7CBD70B505460C469C
:104440000021284603F04EFF01D285F000450021EF
:10445000204603F047FF01D284F0004490480560F5
:104460009048046070BD2DE9F04705460C4616469D
:104470001F46DDF8208025F0004524F000448A4ADC
:1044800000212846FFF741FE88490860864A00213E
:104490002046FFF73AFE8549486085480680008837
:1044A00010B90120824908808148008841F2883192
:1044B000884202D908467E49088027F000497D4A93
:1044C0007D494846FFF721FE7C490860B8F1000F9E
:1044D00001D0012000E000207949087000207949CE
:1044E00008707348008803F072FE8246764903F034
:1044F0006DFC81464946754803F09AFC6B4988601B
:104500006F48007808B1724800E072486749C86097
:1045100000200861FEF76EFF01205A4908705A48D2
:1045200000785A49087000206B490860BDE8F087A0
:104530002DE9FF4F85B0834614461D466749204646
:1045400003F0D0FE00D2654C0021129803F0CAFEA1
:1045500001D2002012906249129803F0CDFE01D2E0
:104560005F4812902146594803F062FC07465649BD
:1045700003F05EFC06464FF07E51304603F0B2FE7B
:1045800001D24FF07E565749304603F0B5FE00D2B7
:10459000544E4FF07C51304603F0C0FB074603F009
:1045A00045FE1FFA80F95049129803F00FFC0746A8
:1045B0003A4903F0B3FB8246284603F04BFE074618
:1045C00005F088FBCDE9000103F070FE00210290A8
:1045D00003F092FE01D8012000E000200390039830
:1045E00053464A46009058460699FFF73CFF09B0EB
:1045F000BDE8F08F00B503460A4602202149087045
:10460000FEF7F8FE39480360394802601E4800781A
:104610001E49087000203049086000BD2DE9F05F98
:1046200004460D46D4F80090D5F800A0314F324929
:10463000384603F057FE00D8304F3148D0F800809C
:104640003049404603F058FE60D82F49404603F0F9
:1046500049FE5BD800200F4908700F480078FF28FA
:1046600004D20D480078401C0B4908700A480078B5
:1046700004287ED34FF00009CA467AE0A00000204B
:104680005001002075000020D4000020740000209C
:10469000C6000020C7000020C80000203333B33E0E
:1046A000980000209C000020000082437800002039
:1046B000BC000020000040400AD7233CC00000207E
:1046C000C4000020C50000200AD7A33BDB0FC9406F
:1046D000DA0FC93FDA0FC9BF70000020CDCCCC3D46
:1046E0006666E63E00409C459A99993F90000020FE
:1046F000940000200000C8410000304100009041BB
:104700004C01002000002040000020417B49404631
:1047100003F0F2FD28D23946404603F0E3FD23D8EA
:1047200000207749087077480078FF2804D2754840
:104730000078401C73490870724800780C2818D320
:104740007148D0F800907148D0F800A029F0004BD3
:104750006F49584603F03AFB06463146504603F08F
:10476000CBFD06D2B24604E00020664908706449D9
:104770000870C4F80090C5F800A0BDE8F09F1CB513
:1047800064480068019000200090694601A8FFF786
:1047900045FF614901980860604900980860002061
:1047A0005F4908605F4908601CBD2DE9FF415E4814
:1047B00005785E480078281AC6B25C4805705C48E7
:1047C000007E40BB5B48007800F0010058B95A48B1
:1047D000007810B15948406803E05848406880F0BC
:1047E000004007460AE05448007820B1534840682A
:1047F00080F0004001E051484068074600205049E1
:104800000988CDE900104D4801684E483A460368D2
:104810000220FFF78EFC02AA03A93046FFF750FDE5
:104820000446022C05D14348007880F0010041493C
:1048300008703949039808603849029808600120D7
:1048400037490860002037490860BDE8FF817CB522
:104850003548047835480078201AC5B233480470CA
:104860006A4601A92846FFF72BFD064616B9002027
:10487000019000902E480078012807D13248007836
:1048800020B1694601A8FFF7C9FE04E000201D49D8
:1048900008701B4908702049019808601F4900985A
:1048A000086001201E49086000201E4908607CBD88
:1048B00010B526480078E0B1012804D0022808D0BD
:1048C000032815D102E0FFF770FF15E0FFF7BFFFE7
:1048D00012E01F480068104908601E4800680F4930
:1048E000086001200E49086000200E49086003E0BE
:1048F00000BFFFF744FF00BF00BF10BD0000204114
:10490000C8000020C7000020980000209C00002064
:10491000CDCC4C3F8C0000205001002054010020E1
:104920006001002048010020D40000207400002015
:10493000A0000020C5000020C40000207800002056
:10494000BC000020C0000020C60000207500002030
:10495000900000209400002000B585B0012144F2B1
:104960000400FBF7E5FF4FF40070ADF810001820CD
:104970008DF8130003208DF8120004A9BB48FBF743
:104980001BFD4FF48060ADF8100004208DF813007B
:1049900004A9B648FBF710FD4FF4E1300090002069
:1049A000ADF80400ADF80600ADF80800ADF80C0055
:1049B0000C20ADF80A006946AD48FCF76EFF0121F6
:1049C000AB48FCF7F6FF05B000BD08B54FF48060BA
:1049D000FBF796FB27208DF8000004208DF80100DE
:1049E00001208DF802008DF803006846FBF78DFB6F
:1049F00008BD00B585B001218804FBF7A6FF0121A1
:104A00000820FBF795FF4FF48060ADF810001820E8
:104A10008DF8130003208DF8120004A99548FBF7C8
:104A2000CBFC4FF40060ADF8100004208DF81300AB
:104A300004A99048FBF7C0FCFFF7C7FF4FF41650DE
:104A400000900020ADF80400ADF80600ADF80800B5
:104A5000ADF80C000C20ADF80A0069468648FCF75A
:104A60001CFF012240F225518348FCF7AEFF0121D3
:104A70008148FCF79EFF05B000BD70B504460D46A9
:104A8000E1B27B48FDF702F800BF40217848FDF70E
:104A90006BF80128F9D1204670BDF0B503460D46EC
:104AA0001646002729460A2E03D000200870284603
:104AB000F0BD33B9302001F8010B00200870284602
:104AC000F6E7002B03DA2D2001F8010B5B4242F2DE
:104AD00010720DE093FBF2F404B937B104F1300029
:104AE00001F8010B04FB123301270A2092FBF0F2BC
:104AF000002AEFDC002008702846D9E70FB470B513
:104B000086B006460CA8019073E00B9800785C28EC
:104B10001CD10B98401C0B9000786E2809D072288D
:104B20000FD10D213046FCF7B1FF0B98401C0B90C4
:104B30000BE00A213046FCF7A9FF0B98401C0B90B4
:104B400003E00B98401C0B9000BF4BE00B980078E3
:104B5000252840D10B98401C0B900078642818D071
:104B6000732833D1019810C801900BE021783046AA
:104B7000FCF78CFF00BF40213046FCF7F5FF002812
:104B8000F9D0641C20780028F0D10B98401C0B90C1
:104B900020E0019820C801900A2202A92846FFF7C8
:104BA0007CFF02AC0BE021783046FCF76FFF00BFC2
:104BB00040213046FCF7D8FF0028F9D0641C20784B
:104BC0000028F0D10B98401C0B9003E00B98401C80
:104BD0000B9000BF06E00B9810F8011B0B903046BD
:104BE000FCF754FF00BF40213046FCF7BDFF002812
:104BF000F9D00B980078002887D106B070BC5DF81A
:104C000014FB10B5044621461948FCF73FFF00BFCE
:104C100040211748FCF7A8FF0128F9D110BD10B5B5
:104C2000044621461448FCF731FF00BF40211248DA
:104C3000FCF79AFF0128F9D110BD70B505462C4646
:104C400003E02078FFF7EBFF641C20780028F8D100
:104C500070BD70B505462C4603E02078FFF7D1FF04
:104C6000641C20780028F8D170BD000000080140C5
:104C700000380140000C0140004800407FB5044668
:104C80000D460121C802FBF753FE41F28830ADF812
:104C9000080041F61F40ADF804000120ADF80A00FD
:104CA0000020ADF8060001A91148FBF779FF0122A9
:104CB00041210F48FCF7EBFA19208DF80000032082
:104CC0008DF8010000208DF8020001208DF803000E
:104CD0006846FBF71AFA7FBD10B501210448FCF7BE
:104CE00084FD18B101210248FCF790FD10BD0000C1
:104CF000002C01401FB501213D48FBF72EFC01218E
:104D00000920FBF715FE0120ADF80C0010208DF8EE
:104D10000F0003208DF80E0003A93648FBF74CFB6B
:104D20000220ADF80C0028208DF80F0003A93148AF
:104D3000FBF742FB01210846FBF754FC02200190DF
:104D400000208DF8080008208DF8090001208DF85A
:104D50000A0001A8FBF750FA07208DF80000032095
:104D60008DF8010001208DF802008DF803006846DF
:104D7000FBF7CBF91FBD10B50220FBF7A3FA48B330
:104D800000211D48FCF7FCFC01211B48FCF764FADC
:104D900001201A49086012E01748FCF714FD3C286E
:104DA00007DB00211448FCF757FA0020134908607C
:104DB00005E002210F48FBF792FB104908600F48FD
:104DC00000680028E8D100210B48FCF745FA0220D2
:104DD000FBF789FA10BD10B501210648FBF799FBD6
:104DE0000C20FDF733FA01210248FBF794FB10BDBC
:104DF00000023000000C0140002C0140E4010020C2
:104E000000B587B001214FF40170FBF791FD4FF41D
:104E10000040FBF7F1FC0120ADF8040000208DF804
:104E2000070001A92348FBF7C7FA2348FCF7F6FE61
:104E3000002002908DF80C008DF80D004FF46020DA
:104E400004900020059001208DF8180002A91A484E
:104E5000FCF70BFF01211848FCF733FF1648FCF75D
:104E600052FF00BF1448FCF753FF0028FAD1124844
:104E7000FCF758FF00BF1048FCF759FF0028FAD193
:104E800007B000BD10B504460723012221460A4899
:104E9000FCF783FF01210848FCF753FF00BF022104
:104EA0000548FDF7BFF80028F9D00348FCF7DCFF00
:104EB00010BD000000080140002401400648804762
:104EC00006480047FEE7FEE7FEE7FEE7FEE7FEE7EF
:104ED000FEE7FEE7FEE7FEE74B210008ED000008D5
:104EE00038B50446FB4890F82400C0B114B1022044
:104EF000009001E000200090F64A1268D17BF54A4C
:104F0000526810786B460122FDF70DFB10B14FF08F
:104F1000FF3038BD9DF80010EE48417423E0ED48A5
:104F2000807A10B94FF0FF30F3E724B1E948407CB4
:104F300008B10020EDE714B10120009001E000204D
:104F40000090E44A1268D17BE24A526810786B46BE
:104F50000122FDF7E8FA10B14FF0FF30D9E79DF8D4
:104F60000010DC4841740020D3E738B5002419E074
:104F7000D8480068C07AA04204D0D6480068407D76
:104F8000A04200D10CE0D349496808786B46012261
:104F90002146FDF717FB10B14FF0FF3038BD00BFC1
:104FA000601CC4B2CB4840680079A042E0DC00201D
:104FB000F4E770B504460D46C6480068C07AA042C2
:104FC00004D0C4480068407DA04202D14FF0FF30B9
:104FD00070BDC04840680079A04202DC4FF0FF304D
:104FE000F6E7BC49496808782B4601222146FDF7BF
:104FF000E9FAEDE738B50446B64890F82300A04238
:1050000001D1002038BD14B13020009001E0002013
:105010000090B048807C20B19DF8000040F0020074
:105020000090AC4890F8220020B19DF8000040F0BC
:1050300080000090A74A1268117DA64A5268107835
:105040006B460122FDF76FFA10B14FF0FF30D9E740
:10505000A04880F823400020D4E738B5044604F087
:10506000700010B10120009005E014B10020009004
:1050700001E040200090974A1268917C954A52685E
:1050800010786B460122FDF74EFA20B100219148BD
:105090008172481E38BD9DF8000020F040018D4807
:1050A00001730020009004F0400020B99DF800003A
:1050B00040F00400009004F0200020B99DF80000AA
:1050C00040F00200009004F0100020B99DF80000AC
:1050D00040F00100009004F0080020B99DF80000A5
:1050E00040F0380000907B4A1268D17C794A5268BF
:1050F00010786B460122FDF716FA20B100217548A1
:105100008172481EC6E724B1082C02D00020FFF7A8
:1051100071FF70488472002101753220FDF7A3F8F9
:105120000020B7E738B504466A48807CA04201D128
:10513000002038BD002C46D0664A12681179654AB5
:10514000526810786B460122FDF73CFA10B14FF01F
:10515000FF30EEE79DF8000020F0200000905D4A4F
:10516000126811795B4A526810786B460122FDF78C
:10517000DAF910B14FF0FF30DBE70320FDF773F8E9
:1051800002200090534890F8220020B19DF80000C2
:1051900040F0800000904F4890F8230020B19DF827
:1051A000000040F0300000904A4A1268117D494AE0
:1051B000526810786B460122FDF7B5F9002851D0EE
:1051C0004FF0FF30B5E7434A12681179414A5268FF
:1051D00010786B460122FDF7F5F910B14FF0FF3062
:1051E000A7E73C48807A00F0010028B19DF8000054
:1051F00040F02000009004E09DF8000020F0200026
:105200000090344A12681179324A526810786B461D
:105210000122FDF788F910B14FF0FF3089E7032034
:10522000FDF721F82B4890F8220010B18020009063
:1052300001E000200090274890F8230020B19DF85D
:10524000000040F030000090224A1268117D214A8F
:10525000526810786B460122FDF765F910B14FF0E6
:10526000FF3066E71B488474002062E708B51948E0
:10527000807A10B94FF0FF3008BD00200090154A29
:105280001268D17B134A526810786B460122FDF7F1
:105290004AF910B14FF0FF30EEE70E4A126851792B
:1052A0000C4A526810786B460122FDF73CF910B1A8
:1052B0004FF0FF30E0E7074A12681179054A52685B
:1052C00010786B460122FDF72EF928B14FF0FF3020
:1052D000D2E70000E8010020F74890F824000028F9
:1052E00053D00C200090F44A12681179F24A5268A7
:1052F00010786B460122FDF716F910B14FF0FF3020
:10530000BAE73220FCF7AFFFC0200090EA48807A6D
:1053100000F0010020B19DF8000040F02000009056
:10532000E54A12681179E44A526810786B46012206
:10533000FDF7F9F810B14FF0FF309DE7DE48407CF3
:1053400010B10220009001E000200090DA4A1268BB
:10535000D17BD94A526810786B460122FDF7E3F8F9
:1053600010B14FF0FF3087E700200090D24A12685A
:105370005179D14A526810786B460122FDF7D3F873
:10538000002855D04FF0FF3076E704200090CA4A3D
:1053900012681179C84A526810786B460122FDF7ED
:1053A000C2F810B14FF0FF3066E7C348807C20B9E7
:1053B000C148807A00F0010010B94020009001E05F
:1053C00060200090BC4A12681179BB4A526810787C
:1053D0006B460122FDF7A7F810B14FF0FF304BE705
:1053E0003220FCF740FFB448407C10B1012000900F
:1053F00001E000200090B04A1268D17BAE4A5268AA
:1054000010786B460122FDF78EF810B14FF0FF3097
:1054100032E7A94A12685179A74A52681078A64B18
:1054200010330122FDF77FF810B14FF0FF3023E772
:10543000002021E770B50446002624F001049E48B0
:1054400090F8240008B1002070BD9B48807A10B904
:105450004FF0FF30F8E79848057C807A2040964965
:1054600008740846007CA04202D04FF0FF3600E0EE
:10547000002614B99048007D18B10120FFF730FDD7
:1054800002E00020FFF72CFD3CB1FFF7EFFE20B15A
:10549000894805744FF0FF30D6E73046D4E738B579
:1054A00004468548807A10B94FF0FF3038BDBC2CD7
:1054B00002DB0120009015E0622C02DB022000904C
:1054C00010E02A2C02DB032000900BE0142C02DBFE
:1054D0000420009006E00A2C02DB0520009001E089
:1054E000062000907448C07A9DF80010884201D1CF
:1054F0000020DBE7704A126891786F4A5268107892
:105500006B460122FDF70FF810B14FF0FF30CDE7E9
:105510009DF800106848C1720020C7E738B50446FE
:10552000282C02DD4FF0FF3038BDDCB90020FFF73A
:1055300061FD00208DF8000007208DF801005E4A13
:105540001268917C5C4A526810786B460222FCF724
:10555000EAFF10B14FF0FF30E6E700215648017531
:105560000020E1E70120FFF745FD20208DF8000035
:10557000012C06D100208DF801000520FFF78FFFD8
:1055800017E0052C06DC01208DF801000520FFF74F
:1055900086FF0EE0142C06DC02208DF801000A20A4
:1055A000FFF77DFF05E003208DF801001420FFF7D1
:1055B00076FF9DF80100072101EB8010C0B28DF845
:1055C00001003D4A1268917C3B4A526810786B4654
:1055D0000222FCF7A8FF10B14FF0FF30A4E708212A
:1055E0003548817200210173012101750020FFF708
:1055F00021FF002098E738B504462F48807A10B97B
:105600004FF0FF3038BD2C4890F8240010B14FF017
:10561000FF30F7E72848007D50B134B1282C04DC76
:10562000E0B2FFF77BFF0020ECE70020FFF776FFFA
:10563000042C01DA042404E0B4F57A7F01DD4FF490
:105640007A744FF47A7090FBF4F0401EC0B2009070
:10565000194A12685178184A526810786B4601222C
:10566000FCF761FF10B14FF0FF30CBE79DF8000071
:10567000401C4FF47A7191FBF0F081B20E48C18169
:105680000146C9894810FFF70AFF0020BAE738B57C
:1056900004460948807A10B94FF0FF3038BD022C1B
:1056A00006D0042C0AD0082C0BD0102C0FD10BE004
:1056B000002000900EE00000E8010020082000908B
:1056C00008E01020009005E01820009002E04FF064
:1056D000FF30E3E700BFF848407A9DF80010B0EBD8
:1056E000E10F01D10020D9E7F34A1268D179F24ADB
:1056F000526810786B460122FCF715FF10B14FF08D
:10570000FF30CBE79DF80000C110EB48417200204C
:10571000C4E738B50446E848807A10B94FF0FF3046
:1057200038BDFA2C09D0B4F5FA7F09D0B4F57A7FE8
:1057300009D0B4F5FA6F0CD108E0002000900BE01E
:105740000820009008E01020009005E0182000904C
:1057500002E04FF0FF30E3E700BFD748007A9DF842
:105760000010B0EBE10F01D10020D9E7D24A126856
:105770009179D14A526810786B460122FCF7D3FE2A
:1057800010B14FF0FF30CBE79DF80000C010CA49C0
:1057900008720020C4E71CB580208DF80000C64ABE
:1057A0001268917CC44A526810786B460122FCF75B
:1057B000BAFE10B14FF0FF301CBD6420FCF753FD62
:1057C00000208DF80000BC4A1268917CBA4A5268E9
:1057D00010786B460122FCF7A6FE10B14FF0FF30A7
:1057E000EAE7B54A1268917DB34A526810786B4671
:1057F0000622FCF7E7FE10B14FF0FF30DCE79DF822
:105800000500C007400F9DF8031001F0010140EAB8
:1058100041009DF8011001F0010140EA01048CB142
:10582000012C03D10121A448C17430E0022C03D122
:105830000021A148C1742AE0A0A0FFF70AFA4FF0A6
:10584000FF30B9E79C4A1268D1789B4A52681078B9
:105850006B460122FCF7B6FE10B14FF0FF30ABE70C
:105860009DF8000000F00F042CB99E48FFF7F1F9F5
:105870004FF0FF30A0E7042C06D19BA0FFF7E9F919
:1058800001218D48C17402E000218B48C174FF21C1
:1058900089488172FF2088490872FF218648417239
:1058A000C1724FF6FF71C181FF2101748174012122
:1058B000017380F82210002180F8231041750175D2
:1058C0001630016041608160163880F8241080F83D
:1058D0002510C1844FF4FA60FFF71BFF10B14FF0A1
:1058E000FF3069E70220FFF7D2FE10B14FF0FF3022
:1058F00062E72A20FFF7D3FD10B14FF0FF305BE7DE
:105900003220FFF778FE10B14FF0FF3054E700204F
:10591000FFF790FD10B14FF0FF304DE70020FFF78B
:1059200001FC10B14FF0FF3046E70020FFF795FB78
:10593000002041E77CB504460D465F48807A00F0C0
:10594000700010B94FF0FF307CBD5B4A1268117BCC
:10595000594A526810786B460622FCF733FE10B1A4
:105960004FF0FF30F0E79DF801009DF8001040EA8D
:10597000012000B220809DF803009DF8021040EA4B
:10598000012000B260809DF805009DF8041040EAF7
:10599000012000B2A08015B12846FCF770FC002061
:1059A000D2E77CB504460D464348807A00F00800F3
:1059B00010B94FF0FF307CBD3F4A1268517B3E4A20
:1059C000526810786B460622FCF7FCFD10B14FF0D0
:1059D000FF30F0E79DF801009DF8001040EA01203B
:1059E00000B220809DF803009DF8021040EA0120DB
:1059F00000B260809DF805009DF8041040EA012087
:105A000000B2A08015B12846FCF739FC0020D2E78F
:105A10002DE9FE4F05460C462748807A18B94FF00D
:105A2000FF30BDE8FE8F244A1268917B224A5268FB
:105A3000107802AB0222FCF7C5FD10B14FF0FF3029
:105A4000EFE79DF809009DF8081040EA012006B232
:105A500014B12046FCF713FC17494968C88802F0C6
:105A6000B6FB154901904968B1F9080002F0A6FBA0
:105A70008346304602F0A2FB5946009002F0A0F99E
:105A80008246019902F0D4F981461F4902F046F995
:105A900080464FF08F4102F099F9074602F0ADFBC6
:105AA00028600020BDE710B588B004461CB94FF04F
:105AB000FF3008B010BD29E0E8010020556E737575
:105AC00070706F7274656420736F6674776172654D
:105AD0002070726F64756374207265762025642E61
:105AE0000A00000038AC000848616C662073656EDF
:105AF0007369746976697479207061727420666F55
:105B0000756E642E0A00000000000C42206830B957
:105B1000606820B9A06810B9002008B010BDFA492B
:105B20004968087806AB03221146FCF74BFD10B11B
:105B30004FF0FF30F1E79DF81800082101EB20102D
:105B400000F00F00ADF800009DF8190001EB2010E7
:105B500000F00F00ADF802009DF81A0001EB2010D4
:105B600000F00F00ADF8040020684100BDF900000E
:105B7000403091FBF0F000B2ADF8100060684100D9
:105B8000BDF90200403091FBF0F000B2ADF8120018
:105B9000A0684100BDF90400403091FBF0F000B274
:105BA000ADF81400D8494968087806AB06221146BA
:105BB000FCF708FD10B14FF0FF30AEE79DF819007B
:105BC0009DF8181040EA012000B2ADF808009DF8D9
:105BD0001B009DF81A1040EA012000B2ADF80A003F
:105BE0009DF81D009DF81C1040EA012000B2ADF8A0
:105BF0000C00BDF81000BDF80810084400B2ADF864
:105C00001000BDF81200BDF80A10084400B2ADF84B
:105C10001200BDF81400BDF80C10084400B2ADF835
:105C20001400BDF81000000A8DF81800BDF810002F
:105C3000C0B28DF81900BDF81200000A8DF81A00E4
:105C4000BDF81200C0B28DF81B00BDF81400000AA8
:105C50008DF81C00BDF81400C0B28DF81D00AA49D3
:105C60004968087806AB06221146FCF75CFC10B1C7
:105C70004FF0FF3051E700204FE70146A248007A7D
:105C800030B1012807D0022809D003280FD10AE03B
:105C9000FA2008800EE04FF4FA7008800AE04FF412
:105CA0007A70088006E04FF4FA60088002E0002075
:105CB000088000BF00BF0020704701469248407A2C
:105CC00030B1012807D0022808D003280CD108E001
:105CD000022008700BE00420087008E0082008701B
:105CE00005E01020087002E04FF0FF30704700BF61
:105CF0008548C07C18B108784006000E0870002066
:105D0000F4E701468048C07A082817D2DFE800F09F
:105D10001704070A0D101318BC20088013E0622036
:105D2000088010E02A2008800DE0142008800AE096
:105D30000A20088007E00520088004E000BF00BFBB
:105D40000020088000BF00BF0020704701466E4859
:105D500090F8240010B14FF0FF3070476A48C089B6
:105D600008800020F9E7014600200880401E7047A7
:105D700001464FF0FF30704701466348007A30B16A
:105D8000012807D0022808D003280CD108E05F487A
:105D900008600BE05E48086008E05E48086005E0C7
:105DA0005D48086002E04FF0FF30704700BF002000
:105DB000FBE701465448407A30B1012808D0022858
:105DC0000AD0032810D10BE04FF4804008800EE089
:105DD00041F69C7008800AE04FF48050088006E08D
:105DE0004FF40060088002E04FF0FF30704700BFC2
:105DF0004548C07C10B10888401008800020F5E7B5
:105E000001464148007C08700020704701463E482A
:105E1000807A10B10120087001E000200870002095
:105E2000704738B504463848807A10B94FF0FF30D3
:105E300038BD354A1268117C334A526810786B4677
:105E40000222FCF7BFFB10B14FF0FF30F0E79DF8E6
:105E500001009DF8001040EA012000B220800020DF
:105E6000E6E72DE9FE4F0746884692461D46DDF8D7
:105E700030B000260024244890F8240010B1601EA1
:105E8000BDE8FE8F002028701F48807A10B94FF0BF
:105E9000FF30F5E71C48007C10B94FF0FF30EFE70A
:105EA0001948007C00F0400008B1B01CC6B216488A
:105EB000007C00F0200008B1B01CC6B21248007C83
:105EC00000F0100008B1B01CC6B20F48007C00F012
:105ED000080008B1B01DC6B20B4A1268917A0A4A8E
:105EE000526810786B460222FCF76CFB10B14FF041
:105EF000FF30C5E79DF801009DF8001040EA012938
:105F0000B1450BDA0020BBE7E801002000000343A5
:105F1000000083423333034233338341FC484068FB
:105F20004088B9EB600F17DDF94A1268517CF84AD6
:105F3000526810786B460122FCF744FB10B14FF019
:105F4000FF309DE79DF8000000F0100020B1FFF742
:105F50008DF96FF0010093E75046FCF790F9EC4A99
:105F60001268D17AEA4A526810786B463246FCF7DA
:105F700029FB10B14FF0FF3082E799FBF6F0401E8D
:105F80008BF8000000202870B4422AD0E048007C42
:105F900000F0080028B3601C1DF800001DF8041074
:105FA00040EA012000B2A8F80000E01C1DF8001033
:105FB000A01C1DF8000041EA002000B2A8F8020071
:105FC000601D1DF80010201D1DF8000041EA002092
:105FD00000B2A8F80400287840F008002870A01D3E
:105FE00084B2B44213D0CA48007C00F0400070B1C3
:105FF000601C1DF800001DF8041040EA012000B2EA
:106000003880287840F040002870A01C84B2B44248
:1060100013D0BF48007C00F0200070B1601C1DF858
:1060200000001DF8041040EA012000B278802878B2
:1060300040F020002870A01C84B2B44213D0B448B1
:10604000007C00F0100070B1601C1DF800001DF80D
:10605000041040EA012000B2B880287840F0100017
:106060002870A01C84B200200AE7F8B504460F4649
:106070001646A74890F8240010B94FF0FF30F8BD3D
:10608000A348807A10B94FF0FF30F8E7A04A1268B1
:10609000917A9F4A526810786B460222FCF792FA76
:1060A00010B14FF0FF30EAE79DF801009DF80010B5
:1060B00040EA0125A54203DA00203070401EDEE7E9
:1060C000934840684088B5EB600F17DD904A12682E
:1060D000517C8F4A526810786B460122FCF772FAA5
:1060E00010B14FF0FF30CAE79DF8000000F010003B
:1060F00020B1FFF7BBF86FF00100C0E7E2B2844BBC
:106100001B68D97A824B5B6818783B46FCF75AFAD1
:1061100010B14FF0FF30B2E795FBF4F0401E307045
:106120000020ACE701467A4880F822100020704732
:106130007CB5054676494968087801AB04220D21F3
:10614000FCF740FA08B107207CBD9DF80700C0F3BA
:1061500001109DF8041001F0E00140EAE1008DF823
:1061600000009DF80700C0F381009DF8051001F0C4
:10617000E00140EAE1008DF801009DF8070000F021
:1061800003009DF8061001F0E00140EAE1008DF8FF
:10619000020000241CE01DF8040018B9002045F896
:1061A000240013E05B4845F8240006E055F824007D
:1061B000594901F00BFE45F824001DF80400401E6B
:1061C000C0B20DF804000028F0D100BF601CC4B2BA
:1061D000032CE0DB0020B7E72DE9FE4F06460F4613
:1061E00000256846FFF7A4FF002442E056F824008B
:1061F00057F82410A0EB010ABAF1000F01DB514659
:1062000001E0CAF10001084601F0D8FF83464FF0D3
:106210008F4101F00DFE80465DF82400002102F060
:1062200061F816D05DF82410404601F001FE824668
:106230004FF07E5101F0C4FD814629F0004A3748F5
:10624000416A504602F058F812D20120A04005439E
:106250000EE03248C169404602F044F805D32F48A9
:10626000016A404602F048F802D20120A0400543EE
:10627000641C032CBADB2846BDE8FE8F2DE9FC5FC9
:1062800006460F46002522494968087801AB0322DB
:106290000D21FCF797F910B10720BDE8FC9F9DF890
:1062A000040000F01F008DF804009DF8050000F0C8
:1062B0001F008DF805009DF8060000F01F008DF806
:1062C0000600002462E056F8240057F82410A0EBE2
:1062D000010BBBF1000F01DB594601E0CBF10001DE
:1062E000084601F06BFF4FF08F41009001F0A0FDD8
:1062F000814601A8005DC0B30849086801F067FF46
:1063000083465946064801F093FD80460FE00000A1
:10631000E80100207B14AE3E1D5A843F089E000811
:1063200000B04C45FE49404601F050FD804601A8B2
:10633000005D401EC0B201A908550028F2D14146B7
:10634000484601F075FD83464FF07E5101F038FD5F
:1063500082462AF0004BF3488169584601F0CCFF91
:1063600013D20120A04005430FE0FFE7ED4801698B
:10637000484601F0B7FF05D3EA484169484601F0B5
:10638000BBFF02D20120A0400543641C032C9ADB12
:10639000284682E72DE9F04F87B005460C46914626
:1063A00001208DF8100000208DF81100DE4A1268DF
:1063B000917CDD4A5268107804AB0222FCF7B3F8F6
:1063C00020B14FF0FF3007B0BDE8F08FC820FBF7D9
:1063D0004AFF00208DF81000D34A1268D17BD24AC0
:1063E0005268107804AB0122FCF79DF810B14FF011
:1063F000FF30E8E7CC4A12685179CB4A52681078EE
:1064000004AB0122FCF78FF810B14FF0FF30DAE750
:10641000C54A1268917CC44A5268107804AB0122C4
:10642000FCF781F810B14FF0FF30CCE7BE4A12689C
:10643000D17DBD4A5268107804AB0122FCF773F895
:1064400010B14FF0FF30BEE7B74A12681179B64A73
:106450005268107804AB0122FCF765F810B14FF0D8
:10646000FF30B0E70C208DF81000AF4A12681179A8
:10647000AD4A5268107804AB0122FCF754F810B111
:106480004FF0FF309FE70F20FBF7EDFEA648806A34
:10649000407A8DF81000A44A12689178A24A526896
:1064A000107804AB0122FCF73EF810B14FF0FF303A
:1064B00089E79D48806A007A8DF810009A4A126830
:1064C0005178994A5268107804AB0122FCF72BF8F6
:1064D00010B14FF0FF3076E7B9F1000F07D09248C6
:1064E000806A807A40F0E0008DF8100004E08E4869
:1064F000806A807A8DF810008B4A126891798A4AF6
:106500005268107804AB0122FCF70DF810B14FF07F
:10651000FF3058E7B9F1000F07D08348806AC07A8E
:1065200040F0E0008DF8100003E07E48C07A8DF85E
:1065300010007D4A1268D1797B4A5268107804AB0A
:106540000122FBF7F0FF10B14FF0FF303BE7B9F14C
:10655000000F02D0C820FBF786FE40208DF8100007
:10656000714A12681179704A5268107804AB01229E
:10657000FBF7D9FF10B14FF0FF3024E778208DF8FA
:106580001000694A12685179674A5268107804AB62
:106590000122FBF7C8FF10B14FF0FF3013E761494C
:1065A0008889FBF760FE00208DF810005E4A1268B3
:1065B00051795D4A5268107804AB0122FBF7B3FFB2
:1065C00010B14FF0FF30FEE6574A1268917A564AF2
:1065D0005268107804AB0222FBF7F4FF10B14FF0C1
:1065E000FF30F0E69DF811009DF8101040EA012BF5
:1065F0000C209BFBF0F0C6B20020A8606860286009
:10660000A06060602060824665E0474A1268D17AE7
:10661000454A5268107804AB0C22FBF7D3FF10B147
:106620004FF0FF30CFE69DF811009DF8101040EAC2
:10663000012000B2ADF808009DF813009DF812107B
:1066400040EA012000B2ADF80A009DF815009DF85F
:10665000141040EA012000B2ADF80C00BDF908109A
:10666000206808442060BDF90A1060680844606032
:10667000BDF90C10A0680844A0609DF817009DF8B3
:10668000161040EA012000B2ADF800009DF8190094
:106690009DF8181040EA012000B2ADF802009DF804
:1066A0001B009DF81A1040EA012000B2ADF804006A
:1066B000BDF90010286808442860BDF90210686818
:1066C00008446860BDF90410A8680844A8600AF18D
:1066D000010000F0FF0AB24597DB1248D0F800C075
:1066E0002868C117090441EA1041070462460023E3
:1066F000384601F0A5FA32460023CDE9020101F047
:106700009FFA28600748D0F800C06868C1170904DC
:1067100041EA1041070462460023384606E00000C3
:1067200054E3853F089E0008E801002001F088FA44
:1067300032460023CDE9020101F082FA6860FE488A
:10674000D0F800C0A868C117090441EA1041070445
:1067500062460023384601F073FA32460023CDE941
:10676000020101F06DFAA860F348D0F804C0216876
:10677000C817000440EA11480F0462460023384657
:10678000414601F05DFA32460023CDE9020101F0F5
:1067900057FA2060E848D0F804C06068C1170904BF
:1067A00041EA1041070462460023384601F048FAE6
:1067B00032460023CDE9020101F042FA6060DE4872
:1067C000D0F804C0A068C117090441EA10410704C9
:1067D00062460023384601F033FA32460023CDE901
:1067E000020101F02DFAA060A068002804DDA06875
:1067F000A0F58030A06003E0A06800F58030A060C4
:106800000020E0E538B50446CC4890F82400A042CA
:1068100001D1002038BD24B3C84890F8250010B934
:106820004FF0FF30F6E70020FEF75AFB0020FEF79E
:1068300079FCC249C88CFEF7DEFE00200090BF49FB
:10684000496808786B4601222321FBF76CFE012181
:10685000BA4880F824100120FEF742FBFEF706FD3F
:1068600013E00020FEF73CFBB448007C0090B349E5
:10687000496808786B4601222321FBF754FE00216A
:10688000AE4880F82410FEF7F1FC0020C2E72DE9A5
:10689000F04F8DB083460F4602200C90A74890F829
:1068A000240020B10020FFF7ADFF012600E0002604
:1068B00003A8FFF7E2F905A8FFF7FFF901A8FFF722
:1068C00020FA02A8FFF742FA9C4890F80AA004A810
:1068D000FFF796FA002407E0002239465846FFF7F2
:1068E00059FD00B902E0641C022CF5DB00BF022C4C
:1068F00001D1002528E0002407E0012206A909A80B
:10690000FFF748FD00B902E0641C022CF5DB00BF74
:10691000022C01D1002517E006A93846FFF75CFCE0
:1069200000F0FF0809A95846FFF7A8FC00F0FF098E
:106930000025B9F1000F01D145F00105B8F1000FB4
:1069400001D145F0020500BFFF207C490872FF21FC
:106950007A484172C1724FF6FF71C181FF21817285
:10696000017401210173BDF80C00FEF7D2FE9DF801
:106970001400FEF78CFEBDF80400FEF790FDBDF894
:106980000800FEF738FE5046FEF767FB9DF8100042
:10699000FEF750FD16B10120FFF734FF28460DB079
:1069A000BDE8F08FF8B504460D46164616B94FF00F
:1069B000FF30F8BD6148807A10B94FF0FF30F8E73A
:1069C00020128DF80000E0B28DF801009DF8010062
:1069D00028445A4949684989884202DD4FF0FF300E
:1069E000E7E7564A1268117E544A526810786B469F
:1069F0000222FBF798FD10B14FF0FF30D9E7EAB261
:106A00004E4B1B68597D4D4B5B6818783346FBF73E
:106A10008AFD10B14FF0FF30CBE70020C9E7F8B591
:106A200004460D46164616B94FF0FF30F8BD4348F0
:106A3000807A10B94FF0FF30F8E720128DF800008F
:106A4000E0B28DF801009DF8010028443B494968F7
:106A50004989884202DD4FF0FF30E7E7374A126884
:106A6000117E364A526810786B460222FBF75BFDB6
:106A700010B14FF0FF30D9E7EAB2304B1B68597DB7
:106A80002E4B5B6818783346FBF79CFD10B14FF036
:106A9000FF30CBE70020C9E72DE9F04385B005467C
:106AA0000E4690469946254890F8250020B14FF0B3
:106AB000FF3005B0BDE8F08316B94FF0FF30F8E7BE
:106AC000002423E0281B102801DD102000E0281BF3
:106AD00087B2321939462046FFF764FF10B14FF0F4
:106AE000FF30E6E701AA39462046FFF798FF10B1CC
:106AF0004FF0FF30DDE730193A4601A901F001F906
:106B000010B16FF00100D4E7E01984B2AC42D9DBD8
:106B10004FEA28208DF8000008F0FF008DF80100F2
:106B2000064A1268917E054A526810786B46022226
:106B3000FBF7F9FC38B103E0089E0008E8010020EB
:106B40004FF0FF30B5E701218A4880F82510A0F802
:106B500026900020ADE70146864890F82400087092
:106B60000020704702464FF0FF30704701464FF05B
:106B7000FF307047F8B505460F461446002C70D01C
:106B8000B5F5FF5F01DDFF2605E0202D01DA0126C6
:106B900001E0C5F3471607B90127282C02DD4FF0A5
:106BA000FF30F8BD7348407D28BB724890F8240040
:106BB00038B10020FFF726FE01216E4880F8201032
:106BC00003E000216B4880F820106A481630FFF778
:106BD00054F868481830FFF770F866481A30FFF725
:106BE00090F864481C30FFF7B1F86248817A8177E9
:106BF0001F30FFF705F90020FEF772F90020FEF7BD
:106C00008DFC00208DF800005A4A12689178594A8C
:106C1000526810786B460122FBF785FC10B14FF0EB
:106C2000FF30BEE740208DF80000524A1268D17B49
:106C3000504A526810786B460122FBF774FC00B191
:106C400065E08DF800608DF801704A4A1268117A8B
:106C5000484A526810786B460222FBF764FC08B180
:106C600055E047E00520FBF7FEFA4248407A07214D
:106C700001EBC000C0B28DF800003E4A1268D17925
:106C80003C4A526810786B460122FBF74CFC00B17D
:106C90003DE020208DF80000012C03D100208DF86C
:106CA00001000EE0052C03DC01208DF8010008E056
:106CB000142C03DC02208DF8010002E003208DF883
:106CC00001009DF80100072101EB8010C0B28DF892
:106CD0000100284A1268917C264A526810786B4657
:106CE0000222FBF720FC00B111E00121214841758F
:106CF000002056E71F4A1632002103E0505C00B125
:106D000005E0491C0C29F9D34FF0FF3049E7FF207B
:106D100018490872FF2117484172C1724FF6FF717E
:106D2000C181FF2181720174012101730146887FB5
:106D3000FEF793F90F49C88AFEF7EBFC0D49087E70
:106D4000FEF7A5FC0B49488BFEF7A9FB0949888B88
:106D5000FEF751FC0749C87FFEF76CFB054890F829
:106D6000200010B10120FFF74DFD002101484175C1
:106D7000002016E7E801002010B5C8234FF4806218
:106D8000F74940F6F630FFF787FE10BD10B586B024
:106D90000446F4A000680390F3A000680290F3A0FA
:106DA00000680190F2A00068009004F0030003A9BD
:106DB000085C8DF8140003A8C4F3C101405C8DF891
:106DC000150003A8C4F38111405C8DF8160004F08F
:106DD000030002A9085C8DF8100002A8C4F3C101E9
:106DE000405C8DF8110002A8C4F38111405C8DF85D
:106DF000120005AA032140F22640FFF7D3FD18B187
:106E00004FF0FF3006B010BD04AA032140F22A4023
:106E1000FFF7C8FD10B14FF0FF30F3E70198059080
:106E20000098049004F0040058B19DF8140040F05C
:106E300001008DF814009DF8100040F001008DF85D
:106E4000100004F0200058B19DF8150040F001003A
:106E50008DF815009DF8110040F001008DF811002B
:106E600004F4807058B19DF8160040F001008DF8D0
:106E700016009DF8120040F001008DF8120005AADE
:106E800003214FF48860FFF78DFD10B14FF0FF3004
:106E9000B8E704AA032140F23140FFF783FD10B1A7
:106EA0004FF0FF30AEE7B34804810020AAE71FB5DA
:106EB0000446B048007A00F0030054F82000019026
:106EC000AC48007A00F0040010B1019840420190F3
:106ED000A848007AC0F3C10054F820000290A548E9
:106EE000007A00F0200010B1029840420290A148C0
:106EF000007AC0F3811054F8200003909D48008967
:106F000000F4807010B10398404203909A490198B0
:106F100080FB0101800F40EA8100019096490298B0
:106F200080FB0110820042EA91700290924903981E
:106F300080FB0110820042EA917003900198000EDC
:106F40008DF800000198000C8DF801000198000AEE
:106F50008DF802000198C0B28DF803006A46042142
:106F60004FF47470FFF71EFD18B14FF0FF3004B0FE
:106F700010BD0298000E8DF800000298000C8DF8EC
:106F800001000298000A8DF802000298C0B28DF844
:106F900003006A4604214FF47570FFF703FD10B13A
:106FA0004FF0FF30E3E70398000E8DF800000398E0
:106FB000000C8DF801000398000A8DF80200039878
:106FC000C0B28DF803006A4604214FF47670FFF7D3
:106FD000E9FCCCE770B588B0064601A8FEF7E9FEEB
:106FE000BDF804000021C90341EA5045C4036148CB
:106FF000007A00F0030056F8200005905D48007A02
:1070000000F0040010B10598404205905948007AFC
:10701000C0F3C10056F8200006905648007A00F0F0
:10702000200010B10698404206905248007AC0F302
:10703000811056F8200007904E48008900F48070B7
:1070400010B10798404207900598C117A0FB042390
:1070500001FB043100FB0510810041EA92700590AC
:107060000698C117A0FB042301FB043100FB0510A7
:10707000810041EA927006900798C117A0FB042393
:1070800001FB043100FB0510810041EA927007907A
:107090000598000E8DF808000598000C8DF8090081
:1070A0000598000A8DF80A000598C0B28DF80B000B
:1070B0000698000E8DF80C000698000C8DF80D0057
:1070C0000698000A8DF80E000698C0B28DF80F00E1
:1070D0000798000E8DF810000798000C8DF811002D
:1070E0000798000A8DF812000798C0B28DF81300B7
:1070F00002AA0C214FF42570FFF754FC08B070BDB4
:1071000030B585B004461DA207CA02AB07C3C82C20
:1071100003DD4FF0FF3005B030BDC82090FBF4F028
:10712000401E85B2280A8DF80000E8B28DF80100F3
:107130006A46022140F21620FFF734FC10B14FF0EE
:10714000FF30E8E702AA0C2140F6C120FFF72AFC35
:1071500010B14FF0FF30DEE7064884810020DAE707
:10716000309E00084CCD6C000CC92C0036567600C1
:10717000264666009003002009E3CA02FEF2ABC473
:10718000AAF1DFDFBBAFDFDF0146FC488089088062
:10719000002070472DE9FC4706460F4606F0070021
:1071A00010B1B7F5C86F03DD4FF0FF30BDE8FC87C5
:1071B000384601F00CF88146F14900F039FE80466E
:1071C0006846FEF77AFD9DF80000022806D00428E4
:1071D00016D0082826D0102848D135E04FF08D4130
:1071E000404600F0F3FD814601F020F884B2E54905
:1071F000404600F0EBFD814601F018F885B238E01A
:107200004FF08C41404600F0E1FD814601F00EF860
:1072100084B2DD49404600F0D9FD814601F006F810
:1072200085B226E04FF08B41404600F0CFFD81460D
:1072300000F0FCFF84B2D549404600F0C7FD81460E
:1072400000F0F4FF85B214E04FF08A41404600F0B0
:10725000BDFD814600F0EAFF84B2CD49404600F012
:10726000B5FD814600F0E2FF85B202E04FF0FF304D
:107270009CE700BF20128DF80400E0B28DF80500F5
:1072800028128DF80600E8B28DF8070006F001001C
:10729000A0B101AA02214FF4EA70FFF783FB10B1FD
:1072A0004FF0FF3082E70DF1060202214FF4927099
:1072B000FFF778FB10B14FF0FF3077E706F00200E0
:1072C000A0B101AA02214FF4EC70FFF76BFB10B1E3
:1072D0004FF0FF306AE70DF1060202214FF494707F
:1072E000FFF760FB10B14FF0FF305FE706F00400DE
:1072F000A0B101AA02214FF4EE70FFF753FB10B1C9
:107300004FF0FF3052E70DF1060202214FF4967064
:10731000FFF748FB10B14FF0FF3047E7002045E78B
:1073200038B504460020009004F0010020B19DF81B
:10733000000040F03000009004F0020020B19DF801
:10734000000040F00C00009004F0040020B19DF813
:10735000000040F0030000906A4601214FF4A47041
:10736000FFF720FB38BD38B50446012C01DA0124B3
:1073700002E0042C00DD0424601EC0B200906A46C6
:10738000012140F24F10FFF70DFB38BD38B5044620
:10739000052094FBF0F085B228128DF80000E8B2C9
:1073A0008DF801006A4602214FF4EF70FFF7FAFAF8
:1073B00038BD38B50446052094FBF0F085B228129C
:1073C0008DF80000E8B28DF801006A4602214FF402
:1073D000ED70FFF7E7FA38BDF8B505460E464FF4F5
:1073E0007A7095FBF0F000FB06F4200E8DF800009B
:1073F000200C8DF80100200A8DF80200E0B28DF813
:1074000003006A4604214FF4AE70FFF7CBFAF8BDD3
:1074100038B50446052094FBF0F084B220128DF8B4
:107420000000E0B28DF801006A4602214FF4AD7011
:10743000FFF7B8FA38BD38B50446052094FBF0F0E4
:1074400084B220128DF80000E0B28DF801006A4687
:1074500002214FF4AC70FFF7A5FA38BD38B50446E9
:1074600014B94FF0FF3038BD6A4604214FF458700C
:10747000FFF7D5FA10B14FF0FF30F4E79DF80000A8
:1074800000069DF8011040EA01409DF8021040EA14
:1074900001209DF80310084320600020E3E738B581
:1074A0000446200E8DF80000200C8DF80100200A03
:1074B0008DF80200E0B28DF803006A4604214FF413
:1074C0005870FFF76FFA38BD38B5044614B94FF05D
:1074D000FF3038BD6A4604214FF47170FFF79FFA00
:1074E00010B14FF0FF30F4E79DF8000000069DF862
:1074F000011040EA01409DF8021040EA01209DF889
:107500000310084300EB8000800020600020E0E7CB
:1075100038B504461420B4FBF0F4200E8DF80000BA
:10752000200C8DF80100200A8DF80200E0B28DF8E1
:1075300003006A4604214FF47170FFF733FA38BD37
:1075400038B5044664B120208DF8000028208DF85D
:10755000010030208DF8020038208DF8030004E08F
:10756000A3220421684600F0AEFB6A46042140F6DF
:107570009E20FFF717FAFDF779FE38BD9003002033
:1075800000004843000040460000C0450000404560
:107590000000C04438B5044664B1C0208DF8000036
:1075A000C2208DF80100C4208DF80200C6208DF89D
:1075B000030004E08B220421684600F084FB6A4645
:1075C000042140F69820FFF7EDF9FDF74FFE38BD96
:1075D0003EB504466CB1FDA1D1E900208968CDE932
:1075E000002002916A4609214FF49760FFF7DAF90B
:1075F0003EBDF9A2D2E900109268CDE901020091E6
:107600006A4609214FF49760FFF7CCF9F0E73EB5E1
:10761000044602208DF80000CA208DF80100E32006
:107620008DF8020009208DF803006A4604216820C5
:10763000FFF7B8F9A3208DF8000004F0400048B12E
:10764000C0208DF80100C8208DF80200C2208DF8FE
:10765000030006E0A3208DF801008DF802008DF8EC
:10766000030004F4C07048B1C4208DF80400CC209D
:107670008DF80500C6208DF8060006E0A3208DF8E1
:1076800004008DF805008DF80600A3208DF8070092
:107690008DF808008DF809006A460A2140F6A720F7
:1076A000FFF780F904F0030018B120208DF80000E6
:1076B00002E0D8208DF800006A46012140F6B6208D
:1076C000FFF770F904F0200018B10120FFF780FFE8
:1076D00002E00020FFF77CFF04F4C07008B304F45C
:1076E000807060B1B2208DF800008B208DF8010011
:1076F000B6208DF802009B208DF803000BE0B0202F
:107700008DF8000080208DF80100B4208DF8020073
:1077100090208DF803006A46042140F6A220FFF76E
:1077200041F904F0010020B3F8208DF800006A460A
:1077300001214FF40B60FFF735F9FA210720FFF71D
:1077400029FD0720FFF7ECFD0120FFF70CFE642068
:10775000FFF71CFE4FF4FA70FFF72BFEC821A1487B
:10776000FFF73AFE2820FFF753FE0A20FFF763FEDB
:1077700008E0D8208DF800006A4601214FF40B6024
:10778000FFF710F904F0020018B1D9208DF80000BD
:1077900002E0D8208DF800006A46012140F23D70D9
:1077A000FFF700F904F0040018B10120FFF7F2FE22
:1077B00002E00020FFF7EEFE04F0100018B10120F7
:1077C000FFF7BEFE02E00020FFF7BAFE44F008001B
:1077D00085494881FDF74AFD00208349887304F0FC
:1077E000400018B10846807B801D887304F4C07087
:1077F00020B17D48807B801D7B49887304F0140094
:1078000020B17948807B10307749887304F00300F9
:1078100020B17548807B001D7349887300203EBDF0
:107820000146714840890880002070472DE9F041E9
:107830000446E07800F0C006E07800F03F0560788C
:1078400000F0010098B1EF102846E91705EB5171DF
:10785000C910A5EBC101491C01F0FF08624800688E
:1078600020B16148414602683846904700BF6078C1
:1078700000F0080030B15C48406818B1B0115A4AB5
:10788000516888470020BDE8F08110B586B00446F5
:1078900056A207CA03AB07C357A207CA8DE8070061
:1078A000012C09D0022C0ED103AA0B2140F6822014
:1078B000FFF778F806B010BD6A460B2140F682202B
:1078C000FFF770F8F6E74FF0FF30F3E72DE9F04FE0
:1078D0008DB00746884615469946DDE9166B0024AB
:1078E000002030804049887B5A4605A9FEF7BDFB41
:1078F00018B1601E0DB0BDE8F08F3B48807A00F0F3
:107900001400002861D09DF8140000069DF81510A1
:1079100040EA01409DF8161040EA01209DF817103A
:10792000084328609DF8180000069DF8191040EAE9
:1079300001409DF81A1040EA01209DF81B100843F1
:1079400068609DF81C0000069DF81D1040EA01408B
:107950009DF81E1040EA01209DF81F100843A86002
:107960009DF8200000069DF8211040EA01409DF896
:10797000221040EA01209DF823100843E86004F13A
:107980001000C4B2286800140190686800140290C6
:10799000A86800140390E86800140490019840431C
:1079A000029901FB0100039901FB0100049901FB0D
:1079B000010ABAF1706F02DBBAF1885F22DDFDF7D0
:1079C00055FC00203080401E94E721E0B8AAB38D1A
:1079D000B4980D355D000000B8AAAAAAB088C3C546
:1079E000C700000009E3CA0290030020D8B1B9F330
:1079F0008BA391B609B4D900DAB1B9F38BA391B6D0
:107A0000DAB4DA00B6F9000040F48070308000BFCC
:107A10007848807A00F0400020B305A9601C085C1B
:107A2000095D40EA012000B2A8F8000005A9E01CA9
:107A3000095C05AAA01C105C41EA002000B2A8F86D
:107A4000020005A9601D095C201D105C41EA0020B0
:107A500000B2A8F80400A01DC4B2B6F9000040F0BE
:107A6000080030806348408900F4C07008B305A95D
:107A7000601C085C095D40EA012000B2388005A95D
:107A8000E01C095C05AAA01C105C41EA002000B2C1
:107A9000788005A9601D095C201D105C41EA00206A
:107AA00000B2B880A01DC4B2B6F9000040F070006A
:107AB00030805048807A00F0030018B105A90819F9
:107AC000FFF7B4FE4846FAF7DAFB002012E701465A
:107AD0004848016000207047014646484160002048
:107AE0007047014691F90020002A01DD00201EE0C8
:107AF00091F90020002A01DA042018E091F9012010
:107B0000002A01DD012012E091F90120002A01DAAA
:107B100005200CE091F90220002A01DD022006E098
:107B200091F90220002A01DA062000E007207047C0
:107B300070B505462846FFF7D4FF0446E81CFFF75A
:107B4000D0FF44EAC00084B2A81DFFF7CAFF44EA90
:107B5000801084B2204670BD70B588B002A905A817
:107B6000FEF795FE0446032C3FD101A8FEF704F969
:107B7000059800F023FB0646019900F027F9054619
:107B800000F03BFB0590069800F018FB06460199B3
:107B900000F01CF9054600F030FB0690079800F055
:107BA0000DFB0646019900F011F9054600F025FB92
:107BB000079005A8FFF77BF96846FEF7FAF8BDF8CD
:107BC0000010029848430290BDF800100398484303
:107BD0000390BDF8001004984843049002A8FFF7F2
:107BE000F9F905A0FDF735F802E00CA0FDF731F832
:107BF00008B070BD9003002073657474696E6720CF
:107C0000626961732073756363657366756C6C7903
:107C1000202E2E2E2E2E2E0A000000006269617387
:107C200020686173206E6F74206265656E206D6FD1
:107C3000646966696564202E2E2E2E2E2E0A0000A1
:107C40002DE9F0410024061B254671F1000605DAF6
:107C500001240027D0EB070067EB0101161E73F12A
:107C6000000605DA0027D2EB0702012567EB0303C4
:107C700000F062FB86460E4617469C46AC4204D096
:107C80000025D0EB050E65EB010624B10020D2EBF8
:107C9000000760EB030C704631463A466346BDE888
:107CA000F08140EA01039B0703D009E008C9121FD5
:107CB00008C0042AFAD203E011F8013B00F8013BA6
:107CC000521EF9D27047D2B201E000F8012B491ED2
:107CD000FBD270470022F6E710B513460A46044669
:107CE0001946FFF7F0FF204610BD421E12F8013F73
:107CF000002BFBD111F8013B02F8013B002BF9D11D
:107D0000704730B504460020034600E05B1C9342F8
:107D100003D2E05CCD5C401BF8D030BDF0B480EA0B
:107D20000102D40F4200B2EB410F02D202460846D4
:107D300011464A0042D0C30DDDB2C1F3C752AD1A9D
:107D4000202D35DAC1F3160141F4000204B152428C
:107D5000C5F1200602FA06F12A411044B3EBD05FC8
:107D600023D0C4B1012DA0EBC35009DCF0BC4FF00F
:107D7000004202EAC352DBB200F5000000F037BB5C
:107D8000400000F1807000EBC350A0F1807040EA29
:107D9000D170490009E0490841EAC071A0EBC35025
:107DA00000F50000400800EBC350F0BC00F016BB2B
:107DB0006142012202EB4101001BF6E7F0BC704773
:107DC00081F00041AAE780F00040A7E780EA0102C5
:107DD00010B502F00043400022D04A001FD0010E2F
:107DE00001EB1261C0F35600C2F3560240F40000EA
:107DF00042F40002A0FB022000047F39140400D0EA
:107E0000401C50EA124001D44000491EC2B20C0688
:107E100004EBD010401C4008802A02D003E0002070
:107E200010BD20F00100002900DA0020184310BD29
:107E300030B480EA010202F0004530F0004221F047
:107E4000004013D090B1C30DD40DC2F31601C0F39E
:107E50001600E41A41F4000140F400027D3491421E
:107E600001D3641C00E04900002C02DA30BC002081
:107E700070474FF400000023914201D3891A034355
:107E800040084FEA4101F7D151B1914202D14FF080
:107E9000004105E002D24FF0010101E06FF0010165
:107EA00003EBC450284430BC00F098BA2DE9FE4FD3
:107EB000804681EA0300C00F0C46009021F000418B
:107EC00023F00045B8EB0200A94105D24046214607
:107ED00090461C460B46024623F00040104347D014
:107EE000270DC7F30A00C3F30A510290401A01900C
:107EF00040286BDAC3F3130040F4801B00989246CD
:107F000020B10023D2EB030A63EB0B0B0198594617
:107F1000C0F14002504600F040FA06460D46504679
:107F20005946019A00F048FA10EB0800614100241C
:107F300087EA115284EAE7731A4340D0009A62B389
:107F4000019A012A4FEA075215DC001B61EB02017E
:107F50004FF0004202EA0752CDE90042001C41F511
:107F6000801132462B4600F07FFA03B0BDE8F08F57
:107F700040462146F9E7001B61EB0201001C41F578
:107F8000801300185B412018A2F5001747EB03018E
:107F900040EAD570B6196D4111E06D084FEA36061A
:107FA00045EAC0754FEA0752001B61EB0201001C55
:107FB00041F5801149084FEA30000019514132461D
:107FC0002B4603B0BDE8F04F00F03FBA0098012205
:107FD00040000023D0EB020263EBE07300982146DF
:107FE0004FEAE074B8EB000061EB0401E9E783F0CD
:107FF00000435BE781F0004158E72DE9FE4F81EA3D
:10800000030404F0004421F0004100944FF0000B01
:1080100023F0004350EA01045ED052EA03045BD02F
:10802000C3F30A54C1F30A552C44A4F2F334019467
:10803000A0FB0254C1F3130141F48011C3F31303F5
:1080400043F4801301FB024400FB034E840A970AA9
:1080500044EA815447EA8357A4FB076802958D0AD6
:1080600005FB07854FEA932C04FB0C542705029D62
:108070004FEA065847EA1637B5EB08056EEB070CD2
:10808000870E920E47EA811742EA8312A7FB02018C
:10809000B6EB0B0164EB00042B0D43EA0C335E18C6
:1080A00044EB1C50DA465146E7FB0201C5F31304CA
:1080B0004FEA0B3343EA14534FEA0432019C43EA7C
:1080C0000603A4F10C040294009CCDE900B400F076
:1080D000CBF903B0BDE8F08F00200146F9E72DE9A8
:1080E000F04D81EA030404F0004B21F000451446F2
:1080F0004FF0000A23F0004150EA050220D054EA74
:1081000001021DD0C5F30A570246C5F31303C1F39C
:108110001300C1F30A5640F4801543F48013A7EB13
:108120000608101BD64608F2FD3873EB050002D393
:1081300008F1010801E092185B41B8F1000F03DA81
:1081400000200146BDE8F08D00204FF48011064666
:1081500084460EE0171B73EB050705D3121B63EB78
:10816000050306434CEA010C49084FEA3000921817
:108170005B4150EA0107EDD152EA030012D082EAD6
:10818000040083EA0501084305D0101BAB4106D269
:108190000122002306E000224FF0004302E06FF0CE
:1081A000010253101AEB06004CEB085110EB0A00C9
:1081B00041EB0B01BDE8F04D00F047B9C10F80EA7B
:1081C000E0700844CA079623002100F010B99623F6
:1081D0000022114600F00BB90EB5C10F80EAE07025
:1081E0000844CA07002140F233438DE80E000A46D6
:1081F0000B4600F039F903B000BD00F0004220F05A
:108200000040C10DC0F3160040F400007F2901DAE0
:1082100000207047962903DCC1F19601C84001E0B7
:1082200096398840002AF4D04042704720F0004040
:10823000C10DC0F3160040F400007F2901DA0020D0
:108240007047962903DCC1F19601C8407047963902
:108250008840704700F0004230F000400AD0C10D65
:1082600001F56071C0F3160042EA0151C2084007EF
:1082700011437047002001467047000030B5041ECE
:1082800071F1000404DB4FF00044404264EB010153
:10829000141E73F1000405DB1C464FF000435242EC
:1082A00063EB04038B4208BF824230BD01F0004300
:1082B00030B421F0004150EA010206D00A0DA2F5C7
:1082C0006072C1F31301002A02DC30BC0020704749
:1082D000440F44EAC104C100E01830BC00EBC250B6
:1082E00000F07CB8002801DBC0F10040002901DB70
:1082F000C1F1004181427047002801DBC0F100401C
:10830000002901DBC1F100418842704730B50B46BE
:10831000014600202022012409E021FA02F59D42B5
:1083200005D303FA02F5491B04FA02F52844151E89
:10833000A2F10102F1DC30BD2DE9F05F054600201D
:1083400092469B4688460646814640241BE02846C6
:1083500041464746224600F02FF953465A46C01A76
:10836000914110D311461846224600F016F82D1AF6
:1083700067EB01084F4622460120002100F00DF86E
:1083800017EB00094E41201EA4F10104DFDC484632
:1083900031462A464346BDE8F09F202A04DB203AB6
:1083A00000FA02F1002070479140C2F1200320FA48
:1083B00003F3194390407047202A06DBCB17203A7D
:1083C00041FA02F043EAE07306E041FA02F3D040DA
:1083D000C2F1200291400843194670470029A8BF06
:1083E0007047401C490008BF20F00100704710B4DE
:1083F000B0FA80FC00FA0CF050EA010404BF10BC93
:10840000704749B1CCF1200421FA04F411FA0CF1BF
:1084100018BF012121430843A3EB0C01CB1D4FEAF8
:1084200000614FEA102042BF002010BC704700EBF3
:10843000C35010440029A4BF10BC7047401C490021
:1084400008BF20F0010010BC704710B5141E73F176
:10845000000408DA401C41F1000192185B411A4304
:1084600001D120F0010010BD2DE9F04D92469B4650
:1084700011B1B1FA81F202E0B0FA80F220329046F6
:10848000FFF78BFF04460F4640EA0A0041EA0B0162
:1084900053465A46084313D0114653EA010019D0F7
:1084A000C8F14002504600F087F805460E46504697
:1084B00059464246FFF771FF084305D0012004E00A
:1084C00020463946BDE8F08D0020054346EAE076B7
:1084D0002C4337430A986305E40AA0EB0800002206
:1084E000FD0A44EA47540A3002D500200146E9E774
:1084F000010510196941DDE9084500196941BDE828
:10850000F04DA2E770B521F0004303430CD0C1F356
:108510000A550024D5EB040564EB0403D617AD1A05
:10852000B34102DB0020014670BD201841EB02512F
:1085300070BDC1F30A52C1F3130140F2FF3341F49D
:1085400080119A4202DA00200146704740F233431C
:108550009A42A2F2334202DC524200F02DB8FFF7F9
:108560001CBF000030B5041E71F1000404DB4FF0A5
:108570000044404264EB0101141E73F1000405DB6A
:108580001C464FF00043524263EB0403994208BF7C
:10859000904230BD064C074D06E0E06840F0010314
:1085A00094E8070098471034AC42F6D3F7F7A2FDE1
:1085B00088AC0008A8AC0008202A04DB203A21FA85
:1085C00002F00021704721FA02F3D040C2F12002EC
:1085D00091400843194670472DE9F04D00231A4693
:1085E0001B1A8A4103DB00200146BDE8F08DC1F370
:1085F0000A52C1F3130141F480154FF0000BD1076B
:1086000002D100186D41521E0027044640F2FF11AE
:10861000384601EB620A3E468046024600204FF48F
:108620008011FFF7C9FFC2197141BB1846EB010069
:10863000B4EB030C75EB000C04D3E41A65EB0005F6
:1086400017460E46241908F101006D418046342872
:10865000E3DDF91946EB0600091BA84103D24FF0F0
:10866000FF32134601E0002213461BEB070046EBE6
:108670000A51BDE8F04DFFF7E8BE0EB540F23341B8
:1086800002910021CDE900110A460B46FFF7ECFEEE
:1086900003B000BD70B5C1F30A5201F000450024DB
:1086A000C1F3130140F2FF3341F480119A4201DA21
:1086B000002070BD40F233439A42A2F2334203DC01
:1086C0005242FFF779FF00E090402C43F1D0404246
:1086D00070BD70B58C1810F8015B15F0070301D15F
:1086E00010F8013B2A1106D110F8012B03E010F815
:1086F000016B01F8016B5B1EF9D12B0705D4002338
:10870000521E0DD401F8013BFAE710F8013BCB1AD9
:10871000921C03E013F8015B01F8015B521EF9D5CE
:10872000A142D8D3002070BD0FB4054B10B503A9EA
:10873000044A029800F02AFC10BC5DF814FB00000B
:108740007B4A0008140200200FB4084B10B504A99E
:1087500002AA039800F01AFC044602A9002000F0C7
:10876000ACFF204610BC5DF814FB0000BB9600086F
:10877000490050EAC12018BF04204A0D18BF40F03C
:10878000010040F2FF72B2EB515F08BF40F00200FF
:10879000012808BF052070472DE9F74F144694B013
:1087A0000021C4E902111599079121F00045C9493A
:1087B0008D4206DC1599C4E9000117B00020BDE820
:1087C000F08FC549DFF814A3A9423CDD0799C44ED8
:1087D0000029C44FC44A1599534619DDFFF707FC19
:1087E000554506D0C14AC24BFFF701FCC4E9000160
:1087F0000AE04FF0D352BE4BFFF7F9FB32463B463F
:10880000FFF7F5FBC4E9000117B00120BDE8F08FC8
:10881000FFF74CFB554506D0B44AB54BFFF746FB76
:10882000C4E900010AE04FF0D352B14BFFF73EFB21
:1088300032463B46FFF73AFBC4E9000117B04FF060
:10884000FF30BDE8F08FAB49A942159978DB21F0E4
:10885000004183468846A84AA84BFFF7CEFB00227A
:10886000A74BFFF723FBFFF715FF0990FFF7B4FCB9
:1088700006460F469C4A5346FFF7BFFB43465A46FF
:10888000FFF7B8FB80468A46984A994B30463946EE
:10889000FFF7B3FB2A0D01250B9242465346FFF723
:1088A000A9FB032DC4E9000139D00B98C1F30A518B
:1088B000401A05EB45111139814230DA9148C3461F
:1088C000784400EB0510CDF80CA00C90D0E9002303
:1088D00030463946FFF791FB02460B46049106905D
:1088E00058460399FFF783FB80468A4602460B46AB
:1088F00058460399FFF77BFB049B069AFFF777FB2B
:1089000083460C9803913946D0E902233046FFF79D
:1089100074FB5A46039BFFF76AFB6D1CBDE7079883
:108920000028A2BF099817B0BDE8F08F616881F0F8
:1089300000416160099817B04042BDE8F08FFFE741
:1089400084461598C1F31301C0F30A50A0F2F53024
:108950004FEA601800F01F06C6F1200013900020B7
:108960000690079041F4801E05206D4676B1664A58
:1089700008EB00017A4452F8213002EB8101B34048
:108980004A68139922FA01F1194305E05F4908EB9F
:108990000002794451F82210A1FB0E27A1FB0C1311
:1089A0001A449A4234BF0123002303EB070A05EB64
:1089B0008003D3E901B70F448F4234BF0121002166
:1089C00093448B4411B1934502D903E0934501D2FE
:1089D000012100E00021C3E901B7514445F820100E
:1089E000011EA0F10100C1DC0298059F00F10050BA
:1089F000800F12900298DDE903568000FFF7ECFB30
:108A0000834628460D91FFF738FE6FF01D02FFF7F1
:108A100079FDCDE90E013046FFF72FFE6FF03D02E4
:108A2000FFF770FD80468A463846FFF726FE6FF056
:108A30005D02FFF767FD0746424653461191FFF777
:108A400035FADDE90E23FFF731FA5A460D9BFFF7A1
:108A50002DFA00250E465A4628460D9BFFF7C7FA09
:108A6000DDE90E23FFF7C3FA42465346FFF7BFFA8C
:108A70003A46119BFFF7BEFADFF898A0244A534606
:108A8000FFF7BBFA07468846234A244B314628465F
:108A9000FFF7B3FA3A464346FFF708FA0746884617
:108AA0004FF0A842534631462846FFF7A6FA3A4609
:108AB0004346FFF7FBF9159A12F0004F04D0129AC3
:108AC00081F0004152421292C4E90001129817B09D
:108AD000BDE8F08FFB21E93F7CD90240FB21F93F43
:108AE0007370032E8A19A33B000040543163621A4D
:108AF00061B4D03DFB21394183C8C96D305FE43F8B
:108B00000000E03F8422000000220000E22100007B
:108B1000182D4454FB21F93D3326A611460B113C78
:108B20002DE9FF4D21F0004807460C46B8F1795F6A
:108B300008DAFFF7AFFD002801BF0020324904B07A
:108B4000BDE8F08D3A46234610461946FFF755FA20
:108B5000054602462D480E460B460621784400F095
:108B60005DF82A463346FFF748FADDE902238246DC
:108B70008B4638462146FFF740FA04460F465246D8
:108B80005B4628463146FFF738FA22463B46FFF758
:108B90002EFA07468A464FF0FF3228463146FFF745
:108BA000B1FC1B4A90450ADA3A465346FFF71FFAD2
:108BB00004B00022BDE8F04D134BFFF71BBA154A75
:108BC0004245A8BFA8F500154FF00004B8BF124DEC
:108BD00022462B46FFF70BFA0646884622462B46CE
:108BE00000200949FFF703FA04460D463A4653466A
:108BF00030464146FFF7FBF904B022462B46BDE85C
:108C0000F04DFFF7F7B900000000F03FB01F000083
:108C10003333D33F0000E93F0000D23F2DE9F0415C
:108C20004F1E00EBC7010446D1E9000115461E4660
:108C300037F006020DD02A463346FFF7DEF97F1ED5
:108C400004EBC703D3E90023FFF730F937F006023E
:108C5000F1D1022F25D0042F13D0062F18BFBDE865
:108C6000F0812A463346FFF7C8F9D4E90A23FFF713
:108C70001DF92A463346FFF7C0F9D4E90823FFF768
:108C800015F92A463346FFF7B8F9D4E90623FFF76A
:108C90000DF92A463346FFF7B0F9D4E90423FFF76C
:108CA00005F92A463346FFF7A8F9D4E90223FFF76E
:108CB000FDF82A463346FFF7A0F9D4E90023BDE8C2
:108CC000F041FFF7F3B800002DE9FF4D054621F014
:108CD000004084B00C46B0F1795F0BDA2846FFF70C
:108CE00047FD042808BF00F071F8284608B0214667
:108CF000BDE8F08D2A460B461046FFF77EF9064682
:108D00000F462A462346FFF778F9804626488A46CA
:108D100032463B4605217844FFF780FF8346109892
:108D2000029160B3214A224B40465146FFF765F954
:108D3000CDE900015A4640465146029BFFF75DF9D6
:108D400082468846DDE906014FF0FF32FFF7DAFB85
:108D500052464346FFF74BF932463B46FFF74DF983
:108D6000DDE90623FFF743F9DDE90023FFF73FF9CB
:108D700008B02A462346BDE8F04DFFF73BB90B4645
:108D80005A4630463946FFF738F9084A084BFFF78C
:108D90008DF842465346FFF730F908B02A4623467D
:108DA000BDE8F04DFFF782B8F61E00004955555555
:108DB0005555C5BF0122FFF7A5BBFFF777B80022C5
:108DC000134610461146FFF78AB90000024A0020F8
:108DD0001107FFF797BB000001FDFFFF02E008C885
:108DE000121F08C1002AFAD170477047002001E025
:108DF00001C1121F002AFBD1704700000149086021
:108E000070470000180200202DE9FF5F82B00021AA
:108E1000DDE90430020DDDF840B0034318D044F61C
:108E20001050A2F2FF3242431514119801281FD0AE
:108E3000A5EB0B00401C5FEA000A4FF000064E4F06
:108E4000DFF83891B046504615D5CAF1000413E05A
:108E5000119801244AA3012801D16FEA0B0102985D
:108E6000119AC0E90031C0E9024206B0BDE8F09FA6
:108E7000CBF10000DFE704460021404A491842EBED
:108E80000450CDE9001012E0E00707D032463B461F
:108E900040464946FFF7B1F88046894632463B4690
:108EA00010461946FFF7A9F806460F466410002C35
:108EB000EAD1DDE90401DDE90023BAF1000F06DAA9
:108EC000FFF79BF842464B46FFF797F805E0FFF7A0
:108ED00006F942464B46FFF702F904460E460022C9
:108EE000284BFFF73FFB03D84FF0FF30014607E068
:108EF0000022254B20463146FEF7D8FFFFF719FB2D
:108F0000102409E0002C0ADB0A220023FFF714FAE0
:108F1000039B30321A55641E50EA0102F2D1641CE0
:108F2000039AC4F111031444119A012A03D00122B7
:108F300008430DD10AE0084304D000204FF0110B84
:108F4000119072E7A3EB0B056D1E0DE05B4504DD90
:108F50004FF0000205F1010504E003DA4FF00002D2
:108F6000A5F10105002AECD002981199C0E902315F
:108F7000C0E9004579E70000000014400000F03F20
:108F8000300000000000F0430000E03F2DE9FF4FFB
:108F900095B09B468946064600250FE2252877D1E5
:108FA00000242746F84A0121059400E0044316F8FE
:108FB000013F203B01FA03F01042F7D130782A2814
:108FC00011D06FF02F033078A0F13002092A16D8A3
:108FD000059A44F0020402EB820203EB42021044C1
:108FE000761C0590EFE759F8042B0592002A03DA66
:108FF000504244F40054059044F00204761C30784A
:109000002E2816D116F8010F44F004042A280DD09A
:109010006FF02F023078A0F13003092B09D807EB4D
:10902000870302EB4303C718761CF3E759F8047B68
:10903000761C30786C280FD006DC4C2817D06828B6
:109040000DD06A2814D104E0742810D07A280FD1EA
:109050000DE044F400140AE044F4801401E044F408
:1090600040147278824202D104F58014761C761C7A
:10907000307866280BD013DC582877D009DC00281C
:1090800075D04528F6D04628F4D047281AD19DE15E
:1090900018E0632835D0642879D0652812D195E18D
:1090A000702873D008DC6728F1D069286FD06E284B
:1090B0000DD06F2806D1B5E073282CD0752875D057
:1090C000782874D05A46179990476D1C75E1C4F3FF
:1090D0000250022809D003280DD0D9F80010042826
:1090E0000DD00D6009F1040967E1D9F80010EA1705
:1090F000C1E90052F6E7D9F800100D80F2E70D70D3
:10910000F0E719F8041B8DF8001000208DF801001D
:10911000EA46012003E059F804AB4FF0FF30610745
:109120004FF0000102D40DE008F101018846B94278
:109130000FDA8045F8DB1AF808100029F4D108E0AE
:1091400008F1010188468142FADB1AF8081000296B
:10915000F6D105985B46A0EB080721463846179ADA
:1091600000F094FA284400EB080507E04DE029E1FF
:109170000DE01AF8010B5A4617999047B8F101080B
:10918000F7D25B4621463846179A13E142E00A229D
:109190000092C4F302524FF0000A022A08D059F894
:1091A00004CB032A4FEAEC710AD00DE029E02AE053
:1091B00009F1070121F00702F2E802C1914609E036
:1091C0000FFA8CFC4FEAEC71042A03D14FFA8CFCA5
:1091D0004FEAEC71002907DA0A460021DCF1000CA5
:1091E00061EB02012D2202E0220504D52B228DF82D
:1091F0000420012203E0E20701D02022F7E7904695
:1092000059E00A2102E010220DE010214FF0000A7F
:1092100000910BE010224FF0000A44F004040827EC
:10922000009203E008224FF0000A0092C4F30252B9
:10923000022A05D059F804CB0021032A08D009E0FE
:1092400009F1070121F00702F2E802C1914605E0A9
:109250001FFA8CFC042A01D10CF0FF0C4FF000081F
:10926000220728D5702806D0009B83F0100353EA0C
:109270000A0305D00EE040228DF80420012208E008
:109280005CEA010206D030228DF804208DF805003A
:1092900002229046009B83F0080353EA0A030AD196
:1092A0005CEA010201D1620705D530228DF8042065
:1092B0004FF001087F1E582804D034A003900EA858
:1092C00002900DE036A0F9E753466046009AFFF79A
:1092D00033F884460398825C0298401E0290027024
:1092E0005CEA0100F0D1029806A9081A00F1200AF0
:1092F000600702D524F4803400E00127574502DDE1
:10930000A7EB0A0000E0002000EB0A01009005989E
:109310004144401A0590E00306D45B462146179A63
:10932000059800F0B3F90544002706E001A85A4665
:10933000C05D179990476D1C7F1C4745F6DBE00325
:109340000CD55B462146179A059800F09FF9054415
:1093500004E030205A46179990476D1C0099481E2A
:1093600000900029F5DC08E0029802995A4600783E
:10937000491C0291179990476D1CBAF10001AAF19E
:10938000010AF1DC65E100000928010030313233C7
:109390003435363738396162636465660000000031
:1093A000303132333435363738394142434445461B
:1093B0000000000000F058F90544761C30780028C1
:1093C0007FF4ECAD19B02846BDE8F08F620700D4F9
:1093D000062709F1070222F0070CFCE80223E14608
:1093E00003F000485FEA080C02D00FF2702C0DE089
:1093F0005FEA045C02D50FF2682C07E05FEAC47CE8
:1094000002D00FF2602C01E0AFF2700C4FF0FF3889
:1094100023F00043CDF850C065280CD006DC452869
:1094200009D046281DD047283DD13DE0662818D0F8
:1094300067287ED138E00021112F01DB112000E0E8
:10944000781CCDE9000106A90EA8FFF7DDFCDDE9D7
:109450000F010E9A03910021009207F1010A049175
:109460004DE04FF000400097CDE9011006A90EA88D
:10947000FFF7CAFCDDE90F0203920E9B119900224F
:10948000DDF80CA00093049211B9791C00EB010ADD
:10949000B7EB0A0004D4C0F1FF3007F1010A0490D1
:1094A000AAEB0700019044E0012F00DA0127002118
:1094B000112F01DD112000E03846CDE9000106A999
:1094C0000EA8FFF7A1FCDDE90F010E9A0391002120
:1094D00004910092BA4621070CD40399514500DA51
:1094E0008A46BAF1010F05DD009AAAF10101515C2B
:1094F000302908D0B84202DA10F1040F06DA01214F
:10950000CDE9011015E0AAF10101E9E7002805DC29
:10951000049901440491AAEB000102E0411C514569
:1095200000DD8A460499401A401C01904FF000402B
:109530000290200704D40198504501DBCDF8048047
:1095400000208DF84F0002980DF14F07B0F1004F49
:1095500025D02B200E9002984FF0020800280CDA3C
:10956000404202902D200E9007E00A210298FEF75B
:10957000CDFE3031029007F8011DB8F10001A8F1CD
:109580000108F2DC02980028EFD1791E0E980870CD
:10959000307800F0200040F0450007F8020D12A8D6
:1095A000C01B00F107081498007800B1012000EBFF
:1095B0000A01019801EBE07105984144401A401EF0
:1095C0000590E00306D45B462146179A059800F003
:1095D0005DF805441498007818B15A4617999047D9
:1095E0006D1CE00324D55B462146179A059800F0D0
:1095F0004DF805441CE00498002807DBDDE9030171
:10960000884203DD0098405C179901E017993020EB
:109610005A469047049805F10105401C04900198B2
:10962000401E019004D12E205A46179990476D1C78
:10963000BAF10001AAF1010ADDDC05E017F8010B1F
:109640005A46179990476D1CB8F10001A8F101081E
:10965000F4DC5B462146179A0598ABE62D00000026
:109660002B000000200000002DE9F04104460025F9
:109670001E461746880404D405E039462020B0472A
:109680006D1C641EF9D52846BDE8F0812DE9F04136
:10969000044600251E469046C80301D5302700E049
:1096A0002027880404D505E041463846B0476D1CA4
:1096B000641EF9D52846BDE8F0810A68531C0B608A
:1096C000107070472DE9F04D8D4F21F0004A86B0A3
:1096D00005460C46BA452ADBAAEB070028430AD008
:1096E0008848824501DC1AD1CDB106B02846BDE8D4
:1096F000F04DFFF75FBB844A844B2846FEF77DFCA4
:1097000007460E46824A834B28462146FEF775FCE3
:1097100006B03A463346BDE8F04DFEF7C7BB012020
:10972000FFF76CFB06B0BDE8F04DFFF748BB7A4889
:10973000824542DABAF1795F0BDA2846FFF718F86A
:10974000042808BFFFF742FB284606B02146BDE8C3
:10975000F08D2A460B461046FEF74FFC8346024624
:109760006E480E460B4606217844FFF757FA5A46D4
:109770003346FEF742FC804669488A465A463346DD
:1097800004217844FFF74AFA5A463346FEF735FC7F
:1097900000223B46FEF78AFB02460B4640465146F6
:1097A000FEF79DFC2A462346FEF727FC06B02A4614
:1097B0002346BDE8F04DFEF779BB284624F0004172
:1097C00000223D463B46FEF715FC4FF0FF32FEF708
:1097D00099FE0646024653480F460B46062178443A
:1097E000FFF71CFA32463B46FEF707FCCDE90001C5
:1097F0004D4832463B4604217844FFF70FFA324683
:109800003B46FEF7FAFB00222B46FEF74FFB834652
:1098100002913046394600F0ADFA804643480D4685
:10982000504517DCDDE900015A46029BFEF757FC64
:1098300042462B46FEF7E1FB42462B46FEF736FB3F
:109840000122FEF75FFE304A304BFEF7D0FB304A74
:10985000304B4CE04FF0000A52460B464046FEF7B4
:1098600025FBCDE9031052462B4610461946FEF75C
:10987000C4FB32463B46FEF7BDFBDDE90332FEF793
:109880002EFC06460F46DDE900015A46029BFEF714
:1098900026FC83460091012230463946FEF732FE0F
:1098A000194A1A4BFEF7A6FB06460F460122404610
:1098B0002946FEF727FE5A46009BFEF79EFB3246DE
:1098C0003B46FEF794FB06460F46012250462946CA
:1098D000FEF718FE0E4DDFF858802A464346FEF785
:1098E00089FB32463B46FEF785FB2A464346FEF798
:1098F00081FB002CD8BF81F0004106B0BDE8F08D9F
:109900000000F03F0000F07F075C143326A6913C76
:10991000182D4454FB21F93F0000E03FBC12000029
:10992000D2120000461200005C1200003333EF3FF9
:10993000FB21E93F2DE9F84F04460D4621F0004098
:1099400000917349814211DC7249884201DC06D1E1
:109950002CB120462946BDE8F84FFFF72BBA6E48D8
:10996000002DCCBF6D496E49BDE8F88F6D4981422D
:1099700011DD6D498142D8BF4FF0FF366DDD2046C5
:109980002946FEF7F5FE042808BFFFF71FFA204618
:109990002946BDE8F88F6549654F25F000458142AD
:1099A00033DD6449814219DD002632464FF08043A1
:1099B00020462946FEF77AFA80468A46012220464A
:1099C0002946FEF79FFD00223B46FEF710FB42466C
:1099D0005346FEF784FB04460D463EE00126002276
:1099E000BA463B4620462946FEF760FA80460F46B7
:1099F0000022534620462946FEF7F9FA42463B46E6
:109A0000FEF76DFB04460D4627E04B4981421BDD06
:109A1000DFF828A102260022534620462946FEF7F9
:109A2000ECFA00223B46FEF741FA80460F46002240
:109A3000534620462946FEF7DAFA42463B46FEF7F1
:109A40004EFB04460D4608E0032622462B46002026
:109A50003B49FEF744FB04460D4622462B46104682
:109A60001946FEF7CAFA8B46824602460B46FEF7B7
:109A7000C4FA07460246334888460B460621784416
:109A8000FFF7CCF852465B46FEF7B7FA82462E48FF
:109A90008B463A46434605217844FFF7BFF83A46DD
:109AA0004346FEF7AAFA02460B46002E5046594698
:109AB0000CDAFEF7FBF922462B46FEF79EFA01B0C0
:109AC00022462B46BDE8F04FFEF794BAFEF7EEF9BA
:109AD00022462B46FEF791FA1C4A7A4402EBC60353
:109AE000D3E90023FEF783FA22462B46FEF77FFADE
:109AF000174A7A4402EBC603D3E90023FEF77AFA49
:109B0000009A002AB8BF81F00041BDE8F88F00003C
:109B1000000010440000F07F182D4454FB21F93F51
:109B2000FB21F9BF0000DC3F0000203E0000F33FB6
:109B30000000F03F0000E63F008003400000F83FD7
:109B40000000F0BF5E1000001C100000BA0F000003
:109B5000820F00002DE9F04D9446CCF1000423F073
:109B600000464CEA0404524F46EAD4749A468846AA
:109B700021F00042BC4206D8454240EA050442EAD0
:109B8000D474BC4204D9BDE8F04D6246FFF715B964
:109B9000AAF14055A5F17F6555EA0C040BD00224CB
:109BA00004EAAA74434DDFF810E144EAD87452EA9B
:109BB000000B04D00CE0BDE8F04DFFF7BBBE002C5D
:109BC00014BF012CBDE8F08D022C30D0032C32D014
:109BD00056EA0C0B0AD0BE4220D1BA4209D126F077
:109BE000804622F080423346114617E000291ADBF6
:109BF00025E0DFF8C8B0FB44002C04BFDBE900011E
:109C0000BDE8F08D012C02BFDBE9000181F00041CD
:109C1000BDE8F08D022C0AD0032C0CD0BA4212D130
:109C2000B8F1000F0BDA23482549BDE8F08D28462E
:109C30002449BDE8F08D28467146BDE8F08D1D48E9
:109C40002149BDE8F08D921B12153C2AC4BF19486A
:109C50001D490EDCBAF1000FBEBF12F13C0F00200F
:109C6000014606DB6246FEF73AFA21F00041FFF7B3
:109C700061FE002C08BFBDE8F08D012C04BF81F00F
:109C80000041BDE8F08D114A114B022C07D0FEF7C0
:109C9000AEF92A46BDE8F04D0A4BFEF7A8B9FEF72B
:109CA000A6F92A46BDE8F04D064BFEF7A3B9000021
:109CB0000000F07F182D4454FB2109C0460F00001E
:109CC000FB21F9BFFB210940FB21F93F075C14335D
:109CD00026A6A13C00B5254B21F0004287B09A4250
:109CE00003DC0022134600922BE0214B9A4208D15C
:109CF00040B94FF00100FFF781F8FFF760F807B0B7
:109D000000BD03DBFFF756F807B000BD02AAFEF75F
:109D100043FD10F003014FF001000DD0012914D0D4
:109D200002291AD00DF1080C9CE80F00FEF7F8FE8E
:109D300007B081F0004100BD0DF1080C00909CE8D7
:109D40000F00FEF7C1FF07B000BD0DF1080C9CE845
:109D50000F00FEF7E5FE07B000BD0DF1080C009006
:109D60009CE80F00FEF7B0FFE2E70000FB21E93FAF
:109D70000000F07F2DE9F04106460F46FEF72CFC6F
:109D8000041E0D4618BF0120284320F00040C0F1FA
:109D90007F6000F1E040C00F0ED0301C18BF0120E2
:109DA000384320F00040C0F17F6000F1E040C00F78
:109DB00004BF0120FFF722F820462946BDE8F081C4
:109DC0000000000000406540B81E85EB51B8CE3F52
:109DD0000000000000001240B81E85EB51B8BE3FE5
:109DE0006800000476005401F7FD000175191A0C93
:109DF0006A231B1C1F207274433B4138393A6B6C39
:109E0000376F06246D6E70008300000000080000AC
:109E10000001001832000500000020410000D2427D
:109E2000295C0F3E9A99993E3333733F295C0F3E6C
:109E30000000700000000024000000020003000089
:109E400000650054FFEF0000FA80000B1282000151
:109E5000030C30C30E8C8CE914D5400213710F8EA5
:109E60003883F8833000F883258EF8833000F88338
:109E7000FFFFFFFF0FFEA9D6240004001A8279A17C
:109E80000000003CFFFF00000010000038836FA2BC
:109E9000003E03304000000002CAE3093E8000009B
:109EA00020000000000000004000000060000000F2
:109EB000000C0000000C186E000006920A16C0DFAD
:109EC000FFFF0256FD8CD377FFE1C496E0C5BEAA22
:109ED00000000000FFFF0B2B000016570000035985
:109EE0004000000000001DFA00026C1D0000000090
:109EF0003FFFDFEB003EB3B6000D227800002F3CA1
:109F000000000000001942B5000039A20000B3654E
:109F1000D90E9FC91DCF4C34300000005000000006
:109F20003BB67AE80064000000C8000000000000B2
:109F3000100000001000FA921000225E000D229F17
:109F40000001000000320000FF46000063D4000062
:109F50001000000004D6000004CC000004CC000077
:109F6000000010720000004000000000000000002F
:109F70000006000200050007000000000064000069
:109F80000000000000000005000500640020000043
:109F9000000000000000000000004000000003007E
:109FA00000000032F8980000FF650000830F0000F9
:109FB000FF9BFC000000000000000000000000000B
:109FC0000000000000000000000000000000000091
:109FD0000000000000000000000000000000100071
:109FE00040000000000000060000B26A000200000D
:109FF0000001FB830068000000D9FC007CF1FF83B6
:10A000000000000000650000006403E80064002810
:10A01000000000250000000016A000000000100055
:10A0200000001000002F0000000001F400001000EC
:10A0300000280000FFFF4581FFFFFA7200000000CA
:10A0400000000000004400050005BAC6004778A2E1
:10A0500000000001000000000000060000000014E5
:10A060000000254D002F706D000005AE000C02D0E1
:10A0700000000000000000000000000000000000E0
:10A08000001B0000000000000000000000000000B5
:10A090000064000000080000000000000000000054
:10A0A00000000000000000000000000000000000B0
:10A0B00000000000000000000000000000000000A0
:10A0C0000000000000000000000000000000000090
:10A0D0000000000000000000000000000000000080
:10A0E0000000000000000000000000000000000070
:10A0F000001B00000000000000000000000E000E29
:10A1000000000AC70004000000000032FFFFFF9CAF
:10A1100000000B2B000000020000000100000064A2
:10A12000FFE500000000000000000000000000004B
:10A13000000000010000000000010000000000001D
:10A14000000180000001800000018000002426D36F
:10A150000000000000000000000600100096003C17
:10A1600000000000000000000000000000000000EF
:10A170000C0A4E68CDCF770950166759C619CE82A2
:10A1800000000000000000000000000000000000CF
:10A19000000000000000000017D78400030000004A
:10A1A0000000000000000000C7938F9D1E1B1C19BB
:10A1B000000000000000000000000000000000009F
:10A1C00000000000000000000203188500004000AD
:10A1D0000000000300000003000000000000000079
:10A1E000400000000000000000000000000000002F
:10A1F000000000000000000000000000000000005F
:10A20000000000000000000000000000000000004E
:10A2100000000000677DDF7E72902E554CF6E688C8
:10A22000000000000000000000000000000000002E
:10A23000D8DCB4B8B0D8B9ABF3F8FAB3B7BB8E9EDC
:10A24000AEF132F51BF1B4B8B08097F1A9DFDFDFD2
:10A25000AADFDFDFF2AAC5CDC7A90CC92C97F1A9E7
:10A2600089264666B28999A92D557DB0B08AA896EF
:10A27000365676F1BAA3B4B280C0B8A89711B283AB
:10A2800098BAA3F0240844106418B2B9B49883F1C2
:10A29000A329557DBAB5B1A38393F0002850F5B238
:10A2A000B6AA839328547CF1B9A3829361BAA2DA47
:10A2B000DEDFDB819AB9AEF5606870F1DABAA2DF51
:10A2C000D9BAA2FAB9A38292DB31BAA2D9BAA2F85A
:10A2D000DF85A4D0C1BBAD83C2C5C7B8A2DFDFDFB5
:10A2E000BAA0DFDFDFD8D8F1B8AAB38DB4980D35A6
:10A2F0005DB2B6BAAF8C96198F9FA70E161EB49A90
:10A30000B8AA872C547CBAA4B08AB691325676B2D9
:10A310008494A4C808CDD8B8B4B0F19982A82D55BA
:10A320007D98A80E161EA22C547C92A4F02C507876
:10A33000F184A898C4CDFCD80DDBA8FC2DF3D9BAC4
:10A34000A6F8DABAA6DED8BAB2B68696A6D0F3C810
:10A3500041DAA6C8F8D8B0B4B882A892F52C5488CF
:10A3600098F135D9F418D8F1A2D0F8F9A884D9C752
:10A37000DFF8F883C5DADF69DF83C1D8F40114F1AF
:10A38000A8824EA884F311D182F5D992289788F13A
:10A3900009F41C1CD884A8F3C0F9D1D99782F129FB
:10A3A000F40DD8F3F9F9D1D982F4C203D8DEDF1A5B
:10A3B000D8F1A2FAF9A88498D9C7DFF8F8F883C7CA
:10A3C000DADF69DFF883C3D8F40114F198A8822E8C
:10A3D000A884F311D182F5D992509788F109F41C21
:10A3E000D884A8F3C0F8F9D1D99782F149F40DD8EF
:10A3F000F3F9F9D1D982F4C403D8DEDFD8F1AD88FE
:10A4000098CCA809F9D98292A8F57CF1883ACF9422
:10A410004A6E98DB6931DAADF2DEF9D88795A8F299
:10A4200021D1DAA5F9F417D9F1AE8ED0C0C3AE822E
:10A43000C684C3A88595C8A588F2C0F1F4010EF1C1
:10A440008E9EA8C63E56F554F18872F40115F19817
:10A4500045856EF58E9E0488F142985A8E9E068838
:10A4600069F4011CF1981E1108D0F504F11E970241
:10A4700002983625DBF9D985A5F3C1DA85A5F3DF86
:10A48000D88595A8F309DAA5FAD88292A8F578F1CB
:10A49000881A849F26889821DAF41DF3D8879F397B
:10A4A000D1AFD9DFDFFBF9F40CF3D8FAD0F8DAF941
:10A4B000F9D0DFD9F9D8F40BD8F3879F39D1AFD9C8
:10A4C000DFDFF41DF3D8FAFCA869F9F9AFD0DADEC2
:10A4D000FAD9F88F9FA8F1CCF398DB45D9AFDFD03C
:10A4E000F8D8F18F9FA8CAF38809DAAF8FCBF8D8D4
:10A4F000F2AD978D0CD9A5DFF9BAA6F3FAF412F2F2
:10A50000D8950DD1D9BAA6F3FADAA5F2C1BAA6F355
:10A51000DFD8F1BAB2B68696A6D0CAF349DAA6CB8E
:10A52000F8D8B0B4B8D8AD84F2C0DFF18FCBC3A8EF
:10A53000B2B68696C8C1CBC3F3B0B48898A821DB65
:10A54000718D9D71859521D9ADF2FAD88597A8288E
:10A55000D9F408D8F28D29DAF405D9F285A4C2F22B
:10A56000D8A88D9401D1D9F411F2D88721D8F40A52
:10A57000D8F28498A8C801D1D9F411D8F3A4C8BBE3
:10A58000AFD0F2DEF8F8F8F8F8F8F8F8D8F1B8F645
:10A59000B5B9B08A95A3DE3CA3D9F8D85CA3D9F8A5
:10A5A000D87CA3D9F8D8F8F9D1A5D9DFDAFAD8B18F
:10A5B0008530F7D9DED8F830ADDADED8F2B48C9930
:10A5C000A32D557DA083DFDFDFB591A0F629D9FB50
:10A5D000D8A0FC29D9FAD8A0D051D9F8D8FC51D9A3
:10A5E000F9D879D9FBD8A0D0FC79D9FAD8A1F9F952
:10A5F000F9F9F9A0DADFDFDFD8A1F8F8F8F8F8AC5C
:10A60000DEF8ADDE8393AC2C547CF1A8DFDFDFF6FF
:10A610009D2CDAA0DFD9FADB2DF8D8A850DAA0D02B
:10A62000DED9D0F8F8F8DB55F8D8A878DAA0D0DF72
:10A63000D9D0FAF8F8F8F8DB7DF8D89CA88CF5307A
:10A64000DB38D9D0DEDFA0D0DEDFD8A848DB58D990
:10A65000DFD0DEA0DFD0DED8A868DB70D9DFDFA0D6
:10A66000DFDFD8F1A888902C547C98A8D05C38D132
:10A67000DAF2AE8CDFF9D8B087A8C1C1B188A8C61C
:10A68000F9F9DA36D8A8F9DA36D8A8F9DA36D8A836
:10A69000F9DA36D8A8F9DA36D8F78D9DADF818DA98
:10A6A000F2AEDFD8F7ADFA30D9A4DEF9D8F2AEDEDB
:10A6B000FAF983A7D9C3C5C7F1889BA77AADF7DE9E
:10A6C000DFA4F8849408A797F300AEF29819A48841
:10A6D000C6A39488F632DFF28393DB09D9F2AADFAE
:10A6E000D8D8AEF8F9D1DAF3A4DEA7F1889B7AD8EE
:10A6F000F38494AE19F9DAAAF1DFD8A881C0C3C5F2
:10A70000C7A39283F628ADDED9F8D8A350ADD9F807
:10A71000D8A378ADD9F8D8F8F9D1A1DADEC3C5C786
:10A72000D8A18194F818F2B089ACC3C5C7F1D8B8E4
:10A73000B4B09786A8319B069907AB9728889BF001
:10A740000C201440B0B4B8F0A88A9A285078B79B6F
:10A75000A8295179247059446938644831F1BBAB58
:10A7600088002C547CF0B38BB8A804285078F1B042
:10A7700088B49726A85998BBABB38B02264666B01F
:10A78000B8F08A9CA82951798B2951798A2470596B
:10A790008B2058718A4469388B3940688A64483103
:10A7A0008B30496088F1AC002C547CF08CA80428D4
:10A7B0005078F1889726A85998AC8C02264666F006
:10A7C000899CA8295179247059446938644831A971
:10A7D0008809205970AB11384069A8193148608C3C
:10A7E000A83C415C207C00F187981986A86E767E93
:10A7F000A999882D557DD8B1B5B9A3DFDFDFAED0DB
:10A80000DFAAD0DEF2ABF8F9D9B087C4AAF1DFDF56
:10A81000BBAFDFDFB9D8B1F1A3978E60DFB084F2B0
:10A82000C8F8F9D9DED89385F14AB183A308B58376
:10A830009A0810B79F10D8F1B0BAAEB08AC2B2B6BB
:10A840008E9EF1FBD9F41DD8F9D90CF1D8F8F8ADEA
:10A8500061D9AEFBD8F40CF1D8F8F8AD19D9AEFB3C
:10A86000DFD8F416F1D8F8AD8D61D9F4F4ACF59CCD
:10A870009C8DDF2BBAB6AEFAF8F40BD8F1AED0F857
:10A88000AD51DAAEFAF8F1D8B9B1B6A3839C08B9E4
:10A89000B1839AB5AAC0FD3083B79F10B58B93F2F0
:10A8A0000202D1ABDADED8F1B080BAABC0C3B28459
:10A8B000C1C3D8B1B9F38BA391B609B4D9ABDEB09B
:10A8C000879CB9A3DDF1B38B8B8B8B8BB087A3A354
:10A8D000A3A3B28BB69BF2A3A3A3A3A3A3A3A3A3F7
:10A8E000A3F1B087B59AA3F39BA3A3DCBAACDFB9FD
:10A8F000A3A3A3A3A3A3A3A3A3A3A3A3A3A3A3A328
:10A90000D8D8D8BBB3B7F1AAF9DAFFD9809AAA2868
:10A91000B48098A720B79787A86688F07951F190FE
:10A920002C870CA781976293F0717160859401293F
:10A93000517990A5F1284C6C870C95188578A383E4
:10A9400090284C6C886CD8F3A28200F210A892195F
:10A9500080A2F2D926D8F188A84DD948D896A8392E
:10A9600080D93CD89580A839A68698D92CDA87A7B3
:10A970002CD8A8899519A980D938D8A88939A9804F
:10A98000DA3CD8A82EA83990D90CD8A8953198D9F6
:10A990000CD8A809D9FFD801DAFFD89539A9DA2649
:10A9A000FFD890A80D8999A810809821DA2ED8890F
:10A9B00099A83180DA2ED8A886963180DA2ED8A8C8
:10A9C000873180DA2ED8A88292F34180F1D92ED82F
:10A9D000A882F31980F1D92ED882ACF3C0A28022CC
:10A9E000F1A62EA72EA92298A829DAACDEFFD8A2BC
:10A9F000F22AF1A92E8292A8F23180A696F1D9000E
:10AA0000AC8C9C0C30ACDED0DEFFD88C9CACD01073
:10AA1000ACDE8092A2F24C82A8F1CAF235F196889F
:10AA2000A6D900D8F1FF0000555555555555C53FDD
:10AA30007D6FEB0312D6D4BF5544880E55C1C93F74
:10AA40003B8F68B52882A4BF88B20175E0EF493F0B
:10AA500009F7FD0DE13D023F4B2D8A1C273A03C04B
:10AA6000C88A599CE52A004059018D1B6C06E6BF37
:10AA700082922EB1C5B8B33F4FBB610567ACDD3FD5
:10AA8000182D4454FB21E93F9BF681D20B73EF3F15
:10AA9000182D4454FB21F93FE2652F227F2B7A3C8D
:10AAA000075C143326A6813CBDCBF07A8807703C46
:10AAB000075C143326A6913CC4EB98999999C9BFB9
:10AAC000711623FEC671BCBF6D9A74AFF2B0B3BFEE
:10AAD0009AFDDE522DDEADBF2F6C6A2C44B4A2BFAE
:10AAE0000D5555555555D53FFF8300922449C23F1A
:10AAF0006E204CC5CD45B73F513DD0A0660DB13F4E
:10AB0000EB0D76244B7BA93F11DA22E33AAD903F5F
:10AB10004C5555555555A53F7751C1166CC156BF7B
:10AB20009015CB19A001FA3EAD529C804F7E92BE8B
:10AB3000C4B1B4BD9EEE213ED43888BEE9FAA8BDAA
:10AB4000000000000000000000004054FB21F93F1D
:10AB50003163621A61B4D03D0000601A61B4D03D27
:10AB60007370032E8A19A33B0000002E8A19A33BA1
:10AB7000C14920259A837B390000000000000000B5
:10AB80006E83F9A22915444ED15727FCC0DD34F558
:10AB9000999562DB4190433CAB6351FE61C5BBDEDE
:10ABA0003A6E24B7E0D24D42EA2E49061C92D109F2
:10ABB0001CEB1DFE3EA729B1F53582E88444BB2E6F
:10ABC00026709CE9417E5FB439D69139F4395383BC
:10ABD0008B5F849C3B28F9BDFF97F81F0F9805DE1B
:10ABE0008B112FEF1F6D0A5ACF7E366DB709CB2719
:10ABF000663F464F2DEA5F9EC7BA27757BF1E5EBAE
:10AC0000F739073DEA92528AB15FFB6B085D8D1FF1
:10AC1000A6F810111111813FD561C119A0012ABFF9
:10AC20007DFEB157E31DC73EEB9C2B8AE6E55ABE7D
:10AC30007CD5CF5A3AD9E53D2050726F6475637464
:10AC40002049442072656164206173203020696E60
:10AC500064696361746573206465766963652069FE
:10AC6000732065697468657220696E636F6D7061C9
:10AC70007469626C65206F7220616E204D5055338F
:10AC80003035302E0A000000A8AC0008000000207B
:10AC90001C020000D286000830AD00081C02002013
:10ACA00084050000EC8D0008412D0102030404100E
:10ACB00009060708090204060884A24A0469183232
:10ACC000FF290452010342803F234843280FC84212
:10ACD0009A99993FDA0FC93F9A99193E10A11AB46F
:10ACE0000C2904E14D3333B33E8421CB840310019E
:10ACF00012032E40411E2043295C8F880764904038
:10AD00000AD7A33D0B1588138A19DC30096F12830B
:10AD10003AA69B443B1A3F900A183BE80110EB808F
:10AD20003F0C13EC9D1B08E00401208B089E2400BF
:04000005080000ED02
:00000001FF
