:020000040800F2
:1000000040070020E14300088131000883310008E7
:10001000873100088B3100088F3100080000000094
:100020000000000000000000000000009331000804
:100030009531000800000000973100089931000850
:10004000FB430008FB430008FB430008FB43000898
:10005000FB430008FB430008FB4300089B420008E9
:10006000FB430008FB430008FB430008FB43000878
:10007000FB430008FB430008FB430008FB43000868
:10008000FB430008FB430008FB430008FB43000858
:10009000FB430008FB430008FB430008FB43000848
:1000A000FB430008FD410008FB430008FB43000838
:1000B000FB4300082D2800083D280008FB430008EA
:1000C000FB430008FB430008FB430008FB43000818
:1000D000FB430008FB430008FB430008FB43000808
:1000E000FB430008FB430008FB430008DFF80CD08B
:1000F00007F0E2FC00480047812600084007002086
:1001000031490143314A1160704770B50021002325
:100110000F22C47804B32D4C246804F4E064C4F5C1
:10012000E064210AC1F10403CA40447804FA03F1EF
:100130008478144021430901254C0678A1550478A0
:1001400004F01F050124AC4005786D11AD0005F1E8
:10015000E025C5F8004109E0047804F01F050124FA
:10016000AC401C4D0678761145F8264070BD1A4A01
:100170000A400243154B1B1F1A60704739B1134ADE
:10018000121D12680243114B1B1D1A6006E00F4A34
:10019000121D126882430D4B1B1D1A607047042804
:1001A00008D14FF0E021096941F004014FF0E0224D
:1001B000116107E04FF0E021096921F004014FF0DF
:1001C000E0221161704700000000FA050CED00E02C
:1001D00000E400E080E100E080FFFF1F00204449D0
:1001E0000860091D0860091D0860091D0860414874
:1001F0003F4914310860704700213D498279002A47
:100200003AD00A46126803689A430B461A600A1DE0
:10021000126803689A430B1D1A60027911440A6838
:1002200003681A430A60324A0832126803689A4324
:100230002F4B08331A601A1D126803689A432C4B1F
:100240000C331A604279102A0ED11A1F1268036803
:100250001A43274B08331A601A1D126803681A43A1
:10026000234B0C331A600DE02149427911440A688E
:1002700003681A430A6005E0027911440A680368BA
:100280009A430A6070470021016001710C2141719D
:100290000021817170471649103109680143144AE1
:1002A00010321160704701460020114A1432126862
:1002B0000A400AB1012000E0002070470C491431C7
:1002C00008607047014600200022094B1B6803EAC2
:1002D0000102074B14331B680B4013B10AB1012014
:1002E00000E00020704702491431086070470000A8
:1002F00000040140FFFF0F0010B50446CC488442C3
:1003000008D10121042000F02DFB0021042000F081
:1003100029FB46E0C748844208D10121082000F0AB
:1003200021FB0021082000F01DFB3AE0C248844276
:1003300008D10121102000F015FB0021102000F051
:1003400011FB2EE0BD48844208D10121202000F09D
:1003500009FB0021202000F005FB22E0B848844280
:1003600008D10121402000F0FDFA0021402000F0DA
:10037000F9FA16E0B348844208D10121802000F048
:10038000F1FA0021802000F0EDFA0AE0AE48844244
:1003900007D10121801500F0E5FA0021A01500F039
:1003A000E1FA10BD10B50121084600F0DBFA00218A
:1003B000012000F0D7FA10BD2DE9F04102460025DA
:1003C0000026002000230024002791F803C00CF031
:1003D0000F0591F803C00CF0100CBCF1000F03D016
:1003E00091F802C04CEA050591F800C0BCF1000F7D
:1003F00031D0146800202BE04FF0010C0CFA00F310
:10040000B1F800C00CEA03069E4220D183004FF0F1
:100410000F0C0CFA03F7BC4305FA03FC4CEA040486
:1004200091F803C0BCF1280F06D14FF0010C0CFA73
:1004300000FCC2F814C00AE091F803C0BCF1480FF8
:1004400005D14FF0010C0CFA00FCC2F810C0401CA2
:100450000828D1D31460B1F800C0BCF1FF0F34DD1F
:10046000546800202EE000F1080C4FF0010808FA53
:100470000CF3B1F800C00CEA03069E4221D18300C0
:100480004FF00F0C0CFA03F7BC4305FA03FC4CEADF
:10049000040491F803C0BCF1280F05D100F1080C49
:1004A00008FA0CF8C2F8148091F803C0BCF1480FA8
:1004B00007D100F1080C4FF0010808FA0CF8C2F857
:1004C0001080401C0828CED35460BDE8F0814FF660
:1004D000FF710180022181700421C17070470246C2
:1004E000002093680B400BB1012000E00020704712
:1004F0000146886880B2704702460020D3680B40EE
:100500000BB1012000E0002070470146C86880B2AE
:10051000704701617047416170470AB1016100E0B5
:1005200041617047C16070474FF480320A43826175
:100530008161826182698269704702460020434B73
:1005400018684FF68073184040EA021008433F4B8A
:10055000186070473E49C8617047F0B50A460023ED
:1005600000240021002500F00046B6F1004F02D122
:10057000364EF16901E0354E7168C0F3034583B230
:1005800000F44016B6F5401F08D121F070612F4EDF
:10059000766826F070662D4F7E6012E000F48016BB
:1005A000B6F5801F06D1032606FA05F4A14341F0F3
:1005B000706106E0460D360103FA06F6B14341F0DC
:1005C000706122B1460D360103FA06F6314300F0A0
:1005D0000046B6F1004F02D11C4EF16101E01B4E06
:1005E0007160F0BD30B500228B071C0F0F2303FA9A
:1005F00004F2164B08338C1053F824309343134CF9
:1006000008348D1044F8253023468C1053F82430DC
:100610008C07240F00FA04F423430C4C08348D108B
:1006200044F8253030BD0A49DC31086070470000CD
:1006300000080140000C014000100140001401407E
:1006400000180140001C0140002001400000014052
:1006500000002042DF48006840F00100DD490860EA
:1006600008464068DC490840DA49486008460068A6
:10067000DA490840D74908600846006820F480201D
:1006800008600846406820F4FE0048604FF41F00F0
:1006900088607047CF49096821F48031CD4A1160E4
:1006A0001146096821F480211160B0F5803F03D024
:1006B000B0F5802F0ED106E0C649096841F48031BB
:1006C000C44A116007E0C349096841F4A021C14A46
:1006D000116000E000BF00BF704710B50146002266
:1006E000002300204A11012A02D1BA4C236806E0F7
:1006F000022A02D1B74C236A01E0B64C636A01F0CA
:100700001F02012494401C400CB1012000E0002095
:1007100010BD38B5002000900024002500BF312016
:10072000FFF7DBFF05460098401C00900098B0F5ED
:10073000A06F01D0002DF2D03120FFF7CEFF08B11D
:10074000012400E00024204638BD01460020A14AD3
:10075000106820F0F80040EAC10010607047A0491E
:1007600008607047024600209A4B586820F47C10BD
:1007700042EA01031843974B58607047984908664E
:10078000704701460020934A506820F00300084358
:10079000506070478F48406800F00C007047014679
:1007A00000208C4A506820F0F000084350607047E9
:1007B00001460020874A506820F4E06008435060FA
:1007C000704701460020834A506820F4605040EA98
:1007D000C1005060704729B17E4A527A02437D4B76
:1007E0005A7204E07B4A527A82437A4B5A727047BB
:1007F0007B49D8310860704701460020754A50682F
:1008000020F440400843506070470021714A203274
:100810001170704A82F82010012802D004280AD1F1
:1008200004E001216B4A2032117005E00521694A7C
:100830002032117000E000BF00BF704769490860B6
:1008400070476449096A0143624A11627047654909
:1008500044390860704730B500210022002400238D
:100860005C4D6D6805F00C0121B1042905D0082903
:1008700023D105E05C4D056022E05B4D05601FE083
:10088000544D6D6805F47012524D6D6805F4803456
:10089000022505EB92421CB9544D554305600BE00F
:1008A0004C4D6D6805F400351DB1504D5543056044
:1008B00002E04D4D5543056002E04B4D056000BF21
:1008C00000BF444D6D6805F0F0010909484D6B5CAF
:1008D0000568DD4045603F4D6D6805F4E061090A3B
:1008E000434D6B5C4568DD4085603A4D6D6805F4AD
:1008F0006051C90A3E4D6B5C4568DD40C560354DB1
:100900006D6805F44041890B3A4D6B5CC568B5FBD9
:10091000F3F5056130BD29B12E4A526902432D4BD2
:100920005A6104E02B4A526982432A4B5A6170474C
:1009300029B1284A92690243264B9A6104E0254A6C
:1009400092698243234B9A61704729B1214AD26947
:100950000243204BDA6104E01E4AD26982431D4BF8
:10096000DA61704729B11B4AD2680243194BDA6039
:1009700004E0184AD2688243164BDA60704729B106
:10098000144A12690243134B1A6104E0114A1269B6
:100990008243104B1A617047124940390860704712
:1009A0000F49C86470470B49C87170470948406ACD
:1009B00040F0807007494862704701460020054AB0
:1009C00092680A400AB1012000E000207047014906
:1009D00088727047001002400000FFF8FFFFF6FE2B
:1009E000000042428004424200127A0000093D00A9
:1009F000000000201000002010B50446FE4884428C
:100A000008D10121C014FFF7ADFF0021E014FFF76A
:100A1000A9FFC4E0B4F1804F08D101210846FFF7D7
:100A2000AEFF00210120FFF7AAFFB8E0F34884429F
:100A300008D101210220FFF7A2FF00210220FFF7C9
:100A40009EFFACE0EE48844208D101210420FFF76C
:100A500096FF00210420FFF792FFA0E0E9488442BE
:100A600008D101210820FFF78AFF00210820FFF7A5
:100A700086FF94E0E448844208D101211020FFF76A
:100A80007EFF00211020FFF77AFF88E0DF488442D4
:100A900008D101212020FFF772FF00212020FFF75D
:100AA0006EFF7CE0DA48844208D101214014FFF750
:100AB00059FF00216014FFF755FF70E0D5488442CC
:100AC00009D10121C804FFF74DFF00214FF4002098
:100AD000FFF748FF63E0D048844209D101210805AF
:100AE000FFF740FF00214FF48010FFF73BFF56E077
:100AF000CA48844209D101214805FFF733FF00218C
:100B00004FF40010FFF72EFF49E0C548844208D19A
:100B100001214020FFF733FF00214020FFF72FFF86
:100B20003DE0C048844208D101218020FFF727FF23
:100B300000218020FFF723FF31E0BB48844208D129
:100B400001218015FFF71BFF0021A015FFF717FFFC
:100B500025E0B648844209D101210804FFF702FFCD
:100B600000214FF48030FFF7FDFE18E0B0488442CA
:100B700009D101214804FFF7F5FE00214FF40030B0
:100B8000FFF7F0FE0BE0AB48844208D10121880456
:100B9000FFF7E8FE00214FF48020FFF7E3FE10BDD1
:100BA00000220288944B98420ED0994B98420BD069
:100BB000B0F1804F08D0914B984205D0904B9842AD
:100BC00002D0904B984204D14FF68F731A404B8855
:100BD0001A438D4B984207D08C4B984204D04FF665
:100BE000FF431A40CB881A4302808B8883850B8889
:100BF0000385814B98420BD0854B984208D08B4B94
:100C0000984205D08A4B984202D08A4B984201D133
:100C10000B7A038601238382704770B5002400227B
:100C20000023058C4FF6FE7635400584028C8388C0
:100C3000048B4FF68F752C40B51E2C400D882C432D
:100C4000751E2A400D892A434D882A436A4DA842C1
:100C50000BD06F4DA84208D0744DA84205D0744DFA
:100C6000A84202D0734DA84213D14FF6F7752A401F
:100C70004D892A434FF6FB752A408D882A434FF64B
:100C8000FF652B404FF6FF552B408D892B43CD89B7
:100C90002B4383800483CD888586028470BD70B524
:100CA000002400220023058C4FF6EF7635400584A2
:100CB000028C8388048B48F6FF752C404FF6FF4565
:100CC0002C400D884FF6FF7606EA05252C434FF69B
:100CD000DF752A400D8906EA05152A434D8806EA84
:100CE00005152A43444DA84202D0494DA8421DD1C2
:100CF0004FF67F752A404D894FF6FF7606EA0515B7
:100D00002A434FF6BF752A408D8806EA05152A4307
:100D10004FF6FF352B404FF2FF752B408D8906EAC9
:100D200085052B43CD8906EA85052B438380048303
:100D3000CD880587028470BD70B500240022002391
:100D4000058C4FF6FF6635400584028C8388848BC2
:100D50004FF68F752C404FF6FC752C400D882C43B8
:100D60004FF6FF552A400D894FF6FF7606EA052516
:100D70002A434D8806EA05252A431F4DA84202D082
:100D8000234DA8421DD14FF2FF752A404D894FF6E1
:100D9000FF7606EA05252A434FF6FF352A408D885F
:100DA00006EA05252A434EF6FF752B404DF6FF75E2
:100DB0002B408D8906EA05152B43CD8906EA0515DA
:100DC0002B4383808483CD888587028470BD70B572
:100DD000002200230024058C4EF6FF763540058462
:100DE000038C8488828B48F6FF752A404FF6FF45B6
:100DF0002A400D8820E00000002C01400004004043
:100E000000080040000C00400010004000140040AA
:100E100000340140004C01400050014000540140AA
:100E200000180040001C004000200040004001402D
:100E300000440140004801404FF6FF7606EA0525D0
:100E40002A434DF6FF752B400D8906EA05352B43E5
:100E50004D8806EA05352B43FA4DA84202D0FA4DDB
:100E6000A84208D14BF6FF752C408D894FF6FF76CE
:100E700006EA85152C4384808283CD88A0F84050F3
:100E8000038470BD828B4FF2FF331A408283828BC2
:100E90004FF6FF7303EA01231A4382837047F0B5CC
:100EA0000C461546002200210026078C4EF6FF7CDA
:100EB00007EA0C070784828B018C4FF6FF7707EA5D
:100EC000043640F6FF473A404FF6FF7707EA05271A
:100ED0003A434FF6FF7707EA03373A43D94FB84210
:100EE0000ED0D94FB8420BD0B0F1804F08D0D74FB9
:100EF000B84205D0D64FB84202D0D64FB84206D13C
:100F00004DF6FF77394046F48057394305E047F600
:100F1000FF57394044F48057394382830184F0BD40
:100F2000828B4FF6F3731A408283828B0A4382834B
:100F30007047F0B50C461546002200210026078CAC
:100F40004FF6FF6C07EA0C070784828B018C4FF683
:100F5000FF7707EA04264FF60C773A404FF6FF7703
:100F600007EA03172F433A43B64FB8420ED0B64FA5
:100F7000B8420BD0B0F1804F08D0B44FB84205D082
:100F8000B34FB84202D0B34FB84206D14FF6FF5725
:100F9000394046F48077394305E04FF2FF57394036
:100FA00044F48077394382830184F0BD028B4FF291
:100FB000FF331A400283028B4FF6FF7303EA0123CB
:100FC0001A4302837047F0B50C46154600220021F3
:100FD0000026078C4FF6EF7C07EA0C070784028B8C
:100FE000018C4FF6FF7707EA041640F6FF473A40B8
:100FF0004FF6FF7707EA03373A434FF6FF7707EAE2
:1010000005273A438F4FB8420ED08F4FB8420BD0CE
:10101000B0F1804F08D08D4FB84205D08C4FB84208
:1010200002D08C4FB84206D14FF6DF77394046F0F8
:101030001007394305E04FF65F77394044F0100759
:10104000394302830184F0BD028B4FF6F3731A40DB
:101050000283028B0A4302837047F0B50C461546A3
:1010600000220021068C4FF6FE773E400684028B5C
:10107000018C4FF60C7632407E1C06EA03162E4396
:101080003243704EB0420ED06F4EB0420BD0B0F132
:10109000804F08D06D4EB04205D06D4EB04202D0A8
:1010A0006C4EB04206D14FF6FD76314044F0010659
:1010B000314305E04FF6F576314044F00106314307
:1010C00002830184F0BD70B505460C465D4885423B
:1010D0000ED05D4885420BD0B5F1804F08D05B48FB
:1010E000854205D05A48854202D05A48854200D1EF
:1010F00000E000BF208850B92389A2886188284673
:10110000FFF7ABFFE1882846FFF79EFF25E0208828
:1011100004280AD12389A28861882846FFF753FF53
:10112000E1882846FFF742FF17E0208808280AD107
:101130002389A28861882846FFF7FBFEE1882846BC
:10114000FFF7EEFE09E02389A28861882846FFF7B1
:10115000A6FEE1882846FFF795FE70BD2DE9F04117
:1011600005460C4600260127608808B9022600E0E3
:101170000026A088012801D1022700E0012720884D
:10118000A0B92389A28861882846FFF766FFE18815
:101190002846FFF759FF23893A4631462846FFF78C
:1011A00012FFE1882846FFF701FF13E02389A28898
:1011B00061882846FFF707FFE1882846FFF7F6FE1B
:1011C00023893A4631462846FFF747FFE1882846FB
:1011D000FFF73AFFBDE8F0810A884B881A438B88F5
:1011E0001A43CB881A430B891A434B891A438B89BC
:1011F0001A43A0F8442070474FF6FF718180002108
:101200000180C180418001727047002101804180CE
:101210008180C180018141818181C181704700212C
:1012200001804180012181800021C18001817047BE
:101230000021018041808180C180018141818181C3
:1012400070470000002C01400034014000040040C1
:1012500000080040000C004021B1028842F0010269
:10126000028004E002884FF6FE731A400280704745
:1012700031B1B0F8442042F40042A0F8442005E027
:10128000B0F84420C2F30E02A0F8442070471AB10F
:1012900083890B43838102E083898B438381704779
:1012A0008182704741EA0203A0F8483070471AB1C2
:1012B00083890B43838102E083898B438381704759
:1012C00001894FF6F8721140018170470A460021EA
:1012D00001894FF68F73194011430181704730B572
:1012E00004460D4629462046FFF7F0FF208940F0CE
:1012F0000700208130BD2DE9F04104460D46164619
:101300001F46602D06D13B46012231462046FFF79D
:101310005AFE05E03B46012231462046FFF79DFE7E
:1013200029462046FFF7D2FF208940F007002081A0
:10133000BDE8F08130B50C4600210189C9B24FF6F5
:10134000FF7505EA0325154325432943018130BD77
:101350002DE9F04105460E461746984600244346BF
:101360003A4631462846FFF7E5FF2C894FF6F870DC
:10137000044044F007044FF68F70044044F07004BA
:101380002C81BDE8F081F0B504460D4616461F4697
:101390003B46324629462046FFF7CCFF208940F4E1
:1013A00080402081F0BD0185828270470A4600217D
:1013B00001884FF68F731940114301807047F0B5D3
:1013C0000C4615461E460021002200230189028B8F
:1013D000038C4FF6F877394021434FF6FC473A40EB
:1013E00040F201173A434FF6DD773B404FF6FF7767
:1013F00007EA06172F433B43018102830384F0BDB4
:101400000A460021018B4FF68F7319401143018367
:1014100070470A460021018B48F6FF7319404FF6CA
:10142000FF7303EA02231943018370470A46002130
:10143000818B4FF68F7319401143818370470A46A1
:101440000021818B48F6FF7319404FF6FF7303EAC2
:10145000022319438183704721B1028842F0800240
:10146000028004E002884FF67F731A4002807047C2
:1014700021B1828842F00402828004E082884FF623
:10148000FB731A408280704721B1828842F00802C3
:10149000828004E082884FF6F7731A40828070479A
:1014A00021B1828842F00102828004E082884FF6F6
:1014B000FE731A40828070470A460021018B4FF666
:1014C000F77319401143018370470A460021018BCD
:1014D0004FF2FF7319404FF6FF7303EA02231943DB
:1014E000018370470A460021818B4FF6F77319403C
:1014F0001143818370470A460021818B4FF2FF73AD
:1015000019404FF6FF7303EA0223194381837047A2
:101510000A460021018B4FF6FB73194011430183EA
:1015200070470A460021018B4FF6FF3319404FF6F2
:10153000FF7303EA02231943018370470A4600211F
:10154000818B4FF6FB7319401143818370470A4624
:101550000021818B4FF6FF3319404FF6FF7303EAEA
:1015600002231943818370470A460021018B4FF6FD
:101570007F7319401143018370470A460021018B94
:10158000C1F30E014FF6FF7303EA022319430183EF
:1015900070470A460021818B4FF67F731940114333
:1015A000818370470A460021818BC1F30E014FF6FB
:1015B000FF7303EA02231943818370470A4600211F
:1015C000018C4FF6FD7319401143018470470A46A0
:1015D0000021018C4FF6F7731940114301847047C5
:1015E0000A460021018C4FF6DF7319404FF6FF7356
:1015F00003EA02131943018470470A460021018C53
:101600004FF67F7319404FF6FF7303EA0213194335
:10161000018470470A460021018C4FF6FF531940A0
:101620004FF6FF7303EA02231943018470470A4609
:101630000021018C4FF2FF7319404FF6FF7303EA4C
:1016400002231943018470470A460021018C4DF69C
:10165000FF7319404FF6FF7303EA02331943018405
:10166000704730B5002301248C40A3B2048C9C4306
:101670000484048C02FA01F5ADB22C43048430BD1D
:1016800030B5002304248C40A3B2048C9C43048412
:10169000048C02FA01F5ADB22C43048430BD70B560
:1016A0000346002000241846183001258D40ACB2B6
:1016B0001D8CA5431D8409B1082909D100EB6100E7
:1016C000056825F0700505600568154305600EE0A6
:1016D0000D1FC5F34E052844056825F4E045056057
:1016E00005684FF6FF7606EA02263543056070BDB1
:1016F00021B1028842F00202028004E002884FF623
:10170000FD731A400280704721B1028842F0040242
:10171000028004E002884FF6FB731A400280704793
:1017200021B1828842F08002828004E082884FF6F4
:101730007F731A408280704702884FF6F7731A4011
:10174000028002880A430280704782884FF68F73B6
:101750001A40828082880A438280704702894FF64D
:10176000F8731A40028102890A4302817047028994
:101770004FF67F731A40028102890A430281704743
:1017800081847047818570478186704701877047E3
:1017900081877047A0F84010704702884FF6FF43DA
:1017A0001A40028002880A43028070470146888EF0
:1017B00070470146088F70470146888F7047014681
:1017C000B1F8400070470146888C70470146088D8B
:1017D000704702460020138A0B400BB1012000E045
:1017E00000207047CA430282704730B5024600208D
:1017F00000230024158A05EA0103958905EA0104FE
:1018000013B10CB1012000E0002030BDCA430282B8
:101810007047000010B50446FB48844209D10121FD
:101820008803FFF79FF800214FF48040FFF79AF8F4
:1018300032E0F648844209D101214804FFF79FF8BD
:1018400000214FF40030FFF79AF825E0F048844279
:1018500009D101218804FFF792F800214FF480207C
:10186000FFF78DF818E0EB48844209D10121C80444
:10187000FFF785F800214FF40020FFF780F80BE018
:10188000E548844208D101210805FFF778F80021D6
:101890004FF48010FFF773F810BD2DE9F04786B0C4
:1018A00005460E460024A24600BFA1460027B08987
:1018B00000B100BF2F462C8A4CF6FF700440F08820
:1018C00004432C82AC894EF6F3100440B088318971
:1018D0000843718908430443AC81AC8A4FF6FF404A
:1018E0000440B0890443AC8201A8FEF7B4FFC648A7
:1018F000874202D1DDF810A001E0DDF80CA0A88934
:1019000000F4004040B10AEBCA0000EB0A10316855
:101910004900B0FBF1F807E00AEBCA0000EB0A103F
:1019200031688900B0FBF1F86420B8FBF0F00401E5
:101930002009642101FB1089A88900F4004040B10E
:10194000322000EBC900B0FBF1F000F007000443C7
:1019500008E0322000EB09106421B0FBF1F000F048
:101960000F0004432C8106B0BDE8F0874FF41651F8
:10197000016000218180C18001810C214181002111
:101980008181704710B502460020108A4FF2FF0394
:1019900018400B884C8823438C882343CC882343EE
:1019A0001843108210BD0021018041808180C180D8
:1019B000704721B1828942F40052828104E0828919
:1019C0004DF6FF731A4082817047F0B5034600243C
:1019D00000260025002040F66A17B94200D100BF5A
:1019E0001846C1F3421401F01F06012707FA06F555
:1019F000012C01D10C3004E0022C01D1103000E0A8
:101A000014301AB107682F43076002E00768AF433C
:101A10000760F0BD1AB1838A0B43838202E0838A98
:101A20008B4383827047028A4FF6F0731A4002821A
:101A3000028A0A430282704782894FF2FF731A407A
:101A4000828182890A438281704721B1828942F072
:101A50000202828104E082894FF6FD731A4082817E
:101A60007047028A4FF6DF731A400282028A0A43E5
:101A70000282704721B1028A42F48042028204E06D
:101A8000028A4BF6FF731A4002827047C1F30802C4
:101A90008280704701468888C0F3080070478189BA
:101AA00041F0010181817047028BD2B20283028B27
:101AB00042EA012202837047028B02F47F420283D2
:101AC000028B0A430283704721B1828A42F02002CE
:101AD000828204E0828A4FF6DF731A408282704766
:101AE00021B1828A42F01002828204E0828A4FF69B
:101AF000EF731A408282704721B1828A42F0080255
:101B0000828204E0828A4FF6F7731A40828270471D
:101B100021B1828942F40042828103E08289C2F3CA
:101B20000E028281704721B1828A42F40062828271
:101B300004E0828A4FF2FF731A4082827047828AE1
:101B40004FF6FB731A408282828A0A438282704770
:101B500021B1828A42F00202828204E0828A4FF638
:101B6000FD731A408282704702460020B1F5007F63
:101B700000D100BF13880B400BB1012000E0002012
:101B8000704701F40072B2F5007F00D100BFCA4374
:101B90000280704770B50246002400230025002013
:101BA00040F66A16B14200D100BFC1F3421501F000
:101BB0001F03012606FA03F3012D02D19689334053
:101BC00006E0022D02D1168A334001E0968A3340A6
:101BD0000C12012606FA04F41688344013B10CB135
:101BE000012000E0002070BD10B50022002340F667
:101BF0006A14A14200D100BF0A1201249440A3B28A
:101C0000DC43048010BD0000003801400044004067
:101C100000480040004C00400050004010B5044611
:101C2000FA48844208D101214015FEF79BFE0021AD
:101C30006015FEF797FE17E0F548844208D10121B0
:101C40000015FEF78FFE00212015FEF78BFE0BE03E
:101C5000F048844208D10121C803FEF783FE002129
:101C60004FF40040FEF77EFE10BD30B50246002066
:101C700000235068E84C20400D790C6844EA0524A4
:101C8000204350609068E54C2040D1E902542C4339
:101C90004D7944EA450420439060D06A20F47000F6
:101CA0000C7C641EE4B2234340EA0350D06230BD92
:101CB00000210160017141718160C16001210174E5
:101CC000704721B1826842F00102826003E08268BD
:101CD00022F001028260704721B1826842F4807272
:101CE000826003E0826822F480728260704710B5DF
:101CF0000023CBB21AB144681C43446002E044683C
:101D00009C43446010BD816841F0080181607047C8
:101D1000014600208A6802F008020AB1012000E0B2
:101D200000207047816841F00401816070470146DE
:101D300000208A6802F004020AB1012000E00020BD
:101D4000704721B1826842F4A002826003E0826899
:101D500022F4A00282607047014600208A6802F4E3
:101D600080020AB1012000E00020704710B50A4649
:101D700000210023416821F46041531E41EA4331B0
:101D8000416010BD21B1426842F40062426003E04C
:101D9000426822F4006242607047F0B504460D4686
:101DA00000200021092D11DDE068A5F10A0606EBEF
:101DB0004607072606FA07F18843A5F10A0606EB4F
:101DC000460603FA06F10843E0600CE0206905EBE3
:101DD0004507072606FA07F1884305EB450603FA8F
:101DE00006F108432061072A0FDA606B561E06EBE6
:101DF00086071F2606FA07F18843561E06EB86065D
:101E000005FA06F10843606322E00D2A0FDA206B21
:101E1000D61F06EB86071F2606FA07F18843D61F52
:101E200006EB860605FA06F10843206310E0E06A37
:101E3000A2F10D0606EB86071F2606FA07F1884376
:101E4000A2F10D0606EB860605FA06F10843E062EC
:101E5000F0BD21B1826842F48012826003E08268A2
:101E600022F48012826070470146C86C80B27047CD
:101E700066484C300068704721B1426842F4806285
:101E8000426003E0426822F480624260704721B100
:101E9000426842F48052426003E0426822F4805279
:101EA000426070470A460021816821F4E0411143F5
:101EB0008160704721B1826842F40042826003E091
:101EC000826822F400428260704721B1826842F445
:101ED0000212826003E0826822F40212826070477C
:101EE000014600208A6802F400120AB1012000E0D5
:101EF00000207047F0B50446154600200022002659
:101F0000092911DDE068A1F10A0707EB470C072753
:101F100007FA0CF29043A1F10A0707EB470703FA0F
:101F200007F21043E0600CE0206901EB410C072749
:101F300007FA0CF2904301EB410703FA07F2104352
:101F40002061A06BC0F30156EF1C06F1010CA7EB5A
:101F50000C0707EB870C1F2707FA0CF29043EF1CC6
:101F600006F1010CA7EB0C0707EB870701FA07F254
:101F70001043A063F0BD10B50A4600210023816B19
:101F800021F44011531E41EA0351816310BD08B58D
:101F9000002300930090009B0B440093009B1A6069
:101FA00008BD08B5024600200090009201F128000B
:101FB000009B184400900098006880B208BD0A4653
:101FC00000214168164B194011434160704741623E
:101FD000826270470A460021416821F01F011143C7
:101FE0004160704740B109490831096841F4000176
:101FF000064A0832116007E004490831096821F4F3
:102000000001024A083211607047000000240140BC
:1020100000280140003C0140FFFEF0FFFDF7F1FF0A
:10202000FFFD3FFF0246002013680B400BB101206B
:1020300000E000207047CA430260704770B5024656
:102040000020002300240B125568CEB205EA0604D6
:1020500015681D4015B10CB1012000E0002070BDD5
:1020600000220A12D3430360704700000CB5002021
:10207000019000906C48006840F480306A49086024
:1020800000BF6948006800F4003000900198401CCF
:102090000190009818B90198B0F5A06FF1D162488D
:1020A000006800F4003010B10120009001E0002031
:1020B00000900098012843D15C48006840F010006F
:1020C0005A4908600846006820F003000860084686
:1020D000006840F002000860534840685249486078
:1020E0000846406848600846406840F480604860A0
:1020F0000846406820F47C1048600846406840F478
:10210000E81048600846006840F08070086000BF32
:102110004548006800F000700028F9D04248406847
:1021200020F00300404948600846406840F0020043
:10213000486000BF3C48406800F00C000828F9D116
:102140000CBD10B5FFF792FF10BD10B53648006802
:1021500040F00100344908600846406834490840AE
:102160003149486008460068324908402E490860F5
:102170000846006820F4802008600846406820F483
:10218000FE0048604FF41F008860FFF7DAFF4FF051
:1021900000602949086010BD10B500210020002210
:1021A000214B5B6803F00C0121B1042906D00829FA
:1021B00028D107E0214B224C236027E01F4B204C05
:1021C000236023E0184B5B6803F47010164B5B68C8
:1021D00003F48032022303EB904022B9194B4343AE
:1021E000174C23600DE0104B5B6803F4003323B100
:1021F000144B4343124C236003E0104B4343104CF9
:10220000236003E00D4B0E4C236000BF00BF064B64
:102210005B68C3F303130C4CE15C094B1B68CB40B8
:10222000074C236010BD0000001002400020024057
:102230000000FFF8FFFFF6FE08ED00E000127A0054
:102240001400002000093D0018000020014605E0B0
:10225000002001E0421CD0B20A28FBDB0A1EA1F1DB
:102260000101F5D1704710B5044603E04FF47A70D0
:10227000FFF7ECFF201EA4F10104F7D110BD704759
:1022800008B50720009002E00098401E00900098DA
:102290000028F9D108BD10B54FF40070E649086078
:1022A00040100860FFF7ECFFE3480838006808B901
:1022B000012000E0002000F4007008B1002010BDF3
:1022C0004FF40070DC49091D0860FFF7D9FFDA48B8
:1022D0000838006800F4007008B10020EFE74FF400
:1022E0000070D549091D0860FFF7CAFF0120E6E725
:1022F00010B54FF48070D049091D0860FFF7C0FF8A
:102300004FF40070CC49091D0860FFF7B9FF4FF486
:102310008070C9490860FFF7B3FF4FF40070C649E9
:102320000860FFF7ADFF10BD10B54FF48070C249D3
:10233000091D0860FFF7A4FF4FF40070BE49091D96
:102340000860FFF79DFF4FF48070BB490860FFF7FE
:1023500097FF4FF48070B849091D0860FFF790FFA0
:1023600010BD10B54FF48070B349091D0860FFF728
:1023700087FF4FF40070B0490860FFF781FF4FF40A
:102380008070AD490860FFF77BFF4FF48070AA4969
:10239000091D0860FFF774FF10BD10B54FF4807081
:1023A000A549091D0860FFF76BFF4FF40070A249B3
:1023B0000860FFF765FF4FF480709F490860FFF7E2
:1023C0005FFF9D480838006800F4007030B14FF49A
:1023D00080709949091D0860002010BD4FF480707D
:1023E0009549091D08600120F7E770B504460825E6
:1023F0001DE04FF480709049091D0860FFF740FF11
:1024000004F0800020B14FF400708B49086004E0B4
:102410004FF400708849091D08606006040EFFF73C
:102420002FFF4FF4807084490860FFF729FF281EB2
:10243000A5F10101CDB2DCD14FF480707E49091DB8
:10244000086070BD70B508250024A8017A490860AD
:1024500016E06006040E4FF480707749091D08608D
:10246000FFF70EFF4FF4807073490860FFF708FF15
:1024700071480838006800F4007008B144F00104A5
:10248000281EA5F10101CDB2E3D14FF480706A4955
:10249000091D0860204670BD08B501210820FEF71F
:1024A00047FA4FF44070ADF8000002208DF80200AA
:1024B00014208DF8030069465F481038FDF77CFF53
:1024C00008BD2DE9F04105460E4617469846FFF730
:1024D000E2FE10B90020BDE8F081002141EA45018B
:1024E000C8B2FFF782FFFFF758FF18B9FFF700FFE8
:1024F0000020F0E73046FFF778FFFFF74EFF00249B
:102500000BE018F80400FFF770FFFFF746FF18B95B
:10251000FFF7EEFE0020DEE7641CBC42F1DBFFF7B4
:10252000E7FE0120D7E72DE9F04104460D461646A7
:102530001F463B46324629462046FFF7C2FF10B1F0
:102540000020BDE8F0814FF0FF30FAE72DE9F041BF
:1025500005460F4614461E46FFF79DFE10B90020A3
:10256000BDE8F081002141EA4501C8B2FFF73DFF17
:10257000FFF713FF18B9FFF7BBFE0020F0E738465E
:10258000FFF733FFFFF709FFFFF785FE012101EB9E
:102590004501C8B2FFF729FFFFF7FFFE0CE0FFF788
:1025A00051FF3070012C02D1FFF7DBFE01E0FFF795
:1025B000BBFE761C601EC4B2002CF0D1FFF798FE63
:1025C0000120CDE72DE9F04104460D4616461F4691
:1025D0003B46324629462046FFF7B8FF10B100209F
:1025E000BDE8F0814FF0FF30FAE770B504460D46C4
:1025F0001646FFF750FE08B9002070BD002141EAE1
:102600004401C8B2FFF7F1FEFFF7C7FE18B9FFF7A4
:102610006FFE0020F1E72846FFF7E7FEFFF7BDFE5B
:102620003046FFF7E2FEFFF7B8FEFFF761FE01203C
:10263000E3E7002070470000100C014008B50121BD
:102640001120FEF775F901210B48FDF786FF4FF4C5
:10265000C040ADF8000003208DF8020010208DF876
:10266000030069460548FDF7A7FE4FF4C041034843
:10267000FDF74FFF08BD00000002300000100140D0
:10268000FFF763FD41F61F4141F2883001F088FDFC
:1026900001F0C2FD01F0F2FB00F0C2F800F024F8F6
:1026A000FFF7CCFF01F03EFE00F0D0F800F037F964
:1026B000FFF7F2FE0A2000F00FFE00F043FA00F0F0
:1026C000B3FD00F019FE4FF0E020006940F001007A
:1026D0004FF0E021086105E000F0A4FA01F08DFB65
:1026E00001F071FBF8E7000008B501210820FEF7B2
:1026F0001FF94FF47040ADF8000010208DF8030072
:1027000003208DF802006946FE48FDF755FE4FF4A0
:102710007041FC48FDF7FDFE08BD08B501210846E3
:10272000FEF713F901210420FEF702F90C20ADF8A1
:10273000000018208DF8030003208DF80200694680
:10274000F148FDF739FE08BD30B587B000250024FB
:1027500040F2E730ADF814000020ADF81000ADF8FD
:102760001600ADF8120004A94FF08040FEF718FAE9
:102770006020ADF800000120ADF80200ADF8065071
:102780000020ADF8080069464FF08040FEF7D4FA0B
:102790000821C806FEF7A6FE0120ADF80200ADF83C
:1027A00006400020ADF8080069464FF08040FEF773
:1027B0000EFB0821C806FEF79EFE01218807FEF7E2
:1027C0004BFE01218807FEF747FD07B030BD2DE91C
:1027D000FF4104460D4627462E466020ADF8000016
:1027E0000120ADF80200ADF806700020ADF8080039
:1027F00069464FF08040FEF79FFA0821C806FEF7B1
:1028000071FE0120ADF80200ADF806606946800750
:10281000FEF7DDFA0821C806FEF76DFEBDE8FF8170
:1028200010B5FFF77AFFFFF78FFF10BDB749088893
:10283000098821F00101B54A11807047B449088820
:10284000098821F00101B24A1180704700B589B0B2
:1028500001210220FEF779F801210420FEF768F833
:1028600001A8FDF734FEC020ADF8040004208DF867
:10287000070003208DF8060001A9A348FDF79CFD81
:102880004FF4A060FDF73CFC1D208DF808000120EE
:102890008DF8090003208DF80A0001208DF80B0047
:1028A00002A8FDF732FC99481038FEF7A5F806A8F3
:1028B000FEF7A2FC0020ADF818004FF6FF70ADF84F
:1028C0001C000020ADF81E00ADF81A0006A98F48C4
:1028D0001038FEF765F90A231A4603218B48103891
:1028E000FEF76DFD03A8FEF79AFC0620ADF8140074
:1028F00003A986481038FEF7E6FB0121834810380B
:10290000FEF770FF0122114680481038FEF7BFFC29
:1029100001217E481038FEF79FFC09B000BD00B5CC
:1029200089B001210420FEF710F801210820FDF7ED
:10293000FFFF01A8FDF7CBFDC020ADF80400042087
:102940008DF8070003208DF8060001A96D48FDF7FA
:1029500033FD4FF4A060FDF7D3FB1E208DF8080077
:1029600001208DF8090003208DF80A0001208DF860
:102970000B0002A8FDF7C9FB65481038FEF73CF8CC
:1029800006A8FEF739FC0020ADF818004FF6FF70DE
:10299000ADF81C000020ADF81E00ADF81A0006A925
:1029A0005B481038FEF7FCF80A231A460321584802
:1029B0001038FEF704FD03A8FEF731FC0620ADF841
:1029C000140003A952481038FEF77DFB012150483E
:1029D0001038FEF707FF012211464D481038FEF768
:1029E00056FC01214A481038FEF736FC09B000BDFC
:1029F00000B585B001210420FDF79AFF01210220D6
:102A0000FDF7A3FF8020ADF8100004208DF813001F
:102A100003208DF8120004A93B48FDF7CDFC4FF4CC
:102A2000A060FDF76DFB1D208DF8000001208DF8E2
:102A3000010003208DF8020001208DF80300684694
:102A4000FDF763FB31481038FDF7D6FF4FF6FF70F6
:102A5000ADF808000020ADF80400ADF80A00ADF8AC
:102A6000060001A929481038FEF79AF800231A46F3
:102A7000602126481038FEF73EFC0021234810381C
:102A8000FEF77EFE012121481038FEF7E5FB05B078
:102A900000BD00B585B001210820FDF749FF0121E7
:102AA0000420FDF752FF8020ADF8100004208DF8BF
:102AB000130003208DF8120004A91248FDF77CFCD6
:102AC0004FF4A060FDF71CFB1E208DF800000120D4
:102AD0008DF8010003208DF8020001208DF803001D
:102AE0006846FDF712FB0A481038FDF785FF4FF6E0
:102AF000FF70ADF808000020ADF80400ADF80A0042
:102B000008E00000000C01400008014010040040F3
:102B100010080040ADF8060001A90948FEF740F88A
:102B200000231A4660210648FEF7E5FB0021044811
:102B3000FEF726FE01210248FEF78EFB05B000BD20
:102B40000008004070B5002402F0B7F80446002CDD
:102B500060D17CA001F00FFB782001F010FD18B9C6
:102B600081A001F008FB02E087A001F004FB7820BF
:102B700001F0F2FE18B98FA001F0FDFA02E096A074
:102B800001F0F9FA642001F0C8FF18B99EA001F025
:102B9000F2FA02E0A6A001F0EEFA03F07FFB18B90A
:102BA000ACA001F0E8FA02E0B7A001F0E4FAC548F1
:102BB00004F050FA054603F07BFB18B9C2A001F0FF
:102BC000DAFA02E0CAA001F0D6FA40F2731003F07C
:102BD000B0FF18B9D2A001F0CEFA02E0D9A001F0FE
:102BE000CAFA642003F01EFD18B9E2A001F0C3FA8E
:102BF00002E0E9A001F0BFFA04F040FA012003F07E
:102C000093F818B9EFA001F0B6FA0AE0F6A001F0C7
:102C1000B2FA06E04FF40051FE48FDF77CFC00BF1D
:102C2000FEE770BD2DE9F04F89B0FB48FB49FC4B36
:102C3000FC4ACDE90010FC49FC4804F0D9F8F748FB
:102C4000008800F4807000287AD0F649086804F003
:102C500047FD04464FF09D4104F07CFBF4490860B9
:102C6000F049486804F03CFD04464FF09D4104F0F3
:102C700071FBF0490860EB49886804F031FD0446B7
:102C80004FF09D4104F066FBEB490860E549C868D8
:102C900004F026FD04464FF09D4104F05BFBE7493C
:102CA0000860E34801684FF0804004F021FB069083
:102CB000E1480168069804F01BFB8246DD48016884
:102CC0004FF0404004F014FB0690DC480168069881
:102CD00004F00EFB8346514604F0B2FA079004F06C
:102CE0004BFD064605F08AFC80464FF06632D44B19
:102CF00004F015FC044604F06BFDD2490860CE4890
:102D000001684FF0804004F0F3FA0390CA4801686C
:102D1000039804F0EDFA8246C64801684FF040403F
:102D200004F0E6FA0390C3480168039804F0E0FA5F
:102D30008346514604F0D6FA81464FF07E5183E136
:102D40000CE200006D707520696E697469616C69D0
:102D50007A6174696F6E20636F6D706C6574652E37
:102D60002E2E2E2E2E0A20006D70755F7365745FF7
:102D700073656E736F7220636F6D706C6574652020
:102D80002E2E2E2E2E2E0A006D70755F7365745FC9
:102D900073656E736F7220636F6D65206163726F10
:102DA0007373206572726F72202E2E2E2E2E2E0AB5
:102DB000000000006D70755F636F6E666967757205
:102DC000655F6669666F20636F6D706C6574652002
:102DD0002E2E2E2E2E2E0A006D70755F636F6E667E
:102DE00069677572655F6669666F20636F6D6520E0
:102DF0006163726F7373206572726F72202E2E2E54
:102E00002E2E2E0A000000006D70755F7365745FD2
:102E100073616D706C655F7261746520636F6D7056
:102E20006C657465202E2E2E2E2E2E0A00000000BA
:102E30006D70755F7365745F73616D706C655F72E3
:102E4000617465206572726F72202E2E2E2E2E2ECA
:102E50000A000000646D705F6C6F61645F6D6F7479
:102E6000696F6E5F6472697665725F6669726D77AD
:102E700061726520636F6D706C657465202E2E2EF7
:102E80002E2E2E0A00000000646D705F6C6F61646E
:102E90005F6D6F74696F6E5F6472697665725F668D
:102EA00069726D7761726520636F6D652061637211
:102EB0006F7373206572726F72202E2E2E2E2E2E3F
:102EC0000A00000028000020646D705F7365745F65
:102ED0006F7269656E746174696F6E20636F6D7077
:102EE0006C657465202E2E2E2E2E2E0A00000000FA
:102EF000646D705F7365745F6F7269656E74617421
:102F0000696F6E20636F6D65206163726F737320EC
:102F10006572726F72202E2E2E2E2E2E0A00000049
:102F2000646D705F656E61626C655F666561747526
:102F3000726520636F6D706C657465202E2E2E2E69
:102F40002E2E0A00646D705F656E61626C655F664F
:102F500065617475726520636F6D65206163726F62
:102F60007373206572726F72202E2E2E2E2E2E0AF3
:102F700000000000646D705F7365745F6669666F62
:102F80005F7261746520636F6D706C657465202E6F
:102F90002E2E2E2E2E0A0000646D705F7365745FF6
:102FA0006669666F5F7261746520636F6D6520612D
:102FB00063726F7373206572726F72202E2E2E2EC5
:102FC0002E2E0A006D70755F7365745F646D705F9F
:102FD000737461746520636F6D706C657465202E09
:102FE0002E2E2E2E2E0A00006D70755F7365745F95
:102FF000646D705F737461746520636F6D652061CB
:1030000063726F7373206572726F72202E2E2E2E74
:103010002E2E0A00001001406200002060000020F7
:1030200050000020B80100205A0000205400002069
:1030300034000020380000203C0000204000002028
:1030400066A64C404400002004F0FAF8044604F060
:1030500093FBCDE90401434801684FF0804004F040
:1030600047F9834640480168584604F041F98146D3
:103070003E4801684FF0804004F03AF983463C48EE
:103080000168584604F034F98246494604F0D8F8FD
:10309000044604F071FB0746DDE9042305F0F6FC65
:1030A0004FF06632334BCDE9060104F038FA05469D
:1030B00004F08EFB304908602D480168006804F078
:1030C00017F9039029480168006804F011F902908B
:1030D00025480168006804F00BF98346214801681F
:1030E000006804F005F95946019004F0A9F88246F9
:1030F000029904F0F7F88146039904F0F3F80446C6
:1031000004F03AFBCDE9040119480168154800684C
:1031100004F0EEF88246154801681348006804F090
:10312000E7F88346514604F08BF881464FF0804122
:1031300004F0DEF8044604F01FFB0746DDE9042333
:1031400005F0A4FC4FF066320A4BCDE9060104F00D
:10315000E6F9054604F03CFB0849086009B0BDE803
:10316000F08F000034000020380000203C000020D8
:103170004000002066A64C40480000204C00002083
:10318000704700BFFEE700BFFEE700BFFEE700BFDD
:10319000FEE770477047704710B51D480078401C27
:1031A0001B4908701B480078401C1A4908701A48CF
:1031B0000078401C1849087000F0F6FA17480078AB
:1031C000401C1649087016480078401C14490870C5
:1031D00014480078401C134908700E4800780228F3
:1031E00006DB01F08AF800F0DAFB002009490870DC
:1031F00009480078082806DB00F003FB0020064998
:1032000008700649087000F0FFF800F01BFA10BDC6
:103210007000002075000020710000207200002066
:10322000730000207400002030B527480068C822D1
:10323000B0FBF2F1B1F1807F01D301201DE021F05C
:103240007F40401E4FF0E022506150170F220028AF
:1032500007DA13071D0E1D4B00F00F04241F1D5528
:1032600003E013071C0E1A4B1C5400BF00204FF044
:10327000E022906107201061002008B100BFFEE746
:103280004FF0E020006920F001004FF0E0210861DC
:1032900030BD01B50F49009808604FF0E02000698B
:1032A00040F001004FF0E021086100BF09480068CC
:1032B0000028FBD108BD0748006820B10548006818
:1032C000401E0449086070471400002018ED00E01B
:1032D00000E400E064000020002107E042F6E06125
:1032E00000BF0A1EA1F1010399B2FAD1021EA0F19A
:1032F000010398B2F2D170470020F8490880F849DC
:103300000880F8490860F8490860F8490860F849F9
:103310000860F8490860F8490860F8490860F84909
:103320000860F8490860F8490860F8490860F849F9
:103330000860F8490860F8490860F8490860F849E9
:103340000860F8490860F8490870F8490870F849B9
:103350000870F849086070472DE9F041F6480068A8
:1033600004F00AFA0446F548D0E9006332462046E4
:1033700004F016FA07D0F148D0E90021104604F015
:1033800027FAED490860EE48006804F0F5F90446B4
:10339000EA48D0E902633246204604F001FA07D039
:1033A000E649D1E90221104604F012FAE449086026
:1033B000E448006804F0E0F90446E048D0E904631A
:1033C0003246204604F0ECF907D0DC48D0E904216D
:1033D000104604F0FDF9DB490860DB48006804F0A2
:1033E000CBF90446D548D0E906633246204604F0BE
:1033F000D7F907D0D148D0E90621104604F0E8F902
:10340000D1490860BDE8F0812DE9F041CF4800685E
:10341000012810D10020C8490860CD48006804F098
:103420006DF906460022CB4B04F079F8044604F00F
:10343000CFF9C1490860C5480068022812D10020B0
:10344000BF490860C4490968A1F1400004F056F979
:1034500006460022C14B04F062F8044604F0B8F9B5
:10346000B7490860BE49B1F9040004F039F9BD4913
:103470000860BD49B1F9040004F032F9BB490860A5
:103480000021BB48006804F0BFF90BD0B949B84827
:10349000006804F0B9F905D3B749B548006804F0ED
:1034A000BDF905D24FF40051B448FDF734F804E0FB
:1034B0004FF40051B148FDF72CF8B149B14800680C
:1034C00003F010FF8C490860A749B1F9000004F02F
:1034D00007F906469A480168304603F009FF04469A
:1034E000864801688448006803F0FCFE064692485E
:1034F0000168304603F0FCFE0546214603F0A0FEBD
:1035000081490860BDE8F0812DE9F04104460D468F
:10351000002C0CDA4FF480419B48FCF7FAFF4FF483
:1035200000419948FCF7F7FF604204B20AE04FF40B
:1035300000419548FCF7EDFF4FF480419248FCF7BD
:10354000EAFF00BF002D0CDA4FF400518E48FCF763
:10355000E0FF4FF480518C48FCF7DDFF684205B274
:103560000AE04FF480518848FCF7D3FF4FF4005134
:103570008548FCF7D0FF00BFAFB2A6B231464FF08E
:103580008040FEF705F939464FF08040FEF702F91A
:103590007E497748006804F041F923D37C49744898
:1035A000006804F031F902D24FF0010801E04FF059
:1035B000000800215A48006804F026F901D10120D2
:1035C00000E0002008EA000800215648006804F0E6
:1035D0001BF901D1012000E0002008EA0008B8F141
:1035E000000F0DD000214FF08040FEF7D1F80021F0
:1035F0004FF08040FEF7CEF801206649086002E0F7
:1036000000206449086064493B48006804F006F9FA
:1036100005D362493848006804F0F6F80DD200215D
:103620004FF08040FEF7B4F800214FF08040FEF7E5
:10363000B1F801205749086002E0002055490860B0
:10364000BDE8F08170B52E4801682F48006803F08E
:10365000F7FD2F4908602A4801682B48006803F0ED
:1036600041FE2A4908602A48006804F058F800B270
:10367000B0F57A7F02DD4A48254908602448006891
:1036800004F04DF800B210F57A7F02DA454820497F
:1036900008601E48006804F042F800B2B0F57A7F76
:1036A00002DD3F48194908601848006804F037F8FF
:1036B00000B210F57A7F02DA3A48144908601348DC
:1036C000006804F02CF804B21148006804F027F8F0
:1036D00005B221462846FFF717FF70BDBE00002047
:1036E000BC000020CC000020C8000020D400002036
:1036F000D0000020D8000020980000208800002082
:10370000F40000207C0000208C00002094000020A9
:1037100090000020F0000020340100203001002043
:10372000FC000020F8000020700000207100002044
:1037300072000020E8000020A8000020588C00083B
:10374000AC000020B0000020B400002018010020D0
:10375000080100200080FB3F0C0100200000C43F56
:103760005A00002028010020540000202C010020D5
:10377000440000200000A0C10000A0410010014052
:10378000CDCC4C3E48000020000C01400000204100
:10379000000020C1E400002000004842000048C2B0
:1037A00000007A4400007AC470B5F948FEF70BF8BF
:1037B0000446F848FEF707F80546F7480460F7485E
:1037C00005600021F248FDF7DBFF0021F148FDF71D
:1037D000D7FF20B2F2490880684200B2F149088060
:1037E000F1480068EE49B1F900100844EE4908605C
:1037F000EE480068EB49B1F900100844EB49086055
:1038000070BD2DE9F05FE8490968E84A1268881838
:1038100003F066FFE64908600020E4490860E249D9
:103820000860E448006803F0A7FF06464FF06632E0
:10383000E14B03F074FE044603F0CAFFDD49086063
:10384000DB48006803F098FF80464FF03332DB4BD3
:1038500003F065FE04460D46D648006803F08CFF71
:10386000064622462B4603F0B3FD824603F0B0FF26
:10387000D049086008460168D148006803F0E0FCC0
:10388000CF490860CF480168CD48006803F0D8FCF4
:10389000CB490860CC480168C948006803F0D0FCF7
:1038A000C7490860C9480068012801D100200860A4
:1038B000C348006803F033FFB0F5FA5F02DDC44887
:1038C000BF490860BE48006803F029FF10F5FA5FA1
:1038D00002DAC048BA490860BF480068032812D11C
:1038E0000020BE490860BE490968A1F1800003F0CC
:1038F00005FF06460022BB4B03F011FE044603F011
:1039000067FFB6490860B4480068042812D1002057
:10391000B5490860B5490968A1F1C00003F0EEFEA1
:1039200006460022B24B03F0FAFD044603F050FFB6
:10393000AD4908600021A248006803F0D3FC0646A8
:10394000A9480168304603F0D3FC04460021994899
:10395000006803F0C7FC0646A0480168304603F043
:10396000C7FC0546214603F06BFCA24908600846E7
:103970000068A1490860A1499F48006803F04EFF14
:1039800002D29E489C4908609D499B48006803F00C
:103990003BFF02D29A4898490860BDE8F09F2DE9A4
:1039A000F0419848006800283ED19748FDF70BFF8A
:1039B00000EB800000EB00104400204603F09EFE68
:1039C00005460022914B03F01CFE074603F000FF62
:1039D0008F4908600846006803F0CEFE04460022C6
:1039E0008C4B03F0DDFE03D88B48774908601BE061
:1039F0008A498748006803F011FF01D8012400E0DC
:103A000000244FF082418248006803F0FDFE01D897
:103A1000012000E0002004401CB181486A49086090
:103A200002E0002068490860BDE8F0812DE9FC5FF4
:103A30007C480068012878D17B48D0F800B07B48EA
:103A4000006801907A48B0F902907A48B0F900A075
:103A50006F480468484603F043FE06464FF08D4128
:103A600003F078FC0546744903F042FC7349086092
:103A7000504603F035FE0646714903F033FC054617
:103A8000704903F067FC70490860584603F074FE03
:103A900007466E4A6E4B03F0B4FD054603F098FEF0
:103AA0008346019803F068FE0546684A684B03F0B8
:103AB000A8FD074603F08CFE01905021654803F0F5
:103AC0009BFB644864A1096801600A21634803F014
:103AD00093FB634800210160416001810A21614834
:103AE00003F08AFB604800210160416001810A21E6
:103AF0005E4803F081FB5E48002101604160018166
:103B00005C49584603F080FE10D85B49584603F0E4
:103B100085FE0BD8584603F02FFE05462A460B4675
:103B200056A14E4804F066F802E04AE1BDE8FC9F69
:103B30005049019803F068FE0FD84F49019803F0EF
:103B40006DFE0AD8019803F017FE05462A460B467B
:103B50004AA1434804F04EF800E0E7E749493748F6
:103B6000006803F05BFE11D247493448006803F057
:103B70004BFE0BD23148006803F0FEFD05462A4695
:103B80000B463EA1374804F035F880E07EE00000A7
:103B90000004004000080040DC000020E00000209D
:103BA000BC000020BE000020C8000020CC00002087
:103BB000D0000020D40000206666E63F3333D33FB8
:103BC000D8000020F0000020E8000020E4000020E1
:103BD0000000FA450000FAC518010020B0000020DE
:103BE000100100200000DE3FB4000020140100207E
:103BF0000000C43F84000020880000200000204115
:103C0000000020C100010020002C0140000069409C
:103C1000EC00002000001040000096C30000A0400F
:103C20000000FA431C0100209000002094000020B6
:103C30005A00002054000020CDCC1C412801002057
:103C40009A190043000003432C01002048E17A1434
:103C5000AE470F40C8010020244C5600E00200206F
:103C6000EA020020F4020020FE02002008030020E7
:103C70001203002000007A4400007AC425332E325B
:103C8000660000000000A0C10000A0414EE75F49AF
:103C90005F48006803F0C2FD12D25E495C480068CC
:103CA00003F0B2FD0CD25A48006803F065FD0546EA
:103CB0002A460B46AFF23C01574803F09BFF00E059
:103CC00034E70021204603F0A9FD10D853492046CF
:103CD00003F09AFD0BD2204603F04EFD05462A461E
:103CE0000B46AFF268014E4803F084FF00E01DE789
:103CF000002000F059FB0090009803F0FAFC074602
:103D0000484903F0F5FA06464FF08B4103F022FBD9
:103D10000546454903F0E6FA444908600021434856
:103D2000006803F07BFD12D841494048006803F069
:103D30006BFD0CD23D48006803F01EFD05462A4687
:103D40000B46AFF2C8013B4803F054FF00E0EDE63C
:103D500039493A4803F05BFA39A1384803F057FA79
:103D60003849364803F053FA37A1344803F04FFA84
:103D70003649324803F04BFA35A1304803F047FA90
:103D800025492E4803F043FA32A12C4803F03FFAAC
:103D900023492A4803F03BFA30A1284803F037FAB8
:103DA0002449264803F033FA2DA1244803F02FFAC2
:103DB00050212C4803F020FA50222049294803F0D2
:103DC00002FA00BFB2E610B527480068401E264937
:103DD000086026480068012807D10846006820B915
:103DE000FFF724FE1F4800F0BAF91F48006818B911
:103DF00041F288301C49086010BD00201C49086051
:103E00001C49086001201C490860704700803BC5C0
:103E10002C01002000803B45FE02002000401C4693
:103E200008030020CDCC5441CDCC4C3E780000207E
:103E30000000A04112030020E0020020C801002081
:103E40002C525600EA0200202C414300F4020020CC
:103E50002C4759002C435342000000002C565400BC
:103E60002300000018020020200100201C01002077
:103E7000F0000020F40000200001002000B585B013
:103E8000012144F20400FCF753FD4FF40070ADF83B
:103E9000100018208DF8130003208DF8120004A9DB
:103EA000BB48FCF789FA4FF48060ADF8100004209D
:103EB0008DF8130004A9B648FCF77EFA4FF4E13000
:103EC00000900020ADF80400ADF80600ADF8080041
:103ED000ADF80C000C20ADF80A006946AD48FDF7BE
:103EE000DCFC0121AB48FDF764FD05B000BD08B561
:103EF0004FF48060FCF704F927208DF800000420BF
:103F00008DF8010001208DF802008DF8030068464D
:103F1000FCF7FBF808BD00B585B001218804FCF76B
:103F200014FD01210820FCF703FD4FF48060ADF87B
:103F3000100018208DF8130003208DF8120004A93A
:103F40009548FCF739FA4FF40060ADF810000420F2
:103F50008DF8130004A99048FCF72EFAFFF7C7FF6D
:103F60004FF4165000900020ADF80400ADF80600A4
:103F7000ADF80800ADF80C000C20ADF80A00694659
:103F80008648FDF78AFC012240F225518348FDF75F
:103F90001CFD01218148FDF70CFD05B000BD70B589
:103FA00004460D46E1B27B48FDF770FD00BF40219D
:103FB0007848FDF7D9FD0128F9D1204670BDF0B54C
:103FC00003460D461646002729460A2E03D0002038
:103FD00008702846F0BD33B9302001F8010B0020ED
:103FE00008702846F6E7002B03DA2D2001F8010BB4
:103FF0005B4242F210720DE093FBF2F404B937B168
:1040000004F1300001F8010B04FB123301270A20F0
:1040100092FBF0F2002AEFDC002008702846D9E776
:104020000FB470B586B006460CA8019073E00B98EB
:1040300000785C281CD10B98401C0B9000786E28EF
:1040400009D072280FD10D213046FDF71FFD0B98C6
:10405000401C0B900BE00A213046FDF717FD0B9832
:10406000401C0B9003E00B98401C0B9000BF4BE0F2
:104070000B980078252840D10B98401C0B900078B5
:10408000642818D0732833D1019810C801900BE030
:1040900021783046FDF7FAFC00BF40213046FDF79D
:1040A00063FD0028F9D0641C20780028F0D10B981B
:1040B000401C0B9020E0019820C801900A2202A920
:1040C0002846FFF77CFF02AC0BE021783046FDF775
:1040D000DDFC00BF40213046FDF746FD0028F9D049
:1040E000641C20780028F0D10B98401C0B9003E052
:1040F0000B98401C0B9000BF06E00B9810F8011BBA
:104100000B903046FDF7C2FC00BF40213046FDF762
:104110002BFD0028F9D00B980078002887D106B035
:1041200070BC5DF814FB10B5044621461948FDF734
:10413000ADFC00BF40211748FDF716FD0128F9D15D
:1041400010BD10B5044621461448FDF79FFC00BF82
:1041500040211248FDF708FD0128F9D110BD70B5C6
:1041600005462C4603E02078FFF7EBFF641C20781F
:104170000028F8D170BD70B505462C4603E02078C4
:10418000FFF7D1FF641C20780028F8D170BD000033
:104190000008014000380140000C01400048004088
:1041A0007FB504460D460121C802FCF7C1FB41F270
:1041B0008830ADF8080041F61F40ADF8040001203A
:1041C000ADF80A000020ADF8060001A91148FCF77F
:1041D000E7FC012241210F48FDF759F819208DF81D
:1041E000000003208DF8010000208DF8020001205E
:1041F0008DF803006846FBF788FF7FBD10B50121ED
:104200000448FDF7F2FA18B101210248FDF7FEFA61
:1042100010BD0000002C01401FB501213D48FCF7F6
:104220009CF901210920FCF783FB0120ADF80C006B
:1042300010208DF80F0003208DF80E0003A93648DA
:10424000FCF7BAF80220ADF80C0028208DF80F001A
:1042500003A93148FCF7B0F801210846FCF7C2F980
:104260000220019000208DF8080008208DF8090038
:1042700001208DF80A0001A8FBF7BEFF07208DF88A
:10428000000003208DF8010001208DF802008DF858
:1042900003006846FBF739FF1FBD10B50220FCF78D
:1042A00011F848B300211D48FDF76AFA01211B48A7
:1042B000FCF7D2FF01201A49086012E01748FDF709
:1042C00082FA0A2807DB00211448FCF7C5FF00200A
:1042D0001349086005E002210F48FCF700F9104976
:1042E00008600F4800680028E8D100210B48FCF75F
:1042F000B3FF0220FBF7F7FF10BD10B50121064800
:10430000FCF707F90C20FDF7A1FF01210248FCF79B
:1043100002F910BD00023000000C0140002C0140E9
:104320008401002000B587B001214FF40170FCF733
:10433000FFFA4FF40040FCF75FFA0120ADF80400EB
:1043400000208DF8070001A92348FCF735F8234821
:10435000FDF764FC002002908DF80C008DF80D0034
:104360004FF4602004900020059001208DF8180083
:1043700002A91A48FDF779FC01211848FDF7A1FCB4
:104380001648FDF7C0FC00BF1448FDF7C1FC00282B
:10439000FAD11248FDF7C6FC00BF1048FDF7C7FC74
:1043A0000028FAD107B000BD10B50446072301224A
:1043B00021460A48FDF7F1FC01210848FDF7C1FC40
:1043C00000BF02210548FDF72DFE0028F9D0034863
:1043D000FDF74AFD10BD0000000801400024014027
:1043E0000648804706480047FEE7FEE7FEE7FEE78F
:1043F000FEE7FEE7FEE7FEE7FEE7FEE74B210008EB
:10440000ED00000838B50446FB4890F82400C0B120
:1044100014B10220009001E000200090F64A1268DA
:10442000D17BF54A526810786B460122FEF77BF883
:1044300010B14FF0FF3038BD9DF80010EE484174C8
:1044400023E0ED48807A10B94FF0FF30F3E724B154
:10445000E948407C08B10020EDE714B1012000904C
:1044600001E000200090E44A1268D17BE24A5268E1
:1044700010786B460122FEF756F810B14FF0FF306E
:10448000D9E79DF80010DC4841740020D3E738B527
:10449000002419E0D8480068C07AA04204D0D64869
:1044A0000068407DA04200D10CE0D34949680878FB
:1044B0006B4601222146FEF785F810B14FF0FF3020
:1044C00038BD00BF601CC4B2CB4840680079A04230
:1044D000E0DC0020F4E770B504460D46C6480068ED
:1044E000C07AA04204D0C4480068407DA04202D1F6
:1044F0004FF0FF3070BDC04840680079A04202DC38
:104500004FF0FF30F6E7BC49496808782B46012296
:104510002146FEF757F8EDE738B50446B64890F85F
:104520002300A04201D1002038BD14B130200090FA
:1045300001E000200090B048807C20B19DF8000090
:1045400040F002000090AC4890F8220020B19DF8A5
:10455000000040F080000090A74A1268117DA64A32
:10456000526810786B460122FDF7DDFF10B14FF065
:10457000FF30D9E7A04880F823400020D4E738B5C1
:10458000044604F0700010B10120009005E014B161
:104590000020009001E040200090974A1268917C32
:1045A000954A526810786B460122FDF7BCFF20B196
:1045B000002191488172481E38BD9DF8000020F00E
:1045C00040018D4801730020009004F0400020B9A4
:1045D0009DF8000040F00400009004F0200020B995
:1045E0009DF8000040F00200009004F0100020B997
:1045F0009DF8000040F00100009004F0080020B990
:104600009DF8000040F0380000907B4A1268D17C91
:10461000794A526810786B460122FDF784FF20B179
:10462000002175488172481EC6E724B1082C02D0CB
:104630000020FFF771FF704884720021017532205D
:10464000FDF711FE0020B7E738B504466A48807CC4
:10465000A04201D1002038BD002C46D0664A126825
:104660001179654A526810786B460122FDF7AAFF5E
:1046700010B14FF0FF30EEE79DF8000020F0200071
:1046800000905D4A126811795B4A526810786B4657
:104690000122FDF748FF10B14FF0FF30DBE70320A8
:1046A000FDF7E1FD02200090534890F8220020B170
:1046B0009DF8000040F0800000904F4890F82300E3
:1046C00020B19DF8000040F0300000904A4A126886
:1046D000117D494A526810786B460122FDF723FF8D
:1046E000002851D04FF0FF30B5E7434A12681179E6
:1046F000414A526810786B460122FDF763FF10B102
:104700004FF0FF30A7E73C48807A00F0010028B165
:104710009DF8000040F02000009004E09DF80000AB
:1047200020F020000090344A12681179324A526811
:1047300010786B460122FDF7F6FE10B14FF0FF3006
:1047400089E70320FDF78FFD2B4890F8220010B178
:104750008020009001E000200090274890F823007E
:1047600020B19DF8000040F030000090224A12680D
:10477000117D214A526810786B460122FDF7D3FE65
:1047800010B14FF0FF3066E71B488474002062E7E9
:1047900008B51948807A10B94FF0FF3008BD0020E5
:1047A0000090154A1268D17B134A526810786B4604
:1047B0000122FDF7B8FE10B14FF0FF30EEE70E4AD0
:1047C000126851790C4A526810786B460122FDF745
:1047D000AAFE10B14FF0FF30E0E7074A12681179E6
:1047E000054A526810786B460122FDF79CFE28B1FD
:1047F0004FF0FF30D2E7000088010020F74890F822
:104800002400002853D00C200090F44A126811793B
:10481000F24A526810786B460122FDF784FE10B10F
:104820004FF0FF30BAE73220FDF71DFDC0200090A9
:10483000EA48807A00F0010020B19DF8000040F0C5
:1048400020000090E54A12681179E44A5268107815
:104850006B460122FDF767FE10B14FF0FF309DE778
:10486000DE48407C10B10220009001E00020009062
:10487000DA4A1268D17BD94A526810786B46012215
:10488000FDF751FE10B14FF0FF3087E70020009098
:10489000D24A12685179D14A526810786B46012287
:1048A000FDF741FE002855D04FF0FF3076E7042099
:1048B0000090CA4A12681179C84A526810786B464B
:1048C0000122FDF730FE10B14FF0FF3066E7C3481C
:1048D000807C20B9C148807A00F0010010B94020E6
:1048E000009001E060200090BC4A12681179BB4A38
:1048F000526810786B460122FDF715FE10B14FF09B
:10490000FF304BE73220FDF7AEFCB448407C10B1DD
:104910000120009001E000200090B04A1268D17B95
:10492000AE4A526810786B460122FDF7FCFD10B1CB
:104930004FF0FF3032E7A94A12685179A74A52680E
:104940001078A64B10330122FDF7EDFD10B14FF0AA
:10495000FF3023E7002021E770B50446002624F04D
:1049600001049E4890F8240008B1002070BD9B48C7
:10497000807A10B94FF0FF30F8E79848057C807ACC
:104980002040964908740846007CA04202D04FF0AF
:10499000FF3600E0002614B99048007D18B10120D0
:1049A000FFF730FD02E00020FFF72CFD3CB1FFF7E0
:1049B000EFFE20B1894805744FF0FF30D6E730464E
:1049C000D4E738B504468548807A10B94FF0FF30F7
:1049D00038BDBC2C02DB0120009015E0622C02DB0C
:1049E0000220009010E02A2C02DB032000900BE054
:1049F000142C02DB0420009006E00A2C02DB0520C8
:104A0000009001E0062000907448C07A9DF80010E4
:104A1000884201D10020DBE7704A126891786F4A22
:104A2000526810786B460122FDF77DFD10B14FF002
:104A3000FF30CDE79DF800106848C1720020C7E73D
:104A400038B50446282C02DD4FF0FF3038BDDCB904
:104A50000020FFF761FD00208DF8000007208DF891
:104A600001005E4A1268917C5C4A526810786B467D
:104A70000222FDF758FD10B14FF0FF30E6E70021AC
:104A8000564801750020E1E70120FFF745FD202091
:104A90008DF80000012C06D100208DF801000520C2
:104AA000FFF78FFF17E0052C06DC01208DF80100D1
:104AB0000520FFF786FF0EE0142C06DC02208DF89F
:104AC00001000A20FFF77DFF05E003208DF80100BB
:104AD0001420FFF776FF9DF80100072101EB8010FD
:104AE000C0B28DF801003D4A1268917C3B4A526881
:104AF00010786B460222FDF716FD10B14FF0FF3023
:104B0000A4E7082135488172002101730121017554
:104B10000020FFF721FF002098E738B504462F4812
:104B2000807A10B94FF0FF3038BD2C4890F824003F
:104B300010B14FF0FF30F7E72848007D50B134B195
:104B4000282C04DCE0B2FFF77BFF0020ECE700201C
:104B5000FFF776FF042C01DA042404E0B4F57A7F31
:104B600001DD4FF47A744FF47A7090FBF4F0401E3C
:104B7000C0B20090194A12685178184A52681078E9
:104B80006B460122FDF7CFFC10B14FF0FF30CBE7B1
:104B90009DF80000401C4FF47A7191FBF0F081B257
:104BA0000E48C1810146C9894810FFF70AFF00205D
:104BB000BAE738B504460948807A10B94FF0FF309B
:104BC00038BD022C06D0042C0AD0082C0BD0102C97
:104BD0000FD10BE0002000900EE0000088010020C3
:104BE0000820009008E01020009005E018200090B8
:104BF00002E04FF0FF30E3E700BFF848407A9DF84D
:104C00000010B0EBE10F01D10020D9E7F34A1268A0
:104C1000D179F24A526810786B460122FDF783FC85
:104C200010B14FF0FF30CBE79DF80000C110EB480A
:104C300041720020C4E738B50446E848807A10B9CC
:104C40004FF0FF3038BDFA2C09D0B4F5FA7F09D007
:104C5000B4F57A7F09D0B4F5FA6F0CD108E00020E2
:104C600000900BE00820009008E01020009005E084
:104C70001820009002E04FF0FF30E3E700BFD74874
:104C8000007A9DF80010B0EBE10F01D10020D9E7C8
:104C9000D24A12689179D14A526810786B46012243
:104CA000FDF741FC10B14FF0FF30CBE79DF800005D
:104CB000C010CA4908720020C4E71CB580208DF8D6
:104CC0000000C64A1268917CC44A526810786B464C
:104CD0000122FDF728FC10B14FF0FF301CBD64200D
:104CE000FDF7C1FA00208DF80000BC4A1268917CE3
:104CF000BA4A526810786B460122FDF714FC10B1D5
:104D00004FF0FF30EAE7B54A1268917DB34A526826
:104D100010786B460622FDF755FC10B14FF0FF30BE
:104D2000DCE79DF80500C007400F9DF8031001F077
:104D3000010140EA41009DF8011001F0010140EA43
:104D400001048CB1012C03D10121A448C17430E0CD
:104D5000022C03D10021A148C1742AE0A0A0FFF7D2
:104D60000AFA4FF0FF30B9E79C4A1268D1789B4AA3
:104D7000526810786B460122FDF724FC10B14FF009
:104D8000FF30ABE79DF8000000F00F042CB99E48FF
:104D9000FFF7F1F94FF0FF30A0E7042C06D19BA0FC
:104DA000FFF7E9F901218D48C17402E000218B4829
:104DB000C174FF2189488172FF2088490872FF2150
:104DC00086484172C1724FF6FF71C181FF210174A3
:104DD00081740121017380F82210002180F82310D2
:104DE000417501751630016041608160163880F8A8
:104DF000241080F82510C1844FF4FA60FFF71BFFE0
:104E000010B14FF0FF3069E70220FFF7D2FE10B17A
:104E10004FF0FF3062E72A20FFF7D3FD10B14FF0CB
:104E2000FF305BE73220FFF778FE10B14FF0FF3024
:104E300054E70020FFF790FD10B14FF0FF304DE731
:104E40000020FFF701FC10B14FF0FF3046E70020D3
:104E5000FFF795FB002041E77CB504460D465F480F
:104E6000807A00F0700010B94FF0FF307CBD5B4AD3
:104E70001268117B594A526810786B460622FDF77A
:104E8000A1FB10B14FF0FF30F0E79DF801009DF855
:104E9000001040EA012000B220809DF803009DF838
:104EA000021040EA012000B260809DF805009DF8E4
:104EB000041040EA012000B2A08015B12846FDF799
:104EC000DEF90020D2E77CB504460D464348807ADF
:104ED00000F0080010B94FF0FF307CBD3F4A126867
:104EE000517B3E4A526810786B460622FDF76AFBFA
:104EF00010B14FF0FF30F0E79DF801009DF8001071
:104F000040EA012000B220809DF803009DF80210C5
:104F100040EA012000B260809DF805009DF8041071
:104F200040EA012000B2A08015B12846FDF7A7F99C
:104F30000020D2E72DE9FE4F05460C462748807A2F
:104F400018B94FF0FF30BDE8FE8F244A1268917BFC
:104F5000224A5268107802AB0222FDF733FB10B1EF
:104F60004FF0FF30EFE79DF809009DF8081040EA88
:104F7000012006B214B12046FDF781F917494968AE
:104F8000C88802F0B6FB154901904968B1F90800DC
:104F900002F0A6FB8346304602F0A2FB5946009081
:104FA00002F0A0F98246019902F0D4F981461F4926
:104FB00002F046F980464FF08F4102F099F907461A
:104FC00002F0ADFB28600020BDE710B588B00446B4
:104FD0001CB94FF0FF3008B010BD29E08801002057
:104FE000556E737570706F7274656420736F66743C
:104FF000776172652070726F647563742072657674
:105000002025642E0A000000B099000848616C66F3
:105010002073656E73697469766974792070617242
:105020007420666F756E642E0A00000000000C424A
:10503000206830B9606820B9A06810B9002008B0B5
:1050400010BDFA494968087806AB03221146FDF7FE
:10505000B9FA10B14FF0FF30F1E79DF818000821C0
:1050600001EB201000F00F00ADF800009DF81900D2
:1050700001EB201000F00F00ADF802009DF81A00BF
:1050800001EB201000F00F00ADF804002068410093
:10509000BDF90000403091FBF0F000B2ADF8100017
:1050A00060684100BDF90200403091FBF0F000B2B1
:1050B000ADF81200A0684100BDF90400403091FB3A
:1050C000F0F000B2ADF81400D8494968087806AB92
:1050D00006221146FDF776FA10B14FF0FF30AEE729
:1050E0009DF819009DF8181040EA012000B2ADF8B3
:1050F00008009DF81B009DF81A1040EA012000B23C
:10510000ADF80A009DF81D009DF81C1040EA012032
:1051100000B2ADF80C00BDF81000BDF8081008444E
:1051200000B2ADF81000BDF81200BDF80A10084436
:1051300000B2ADF81200BDF81400BDF80C10084420
:1051400000B2ADF81400BDF81000000A8DF8180088
:10515000BDF81000C0B28DF81900BDF81200000AA9
:105160008DF81A00BDF81200C0B28DF81B00BDF812
:105170001400000A8DF81C00BDF81400C0B28DF8B0
:105180001D00AA494968087806AB06221146FDF7BA
:10519000CAF910B14FF0FF3051E700204FE7014648
:1051A000A248007A30B1012807D0022809D003288C
:1051B0000FD10AE0FA2008800EE04FF4FA70088060
:1051C0000AE04FF47A70088006E04FF4FA60088035
:1051D00002E00020088000BF00BF002070470146A9
:1051E0009248407A30B1012807D0022808D003281D
:1051F0000CD108E0022008700BE00420087008E0E1
:105200000820087005E01020087002E04FF0FF3021
:10521000704700BF8548C07C18B108784006000E72
:1052200008700020F4E701468048C07A082817D2A9
:10523000DFE800F01704070A0D101318BC200880DF
:1052400013E06220088010E02A2008800DE014207E
:1052500008800AE00A20088007E00520088004E0B2
:1052600000BF00BF0020088000BF00BF00207047C3
:1052700001466E4890F8240010B14FF0FF3070479F
:105280006A48C08908800020F9E7014600200880AC
:10529000401E704701464FF0FF307047014663489B
:1052A000007A30B1012807D0022808D003280CD199
:1052B00008E05F4808600BE05E48086008E05E4870
:1052C000086005E05D48086002E04FF0FF3070477D
:1052D00000BF0020FBE701465448407A30B1012866
:1052E00008D002280AD0032810D10BE04FF48040E8
:1052F00008800EE041F69C7008800AE04FF4805070
:10530000088006E04FF40060088002E04FF0FF30B4
:10531000704700BF4548C07C10B108884010088025
:105320000020F5E701464148007C087000207047E6
:1053300001463E48807A10B10120087001E000204B
:1053400008700020704738B504463848807A10B994
:105350004FF0FF3038BD354A1268117C334A52682D
:1053600010786B460222FDF72DF910B14FF0FF3097
:10537000F0E79DF801009DF8001040EA012000B21E
:1053800020800020E6E72DE9FE4F0746884692463A
:105390001D46DDF830B000260024244890F8240093
:1053A00010B1601EBDE8FE8F002028701F48807A73
:1053B00010B94FF0FF30F5E71C48007C10B94FF0F2
:1053C000FF30EFE71948007C00F0400008B1B01C46
:1053D000C6B21648007C00F0200008B1B01CC6B26E
:1053E0001248007C00F0100008B1B01CC6B20F4893
:1053F000007C00F0080008B1B01DC6B20B4A12686C
:10540000917A0A4A526810786B460222FDF7DAF860
:1054100010B14FF0FF30C5E79DF801009DF8001076
:1054200040EA0129B1450BDA0020BBE788010020E2
:10543000000003430000834233330342333383418C
:10544000FC4840684088B9EB600F17DDF94A1268E4
:10545000517CF84A526810786B460122FDF7B2F889
:1054600010B14FF0FF309DE79DF8000000F01000F4
:1054700020B1FFF78DF96FF0010093E75046FCF77C
:10548000FEFEEC4A1268D17AEA4A526810786B46FE
:105490003246FDF797F810B14FF0FF3082E799FBE5
:1054A000F6F0401E8BF8000000202870B4422AD08D
:1054B000E048007C00F0080028B3601C1DF80000E4
:1054C0001DF8041040EA012000B2A8F80000E01C1A
:1054D0001DF80010A01C1DF8000041EA002000B2D9
:1054E000A8F80200601D1DF80010201D1DF8000026
:1054F00041EA002000B2A8F80400287840F0080033
:105500002870A01D84B2B44213D0CA48007C00F0B9
:10551000400070B1601C1DF800001DF8041040EA46
:10552000012000B23880287840F040002870A01C8C
:1055300084B2B44213D0BF48007C00F0200070B1A8
:10554000601C1DF800001DF8041040EA012000B2A4
:105550007880287840F020002870A01C84B2B442E3
:1055600013D0B448007C00F0100070B1601C1DF82E
:1055700000001DF8041040EA012000B2B88028782D
:1055800040F010002870A01C84B200200AE7F8B593
:1055900004460F461646A74890F8240010B94FF06D
:1055A000FF30F8BDA348807A10B94FF0FF30F8E71C
:1055B000A04A1268917A9F4A526810786B4602227C
:1055C000FDF700F810B14FF0FF30EAE79DF8010059
:1055D0009DF8001040EA0125A54203DA0020307052
:1055E000401EDEE7934840684088B5EB600F17DD4A
:1055F000904A1268517C8F4A526810786B4601229B
:10560000FCF7E0FF10B14FF0FF30CAE79DF8000053
:1056100000F0100020B1FFF7BBF86FF00100C0E709
:10562000E2B2844B1B68D97A824B5B6818783B46A0
:10563000FCF7C8FF10B14FF0FF30B2E795FBF4F074
:10564000401E30700020ACE701467A4880F82210F6
:10565000002070477CB5054676494968087801AB5B
:1056600004220D21FCF7AEFF08B107207CBD9DF898
:105670000700C0F301109DF8041001F0E00140EABA
:10568000E1008DF800009DF80700C0F381009DF84F
:10569000051001F0E00140EAE1008DF801009DF8FD
:1056A000070000F003009DF8061001F0E00140EA59
:1056B000E1008DF8020000241CE01DF8040018B978
:1056C000002045F8240013E05B4845F8240006E07C
:1056D00055F82400594901F00BFE45F824001DF847
:1056E0000400401EC0B20DF804000028F0D100BF35
:1056F000601CC4B2032CE0DB0020B7E72DE9FE4FAD
:1057000006460F4600256846FFF7A4FF002442E046
:1057100056F8240057F82410A0EB010ABAF1000F44
:1057200001DB514601E0CAF10001084601F0D8FF53
:1057300083464FF08F4101F00DFE80465DF8240056
:10574000002102F061F816D05DF82410404601F007
:1057500001FE82464FF07E5101F0C4FD814629F0E2
:10576000004A3748416A504602F058F812D20120E8
:10577000A04005430EE03248C169404602F044F8BB
:1057800005D32F48016A404602F048F802D20120B2
:10579000A0400543641C032CBADB2846BDE8FE8FFD
:1057A0002DE9FC5F06460F46002522494968087826
:1057B00001AB03220D21FCF705FF10B10720BDE866
:1057C000FC9F9DF8040000F01F008DF804009DF878
:1057D000050000F01F008DF805009DF8060000F0A0
:1057E0001F008DF80600002462E056F8240057F8E8
:1057F0002410A0EB010BBBF1000F01DB594601E0C7
:10580000CBF10001084601F06BFF4FF08F41009093
:1058100001F0A0FD814601A8005DC0B308490868F9
:1058200001F067FF83465946064801F093FD804624
:105830000FE00000880100207B14AE3E1D5A843F1B
:10584000A08C000800B04C45FE49404601F050FDD8
:10585000804601A8005D401EC0B201A9085500287D
:10586000F2D14146484601F075FD83464FF07E5126
:1058700001F038FD82462AF0004BF3488169584612
:1058800001F0CCFF13D20120A04005430FE0FFE759
:10589000ED480169484601F0B7FF05D3EA48416980
:1058A000484601F0BBFF02D20120A0400543641C22
:1058B000032C9ADB284682E72DE9F04F87B0054696
:1058C0000C46914601208DF8100000208DF8110043
:1058D000DE4A1268917CDD4A5268107804AB0222DD
:1058E000FCF721FE20B14FF0FF3007B0BDE8F08F8C
:1058F000C820FCF7B8FC00208DF81000D34A1268CD
:10590000D17BD24A5268107804AB0122FCF70BFE1F
:1059100010B14FF0FF30E8E7CC4A12685179CB4A1A
:105920005268107804AB0122FCF7FDFD10B14FF076
:10593000FF30DAE7C54A1268917CC44A5268107891
:1059400004AB0122FCF7EFFD10B14FF0FF30CCE7C4
:10595000BE4A1268D17DBD4A5268107804AB01225C
:10596000FCF7E1FD10B14FF0FF30BEE7B74A126817
:105970001179B64A5268107804AB0122FCF7D3FDC6
:1059800010B14FF0FF30B0E70C208DF81000AF4A97
:1059900012681179AD4A5268107804AB0122FCF705
:1059A000C2FD10B14FF0FF309FE70F20FCF75BFC0A
:1059B000A648806A407A8DF81000A44A126891784F
:1059C000A24A5268107804AB0122FCF7ACFD10B17A
:1059D0004FF0FF3089E79D48806A007A8DF810000B
:1059E0009A4A12685178994A5268107804AB012299
:1059F000FCF799FD10B14FF0FF3076E7B9F1000FD9
:105A000007D09248806A807A40F0E0008DF810005C
:105A100004E08E48806A807A8DF810008B4A126804
:105A200091798A4A5268107804AB0122FCF77BFD19
:105A300010B14FF0FF3058E7B9F1000F07D083489D
:105A4000806AC07A40F0E0008DF8100003E07E48E4
:105A5000C07A8DF810007D4A1268D1797B4A52686D
:105A6000107804AB0122FCF75EFD10B14FF0FF305F
:105A70003BE7B9F1000F02D0C820FCF7F4FB40204F
:105A80008DF81000714A12681179704A52681078C6
:105A900004AB0122FCF747FD10B14FF0FF3024E7C3
:105AA00078208DF81000694A12685179674A526867
:105AB000107804AB0122FCF736FD10B14FF0FF3037
:105AC00013E761498889FCF7CEFB00208DF81000B0
:105AD0005E4A126851795D4A5268107804AB01221F
:105AE000FCF721FD10B14FF0FF30FEE6574A126877
:105AF000917A564A5268107804AB0222FCF762FD94
:105B000010B14FF0FF30F0E69DF811009DF8101035
:105B100040EA012B0C209BFBF0F0C6B20020A860ED
:105B200068602860A06060602060824665E0474A47
:105B30001268D17A454A5268107804AB0C22FCF7FF
:105B400041FD10B14FF0FF30CFE69DF811009DF8F8
:105B5000101040EA012000B2ADF808009DF81300D3
:105B60009DF8121040EA012000B2ADF80A009DF83D
:105B700015009DF8141040EA012000B2ADF80C00A9
:105B8000BDF90810206808442060BDF90A1060685B
:105B900008446060BDF90C10A0680844A0609DF83E
:105BA00017009DF8161040EA012000B2ADF8000081
:105BB0009DF819009DF8181040EA012000B2ADF8D8
:105BC00002009DF81B009DF81A1040EA012000B267
:105BD000ADF80400BDF90010286808442860BDF93C
:105BE0000210686808446860BDF90410A868084499
:105BF000A8600AF1010000F0FF0AB24597DB1248E5
:105C0000D0F800C02868C117090441EA1041070410
:105C100062460023384601F0A5FA32460023CDE95A
:105C2000020101F09FFA28600748D0F800C06868B8
:105C3000C117090441EA10410704624600233846AF
:105C400006E0000054E3853FA08C00088801002096
:105C500001F088FA32460023CDE9020101F082FA10
:105C60006860FE48D0F800C0A868C117090441EA7E
:105C70001041070462460023384601F073FA3246A9
:105C80000023CDE9020101F06DFAA860F348D0F8D5
:105C900004C02168C817000440EA11480F04624696
:105CA00000233846414601F05DFA32460023CDE933
:105CB000020101F057FA2060E848D0F804C060689B
:105CC000C117090441EA104107046246002338461F
:105CD00001F048FA32460023CDE9020101F042FA10
:105CE0006060DE48D0F804C0A068C117090441EA2A
:105CF0001041070462460023384601F033FA324669
:105D00000023CDE9020101F02DFAA060A06800286F
:105D100004DDA068A0F58030A06003E0A06800F575
:105D20008030A0600020E0E538B50446CC4890F80B
:105D30002400A04201D1002038BD24B3C84890F807
:105D4000250010B94FF0FF30F6E70020FEF75AFBB0
:105D50000020FEF779FCC249C88CFEF7DEFE002069
:105D60000090BF49496808786B4601222321FCF75F
:105D7000DAFB0121BA4880F824100120FEF742FB2B
:105D8000FEF706FD13E00020FEF73CFBB448007C64
:105D90000090B349496808786B4601222321FCF73B
:105DA000C2FB0021AE4880F82410FEF7F1FC002071
:105DB000C2E72DE9F04F8DB083460F4602200C90CC
:105DC000A74890F8240020B10020FFF7ADFF01267E
:105DD00000E0002603A8FFF7E2F905A8FFF7FFF9A6
:105DE00001A8FFF720FA02A8FFF742FA9C4890F8B2
:105DF0000AA004A8FFF796FA002407E0002239461B
:105E00005846FFF759FD00B902E0641C022CF5DB8F
:105E100000BF022C01D1002528E0002407E0012268
:105E200006A909A8FFF748FD00B902E0641C022C8E
:105E3000F5DB00BF022C01D1002517E006A938468A
:105E4000FFF75CFC00F0FF0809A95846FFF7A8FC23
:105E500000F0FF090025B9F1000F01D145F001055F
:105E6000B8F1000F01D145F0020500BFFF207C49C9
:105E70000872FF217A484172C1724FF6FF71C181E9
:105E8000FF218172017401210173BDF80C00FEF73E
:105E9000D2FE9DF81400FEF78CFEBDF80400FEF75C
:105EA00090FDBDF80800FEF738FE5046FEF767FB90
:105EB0009DF81000FEF750FD16B10120FFF734FFEA
:105EC00028460DB0BDE8F08FF8B504460D461646DD
:105ED00016B94FF0FF30F8BD6148807A10B94FF025
:105EE000FF30F8E720128DF80000E0B28DF80100D5
:105EF0009DF8010028445A4949684989884202DDD1
:105F00004FF0FF30E7E7564A1268117E544A526854
:105F100010786B460222FCF706FB10B14FF0FF3001
:105F2000D9E7EAB24E4B1B68597D4D4B5B68187838
:105F30003346FCF7F8FA10B14FF0FF30CBE7002002
:105F4000C9E7F8B504460D46164616B94FF0FF30BE
:105F5000F8BD4348807A10B94FF0FF30F8E72012BF
:105F60008DF80000E0B28DF801009DF80100284492
:105F70003B4949684989884202DD4FF0FF30E7E735
:105F8000374A1268117E364A526810786B460222F0
:105F9000FCF7C9FA10B14FF0FF30D9E7EAB2304B45
:105FA0001B68597D2E4B5B6818783346FCF70AFB5B
:105FB00010B14FF0FF30CBE70020C9E72DE9F043E7
:105FC00085B005460E4690469946254890F825002E
:105FD00020B14FF0FF3005B0BDE8F08316B94FF0A7
:105FE000FF30F8E7002423E0281B102801DD1020F3
:105FF00000E0281B87B2321939462046FFF764FFBC
:1060000010B14FF0FF30E6E701AA39462046FFF70E
:1060100098FF10B14FF0FF30DDE730193A4601A983
:1060200001F001F910B16FF00100D4E7E01984B27A
:10603000AC42D9DB4FEA28208DF8000008F0FF00C1
:106040008DF80100064A1268917E054A5268107860
:106050006B460222FCF767FA38B103E0A08C000817
:10606000880100204FF0FF30B5E701218A4880F811
:106070002510A0F826900020ADE70146864890F84C
:10608000240008700020704702464FF0FF30704730
:1060900001464FF0FF307047F8B505460F461446ED
:1060A000002C70D0B5F5FF5F01DDFF2605E0202D47
:1060B00001DA012601E0C5F3471607B90127282CAC
:1060C00002DD4FF0FF30F8BD7348407D28BB7248B9
:1060D00090F8240038B10020FFF726FE01216E4819
:1060E00080F8201003E000216B4880F820106A48F7
:1060F0001630FFF754F868481830FFF770F8664814
:106100001A30FFF790F864481C30FFF7B1F8624886
:10611000817A81771F30FFF705F90020FEF772F9C9
:106120000020FEF78DFC00208DF800005A4A12680E
:106130009178594A526810786B460122FCF7F3F9BE
:1061400010B14FF0FF30BEE740208DF80000524AFA
:106150001268D17B504A526810786B460122FCF7D6
:10616000E2F900B165E08DF800608DF801704A4AEF
:106170001268117A484A526810786B460222FCF77E
:10618000D2F908B155E047E00520FCF76CF8424829
:10619000407A072101EBC000C0B28DF800003E4AF2
:1061A0001268D1793C4A526810786B460122FCF79C
:1061B000BAF900B13DE020208DF80000012C03D198
:1061C00000208DF801000EE0052C03DC01208DF885
:1061D000010008E0142C03DC02208DF8010002E02D
:1061E00003208DF801009DF80100072101EB8010CC
:1061F000C0B28DF80100284A1268917C264A526884
:1062000010786B460222FCF78EF900B111E00121F3
:1062100021484175002056E71F4A1632002103E04D
:10622000505C00B105E0491C0C29F9D34FF0FF3058
:1062300049E7FF2018490872FF2117484172C172CF
:106240004FF6FF71C181FF21817201740121017339
:106250000146887FFEF793F90F49C88AFEF7EBFCE9
:106260000D49087EFEF7A5FC0B49488BFEF7A9FBFC
:106270000949888BFEF751FC0749C87FFEF76CFB84
:10628000054890F8200010B10120FFF74DFD0021D6
:1062900001484175002016E78801002010B5C82389
:1062A0004FF48062F74940F6F630FFF787FE10BDE5
:1062B00010B586B00446F4A000680390F3A000680F
:1062C0000290F3A000680190F2A00068009004F032
:1062D000030003A9085C8DF8140003A8C4F3C101EE
:1062E000405C8DF8150003A8C4F38111405C8DF863
:1062F000160004F0030002A9085C8DF8100002A843
:10630000C4F3C101405C8DF8110002A8C4F38111EF
:10631000405C8DF8120005AA032140F22640FFF7E9
:10632000D3FD18B14FF0FF3006B010BD04AA032111
:1063300040F22A40FFF7C8FD10B14FF0FF30F3E7FD
:10634000019805900098049004F0040058B19DF85D
:10635000140040F001008DF814009DF8100040F08A
:1063600001008DF8100004F0200058B19DF81500D0
:1063700040F001008DF815009DF8110040F001007B
:106380008DF8110004F4807058B19DF8160040F0AB
:1063900001008DF816009DF8120040F001008DF804
:1063A000120005AA03214FF48860FFF78DFD10B19C
:1063B0004FF0FF30B8E704AA032140F23140FFF765
:1063C00083FD10B14FF0FF30AEE7B34804810020E9
:1063D000AAE71FB50446B048007A00F0030054F85D
:1063E00020000190AC48007A00F0040010B1019840
:1063F00040420190A848007AC0F3C10054F8200040
:106400000290A548007A00F0200010B102984042A6
:106410000290A148007AC0F3811054F82000039044
:106420009D48008900F4807010B1039840420390A9
:106430009A49019880FB0101800F40EA8100019098
:106440009649029880FB0110820042EA9170029006
:106450009249039880FB0110820042EA91700390F8
:106460000198000E8DF800000198000C8DF80100D5
:106470000198000A8DF802000198C0B28DF803005F
:106480006A4604214FF47470FFF71EFD18B14FF0F7
:10649000FF3004B010BD0298000E8DF80000029885
:1064A000000C8DF801000298000A8DF80200029895
:1064B000C0B28DF803006A4604214FF47570FFF7EF
:1064C00003FD10B14FF0FF30E3E70398000E8DF8A5
:1064D00000000398000C8DF801000398000A8DF865
:1064E00002000398C0B28DF803006A4604214FF4FD
:1064F0007670FFF7E9FCCCE770B588B0064601A8D6
:10650000FEF7E9FEBDF804000021C90341EA504549
:10651000C4036148007A00F0030056F8200005909B
:106520005D48007A00F0040010B1059840420590E3
:106530005948007AC0F3C10056F82000069056482A
:10654000007A00F0200010B10698404206905248B0
:10655000007AC0F3811056F8200007904E48008959
:1065600000F4807010B10798404207900598C11759
:10657000A0FB042301FB043100FB0510810041EA6C
:10658000927005900698C117A0FB042301FB04310B
:1065900000FB0510810041EA927006900798C11730
:1065A000A0FB042301FB043100FB0510810041EA3C
:1065B000927007900598000E8DF808000598000C61
:1065C0008DF809000598000A8DF80A000598C0B2F8
:1065D0008DF80B000698000E8DF80C000698000C44
:1065E0008DF80D000698000A8DF80E000698C0B2CE
:1065F0008DF80F000798000E8DF810000798000C1A
:106600008DF811000798000A8DF812000798C0B2A3
:106610008DF8130002AA0C214FF42570FFF754FCEB
:1066200008B070BD30B585B004461DA207CA02ABE4
:1066300007C3C82C03DD4FF0FF3005B030BDC820C4
:1066400090FBF4F0401E85B2280A8DF80000E8B2F5
:106650008DF801006A46022140F21620FFF734FC53
:1066600010B14FF0FF30E8E702AA0C2140F6C1203C
:10667000FFF72AFC10B14FF0FF30DEE706488481B7
:106680000020DAE7C88C00084CCD6C000CC92C0047
:1066900036567600264666002C03002009E3CA021F
:1066A000FEF2ABC4AAF1DFDFBBAFDFDF0146FC487F
:1066B00080890880002070472DE9FC4706460F4678
:1066C00006F0070010B1B7F5C86F03DD4FF0FF30DB
:1066D000BDE8FC87384601F00CF88146F14900F02E
:1066E00039FE80466846FEF77AFD9DF800000228D4
:1066F00006D0042816D0082826D0102848D135E026
:106700004FF08D41404600F0F3FD814601F020F846
:1067100084B2E549404600F0EBFD814601F018F8EF
:1067200085B238E04FF08C41404600F0E1FD8146F3
:1067300001F00EF884B2DD49404600F0D9FD8146F3
:1067400001F006F885B226E04FF08B41404600F09C
:10675000CFFD814600F0FCFF84B2D549404600F0F1
:10676000C7FD814600F0F4FF85B214E04FF08A4186
:10677000404600F0BDFD814600F0EAFF84B2CD49FD
:10678000404600F0B5FD814600F0E2FF85B202E030
:106790004FF0FF309CE700BF20128DF80400E0B2FC
:1067A0008DF8050028128DF80600E8B28DF8070074
:1067B00006F00100A0B101AA02214FF4EA70FFF730
:1067C00083FB10B14FF0FF3082E70DF1060202218A
:1067D0004FF49270FFF778FB10B14FF0FF3077E77E
:1067E00006F00200A0B101AA02214FF4EC70FFF7FD
:1067F0006BFB10B14FF0FF306AE70DF1060202218A
:106800004FF49470FFF760FB10B14FF0FF305FE77B
:1068100006F00400A0B101AA02214FF4EE70FFF7C8
:1068200053FB10B14FF0FF3052E70DF10602022189
:106830004FF49670FFF748FB10B14FF0FF3047E779
:10684000002045E738B504460020009004F0010020
:1068500020B19DF8000040F03000009004F00200EC
:1068600020B19DF8000040F00C00009004F00400FE
:1068700020B19DF8000040F0030000906A4601211D
:106880004FF4A470FFF720FB38BD38B50446012C47
:1068900001DA012402E0042C00DD0424601EC0B2F1
:1068A00000906A46012140F24F10FFF70DFB38BD02
:1068B00038B50446052094FBF0F085B228128DF817
:1068C0000000E8B28DF801006A4602214FF4EF7033
:1068D000FFF7FAFA38BD38B50446052094FBF0F00E
:1068E00085B228128DF80000E8B28DF801006A46E2
:1068F00002214FF4ED70FFF7E7FA38BDF8B5054611
:106900000E464FF47A7095FBF0F000FB06F4200E73
:106910008DF80000200C8DF80100200A8DF802008F
:10692000E0B28DF803006A4604214FF4AE70FFF721
:10693000CBFAF8BD38B50446052094FBF0F084B2DC
:1069400020128DF80000E0B28DF801006A460221A5
:106950004FF4AD70FFF7B8FA38BD38B504460520DE
:1069600094FBF0F084B220128DF80000E0B28DF8B4
:1069700001006A4602214FF4AC70FFF7A5FA38BD5A
:1069800038B5044614B94FF0FF3038BD6A460421CB
:106990004FF45870FFF7D5FA10B14FF0FF30F4E71D
:1069A0009DF8000000069DF8011040EA01409DF8A6
:1069B000021040EA01209DF80310084320600020E7
:1069C000E3E738B50446200E8DF80000200C8DF862
:1069D0000100200A8DF80200E0B28DF803006A463B
:1069E00004214FF45870FFF76FFA38BD38B50446EC
:1069F00014B94FF0FF3038BD6A4604214FF471706E
:106A0000FFF79FFA10B14FF0FF30F4E79DF8000058
:106A100000069DF8011040EA01409DF8021040EA8E
:106A200001209DF80310084300EB800080002060E7
:106A30000020E0E738B504461420B4FBF0F4200E43
:106A40008DF80000200C8DF80100200A8DF802005E
:106A5000E0B28DF803006A4604214FF47170FFF72D
:106A600033FA38BD38B5044664B120208DF80000F3
:106A700028208DF8010030208DF8020038208DF894
:106A8000030004E0A3220421684600F0AEFB6A463E
:106A9000042140F69E20FFF717FAFDF779FE38BD76
:106AA0002C03002000004843000040460000C04581
:106AB000000040450000C04438B5044664B1C02021
:106AC0008DF80000C2208DF80100C4208DF802006E
:106AD000C6208DF8030004E08B220421684600F0F4
:106AE00084FB6A46042140F69820FFF7EDF9FDF794
:106AF0004FFE38BD3EB504466CB1FDA1D1E9002082
:106B00008968CDE9002002916A4609214FF4976017
:106B1000FFF7DAF93EBDF9A2D2E900109268CDE99B
:106B2000010200916A4609214FF49760FFF7CCF902
:106B3000F0E73EB5044602208DF80000CA208DF82B
:106B40000100E3208DF8020009208DF803006A4659
:106B500004216820FFF7B8F9A3208DF8000004F0A5
:106B6000400048B1C0208DF80100C8208DF8020017
:106B7000C2208DF8030006E0A3208DF801008DF8F7
:106B800002008DF8030004F4C07048B1C4208DF8F1
:106B90000400CC208DF80500C6208DF8060006E024
:106BA000A3208DF804008DF805008DF80600A320C1
:106BB0008DF807008DF808008DF809006A460A2153
:106BC00040F6A720FFF780F904F0030018B1202059
:106BD0008DF8000002E0D8208DF800006A460121FF
:106BE00040F6B620FFF770F904F0200018B101203C
:106BF000FFF780FF02E00020FFF77CFF04F4C07085
:106C000008B304F4807060B1B2208DF800008B20CE
:106C10008DF80100B6208DF802009B208DF803004E
:106C20000BE0B0208DF8000080208DF80100B4202A
:106C30008DF8020090208DF803006A46042140F68A
:106C4000A220FFF741F904F0010020B3F8208DF8ED
:106C500000006A4601214FF40B60FFF735F9FA2175
:106C60000720FFF729FD0720FFF7ECFD0120FFF7C4
:106C70000CFE6420FFF71CFE4FF4FA70FFF72BFEAA
:106C8000C821A148FFF73AFE2820FFF753FE0A204B
:106C9000FFF763FE08E0D8208DF800006A46012166
:106CA0004FF40B60FFF710F904F0020018B1D9207F
:106CB0008DF8000002E0D8208DF800006A4601211E
:106CC00040F23D70FFF700F904F0040018B1012014
:106CD000FFF7F2FE02E00020FFF7EEFE04F01000E6
:106CE00018B10120FFF7BEFE02E00020FFF7BAFE58
:106CF00044F0080085494881FDF74AFD002083499A
:106D0000887304F0400018B10846807B801D8873AA
:106D100004F4C07020B17D48807B801D7B4988735E
:106D200004F0140020B17948807B103077498873D3
:106D300004F0030020B17548807B001D73498873FF
:106D400000203EBD01467148408908800020704700
:106D50002DE9F0410446E07800F0C006E07800F04C
:106D60003F05607800F0010098B1EF102846E91760
:106D700005EB5171C910A5EBC101491C01F0FF08D9
:106D80006248006820B16148414602683846904731
:106D900000BF607800F0080030B15C48406818B16E
:106DA000B0115A4A516888470020BDE8F08110B5FB
:106DB00086B0044656A207CA03AB07C357A207CA48
:106DC0008DE80700012C09D0022C0ED103AA0B215B
:106DD00040F68220FFF778F806B010BD6A460B2116
:106DE00040F68220FFF770F8F6E74FF0FF30F3E748
:106DF0002DE9F04F8DB00746884615469946DDE9E6
:106E0000166B0024002030804049887B5A4605A933
:106E1000FEF7BDFB18B1601E0DB0BDE8F08F3B481A
:106E2000807A00F01400002861D09DF8140000065C
:106E30009DF8151040EA01409DF8161040EA012027
:106E40009DF81710084328609DF8180000069DF86B
:106E5000191040EA01409DF81A1040EA01209DF8FF
:106E60001B10084368609DF81C0000069DF81D106B
:106E700040EA01409DF81E1040EA01209DF81F10D5
:106E80000843A8609DF8200000069DF8211040EA04
:106E900001409DF8221040EA01209DF8231008438C
:106EA000E86004F11000C4B228680014019068681A
:106EB00000140290A86800140390E868001404907D
:106EC00001984043029901FB0100039901FB010075
:106ED000049901FB010ABAF1706F02DBBAF1885F15
:106EE00022DDFDF755FC00203080401E94E721E0B4
:106EF000B8AAB38DB4980D355D000000B8AAAAAA4F
:106F0000B088C3C5C700000009E3CA022C030020F3
:106F1000D8B1B9F38BA391B609B4D900DAB1B9F3FA
:106F20008BA391B6DAB4DA00B6F9000040F48070B1
:106F3000308000BF7848807A00F0400020B305A977
:106F4000601C085C095D40EA012000B2A8F800005E
:106F500005A9E01C095C05AAA01C105C41EA002000
:106F600000B2A8F8020005A9601D095C201D105C94
:106F700041EA002000B2A8F80400A01DC4B2B6F98E
:106F8000000040F0080030806348408900F4C07081
:106F900008B305A9601C085C095D40EA012000B245
:106FA000388005A9E01C095C05AAA01C105C41EA18
:106FB000002000B2788005A9601D095C201D105CCE
:106FC00041EA002000B2B880A01DC4B2B6F90000AA
:106FD00040F0700030805048807A00F0030018B113
:106FE00005A90819FFF7B4FE4846FBF748F9002049
:106FF00012E70146484801600020704701464648B4
:10700000416000207047014691F90020002A01DD0F
:1070100000201EE091F90020002A01DA042018E087
:1070200091F90120002A01DD012012E091F90120EF
:10703000002A01DA05200CE091F90220002A01DD86
:10704000022006E091F90220002A01DA062000E081
:107050000720704770B505462846FFF7D4FF044661
:10706000E81CFFF7D0FF44EAC00084B2A81DFFF778
:10707000CAFF44EA801084B2204670BD70B588B063
:1070800002A905A8FEF795FE0446032C3FD101A8EE
:10709000FEF704F9059800F023FB0646019900F07D
:1070A00027F9054600F03BFB0590069800F018FB19
:1070B0000646019900F01CF9054600F030FB0690E9
:1070C000079800F00DFB0646019900F011F90546FE
:1070D00000F025FB079005A8FFF77BF96846FEF74F
:1070E000FAF8BDF80010029848430290BDF800106D
:1070F000039848430390BDF8001004984843049057
:1071000002A8FFF7F9F905A0FDF735F802E00CA099
:10711000FDF731F808B070BD2C030020736574745E
:10712000696E672062696173207375636365736656
:10713000756C6C79202E2E2E2E2E2E0A000000004B
:107140006269617320686173206E6F742062656587
:107150006E206D6F646966696564202E2E2E2E2E5A
:107160002E0A00002DE9F0410024061B254671F18E
:10717000000605DA01240027D0EB070067EB0101C8
:10718000161E73F1000605DA0027D2EB070201256F
:1071900067EB030300F062FB86460E4617469C46EB
:1071A000AC4204D00025D0EB050E65EB010624B1FE
:1071B0000020D2EB000760EB030C704631463A46E4
:1071C0006346BDE8F08140EA01039B0703D009E074
:1071D00008C9121F08C0042AFAD203E011F8013BC3
:1071E00000F8013B521EF9D27047D2B201E000F81C
:1071F000012B491EFBD270470022F6E710B513465B
:107200000A4604461946FFF7F0FF204610BD421E0D
:1072100012F8013F002BFBD111F8013B02F8013BB2
:10722000002BF9D1704730B504460020034600E03A
:107230005B1C934203D2E05CCD5C401BF8D030BDB8
:10724000F0B480EA0102D40F4200B2EB410F02D247
:107250000246084611464A0042D0C30DDDB2C1F3D2
:10726000C752AD1A202D35DAC1F3160141F40002E0
:1072700004B15242C5F1200602FA06F12A41104437
:10728000B3EBD05F23D0C4B1012DA0EBC35009DC18
:10729000F0BC4FF0004202EAC352DBB200F500003E
:1072A00000F037BB400000F1807000EBC350A0F14C
:1072B000807040EAD170490009E0490841EAC07194
:1072C000A0EBC35000F50000400800EBC350F0BC39
:1072D00000F016BB6142012202EB4101001BF6E700
:1072E000F0BC704781F00041AAE780F00040A7E7BA
:1072F00080EA010210B502F00043400022D04A00AB
:107300001FD0010E01EB1261C0F35600C2F356020A
:1073100040F4000042F40002A0FB022000047F3988
:10732000140400D0401C50EA124001D44000491E11
:10733000C2B20C0604EBD010401C4008802A02D0D8
:1073400003E0002010BD20F00100002900DA002039
:10735000184310BD30B480EA010202F0004530F05D
:10736000004221F0004013D090B1C30DD40DC2F300
:107370001601C0F31600E41A41F4000140F40002C3
:107380007D34914201D3641C00E04900002C02DAF4
:1073900030BC002070474FF400000023914201D31D
:1073A000891A034340084FEA4101F7D151B1914294
:1073B00002D14FF0004105E002D24FF0010101E09F
:1073C0006FF0010103EBC450284430BC00F098BAC0
:1073D0002DE9FE4F804681EA0300C00F0C46009065
:1073E00021F0004123F00045B8EB0200A94105D28D
:1073F0004046214690461C460B46024623F000407C
:10740000104347D0270DC7F30A00C3F30A51029077
:10741000401A019040286BDAC3F3130040F4801B3C
:107420000098924620B10023D2EB030A63EB0B0BCA
:1074300001985946C0F14002504600F040FA064615
:107440000D4650465946019A00F048FA10EB0800E4
:107450006141002487EA115284EAE7731A4340D05D
:10746000009A62B3019A012A4FEA075215DC001B09
:1074700061EB02014FF0004202EA0752CDE90042FF
:10748000001C41F5801132462B4600F07FFA03B014
:10749000BDE8F08F40462146F9E7001B61EB020191
:1074A000001C41F5801300185B412018A2F500175D
:1074B00047EB030140EAD570B6196D4111E06D0844
:1074C0004FEA360645EAC0754FEA0752001B61EBEA
:1074D0000201001C41F5801149084FEA30000019F3
:1074E000514132462B4603B0BDE8F04F00F03FBAA1
:1074F0000098012240000023D0EB020263EBE0730E
:10750000009821464FEAE074B8EB000061EB0401FB
:10751000E9E783F000435BE781F0004158E72DE99C
:10752000FE4F81EA030404F0004421F0004100947E
:107530004FF0000B23F0004350EA01045ED052EA02
:1075400003045BD0C3F30A54C1F30A552C44A4F2DC
:10755000F3340194A0FB0254C1F3130141F48011F0
:10756000C3F3130343F4801301FB024400FB034EF7
:10757000840A970A44EA815447EA8357A4FB0768C0
:1075800002958D0A05FB07854FEA932C04FB0C54EA
:107590002705029D4FEA065847EA1637B5EB08055E
:1075A0006EEB070C870E920E47EA811742EA8312B0
:1075B000A7FB0201B6EB0B0164EB00042B0D43EAC1
:1075C0000C335E1844EB1C50DA465146E7FB0201CF
:1075D000C5F313044FEA0B3343EA14534FEA043262
:1075E000019C43EA0603A4F10C040294009CCDE93B
:1075F00000B400F0CBF903B0BDE8F08F00200146E5
:10760000F9E72DE9F04D81EA030404F0004B21F085
:10761000004514464FF0000A23F0004150EA0502ED
:1076200020D054EA01021DD0C5F30A570246C5F323
:107630001303C1F31300C1F30A5640F4801543F459
:107640008013A7EB0608101BD64608F2FD3873EB33
:10765000050002D308F1010801E092185B41B8F17E
:10766000000F03DA00200146BDE8F08D00204FF442
:107670008011064684460EE0171B73EB050705D301
:10768000121B63EB050306434CEA010C49084FEA61
:10769000300092185B4150EA0107EDD152EA030035
:1076A00012D082EA040083EA0501084305D0101BCA
:1076B000AB4106D20122002306E000224FF0004336
:1076C00002E06FF0010253101AEB06004CEB085178
:1076D00010EB0A0041EB0B01BDE8F04D00F047B99B
:1076E000C10F80EAE0700844CA079623002100F029
:1076F00010B996230022114600F00BB90EB5C10F48
:1077000080EAE0700844CA07002140F233438DE864
:107710000E000A460B4600F039F903B000BD00F038
:10772000004220F00040C10DC0F3160040F40000FC
:107730007F2901DA00207047962903DCC1F1960108
:10774000C84001E096398840002AF4D04042704792
:1077500020F00040C10DC0F3160040F400007F2966
:1077600001DA00207047962903DCC1F19601C84078
:10777000704796398840704700F0004230F0004072
:107780000AD0C10D01F56071C0F3160042EA015143
:10779000C2084007114370470020014670470000AF
:1077A00030B5041E71F1000404DB4FF00044404288
:1077B00064EB0101141E73F1000405DB1C464FF05D
:1077C0000043524263EB04038B4208BF824230BD48
:1077D00001F0004330B421F0004150EA010206D02C
:1077E0000A0DA2F56072C1F31301002A02DC30BC5D
:1077F00000207047440F44EAC104C100E01830BCC7
:1078000000EBC25000F07CB8002801DBC0F1004062
:10781000002901DBC1F1004181427047002801DBF2
:10782000C0F10040002901DBC1F1004188427047EE
:1078300030B50B46014600202022012409E021FA40
:1078400002F59D4205D303FA02F5491B04FA02F53D
:107850002844151EA2F10102F1DC30BD2DE9F05FD4
:107860000546002092469B468846064681464024AF
:107870001BE0284641464746224600F02FF9534672
:107880005A46C01A914110D311461846224600F0BC
:1078900016F82D1A67EB01084F46224601200021F9
:1078A00000F00DF817EB00094E41201EA4F1010471
:1078B000DFDC484631462A464346BDE8F09F202A91
:1078C00004DB203A00FA02F1002070479140C2F137
:1078D000200320FA03F3194390407047202A06DB67
:1078E000CB17203A41FA02F043EAE07306E041FA8E
:1078F00002F3D040C2F1200291400843194670477C
:107900000029A8BF7047401C490008BF20F00100B3
:10791000704710B4B0FA80FC00FA0CF050EA010491
:1079200004BF10BC704749B1CCF1200421FA04F423
:1079300011FA0CF118BF012121430843A3EB0C01FC
:10794000CB1D4FEA00614FEA102042BF002010BC5F
:10795000704700EBC35010440029A4BF10BC70470F
:10796000401C490008BF20F0010010BC704710B552
:10797000141E73F1000408DA401C41F10001921852
:107980005B411A4301D120F0010010BD2DE9F04DFB
:1079900092469B4611B1B1FA81F202E0B0FA80F250
:1079A00020329046FFF78BFF04460F4640EA0A005C
:1079B00041EA0B0153465A46084313D0114653EA95
:1079C000010019D0C8F14002504600F087F8054682
:1079D0000E46504659464246FFF771FF084305D010
:1079E000012004E020463946BDE8F08D0020054323
:1079F00046EAE0762C4337430A986305E40AA0EB95
:107A000008000022FD0A44EA47540A3002D500204B
:107A10000146E9E7010510196941DDE9084500194A
:107A20006941BDE8F04DA2E770B521F00043034382
:107A30000CD0C1F30A550024D5EB040564EB040314
:107A4000D617AD1AB34102DB0020014670BD2018E5
:107A500041EB025170BDC1F30A52C1F3130140F270
:107A6000FF3341F480119A4202DA00200146704748
:107A700040F233439A42A2F2334202DC524200F017
:107A80002DB8FFF71CBF000030B5041E71F10004D3
:107A900004DB4FF00044404264EB0101141E73F11B
:107AA000000405DB1C464FF00043524263EB040325
:107AB000994208BF904230BD064C074D06E0E06891
:107AC00040F0010394E8070098471034AC42F6D325
:107AD000F8F710FB009A0008209A0008202A04DB1F
:107AE000203A21FA02F00021704721FA02F3D04037
:107AF000C2F1200291400843194670472DE9F04D2C
:107B000000231A461B1A8A4103DB00200146BDE808
:107B1000F08DC1F30A52C1F3130141F480154FF007
:107B2000000BD10702D100186D41521E00270446F8
:107B300040F2FF11384601EB620A3E46804602469B
:107B400000204FF48011FFF7C9FFC2197141BB1823
:107B500046EB0100B4EB030C75EB000C04D3E41A04
:107B600065EB000517460E46241908F101006D412A
:107B700080463428E3DDF91946EB0600091BA841CD
:107B800003D24FF0FF32134601E0002213461BEBF5
:107B9000070046EB0A51BDE8F04DFFF7E8BE70B5AF
:107BA0008C1810F8015B15F0070301D110F8013BA8
:107BB0002A1106D110F8012B03E010F8016B01F82F
:107BC000016B5B1EF9D12B0705D40023521E0DD487
:107BD00001F8013BFAE710F8013BCB1A921C03E0D5
:107BE00013F8015B01F8015B521EF9D5A142D8D30D
:107BF000002070BD0FB4084B10B504A902AA039869
:107C000000F060F9044602A9002000F0F2FC2046D2
:107C100010BC5DF814FB0000F3850008490050EA31
:107C2000C12018BF04204A0D18BF40F0010040F2E7
:107C3000FF72B2EB515F08BF40F00200012808BF9D
:107C4000052070472DE9F0414F1E00EBC7010446A7
:107C5000D1E9000115461E4637F006020DD02A462E
:107C60003346FFF75CFC7F1E04EBC703D3E9002318
:107C7000FFF7AEFB37F00602F1D1022F25D0042F1B
:107C800013D0062F18BFBDE8F0812A463346FFF710
:107C900046FCD4E90A23FFF79BFB2A463346FFF74D
:107CA0003EFCD4E90823FFF793FB2A463346FFF74F
:107CB00036FCD4E90623FFF78BFB2A463346FFF751
:107CC0002EFCD4E90423FFF783FB2A463346FFF753
:107CD00026FCD4E90223FFF77BFB2A463346FFF755
:107CE0001EFCD4E90023BDE8F041FFF771BB01227F
:107CF000FFF79ABEFFF76CBB0022134610461146F1
:107D0000FFF77FBC024A00201107FFF78DBE00007D
:107D100001FDFFFF02E008C8121F08C1002AFAD1C6
:107D200070477047002001E001C1121F002AFBD1FB
:107D3000704700000149086070470000B40100204E
:107D40002DE9FF5F82B00021DDE90430020DDDF88E
:107D500040B0034318D044F61050A2F2FF32424321
:107D60001514119801281FD0A5EB0B00401C5FEAE9
:107D7000000A4FF000064E4FDFF83891B0465046EB
:107D800015D5CAF1000413E0119801244AA3012873
:107D900001D16FEA0B010298119AC0E90031C0E9E4
:107DA000024206B0BDE8F09FCBF10000DFE70446D9
:107DB0000021404A491842EB0450CDE9001012E07E
:107DC000E00707D032463B4640464946FFF7A7FB4F
:107DD0008046894632463B4610461946FFF79FFBD0
:107DE00006460F466410002CEAD1DDE90401DDE906
:107DF0000023BAF1000F06DAFFF791FB42464B462B
:107E0000FFF78DFB05E0FFF7FCFB42464B46FFF713
:107E1000F8FB04460E460022284BFFF735FE03D838
:107E20004FF0FF30014607E00022254B2046314647
:107E3000FFF7CEFAFFF70FFE102409E0002C0ADB53
:107E40000A220023FFF70AFD039B30321A55641EF5
:107E500050EA0102F2D1641C039AC4F111031444E4
:107E6000119A012A03D0012208430DD10AE00843E8
:107E700004D000204FF0110B119072E7A3EB0B051B
:107E80006D1E0DE05B4504DD4FF0000205F10105BC
:107E900004E003DA4FF00002A5F10105002AECD05E
:107EA00002981199C0E90231C0E9004579E7000064
:107EB000000014400000F03F300000000000F043DC
:107EC0000000E03F2DE9FF4F95B09B4689460646EE
:107ED00000250FE2252877D100242746F84A012102
:107EE000059400E0044316F8013F203B01FA03F03B
:107EF0001042F7D130782A2811D06FF02F03307854
:107F0000A0F13002092A16D8059A44F0020402EBC7
:107F1000820203EB42021044761C0590EFE759F809
:107F2000042B0592002A03DA504244F400540590D1
:107F300044F00204761C30782E2816D116F8010F72
:107F400044F004042A280DD06FF02F023078A0F1FD
:107F50003003092B09D807EB870302EB4303C7184B
:107F6000761CF3E759F8047B761C30786C280FD028
:107F700006DC4C2817D068280DD06A2814D104E0FC
:107F8000742810D07A280FD10DE044F400140AE0D0
:107F900044F4801401E044F440147278824202D127
:107FA00004F58014761C761C307866280BD013DC20
:107FB000582877D009DC002875D04528F6D0462807
:107FC000F4D047281AD19DE118E0632835D0642801
:107FD00079D0652812D195E1702873D008DC672824
:107FE000F1D069286FD06E280DD06F2806D1B5E08A
:107FF00073282CD0752875D0782874D05A461799D4
:1080000090476D1C75E1C4F30250022809D0032883
:108010000DD0D9F8001004280DD00D6009F1040925
:1080200067E1D9F80010EA17C1E90052F6E7D9F87C
:1080300000100D80F2E70D70F0E719F8041B8DF8C1
:10804000001000208DF80100EA46012003E059F8F5
:1080500004AB4FF0FF3061074FF0000102D40DE098
:1080600008F101018846B9420FDA8045F8DB1AF8B9
:1080700008100029F4D108E008F101018846814286
:10808000FADB1AF808100029F6D105985B46A0EB38
:10809000080721463846179A00F094FA284400EB66
:1080A000080507E04DE029E10DE01AF8010B5A46FA
:1080B00017999047B8F10108F7D25B462146384638
:1080C000179A13E142E00A220092C4F302524FF0E1
:1080D000000A022A08D059F804CB032A4FEAEC71AF
:1080E0000AD00DE029E02AE009F1070121F007029A
:1080F000F2E802C1914609E00FFA8CFC4FEAEC71FC
:10810000042A03D14FFA8CFC4FEAEC71002907DAFC
:108110000A460021DCF1000C61EB02012D2202E095
:10812000220504D52B228DF80420012203E0E2076A
:1081300001D02022F7E7904659E00A2102E0102200
:108140000DE010214FF0000A00910BE010224FF0DB
:10815000000A44F004040827009203E008224FF0CC
:10816000000A0092C4F30252022A05D059F804CB47
:108170000021032A08D009E009F1070121F00702D4
:10818000F2E802C1914605E01FFA8CFC042A01D1F5
:108190000CF0FF0C4FF00008220728D5702806D0FD
:1081A000009B83F0100353EA0A0305D00EE040223F
:1081B0008DF80420012208E05CEA010206D030229A
:1081C0008DF804208DF8050002229046009B83F074
:1081D000080353EA0A030AD15CEA010201D16207EB
:1081E00005D530228DF804204FF001087F1E582855
:1081F00004D034A003900EA802900DE036A0F9E759
:1082000053466046009AFFF729FB84460398825C38
:108210000298401E029002705CEA0100F0D10298C0
:1082200006A9081A00F1200A600702D524F4803458
:1082300000E00127574502DDA7EB0A0000E000201F
:1082400000EB0A01009005984144401A0590E003B4
:1082500006D45B462146179A059800F0B3F9054409
:10826000002706E001A85A46C05D179990476D1C8B
:108270007F1C4745F6DBE0030CD55B462146179A89
:10828000059800F09FF9054404E030205A461799FC
:1082900090476D1C0099481E00900029F5DC08E00D
:1082A000029802995A460078491C02911799904702
:1082B0006D1CBAF10001AAF1010AF1DC65E10000D0
:1082C00009280100303132333435363738396162AC
:1082D0006364656600000000303132333435363770
:1082E00038394142434445460000000000F058F947
:1082F0000544761C307800287FF4ECAD19B0284690
:10830000BDE8F08F620700D4062709F1070222F0CA
:10831000070CFCE80223E14603F000485FEA080C82
:1083200002D00FF2702C0DE05FEA045C02D50FF270
:10833000682C07E05FEAC47C02D00FF2602C01E0F9
:10834000AFF2700C4FF0FF3823F00043CDF850C06F
:1083500065280CD006DC452809D046281DD04728C2
:108360003DD13DE0662818D067287ED138E0002155
:10837000112F01DB112000E0781CCDE9000106A9D6
:108380000EA8FFF7DDFCDDE90F010E9A0391002135
:10839000009207F1010A04914DE04FF00040009770
:1083A000CDE9011006A90EA8FFF7CAFCDDE90F020E
:1083B00003920E9B11990022DDF80CA00093049209
:1083C00011B9791C00EB010AB7EB0A0004D4C0F123
:1083D000FF3007F1010A0490AAEB0700019044E086
:1083E000012F00DA01270021112F01DD112000E00B
:1083F0003846CDE9000106A90EA8FFF7A1FCDDE98A
:108400000F010E9A0391002104910092BA462107B0
:108410000CD40399514500DA8A46BAF1010F05DD03
:10842000009AAAF10101515C302908D0B84202DA61
:1084300010F1040F06DA0121CDE9011015E0AAF1CF
:108440000101E9E7002805DC049901440491AAEB45
:10845000000102E0411C514500DD8A460499401AA2
:10846000401C01904FF000400290200704D4019876
:10847000504501DBCDF8048000208DF84F000298B4
:108480000DF14F07B0F1004F25D02B200E90029830
:108490004FF0020800280CDA404202902D200E9086
:1084A00007E00A210298FFF7C3F93031029007F87C
:1084B000011DB8F10001A8F10108F2DC02980028C2
:1084C000EFD1791E0E980870307800F0200040F04F
:1084D000450007F8020D12A8C01B00F10708149808
:1084E000007800B1012000EB0A01019801EBE07176
:1084F00005984144401A401E0590E00306D45B46AF
:108500002146179A059800F05DF805441498007804
:1085100018B15A46179990476D1CE00324D55B4665
:108520002146179A059800F04DF805441CE0049880
:10853000002807DBDDE90301884203DD0098405C89
:10854000179901E0179930205A469047049805F191
:108550000105401C04900198401E019004D12E207A
:108560005A46179990476D1CBAF10001AAF1010A09
:10857000DDDC05E017F8010B5A46179990476D1C92
:10858000B8F10001A8F10108F4DC5B462146179A16
:108590000598ABE62D0000002B0000002000000035
:1085A0002DE9F041044600251E461746880404D4F0
:1085B00005E039462020B0476D1C641EF9D52846D9
:1085C000BDE8F0812DE9F041044600251E469046A5
:1085D000C80301D5302700E02027880404D505E032
:1085E00041463846B0476D1C641EF9D52846BDE8A3
:1085F000F0810A68531C0B60107070472DE9F04D34
:108600008D4F21F0004A86B005460C46BA452ADB5C
:10861000AAEB070028430AD08848824501DC1AD11A
:10862000CDB106B02846BDE8F04DFFF760BB844AE7
:10863000844B2846FEF773FF07460E46824A834B5B
:1086400028462146FEF76BFF06B03A463346BDE8A2
:10865000F04DFEF7BDBE0120FFF76CFB06B0BDE894
:10866000F04DFFF749BB7A48824542DABAF1795FAB
:108670000BDA2846FFF7D2FA042808BFFFF742FBBF
:10868000284606B02146BDE8F08D2A460B46104626
:10869000FEF745FF834602466E480E460B4606210E
:1086A0007844FFF7CFFA5A463346FEF738FF804644
:1086B00069488A465A46334604217844FFF7C2FA8D
:1086C0005A463346FEF72BFF00223B46FEF780FE5C
:1086D00002460B4640465146FEF793FF2A46234684
:1086E000FEF71DFF06B02A462346BDE8F04DFEF713
:1086F0006FBE284624F0004100223D463B46FEF76F
:108700000BFF4FF0FF32FFF78FF906460246534842
:108710000F460B4606217844FFF794FA32463B4653
:10872000FEF7FDFECDE900014D4832463B460421EF
:108730007844FFF787FA32463B46FEF7F0FE002208
:108740002B46FEF745FE834602913046394600F03F
:108750005DFA804643480D46504517DCDDE90001CF
:108760005A46029BFEF74DFF42462B46FEF7D7FEC8
:1087700042462B46FEF72CFE0122FFF755F9304A00
:10878000304BFEF7C6FE304A304B4CE04FF0000A4B
:1087900052460B464046FEF71BFECDE903105246FB
:1087A0002B4610461946FEF7BAFE32463B46FEF708
:1087B000B3FEDDE90332FEF724FF06460F46DDE98E
:1087C00000015A46029BFEF71CFF834600910122DE
:1087D00030463946FFF728F9194A1A4BFEF79CFE36
:1087E00006460F46012240462946FFF71DF95A4624
:1087F000009BFEF794FE32463B46FEF78AFE064695
:108800000F46012250462946FFF70EF90E4DDFF8BC
:1088100058802A464346FEF77FFE32463B46FEF727
:108820007BFE2A464346FEF777FE002CD8BF81F038
:10883000004106B0BDE8F08D0000F03F0000F07F81
:10884000075C143326A6913C182D4454FB21F93FB4
:108850000000E03F1C12000032120000A6110000D0
:10886000BC1100003333EF3FFB21E93F2DE9F84F06
:1088700004460D4621F0004000917349814211DC0D
:108880007249884201DC06D12CB120462946BDE858
:10889000F84FFFF72CBA6E48002DCCBF6D496E49DA
:1088A000BDE8F88F6D49814211DD6D498142D8BF25
:1088B0004FF0FF366DDD20462946FFF7AFF904285B
:1088C00008BFFFF71FFA20462946BDE8F88F654923
:1088D000654F25F00045814233DD6449814219DD51
:1088E000002632464FF0804320462946FEF770FDB1
:1088F00080468A46012220462946FFF795F8002245
:108900003B46FEF706FE42465346FEF77AFE044615
:108910000D463EE001260022BA463B462046294647
:10892000FEF756FD80460F46002253462046294654
:10893000FEF7EFFD42463B46FEF763FE04460D465A
:1089400027E04B4981421BDDDFF828A102260022E7
:10895000534620462946FEF7E2FD00223B46FEF73D
:1089600037FD80460F460022534620462946FEF733
:10897000D0FD42463B46FEF744FE04460D4608E065
:10898000032622462B4600203B49FEF73AFE0446CA
:108990000D4622462B4610461946FEF7C0FD8B4673
:1089A000824602460B46FEF7BAFD074602463348AA
:1089B00088460B4606217844FFF744F952465B4649
:1089C000FEF7ADFD82462E488B463A4643460521CA
:1089D0007844FFF737F93A464346FEF7A0FD0246D2
:1089E0000B46002E504659460CDAFEF7F1FC2246A3
:1089F0002B46FEF794FD01B022462B46BDE8F04F12
:108A0000FEF78ABDFEF7E4FC22462B46FEF787FD03
:108A10001C4A7A4402EBC603D3E90023FEF779FD32
:108A200022462B46FEF775FD174A7A4402EBC60331
:108A3000D3E90023FEF770FD009A002AB8BF81F049
:108A40000041BDE8F88F0000000010440000F07FF6
:108A5000182D4454FB21F93FFB21F9BF0000DC3FF6
:108A60000000203E0000F33F0000F03F0000E63F22
:108A7000008003400000F83F0000F0BFBE0F000080
:108A80007C0F00001A0F0000E20E00002DE9F04DEF
:108A90009446CCF1000423F000464CEA0404524F03
:108AA00046EAD4749A46884621F00042BC4206D871
:108AB000454240EA050442EAD474BC4204D9BDE808
:108AC000F04D6246FFF716B9AAF14055A5F17F6552
:108AD00055EA0C040BD0022404EAAA74434DDFF8D3
:108AE00010E144EAD87452EA000B04D00CE0BDE86F
:108AF000F04DFFF7BBBE002C14BF012CBDE8F08D7C
:108B0000022C30D0032C32D056EA0C0B0AD0BE42D5
:108B100020D1BA4209D126F0804622F08042334665
:108B2000114617E000291ADB25E0DFF8C8B0FB4446
:108B3000002C04BFDBE90001BDE8F08D012C02BF71
:108B4000DBE9000181F00041BDE8F08D022C0AD084
:108B5000032C0CD0BA4212D1B8F1000F0BDA234823
:108B60002549BDE8F08D28462449BDE8F08D28460A
:108B70007146BDE8F08D1D482149BDE8F08D921B7E
:108B800012153C2AC4BF19481D490EDCBAF1000F6A
:108B9000BEBF12F13C0F0020014606DB6246FEF725
:108BA00030FD21F00041FFF761FE002C08BFBDE859
:108BB000F08D012C04BF81F00041BDE8F08D114A19
:108BC000114B022C07D0FEF7A4FC2A46BDE8F04D5D
:108BD0000A4BFEF79EBCFEF79CFC2A46BDE8F04D12
:108BE000064BFEF799BC00000000F07F182D44549E
:108BF000FB2109C0760E0000FB21F9BFFB210940D3
:108C0000FB21F93F075C143326A6A13C2DE9F04176
:108C100006460F46FEF772FF041E0D4618BF0120E0
:108C2000284320F00040C0F17F6000F1E040C00F19
:108C30000ED0301C18BF0120384320F00040C0F196
:108C40007F6000F1E040C00F04BF0120FFF772F821
:108C500020462946BDE8F0813333333333D35640C1
:108C6000E17A14AE47E1CA3F6666666666661440FE
:108C70009A9999999999B93F68000004760054012E
:108C8000F7FD000175191A0C6A231B1C1F20727452
:108C9000433B4138393A6B6C376F06246D6E700078
:108CA00083000000000800000001001832000500E9
:108CB000000020410000D242295C0F3E9A99993E63
:108CC0003333733F295C0F3E000070000000002426
:108CD000000000020003000000650054FFEF0000E8
:108CE000FA80000B12820001030C30C30E8C8CE959
:108CF00014D5400213710F8E3883F8833000F88347
:108D0000258EF8833000F883FFFFFFFF0FFEA9D602
:108D1000240004001A8279A10000003CFFFF00003B
:108D20000010000038836FA2003E033040000000B6
:108D300002CAE3093E80000020000000000000009D
:108D40004000000060000000000C0000000C186EE5
:108D5000000006920A16C0DFFFFF0256FD8CD37793
:108D6000FFE1C496E0C5BEAA00000000FFFF0B2B88
:108D700000001657000003594000000000001DFAD3
:108D800000026C1D000000003FFFDFEB003EB3B6A9
:108D9000000D227800002F3C00000000001942B5B1
:108DA000000039A20000B365D90E9FC91DCF4C3415
:108DB00030000000500000003BB67AE8006400007C
:108DC00000C8000000000000100000001000FA922F
:108DD0001000225E000D229F000100000032000002
:108DE000FF46000063D400001000000004D600001D
:108DF00004CC000004CC0000000010720000004011
:108E0000000000000000000000060002000500074E
:108E100000000000006400000000000000000005E9
:108E200000050064002000000000000000000000B9
:108E3000000040000000030000000032F89800002D
:108E4000FF650000830F0000FF9BFC000000000096
:108E50000000000000000000000000000000000012
:108E60000000000000000000000000000000000002
:108E7000000000000000100040000000000000069C
:108E80000000B26A000200000001FB8300680000DD
:108E900000D9FC007CF1FF830000000000650000A9
:108EA000006403E8006400280000002500000000C2
:108EB00016A000000000100000001000002F0000AD
:108EC000000001F40000100000280000FFFF4581B1
:108ED000FFFFFA72000000000000000000440005DF
:108EE0000005BAC6004778A200000001000000009B
:108EF00000000600000000140000254D002F706DDA
:108F0000000005AE000C02D00000000000000000D0
:108F10000000000000000000001B00000000000036
:108F200000000000000000000064000000080000D5
:108F30000000000000000000000000000000000031
:108F40000000000000000000000000000000000021
:108F50000000000000000000000000000000000011
:108F60000000000000000000000000000000000001
:108F700000000000000000000000000000000000F1
:108F80000000000000000000001B000000000000C6
:108F900000000000000E000E00000AC700040000E0
:108FA00000000032FFFFFF9C00000B2B00000002BE
:108FB0000000000100000064FFE500000000000068
:108FC00000000000000000000000000100000000A0
:108FD000000100000000000000018000000180008E
:108FE00000018000002426D30000000000000000E3
:108FF000000600100096003C000000000000000089
:1090000000000000000000000C0A4E68CDCF770978
:1090100050166759C619CE820000000000000000FB
:109020000000000000000000000000000000000040
:1090300017D78400030000000000000000000000BB
:10904000C7938F9D1E1B1C1900000000000000002C
:109050000000000000000000000000000000000010
:109060000203188500004000000000030000000318
:1090700000000000000000004000000000000000B0
:1090800000000000000000000000000000000000E0
:1090900000000000000000000000000000000000D0
:1090A000000000000000000000000000677DDF7E7F
:1090B00072902E554CF6E68800000000000000007B
:1090C0000000000000000000D8DCB4B8B0D8B9AB94
:1090D000F3F8FAB3B7BB8E9EAEF132F51BF1B4B81C
:1090E000B08097F1A9DFDFDFAADFDFDFF2AAC5CD0D
:1090F000C7A90CC92C97F1A989264666B28999A9F6
:109100002D557DB0B08AA896365676F1BAA3B4B282
:1091100080C0B8A89711B28398BAA3F0240844106D
:109120006418B2B9B49883F1A329557DBAB5B1A337
:109130008393F0002850F5B2B6AA839328547CF1AB
:10914000B9A3829361BAA2DADEDFDB819AB9AEF508
:10915000606870F1DABAA2DFD9BAA2FAB9A3829232
:10916000DB31BAA2D9BAA2F8DF85A4D0C1BBAD83E6
:10917000C2C5C7B8A2DFDFDFBAA0DFDFDFD8D8F112
:10918000B8AAB38DB4980D355DB2B6BAAF8C961946
:109190008F9FA70E161EB49AB8AA872C547CBAA427
:1091A000B08AB691325676B28494A4C808CDD8B8A5
:1091B000B4B0F19982A82D557D98A80E161EA22C48
:1091C000547C92A4F02C5078F184A898C4CDFCD89B
:1091D0000DDBA8FC2DF3D9BAA6F8DABAA6DED8BA08
:1091E000B2B68696A6D0F3C841DAA6C8F8D8B0B40D
:1091F000B882A892F52C548898F135D9F418D8F192
:10920000A2D0F8F9A884D9C7DFF8F883C5DADF69F6
:10921000DF83C1D8F40114F1A8824EA884F311D1E0
:1092200082F5D992289788F109F41C1CD884A8F3F8
:10923000C0F9D1D99782F129F40DD8F3F9F9D1D930
:1092400082F4C203D8DEDF1AD8F1A2FAF9A8849812
:10925000D9C7DFF8F8F883C7DADF69DFF883C3D846
:10926000F40114F198A8822EA884F311D182F5D9C3
:1092700092509788F109F41CD884A8F3C0F8F9D16A
:10928000D99782F149F40DD8F3F9F9D1D982F4C410
:1092900003D8DEDFD8F1AD8898CCA809F9D982923D
:1092A000A8F57CF1883ACF944A6E98DB6931DAAD43
:1092B000F2DEF9D88795A8F221D1DAA5F9F417D909
:1092C000F1AE8ED0C0C3AE82C684C3A88595C8A5B2
:1092D00088F2C0F1F4010EF18E9EA8C63E56F554F8
:1092E000F18872F40115F19845856EF58E9E04881B
:1092F000F142985A8E9E068869F4011CF1981E115D
:1093000008D0F504F11E970202983625DBF9D985BD
:10931000A5F3C1DA85A5F3DFD88595A8F309DAA509
:10932000FAD88292A8F578F1881A849F2688982125
:10933000DAF41DF3D8879F39D1AFD9DFDFFBF9F419
:109340000CF3D8FAD0F8DAF9F9D0DFD9F9D8F40B60
:10935000D8F3879F39D1AFD9DFDFF41DF3D8FAFCFA
:10936000A869F9F9AFD0DADEFAD9F88F9FA8F1CC65
:10937000F398DB45D9AFDFD0F8D8F18F9FA8CAF3B7
:109380008809DAAF8FCBF8D8F2AD978D0CD9A5DF6D
:10939000F9BAA6F3FAF412F2D8950DD1D9BAA6F318
:1093A000FADAA5F2C1BAA6F3DFD8F1BAB2B6869658
:1093B000A6D0CAF349DAA6CBF8D8B0B4B8D8AD84F1
:1093C000F2C0DFF18FCBC3A8B2B68696C8C1CBC3BB
:1093D000F3B0B48898A821DB718D9D71859521D952
:1093E000ADF2FAD88597A828D9F408D8F28D29DAF1
:1093F000F405D9F285A4C2F2D8A88D9401D1D9F48C
:1094000011F2D88721D8F40AD8F28498A8C801D1DB
:10941000D9F411D8F3A4C8BBAFD0F2DEF8F8F8F84D
:10942000F8F8F8F8D8F1B8F6B5B9B08A95A3DE3CEB
:10943000A3D9F8D85CA3D9F8D87CA3D9F8D8F8F97F
:10944000D1A5D9DFDAFAD8B18530F7D9DED8F8302E
:10945000ADDADED8F2B48C99A32D557DA083DFDF81
:10946000DFB591A0F629D9FBD8A0FC29D9FAD8A05C
:10947000D051D9F8D8FC51D9F9D879D9FBD8A0D096
:10948000FC79D9FAD8A1F9F9F9F9F9A0DADFDFDF27
:10949000D8A1F8F8F8F8F8ACDEF8ADDE8393AC2C80
:1094A000547CF1A8DFDFDFF69D2CDAA0DFD9FADBF0
:1094B0002DF8D8A850DAA0D0DED9D0F8F8F8DB55CE
:1094C000F8D8A878DAA0D0DFD9D0FAF8F8F8F8DB25
:1094D0007DF8D89CA88CF530DB38D9D0DEDFA0D061
:1094E000DEDFD8A848DB58D9DFD0DEA0DFD0DED859
:1094F000A868DB70D9DFDFA0DFDFD8F1A888902C67
:10950000547C98A8D05C38D1DAF2AE8CDFF9D8B0B0
:1095100087A8C1C1B188A8C6F9F9DA36D8A8F9DA9E
:1095200036D8A8F9DA36D8A8F9DA36D8A8F9DA366A
:10953000D8F78D9DADF818DAF2AEDFD8F7ADFA3076
:10954000D9A4DEF9D8F2AEDEFAF983A7D9C3C5C72C
:10955000F1889BA77AADF7DEDFA4F8849408A7977B
:10956000F300AEF29819A488C6A39488F632DFF20D
:109570008393DB09D9F2AADFD8D8AEF8F9D1DAF3B0
:10958000A4DEA7F1889B7AD8F38494AE19F9DAAAFD
:10959000F1DFD8A881C0C3C5C7A39283F628ADDE8A
:1095A000D9F8D8A350ADD9F8D8A378ADD9F8D8F860
:1095B000F9D1A1DADEC3C5C7D8A18194F818F2B0F9
:1095C00089ACC3C5C7F1D8B8B4B09786A8319B069B
:1095D0009907AB9728889BF00C201440B0B4B8F0E2
:1095E000A88A9A285078B79BA829517924705944A1
:1095F0006938644831F1BBAB88002C547CF0B38BE4
:10960000B8A804285078F1B088B49726A85998BB18
:10961000ABB38B02264666B0B8F08A9CA829517974
:109620008B2951798A2470598B2058718A44693862
:109630008B3940688A6448318B30496088F1AC00CE
:109640002C547CF08CA804285078F1889726A859CF
:1096500098AC8C02264666F0899CA8295179247022
:1096600059446938644831A98809205970AB1138C8
:109670004069A8193148608CA83C415C207C00F10D
:1096800087981986A86E767EA999882D557DD8B1C0
:10969000B5B9A3DFDFDFAED0DFAAD0DEF2ABF8F9D9
:1096A000D9B087C4AAF1DFDFBBAFDFDFB9D8B1F132
:1096B000A3978E60DFB084F2C8F8F9D9DED893851D
:1096C000F14AB183A308B5839A0810B79F10D8F167
:1096D000B0BAAEB08AC2B2B68E9EF1FBD9F41DD834
:1096E000F9D90CF1D8F8F8AD61D9AEFBD8F40CF18A
:1096F000D8F8F8AD19D9AEFBDFD8F416F1D8F8AD2B
:109700008D61D9F4F4ACF59C9C8DDF2BBAB6AEFA22
:10971000F8F40BD8F1AED0F8AD51DAAEFAF8F1D8D2
:10972000B9B1B6A3839C08B9B1839AB5AAC0FD307C
:1097300083B79F10B58B93F20202D1ABDADED8F17A
:10974000B080BAABC0C3B284C1C3D8B1B9F38BA3E4
:1097500091B609B4D9ABDEB0879CB9A3DDF1B38B68
:109760008B8B8B8BB087A3A3A3A3B28BB69BF2A3E7
:10977000A3A3A3A3A3A3A3A3A3F1B087B59AA3F321
:109780009BA3A3DCBAACDFB9A3A3A3A3A3A3A3A306
:10979000A3A3A3A3A3A3A3A3D8D8D8BBB3B7F1AA69
:1097A000F9DAFFD9809AAA28B48098A720B79787BA
:1097B000A86688F07951F1902C870CA78197629365
:1097C000F071716085940129517990A5F1284C6C54
:1097D000870C95188578A38390284C6C886CD8F3F7
:1097E000A28200F210A8921980A2F2D926D8F1889C
:1097F000A84DD948D896A83980D93CD89580A839A1
:10980000A68698D92CDA87A72CD8A8899519A9807B
:10981000D938D8A88939A980DA3CD8A82EA8399097
:10982000D90CD8A8953198D90CD8A809D9FFD80156
:10983000DAFFD89539A9DA26FFD890A80D8999A81A
:1098400010809821DA2ED88999A83180DA2ED8A8EC
:1098500086963180DA2ED8A8873180DA2ED8A88271
:1098600092F34180F1D92ED8A882F31980F1D92E34
:10987000D882ACF3C0A28022F1A62EA72EA92298EE
:10988000A829DAACDEFFD8A2F22AF1A92E8292A88A
:10989000F23180A696F1D900AC8C9C0C30ACDED0B5
:1098A000DEFFD88C9CACD010ACDE8092A2F24C8251
:1098B000A8F1CAF235F19688A6D900D8F1FF0000C8
:1098C000555555555555C53F7D6FEB0312D6D4BF41
:1098D0005544880E55C1C93F3B8F68B52882A4BF47
:1098E00088B20175E0EF493F09F7FD0DE13D023F08
:1098F0004B2D8A1C273A03C0C88A599CE52A004090
:1099000059018D1B6C06E6BF82922EB1C5B8B33FDC
:109910004FBB610567ACDD3F182D4454FB21E93F87
:109920009BF681D20B73EF3F182D4454FB21F93F76
:10993000E2652F227F2B7A3C075C143326A6813CFC
:10994000BDCBF07A8807703C075C143326A6913CA7
:10995000C4EB98999999C9BF711623FEC671BCBF13
:109960006D9A74AFF2B0B3BF9AFDDE522DDEADBF7B
:109970002F6C6A2C44B4A2BF0D5555555555D53F93
:10998000FF8300922449C23F6E204CC5CD45B73FAE
:10999000513DD0A0660DB13FEB0D76244B7BA93F26
:1099A00011DA22E33AAD903F000000000000000011
:1099B0002050726F6475637420494420726561643D
:1099C000206173203020696E64696361746573205F
:1099D000646576696365206973206569746865727A
:1099E00020696E636F6D70617469626C65206F725F
:1099F00020616E204D5055333035302E0A00000066
:109A0000209A000800000020B80100009E7B00089A
:109A1000789A0008B801002088050000247D00081D
:109A2000412D010203040410090607080902040677
:109A30000884A24A04691832FF29045201034280B3
:109A40003F032E404107700243AE47613E03168834
:109A50001323200330096F12833AA69B443B072946
:109A60003F0AD7A33B01EB803F0C13848C1B087883
:089A70000401205AA0240000AB
:04000005080000ED02
:00000001FF
