:020000040800F2
:1000000040070020DD4300088131000883310008EB
:10001000873100088B3100088F3100080000000094
:100020000000000000000000000000009331000804
:100030009531000800000000973100089931000850
:10004000F7430008F7430008F7430008F7430008A8
:10005000F7430008F7430008F743000897420008F9
:10006000F7430008F7430008F7430008F743000888
:10007000F7430008F7430008F7430008F743000878
:10008000F7430008F7430008F7430008F743000868
:10009000F7430008F7430008F7430008F743000858
:1000A000F7430008F9410008F7430008F743000848
:1000B000F74300082D2800083D280008F7430008F2
:1000C000F7430008F7430008F7430008F743000828
:1000D000F7430008F7430008F7430008F743000818
:1000E000F7430008F7430008F7430008DFF80CD097
:1000F00007F0E0FC00480047812600084007002088
:1001000031490143314A1160704770B50021002325
:100110000F22C47804B32D4C246804F4E064C4F5C1
:10012000E064210AC1F10403CA40447804FA03F1EF
:100130008478144021430901254C0678A1550478A0
:1001400004F01F050124AC4005786D11AD0005F1E8
:10015000E025C5F8004109E0047804F01F050124FA
:10016000AC401C4D0678761145F8264070BD1A4A01
:100170000A400243154B1B1F1A60704739B1134ADE
:10018000121D12680243114B1B1D1A6006E00F4A34
:10019000121D126882430D4B1B1D1A607047042804
:1001A00008D14FF0E021096941F004014FF0E0224D
:1001B000116107E04FF0E021096921F004014FF0DF
:1001C000E0221161704700000000FA050CED00E02C
:1001D00000E400E080E100E080FFFF1F00204449D0
:1001E0000860091D0860091D0860091D0860414874
:1001F0003F4914310860704700213D498279002A47
:100200003AD00A46126803689A430B461A600A1DE0
:10021000126803689A430B1D1A60027911440A6838
:1002200003681A430A60324A0832126803689A4324
:100230002F4B08331A601A1D126803689A432C4B1F
:100240000C331A604279102A0ED11A1F1268036803
:100250001A43274B08331A601A1D126803681A43A1
:10026000234B0C331A600DE02149427911440A688E
:1002700003681A430A6005E0027911440A680368BA
:100280009A430A6070470021016001710C2141719D
:100290000021817170471649103109680143144AE1
:1002A00010321160704701460020114A1432126862
:1002B0000A400AB1012000E0002070470C491431C7
:1002C00008607047014600200022094B1B6803EAC2
:1002D0000102074B14331B680B4013B10AB1012014
:1002E00000E00020704702491431086070470000A8
:1002F00000040140FFFF0F0010B50446CC488442C3
:1003000008D10121042000F02DFB0021042000F081
:1003100029FB46E0C748844208D10121082000F0AB
:1003200021FB0021082000F01DFB3AE0C248844276
:1003300008D10121102000F015FB0021102000F051
:1003400011FB2EE0BD48844208D10121202000F09D
:1003500009FB0021202000F005FB22E0B848844280
:1003600008D10121402000F0FDFA0021402000F0DA
:10037000F9FA16E0B348844208D10121802000F048
:10038000F1FA0021802000F0EDFA0AE0AE48844244
:1003900007D10121801500F0E5FA0021A01500F039
:1003A000E1FA10BD10B50121084600F0DBFA00218A
:1003B000012000F0D7FA10BD2DE9F04102460025DA
:1003C0000026002000230024002791F803C00CF031
:1003D0000F0591F803C00CF0100CBCF1000F03D016
:1003E00091F802C04CEA050591F800C0BCF1000F7D
:1003F00031D0146800202BE04FF0010C0CFA00F310
:10040000B1F800C00CEA03069E4220D183004FF0F1
:100410000F0C0CFA03F7BC4305FA03FC4CEA040486
:1004200091F803C0BCF1280F06D14FF0010C0CFA73
:1004300000FCC2F814C00AE091F803C0BCF1480FF8
:1004400005D14FF0010C0CFA00FCC2F810C0401CA2
:100450000828D1D31460B1F800C0BCF1FF0F34DD1F
:10046000546800202EE000F1080C4FF0010808FA53
:100470000CF3B1F800C00CEA03069E4221D18300C0
:100480004FF00F0C0CFA03F7BC4305FA03FC4CEADF
:10049000040491F803C0BCF1280F05D100F1080C49
:1004A00008FA0CF8C2F8148091F803C0BCF1480FA8
:1004B00007D100F1080C4FF0010808FA0CF8C2F857
:1004C0001080401C0828CED35460BDE8F0814FF660
:1004D000FF710180022181700421C17070470246C2
:1004E000002093680B400BB1012000E00020704712
:1004F0000146886880B2704702460020D3680B40EE
:100500000BB1012000E0002070470146C86880B2AE
:10051000704701617047416170470AB1016100E0B5
:1005200041617047C16070474FF480320A43826175
:100530008161826182698269704702460020434B73
:1005400018684FF68073184040EA021008433F4B8A
:10055000186070473E49C8617047F0B50A460023ED
:1005600000240021002500F00046B6F1004F02D122
:10057000364EF16901E0354E7168C0F3034583B230
:1005800000F44016B6F5401F08D121F070612F4EDF
:10059000766826F070662D4F7E6012E000F48016BB
:1005A000B6F5801F06D1032606FA05F4A14341F0F3
:1005B000706106E0460D360103FA06F6B14341F0DC
:1005C000706122B1460D360103FA06F6314300F0A0
:1005D0000046B6F1004F02D11C4EF16101E01B4E06
:1005E0007160F0BD30B500228B071C0F0F2303FA9A
:1005F00004F2164B08338C1053F824309343134CF9
:1006000008348D1044F8253023468C1053F82430DC
:100610008C07240F00FA04F423430C4C08348D108B
:1006200044F8253030BD0A49DC31086070470000CD
:1006300000080140000C014000100140001401407E
:1006400000180140001C0140002001400000014052
:1006500000002042DF48006840F00100DD490860EA
:1006600008464068DC490840DA49486008460068A6
:10067000DA490840D74908600846006820F480201D
:1006800008600846406820F4FE0048604FF41F00F0
:1006900088607047CF49096821F48031CD4A1160E4
:1006A0001146096821F480211160B0F5803F03D024
:1006B000B0F5802F0ED106E0C649096841F48031BB
:1006C000C44A116007E0C349096841F4A021C14A46
:1006D000116000E000BF00BF704710B50146002266
:1006E000002300204A11012A02D1BA4C236806E0F7
:1006F000022A02D1B74C236A01E0B64C636A01F0CA
:100700001F02012494401C400CB1012000E0002095
:1007100010BD38B5002000900024002500BF312016
:10072000FFF7DBFF05460098401C00900098B0F5ED
:10073000A06F01D0002DF2D03120FFF7CEFF08B11D
:10074000012400E00024204638BD01460020A14AD3
:10075000106820F0F80040EAC10010607047A0491E
:1007600008607047024600209A4B586820F47C10BD
:1007700042EA01031843974B58607047984908664E
:10078000704701460020934A506820F00300084358
:10079000506070478F48406800F00C007047014679
:1007A00000208C4A506820F0F000084350607047E9
:1007B00001460020874A506820F4E06008435060FA
:1007C000704701460020834A506820F4605040EA98
:1007D000C1005060704729B17E4A527A02437D4B76
:1007E0005A7204E07B4A527A82437A4B5A727047BB
:1007F0007B49D8310860704701460020754A50682F
:1008000020F440400843506070470021714A203274
:100810001170704A82F82010012802D004280AD1F1
:1008200004E001216B4A2032117005E00521694A7C
:100830002032117000E000BF00BF704769490860B6
:1008400070476449096A0143624A11627047654909
:1008500044390860704730B500210022002400238D
:100860005C4D6D6805F00C0121B1042905D0082903
:1008700023D105E05C4D056022E05B4D05601FE083
:10088000544D6D6805F47012524D6D6805F4803456
:10089000022505EB92421CB9544D554305600BE00F
:1008A0004C4D6D6805F400351DB1504D5543056044
:1008B00002E04D4D5543056002E04B4D056000BF21
:1008C00000BF444D6D6805F0F0010909484D6B5CAF
:1008D0000568DD4045603F4D6D6805F4E061090A3B
:1008E000434D6B5C4568DD4085603A4D6D6805F4AD
:1008F0006051C90A3E4D6B5C4568DD40C560354DB1
:100900006D6805F44041890B3A4D6B5CC568B5FBD9
:10091000F3F5056130BD29B12E4A526902432D4BD2
:100920005A6104E02B4A526982432A4B5A6170474C
:1009300029B1284A92690243264B9A6104E0254A6C
:1009400092698243234B9A61704729B1214AD26947
:100950000243204BDA6104E01E4AD26982431D4BF8
:10096000DA61704729B11B4AD2680243194BDA6039
:1009700004E0184AD2688243164BDA60704729B106
:10098000144A12690243134B1A6104E0114A1269B6
:100990008243104B1A617047124940390860704712
:1009A0000F49C86470470B49C87170470948406ACD
:1009B00040F0807007494862704701460020054AB0
:1009C00092680A400AB1012000E000207047014906
:1009D00088727047001002400000FFF8FFFFF6FE2B
:1009E000000042428004424200127A0000093D00A9
:1009F000000000201000002010B50446FE4884428C
:100A000008D10121C014FFF7ADFF0021E014FFF76A
:100A1000A9FFC4E0B4F1804F08D101210846FFF7D7
:100A2000AEFF00210120FFF7AAFFB8E0F34884429F
:100A300008D101210220FFF7A2FF00210220FFF7C9
:100A40009EFFACE0EE48844208D101210420FFF76C
:100A500096FF00210420FFF792FFA0E0E9488442BE
:100A600008D101210820FFF78AFF00210820FFF7A5
:100A700086FF94E0E448844208D101211020FFF76A
:100A80007EFF00211020FFF77AFF88E0DF488442D4
:100A900008D101212020FFF772FF00212020FFF75D
:100AA0006EFF7CE0DA48844208D101214014FFF750
:100AB00059FF00216014FFF755FF70E0D5488442CC
:100AC00009D10121C804FFF74DFF00214FF4002098
:100AD000FFF748FF63E0D048844209D101210805AF
:100AE000FFF740FF00214FF48010FFF73BFF56E077
:100AF000CA48844209D101214805FFF733FF00218C
:100B00004FF40010FFF72EFF49E0C548844208D19A
:100B100001214020FFF733FF00214020FFF72FFF86
:100B20003DE0C048844208D101218020FFF727FF23
:100B300000218020FFF723FF31E0BB48844208D129
:100B400001218015FFF71BFF0021A015FFF717FFFC
:100B500025E0B648844209D101210804FFF702FFCD
:100B600000214FF48030FFF7FDFE18E0B0488442CA
:100B700009D101214804FFF7F5FE00214FF40030B0
:100B8000FFF7F0FE0BE0AB48844208D10121880456
:100B9000FFF7E8FE00214FF48020FFF7E3FE10BDD1
:100BA00000220288944B98420ED0994B98420BD069
:100BB000B0F1804F08D0914B984205D0904B9842AD
:100BC00002D0904B984204D14FF68F731A404B8855
:100BD0001A438D4B984207D08C4B984204D04FF665
:100BE000FF431A40CB881A4302808B8883850B8889
:100BF0000385814B98420BD0854B984208D08B4B94
:100C0000984205D08A4B984202D08A4B984201D133
:100C10000B7A038601238382704770B5002400227B
:100C20000023058C4FF6FE7635400584028C8388C0
:100C3000048B4FF68F752C40B51E2C400D882C432D
:100C4000751E2A400D892A434D882A436A4DA842C1
:100C50000BD06F4DA84208D0744DA84205D0744DFA
:100C6000A84202D0734DA84213D14FF6F7752A401F
:100C70004D892A434FF6FB752A408D882A434FF64B
:100C8000FF652B404FF6FF552B408D892B43CD89B7
:100C90002B4383800483CD888586028470BD70B524
:100CA000002400220023058C4FF6EF7635400584A2
:100CB000028C8388048B48F6FF752C404FF6FF4565
:100CC0002C400D884FF6FF7606EA05252C434FF69B
:100CD000DF752A400D8906EA05152A434D8806EA84
:100CE00005152A43444DA84202D0494DA8421DD1C2
:100CF0004FF67F752A404D894FF6FF7606EA0515B7
:100D00002A434FF6BF752A408D8806EA05152A4307
:100D10004FF6FF352B404FF2FF752B408D8906EAC9
:100D200085052B43CD8906EA85052B438380048303
:100D3000CD880587028470BD70B500240022002391
:100D4000058C4FF6FF6635400584028C8388848BC2
:100D50004FF68F752C404FF6FC752C400D882C43B8
:100D60004FF6FF552A400D894FF6FF7606EA052516
:100D70002A434D8806EA05252A431F4DA84202D082
:100D8000234DA8421DD14FF2FF752A404D894FF6E1
:100D9000FF7606EA05252A434FF6FF352A408D885F
:100DA00006EA05252A434EF6FF752B404DF6FF75E2
:100DB0002B408D8906EA05152B43CD8906EA0515DA
:100DC0002B4383808483CD888587028470BD70B572
:100DD000002200230024058C4EF6FF763540058462
:100DE000038C8488828B48F6FF752A404FF6FF45B6
:100DF0002A400D8820E00000002C01400004004043
:100E000000080040000C00400010004000140040AA
:100E100000340140004C01400050014000540140AA
:100E200000180040001C004000200040004001402D
:100E300000440140004801404FF6FF7606EA0525D0
:100E40002A434DF6FF752B400D8906EA05352B43E5
:100E50004D8806EA05352B43FA4DA84202D0FA4DDB
:100E6000A84208D14BF6FF752C408D894FF6FF76CE
:100E700006EA85152C4384808283CD88A0F84050F3
:100E8000038470BD828B4FF2FF331A408283828BC2
:100E90004FF6FF7303EA01231A4382837047F0B5CC
:100EA0000C461546002200210026078C4EF6FF7CDA
:100EB00007EA0C070784828B018C4FF6FF7707EA5D
:100EC000043640F6FF473A404FF6FF7707EA05271A
:100ED0003A434FF6FF7707EA03373A43D94FB84210
:100EE0000ED0D94FB8420BD0B0F1804F08D0D74FB9
:100EF000B84205D0D64FB84202D0D64FB84206D13C
:100F00004DF6FF77394046F48057394305E047F600
:100F1000FF57394044F48057394382830184F0BD40
:100F2000828B4FF6F3731A408283828B0A4382834B
:100F30007047F0B50C461546002200210026078CAC
:100F40004FF6FF6C07EA0C070784828B018C4FF683
:100F5000FF7707EA04264FF60C773A404FF6FF7703
:100F600007EA03172F433A43B64FB8420ED0B64FA5
:100F7000B8420BD0B0F1804F08D0B44FB84205D082
:100F8000B34FB84202D0B34FB84206D14FF6FF5725
:100F9000394046F48077394305E04FF2FF57394036
:100FA00044F48077394382830184F0BD028B4FF291
:100FB000FF331A400283028B4FF6FF7303EA0123CB
:100FC0001A4302837047F0B50C46154600220021F3
:100FD0000026078C4FF6EF7C07EA0C070784028B8C
:100FE000018C4FF6FF7707EA041640F6FF473A40B8
:100FF0004FF6FF7707EA03373A434FF6FF7707EAE2
:1010000005273A438F4FB8420ED08F4FB8420BD0CE
:10101000B0F1804F08D08D4FB84205D08C4FB84208
:1010200002D08C4FB84206D14FF6DF77394046F0F8
:101030001007394305E04FF65F77394044F0100759
:10104000394302830184F0BD028B4FF6F3731A40DB
:101050000283028B0A4302837047F0B50C461546A3
:1010600000220021068C4FF6FE773E400684028B5C
:10107000018C4FF60C7632407E1C06EA03162E4396
:101080003243704EB0420ED06F4EB0420BD0B0F132
:10109000804F08D06D4EB04205D06D4EB04202D0A8
:1010A0006C4EB04206D14FF6FD76314044F0010659
:1010B000314305E04FF6F576314044F00106314307
:1010C00002830184F0BD70B505460C465D4885423B
:1010D0000ED05D4885420BD0B5F1804F08D05B48FB
:1010E000854205D05A48854202D05A48854200D1EF
:1010F00000E000BF208850B92389A2886188284673
:10110000FFF7ABFFE1882846FFF79EFF25E0208828
:1011100004280AD12389A28861882846FFF753FF53
:10112000E1882846FFF742FF17E0208808280AD107
:101130002389A28861882846FFF7FBFEE1882846BC
:10114000FFF7EEFE09E02389A28861882846FFF7B1
:10115000A6FEE1882846FFF795FE70BD2DE9F04117
:1011600005460C4600260127608808B9022600E0E3
:101170000026A088012801D1022700E0012720884D
:10118000A0B92389A28861882846FFF766FFE18815
:101190002846FFF759FF23893A4631462846FFF78C
:1011A00012FFE1882846FFF701FF13E02389A28898
:1011B00061882846FFF707FFE1882846FFF7F6FE1B
:1011C00023893A4631462846FFF747FFE1882846FB
:1011D000FFF73AFFBDE8F0810A884B881A438B88F5
:1011E0001A43CB881A430B891A434B891A438B89BC
:1011F0001A43A0F8442070474FF6FF718180002108
:101200000180C180418001727047002101804180CE
:101210008180C180018141818181C181704700212C
:1012200001804180012181800021C18001817047BE
:101230000021018041808180C180018141818181C3
:1012400070470000002C01400034014000040040C1
:1012500000080040000C004021B1028842F0010269
:10126000028004E002884FF6FE731A400280704745
:1012700031B1B0F8442042F40042A0F8442005E027
:10128000B0F84420C2F30E02A0F8442070471AB10F
:1012900083890B43838102E083898B438381704779
:1012A0008182704741EA0203A0F8483070471AB1C2
:1012B00083890B43838102E083898B438381704759
:1012C00001894FF6F8721140018170470A460021EA
:1012D00001894FF68F73194011430181704730B572
:1012E00004460D4629462046FFF7F0FF208940F0CE
:1012F0000700208130BD2DE9F04104460D46164619
:101300001F46602D06D13B46012231462046FFF79D
:101310005AFE05E03B46012231462046FFF79DFE7E
:1013200029462046FFF7D2FF208940F007002081A0
:10133000BDE8F08130B50C4600210189C9B24FF6F5
:10134000FF7505EA0325154325432943018130BD77
:101350002DE9F04105460E461746984600244346BF
:101360003A4631462846FFF7E5FF2C894FF6F870DC
:10137000044044F007044FF68F70044044F07004BA
:101380002C81BDE8F081F0B504460D4616461F4697
:101390003B46324629462046FFF7CCFF208940F4E1
:1013A00080402081F0BD0185828270470A4600217D
:1013B00001884FF68F731940114301807047F0B5D3
:1013C0000C4615461E460021002200230189028B8F
:1013D000038C4FF6F877394021434FF6FC473A40EB
:1013E00040F201173A434FF6DD773B404FF6FF7767
:1013F00007EA06172F433B43018102830384F0BDB4
:101400000A460021018B4FF68F7319401143018367
:1014100070470A460021018B48F6FF7319404FF6CA
:10142000FF7303EA02231943018370470A46002130
:10143000818B4FF68F7319401143818370470A46A1
:101440000021818B48F6FF7319404FF6FF7303EAC2
:10145000022319438183704721B1028842F0800240
:10146000028004E002884FF67F731A4002807047C2
:1014700021B1828842F00402828004E082884FF623
:10148000FB731A408280704721B1828842F00802C3
:10149000828004E082884FF6F7731A40828070479A
:1014A00021B1828842F00102828004E082884FF6F6
:1014B000FE731A40828070470A460021018B4FF666
:1014C000F77319401143018370470A460021018BCD
:1014D0004FF2FF7319404FF6FF7303EA02231943DB
:1014E000018370470A460021818B4FF6F77319403C
:1014F0001143818370470A460021818B4FF2FF73AD
:1015000019404FF6FF7303EA0223194381837047A2
:101510000A460021018B4FF6FB73194011430183EA
:1015200070470A460021018B4FF6FF3319404FF6F2
:10153000FF7303EA02231943018370470A4600211F
:10154000818B4FF6FB7319401143818370470A4624
:101550000021818B4FF6FF3319404FF6FF7303EAEA
:1015600002231943818370470A460021018B4FF6FD
:101570007F7319401143018370470A460021018B94
:10158000C1F30E014FF6FF7303EA022319430183EF
:1015900070470A460021818B4FF67F731940114333
:1015A000818370470A460021818BC1F30E014FF6FB
:1015B000FF7303EA02231943818370470A4600211F
:1015C000018C4FF6FD7319401143018470470A46A0
:1015D0000021018C4FF6F7731940114301847047C5
:1015E0000A460021018C4FF6DF7319404FF6FF7356
:1015F00003EA02131943018470470A460021018C53
:101600004FF67F7319404FF6FF7303EA0213194335
:10161000018470470A460021018C4FF6FF531940A0
:101620004FF6FF7303EA02231943018470470A4609
:101630000021018C4FF2FF7319404FF6FF7303EA4C
:1016400002231943018470470A460021018C4DF69C
:10165000FF7319404FF6FF7303EA02331943018405
:10166000704730B5002301248C40A3B2048C9C4306
:101670000484048C02FA01F5ADB22C43048430BD1D
:1016800030B5002304248C40A3B2048C9C43048412
:10169000048C02FA01F5ADB22C43048430BD70B560
:1016A0000346002000241846183001258D40ACB2B6
:1016B0001D8CA5431D8409B1082909D100EB6100E7
:1016C000056825F0700505600568154305600EE0A6
:1016D0000D1FC5F34E052844056825F4E045056057
:1016E00005684FF6FF7606EA02263543056070BDB1
:1016F00021B1028842F00202028004E002884FF623
:10170000FD731A400280704721B1028842F0040242
:10171000028004E002884FF6FB731A400280704793
:1017200021B1828842F08002828004E082884FF6F4
:101730007F731A408280704702884FF6F7731A4011
:10174000028002880A430280704782884FF68F73B6
:101750001A40828082880A438280704702894FF64D
:10176000F8731A40028102890A4302817047028994
:101770004FF67F731A40028102890A430281704743
:1017800081847047818570478186704701877047E3
:1017900081877047A0F84010704702884FF6FF43DA
:1017A0001A40028002880A43028070470146888EF0
:1017B00070470146088F70470146888F7047014681
:1017C000B1F8400070470146888C70470146088D8B
:1017D000704702460020138A0B400BB1012000E045
:1017E00000207047CA430282704730B5024600208D
:1017F00000230024158A05EA0103958905EA0104FE
:1018000013B10CB1012000E0002030BDCA430282B8
:101810007047000010B50446FB48844209D10121FD
:101820008803FFF79FF800214FF48040FFF79AF8F4
:1018300032E0F648844209D101214804FFF79FF8BD
:1018400000214FF40030FFF79AF825E0F048844279
:1018500009D101218804FFF792F800214FF480207C
:10186000FFF78DF818E0EB48844209D10121C80444
:10187000FFF785F800214FF40020FFF780F80BE018
:10188000E548844208D101210805FFF778F80021D6
:101890004FF48010FFF773F810BD2DE9F04786B0C4
:1018A00005460E460024A24600BFA1460027B08987
:1018B00000B100BF2F462C8A4CF6FF700440F08820
:1018C00004432C82AC894EF6F3100440B088318971
:1018D0000843718908430443AC81AC8A4FF6FF404A
:1018E0000440B0890443AC8201A8FEF7B4FFC648A7
:1018F000874202D1DDF810A001E0DDF80CA0A88934
:1019000000F4004040B10AEBCA0000EB0A10316855
:101910004900B0FBF1F807E00AEBCA0000EB0A103F
:1019200031688900B0FBF1F86420B8FBF0F00401E5
:101930002009642101FB1089A88900F4004040B10E
:10194000322000EBC900B0FBF1F000F007000443C7
:1019500008E0322000EB09106421B0FBF1F000F048
:101960000F0004432C8106B0BDE8F0874FF41651F8
:10197000016000218180C18001810C214181002111
:101980008181704710B502460020108A4FF2FF0394
:1019900018400B884C8823438C882343CC882343EE
:1019A0001843108210BD0021018041808180C180D8
:1019B000704721B1828942F40052828104E0828919
:1019C0004DF6FF731A4082817047F0B5034600243C
:1019D00000260025002040F66A17B94200D100BF5A
:1019E0001846C1F3421401F01F06012707FA06F555
:1019F000012C01D10C3004E0022C01D1103000E0A8
:101A000014301AB107682F43076002E00768AF433C
:101A10000760F0BD1AB1838A0B43838202E0838A98
:101A20008B4383827047028A4FF6F0731A4002821A
:101A3000028A0A430282704782894FF2FF731A407A
:101A4000828182890A438281704721B1828942F072
:101A50000202828104E082894FF6FD731A4082817E
:101A60007047028A4FF6DF731A400282028A0A43E5
:101A70000282704721B1028A42F48042028204E06D
:101A8000028A4BF6FF731A4002827047C1F30802C4
:101A90008280704701468888C0F3080070478189BA
:101AA00041F0010181817047028BD2B20283028B27
:101AB00042EA012202837047028B02F47F420283D2
:101AC000028B0A430283704721B1828A42F02002CE
:101AD000828204E0828A4FF6DF731A408282704766
:101AE00021B1828A42F01002828204E0828A4FF69B
:101AF000EF731A408282704721B1828A42F0080255
:101B0000828204E0828A4FF6F7731A40828270471D
:101B100021B1828942F40042828103E08289C2F3CA
:101B20000E028281704721B1828A42F40062828271
:101B300004E0828A4FF2FF731A4082827047828AE1
:101B40004FF6FB731A408282828A0A438282704770
:101B500021B1828A42F00202828204E0828A4FF638
:101B6000FD731A408282704702460020B1F5007F63
:101B700000D100BF13880B400BB1012000E0002012
:101B8000704701F40072B2F5007F00D100BFCA4374
:101B90000280704770B50246002400230025002013
:101BA00040F66A16B14200D100BFC1F3421501F000
:101BB0001F03012606FA03F3012D02D19689334053
:101BC00006E0022D02D1168A334001E0968A3340A6
:101BD0000C12012606FA04F41688344013B10CB135
:101BE000012000E0002070BD10B50022002340F667
:101BF0006A14A14200D100BF0A1201249440A3B28A
:101C0000DC43048010BD0000003801400044004067
:101C100000480040004C00400050004010B5044611
:101C2000FA48844208D101214015FEF79BFE0021AD
:101C30006015FEF797FE17E0F548844208D10121B0
:101C40000015FEF78FFE00212015FEF78BFE0BE03E
:101C5000F048844208D10121C803FEF783FE002129
:101C60004FF40040FEF77EFE10BD30B50246002066
:101C700000235068E84C20400D790C6844EA0524A4
:101C8000204350609068E54C2040D1E902542C4339
:101C90004D7944EA450420439060D06A20F47000F6
:101CA0000C7C641EE4B2234340EA0350D06230BD92
:101CB00000210160017141718160C16001210174E5
:101CC000704721B1826842F00102826003E08268BD
:101CD00022F001028260704721B1826842F4807272
:101CE000826003E0826822F480728260704710B5DF
:101CF0000023CBB21AB144681C43446002E044683C
:101D00009C43446010BD816841F0080181607047C8
:101D1000014600208A6802F008020AB1012000E0B2
:101D200000207047816841F00401816070470146DE
:101D300000208A6802F004020AB1012000E00020BD
:101D4000704721B1826842F4A002826003E0826899
:101D500022F4A00282607047014600208A6802F4E3
:101D600080020AB1012000E00020704710B50A4649
:101D700000210023416821F46041531E41EA4331B0
:101D8000416010BD21B1426842F40062426003E04C
:101D9000426822F4006242607047F0B504460D4686
:101DA00000200021092D11DDE068A5F10A0606EBEF
:101DB0004607072606FA07F18843A5F10A0606EB4F
:101DC000460603FA06F10843E0600CE0206905EBE3
:101DD0004507072606FA07F1884305EB450603FA8F
:101DE00006F108432061072A0FDA606B561E06EBE6
:101DF00086071F2606FA07F18843561E06EB86065D
:101E000005FA06F10843606322E00D2A0FDA206B21
:101E1000D61F06EB86071F2606FA07F18843D61F52
:101E200006EB860605FA06F10843206310E0E06A37
:101E3000A2F10D0606EB86071F2606FA07F1884376
:101E4000A2F10D0606EB860605FA06F10843E062EC
:101E5000F0BD21B1826842F48012826003E08268A2
:101E600022F48012826070470146C86C80B27047CD
:101E700066484C300068704721B1426842F4806285
:101E8000426003E0426822F480624260704721B100
:101E9000426842F48052426003E0426822F4805279
:101EA000426070470A460021816821F4E0411143F5
:101EB0008160704721B1826842F40042826003E091
:101EC000826822F400428260704721B1826842F445
:101ED0000212826003E0826822F40212826070477C
:101EE000014600208A6802F400120AB1012000E0D5
:101EF00000207047F0B50446154600200022002659
:101F0000092911DDE068A1F10A0707EB470C072753
:101F100007FA0CF29043A1F10A0707EB470703FA0F
:101F200007F21043E0600CE0206901EB410C072749
:101F300007FA0CF2904301EB410703FA07F2104352
:101F40002061A06BC0F30156EF1C06F1010CA7EB5A
:101F50000C0707EB870C1F2707FA0CF29043EF1CC6
:101F600006F1010CA7EB0C0707EB870701FA07F254
:101F70001043A063F0BD10B50A4600210023816B19
:101F800021F44011531E41EA0351816310BD08B58D
:101F9000002300930090009B0B440093009B1A6069
:101FA00008BD08B5024600200090009201F128000B
:101FB000009B184400900098006880B208BD0A4653
:101FC00000214168164B194011434160704741623E
:101FD000826270470A460021416821F01F011143C7
:101FE0004160704740B109490831096841F4000176
:101FF000064A0832116007E004490831096821F4F3
:102000000001024A083211607047000000240140BC
:1020100000280140003C0140FFFEF0FFFDF7F1FF0A
:10202000FFFD3FFF0246002013680B400BB101206B
:1020300000E000207047CA430260704770B5024656
:102040000020002300240B125568CEB205EA0604D6
:1020500015681D4015B10CB1012000E0002070BDD5
:1020600000220A12D3430360704700000CB5002021
:10207000019000906C48006840F480306A49086024
:1020800000BF6948006800F4003000900198401CCF
:102090000190009818B90198B0F5A06FF1D162488D
:1020A000006800F4003010B10120009001E0002031
:1020B00000900098012843D15C48006840F010006F
:1020C0005A4908600846006820F003000860084686
:1020D000006840F002000860534840685249486078
:1020E0000846406848600846406840F480604860A0
:1020F0000846406820F47C1048600846406840F478
:10210000E81048600846006840F08070086000BF32
:102110004548006800F000700028F9D04248406847
:1021200020F00300404948600846406840F0020043
:10213000486000BF3C48406800F00C000828F9D116
:102140000CBD10B5FFF792FF10BD10B53648006802
:1021500040F00100344908600846406834490840AE
:102160003149486008460068324908402E490860F5
:102170000846006820F4802008600846406820F483
:10218000FE0048604FF41F008860FFF7DAFF4FF051
:1021900000602949086010BD10B500210020002210
:1021A000214B5B6803F00C0121B1042906D00829FA
:1021B00028D107E0214B224C236027E01F4B204C05
:1021C000236023E0184B5B6803F47010164B5B68C8
:1021D00003F48032022303EB904022B9194B4343AE
:1021E000174C23600DE0104B5B6803F4003323B100
:1021F000144B4343124C236003E0104B4343104CF9
:10220000236003E00D4B0E4C236000BF00BF064B64
:102210005B68C3F303130C4CE15C094B1B68CB40B8
:10222000074C236010BD0000001002400020024057
:102230000000FFF8FFFFF6FE08ED00E000127A0054
:102240001400002000093D0018000020014605E0B0
:10225000002001E0421CD0B20A28FBDB0A1EA1F1DB
:102260000101F5D1704710B5044603E04FF47A70D0
:10227000FFF7ECFF201EA4F10104F7D110BD704759
:1022800008B50720009002E00098401E00900098DA
:102290000028F9D108BD10B54FF40070E649086078
:1022A00040100860FFF7ECFFE3480838006808B901
:1022B000012000E0002000F4007008B1002010BDF3
:1022C0004FF40070DC49091D0860FFF7D9FFDA48B8
:1022D0000838006800F4007008B10020EFE74FF400
:1022E0000070D549091D0860FFF7CAFF0120E6E725
:1022F00010B54FF48070D049091D0860FFF7C0FF8A
:102300004FF40070CC49091D0860FFF7B9FF4FF486
:102310008070C9490860FFF7B3FF4FF40070C649E9
:102320000860FFF7ADFF10BD10B54FF48070C249D3
:10233000091D0860FFF7A4FF4FF40070BE49091D96
:102340000860FFF79DFF4FF48070BB490860FFF7FE
:1023500097FF4FF48070B849091D0860FFF790FFA0
:1023600010BD10B54FF48070B349091D0860FFF728
:1023700087FF4FF40070B0490860FFF781FF4FF40A
:102380008070AD490860FFF77BFF4FF48070AA4969
:10239000091D0860FFF774FF10BD10B54FF4807081
:1023A000A549091D0860FFF76BFF4FF40070A249B3
:1023B0000860FFF765FF4FF480709F490860FFF7E2
:1023C0005FFF9D480838006800F4007030B14FF49A
:1023D00080709949091D0860002010BD4FF480707D
:1023E0009549091D08600120F7E770B504460825E6
:1023F0001DE04FF480709049091D0860FFF740FF11
:1024000004F0800020B14FF400708B49086004E0B4
:102410004FF400708849091D08606006040EFFF73C
:102420002FFF4FF4807084490860FFF729FF281EB2
:10243000A5F10101CDB2DCD14FF480707E49091DB8
:10244000086070BD70B508250024A8017A490860AD
:1024500016E06006040E4FF480707749091D08608D
:10246000FFF70EFF4FF4807073490860FFF708FF15
:1024700071480838006800F4007008B144F00104A5
:10248000281EA5F10101CDB2E3D14FF480706A4955
:10249000091D0860204670BD08B501210820FEF71F
:1024A00047FA4FF44070ADF8000002208DF80200AA
:1024B00014208DF8030069465F481038FDF77CFF53
:1024C00008BD2DE9F04105460E4617469846FFF730
:1024D000E2FE10B90020BDE8F081002141EA45018B
:1024E000C8B2FFF782FFFFF758FF18B9FFF700FFE8
:1024F0000020F0E73046FFF778FFFFF74EFF00249B
:102500000BE018F80400FFF770FFFFF746FF18B95B
:10251000FFF7EEFE0020DEE7641CBC42F1DBFFF7B4
:10252000E7FE0120D7E72DE9F04104460D461646A7
:102530001F463B46324629462046FFF7C2FF10B1F0
:102540000020BDE8F0814FF0FF30FAE72DE9F041BF
:1025500005460F4614461E46FFF79DFE10B90020A3
:10256000BDE8F081002141EA4501C8B2FFF73DFF17
:10257000FFF713FF18B9FFF7BBFE0020F0E738465E
:10258000FFF733FFFFF709FFFFF785FE012101EB9E
:102590004501C8B2FFF729FFFFF7FFFE0CE0FFF788
:1025A00051FF3070012C02D1FFF7DBFE01E0FFF795
:1025B000BBFE761C601EC4B2002CF0D1FFF798FE63
:1025C0000120CDE72DE9F04104460D4616461F4691
:1025D0003B46324629462046FFF7B8FF10B100209F
:1025E000BDE8F0814FF0FF30FAE770B504460D46C4
:1025F0001646FFF750FE08B9002070BD002141EAE1
:102600004401C8B2FFF7F1FEFFF7C7FE18B9FFF7A4
:102610006FFE0020F1E72846FFF7E7FEFFF7BDFE5B
:102620003046FFF7E2FEFFF7B8FEFFF761FE01203C
:10263000E3E7002070470000100C014008B50121BD
:102640001120FEF775F901210B48FDF786FF4FF4C5
:10265000C040ADF8000003208DF8020010208DF876
:10266000030069460548FDF7A7FE4FF4C041034843
:10267000FDF74FFF08BD00000002300000100140D0
:10268000FFF763FD41F61F4141F2883001F086FDFE
:1026900001F0C0FD01F0F0FB00F0C2F800F024F8FA
:1026A000FFF7CCFF01F03CFE00F0D0F800F037F966
:1026B000FFF7F2FE0A2000F00FFE00F043FA00F0F0
:1026C000B3FD00F019FE4FF0E020006940F001007A
:1026D0004FF0E021086105E000F0A4FA01F08BFB67
:1026E00001F06FFBF8E7000008B501210820FEF7B4
:1026F0001FF94FF47040ADF8000010208DF8030072
:1027000003208DF802006946FE48FDF755FE4FF4A0
:102710007041FC48FDF7FDFE08BD08B501210846E3
:10272000FEF713F901210420FEF702F90C20ADF8A1
:10273000000018208DF8030003208DF80200694680
:10274000F148FDF739FE08BD30B587B000250024FB
:1027500040F2E730ADF814000020ADF81000ADF8FD
:102760001600ADF8120004A94FF08040FEF718FAE9
:102770006020ADF800000120ADF80200ADF8065071
:102780000020ADF8080069464FF08040FEF7D4FA0B
:102790000821C806FEF7A6FE0120ADF80200ADF83C
:1027A00006400020ADF8080069464FF08040FEF773
:1027B0000EFB0821C806FEF79EFE01218807FEF7E2
:1027C0004BFE01218807FEF747FD07B030BD2DE91C
:1027D000FF4104460D4627462E466020ADF8000016
:1027E0000120ADF80200ADF806700020ADF8080039
:1027F00069464FF08040FEF79FFA0821C806FEF7B1
:1028000071FE0120ADF80200ADF806606946800750
:10281000FEF7DDFA0821C806FEF76DFEBDE8FF8170
:1028200010B5FFF77AFFFFF78FFF10BDB749088893
:10283000098821F00101B54A11807047B449088820
:10284000098821F00101B24A1180704700B589B0B2
:1028500001210220FEF779F801210420FEF768F833
:1028600001A8FDF734FEC020ADF8040004208DF867
:10287000070003208DF8060001A9A348FDF79CFD81
:102880004FF4A060FDF73CFC1D208DF808000120EE
:102890008DF8090003208DF80A0001208DF80B0047
:1028A00002A8FDF732FC99481038FEF7A5F806A8F3
:1028B000FEF7A2FC0020ADF818004FF6FF70ADF84F
:1028C0001C000020ADF81E00ADF81A0006A98F48C4
:1028D0001038FEF765F90A231A4603218B48103891
:1028E000FEF76DFD03A8FEF79AFC0620ADF8140074
:1028F00003A986481038FEF7E6FB0121834810380B
:10290000FEF770FF0122114680481038FEF7BFFC29
:1029100001217E481038FEF79FFC09B000BD00B5CC
:1029200089B001210420FEF710F801210820FDF7ED
:10293000FFFF01A8FDF7CBFDC020ADF80400042087
:102940008DF8070003208DF8060001A96D48FDF7FA
:1029500033FD4FF4A060FDF7D3FB1E208DF8080077
:1029600001208DF8090003208DF80A0001208DF860
:102970000B0002A8FDF7C9FB65481038FEF73CF8CC
:1029800006A8FEF739FC0020ADF818004FF6FF70DE
:10299000ADF81C000020ADF81E00ADF81A0006A925
:1029A0005B481038FEF7FCF80A231A460321584802
:1029B0001038FEF704FD03A8FEF731FC0620ADF841
:1029C000140003A952481038FEF77DFB012150483E
:1029D0001038FEF707FF012211464D481038FEF768
:1029E00056FC01214A481038FEF736FC09B000BDFC
:1029F00000B585B001210420FDF79AFF01210220D6
:102A0000FDF7A3FF8020ADF8100004208DF813001F
:102A100003208DF8120004A93B48FDF7CDFC4FF4CC
:102A2000A060FDF76DFB1D208DF8000001208DF8E2
:102A3000010003208DF8020001208DF80300684694
:102A4000FDF763FB31481038FDF7D6FF4FF6FF70F6
:102A5000ADF808000020ADF80400ADF80A00ADF8AC
:102A6000060001A929481038FEF79AF800231A46F3
:102A7000602126481038FEF73EFC0021234810381C
:102A8000FEF77EFE012121481038FEF7E5FB05B078
:102A900000BD00B585B001210820FDF749FF0121E7
:102AA0000420FDF752FF8020ADF8100004208DF8BF
:102AB000130003208DF8120004A91248FDF77CFCD6
:102AC0004FF4A060FDF71CFB1E208DF800000120D4
:102AD0008DF8010003208DF8020001208DF803001D
:102AE0006846FDF712FB0A481038FDF785FF4FF6E0
:102AF000FF70ADF808000020ADF80400ADF80A0042
:102B000008E00000000C01400008014010040040F3
:102B100010080040ADF8060001A90948FEF740F88A
:102B200000231A4660210648FEF7E5FB0021044811
:102B3000FEF726FE01210248FEF78EFB05B000BD20
:102B40000008004070B5002402F0B5F80446002CDF
:102B500060D17CA001F00DFB782001F00EFD18B9CA
:102B600081A001F006FB02E087A001F002FB7820C3
:102B700001F0F0FE18B98FA001F0FBFA02E096A078
:102B800001F0F7FA642001F0C6FF18B99EA001F029
:102B9000F0FA02E0A6A001F0ECFA03F07DFB18B910
:102BA000ACA001F0E6FA02E0B7A001F0E2FAC548F5
:102BB00004F04EFA054603F079FB18B9C2A001F003
:102BC000D8FA02E0CAA001F0D4FA40F2731003F080
:102BD000AEFF18B9D2A001F0CCFA02E0D9A001F002
:102BE000C8FA642003F01CFD18B9E2A001F0C1FA94
:102BF00002E0E9A001F0BDFA04F03EFA012003F082
:102C000091F818B9EFA001F0B4FA0AE0F6A001F0CB
:102C1000B0FA06E04FF40051FE48FDF77CFC00BF1F
:102C2000FEE770BD2DE9F04F89B0FB48FB49FC4B36
:102C3000FC4ACDE90010FC49FC4804F0D7F8F748FD
:102C4000008800F4807000287AD0F649086804F003
:102C500045FD04464FF09D4104F07AFBF4490860BD
:102C6000F049486804F03AFD04464FF09D4104F0F5
:102C70006FFBF0490860EB49886804F02FFD0446BB
:102C80004FF09D4104F064FBEB490860E549C868DA
:102C900004F024FD04464FF09D4104F059FBE74940
:102CA0000860E34801684FF0804004F01FFB069085
:102CB000E1480168069804F019FB8246DD48016886
:102CC0004FF0404004F012FB0690DC480168069883
:102CD00004F00CFB8346514604F0B0FA079004F070
:102CE00049FD064605F088FC80464FF06632D44B1D
:102CF00004F013FC044604F069FDD2490860CE4894
:102D000001684FF0804004F0F1FA0390CA4801686E
:102D1000039804F0EBFA8246C64801684FF0404041
:102D200004F0E4FA0390C3480168039804F0DEFA63
:102D30008346514604F0D4FA81464FF07E5183E138
:102D40000CE200006D707520696E697469616C69D0
:102D50007A6174696F6E20636F6D706C6574652E37
:102D60002E2E2E2E2E0A20006D70755F7365745FF7
:102D700073656E736F7220636F6D706C6574652020
:102D80002E2E2E2E2E2E0A006D70755F7365745FC9
:102D900073656E736F7220636F6D65206163726F10
:102DA0007373206572726F72202E2E2E2E2E2E0AB5
:102DB000000000006D70755F636F6E666967757205
:102DC000655F6669666F20636F6D706C6574652002
:102DD0002E2E2E2E2E2E0A006D70755F636F6E667E
:102DE00069677572655F6669666F20636F6D6520E0
:102DF0006163726F7373206572726F72202E2E2E54
:102E00002E2E2E0A000000006D70755F7365745FD2
:102E100073616D706C655F7261746520636F6D7056
:102E20006C657465202E2E2E2E2E2E0A00000000BA
:102E30006D70755F7365745F73616D706C655F72E3
:102E4000617465206572726F72202E2E2E2E2E2ECA
:102E50000A000000646D705F6C6F61645F6D6F7479
:102E6000696F6E5F6472697665725F6669726D77AD
:102E700061726520636F6D706C657465202E2E2EF7
:102E80002E2E2E0A00000000646D705F6C6F61646E
:102E90005F6D6F74696F6E5F6472697665725F668D
:102EA00069726D7761726520636F6D652061637211
:102EB0006F7373206572726F72202E2E2E2E2E2E3F
:102EC0000A00000028000020646D705F7365745F65
:102ED0006F7269656E746174696F6E20636F6D7077
:102EE0006C657465202E2E2E2E2E2E0A00000000FA
:102EF000646D705F7365745F6F7269656E74617421
:102F0000696F6E20636F6D65206163726F737320EC
:102F10006572726F72202E2E2E2E2E2E0A00000049
:102F2000646D705F656E61626C655F666561747526
:102F3000726520636F6D706C657465202E2E2E2E69
:102F40002E2E0A00646D705F656E61626C655F664F
:102F500065617475726520636F6D65206163726F62
:102F60007373206572726F72202E2E2E2E2E2E0AF3
:102F700000000000646D705F7365745F6669666F62
:102F80005F7261746520636F6D706C657465202E6F
:102F90002E2E2E2E2E0A0000646D705F7365745FF6
:102FA0006669666F5F7261746520636F6D6520612D
:102FB00063726F7373206572726F72202E2E2E2EC5
:102FC0002E2E0A006D70755F7365745F646D705F9F
:102FD000737461746520636F6D706C657465202E09
:102FE0002E2E2E2E2E0A00006D70755F7365745F95
:102FF000646D705F737461746520636F6D652061CB
:1030000063726F7373206572726F72202E2E2E2E74
:103010002E2E0A00001001406200002060000020F7
:1030200050000020B80100205A0000205400002069
:1030300034000020380000203C0000204000002028
:1030400066A64C404400002004F0F8F8044604F062
:1030500091FBCDE90401434801684FF0804004F042
:1030600045F9834640480168584604F03FF98146D7
:103070003E4801684FF0804004F038F983463C48F0
:103080000168584604F032F98246494604F0D6F801
:10309000044604F06FFB0746DDE9042305F0F4FC69
:1030A0004FF06632334BCDE9060104F036FA05469F
:1030B00004F08CFB304908602D480168006804F07A
:1030C00015F9039029480168006804F00FF902908F
:1030D00025480168006804F009F983462148016821
:1030E000006804F003F95946019004F0A7F88246FD
:1030F000029904F0F5F88146039904F0F1F80446CA
:1031000004F038FBCDE9040119480168154800684E
:1031100004F0ECF88246154801681348006804F092
:10312000E5F88346514604F089F881464FF0804126
:1031300004F0DCF8044604F01DFB0746DDE9042337
:1031400005F0A2FC4FF066320A4BCDE9060104F00F
:10315000E4F9054604F03AFB0849086009B0BDE807
:10316000F08F000034000020380000203C000020D8
:103170004000002066A64C40480000204C00002083
:10318000704700BFFEE700BFFEE700BFFEE700BFDD
:10319000FEE770477047704710B51D480078401C27
:1031A0001B4908701B480078401C1A4908701A48CF
:1031B0000078401C1849087000F0F4FA17480078AD
:1031C000401C1649087016480078401C14490870C5
:1031D00014480078401C134908700E4800780228F3
:1031E00006DB01F088F800F0D8FB002009490870E0
:1031F00009480078082806DB00F001FB002006499A
:1032000008700649087000F0FFF800F01BFA10BDC6
:103210007000002075000020710000207200002066
:10322000730000207400002030B527480068C822D1
:10323000B0FBF2F1B1F1807F01D301201DE021F05C
:103240007F40401E4FF0E022506150170F220028AF
:1032500007DA13071D0E1D4B00F00F04241F1D5528
:1032600003E013071C0E1A4B1C5400BF00204FF044
:10327000E022906107201061002008B100BFFEE746
:103280004FF0E020006920F001004FF0E0210861DC
:1032900030BD01B50F49009808604FF0E02000698B
:1032A00040F001004FF0E021086100BF09480068CC
:1032B0000028FBD108BD0748006820B10548006818
:1032C000401E0449086070471400002018ED00E01B
:1032D00000E400E064000020002107E042F6E06125
:1032E00000BF0A1EA1F1010399B2FAD1021EA0F19A
:1032F000010398B2F2D170470020F8490880F849DC
:103300000880F8490860F8490860F8490860F849F9
:103310000860F8490860F8490860F8490860F84909
:103320000860F8490860F8490860F8490860F849F9
:103330000860F8490860F8490860F8490860F849E9
:103340000860F8490860F8490870F8490870F849B9
:103350000870F849086070472DE9F041F6480068A8
:1033600004F008FA0446F548D0E9006332462046E6
:1033700004F014FA07D0F148D0E90021104604F017
:1033800025FAED490860EE48006804F0F3F90446B8
:10339000EA48D0E902633246204604F0FFF907D03C
:1033A000E649D1E90221104604F010FAE449086028
:1033B000E448006804F0DEF90446E048D0E904631C
:1033C0003246204604F0EAF907D0DC48D0E904216F
:1033D000104604F0FBF9DB490860DB48006804F0A4
:1033E000C9F90446D548D0E906633246204604F0C0
:1033F000D5F907D0D148D0E90621104604F0E6F906
:10340000D1490860BDE8F0812DE9F041CF4800685E
:10341000012810D10020C8490860CD48006804F098
:103420006BF906460022CB4B04F077F8044604F013
:10343000CDF9C1490860C5480068022812D10020B2
:10344000BF490860C4490968A1F1400004F054F97B
:1034500006460022C14B04F060F8044604F0B6F9B9
:10346000B7490860BE49B1F9040004F037F9BD4915
:103470000860BD49B1F9040004F030F9BB490860A7
:103480000021BB48006804F0BDF90BD0B949B84829
:10349000006804F0B7F905D3B749B548006804F0EF
:1034A000BBF905D24FF40051B448FDF734F804E0FD
:1034B0004FF40051B148FDF72CF80021B0480068E6
:1034C00003F00EFF8C490860A749B1F9000004F031
:1034D00005F906469A480168304603F007FF04469E
:1034E000864801688448006803F0FAFE0646924860
:1034F0000168304603F0FAFE0546214603F09EFEC1
:1035000081490860BDE8F0812DE9F04104460D468F
:10351000002C0CDA4FF480419A48FCF7FAFF4FF484
:1035200000419848FCF7F7FF604204B20AE04FF40C
:1035300000419448FCF7EDFF4FF480419148FCF7BF
:10354000EAFF00BF002D0CDA4FF400518D48FCF764
:10355000E0FF4FF480518B48FCF7DDFF684205B275
:103560000AE04FF480518748FCF7D3FF4FF4005135
:103570008448FCF7D0FF00BFAFB2A6B231464FF08F
:103580008040FEF705F939464FF08040FEF702F91A
:103590007D497748006804F03FF923D37B4974489C
:1035A000006804F02FF902D24FF0010801E04FF05B
:1035B000000800215A48006804F024F901D10120D4
:1035C00000E0002008EA000800215648006804F0E6
:1035D00019F901D1012000E0002008EA0008B8F143
:1035E000000F0DD000214FF08040FEF7D1F80021F0
:1035F0004FF08040FEF7CEF801206549086002E0F8
:1036000000206349086063493B48006804F004F9FE
:1036100005D361493848006804F0F4F80DD2002160
:103620004FF08040FEF7B4F800214FF08040FEF7E5
:10363000B1F801205649086002E0002054490860B2
:10364000BDE8F08170B52E4801682F48006803F08E
:10365000F5FD2F4908602A4801682B48006803F0EF
:103660003FFE2A4908602A48006804F056F800B274
:10367000B0F57A7F02DD4948254908602448006892
:1036800004F04BF800B210F57A7F02DA4448204982
:1036900008601E48006804F040F800B2B0F57A7F78
:1036A00002DD3E48194908601848006804F035F802
:1036B00000B210F57A7F02DA3948144908601348DD
:1036C000006804F02AF804B21148006804F025F8F4
:1036D00005B221462846FFF717FF70BDBE00002047
:1036E000BC000020CC000020C8000020D400002036
:1036F000D0000020D8000020980000208800002082
:10370000F40000207C0000208C00002094000020A9
:1037100090000020F0000020340100203001002043
:10372000FC000020F8000020700000207100002044
:1037300072000020E8000020A8000020588C00083B
:10374000AC000020B0000020B400002018010020D0
:10375000080100200080FB3F0C0100200000C43F56
:103760005A00002028010020540000202C010020D5
:10377000440000200000A0C10000A0410010014052
:1037800048000020000C014000002041000020C142
:10379000E400002000004842000048C200007A44D3
:1037A00000007AC470B5F948FEF70DF80446F848F1
:1037B000FEF709F80546F7480460F7480560002160
:1037C000F248FDF7DDFF0021F148FDF7D9FF20B2F7
:1037D000F2490880684200B2F1490880F148006867
:1037E000EE49B1F900100844EE490860EE4800685F
:1037F000EB49B1F900100844EB49086070BD2DE9B0
:10380000F05FE8490968E84A1268881803F066FF23
:10381000E64908600020E4490860E2490860E4489D
:10382000006803F0A7FF06464FF06632E14B03F055
:1038300074FE044603F0CAFFDD490860DB480068F7
:1038400003F098FF80464FF03332DB4B03F065FE08
:1038500004460D46D648006803F08CFF0646224613
:103860002B4603F0B3FD824603F0B0FFD049086059
:1038700008460168D148006803F0E0FCCF490860C1
:10388000CF480168CD48006803F0D8FCCB490860F8
:10389000CC480168C948006803F0D0FCC7490860FB
:1038A000C9480068012801D100200860C3480068A9
:1038B00003F033FFB0F5FA5F02DDC448BF4908608A
:1038C000BE48006803F029FF10F5FA5F02DAC0482D
:1038D000BA490860BF480068032812D10020BE49D9
:1038E0000860BE490968A1F1800003F005FF0646A3
:1038F0000022BB4B03F011FE044603F067FFB649FC
:103900000860B4480068042812D10020B549086056
:10391000B5490968A1F1C00003F0EEFE0646002299
:10392000B24B03F0FAFD044603F050FFAD490860C6
:103930000021A248006803F0D3FC0646A9480168AC
:10394000304603F0D3FC044600219948006803F098
:10395000C7FC0646A0480168304603F0C7FC054690
:10396000214603F06BFCA249086008460068A149A3
:103970000860A1499F48006803F04EFF02D29E48AC
:103980009C4908609D499B48006803F03BFF02D2B8
:103990009A4898490860BDE8F09F2DE9F0419848A1
:1039A000006800283ED19748FDF70DFF00EB80002E
:1039B00000EB00104400204603F09EFE0546002266
:1039C000914B03F01CFE074603F000FF8F4908608F
:1039D0000846006803F0CEFE044600228C4B03F03C
:1039E000DDFE03D88B48774908601BE08A49874889
:1039F000006803F011FF01D8012400E000244FF01B
:103A000082418248006803F0FDFE01D8012000E0F9
:103A1000002004401CB181486A49086002E000208F
:103A200068490860BDE8F0812DE9FC5F7C480068CA
:103A3000012878D17B48D0F800B07B48006801901D
:103A40007A48B0F902907A48B0F900A06F4804684B
:103A5000484603F043FE06464FF08D4103F078FCE4
:103A60000546744903F042FC73490860504603F070
:103A700035FE0646714903F033FC0546704903F0F4
:103A800067FC70490860584603F074FE07466E4AAA
:103A90006E4B03F0B4FD054603F098FE8346019893
:103AA00003F068FE0546684A684B03F0A8FD074628
:103AB00003F08CFE01905021654803F09BFB6448A5
:103AC00064A1096801600A21634803F093FB63481D
:103AD00000210160416001810A21614803F08AFBF5
:103AE000604800210160416001810A215E4803F0C5
:103AF00081FB5E4800210160416001815C495846BC
:103B000003F080FE10D85B49584603F085FE0BD8C1
:103B1000584603F02FFE05462A460B4656A14E484E
:103B200004F066F802E04AE1BDE8FC9F50490198C4
:103B300003F068FE0FD84F49019803F06DFE0AD8D4
:103B4000019803F017FE05462A460B464AA1434852
:103B500004F04EF800E0E7E749493748006803F011
:103B60005BFE11D247493448006803F04BFE0BD28C
:103B70003148006803F0FEFD05462A460B463EA18B
:103B8000374804F035F880E07EE000000004004093
:103B900000080040DC000020E0000020BC00002005
:103BA000BE000020C8000020CC000020D000002073
:103BB000D40000206666E63F3333D33FD8000020B0
:103BC000F0000020E8000020E40000200000FA459A
:103BD0000000FAC518010020B000002010010020EC
:103BE0000000DE3FB4000020140100200000C43FAC
:103BF000840000208800002000002041000020C137
:103C000000010020002C014000006940EC00002071
:103C100000001040000096C30000A0400000FA43DE
:103C20001C01002090000020940000205A00002079
:103C300054000020CDCC1C41280100209A190043DB
:103C4000000003432C01002048E17A14AE470F40E6
:103C5000C8010020244C5600E0020020EA020020A7
:103C6000F4020020FE0200200803002012030020BE
:103C700000007A4400007AC425332E32660000002A
:103C80000000A0C10000A0414EE75F495F48006806
:103C900003F0C2FD12D25E495C48006803F0B2FD39
:103CA0000CD25A48006803F065FD05462A460B46CB
:103CB000AFF23C01574803F09BFF00E034E70021DE
:103CC000204603F0A9FD10D85349204603F09AFD81
:103CD0000BD2204603F04EFD05462A460B46AFF2B6
:103CE00068014E4803F084FF00E01DE7002000F06B
:103CF00059FB0090009803F0FAFC0746484903F08E
:103D0000F5FA06464FF08B4103F022FB0546454984
:103D100003F0E6FA4449086000214348006803F0D4
:103D20007BFD12D841494048006803F06BFD0CD27E
:103D30003D48006803F01EFD05462A460B46AFF2DB
:103D4000C8013B4803F054FF00E0EDE639493A482A
:103D500003F05BFA39A1384803F057FA384936487E
:103D600003F053FA37A1344803F04FFA364932488A
:103D700003F04BFA35A1304803F047FA25492E48A5
:103D800003F043FA32A12C4803F03FFA23492A48B2
:103D900003F03BFA30A1284803F037FA24492648BB
:103DA00003F033FA2DA1244803F02FFA50212C48B8
:103DB00003F020FA50222049294803F002FA00BFFC
:103DC000B2E610B527480068401E2649086026481C
:103DD0000068012807D10846006820B9FFF724FED3
:103DE0001F4800F0BAF91F48006818B941F288303E
:103DF0001C49086010BD00201C4908601C4908606F
:103E000001201C490860704700803BC52C01002040
:103E100000803B45FE02002000401C4608030020B5
:103E2000CDCC5441CDCC4C3E780000200000A041C8
:103E300012030020E0020020C80100202C5256008E
:103E4000EA0200202C414300F40200202C475900D4
:103E50002C435342000000002C5654002300000065
:103E600018020020200100201C010020F00000208A
:103E7000F40000200001002000B585B0012144F2CB
:103E80000400FCF755FD4FF40070ADF81000182049
:103E90008DF8130003208DF8120004A9BB48FCF72D
:103EA0008BFA4FF48060ADF8100004208DF81300F9
:103EB00004A9B648FCF780FA4FF4E13000900020E6
:103EC000ADF80400ADF80600ADF80800ADF80C0040
:103ED0000C20ADF80A006946AD48FDF7DEFC012173
:103EE000AB48FDF766FD05B000BD08B54FF4806036
:103EF000FCF706F927208DF8000004208DF801005A
:103F000001208DF802008DF803006846FCF7FDF8EB
:103F100008BD00B585B001218804FCF716FD01211C
:103F20000820FCF705FD4FF48060ADF81000182064
:103F30008DF8130003208DF8120004A99548FCF7B2
:103F40003BFA4FF40060ADF8100004208DF8130028
:103F500004A99048FCF730FAFFF7C7FF4FF416505A
:103F600000900020ADF80400ADF80600ADF80800A0
:103F7000ADF80C000C20ADF80A0069468648FDF744
:103F80008CFC012240F225518348FDF71EFD0121E2
:103F90008148FDF70EFD05B000BD70B504460D4625
:103FA000E1B27B48FDF772FD00BF40217848FDF784
:103FB000DBFD0128F9D1204670BDF0B503460D4662
:103FC0001646002729460A2E03D0002008702846EE
:103FD000F0BD33B9302001F8010B002008702846ED
:103FE000F6E7002B03DA2D2001F8010B5B4242F2C9
:103FF00010720DE093FBF2F404B937B104F1300014
:1040000001F8010B04FB123301270A2092FBF0F2A6
:10401000002AEFDC002008702846D9E70FB470B5FD
:1040200086B006460CA8019073E00B9800785C28D7
:104030001CD10B98401C0B9000786E2809D0722878
:104040000FD10D213046FDF721FD0B98401C0B9040
:104050000BE00A213046FDF719FD0B98401C0B9030
:1040600003E00B98401C0B9000BF4BE00B980078CE
:10407000252840D10B98401C0B900078642818D05C
:10408000732833D1019810C801900BE02178304695
:10409000FDF7FCFC00BF40213046FDF765FD002820
:1040A000F9D0641C20780028F0D10B98401C0B90AC
:1040B00020E0019820C801900A2202A92846FFF7B3
:1040C0007CFF02AC0BE021783046FDF7DFFC00BF3F
:1040D00040213046FDF748FD0028F9D0641C2078C7
:1040E0000028F0D10B98401C0B9003E00B98401C6B
:1040F0000B9000BF06E00B9810F8011B0B903046A8
:10410000FDF7C4FC00BF40213046FDF72DFD00281F
:10411000F9D00B980078002887D106B070BC5DF804
:1041200014FB10B5044621461948FDF7AFFC00BF4B
:1041300040211748FDF718FD0128F9D110BD10B531
:10414000044621461448FDF7A1FC00BF4021124857
:10415000FDF70AFD0128F9D110BD70B505462C46C2
:1041600003E02078FFF7EBFF641C20780028F8D1EB
:1041700070BD70B505462C4603E02078FFF7D1FFEF
:10418000641C20780028F8D170BD000000080140B0
:1041900000380140000C0140004800407FB5044653
:1041A0000D460121C802FCF7C3FB41F28830ADF88F
:1041B000080041F61F40ADF804000120ADF80A00E8
:1041C0000020ADF8060001A91148FCF7E9FC012226
:1041D00041210F48FDF75BF819208DF800000320FE
:1041E0008DF8010000208DF8020001208DF80300F9
:1041F0006846FBF78AFF7FBD10B501210448FDF733
:10420000F4FA18B101210248FDF700FB10BD0000CF
:10421000002C01401FB501213D48FCF79EF901210A
:104220000920FCF785FB0120ADF80C0010208DF86B
:104230000F0003208DF80E0003A93648FCF7BCF8E8
:104240000220ADF80C0028208DF80F0003A931489A
:10425000FCF7B2F801210846FCF7C4F902200190EE
:1042600000208DF8080008208DF8090001208DF845
:104270000A0001A8FBF7C0FF07208DF8000003200B
:104280008DF8010001208DF802008DF803006846CA
:10429000FBF73BFF1FBD10B50220FCF713F848B336
:1042A00000211D48FDF76CFA01211B48FCF7D4FFE3
:1042B00001201A49086012E01748FDF784FA0A281D
:1042C00007DB00211448FCF7C7FF002013490860F2
:1042D00005E002210F48FCF702F9104908600F4879
:1042E00000680028E8D100210B48FCF7B5FF022048
:1042F000FBF7F9FF10BD10B501210648FCF709F9DD
:104300000C20FDF7A3FF01210248FCF704F910BDC2
:1043100000023000000C0140002C0140840100200C
:1043200000B587B001214FF40170FCF701FB4FF499
:104330000040FCF761FA0120ADF8040000208DF880
:10434000070001A92348FCF737F82348FDF766FC6E
:10435000002002908DF80C008DF80D004FF46020C5
:1043600004900020059001208DF8180002A91A4839
:10437000FDF77BFC01211848FDF7A3FC1648FDF76B
:10438000C2FC00BF1448FDF7C3FC0028FAD1124854
:10439000FDF7C8FC00BF1048FDF7C9FC0028FAD1A2
:1043A00007B000BD10B504460723012221460A4884
:1043B000FDF7F3FC01210848FDF7C3FC00BF022113
:1043C0000548FDF72FFE0028F9D00348FDF74CFD06
:1043D00010BD00000008014000240140064880474D
:1043E00006480047FEE7FEE7FEE7FEE7FEE7FEE7DA
:1043F000FEE7FEE7FEE7FEE74B210008ED000008C0
:1044000038B50446FB4890F82400C0B114B102202E
:10441000009001E000200090F64A1268D17BF54A36
:10442000526810786B460122FEF77DF810B14FF00C
:10443000FF3038BD9DF80010EE48417423E0ED4890
:10444000807A10B94FF0FF30F3E724B1E948407C9F
:1044500008B10020EDE714B10120009001E0002038
:104460000090E44A1268D17BE24A526810786B46A9
:104470000122FEF758F810B14FF0FF30D9E79DF850
:104480000010DC4841740020D3E738B5002419E05F
:10449000D8480068C07AA04204D0D6480068407D61
:1044A000A04200D10CE0D349496808786B4601224C
:1044B0002146FEF787F810B14FF0FF3038BD00BF3E
:1044C000601CC4B2CB4840680079A042E0DC002008
:1044D000F4E770B504460D46C6480068C07AA042AD
:1044E00004D0C4480068407DA04202D14FF0FF30A4
:1044F00070BDC04840680079A04202DC4FF0FF3038
:10450000F6E7BC49496808782B4601222146FEF7A8
:1045100059F8EDE738B50446B64890F82300A042B4
:1045200001D1002038BD14B13020009001E00020FE
:104530000090B048807C20B19DF8000040F002005F
:104540000090AC4890F8220020B19DF8000040F0A7
:1045500080000090A74A1268117DA64A5268107820
:104560006B460122FDF7DFFF10B14FF0FF30D9E7B6
:10457000A04880F823400020D4E738B5044604F072
:10458000700010B10120009005E014B100200090EF
:1045900001E040200090974A1268917C954A526849
:1045A00010786B460122FDF7BEFF20B10021914833
:1045B0008172481E38BD9DF8000020F040018D48F2
:1045C00001730020009004F0400020B99DF8000025
:1045D00040F00400009004F0200020B99DF8000095
:1045E00040F00200009004F0100020B99DF8000097
:1045F00040F00100009004F0080020B99DF8000090
:1046000040F0380000907B4A1268D17C794A5268A9
:1046100010786B460122FDF786FF20B10021754816
:104620008172481EC6E724B1082C02D00020FFF793
:1046300071FF70488472002101753220FDF713FE6E
:104640000020B7E738B504466A48807CA04201D113
:10465000002038BD002C46D0664A12681179654AA0
:10466000526810786B460122FDF7ACFF10B14FF095
:10467000FF30EEE79DF8000020F0200000905D4A3A
:10468000126811795B4A526810786B460122FDF777
:104690004AFF10B14FF0FF30DBE70320FDF7E3FDE9
:1046A00002200090534890F8220020B19DF80000AD
:1046B00040F0800000904F4890F8230020B19DF812
:1046C000000040F0300000904A4A1268117D494ACB
:1046D000526810786B460122FDF725FF002851D063
:1046E0004FF0FF30B5E7434A12681179414A5268EA
:1046F00010786B460122FDF765FF10B14FF0FF30D7
:10470000A7E73C48807A00F0010028B19DF800003E
:1047100040F02000009004E09DF8000020F0200010
:104720000090344A12681179324A526810786B4608
:104730000122FDF7F8FE10B14FF0FF3089E70320AA
:10474000FDF791FD2B4890F8220010B180200090D9
:1047500001E000200090274890F8230020B19DF848
:10476000000040F030000090224A1268117D214A7A
:10477000526810786B460122FDF7D5FE10B14FF05C
:10478000FF3066E71B488474002062E708B51948CB
:10479000807A10B94FF0FF3008BD00200090154A14
:1047A0001268D17B134A526810786B460122FDF7DC
:1047B000BAFE10B14FF0FF30EEE70E4A12685179A1
:1047C0000C4A526810786B460122FDF7ACFE10B11E
:1047D0004FF0FF30E0E7074A12681179054A526846
:1047E00010786B460122FDF79EFE28B14FF0FF3096
:1047F000D2E7000088010020F74890F82400002844
:1048000053D00C200090F44A12681179F24A526891
:1048100010786B460122FDF786FE10B14FF0FF3095
:10482000BAE73220FDF71FFDC0200090EA48807AE9
:1048300000F0010020B19DF8000040F02000009041
:10484000E54A12681179E44A526810786B460122F1
:10485000FDF769FE10B14FF0FF309DE7DE48407C68
:1048600010B10220009001E000200090DA4A1268A6
:10487000D17BD94A526810786B460122FDF753FE6E
:1048800010B14FF0FF3087E700200090D24A126845
:104890005179D14A526810786B460122FDF743FEE8
:1048A000002855D04FF0FF3076E704200090CA4A28
:1048B00012681179C84A526810786B460122FDF7D8
:1048C00032FE10B14FF0FF3066E7C348807C20B95C
:1048D000C148807A00F0010010B94020009001E04A
:1048E00060200090BC4A12681179BB4A5268107867
:1048F0006B460122FDF717FE10B14FF0FF304BE77A
:104900003220FDF7B0FCB448407C10B1012000908B
:1049100001E000200090B04A1268D17BAE4A526894
:1049200010786B460122FDF7FEFD10B14FF0FF300D
:1049300032E7A94A12685179A74A52681078A64B03
:1049400010330122FDF7EFFD10B14FF0FF3023E7E8
:10495000002021E770B50446002624F001049E489B
:1049600090F8240008B1002070BD9B48807A10B9EF
:104970004FF0FF30F8E79848057C807A2040964950
:1049800008740846007CA04202D04FF0FF3600E0D9
:10499000002614B99048007D18B10120FFF730FDC2
:1049A00002E00020FFF72CFD3CB1FFF7EFFE20B145
:1049B000894805744FF0FF30D6E73046D4E738B564
:1049C00004468548807A10B94FF0FF3038BDBC2CC2
:1049D00002DB0120009015E0622C02DB0220009037
:1049E00010E02A2C02DB032000900BE0142C02DBE9
:1049F0000420009006E00A2C02DB0520009001E074
:104A0000062000907448C07A9DF80010884201D1B9
:104A10000020DBE7704A126891786F4A526810787C
:104A20006B460122FDF77FFD10B14FF0FF30CDE75F
:104A30009DF800106848C1720020C7E738B50446E9
:104A4000282C02DD4FF0FF3038BDDCB90020FFF725
:104A500061FD00208DF8000007208DF801005E4AFE
:104A60001268917C5C4A526810786B460222FDF70E
:104A70005AFD10B14FF0FF30E6E7002156480175AE
:104A80000020E1E70120FFF745FD20208DF8000020
:104A9000012C06D100208DF801000520FFF78FFFC3
:104AA00017E0052C06DC01208DF801000520FFF73A
:104AB00086FF0EE0142C06DC02208DF801000A208F
:104AC000FFF77DFF05E003208DF801001420FFF7BC
:104AD00076FF9DF80100072101EB8010C0B28DF830
:104AE00001003D4A1268917C3B4A526810786B463F
:104AF0000222FDF718FD10B14FF0FF30A4E70821A6
:104B00003548817200210173012101750020FFF7F2
:104B100021FF002098E738B504462F48807A10B965
:104B20004FF0FF3038BD2C4890F8240010B14FF002
:104B3000FF30F7E72848007D50B134B1282C04DC61
:104B4000E0B2FFF77BFF0020ECE70020FFF776FFE5
:104B5000042C01DA042404E0B4F57A7F01DD4FF47B
:104B60007A744FF47A7090FBF4F0401EC0B200905B
:104B7000194A12685178184A526810786B46012217
:104B8000FDF7D1FC10B14FF0FF30CBE79DF80000EE
:104B9000401C4FF47A7191FBF0F081B20E48C18154
:104BA0000146C9894810FFF70AFF0020BAE738B567
:104BB00004460948807A10B94FF0FF3038BD022C06
:104BC00006D0042C0AD0082C0BD0102C0FD10BE0EF
:104BD000002000900EE000008801002008200090D6
:104BE00008E01020009005E01820009002E04FF04F
:104BF000FF30E3E700BFF848407A9DF80010B0EBC3
:104C0000E10F01D10020D9E7F34A1268D179F24AC5
:104C1000526810786B460122FDF785FC10B14FF009
:104C2000FF30CBE79DF80000C110EB484172002037
:104C3000C4E738B50446E848807A10B94FF0FF3031
:104C400038BDFA2C09D0B4F5FA7F09D0B4F57A7FD3
:104C500009D0B4F5FA6F0CD108E0002000900BE009
:104C60000820009008E01020009005E01820009037
:104C700002E04FF0FF30E3E700BFD748007A9DF82D
:104C80000010B0EBE10F01D10020D9E7D24A126841
:104C90009179D14A526810786B460122FDF743FCA6
:104CA00010B14FF0FF30CBE79DF80000C010CA49AB
:104CB00008720020C4E71CB580208DF80000C64AA9
:104CC0001268917CC44A526810786B460122FDF745
:104CD0002AFC10B14FF0FF301CBD6420FDF7C3FA71
:104CE00000208DF80000BC4A1268917CBA4A5268D4
:104CF00010786B460122FDF716FC10B14FF0FF3023
:104D0000EAE7B54A1268917DB34A526810786B465B
:104D10000622FDF757FC10B14FF0FF30DCE79DF89D
:104D20000500C007400F9DF8031001F0010140EAA3
:104D300041009DF8011001F0010140EA01048CB12D
:104D4000012C03D10121A448C17430E0022C03D10D
:104D50000021A148C1742AE0A0A0FFF70AFA4FF091
:104D6000FF30B9E79C4A1268D1789B4A52681078A4
:104D70006B460122FDF726FC10B14FF0FF30ABE788
:104D80009DF8000000F00F042CB99E48FFF7F1F9E0
:104D90004FF0FF30A0E7042C06D19BA0FFF7E9F904
:104DA00001218D48C17402E000218B48C174FF21AC
:104DB00089488172FF2088490872FF218648417224
:104DC000C1724FF6FF71C181FF210174817401210D
:104DD000017380F82210002180F8231041750175BD
:104DE0001630016041608160163880F8241080F828
:104DF0002510C1844FF4FA60FFF71BFF10B14FF08C
:104E0000FF3069E70220FFF7D2FE10B14FF0FF300C
:104E100062E72A20FFF7D3FD10B14FF0FF305BE7C8
:104E20003220FFF778FE10B14FF0FF3054E700203A
:104E3000FFF790FD10B14FF0FF304DE70020FFF776
:104E400001FC10B14FF0FF3046E70020FFF795FB63
:104E5000002041E77CB504460D465F48807A00F0AB
:104E6000700010B94FF0FF307CBD5B4A1268117BB7
:104E7000594A526810786B460622FDF7A3FB10B121
:104E80004FF0FF30F0E79DF801009DF8001040EA78
:104E9000012000B220809DF803009DF8021040EA36
:104EA000012000B260809DF805009DF8041040EAE2
:104EB000012000B2A08015B12846FDF7E0F90020DE
:104EC000D2E77CB504460D464348807A00F00800DE
:104ED00010B94FF0FF307CBD3F4A1268517B3E4A0B
:104EE000526810786B460622FDF76CFB10B14FF04C
:104EF000FF30F0E79DF801009DF8001040EA012026
:104F000000B220809DF803009DF8021040EA0120C5
:104F100000B260809DF805009DF8041040EA012071
:104F200000B2A08015B12846FDF7A9F90020D2E70C
:104F30002DE9FE4F05460C462748807A18B94FF0F8
:104F4000FF30BDE8FE8F244A1268917B224A5268E6
:104F5000107802AB0222FDF735FB10B14FF0FF30A5
:104F6000EFE79DF809009DF8081040EA012006B21D
:104F700014B12046FDF783F917494968C88802F043
:104F8000B6FB154901904968B1F9080002F0A6FB8B
:104F90008346304602F0A2FB5946009002F0A0F989
:104FA0008246019902F0D4F981461F4902F046F980
:104FB00080464FF08F4102F099F9074602F0ADFBB1
:104FC00028600020BDE710B588B004461CB94FF03A
:104FD000FF3008B010BD29E088010020556E7375C0
:104FE00070706F7274656420736F66747761726538
:104FF0002070726F64756374207265762025642E4C
:105000000A000000B099000848616C662073656E64
:105010007369746976697479207061727420666F3F
:10502000756E642E0A00000000000C42206830B942
:10503000606820B9A06810B9002008B010BDFA4916
:105040004968087806AB03221146FDF7BBFA10B198
:105050004FF0FF30F1E79DF81800082101EB201018
:1050600000F00F00ADF800009DF8190001EB2010D2
:1050700000F00F00ADF802009DF81A0001EB2010BF
:1050800000F00F00ADF8040020684100BDF90000F9
:10509000403091FBF0F000B2ADF8100060684100C4
:1050A000BDF90200403091FBF0F000B2ADF8120003
:1050B000A0684100BDF90400403091FBF0F000B25F
:1050C000ADF81400D8494968087806AB06221146A5
:1050D000FDF778FA10B14FF0FF30AEE79DF81900F8
:1050E0009DF8181040EA012000B2ADF808009DF8C4
:1050F0001B009DF81A1040EA012000B2ADF80A002A
:105100009DF81D009DF81C1040EA012000B2ADF88A
:105110000C00BDF81000BDF80810084400B2ADF84E
:105120001000BDF81200BDF80A10084400B2ADF836
:105130001200BDF81400BDF80C10084400B2ADF820
:105140001400BDF81000000A8DF81800BDF810001A
:10515000C0B28DF81900BDF81200000A8DF81A00CF
:10516000BDF81200C0B28DF81B00BDF81400000A93
:105170008DF81C00BDF81400C0B28DF81D00AA49BE
:105180004968087806AB06221146FDF7CCF910B144
:105190004FF0FF3051E700204FE70146A248007A68
:1051A00030B1012807D0022809D003280FD10AE026
:1051B000FA2008800EE04FF4FA7008800AE04FF4FD
:1051C0007A70088006E04FF4FA60088002E0002060
:1051D000088000BF00BF0020704701469248407A17
:1051E00030B1012807D0022808D003280CD108E0EC
:1051F000022008700BE00420087008E00820087006
:1052000005E01020087002E04FF0FF30704700BF4B
:105210008548C07C18B108784006000E0870002050
:10522000F4E701468048C07A082817D2DFE800F08A
:105230001704070A0D101318BC20088013E0622021
:10524000088010E02A2008800DE0142008800AE081
:105250000A20088007E00520088004E000BF00BFA6
:105260000020088000BF00BF0020704701466E4844
:1052700090F8240010B14FF0FF3070476A48C089A1
:1052800008800020F9E7014600200880401E704792
:1052900001464FF0FF30704701466348007A30B155
:1052A000012807D0022808D003280CD108E05F4865
:1052B00008600BE05E48086008E05E48086005E0B2
:1052C0005D48086002E04FF0FF30704700BF0020EB
:1052D000FBE701465448407A30B1012808D0022843
:1052E0000AD0032810D10BE04FF4804008800EE074
:1052F00041F69C7008800AE04FF48050088006E078
:105300004FF40060088002E04FF0FF30704700BFAC
:105310004548C07C10B10888401008800020F5E79F
:1053200001464148007C08700020704701463E4815
:10533000807A10B10120087001E000200870002080
:10534000704738B504463848807A10B94FF0FF30BE
:1053500038BD354A1268117C334A526810786B4662
:105360000222FDF72FF910B14FF0FF30F0E79DF862
:1053700001009DF8001040EA012000B220800020CA
:10538000E6E72DE9FE4F0746884692461D46DDF8C2
:1053900030B000260024244890F8240010B1601E8C
:1053A000BDE8FE8F002028701F48807A10B94FF0AA
:1053B000FF30F5E71C48007C10B94FF0FF30EFE7F5
:1053C0001948007C00F0400008B1B01CC6B2164875
:1053D000007C00F0200008B1B01CC6B21248007C6E
:1053E00000F0100008B1B01CC6B20F48007C00F0FD
:1053F000080008B1B01DC6B20B4A1268917A0A4A79
:10540000526810786B460222FDF7DCF810B14FF0BD
:10541000FF30C5E79DF801009DF8001040EA012922
:10542000B1450BDA0020BBE78801002000000343F0
:10543000000083423333034233338341FC484068E6
:105440004088B9EB600F17DDF94A1268517CF84AC1
:10545000526810786B460122FDF7B4F810B14FF096
:10546000FF309DE79DF8000000F0100020B1FFF72D
:105470008DF96FF0010093E75046FCF700FFEC4A0E
:105480001268D17AEA4A526810786B463246FDF7C4
:1054900099F810B14FF0FF3082E799FBF6F0401E0B
:1054A0008BF8000000202870B4422AD0E048007C2D
:1054B00000F0080028B3601C1DF800001DF804105F
:1054C00040EA012000B2A8F80000E01C1DF800101E
:1054D000A01C1DF8000041EA002000B2A8F802005C
:1054E000601D1DF80010201D1DF8000041EA00207D
:1054F00000B2A8F80400287840F008002870A01D29
:1055000084B2B44213D0CA48007C00F0400070B1AD
:10551000601C1DF800001DF8041040EA012000B2D4
:105520003880287840F040002870A01C84B2B44233
:1055300013D0BF48007C00F0200070B1601C1DF843
:1055400000001DF8041040EA012000B2788028789D
:1055500040F020002870A01C84B2B44213D0B4489C
:10556000007C00F0100070B1601C1DF800001DF8F8
:10557000041040EA012000B2B880287840F0100002
:105580002870A01C84B200200AE7F8B504460F4634
:105590001646A74890F8240010B94FF0FF30F8BD28
:1055A000A348807A10B94FF0FF30F8E7A04A12689C
:1055B000917A9F4A526810786B460222FDF702F8F2
:1055C00010B14FF0FF30EAE79DF801009DF80010A0
:1055D00040EA0125A54203DA00203070401EDEE7D4
:1055E000934840684088B5EB600F17DD904A126819
:1055F000517C8F4A526810786B460122FCF7E2FF1B
:1056000010B14FF0FF30CAE79DF8000000F0100025
:1056100020B1FFF7BBF86FF00100C0E7E2B2844BA6
:105620001B68D97A824B5B6818783B46FCF7CAFF47
:1056300010B14FF0FF30B2E795FBF4F0401E307030
:105640000020ACE701467A4880F82210002070471D
:105650007CB5054676494968087801AB04220D21DE
:10566000FCF7B0FF08B107207CBD9DF80700C0F330
:1056700001109DF8041001F0E00140EAE1008DF80E
:1056800000009DF80700C0F381009DF8051001F0AF
:10569000E00140EAE1008DF801009DF8070000F00C
:1056A00003009DF8061001F0E00140EAE1008DF8EA
:1056B000020000241CE01DF8040018B9002045F881
:1056C000240013E05B4845F8240006E055F8240068
:1056D000594901F00BFE45F824001DF80400401E56
:1056E000C0B20DF804000028F0D100BF601CC4B2A5
:1056F000032CE0DB0020B7E72DE9FE4F06460F46FE
:1057000000256846FFF7A4FF002442E056F8240075
:1057100057F82410A0EB010ABAF1000F01DB514643
:1057200001E0CAF10001084601F0D8FF83464FF0BE
:105730008F4101F00DFE80465DF82400002102F04B
:1057400061F816D05DF82410404601F001FE824653
:105750004FF07E5101F0C4FD814629F0004A3748E0
:10576000416A504602F058F812D20120A040054389
:105770000EE03248C169404602F044F805D32F4894
:10578000016A404602F048F802D20120A0400543D9
:10579000641C032CBADB2846BDE8FE8F2DE9FC5FB4
:1057A00006460F46002522494968087801AB0322C6
:1057B0000D21FCF707FF10B10720BDE8FC9F9DF805
:1057C000040000F01F008DF804009DF8050000F0B3
:1057D0001F008DF805009DF8060000F01F008DF8F1
:1057E0000600002462E056F8240057F82410A0EBCD
:1057F000010BBBF1000F01DB594601E0CBF10001C9
:10580000084601F06BFF4FF08F41009001F0A0FDC2
:10581000814601A8005DC0B30849086801F067FF30
:1058200083465946064801F093FD80460FE000008C
:10583000880100207B14AE3E1D5A843FA08C0008D6
:1058400000B04C45FE49404601F050FD804601A89D
:10585000005D401EC0B201A908550028F2D14146A2
:10586000484601F075FD83464FF07E5101F038FD4A
:1058700082462AF0004BF3488169584601F0CCFF7C
:1058800013D20120A04005430FE0FFE7ED48016976
:10589000484601F0B7FF05D3EA484169484601F0A0
:1058A000BBFF02D20120A0400543641C032C9ADBFD
:1058B000284682E72DE9F04F87B005460C46914611
:1058C00001208DF8100000208DF81100DE4A1268CA
:1058D000917CDD4A5268107804AB0222FCF723FE6B
:1058E00020B14FF0FF3007B0BDE8F08FC820FCF7C3
:1058F000BAFC00208DF81000D34A1268D17BD24A3E
:105900005268107804AB0122FCF70DFE10B14FF085
:10591000FF30E8E7CC4A12685179CB4A52681078D8
:1059200004AB0122FCF7FFFD10B14FF0FF30DAE7C6
:10593000C54A1268917CC44A5268107804AB0122AF
:10594000FCF7F1FD10B14FF0FF30CCE7BE4A126812
:10595000D17DBD4A5268107804AB0122FCF7E3FD0B
:1059600010B14FF0FF30BEE7B74A12681179B64A5E
:105970005268107804AB0122FCF7D5FD10B14FF04E
:10598000FF30B0E70C208DF81000AF4A1268117993
:10599000AD4A5268107804AB0122FCF7C4FD10B187
:1059A0004FF0FF309FE70F20FCF75DFCA648806AB0
:1059B000407A8DF81000A44A12689178A24A526881
:1059C000107804AB0122FCF7AEFD10B14FF0FF30B0
:1059D00089E79D48806A007A8DF810009A4A12681B
:1059E0005178994A5268107804AB0122FCF79BFD6C
:1059F00010B14FF0FF3076E7B9F1000F07D09248B1
:105A0000806A807A40F0E0008DF8100004E08E4853
:105A1000806A807A8DF810008B4A126891798A4AE0
:105A20005268107804AB0122FCF77DFD10B14FF0F5
:105A3000FF3058E7B9F1000F07D08348806AC07A79
:105A400040F0E0008DF8100003E07E48C07A8DF849
:105A500010007D4A1268D1797B4A5268107804ABF5
:105A60000122FCF760FD10B14FF0FF303BE7B9F1C8
:105A7000000F02D0C820FCF7F6FB40208DF8100084
:105A8000714A12681179704A5268107804AB012289
:105A9000FCF749FD10B14FF0FF3024E778208DF876
:105AA0001000694A12685179674A5268107804AB4D
:105AB0000122FCF738FD10B14FF0FF3013E76149C8
:105AC0008889FCF7D0FB00208DF810005E4A126830
:105AD00051795D4A5268107804AB0122FCF723FD2E
:105AE00010B14FF0FF30FEE6574A1268917A564ADD
:105AF0005268107804AB0222FCF764FD10B14FF03D
:105B0000FF30F0E69DF811009DF8101040EA012BDF
:105B10000C209BFBF0F0C6B20020A86068602860F3
:105B2000A06060602060824665E0474A1268D17AD2
:105B3000454A5268107804AB0C22FCF743FD10B1C3
:105B40004FF0FF30CFE69DF811009DF8101040EAAD
:105B5000012000B2ADF808009DF813009DF8121066
:105B600040EA012000B2ADF80A009DF815009DF84A
:105B7000141040EA012000B2ADF80C00BDF9081085
:105B8000206808442060BDF90A106068084460601D
:105B9000BDF90C10A0680844A0609DF817009DF89E
:105BA000161040EA012000B2ADF800009DF819007F
:105BB0009DF8181040EA012000B2ADF802009DF8EF
:105BC0001B009DF81A1040EA012000B2ADF8040055
:105BD000BDF90010286808442860BDF90210686803
:105BE00008446860BDF90410A8680844A8600AF178
:105BF000010000F0FF0AB24597DB1248D0F800C060
:105C00002868C117090441EA1041070462460023CD
:105C1000384601F0A5FA32460023CDE9020101F031
:105C20009FFA28600748D0F800C06868C1170904C7
:105C300041EA1041070462460023384606E00000AE
:105C400054E3853FA08C00088801002001F088FA09
:105C500032460023CDE9020101F082FA6860FE4875
:105C6000D0F800C0A868C117090441EA1041070430
:105C700062460023384601F073FA32460023CDE92C
:105C8000020101F06DFAA860F348D0F804C0216861
:105C9000C817000440EA11480F0462460023384642
:105CA000414601F05DFA32460023CDE9020101F0E0
:105CB00057FA2060E848D0F804C06068C1170904AA
:105CC00041EA1041070462460023384601F048FAD1
:105CD00032460023CDE9020101F042FA6060DE485D
:105CE000D0F804C0A068C117090441EA10410704B4
:105CF00062460023384601F033FA32460023CDE9EC
:105D0000020101F02DFAA060A068002804DDA0685F
:105D1000A0F58030A06003E0A06800F58030A060AE
:105D20000020E0E538B50446CC4890F82400A042B5
:105D300001D1002038BD24B3C84890F8250010B91F
:105D40004FF0FF30F6E70020FEF75AFB0020FEF789
:105D500079FCC249C88CFEF7DEFE00200090BF49E6
:105D6000496808786B4601222321FCF7DCFB0121FE
:105D7000BA4880F824100120FEF742FBFEF706FD2A
:105D800013E00020FEF73CFBB448007C0090B349D0
:105D9000496808786B4601222321FCF7C4FB0021E7
:105DA000AE4880F82410FEF7F1FC0020C2E72DE990
:105DB000F04F8DB083460F4602200C90A74890F814
:105DC000240020B10020FFF7ADFF012600E00026EF
:105DD00003A8FFF7E2F905A8FFF7FFF901A8FFF70D
:105DE00020FA02A8FFF742FA9C4890F80AA004A8FB
:105DF000FFF796FA002407E0002239465846FFF7DD
:105E000059FD00B902E0641C022CF5DB00BF022C36
:105E100001D1002528E0002407E0012206A909A8F5
:105E2000FFF748FD00B902E0641C022CF5DB00BF5F
:105E3000022C01D1002517E006A93846FFF75CFCCB
:105E400000F0FF0809A95846FFF7A8FC00F0FF0979
:105E50000025B9F1000F01D145F00105B8F1000F9F
:105E600001D145F0020500BFFF207C490872FF21E7
:105E70007A484172C1724FF6FF71C181FF21817270
:105E8000017401210173BDF80C00FEF7D2FE9DF8EC
:105E90001400FEF78CFEBDF80400FEF790FDBDF87F
:105EA0000800FEF738FE5046FEF767FB9DF810002D
:105EB000FEF750FD16B10120FFF734FF28460DB064
:105EC000BDE8F08FF8B504460D46164616B94FF0FA
:105ED000FF30F8BD6148807A10B94FF0FF30F8E725
:105EE00020128DF80000E0B28DF801009DF801004D
:105EF00028445A4949684989884202DD4FF0FF30F9
:105F0000E7E7564A1268117E544A526810786B4689
:105F10000222FCF708FB10B14FF0FF30D9E7EAB2DC
:105F20004E4B1B68597D4D4B5B6818783346FCF728
:105F3000FAFA10B14FF0FF30CBE70020C9E7F8B50F
:105F400004460D46164616B94FF0FF30F8BD4348DB
:105F5000807A10B94FF0FF30F8E720128DF800007A
:105F6000E0B28DF801009DF8010028443B494968E2
:105F70004989884202DD4FF0FF30E7E7374A12686F
:105F8000117E364A526810786B460222FCF7CBFA33
:105F900010B14FF0FF30D9E7EAB2304B1B68597DA2
:105FA0002E4B5B6818783346FCF70CFB10B14FF0B2
:105FB000FF30CBE70020C9E72DE9F04385B0054667
:105FC0000E4690469946254890F8250020B14FF09E
:105FD000FF3005B0BDE8F08316B94FF0FF30F8E7A9
:105FE000002423E0281B102801DD102000E0281BDE
:105FF00087B2321939462046FFF764FF10B14FF0DF
:10600000FF30E6E701AA39462046FFF798FF10B1B6
:106010004FF0FF30DDE730193A4601A901F001F9F0
:1060200010B16FF00100D4E7E01984B2AC42D9DBC3
:106030004FEA28208DF8000008F0FF008DF80100DD
:10604000064A1268917E054A526810786B46022211
:10605000FCF769FA38B103E0A08C00088801002041
:106060004FF0FF30B5E701218A4880F82510A0F8ED
:1060700026900020ADE70146864890F8240008707D
:106080000020704702464FF0FF30704701464FF046
:10609000FF307047F8B505460F461446002C70D007
:1060A000B5F5FF5F01DDFF2605E0202D01DA0126B1
:1060B00001E0C5F3471607B90127282C02DD4FF090
:1060C000FF30F8BD7348407D28BB724890F824002B
:1060D00038B10020FFF726FE01216E4880F820101D
:1060E00003E000216B4880F820106A481630FFF763
:1060F00054F868481830FFF770F866481A30FFF710
:1061000090F864481C30FFF7B1F86248817A8177D3
:106110001F30FFF705F90020FEF772F90020FEF7A7
:106120008DFC00208DF800005A4A12689178594A77
:10613000526810786B460122FCF7F5F910B14FF068
:10614000FF30BEE740208DF80000524A1268D17B34
:10615000504A526810786B460122FCF7E4F900B10E
:1061600065E08DF800608DF801704A4A1268117A76
:10617000484A526810786B460222FCF7D4F908B1FD
:1061800055E047E00520FCF76EF84248407A0721C9
:1061900001EBC000C0B28DF800003E4A1268D17910
:1061A0003C4A526810786B460122FCF7BCF900B1FA
:1061B0003DE020208DF80000012C03D100208DF857
:1061C00001000EE0052C03DC01208DF8010008E041
:1061D000142C03DC02208DF8010002E003208DF86E
:1061E00001009DF80100072101EB8010C0B28DF87D
:1061F0000100284A1268917C264A526810786B4642
:106200000222FCF790F900B111E00121214841750B
:10621000002056E71F4A1632002103E0505C00B10F
:1062200005E0491C0C29F9D34FF0FF3049E7FF2066
:1062300018490872FF2117484172C1724FF6FF7169
:10624000C181FF2181720174012101730146887FA0
:10625000FEF793F90F49C88AFEF7EBFC0D49087E5B
:10626000FEF7A5FC0B49488BFEF7A9FB0949888B73
:10627000FEF751FC0749C87FFEF76CFB054890F814
:10628000200010B10120FFF74DFD002101484175AC
:10629000002016E78801002010B5C8234FF4806263
:1062A000F74940F6F630FFF787FE10BD10B586B00F
:1062B0000446F4A000680390F3A000680290F3A0E5
:1062C00000680190F2A00068009004F0030003A9A8
:1062D000085C8DF8140003A8C4F3C101405C8DF87C
:1062E000150003A8C4F38111405C8DF8160004F07A
:1062F000030002A9085C8DF8100002A8C4F3C101D4
:10630000405C8DF8110002A8C4F38111405C8DF847
:10631000120005AA032140F22640FFF7D3FD18B171
:106320004FF0FF3006B010BD04AA032140F22A400E
:10633000FFF7C8FD10B14FF0FF30F3E7019805906B
:106340000098049004F0040058B19DF8140040F047
:1063500001008DF814009DF8100040F001008DF848
:10636000100004F0200058B19DF8150040F0010025
:106370008DF815009DF8110040F001008DF8110016
:1063800004F4807058B19DF8160040F001008DF8BB
:1063900016009DF8120040F001008DF8120005AAC9
:1063A00003214FF48860FFF78DFD10B14FF0FF30EF
:1063B000B8E704AA032140F23140FFF783FD10B192
:1063C0004FF0FF30AEE7B34804810020AAE71FB5C5
:1063D0000446B048007A00F0030054F82000019011
:1063E000AC48007A00F0040010B1019840420190DE
:1063F000A848007AC0F3C10054F820000290A548D4
:10640000007A00F0200010B1029840420290A148AA
:10641000007AC0F3811054F8200003909D48008951
:1064200000F4807010B10398404203909A4901989B
:1064300080FB0101800F40EA81000190964902989B
:1064400080FB0110820042EA917002909249039809
:1064500080FB0110820042EA917003900198000EC7
:106460008DF800000198000C8DF801000198000AD9
:106470008DF802000198C0B28DF803006A4604212D
:106480004FF47470FFF71EFD18B14FF0FF3004B0E9
:1064900010BD0298000E8DF800000298000C8DF8D7
:1064A00001000298000A8DF802000298C0B28DF82F
:1064B00003006A4604214FF47570FFF703FD10B125
:1064C0004FF0FF30E3E70398000E8DF800000398CB
:1064D000000C8DF801000398000A8DF80200039863
:1064E000C0B28DF803006A4604214FF47670FFF7BE
:1064F000E9FCCCE770B588B0064601A8FEF7E9FED6
:10650000BDF804000021C90341EA5045C4036148B5
:10651000007A00F0030056F8200005905D48007AEC
:1065200000F0040010B10598404205905948007AE7
:10653000C0F3C10056F8200006905648007A00F0DB
:10654000200010B10698404206905248007AC0F3ED
:10655000811056F8200007904E48008900F48070A2
:1065600010B10798404207900598C117A0FB04237B
:1065700001FB043100FB0510810041EA9270059097
:106580000698C117A0FB042301FB043100FB051092
:10659000810041EA927006900798C117A0FB04237E
:1065A00001FB043100FB0510810041EA9270079065
:1065B0000598000E8DF808000598000C8DF809006C
:1065C0000598000A8DF80A000598C0B28DF80B00F6
:1065D0000698000E8DF80C000698000C8DF80D0042
:1065E0000698000A8DF80E000698C0B28DF80F00CC
:1065F0000798000E8DF810000798000C8DF8110018
:106600000798000A8DF812000798C0B28DF81300A1
:1066100002AA0C214FF42570FFF754FC08B070BD9E
:1066200030B585B004461DA207CA02AB07C3C82C0B
:1066300003DD4FF0FF3005B030BDC82090FBF4F013
:10664000401E85B2280A8DF80000E8B28DF80100DE
:106650006A46022140F21620FFF734FC10B14FF0D9
:10666000FF30E8E702AA0C2140F6C120FFF72AFC20
:1066700010B14FF0FF30DEE7064884810020DAE7F2
:10668000C88C00084CCD6C000CC92C003656760026
:10669000264666002C03002009E3CA02FEF2ABC4C2
:1066A000AAF1DFDFBBAFDFDF0146FC48808908804D
:1066B000002070472DE9FC4706460F4606F007000C
:1066C00010B1B7F5C86F03DD4FF0FF30BDE8FC87B0
:1066D000384601F00CF88146F14900F039FE804659
:1066E0006846FEF77AFD9DF80000022806D00428CF
:1066F00016D0082826D0102848D135E04FF08D411B
:10670000404600F0F3FD814601F020F884B2E549EF
:10671000404600F0EBFD814601F018F885B238E004
:106720004FF08C41404600F0E1FD814601F00EF84B
:1067300084B2DD49404600F0D9FD814601F006F8FB
:1067400085B226E04FF08B41404600F0CFFD8146F8
:1067500000F0FCFF84B2D549404600F0C7FD8146F9
:1067600000F0F4FF85B214E04FF08A41404600F09B
:10677000BDFD814600F0EAFF84B2CD49404600F0FD
:10678000B5FD814600F0E2FF85B202E04FF0FF3038
:106790009CE700BF20128DF80400E0B28DF80500E0
:1067A00028128DF80600E8B28DF8070006F0010007
:1067B000A0B101AA02214FF4EA70FFF783FB10B1E8
:1067C0004FF0FF3082E70DF1060202214FF4927084
:1067D000FFF778FB10B14FF0FF3077E706F00200CB
:1067E000A0B101AA02214FF4EC70FFF76BFB10B1CE
:1067F0004FF0FF306AE70DF1060202214FF494706A
:10680000FFF760FB10B14FF0FF305FE706F00400C8
:10681000A0B101AA02214FF4EE70FFF753FB10B1B3
:106820004FF0FF3052E70DF1060202214FF496704F
:10683000FFF748FB10B14FF0FF3047E7002045E776
:1068400038B504460020009004F0010020B19DF806
:10685000000040F03000009004F0020020B19DF8EC
:10686000000040F00C00009004F0040020B19DF8FE
:10687000000040F0030000906A4601214FF4A4702C
:10688000FFF720FB38BD38B50446012C01DA01249E
:1068900002E0042C00DD0424601EC0B200906A46B1
:1068A000012140F24F10FFF70DFB38BD38B504460B
:1068B000052094FBF0F085B228128DF80000E8B2B4
:1068C0008DF801006A4602214FF4EF70FFF7FAFAE3
:1068D00038BD38B50446052094FBF0F085B2281287
:1068E0008DF80000E8B28DF801006A4602214FF4ED
:1068F000ED70FFF7E7FA38BDF8B505460E464FF4E0
:106900007A7095FBF0F000FB06F4200E8DF8000085
:10691000200C8DF80100200A8DF80200E0B28DF8FD
:1069200003006A4604214FF4AE70FFF7CBFAF8BDBE
:1069300038B50446052094FBF0F084B220128DF89F
:106940000000E0B28DF801006A4602214FF4AD70FC
:10695000FFF7B8FA38BD38B50446052094FBF0F0CF
:1069600084B220128DF80000E0B28DF801006A4672
:1069700002214FF4AC70FFF7A5FA38BD38B50446D4
:1069800014B94FF0FF3038BD6A4604214FF45870F7
:10699000FFF7D5FA10B14FF0FF30F4E79DF8000093
:1069A00000069DF8011040EA01409DF8021040EAFF
:1069B00001209DF80310084320600020E3E738B56C
:1069C0000446200E8DF80000200C8DF80100200AEE
:1069D0008DF80200E0B28DF803006A4604214FF4FE
:1069E0005870FFF76FFA38BD38B5044614B94FF048
:1069F000FF3038BD6A4604214FF47170FFF79FFAEB
:106A000010B14FF0FF30F4E79DF8000000069DF84C
:106A1000011040EA01409DF8021040EA01209DF873
:106A20000310084300EB8000800020600020E0E7B6
:106A300038B504461420B4FBF0F4200E8DF80000A5
:106A4000200C8DF80100200A8DF80200E0B28DF8CC
:106A500003006A4604214FF47170FFF733FA38BD22
:106A600038B5044664B120208DF8000028208DF848
:106A7000010030208DF8020038208DF8030004E07A
:106A8000A3220421684600F0AEFB6A46042140F6CA
:106A90009E20FFF717FAFDF779FE38BD2C03002082
:106AA00000004843000040460000C045000040454B
:106AB0000000C04438B5044664B1C0208DF8000021
:106AC000C2208DF80100C4208DF80200C6208DF888
:106AD000030004E08B220421684600F084FB6A4630
:106AE000042140F69820FFF7EDF9FDF74FFE38BD81
:106AF0003EB504466CB1FDA1D1E900208968CDE91D
:106B0000002002916A4609214FF49760FFF7DAF9F5
:106B10003EBDF9A2D2E900109268CDE901020091D0
:106B20006A4609214FF49760FFF7CCF9F0E73EB5CC
:106B3000044602208DF80000CA208DF80100E320F1
:106B40008DF8020009208DF803006A4604216820B0
:106B5000FFF7B8F9A3208DF8000004F0400048B119
:106B6000C0208DF80100C8208DF80200C2208DF8E9
:106B7000030006E0A3208DF801008DF802008DF8D7
:106B8000030004F4C07048B1C4208DF80400CC2088
:106B90008DF80500C6208DF8060006E0A3208DF8CC
:106BA00004008DF805008DF80600A3208DF807007D
:106BB0008DF808008DF809006A460A2140F6A720E2
:106BC000FFF780F904F0030018B120208DF80000D1
:106BD00002E0D8208DF800006A46012140F6B62078
:106BE000FFF770F904F0200018B10120FFF780FFD3
:106BF00002E00020FFF77CFF04F4C07008B304F447
:106C0000807060B1B2208DF800008B208DF80100FB
:106C1000B6208DF802009B208DF803000BE0B02019
:106C20008DF8000080208DF80100B4208DF802005E
:106C300090208DF803006A46042140F6A220FFF759
:106C400041F904F0010020B3F8208DF800006A46F5
:106C500001214FF40B60FFF735F9FA210720FFF708
:106C600029FD0720FFF7ECFD0120FFF70CFE642053
:106C7000FFF71CFE4FF4FA70FFF72BFEC821A14866
:106C8000FFF73AFE2820FFF753FE0A20FFF763FEC6
:106C900008E0D8208DF800006A4601214FF40B600F
:106CA000FFF710F904F0020018B1D9208DF80000A8
:106CB00002E0D8208DF800006A46012140F23D70C4
:106CC000FFF700F904F0040018B10120FFF7F2FE0D
:106CD00002E00020FFF7EEFE04F0100018B10120E2
:106CE000FFF7BEFE02E00020FFF7BAFE44F0080006
:106CF00085494881FDF74AFD00208349887304F0E7
:106D0000400018B10846807B801D887304F4C07071
:106D100020B17D48807B801D7B49887304F014007E
:106D200020B17948807B10307749887304F00300E4
:106D300020B17548807B001D7349887300203EBDDB
:106D40000146714840890880002070472DE9F041D4
:106D50000446E07800F0C006E07800F03F05607877
:106D600000F0010098B1EF102846E91705EB5171CA
:106D7000C910A5EBC101491C01F0FF086248006879
:106D800020B16148414602683846904700BF6078AC
:106D900000F0080030B15C48406818B1B0115A4AA0
:106DA000516888470020BDE8F08110B586B00446E0
:106DB00056A207CA03AB07C357A207CA8DE807004C
:106DC000012C09D0022C0ED103AA0B2140F68220FF
:106DD000FFF778F806B010BD6A460B2140F6822016
:106DE000FFF770F8F6E74FF0FF30F3E72DE9F04FCB
:106DF0008DB00746884615469946DDE9166B002496
:106E0000002030804049887B5A4605A9FEF7BDFB2B
:106E100018B1601E0DB0BDE8F08F3B48807A00F0DD
:106E20001400002861D09DF8140000069DF815108C
:106E300040EA01409DF8161040EA01209DF8171025
:106E4000084328609DF8180000069DF8191040EAD4
:106E500001409DF81A1040EA01209DF81B100843DC
:106E600068609DF81C0000069DF81D1040EA014076
:106E70009DF81E1040EA01209DF81F100843A860ED
:106E80009DF8200000069DF8211040EA01409DF881
:106E9000221040EA01209DF823100843E86004F125
:106EA0001000C4B2286800140190686800140290B1
:106EB000A86800140390E868001404900198404307
:106EC000029901FB0100039901FB0100049901FBF8
:106ED000010ABAF1706F02DBBAF1885F22DDFDF7BB
:106EE00055FC00203080401E94E721E0B8AAB38D05
:106EF000B4980D355D000000B8AAAAAAB088C3C531
:106F0000C700000009E3CA022C030020D8B1B9F37E
:106F10008BA391B609B4D900DAB1B9F38BA391B6BA
:106F2000DAB4DA00B6F9000040F48070308000BFB7
:106F30007848807A00F0400020B305A9601C085C06
:106F4000095D40EA012000B2A8F8000005A9E01C94
:106F5000095C05AAA01C105C41EA002000B2A8F858
:106F6000020005A9601D095C201D105C41EA00209B
:106F700000B2A8F80400A01DC4B2B6F9000040F0A9
:106F8000080030806348408900F4C07008B305A948
:106F9000601C085C095D40EA012000B2388005A948
:106FA000E01C095C05AAA01C105C41EA002000B2AC
:106FB000788005A9601D095C201D105C41EA002055
:106FC00000B2B880A01DC4B2B6F9000040F0700055
:106FD00030805048807A00F0030018B105A90819E4
:106FE000FFF7B4FE4846FBF74AF9002012E70146D6
:106FF0004848016000207047014646484160002033
:107000007047014691F90020002A01DD00201EE0B2
:1070100091F90020002A01DA042018E091F90120FA
:10702000002A01DD012012E091F90120002A01DA95
:1070300005200CE091F90220002A01DD022006E083
:1070400091F90220002A01DA062000E007207047AB
:1070500070B505462846FFF7D4FF0446E81CFFF745
:10706000D0FF44EAC00084B2A81DFFF7CAFF44EA7B
:10707000801084B2204670BD70B588B002A905A802
:10708000FEF795FE0446032C3FD101A8FEF704F954
:10709000059800F023FB0646019900F027F9054604
:1070A00000F03BFB0590069800F018FB064601999E
:1070B00000F01CF9054600F030FB0690079800F040
:1070C0000DFB0646019900F011F9054600F025FB7D
:1070D000079005A8FFF77BF96846FEF7FAF8BDF8B8
:1070E0000010029848430290BDF8001003984843EE
:1070F0000390BDF8001004984843049002A8FFF7DD
:10710000F9F905A0FDF735F802E00CA0FDF731F81C
:1071100008B070BD2C03002073657474696E67201D
:10712000626961732073756363657366756C6C79EE
:10713000202E2E2E2E2E2E0A000000006269617372
:1071400020686173206E6F74206265656E206D6FBC
:10715000646966696564202E2E2E2E2E2E0A00008C
:107160002DE9F0410024061B254671F1000605DAE1
:1071700001240027D0EB070067EB0101161E73F115
:10718000000605DA0027D2EB0702012567EB0303AF
:1071900000F062FB86460E4617469C46AC4204D081
:1071A0000025D0EB050E65EB010624B10020D2EBE3
:1071B000000760EB030C704631463A466346BDE873
:1071C000F08140EA01039B0703D009E008C9121FC0
:1071D00008C0042AFAD203E011F8013B00F8013B91
:1071E000521EF9D27047D2B201E000F8012B491EBD
:1071F000FBD270470022F6E710B513460A46044654
:107200001946FFF7F0FF204610BD421E12F8013F5D
:10721000002BFBD111F8013B02F8013B002BF9D107
:10722000704730B504460020034600E05B1C9342E3
:1072300003D2E05CCD5C401BF8D030BDF0B480EAF6
:107240000102D40F4200B2EB410F02D202460846BF
:1072500011464A0042D0C30DDDB2C1F3C752AD1A88
:10726000202D35DAC1F3160141F4000204B1524277
:10727000C5F1200602FA06F12A411044B3EBD05FB3
:1072800023D0C4B1012DA0EBC35009DCF0BC4FF0FA
:10729000004202EAC352DBB200F5000000F037BB47
:1072A000400000F1807000EBC350A0F1807040EA14
:1072B000D170490009E0490841EAC071A0EBC35010
:1072C00000F50000400800EBC350F0BC00F016BB16
:1072D0006142012202EB4101001BF6E7F0BC70475E
:1072E00081F00041AAE780F00040A7E780EA0102B0
:1072F00010B502F00043400022D04A001FD0010E1A
:1073000001EB1261C0F35600C2F3560240F40000D4
:1073100042F40002A0FB022000047F39140400D0D4
:10732000401C50EA124001D44000491EC2B20C0673
:1073300004EBD010401C4008802A02D003E000205B
:1073400010BD20F00100002900DA0020184310BD14
:1073500030B480EA010202F0004530F0004221F032
:10736000004013D090B1C30DD40DC2F31601C0F389
:107370001600E41A41F4000140F400027D34914209
:1073800001D3641C00E04900002C02DA30BC00206C
:1073900070474FF400000023914201D3891A034340
:1073A00040084FEA4101F7D151B1914202D14FF06B
:1073B000004105E002D24FF0010101E06FF0010150
:1073C00003EBC450284430BC00F098BA2DE9FE4FBE
:1073D000804681EA0300C00F0C46009021F0004176
:1073E00023F00045B8EB0200A94105D240462146F2
:1073F00090461C460B46024623F00040104347D0FF
:10740000270DC7F30A00C3F30A510290401A0190F6
:1074100040286BDAC3F3130040F4801B00989246B7
:1074200020B10023D2EB030A63EB0B0B0198594602
:10743000C0F14002504600F040FA06460D46504664
:107440005946019A00F048FA10EB08006141002407
:1074500087EA115284EAE7731A4340D0009A62B374
:10746000019A012A4FEA075215DC001B61EB020169
:107470004FF0004202EA0752CDE90042001C41F5FC
:10748000801132462B4600F07FFA03B0BDE8F08F42
:1074900040462146F9E7001B61EB0201001C41F563
:1074A000801300185B412018A2F5001747EB030179
:1074B00040EAD570B6196D4111E06D084FEA360605
:1074C00045EAC0754FEA0752001B61EB0201001C40
:1074D00041F5801149084FEA300000195141324608
:1074E0002B4603B0BDE8F04F00F03FBA00980122F0
:1074F00040000023D0EB020263EBE07300982146CA
:107500004FEAE074B8EB000061EB0401E9E783F0B7
:1075100000435BE781F0004158E72DE9FE4F81EA27
:10752000030404F0004421F0004100944FF0000BEC
:1075300023F0004350EA01045ED052EA03045BD01A
:10754000C3F30A54C1F30A552C44A4F2F334019452
:10755000A0FB0254C1F3130141F48011C3F31303E0
:1075600043F4801301FB024400FB034E840A970A94
:1075700044EA815447EA8357A4FB076802958D0AC1
:1075800005FB07854FEA932C04FB0C542705029D4D
:107590004FEA065847EA1637B5EB08056EEB070CBD
:1075A000870E920E47EA811742EA8312A7FB020177
:1075B000B6EB0B0164EB00042B0D43EA0C335E18B1
:1075C00044EB1C50DA465146E7FB0201C5F31304B5
:1075D0004FEA0B3343EA14534FEA0432019C43EA67
:1075E0000603A4F10C040294009CCDE900B400F061
:1075F000CBF903B0BDE8F08F00200146F9E72DE993
:10760000F04D81EA030404F0004B21F000451446DC
:107610004FF0000A23F0004150EA050220D054EA5E
:1076200001021DD0C5F30A570246C5F31303C1F387
:107630001300C1F30A5640F4801543F48013A7EBFE
:107640000608101BD64608F2FD3873EB050002D37E
:1076500008F1010801E092185B41B8F1000F03DA6C
:1076600000200146BDE8F08D00204FF48011064651
:1076700084460EE0171B73EB050705D3121B63EB63
:10768000050306434CEA010C49084FEA3000921802
:107690005B4150EA0107EDD152EA030012D082EAC1
:1076A000040083EA0501084305D0101BAB4106D254
:1076B0000122002306E000224FF0004302E06FF0B9
:1076C000010253101AEB06004CEB085110EB0A00B4
:1076D00041EB0B01BDE8F04D00F047B9C10F80EA66
:1076E000E0700844CA079623002100F010B99623E1
:1076F0000022114600F00BB90EB5C10F80EAE07010
:107700000844CA07002140F233438DE80E000A46C0
:107710000B4600F039F903B000BD00F0004220F044
:107720000040C10DC0F3160040F400007F2901DACB
:1077300000207047962903DCC1F19601C84001E0A2
:1077400096398840002AF4D04042704720F000402B
:10775000C10DC0F3160040F400007F2901DA0020BB
:107760007047962903DCC1F19601C84070479639ED
:107770008840704700F0004230F000400AD0C10D50
:1077800001F56071C0F3160042EA0151C2084007DA
:1077900011437047002001467047000030B5041EB9
:1077A00071F1000404DB4FF00044404264EB01013E
:1077B000141E73F1000405DB1C464FF000435242D7
:1077C00063EB04038B4208BF824230BD01F00043EB
:1077D00030B421F0004150EA010206D00A0DA2F5B2
:1077E0006072C1F31301002A02DC30BC0020704734
:1077F000440F44EAC104C100E01830BC00EBC250A1
:1078000000F07CB8002801DBC0F10040002901DB5A
:10781000C1F1004181427047002801DBC0F1004006
:10782000002901DBC1F100418842704730B50B46A9
:10783000014600202022012409E021FA02F59D42A0
:1078400005D303FA02F5491B04FA02F52844151E74
:10785000A2F10102F1DC30BD2DE9F05F0546002008
:1078600092469B4688460646814640241BE02846B1
:1078700041464746224600F02FF953465A46C01A61
:10788000914110D311461846224600F016F82D1AE1
:1078900067EB01084F4622460120002100F00DF859
:1078A00017EB00094E41201EA4F10104DFDC48461D
:1078B00031462A464346BDE8F09F202A04DB203AA1
:1078C00000FA02F1002070479140C2F1200320FA33
:1078D00003F3194390407047202A06DBCB17203A68
:1078E00041FA02F043EAE07306E041FA02F3D040C5
:1078F000C2F1200291400843194670470029A8BFF1
:107900007047401C490008BF20F00100704710B4C8
:10791000B0FA80FC00FA0CF050EA010404BF10BC7D
:10792000704749B1CCF1200421FA04F411FA0CF1AA
:1079300018BF012121430843A3EB0C01CB1D4FEAE3
:1079400000614FEA102042BF002010BC704700EBDE
:10795000C35010440029A4BF10BC7047401C49000C
:1079600008BF20F0010010BC704710B5141E73F161
:10797000000408DA401C41F1000192185B411A43EF
:1079800001D120F0010010BD2DE9F04D92469B463B
:1079900011B1B1FA81F202E0B0FA80F220329046E1
:1079A000FFF78BFF04460F4640EA0A0041EA0B014D
:1079B00053465A46084313D0114653EA010019D0E2
:1079C000C8F14002504600F087F805460E46504682
:1079D00059464246FFF771FF084305D0012004E0F5
:1079E00020463946BDE8F08D0020054346EAE076A2
:1079F0002C4337430A986305E40AA0EB08000022F1
:107A0000FD0A44EA47540A3002D500200146E9E75E
:107A1000010510196941DDE9084500196941BDE812
:107A2000F04DA2E770B521F0004303430CD0C1F341
:107A30000A550024D5EB040564EB0403D617AD1AF0
:107A4000B34102DB0020014670BD201841EB02511A
:107A500070BDC1F30A52C1F3130140F2FF3341F488
:107A600080119A4202DA00200146704740F2334307
:107A70009A42A2F2334202DC524200F02DB8FFF7E4
:107A80001CBF000030B5041E71F1000404DB4FF090
:107A90000044404264EB0101141E73F1000405DB55
:107AA0001C464FF00043524263EB0403994208BF67
:107AB000904230BD064C074D06E0E06840F00103FF
:107AC00094E8070098471034AC42F6D3F8F712FB5D
:107AD000009A0008209A0008202A04DB203A21FAA4
:107AE00002F00021704721FA02F3D040C2F12002D7
:107AF00091400843194670472DE9F04D00231A467E
:107B00001B1A8A4103DB00200146BDE8F08DC1F35A
:107B10000A52C1F3130141F480154FF0000BD10755
:107B200002D100186D41521E0027044640F2FF1199
:107B3000384601EB620A3E468046024600204FF47A
:107B40008011FFF7C9FFC2197141BB1846EB010054
:107B5000B4EB030C75EB000C04D3E41A65EB0005E1
:107B600017460E46241908F101006D41804634285D
:107B7000E3DDF91946EB0600091BA84103D24FF0DB
:107B8000FF32134601E0002213461BEB070046EBD1
:107B90000A51BDE8F04DFFF7E8BE70B58C1810F83B
:107BA000015B15F0070301D110F8013B2A1106D142
:107BB00010F8012B03E010F8016B01F8016B5B1E5C
:107BC000F9D12B0705D40023521E0DD401F8013B37
:107BD000FAE710F8013BCB1A921C03E013F8015BA3
:107BE00001F8015B521EF9D5A142D8D3002070BD27
:107BF0000FB4084B10B504A902AA039800F060F96D
:107C0000044602A9002000F0F2FC204610BC5DF8FA
:107C100014FB0000EF850008490050EAC12018BF9E
:107C200004204A0D18BF40F0010040F2FF72B2EB91
:107C3000515F08BF40F00200012808BF05207047CF
:107C40002DE9F0414F1E00EBC7010446D1E90001C8
:107C500015461E4637F006020DD02A463346FFF77A
:107C60005CFC7F1E04EBC703D3E90023FFF7AEFBE8
:107C700037F00602F1D1022F25D0042F13D0062FA2
:107C800018BFBDE8F0812A463346FFF746FCD4E929
:107C90000A23FFF79BFB2A463346FFF73EFCD4E955
:107CA0000823FFF793FB2A463346FFF736FCD4E957
:107CB0000623FFF78BFB2A463346FFF72EFCD4E959
:107CC0000423FFF783FB2A463346FFF726FCD4E95B
:107CD0000223FFF77BFB2A463346FFF71EFCD4E95D
:107CE0000023BDE8F041FFF771BB0122FFF79ABE08
:107CF000FFF76CBB0022134610461146FFF77FBC0E
:107D0000024A00201107FFF78DBE000001FDFFFFB2
:107D100002E008C8121F08C1002AFAD17047704754
:107D2000002001E001C1121F002AFBD170470000B2
:107D30000149086070470000B40100202DE9FF5F91
:107D400082B00021DDE90430020DDDF840B00343CC
:107D500018D044F61050A2F2FF3242431514119885
:107D600001281FD0A5EB0B00401C5FEA000A4FF072
:107D700000064E4FDFF83891B046504615D5CAF18F
:107D8000000413E0119801244AA3012801D16FEAED
:107D90000B010298119AC0E90031C0E9024206B015
:107DA000BDE8F09FCBF10000DFE704460021404A28
:107DB000491842EB0450CDE9001012E0E00707D06B
:107DC00032463B4640464946FFF7A7FB8046894678
:107DD00032463B4610461946FFF79FFB06460F46C4
:107DE0006410002CEAD1DDE90401DDE90023BAF1D9
:107DF000000F06DAFFF791FB42464B46FFF78DFB7B
:107E000005E0FFF7FCFB42464B46FFF7F8FB044654
:107E10000E460022284BFFF735FE03D84FF0FF3007
:107E2000014607E00022254B20463146FFF7CEFAF7
:107E3000FFF70FFE102409E0002C0ADB0A220023C2
:107E4000FFF70AFD039B30321A55641E50EA010207
:107E5000F2D1641C039AC4F111031444119A012A4B
:107E600003D0012208430DD10AE0084304D00020CA
:107E70004FF0110B119072E7A3EB0B056D1E0DE097
:107E80005B4504DD4FF0000205F1010504E003DA73
:107E90004FF00002A5F10105002AECD002981199DB
:107EA000C0E90231C0E9004579E700000000144054
:107EB0000000F03F300000000000F0430000E03F11
:107EC0002DE9FF4F95B09B468946064600250FE2F7
:107ED000252877D100242746F84A0121059400E09F
:107EE000044316F8013F203B01FA03F01042F7D19A
:107EF00030782A2811D06FF02F033078A0F13002AB
:107F0000092A16D8059A44F0020402EB820203EB18
:107F100042021044761C0590EFE759F8042B0592B5
:107F2000002A03DA504244F40054059044F002045D
:107F3000761C30782E2816D116F8010F44F0040470
:107F40002A280DD06FF02F023078A0F13003092BD2
:107F500009D807EB870302EB4303C718761CF3E746
:107F600059F8047B761C30786C280FD006DC4C283E
:107F700017D068280DD06A2814D104E0742810D0D6
:107F80007A280FD10DE044F400140AE044F4801480
:107F900001E044F440147278824202D104F5801466
:107FA000761C761C307866280BD013DC582877D0E6
:107FB00009DC002875D04528F6D04628F4D047289B
:107FC0001AD19DE118E0632835D0642879D065285E
:107FD00012D195E1702873D008DC6728F1D06928A8
:107FE0006FD06E280DD06F2806D1B5E073282CD045
:107FF000752875D0782874D05A46179990476D1C0B
:1080000075E1C4F30250022809D003280DD0D9F835
:10801000001004280DD00D6009F1040967E1D9F8BA
:108020000010EA17C1E90052F6E7D9F800100D80F8
:10803000F2E70D70F0E719F8041B8DF8001000202E
:108040008DF80100EA46012003E059F804AB4FF037
:10805000FF3061074FF0000102D40DE008F101018B
:108060008846B9420FDA8045F8DB1AF80810002973
:10807000F4D108E008F1010188468142FADB1AF8E0
:1080800008100029F6D105985B46A0EB08072146A9
:108090003846179A00F094FA284400EB080507E0E8
:1080A0004DE029E10DE01AF8010B5A461799904767
:1080B000B8F10108F7D25B4621463846179A13E11A
:1080C00042E00A220092C4F302524FF0000A022A50
:1080D00008D059F804CB032A4FEAEC710AD00DE01E
:1080E00029E02AE009F1070121F00702F2E802C1C4
:1080F000914609E00FFA8CFC4FEAEC71042A03D197
:108100004FFA8CFC4FEAEC71002907DA0A4600218D
:10811000DCF1000C61EB02012D2202E0220504D506
:108120002B228DF80420012203E0E20701D0202257
:10813000F7E7904659E00A2102E010220DE01021F5
:108140004FF0000A00910BE010224FF0000A44F0BB
:1081500004040827009203E008224FF0000A00926E
:10816000C4F30252022A05D059F804CB0021032A95
:1081700008D009E009F1070121F00702F2E802C185
:10818000914605E01FFA8CFC042A01D10CF0FF0C8B
:108190004FF00008220728D5702806D0009B83F0F6
:1081A000100353EA0A0305D00EE040228DF80420A4
:1081B000012208E05CEA010206D030228DF804209A
:1081C0008DF8050002229046009B83F0080353EAD5
:1081D0000A030AD15CEA010201D1620705D5302207
:1081E0008DF804204FF001087F1E582804D034A0D9
:1081F00003900EA802900DE036A0F9E753466046C2
:10820000009AFFF729FB84460398825C0298401E7F
:10821000029002705CEA0100F0D1029806A9081AE7
:1082200000F1200A600702D524F4803400E0012721
:10823000574502DDA7EB0A0000E0002000EB0A0131
:10824000009005984144401A0590E00306D45B462F
:108250002146179A059800F0B3F90544002706E077
:1082600001A85A46C05D179990476D1C7F1C474571
:10827000F6DBE0030CD55B462146179A059800F023
:108280009FF9054404E030205A46179990476D1C29
:108290000099481E00900029F5DC08E00298029938
:1082A0005A460078491C0291179990476D1CBAF103
:1082B0000001AAF1010AF1DC65E1000009280100D2
:1082C000303132333435363738396162636465664C
:1082D000000000003031323334353637383941420E
:1082E000434445460000000000F058F90544761C60
:1082F000307800287FF4ECAD19B02846BDE8F08F47
:10830000620700D4062709F1070222F0070CFCE8F7
:108310000223E14603F000485FEA080C02D00FF2A6
:10832000702C0DE05FEA045C02D50FF2682C07E0C8
:108330005FEAC47C02D00FF2602C01E0AFF2700C57
:108340004FF0FF3823F00043CDF850C065280CD023
:1083500006DC452809D046281DD047283DD13DE000
:10836000662818D067287ED138E00021112F01DB64
:10837000112000E0781CCDE9000106A90EA8FFF746
:10838000DDFCDDE90F010E9A03910021009207F157
:10839000010A04914DE04FF000400097CDE9011033
:1083A00006A90EA8FFF7CAFCDDE90F0203920E9B97
:1083B00011990022DDF80CA00093049211B9791CE8
:1083C00000EB010AB7EB0A0004D4C0F1FF3007F15B
:1083D000010A0490AAEB0700019044E0012F00DAA3
:1083E00001270021112F01DD112000E03846CDE9E1
:1083F000000106A90EA8FFF7A1FCDDE90F010E9A06
:108400000391002104910092BA4621070CD40399EC
:10841000514500DA8A46BAF1010F05DD009AAAF14A
:108420000101515C302908D0B84202DA10F1040F82
:1084300006DA0121CDE9011015E0AAF10101E9E711
:10844000002805DC049901440491AAEB000102E034
:10845000411C514500DD8A460499401A401C019098
:108460004FF000400290200704D40198504501DBF2
:10847000CDF8048000208DF84F0002980DF14F07D1
:10848000B0F1004F25D02B200E9002984FF002083B
:1084900000280CDA404202902D200E9007E00A21BD
:1084A0000298FFF7C3F93031029007F8011DB8F1C7
:1084B0000001A8F10108F2DC02980028EFD1791E32
:1084C0000E980870307800F0200040F0450007F862
:1084D000020D12A8C01B00F107081498007800B123
:1084E000012000EB0A01019801EBE071059841447D
:1084F000401A401E0590E00306D45B462146179AB9
:10850000059800F05DF805441498007818B15A46B3
:10851000179990476D1CE00324D55B462146179AB6
:10852000059800F04DF805441CE00498002807DB8E
:10853000DDE90301884203DD0098405C179901E002
:10854000179930205A469047049805F10105401CC0
:1085500004900198401E019004D12E205A4617998C
:1085600090476D1CBAF10001AAF1010ADDDC05E0BB
:1085700017F8010B5A46179990476D1CB8F1000186
:10858000A8F10108F4DC5B462146179A0598ABE692
:108590002D0000002B000000200000002DE9F0411C
:1085A000044600251E461746880404D405E03946D3
:1085B0002020B0476D1C641EF9D52846BDE8F08127
:1085C0002DE9F041044600251E469046C80301D51A
:1085D000302700E02027880404D505E041463846CE
:1085E000B0476D1C641EF9D52846BDE8F0810A68C5
:1085F000531C0B60107070472DE9F04D8D4F21F02A
:10860000004A86B005460C46BA452ADBAAEB0700AD
:1086100028430AD08848824501DC1AD1CDB106B082
:108620002846BDE8F04DFFF760BB844A844B2846DE
:10863000FEF773FF07460E46824A834B28462146C3
:10864000FEF76BFF06B03A463346BDE8F04DFEF745
:10865000BDBE0120FFF76CFB06B0BDE8F04DFFF793
:1086600049BB7A48824542DABAF1795F0BDA28468B
:10867000FFF7D2FA042808BFFFF742FB284606B0EE
:108680002146BDE8F08D2A460B461046FEF745FF11
:10869000834602466E480E460B4606217844FFF795
:1086A000CFFA5A463346FEF738FF804669488A4675
:1086B0005A46334604217844FFF7C2FA5A463346F5
:1086C000FEF72BFF00223B46FEF780FE02460B46DC
:1086D00040465146FEF793FF2A462346FEF71DFF0C
:1086E00006B02A462346BDE8F04DFEF76FBE284689
:1086F00024F0004100223D463B46FEF70BFF4FF0C1
:10870000FF32FFF78FF90646024653480F460B46E5
:1087100006217844FFF794FA32463B46FEF7FDFE09
:10872000CDE900014D4832463B4604217844FFF72D
:1087300087FA32463B46FEF7F0FE00222B46FEF754
:1087400045FE834602913046394600F05DFA804688
:1087500043480D46504517DCDDE900015A46029BAF
:10876000FEF74DFF42462B46FEF7D7FE42462B460C
:10877000FEF72CFE0122FFF755F9304A304BFEF789
:10878000C6FE304A304B4CE04FF0000A52460B46D2
:108790004046FEF71BFECDE9031052462B4610461D
:1087A0001946FEF7BAFE32463B46FEF7B3FEDDE958
:1087B0000332FEF724FF06460F46DDE900015A4664
:1087C000029BFEF71CFF834600910122304639468A
:1087D000FFF728F9194A1A4BFEF79CFE06460F468A
:1087E000012240462946FFF71DF95A46009BFEF735
:1087F00094FE32463B46FEF78AFE06460F460122AD
:1088000050462946FFF70EF90E4DDFF858802A46EC
:108810004346FEF77FFE32463B46FEF77BFE2A4686
:108820004346FEF777FE002CD8BF81F0004106B02A
:10883000BDE8F08D0000F03F0000F07F075C1433CE
:1088400026A6913C182D4454FB21F93F0000E03F3F
:108850002012000036120000AA110000C011000012
:108860003333EF3FFB21E93F2DE9F84F04460D4636
:1088700021F0004000917349814211DC7249884225
:1088800001DC06D12CB120462946BDE8F84FFFF7A0
:108890002CBA6E48002DCCBF6D496E49BDE8F88FEB
:1088A0006D49814211DD6D498142D8BF4FF0FF36DD
:1088B0006DDD20462946FFF7AFF9042808BFFFF712
:1088C0001FFA20462946BDE8F88F6549654F25F017
:1088D0000045814233DD6449814219DD002632467C
:1088E0004FF0804320462946FEF770FD80468A46B9
:1088F000012220462946FFF795F800223B46FEF765
:1089000006FE42465346FEF77AFE04460D463EE01A
:1089100001260022BA463B4620462946FEF756FD70
:1089200080460F460022534620462946FEF7EFFDBB
:1089300042463B46FEF763FE04460D4627E04B49A0
:1089400081421BDDDFF828A1022600225346204683
:108950002946FEF7E2FD00223B46FEF737FD804642
:108960000F460022534620462946FEF7D0FD4246D8
:108970003B46FEF744FE04460D4608E00326224629
:108980002B4600203B49FEF73AFE04460D462246A0
:108990002B4610461946FEF7C0FD8B46824602461E
:1089A0000B46FEF7BAFD07460246334888460B469B
:1089B00006217844FFF744F952465B46FEF7ADFDC9
:1089C00082462E488B463A46434605217844FFF7B7
:1089D00037F93A464346FEF7A0FD02460B46002E05
:1089E000504659460CDAFEF7F1FC22462B46FEF7BC
:1089F00094FD01B022462B46BDE8F04FFEF78ABD3C
:108A0000FEF7E4FC22462B46FEF787FD1C4A7A441B
:108A100002EBC603D3E90023FEF779FD22462B467D
:108A2000FEF775FD174A7A4402EBC603D3E900232B
:108A3000FEF770FD009A002AB8BF81F00041BDE842
:108A4000F88F0000000010440000F07F182D4454FF
:108A5000FB21F93FFB21F9BF0000DC3F0000203E75
:108A60000000F33F0000F03F0000E63F00800340BD
:108A70000000F83F0000F0BFC20F0000800F0000B0
:108A80001E0F0000E60E00002DE9F04D9446CCF1DB
:108A9000000423F000464CEA0404524F46EAD47422
:108AA0009A46884621F00042BC4206D8454240EA38
:108AB000050442EAD474BC4204D9BDE8F04D6246D4
:108AC000FFF716B9AAF14055A5F17F6555EA0C04E8
:108AD0000BD0022404EAAA74434DDFF810E144EA03
:108AE000D87452EA000B04D00CE0BDE8F04DFFF75B
:108AF000BBBE002C14BF012CBDE8F08D022C30D081
:108B0000032C32D056EA0C0B0AD0BE4220D1BA4216
:108B100009D126F0804622F080423346114617E004
:108B200000291ADB25E0DFF8C8B0FB44002C04BFA5
:108B3000DBE90001BDE8F08D012C02BFDBE900019B
:108B400081F00041BDE8F08D022C0AD0032C0CD03E
:108B5000BA4212D1B8F1000F0BDA23482549BDE81B
:108B6000F08D28462449BDE8F08D28467146BDE8C1
:108B7000F08D1D482149BDE8F08D921B12153C2A4D
:108B8000C4BF19481D490EDCBAF1000FBEBF12F177
:108B90003C0F0020014606DB6246FEF730FD21F067
:108BA0000041FFF761FE002C08BFBDE8F08D012CED
:108BB00004BF81F00041BDE8F08D114A114B022C39
:108BC00007D0FEF7A4FC2A46BDE8F04D0A4BFEF79D
:108BD0009EBCFEF79CFC2A46BDE8F04D064BFEF716
:108BE00099BC00000000F07F182D4454FB2109C0FF
:108BF0007A0E0000FB21F9BFFB210940FB21F93F60
:108C0000075C143326A6A13C2DE9F04106460F4629
:108C1000FEF772FF041E0D4618BF0120284320F006
:108C20000040C0F17F6000F1E040C00F0ED0301C6A
:108C300018BF0120384320F00040C0F17F6000F1F0
:108C4000E040C00F04BF0120FFF772F8204629461C
:108C5000BDE8F081000000003333333333D3564096
:108C6000E17A14AE47E1CA3F6666666666661440FE
:108C70009A9999999999B93F68000004760054012E
:108C8000F7FD000175191A0C6A231B1C1F20727452
:108C9000433B4138393A6B6C376F06246D6E700078
:108CA00083000000000800000001001832000500E9
:108CB000000020410000D242295C0F3E9A99993E63
:108CC0003333733F295C0F3E000070000000002426
:108CD000000000020003000000650054FFEF0000E8
:108CE000FA80000B12820001030C30C30E8C8CE959
:108CF00014D5400213710F8E3883F8833000F88347
:108D0000258EF8833000F883FFFFFFFF0FFEA9D602
:108D1000240004001A8279A10000003CFFFF00003B
:108D20000010000038836FA2003E033040000000B6
:108D300002CAE3093E80000020000000000000009D
:108D40004000000060000000000C0000000C186EE5
:108D5000000006920A16C0DFFFFF0256FD8CD37793
:108D6000FFE1C496E0C5BEAA00000000FFFF0B2B88
:108D700000001657000003594000000000001DFAD3
:108D800000026C1D000000003FFFDFEB003EB3B6A9
:108D9000000D227800002F3C00000000001942B5B1
:108DA000000039A20000B365D90E9FC91DCF4C3415
:108DB00030000000500000003BB67AE8006400007C
:108DC00000C8000000000000100000001000FA922F
:108DD0001000225E000D229F000100000032000002
:108DE000FF46000063D400001000000004D600001D
:108DF00004CC000004CC0000000010720000004011
:108E0000000000000000000000060002000500074E
:108E100000000000006400000000000000000005E9
:108E200000050064002000000000000000000000B9
:108E3000000040000000030000000032F89800002D
:108E4000FF650000830F0000FF9BFC000000000096
:108E50000000000000000000000000000000000012
:108E60000000000000000000000000000000000002
:108E7000000000000000100040000000000000069C
:108E80000000B26A000200000001FB8300680000DD
:108E900000D9FC007CF1FF830000000000650000A9
:108EA000006403E8006400280000002500000000C2
:108EB00016A000000000100000001000002F0000AD
:108EC000000001F40000100000280000FFFF4581B1
:108ED000FFFFFA72000000000000000000440005DF
:108EE0000005BAC6004778A200000001000000009B
:108EF00000000600000000140000254D002F706DDA
:108F0000000005AE000C02D00000000000000000D0
:108F10000000000000000000001B00000000000036
:108F200000000000000000000064000000080000D5
:108F30000000000000000000000000000000000031
:108F40000000000000000000000000000000000021
:108F50000000000000000000000000000000000011
:108F60000000000000000000000000000000000001
:108F700000000000000000000000000000000000F1
:108F80000000000000000000001B000000000000C6
:108F900000000000000E000E00000AC700040000E0
:108FA00000000032FFFFFF9C00000B2B00000002BE
:108FB0000000000100000064FFE500000000000068
:108FC00000000000000000000000000100000000A0
:108FD000000100000000000000018000000180008E
:108FE00000018000002426D30000000000000000E3
:108FF000000600100096003C000000000000000089
:1090000000000000000000000C0A4E68CDCF770978
:1090100050166759C619CE820000000000000000FB
:109020000000000000000000000000000000000040
:1090300017D78400030000000000000000000000BB
:10904000C7938F9D1E1B1C1900000000000000002C
:109050000000000000000000000000000000000010
:109060000203188500004000000000030000000318
:1090700000000000000000004000000000000000B0
:1090800000000000000000000000000000000000E0
:1090900000000000000000000000000000000000D0
:1090A000000000000000000000000000677DDF7E7F
:1090B00072902E554CF6E68800000000000000007B
:1090C0000000000000000000D8DCB4B8B0D8B9AB94
:1090D000F3F8FAB3B7BB8E9EAEF132F51BF1B4B81C
:1090E000B08097F1A9DFDFDFAADFDFDFF2AAC5CD0D
:1090F000C7A90CC92C97F1A989264666B28999A9F6
:109100002D557DB0B08AA896365676F1BAA3B4B282
:1091100080C0B8A89711B28398BAA3F0240844106D
:109120006418B2B9B49883F1A329557DBAB5B1A337
:109130008393F0002850F5B2B6AA839328547CF1AB
:10914000B9A3829361BAA2DADEDFDB819AB9AEF508
:10915000606870F1DABAA2DFD9BAA2FAB9A3829232
:10916000DB31BAA2D9BAA2F8DF85A4D0C1BBAD83E6
:10917000C2C5C7B8A2DFDFDFBAA0DFDFDFD8D8F112
:10918000B8AAB38DB4980D355DB2B6BAAF8C961946
:109190008F9FA70E161EB49AB8AA872C547CBAA427
:1091A000B08AB691325676B28494A4C808CDD8B8A5
:1091B000B4B0F19982A82D557D98A80E161EA22C48
:1091C000547C92A4F02C5078F184A898C4CDFCD89B
:1091D0000DDBA8FC2DF3D9BAA6F8DABAA6DED8BA08
:1091E000B2B68696A6D0F3C841DAA6C8F8D8B0B40D
:1091F000B882A892F52C548898F135D9F418D8F192
:10920000A2D0F8F9A884D9C7DFF8F883C5DADF69F6
:10921000DF83C1D8F40114F1A8824EA884F311D1E0
:1092200082F5D992289788F109F41C1CD884A8F3F8
:10923000C0F9D1D99782F129F40DD8F3F9F9D1D930
:1092400082F4C203D8DEDF1AD8F1A2FAF9A8849812
:10925000D9C7DFF8F8F883C7DADF69DFF883C3D846
:10926000F40114F198A8822EA884F311D182F5D9C3
:1092700092509788F109F41CD884A8F3C0F8F9D16A
:10928000D99782F149F40DD8F3F9F9D1D982F4C410
:1092900003D8DEDFD8F1AD8898CCA809F9D982923D
:1092A000A8F57CF1883ACF944A6E98DB6931DAAD43
:1092B000F2DEF9D88795A8F221D1DAA5F9F417D909
:1092C000F1AE8ED0C0C3AE82C684C3A88595C8A5B2
:1092D00088F2C0F1F4010EF18E9EA8C63E56F554F8
:1092E000F18872F40115F19845856EF58E9E04881B
:1092F000F142985A8E9E068869F4011CF1981E115D
:1093000008D0F504F11E970202983625DBF9D985BD
:10931000A5F3C1DA85A5F3DFD88595A8F309DAA509
:10932000FAD88292A8F578F1881A849F2688982125
:10933000DAF41DF3D8879F39D1AFD9DFDFFBF9F419
:109340000CF3D8FAD0F8DAF9F9D0DFD9F9D8F40B60
:10935000D8F3879F39D1AFD9DFDFF41DF3D8FAFCFA
:10936000A869F9F9AFD0DADEFAD9F88F9FA8F1CC65
:10937000F398DB45D9AFDFD0F8D8F18F9FA8CAF3B7
:109380008809DAAF8FCBF8D8F2AD978D0CD9A5DF6D
:10939000F9BAA6F3FAF412F2D8950DD1D9BAA6F318
:1093A000FADAA5F2C1BAA6F3DFD8F1BAB2B6869658
:1093B000A6D0CAF349DAA6CBF8D8B0B4B8D8AD84F1
:1093C000F2C0DFF18FCBC3A8B2B68696C8C1CBC3BB
:1093D000F3B0B48898A821DB718D9D71859521D952
:1093E000ADF2FAD88597A828D9F408D8F28D29DAF1
:1093F000F405D9F285A4C2F2D8A88D9401D1D9F48C
:1094000011F2D88721D8F40AD8F28498A8C801D1DB
:10941000D9F411D8F3A4C8BBAFD0F2DEF8F8F8F84D
:10942000F8F8F8F8D8F1B8F6B5B9B08A95A3DE3CEB
:10943000A3D9F8D85CA3D9F8D87CA3D9F8D8F8F97F
:10944000D1A5D9DFDAFAD8B18530F7D9DED8F8302E
:10945000ADDADED8F2B48C99A32D557DA083DFDF81
:10946000DFB591A0F629D9FBD8A0FC29D9FAD8A05C
:10947000D051D9F8D8FC51D9F9D879D9FBD8A0D096
:10948000FC79D9FAD8A1F9F9F9F9F9A0DADFDFDF27
:10949000D8A1F8F8F8F8F8ACDEF8ADDE8393AC2C80
:1094A000547CF1A8DFDFDFF69D2CDAA0DFD9FADBF0
:1094B0002DF8D8A850DAA0D0DED9D0F8F8F8DB55CE
:1094C000F8D8A878DAA0D0DFD9D0FAF8F8F8F8DB25
:1094D0007DF8D89CA88CF530DB38D9D0DEDFA0D061
:1094E000DEDFD8A848DB58D9DFD0DEA0DFD0DED859
:1094F000A868DB70D9DFDFA0DFDFD8F1A888902C67
:10950000547C98A8D05C38D1DAF2AE8CDFF9D8B0B0
:1095100087A8C1C1B188A8C6F9F9DA36D8A8F9DA9E
:1095200036D8A8F9DA36D8A8F9DA36D8A8F9DA366A
:10953000D8F78D9DADF818DAF2AEDFD8F7ADFA3076
:10954000D9A4DEF9D8F2AEDEFAF983A7D9C3C5C72C
:10955000F1889BA77AADF7DEDFA4F8849408A7977B
:10956000F300AEF29819A488C6A39488F632DFF20D
:109570008393DB09D9F2AADFD8D8AEF8F9D1DAF3B0
:10958000A4DEA7F1889B7AD8F38494AE19F9DAAAFD
:10959000F1DFD8A881C0C3C5C7A39283F628ADDE8A
:1095A000D9F8D8A350ADD9F8D8A378ADD9F8D8F860
:1095B000F9D1A1DADEC3C5C7D8A18194F818F2B0F9
:1095C00089ACC3C5C7F1D8B8B4B09786A8319B069B
:1095D0009907AB9728889BF00C201440B0B4B8F0E2
:1095E000A88A9A285078B79BA829517924705944A1
:1095F0006938644831F1BBAB88002C547CF0B38BE4
:10960000B8A804285078F1B088B49726A85998BB18
:10961000ABB38B02264666B0B8F08A9CA829517974
:109620008B2951798A2470598B2058718A44693862
:109630008B3940688A6448318B30496088F1AC00CE
:109640002C547CF08CA804285078F1889726A859CF
:1096500098AC8C02264666F0899CA8295179247022
:1096600059446938644831A98809205970AB1138C8
:109670004069A8193148608CA83C415C207C00F10D
:1096800087981986A86E767EA999882D557DD8B1C0
:10969000B5B9A3DFDFDFAED0DFAAD0DEF2ABF8F9D9
:1096A000D9B087C4AAF1DFDFBBAFDFDFB9D8B1F132
:1096B000A3978E60DFB084F2C8F8F9D9DED893851D
:1096C000F14AB183A308B5839A0810B79F10D8F167
:1096D000B0BAAEB08AC2B2B68E9EF1FBD9F41DD834
:1096E000F9D90CF1D8F8F8AD61D9AEFBD8F40CF18A
:1096F000D8F8F8AD19D9AEFBDFD8F416F1D8F8AD2B
:109700008D61D9F4F4ACF59C9C8DDF2BBAB6AEFA22
:10971000F8F40BD8F1AED0F8AD51DAAEFAF8F1D8D2
:10972000B9B1B6A3839C08B9B1839AB5AAC0FD307C
:1097300083B79F10B58B93F20202D1ABDADED8F17A
:10974000B080BAABC0C3B284C1C3D8B1B9F38BA3E4
:1097500091B609B4D9ABDEB0879CB9A3DDF1B38B68
:109760008B8B8B8BB087A3A3A3A3B28BB69BF2A3E7
:10977000A3A3A3A3A3A3A3A3A3F1B087B59AA3F321
:109780009BA3A3DCBAACDFB9A3A3A3A3A3A3A3A306
:10979000A3A3A3A3A3A3A3A3D8D8D8BBB3B7F1AA69
:1097A000F9DAFFD9809AAA28B48098A720B79787BA
:1097B000A86688F07951F1902C870CA78197629365
:1097C000F071716085940129517990A5F1284C6C54
:1097D000870C95188578A38390284C6C886CD8F3F7
:1097E000A28200F210A8921980A2F2D926D8F1889C
:1097F000A84DD948D896A83980D93CD89580A839A1
:10980000A68698D92CDA87A72CD8A8899519A9807B
:10981000D938D8A88939A980DA3CD8A82EA8399097
:10982000D90CD8A8953198D90CD8A809D9FFD80156
:10983000DAFFD89539A9DA26FFD890A80D8999A81A
:1098400010809821DA2ED88999A83180DA2ED8A8EC
:1098500086963180DA2ED8A8873180DA2ED8A88271
:1098600092F34180F1D92ED8A882F31980F1D92E34
:10987000D882ACF3C0A28022F1A62EA72EA92298EE
:10988000A829DAACDEFFD8A2F22AF1A92E8292A88A
:10989000F23180A696F1D900AC8C9C0C30ACDED0B5
:1098A000DEFFD88C9CACD010ACDE8092A2F24C8251
:1098B000A8F1CAF235F19688A6D900D8F1FF0000C8
:1098C000555555555555C53F7D6FEB0312D6D4BF41
:1098D0005544880E55C1C93F3B8F68B52882A4BF47
:1098E00088B20175E0EF493F09F7FD0DE13D023F08
:1098F0004B2D8A1C273A03C0C88A599CE52A004090
:1099000059018D1B6C06E6BF82922EB1C5B8B33FDC
:109910004FBB610567ACDD3F182D4454FB21E93F87
:109920009BF681D20B73EF3F182D4454FB21F93F76
:10993000E2652F227F2B7A3C075C143326A6813CFC
:10994000BDCBF07A8807703C075C143326A6913CA7
:10995000C4EB98999999C9BF711623FEC671BCBF13
:109960006D9A74AFF2B0B3BF9AFDDE522DDEADBF7B
:109970002F6C6A2C44B4A2BF0D5555555555D53F93
:10998000FF8300922449C23F6E204CC5CD45B73FAE
:10999000513DD0A0660DB13FEB0D76244B7BA93F26
:1099A00011DA22E33AAD903F000000000000000011
:1099B0002050726F6475637420494420726561643D
:1099C000206173203020696E64696361746573205F
:1099D000646576696365206973206569746865727A
:1099E00020696E636F6D70617469626C65206F725F
:1099F00020616E204D5055333035302E0A00000066
:109A0000209A000800000020B80100009A7B00089E
:109A1000789A0008B801002088050000207D000821
:109A2000412D010203040410090607080902040677
:109A30000884A24A04691832FF29045201034280B3
:109A40003F032E40410770A042CDCCCC3D03168889
:109A50001323200330096F12833AA69B443B072946
:109A60003F0AD7A33B01EB803F0C13848C1B087883
:089A70000401205AA0240000AB
:04000005080000ED02
:00000001FF
