:020000040800F2
:10000000680700201D470008B9310008BB3100080F
:10001000BF310008C3310008C731000800000000EC
:10002000000000000000000000000000CB310008CC
:10003000CD31000800000000CF310008D1310008A8
:100040003747000837470008374700083747000898
:10005000374700083747000837470008D7450008EA
:100060003747000837470008374700083747000878
:100070003747000837470008374700083747000868
:100080003747000837470008374700083747000858
:100090003747000837470008374700083747000848
:1000A0003747000839450008374700083747000838
:1000B00037470008652800087528000837470008FA
:1000C0003747000837470008374700083747000818
:1000D0003747000837470008374700083747000808
:1000E000374700083747000837470008DFF80CD0CB
:1000F00007F080FE004800478126000868070020BE
:1001000031490143314A1160704770B50021002325
:100110000F22C47804B32D4C246804F4E064C4F5C1
:10012000E064210AC1F10403CA40447804FA03F1EF
:100130008478144021430901254C0678A1550478A0
:1001400004F01F050124AC4005786D11AD0005F1E8
:10015000E025C5F8004109E0047804F01F050124FA
:10016000AC401C4D0678761145F8264070BD1A4A01
:100170000A400243154B1B1F1A60704739B1134ADE
:10018000121D12680243114B1B1D1A6006E00F4A34
:10019000121D126882430D4B1B1D1A607047042804
:1001A00008D14FF0E021096941F004014FF0E0224D
:1001B000116107E04FF0E021096921F004014FF0DF
:1001C000E0221161704700000000FA050CED00E02C
:1001D00000E400E080E100E080FFFF1F00204449D0
:1001E0000860091D0860091D0860091D0860414874
:1001F0003F4914310860704700213D498279002A47
:100200003AD00A46126803689A430B461A600A1DE0
:10021000126803689A430B1D1A60027911440A6838
:1002200003681A430A60324A0832126803689A4324
:100230002F4B08331A601A1D126803689A432C4B1F
:100240000C331A604279102A0ED11A1F1268036803
:100250001A43274B08331A601A1D126803681A43A1
:10026000234B0C331A600DE02149427911440A688E
:1002700003681A430A6005E0027911440A680368BA
:100280009A430A6070470021016001710C2141719D
:100290000021817170471649103109680143144AE1
:1002A00010321160704701460020114A1432126862
:1002B0000A400AB1012000E0002070470C491431C7
:1002C00008607047014600200022094B1B6803EAC2
:1002D0000102074B14331B680B4013B10AB1012014
:1002E00000E00020704702491431086070470000A8
:1002F00000040140FFFF0F0010B50446CC488442C3
:1003000008D10121042000F02DFB0021042000F081
:1003100029FB46E0C748844208D10121082000F0AB
:1003200021FB0021082000F01DFB3AE0C248844276
:1003300008D10121102000F015FB0021102000F051
:1003400011FB2EE0BD48844208D10121202000F09D
:1003500009FB0021202000F005FB22E0B848844280
:1003600008D10121402000F0FDFA0021402000F0DA
:10037000F9FA16E0B348844208D10121802000F048
:10038000F1FA0021802000F0EDFA0AE0AE48844244
:1003900007D10121801500F0E5FA0021A01500F039
:1003A000E1FA10BD10B50121084600F0DBFA00218A
:1003B000012000F0D7FA10BD2DE9F04102460025DA
:1003C0000026002000230024002791F803C00CF031
:1003D0000F0591F803C00CF0100CBCF1000F03D016
:1003E00091F802C04CEA050591F800C0BCF1000F7D
:1003F00031D0146800202BE04FF0010C0CFA00F310
:10040000B1F800C00CEA03069E4220D183004FF0F1
:100410000F0C0CFA03F7BC4305FA03FC4CEA040486
:1004200091F803C0BCF1280F06D14FF0010C0CFA73
:1004300000FCC2F814C00AE091F803C0BCF1480FF8
:1004400005D14FF0010C0CFA00FCC2F810C0401CA2
:100450000828D1D31460B1F800C0BCF1FF0F34DD1F
:10046000546800202EE000F1080C4FF0010808FA53
:100470000CF3B1F800C00CEA03069E4221D18300C0
:100480004FF00F0C0CFA03F7BC4305FA03FC4CEADF
:10049000040491F803C0BCF1280F05D100F1080C49
:1004A00008FA0CF8C2F8148091F803C0BCF1480FA8
:1004B00007D100F1080C4FF0010808FA0CF8C2F857
:1004C0001080401C0828CED35460BDE8F0814FF660
:1004D000FF710180022181700421C17070470246C2
:1004E000002093680B400BB1012000E00020704712
:1004F0000146886880B2704702460020D3680B40EE
:100500000BB1012000E0002070470146C86880B2AE
:10051000704701617047416170470AB1016100E0B5
:1005200041617047C16070474FF480320A43826175
:100530008161826182698269704702460020434B73
:1005400018684FF68073184040EA021008433F4B8A
:10055000186070473E49C8617047F0B50A460023ED
:1005600000240021002500F00046B6F1004F02D122
:10057000364EF16901E0354E7168C0F3034583B230
:1005800000F44016B6F5401F08D121F070612F4EDF
:10059000766826F070662D4F7E6012E000F48016BB
:1005A000B6F5801F06D1032606FA05F4A14341F0F3
:1005B000706106E0460D360103FA06F6B14341F0DC
:1005C000706122B1460D360103FA06F6314300F0A0
:1005D0000046B6F1004F02D11C4EF16101E01B4E06
:1005E0007160F0BD30B500228B071C0F0F2303FA9A
:1005F00004F2164B08338C1053F824309343134CF9
:1006000008348D1044F8253023468C1053F82430DC
:100610008C07240F00FA04F423430C4C08348D108B
:1006200044F8253030BD0A49DC31086070470000CD
:1006300000080140000C014000100140001401407E
:1006400000180140001C0140002001400000014052
:1006500000002042DF48006840F00100DD490860EA
:1006600008464068DC490840DA49486008460068A6
:10067000DA490840D74908600846006820F480201D
:1006800008600846406820F4FE0048604FF41F00F0
:1006900088607047CF49096821F48031CD4A1160E4
:1006A0001146096821F480211160B0F5803F03D024
:1006B000B0F5802F0ED106E0C649096841F48031BB
:1006C000C44A116007E0C349096841F4A021C14A46
:1006D000116000E000BF00BF704710B50146002266
:1006E000002300204A11012A02D1BA4C236806E0F7
:1006F000022A02D1B74C236A01E0B64C636A01F0CA
:100700001F02012494401C400CB1012000E0002095
:1007100010BD38B5002000900024002500BF312016
:10072000FFF7DBFF05460098401C00900098B0F5ED
:10073000A06F01D0002DF2D03120FFF7CEFF08B11D
:10074000012400E00024204638BD01460020A14AD3
:10075000106820F0F80040EAC10010607047A0491E
:1007600008607047024600209A4B586820F47C10BD
:1007700042EA01031843974B58607047984908664E
:10078000704701460020934A506820F00300084358
:10079000506070478F48406800F00C007047014679
:1007A00000208C4A506820F0F000084350607047E9
:1007B00001460020874A506820F4E06008435060FA
:1007C000704701460020834A506820F4605040EA98
:1007D000C1005060704729B17E4A527A02437D4B76
:1007E0005A7204E07B4A527A82437A4B5A727047BB
:1007F0007B49D8310860704701460020754A50682F
:1008000020F440400843506070470021714A203274
:100810001170704A82F82010012802D004280AD1F1
:1008200004E001216B4A2032117005E00521694A7C
:100830002032117000E000BF00BF704769490860B6
:1008400070476449096A0143624A11627047654909
:1008500044390860704730B500210022002400238D
:100860005C4D6D6805F00C0121B1042905D0082903
:1008700023D105E05C4D056022E05B4D05601FE083
:10088000544D6D6805F47012524D6D6805F4803456
:10089000022505EB92421CB9544D554305600BE00F
:1008A0004C4D6D6805F400351DB1504D5543056044
:1008B00002E04D4D5543056002E04B4D056000BF21
:1008C00000BF444D6D6805F0F0010909484D6B5CAF
:1008D0000568DD4045603F4D6D6805F4E061090A3B
:1008E000434D6B5C4568DD4085603A4D6D6805F4AD
:1008F0006051C90A3E4D6B5C4568DD40C560354DB1
:100900006D6805F44041890B3A4D6B5CC568B5FBD9
:10091000F3F5056130BD29B12E4A526902432D4BD2
:100920005A6104E02B4A526982432A4B5A6170474C
:1009300029B1284A92690243264B9A6104E0254A6C
:1009400092698243234B9A61704729B1214AD26947
:100950000243204BDA6104E01E4AD26982431D4BF8
:10096000DA61704729B11B4AD2680243194BDA6039
:1009700004E0184AD2688243164BDA60704729B106
:10098000144A12690243134B1A6104E0114A1269B6
:100990008243104B1A617047124940390860704712
:1009A0000F49C86470470B49C87170470948406ACD
:1009B00040F0807007494862704701460020054AB0
:1009C00092680A400AB1012000E000207047014906
:1009D00088727047001002400000FFF8FFFFF6FE2B
:1009E000000042428004424200127A0000093D00A9
:1009F000000000201000002010B50446FE4884428C
:100A000008D10121C014FFF7ADFF0021E014FFF76A
:100A1000A9FFC4E0B4F1804F08D101210846FFF7D7
:100A2000AEFF00210120FFF7AAFFB8E0F34884429F
:100A300008D101210220FFF7A2FF00210220FFF7C9
:100A40009EFFACE0EE48844208D101210420FFF76C
:100A500096FF00210420FFF792FFA0E0E9488442BE
:100A600008D101210820FFF78AFF00210820FFF7A5
:100A700086FF94E0E448844208D101211020FFF76A
:100A80007EFF00211020FFF77AFF88E0DF488442D4
:100A900008D101212020FFF772FF00212020FFF75D
:100AA0006EFF7CE0DA48844208D101214014FFF750
:100AB00059FF00216014FFF755FF70E0D5488442CC
:100AC00009D10121C804FFF74DFF00214FF4002098
:100AD000FFF748FF63E0D048844209D101210805AF
:100AE000FFF740FF00214FF48010FFF73BFF56E077
:100AF000CA48844209D101214805FFF733FF00218C
:100B00004FF40010FFF72EFF49E0C548844208D19A
:100B100001214020FFF733FF00214020FFF72FFF86
:100B20003DE0C048844208D101218020FFF727FF23
:100B300000218020FFF723FF31E0BB48844208D129
:100B400001218015FFF71BFF0021A015FFF717FFFC
:100B500025E0B648844209D101210804FFF702FFCD
:100B600000214FF48030FFF7FDFE18E0B0488442CA
:100B700009D101214804FFF7F5FE00214FF40030B0
:100B8000FFF7F0FE0BE0AB48844208D10121880456
:100B9000FFF7E8FE00214FF48020FFF7E3FE10BDD1
:100BA00000220288944B98420ED0994B98420BD069
:100BB000B0F1804F08D0914B984205D0904B9842AD
:100BC00002D0904B984204D14FF68F731A404B8855
:100BD0001A438D4B984207D08C4B984204D04FF665
:100BE000FF431A40CB881A4302808B8883850B8889
:100BF0000385814B98420BD0854B984208D08B4B94
:100C0000984205D08A4B984202D08A4B984201D133
:100C10000B7A038601238382704770B5002400227B
:100C20000023058C4FF6FE7635400584028C8388C0
:100C3000048B4FF68F752C40B51E2C400D882C432D
:100C4000751E2A400D892A434D882A436A4DA842C1
:100C50000BD06F4DA84208D0744DA84205D0744DFA
:100C6000A84202D0734DA84213D14FF6F7752A401F
:100C70004D892A434FF6FB752A408D882A434FF64B
:100C8000FF652B404FF6FF552B408D892B43CD89B7
:100C90002B4383800483CD888586028470BD70B524
:100CA000002400220023058C4FF6EF7635400584A2
:100CB000028C8388048B48F6FF752C404FF6FF4565
:100CC0002C400D884FF6FF7606EA05252C434FF69B
:100CD000DF752A400D8906EA05152A434D8806EA84
:100CE00005152A43444DA84202D0494DA8421DD1C2
:100CF0004FF67F752A404D894FF6FF7606EA0515B7
:100D00002A434FF6BF752A408D8806EA05152A4307
:100D10004FF6FF352B404FF2FF752B408D8906EAC9
:100D200085052B43CD8906EA85052B438380048303
:100D3000CD880587028470BD70B500240022002391
:100D4000058C4FF6FF6635400584028C8388848BC2
:100D50004FF68F752C404FF6FC752C400D882C43B8
:100D60004FF6FF552A400D894FF6FF7606EA052516
:100D70002A434D8806EA05252A431F4DA84202D082
:100D8000234DA8421DD14FF2FF752A404D894FF6E1
:100D9000FF7606EA05252A434FF6FF352A408D885F
:100DA00006EA05252A434EF6FF752B404DF6FF75E2
:100DB0002B408D8906EA05152B43CD8906EA0515DA
:100DC0002B4383808483CD888587028470BD70B572
:100DD000002200230024058C4EF6FF763540058462
:100DE000038C8488828B48F6FF752A404FF6FF45B6
:100DF0002A400D8820E00000002C01400004004043
:100E000000080040000C00400010004000140040AA
:100E100000340140004C01400050014000540140AA
:100E200000180040001C004000200040004001402D
:100E300000440140004801404FF6FF7606EA0525D0
:100E40002A434DF6FF752B400D8906EA05352B43E5
:100E50004D8806EA05352B43FA4DA84202D0FA4DDB
:100E6000A84208D14BF6FF752C408D894FF6FF76CE
:100E700006EA85152C4384808283CD88A0F84050F3
:100E8000038470BD828B4FF2FF331A408283828BC2
:100E90004FF6FF7303EA01231A4382837047F0B5CC
:100EA0000C461546002200210026078C4EF6FF7CDA
:100EB00007EA0C070784828B018C4FF6FF7707EA5D
:100EC000043640F6FF473A404FF6FF7707EA05271A
:100ED0003A434FF6FF7707EA03373A43D94FB84210
:100EE0000ED0D94FB8420BD0B0F1804F08D0D74FB9
:100EF000B84205D0D64FB84202D0D64FB84206D13C
:100F00004DF6FF77394046F48057394305E047F600
:100F1000FF57394044F48057394382830184F0BD40
:100F2000828B4FF6F3731A408283828B0A4382834B
:100F30007047F0B50C461546002200210026078CAC
:100F40004FF6FF6C07EA0C070784828B018C4FF683
:100F5000FF7707EA04264FF60C773A404FF6FF7703
:100F600007EA03172F433A43B64FB8420ED0B64FA5
:100F7000B8420BD0B0F1804F08D0B44FB84205D082
:100F8000B34FB84202D0B34FB84206D14FF6FF5725
:100F9000394046F48077394305E04FF2FF57394036
:100FA00044F48077394382830184F0BD028B4FF291
:100FB000FF331A400283028B4FF6FF7303EA0123CB
:100FC0001A4302837047F0B50C46154600220021F3
:100FD0000026078C4FF6EF7C07EA0C070784028B8C
:100FE000018C4FF6FF7707EA041640F6FF473A40B8
:100FF0004FF6FF7707EA03373A434FF6FF7707EAE2
:1010000005273A438F4FB8420ED08F4FB8420BD0CE
:10101000B0F1804F08D08D4FB84205D08C4FB84208
:1010200002D08C4FB84206D14FF6DF77394046F0F8
:101030001007394305E04FF65F77394044F0100759
:10104000394302830184F0BD028B4FF6F3731A40DB
:101050000283028B0A4302837047F0B50C461546A3
:1010600000220021068C4FF6FE773E400684028B5C
:10107000018C4FF60C7632407E1C06EA03162E4396
:101080003243704EB0420ED06F4EB0420BD0B0F132
:10109000804F08D06D4EB04205D06D4EB04202D0A8
:1010A0006C4EB04206D14FF6FD76314044F0010659
:1010B000314305E04FF6F576314044F00106314307
:1010C00002830184F0BD70B505460C465D4885423B
:1010D0000ED05D4885420BD0B5F1804F08D05B48FB
:1010E000854205D05A48854202D05A48854200D1EF
:1010F00000E000BF208850B92389A2886188284673
:10110000FFF7ABFFE1882846FFF79EFF25E0208828
:1011100004280AD12389A28861882846FFF753FF53
:10112000E1882846FFF742FF17E0208808280AD107
:101130002389A28861882846FFF7FBFEE1882846BC
:10114000FFF7EEFE09E02389A28861882846FFF7B1
:10115000A6FEE1882846FFF795FE70BD2DE9F04117
:1011600005460C4600260127608808B9022600E0E3
:101170000026A088012801D1022700E0012720884D
:10118000A0B92389A28861882846FFF766FFE18815
:101190002846FFF759FF23893A4631462846FFF78C
:1011A00012FFE1882846FFF701FF13E02389A28898
:1011B00061882846FFF707FFE1882846FFF7F6FE1B
:1011C00023893A4631462846FFF747FFE1882846FB
:1011D000FFF73AFFBDE8F0810A884B881A438B88F5
:1011E0001A43CB881A430B891A434B891A438B89BC
:1011F0001A43A0F8442070474FF6FF718180002108
:101200000180C180418001727047002101804180CE
:101210008180C180018141818181C181704700212C
:1012200001804180012181800021C18001817047BE
:101230000021018041808180C180018141818181C3
:1012400070470000002C01400034014000040040C1
:1012500000080040000C004021B1028842F0010269
:10126000028004E002884FF6FE731A400280704745
:1012700031B1B0F8442042F40042A0F8442005E027
:10128000B0F84420C2F30E02A0F8442070471AB10F
:1012900083890B43838102E083898B438381704779
:1012A0008182704741EA0203A0F8483070471AB1C2
:1012B00083890B43838102E083898B438381704759
:1012C00001894FF6F8721140018170470A460021EA
:1012D00001894FF68F73194011430181704730B572
:1012E00004460D4629462046FFF7F0FF208940F0CE
:1012F0000700208130BD2DE9F04104460D46164619
:101300001F46602D06D13B46012231462046FFF79D
:101310005AFE05E03B46012231462046FFF79DFE7E
:1013200029462046FFF7D2FF208940F007002081A0
:10133000BDE8F08130B50C4600210189C9B24FF6F5
:10134000FF7505EA0325154325432943018130BD77
:101350002DE9F04105460E461746984600244346BF
:101360003A4631462846FFF7E5FF2C894FF6F870DC
:10137000044044F007044FF68F70044044F07004BA
:101380002C81BDE8F081F0B504460D4616461F4697
:101390003B46324629462046FFF7CCFF208940F4E1
:1013A00080402081F0BD0185828270470A4600217D
:1013B00001884FF68F731940114301807047F0B5D3
:1013C0000C4615461E460021002200230189028B8F
:1013D000038C4FF6F877394021434FF6FC473A40EB
:1013E00040F201173A434FF6DD773B404FF6FF7767
:1013F00007EA06172F433B43018102830384F0BDB4
:101400000A460021018B4FF68F7319401143018367
:1014100070470A460021018B48F6FF7319404FF6CA
:10142000FF7303EA02231943018370470A46002130
:10143000818B4FF68F7319401143818370470A46A1
:101440000021818B48F6FF7319404FF6FF7303EAC2
:10145000022319438183704721B1028842F0800240
:10146000028004E002884FF67F731A4002807047C2
:1014700021B1828842F00402828004E082884FF623
:10148000FB731A408280704721B1828842F00802C3
:10149000828004E082884FF6F7731A40828070479A
:1014A00021B1828842F00102828004E082884FF6F6
:1014B000FE731A40828070470A460021018B4FF666
:1014C000F77319401143018370470A460021018BCD
:1014D0004FF2FF7319404FF6FF7303EA02231943DB
:1014E000018370470A460021818B4FF6F77319403C
:1014F0001143818370470A460021818B4FF2FF73AD
:1015000019404FF6FF7303EA0223194381837047A2
:101510000A460021018B4FF6FB73194011430183EA
:1015200070470A460021018B4FF6FF3319404FF6F2
:10153000FF7303EA02231943018370470A4600211F
:10154000818B4FF6FB7319401143818370470A4624
:101550000021818B4FF6FF3319404FF6FF7303EAEA
:1015600002231943818370470A460021018B4FF6FD
:101570007F7319401143018370470A460021018B94
:10158000C1F30E014FF6FF7303EA022319430183EF
:1015900070470A460021818B4FF67F731940114333
:1015A000818370470A460021818BC1F30E014FF6FB
:1015B000FF7303EA02231943818370470A4600211F
:1015C000018C4FF6FD7319401143018470470A46A0
:1015D0000021018C4FF6F7731940114301847047C5
:1015E0000A460021018C4FF6DF7319404FF6FF7356
:1015F00003EA02131943018470470A460021018C53
:101600004FF67F7319404FF6FF7303EA0213194335
:10161000018470470A460021018C4FF6FF531940A0
:101620004FF6FF7303EA02231943018470470A4609
:101630000021018C4FF2FF7319404FF6FF7303EA4C
:1016400002231943018470470A460021018C4DF69C
:10165000FF7319404FF6FF7303EA02331943018405
:10166000704730B5002301248C40A3B2048C9C4306
:101670000484048C02FA01F5ADB22C43048430BD1D
:1016800030B5002304248C40A3B2048C9C43048412
:10169000048C02FA01F5ADB22C43048430BD70B560
:1016A0000346002000241846183001258D40ACB2B6
:1016B0001D8CA5431D8409B1082909D100EB6100E7
:1016C000056825F0700505600568154305600EE0A6
:1016D0000D1FC5F34E052844056825F4E045056057
:1016E00005684FF6FF7606EA02263543056070BDB1
:1016F00021B1028842F00202028004E002884FF623
:10170000FD731A400280704721B1028842F0040242
:10171000028004E002884FF6FB731A400280704793
:1017200021B1828842F08002828004E082884FF6F4
:101730007F731A408280704702884FF6F7731A4011
:10174000028002880A430280704782884FF68F73B6
:101750001A40828082880A438280704702894FF64D
:10176000F8731A40028102890A4302817047028994
:101770004FF67F731A40028102890A430281704743
:1017800081847047818570478186704701877047E3
:1017900081877047A0F84010704702884FF6FF43DA
:1017A0001A40028002880A43028070470146888EF0
:1017B00070470146088F70470146888F7047014681
:1017C000B1F8400070470146888C70470146088D8B
:1017D000704702460020138A0B400BB1012000E045
:1017E00000207047CA430282704730B5024600208D
:1017F00000230024158A05EA0103958905EA0104FE
:1018000013B10CB1012000E0002030BDCA430282B8
:101810007047000010B50446FB48844209D10121FD
:101820008803FFF79FF800214FF48040FFF79AF8F4
:1018300032E0F648844209D101214804FFF79FF8BD
:1018400000214FF40030FFF79AF825E0F048844279
:1018500009D101218804FFF792F800214FF480207C
:10186000FFF78DF818E0EB48844209D10121C80444
:10187000FFF785F800214FF40020FFF780F80BE018
:10188000E548844208D101210805FFF778F80021D6
:101890004FF48010FFF773F810BD2DE9F04786B0C4
:1018A00005460E460024A24600BFA1460027B08987
:1018B00000B100BF2F462C8A4CF6FF700440F08820
:1018C00004432C82AC894EF6F3100440B088318971
:1018D0000843718908430443AC81AC8A4FF6FF404A
:1018E0000440B0890443AC8201A8FEF7B4FFC648A7
:1018F000874202D1DDF810A001E0DDF80CA0A88934
:1019000000F4004040B10AEBCA0000EB0A10316855
:101910004900B0FBF1F807E00AEBCA0000EB0A103F
:1019200031688900B0FBF1F86420B8FBF0F00401E5
:101930002009642101FB1089A88900F4004040B10E
:10194000322000EBC900B0FBF1F000F007000443C7
:1019500008E0322000EB09106421B0FBF1F000F048
:101960000F0004432C8106B0BDE8F0874FF41651F8
:10197000016000218180C18001810C214181002111
:101980008181704710B502460020108A4FF2FF0394
:1019900018400B884C8823438C882343CC882343EE
:1019A0001843108210BD0021018041808180C180D8
:1019B000704721B1828942F40052828104E0828919
:1019C0004DF6FF731A4082817047F0B5034600243C
:1019D00000260025002040F66A17B94200D100BF5A
:1019E0001846C1F3421401F01F06012707FA06F555
:1019F000012C01D10C3004E0022C01D1103000E0A8
:101A000014301AB107682F43076002E00768AF433C
:101A10000760F0BD1AB1838A0B43838202E0838A98
:101A20008B4383827047028A4FF6F0731A4002821A
:101A3000028A0A430282704782894FF2FF731A407A
:101A4000828182890A438281704721B1828942F072
:101A50000202828104E082894FF6FD731A4082817E
:101A60007047028A4FF6DF731A400282028A0A43E5
:101A70000282704721B1028A42F48042028204E06D
:101A8000028A4BF6FF731A4002827047C1F30802C4
:101A90008280704701468888C0F3080070478189BA
:101AA00041F0010181817047028BD2B20283028B27
:101AB00042EA012202837047028B02F47F420283D2
:101AC000028B0A430283704721B1828A42F02002CE
:101AD000828204E0828A4FF6DF731A408282704766
:101AE00021B1828A42F01002828204E0828A4FF69B
:101AF000EF731A408282704721B1828A42F0080255
:101B0000828204E0828A4FF6F7731A40828270471D
:101B100021B1828942F40042828103E08289C2F3CA
:101B20000E028281704721B1828A42F40062828271
:101B300004E0828A4FF2FF731A4082827047828AE1
:101B40004FF6FB731A408282828A0A438282704770
:101B500021B1828A42F00202828204E0828A4FF638
:101B6000FD731A408282704702460020B1F5007F63
:101B700000D100BF13880B400BB1012000E0002012
:101B8000704701F40072B2F5007F00D100BFCA4374
:101B90000280704770B50246002400230025002013
:101BA00040F66A16B14200D100BFC1F3421501F000
:101BB0001F03012606FA03F3012D02D19689334053
:101BC00006E0022D02D1168A334001E0968A3340A6
:101BD0000C12012606FA04F41688344013B10CB135
:101BE000012000E0002070BD10B50022002340F667
:101BF0006A14A14200D100BF0A1201249440A3B28A
:101C0000DC43048010BD0000003801400044004067
:101C100000480040004C00400050004010B5044611
:101C2000FA48844208D101214015FEF79BFE0021AD
:101C30006015FEF797FE17E0F548844208D10121B0
:101C40000015FEF78FFE00212015FEF78BFE0BE03E
:101C5000F048844208D10121C803FEF783FE002129
:101C60004FF40040FEF77EFE10BD30B50246002066
:101C700000235068E84C20400D790C6844EA0524A4
:101C8000204350609068E54C2040D1E902542C4339
:101C90004D7944EA450420439060D06A20F47000F6
:101CA0000C7C641EE4B2234340EA0350D06230BD92
:101CB00000210160017141718160C16001210174E5
:101CC000704721B1826842F00102826003E08268BD
:101CD00022F001028260704721B1826842F4807272
:101CE000826003E0826822F480728260704710B5DF
:101CF0000023CBB21AB144681C43446002E044683C
:101D00009C43446010BD816841F0080181607047C8
:101D1000014600208A6802F008020AB1012000E0B2
:101D200000207047816841F00401816070470146DE
:101D300000208A6802F004020AB1012000E00020BD
:101D4000704721B1826842F4A002826003E0826899
:101D500022F4A00282607047014600208A6802F4E3
:101D600080020AB1012000E00020704710B50A4649
:101D700000210023416821F46041531E41EA4331B0
:101D8000416010BD21B1426842F40062426003E04C
:101D9000426822F4006242607047F0B504460D4686
:101DA00000200021092D11DDE068A5F10A0606EBEF
:101DB0004607072606FA07F18843A5F10A0606EB4F
:101DC000460603FA06F10843E0600CE0206905EBE3
:101DD0004507072606FA07F1884305EB450603FA8F
:101DE00006F108432061072A0FDA606B561E06EBE6
:101DF00086071F2606FA07F18843561E06EB86065D
:101E000005FA06F10843606322E00D2A0FDA206B21
:101E1000D61F06EB86071F2606FA07F18843D61F52
:101E200006EB860605FA06F10843206310E0E06A37
:101E3000A2F10D0606EB86071F2606FA07F1884376
:101E4000A2F10D0606EB860605FA06F10843E062EC
:101E5000F0BD21B1826842F48012826003E08268A2
:101E600022F48012826070470146C86C80B27047CD
:101E700066484C300068704721B1426842F4806285
:101E8000426003E0426822F480624260704721B100
:101E9000426842F48052426003E0426822F4805279
:101EA000426070470A460021816821F4E0411143F5
:101EB0008160704721B1826842F40042826003E091
:101EC000826822F400428260704721B1826842F445
:101ED0000212826003E0826822F40212826070477C
:101EE000014600208A6802F400120AB1012000E0D5
:101EF00000207047F0B50446154600200022002659
:101F0000092911DDE068A1F10A0707EB470C072753
:101F100007FA0CF29043A1F10A0707EB470703FA0F
:101F200007F21043E0600CE0206901EB410C072749
:101F300007FA0CF2904301EB410703FA07F2104352
:101F40002061A06BC0F30156EF1C06F1010CA7EB5A
:101F50000C0707EB870C1F2707FA0CF29043EF1CC6
:101F600006F1010CA7EB0C0707EB870701FA07F254
:101F70001043A063F0BD10B50A4600210023816B19
:101F800021F44011531E41EA0351816310BD08B58D
:101F9000002300930090009B0B440093009B1A6069
:101FA00008BD08B5024600200090009201F128000B
:101FB000009B184400900098006880B208BD0A4653
:101FC00000214168164B194011434160704741623E
:101FD000826270470A460021416821F01F011143C7
:101FE0004160704740B109490831096841F4000176
:101FF000064A0832116007E004490831096821F4F3
:102000000001024A083211607047000000240140BC
:1020100000280140003C0140FFFEF0FFFDF7F1FF0A
:10202000FFFD3FFF0246002013680B400BB101206B
:1020300000E000207047CA430260704770B5024656
:102040000020002300240B125568CEB205EA0604D6
:1020500015681D4015B10CB1012000E0002070BDD5
:1020600000220A12D3430360704700000CB5002021
:10207000019000906C48006840F480306A49086024
:1020800000BF6948006800F4003000900198401CCF
:102090000190009818B90198B0F5A06FF1D162488D
:1020A000006800F4003010B10120009001E0002031
:1020B00000900098012843D15C48006840F010006F
:1020C0005A4908600846006820F003000860084686
:1020D000006840F002000860534840685249486078
:1020E0000846406848600846406840F480604860A0
:1020F0000846406820F47C1048600846406840F478
:10210000E81048600846006840F08070086000BF32
:102110004548006800F000700028F9D04248406847
:1021200020F00300404948600846406840F0020043
:10213000486000BF3C48406800F00C000828F9D116
:102140000CBD10B5FFF792FF10BD10B53648006802
:1021500040F00100344908600846406834490840AE
:102160003149486008460068324908402E490860F5
:102170000846006820F4802008600846406820F483
:10218000FE0048604FF41F008860FFF7DAFF4FF051
:1021900000602949086010BD10B500210020002210
:1021A000214B5B6803F00C0121B1042906D00829FA
:1021B00028D107E0214B224C236027E01F4B204C05
:1021C000236023E0184B5B6803F47010164B5B68C8
:1021D00003F48032022303EB904022B9194B4343AE
:1021E000174C23600DE0104B5B6803F4003323B100
:1021F000144B4343124C236003E0104B4343104CF9
:10220000236003E00D4B0E4C236000BF00BF064B64
:102210005B68C3F303130C4CE15C094B1B68CB40B8
:10222000074C236010BD0000001002400020024057
:102230000000FFF8FFFFF6FE08ED00E000127A0054
:102240001400002000093D0018000020014605E0B0
:10225000002001E0421CD0B20A28FBDB0A1EA1F1DB
:102260000101F5D1704710B5044603E04FF47A70D0
:10227000FFF7ECFF201EA4F10104F7D110BD704759
:1022800008B50720009002E00098401E00900098DA
:102290000028F9D108BD10B54FF40070E649086078
:1022A00040100860FFF7ECFFE3480838006808B901
:1022B000012000E0002000F4007008B1002010BDF3
:1022C0004FF40070DC49091D0860FFF7D9FFDA48B8
:1022D0000838006800F4007008B10020EFE74FF400
:1022E0000070D549091D0860FFF7CAFF0120E6E725
:1022F00010B54FF48070D049091D0860FFF7C0FF8A
:102300004FF40070CC49091D0860FFF7B9FF4FF486
:102310008070C9490860FFF7B3FF4FF40070C649E9
:102320000860FFF7ADFF10BD10B54FF48070C249D3
:10233000091D0860FFF7A4FF4FF40070BE49091D96
:102340000860FFF79DFF4FF48070BB490860FFF7FE
:1023500097FF4FF48070B849091D0860FFF790FFA0
:1023600010BD10B54FF48070B349091D0860FFF728
:1023700087FF4FF40070B0490860FFF781FF4FF40A
:102380008070AD490860FFF77BFF4FF48070AA4969
:10239000091D0860FFF774FF10BD10B54FF4807081
:1023A000A549091D0860FFF76BFF4FF40070A249B3
:1023B0000860FFF765FF4FF480709F490860FFF7E2
:1023C0005FFF9D480838006800F4007030B14FF49A
:1023D00080709949091D0860002010BD4FF480707D
:1023E0009549091D08600120F7E770B504460825E6
:1023F0001DE04FF480709049091D0860FFF740FF11
:1024000004F0800020B14FF400708B49086004E0B4
:102410004FF400708849091D08606006040EFFF73C
:102420002FFF4FF4807084490860FFF729FF281EB2
:10243000A5F10101CDB2DCD14FF480707E49091DB8
:10244000086070BD70B508250024A8017A490860AD
:1024500016E06006040E4FF480707749091D08608D
:10246000FFF70EFF4FF4807073490860FFF708FF15
:1024700071480838006800F4007008B144F00104A5
:10248000281EA5F10101CDB2E3D14FF480706A4955
:10249000091D0860204670BD08B501210820FEF71F
:1024A00047FA4FF44070ADF8000002208DF80200AA
:1024B00014208DF8030069465F481038FDF77CFF53
:1024C00008BD2DE9F04105460E4617469846FFF730
:1024D000E2FE10B90020BDE8F081002141EA45018B
:1024E000C8B2FFF782FFFFF758FF18B9FFF700FFE8
:1024F0000020F0E73046FFF778FFFFF74EFF00249B
:102500000BE018F80400FFF770FFFFF746FF18B95B
:10251000FFF7EEFE0020DEE7641CBC42F1DBFFF7B4
:10252000E7FE0120D7E72DE9F04104460D461646A7
:102530001F463B46324629462046FFF7C2FF10B1F0
:102540000020BDE8F0814FF0FF30FAE72DE9F041BF
:1025500005460F4614461E46FFF79DFE10B90020A3
:10256000BDE8F081002141EA4501C8B2FFF73DFF17
:10257000FFF713FF18B9FFF7BBFE0020F0E738465E
:10258000FFF733FFFFF709FFFFF785FE012101EB9E
:102590004501C8B2FFF729FFFFF7FFFE0CE0FFF788
:1025A00051FF3070012C02D1FFF7DBFE01E0FFF795
:1025B000BBFE761C601EC4B2002CF0D1FFF798FE63
:1025C0000120CDE72DE9F04104460D4616461F4691
:1025D0003B46324629462046FFF7B8FF10B100209F
:1025E000BDE8F0814FF0FF30FAE770B504460D46C4
:1025F0001646FFF750FE08B9002070BD002141EAE1
:102600004401C8B2FFF7F1FEFFF7C7FE18B9FFF7A4
:102610006FFE0020F1E72846FFF7E7FEFFF7BDFE5B
:102620003046FFF7E2FEFFF7B8FEFFF761FE01203C
:10263000E3E7002070470000100C014008B50121BD
:102640001120FEF775F901210B48FDF786FF4FF4C5
:10265000C040ADF8000003208DF8020010208DF876
:10266000030069460548FDF7A7FE4FF4C041034843
:10267000FDF74FFF08BD00000002300000100140D0
:10268000002400270026FFF760FD41F61F4141F2BC
:10269000883001F023FF01F05DFF01F08DFD00F0B7
:1026A000DBF800F03DF8FFF7C9FF01F0D9FF00F0BB
:1026B000E9F800F050F9FFF7EFFE0A2000F028FEDD
:1026C00000F05CFA00F0CCFD00F046FE0021084668
:1026D00001F03EFC104807784FF0E020006940F020
:1026E00001004FF0E021086114E000F0B7FA6EB984
:1026F00009480578E81BC0B204442F46B4F5C87FEA
:1027000003D3064800F014FE012600BF01F0CCFC04
:1027100001F0D8FBE9E700009C0000200000F04237
:1027200008B501210820FEF703F94FF47040ADF819
:10273000000010208DF8030003208DF80200694688
:10274000FE48FDF739FE4FF47041FC48FDF7E1FE0D
:1027500008BD08B501210846FEF7F7F8012104205D
:10276000FEF7E6F80C20ADF8000018208DF8030005
:1027700003208DF802006946F148FDF71DFE08BDF3
:1027800030B587B00025002440F2E730ADF81400E2
:102790000020ADF81000ADF81600ADF8120004A945
:1027A0004FF08040FEF7FCF96020ADF800000120FA
:1027B000ADF80200ADF806500020ADF808006946FB
:1027C0004FF08040FEF7B8FA0821C806FEF78AFEEF
:1027D0000120ADF80200ADF806400020ADF8080079
:1027E00069464FF08040FEF7F2FA0821C806FEF76E
:1027F00082FE01218807FEF72FFE01218807FEF7E0
:102800002BFD07B030BD2DE9FF4104460D4627469C
:102810002E466020ADF800000120ADF80200ADF8B2
:1028200006700020ADF8080069464FF08040FEF7C2
:1028300083FA0821C806FEF755FE0120ADF8020014
:10284000ADF8066069468007FEF7C1FA0821C806A0
:10285000FEF751FEBDE8FF8110B5FFF77AFFFFF7E5
:102860008FFF10BDB7490888098821F00101B54ADA
:1028700011807047B4490888098821F00101B24AE3
:102880001180704700B589B001210220FEF75DF884
:1028900001210420FEF74CF801A8FDF718FEC02026
:1028A000ADF8040004208DF8070003208DF8060021
:1028B00001A9A348FDF780FD4FF4A060FDF720FCBF
:1028C0001D208DF8080001208DF8090003208DF8E7
:1028D0000A0001208DF80B0002A8FDF716FC9948AC
:1028E0001038FEF789F806A8FEF786FC0020ADF840
:1028F00018004FF6FF70ADF81C000020ADF81E0068
:10290000ADF81A0006A98F481038FEF749F90A23D6
:102910001A4603218B481038FEF751FD03A8FEF735
:102920007EFC0620ADF8140003A986481038FEF797
:10293000CAFB012183481038FEF754FF01221146DB
:1029400080481038FEF7A3FC01217E481038FEF7BE
:1029500083FC09B000BD00B589B001210420FDF75A
:10296000F4FF01210820FDF7E3FF01A8FDF7AFFD0B
:10297000C020ADF8040004208DF8070003208DF876
:10298000060001A96D48FDF717FD4FF4A060FDF7A3
:10299000B7FB1E208DF8080001208DF809000320E8
:1029A0008DF80A0001208DF80B0002A8FDF7ADFBA1
:1029B00065481038FEF720F806A8FEF71DFC002039
:1029C000ADF818004FF6FF70ADF81C000020ADF810
:1029D0001E00ADF81A0006A95B481038FEF7E0F8B3
:1029E0000A231A46032158481038FEF7E8FC03A8CA
:1029F000FEF715FC0620ADF8140003A95248103864
:102A0000FEF761FB012150481038FEF7EBFE012272
:102A100011464D481038FEF73AFC01214A4810385B
:102A2000FEF71AFC09B000BD00B585B001210420F5
:102A3000FDF77EFF01210220FDF787FF8020ADF822
:102A4000100004208DF8130003208DF8120004A953
:102A50003B48FDF7B1FC4FF4A060FDF751FB1D2092
:102A60008DF8000001208DF8010003208DF8020090
:102A700001208DF803006846FDF747FB3148103808
:102A8000FDF7BAFF4FF6FF70ADF808000020ADF873
:102A90000400ADF80A00ADF8060001A92948103875
:102AA000FEF77EF800231A46602126481038FEF70C
:102AB00022FC002123481038FEF762FE0121214844
:102AC0001038FEF7C9FB05B000BD00B585B0012187
:102AD0000820FDF72DFF01210420FDF736FF80209F
:102AE000ADF8100004208DF8130003208DF81200BB
:102AF00004A91248FDF760FC4FF4A060FDF700FB4D
:102B00001E208DF8000001208DF8010003208DF8B3
:102B1000020001208DF803006846FDF7F6FA0A4826
:102B20001038FDF769FF4FF6FF70ADF80800002080
:102B3000ADF80400ADF80A0008E00000000C014008
:102B4000000801401004004010080040ADF80600E5
:102B500001A90948FEF724F800231A466021064817
:102B6000FEF7C9FB00210448FEF70AFE01210248D6
:102B7000FEF772FB05B000BD0008004070B50024F0
:102B800002F039FA0446002C60D17CA001F091FCDF
:102B9000782001F092FE18B981A001F08AFC02E0D1
:102BA00087A001F086FC782002F074F818B98FA095
:102BB00001F07FFC02E096A001F07BFC642002F0B3
:102BC0004AF918B99EA001F074FC02E0A6A001F039
:102BD00070FC03F001FD18B9ACA001F06AFC02E042
:102BE000B7A001F066FCC54804F0D2FB054603F02F
:102BF000FDFC18B9C2A001F05CFC02E0CAA001F023
:102C000058FC40F2731004F032F918B9D2A001F068
:102C100050FC02E0D9A001F04CFC642003F0A0FEBF
:102C200018B9E2A001F045FC02E0E9A001F041FC86
:102C300004F0C2FB012003F015FA18B9EFA001F06F
:102C400038FC0AE0F6A001F034FC06E04FF4005135
:102C5000FE48FDF760FC00BFFEE770BD2DE9F04FB8
:102C600089B0FB48FB49FC4BFC4ACDE90010FC490C
:102C7000FC4804F05BFAF748008800F480700028F4
:102C80007AD0F649086804F0C9FE04464FF09D4129
:102C900004F0FEFCF4490860F049486804F0BEFE08
:102CA00004464FF09D4104F0F3FCF0490860EB4905
:102CB000886804F0B3FE04464FF09D4104F0E8FC40
:102CC000EB490860E549C86804F0A8FE04464FF0E7
:102CD0009D4104F0DDFCE7490860E34801684FF0DE
:102CE000804004F0A3FC0690E1480168069804F0D7
:102CF0009DFC8246DD4801684FF0404004F096FCA0
:102D00000690DC480168069804F090FC8346514622
:102D100004F034FC079004F0CDFE064606F0F2F80D
:102D200080464FF06632D44B04F097FD044604F021
:102D3000EDFED2490860CE4801684FF0804004F0B3
:102D400075FC0390CA480168039804F06FFC824642
:102D5000C64801684FF0404004F068FC0390C34847
:102D60000168039804F062FC8346514604F058FC65
:102D700081464FF07E5183E10CE200006D707520BA
:102D8000696E697469616C697A6174696F6E2063D8
:102D90006F6D706C6574652E2E2E2E2E2E0A2000FF
:102DA0006D70755F7365745F73656E736F722063AA
:102DB0006F6D706C657465202E2E2E2E2E2E0A00DF
:102DC0006D70755F7365745F73656E736F7220638A
:102DD0006F6D65206163726F7373206572726F72BD
:102DE000202E2E2E2E2E2E0A000000006D70755FF4
:102DF000636F6E6669677572655F6669666F20638B
:102E00006F6D706C657465202E2E2E2E2E2E0A008E
:102E10006D70755F636F6E6669677572655F666911
:102E2000666F20636F6D65206163726F73732065D9
:102E300072726F72202E2E2E2E2E2E0A000000008F
:102E40006D70755F7365745F73616D706C655F72D3
:102E500061746520636F6D706C657465202E2E2E15
:102E60002E2E2E0A000000006D70755F7365745F72
:102E700073616D706C655F72617465206572726FED
:102E800072202E2E2E2E2E2E0A000000646D705FF2
:102E90006C6F61645F6D6F74696F6E5F6472697689
:102EA00065725F6669726D7761726520636F6D70C0
:102EB0006C657465202E2E2E2E2E2E0A000000002A
:102EC000646D705F6C6F61645F6D6F74696F6E5F6E
:102ED0006472697665725F6669726D77617265208A
:102EE000636F6D65206163726F7373206572726FBB
:102EF00072202E2E2E2E2E2E0A00000028000020DA
:102F0000646D705F7365745F6F7269656E74617410
:102F1000696F6E20636F6D706C657465202E2E2E48
:102F20002E2E2E0A00000000646D705F7365745FC2
:102F30006F7269656E746174696F6E20636F6D6521
:102F4000206163726F7373206572726F72202E2E10
:102F50002E2E2E2E0A000000646D705F656E616279
:102F60006C655F6665617475726520636F6D706C0A
:102F7000657465202E2E2E2E2E2E0A00646D705F35
:102F8000656E61626C655F6665617475726520630C
:102F90006F6D65206163726F7373206572726F72FB
:102FA000202E2E2E2E2E2E0A00000000646D705F43
:102FB0007365745F6669666F5F7261746520636FC5
:102FC0006D706C657465202E2E2E2E2E2E0A00003C
:102FD000646D705F7365745F6669666F5F7261745C
:102FE0006520636F6D65206163726F737320657216
:102FF000726F72202E2E2E2E2E2E0A006D70755F8F
:103000007365745F646D705F737461746520636F62
:103010006D706C657465202E2E2E2E2E2E0A0000EB
:103020006D70755F7365745F646D705F73746174E8
:103030006520636F6D65206163726F7373206572C5
:10304000726F72202E2E2E2E2E2E0A00001001409E
:10305000620000206000002050000020E4010020F9
:103060005A000020540000203400002038000020C6
:103070003C0000204000002066A64C404400002098
:1030800004F07CFA044604F015FDCDE90401434840
:1030900001684FF0804004F0C9FA83464048016857
:1030A000584604F0C3FA81463E4801684FF080401C
:1030B00004F0BCFA83463C480168584604F0B6FA6E
:1030C0008246494604F05AFA044604F0F3FC0746E7
:1030D000DDE9042306F05EF94FF06632334BCDE9AB
:1030E000060104F0BAFB054604F010FD3049086003
:1030F0002D480168006804F099FA03902948016896
:10310000006804F093FA029025480168006804F012
:103110008DFA834621480168006804F087FA594611
:10312000019004F02BFA8246029904F079FA814664
:10313000039904F075FA044604F0BCFCCDE90401DF
:10314000194801681548006804F070FA824615486D
:1031500001681348006804F069FA8346514604F098
:103160000DFA81464FF0804104F060FA044604F005
:10317000A1FC0746DDE9042306F00CF94FF06632A6
:103180000A4BCDE9060104F068FB054604F0BEFCDD
:103190000849086009B0BDE8F08F00003400002045
:1031A000380000203C0000204000002066A64C4073
:1031B000480000204C000020704700BFFEE700BF21
:1031C000FEE700BFFEE700BFFEE7704770477047AD
:1031D00010B51D480078401C1B4908701B4800783A
:1031E000401C1A4908701A480078401C1849087099
:1031F00000F02BFB17480078401C16490870164851
:103200000078401C1449087014480078401C134989
:1032100008700E480078012806DB01F00CFA00F077
:1032200038FC00200949087009480078082806DBA6
:1032300000F038FB0020064908700649087000F0CD
:1032400026F900F042FA10BD9C000020A1000020E9
:103250009D0000209E0000209F000020A000002074
:1032600030B527480068C822B0FBF2F1B1F1807F89
:1032700001D301201DE021F07F40401E4FF0E022ED
:10328000506150170F22002807DA13071D0E1D4B3F
:1032900000F00F04241F1D5503E013071C0E1A4BEA
:1032A0001C5400BF00204FF0E02290610720106105
:1032B000002008B100BFFEE74FF0E020006920F0D9
:1032C00001004FF0E021086130BD01B50F490098C1
:1032D00008604FF0E020006940F001004FF0E0216D
:1032E000086100BF094800680028FBD108BD0748F5
:1032F000006820B105480068401E04490860704716
:103300001400002018ED00E000E400E0640000205C
:10331000002107E042F6E06100BF0A1EA1F10103AF
:1033200099B2FAD1021EA0F1010398B2F2D170470E
:103330000021FE4A1170FE490860FE490978FE4AE4
:1033400011700021FD4A1160FA490978FC4A117098
:103350000021FC4A1180704700B50020FA4908801E
:10336000FA490880FA490860FA490860FA49086091
:10337000FA490860FA490860FA490860FA490860A1
:10338000FA490860FA490860FA490860FA49086091
:10339000FA490860FA490860FA490860FA49086081
:1033A000FA490860FA490860E2490870F94908706A
:1033B000F9490870DF480078DF4908700020DF49CC
:1033C0000860DC480078DE4908700020DD4908808C
:1033D000F248FFF7ADFF0020F149086000BD2DE97C
:1033E000F041F048006804F065FB0446EE48D0E97F
:1033F00000633246204604F071FB07D0EA48D0E96A
:103400000021104604F082FBE6490860E7480068A6
:1034100004F050FB0446E448D0E9026332462046FB
:1034200004F05CFB07D0E049D1E90221104604F02A
:103430006DFBDE490860DE48006804F03BFB044693
:10344000D948D0E904633246204604F047FB07D050
:10345000D548D0E90421104604F058FBD44908604F
:10346000D448006804F026FB0446CF48D0E9066340
:103470003246204604F032FB07D0CB48D0E9062183
:10348000104604F043FBCB490860BDE8F0812DE90C
:10349000F041C9480068012810D10020C1490860E6
:1034A000C648006804F0C8FA06460022C44B04F07F
:1034B000D4F9044604F02AFBBA490860BE48006803
:1034C000022812D10020B9490860BE490968A1F15B
:1034D000400004F0B1FA06460022BB4B04F0BDF9EF
:1034E000044604F013FBB1490860B849B1F904007F
:1034F00004F094FAB6490860B649B1F9040004F042
:103500008DFAB54908600021B448006804F01AFB40
:103510000BD0B349B148006804F014FB05D3B1499E
:10352000AE48006804F018FB05D24FF40051AE48D5
:10353000FCF7F1FF04E04FF40051AB48FCF7E9FF62
:103540000021AA48006804F06BF886490860A14988
:10355000B1F9000004F062FA06469448016830466A
:1035600004F064F80446804801687E48006804F06E
:1035700057F806468B480168304604F057F8054670
:10358000214603F0FBFF7B490860BDE8F0812DE98F
:10359000F04104460D46002C0CDA4FF4804194486B
:1035A000FCF7B7FF4FF400419148FCF7B4FF6042CD
:1035B00004B20AE04FF400418D48FCF7AAFF4FF433
:1035C00080418B48FCF7A7FF00BF002D0CDA4FF4B9
:1035D00000518748FCF79DFF4FF480518448FCF769
:1035E0009AFF684205B20AE04FF480518048FCF728
:1035F00090FF4FF400517E48FCF78DFF00BFAFB243
:10360000A6B231464FF08040FEF7C2F839464FF07F
:103610008040FEF7BFF877497048006804F09CFAD4
:1036200023D375496D48006804F08CFA02D24FF03C
:10363000010801E04FF0000800215448006804F040
:1036400081FA01D1012000E0002008EA00080021F1
:103650004F48006804F076FA01D1012000E0002014
:1036600008EA0008B8F1000F0DD000214FF08040AB
:10367000FEF78EF800214FF08040FEF78BF8012016
:103680005E49086002E000205C4908605C493548FA
:10369000006804F061FA05D35A493248006804F022
:1036A00051FA0DD200214FF08040FEF771F8002151
:1036B0004FF08040FEF76EF801205049086002E0AC
:1036C00000204E490860BDE8F08170B527480468C5
:1036D00021462848006803F051FF28490860214628
:1036E0002448006803F09CFF2349086023480068D1
:1036F00004F0B3F900B2B0F57A7F02DD42481F4909
:1037000008601E48006804F0A8F900B210F57A7F3E
:1037100002DA3E48194908601748006804F09DF92C
:1037200000B2B0F57A7F76DD374872E07500002090
:103730008C0000209C0000207400002070000020FD
:10374000980000209A000020EA000020E8000020F5
:10375000F8000020F400002000010020FC00002000
:1037600004010020C4000020B4000020200100203B
:10377000A8000020B8000020C0000020BC000020ED
:103780001C010020600100205C01002028010020B5
:10379000240100209D0000209E0000200000F04237
:1037A00014010020D4000020A0960008D8000020BA
:1037B000DC000020E0000020440100203401002053
:1037C0000080FB3F380100200000C43F5A00002069
:1037D0005401002054000020580100204400002023
:1037E0000000A0C10000A0410010014048000020DE
:1037F000000C014000002041000020C11001002009
:1038000000004842000048C200007A4400007AC428
:1038100001E0FE490860FD48006804F01EF900B2AE
:1038200010F57A7F02DAFA48F8490860F74800682C
:1038300004F013F905B2F748006804F00EF906B277
:1038400029463046FFF7A3FE70BD70B5F248FDF77C
:10385000BAFF0446F148FDF7B6FF0546F04804609C
:10386000F04805600021EC48FDF78AFF0021EB4895
:10387000FDF786FF20B2EC490880684200B2EB49B0
:103880000880EB480068E849B1F900100844E849AD
:103890000860E8480068E549B1F900100844E549C6
:1038A000086070BD2DE9FC47E1490968E14A1268EA
:1038B000881804F0B3F8E04908600020DD4908608A
:1038C000DB490860DD48006804F0F4F804464FF076
:1038D0006632DB4B03F0C1FF064604F017F9D74907
:1038E0000860D548006804F0E5F84FF03332D54B56
:1038F000CDE9000103F0B1FF04460D46CF48006852
:1039000004F0D8F8064622462B4603F0FFFE804618
:1039100004F0FCF8C949086008460168CA48006814
:1039200003F02CFEC8490860C8480168C648006812
:1039300003F024FEC4490860C5480168C248006815
:1039400003F01CFEC0490860C2480068012801D18C
:1039500000200860BC48006804F07FF8B0F5FA5F0A
:1039600002DDBD48B8490860B748006804F075F842
:1039700010F5FA5F02DAB948B3490860B848006840
:10398000032812D10020B7490860B7490968A1F19E
:10399000800004F051F806460022B44B03F05DFFAE
:1039A000044604F0B3F8AF490860AD480068042845
:1039B00012D10020AE490860AE490968A1F1C000EB
:1039C00004F03AF806460022AB4B03F046FF0446EB
:1039D00004F09CF8A649086000219B48006803F0A9
:1039E0001FFE0646A2480168304603F01FFE04464B
:1039F00000219248006803F013FE064699480168CA
:103A0000304603F013FE0546214603F0B7FD9B49FF
:103A100008609B499B48006804F09EF805D39A49CA
:103A20009848006804F08EF80AD29448006880F044
:103A3000004494480168204603F02AFE824601E0D3
:103A40004FF0000A83480068012801D14FF0000AB6
:103A50008E49504604F080F801D2DFF830A28C493C
:103A6000504604F06FF801D2DFF824A289480168BB
:103A7000504603F0D5FD0546874903F0D7FD0446BF
:103A800084480168204603F079FD82490860BDE85A
:103A9000FC872DE9F04181480068002846D1804824
:103AA000FDF791FE00EB800000EB00104400204683
:103AB00003F0C2FF054600227A4B03F040FF0746A1
:103AC00004F024F8784908607848007820B900208C
:103AD0005F490860BDE8F0817348006803F0EAFFC1
:103AE00004460022724B03F0F9FF03D8714858498D
:103AF00008601BE065496C48006804F02DF801D8A7
:103B0000012400E000244FF082416748006804F07F
:103B100019F801D8012000E0002004401CB16648DB
:103B20004B49086002E000204949086000BFD1E726
:103B30002DE9FC5F61480068012865D13548D0F85F
:103B400000B03248006801905D48B0F902905D48CD
:103B5000B0F900A054480468484603F05FFF0646E9
:103B60004FF08D4103F094FD0546574903F05EFD8B
:103B700056490860504603F051FF0646544903F089
:103B80004FFD0546534903F083FD534908605846ED
:103B900003F090FF0746514A514B03F0D0FE054613
:103BA00003F0B4FF8346019803F084FF05464B4AB7
:103BB0004B4B03F0C4FE074603F0A8FF01905021D1
:103BC000484803F0B7FC474847A1096801600A214B
:103BD000464803F0AFFC4648002101604160018186
:103BE0000A21444803F0A6FC4348002101604160DB
:103BF00001810A21414803F09DFC414800210160F8
:103C0000416001813F497FE05AE10000C00000208F
:103C100000007AC4BC0000200004004000080040FE
:103C2000080100200C010020E8000020EA0000202C
:103C3000F4000020F8000020FC000020000100201B
:103C40006666E63F3333D33F040100201C010020A9
:103C500014010020100100200000FA450000FAC500
:103C600044010020DC0000203C0100200000DE3F79
:103C7000E0000020400100200000C43FB000002010
:103C80006F12833AD40000206F1283BA0000A04064
:103C90000000A0C0B40000209A99993E2C01002099
:103CA000002C014000006940180100207500002030
:103CB00000001040000096C30000FA4348010020B5
:103CC0005A00002054000020CDCC1C41540100209B
:103CD0009A190043000003435801002048E17A1478
:103CE000AE470F40F4010020244C56000C03002086
:103CF00016030020200300202A03002034030020A4
:103D00003E03002000007A44584603F01BFF0FD802
:103D1000F649584603F020FF0AD8584603F0CAFE79
:103D200005462A460B46F2A1F34804F02DF901E0BE
:103D3000BDE8FC9FF149019803F004FF0FD8EB495F
:103D4000019803F009FF0AD8019803F0B3FE054675
:103D50002A460B46E6A1EA4804F016F900E0E7E738
:103D6000E849E948006803F0F7FE11D2E749E64860
:103D7000006803F0E7FE0BD2E348006803F09AFE08
:103D800005462A460B46DAA1E14804F0FDF800E0BA
:103D9000CEE7E049E048006803F0DEFE11D2DF49DB
:103DA000DD48006803F0CEFE0BD2DB48006803F06C
:103DB00081FE05462A460B46CDA1D94804F0E4F819
:103DC00000E0B5E70021204603F0C6FE0FD8D54934
:103DD000204603F0B7FE0AD2204603F06BFE0546EC
:103DE0002A460B46C2A1D04804F0CEF800E09FE777
:103DF000002000F077FC0090009803F018FE0746C2
:103E0000CA4903F013FC06464FF08B4103F040FC17
:103E10000546C74903F004FCC64908600021C548AF
:103E2000006803F099FE11D8B849C248006803F051
:103E300089FE0BD2BF48006803F03CFE05462A46C7
:103E40000B46ABA1BC4804F09FF800E070E7AA491C
:103E5000BA4803F07AFBBAA1B84803F076FBA84948
:103E6000B64803F072FBB7A1B44803F06EFBA84953
:103E7000B24803F06AFBB4A1B04803F066FBA8495E
:103E8000AE4803F062FBB1A1AC4803F05EFBA6496B
:103E9000AA4803F05AFBAFA1A84803F056FBA64975
:103EA000A64803F052FBACA1A44803F04EFB5021FE
:103EB000AA4803F03FFB5022A049A84803F021FB89
:103EC00000BF35E710B5A6480068401EA449086049
:103ED000A4480068012807D10846006820B9FFF708
:103EE00027FE9E4800F0D9FA9D48006818B941F2B3
:103EF00088309B49086010BD2DE9F04180460D4691
:103F000014461E46069F9849204603F01BFE00D229
:103F1000954C0021384603F015FE00D20027934946
:103F2000384603F019FE00D2904F9148C0F8008047
:103F300045608460C660076101208E4908708E4824
:103F400000788E49087000208D490860BDE8F08136
:103F50000222884B1A708B4A10608B4A1160864A85
:103F60001278864B1A700022854B1A6070472DE933
:103F7000F0418148047885480078201AC7B2834808
:103F8000047083480088C8280AD2814800883844D1
:103F90007F49088008460088C82801D9C8200880C1
:103FA0007C4805687C48066879480088C8280AD398
:103FB0007A49304603F0D0FD05D27949304603F006
:103FC000C1FD00D8002577480560002076490860CB
:103FD0007649086076490860BDE8F0812DE9FF5F09
:103FE0006548047865480078201AC0B20390634899
:103FF00004706348016803980844614908600846F2
:10400000006803F014FD07466A4903F00FFB0646FB
:1040100057488168304603F009FB05465448C1689B
:10402000284603F0ABFA814649464FF0804003F042
:10403000FDFA009003F03EFD054605F06BFA0746D9
:1040400003F064FD83464A480169584603F0EEFADE
:104050008246474801694FF07E5003F0E1FA51462D
:10406000019003F08BFA029041490868029903F02D
:10407000DDFA4C490860484603F01CFD074605F090
:1040800097FA054603F042FD82463948416850469A
:1040900003F0CCFA4449086001204449086000203C
:1040A00043490860BDE8FF9F10B532480078B8B1B9
:1040B000012802D0022812D102E0FFF78FFF12E0A0
:1040C00030480068374908602F4800683649086062
:1040D00001203649086000203549086003E000BF30
:1040E000FFF745FF00BF00BF10BD000000007AC40D
:1040F00025332E32660000000C03002000007A44B5
:10410000160300200000A0C1540100200000A041BF
:104110002003002000803BC55801002000803B4563
:104120002A03002000401C4634030020CDCC54411B
:10413000CDCC4C3EA40000203E030020F401002022
:104140002C5256002C4143002C4759002C4353421B
:10415000000000002C565400230000004402002000
:104160004C01002048010020CDCCCC3D6666E63EE7
:1041700078000020750000209C00002074000020C2
:104180007000002090000020940000209800002083
:104190009A0000208C000020180100200AD7233C40
:1041A000000020411C010020200100202C010020E3
:1041B000140100200AD7A33B00B585B0012144F2C9
:1041C0000400FCF7B5FB4FF40070ADF810001820A8
:1041D0008DF8130003208DF8120004A9BB48FCF7EA
:1041E000EBF84FF48060ADF8100004208DF8130058
:1041F00004A9B648FCF7E0F84FF4E1300090002045
:10420000ADF80400ADF80600ADF80800ADF80C00FC
:104210000C20ADF80A006946AD48FDF73EFB0121D0
:10422000AB48FDF7C6FB05B000BD08B54FF4806094
:10423000FBF766FF27208DF8000004208DF80100B1
:1042400001208DF802008DF803006846FBF75DFF42
:1042500008BD00B585B001218804FCF776FB01217B
:104260000820FCF765FB4FF48060ADF810001820C3
:104270008DF8130003208DF8120004A99548FCF76F
:104280009BF84FF40060ADF8100004208DF8130087
:1042900004A99048FCF790F8FFF7C7FF4FF41650B9
:1042A00000900020ADF80400ADF80600ADF808005D
:1042B000ADF80C000C20ADF80A0069468648FDF701
:1042C000ECFA012240F225518348FDF77EFB0121E3
:1042D0008148FDF76EFB05B000BD70B504460D4684
:1042E000E1B27B48FDF7D2FB00BF40217848FDF7E3
:1042F0003BFC0128F9D1204670BDF0B503460D46C0
:104300001646002729460A2E03D0002008702846AA
:10431000F0BD33B9302001F8010B002008702846A9
:10432000F6E7002B03DA2D2001F8010B5B4242F285
:1043300010720DE093FBF2F404B937B104F13000D0
:1043400001F8010B04FB123301270A2092FBF0F263
:10435000002AEFDC002008702846D9E70FB470B5BA
:1043600086B006460CA8019073E00B9800785C2894
:104370001CD10B98401C0B9000786E2809D0722835
:104380000FD10D213046FDF781FB0B98401C0B909F
:104390000BE00A213046FDF779FB0B98401C0B908F
:1043A00003E00B98401C0B9000BF4BE00B9800788B
:1043B000252840D10B98401C0B900078642818D019
:1043C000732833D1019810C801900BE02178304652
:1043D000FDF75CFB00BF40213046FDF7C5FB002820
:1043E000F9D0641C20780028F0D10B98401C0B9069
:1043F00020E0019820C801900A2202A92846FFF770
:104400007CFF02AC0BE021783046FDF73FFB00BF9C
:1044100040213046FDF7A8FB0028F9D0641C207825
:104420000028F0D10B98401C0B9003E00B98401C27
:104430000B9000BF06E00B9810F8011B0B90304664
:10444000FDF724FB00BF40213046FDF78DFB00281F
:10445000F9D00B980078002887D106B070BC5DF8C1
:1044600014FB10B5044621461948FDF70FFB00BFA9
:1044700040211748FDF778FB0128F9D110BD10B590
:10448000044621461448FDF701FB00BF40211248B5
:10449000FDF76AFB0128F9D110BD70B505462C4621
:1044A00003E02078FFF7EBFF641C20780028F8D1A8
:1044B00070BD70B505462C4603E02078FFF7D1FFAC
:1044C000641C20780028F8D170BD0000000801406D
:1044D00000380140000C0140004800407FB5044610
:1044E0000D460121C802FCF723FA41F28830ADF8ED
:1044F000080041F61F40ADF804000120ADF80A00A5
:104500000020ADF8060001A91148FCF749FB012283
:1045100041210F48FCF7BBFE19208DF80000032055
:104520008DF8010000208DF8020001208DF80300B5
:104530006846FBF7EAFD7FBD10B501210448FDF791
:1045400054F918B101210248FDF760F910BD0000CF
:10455000002C01401FB501213D48FBF7FEFF012162
:104560000920FCF7E5F90120ADF80C0010208DF8CA
:104570000F0003208DF80E0003A93648FBF71CFF3F
:104580000220ADF80C0028208DF80F0003A9314857
:10459000FBF712FF01210846FCF724F802200190E6
:1045A00000208DF8080008208DF8090001208DF802
:1045B0000A0001A8FBF720FE07208DF80000032069
:1045C0008DF8010001208DF802008DF80300684687
:1045D000FBF79BFD1FBD10B50220FBF773FE48B330
:1045E00000211D48FDF7CCF801211B48FCF734FEE3
:1045F00001201A49086012E01748FDF7E4F80A287C
:1046000007DB00211448FCF727FE0020134908604F
:1046100005E002210F48FBF762FF104908600F48D0
:1046200000680028E8D100210B48FCF715FE0220A5
:10463000FBF759FE10BD10B501210648FBF769FFD5
:104640000C20FDF703FE01210248FBF764FF10BDBB
:1046500000023000000C0140002C0140B00100209D
:1046600000B587B001214FF40170FCF761F94FF4F8
:104670000040FCF7C1F80120ADF8040000208DF8DF
:10468000070001A92348FBF797FE2348FDF7C6FA68
:10469000002002908DF80C008DF80D004FF4602082
:1046A00004900020059001208DF8180002A91A48F6
:1046B000FDF7DBFA01211848FDF703FB1648FDF76B
:1046C00022FB00BF1448FDF723FB0028FAD1124853
:1046D000FDF728FB00BF1048FDF729FB0028FAD1A1
:1046E00007B000BD10B504460723012221460A4841
:1046F000FDF753FB01210848FDF723FB00BF022112
:104700000548FDF78FFC0028F9D00348FDF7ACFB06
:1047100010BD000000080140002401400648804709
:1047200006480047FEE7FEE7FEE7FEE7FEE7FEE796
:10473000FEE7FEE7FEE7FEE74B210008ED0000087C
:1047400038B50446FB4890F82400C0B114B10220EB
:10475000009001E000200090F64A1268D17BF54AF3
:10476000526810786B460122FDF7DDFE10B14FF064
:10477000FF3038BD9DF80010EE48417423E0ED484D
:10478000807A10B94FF0FF30F3E724B1E948407C5C
:1047900008B10020EDE714B10120009001E00020F5
:1047A0000090E44A1268D17BE24A526810786B4666
:1047B0000122FDF7B8FE10B14FF0FF30D9E79DF8A8
:1047C0000010DC4841740020D3E738B5002419E01C
:1047D000D8480068C07AA04204D0D6480068407D1E
:1047E000A04200D10CE0D349496808786B46012209
:1047F0002146FDF7E7FE10B14FF0FF3038BD00BF96
:10480000601CC4B2CB4840680079A042E0DC0020C4
:10481000F4E770B504460D46C6480068C07AA04269
:1048200004D0C4480068407DA04202D14FF0FF3060
:1048300070BDC04840680079A04202DC4FF0FF30F4
:10484000F6E7BC49496808782B4601222146FDF766
:10485000B9FEEDE738B50446B64890F82300A0420B
:1048600001D1002038BD14B13020009001E00020BB
:104870000090B048807C20B19DF8000040F002001C
:104880000090AC4890F8220020B19DF8000040F064
:1048900080000090A74A1268117DA64A52681078DD
:1048A0006B460122FDF73FFE10B14FF0FF30D9E714
:1048B000A04880F823400020D4E738B5044604F02F
:1048C000700010B10120009005E014B100200090AC
:1048D00001E040200090974A1268917C954A526806
:1048E00010786B460122FDF71EFE20B10021914891
:1048F0008172481E38BD9DF8000020F040018D48AF
:1049000001730020009004F0400020B99DF80000E1
:1049100040F00400009004F0200020B99DF8000051
:1049200040F00200009004F0100020B99DF8000053
:1049300040F00100009004F0080020B99DF800004C
:1049400040F0380000907B4A1268D17C794A526866
:1049500010786B460122FDF7E6FD20B10021754875
:104960008172481EC6E724B1082C02D00020FFF750
:1049700071FF70488472002101753220FDF773FCCD
:104980000020B7E738B504466A48807CA04201D1D0
:10499000002038BD002C46D0664A12681179654A5D
:1049A000526810786B460122FDF70CFE10B14FF0F3
:1049B000FF30EEE79DF8000020F0200000905D4AF7
:1049C000126811795B4A526810786B460122FDF734
:1049D000AAFD10B14FF0FF30DBE70320FDF743FCE9
:1049E00002200090534890F8220020B19DF800006A
:1049F00040F0800000904F4890F8230020B19DF8CF
:104A0000000040F0300000904A4A1268117D494A87
:104A1000526810786B460122FDF785FD002851D0C1
:104A20004FF0FF30B5E7434A12681179414A5268A6
:104A300010786B460122FDF7C5FD10B14FF0FF3035
:104A4000A7E73C48807A00F0010028B19DF80000FB
:104A500040F02000009004E09DF8000020F02000CD
:104A60000090344A12681179324A526810786B46C5
:104A70000122FDF758FD10B14FF0FF3089E7032008
:104A8000FDF7F1FB2B4890F8220010B18020009038
:104A900001E000200090274890F8230020B19DF805
:104AA000000040F030000090224A1268117D214A37
:104AB000526810786B460122FDF735FD10B14FF0BA
:104AC000FF3066E71B488474002062E708B5194888
:104AD000807A10B94FF0FF3008BD00200090154AD1
:104AE0001268D17B134A526810786B460122FDF799
:104AF0001AFD10B14FF0FF30EEE70E4A12685179FF
:104B00000C4A526810786B460122FDF70CFD10B17B
:104B10004FF0FF30E0E7074A12681179054A526802
:104B200010786B460122FDF7FEFC28B14FF0FF30F4
:104B3000D2E70000B4010020F74890F824000028D4
:104B400053D00C200090F44A12681179F24A52684E
:104B500010786B460122FDF7E6FC10B14FF0FF30F4
:104B6000BAE73220FDF77FFBC0200090EA48807A48
:104B700000F0010020B19DF8000040F020000090FE
:104B8000E54A12681179E44A526810786B460122AE
:104B9000FDF7C9FC10B14FF0FF309DE7DE48407CC7
:104BA00010B10220009001E000200090DA4A126863
:104BB000D17BD94A526810786B460122FDF7B3FCCD
:104BC00010B14FF0FF3087E700200090D24A126802
:104BD0005179D14A526810786B460122FDF7A3FC47
:104BE000002855D04FF0FF3076E704200090CA4AE5
:104BF00012681179C84A526810786B460122FDF795
:104C000092FC10B14FF0FF3066E7C348807C20B9BA
:104C1000C148807A00F0010010B94020009001E006
:104C200060200090BC4A12681179BB4A5268107823
:104C30006B460122FDF777FC10B14FF0FF304BE7D8
:104C40003220FDF710FBB448407C10B101200090E9
:104C500001E000200090B04A1268D17BAE4A526851
:104C600010786B460122FDF75EFC10B14FF0FF306B
:104C700032E7A94A12685179A74A52681078A64BC0
:104C800010330122FDF74FFC10B14FF0FF3023E746
:104C9000002021E770B50446002624F001049E4858
:104CA00090F8240008B1002070BD9B48807A10B9AC
:104CB0004FF0FF30F8E79848057C807A204096490D
:104CC00008740846007CA04202D04FF0FF3600E096
:104CD000002614B99048007D18B10120FFF730FD7F
:104CE00002E00020FFF72CFD3CB1FFF7EFFE20B102
:104CF000894805744FF0FF30D6E73046D4E738B521
:104D000004468548807A10B94FF0FF3038BDBC2C7E
:104D100002DB0120009015E0622C02DB02200090F3
:104D200010E02A2C02DB032000900BE0142C02DBA5
:104D30000420009006E00A2C02DB0520009001E030
:104D4000062000907448C07A9DF80010884201D176
:104D50000020DBE7704A126891786F4A5268107839
:104D60006B460122FDF7DFFB10B14FF0FF30CDE7BE
:104D70009DF800106848C1720020C7E738B50446A6
:104D8000282C02DD4FF0FF3038BDDCB90020FFF7E2
:104D900061FD00208DF8000007208DF801005E4ABB
:104DA0001268917C5C4A526810786B460222FDF7CB
:104DB000BAFB10B14FF0FF30E6E70021564801750D
:104DC0000020E1E70120FFF745FD20208DF80000DD
:104DD000012C06D100208DF801000520FFF78FFF80
:104DE00017E0052C06DC01208DF801000520FFF7F7
:104DF00086FF0EE0142C06DC02208DF801000A204C
:104E0000FFF77DFF05E003208DF801001420FFF778
:104E100076FF9DF80100072101EB8010C0B28DF8EC
:104E200001003D4A1268917C3B4A526810786B46FB
:104E30000222FDF778FB10B14FF0FF30A4E7082104
:104E40003548817200210173012101750020FFF7AF
:104E500021FF002098E738B504462F48807A10B922
:104E60004FF0FF3038BD2C4890F8240010B14FF0BF
:104E7000FF30F7E72848007D50B134B1282C04DC1E
:104E8000E0B2FFF77BFF0020ECE70020FFF776FFA2
:104E9000042C01DA042404E0B4F57A7F01DD4FF438
:104EA0007A744FF47A7090FBF4F0401EC0B2009018
:104EB000194A12685178184A526810786B460122D4
:104EC000FDF731FB10B14FF0FF30CBE79DF800004C
:104ED000401C4FF47A7191FBF0F081B20E48C18111
:104EE0000146C9894810FFF70AFF0020BAE738B524
:104EF00004460948807A10B94FF0FF3038BD022CC3
:104F000006D0042C0AD0082C0BD0102C0FD10BE0AB
:104F1000002000900EE00000B40100200820009066
:104F200008E01020009005E01820009002E04FF00B
:104F3000FF30E3E700BFF848407A9DF80010B0EB7F
:104F4000E10F01D10020D9E7F34A1268D179F24A82
:104F5000526810786B460122FDF7E5FA10B14FF068
:104F6000FF30CBE79DF80000C110EB4841720020F4
:104F7000C4E738B50446E848807A10B94FF0FF30EE
:104F800038BDFA2C09D0B4F5FA7F09D0B4F57A7F90
:104F900009D0B4F5FA6F0CD108E0002000900BE0C6
:104FA0000820009008E01020009005E018200090F4
:104FB00002E04FF0FF30E3E700BFD748007A9DF8EA
:104FC0000010B0EBE10F01D10020D9E7D24A1268FE
:104FD0009179D14A526810786B460122FDF7A3FA05
:104FE00010B14FF0FF30CBE79DF80000C010CA4968
:104FF00008720020C4E71CB580208DF80000C64A66
:105000001268917CC44A526810786B460122FDF701
:105010008AFA10B14FF0FF301CBD6420FDF723F970
:1050200000208DF80000BC4A1268917CBA4A526890
:1050300010786B460122FDF776FA10B14FF0FF3081
:10504000EAE7B54A1268917DB34A526810786B4618
:105050000622FDF7B7FA10B14FF0FF30DCE79DF8FC
:105060000500C007400F9DF8031001F0010140EA60
:1050700041009DF8011001F0010140EA01048CB1EA
:10508000012C03D10121A448C17430E0022C03D1CA
:105090000021A148C1742AE0A0A0FFF70AFA4FF04E
:1050A000FF30B9E79C4A1268D1789B4A5268107861
:1050B0006B460122FDF786FA10B14FF0FF30ABE7E7
:1050C0009DF8000000F00F042CB99E48FFF7F1F99D
:1050D0004FF0FF30A0E7042C06D19BA0FFF7E9F9C1
:1050E00001218D48C17402E000218B48C174FF2169
:1050F00089488172FF2088490872FF2186484172E1
:10510000C1724FF6FF71C181FF21017481740121C9
:10511000017380F82210002180F823104175017579
:105120001630016041608160163880F8241080F8E4
:105130002510C1844FF4FA60FFF71BFF10B14FF048
:10514000FF3069E70220FFF7D2FE10B14FF0FF30C9
:1051500062E72A20FFF7D3FD10B14FF0FF305BE785
:105160003220FFF778FE10B14FF0FF3054E70020F7
:10517000FFF790FD10B14FF0FF304DE70020FFF733
:1051800001FC10B14FF0FF3046E70020FFF795FB20
:10519000002041E77CB504460D465F48807A00F068
:1051A000700010B94FF0FF307CBD5B4A1268117B74
:1051B000594A526810786B460622FDF703FA10B17F
:1051C0004FF0FF30F0E79DF801009DF8001040EA35
:1051D000012000B220809DF803009DF8021040EAF3
:1051E000012000B260809DF805009DF8041040EA9F
:1051F000012000B2A08015B12846FDF740F800203C
:10520000D2E77CB504460D464348807A00F008009A
:1052100010B94FF0FF307CBD3F4A1268517B3E4AC7
:10522000526810786B460622FDF7CCF910B14FF0AA
:10523000FF30F0E79DF801009DF8001040EA0120E2
:1052400000B220809DF803009DF8021040EA012082
:1052500000B260809DF805009DF8041040EA01202E
:1052600000B2A08015B12846FDF709F80020D2E76A
:105270002DE9FE4F05460C462748807A18B94FF0B5
:10528000FF30BDE8FE8F244A1268917B224A5268A3
:10529000107802AB0222FDF795F910B14FF0FF3004
:1052A000EFE79DF809009DF8081040EA012006B2DA
:1052B00014B12046FCF7E3FF17494968C88802F09B
:1052C000B6FB154901904968B1F9080002F0A6FB48
:1052D0008346304602F0A2FB5946009002F0A0F946
:1052E0008246019902F0D4F981461F4902F046F93D
:1052F00080464FF08F4102F099F9074602F0ADFB6E
:1053000028600020BDE710B588B004461CB94FF0F6
:10531000FF3008B010BD29E0B4010020556E737550
:1053200070706F7274656420736F667477617265F4
:105330002070726F64756374207265762025642E08
:105340000A00000018A5000848616C662073656EAD
:105350007369746976697479207061727420666FFC
:10536000756E642E0A00000000000C42206830B9FF
:10537000606820B9A06810B9002008B010BDFA49D3
:105380004968087806AB03221146FDF71BF910B1F6
:105390004FF0FF30F1E79DF81800082101EB2010D5
:1053A00000F00F00ADF800009DF8190001EB20108F
:1053B00000F00F00ADF802009DF81A0001EB20107C
:1053C00000F00F00ADF8040020684100BDF90000B6
:1053D000403091FBF0F000B2ADF810006068410081
:1053E000BDF90200403091FBF0F000B2ADF81200C0
:1053F000A0684100BDF90400403091FBF0F000B21C
:10540000ADF81400D8494968087806AB0622114661
:10541000FDF7D8F810B14FF0FF30AEE79DF8190056
:105420009DF8181040EA012000B2ADF808009DF880
:105430001B009DF81A1040EA012000B2ADF80A00E6
:105440009DF81D009DF81C1040EA012000B2ADF847
:105450000C00BDF81000BDF80810084400B2ADF80B
:105460001000BDF81200BDF80A10084400B2ADF8F3
:105470001200BDF81400BDF80C10084400B2ADF8DD
:105480001400BDF81000000A8DF81800BDF81000D7
:10549000C0B28DF81900BDF81200000A8DF81A008C
:1054A000BDF81200C0B28DF81B00BDF81400000A50
:1054B0008DF81C00BDF81400C0B28DF81D00AA497B
:1054C0004968087806AB06221146FDF72CF810B1A2
:1054D0004FF0FF3051E700204FE70146A248007A25
:1054E00030B1012807D0022809D003280FD10AE0E3
:1054F000FA2008800EE04FF4FA7008800AE04FF4BA
:105500007A70088006E04FF4FA60088002E000201C
:10551000088000BF00BF0020704701469248407AD3
:1055200030B1012807D0022808D003280CD108E0A8
:10553000022008700BE00420087008E008200870C2
:1055400005E01020087002E04FF0FF30704700BF08
:105550008548C07C18B108784006000E087000200D
:10556000F4E701468048C07A082817D2DFE800F047
:105570001704070A0D101318BC20088013E06220DE
:10558000088010E02A2008800DE0142008800AE03E
:105590000A20088007E00520088004E000BF00BF63
:1055A0000020088000BF00BF0020704701466E4801
:1055B00090F8240010B14FF0FF3070476A48C0895E
:1055C00008800020F9E7014600200880401E70474F
:1055D00001464FF0FF30704701466348007A30B112
:1055E000012807D0022808D003280CD108E05F4822
:1055F00008600BE05E48086008E05E48086005E06F
:105600005D48086002E04FF0FF30704700BF0020A7
:10561000FBE701465448407A30B1012808D00228FF
:105620000AD0032810D10BE04FF4804008800EE030
:1056300041F69C7008800AE04FF48050088006E034
:105640004FF40060088002E04FF0FF30704700BF69
:105650004548C07C10B10888401008800020F5E75C
:1056600001464148007C08700020704701463E48D2
:10567000807A10B10120087001E00020087000203D
:10568000704738B504463848807A10B94FF0FF307B
:1056900038BD354A1268117C334A526810786B461F
:1056A0000222FCF78FFF10B14FF0FF30F0E79DF8BA
:1056B00001009DF8001040EA012000B22080002087
:1056C000E6E72DE9FE4F0746884692461D46DDF87F
:1056D00030B000260024244890F8240010B1601E49
:1056E000BDE8FE8F002028701F48807A10B94FF067
:1056F000FF30F5E71C48007C10B94FF0FF30EFE7B2
:105700001948007C00F0400008B1B01CC6B2164831
:10571000007C00F0200008B1B01CC6B21248007C2A
:1057200000F0100008B1B01CC6B20F48007C00F0B9
:10573000080008B1B01DC6B20B4A1268917A0A4A35
:10574000526810786B460222FCF73CFF10B14FF014
:10575000FF30C5E79DF801009DF8001040EA0129DF
:10576000B1450BDA0020BBE7B40100200000034381
:10577000000083423333034233338341FC484068A3
:105780004088B9EB600F17DDF94A1268517CF84A7E
:10579000526810786B460122FCF714FF10B14FF0ED
:1057A000FF309DE79DF8000000F0100020B1FFF7EA
:1057B0008DF96FF0010093E75046FCF760FDEC4A6D
:1057C0001268D17AEA4A526810786B463246FCF782
:1057D000F9FE10B14FF0FF3082E799FBF6F0401E62
:1057E0008BF8000000202870B4422AD0E048007CEA
:1057F00000F0080028B3601C1DF800001DF804101C
:1058000040EA012000B2A8F80000E01C1DF80010DA
:10581000A01C1DF8000041EA002000B2A8F8020018
:10582000601D1DF80010201D1DF8000041EA002039
:1058300000B2A8F80400287840F008002870A01DE5
:1058400084B2B44213D0CA48007C00F0400070B16A
:10585000601C1DF800001DF8041040EA012000B291
:105860003880287840F040002870A01C84B2B442F0
:1058700013D0BF48007C00F0200070B1601C1DF800
:1058800000001DF8041040EA012000B2788028785A
:1058900040F020002870A01C84B2B44213D0B44859
:1058A000007C00F0100070B1601C1DF800001DF8B5
:1058B000041040EA012000B2B880287840F01000BF
:1058C0002870A01C84B200200AE7F8B504460F46F1
:1058D0001646A74890F8240010B94FF0FF30F8BDE5
:1058E000A348807A10B94FF0FF30F8E7A04A126859
:1058F000917A9F4A526810786B460222FCF762FE4A
:1059000010B14FF0FF30EAE79DF801009DF800105C
:1059100040EA0125A54203DA00203070401EDEE790
:10592000934840684088B5EB600F17DD904A1268D5
:10593000517C8F4A526810786B460122FCF742FE78
:1059400010B14FF0FF30CAE79DF8000000F01000E2
:1059500020B1FFF7BBF86FF00100C0E7E2B2844B63
:105960001B68D97A824B5B6818783B46FCF72AFEA5
:1059700010B14FF0FF30B2E795FBF4F0401E3070ED
:105980000020ACE701467A4880F8221000207047DA
:105990007CB5054676494968087801AB04220D219B
:1059A000FCF710FE08B107207CBD9DF80700C0F38E
:1059B00001109DF8041001F0E00140EAE1008DF8CB
:1059C00000009DF80700C0F381009DF8051001F06C
:1059D000E00140EAE1008DF801009DF8070000F0C9
:1059E00003009DF8061001F0E00140EAE1008DF8A7
:1059F000020000241CE01DF8040018B9002045F83E
:105A0000240013E05B4845F8240006E055F8240024
:105A1000594901F00BFE45F824001DF80400401E12
:105A2000C0B20DF804000028F0D100BF601CC4B261
:105A3000032CE0DB0020B7E72DE9FE4F06460F46BA
:105A400000256846FFF7A4FF002442E056F8240032
:105A500057F82410A0EB010ABAF1000F01DB514600
:105A600001E0CAF10001084601F0D8FF83464FF07B
:105A70008F4101F00DFE80465DF82400002102F008
:105A800061F816D05DF82410404601F001FE824610
:105A90004FF07E5101F0C4FD814629F0004A37489D
:105AA000416A504602F058F812D20120A040054346
:105AB0000EE03248C169404602F044F805D32F4851
:105AC000016A404602F048F802D20120A040054396
:105AD000641C032CBADB2846BDE8FE8F2DE9FC5F71
:105AE00006460F46002522494968087801AB032283
:105AF0000D21FCF767FD10B10720BDE8FC9F9DF864
:105B0000040000F01F008DF804009DF8050000F06F
:105B10001F008DF805009DF8060000F01F008DF8AD
:105B20000600002462E056F8240057F82410A0EB89
:105B3000010BBBF1000F01DB594601E0CBF1000185
:105B4000084601F06BFF4FF08F41009001F0A0FD7F
:105B5000814601A8005DC0B30849086801F067FFED
:105B600083465946064801F093FD80460FE0000049
:105B7000B40100207B14AE3E1D5A843FE896000815
:105B800000B04C45FE49404601F050FD804601A85A
:105B9000005D401EC0B201A908550028F2D141465F
:105BA000484601F075FD83464FF07E5101F038FD07
:105BB00082462AF0004BF3488169584601F0CCFF39
:105BC00013D20120A04005430FE0FFE7ED48016933
:105BD000484601F0B7FF05D3EA484169484601F05D
:105BE000BBFF02D20120A0400543641C032C9ADBBA
:105BF000284682E72DE9F04F87B005460C469146CE
:105C000001208DF8100000208DF81100DE4A126886
:105C1000917CDD4A5268107804AB0222FCF783FCC9
:105C200020B14FF0FF3007B0BDE8F08FC820FCF77F
:105C30001AFB00208DF81000D34A1268D17BD24A9B
:105C40005268107804AB0122FCF76DFC10B14FF0E4
:105C5000FF30E8E7CC4A12685179CB4A5268107895
:105C600004AB0122FCF75FFC10B14FF0FF30DAE724
:105C7000C54A1268917CC44A5268107804AB01226C
:105C8000FCF751FC10B14FF0FF30CCE7BE4A126870
:105C9000D17DBD4A5268107804AB0122FCF743FC69
:105CA00010B14FF0FF30BEE7B74A12681179B64A1B
:105CB0005268107804AB0122FCF735FC10B14FF0AC
:105CC000FF30B0E70C208DF81000AF4A1268117950
:105CD000AD4A5268107804AB0122FCF724FC10B1E5
:105CE0004FF0FF309FE70F20FCF7BDFAA648806A0F
:105CF000407A8DF81000A44A12689178A24A52683E
:105D0000107804AB0122FCF70EFC10B14FF0FF300D
:105D100089E79D48806A007A8DF810009A4A1268D7
:105D20005178994A5268107804AB0122FCF7FBFBCA
:105D300010B14FF0FF3076E7B9F1000F07D092486D
:105D4000806A807A40F0E0008DF8100004E08E4810
:105D5000806A807A8DF810008B4A126891798A4A9D
:105D60005268107804AB0122FCF7DDFB10B14FF054
:105D7000FF3058E7B9F1000F07D08348806AC07A36
:105D800040F0E0008DF8100003E07E48C07A8DF806
:105D900010007D4A1268D1797B4A5268107804ABB2
:105DA0000122FCF7C0FB10B14FF0FF303BE7B9F127
:105DB000000F02D0C820FCF756FA40208DF81000E2
:105DC000714A12681179704A5268107804AB012246
:105DD000FCF7A9FB10B14FF0FF3024E778208DF8D5
:105DE0001000694A12685179674A5268107804AB0A
:105DF0000122FCF798FB10B14FF0FF3013E7614927
:105E00008889FCF730FA00208DF810005E4A12688D
:105E100051795D4A5268107804AB0122FCF783FB8C
:105E200010B14FF0FF30FEE6574A1268917A564A99
:105E30005268107804AB0222FCF7C4FB10B14FF09B
:105E4000FF30F0E69DF811009DF8101040EA012B9C
:105E50000C209BFBF0F0C6B20020A86068602860B0
:105E6000A06060602060824665E0474A1268D17A8F
:105E7000454A5268107804AB0C22FCF7A3FB10B122
:105E80004FF0FF30CFE69DF811009DF8101040EA6A
:105E9000012000B2ADF808009DF813009DF8121023
:105EA00040EA012000B2ADF80A009DF815009DF807
:105EB000141040EA012000B2ADF80C00BDF9081042
:105EC000206808442060BDF90A10606808446060DA
:105ED000BDF90C10A0680844A0609DF817009DF85B
:105EE000161040EA012000B2ADF800009DF819003C
:105EF0009DF8181040EA012000B2ADF802009DF8AC
:105F00001B009DF81A1040EA012000B2ADF8040011
:105F1000BDF90010286808442860BDF902106868BF
:105F200008446860BDF90410A8680844A8600AF134
:105F3000010000F0FF0AB24597DB1248D0F800C01C
:105F40002868C117090441EA10410704624600238A
:105F5000384601F0A5FA32460023CDE9020101F0EE
:105F60009FFA28600748D0F800C06868C117090484
:105F700041EA1041070462460023384606E000006B
:105F800054E3853FE8960008B401002001F088FA48
:105F900032460023CDE9020101F082FA6860FE4832
:105FA000D0F800C0A868C117090441EA10410704ED
:105FB00062460023384601F073FA32460023CDE9E9
:105FC000020101F06DFAA860F348D0F804C021681E
:105FD000C817000440EA11480F04624600233846FF
:105FE000414601F05DFA32460023CDE9020101F09D
:105FF00057FA2060E848D0F804C06068C117090467
:1060000041EA1041070462460023384601F048FA8D
:1060100032460023CDE9020101F042FA6060DE4819
:10602000D0F804C0A068C117090441EA1041070470
:1060300062460023384601F033FA32460023CDE9A8
:10604000020101F02DFAA060A068002804DDA0681C
:10605000A0F58030A06003E0A06800F58030A0606B
:106060000020E0E538B50446CC4890F82400A04272
:1060700001D1002038BD24B3C84890F8250010B9DC
:106080004FF0FF30F6E70020FEF75AFB0020FEF746
:1060900079FCC249C88CFEF7DEFE00200090BF49A3
:1060A000496808786B4601222321FCF73CFA01215C
:1060B000BA4880F824100120FEF742FBFEF706FDE7
:1060C00013E00020FEF73CFBB448007C0090B3498D
:1060D000496808786B4601222321FCF724FA002145
:1060E000AE4880F82410FEF7F1FC0020C2E72DE94D
:1060F000F04F8DB083460F4602200C90A74890F8D1
:10610000240020B10020FFF7ADFF012600E00026AB
:1061100003A8FFF7E2F905A8FFF7FFF901A8FFF7C9
:1061200020FA02A8FFF742FA9C4890F80AA004A8B7
:10613000FFF796FA002407E0002239465846FFF799
:1061400059FD00B902E0641C022CF5DB00BF022CF3
:1061500001D1002528E0002407E0012206A909A8B2
:10616000FFF748FD00B902E0641C022CF5DB00BF1C
:10617000022C01D1002517E006A93846FFF75CFC88
:1061800000F0FF0809A95846FFF7A8FC00F0FF0936
:106190000025B9F1000F01D145F00105B8F1000F5C
:1061A00001D145F0020500BFFF207C490872FF21A4
:1061B0007A484172C1724FF6FF71C181FF2181722D
:1061C000017401210173BDF80C00FEF7D2FE9DF8A9
:1061D0001400FEF78CFEBDF80400FEF790FDBDF83C
:1061E0000800FEF738FE5046FEF767FB9DF81000EA
:1061F000FEF750FD16B10120FFF734FF28460DB021
:10620000BDE8F08FF8B504460D46164616B94FF0B6
:10621000FF30F8BD6148807A10B94FF0FF30F8E7E1
:1062200020128DF80000E0B28DF801009DF8010009
:1062300028445A4949684989884202DD4FF0FF30B5
:10624000E7E7564A1268117E544A526810786B4646
:106250000222FCF768F910B14FF0FF30D9E7EAB23B
:106260004E4B1B68597D4D4B5B6818783346FCF7E5
:106270005AF910B14FF0FF30CBE70020C9E7F8B56D
:1062800004460D46164616B94FF0FF30F8BD434898
:10629000807A10B94FF0FF30F8E720128DF8000037
:1062A000E0B28DF801009DF8010028443B4949689F
:1062B0004989884202DD4FF0FF30E7E7374A12682C
:1062C000117E364A526810786B460222FCF72BF991
:1062D00010B14FF0FF30D9E7EAB2304B1B68597D5F
:1062E0002E4B5B6818783346FCF76CF910B14FF011
:1062F000FF30CBE70020C9E72DE9F04385B0054624
:106300000E4690469946254890F8250020B14FF05A
:10631000FF3005B0BDE8F08316B94FF0FF30F8E765
:10632000002423E0281B102801DD102000E0281B9A
:1063300087B2321939462046FFF764FF10B14FF09B
:10634000FF30E6E701AA39462046FFF798FF10B173
:106350004FF0FF30DDE730193A4601A901F001F9AD
:1063600010B16FF00100D4E7E01984B2AC42D9DB80
:106370004FEA28208DF8000008F0FF008DF801009A
:10638000064A1268917E054A526810786B460222CE
:10639000FCF7C9F838B103E0E8960008B401002022
:1063A0004FF0FF30B5E701218A4880F82510A0F8AA
:1063B00026900020ADE70146864890F8240008703A
:1063C0000020704702464FF0FF30704701464FF003
:1063D000FF307047F8B505460F461446002C70D0C4
:1063E000B5F5FF5F01DDFF2605E0202D01DA01266E
:1063F00001E0C5F3471607B90127282C02DD4FF04D
:10640000FF30F8BD7348407D28BB724890F82400E7
:1064100038B10020FFF726FE01216E4880F82010D9
:1064200003E000216B4880F820106A481630FFF71F
:1064300054F868481830FFF770F866481A30FFF7CC
:1064400090F864481C30FFF7B1F86248817A817790
:106450001F30FFF705F90020FEF772F90020FEF764
:106460008DFC00208DF800005A4A12689178594A34
:10647000526810786B460122FCF755F810B14FF0C6
:10648000FF30BEE740208DF80000524A1268D17BF1
:10649000504A526810786B460122FCF744F800B16C
:1064A00065E08DF800608DF801704A4A1268117A33
:1064B000484A526810786B460222FCF734F808B15B
:1064C00055E047E00520FBF7CEFE4248407A072121
:1064D00001EBC000C0B28DF800003E4A1268D179CD
:1064E0003C4A526810786B460122FCF71CF800B158
:1064F0003DE020208DF80000012C03D100208DF814
:1065000001000EE0052C03DC01208DF8010008E0FD
:10651000142C03DC02208DF8010002E003208DF82A
:1065200001009DF80100072101EB8010C0B28DF839
:106530000100284A1268917C264A526810786B46FE
:106540000222FBF7F0FF00B111E001212148417563
:10655000002056E71F4A1632002103E0505C00B1CC
:1065600005E0491C0C29F9D34FF0FF3049E7FF2023
:1065700018490872FF2117484172C1724FF6FF7126
:10658000C181FF2181720174012101730146887F5D
:10659000FEF793F90F49C88AFEF7EBFC0D49087E18
:1065A000FEF7A5FC0B49488BFEF7A9FB0949888B30
:1065B000FEF751FC0749C87FFEF76CFB054890F8D1
:1065C000200010B10120FFF74DFD00210148417569
:1065D000002016E7B401002010B5C8234FF48062F4
:1065E000F74940F6F630FFF787FE10BD10B586B0CC
:1065F0000446F4A000680390F3A000680290F3A0A2
:1066000000680190F2A00068009004F0030003A964
:10661000085C8DF8140003A8C4F3C101405C8DF838
:10662000150003A8C4F38111405C8DF8160004F036
:10663000030002A9085C8DF8100002A8C4F3C10190
:10664000405C8DF8110002A8C4F38111405C8DF804
:10665000120005AA032140F22640FFF7D3FD18B12E
:106660004FF0FF3006B010BD04AA032140F22A40CB
:10667000FFF7C8FD10B14FF0FF30F3E70198059028
:106680000098049004F0040058B19DF8140040F004
:1066900001008DF814009DF8100040F001008DF805
:1066A000100004F0200058B19DF8150040F00100E2
:1066B0008DF815009DF8110040F001008DF81100D3
:1066C00004F4807058B19DF8160040F001008DF878
:1066D00016009DF8120040F001008DF8120005AA86
:1066E00003214FF48860FFF78DFD10B14FF0FF30AC
:1066F000B8E704AA032140F23140FFF783FD10B14F
:106700004FF0FF30AEE7B34804810020AAE71FB581
:106710000446B048007A00F0030054F820000190CD
:10672000AC48007A00F0040010B10198404201909A
:10673000A848007AC0F3C10054F820000290A54890
:10674000007A00F0200010B1029840420290A14867
:10675000007AC0F3811054F8200003909D4800890E
:1067600000F4807010B10398404203909A49019858
:1067700080FB0101800F40EA810001909649029858
:1067800080FB0110820042EA9170029092490398C6
:1067900080FB0110820042EA917003900198000E84
:1067A0008DF800000198000C8DF801000198000A96
:1067B0008DF802000198C0B28DF803006A460421EA
:1067C0004FF47470FFF71EFD18B14FF0FF3004B0A6
:1067D00010BD0298000E8DF800000298000C8DF894
:1067E00001000298000A8DF802000298C0B28DF8EC
:1067F00003006A4604214FF47570FFF703FD10B1E2
:106800004FF0FF30E3E70398000E8DF80000039887
:10681000000C8DF801000398000A8DF8020003981F
:10682000C0B28DF803006A4604214FF47670FFF77A
:10683000E9FCCCE770B588B0064601A8FEF7E9FE92
:10684000BDF804000021C90341EA5045C403614872
:10685000007A00F0030056F8200005905D48007AA9
:1068600000F0040010B10598404205905948007AA4
:10687000C0F3C10056F8200006905648007A00F098
:10688000200010B10698404206905248007AC0F3AA
:10689000811056F8200007904E48008900F480705F
:1068A00010B10798404207900598C117A0FB042338
:1068B00001FB043100FB0510810041EA9270059054
:1068C0000698C117A0FB042301FB043100FB05104F
:1068D000810041EA927006900798C117A0FB04233B
:1068E00001FB043100FB0510810041EA9270079022
:1068F0000598000E8DF808000598000C8DF8090029
:106900000598000A8DF80A000598C0B28DF80B00B2
:106910000698000E8DF80C000698000C8DF80D00FE
:106920000698000A8DF80E000698C0B28DF80F0088
:106930000798000E8DF810000798000C8DF81100D4
:106940000798000A8DF812000798C0B28DF813005E
:1069500002AA0C214FF42570FFF754FC08B070BD5B
:1069600030B585B004461DA207CA02AB07C3C82CC8
:1069700003DD4FF0FF3005B030BDC82090FBF4F0D0
:10698000401E85B2280A8DF80000E8B28DF801009B
:106990006A46022140F21620FFF734FC10B14FF096
:1069A000FF30E8E702AA0C2140F6C120FFF72AFCDD
:1069B00010B14FF0FF30DEE7064884810020DAE7AF
:1069C000109700084CCD6C000CC92C003656760090
:1069D000264666005803002009E3CA02FEF2ABC453
:1069E000AAF1DFDFBBAFDFDF0146FC48808908800A
:1069F000002070472DE9FC4706460F4606F00700C9
:106A000010B1B7F5C86F03DD4FF0FF30BDE8FC876C
:106A1000384601F00CF88146F14900F039FE804615
:106A20006846FEF77AFD9DF80000022806D004288B
:106A300016D0082826D0102848D135E04FF08D41D7
:106A4000404600F0F3FD814601F020F884B2E549AC
:106A5000404600F0EBFD814601F018F885B238E0C1
:106A60004FF08C41404600F0E1FD814601F00EF808
:106A700084B2DD49404600F0D9FD814601F006F8B8
:106A800085B226E04FF08B41404600F0CFFD8146B5
:106A900000F0FCFF84B2D549404600F0C7FD8146B6
:106AA00000F0F4FF85B214E04FF08A41404600F058
:106AB000BDFD814600F0EAFF84B2CD49404600F0BA
:106AC000B5FD814600F0E2FF85B202E04FF0FF30F5
:106AD0009CE700BF20128DF80400E0B28DF805009D
:106AE00028128DF80600E8B28DF8070006F00100C4
:106AF000A0B101AA02214FF4EA70FFF783FB10B1A5
:106B00004FF0FF3082E70DF1060202214FF4927040
:106B1000FFF778FB10B14FF0FF3077E706F0020087
:106B2000A0B101AA02214FF4EC70FFF76BFB10B18A
:106B30004FF0FF306AE70DF1060202214FF4947026
:106B4000FFF760FB10B14FF0FF305FE706F0040085
:106B5000A0B101AA02214FF4EE70FFF753FB10B170
:106B60004FF0FF3052E70DF1060202214FF496700C
:106B7000FFF748FB10B14FF0FF3047E7002045E733
:106B800038B504460020009004F0010020B19DF8C3
:106B9000000040F03000009004F0020020B19DF8A9
:106BA000000040F00C00009004F0040020B19DF8BB
:106BB000000040F0030000906A4601214FF4A470E9
:106BC000FFF720FB38BD38B50446012C01DA01245B
:106BD00002E0042C00DD0424601EC0B200906A466E
:106BE000012140F24F10FFF70DFB38BD38B50446C8
:106BF000052094FBF0F085B228128DF80000E8B271
:106C00008DF801006A4602214FF4EF70FFF7FAFA9F
:106C100038BD38B50446052094FBF0F085B2281243
:106C20008DF80000E8B28DF801006A4602214FF4A9
:106C3000ED70FFF7E7FA38BDF8B505460E464FF49C
:106C40007A7095FBF0F000FB06F4200E8DF8000042
:106C5000200C8DF80100200A8DF80200E0B28DF8BA
:106C600003006A4604214FF4AE70FFF7CBFAF8BD7B
:106C700038B50446052094FBF0F084B220128DF85C
:106C80000000E0B28DF801006A4602214FF4AD70B9
:106C9000FFF7B8FA38BD38B50446052094FBF0F08C
:106CA00084B220128DF80000E0B28DF801006A462F
:106CB00002214FF4AC70FFF7A5FA38BD38B5044691
:106CC00014B94FF0FF3038BD6A4604214FF45870B4
:106CD000FFF7D5FA10B14FF0FF30F4E79DF8000050
:106CE00000069DF8011040EA01409DF8021040EABC
:106CF00001209DF80310084320600020E3E738B529
:106D00000446200E8DF80000200C8DF80100200AAA
:106D10008DF80200E0B28DF803006A4604214FF4BA
:106D20005870FFF76FFA38BD38B5044614B94FF004
:106D3000FF3038BD6A4604214FF47170FFF79FFAA7
:106D400010B14FF0FF30F4E79DF8000000069DF809
:106D5000011040EA01409DF8021040EA01209DF830
:106D60000310084300EB8000800020600020E0E773
:106D700038B504461420B4FBF0F4200E8DF8000062
:106D8000200C8DF80100200A8DF80200E0B28DF889
:106D900003006A4604214FF47170FFF733FA38BDDF
:106DA00038B5044664B120208DF8000028208DF805
:106DB000010030208DF8020038208DF8030004E037
:106DC000A3220421684600F0AEFB6A46042140F687
:106DD0009E20FFF717FAFDF779FE38BD5803002013
:106DE00000004843000040460000C0450000404508
:106DF0000000C04438B5044664B1C0208DF80000DE
:106E0000C2208DF80100C4208DF80200C6208DF844
:106E1000030004E08B220421684600F084FB6A46EC
:106E2000042140F69820FFF7EDF9FDF74FFE38BD3D
:106E30003EB504466CB1FDA1D1E900208968CDE9D9
:106E4000002002916A4609214FF49760FFF7DAF9B2
:106E50003EBDF9A2D2E900109268CDE9010200918D
:106E60006A4609214FF49760FFF7CCF9F0E73EB589
:106E7000044602208DF80000CA208DF80100E320AE
:106E80008DF8020009208DF803006A46042168206D
:106E9000FFF7B8F9A3208DF8000004F0400048B1D6
:106EA000C0208DF80100C8208DF80200C2208DF8A6
:106EB000030006E0A3208DF801008DF802008DF894
:106EC000030004F4C07048B1C4208DF80400CC2045
:106ED0008DF80500C6208DF8060006E0A3208DF889
:106EE00004008DF805008DF80600A3208DF807003A
:106EF0008DF808008DF809006A460A2140F6A7209F
:106F0000FFF780F904F0030018B120208DF800008D
:106F100002E0D8208DF800006A46012140F6B62034
:106F2000FFF770F904F0200018B10120FFF780FF8F
:106F300002E00020FFF77CFF04F4C07008B304F403
:106F4000807060B1B2208DF800008B208DF80100B8
:106F5000B6208DF802009B208DF803000BE0B020D6
:106F60008DF8000080208DF80100B4208DF802001B
:106F700090208DF803006A46042140F6A220FFF716
:106F800041F904F0010020B3F8208DF800006A46B2
:106F900001214FF40B60FFF735F9FA210720FFF7C5
:106FA00029FD0720FFF7ECFD0120FFF70CFE642010
:106FB000FFF71CFE4FF4FA70FFF72BFEC821A14823
:106FC000FFF73AFE2820FFF753FE0A20FFF763FE83
:106FD00008E0D8208DF800006A4601214FF40B60CC
:106FE000FFF710F904F0020018B1D9208DF8000065
:106FF00002E0D8208DF800006A46012140F23D7081
:10700000FFF700F904F0040018B10120FFF7F2FEC9
:1070100002E00020FFF7EEFE04F0100018B101209E
:10702000FFF7BEFE02E00020FFF7BAFE44F00800C2
:1070300085494881FDF74AFD00208349887304F0A3
:10704000400018B10846807B801D887304F4C0702E
:1070500020B17D48807B801D7B49887304F014003B
:1070600020B17948807B10307749887304F00300A1
:1070700020B17548807B001D7349887300203EBD98
:107080000146714840890880002070472DE9F04191
:107090000446E07800F0C006E07800F03F05607834
:1070A00000F0010098B1EF102846E91705EB517187
:1070B000C910A5EBC101491C01F0FF086248006836
:1070C00020B16148414602683846904700BF607869
:1070D00000F0080030B15C48406818B1B0115A4A5D
:1070E000516888470020BDE8F08110B586B004469D
:1070F00056A207CA03AB07C357A207CA8DE8070009
:10710000012C09D0022C0ED103AA0B2140F68220BB
:10711000FFF778F806B010BD6A460B2140F68220D2
:10712000FFF770F8F6E74FF0FF30F3E72DE9F04F87
:107130008DB00746884615469946DDE9166B002452
:10714000002030804049887B5A4605A9FEF7BDFBE8
:1071500018B1601E0DB0BDE8F08F3B48807A00F09A
:107160001400002861D09DF8140000069DF8151049
:1071700040EA01409DF8161040EA01209DF81710E2
:10718000084328609DF8180000069DF8191040EA91
:1071900001409DF81A1040EA01209DF81B10084399
:1071A00068609DF81C0000069DF81D1040EA014033
:1071B0009DF81E1040EA01209DF81F100843A860AA
:1071C0009DF8200000069DF8211040EA01409DF83E
:1071D000221040EA01209DF823100843E86004F1E2
:1071E0001000C4B22868001401906868001402906E
:1071F000A86800140390E8680014049001984043C4
:10720000029901FB0100039901FB0100049901FBB4
:10721000010ABAF1706F02DBBAF1885F22DDFDF777
:1072200055FC00203080401E94E721E0B8AAB38DC1
:10723000B4980D355D000000B8AAAAAAB088C3C5ED
:10724000C700000009E3CA0258030020D8B1B9F30F
:107250008BA391B609B4D900DAB1B9F38BA391B677
:10726000DAB4DA00B6F9000040F48070308000BF74
:107270007848807A00F0400020B305A9601C085CC3
:10728000095D40EA012000B2A8F8000005A9E01C51
:10729000095C05AAA01C105C41EA002000B2A8F815
:1072A000020005A9601D095C201D105C41EA002058
:1072B00000B2A8F80400A01DC4B2B6F9000040F066
:1072C000080030806348408900F4C07008B305A905
:1072D000601C085C095D40EA012000B2388005A905
:1072E000E01C095C05AAA01C105C41EA002000B269
:1072F000788005A9601D095C201D105C41EA002012
:1073000000B2B880A01DC4B2B6F9000040F0700011
:1073100030805048807A00F0030018B105A90819A0
:10732000FFF7B4FE4846FAF7AAFF002012E701462D
:1073300048480160002070470146464841600020EF
:107340007047014691F90020002A01DD00201EE06F
:1073500091F90020002A01DA042018E091F90120B7
:10736000002A01DD012012E091F90120002A01DA52
:1073700005200CE091F90220002A01DD022006E040
:1073800091F90220002A01DA062000E00720704768
:1073900070B505462846FFF7D4FF0446E81CFFF702
:1073A000D0FF44EAC00084B2A81DFFF7CAFF44EA38
:1073B000801084B2204670BD70B588B002A905A8BF
:1073C000FEF795FE0446032C3FD101A8FEF704F911
:1073D000059800F023FB0646019900F027F90546C1
:1073E00000F03BFB0590069800F018FB064601995B
:1073F00000F01CF9054600F030FB0690079800F0FD
:107400000DFB0646019900F011F9054600F025FB39
:10741000079005A8FFF77BF96846FEF7FAF8BDF874
:107420000010029848430290BDF8001003984843AA
:107430000390BDF8001004984843049002A8FFF799
:10744000F9F905A0FDF735F802E00CA0FDF731F8D9
:1074500008B070BD5803002073657474696E6720AE
:10746000626961732073756363657366756C6C79AB
:10747000202E2E2E2E2E2E0A00000000626961732F
:1074800020686173206E6F74206265656E206D6F79
:10749000646966696564202E2E2E2E2E2E0A000049
:1074A0002DE9F0410024061B254671F1000605DA9E
:1074B00001240027D0EB070067EB0101161E73F1D2
:1074C000000605DA0027D2EB0702012567EB03036C
:1074D00000F062FB86460E4617469C46AC4204D03E
:1074E0000025D0EB050E65EB010624B10020D2EBA0
:1074F000000760EB030C704631463A466346BDE830
:10750000F08140EA01039B0703D009E008C9121F7C
:1075100008C0042AFAD203E011F8013B00F8013B4D
:10752000521EF9D27047D2B201E000F8012B491E79
:10753000FBD270470022F6E710B513460A46044610
:107540001946FFF7F0FF204610BD421E12F8013F1A
:10755000002BFBD111F8013B02F8013B002BF9D1C4
:10756000704730B504460020034600E05B1C9342A0
:1075700003D2E05CCD5C401BF8D030BDF0B480EAB3
:107580000102D40F4200B2EB410F02D2024608467C
:1075900011464A0042D0C30DDDB2C1F3C752AD1A45
:1075A000202D35DAC1F3160141F4000204B1524234
:1075B000C5F1200602FA06F12A411044B3EBD05F70
:1075C00023D0C4B1012DA0EBC35009DCF0BC4FF0B7
:1075D000004202EAC352DBB200F5000000F037BB04
:1075E000400000F1807000EBC350A0F1807040EAD1
:1075F000D170490009E0490841EAC071A0EBC350CD
:1076000000F50000400800EBC350F0BC00F016BBD2
:107610006142012202EB4101001BF6E7F0BC70471A
:1076200081F00041AAE780F00040A7E780EA01026C
:1076300010B502F00043400022D04A001FD0010ED6
:1076400001EB1261C0F35600C2F3560240F4000091
:1076500042F40002A0FB022000047F39140400D091
:10766000401C50EA124001D44000491EC2B20C0630
:1076700004EBD010401C4008802A02D003E0002018
:1076800010BD20F00100002900DA0020184310BDD1
:1076900030B480EA010202F0004530F0004221F0EF
:1076A000004013D090B1C30DD40DC2F31601C0F346
:1076B0001600E41A41F4000140F400027D349142C6
:1076C00001D3641C00E04900002C02DA30BC002029
:1076D00070474FF400000023914201D3891A0343FD
:1076E00040084FEA4101F7D151B1914202D14FF028
:1076F000004105E002D24FF0010101E06FF001010D
:1077000003EBC450284430BC00F098BA2DE9FE4F7A
:10771000804681EA0300C00F0C46009021F0004132
:1077200023F00045B8EB0200A94105D240462146AE
:1077300090461C460B46024623F00040104347D0BB
:10774000270DC7F30A00C3F30A510290401A0190B3
:1077500040286BDAC3F3130040F4801B0098924674
:1077600020B10023D2EB030A63EB0B0B01985946BF
:10777000C0F14002504600F040FA06460D46504621
:107780005946019A00F048FA10EB080061410024C4
:1077900087EA115284EAE7731A4340D0009A62B331
:1077A000019A012A4FEA075215DC001B61EB020126
:1077B0004FF0004202EA0752CDE90042001C41F5B9
:1077C000801132462B4600F07FFA03B0BDE8F08FFF
:1077D00040462146F9E7001B61EB0201001C41F520
:1077E000801300185B412018A2F5001747EB030136
:1077F00040EAD570B6196D4111E06D084FEA3606C2
:1078000045EAC0754FEA0752001B61EB0201001CFC
:1078100041F5801149084FEA3000001951413246C4
:107820002B4603B0BDE8F04F00F03FBA00980122AC
:1078300040000023D0EB020263EBE0730098214686
:107840004FEAE074B8EB000061EB0401E9E783F074
:1078500000435BE781F0004158E72DE9FE4F81EAE4
:10786000030404F0004421F0004100944FF0000BA9
:1078700023F0004350EA01045ED052EA03045BD0D7
:10788000C3F30A54C1F30A552C44A4F2F33401940F
:10789000A0FB0254C1F3130141F48011C3F313039D
:1078A00043F4801301FB024400FB034E840A970A51
:1078B00044EA815447EA8357A4FB076802958D0A7E
:1078C00005FB07854FEA932C04FB0C542705029D0A
:1078D0004FEA065847EA1637B5EB08056EEB070C7A
:1078E000870E920E47EA811742EA8312A7FB020134
:1078F000B6EB0B0164EB00042B0D43EA0C335E186E
:1079000044EB1C50DA465146E7FB0201C5F3130471
:107910004FEA0B3343EA14534FEA0432019C43EA23
:107920000603A4F10C040294009CCDE900B400F01D
:10793000CBF903B0BDE8F08F00200146F9E72DE94F
:10794000F04D81EA030404F0004B21F00045144699
:107950004FF0000A23F0004150EA050220D054EA1B
:1079600001021DD0C5F30A570246C5F31303C1F344
:107970001300C1F30A5640F4801543F48013A7EBBB
:107980000608101BD64608F2FD3873EB050002D33B
:1079900008F1010801E092185B41B8F1000F03DA29
:1079A00000200146BDE8F08D00204FF4801106460E
:1079B00084460EE0171B73EB050705D3121B63EB20
:1079C000050306434CEA010C49084FEA30009218BF
:1079D0005B4150EA0107EDD152EA030012D082EA7E
:1079E000040083EA0501084305D0101BAB4106D211
:1079F0000122002306E000224FF0004302E06FF076
:107A0000010253101AEB06004CEB085110EB0A0070
:107A100041EB0B01BDE8F04D00F047B9C10F80EA22
:107A2000E0700844CA079623002100F010B996239D
:107A30000022114600F00BB90EB5C10F80EAE070CC
:107A40000844CA07002140F233438DE80E000A467D
:107A50000B4600F039F903B000BD00F0004220F001
:107A60000040C10DC0F3160040F400007F2901DA88
:107A700000207047962903DCC1F19601C84001E05F
:107A800096398840002AF4D04042704720F00040E8
:107A9000C10DC0F3160040F400007F2901DA002078
:107AA0007047962903DCC1F19601C84070479639AA
:107AB0008840704700F0004230F000400AD0C10D0D
:107AC00001F56071C0F3160042EA0151C208400797
:107AD00011437047002001467047000030B5041E76
:107AE00071F1000404DB4FF00044404264EB0101FB
:107AF000141E73F1000405DB1C464FF00043524294
:107B000063EB04038B4208BF824230BD01F00043A7
:107B100030B421F0004150EA010206D00A0DA2F56E
:107B20006072C1F31301002A02DC30BC00207047F0
:107B3000440F44EAC104C100E01830BC00EBC2505D
:107B400000F07CB8002801DBC0F10040002901DB17
:107B5000C1F1004181427047002801DBC0F10040C3
:107B6000002901DBC1F100418842704730B50B4666
:107B7000014600202022012409E021FA02F59D425D
:107B800005D303FA02F5491B04FA02F52844151E31
:107B9000A2F10102F1DC30BD2DE9F05F05460020C5
:107BA00092469B4688460646814640241BE028466E
:107BB00041464746224600F02FF953465A46C01A1E
:107BC000914110D311461846224600F016F82D1A9E
:107BD00067EB01084F4622460120002100F00DF816
:107BE00017EB00094E41201EA4F10104DFDC4846DA
:107BF00031462A464346BDE8F09F202A04DB203A5E
:107C000000FA02F1002070479140C2F1200320FAEF
:107C100003F3194390407047202A06DBCB17203A24
:107C200041FA02F043EAE07306E041FA02F3D04081
:107C3000C2F1200291400843194670470029A8BFAD
:107C40007047401C490008BF20F00100704710B485
:107C5000B0FA80FC00FA0CF050EA010404BF10BC3A
:107C6000704749B1CCF1200421FA04F411FA0CF167
:107C700018BF012121430843A3EB0C01CB1D4FEAA0
:107C800000614FEA102042BF002010BC704700EB9B
:107C9000C35010440029A4BF10BC7047401C4900C9
:107CA00008BF20F0010010BC704710B5141E73F11E
:107CB000000408DA401C41F1000192185B411A43AC
:107CC00001D120F0010010BD2DE9F04D92469B46F8
:107CD00011B1B1FA81F202E0B0FA80F2203290469E
:107CE000FFF78BFF04460F4640EA0A0041EA0B010A
:107CF00053465A46084313D0114653EA010019D09F
:107D0000C8F14002504600F087F805460E4650463E
:107D100059464246FFF771FF084305D0012004E0B1
:107D200020463946BDE8F08D0020054346EAE0765E
:107D30002C4337430A986305E40AA0EB08000022AD
:107D4000FD0A44EA47540A3002D500200146E9E71B
:107D5000010510196941DDE9084500196941BDE8CF
:107D6000F04DA2E770B521F0004303430CD0C1F3FE
:107D70000A550024D5EB040564EB0403D617AD1AAD
:107D8000B34102DB0020014670BD201841EB0251D7
:107D900070BDC1F30A52C1F3130140F2FF3341F445
:107DA00080119A4202DA00200146704740F23343C4
:107DB0009A42A2F2334202DC524200F02DB8FFF7A1
:107DC0001CBF000030B5041E71F1000404DB4FF04D
:107DD0000044404264EB0101141E73F1000405DB12
:107DE0001C464FF00043524263EB0403994208BF24
:107DF000904230BD064C074D06E0E06840F00103BC
:107E000094E8070098471034AC42F6D3F8F772F9BB
:107E100068A5000888A50008202A04DB203A21FA7A
:107E200002F00021704721FA02F3D040C2F1200293
:107E300091400843194670472DE9F04D00231A463A
:107E40001B1A8A4103DB00200146BDE8F08DC1F317
:107E50000A52C1F3130141F480154FF0000BD10712
:107E600002D100186D41521E0027044640F2FF1156
:107E7000384601EB620A3E468046024600204FF437
:107E80008011FFF7C9FFC2197141BB1846EB010011
:107E9000B4EB030C75EB000C04D3E41A65EB00059E
:107EA00017460E46241908F101006D41804634281A
:107EB000E3DDF91946EB0600091BA84103D24FF098
:107EC000FF32134601E0002213461BEB070046EB8E
:107ED0000A51BDE8F04DFFF7E8BE0EB540F2334160
:107EE00002910021CDE900110A460B46FFF7ECFE96
:107EF00003B000BD70B5C1F30A5201F00045002483
:107F0000C1F3130140F2FF3341F480119A4201DAC8
:107F1000002070BD40F233439A42A2F2334203DCA8
:107F20005242FFF779FF00E090402C43F1D04042ED
:107F300070BD70B58C1810F8015B15F0070301D106
:107F400010F8013B2A1106D110F8012B03E010F8BC
:107F5000016B01F8016B5B1EF9D12B0705D40023DF
:107F6000521E0DD401F8013BFAE710F8013BCB1A81
:107F7000921C03E013F8015B01F8015B521EF9D576
:107F8000A142D8D3002070BD0FB4084B10B504A98E
:107F900002AA039800F01AFC044602A9002000F08F
:107FA000ACFF204610BC5DF814FB0000FB8E0008FF
:107FB000490050EAC12018BF04204A0D18BF40F004
:107FC000010040F2FF72B2EB515F08BF40F00200C7
:107FD000012808BF052070472DE9F74F144694B0DB
:107FE0000021C4E902111599079121F00045C94902
:107FF0008D4206DC1599C4E9000117B00020BDE8E8
:10800000F08FC549DFF814A3A9423CDD0799C44E9F
:108010000029C44FC44A1599534619DDFFF717FCD0
:10802000554506D0C14AC24BFFF711FCC4E9000117
:108030000AE04FF0D352BE4BFFF709FC32463B46F5
:10804000FFF705FCC4E9000117B00120BDE8F08F7F
:10805000FFF75CFB554506D0B44AB54BFFF756FB1E
:10806000C4E900010AE04FF0D352B14BFFF74EFBD9
:1080700032463B46FFF74AFBC4E9000117B04FF018
:10808000FF30BDE8F08FAB49A942159978DB21F0AC
:10809000004183468846A84AA84BFFF7DEFB002232
:1080A000A74BFFF733FBFFF725FF0990FFF7C4FC51
:1080B00006460F469C4A5346FFF7CFFB43465A46B7
:1080C000FFF7C8FB80468A46984A994B30463946A6
:1080D000FFF7C3FB2A0D01250B9242465346FFF7DB
:1080E000B9FB032DC4E9000139D00B98C1F30A5143
:1080F000401A05EB45111139814230DA9148C346E7
:10810000784400EB0510CDF80CA00C90D0E90023CA
:1081100030463946FFF7A1FB02460B460491069014
:1081200058460399FFF793FB80468A4602460B4662
:1081300058460399FFF78BFB049B069AFFF787FBD2
:1081400083460C9803913946D0E902233046FFF765
:1081500084FB5A46039BFFF77AFB6D1CBDE707982B
:108160000028A2BF099817B0BDE8F08F616881F0C0
:1081700000416160099817B04042BDE8F08FFFE709
:1081800084461598C1F31301C0F30A50A0F2F530EC
:108190004FEA601800F01F06C6F12000139000207F
:1081A0000690079041F4801E05206D4676B1664A20
:1081B00008EB00017A4452F8213002EB8101B34010
:1081C0004A68139922FA01F1194305E05F4908EB67
:1081D0000002794451F82210A1FB0E27A1FB0C13D9
:1081E0001A449A4234BF0123002303EB070A05EB2C
:1081F0008003D3E901B70F448F4234BF012100212E
:1082000093448B4411B1934502D903E0934501D2C5
:10821000012100E00021C3E901B7514445F82010D5
:10822000011EA0F10100C1DC0298059F00F1005081
:10823000800F12900298DDE903568000FFF7FCFBE7
:10824000834628460D91FFF748FE6FF01D02FFF7A9
:1082500089FDCDE90E013046FFF73FFE6FF03D028C
:10826000FFF780FD80468A463846FFF736FE6FF0FE
:108270005D02FFF777FD0746424653461191FFF72F
:1082800045FADDE90E23FFF741FA5A460D9BFFF749
:108290003DFA00250E465A4628460D9BFFF7D7FAB1
:1082A000DDE90E23FFF7D3FA42465346FFF7CFFA34
:1082B0003A46119BFFF7CEFADFF898A0244A5346BE
:1082C000FFF7CBFA07468846234A244B3146284617
:1082D000FFF7C3FA3A464346FFF718FA07468846BF
:1082E0004FF0A842534631462846FFF7B6FA3A46C1
:1082F0004346FFF70BFA159A12F0004F04D0129A7A
:1083000081F0004152421292C4E90001129817B064
:10831000BDE8F08FFB21E93F7CD90240FB21F93F0A
:108320007370032E8A19A33B000040543163621A14
:1083300061B4D03DFB21394183C8C96D305FE43F52
:108340000000E03F24230000A02200008222000061
:10835000182D4454FB21F93D3326A611460B113C40
:108360002DE9FF4D21F0004807460C46B8F1795F32
:1083700008DAFFF7BFFD002801BF0020324904B032
:10838000BDE8F08D3A46234610461946FFF765FAD8
:10839000054602462D480E460B460621784400F05D
:1083A0005DF82A463346FFF758FADDE90223824694
:1083B0008B4638462146FFF750FA04460F46524690
:1083C0005B4628463146FFF748FA22463B46FFF710
:1083D0003EFA07468A464FF0FF3228463146FFF7FD
:1083E000C1FC1B4A90450ADA3A465346FFF72FFA7A
:1083F00004B00022BDE8F04D134BFFF72BBA154A2D
:108400004245A8BFA8F500154FF00004B8BF124DB3
:1084100022462B46FFF71BFA0646884622462B4685
:1084200000200949FFF713FA04460D463A46534621
:1084300030464146FFF70BFA04B022462B46BDE812
:10844000F04DFFF707BA00000000F03F5020000099
:108450003333D33F0000E93F0000D23F2DE9F04124
:108460004F1E00EBC7010446D1E9000115461E4628
:1084700037F006020DD02A463346FFF7EEF97F1E8D
:1084800004EBC703D3E90023FFF740F937F00602F6
:10849000F1D1022F25D0042F13D0062F18BFBDE82D
:1084A000F0812A463346FFF7D8F9D4E90A23FFF7CB
:1084B0002DF92A463346FFF7D0F9D4E90823FFF710
:1084C00025F92A463346FFF7C8F9D4E90623FFF712
:1084D0001DF92A463346FFF7C0F9D4E90423FFF714
:1084E00015F92A463346FFF7B8F9D4E90223FFF716
:1084F0000DF92A463346FFF7B0F9D4E90023BDE869
:10850000F041FFF703B900002DE9FF4D054621F0CA
:10851000004084B00C46B0F1795F0BDA2846FFF7D3
:1085200047FD042808BF00F071F8284608B021462E
:10853000BDE8F08D2A460B461046FFF78EF9064639
:108540000F462A462346FFF788F9804626488A4682
:1085500032463B4605217844FFF780FF834610985A
:10856000029160B3214A224B40465146FFF775F90C
:10857000CDE900015A4640465146029BFFF76DF98E
:1085800082468846DDE906014FF0FF32FFF7EAFB3D
:1085900052464346FFF75BF932463B46FFF75DF92B
:1085A000DDE90623FFF753F9DDE90023FFF74FF973
:1085B00008B02A462346BDE8F04DFFF74BB90B46FD
:1085C0005A4630463946FFF748F9084A084BFFF744
:1085D0009DF842465346FFF740F908B02A46234625
:1085E000BDE8F04DFFF792B8961F0000495555556C
:1085F0005555C5BF0122FFF7B5BBFFF787B800226D
:10860000134610461146FFF79AB90000024A0020AF
:108610001107FFF7A7BB000001FDFFFF02E008C83C
:10862000121F08C1002AFAD170477047002001E0EC
:1086300001C1121F002AFBD17047000001490860E8
:1086400070470000E00100202DE9FF5F82B00021AB
:10865000DDE90430020DDDF840B0034318D044F6E4
:108660001050A2F2FF3242431514119801281FD076
:10867000A5EB0B00401C5FEA000A4FF000064E4FCE
:10868000DFF83891B046504615D5CAF1000413E022
:10869000119801244AA3012801D16FEA0B01029825
:1086A000119AC0E90031C0E9024206B0BDE8F09F6E
:1086B000CBF10000DFE704460021404A491842EBB5
:1086C0000450CDE9001012E0E00707D032463B46E7
:1086D00040464946FFF7C1F88046894632463B4648
:1086E00010461946FFF7B9F806460F466410002CED
:1086F000EAD1DDE90401DDE90023BAF1000F06DA71
:10870000FFF7ABF842464B46FFF7A7F805E0FFF747
:1087100016F942464B46FFF712F904460E46002270
:10872000284BFFF74FFB03D84FF0FF30014607E01F
:108730000022254B20463146FEF7E8FFFFF729FBD4
:10874000102409E0002C0ADB0A220023FFF724FA98
:10875000039B30321A55641E50EA0102F2D1641CA8
:10876000039AC4F111031444119A012A03D001227F
:1087700008430DD10AE0084304D000204FF0110B4C
:10878000119072E7A3EB0B056D1E0DE05B4504DD58
:108790004FF0000205F1010504E003DA4FF000029A
:1087A000A5F10105002AECD002981199C0E9023127
:1087B000C0E9004579E70000000014400000F03FE8
:1087C000300000000000F0430000E03F2DE9FF4FC3
:1087D00095B09B468946064600250FE2252877D1AD
:1087E00000242746F84A0121059400E0044316F8C6
:1087F000013F203B01FA03F01042F7D130782A28DC
:1088000011D06FF02F033078A0F13002092A16D86A
:10881000059A44F0020402EB820203EB4202104488
:10882000761C0590EFE759F8042B0592002A03DA2D
:10883000504244F40054059044F00204761C307811
:108840002E2816D116F8010F44F004042A280DD062
:108850006FF02F023078A0F13003092B09D807EB15
:10886000870302EB4303C718761CF3E759F8047B30
:10887000761C30786C280FD006DC4C2817D068287E
:108880000DD06A2814D104E0742810D07A280FD1B2
:108890000DE044F400140AE044F4801401E044F4D0
:1088A00040147278824202D104F58014761C761C42
:1088B000307866280BD013DC582877D009DC0028E4
:1088C00075D04528F6D04628F4D047281AD19DE126
:1088D00018E0632835D0642879D0652812D195E155
:1088E000702873D008DC6728F1D069286FD06E2813
:1088F0000DD06F2806D1B5E073282CD0752875D01F
:10890000782874D05A46179990476D1C75E1C4F3C6
:108910000250022809D003280DD0D9F800100428ED
:108920000DD00D6009F1040967E1D9F80010EA17CC
:10893000C1E90052F6E7D9F800100D80F2E70D709A
:10894000F0E719F8041B8DF8001000208DF80100E5
:10895000EA46012003E059F804AB4FF0FF3061070D
:108960004FF0000102D40DE008F101018846B94240
:108970000FDA8045F8DB1AF808100029F4D108E076
:1089800008F1010188468142FADB1AF80810002933
:10899000F6D105985B46A0EB080721463846179AA2
:1089A00000F094FA284400EB080507E04DE029E1C7
:1089B0000DE01AF8010B5A4617999047B8F10108D3
:1089C000F7D25B4621463846179A13E142E00A2265
:1089D0000092C4F302524FF0000A022A08D059F85C
:1089E00004CB032A4FEAEC710AD00DE029E02AE01B
:1089F00009F1070121F00702F2E802C1914609E0FE
:108A00000FFA8CFC4FEAEC71042A03D14FFA8CFC6C
:108A10004FEAEC71002907DA0A460021DCF1000C6C
:108A200061EB02012D2202E0220504D52B228DF8F4
:108A30000420012203E0E20701D02022F7E790465C
:108A400059E00A2102E010220DE010214FF0000A47
:108A500000910BE010224FF0000A44F004040827B4
:108A6000009203E008224FF0000A0092C4F3025281
:108A7000022A05D059F804CB0021032A08D009E0C6
:108A800009F1070121F00702F2E802C1914605E071
:108A90001FFA8CFC042A01D10CF0FF0C4FF00008E7
:108AA000220728D5702806D0009B83F0100353EAD4
:108AB0000A0305D00EE040228DF80420012208E0D0
:108AC0005CEA010206D030228DF804208DF8050002
:108AD00002229046009B83F0080353EA0A030AD15E
:108AE0005CEA010201D1620705D530228DF804202D
:108AF0004FF001087F1E582804D034A003900EA820
:108B000002900DE036A0F9E753466046009AFFF761
:108B100043F884460398825C0298401E02900270DB
:108B20005CEA0100F0D1029806A9081A00F1200AB7
:108B3000600702D524F4803400E00127574502DDA8
:108B4000A7EB0A0000E0002000EB0A010090059866
:108B50004144401A0590E00306D45B462146179A2B
:108B6000059800F0B3F90544002706E001A85A462D
:108B7000C05D179990476D1C7F1C4745F6DBE003ED
:108B80000CD55B462146179A059800F09FF90544DD
:108B900004E030205A46179990476D1C0099481EF2
:108BA00000900029F5DC08E0029802995A46007806
:108BB000491C0291179990476D1CBAF10001AAF166
:108BC000010AF1DC65E1000009280100303132338F
:108BD00034353637383961626364656600000000F9
:108BE00030313233343536373839414243444546E3
:108BF0000000000000F058F90544761C3078002889
:108C00007FF4ECAD19B02846BDE8F08F620700D4C0
:108C1000062709F1070222F0070CFCE80223E146CF
:108C200003F000485FEA080C02D00FF2702C0DE050
:108C30005FEA045C02D50FF2682C07E05FEAC47CAF
:108C400002D00FF2602C01E0AFF2700C4FF0FF3851
:108C500023F00043CDF850C065280CD006DC452831
:108C600009D046281DD047283DD13DE0662818D0C0
:108C700067287ED138E00021112F01DB112000E0B0
:108C8000781CCDE9000106A90EA8FFF7DDFCDDE99F
:108C90000F010E9A03910021009207F1010A04913D
:108CA0004DE04FF000400097CDE9011006A90EA855
:108CB000FFF7CAFCDDE90F0203920E9B1199002217
:108CC000DDF80CA00093049211B9791C00EB010AA5
:108CD000B7EB0A0004D4C0F1FF3007F1010A049099
:108CE000AAEB0700019044E0012F00DA01270021E0
:108CF000112F01DD112000E03846CDE9000106A961
:108D00000EA8FFF7A1FCDDE90F010E9A03910021E7
:108D100004910092BA4621070CD40399514500DA18
:108D20008A46BAF1010F05DD009AAAF10101515CF2
:108D3000302908D0B84202DA10F1040F06DA012116
:108D4000CDE9011015E0AAF10101E9E7002805DCF1
:108D5000049901440491AAEB000102E0411C514531
:108D600000DD8A460499401A401C01904FF00040F3
:108D70000290200704D40198504501DBCDF804800F
:108D800000208DF84F0002980DF14F07B0F1004F11
:108D900025D02B200E9002984FF0020800280CDA04
:108DA000404202902D200E9007E00A210298FEF723
:108DB000DDFE3031029007F8011DB8F10001A8F185
:108DC0000108F2DC02980028EFD1791E0E98087095
:108DD000307800F0200040F0450007F8020D12A89E
:108DE000C01B00F107081498007800B1012000EBC7
:108DF0000A01019801EBE07105984144401A401EB8
:108E00000590E00306D45B462146179A059800F0CA
:108E10005DF805441498007818B15A4617999047A0
:108E20006D1CE00324D55B462146179A059800F097
:108E30004DF805441CE00498002807DBDDE9030138
:108E4000884203DD0098405C179901E017993020B3
:108E50005A469047049805F10105401C049001987A
:108E6000401E019004D12E205A46179990476D1C40
:108E7000BAF10001AAF1010ADDDC05E017F8010BE7
:108E80005A46179990476D1CB8F10001A8F10108E6
:108E9000F4DC5B462146179A0598ABE62D000000EE
:108EA0002B000000200000002DE9F04104460025C1
:108EB0001E461746880404D405E039462020B047F2
:108EC0006D1C641EF9D52846BDE8F0812DE9F041FE
:108ED000044600251E469046C80301D5302700E011
:108EE0002027880404D505E041463846B0476D1C6C
:108EF000641EF9D52846BDE8F0810A68531C0B6052
:108F0000107070472DE9F04D8D4F21F0004A86B06A
:108F100005460C46BA452ADBAAEB070028430AD0CF
:108F20008848824501DC1AD1CDB106B02846BDE89B
:108F3000F04DFFF75FBB844A844B2846FEF78DFC5B
:108F400007460E46824A834B28462146FEF785FC9B
:108F500006B03A463346BDE8F04DFEF7D7BB0120D8
:108F6000FFF76CFB06B0BDE8F04DFFF748BB7A4851
:108F7000824542DABAF1795F0BDA2846FFF718F832
:108F8000042808BFFFF742FB284606B02146BDE88B
:108F9000F08D2A460B461046FEF75FFC83460246DC
:108FA0006E480E460B4606217844FFF757FA5A469C
:108FB0003346FEF752FC804669488A465A46334695
:108FC00004217844FFF74AFA5A463346FEF745FC37
:108FD00000223B46FEF79AFB02460B4640465146AE
:108FE000FEF7ADFC2A462346FEF737FC06B02A46BC
:108FF0002346BDE8F04DFEF789BB284624F000412A
:1090000000223D463B46FEF725FC4FF0FF32FEF7BF
:10901000A9FE0646024653480F460B4606217844F1
:10902000FFF71CFA32463B46FEF717FCCDE900017C
:109030004D4832463B4604217844FFF70FFA32464A
:109040003B46FEF70AFC00222B46FEF75FFB8346F9
:1090500002913046394600F0FBFA804643480D46FF
:10906000504517DCDDE900015A46029BFEF767FC1C
:1090700042462B46FEF7F1FB42462B46FEF746FBE7
:109080000122FEF76FFE304A304BFEF7E0FB304A1C
:10909000304B4CE04FF0000A52460B464046FEF77C
:1090A00035FBCDE9031052462B4610461946FEF714
:1090B000D4FB32463B46FEF7CDFBDDE90332FEF73B
:1090C0003EFC06460F46DDE900015A46029BFEF7CC
:1090D00036FC83460091012230463946FEF742FEB7
:1090E000194A1A4BFEF7B6FB06460F4601224046C8
:1090F0002946FEF737FE5A46009BFEF7AEFB324686
:109100003B46FEF7A4FB06460F4601225046294681
:10911000FEF728FE0E4DDFF858802A464346FEF73C
:1091200099FB32463B46FEF795FB2A464346FEF73F
:1091300091FB002CD8BF81F0004106B0BDE8F08D56
:109140000000F03F0000F07F075C143326A6913C3E
:10915000182D4454FB21F93F0000E03F5C13000050
:1091600072130000E6120000FC1200003333EF3FE0
:10917000FB21E93F2DE9F84F04460D4621F0004060
:1091800000917349814211DC7249884201DC06D1A9
:109190002CB120462946BDE8F84FFFF72BBA6E48A0
:1091A000002DCCBF6D496E49BDE8F88F6D498142F5
:1091B00011DD6D498142D8BF4FF0FF366DDD20468D
:1091C0002946FEF7F5FE042808BFFFF71FFA2046E0
:1091D0002946BDE8F88F6549654F25F00045814275
:1091E00033DD6449814219DD002632464FF0804369
:1091F00020462946FEF78AFA80468A460122204602
:109200002946FEF7AFFD00223B46FEF720FB424613
:109210005346FEF794FB04460D463EE0012600222D
:10922000BA463B4620462946FEF770FA80460F466E
:109230000022534620462946FEF709FB42463B469C
:10924000FEF77DFB04460D4627E04B4981421BDDBE
:10925000DFF828A102260022534620462946FEF7C1
:10926000FCFA00223B46FEF751FA80460F460022E8
:10927000534620462946FEF7EAFA42463B46FEF7A9
:109280005EFB04460D4608E0032622462B460020DE
:109290003B49FEF754FB04460D4622462B4610463A
:1092A0001946FEF7DAFA8B46824602460B46FEF76F
:1092B000D4FA07460246334888460B4606217844CE
:1092C000FFF7CCF852465B46FEF7C7FA82462E48B7
:1092D0008B463A46434605217844FFF7BFF83A46A5
:1092E0004346FEF7BAFA02460B46002E5046594650
:1092F0000CDAFEF70BFA22462B46FEF7AEFA01B067
:1093000022462B46BDE8F04FFEF7A4BAFEF7FEF961
:1093100022462B46FEF7A1FA1C4A7A4402EBC6030A
:10932000D3E90023FEF793FA22462B46FEF78FFA85
:10933000174A7A4402EBC603D3E90023FEF78AFA00
:10934000009A002AB8BF81F00041BDE8F88F000004
:10935000000010440000F07F182D4454FB21F93F19
:10936000FB21F9BF0000DC3F0000203E0000F33F7E
:109370000000F03F0000E63F008003400000F83F9F
:109380000000F0BFFE100000BC1000005A100000EA
:10939000221000002DE9F04D9446CCF1000423F09A
:1093A00000464CEA0404524F46EAD4749A46884672
:1093B00021F00042BC4206D8454240EA050442EA98
:1093C000D474BC4204D9BDE8F04D6246FFF715B92C
:1093D000AAF14055A5F17F6555EA0C040BD0022493
:1093E00004EAAA74434DDFF810E144EAD87452EA63
:1093F000000B04D00CE0BDE8F04DFFF7BBBE002C25
:1094000014BF012CBDE8F08D022C30D0032C32D0DB
:1094100056EA0C0B0AD0BE4220D1BA4209D126F03E
:10942000804622F080423346114617E000291ADBBD
:1094300025E0DFF8C8B0FB44002C04BFDBE90001E5
:10944000BDE8F08D012C02BFDBE9000181F0004195
:10945000BDE8F08D022C0AD0032C0CD0BA4212D1F8
:10946000B8F1000F0BDA23482549BDE8F08D2846F6
:109470002449BDE8F08D28467146BDE8F08D1D48B1
:109480002149BDE8F08D921B12153C2AC4BF194832
:109490001D490EDCBAF1000FBEBF12F13C0F0020D7
:1094A000014606DB6246FEF74AFA21F00041FFF76B
:1094B00061FE002C08BFBDE8F08D012C04BF81F0D7
:1094C0000041BDE8F08D114A114B022C07D0FEF788
:1094D000BEF92A46BDE8F04D0A4BFEF7B8B9FEF7D3
:1094E000B6F92A46BDE8F04D064BFEF7B3B90000C9
:1094F0000000F07F182D4454FB2109C0E60F000046
:10950000FB21F9BFFB210940FB21F93F075C143324
:1095100026A6A13C00B5244B21F0004287B09A4218
:10952000DCBF0022134629DD204B9A4208D140B906
:109530004FF00100FFF782F8FFF761F807B000BDB8
:1095400003DBFFF757F807B000BD02AAFEF744FDA2
:1095500010F0030104BF0DF1080C9CE80F000DD0C2
:10956000012001290ED0022914D00DF1080C009021
:109570009CE80F00FEF7C8FF07B000BDFEF7F0FE45
:1095800007B000BD0DF1080C00909CE80F00FEF73D
:10959000BBFF05E00DF1080C9CE80F00FEF7E0FEB4
:1095A00007B081F0004100BDFB21E93F0000F07FE2
:1095B00000B5254B21F0004287B09A4203DC00221F
:1095C000134600922BE0214B9A4208D140B94FF04C
:1095D0000100FFF733F8FFF712F807B000BD03DB17
:1095E000FFF708F807B000BD02AAFEF7F5FC10F07F
:1095F00003014FF001000DD0012914D002291AD027
:109600000DF1080C9CE80F00FEF7AAFE07B081F0F0
:10961000004100BD0DF1080C00909CE80F00FEF722
:1096200073FF07B000BD0DF1080C9CE80F00FEF7BA
:1096300097FE07B000BD0DF1080C00909CE80F00EC
:10964000FEF762FFE2E70000FB21E93F0000F07F48
:109650002DE9F04106460F46FEF7EEFB041E0D46CF
:1096600018BF0120284320F00040C0F17F6000F1C6
:10967000E040C00F0ED0301C18BF0120384320F04E
:109680000040C0F17F6000F1E040C00F04BF012046
:10969000FEF7D4FF20462946BDE8F0810000000017
:1096A0000000000000406540333333333333D33F91
:1096B0000000000000001240B81E85EB51B8BE3F0C
:1096C0006800000476005401F7FD000175191A0CBA
:1096D0006A231B1C1F207274433B4138393A6B6C60
:1096E000376F06246D6E70008300000000080000D4
:1096F0000001001832000500000020410000D242A5
:10970000295C0F3E9A99993E3333733F295C0F3E93
:1097100000007000000000240000000200030000B0
:1097200000650054FFEF0000FA80000B1282000178
:10973000030C30C30E8C8CE914D5400213710F8ECC
:109740003883F8833000F883258EF8833000F8835F
:10975000FFFFFFFF0FFEA9D6240004001A8279A1A3
:109760000000003CFFFF00000010000038836FA2E3
:10977000003E03304000000002CAE3093E800000C2
:109780002000000000000000400000006000000019
:10979000000C0000000C186E000006920A16C0DFD4
:1097A000FFFF0256FD8CD377FFE1C496E0C5BEAA49
:1097B00000000000FFFF0B2B0000165700000359AC
:1097C0004000000000001DFA00026C1D00000000B7
:1097D0003FFFDFEB003EB3B6000D227800002F3CC8
:1097E00000000000001942B5000039A20000B36576
:1097F000D90E9FC91DCF4C3430000000500000002E
:109800003BB67AE80064000000C8000000000000D9
:10981000100000001000FA921000225E000D229F3E
:109820000001000000320000FF46000063D4000089
:109830001000000004D6000004CC000004CC00009E
:109840000000107200000040000000000000000056
:109850000006000200050007000000000064000090
:10986000000000000000000500050064002000006A
:1098700000000000000000000000400000000300A5
:1098800000000032F8980000FF650000830F000020
:10989000FF9BFC0000000000000000000000000032
:1098A00000000000000000000000000000000000B8
:1098B0000000000000000000000000000000100098
:1098C00040000000000000060000B26A0002000034
:1098D0000001FB830068000000D9FC007CF1FF83DD
:1098E0000000000000650000006403E80064002838
:1098F000000000250000000016A00000000010007D
:1099000000001000002F0000000001F40000100013
:1099100000280000FFFF4581FFFFFA7200000000F1
:1099200000000000004400050005BAC6004778A208
:10993000000000010000000000000600000000140C
:109940000000254D002F706D000005AE000C02D008
:109950000000000000000000000000000000000007
:10996000001B0000000000000000000000000000DC
:10997000006400000008000000000000000000007B
:1099800000000000000000000000000000000000D7
:1099900000000000000000000000000000000000C7
:1099A00000000000000000000000000000000000B7
:1099B00000000000000000000000000000000000A7
:1099C0000000000000000000000000000000000097
:1099D000001B00000000000000000000000E000E50
:1099E00000000AC70004000000000032FFFFFF9CD7
:1099F00000000B2B000000020000000100000064CA
:109A0000FFE5000000000000000000000000000072
:109A10000000000100000000000100000000000044
:109A2000000180000001800000018000002426D396
:109A30000000000000000000000600100096003C3E
:109A40000000000000000000000000000000000016
:109A50000C0A4E68CDCF770950166759C619CE82C9
:109A600000000000000000000000000000000000F6
:109A7000000000000000000017D784000300000071
:109A80000000000000000000C7938F9D1E1B1C19E2
:109A900000000000000000000000000000000000C6
:109AA00000000000000000000203188500004000D4
:109AB00000000003000000030000000000000000A0
:109AC0004000000000000000000000000000000056
:109AD0000000000000000000000000000000000086
:109AE0000000000000000000000000000000000076
:109AF00000000000677DDF7E72902E554CF6E688F0
:109B00000000000000000000000000000000000055
:109B1000D8DCB4B8B0D8B9ABF3F8FAB3B7BB8E9E03
:109B2000AEF132F51BF1B4B8B08097F1A9DFDFDFF9
:109B3000AADFDFDFF2AAC5CDC7A90CC92C97F1A90E
:109B400089264666B28999A92D557DB0B08AA89616
:109B5000365676F1BAA3B4B280C0B8A89711B283D2
:109B600098BAA3F0240844106418B2B9B49883F1E9
:109B7000A329557DBAB5B1A38393F0002850F5B25F
:109B8000B6AA839328547CF1B9A3829361BAA2DA6E
:109B9000DEDFDB819AB9AEF5606870F1DABAA2DF78
:109BA000D9BAA2FAB9A38292DB31BAA2D9BAA2F881
:109BB000DF85A4D0C1BBAD83C2C5C7B8A2DFDFDFDC
:109BC000BAA0DFDFDFD8D8F1B8AAB38DB4980D35CD
:109BD0005DB2B6BAAF8C96198F9FA70E161EB49AB7
:109BE000B8AA872C547CBAA4B08AB691325676B201
:109BF0008494A4C808CDD8B8B4B0F19982A82D55E2
:109C00007D98A80E161EA22C547C92A4F02C50789D
:109C1000F184A898C4CDFCD80DDBA8FC2DF3D9BAEB
:109C2000A6F8DABAA6DED8BAB2B68696A6D0F3C837
:109C300041DAA6C8F8D8B0B4B882A892F52C5488F6
:109C400098F135D9F418D8F1A2D0F8F9A884D9C779
:109C5000DFF8F883C5DADF69DF83C1D8F40114F1D6
:109C6000A8824EA884F311D182F5D992289788F161
:109C700009F41C1CD884A8F3C0F9D1D99782F12922
:109C8000F40DD8F3F9F9D1D982F4C203D8DEDF1A82
:109C9000D8F1A2FAF9A88498D9C7DFF8F8F883C7F1
:109CA000DADF69DFF883C3D8F40114F198A8822EB3
:109CB000A884F311D182F5D992509788F109F41C48
:109CC000D884A8F3C0F8F9D1D99782F149F40DD816
:109CD000F3F9F9D1D982F4C403D8DEDFD8F1AD8825
:109CE00098CCA809F9D98292A8F57CF1883ACF944A
:109CF0004A6E98DB6931DAADF2DEF9D88795A8F2C1
:109D000021D1DAA5F9F417D9F1AE8ED0C0C3AE8255
:109D1000C684C3A88595C8A588F2C0F1F4010EF1E8
:109D20008E9EA8C63E56F554F18872F40115F1983E
:109D300045856EF58E9E0488F142985A8E9E06885F
:109D400069F4011CF1981E1108D0F504F11E970268
:109D500002983625DBF9D985A5F3C1DA85A5F3DFAD
:109D6000D88595A8F309DAA5FAD88292A8F578F1F2
:109D7000881A849F26889821DAF41DF3D8879F39A2
:109D8000D1AFD9DFDFFBF9F40CF3D8FAD0F8DAF968
:109D9000F9D0DFD9F9D8F40BD8F3879F39D1AFD9EF
:109DA000DFDFF41DF3D8FAFCA869F9F9AFD0DADEE9
:109DB000FAD9F88F9FA8F1CCF398DB45D9AFDFD063
:109DC000F8D8F18F9FA8CAF38809DAAF8FCBF8D8FB
:109DD000F2AD978D0CD9A5DFF9BAA6F3FAF412F219
:109DE000D8950DD1D9BAA6F3FADAA5F2C1BAA6F37D
:109DF000DFD8F1BAB2B68696A6D0CAF349DAA6CBB6
:109E0000F8D8B0B4B8D8AD84F2C0DFF18FCBC3A816
:109E1000B2B68696C8C1CBC3F3B0B48898A821DB8C
:109E2000718D9D71859521D9ADF2FAD88597A828B5
:109E3000D9F408D8F28D29DAF405D9F285A4C2F252
:109E4000D8A88D9401D1D9F411F2D88721D8F40A79
:109E5000D8F28498A8C801D1D9F411D8F3A4C8BB0A
:109E6000AFD0F2DEF8F8F8F8F8F8F8F8D8F1B8F66C
:109E7000B5B9B08A95A3DE3CA3D9F8D85CA3D9F8CC
:109E8000D87CA3D9F8D8F8F9D1A5D9DFDAFAD8B1B6
:109E90008530F7D9DED8F830ADDADED8F2B48C9957
:109EA000A32D557DA083DFDFDFB591A0F629D9FB77
:109EB000D8A0FC29D9FAD8A0D051D9F8D8FC51D9CA
:109EC000F9D879D9FBD8A0D0FC79D9FAD8A1F9F979
:109ED000F9F9F9A0DADFDFDFD8A1F8F8F8F8F8AC83
:109EE000DEF8ADDE8393AC2C547CF1A8DFDFDFF627
:109EF0009D2CDAA0DFD9FADB2DF8D8A850DAA0D053
:109F0000DED9D0F8F8F8DB55F8D8A878DAA0D0DF99
:109F1000D9D0FAF8F8F8F8DB7DF8D89CA88CF530A1
:109F2000DB38D9D0DEDFA0D0DEDFD8A848DB58D9B7
:109F3000DFD0DEA0DFD0DED8A868DB70D9DFDFA0FD
:109F4000DFDFD8F1A888902C547C98A8D05C38D159
:109F5000DAF2AE8CDFF9D8B087A8C1C1B188A8C643
:109F6000F9F9DA36D8A8F9DA36D8A8F9DA36D8A85D
:109F7000F9DA36D8A8F9DA36D8F78D9DADF818DABF
:109F8000F2AEDFD8F7ADFA30D9A4DEF9D8F2AEDE02
:109F9000FAF983A7D9C3C5C7F1889BA77AADF7DEC5
:109FA000DFA4F8849408A797F300AEF29819A48868
:109FB000C6A39488F632DFF28393DB09D9F2AADFD5
:109FC000D8D8AEF8F9D1DAF3A4DEA7F1889B7AD815
:109FD000F38494AE19F9DAAAF1DFD8A881C0C3C519
:109FE000C7A39283F628ADDED9F8D8A350ADD9F82F
:109FF000D8A378ADD9F8D8F8F9D1A1DADEC3C5C7AE
:10A00000D8A18194F818F2B089ACC3C5C7F1D8B80B
:10A01000B4B09786A8319B069907AB9728889BF028
:10A020000C201440B0B4B8F0A88A9A285078B79B96
:10A03000A8295179247059446938644831F1BBAB7F
:10A0400088002C547CF0B38BB8A804285078F1B069
:10A0500088B49726A85998BBABB38B02264666B046
:10A06000B8F08A9CA82951798B2951798A24705992
:10A070008B2058718A4469388B3940688A6448312A
:10A080008B30496088F1AC002C547CF08CA80428FB
:10A090005078F1889726A85998AC8C02264666F02D
:10A0A000899CA8295179247059446938644831A998
:10A0B0008809205970AB11384069A8193148608C63
:10A0C000A83C415C207C00F187981986A86E767EBA
:10A0D000A999882D557DD8B1B5B9A3DFDFDFAED002
:10A0E000DFAAD0DEF2ABF8F9D9B087C4AAF1DFDF7E
:10A0F000BBAFDFDFB9D8B1F1A3978E60DFB084F2D8
:10A10000C8F8F9D9DED89385F14AB183A308B5839D
:10A110009A0810B79F10D8F1B0BAAEB08AC2B2B6E2
:10A120008E9EF1FBD9F41DD8F9D90CF1D8F8F8AD11
:10A1300061D9AEFBD8F40CF1D8F8F8AD19D9AEFB63
:10A14000DFD8F416F1D8F8AD8D61D9F4F4ACF59CF4
:10A150009C8DDF2BBAB6AEFAF8F40BD8F1AED0F87E
:10A16000AD51DAAEFAF8F1D8B9B1B6A3839C08B90B
:10A17000B1839AB5AAC0FD3083B79F10B58B93F217
:10A180000202D1ABDADED8F1B080BAABC0C3B28480
:10A19000C1C3D8B1B9F38BA391B609B4D9ABDEB0C2
:10A1A000879CB9A3DDF1B38B8B8B8B8BB087A3A37B
:10A1B000A3A3B28BB69BF2A3A3A3A3A3A3A3A3A31E
:10A1C000A3F1B087B59AA3F39BA3A3DCBAACDFB924
:10A1D000A3A3A3A3A3A3A3A3A3A3A3A3A3A3A3A34F
:10A1E000D8D8D8BBB3B7F1AAF9DAFFD9809AAA2890
:10A1F000B48098A720B79787A86688F07951F19026
:10A200002C870CA781976293F07171608594012966
:10A21000517990A5F1284C6C870C95188578A3830B
:10A2200090284C6C886CD8F3A28200F210A8921986
:10A2300080A2F2D926D8F188A84DD948D896A83955
:10A2400080D93CD89580A839A68698D92CDA87A7DA
:10A250002CD8A8899519A980D938D8A88939A98076
:10A26000DA3CD8A82EA83990D90CD8A8953198D91D
:10A270000CD8A809D9FFD801DAFFD89539A9DA2670
:10A28000FFD890A80D8999A810809821DA2ED88936
:10A2900099A83180DA2ED8A886963180DA2ED8A8EF
:10A2A000873180DA2ED8A88292F34180F1D92ED856
:10A2B000A882F31980F1D92ED882ACF3C0A28022F3
:10A2C000F1A62EA72EA92298A829DAACDEFFD8A2E3
:10A2D000F22AF1A92E8292A8F23180A696F1D90035
:10A2E000AC8C9C0C30ACDED0DEFFD88C9CACD0109B
:10A2F000ACDE8092A2F24C82A8F1CAF235F19688C7
:10A30000A6D900D8F1FF0000555555555555C53F04
:10A310007D6FEB0312D6D4BF5544880E55C1C93F9B
:10A320003B8F68B52882A4BF88B20175E0EF493F32
:10A3300009F7FD0DE13D023F4B2D8A1C273A03C072
:10A34000C88A599CE52A004059018D1B6C06E6BF5E
:10A3500082922EB1C5B8B33F4FBB610567ACDD3FFC
:10A36000182D4454FB21E93F9BF681D20B73EF3F3C
:10A37000182D4454FB21F93FE2652F227F2B7A3CB4
:10A38000075C143326A6813CBDCBF07A8807703C6D
:10A39000075C143326A6913CC4EB98999999C9BFE0
:10A3A000711623FEC671BCBF6D9A74AFF2B0B3BF15
:10A3B0009AFDDE522DDEADBF2F6C6A2C44B4A2BFD5
:10A3C0000D5555555555D53FFF8300922449C23F41
:10A3D0006E204CC5CD45B73F513DD0A0660DB13F75
:10A3E000EB0D76244B7BA93F11DA22E33AAD903F87
:10A3F0004C5555555555A53F7751C1166CC156BFA3
:10A400009015CB19A001FA3EAD529C804F7E92BEB2
:10A41000C4B1B4BD9EEE213ED43888BEE9FAA8BDD1
:10A42000000000000000000000004054FB21F93F44
:10A430003163621A61B4D03D0000601A61B4D03D4E
:10A440007370032E8A19A33B0000002E8A19A33BC8
:10A45000C14920259A837B390000000000000000DC
:10A460006E83F9A22915444ED15727FCC0DD34F57F
:10A47000999562DB4190433CAB6351FE61C5BBDE05
:10A480003A6E24B7E0D24D42EA2E49061C92D10919
:10A490001CEB1DFE3EA729B1F53582E88444BB2E96
:10A4A00026709CE9417E5FB439D69139F4395383E3
:10A4B0008B5F849C3B28F9BDFF97F81F0F9805DE42
:10A4C0008B112FEF1F6D0A5ACF7E366DB709CB2740
:10A4D000663F464F2DEA5F9EC7BA27757BF1E5EBD5
:10A4E000F739073DEA92528AB15FFB6B085D8D1F19
:10A4F000A6F810111111813FD561C119A0012ABF21
:10A500007DFEB157E31DC73EEB9C2B8AE6E55ABEA4
:10A510007CD5CF5A3AD9E53D2050726F647563748B
:10A520002049442072656164206173203020696E87
:10A530006469636174657320646576696365206925
:10A54000732065697468657220696E636F6D7061F0
:10A550007469626C65206F7220616E204D505533B6
:10A560003035302E0A00000088A5000800000020C9
:10A57000E4010000327F0008FCA50008E40100208F
:10A58000840500002C860008412D010203040410FC
:10A5900009060708090204060884A24A0469183259
:10A5A000FF290452010342803F234843200FC84241
:10A5B0009A99993FDA0FC93F9A99193E0316F042CA
:10A5C000032E40411B2A43581950076890408FC200
:10A5D000F53D0316881323200330096F12833AA632
:10A5E0009B443B07293F0AD7A33B01EB803F0C1359
:0CA5F000CC961B08C00401205AE824008F
:04000005080000ED02
:00000001FF
