:020000040800F2
:10000000A8070020A14E0008C1310008C331000834
:10001000C7310008CB310008CF31000800000000D4
:10002000000000000000000000000000D3310008C4
:10003000D531000800000000D7310008D931000890
:10004000BB4E0008BB4E0008BB4E0008BB4E00086C
:10005000BB4E0008BB4E0008BB4E00085B4D0008BD
:10006000BB4E0008BB4E0008BB4E0008BB4E00084C
:10007000BB4E0008BB4E0008BB4E0008BB4E00083C
:10008000BB4E0008BB4E0008BB4E0008BB4E00082C
:10009000BB4E0008BB4E0008BB4E0008BB4E00081C
:1000A000BB4E0008BD4C0008BB4E0008BB4E00080C
:1000B000BB4E00086D2800087D280008BB4E0008D4
:1000C000BB4E0008BB4E0008BB4E0008BB4E0008EC
:1000D000BB4E0008BB4E0008BB4E0008BB4E0008DC
:1000E000BB4E0008BB4E0008BB4E0008DFF80CD02A
:1000F00008F042FA0048004781260008A8070020BF
:1001000031490143314A1160704770B50021002325
:100110000F22C47804B32D4C246804F4E064C4F5C1
:10012000E064210AC1F10403CA40447804FA03F1EF
:100130008478144021430901254C0678A1550478A0
:1001400004F01F050124AC4005786D11AD0005F1E8
:10015000E025C5F8004109E0047804F01F050124FA
:10016000AC401C4D0678761145F8264070BD1A4A01
:100170000A400243154B1B1F1A60704739B1134ADE
:10018000121D12680243114B1B1D1A6006E00F4A34
:10019000121D126882430D4B1B1D1A607047042804
:1001A00008D14FF0E021096941F004014FF0E0224D
:1001B000116107E04FF0E021096921F004014FF0DF
:1001C000E0221161704700000000FA050CED00E02C
:1001D00000E400E080E100E080FFFF1F00204449D0
:1001E0000860091D0860091D0860091D0860414874
:1001F0003F4914310860704700213D498279002A47
:100200003AD00A46126803689A430B461A600A1DE0
:10021000126803689A430B1D1A60027911440A6838
:1002200003681A430A60324A0832126803689A4324
:100230002F4B08331A601A1D126803689A432C4B1F
:100240000C331A604279102A0ED11A1F1268036803
:100250001A43274B08331A601A1D126803681A43A1
:10026000234B0C331A600DE02149427911440A688E
:1002700003681A430A6005E0027911440A680368BA
:100280009A430A6070470021016001710C2141719D
:100290000021817170471649103109680143144AE1
:1002A00010321160704701460020114A1432126862
:1002B0000A400AB1012000E0002070470C491431C7
:1002C00008607047014600200022094B1B6803EAC2
:1002D0000102074B14331B680B4013B10AB1012014
:1002E00000E00020704702491431086070470000A8
:1002F00000040140FFFF0F0010B50446CC488442C3
:1003000008D10121042000F02DFB0021042000F081
:1003100029FB46E0C748844208D10121082000F0AB
:1003200021FB0021082000F01DFB3AE0C248844276
:1003300008D10121102000F015FB0021102000F051
:1003400011FB2EE0BD48844208D10121202000F09D
:1003500009FB0021202000F005FB22E0B848844280
:1003600008D10121402000F0FDFA0021402000F0DA
:10037000F9FA16E0B348844208D10121802000F048
:10038000F1FA0021802000F0EDFA0AE0AE48844244
:1003900007D10121801500F0E5FA0021A01500F039
:1003A000E1FA10BD10B50121084600F0DBFA00218A
:1003B000012000F0D7FA10BD2DE9F04102460025DA
:1003C0000026002000230024002791F803C00CF031
:1003D0000F0591F803C00CF0100CBCF1000F03D016
:1003E00091F802C04CEA050591F800C0BCF1000F7D
:1003F00031D0146800202BE04FF0010C0CFA00F310
:10040000B1F800C00CEA03069E4220D183004FF0F1
:100410000F0C0CFA03F7BC4305FA03FC4CEA040486
:1004200091F803C0BCF1280F06D14FF0010C0CFA73
:1004300000FCC2F814C00AE091F803C0BCF1480FF8
:1004400005D14FF0010C0CFA00FCC2F810C0401CA2
:100450000828D1D31460B1F800C0BCF1FF0F34DD1F
:10046000546800202EE000F1080C4FF0010808FA53
:100470000CF3B1F800C00CEA03069E4221D18300C0
:100480004FF00F0C0CFA03F7BC4305FA03FC4CEADF
:10049000040491F803C0BCF1280F05D100F1080C49
:1004A00008FA0CF8C2F8148091F803C0BCF1480FA8
:1004B00007D100F1080C4FF0010808FA0CF8C2F857
:1004C0001080401C0828CED35460BDE8F0814FF660
:1004D000FF710180022181700421C17070470246C2
:1004E000002093680B400BB1012000E00020704712
:1004F0000146886880B2704702460020D3680B40EE
:100500000BB1012000E0002070470146C86880B2AE
:10051000704701617047416170470AB1016100E0B5
:1005200041617047C16070474FF480320A43826175
:100530008161826182698269704702460020434B73
:1005400018684FF68073184040EA021008433F4B8A
:10055000186070473E49C8617047F0B50A460023ED
:1005600000240021002500F00046B6F1004F02D122
:10057000364EF16901E0354E7168C0F3034583B230
:1005800000F44016B6F5401F08D121F070612F4EDF
:10059000766826F070662D4F7E6012E000F48016BB
:1005A000B6F5801F06D1032606FA05F4A14341F0F3
:1005B000706106E0460D360103FA06F6B14341F0DC
:1005C000706122B1460D360103FA06F6314300F0A0
:1005D0000046B6F1004F02D11C4EF16101E01B4E06
:1005E0007160F0BD30B500228B071C0F0F2303FA9A
:1005F00004F2164B08338C1053F824309343134CF9
:1006000008348D1044F8253023468C1053F82430DC
:100610008C07240F00FA04F423430C4C08348D108B
:1006200044F8253030BD0A49DC31086070470000CD
:1006300000080140000C014000100140001401407E
:1006400000180140001C0140002001400000014052
:1006500000002042DF48006840F00100DD490860EA
:1006600008464068DC490840DA49486008460068A6
:10067000DA490840D74908600846006820F480201D
:1006800008600846406820F4FE0048604FF41F00F0
:1006900088607047CF49096821F48031CD4A1160E4
:1006A0001146096821F480211160B0F5803F03D024
:1006B000B0F5802F0ED106E0C649096841F48031BB
:1006C000C44A116007E0C349096841F4A021C14A46
:1006D000116000E000BF00BF704710B50146002266
:1006E000002300204A11012A02D1BA4C236806E0F7
:1006F000022A02D1B74C236A01E0B64C636A01F0CA
:100700001F02012494401C400CB1012000E0002095
:1007100010BD38B5002000900024002500BF312016
:10072000FFF7DBFF05460098401C00900098B0F5ED
:10073000A06F01D0002DF2D03120FFF7CEFF08B11D
:10074000012400E00024204638BD01460020A14AD3
:10075000106820F0F80040EAC10010607047A0491E
:1007600008607047024600209A4B586820F47C10BD
:1007700042EA01031843974B58607047984908664E
:10078000704701460020934A506820F00300084358
:10079000506070478F48406800F00C007047014679
:1007A00000208C4A506820F0F000084350607047E9
:1007B00001460020874A506820F4E06008435060FA
:1007C000704701460020834A506820F4605040EA98
:1007D000C1005060704729B17E4A527A02437D4B76
:1007E0005A7204E07B4A527A82437A4B5A727047BB
:1007F0007B49D8310860704701460020754A50682F
:1008000020F440400843506070470021714A203274
:100810001170704A82F82010012802D004280AD1F1
:1008200004E001216B4A2032117005E00521694A7C
:100830002032117000E000BF00BF704769490860B6
:1008400070476449096A0143624A11627047654909
:1008500044390860704730B500210022002400238D
:100860005C4D6D6805F00C0121B1042905D0082903
:1008700023D105E05C4D056022E05B4D05601FE083
:10088000544D6D6805F47012524D6D6805F4803456
:10089000022505EB92421CB9544D554305600BE00F
:1008A0004C4D6D6805F400351DB1504D5543056044
:1008B00002E04D4D5543056002E04B4D056000BF21
:1008C00000BF444D6D6805F0F0010909484D6B5CAF
:1008D0000568DD4045603F4D6D6805F4E061090A3B
:1008E000434D6B5C4568DD4085603A4D6D6805F4AD
:1008F0006051C90A3E4D6B5C4568DD40C560354DB1
:100900006D6805F44041890B3A4D6B5CC568B5FBD9
:10091000F3F5056130BD29B12E4A526902432D4BD2
:100920005A6104E02B4A526982432A4B5A6170474C
:1009300029B1284A92690243264B9A6104E0254A6C
:1009400092698243234B9A61704729B1214AD26947
:100950000243204BDA6104E01E4AD26982431D4BF8
:10096000DA61704729B11B4AD2680243194BDA6039
:1009700004E0184AD2688243164BDA60704729B106
:10098000144A12690243134B1A6104E0114A1269B6
:100990008243104B1A617047124940390860704712
:1009A0000F49C86470470B49C87170470948406ACD
:1009B00040F0807007494862704701460020054AB0
:1009C00092680A400AB1012000E000207047014906
:1009D00088727047001002400000FFF8FFFFF6FE2B
:1009E000000042428004424200127A0000093D00A9
:1009F000000000201000002010B50446FE4884428C
:100A000008D10121C014FFF7ADFF0021E014FFF76A
:100A1000A9FFC4E0B4F1804F08D101210846FFF7D7
:100A2000AEFF00210120FFF7AAFFB8E0F34884429F
:100A300008D101210220FFF7A2FF00210220FFF7C9
:100A40009EFFACE0EE48844208D101210420FFF76C
:100A500096FF00210420FFF792FFA0E0E9488442BE
:100A600008D101210820FFF78AFF00210820FFF7A5
:100A700086FF94E0E448844208D101211020FFF76A
:100A80007EFF00211020FFF77AFF88E0DF488442D4
:100A900008D101212020FFF772FF00212020FFF75D
:100AA0006EFF7CE0DA48844208D101214014FFF750
:100AB00059FF00216014FFF755FF70E0D5488442CC
:100AC00009D10121C804FFF74DFF00214FF4002098
:100AD000FFF748FF63E0D048844209D101210805AF
:100AE000FFF740FF00214FF48010FFF73BFF56E077
:100AF000CA48844209D101214805FFF733FF00218C
:100B00004FF40010FFF72EFF49E0C548844208D19A
:100B100001214020FFF733FF00214020FFF72FFF86
:100B20003DE0C048844208D101218020FFF727FF23
:100B300000218020FFF723FF31E0BB48844208D129
:100B400001218015FFF71BFF0021A015FFF717FFFC
:100B500025E0B648844209D101210804FFF702FFCD
:100B600000214FF48030FFF7FDFE18E0B0488442CA
:100B700009D101214804FFF7F5FE00214FF40030B0
:100B8000FFF7F0FE0BE0AB48844208D10121880456
:100B9000FFF7E8FE00214FF48020FFF7E3FE10BDD1
:100BA00000220288944B98420ED0994B98420BD069
:100BB000B0F1804F08D0914B984205D0904B9842AD
:100BC00002D0904B984204D14FF68F731A404B8855
:100BD0001A438D4B984207D08C4B984204D04FF665
:100BE000FF431A40CB881A4302808B8883850B8889
:100BF0000385814B98420BD0854B984208D08B4B94
:100C0000984205D08A4B984202D08A4B984201D133
:100C10000B7A038601238382704770B5002400227B
:100C20000023058C4FF6FE7635400584028C8388C0
:100C3000048B4FF68F752C40B51E2C400D882C432D
:100C4000751E2A400D892A434D882A436A4DA842C1
:100C50000BD06F4DA84208D0744DA84205D0744DFA
:100C6000A84202D0734DA84213D14FF6F7752A401F
:100C70004D892A434FF6FB752A408D882A434FF64B
:100C8000FF652B404FF6FF552B408D892B43CD89B7
:100C90002B4383800483CD888586028470BD70B524
:100CA000002400220023058C4FF6EF7635400584A2
:100CB000028C8388048B48F6FF752C404FF6FF4565
:100CC0002C400D884FF6FF7606EA05252C434FF69B
:100CD000DF752A400D8906EA05152A434D8806EA84
:100CE00005152A43444DA84202D0494DA8421DD1C2
:100CF0004FF67F752A404D894FF6FF7606EA0515B7
:100D00002A434FF6BF752A408D8806EA05152A4307
:100D10004FF6FF352B404FF2FF752B408D8906EAC9
:100D200085052B43CD8906EA85052B438380048303
:100D3000CD880587028470BD70B500240022002391
:100D4000058C4FF6FF6635400584028C8388848BC2
:100D50004FF68F752C404FF6FC752C400D882C43B8
:100D60004FF6FF552A400D894FF6FF7606EA052516
:100D70002A434D8806EA05252A431F4DA84202D082
:100D8000234DA8421DD14FF2FF752A404D894FF6E1
:100D9000FF7606EA05252A434FF6FF352A408D885F
:100DA00006EA05252A434EF6FF752B404DF6FF75E2
:100DB0002B408D8906EA05152B43CD8906EA0515DA
:100DC0002B4383808483CD888587028470BD70B572
:100DD000002200230024058C4EF6FF763540058462
:100DE000038C8488828B48F6FF752A404FF6FF45B6
:100DF0002A400D8820E00000002C01400004004043
:100E000000080040000C00400010004000140040AA
:100E100000340140004C01400050014000540140AA
:100E200000180040001C004000200040004001402D
:100E300000440140004801404FF6FF7606EA0525D0
:100E40002A434DF6FF752B400D8906EA05352B43E5
:100E50004D8806EA05352B43FA4DA84202D0FA4DDB
:100E6000A84208D14BF6FF752C408D894FF6FF76CE
:100E700006EA85152C4384808283CD88A0F84050F3
:100E8000038470BD828B4FF2FF331A408283828BC2
:100E90004FF6FF7303EA01231A4382837047F0B5CC
:100EA0000C461546002200210026078C4EF6FF7CDA
:100EB00007EA0C070784828B018C4FF6FF7707EA5D
:100EC000043640F6FF473A404FF6FF7707EA05271A
:100ED0003A434FF6FF7707EA03373A43D94FB84210
:100EE0000ED0D94FB8420BD0B0F1804F08D0D74FB9
:100EF000B84205D0D64FB84202D0D64FB84206D13C
:100F00004DF6FF77394046F48057394305E047F600
:100F1000FF57394044F48057394382830184F0BD40
:100F2000828B4FF6F3731A408283828B0A4382834B
:100F30007047F0B50C461546002200210026078CAC
:100F40004FF6FF6C07EA0C070784828B018C4FF683
:100F5000FF7707EA04264FF60C773A404FF6FF7703
:100F600007EA03172F433A43B64FB8420ED0B64FA5
:100F7000B8420BD0B0F1804F08D0B44FB84205D082
:100F8000B34FB84202D0B34FB84206D14FF6FF5725
:100F9000394046F48077394305E04FF2FF57394036
:100FA00044F48077394382830184F0BD028B4FF291
:100FB000FF331A400283028B4FF6FF7303EA0123CB
:100FC0001A4302837047F0B50C46154600220021F3
:100FD0000026078C4FF6EF7C07EA0C070784028B8C
:100FE000018C4FF6FF7707EA041640F6FF473A40B8
:100FF0004FF6FF7707EA03373A434FF6FF7707EAE2
:1010000005273A438F4FB8420ED08F4FB8420BD0CE
:10101000B0F1804F08D08D4FB84205D08C4FB84208
:1010200002D08C4FB84206D14FF6DF77394046F0F8
:101030001007394305E04FF65F77394044F0100759
:10104000394302830184F0BD028B4FF6F3731A40DB
:101050000283028B0A4302837047F0B50C461546A3
:1010600000220021068C4FF6FE773E400684028B5C
:10107000018C4FF60C7632407E1C06EA03162E4396
:101080003243704EB0420ED06F4EB0420BD0B0F132
:10109000804F08D06D4EB04205D06D4EB04202D0A8
:1010A0006C4EB04206D14FF6FD76314044F0010659
:1010B000314305E04FF6F576314044F00106314307
:1010C00002830184F0BD70B505460C465D4885423B
:1010D0000ED05D4885420BD0B5F1804F08D05B48FB
:1010E000854205D05A48854202D05A48854200D1EF
:1010F00000E000BF208850B92389A2886188284673
:10110000FFF7ABFFE1882846FFF79EFF25E0208828
:1011100004280AD12389A28861882846FFF753FF53
:10112000E1882846FFF742FF17E0208808280AD107
:101130002389A28861882846FFF7FBFEE1882846BC
:10114000FFF7EEFE09E02389A28861882846FFF7B1
:10115000A6FEE1882846FFF795FE70BD2DE9F04117
:1011600005460C4600260127608808B9022600E0E3
:101170000026A088012801D1022700E0012720884D
:10118000A0B92389A28861882846FFF766FFE18815
:101190002846FFF759FF23893A4631462846FFF78C
:1011A00012FFE1882846FFF701FF13E02389A28898
:1011B00061882846FFF707FFE1882846FFF7F6FE1B
:1011C00023893A4631462846FFF747FFE1882846FB
:1011D000FFF73AFFBDE8F0810A884B881A438B88F5
:1011E0001A43CB881A430B891A434B891A438B89BC
:1011F0001A43A0F8442070474FF6FF718180002108
:101200000180C180418001727047002101804180CE
:101210008180C180018141818181C181704700212C
:1012200001804180012181800021C18001817047BE
:101230000021018041808180C180018141818181C3
:1012400070470000002C01400034014000040040C1
:1012500000080040000C004021B1028842F0010269
:10126000028004E002884FF6FE731A400280704745
:1012700031B1B0F8442042F40042A0F8442005E027
:10128000B0F84420C2F30E02A0F8442070471AB10F
:1012900083890B43838102E083898B438381704779
:1012A0008182704741EA0203A0F8483070471AB1C2
:1012B00083890B43838102E083898B438381704759
:1012C00001894FF6F8721140018170470A460021EA
:1012D00001894FF68F73194011430181704730B572
:1012E00004460D4629462046FFF7F0FF208940F0CE
:1012F0000700208130BD2DE9F04104460D46164619
:101300001F46602D06D13B46012231462046FFF79D
:101310005AFE05E03B46012231462046FFF79DFE7E
:1013200029462046FFF7D2FF208940F007002081A0
:10133000BDE8F08130B50C4600210189C9B24FF6F5
:10134000FF7505EA0325154325432943018130BD77
:101350002DE9F04105460E461746984600244346BF
:101360003A4631462846FFF7E5FF2C894FF6F870DC
:10137000044044F007044FF68F70044044F07004BA
:101380002C81BDE8F081F0B504460D4616461F4697
:101390003B46324629462046FFF7CCFF208940F4E1
:1013A00080402081F0BD0185828270470A4600217D
:1013B00001884FF68F731940114301807047F0B5D3
:1013C0000C4615461E460021002200230189028B8F
:1013D000038C4FF6F877394021434FF6FC473A40EB
:1013E00040F201173A434FF6DD773B404FF6FF7767
:1013F00007EA06172F433B43018102830384F0BDB4
:101400000A460021018B4FF68F7319401143018367
:1014100070470A460021018B48F6FF7319404FF6CA
:10142000FF7303EA02231943018370470A46002130
:10143000818B4FF68F7319401143818370470A46A1
:101440000021818B48F6FF7319404FF6FF7303EAC2
:10145000022319438183704721B1028842F0800240
:10146000028004E002884FF67F731A4002807047C2
:1014700021B1828842F00402828004E082884FF623
:10148000FB731A408280704721B1828842F00802C3
:10149000828004E082884FF6F7731A40828070479A
:1014A00021B1828842F00102828004E082884FF6F6
:1014B000FE731A40828070470A460021018B4FF666
:1014C000F77319401143018370470A460021018BCD
:1014D0004FF2FF7319404FF6FF7303EA02231943DB
:1014E000018370470A460021818B4FF6F77319403C
:1014F0001143818370470A460021818B4FF2FF73AD
:1015000019404FF6FF7303EA0223194381837047A2
:101510000A460021018B4FF6FB73194011430183EA
:1015200070470A460021018B4FF6FF3319404FF6F2
:10153000FF7303EA02231943018370470A4600211F
:10154000818B4FF6FB7319401143818370470A4624
:101550000021818B4FF6FF3319404FF6FF7303EAEA
:1015600002231943818370470A460021018B4FF6FD
:101570007F7319401143018370470A460021018B94
:10158000C1F30E014FF6FF7303EA022319430183EF
:1015900070470A460021818B4FF67F731940114333
:1015A000818370470A460021818BC1F30E014FF6FB
:1015B000FF7303EA02231943818370470A4600211F
:1015C000018C4FF6FD7319401143018470470A46A0
:1015D0000021018C4FF6F7731940114301847047C5
:1015E0000A460021018C4FF6DF7319404FF6FF7356
:1015F00003EA02131943018470470A460021018C53
:101600004FF67F7319404FF6FF7303EA0213194335
:10161000018470470A460021018C4FF6FF531940A0
:101620004FF6FF7303EA02231943018470470A4609
:101630000021018C4FF2FF7319404FF6FF7303EA4C
:1016400002231943018470470A460021018C4DF69C
:10165000FF7319404FF6FF7303EA02331943018405
:10166000704730B5002301248C40A3B2048C9C4306
:101670000484048C02FA01F5ADB22C43048430BD1D
:1016800030B5002304248C40A3B2048C9C43048412
:10169000048C02FA01F5ADB22C43048430BD70B560
:1016A0000346002000241846183001258D40ACB2B6
:1016B0001D8CA5431D8409B1082909D100EB6100E7
:1016C000056825F0700505600568154305600EE0A6
:1016D0000D1FC5F34E052844056825F4E045056057
:1016E00005684FF6FF7606EA02263543056070BDB1
:1016F00021B1028842F00202028004E002884FF623
:10170000FD731A400280704721B1028842F0040242
:10171000028004E002884FF6FB731A400280704793
:1017200021B1828842F08002828004E082884FF6F4
:101730007F731A408280704702884FF6F7731A4011
:10174000028002880A430280704782884FF68F73B6
:101750001A40828082880A438280704702894FF64D
:10176000F8731A40028102890A4302817047028994
:101770004FF67F731A40028102890A430281704743
:1017800081847047818570478186704701877047E3
:1017900081877047A0F84010704702884FF6FF43DA
:1017A0001A40028002880A43028070470146888EF0
:1017B00070470146088F70470146888F7047014681
:1017C000B1F8400070470146888C70470146088D8B
:1017D000704702460020138A0B400BB1012000E045
:1017E00000207047CA430282704730B5024600208D
:1017F00000230024158A05EA0103958905EA0104FE
:1018000013B10CB1012000E0002030BDCA430282B8
:101810007047000010B50446FB48844209D10121FD
:101820008803FFF79FF800214FF48040FFF79AF8F4
:1018300032E0F648844209D101214804FFF79FF8BD
:1018400000214FF40030FFF79AF825E0F048844279
:1018500009D101218804FFF792F800214FF480207C
:10186000FFF78DF818E0EB48844209D10121C80444
:10187000FFF785F800214FF40020FFF780F80BE018
:10188000E548844208D101210805FFF778F80021D6
:101890004FF48010FFF773F810BD2DE9F04786B0C4
:1018A00005460E460024A24600BFA1460027B08987
:1018B00000B100BF2F462C8A4CF6FF700440F08820
:1018C00004432C82AC894EF6F3100440B088318971
:1018D0000843718908430443AC81AC8A4FF6FF404A
:1018E0000440B0890443AC8201A8FEF7B4FFC648A7
:1018F000874202D1DDF810A001E0DDF80CA0A88934
:1019000000F4004040B10AEBCA0000EB0A10316855
:101910004900B0FBF1F807E00AEBCA0000EB0A103F
:1019200031688900B0FBF1F86420B8FBF0F00401E5
:101930002009642101FB1089A88900F4004040B10E
:10194000322000EBC900B0FBF1F000F007000443C7
:1019500008E0322000EB09106421B0FBF1F000F048
:101960000F0004432C8106B0BDE8F0874FF41651F8
:10197000016000218180C18001810C214181002111
:101980008181704710B502460020108A4FF2FF0394
:1019900018400B884C8823438C882343CC882343EE
:1019A0001843108210BD0021018041808180C180D8
:1019B000704721B1828942F40052828104E0828919
:1019C0004DF6FF731A4082817047F0B5034600243C
:1019D00000260025002040F66A17B94200D100BF5A
:1019E0001846C1F3421401F01F06012707FA06F555
:1019F000012C01D10C3004E0022C01D1103000E0A8
:101A000014301AB107682F43076002E00768AF433C
:101A10000760F0BD1AB1838A0B43838202E0838A98
:101A20008B4383827047028A4FF6F0731A4002821A
:101A3000028A0A430282704782894FF2FF731A407A
:101A4000828182890A438281704721B1828942F072
:101A50000202828104E082894FF6FD731A4082817E
:101A60007047028A4FF6DF731A400282028A0A43E5
:101A70000282704721B1028A42F48042028204E06D
:101A8000028A4BF6FF731A4002827047C1F30802C4
:101A90008280704701468888C0F3080070478189BA
:101AA00041F0010181817047028BD2B20283028B27
:101AB00042EA012202837047028B02F47F420283D2
:101AC000028B0A430283704721B1828A42F02002CE
:101AD000828204E0828A4FF6DF731A408282704766
:101AE00021B1828A42F01002828204E0828A4FF69B
:101AF000EF731A408282704721B1828A42F0080255
:101B0000828204E0828A4FF6F7731A40828270471D
:101B100021B1828942F40042828103E08289C2F3CA
:101B20000E028281704721B1828A42F40062828271
:101B300004E0828A4FF2FF731A4082827047828AE1
:101B40004FF6FB731A408282828A0A438282704770
:101B500021B1828A42F00202828204E0828A4FF638
:101B6000FD731A408282704702460020B1F5007F63
:101B700000D100BF13880B400BB1012000E0002012
:101B8000704701F40072B2F5007F00D100BFCA4374
:101B90000280704770B50246002400230025002013
:101BA00040F66A16B14200D100BFC1F3421501F000
:101BB0001F03012606FA03F3012D02D19689334053
:101BC00006E0022D02D1168A334001E0968A3340A6
:101BD0000C12012606FA04F41688344013B10CB135
:101BE000012000E0002070BD10B50022002340F667
:101BF0006A14A14200D100BF0A1201249440A3B28A
:101C0000DC43048010BD0000003801400044004067
:101C100000480040004C00400050004010B5044611
:101C2000FA48844208D101214015FEF79BFE0021AD
:101C30006015FEF797FE17E0F548844208D10121B0
:101C40000015FEF78FFE00212015FEF78BFE0BE03E
:101C5000F048844208D10121C803FEF783FE002129
:101C60004FF40040FEF77EFE10BD30B50246002066
:101C700000235068E84C20400D790C6844EA0524A4
:101C8000204350609068E54C2040D1E902542C4339
:101C90004D7944EA450420439060D06A20F47000F6
:101CA0000C7C641EE4B2234340EA0350D06230BD92
:101CB00000210160017141718160C16001210174E5
:101CC000704721B1826842F00102826003E08268BD
:101CD00022F001028260704721B1826842F4807272
:101CE000826003E0826822F480728260704710B5DF
:101CF0000023CBB21AB144681C43446002E044683C
:101D00009C43446010BD816841F0080181607047C8
:101D1000014600208A6802F008020AB1012000E0B2
:101D200000207047816841F00401816070470146DE
:101D300000208A6802F004020AB1012000E00020BD
:101D4000704721B1826842F4A002826003E0826899
:101D500022F4A00282607047014600208A6802F4E3
:101D600080020AB1012000E00020704710B50A4649
:101D700000210023416821F46041531E41EA4331B0
:101D8000416010BD21B1426842F40062426003E04C
:101D9000426822F4006242607047F0B504460D4686
:101DA00000200021092D11DDE068A5F10A0606EBEF
:101DB0004607072606FA07F18843A5F10A0606EB4F
:101DC000460603FA06F10843E0600CE0206905EBE3
:101DD0004507072606FA07F1884305EB450603FA8F
:101DE00006F108432061072A0FDA606B561E06EBE6
:101DF00086071F2606FA07F18843561E06EB86065D
:101E000005FA06F10843606322E00D2A0FDA206B21
:101E1000D61F06EB86071F2606FA07F18843D61F52
:101E200006EB860605FA06F10843206310E0E06A37
:101E3000A2F10D0606EB86071F2606FA07F1884376
:101E4000A2F10D0606EB860605FA06F10843E062EC
:101E5000F0BD21B1826842F48012826003E08268A2
:101E600022F48012826070470146C86C80B27047CD
:101E700066484C300068704721B1426842F4806285
:101E8000426003E0426822F480624260704721B100
:101E9000426842F48052426003E0426822F4805279
:101EA000426070470A460021816821F4E0411143F5
:101EB0008160704721B1826842F40042826003E091
:101EC000826822F400428260704721B1826842F445
:101ED0000212826003E0826822F40212826070477C
:101EE000014600208A6802F400120AB1012000E0D5
:101EF00000207047F0B50446154600200022002659
:101F0000092911DDE068A1F10A0707EB470C072753
:101F100007FA0CF29043A1F10A0707EB470703FA0F
:101F200007F21043E0600CE0206901EB410C072749
:101F300007FA0CF2904301EB410703FA07F2104352
:101F40002061A06BC0F30156EF1C06F1010CA7EB5A
:101F50000C0707EB870C1F2707FA0CF29043EF1CC6
:101F600006F1010CA7EB0C0707EB870701FA07F254
:101F70001043A063F0BD10B50A4600210023816B19
:101F800021F44011531E41EA0351816310BD08B58D
:101F9000002300930090009B0B440093009B1A6069
:101FA00008BD08B5024600200090009201F128000B
:101FB000009B184400900098006880B208BD0A4653
:101FC00000214168164B194011434160704741623E
:101FD000826270470A460021416821F01F011143C7
:101FE0004160704740B109490831096841F4000176
:101FF000064A0832116007E004490831096821F4F3
:102000000001024A083211607047000000240140BC
:1020100000280140003C0140FFFEF0FFFDF7F1FF0A
:10202000FFFD3FFF0246002013680B400BB101206B
:1020300000E000207047CA430260704770B5024656
:102040000020002300240B125568CEB205EA0604D6
:1020500015681D4015B10CB1012000E0002070BDD5
:1020600000220A12D3430360704700000CB5002021
:10207000019000906C48006840F480306A49086024
:1020800000BF6948006800F4003000900198401CCF
:102090000190009818B90198B0F5A06FF1D162488D
:1020A000006800F4003010B10120009001E0002031
:1020B00000900098012843D15C48006840F010006F
:1020C0005A4908600846006820F003000860084686
:1020D000006840F002000860534840685249486078
:1020E0000846406848600846406840F480604860A0
:1020F0000846406820F47C1048600846406840F478
:10210000E81048600846006840F08070086000BF32
:102110004548006800F000700028F9D04248406847
:1021200020F00300404948600846406840F0020043
:10213000486000BF3C48406800F00C000828F9D116
:102140000CBD10B5FFF792FF10BD10B53648006802
:1021500040F00100344908600846406834490840AE
:102160003149486008460068324908402E490860F5
:102170000846006820F4802008600846406820F483
:10218000FE0048604FF41F008860FFF7DAFF4FF051
:1021900000602949086010BD10B500210020002210
:1021A000214B5B6803F00C0121B1042906D00829FA
:1021B00028D107E0214B224C236027E01F4B204C05
:1021C000236023E0184B5B6803F47010164B5B68C8
:1021D00003F48032022303EB904022B9194B4343AE
:1021E000174C23600DE0104B5B6803F4003323B100
:1021F000144B4343124C236003E0104B4343104CF9
:10220000236003E00D4B0E4C236000BF00BF064B64
:102210005B68C3F303130C4CE15C094B1B68CB40B8
:10222000074C236010BD0000001002400020024057
:102230000000FFF8FFFFF6FE08ED00E000127A0054
:102240001400002000093D0018000020014605E0B0
:10225000002001E0421CD0B20A28FBDB0A1EA1F1DB
:102260000101F5D1704710B5044603E04FF47A70D0
:10227000FFF7ECFF201EA4F10104F7D110BD704759
:1022800008B50720009002E00098401E00900098DA
:102290000028F9D108BD10B54FF40070E649086078
:1022A00040100860FFF7ECFFE3480838006808B901
:1022B000012000E0002000F4007008B1002010BDF3
:1022C0004FF40070DC49091D0860FFF7D9FFDA48B8
:1022D0000838006800F4007008B10020EFE74FF400
:1022E0000070D549091D0860FFF7CAFF0120E6E725
:1022F00010B54FF48070D049091D0860FFF7C0FF8A
:102300004FF40070CC49091D0860FFF7B9FF4FF486
:102310008070C9490860FFF7B3FF4FF40070C649E9
:102320000860FFF7ADFF10BD10B54FF48070C249D3
:10233000091D0860FFF7A4FF4FF40070BE49091D96
:102340000860FFF79DFF4FF48070BB490860FFF7FE
:1023500097FF4FF48070B849091D0860FFF790FFA0
:1023600010BD10B54FF48070B349091D0860FFF728
:1023700087FF4FF40070B0490860FFF781FF4FF40A
:102380008070AD490860FFF77BFF4FF48070AA4969
:10239000091D0860FFF774FF10BD10B54FF4807081
:1023A000A549091D0860FFF76BFF4FF40070A249B3
:1023B0000860FFF765FF4FF480709F490860FFF7E2
:1023C0005FFF9D480838006800F4007030B14FF49A
:1023D00080709949091D0860002010BD4FF480707D
:1023E0009549091D08600120F7E770B504460825E6
:1023F0001DE04FF480709049091D0860FFF740FF11
:1024000004F0800020B14FF400708B49086004E0B4
:102410004FF400708849091D08606006040EFFF73C
:102420002FFF4FF4807084490860FFF729FF281EB2
:10243000A5F10101CDB2DCD14FF480707E49091DB8
:10244000086070BD70B508250024A8017A490860AD
:1024500016E06006040E4FF480707749091D08608D
:10246000FFF70EFF4FF4807073490860FFF708FF15
:1024700071480838006800F4007008B144F00104A5
:10248000281EA5F10101CDB2E3D14FF480706A4955
:10249000091D0860204670BD08B501210820FEF71F
:1024A00047FA4FF44070ADF8000002208DF80200AA
:1024B00014208DF8030069465F481038FDF77CFF53
:1024C00008BD2DE9F04105460E4617469846FFF730
:1024D000E2FE10B90020BDE8F081002141EA45018B
:1024E000C8B2FFF782FFFFF758FF18B9FFF700FFE8
:1024F0000020F0E73046FFF778FFFFF74EFF00249B
:102500000BE018F80400FFF770FFFFF746FF18B95B
:10251000FFF7EEFE0020DEE7641CBC42F1DBFFF7B4
:10252000E7FE0120D7E72DE9F04104460D461646A7
:102530001F463B46324629462046FFF7C2FF10B1F0
:102540000020BDE8F0814FF0FF30FAE72DE9F041BF
:1025500005460F4614461E46FFF79DFE10B90020A3
:10256000BDE8F081002141EA4501C8B2FFF73DFF17
:10257000FFF713FF18B9FFF7BBFE0020F0E738465E
:10258000FFF733FFFFF709FFFFF785FE012101EB9E
:102590004501C8B2FFF729FFFFF7FFFE0CE0FFF788
:1025A00051FF3070012C02D1FFF7DBFE01E0FFF795
:1025B000BBFE761C601EC4B2002CF0D1FFF798FE63
:1025C0000120CDE72DE9F04104460D4616461F4691
:1025D0003B46324629462046FFF7B8FF10B100209F
:1025E000BDE8F0814FF0FF30FAE770B504460D46C4
:1025F0001646FFF750FE08B9002070BD002141EAE1
:102600004401C8B2FFF7F1FEFFF7C7FE18B9FFF7A4
:102610006FFE0020F1E72846FFF7E7FEFFF7BDFE5B
:102620003046FFF7E2FEFFF7B8FEFFF761FE01203C
:10263000E3E7002070470000100C014008B50121BD
:102640001120FEF775F901210B48FDF786FF4FF4C5
:10265000C040ADF8000003208DF8020010208DF876
:10266000030069460548FDF7A7FE4FF4C041034843
:10267000FDF74FFF08BD00000002300000100140D0
:10268000002400270026FFF760FD41F61F4141F2BC
:10269000883002F0E5FA02F01FFB02F04FF900F07B
:1026A000DFF800F041F8FFF7C9FF02F09BFB00F0F4
:1026B000EDF800F054F9FFF7EFFE0A2000F02CFED1
:1026C00000F060FA00F0D0FD00F05CFE002108464A
:1026D00001F0BDFF114807784FF0E020006940F09D
:1026E00001004FF0E021086117E000F0BBFA86B965
:1026F0000A480578E81BC0B204442F46322C07D3A1
:1027000000234CF250320649064801F036FE0126FD
:1027100000BF02F0B2F801F0CEFCE6E7D8000020DE
:10272000CDCCCC3D0000C84208B501210820FEF701
:10273000FFF84FF47040ADF8000010208DF8030052
:1027400003208DF802006946FE48FDF735FE4FF480
:102750007041FC48FDF7DDFE08BD08B501210846C3
:10276000FEF7F3F801210420FEF7E2F80C20ADF8A3
:10277000000018208DF8030003208DF80200694640
:10278000F148FDF719FE08BD30B587B000250024DB
:1027900040F2E730ADF814000020ADF81000ADF8BD
:1027A0001600ADF8120004A94FF08040FEF7F8F9CA
:1027B0006020ADF800000120ADF80200ADF8065031
:1027C0000020ADF8080069464FF08040FEF7B4FAEB
:1027D0000821C806FEF786FE0120ADF80200ADF81C
:1027E00006400020ADF8080069464FF08040FEF733
:1027F000EEFA0821C806FEF77EFE01218807FEF7E3
:102800002BFE01218807FEF727FD07B030BD2DE91B
:10281000FF4104460D4627462E466020ADF80000D5
:102820000120ADF80200ADF806700020ADF80800F8
:1028300069464FF08040FEF77FFA0821C806FEF790
:1028400051FE0120ADF80200ADF806606946800730
:10285000FEF7BDFA0821C806FEF74DFEBDE8FF8170
:1028600010B5FFF77AFFFFF78FFF10BDB749088853
:10287000098821F00101B54A11807047B4490888E0
:10288000098821F00101B24A1180704700B589B072
:1028900001210220FEF759F801210420FEF748F833
:1028A00001A8FDF714FEC020ADF8040004208DF847
:1028B000070003208DF8060001A9A348FDF77CFD61
:1028C0004FF4A060FDF71CFC1D208DF808000120CE
:1028D0008DF8090003208DF80A0001208DF80B0007
:1028E00002A8FDF712FC99481038FEF785F806A8F3
:1028F000FEF782FC0020ADF818004FF6FF70ADF82F
:102900001C000020ADF81E00ADF81A0006A98F4883
:102910001038FEF745F90A231A4603218B48103870
:10292000FEF74DFD03A8FEF77AFC0620ADF8140073
:1029300003A986481038FEF7C6FB012183481038EA
:10294000FEF750FF0122114680481038FEF79FFC29
:1029500001217E481038FEF77FFC09B000BD00B5AC
:1029600089B001210420FDF7F0FF01210820FDF7C7
:10297000DFFF01A8FDF7ABFDC020ADF80400042087
:102980008DF8070003208DF8060001A96D48FDF7BA
:1029900013FD4FF4A060FDF7B3FB1E208DF8080077
:1029A00001208DF8090003208DF80A0001208DF820
:1029B0000B0002A8FDF7A9FB65481038FEF71CF8CC
:1029C00006A8FEF719FC0020ADF818004FF6FF70BE
:1029D000ADF81C000020ADF81E00ADF81A0006A9E5
:1029E0005B481038FEF7DCF80A231A4603215848E2
:1029F0001038FEF7E4FC03A8FEF711FC0620ADF842
:102A0000140003A952481038FEF75DFB012150481D
:102A10001038FEF7E7FE012211464D481038FEF748
:102A200036FC01214A481038FEF716FC09B000BDFB
:102A300000B585B001210420FDF77AFF01210220B5
:102A4000FDF783FF8020ADF8100004208DF81300FF
:102A500003208DF8120004A93B48FDF7ADFC4FF4AC
:102A6000A060FDF74DFB1D208DF8000001208DF8C2
:102A7000010003208DF8020001208DF80300684654
:102A8000FDF743FB31481038FDF7B6FF4FF6FF70F6
:102A9000ADF808000020ADF80400ADF80A00ADF86C
:102AA000060001A929481038FEF77AF800231A46D3
:102AB000602126481038FEF71EFC002123481038FC
:102AC000FEF75EFE012121481038FEF7C5FB05B078
:102AD00000BD00B585B001210820FDF729FF0121C7
:102AE0000420FDF732FF8020ADF8100004208DF89F
:102AF000130003208DF8120004A91248FDF75CFCB6
:102B00004FF4A060FDF7FCFA1E208DF800000120B4
:102B10008DF8010003208DF8020001208DF80300DC
:102B20006846FDF7F2FA0A481038FDF765FF4FF6E0
:102B3000FF70ADF808000020ADF80400ADF80A0001
:102B400008E00000000C01400008014010040040B3
:102B500010080040ADF8060001A90948FEF720F86A
:102B600000231A4660210648FEF7C5FB00210448F1
:102B7000FEF706FE01210248FEF76EFB05B000BD20
:102B80000008004070B5002402F0F7FD0446002C58
:102B900060D17CA002F04FF8782002F050FA18B90A
:102BA00081A002F048F802E087A002F044F8782003
:102BB00002F032FC18B98FA002F03DF802E096A0B6
:102BC00002F039F8642002F008FD18B99EA002F066
:102BD00032F802E0A6A002F02EF804F0BFF818B90F
:102BE000ACA002F028F802E0B7A002F024F8C54833
:102BF00004F090FF054604F0BBF818B9C2A002F03B
:102C00001AF802E0CAA002F016F840F2731004F0BD
:102C1000F0FC18B9D2A002F00EF802E0D9A002F040
:102C20000AF8642004F05EFA18B9E2A002F003F892
:102C300002E0E9A001F0FFFF04F080FF012003F0B3
:102C4000D3FD18B9EFA001F0F6FF0AE0F6A001F0FD
:102C5000F2FF06E04FF40051FE48FDF75CFC00BFB8
:102C6000FEE770BD2DE9F04F89B0FB48FB49FC4BF6
:102C7000FC4ACDE90010FC49FC4804F019FEF74875
:102C8000008800F4807000287AD0F649086805F0C2
:102C900087FA04464FF09D4105F0BCF8F4490860FE
:102CA000F049486805F07CFA04464FF09D4105F074
:102CB000B1F8F0490860EB49886805F071FA0446FC
:102CC0004FF09D4105F0A6F8EB490860E549C8685A
:102CD00005F066FA04464FF09D4105F09BF8E74980
:102CE0000860E34801684FF0804005F061F8069005
:102CF000E1480168069805F05BF88246DD48016806
:102D00004FF0404005F054F80690DC480168069802
:102D100005F04EF88346514604F0F2FF079005F0A7
:102D20008BFA064606F0C0FC80464FF06632D44B64
:102D300005F055F9044605F0ABFAD2490860CE48D3
:102D400001684FF0804005F033F80390CA480168ED
:102D5000039805F02DF88246C64801684FF04040C0
:102D600005F026F80390C3480168039805F020F8A1
:102D70008346514605F016F881464FF07E5183E1B7
:102D80000CE200006D707520696E697469616C6990
:102D90007A6174696F6E20636F6D706C6574652EF7
:102DA0002E2E2E2E2E0A20006D70755F7365745FB7
:102DB00073656E736F7220636F6D706C65746520E0
:102DC0002E2E2E2E2E2E0A006D70755F7365745F89
:102DD00073656E736F7220636F6D65206163726FD0
:102DE0007373206572726F72202E2E2E2E2E2E0A75
:102DF000000000006D70755F636F6E6669677572C5
:102E0000655F6669666F20636F6D706C65746520C1
:102E10002E2E2E2E2E2E0A006D70755F636F6E663D
:102E200069677572655F6669666F20636F6D65209F
:102E30006163726F7373206572726F72202E2E2E13
:102E40002E2E2E0A000000006D70755F7365745F92
:102E500073616D706C655F7261746520636F6D7016
:102E60006C657465202E2E2E2E2E2E0A000000007A
:102E70006D70755F7365745F73616D706C655F72A3
:102E8000617465206572726F72202E2E2E2E2E2E8A
:102E90000A000000646D705F6C6F61645F6D6F7439
:102EA000696F6E5F6472697665725F6669726D776D
:102EB00061726520636F6D706C657465202E2E2EB7
:102EC0002E2E2E0A00000000646D705F6C6F61642E
:102ED0005F6D6F74696F6E5F6472697665725F664D
:102EE00069726D7761726520636F6D6520616372D1
:102EF0006F7373206572726F72202E2E2E2E2E2EFF
:102F00000A00000028000020646D705F7365745F24
:102F10006F7269656E746174696F6E20636F6D7036
:102F20006C657465202E2E2E2E2E2E0A00000000B9
:102F3000646D705F7365745F6F7269656E746174E0
:102F4000696F6E20636F6D65206163726F737320AC
:102F50006572726F72202E2E2E2E2E2E0A00000009
:102F6000646D705F656E61626C655F6665617475E6
:102F7000726520636F6D706C657465202E2E2E2E29
:102F80002E2E0A00646D705F656E61626C655F660F
:102F900065617475726520636F6D65206163726F22
:102FA0007373206572726F72202E2E2E2E2E2E0AB3
:102FB00000000000646D705F7365745F6669666F22
:102FC0005F7261746520636F6D706C657465202E2F
:102FD0002E2E2E2E2E0A0000646D705F7365745FB6
:102FE0006669666F5F7261746520636F6D652061ED
:102FF00063726F7373206572726F72202E2E2E2E85
:103000002E2E0A006D70755F7365745F646D705F5E
:10301000737461746520636F6D706C657465202EC8
:103020002E2E2E2E2E0A00006D70755F7365745F54
:10303000646D705F737461746520636F6D6520618A
:1030400063726F7373206572726F72202E2E2E2E34
:103050002E2E0A00001001406200002060000020B7
:1030600050000020200200205A00002054000020C0
:1030700034000020380000203C00002040000020E8
:1030800066A64C404400002004F03AFE044605F0D9
:10309000D3F8CDE90401434801684FF0804004F0C3
:1030A00087FE834640480168584604F081FE814609
:1030B0003E4801684FF0804004F07AFE83463C4869
:1030C0000168584604F074FE8246494604F018FE32
:1030D000044605F0B1F80746DDE9042306F02CFDAF
:1030E0004FF06632334BCDE9060104F078FF054618
:1030F00005F0CEF8304908602D480168006804F0FA
:1031000057FE039029480168006804F051FE0290C0
:1031100025480168006804F04BFE83462148016899
:10312000006804F045FE5946019004F0E9FD82462E
:10313000029904F037FE8146039904F033FE0446F9
:1031400005F07AF8CDE904011948016815480068CE
:1031500004F02EFE8246154801681348006804F00A
:1031600027FE8346514604F0CBFD81464FF0804157
:1031700004F01EFE044605F05FF80746DDE904236F
:1031800006F0DAFC4FF066320A4BCDE9060104F096
:1031900026FF054605F07CF80849086009B0BDE83F
:1031A000F08F000034000020380000203C00002098
:1031B0004000002066A64C40480000204C00002043
:1031C000704700BFFEE700BFFEE700BFFEE700BF9D
:1031D000FEE770477047704710B51D480078401CE7
:1031E0001B4908701B480078401C1A4908701A488F
:1031F0000078401C1849087000F08DFB17480078D3
:10320000401C1649087016480078401C1449087084
:1032100014480078401C134908700E4800780228B2
:1032200006DB01F0CAFD00F0A3FD0020094908708B
:1032300009480078082806DB00F09AFB00200649C0
:1032400008700649087000F04FF900F0EEFA10BD62
:10325000D8000020DD000020D9000020DA00002086
:10326000DB000020DC00002030B527480068C822C1
:10327000B0FBF2F1B1F1807F01D301201DE021F01C
:103280007F40401E4FF0E022506150170F2200286F
:1032900007DA13071D0E1D4B00F00F04241F1D55E8
:1032A00003E013071C0E1A4B1C5400BF00204FF004
:1032B000E022906107201061002008B100BFFEE706
:1032C0004FF0E020006920F001004FF0E02108619C
:1032D00030BD01B50F49009808604FF0E02000694B
:1032E00040F001004FF0E021086100BF094800688C
:1032F0000028FBD108BD0748006820B105480068D8
:10330000401E0449086070471400002018ED00E0DA
:1033100000E400E064000020002107E042F6E061E4
:1033200000BF0A1EA1F1010399B2FAD1021EA0F159
:10333000010398B2F2D170470020F849087608706E
:1033400048608860F6480068C8600020C8827047FE
:1033500000B502460020F3490870F3480260FFF709
:10336000EBFF0020F1490870F1490870F14800783E
:10337000F14908700020F1490860EE480078F049F2
:10338000087000BD00B50020EE490880EE490880B5
:10339000EE490860EE490860EE490860EE490860B1
:1033A000EE490860EE490860EE490860EE490860A1
:1033B000EE490860EE490860EE490860D8490860A7
:1033C000ED490860ED490860ED490860ED49086085
:1033D000D8490870EC490870EC490870D548007865
:1033E000D54908700020D5490860D2480078D449F2
:1033F00008704FF46170E6490880E648E6490860C5
:103400000120E64908700020E5490870E549087088
:10341000E5490860E5490860E5490860E548FFF7C7
:1034200097FF0020E449086000BD2DE9F041E34822
:10343000006804F001FF0446E148D0E90063324629
:10344000204604F00DFF07D0DD48D0E900211046EA
:1034500004F01EFFD9490860DA48006804F0ECFE69
:103460000446D748D0E902633246204604F0F8FE0D
:1034700007D0D348D0E90221104604F009FFD14912
:103480000860D148006804F0D7FE0446CC48D0E973
:1034900004633246204604F0E3FE07D0C848D0E972
:1034A0000421104604F0F4FEC7490860C7480068CC
:1034B00004F0C2FE0446C248D0E906633246204604
:1034C00004F0CEFE07D0BE48D0E90621104604F035
:1034D000DFFEBE4908600020B3490860B3490860B8
:1034E000B3490860BDE8F0812DE9F041B8480068B3
:1034F000012810D10020B1490860B648006804F0E6
:103500005DFE06460022B44B04F069FD044604F05B
:10351000BFFEAA490860AE480068022812D1002008
:10352000A8490860AD490968A1F1400004F046FED1
:1035300006460022AA4B04F052FD044604F0A8FE01
:10354000A0490860A749B1F9040004F029FEA64982
:103550000860A649B1F9040004F022FEA4490860FD
:103560000021A448006804F0AFFE0BD0A249A14896
:10357000006804F0A9FE05D3A0499E48006804F045
:10358000ADFE05D24FF400519D48FCF7C4FF04E0A6
:103590004FF400519A48FCF7BCFF0021994800689D
:1035A00004F000FC6D4908609049B1F9000004F096
:1035B000F7FD064683480168304604F0F9FB0446EF
:1035C000674801686548006804F0ECFB06467B48E4
:1035D0000168304604F0ECFB0546214604F090FB00
:1035E00062490860BDE8F0812DE9F04104460D46CE
:1035F000002C0CDA4FF480418348FCF78AFF4FF42B
:1036000000418148FCF787FF604204B20AE04FF4B2
:1036100000417D48FCF77DFF4FF480417A48FCF77C
:103620007AFF00BF002D0CDA4FF400517648FCF70A
:1036300070FF4FF480517448FCF76DFF684205B28B
:103640000AE04FF480517048FCF763FF4FF40051DB
:103650006D48FCF760FF00BFAFB2A6B231464FF035
:103660008040FEF795F839464FF08040FEF792F81B
:1036700066496048006804F031FE23D364495D4820
:10368000006804F021FE02D24FF0010801E04FF083
:10369000000800213A48006804F016FE01D101201C
:1036A00000E0002008EA000800213648006804F025
:1036B0000BFE01D1012000E0002008EA0008B8F16B
:1036C000000F0DD000214FF08040FEF761F800217F
:1036D0004FF08040FEF75EF801204E49086002E09E
:1036E00000204C4908604C491C48006804F0F6FD75
:1036F00005D34A491948006804F0E6FD0DD20021BF
:103700004FF08040FEF744F800214FF08040FEF774
:1037100041F801203F49086085E081E0A0000020D9
:1037200054010020750000208C000020C7000020FC
:10373000C8000020D8000020740000207000002085
:10374000C9000020260100202401002034010020AF
:10375000300100203C010020380100200001002041
:10376000F000002058010020E4000020F4000020B8
:10377000FC000020F80000209801002094010020A7
:10378000600100205C010020D9000020DA00002048
:10379000BC0000203333B33EC0000020C400002032
:1037A000C5000020C6000020CC000020D000002072
:1037B000D40000200000C8424C010020100100206D
:1037C000A89D000814010020180100201C01002001
:1037D0007C0100206C0100200080FB3F7001002074
:1037E0000000C43F5A0000208C010020540000203B
:1037F00090010020440000200000A0C10000A04172
:103800000010014048000020000C01400000204151
:10381000000020C14801002000004842000048C2CA
:103820000020FE490860BDE8F0812DE9F041FC4828
:103830000468FC480168204604F062FA044600254A
:103840000026F648006898B9F748006820F000475D
:10385000F649384604F042FD0AD8F148006820F0E5
:103860000047F349384604F02FFD01D800BFF14E60
:103870002146F148006804F043FA0746294604F05F
:103880003FFAEE4908602146EB48006804F08AFAE6
:103890000746314604F034FAE9490860E748006811
:1038A00004F09DFC00B2B0F57A7F02DDE548E34903
:1038B0000860E248006804F092FC00B210F57A7FDC
:1038C00002DAE148DD490860DD48006804F087FC61
:1038D00000B2B0F57A7F02DDDA48D9490860D848ED
:1038E000006804F07CFC00B210F57A7F02DAD6485A
:1038F000D3490860D248006804F071FC07B2CF4891
:10390000006804F06CFC0FFA80F839464046FFF777
:103910006BFEBDE8F08170B5CC48FDF754FF04465E
:10392000CB48FDF750FF0546CA480460CA48056009
:103930000021C648FDF724FF0021C548FDF720FF00
:1039400020B2C6490880684200B2C5490880C5480F
:103950000068C249B1F900100844C2490860C24871
:103960000068BF49B1F900100844BF49086070BD44
:103970002DE9F04F87B0BB490968BB4A1268881827
:1039800004F00EFCB9490860B7490968B54A1268E5
:10399000881A04F005FC05464FF07E5104F008FA41
:1039A0000590002004909D48006898B99E480068E2
:1039B00020F000459D49284604F090FC0AD898481C
:1039C000006820F000459A49284604F07DFC01D8A3
:1039D00098480490DDE9041004F0E4F905904FF0F4
:1039E0004041059804F07AFC07D24FF080410598D9
:1039F00004F06AFC01D20020059000209A4908607A
:103A0000984908609A48006804F016FC07464FF091
:103A10006632984B04F0E3FA054604F039FC944909
:103A200008609248006804F007FC05464FF0333206
:103A3000914B04F0D4FA074688468D48006804F09C
:103A4000FBFB3A464346CDE9000104F021FA8246E9
:103A500004F01EFC8649086088497348006804F039
:103A6000A7F9039082480168039804F09BF902903B
:103A700083480299006804F043F98149086081494C
:103A80007F48006804F02AFC02D27E487C49086026
:103A90007D497B48006804F017FC02D27A487849D7
:103AA00008607A480068032812D10020784908602D
:103AB00078490968A1F1800004F080FB07460022E4
:103AC000754B04F08CFA054604F0E2FB704908607F
:103AD0006E480068042812D10020704908607049BF
:103AE0000968A1F1C00004F069FB054600226D4B96
:103AF00004F075FA074604F0CBFB68490860674894
:103B000001685F48006804F053F9054660480168A1
:103B1000029804F04DF90646294604F0F1F880F0C9
:103B200000406149086061496148006804F0D6FBC3
:103B300005D360495E48006804F0C6FB0BD25A48C2
:103B4000006880F000455A480168284604F062F990
:103B50005949086002E00020574908605749564813
:103B6000006804F0BBFB02D2544853490860544932
:103B70005148006804F0A8FB02D251484E49086041
:103B800026480068002847D12748006820F00045F3
:103B90004C49284604F0A2FB3ED84B48006820F070
:103BA00000454A49284604F099FB07D2484949484C
:103BB000006804F0FDF84749086018E00021059806
:103BC00004F082FB07D144494248006804F0F0F851
:103BD000404908600BE03549059804F0E9F80546CE
:103BE0003C480168284604F08BF83A4908603B4994
:103BF0003848006804F072FB02D238483549086042
:103C000037493448006804F05FFB02D23448314938
:103C100008603449059867E099E0000048010020F9
:103C200058010020D0000020540100200000F04185
:103C30000000C84100002041F4000020F8000020EE
:103C4000FC00002000007A4400007AC40004004018
:103C50000008004040010020440100202401002011
:103C6000260100203001002034010020380100200E
:103C70003C0100206666E63F3333D33F000080BF3F
:103C8000D40000200000FA450000FAC57C010020A5
:103C900018010020740100200000DE3F1C010020FC
:103CA000780100200000C43FEC0000206F12833A2E
:103CB000100100206F1283BAF00000200000C04005
:103CC0000000C0C00000A042000100200000A04091
:103CD0008FC2753FCC00002048E17A3F00002042AF
:103CE000000020C26F12033A04F062F80546FD4856
:103CF0000168284604F004F88146FB49484604F070
:103D0000EDFA01D2DFF8E093F849484604F0DCFA16
:103D100001D2DFF8D893F6480168484604F042F82B
:103D200004464FF08141204604F0D8FA01D24FF00A
:103D30008144F049204604F0C7FA00D2ED4C2146F8
:103D4000EB48006803F0DCFFE94908600DE0EA4950
:103D5000E448006804F02CF8E2490860E649E448C9
:103D6000006804F025F8E249086007B0BDE8F08F6C
:103D70002DE9F041E1480068002850D1E048FDF706
:103D800022FD00EB800000EB00104400204604F010
:103D900015FA05460022DB4B04F093F9074604F0C0
:103DA00077FAD94908600846006804F045FA0446E5
:103DB00022460B46D5A004F0A9FCD748007820B9CC
:103DC0000020D6490860BDE8F081CF48006804F0C3
:103DD00033FA04460022D24B04F042FA03D8D14809
:103DE000CE4908601BE0D049C748006804F076FA65
:103DF00001D8012400E000244FF08241C24800684D
:103E000004F062FA01D8012000E0002004401CB157
:103E1000C648C249086002E00020C049086000BFEF
:103E2000D1E72DE9FC5FC2480068012878D1C1487C
:103E3000D0F800B0C04800680190C048B0F90290C6
:103E4000BF48B0F900A0B0480468484604F0A8F99B
:103E500006464FF08D4103F0DDFF0546B94903F0FA
:103E6000A7FFB9490860504604F09AF90646B749D9
:103E700003F098FF0546B64903F0CCFFB54908604A
:103E8000584604F0D9F90746B34AB44B04F019F97F
:103E9000054604F0FDF98346019804F0CDF9054686
:103EA000AD4AAE4B04F00DF9074604F0F1F901906C
:103EB0005021AB4803F000FFA948AAA1096801609E
:103EC0000A21A94803F0F8FEA848002101604160DA
:103ED00001810A21A64803F0EFFEA64800210160F7
:103EE000416001810A21A44803F0E6FEA3480021B5
:103EF000016041600181A249584604F0E5F910D8FB
:103F0000A049584604F0EAF90BD8584604F094F951
:103F100005462A460B469CA1934804F007FC02E0A4
:103F2000C7E0BDE8FC9F9649019804F0CDF90FD891
:103F30009449019804F0D2F90AD8019804F07CF968
:103F400005462A460B4690A1884804F0EFFB00E0A6
:103F5000E7E78F497C48006804F0C0F911D28D4929
:103F60007948006804F0B0F90BD27748006804F093
:103F700063F905462A460B4683A17D4804F0D6FB2B
:103F800000E0CEE784497348006804F0A7F911D235
:103F900082497048006804F097F90BD26D480068B8
:103FA00004F04AF905462A460B4677A1714804F009
:103FB000BDFB00E0B5E70021204604F08FF90FD8E3
:103FC0007749204604F080F90AD2204604F034F9FB
:103FD00005462A460B466CA1674804F0A7FB00E0A3
:103FE0009FE7002000F040FF0090009804F0E1F807
:103FF00007466C4903F0DCFE06464FF08B4103F0A8
:1040000009FF0546684903F0CDFE684908600021B4
:104010006648006804F062F911D85E496348006898
:1040200004F052F90BD26148006804F005F9054626
:104030002A460B4654A1514804F078FB00E070E793
:104040004949474803F043FE59A1454803F03FFE64
:104050004649434803F03BFE56A1414803F037FE72
:1040600043493F4803F033FE53A13D4803F02FFE80
:1040700040493B4803F02BFE50A1394803F027FE8E
:104080003D49374803F023FE4EA1354803F01FFE9B
:104090003A49334803F01BFE4BA1314803F017FEA9
:1040A00050214A4803F008FE50222D49474803F0AA
:1040B000EAFD00BF35E710B545480068401E444999
:1040C00008601B480068012807D10846006820B92D
:1040D000FFF7A7FE3D4800F0A2FD3D48006800B98B
:1040E00078E07BE0CC0000200000A0420000A0C2ED
:1040F000D0000020000080C0CDCC4C3F64010020E7
:10410000002C014000006940500100206A756C6974
:104110003D25660A00000000750000204C010020CB
:1041200000001040000096C30000A0400000FA43C9
:1041300080010020F8000020FC0000205A00002030
:1041400054000020CDCC1C418C0100209A19004362
:10415000000003439001002048E17A14AE470F406D
:1041600030020020244C5600480300205203002057
:104170005C03002066030020700300207A03002007
:1041800000007A4400007AC425332E326600000015
:104190000000A0C10000A04100803BC500803B455D
:1041A00000401C46CDCC5441CDCC4C3EE00000201C
:1041B0002C5256002C4143002C4759002C435342AB
:1041C000000000002C565400230000008002002054
:1041D0008401002041F28830F849086010BD70B5B4
:1041E00006460D4614462146304604F077F801D2C3
:1041F000204670BD2946304604F066F801D22846B4
:10420000F7E73046F5E72DE9F04704460E46174636
:104210001D46DDE90889EA4AEA493046FFF7DFFF33
:104220000646E74AE7493846FFF7D9FF0746002127
:10423000284604F049F801D285F00045E24AE349F6
:104240002846FFF7CCFF0546B8F1000F01D14FF02B
:10425000010841F28830804500D98046012C00D108
:104260000027042C00D10026D948047046608760DE
:10427000D8480068D649C86008460561A0F814808F
:104280000020C88201200876B9F1000F06D0032073
:10429000D1490870D1480078D1490870BDE8F0874D
:1042A0002DE9F04780460C461546C948007E20B9E6
:1042B000002020602860BDE8F08700263DE0C44A69
:1042C000D168506803F06EFD074627F00049C048EA
:1042D0000169484603F0F8FF04D8BD484068BC496E
:1042E000C86013E00021384603F0F8FF07D2B84A4F
:1042F0001169D06803F004FDB549C86006E0B44A0E
:104300001169D06803F04EFDB149C860B048C08A59
:10431000AF49898A884204DAAD48C08A401CAC495A
:10432000C882AB48C08AAA49898A884203DB002038
:10433000A749087603E0701CC6B24645BFDB00BF44
:10434000A348C0682060A24880682860A048007E1A
:1043500008B90220AFE70120ADE77CB504460D4661
:10436000164600209F49087001202B460022214656
:10437000CDE90060FFF747FF7CBD2DE9FC41044615
:104380000D4616461F460FB1012000E0002095495A
:1043900008700020944908709449087001202B4649
:1043A00000222146CDE90060FFF72DFFBDE8FC812A
:1043B00008B1012100E000218A4A117000218A4AD7
:1043C00011708A4A117070477CB504460D46164636
:1043D0000120874B2A462146CDE900600220FFF7E5
:1043E00012FF7CBD7CB504460D4616460120804B6D
:1043F0002A462146CDE900600320FFF704FF7CBD7B
:104400007CB504460D460120794B22460021CDE9BA
:1044100000500420FFF7F7FE7CBD70B505460C4642
:104420000021284603F050FF01D285F0004500210D
:10443000204603F049FF01D284F000446D48056036
:104440006D48046070BD2DE9F04705460C461646E0
:104450001F46DDF8208025F0004524F00044584A2E
:1044600000212846FFF7BBFE64490860544A00213A
:104470002046FFF7B4FE6149486061480680008825
:1044800010B901205E4908805D48008841F28831FA
:10449000884202D908465A49088027F000494A4A0A
:1044A0004A494846FFF79BFE56490860B8F1000F9D
:1044B00001D0012000E0002053490870002053493A
:1044C00008704F48008803F074FE8246504903F09C
:1044D0006FFC814649464F4803F09CFC4749886081
:1044E0004948007808B14C4800E04C484349C8604E
:1044F00000200861FEF720FF012037490870374887
:10450000007837490870002045490860BDE8F08709
:104510002DE9FF4F85B0834614461D46414920468C
:1045200003F0D2FE00D23F4C0021129803F0CCFEE3
:1045300001D2002012903C49129803F0CFFE01D224
:10454000394812902146334803F064FC074630494D
:1045500003F060FC06464FF07E51304603F0B4FE97
:1045600001D24FF07E563149304603F0B7FE00D2FB
:104570002E4E4FF07C51304603F0C2FB074603F04D
:1045800047FE1FFA80F92A49129803F011FC0746EA
:10459000174903F0B5FB8246284603F04DFE074657
:1045A00005F08AFBCDE9000103F072FE00210290C4
:1045B00003F094FE3ED801203DE00000840100207D
:1045C00000008243000082C3000040400AD7233C21
:1045D000A00000205401002075000020D800002019
:1045E00074000020C6000020C7000020C800002082
:1045F0003333B33E980000209C0000207800002058
:10460000BC000020C0000020C4000020C500002025
:104610000AD7A33BDB0FC940DA0FC93FDA0FC9BF86
:1046200070000020CDCCCC3D6666E63E00409C4547
:104630009A99993F00200390039853464A46009068
:1046400058460699FFF7FFFE09B0BDE8F08F00B5A8
:1046500003460A4602209C490870FEF76DFE9B48FF
:1046600003609B4802609B4800789B4908700020CB
:104670009A49086000BD2DE9F05F04460D46D4F864
:104680000090D5F800A0964F9649384603F01CFEDE
:1046900000D8954F9548D0F800809549404603F0E2
:1046A0001DFE18D89349404603F00EFE13D8002093
:1046B0009149087091480078FF2804D28F4800780B
:1046C000401C8E4908708D480078042836D34FF07E
:1046D0000009CA4632E08749404603F0FFFD28D270
:1046E0003946404603F0F0FD23D800208349087086
:1046F00081480078FF2804D27F480078401C7E491A
:1047000008707D4800780C2818D37D48D0F80090B8
:104710007C48D0F800A029F0004B7B49584603F0B4
:1047200047FB06463146504603F0D8FD06D2B24656
:1047300004E000207049087070490870C4F80090C7
:10474000C5F800A0BDE8F09F1CB570480068019056
:1047500000200090694601A8FFF78DFF6C49019881
:1047600008606C490098086000206B4908606B493C
:1047700008601CBD2DE9FF41564805785648007871
:10478000281AC6B2544805706548007E40BB65488B
:10479000007800F0010058B96348007810B1634810
:1047A000406803E06148406880F0004007460AE046
:1047B0005D48007820B15D48406880F0004001E02D
:1047C0005A4840680746002059490988CDE9001039
:1047D0005648016857483A4603680220FFF713FD20
:1047E00002AA03A93046FFF75BFD0446022C05D15F
:1047F0004C48007880F001004A4908704449039809
:10480000086044490298086001204349086000207C
:1048100042490860BDE8FF817CB52E4804782E48E7
:104820000078201AC5B22C4804706A4601A92846AF
:10483000FFF736FD064616B9002001900090384873
:104840000078012807D13C48007820B1694601A8CA
:10485000FFF711FF04E0002027490870274908707E
:104860002B49019808602B490098086001202A49CB
:1048700008600020294908607CBD10B51248007806
:10488000E0B1012804D0022808D0032815D102E0A5
:10489000FFF770FF15E0FFF7BFFF12E00B4800685D
:1048A0001B4908600A4800681A49086001201A4933
:1048B000086000201949086003E000BFFFF744FFCB
:1048C00000BF00BF10BD0000750000209000002058
:1048D00094000020D8000020740000207000002008
:1048E0000000C8410000304100009041500100200C
:1048F0000000204000002041C7000020C800002028
:10490000980000209C000020CDCC4C3F8C00002063
:104910005401002058010020640100204C010020B7
:10492000A0000020C5000020C40000207800002066
:10493000BC000020C0000020C600002000B585B0EB
:10494000012144F20400FBF7F3FF4FF40070ADF8CF
:10495000100018208DF8130003208DF8120004A910
:10496000BB48FBF729FD4FF48060ADF81000042030
:104970008DF8130004A9B648FBF71EFD4FF4E13093
:1049800000900020ADF80400ADF80600ADF8080076
:10499000ADF80C000C20ADF80A006946AD48FCF7F4
:1049A0007CFF0121AB48FDF704F805B000BD08B558
:1049B0004FF48060FBF7A4FB27208DF80000042053
:1049C0008DF8010001208DF802008DF80300684683
:1049D000FBF79BFB08BD00B585B001218804FBF700
:1049E000B4FF01210820FBF7A3FF4FF48060ADF86E
:1049F000100018208DF8130003208DF8120004A970
:104A00009548FBF7D9FC4FF40060ADF81000042086
:104A10008DF8130004A99048FBF7CEFCFFF7C7FF01
:104A20004FF4165000900020ADF80400ADF80600D9
:104A3000ADF80800ADF80C000C20ADF80A0069468E
:104A40008648FCF72AFF012240F225518348FCF7F3
:104A5000BCFF01218148FCF7ACFF05B000BD70B57B
:104A600004460D46E1B27B48FDF710F800BF402137
:104A70007848FDF779F80128F9D1204670BDF0B5E6
:104A800003460D461646002729460A2E03D000206D
:104A900008702846F0BD33B9302001F8010B002022
:104AA00008702846F6E7002B03DA2D2001F8010BE9
:104AB0005B4242F210720DE093FBF2F404B937B19D
:104AC00004F1300001F8010B04FB123301270A2026
:104AD00092FBF0F2002AEFDC002008702846D9E7AC
:104AE0000FB470B586B006460CA8019073E00B9821
:104AF00000785C281CD10B98401C0B9000786E2825
:104B000009D072280FD10D213046FCF7BFFF0B985A
:104B1000401C0B900BE00A213046FCF7B7FF0B98C6
:104B2000401C0B9003E00B98401C0B9000BF4BE027
:104B30000B980078252840D10B98401C0B900078EA
:104B4000642818D0732833D1019810C801900BE065
:104B500021783046FCF79AFF00BF40213046FDF730
:104B600003F80028F9D0641C20780028F0D10B98B5
:104B7000401C0B9020E0019820C801900A2202A955
:104B80002846FFF77CFF02AC0BE021783046FCF7AB
:104B90007DFF00BF40213046FCF7E6FF0028F9D03A
:104BA000641C20780028F0D10B98401C0B9003E087
:104BB0000B98401C0B9000BF06E00B9810F8011BEF
:104BC0000B903046FCF762FF00BF40213046FCF7F7
:104BD000CBFF0028F9D00B980078002887D106B0C9
:104BE00070BC5DF814FB10B5044621461948FCF76B
:104BF0004DFF00BF40211748FCF7B6FF0128F9D14F
:104C000010BD10B5044621461448FCF73FFF00BF15
:104C100040211248FCF7A8FF0128F9D110BD70B55A
:104C200005462C4603E02078FFF7EBFF641C207854
:104C30000028F8D170BD70B505462C4603E02078F9
:104C4000FFF7D1FF641C20780028F8D170BD000068
:104C50000008014000380140000C014000480040BD
:104C60007FB504460D460121C802FBF761FE41F203
:104C70008830ADF8080041F61F40ADF8040001206F
:104C8000ADF80A000020ADF8060001A91148FBF7B5
:104C900087FF012241210F48FCF7F9FA19208DF80E
:104CA000000003208DF8010000208DF80200012093
:104CB0008DF803006846FBF728FA7FBD10B5012187
:104CC0000448FCF792FD18B101210248FCF79EFD53
:104CD00010BD0000002C01401FB501213D48FBF72D
:104CE0003CFC01210920FBF723FE0120ADF80C005C
:104CF00010208DF80F0003208DF80E0003A9364810
:104D0000FBF75AFB0220ADF80C0028208DF80F00AD
:104D100003A93148FBF750FB01210846FBF762FC71
:104D20000220019000208DF8080008208DF809006D
:104D300001208DF80A0001A8FBF75EFA07208DF824
:104D4000000003208DF8010001208DF802008DF88D
:104D500003006846FBF7D9F91FBD10B50220FBF729
:104D6000B1FA48B300211D48FCF70AFD01211B4898
:104D7000FCF772FA01201A49086012E01748FCF7A4
:104D800022FD3C2807DB00211448FCF765FA0020CF
:104D90001349086005E002210F48FBF7A0FB10490A
:104DA00008600F4800680028E8D100210B48FCF794
:104DB00053FA0220FBF797FA10BD10B501210648FF
:104DC000FBF7A7FB0C20FDF741FA01210248FBF796
:104DD000A2FB10BD00023000000C0140002C01407D
:104DE000E801002000B587B001214FF40170FBF706
:104DF0009FFD4FF40040FBF7FFFC0120ADF80400DD
:104E000000208DF8070001A92348FBF7D5FA2348B5
:104E1000FCF704FF002002908DF80C008DF80D00C7
:104E20004FF4602004900020059001208DF81800B8
:104E300002A91A48FCF719FF01211848FCF741FFA5
:104E40001648FCF760FF00BF1448FCF761FF00281C
:104E5000FAD11248FCF766FF00BF1048FCF767FF65
:104E60000028FAD107B000BD10B50446072301227F
:104E700021460A48FCF791FF01210848FCF761FF31
:104E800000BF02210548FDF7CDF80028F9D00348FE
:104E9000FCF7EAFF10BD00000008014000240140BB
:104EA0000648804706480047FEE7FEE7FEE7FEE7C4
:104EB000FEE7FEE7FEE7FEE7FEE7FEE74B21000820
:104EC000ED00000838B50446FB4890F82400C0B156
:104ED00014B10220009001E000200090F64A126810
:104EE000D17BF54A526810786B460122FDF71BFB17
:104EF00010B14FF0FF3038BD9DF80010EE484174FE
:104F000023E0ED48807A10B94FF0FF30F3E724B189
:104F1000E948407C08B10020EDE714B10120009081
:104F200001E000200090E44A1268D17BE24A526816
:104F300010786B460122FDF7F6FA10B14FF0FF3002
:104F4000D9E79DF80010DC4841740020D3E738B55C
:104F5000002419E0D8480068C07AA04204D0D6489E
:104F60000068407DA04200D10CE0D3494968087830
:104F70006B4601222146FDF725FB10B14FF0FF30B3
:104F800038BD00BF601CC4B2CB4840680079A04265
:104F9000E0DC0020F4E770B504460D46C648006822
:104FA000C07AA04204D0C4480068407DA04202D12B
:104FB0004FF0FF3070BDC04840680079A04202DC6D
:104FC0004FF0FF30F6E7BC49496808782B460122CC
:104FD0002146FDF7F7FAEDE738B50446B64890F8F4
:104FE0002300A04201D1002038BD14B13020009030
:104FF00001E000200090B048807C20B19DF80000C6
:1050000040F002000090AC4890F8220020B19DF8DA
:10501000000040F080000090A74A1268117DA64A67
:10502000526810786B460122FDF77DFA10B14FF0FF
:10503000FF30D9E7A04880F823400020D4E738B5F6
:10504000044604F0700010B10120009005E014B196
:105050000020009001E040200090974A1268917C67
:10506000954A526810786B460122FDF75CFA20B130
:10507000002191488172481E38BD9DF8000020F043
:1050800040018D4801730020009004F0400020B9D9
:105090009DF8000040F00400009004F0200020B9CA
:1050A0009DF8000040F00200009004F0100020B9CC
:1050B0009DF8000040F00100009004F0080020B9C5
:1050C0009DF8000040F0380000907B4A1268D17CC7
:1050D000794A526810786B460122FDF724FA20B114
:1050E000002175488172481EC6E724B1082C02D001
:1050F0000020FFF771FF7048847200210175322093
:10510000FDF7B1F80020B7E738B504466A48807C5F
:10511000A04201D1002038BD002C46D0664A12685A
:105120001179654A526810786B460122FDF74AFAF8
:1051300010B14FF0FF30EEE79DF8000020F02000A6
:1051400000905D4A126811795B4A526810786B468C
:105150000122FDF7E8F910B14FF0FF30DBE7032043
:10516000FDF781F802200090534890F8220020B10A
:105170009DF8000040F0800000904F4890F8230018
:1051800020B19DF8000040F0300000904A4A1268BB
:10519000117D494A526810786B460122FDF7C3F928
:1051A000002851D04FF0FF30B5E7434A126811791B
:1051B000414A526810786B460122FDF703FA10B19C
:1051C0004FF0FF30A7E73C48807A00F0010028B19B
:1051D0009DF8000040F02000009004E09DF80000E1
:1051E00020F020000090344A12681179324A526847
:1051F00010786B460122FDF796F910B14FF0FF30A1
:1052000089E70320FDF72FF82B4890F8220010B112
:105210008020009001E000200090274890F82300B3
:1052200020B19DF8000040F030000090224A126842
:10523000117D214A526810786B460122FDF773F9FF
:1052400010B14FF0FF3066E71B488474002062E71E
:1052500008B51948807A10B94FF0FF3008BD00201A
:105260000090154A1268D17B134A526810786B4639
:105270000122FDF758F910B14FF0FF30EEE70E4A6A
:10528000126851790C4A526810786B460122FDF77A
:105290004AF910B14FF0FF30E0E7074A1268117980
:1052A000054A526810786B460122FDF73CF928B197
:1052B0004FF0FF30D2E70000EC010020F74890F8F3
:1052C0002400002853D00C200090F44A1268117971
:1052D000F24A526810786B460122FDF724F910B1AA
:1052E0004FF0FF30BAE73220FCF7BDFFC02000903E
:1052F000EA48807A00F0010020B19DF8000040F0FB
:1053000020000090E54A12681179E44A526810784A
:105310006B460122FDF707F910B14FF0FF309DE712
:10532000DE48407C10B10220009001E00020009097
:10533000DA4A1268D17BD94A526810786B4601224A
:10534000FDF7F1F810B14FF0FF3087E70020009033
:10535000D24A12685179D14A526810786B460122BC
:10536000FDF7E1F8002855D04FF0FF3076E7042034
:105370000090CA4A12681179C84A526810786B4680
:105380000122FDF7D0F810B14FF0FF3066E7C348B7
:10539000807C20B9C148807A00F0010010B940201B
:1053A000009001E060200090BC4A12681179BB4A6D
:1053B000526810786B460122FDF7B5F810B14FF036
:1053C000FF304BE73220FCF74EFFB448407C10B171
:1053D0000120009001E000200090B04A1268D17BCB
:1053E000AE4A526810786B460122FDF79CF810B166
:1053F0004FF0FF3032E7A94A12685179A74A526844
:105400001078A64B10330122FDF78DF810B14FF044
:10541000FF3023E7002021E770B50446002624F082
:1054200001049E4890F8240008B1002070BD9B48FC
:10543000807A10B94FF0FF30F8E79848057C807A01
:105440002040964908740846007CA04202D04FF0E4
:10545000FF3600E0002614B99048007D18B1012005
:10546000FFF730FD02E00020FFF72CFD3CB1FFF715
:10547000EFFE20B1894805744FF0FF30D6E7304683
:10548000D4E738B504468548807A10B94FF0FF302C
:1054900038BDBC2C02DB0120009015E0622C02DB41
:1054A0000220009010E02A2C02DB032000900BE089
:1054B000142C02DB0420009006E00A2C02DB0520FD
:1054C000009001E0062000907448C07A9DF800101A
:1054D000884201D10020DBE7704A126891786F4A58
:1054E000526810786B460122FDF71DF810B14FF09D
:1054F000FF30CDE79DF800106848C1720020C7E773
:1055000038B50446282C02DD4FF0FF3038BDDCB939
:105510000020FFF761FD00208DF8000007208DF8C6
:1055200001005E4A1268917C5C4A526810786B46B2
:105530000222FCF7F8FF10B14FF0FF30E6E7002140
:10554000564801750020E1E70120FFF745FD2020C6
:105550008DF80000012C06D100208DF801000520F7
:10556000FFF78FFF17E0052C06DC01208DF8010006
:105570000520FFF786FF0EE0142C06DC02208DF8D4
:1055800001000A20FFF77DFF05E003208DF80100F0
:105590001420FFF776FF9DF80100072101EB801032
:1055A000C0B28DF801003D4A1268917C3B4A5268B6
:1055B00010786B460222FCF7B6FF10B14FF0FF30B7
:1055C000A4E708213548817200210173012101758A
:1055D0000020FFF721FF002098E738B504462F4848
:1055E000807A10B94FF0FF3038BD2C4890F8240075
:1055F00010B14FF0FF30F7E72848007D50B134B1CB
:10560000282C04DCE0B2FFF77BFF0020ECE7002051
:10561000FFF776FF042C01DA042404E0B4F57A7F66
:1056200001DD4FF47A744FF47A7090FBF4F0401E71
:10563000C0B20090194A12685178184A526810781E
:105640006B460122FCF76FFF10B14FF0FF30CBE744
:105650009DF80000401C4FF47A7191FBF0F081B28C
:105660000E48C1810146C9894810FFF70AFF002092
:10567000BAE738B504460948807A10B94FF0FF30D0
:1056800038BD022C06D0042C0AD0082C0BD0102CCC
:105690000FD10BE0002000900EE00000EC01002094
:1056A0000820009008E01020009005E018200090ED
:1056B00002E04FF0FF30E3E700BFF848407A9DF882
:1056C0000010B0EBE10F01D10020D9E7F34A1268D6
:1056D000D179F24A526810786B460122FCF723FF19
:1056E00010B14FF0FF30CBE79DF80000C110EB4840
:1056F00041720020C4E738B50446E848807A10B902
:105700004FF0FF3038BDFA2C09D0B4F5FA7F09D03C
:10571000B4F57A7F09D0B4F5FA6F0CD108E0002017
:1057200000900BE00820009008E01020009005E0B9
:105730001820009002E04FF0FF30E3E700BFD748A9
:10574000007A9DF80010B0EBE10F01D10020D9E7FD
:10575000D24A12689179D14A526810786B46012278
:10576000FCF7E1FE10B14FF0FF30CBE79DF80000F1
:10577000C010CA4908720020C4E71CB580208DF80B
:105780000000C64A1268917CC44A526810786B4681
:105790000122FCF7C8FE10B14FF0FF301CBD6420A1
:1057A000FCF761FD00208DF80000BC4A1268917C76
:1057B000BA4A526810786B460122FCF7B4FE10B169
:1057C0004FF0FF30EAE7B54A1268917DB34A52685C
:1057D00010786B460622FCF7F5FE10B14FF0FF3053
:1057E000DCE79DF80500C007400F9DF8031001F0AD
:1057F000010140EA41009DF8011001F0010140EA79
:1058000001048CB1012C03D10121A448C17430E002
:10581000022C03D10021A148C1742AE0A0A0FFF707
:105820000AFA4FF0FF30B9E79C4A1268D1789B4AD8
:10583000526810786B460122FCF7C4FE10B14FF09D
:10584000FF30ABE79DF8000000F00F042CB99E4834
:10585000FFF7F1F94FF0FF30A0E7042C06D19BA031
:10586000FFF7E9F901218D48C17402E000218B485E
:10587000C174FF2189488172FF2088490872FF2185
:1058800086484172C1724FF6FF71C181FF210174D8
:1058900081740121017380F82210002180F8231007
:1058A000417501751630016041608160163880F8DD
:1058B000241080F82510C1844FF4FA60FFF71BFF15
:1058C00010B14FF0FF3069E70220FFF7D2FE10B1B0
:1058D0004FF0FF3062E72A20FFF7D3FD10B14FF001
:1058E000FF305BE73220FFF778FE10B14FF0FF305A
:1058F00054E70020FFF790FD10B14FF0FF304DE767
:105900000020FFF701FC10B14FF0FF3046E7002008
:10591000FFF795FB002041E77CB504460D465F4844
:10592000807A00F0700010B94FF0FF307CBD5B4A08
:105930001268117B594A526810786B460622FCF7B0
:1059400041FE10B14FF0FF30F0E79DF801009DF8E7
:10595000001040EA012000B220809DF803009DF86D
:10596000021040EA012000B260809DF805009DF819
:10597000041040EA012000B2A08015B12846FCF7CF
:105980007EFC0020D2E77CB504460D464348807A71
:1059900000F0080010B94FF0FF307CBD3F4A12689C
:1059A000517B3E4A526810786B460622FCF70AFE8D
:1059B00010B14FF0FF30F0E79DF801009DF80010A6
:1059C00040EA012000B220809DF803009DF80210FB
:1059D00040EA012000B260809DF805009DF80410A7
:1059E00040EA012000B2A08015B12846FCF747FC30
:1059F0000020D2E72DE9FE4F05460C462748807A65
:105A000018B94FF0FF30BDE8FE8F244A1268917B31
:105A1000224A5268107802AB0222FCF7D3FD10B183
:105A20004FF0FF30EFE79DF809009DF8081040EABD
:105A3000012006B214B12046FCF721FC1749496841
:105A4000C88802F0B6FB154901904968B1F9080011
:105A500002F0A6FB8346304602F0A2FB59460090B6
:105A600002F0A0F98246019902F0D4F981461F495B
:105A700002F046F980464FF08F4102F099F907464F
:105A800002F0ADFB28600020BDE710B588B00446E9
:105A90001CB94FF0FF3008B010BD29E0EC01002028
:105AA000556E737570706F7274656420736F667471
:105AB000776172652070726F6475637420726576A9
:105AC0002025642E0A00000020AC000848616C66A6
:105AD0002073656E73697469766974792070617278
:105AE0007420666F756E642E0A00000000000C4280
:105AF000206830B9606820B9A06810B9002008B0EB
:105B000010BDFA494968087806AB03221146FCF734
:105B100059FD10B14FF0FF30F1E79DF81800082152
:105B200001EB201000F00F00ADF800009DF8190007
:105B300001EB201000F00F00ADF802009DF81A00F4
:105B400001EB201000F00F00ADF8040020684100C8
:105B5000BDF90000403091FBF0F000B2ADF810004C
:105B600060684100BDF90200403091FBF0F000B2E6
:105B7000ADF81200A0684100BDF90400403091FB6F
:105B8000F0F000B2ADF81400D8494968087806ABC7
:105B900006221146FCF716FD10B14FF0FF30AEE7BC
:105BA0009DF819009DF8181040EA012000B2ADF8E8
:105BB00008009DF81B009DF81A1040EA012000B271
:105BC000ADF80A009DF81D009DF81C1040EA012068
:105BD00000B2ADF80C00BDF81000BDF80810084484
:105BE00000B2ADF81000BDF81200BDF80A1008446C
:105BF00000B2ADF81200BDF81400BDF80C10084456
:105C000000B2ADF81400BDF81000000A8DF81800BD
:105C1000BDF81000C0B28DF81900BDF81200000ADE
:105C20008DF81A00BDF81200C0B28DF81B00BDF847
:105C30001400000A8DF81C00BDF81400C0B28DF8E5
:105C40001D00AA494968087806AB06221146FCF7F0
:105C50006AFC10B14FF0FF3051E700204FE70146DA
:105C6000A248007A30B1012807D0022809D00328C1
:105C70000FD10AE0FA2008800EE04FF4FA70088095
:105C80000AE04FF47A70088006E04FF4FA6008806A
:105C900002E00020088000BF00BF002070470146DE
:105CA0009248407A30B1012807D0022808D0032852
:105CB0000CD108E0022008700BE00420087008E016
:105CC0000820087005E01020087002E04FF0FF3057
:105CD000704700BF8548C07C18B108784006000EA8
:105CE00008700020F4E701468048C07A082817D2DF
:105CF000DFE800F01704070A0D101318BC20088015
:105D000013E06220088010E02A2008800DE01420B3
:105D100008800AE00A20088007E00520088004E0E7
:105D200000BF00BF0020088000BF00BF00207047F8
:105D300001466E4890F8240010B14FF0FF307047D4
:105D40006A48C08908800020F9E7014600200880E1
:105D5000401E704701464FF0FF30704701466348D0
:105D6000007A30B1012807D0022808D003280CD1CE
:105D700008E05F4808600BE05E48086008E05E48A5
:105D8000086005E05D48086002E04FF0FF307047B2
:105D900000BF0020FBE701465448407A30B101289B
:105DA00008D002280AD0032810D10BE04FF480401D
:105DB00008800EE041F69C7008800AE04FF48050A5
:105DC000088006E04FF40060088002E04FF0FF30EA
:105DD000704700BF4548C07C10B10888401008805B
:105DE0000020F5E701464148007C0870002070471C
:105DF00001463E48807A10B10120087001E0002081
:105E000008700020704738B504463848807A10B9C9
:105E10004FF0FF3038BD354A1268117C334A526862
:105E200010786B460222FCF7CDFB10B14FF0FF302B
:105E3000F0E79DF801009DF8001040EA012000B253
:105E400020800020E6E72DE9FE4F0746884692466F
:105E50001D46DDF830B000260024244890F82400C8
:105E600010B1601EBDE8FE8F002028701F48807AA8
:105E700010B94FF0FF30F5E71C48007C10B94FF027
:105E8000FF30EFE71948007C00F0400008B1B01C7B
:105E9000C6B21648007C00F0200008B1B01CC6B2A3
:105EA0001248007C00F0100008B1B01CC6B20F48C8
:105EB000007C00F0080008B1B01DC6B20B4A1268A1
:105EC000917A0A4A526810786B460222FCF77AFBF4
:105ED00010B14FF0FF30C5E79DF801009DF80010AC
:105EE00040EA0129B1450BDA0020BBE7EC010020B4
:105EF00000000343000083423333034233338341C2
:105F0000FC4840684088B9EB600F17DDF94A126819
:105F1000517CF84A526810786B460122FCF752FB1C
:105F200010B14FF0FF309DE79DF8000000F0100029
:105F300020B1FFF78DF96FF0010093E75046FCF7B1
:105F40009EF9EC4A1268D17AEA4A526810786B4698
:105F50003246FCF737FB10B14FF0FF3082E799FB78
:105F6000F6F0401E8BF8000000202870B4422AD0C2
:105F7000E048007C00F0080028B3601C1DF8000019
:105F80001DF8041040EA012000B2A8F80000E01C4F
:105F90001DF80010A01C1DF8000041EA002000B20E
:105FA000A8F80200601D1DF80010201D1DF800005B
:105FB00041EA002000B2A8F80400287840F0080068
:105FC0002870A01D84B2B44213D0CA48007C00F0EF
:105FD000400070B1601C1DF800001DF8041040EA7C
:105FE000012000B23880287840F040002870A01CC2
:105FF00084B2B44213D0BF48007C00F0200070B1DE
:10600000601C1DF800001DF8041040EA012000B2D9
:106010007880287840F020002870A01C84B2B44218
:1060200013D0B448007C00F0100070B1601C1DF863
:1060300000001DF8041040EA012000B2B880287862
:1060400040F010002870A01C84B200200AE7F8B5C8
:1060500004460F461646A74890F8240010B94FF0A2
:10606000FF30F8BDA348807A10B94FF0FF30F8E751
:10607000A04A1268917A9F4A526810786B460222B1
:10608000FCF7A0FA10B14FF0FF30EAE79DF80100ED
:106090009DF8001040EA0125A54203DA0020307087
:1060A000401EDEE7934840684088B5EB600F17DD7F
:1060B000904A1268517C8F4A526810786B460122D0
:1060C000FCF780FA10B14FF0FF30CAE79DF80000EE
:1060D00000F0100020B1FFF7BBF86FF00100C0E73F
:1060E000E2B2844B1B68D97A824B5B6818783B46D6
:1060F000FCF768FA10B14FF0FF30B2E795FBF4F00F
:10610000401E30700020ACE701467A4880F822102B
:10611000002070477CB5054676494968087801AB90
:1061200004220D21FCF74EFA08B107207CBD9DF832
:106130000700C0F301109DF8041001F0E00140EAEF
:10614000E1008DF800009DF80700C0F381009DF884
:10615000051001F0E00140EAE1008DF801009DF832
:10616000070000F003009DF8061001F0E00140EA8E
:10617000E1008DF8020000241CE01DF8040018B9AD
:10618000002045F8240013E05B4845F8240006E0B1
:1061900055F82400594901F00BFE45F824001DF87C
:1061A0000400401EC0B20DF804000028F0D100BF6A
:1061B000601CC4B2032CE0DB0020B7E72DE9FE4FE2
:1061C00006460F4600256846FFF7A4FF002442E07C
:1061D00056F8240057F82410A0EB010ABAF1000F7A
:1061E00001DB514601E0CAF10001084601F0D8FF89
:1061F00083464FF08F4101F00DFE80465DF824008C
:10620000002102F061F816D05DF82410404601F03C
:1062100001FE82464FF07E5101F0C4FD814629F017
:10622000004A3748416A504602F058F812D201201D
:10623000A04005430EE03248C169404602F044F8F0
:1062400005D32F48016A404602F048F802D20120E7
:10625000A0400543641C032CBADB2846BDE8FE8F32
:106260002DE9FC5F06460F4600252249496808785B
:1062700001AB03220D21FCF7A5F910B10720BDE801
:10628000FC9F9DF8040000F01F008DF804009DF8AD
:10629000050000F01F008DF805009DF8060000F0D5
:1062A0001F008DF80600002462E056F8240057F81D
:1062B0002410A0EB010BBBF1000F01DB594601E0FC
:1062C000CBF10001084601F06BFF4FF08F410090C9
:1062D00001F0A0FD814601A8005DC0B3084908682F
:1062E00001F067FF83465946064801F093FD80465A
:1062F0000FE00000EC0100207B14AE3E1D5A843FED
:10630000F09D000800B04C45FE49404601F050FDAC
:10631000804601A8005D401EC0B201A908550028B2
:10632000F2D14146484601F075FD83464FF07E515B
:1063300001F038FD82462AF0004BF3488169584647
:1063400001F0CCFF13D20120A04005430FE0FFE78E
:10635000ED480169484601F0B7FF05D3EA484169B5
:10636000484601F0BBFF02D20120A0400543641C57
:10637000032C9ADB284682E72DE9F04F87B00546CB
:106380000C46914601208DF8100000208DF8110078
:10639000DE4A1268917CDD4A5268107804AB022212
:1063A000FCF7C1F820B14FF0FF3007B0BDE8F08F27
:1063B000C820FBF758FF00208DF81000D34A126860
:1063C000D17BD24A5268107804AB0122FCF7ABF8BB
:1063D00010B14FF0FF30E8E7CC4A12685179CB4A50
:1063E0005268107804AB0122FCF79DF810B14FF011
:1063F000FF30DAE7C54A1268917CC44A52681078C7
:1064000004AB0122FCF78FF810B14FF0FF30CCE75E
:10641000BE4A1268D17DBD4A5268107804AB012291
:10642000FCF781F810B14FF0FF30BEE7B74A1268B1
:106430001179B64A5268107804AB0122FCF773F860
:1064400010B14FF0FF30B0E70C208DF81000AF4ACC
:1064500012681179AD4A5268107804AB0122FCF73A
:1064600062F810B14FF0FF309FE70F20FBF7FBFE03
:10647000A648806A407A8DF81000A44A1268917884
:10648000A24A5268107804AB0122FCF74CF810B114
:106490004FF0FF3089E79D48806A007A8DF8100040
:1064A0009A4A12685178994A5268107804AB0122CE
:1064B000FCF739F810B14FF0FF3076E7B9F1000F73
:1064C00007D09248806A807A40F0E0008DF8100092
:1064D00004E08E48806A807A8DF810008B4A12683A
:1064E00091798A4A5268107804AB0122FCF71BF8B4
:1064F00010B14FF0FF3058E7B9F1000F07D08348D3
:10650000806AC07A40F0E0008DF8100003E07E4819
:10651000C07A8DF810007D4A1268D1797B4A5268A2
:10652000107804AB0122FBF7FEFF10B14FF0FF30F3
:106530003BE7B9F1000F02D0C820FBF794FE4020E2
:106540008DF81000714A12681179704A52681078FB
:1065500004AB0122FBF7E7FF10B14FF0FF3024E757
:1065600078208DF81000694A12685179674A52689C
:10657000107804AB0122FBF7D6FF10B14FF0FF30CB
:1065800013E761498889FBF76EFE00208DF8100043
:106590005E4A126851795D4A5268107804AB012254
:1065A000FBF7C1FF10B14FF0FF30FEE6574A12680B
:1065B000917A564A5268107804AB0222FCF702F82E
:1065C00010B14FF0FF30F0E69DF811009DF810106B
:1065D00040EA012B0C209BFBF0F0C6B20020A86023
:1065E00068602860A06060602060824665E0474A7D
:1065F0001268D17A454A5268107804AB0C22FBF736
:10660000E1FF10B14FF0FF30CFE69DF811009DF88B
:10661000101040EA012000B2ADF808009DF8130008
:106620009DF8121040EA012000B2ADF80A009DF872
:1066300015009DF8141040EA012000B2ADF80C00DE
:10664000BDF90810206808442060BDF90A10606890
:1066500008446060BDF90C10A0680844A0609DF873
:1066600017009DF8161040EA012000B2ADF80000B6
:106670009DF819009DF8181040EA012000B2ADF80D
:1066800002009DF81B009DF81A1040EA012000B29C
:10669000ADF80400BDF90010286808442860BDF971
:1066A0000210686808446860BDF90410A8680844CE
:1066B000A8600AF1010000F0FF0AB24597DB12481A
:1066C000D0F800C02868C117090441EA1041070446
:1066D00062460023384601F0A5FA32460023CDE990
:1066E000020101F09FFA28600748D0F800C06868EE
:1066F000C117090441EA10410704624600233846E5
:1067000006E0000054E3853FF09D0008EC01002006
:1067100001F088FA32460023CDE9020101F082FA45
:106720006860FE48D0F800C0A868C117090441EAB3
:106730001041070462460023384601F073FA3246DE
:106740000023CDE9020101F06DFAA860F348D0F80A
:1067500004C02168C817000440EA11480F046246CB
:1067600000233846414601F05DFA32460023CDE968
:10677000020101F057FA2060E848D0F804C06068D0
:10678000C117090441EA1041070462460023384654
:1067900001F048FA32460023CDE9020101F042FA45
:1067A0006060DE48D0F804C0A068C117090441EA5F
:1067B0001041070462460023384601F033FA32469E
:1067C0000023CDE9020101F02DFAA060A0680028A5
:1067D00004DDA068A0F58030A06003E0A06800F5AB
:1067E0008030A0600020E0E538B50446CC4890F841
:1067F0002400A04201D1002038BD24B3C84890F83D
:10680000250010B94FF0FF30F6E70020FEF75AFBE5
:106810000020FEF779FCC249C88CFEF7DEFE00209E
:106820000090BF49496808786B4601222321FBF795
:106830007AFE0121BA4880F824100120FEF742FBBD
:10684000FEF706FD13E00020FEF73CFBB448007C99
:106850000090B349496808786B4601222321FBF771
:1068600062FE0021AE4880F82410FEF7F1FC002003
:10687000C2E72DE9F04F8DB083460F4602200C9001
:10688000A74890F8240020B10020FFF7ADFF0126B3
:1068900000E0002603A8FFF7E2F905A8FFF7FFF9DB
:1068A00001A8FFF720FA02A8FFF742FA9C4890F8E7
:1068B0000AA004A8FFF796FA002407E00022394650
:1068C0005846FFF759FD00B902E0641C022CF5DBC5
:1068D00000BF022C01D1002528E0002407E001229E
:1068E00006A909A8FFF748FD00B902E0641C022CC4
:1068F000F5DB00BF022C01D1002517E006A93846C0
:10690000FFF75CFC00F0FF0809A95846FFF7A8FC58
:1069100000F0FF090025B9F1000F01D145F0010594
:10692000B8F1000F01D145F0020500BFFF207C49FE
:106930000872FF217A484172C1724FF6FF71C1811E
:10694000FF218172017401210173BDF80C00FEF773
:10695000D2FE9DF81400FEF78CFEBDF80400FEF791
:1069600090FDBDF80800FEF738FE5046FEF767FBC5
:106970009DF81000FEF750FD16B10120FFF734FF1F
:1069800028460DB0BDE8F08FF8B504460D46164612
:1069900016B94FF0FF30F8BD6148807A10B94FF05A
:1069A000FF30F8E720128DF80000E0B28DF801000A
:1069B0009DF8010028445A4949684989884202DD06
:1069C0004FF0FF30E7E7564A1268117E544A52688A
:1069D00010786B460222FBF7A6FD10B14FF0FF3096
:1069E000D9E7EAB24E4B1B68597D4D4B5B6818786E
:1069F0003346FBF798FD10B14FF0FF30CBE7002096
:106A0000C9E7F8B504460D46164616B94FF0FF30F3
:106A1000F8BD4348807A10B94FF0FF30F8E72012F4
:106A20008DF80000E0B28DF801009DF801002844C7
:106A30003B4949684989884202DD4FF0FF30E7E76A
:106A4000374A1268117E364A526810786B46022225
:106A5000FBF769FD10B14FF0FF30D9E7EAB2304BD8
:106A60001B68597D2E4B5B6818783346FBF7AAFDEF
:106A700010B14FF0FF30CBE70020C9E72DE9F0431C
:106A800085B005460E4690469946254890F8250063
:106A900020B14FF0FF3005B0BDE8F08316B94FF0DC
:106AA000FF30F8E7002423E0281B102801DD102028
:106AB00000E0281B87B2321939462046FFF764FFF1
:106AC00010B14FF0FF30E6E701AA39462046FFF744
:106AD00098FF10B14FF0FF30DDE730193A4601A9B9
:106AE00001F001F910B16FF00100D4E7E01984B2B0
:106AF000AC42D9DB4FEA28208DF8000008F0FF00F7
:106B00008DF80100064A1268917E054A5268107895
:106B10006B460222FBF707FD38B103E0F09D000849
:106B2000EC0100204FF0FF30B5E701218A4880F8E2
:106B30002510A0F826900020ADE70146864890F881
:106B4000240008700020704702464FF0FF30704765
:106B500001464FF0FF307047F8B505460F46144622
:106B6000002C70D0B5F5FF5F01DDFF2605E0202D7C
:106B700001DA012601E0C5F3471607B90127282CE1
:106B800002DD4FF0FF30F8BD7348407D28BB7248EE
:106B900090F8240038B10020FFF726FE01216E484E
:106BA00080F8201003E000216B4880F820106A482C
:106BB0001630FFF754F868481830FFF770F8664849
:106BC0001A30FFF790F864481C30FFF7B1F86248BC
:106BD000817A81771F30FFF705F90020FEF772F9FF
:106BE0000020FEF78DFC00208DF800005A4A126844
:106BF0009178594A526810786B460122FBF793FC52
:106C000010B14FF0FF30BEE740208DF80000524A2F
:106C10001268D17B504A526810786B460122FBF70C
:106C200082FC00B165E08DF800608DF801704A4A81
:106C30001268117A484A526810786B460222FBF7B4
:106C400072FC08B155E047E00520FBF70CFB424819
:106C5000407A072101EBC000C0B28DF800003E4A27
:106C60001268D1793C4A526810786B460122FBF7D2
:106C70005AFC00B13DE020208DF80000012C03D12A
:106C800000208DF801000EE0052C03DC01208DF8BA
:106C9000010008E0142C03DC02208DF8010002E062
:106CA00003208DF801009DF80100072101EB801001
:106CB000C0B28DF80100284A1268917C264A5268B9
:106CC00010786B460222FBF72EFC00B111E0012187
:106CD00021484175002056E71F4A1632002103E083
:106CE000505C00B105E0491C0C29F9D34FF0FF308E
:106CF00049E7FF2018490872FF2117484172C17205
:106D00004FF6FF71C181FF2181720174012101736E
:106D10000146887FFEF793F90F49C88AFEF7EBFC1E
:106D20000D49087EFEF7A5FC0B49488BFEF7A9FB31
:106D30000949888BFEF751FC0749C87FFEF76CFBB9
:106D4000054890F8200010B10120FFF74DFD00210B
:106D500001484175002016E7EC01002010B5C8235A
:106D60004FF48062F74940F6F630FFF787FE10BD1A
:106D700010B586B00446F4A000680390F3A0006844
:106D80000290F3A000680190F2A00068009004F067
:106D9000030003A9085C8DF8140003A8C4F3C10123
:106DA000405C8DF8150003A8C4F38111405C8DF898
:106DB000160004F0030002A9085C8DF8100002A878
:106DC000C4F3C101405C8DF8110002A8C4F3811125
:106DD000405C8DF8120005AA032140F22640FFF71F
:106DE000D3FD18B14FF0FF3006B010BD04AA032147
:106DF00040F22A40FFF7C8FD10B14FF0FF30F3E733
:106E0000019805900098049004F0040058B19DF892
:106E1000140040F001008DF814009DF8100040F0BF
:106E200001008DF8100004F0200058B19DF8150005
:106E300040F001008DF815009DF8110040F00100B0
:106E40008DF8110004F4807058B19DF8160040F0E0
:106E500001008DF816009DF8120040F001008DF839
:106E6000120005AA03214FF48860FFF78DFD10B1D1
:106E70004FF0FF30B8E704AA032140F23140FFF79A
:106E800083FD10B14FF0FF30AEE7B348048100201E
:106E9000AAE71FB50446B048007A00F0030054F892
:106EA00020000190AC48007A00F0040010B1019875
:106EB00040420190A848007AC0F3C10054F8200075
:106EC0000290A548007A00F0200010B102984042DC
:106ED0000290A148007AC0F3811054F8200003907A
:106EE0009D48008900F4807010B1039840420390DF
:106EF0009A49019880FB0101800F40EA81000190CE
:106F00009649029880FB0110820042EA917002903B
:106F10009249039880FB0110820042EA917003902D
:106F20000198000E8DF800000198000C8DF801000A
:106F30000198000A8DF802000198C0B28DF8030094
:106F40006A4604214FF47470FFF71EFD18B14FF02C
:106F5000FF3004B010BD0298000E8DF800000298BA
:106F6000000C8DF801000298000A8DF802000298CA
:106F7000C0B28DF803006A4604214FF47570FFF724
:106F800003FD10B14FF0FF30E3E70398000E8DF8DA
:106F900000000398000C8DF801000398000A8DF89A
:106FA00002000398C0B28DF803006A4604214FF432
:106FB0007670FFF7E9FCCCE770B588B0064601A80B
:106FC000FEF7E9FEBDF804000021C90341EA50457F
:106FD000C4036148007A00F0030056F820000590D1
:106FE0005D48007A00F0040010B105984042059019
:106FF0005948007AC0F3C10056F820000690564860
:10700000007A00F0200010B10698404206905248E5
:10701000007AC0F3811056F8200007904E4800898E
:1070200000F4807010B10798404207900598C1178E
:10703000A0FB042301FB043100FB0510810041EAA1
:10704000927005900698C117A0FB042301FB043140
:1070500000FB0510810041EA927006900798C11765
:10706000A0FB042301FB043100FB0510810041EA71
:10707000927007900598000E8DF808000598000C96
:107080008DF809000598000A8DF80A000598C0B22D
:107090008DF80B000698000E8DF80C000698000C79
:1070A0008DF80D000698000A8DF80E000698C0B203
:1070B0008DF80F000798000E8DF810000798000C4F
:1070C0008DF811000798000A8DF812000798C0B2D9
:1070D0008DF8130002AA0C214FF42570FFF754FC21
:1070E00008B070BD30B585B004461DA207CA02AB1A
:1070F00007C3C82C03DD4FF0FF3005B030BDC820FA
:1071000090FBF4F0401E85B2280A8DF80000E8B22A
:107110008DF801006A46022140F21620FFF734FC88
:1071200010B14FF0FF30E8E702AA0C2140F6C12071
:10713000FFF72AFC10B14FF0FF30DEE706488481EC
:107140000020DAE7189E00084CCD6C000CC92C001A
:1071500036567600264666009403002009E3CA02EC
:10716000FEF2ABC4AAF1DFDFBBAFDFDF0146FC48B4
:1071700080890880002070472DE9FC4706460F46AD
:1071800006F0070010B1B7F5C86F03DD4FF0FF3010
:10719000BDE8FC87384601F00CF88146F14900F063
:1071A00039FE80466846FEF77AFD9DF80000022809
:1071B00006D0042816D0082826D0102848D135E05B
:1071C0004FF08D41404600F0F3FD814601F020F87C
:1071D00084B2E549404600F0EBFD814601F018F825
:1071E00085B238E04FF08C41404600F0E1FD814629
:1071F00001F00EF884B2DD49404600F0D9FD814629
:1072000001F006F885B226E04FF08B41404600F0D1
:10721000CFFD814600F0FCFF84B2D549404600F026
:10722000C7FD814600F0F4FF85B214E04FF08A41BB
:10723000404600F0BDFD814600F0EAFF84B2CD4932
:10724000404600F0B5FD814600F0E2FF85B202E065
:107250004FF0FF309CE700BF20128DF80400E0B231
:107260008DF8050028128DF80600E8B28DF80700A9
:1072700006F00100A0B101AA02214FF4EA70FFF765
:1072800083FB10B14FF0FF3082E70DF106020221BF
:107290004FF49270FFF778FB10B14FF0FF3077E7B3
:1072A00006F00200A0B101AA02214FF4EC70FFF732
:1072B0006BFB10B14FF0FF306AE70DF106020221BF
:1072C0004FF49470FFF760FB10B14FF0FF305FE7B1
:1072D00006F00400A0B101AA02214FF4EE70FFF7FE
:1072E00053FB10B14FF0FF3052E70DF106020221BF
:1072F0004FF49670FFF748FB10B14FF0FF3047E7AF
:10730000002045E738B504460020009004F0010055
:1073100020B19DF8000040F03000009004F0020021
:1073200020B19DF8000040F00C00009004F0040033
:1073300020B19DF8000040F0030000906A46012152
:107340004FF4A470FFF720FB38BD38B50446012C7C
:1073500001DA012402E0042C00DD0424601EC0B226
:1073600000906A46012140F24F10FFF70DFB38BD37
:1073700038B50446052094FBF0F085B228128DF84C
:107380000000E8B28DF801006A4602214FF4EF7068
:10739000FFF7FAFA38BD38B50446052094FBF0F043
:1073A00085B228128DF80000E8B28DF801006A4617
:1073B00002214FF4ED70FFF7E7FA38BDF8B5054646
:1073C0000E464FF47A7095FBF0F000FB06F4200EA9
:1073D0008DF80000200C8DF80100200A8DF80200C5
:1073E000E0B28DF803006A4604214FF4AE70FFF757
:1073F000CBFAF8BD38B50446052094FBF0F084B212
:1074000020128DF80000E0B28DF801006A460221DA
:107410004FF4AD70FFF7B8FA38BD38B50446052013
:1074200094FBF0F084B220128DF80000E0B28DF8E9
:1074300001006A4602214FF4AC70FFF7A5FA38BD8F
:1074400038B5044614B94FF0FF3038BD6A46042100
:107450004FF45870FFF7D5FA10B14FF0FF30F4E752
:107460009DF8000000069DF8011040EA01409DF8DB
:10747000021040EA01209DF803100843206000201C
:10748000E3E738B50446200E8DF80000200C8DF897
:107490000100200A8DF80200E0B28DF803006A4670
:1074A00004214FF45870FFF76FFA38BD38B5044621
:1074B00014B94FF0FF3038BD6A4604214FF47170A3
:1074C000FFF79FFA10B14FF0FF30F4E79DF800008E
:1074D00000069DF8011040EA01409DF8021040EAC4
:1074E00001209DF80310084300EB8000800020601D
:1074F0000020E0E738B504461420B4FBF0F4200E79
:107500008DF80000200C8DF80100200A8DF8020093
:10751000E0B28DF803006A4604214FF47170FFF762
:1075200033FA38BD38B5044664B120208DF8000028
:1075300028208DF8010030208DF8020038208DF8C9
:10754000030004E0A3220421684600F0AEFB6A4673
:10755000042140F69E20FFF717FAFDF779FE38BDAB
:107560009403002000004843000040460000C0454E
:10757000000040450000C04438B5044664B1C02056
:107580008DF80000C2208DF80100C4208DF80200A3
:10759000C6208DF8030004E08B220421684600F029
:1075A00084FB6A46042140F69820FFF7EDF9FDF7C9
:1075B0004FFE38BD3EB504466CB1FDA1D1E90020B7
:1075C0008968CDE9002002916A4609214FF497604D
:1075D000FFF7DAF93EBDF9A2D2E900109268CDE9D1
:1075E000010200916A4609214FF49760FFF7CCF938
:1075F000F0E73EB5044602208DF80000CA208DF861
:107600000100E3208DF8020009208DF803006A468E
:1076100004216820FFF7B8F9A3208DF8000004F0DA
:10762000400048B1C0208DF80100C8208DF802004C
:10763000C2208DF8030006E0A3208DF801008DF82C
:1076400002008DF8030004F4C07048B1C4208DF826
:107650000400CC208DF80500C6208DF8060006E059
:10766000A3208DF804008DF805008DF80600A320F6
:107670008DF807008DF808008DF809006A460A2188
:1076800040F6A720FFF780F904F0030018B120208E
:107690008DF8000002E0D8208DF800006A46012134
:1076A00040F6B620FFF770F904F0200018B1012071
:1076B000FFF780FF02E00020FFF77CFF04F4C070BA
:1076C00008B304F4807060B1B2208DF800008B2004
:1076D0008DF80100B6208DF802009B208DF8030084
:1076E0000BE0B0208DF8000080208DF80100B42060
:1076F0008DF8020090208DF803006A46042140F6C0
:10770000A220FFF741F904F0010020B3F8208DF822
:1077100000006A4601214FF40B60FFF735F9FA21AA
:107720000720FFF729FD0720FFF7ECFD0120FFF7F9
:107730000CFE6420FFF71CFE4FF4FA70FFF72BFEDF
:10774000C821A148FFF73AFE2820FFF753FE0A2080
:10775000FFF763FE08E0D8208DF800006A4601219B
:107760004FF40B60FFF710F904F0020018B1D920B4
:107770008DF8000002E0D8208DF800006A46012153
:1077800040F23D70FFF700F904F0040018B1012049
:10779000FFF7F2FE02E00020FFF7EEFE04F010001B
:1077A00018B10120FFF7BEFE02E00020FFF7BAFE8D
:1077B00044F0080085494881FDF74AFD00208349CF
:1077C000887304F0400018B10846807B801D8873E0
:1077D00004F4C07020B17D48807B801D7B49887394
:1077E00004F0140020B17948807B10307749887309
:1077F00004F0030020B17548807B001D7349887335
:1078000000203EBD01467148408908800020704735
:107810002DE9F0410446E07800F0C006E07800F081
:107820003F05607800F0010098B1EF102846E91795
:1078300005EB5171C910A5EBC101491C01F0FF080E
:107840006248006820B16148414602683846904766
:1078500000BF607800F0080030B15C48406818B1A3
:10786000B0115A4A516888470020BDE8F08110B530
:1078700086B0044656A207CA03AB07C357A207CA7D
:107880008DE80700012C09D0022C0ED103AA0B2190
:1078900040F68220FFF778F806B010BD6A460B214B
:1078A00040F68220FFF770F8F6E74FF0FF30F3E77D
:1078B0002DE9F04F8DB00746884615469946DDE91B
:1078C000166B0024002030804049887B5A4605A969
:1078D000FEF7BDFB18B1601E0DB0BDE8F08F3B4850
:1078E000807A00F01400002861D09DF81400000692
:1078F0009DF8151040EA01409DF8161040EA01205D
:107900009DF81710084328609DF8180000069DF8A0
:10791000191040EA01409DF81A1040EA01209DF834
:107920001B10084368609DF81C0000069DF81D10A0
:1079300040EA01409DF81E1040EA01209DF81F100A
:107940000843A8609DF8200000069DF8211040EA39
:1079500001409DF8221040EA01209DF823100843C1
:10796000E86004F11000C4B228680014019068684F
:1079700000140290A86800140390E86800140490B2
:1079800001984043029901FB0100039901FB0100AA
:10799000049901FB010ABAF1706F02DBBAF1885F4A
:1079A00022DDFDF755FC00203080401E94E721E0E9
:1079B000B8AAB38DB4980D355D000000B8AAAAAA84
:1079C000B088C3C5C700000009E3CA0294030020C1
:1079D000D8B1B9F38BA391B609B4D900DAB1B9F330
:1079E0008BA391B6DAB4DA00B6F9000040F48070E7
:1079F000308000BF7848807A00F0400020B305A9AD
:107A0000601C085C095D40EA012000B2A8F8000093
:107A100005A9E01C095C05AAA01C105C41EA002035
:107A200000B2A8F8020005A9601D095C201D105CC9
:107A300041EA002000B2A8F80400A01DC4B2B6F9C3
:107A4000000040F0080030806348408900F4C070B6
:107A500008B305A9601C085C095D40EA012000B27A
:107A6000388005A9E01C095C05AAA01C105C41EA4D
:107A7000002000B2788005A9601D095C201D105C03
:107A800041EA002000B2B880A01DC4B2B6F90000DF
:107A900040F0700030805048807A00F0030018B148
:107AA00005A90819FFF7B4FE4846FAF7E8FB0020DD
:107AB00012E70146484801600020704701464648E9
:107AC000416000207047014691F90020002A01DD45
:107AD00000201EE091F90020002A01DA042018E0BD
:107AE00091F90120002A01DD012012E091F9012025
:107AF000002A01DA05200CE091F90220002A01DDBC
:107B0000022006E091F90220002A01DA062000E0B6
:107B10000720704770B505462846FFF7D4FF044696
:107B2000E81CFFF7D0FF44EAC00084B2A81DFFF7AD
:107B3000CAFF44EA801084B2204670BD70B588B098
:107B400002A905A8FEF795FE0446032C3FD101A823
:107B5000FEF704F9059800F023FB0646019900F0B2
:107B600027F9054600F03BFB0590069800F018FB4E
:107B70000646019900F01CF9054600F030FB06901E
:107B8000079800F00DFB0646019900F011F9054633
:107B900000F025FB079005A8FFF77BF96846FEF784
:107BA000FAF8BDF80010029848430290BDF80010A2
:107BB000039848430390BDF800100498484304908C
:107BC00002A8FFF7F9F905A0FDF735F802E00CA0CF
:107BD000FDF731F808B070BD94030020736574742C
:107BE000696E67206269617320737563636573668C
:107BF000756C6C79202E2E2E2E2E2E0A0000000081
:107C00006269617320686173206E6F7420626565BC
:107C10006E206D6F646966696564202E2E2E2E2E8F
:107C20002E0A00002DE9F0410024061B254671F1C3
:107C3000000605DA01240027D0EB070067EB0101FD
:107C4000161E73F1000605DA0027D2EB07020125A4
:107C500067EB030300F062FB86460E4617469C4620
:107C6000AC4204D00025D0EB050E65EB010624B133
:107C70000020D2EB000760EB030C704631463A4619
:107C80006346BDE8F08140EA01039B0703D009E0A9
:107C900008C9121F08C0042AFAD203E011F8013BF8
:107CA00000F8013B521EF9D27047D2B201E000F851
:107CB000012B491EFBD270470022F6E710B5134690
:107CC0000A4604461946FFF7F0FF204610BD421E43
:107CD00012F8013F002BFBD111F8013B02F8013BE8
:107CE000002BF9D1704730B504460020034600E070
:107CF0005B1C934203D2E05CCD5C401BF8D030BDEE
:107D0000F0B480EA0102D40F4200B2EB410F02D27C
:107D10000246084611464A0042D0C30DDDB2C1F307
:107D2000C752AD1A202D35DAC1F3160141F4000215
:107D300004B15242C5F1200602FA06F12A4110446C
:107D4000B3EBD05F23D0C4B1012DA0EBC35009DC4D
:107D5000F0BC4FF0004202EAC352DBB200F5000073
:107D600000F037BB400000F1807000EBC350A0F181
:107D7000807040EAD170490009E0490841EAC071C9
:107D8000A0EBC35000F50000400800EBC350F0BC6E
:107D900000F016BB6142012202EB4101001BF6E735
:107DA000F0BC704781F00041AAE780F00040A7E7EF
:107DB00080EA010210B502F00043400022D04A00E0
:107DC0001FD0010E01EB1261C0F35600C2F3560240
:107DD00040F4000042F40002A0FB022000047F39BE
:107DE000140400D0401C50EA124001D44000491E47
:107DF000C2B20C0604EBD010401C4008802A02D00E
:107E000003E0002010BD20F00100002900DA00206E
:107E1000184310BD30B480EA010202F0004530F092
:107E2000004221F0004013D090B1C30DD40DC2F335
:107E30001601C0F31600E41A41F4000140F40002F8
:107E40007D34914201D3641C00E04900002C02DA29
:107E500030BC002070474FF400000023914201D352
:107E6000891A034340084FEA4101F7D151B19142C9
:107E700002D14FF0004105E002D24FF0010101E0D4
:107E80006FF0010103EBC450284430BC00F098BAF5
:107E90002DE9FE4F804681EA0300C00F0C4600909A
:107EA00021F0004123F00045B8EB0200A94105D2C2
:107EB0004046214690461C460B46024623F00040B1
:107EC000104347D0270DC7F30A00C3F30A510290AD
:107ED000401A019040286BDAC3F3130040F4801B72
:107EE0000098924620B10023D2EB030A63EB0B0B00
:107EF00001985946C0F14002504600F040FA06464B
:107F00000D4650465946019A00F048FA10EB080019
:107F10006141002487EA115284EAE7731A4340D092
:107F2000009A62B3019A012A4FEA075215DC001B3E
:107F300061EB02014FF0004202EA0752CDE9004234
:107F4000001C41F5801132462B4600F07FFA03B049
:107F5000BDE8F08F40462146F9E7001B61EB0201C6
:107F6000001C41F5801300185B412018A2F5001792
:107F700047EB030140EAD570B6196D4111E06D0879
:107F80004FEA360645EAC0754FEA0752001B61EB1F
:107F90000201001C41F5801149084FEA3000001928
:107FA000514132462B4603B0BDE8F04F00F03FBAD6
:107FB0000098012240000023D0EB020263EBE07343
:107FC000009821464FEAE074B8EB000061EB040131
:107FD000E9E783F000435BE781F0004158E72DE9D2
:107FE000FE4F81EA030404F0004421F000410094B4
:107FF0004FF0000B23F0004350EA01045ED052EA38
:1080000003045BD0C3F30A54C1F30A552C44A4F211
:10801000F3340194A0FB0254C1F3130141F4801125
:10802000C3F3130343F4801301FB024400FB034E2C
:10803000840A970A44EA815447EA8357A4FB0768F5
:1080400002958D0A05FB07854FEA932C04FB0C541F
:108050002705029D4FEA065847EA1637B5EB080593
:108060006EEB070C870E920E47EA811742EA8312E5
:10807000A7FB0201B6EB0B0164EB00042B0D43EAF6
:108080000C335E1844EB1C50DA465146E7FB020104
:10809000C5F313044FEA0B3343EA14534FEA043297
:1080A000019C43EA0603A4F10C040294009CCDE970
:1080B00000B400F0CBF903B0BDE8F08F002001461A
:1080C000F9E72DE9F04D81EA030404F0004B21F0BB
:1080D000004514464FF0000A23F0004150EA050223
:1080E00020D054EA01021DD0C5F30A570246C5F359
:1080F0001303C1F31300C1F30A5640F4801543F48F
:108100008013A7EB0608101BD64608F2FD3873EB68
:10811000050002D308F1010801E092185B41B8F1B3
:10812000000F03DA00200146BDE8F08D00204FF477
:108130008011064684460EE0171B73EB050705D336
:10814000121B63EB050306434CEA010C49084FEA96
:10815000300092185B4150EA0107EDD152EA03006A
:1081600012D082EA040083EA0501084305D0101BFF
:10817000AB4106D20122002306E000224FF000436B
:1081800002E06FF0010253101AEB06004CEB0851AD
:1081900010EB0A0041EB0B01BDE8F04D00F047B9D0
:1081A000C10F80EAE0700844CA079623002100F05E
:1081B00010B996230022114600F00BB90EB5C10F7D
:1081C00080EAE0700844CA07002140F233438DE89A
:1081D0000E000A460B4600F039F903B000BD00F06E
:1081E000004220F00040C10DC0F3160040F4000032
:1081F0007F2901DA00207047962903DCC1F196013E
:10820000C84001E096398840002AF4D040427047C7
:1082100020F00040C10DC0F3160040F400007F299B
:1082200001DA00207047962903DCC1F19601C840AD
:10823000704796398840704700F0004230F00040A7
:108240000AD0C10D01F56071C0F3160042EA015178
:10825000C2084007114370470020014670470000E4
:1082600030B5041E71F1000404DB4FF000444042BD
:1082700064EB0101141E73F1000405DB1C464FF092
:108280000043524263EB04038B4208BF824230BD7D
:1082900001F0004330B421F0004150EA010206D061
:1082A0000A0DA2F56072C1F31301002A02DC30BC92
:1082B00000207047440F44EAC104C100E01830BCFC
:1082C00000EBC25000F07CB8002801DBC0F1004098
:1082D000002901DBC1F1004181427047002801DB28
:1082E000C0F10040002901DBC1F100418842704724
:1082F00030B50B46014600202022012409E021FA76
:1083000002F59D4205D303FA02F5491B04FA02F572
:108310002844151EA2F10102F1DC30BD2DE9F05F09
:108320000546002092469B468846064681464024E4
:108330001BE0284641464746224600F02FF95346A7
:108340005A46C01A914110D311461846224600F0F1
:1083500016F82D1A67EB01084F462246012000212E
:1083600000F00DF817EB00094E41201EA4F10104A6
:10837000DFDC484631462A464346BDE8F09F202AC6
:1083800004DB203A00FA02F1002070479140C2F16C
:10839000200320FA03F3194390407047202A06DB9C
:1083A000CB17203A41FA02F043EAE07306E041FAC3
:1083B00002F3D040C2F120029140084319467047B1
:1083C0000029A8BF7047401C490008BF20F00100E9
:1083D000704710B4B0FA80FC00FA0CF050EA0104C7
:1083E00004BF10BC704749B1CCF1200421FA04F459
:1083F00011FA0CF118BF012121430843A3EB0C0132
:10840000CB1D4FEA00614FEA102042BF002010BC94
:10841000704700EBC35010440029A4BF10BC704744
:10842000401C490008BF20F0010010BC704710B587
:10843000141E73F1000408DA401C41F10001921887
:108440005B411A4301D120F0010010BD2DE9F04D30
:1084500092469B4611B1B1FA81F202E0B0FA80F285
:1084600020329046FFF78BFF04460F4640EA0A0091
:1084700041EA0B0153465A46084313D0114653EACA
:10848000010019D0C8F14002504600F087F80546B7
:108490000E46504659464246FFF771FF084305D045
:1084A000012004E020463946BDE8F08D0020054358
:1084B00046EAE0762C4337430A986305E40AA0EBCA
:1084C00008000022FD0A44EA47540A3002D5002081
:1084D0000146E9E7010510196941DDE90845001980
:1084E0006941BDE8F04DA2E770B521F000430343B8
:1084F0000CD0C1F30A550024D5EB040564EB04034A
:10850000D617AD1AB34102DB0020014670BD20181A
:1085100041EB025170BDC1F30A52C1F3130140F2A5
:10852000FF3341F480119A4202DA0020014670477D
:1085300040F233439A42A2F2334202DC524200F04C
:108540002DB8FFF71CBF000030B5041E71F1000408
:1085500004DB4FF00044404264EB0101141E73F150
:10856000000405DB1C464FF00043524263EB04035A
:10857000994208BF904230BD064C074D06E0E068C6
:1085800040F0010394E8070098471034AC42F6D35A
:10859000F7F7B0FD70AC000890AC0008202A04DBAF
:1085A000203A21FA02F00021704721FA02F3D0406C
:1085B000C2F1200291400843194670472DE9F04D61
:1085C00000231A461B1A8A4103DB00200146BDE83E
:1085D000F08DC1F30A52C1F3130141F480154FF03D
:1085E000000BD10702D100186D41521E002704462E
:1085F00040F2FF11384601EB620A3E4680460246D1
:1086000000204FF48011FFF7C9FFC2197141BB1858
:1086100046EB0100B4EB030C75EB000C04D3E41A39
:1086200065EB000517460E46241908F101006D415F
:1086300080463428E3DDF91946EB0600091BA84102
:1086400003D24FF0FF32134601E0002213461BEB2A
:10865000070046EB0A51BDE8F04DFFF7E8BE0EB546
:1086600040F2334102910021CDE900110A460B4648
:10867000FFF7ECFE03B000BD70B5C1F30A5201F084
:1086800000450024C1F3130140F2FF3341F480118F
:108690009A4201DA002070BD40F233439A42A2F2BE
:1086A000334203DC5242FFF779FF00E090402C4355
:1086B000F1D0404270BD70B58C1810F8015B15F018
:1086C000070301D110F8013B2A1106D110F8012B44
:1086D00003E010F8016B01F8016B5B1EF9D12B0769
:1086E00005D40023521E0DD401F8013BFAE710F81F
:1086F000013BCB1A921C03E013F8015B01F8015B0C
:10870000521EF9D5A142D8D3002070BD0FB4054B3D
:1087100010B503A9044A029800F02AFC10BC5DF8C9
:1087200014FB00005F4A0008180200200FB4084B39
:1087300010B504A902AA039800F01AFC044602A985
:10874000002000F0ACFF204610BC5DF814FB0000D8
:108750009F960008490050EAC12018BF04204A0D26
:1087600018BF40F0010040F2FF72B2EB515F08BF4A
:1087700040F00200012808BF052070472DE9F74F9F
:10878000144694B00021C4E902111599079121F013
:108790000045C9498D4206DC1599C4E9000117B0AE
:1087A0000020BDE8F08FC549DFF814A3A9423CDDE5
:1087B0000799C44E0029C44FC44A1599534619DD80
:1087C000FFF707FC554506D0C14AC24BFFF701FC35
:1087D000C4E900010AE04FF0D352BE4BFFF7F9FBAA
:1087E00032463B46FFF7F5FBC4E9000117B0012014
:1087F000BDE8F08FFFF74CFB554506D0B44AB54BAA
:10880000FFF746FBC4E900010AE04FF0D352B14B39
:10881000FFF73EFB32463B46FFF73AFBC4E9000157
:1088200017B04FF0FF30BDE8F08FAB49A942159962
:1088300078DB21F0004183468846A84AA84BFFF721
:10884000CEFB0022A74BFFF723FBFFF715FF099094
:10885000FFF7B4FC06460F469C4A5346FFF7BFFBA2
:1088600043465A46FFF7B8FB80468A46984A994BDA
:1088700030463946FFF7B3FB2A0D01250B924246DD
:108880005346FFF7A9FB032DC4E9000139D00B982B
:10889000C1F30A51401A05EB45111139814230DA12
:1088A0009148C346784400EB0510CDF80CA00C901D
:1088B000D0E9002330463946FFF791FB02460B46CC
:1088C0000491069058460399FFF783FB80468A4639
:1088D00002460B4658460399FFF77BFB049B069A1A
:1088E000FFF777FB83460C9803913946D0E90223C2
:1088F0003046FFF774FB5A46039BFFF76AFB6D1C7B
:10890000BDE707980028A2BF099817B0BDE8F08F0F
:10891000616881F000416160099817B04042BDE88C
:10892000F08FFFE784461598C1F31301C0F30A5096
:10893000A0F2F5304FEA601800F01F06C6F12000E3
:10894000139000200690079041F4801E05206D468C
:1089500076B1664A08EB00017A4452F8213002EB06
:108960008101B3404A68139922FA01F1194305E0E5
:108970005F4908EB0002794451F82210A1FB0E2751
:10898000A1FB0C131A449A4234BF0123002303EBCA
:10899000070A05EB8003D3E901B70F448F4234BFC8
:1089A0000121002193448B4411B1934502D903E086
:1089B000934501D2012100E00021C3E901B75144F0
:1089C00045F82010011EA0F10100C1DC0298059FAE
:1089D00000F10050800F12900298DDE903568000EC
:1089E000FFF7ECFB834628460D91FFF738FE6FF04A
:1089F0001D02FFF779FDCDE90E013046FFF72FFE8E
:108A00006FF03D02FFF770FD80468A463846FFF75B
:108A100026FE6FF05D02FFF767FD074642465346AC
:108A20001191FFF735FADDE90E23FFF731FA5A46C7
:108A30000D9BFFF72DFA00250E465A4628460D9B42
:108A4000FFF7C7FADDE90E23FFF7C3FA42465346A4
:108A5000FFF7BFFA3A46119BFFF7BEFADFF898A07E
:108A6000244A5346FFF7BBFA07468846234A244B5D
:108A700031462846FFF7B3FA3A464346FFF708FA6D
:108A8000074688464FF0A842534631462846FFF72E
:108A9000A6FA3A464346FFF7FBF9159A12F0004F43
:108AA00004D0129A81F0004152421292C4E90001AE
:108AB000129817B0BDE8F08FFB21E93F7CD9024046
:108AC000FB21F93F7370032E8A19A33B0000405429
:108AD0003163621A61B4D03DFB21394183C8C96D4D
:108AE000305FE43F0000E03F8822000004220000E5
:108AF000E6210000182D4454FB21F93D3326A61130
:108B0000460B113C2DE9FF4D21F0004807460C466D
:108B1000B8F1795F08DAFFF7AFFD002801BF002048
:108B2000324904B0BDE8F08D3A4623461046194656
:108B3000FFF755FA054602462D480E460B4606211C
:108B4000784400F05DF82A463346FFF748FADDE93D
:108B5000022382468B4638462146FFF740FA0446F8
:108B60000F4652465B4628463146FFF738FA224602
:108B70003B46FFF72EFA07468A464FF0FF3228465B
:108B80003146FFF7B1FC1B4A90450ADA3A46534694
:108B9000FFF71FFA04B00022BDE8F04D134BFFF7BA
:108BA0001BBA154A4245A8BFA8F500154FF00004AE
:108BB000B8BF124D22462B46FFF70BFA06468846F1
:108BC00022462B4600200949FFF703FA04460D46CA
:108BD0003A46534630464146FFF7FBF904B0224679
:108BE0002B46BDE8F04DFFF7F7B900000000F03F5D
:108BF000B41F00003333D33F0000E93F0000D23FF1
:108C00002DE9F0414F1E00EBC7010446D1E90001F8
:108C100015461E4637F006020DD02A463346FFF7AA
:108C2000DEF97F1E04EBC703D3E90023FFF730F919
:108C300037F00602F1D1022F25D0042F13D0062FD2
:108C400018BFBDE8F0812A463346FFF7C8F9D4E9DA
:108C50000A23FFF71DF92A463346FFF7C0F9D4E986
:108C60000823FFF715F92A463346FFF7B8F9D4E988
:108C70000623FFF70DF92A463346FFF7B0F9D4E98A
:108C80000423FFF705F92A463346FFF7A8F9D4E98C
:108C90000223FFF7FDF82A463346FFF7A0F9D4E98F
:108CA0000023BDE8F041FFF7F3B800002DE9FF4DC8
:108CB000054621F0004084B00C46B0F1795F0BDA34
:108CC0002846FFF747FD042808BF00F071F8284642
:108CD00008B02146BDE8F08D2A460B461046FFF746
:108CE0007EF906460F462A462346FFF778F9804666
:108CF00026488A4632463B4605217844FFF780FFE6
:108D000083461098029160B3214A224B4046514657
:108D1000FFF765F9CDE900015A4640465146029BEE
:108D2000FFF75DF982468846DDE906014FF0FF3224
:108D3000FFF7DAFB52464346FFF74BF932463B4614
:108D4000FFF74DF9DDE90623FFF743F9DDE90023DD
:108D5000FFF73FF908B02A462346BDE8F04DFFF77C
:108D60003BB90B465A4630463946FFF738F9084AB0
:108D7000084BFFF78DF842465346FFF730F908B02D
:108D80002A462346BDE8F04DFFF782B8FA1E0000E0
:108D9000495555555555C5BF0122FFF7A5BBFFF7EE
:108DA00077B80022134610461146FFF78AB9000033
:108DB000024A00201107FFF797BB000001FDFFFFEB
:108DC00002E008C8121F08C1002AFAD17047704794
:108DD000002001E001C1121F002AFBD170470000F2
:108DE00001490860704700001C0200202DE9FF5F68
:108DF00082B00021DDE90430020DDDF840B003430C
:108E000018D044F61050A2F2FF32424315141198C4
:108E100001281FD0A5EB0B00401C5FEA000A4FF0B1
:108E200000064E4FDFF83891B046504615D5CAF1CE
:108E3000000413E0119801244AA3012801D16FEA2C
:108E40000B010298119AC0E90031C0E9024206B054
:108E5000BDE8F09FCBF10000DFE704460021404A67
:108E6000491842EB0450CDE9001012E0E00707D0AA
:108E700032463B4640464946FFF7B1F880468946B0
:108E800032463B4610461946FFF7A9F806460F46FC
:108E90006410002CEAD1DDE90401DDE90023BAF118
:108EA000000F06DAFFF79BF842464B46FFF797F8AC
:108EB00005E0FFF706F942464B46FFF702F9044684
:108EC0000E460022284BFFF73FFB03D84FF0FF3040
:108ED000014607E00022254B20463146FEF7D8FF29
:108EE000FFF719FB102409E0002C0ADB0A220023FB
:108EF000FFF714FA039B30321A55641E50EA010240
:108F0000F2D1641C039AC4F111031444119A012A8A
:108F100003D0012208430DD10AE0084304D0002009
:108F20004FF0110B119072E7A3EB0B056D1E0DE0D6
:108F30005B4504DD4FF0000205F1010504E003DAB2
:108F40004FF00002A5F10105002AECD0029811991A
:108F5000C0E90231C0E9004579E700000000144093
:108F60000000F03F300000000000F0430000E03F50
:108F70002DE9FF4F95B09B468946064600250FE236
:108F8000252877D100242746F84A0121059400E0DE
:108F9000044316F8013F203B01FA03F01042F7D1D9
:108FA00030782A2811D06FF02F033078A0F13002EA
:108FB000092A16D8059A44F0020402EB820203EB58
:108FC00042021044761C0590EFE759F8042B0592F5
:108FD000002A03DA504244F40054059044F002049D
:108FE000761C30782E2816D116F8010F44F00404B0
:108FF0002A280DD06FF02F023078A0F13003092B12
:1090000009D807EB870302EB4303C718761CF3E785
:1090100059F8047B761C30786C280FD006DC4C287D
:1090200017D068280DD06A2814D104E0742810D015
:109030007A280FD10DE044F400140AE044F48014BF
:1090400001E044F440147278824202D104F58014A5
:10905000761C761C307866280BD013DC582877D025
:1090600009DC002875D04528F6D04628F4D04728DA
:109070001AD19DE118E0632835D0642879D065289D
:1090800012D195E1702873D008DC6728F1D06928E7
:109090006FD06E280DD06F2806D1B5E073282CD084
:1090A000752875D0782874D05A46179990476D1C4A
:1090B00075E1C4F30250022809D003280DD0D9F875
:1090C000001004280DD00D6009F1040967E1D9F8FA
:1090D0000010EA17C1E90052F6E7D9F800100D8038
:1090E000F2E70D70F0E719F8041B8DF8001000206E
:1090F0008DF80100EA46012003E059F804AB4FF077
:10910000FF3061074FF0000102D40DE008F10101CA
:109110008846B9420FDA8045F8DB1AF808100029B2
:10912000F4D108E008F1010188468142FADB1AF81F
:1091300008100029F6D105985B46A0EB08072146E8
:109140003846179A00F094FA284400EB080507E027
:109150004DE029E10DE01AF8010B5A4617999047A6
:10916000B8F10108F7D25B4621463846179A13E159
:1091700042E00A220092C4F302524FF0000A022A8F
:1091800008D059F804CB032A4FEAEC710AD00DE05D
:1091900029E02AE009F1070121F00702F2E802C103
:1091A000914609E00FFA8CFC4FEAEC71042A03D1D6
:1091B0004FFA8CFC4FEAEC71002907DA0A460021CD
:1091C000DCF1000C61EB02012D2202E0220504D546
:1091D0002B228DF80420012203E0E20701D0202297
:1091E000F7E7904659E00A2102E010220DE0102135
:1091F0004FF0000A00910BE010224FF0000A44F0FB
:1092000004040827009203E008224FF0000A0092AD
:10921000C4F30252022A05D059F804CB0021032AD4
:1092200008D009E009F1070121F00702F2E802C1C4
:10923000914605E01FFA8CFC042A01D10CF0FF0CCA
:109240004FF00008220728D5702806D0009B83F035
:10925000100353EA0A0305D00EE040228DF80420E3
:10926000012208E05CEA010206D030228DF80420D9
:109270008DF8050002229046009B83F0080353EA14
:109280000A030AD15CEA010201D1620705D5302246
:109290008DF804204FF001087F1E582804D034A018
:1092A00003900EA802900DE036A0F9E75346604601
:1092B000009AFFF733F884460398825C0298401EB8
:1092C000029002705CEA0100F0D1029806A9081A27
:1092D00000F1200A600702D524F4803400E0012761
:1092E000574502DDA7EB0A0000E0002000EB0A0171
:1092F000009005984144401A0590E00306D45B466F
:109300002146179A059800F0B3F90544002706E0B6
:1093100001A85A46C05D179990476D1C7F1C4745B0
:10932000F6DBE0030CD55B462146179A059800F062
:109330009FF9054404E030205A46179990476D1C68
:109340000099481E00900029F5DC08E00298029977
:109350005A460078491C0291179990476D1CBAF142
:109360000001AAF1010AF1DC65E100000928010011
:10937000303132333435363738396162636465668B
:10938000000000003031323334353637383941424D
:10939000434445460000000000F058F90544761C9F
:1093A000307800287FF4ECAD19B02846BDE8F08F86
:1093B000620700D4062709F1070222F0070CFCE837
:1093C0000223E14603F000485FEA080C02D00FF2E6
:1093D000702C0DE05FEA045C02D50FF2682C07E008
:1093E0005FEAC47C02D00FF2602C01E0AFF2700C97
:1093F0004FF0FF3823F00043CDF850C065280CD063
:1094000006DC452809D046281DD047283DD13DE03F
:10941000662818D067287ED138E00021112F01DBA3
:10942000112000E0781CCDE9000106A90EA8FFF785
:10943000DDFCDDE90F010E9A03910021009207F196
:10944000010A04914DE04FF000400097CDE9011072
:1094500006A90EA8FFF7CAFCDDE90F0203920E9BD6
:1094600011990022DDF80CA00093049211B9791C27
:1094700000EB010AB7EB0A0004D4C0F1FF3007F19A
:10948000010A0490AAEB0700019044E0012F00DAE2
:1094900001270021112F01DD112000E03846CDE920
:1094A000000106A90EA8FFF7A1FCDDE90F010E9A45
:1094B0000391002104910092BA4621070CD403992C
:1094C000514500DA8A46BAF1010F05DD009AAAF18A
:1094D0000101515C302908D0B84202DA10F1040FC2
:1094E00006DA0121CDE9011015E0AAF10101E9E751
:1094F000002805DC049901440491AAEB000102E074
:10950000411C514500DD8A460499401A401C0190D7
:109510004FF000400290200704D40198504501DB31
:10952000CDF8048000208DF84F0002980DF14F0710
:10953000B0F1004F25D02B200E9002984FF002087A
:1095400000280CDA404202902D200E9007E00A21FC
:109550000298FEF7CDFE3031029007F8011DB8F1F8
:109560000001A8F10108F2DC02980028EFD1791E71
:109570000E980870307800F0200040F0450007F8A1
:10958000020D12A8C01B00F107081498007800B162
:10959000012000EB0A01019801EBE07105984144BC
:1095A000401A401E0590E00306D45B462146179AF8
:1095B000059800F05DF805441498007818B15A46F3
:1095C000179990476D1CE00324D55B462146179AF6
:1095D000059800F04DF805441CE00498002807DBCE
:1095E000DDE90301884203DD0098405C179901E042
:1095F000179930205A469047049805F10105401C00
:1096000004900198401E019004D12E205A461799CB
:1096100090476D1CBAF10001AAF1010ADDDC05E0FA
:1096200017F8010B5A46179990476D1CB8F10001C5
:10963000A8F10108F4DC5B462146179A0598ABE6D1
:109640002D0000002B000000200000002DE9F0415B
:10965000044600251E461746880404D405E0394612
:109660002020B0476D1C641EF9D52846BDE8F08166
:109670002DE9F041044600251E469046C80301D559
:10968000302700E02027880404D505E0414638460D
:10969000B0476D1C641EF9D52846BDE8F0810A6804
:1096A000531C0B60107070472DE9F04D8D4F21F069
:1096B000004A86B005460C46BA452ADBAAEB0700ED
:1096C00028430AD08848824501DC1AD1CDB106B0C2
:1096D0002846BDE8F04DFFF75FBB844A844B28461F
:1096E000FEF77DFC07460E46824A834B28462146FC
:1096F000FEF775FC06B03A463346BDE8F04DFEF77E
:10970000C7BB0120FFF76CFB06B0BDE8F04DFFF7CB
:1097100048BB7A48824542DABAF1795F0BDA2846CB
:10972000FFF718F8042808BFFFF742FB284606B0E9
:109730002146BDE8F08D2A460B461046FEF74FFC49
:10974000834602466E480E460B4606217844FFF7D4
:1097500057FA5A463346FEF742FC804669488A4625
:109760005A46334604217844FFF74AFA5A463346AC
:10977000FEF735FC00223B46FEF78AFB02460B460D
:1097800040465146FEF79DFC2A462346FEF727FC3D
:1097900006B02A462346BDE8F04DFEF779BB2846C1
:1097A00024F0004100223D463B46FEF715FC4FF0F9
:1097B000FF32FEF799FE0646024653480F460B4617
:1097C00006217844FFF71CFA32463B46FEF707FCB9
:1097D000CDE900014D4832463B4604217844FFF76D
:1097E0000FFA32463B46FEF7FAFB00222B46FEF705
:1097F0004FFB834602913046394600F0ADFA804671
:1098000043480D46504517DCDDE900015A46029BEE
:10981000FEF757FC42462B46FEF7E1FB42462B463D
:10982000FEF736FB0122FEF75FFE304A304BFEF7B3
:10983000D0FB304A304B4CE04FF0000A52460B460A
:109840004046FEF725FBCDE9031052462B46104655
:109850001946FEF7C4FB32463B46FEF7BDFBDDE989
:109860000332FEF72EFC06460F46DDE900015A469C
:10987000029BFEF726FC83460091012230463946C2
:10988000FEF732FE194A1A4BFEF7A6FB06460F46B4
:10989000012240462946FEF727FE5A46009BFEF766
:1098A0009EFB32463B46FEF794FB06460F460122DE
:1098B00050462946FEF718FE0E4DDFF858802A461E
:1098C0004346FEF789FB32463B46FEF785FB2A46B8
:1098D0004346FEF781FB002CD8BF81F0004106B063
:1098E000BDE8F08D0000F03F0000F07F075C14330E
:1098F00026A6913C182D4454FB21F93F0000E03F7F
:10990000C0120000D61200004A12000060120000CF
:109910003333EF3FFB21E93F2DE9F84F04460D4675
:1099200021F0004000917349814211DC7249884264
:1099300001DC06D12CB120462946BDE8F84FFFF7DF
:109940002BBA6E48002DCCBF6D496E49BDE8F88F2B
:109950006D49814211DD6D498142D8BF4FF0FF361C
:109960006DDD20462946FEF7F5FE042808BFFFF707
:109970001FFA20462946BDE8F88F6549654F25F056
:109980000045814233DD6449814219DD00263246BB
:109990004FF0804320462946FEF77AFA80468A46F1
:1099A000012220462946FEF79FFD00223B46FEF796
:1099B00010FB42465346FEF784FB04460D463EE04C
:1099C00001260022BA463B4620462946FEF760FAA9
:1099D00080460F460022534620462946FEF7F9FAF4
:1099E00042463B46FEF76DFB04460D4627E04B49D9
:1099F00081421BDDDFF828A10226002253462046C3
:109A00002946FEF7ECFA00223B46FEF741FA804673
:109A10000F460022534620462946FEF7DAFA424610
:109A20003B46FEF74EFB04460D4608E00326224661
:109A30002B4600203B49FEF744FB04460D462246D8
:109A40002B4610461946FEF7CAFA8B468246024656
:109A50000B46FEF7C4FA07460246334888460B46D3
:109A600006217844FFF7CCF852465B46FEF7B7FA7A
:109A700082462E488B463A46434605217844FFF7F6
:109A8000BFF83A464346FEF7AAFA02460B46002EB6
:109A9000504659460CDAFEF7FBF922462B46FEF7F4
:109AA0009EFA01B022462B46BDE8F04FFEF794BA6D
:109AB000FEF7EEF922462B46FEF791FA1C4A7A444D
:109AC00002EBC603D3E90023FEF783FA22462B46B6
:109AD000FEF77FFA174A7A4402EBC603D3E9002364
:109AE000FEF77AFA009A002AB8BF81F00041BDE87B
:109AF000F88F0000000010440000F07F182D44543F
:109B0000FB21F93FFB21F9BF0000DC3F0000203EB4
:109B10000000F33F0000F03F0000E63F00800340FC
:109B20000000F83F0000F0BF6210000020100000AD
:109B3000BE0F0000860F00002DE9F04D9446CCF1D9
:109B4000000423F000464CEA0404524F46EAD47461
:109B50009A46884621F00042BC4206D8454240EA77
:109B6000050442EAD474BC4204D9BDE8F04D624613
:109B7000FFF715B9AAF14055A5F17F6555EA0C0428
:109B80000BD0022404EAAA74434DDFF810E144EA42
:109B9000D87452EA000B04D00CE0BDE8F04DFFF79A
:109BA000BBBE002C14BF012CBDE8F08D022C30D0C0
:109BB000032C32D056EA0C0B0AD0BE4220D1BA4256
:109BC00009D126F0804622F080423346114617E044
:109BD00000291ADB25E0DFF8C8B0FB44002C04BFE5
:109BE000DBE90001BDE8F08D012C02BFDBE90001DB
:109BF00081F00041BDE8F08D022C0AD0032C0CD07E
:109C0000BA4212D1B8F1000F0BDA23482549BDE85A
:109C1000F08D28462449BDE8F08D28467146BDE800
:109C2000F08D1D482149BDE8F08D921B12153C2A8C
:109C3000C4BF19481D490EDCBAF1000FBEBF12F1B6
:109C40003C0F0020014606DB6246FEF73AFA21F09F
:109C50000041FFF761FE002C08BFBDE8F08D012C2C
:109C600004BF81F00041BDE8F08D114A114B022C78
:109C700007D0FEF7AEF92A46BDE8F04D0A4BFEF7D5
:109C8000A8B9FEF7A6F92A46BDE8F04D064BFEF747
:109C9000A3B900000000F07F182D4454FB2109C037
:109CA0004A0F0000FB21F9BFFB210940FB21F93FCE
:109CB000075C143326A6A13C00B5254B21F00042D9
:109CC00087B09A4203DC0022134600922BE0214B1E
:109CD0009A4208D140B94FF00100FFF781F8FFF731
:109CE00060F807B000BD03DBFFF756F807B000BD12
:109CF00002AAFEF743FD10F003014FF001000DD062
:109D0000012914D002291AD00DF1080C9CE80F008B
:109D1000FEF7F8FE07B081F0004100BD0DF1080C20
:109D200000909CE80F00FEF7C1FF07B000BD0DF1E9
:109D3000080C9CE80F00FEF7E5FE07B000BD0DF132
:109D4000080C00909CE80F00FEF7B0FFE2E700006F
:109D5000FB21E93F0000F07F2DE9F04106460F4668
:109D6000FEF72CFC041E0D4618BF0120284320F0EE
:109D70000040C0F17F6000F1E040C00F0ED0301C09
:109D800018BF0120384320F00040C0F17F6000F18F
:109D9000E040C00F04BF0120FFF722F8204629460B
:109DA000BDE8F081000000000000000000406540B8
:109DB000B81E85EB51B8CE3F0000000000001240F5
:109DC000B81E85EB51B8BE3F680000047600540110
:109DD000F7FD000175191A0C6A231B1C1F207274F1
:109DE000433B4138393A6B6C376F06246D6E700017
:109DF0008300000000080000000100183200050088
:109E0000000020410000D242295C0F3E9A99993E01
:109E10003333733F295C0F3E0000700000000024C4
:109E2000000000020003000000650054FFEF000086
:109E3000FA80000B12820001030C30C30E8C8CE9F7
:109E400014D5400213710F8E3883F8833000F883E5
:109E5000258EF8833000F883FFFFFFFF0FFEA9D6A1
:109E6000240004001A8279A10000003CFFFF0000DA
:109E70000010000038836FA2003E03304000000055
:109E800002CAE3093E80000020000000000000003C
:109E90004000000060000000000C0000000C186E84
:109EA000000006920A16C0DFFFFF0256FD8CD37732
:109EB000FFE1C496E0C5BEAA00000000FFFF0B2B27
:109EC00000001657000003594000000000001DFA72
:109ED00000026C1D000000003FFFDFEB003EB3B648
:109EE000000D227800002F3C00000000001942B550
:109EF000000039A20000B365D90E9FC91DCF4C34B4
:109F000030000000500000003BB67AE8006400001A
:109F100000C8000000000000100000001000FA92CD
:109F20001000225E000D229F0001000000320000A0
:109F3000FF46000063D400001000000004D60000BB
:109F400004CC000004CC00000000107200000040AF
:109F500000000000000000000006000200050007ED
:109F60000000000000640000000000000000000588
:109F70000005006400200000000000000000000058
:109F8000000040000000030000000032F8980000CC
:109F9000FF650000830F0000FF9BFC000000000035
:109FA00000000000000000000000000000000000B1
:109FB00000000000000000000000000000000000A1
:109FC000000000000000100040000000000000063B
:109FD0000000B26A000200000001FB83006800007C
:109FE00000D9FC007CF1FF83000000000065000048
:109FF000006403E800640028000000250000000061
:10A0000016A000000000100000001000002F00004B
:10A01000000001F40000100000280000FFFF45814F
:10A02000FFFFFA720000000000000000004400057D
:10A030000005BAC6004778A2000000010000000039
:10A0400000000600000000140000254D002F706D78
:10A05000000005AE000C02D000000000000000006F
:10A060000000000000000000001B000000000000D5
:10A070000000000000000000006400000008000074
:10A0800000000000000000000000000000000000D0
:10A0900000000000000000000000000000000000C0
:10A0A00000000000000000000000000000000000B0
:10A0B00000000000000000000000000000000000A0
:10A0C0000000000000000000000000000000000090
:10A0D0000000000000000000001B00000000000065
:10A0E00000000000000E000E00000AC7000400007F
:10A0F00000000032FFFFFF9C00000B2B000000025D
:10A100000000000100000064FFE500000000000006
:10A11000000000000000000000000001000000003E
:10A12000000100000000000000018000000180002C
:10A1300000018000002426D3000000000000000081
:10A14000000600100096003C000000000000000027
:10A1500000000000000000000C0A4E68CDCF770917
:10A1600050166759C619CE8200000000000000009A
:10A1700000000000000000000000000000000000DF
:10A1800017D784000300000000000000000000005A
:10A19000C7938F9D1E1B1C190000000000000000CB
:10A1A00000000000000000000000000000000000AF
:10A1B00002031885000040000000000300000003B7
:10A1C000000000000000000040000000000000004F
:10A1D000000000000000000000000000000000007F
:10A1E000000000000000000000000000000000006F
:10A1F000000000000000000000000000677DDF7E1E
:10A2000072902E554CF6E688000000000000000019
:10A210000000000000000000D8DCB4B8B0D8B9AB32
:10A22000F3F8FAB3B7BB8E9EAEF132F51BF1B4B8BA
:10A23000B08097F1A9DFDFDFAADFDFDFF2AAC5CDAB
:10A24000C7A90CC92C97F1A989264666B28999A994
:10A250002D557DB0B08AA896365676F1BAA3B4B221
:10A2600080C0B8A89711B28398BAA3F0240844100C
:10A270006418B2B9B49883F1A329557DBAB5B1A3D6
:10A280008393F0002850F5B2B6AA839328547CF14A
:10A29000B9A3829361BAA2DADEDFDB819AB9AEF5A7
:10A2A000606870F1DABAA2DFD9BAA2FAB9A38292D1
:10A2B000DB31BAA2D9BAA2F8DF85A4D0C1BBAD8385
:10A2C000C2C5C7B8A2DFDFDFBAA0DFDFDFD8D8F1B1
:10A2D000B8AAB38DB4980D355DB2B6BAAF8C9619E5
:10A2E0008F9FA70E161EB49AB8AA872C547CBAA4C6
:10A2F000B08AB691325676B28494A4C808CDD8B844
:10A30000B4B0F19982A82D557D98A80E161EA22CE6
:10A31000547C92A4F02C5078F184A898C4CDFCD839
:10A320000DDBA8FC2DF3D9BAA6F8DABAA6DED8BAA6
:10A33000B2B68696A6D0F3C841DAA6C8F8D8B0B4AB
:10A34000B882A892F52C548898F135D9F418D8F130
:10A35000A2D0F8F9A884D9C7DFF8F883C5DADF6995
:10A36000DF83C1D8F40114F1A8824EA884F311D17F
:10A3700082F5D992289788F109F41C1CD884A8F397
:10A38000C0F9D1D99782F129F40DD8F3F9F9D1D9CF
:10A3900082F4C203D8DEDF1AD8F1A2FAF9A88498B1
:10A3A000D9C7DFF8F8F883C7DADF69DFF883C3D8E5
:10A3B000F40114F198A8822EA884F311D182F5D962
:10A3C00092509788F109F41CD884A8F3C0F8F9D109
:10A3D000D99782F149F40DD8F3F9F9D1D982F4C4AF
:10A3E00003D8DEDFD8F1AD8898CCA809F9D98292DC
:10A3F000A8F57CF1883ACF944A6E98DB6931DAADE2
:10A40000F2DEF9D88795A8F221D1DAA5F9F417D9A7
:10A41000F1AE8ED0C0C3AE82C684C3A88595C8A550
:10A4200088F2C0F1F4010EF18E9EA8C63E56F55496
:10A43000F18872F40115F19845856EF58E9E0488B9
:10A44000F142985A8E9E068869F4011CF1981E11FB
:10A4500008D0F504F11E970202983625DBF9D9855C
:10A46000A5F3C1DA85A5F3DFD88595A8F309DAA5A8
:10A47000FAD88292A8F578F1881A849F26889821C4
:10A48000DAF41DF3D8879F39D1AFD9DFDFFBF9F4B8
:10A490000CF3D8FAD0F8DAF9F9D0DFD9F9D8F40BFF
:10A4A000D8F3879F39D1AFD9DFDFF41DF3D8FAFC99
:10A4B000A869F9F9AFD0DADEFAD9F88F9FA8F1CC04
:10A4C000F398DB45D9AFDFD0F8D8F18F9FA8CAF356
:10A4D0008809DAAF8FCBF8D8F2AD978D0CD9A5DF0C
:10A4E000F9BAA6F3FAF412F2D8950DD1D9BAA6F3B7
:10A4F000FADAA5F2C1BAA6F3DFD8F1BAB2B68696F7
:10A50000A6D0CAF349DAA6CBF8D8B0B4B8D8AD848F
:10A51000F2C0DFF18FCBC3A8B2B68696C8C1CBC359
:10A52000F3B0B48898A821DB718D9D71859521D9F0
:10A53000ADF2FAD88597A828D9F408D8F28D29DA8F
:10A54000F405D9F285A4C2F2D8A88D9401D1D9F42A
:10A5500011F2D88721D8F40AD8F28498A8C801D17A
:10A56000D9F411D8F3A4C8BBAFD0F2DEF8F8F8F8EC
:10A57000F8F8F8F8D8F1B8F6B5B9B08A95A3DE3C8A
:10A58000A3D9F8D85CA3D9F8D87CA3D9F8D8F8F91E
:10A59000D1A5D9DFDAFAD8B18530F7D9DED8F830CD
:10A5A000ADDADED8F2B48C99A32D557DA083DFDF20
:10A5B000DFB591A0F629D9FBD8A0FC29D9FAD8A0FB
:10A5C000D051D9F8D8FC51D9F9D879D9FBD8A0D035
:10A5D000FC79D9FAD8A1F9F9F9F9F9A0DADFDFDFC6
:10A5E000D8A1F8F8F8F8F8ACDEF8ADDE8393AC2C1F
:10A5F000547CF1A8DFDFDFF69D2CDAA0DFD9FADB8F
:10A600002DF8D8A850DAA0D0DED9D0F8F8F8DB556C
:10A61000F8D8A878DAA0D0DFD9D0FAF8F8F8F8DBC3
:10A620007DF8D89CA88CF530DB38D9D0DEDFA0D0FF
:10A63000DEDFD8A848DB58D9DFD0DEA0DFD0DED8F7
:10A64000A868DB70D9DFDFA0DFDFD8F1A888902C05
:10A65000547C98A8D05C38D1DAF2AE8CDFF9D8B04F
:10A6600087A8C1C1B188A8C6F9F9DA36D8A8F9DA3D
:10A6700036D8A8F9DA36D8A8F9DA36D8A8F9DA3609
:10A68000D8F78D9DADF818DAF2AEDFD8F7ADFA3015
:10A69000D9A4DEF9D8F2AEDEFAF983A7D9C3C5C7CB
:10A6A000F1889BA77AADF7DEDFA4F8849408A7971A
:10A6B000F300AEF29819A488C6A39488F632DFF2AC
:10A6C0008393DB09D9F2AADFD8D8AEF8F9D1DAF34F
:10A6D000A4DEA7F1889B7AD8F38494AE19F9DAAA9C
:10A6E000F1DFD8A881C0C3C5C7A39283F628ADDE29
:10A6F000D9F8D8A350ADD9F8D8A378ADD9F8D8F8FF
:10A70000F9D1A1DADEC3C5C7D8A18194F818F2B097
:10A7100089ACC3C5C7F1D8B8B4B09786A8319B0639
:10A720009907AB9728889BF00C201440B0B4B8F080
:10A73000A88A9A285078B79BA8295179247059443F
:10A740006938644831F1BBAB88002C547CF0B38B82
:10A75000B8A804285078F1B088B49726A85998BBB7
:10A76000ABB38B02264666B0B8F08A9CA829517913
:10A770008B2951798A2470598B2058718A44693801
:10A780008B3940688A6448318B30496088F1AC006D
:10A790002C547CF08CA804285078F1889726A8596E
:10A7A00098AC8C02264666F0899CA82951792470C1
:10A7B00059446938644831A98809205970AB113867
:10A7C0004069A8193148608CA83C415C207C00F1AC
:10A7D00087981986A86E767EA999882D557DD8B15F
:10A7E000B5B9A3DFDFDFAED0DFAAD0DEF2ABF8F978
:10A7F000D9B087C4AAF1DFDFBBAFDFDFB9D8B1F1D1
:10A80000A3978E60DFB084F2C8F8F9D9DED89385BB
:10A81000F14AB183A308B5839A0810B79F10D8F105
:10A82000B0BAAEB08AC2B2B68E9EF1FBD9F41DD8D2
:10A83000F9D90CF1D8F8F8AD61D9AEFBD8F40CF128
:10A84000D8F8F8AD19D9AEFBDFD8F416F1D8F8ADC9
:10A850008D61D9F4F4ACF59C9C8DDF2BBAB6AEFAC1
:10A86000F8F40BD8F1AED0F8AD51DAAEFAF8F1D871
:10A87000B9B1B6A3839C08B9B1839AB5AAC0FD301B
:10A8800083B79F10B58B93F20202D1ABDADED8F119
:10A89000B080BAABC0C3B284C1C3D8B1B9F38BA383
:10A8A00091B609B4D9ABDEB0879CB9A3DDF1B38B07
:10A8B0008B8B8B8BB087A3A3A3A3B28BB69BF2A386
:10A8C000A3A3A3A3A3A3A3A3A3F1B087B59AA3F3C0
:10A8D0009BA3A3DCBAACDFB9A3A3A3A3A3A3A3A3A5
:10A8E000A3A3A3A3A3A3A3A3D8D8D8BBB3B7F1AA08
:10A8F000F9DAFFD9809AAA28B48098A720B7978759
:10A90000A86688F07951F1902C870CA78197629303
:10A91000F071716085940129517990A5F1284C6CF2
:10A92000870C95188578A38390284C6C886CD8F395
:10A93000A28200F210A8921980A2F2D926D8F1883A
:10A94000A84DD948D896A83980D93CD89580A8393F
:10A95000A68698D92CDA87A72CD8A8899519A9801A
:10A96000D938D8A88939A980DA3CD8A82EA8399036
:10A97000D90CD8A8953198D90CD8A809D9FFD801F5
:10A98000DAFFD89539A9DA26FFD890A80D8999A8B9
:10A9900010809821DA2ED88999A83180DA2ED8A88B
:10A9A00086963180DA2ED8A8873180DA2ED8A88210
:10A9B00092F34180F1D92ED8A882F31980F1D92ED3
:10A9C000D882ACF3C0A28022F1A62EA72EA922988D
:10A9D000A829DAACDEFFD8A2F22AF1A92E8292A829
:10A9E000F23180A696F1D900AC8C9C0C30ACDED054
:10A9F000DEFFD88C9CACD010ACDE8092A2F24C82F0
:10AA0000A8F1CAF235F19688A6D900D8F1FF000066
:10AA1000555555555555C53F7D6FEB0312D6D4BFDF
:10AA20005544880E55C1C93F3B8F68B52882A4BFE5
:10AA300088B20175E0EF493F09F7FD0DE13D023FA6
:10AA40004B2D8A1C273A03C0C88A599CE52A00402E
:10AA500059018D1B6C06E6BF82922EB1C5B8B33F7B
:10AA60004FBB610567ACDD3F182D4454FB21E93F26
:10AA70009BF681D20B73EF3F182D4454FB21F93F15
:10AA8000E2652F227F2B7A3C075C143326A6813C9B
:10AA9000BDCBF07A8807703C075C143326A6913C46
:10AAA000C4EB98999999C9BF711623FEC671BCBFB2
:10AAB0006D9A74AFF2B0B3BF9AFDDE522DDEADBF1A
:10AAC0002F6C6A2C44B4A2BF0D5555555555D53F32
:10AAD000FF8300922449C23F6E204CC5CD45B73F4D
:10AAE000513DD0A0660DB13FEB0D76244B7BA93FC5
:10AAF00011DA22E33AAD903F4C5555555555A53FD7
:10AB00007751C1166CC156BF9015CB19A001FA3E02
:10AB1000AD529C804F7E92BEC4B1B4BD9EEE213E2C
:10AB2000D43888BEE9FAA8BD00000000000000008B
:10AB300000004054FB21F93F3163621A61B4D03DFB
:10AB40000000601A61B4D03D7370032E8A19A33BD4
:10AB50000000002E8A19A33BC14920259A837B3926
:10AB600000000000000000006E83F9A22915444E89
:10AB7000D15727FCC0DD34F5999562DB4190433C09
:10AB8000AB6351FE61C5BBDE3A6E24B7E0D24D42E5
:10AB9000EA2E49061C92D1091CEB1DFE3EA729B1E5
:10ABA000F53582E88444BB2E26709CE9417E5FB473
:10ABB00039D69139F43953838B5F849C3B28F9BD96
:10ABC000FF97F81F0F9805DE8B112FEF1F6D0A5AA4
:10ABD000CF7E366DB709CB27663F464F2DEA5F9E85
:10ABE000C7BA27757BF1E5EBF739073DEA92528A40
:10ABF000B15FFB6B085D8D1FA6F810111111813F2D
:10AC0000D561C119A0012ABF7DFEB157E31DC73E22
:10AC1000EB9C2B8AE6E55ABE7CD5CF5A3AD9E53D66
:10AC20002050726F647563742049442072656164BA
:10AC3000206173203020696E6469636174657320DC
:10AC400064657669636520697320656974686572F7
:10AC500020696E636F6D70617469626C65206F72DC
:10AC600020616E204D5055333035302E0A000000E3
:10AC700090AC00080000002020020000B68600080A
:10AC800018AD00082002002088050000D08D0008C3
:10AC9000412D0102030404100906070809020406F5
:10ACA0000884A24A04691832FF2904520103428031
:10ACB0003F234843280FC8429A99993FDA0FC93F6A
:10ACC0009A99193E10A11AB40C2904E14D3333B3FB
:10ACD0003E8421CB8403100116032E40411E1643EF
:10ACE000295C8F8C076490408FC2F53D0316881352
:10ACF0001A20E030096F12833AA69B443B0E1C3F9A
:10AD00000AD7A33BECC1EB803F0C13D49D1B08C8B2
:08AD10000401209AF024000068
:04000005080000ED02
:00000001FF
