:020000040800F2
:1000000040070020B1430008813100088331000817
:10001000873100088B3100088F3100080000000094
:100020000000000000000000000000009331000804
:100030009531000800000000973100089931000850
:10004000CB430008CB430008CB430008CB43000858
:10005000CB430008CB430008CB4300086B420008A9
:10006000CB430008CB430008CB430008CB43000838
:10007000CB430008CB430008CB430008CB43000828
:10008000CB430008CB430008CB430008CB43000818
:10009000CB430008CB430008CB430008CB43000808
:1000A000CB430008CD410008CB430008CB430008F8
:1000B000CB4300082D2800083D280008CB4300084A
:1000C000CB430008CB430008CB430008CB430008D8
:1000D000CB430008CB430008CB430008CB430008C8
:1000E000CB430008CB430008CB430008DFF80CD01B
:1000F00007F0CAFC0048004781260008400700209E
:1001000031490143314A1160704770B50021002325
:100110000F22C47804B32D4C246804F4E064C4F5C1
:10012000E064210AC1F10403CA40447804FA03F1EF
:100130008478144021430901254C0678A1550478A0
:1001400004F01F050124AC4005786D11AD0005F1E8
:10015000E025C5F8004109E0047804F01F050124FA
:10016000AC401C4D0678761145F8264070BD1A4A01
:100170000A400243154B1B1F1A60704739B1134ADE
:10018000121D12680243114B1B1D1A6006E00F4A34
:10019000121D126882430D4B1B1D1A607047042804
:1001A00008D14FF0E021096941F004014FF0E0224D
:1001B000116107E04FF0E021096921F004014FF0DF
:1001C000E0221161704700000000FA050CED00E02C
:1001D00000E400E080E100E080FFFF1F00204449D0
:1001E0000860091D0860091D0860091D0860414874
:1001F0003F4914310860704700213D498279002A47
:100200003AD00A46126803689A430B461A600A1DE0
:10021000126803689A430B1D1A60027911440A6838
:1002200003681A430A60324A0832126803689A4324
:100230002F4B08331A601A1D126803689A432C4B1F
:100240000C331A604279102A0ED11A1F1268036803
:100250001A43274B08331A601A1D126803681A43A1
:10026000234B0C331A600DE02149427911440A688E
:1002700003681A430A6005E0027911440A680368BA
:100280009A430A6070470021016001710C2141719D
:100290000021817170471649103109680143144AE1
:1002A00010321160704701460020114A1432126862
:1002B0000A400AB1012000E0002070470C491431C7
:1002C00008607047014600200022094B1B6803EAC2
:1002D0000102074B14331B680B4013B10AB1012014
:1002E00000E00020704702491431086070470000A8
:1002F00000040140FFFF0F0010B50446CC488442C3
:1003000008D10121042000F02DFB0021042000F081
:1003100029FB46E0C748844208D10121082000F0AB
:1003200021FB0021082000F01DFB3AE0C248844276
:1003300008D10121102000F015FB0021102000F051
:1003400011FB2EE0BD48844208D10121202000F09D
:1003500009FB0021202000F005FB22E0B848844280
:1003600008D10121402000F0FDFA0021402000F0DA
:10037000F9FA16E0B348844208D10121802000F048
:10038000F1FA0021802000F0EDFA0AE0AE48844244
:1003900007D10121801500F0E5FA0021A01500F039
:1003A000E1FA10BD10B50121084600F0DBFA00218A
:1003B000012000F0D7FA10BD2DE9F04102460025DA
:1003C0000026002000230024002791F803C00CF031
:1003D0000F0591F803C00CF0100CBCF1000F03D016
:1003E00091F802C04CEA050591F800C0BCF1000F7D
:1003F00031D0146800202BE04FF0010C0CFA00F310
:10040000B1F800C00CEA03069E4220D183004FF0F1
:100410000F0C0CFA03F7BC4305FA03FC4CEA040486
:1004200091F803C0BCF1280F06D14FF0010C0CFA73
:1004300000FCC2F814C00AE091F803C0BCF1480FF8
:1004400005D14FF0010C0CFA00FCC2F810C0401CA2
:100450000828D1D31460B1F800C0BCF1FF0F34DD1F
:10046000546800202EE000F1080C4FF0010808FA53
:100470000CF3B1F800C00CEA03069E4221D18300C0
:100480004FF00F0C0CFA03F7BC4305FA03FC4CEADF
:10049000040491F803C0BCF1280F05D100F1080C49
:1004A00008FA0CF8C2F8148091F803C0BCF1480FA8
:1004B00007D100F1080C4FF0010808FA0CF8C2F857
:1004C0001080401C0828CED35460BDE8F0814FF660
:1004D000FF710180022181700421C17070470246C2
:1004E000002093680B400BB1012000E00020704712
:1004F0000146886880B2704702460020D3680B40EE
:100500000BB1012000E0002070470146C86880B2AE
:10051000704701617047416170470AB1016100E0B5
:1005200041617047C16070474FF480320A43826175
:100530008161826182698269704702460020434B73
:1005400018684FF68073184040EA021008433F4B8A
:10055000186070473E49C8617047F0B50A460023ED
:1005600000240021002500F00046B6F1004F02D122
:10057000364EF16901E0354E7168C0F3034583B230
:1005800000F44016B6F5401F08D121F070612F4EDF
:10059000766826F070662D4F7E6012E000F48016BB
:1005A000B6F5801F06D1032606FA05F4A14341F0F3
:1005B000706106E0460D360103FA06F6B14341F0DC
:1005C000706122B1460D360103FA06F6314300F0A0
:1005D0000046B6F1004F02D11C4EF16101E01B4E06
:1005E0007160F0BD30B500228B071C0F0F2303FA9A
:1005F00004F2164B08338C1053F824309343134CF9
:1006000008348D1044F8253023468C1053F82430DC
:100610008C07240F00FA04F423430C4C08348D108B
:1006200044F8253030BD0A49DC31086070470000CD
:1006300000080140000C014000100140001401407E
:1006400000180140001C0140002001400000014052
:1006500000002042DF48006840F00100DD490860EA
:1006600008464068DC490840DA49486008460068A6
:10067000DA490840D74908600846006820F480201D
:1006800008600846406820F4FE0048604FF41F00F0
:1006900088607047CF49096821F48031CD4A1160E4
:1006A0001146096821F480211160B0F5803F03D024
:1006B000B0F5802F0ED106E0C649096841F48031BB
:1006C000C44A116007E0C349096841F4A021C14A46
:1006D000116000E000BF00BF704710B50146002266
:1006E000002300204A11012A02D1BA4C236806E0F7
:1006F000022A02D1B74C236A01E0B64C636A01F0CA
:100700001F02012494401C400CB1012000E0002095
:1007100010BD38B5002000900024002500BF312016
:10072000FFF7DBFF05460098401C00900098B0F5ED
:10073000A06F01D0002DF2D03120FFF7CEFF08B11D
:10074000012400E00024204638BD01460020A14AD3
:10075000106820F0F80040EAC10010607047A0491E
:1007600008607047024600209A4B586820F47C10BD
:1007700042EA01031843974B58607047984908664E
:10078000704701460020934A506820F00300084358
:10079000506070478F48406800F00C007047014679
:1007A00000208C4A506820F0F000084350607047E9
:1007B00001460020874A506820F4E06008435060FA
:1007C000704701460020834A506820F4605040EA98
:1007D000C1005060704729B17E4A527A02437D4B76
:1007E0005A7204E07B4A527A82437A4B5A727047BB
:1007F0007B49D8310860704701460020754A50682F
:1008000020F440400843506070470021714A203274
:100810001170704A82F82010012802D004280AD1F1
:1008200004E001216B4A2032117005E00521694A7C
:100830002032117000E000BF00BF704769490860B6
:1008400070476449096A0143624A11627047654909
:1008500044390860704730B500210022002400238D
:100860005C4D6D6805F00C0121B1042905D0082903
:1008700023D105E05C4D056022E05B4D05601FE083
:10088000544D6D6805F47012524D6D6805F4803456
:10089000022505EB92421CB9544D554305600BE00F
:1008A0004C4D6D6805F400351DB1504D5543056044
:1008B00002E04D4D5543056002E04B4D056000BF21
:1008C00000BF444D6D6805F0F0010909484D6B5CAF
:1008D0000568DD4045603F4D6D6805F4E061090A3B
:1008E000434D6B5C4568DD4085603A4D6D6805F4AD
:1008F0006051C90A3E4D6B5C4568DD40C560354DB1
:100900006D6805F44041890B3A4D6B5CC568B5FBD9
:10091000F3F5056130BD29B12E4A526902432D4BD2
:100920005A6104E02B4A526982432A4B5A6170474C
:1009300029B1284A92690243264B9A6104E0254A6C
:1009400092698243234B9A61704729B1214AD26947
:100950000243204BDA6104E01E4AD26982431D4BF8
:10096000DA61704729B11B4AD2680243194BDA6039
:1009700004E0184AD2688243164BDA60704729B106
:10098000144A12690243134B1A6104E0114A1269B6
:100990008243104B1A617047124940390860704712
:1009A0000F49C86470470B49C87170470948406ACD
:1009B00040F0807007494862704701460020054AB0
:1009C00092680A400AB1012000E000207047014906
:1009D00088727047001002400000FFF8FFFFF6FE2B
:1009E000000042428004424200127A0000093D00A9
:1009F000000000201000002010B50446FE4884428C
:100A000008D10121C014FFF7ADFF0021E014FFF76A
:100A1000A9FFC4E0B4F1804F08D101210846FFF7D7
:100A2000AEFF00210120FFF7AAFFB8E0F34884429F
:100A300008D101210220FFF7A2FF00210220FFF7C9
:100A40009EFFACE0EE48844208D101210420FFF76C
:100A500096FF00210420FFF792FFA0E0E9488442BE
:100A600008D101210820FFF78AFF00210820FFF7A5
:100A700086FF94E0E448844208D101211020FFF76A
:100A80007EFF00211020FFF77AFF88E0DF488442D4
:100A900008D101212020FFF772FF00212020FFF75D
:100AA0006EFF7CE0DA48844208D101214014FFF750
:100AB00059FF00216014FFF755FF70E0D5488442CC
:100AC00009D10121C804FFF74DFF00214FF4002098
:100AD000FFF748FF63E0D048844209D101210805AF
:100AE000FFF740FF00214FF48010FFF73BFF56E077
:100AF000CA48844209D101214805FFF733FF00218C
:100B00004FF40010FFF72EFF49E0C548844208D19A
:100B100001214020FFF733FF00214020FFF72FFF86
:100B20003DE0C048844208D101218020FFF727FF23
:100B300000218020FFF723FF31E0BB48844208D129
:100B400001218015FFF71BFF0021A015FFF717FFFC
:100B500025E0B648844209D101210804FFF702FFCD
:100B600000214FF48030FFF7FDFE18E0B0488442CA
:100B700009D101214804FFF7F5FE00214FF40030B0
:100B8000FFF7F0FE0BE0AB48844208D10121880456
:100B9000FFF7E8FE00214FF48020FFF7E3FE10BDD1
:100BA00000220288944B98420ED0994B98420BD069
:100BB000B0F1804F08D0914B984205D0904B9842AD
:100BC00002D0904B984204D14FF68F731A404B8855
:100BD0001A438D4B984207D08C4B984204D04FF665
:100BE000FF431A40CB881A4302808B8883850B8889
:100BF0000385814B98420BD0854B984208D08B4B94
:100C0000984205D08A4B984202D08A4B984201D133
:100C10000B7A038601238382704770B5002400227B
:100C20000023058C4FF6FE7635400584028C8388C0
:100C3000048B4FF68F752C40B51E2C400D882C432D
:100C4000751E2A400D892A434D882A436A4DA842C1
:100C50000BD06F4DA84208D0744DA84205D0744DFA
:100C6000A84202D0734DA84213D14FF6F7752A401F
:100C70004D892A434FF6FB752A408D882A434FF64B
:100C8000FF652B404FF6FF552B408D892B43CD89B7
:100C90002B4383800483CD888586028470BD70B524
:100CA000002400220023058C4FF6EF7635400584A2
:100CB000028C8388048B48F6FF752C404FF6FF4565
:100CC0002C400D884FF6FF7606EA05252C434FF69B
:100CD000DF752A400D8906EA05152A434D8806EA84
:100CE00005152A43444DA84202D0494DA8421DD1C2
:100CF0004FF67F752A404D894FF6FF7606EA0515B7
:100D00002A434FF6BF752A408D8806EA05152A4307
:100D10004FF6FF352B404FF2FF752B408D8906EAC9
:100D200085052B43CD8906EA85052B438380048303
:100D3000CD880587028470BD70B500240022002391
:100D4000058C4FF6FF6635400584028C8388848BC2
:100D50004FF68F752C404FF6FC752C400D882C43B8
:100D60004FF6FF552A400D894FF6FF7606EA052516
:100D70002A434D8806EA05252A431F4DA84202D082
:100D8000234DA8421DD14FF2FF752A404D894FF6E1
:100D9000FF7606EA05252A434FF6FF352A408D885F
:100DA00006EA05252A434EF6FF752B404DF6FF75E2
:100DB0002B408D8906EA05152B43CD8906EA0515DA
:100DC0002B4383808483CD888587028470BD70B572
:100DD000002200230024058C4EF6FF763540058462
:100DE000038C8488828B48F6FF752A404FF6FF45B6
:100DF0002A400D8820E00000002C01400004004043
:100E000000080040000C00400010004000140040AA
:100E100000340140004C01400050014000540140AA
:100E200000180040001C004000200040004001402D
:100E300000440140004801404FF6FF7606EA0525D0
:100E40002A434DF6FF752B400D8906EA05352B43E5
:100E50004D8806EA05352B43FA4DA84202D0FA4DDB
:100E6000A84208D14BF6FF752C408D894FF6FF76CE
:100E700006EA85152C4384808283CD88A0F84050F3
:100E8000038470BD828B4FF2FF331A408283828BC2
:100E90004FF6FF7303EA01231A4382837047F0B5CC
:100EA0000C461546002200210026078C4EF6FF7CDA
:100EB00007EA0C070784828B018C4FF6FF7707EA5D
:100EC000043640F6FF473A404FF6FF7707EA05271A
:100ED0003A434FF6FF7707EA03373A43D94FB84210
:100EE0000ED0D94FB8420BD0B0F1804F08D0D74FB9
:100EF000B84205D0D64FB84202D0D64FB84206D13C
:100F00004DF6FF77394046F48057394305E047F600
:100F1000FF57394044F48057394382830184F0BD40
:100F2000828B4FF6F3731A408283828B0A4382834B
:100F30007047F0B50C461546002200210026078CAC
:100F40004FF6FF6C07EA0C070784828B018C4FF683
:100F5000FF7707EA04264FF60C773A404FF6FF7703
:100F600007EA03172F433A43B64FB8420ED0B64FA5
:100F7000B8420BD0B0F1804F08D0B44FB84205D082
:100F8000B34FB84202D0B34FB84206D14FF6FF5725
:100F9000394046F48077394305E04FF2FF57394036
:100FA00044F48077394382830184F0BD028B4FF291
:100FB000FF331A400283028B4FF6FF7303EA0123CB
:100FC0001A4302837047F0B50C46154600220021F3
:100FD0000026078C4FF6EF7C07EA0C070784028B8C
:100FE000018C4FF6FF7707EA041640F6FF473A40B8
:100FF0004FF6FF7707EA03373A434FF6FF7707EAE2
:1010000005273A438F4FB8420ED08F4FB8420BD0CE
:10101000B0F1804F08D08D4FB84205D08C4FB84208
:1010200002D08C4FB84206D14FF6DF77394046F0F8
:101030001007394305E04FF65F77394044F0100759
:10104000394302830184F0BD028B4FF6F3731A40DB
:101050000283028B0A4302837047F0B50C461546A3
:1010600000220021068C4FF6FE773E400684028B5C
:10107000018C4FF60C7632407E1C06EA03162E4396
:101080003243704EB0420ED06F4EB0420BD0B0F132
:10109000804F08D06D4EB04205D06D4EB04202D0A8
:1010A0006C4EB04206D14FF6FD76314044F0010659
:1010B000314305E04FF6F576314044F00106314307
:1010C00002830184F0BD70B505460C465D4885423B
:1010D0000ED05D4885420BD0B5F1804F08D05B48FB
:1010E000854205D05A48854202D05A48854200D1EF
:1010F00000E000BF208850B92389A2886188284673
:10110000FFF7ABFFE1882846FFF79EFF25E0208828
:1011100004280AD12389A28861882846FFF753FF53
:10112000E1882846FFF742FF17E0208808280AD107
:101130002389A28861882846FFF7FBFEE1882846BC
:10114000FFF7EEFE09E02389A28861882846FFF7B1
:10115000A6FEE1882846FFF795FE70BD2DE9F04117
:1011600005460C4600260127608808B9022600E0E3
:101170000026A088012801D1022700E0012720884D
:10118000A0B92389A28861882846FFF766FFE18815
:101190002846FFF759FF23893A4631462846FFF78C
:1011A00012FFE1882846FFF701FF13E02389A28898
:1011B00061882846FFF707FFE1882846FFF7F6FE1B
:1011C00023893A4631462846FFF747FFE1882846FB
:1011D000FFF73AFFBDE8F0810A884B881A438B88F5
:1011E0001A43CB881A430B891A434B891A438B89BC
:1011F0001A43A0F8442070474FF6FF718180002108
:101200000180C180418001727047002101804180CE
:101210008180C180018141818181C181704700212C
:1012200001804180012181800021C18001817047BE
:101230000021018041808180C180018141818181C3
:1012400070470000002C01400034014000040040C1
:1012500000080040000C004021B1028842F0010269
:10126000028004E002884FF6FE731A400280704745
:1012700031B1B0F8442042F40042A0F8442005E027
:10128000B0F84420C2F30E02A0F8442070471AB10F
:1012900083890B43838102E083898B438381704779
:1012A0008182704741EA0203A0F8483070471AB1C2
:1012B00083890B43838102E083898B438381704759
:1012C00001894FF6F8721140018170470A460021EA
:1012D00001894FF68F73194011430181704730B572
:1012E00004460D4629462046FFF7F0FF208940F0CE
:1012F0000700208130BD2DE9F04104460D46164619
:101300001F46602D06D13B46012231462046FFF79D
:101310005AFE05E03B46012231462046FFF79DFE7E
:1013200029462046FFF7D2FF208940F007002081A0
:10133000BDE8F08130B50C4600210189C9B24FF6F5
:10134000FF7505EA0325154325432943018130BD77
:101350002DE9F04105460E461746984600244346BF
:101360003A4631462846FFF7E5FF2C894FF6F870DC
:10137000044044F007044FF68F70044044F07004BA
:101380002C81BDE8F081F0B504460D4616461F4697
:101390003B46324629462046FFF7CCFF208940F4E1
:1013A00080402081F0BD0185828270470A4600217D
:1013B00001884FF68F731940114301807047F0B5D3
:1013C0000C4615461E460021002200230189028B8F
:1013D000038C4FF6F877394021434FF6FC473A40EB
:1013E00040F201173A434FF6DD773B404FF6FF7767
:1013F00007EA06172F433B43018102830384F0BDB4
:101400000A460021018B4FF68F7319401143018367
:1014100070470A460021018B48F6FF7319404FF6CA
:10142000FF7303EA02231943018370470A46002130
:10143000818B4FF68F7319401143818370470A46A1
:101440000021818B48F6FF7319404FF6FF7303EAC2
:10145000022319438183704721B1028842F0800240
:10146000028004E002884FF67F731A4002807047C2
:1014700021B1828842F00402828004E082884FF623
:10148000FB731A408280704721B1828842F00802C3
:10149000828004E082884FF6F7731A40828070479A
:1014A00021B1828842F00102828004E082884FF6F6
:1014B000FE731A40828070470A460021018B4FF666
:1014C000F77319401143018370470A460021018BCD
:1014D0004FF2FF7319404FF6FF7303EA02231943DB
:1014E000018370470A460021818B4FF6F77319403C
:1014F0001143818370470A460021818B4FF2FF73AD
:1015000019404FF6FF7303EA0223194381837047A2
:101510000A460021018B4FF6FB73194011430183EA
:1015200070470A460021018B4FF6FF3319404FF6F2
:10153000FF7303EA02231943018370470A4600211F
:10154000818B4FF6FB7319401143818370470A4624
:101550000021818B4FF6FF3319404FF6FF7303EAEA
:1015600002231943818370470A460021018B4FF6FD
:101570007F7319401143018370470A460021018B94
:10158000C1F30E014FF6FF7303EA022319430183EF
:1015900070470A460021818B4FF67F731940114333
:1015A000818370470A460021818BC1F30E014FF6FB
:1015B000FF7303EA02231943818370470A4600211F
:1015C000018C4FF6FD7319401143018470470A46A0
:1015D0000021018C4FF6F7731940114301847047C5
:1015E0000A460021018C4FF6DF7319404FF6FF7356
:1015F00003EA02131943018470470A460021018C53
:101600004FF67F7319404FF6FF7303EA0213194335
:10161000018470470A460021018C4FF6FF531940A0
:101620004FF6FF7303EA02231943018470470A4609
:101630000021018C4FF2FF7319404FF6FF7303EA4C
:1016400002231943018470470A460021018C4DF69C
:10165000FF7319404FF6FF7303EA02331943018405
:10166000704730B5002301248C40A3B2048C9C4306
:101670000484048C02FA01F5ADB22C43048430BD1D
:1016800030B5002304248C40A3B2048C9C43048412
:10169000048C02FA01F5ADB22C43048430BD70B560
:1016A0000346002000241846183001258D40ACB2B6
:1016B0001D8CA5431D8409B1082909D100EB6100E7
:1016C000056825F0700505600568154305600EE0A6
:1016D0000D1FC5F34E052844056825F4E045056057
:1016E00005684FF6FF7606EA02263543056070BDB1
:1016F00021B1028842F00202028004E002884FF623
:10170000FD731A400280704721B1028842F0040242
:10171000028004E002884FF6FB731A400280704793
:1017200021B1828842F08002828004E082884FF6F4
:101730007F731A408280704702884FF6F7731A4011
:10174000028002880A430280704782884FF68F73B6
:101750001A40828082880A438280704702894FF64D
:10176000F8731A40028102890A4302817047028994
:101770004FF67F731A40028102890A430281704743
:1017800081847047818570478186704701877047E3
:1017900081877047A0F84010704702884FF6FF43DA
:1017A0001A40028002880A43028070470146888EF0
:1017B00070470146088F70470146888F7047014681
:1017C000B1F8400070470146888C70470146088D8B
:1017D000704702460020138A0B400BB1012000E045
:1017E00000207047CA430282704730B5024600208D
:1017F00000230024158A05EA0103958905EA0104FE
:1018000013B10CB1012000E0002030BDCA430282B8
:101810007047000010B50446FB48844209D10121FD
:101820008803FFF79FF800214FF48040FFF79AF8F4
:1018300032E0F648844209D101214804FFF79FF8BD
:1018400000214FF40030FFF79AF825E0F048844279
:1018500009D101218804FFF792F800214FF480207C
:10186000FFF78DF818E0EB48844209D10121C80444
:10187000FFF785F800214FF40020FFF780F80BE018
:10188000E548844208D101210805FFF778F80021D6
:101890004FF48010FFF773F810BD2DE9F04786B0C4
:1018A00005460E460024A24600BFA1460027B08987
:1018B00000B100BF2F462C8A4CF6FF700440F08820
:1018C00004432C82AC894EF6F3100440B088318971
:1018D0000843718908430443AC81AC8A4FF6FF404A
:1018E0000440B0890443AC8201A8FEF7B4FFC648A7
:1018F000874202D1DDF810A001E0DDF80CA0A88934
:1019000000F4004040B10AEBCA0000EB0A10316855
:101910004900B0FBF1F807E00AEBCA0000EB0A103F
:1019200031688900B0FBF1F86420B8FBF0F00401E5
:101930002009642101FB1089A88900F4004040B10E
:10194000322000EBC900B0FBF1F000F007000443C7
:1019500008E0322000EB09106421B0FBF1F000F048
:101960000F0004432C8106B0BDE8F0874FF41651F8
:10197000016000218180C18001810C214181002111
:101980008181704710B502460020108A4FF2FF0394
:1019900018400B884C8823438C882343CC882343EE
:1019A0001843108210BD0021018041808180C180D8
:1019B000704721B1828942F40052828104E0828919
:1019C0004DF6FF731A4082817047F0B5034600243C
:1019D00000260025002040F66A17B94200D100BF5A
:1019E0001846C1F3421401F01F06012707FA06F555
:1019F000012C01D10C3004E0022C01D1103000E0A8
:101A000014301AB107682F43076002E00768AF433C
:101A10000760F0BD1AB1838A0B43838202E0838A98
:101A20008B4383827047028A4FF6F0731A4002821A
:101A3000028A0A430282704782894FF2FF731A407A
:101A4000828182890A438281704721B1828942F072
:101A50000202828104E082894FF6FD731A4082817E
:101A60007047028A4FF6DF731A400282028A0A43E5
:101A70000282704721B1028A42F48042028204E06D
:101A8000028A4BF6FF731A4002827047C1F30802C4
:101A90008280704701468888C0F3080070478189BA
:101AA00041F0010181817047028BD2B20283028B27
:101AB00042EA012202837047028B02F47F420283D2
:101AC000028B0A430283704721B1828A42F02002CE
:101AD000828204E0828A4FF6DF731A408282704766
:101AE00021B1828A42F01002828204E0828A4FF69B
:101AF000EF731A408282704721B1828A42F0080255
:101B0000828204E0828A4FF6F7731A40828270471D
:101B100021B1828942F40042828103E08289C2F3CA
:101B20000E028281704721B1828A42F40062828271
:101B300004E0828A4FF2FF731A4082827047828AE1
:101B40004FF6FB731A408282828A0A438282704770
:101B500021B1828A42F00202828204E0828A4FF638
:101B6000FD731A408282704702460020B1F5007F63
:101B700000D100BF13880B400BB1012000E0002012
:101B8000704701F40072B2F5007F00D100BFCA4374
:101B90000280704770B50246002400230025002013
:101BA00040F66A16B14200D100BFC1F3421501F000
:101BB0001F03012606FA03F3012D02D19689334053
:101BC00006E0022D02D1168A334001E0968A3340A6
:101BD0000C12012606FA04F41688344013B10CB135
:101BE000012000E0002070BD10B50022002340F667
:101BF0006A14A14200D100BF0A1201249440A3B28A
:101C0000DC43048010BD0000003801400044004067
:101C100000480040004C00400050004010B5044611
:101C2000FA48844208D101214015FEF79BFE0021AD
:101C30006015FEF797FE17E0F548844208D10121B0
:101C40000015FEF78FFE00212015FEF78BFE0BE03E
:101C5000F048844208D10121C803FEF783FE002129
:101C60004FF40040FEF77EFE10BD30B50246002066
:101C700000235068E84C20400D790C6844EA0524A4
:101C8000204350609068E54C2040D1E902542C4339
:101C90004D7944EA450420439060D06A20F47000F6
:101CA0000C7C641EE4B2234340EA0350D06230BD92
:101CB00000210160017141718160C16001210174E5
:101CC000704721B1826842F00102826003E08268BD
:101CD00022F001028260704721B1826842F4807272
:101CE000826003E0826822F480728260704710B5DF
:101CF0000023CBB21AB144681C43446002E044683C
:101D00009C43446010BD816841F0080181607047C8
:101D1000014600208A6802F008020AB1012000E0B2
:101D200000207047816841F00401816070470146DE
:101D300000208A6802F004020AB1012000E00020BD
:101D4000704721B1826842F4A002826003E0826899
:101D500022F4A00282607047014600208A6802F4E3
:101D600080020AB1012000E00020704710B50A4649
:101D700000210023416821F46041531E41EA4331B0
:101D8000416010BD21B1426842F40062426003E04C
:101D9000426822F4006242607047F0B504460D4686
:101DA00000200021092D11DDE068A5F10A0606EBEF
:101DB0004607072606FA07F18843A5F10A0606EB4F
:101DC000460603FA06F10843E0600CE0206905EBE3
:101DD0004507072606FA07F1884305EB450603FA8F
:101DE00006F108432061072A0FDA606B561E06EBE6
:101DF00086071F2606FA07F18843561E06EB86065D
:101E000005FA06F10843606322E00D2A0FDA206B21
:101E1000D61F06EB86071F2606FA07F18843D61F52
:101E200006EB860605FA06F10843206310E0E06A37
:101E3000A2F10D0606EB86071F2606FA07F1884376
:101E4000A2F10D0606EB860605FA06F10843E062EC
:101E5000F0BD21B1826842F48012826003E08268A2
:101E600022F48012826070470146C86C80B27047CD
:101E700066484C300068704721B1426842F4806285
:101E8000426003E0426822F480624260704721B100
:101E9000426842F48052426003E0426822F4805279
:101EA000426070470A460021816821F4E0411143F5
:101EB0008160704721B1826842F40042826003E091
:101EC000826822F400428260704721B1826842F445
:101ED0000212826003E0826822F40212826070477C
:101EE000014600208A6802F400120AB1012000E0D5
:101EF00000207047F0B50446154600200022002659
:101F0000092911DDE068A1F10A0707EB470C072753
:101F100007FA0CF29043A1F10A0707EB470703FA0F
:101F200007F21043E0600CE0206901EB410C072749
:101F300007FA0CF2904301EB410703FA07F2104352
:101F40002061A06BC0F30156EF1C06F1010CA7EB5A
:101F50000C0707EB870C1F2707FA0CF29043EF1CC6
:101F600006F1010CA7EB0C0707EB870701FA07F254
:101F70001043A063F0BD10B50A4600210023816B19
:101F800021F44011531E41EA0351816310BD08B58D
:101F9000002300930090009B0B440093009B1A6069
:101FA00008BD08B5024600200090009201F128000B
:101FB000009B184400900098006880B208BD0A4653
:101FC00000214168164B194011434160704741623E
:101FD000826270470A460021416821F01F011143C7
:101FE0004160704740B109490831096841F4000176
:101FF000064A0832116007E004490831096821F4F3
:102000000001024A083211607047000000240140BC
:1020100000280140003C0140FFFEF0FFFDF7F1FF0A
:10202000FFFD3FFF0246002013680B400BB101206B
:1020300000E000207047CA430260704770B5024656
:102040000020002300240B125568CEB205EA0604D6
:1020500015681D4015B10CB1012000E0002070BDD5
:1020600000220A12D3430360704700000CB5002021
:10207000019000906C48006840F480306A49086024
:1020800000BF6948006800F4003000900198401CCF
:102090000190009818B90198B0F5A06FF1D162488D
:1020A000006800F4003010B10120009001E0002031
:1020B00000900098012843D15C48006840F010006F
:1020C0005A4908600846006820F003000860084686
:1020D000006840F002000860534840685249486078
:1020E0000846406848600846406840F480604860A0
:1020F0000846406820F47C1048600846406840F478
:10210000E81048600846006840F08070086000BF32
:102110004548006800F000700028F9D04248406847
:1021200020F00300404948600846406840F0020043
:10213000486000BF3C48406800F00C000828F9D116
:102140000CBD10B5FFF792FF10BD10B53648006802
:1021500040F00100344908600846406834490840AE
:102160003149486008460068324908402E490860F5
:102170000846006820F4802008600846406820F483
:10218000FE0048604FF41F008860FFF7DAFF4FF051
:1021900000602949086010BD10B500210020002210
:1021A000214B5B6803F00C0121B1042906D00829FA
:1021B00028D107E0214B224C236027E01F4B204C05
:1021C000236023E0184B5B6803F47010164B5B68C8
:1021D00003F48032022303EB904022B9194B4343AE
:1021E000174C23600DE0104B5B6803F4003323B100
:1021F000144B4343124C236003E0104B4343104CF9
:10220000236003E00D4B0E4C236000BF00BF064B64
:102210005B68C3F303130C4CE15C094B1B68CB40B8
:10222000074C236010BD0000001002400020024057
:102230000000FFF8FFFFF6FE08ED00E000127A0054
:102240001400002000093D0018000020014605E0B0
:10225000002001E0421CD0B20A28FBDB0A1EA1F1DB
:102260000101F5D1704710B5044603E04FF47A70D0
:10227000FFF7ECFF201EA4F10104F7D110BD704759
:1022800008B50720009002E00098401E00900098DA
:102290000028F9D108BD10B54FF40070E649086078
:1022A00040100860FFF7ECFFE3480838006808B901
:1022B000012000E0002000F4007008B1002010BDF3
:1022C0004FF40070DC49091D0860FFF7D9FFDA48B8
:1022D0000838006800F4007008B10020EFE74FF400
:1022E0000070D549091D0860FFF7CAFF0120E6E725
:1022F00010B54FF48070D049091D0860FFF7C0FF8A
:102300004FF40070CC49091D0860FFF7B9FF4FF486
:102310008070C9490860FFF7B3FF4FF40070C649E9
:102320000860FFF7ADFF10BD10B54FF48070C249D3
:10233000091D0860FFF7A4FF4FF40070BE49091D96
:102340000860FFF79DFF4FF48070BB490860FFF7FE
:1023500097FF4FF48070B849091D0860FFF790FFA0
:1023600010BD10B54FF48070B349091D0860FFF728
:1023700087FF4FF40070B0490860FFF781FF4FF40A
:102380008070AD490860FFF77BFF4FF48070AA4969
:10239000091D0860FFF774FF10BD10B54FF4807081
:1023A000A549091D0860FFF76BFF4FF40070A249B3
:1023B0000860FFF765FF4FF480709F490860FFF7E2
:1023C0005FFF9D480838006800F4007030B14FF49A
:1023D00080709949091D0860002010BD4FF480707D
:1023E0009549091D08600120F7E770B504460825E6
:1023F0001DE04FF480709049091D0860FFF740FF11
:1024000004F0800020B14FF400708B49086004E0B4
:102410004FF400708849091D08606006040EFFF73C
:102420002FFF4FF4807084490860FFF729FF281EB2
:10243000A5F10101CDB2DCD14FF480707E49091DB8
:10244000086070BD70B508250024A8017A490860AD
:1024500016E06006040E4FF480707749091D08608D
:10246000FFF70EFF4FF4807073490860FFF708FF15
:1024700071480838006800F4007008B144F00104A5
:10248000281EA5F10101CDB2E3D14FF480706A4955
:10249000091D0860204670BD08B501210820FEF71F
:1024A00047FA4FF44070ADF8000002208DF80200AA
:1024B00014208DF8030069465F481038FDF77CFF53
:1024C00008BD2DE9F04105460E4617469846FFF730
:1024D000E2FE10B90020BDE8F081002141EA45018B
:1024E000C8B2FFF782FFFFF758FF18B9FFF700FFE8
:1024F0000020F0E73046FFF778FFFFF74EFF00249B
:102500000BE018F80400FFF770FFFFF746FF18B95B
:10251000FFF7EEFE0020DEE7641CBC42F1DBFFF7B4
:10252000E7FE0120D7E72DE9F04104460D461646A7
:102530001F463B46324629462046FFF7C2FF10B1F0
:102540000020BDE8F0814FF0FF30FAE72DE9F041BF
:1025500005460F4614461E46FFF79DFE10B90020A3
:10256000BDE8F081002141EA4501C8B2FFF73DFF17
:10257000FFF713FF18B9FFF7BBFE0020F0E738465E
:10258000FFF733FFFFF709FFFFF785FE012101EB9E
:102590004501C8B2FFF729FFFFF7FFFE0CE0FFF788
:1025A00051FF3070012C02D1FFF7DBFE01E0FFF795
:1025B000BBFE761C601EC4B2002CF0D1FFF798FE63
:1025C0000120CDE72DE9F04104460D4616461F4691
:1025D0003B46324629462046FFF7B8FF10B100209F
:1025E000BDE8F0814FF0FF30FAE770B504460D46C4
:1025F0001646FFF750FE08B9002070BD002141EAE1
:102600004401C8B2FFF7F1FEFFF7C7FE18B9FFF7A4
:102610006FFE0020F1E72846FFF7E7FEFFF7BDFE5B
:102620003046FFF7E2FEFFF7B8FEFFF761FE01203C
:10263000E3E7002070470000100C014008B50121BD
:102640001120FEF775F901210B48FDF786FF4FF4C5
:10265000C040ADF8000003208DF8020010208DF876
:10266000030069460548FDF7A7FE4FF4C041034843
:10267000FDF74FFF08BD00000002300000100140D0
:10268000FFF763FD41F61F4141F2883001F070FD14
:1026900001F0AAFD01F0DAFB00F0C2F800F024F826
:1026A000FFF7CCFF01F026FE00F0D0F800F037F97C
:1026B000FFF7F2FE0A2000F00FFE00F043FA00F0F0
:1026C000B3FD00F019FE4FF0E020006940F001007A
:1026D0004FF0E021086105E000F0A4FA01F07BFB77
:1026E00001F05FFBF8E7000008B501210820FEF7C4
:1026F0001FF94FF47040ADF8000010208DF8030072
:1027000003208DF802006946FE48FDF755FE4FF4A0
:102710007041FC48FDF7FDFE08BD08B501210846E3
:10272000FEF713F901210420FEF702F90C20ADF8A1
:10273000000018208DF8030003208DF80200694680
:10274000F148FDF739FE08BD30B587B000250024FB
:1027500040F2E730ADF814000020ADF81000ADF8FD
:102760001600ADF8120004A94FF08040FEF718FAE9
:102770006020ADF800000120ADF80200ADF8065071
:102780000020ADF8080069464FF08040FEF7D4FA0B
:102790000821C806FEF7A6FE0120ADF80200ADF83C
:1027A00006400020ADF8080069464FF08040FEF773
:1027B0000EFB0821C806FEF79EFE01218807FEF7E2
:1027C0004BFE01218807FEF747FD07B030BD2DE91C
:1027D000FF4104460D4627462E466020ADF8000016
:1027E0000120ADF80200ADF806700020ADF8080039
:1027F00069464FF08040FEF79FFA0821C806FEF7B1
:1028000071FE0120ADF80200ADF806606946800750
:10281000FEF7DDFA0821C806FEF76DFEBDE8FF8170
:1028200010B5FFF77AFFFFF78FFF10BDB749088893
:10283000098821F00101B54A11807047B449088820
:10284000098821F00101B24A1180704700B589B0B2
:1028500001210220FEF779F801210420FEF768F833
:1028600001A8FDF734FEC020ADF8040004208DF867
:10287000070003208DF8060001A9A348FDF79CFD81
:102880004FF4A060FDF73CFC1D208DF808000120EE
:102890008DF8090003208DF80A0001208DF80B0047
:1028A00002A8FDF732FC99481038FEF7A5F806A8F3
:1028B000FEF7A2FC0020ADF818004FF6FF70ADF84F
:1028C0001C000020ADF81E00ADF81A0006A98F48C4
:1028D0001038FEF765F90A231A4603218B48103891
:1028E000FEF76DFD03A8FEF79AFC0620ADF8140074
:1028F00003A986481038FEF7E6FB0121834810380B
:10290000FEF770FF0122114680481038FEF7BFFC29
:1029100001217E481038FEF79FFC09B000BD00B5CC
:1029200089B001210420FEF710F801210820FDF7ED
:10293000FFFF01A8FDF7CBFDC020ADF80400042087
:102940008DF8070003208DF8060001A96D48FDF7FA
:1029500033FD4FF4A060FDF7D3FB1E208DF8080077
:1029600001208DF8090003208DF80A0001208DF860
:102970000B0002A8FDF7C9FB65481038FEF73CF8CC
:1029800006A8FEF739FC0020ADF818004FF6FF70DE
:10299000ADF81C000020ADF81E00ADF81A0006A925
:1029A0005B481038FEF7FCF80A231A460321584802
:1029B0001038FEF704FD03A8FEF731FC0620ADF841
:1029C000140003A952481038FEF77DFB012150483E
:1029D0001038FEF707FF012211464D481038FEF768
:1029E00056FC01214A481038FEF736FC09B000BDFC
:1029F00000B585B001210420FDF79AFF01210220D6
:102A0000FDF7A3FF8020ADF8100004208DF813001F
:102A100003208DF8120004A93B48FDF7CDFC4FF4CC
:102A2000A060FDF76DFB1D208DF8000001208DF8E2
:102A3000010003208DF8020001208DF80300684694
:102A4000FDF763FB31481038FDF7D6FF4FF6FF70F6
:102A5000ADF808000020ADF80400ADF80A00ADF8AC
:102A6000060001A929481038FEF79AF800231A46F3
:102A7000602126481038FEF73EFC0021234810381C
:102A8000FEF77EFE012121481038FEF7E5FB05B078
:102A900000BD00B585B001210820FDF749FF0121E7
:102AA0000420FDF752FF8020ADF8100004208DF8BF
:102AB000130003208DF8120004A91248FDF77CFCD6
:102AC0004FF4A060FDF71CFB1E208DF800000120D4
:102AD0008DF8010003208DF8020001208DF803001D
:102AE0006846FDF712FB0A481038FDF785FF4FF6E0
:102AF000FF70ADF808000020ADF80400ADF80A0042
:102B000008E00000000C01400008014010040040F3
:102B100010080040ADF8060001A90948FEF740F88A
:102B200000231A4660210648FEF7E5FB0021044811
:102B3000FEF726FE01210248FEF78EFB05B000BD20
:102B40000008004070B5002402F09FF80446002CF5
:102B500060D17CA001F0F7FA782001F0F8FC18B9F8
:102B600081A001F0F0FA02E087A001F0ECFA7820F1
:102B700001F0DAFE18B98FA001F0E5FA02E096A0A4
:102B800001F0E1FA642001F0B0FF18B99EA001F055
:102B9000DAFA02E0A6A001F0D6FA03F067FB18B952
:102BA000ACA001F0D0FA02E0B7A001F0CCFAC54821
:102BB00004F038FA054603F063FB18B9C2A001F02F
:102BC000C2FA02E0CAA001F0BEFA40F2731003F0AC
:102BD00098FF18B9D2A001F0B6FA02E0D9A001F02E
:102BE000B2FA642003F006FD18B9E2A001F0ABFAD6
:102BF00002E0E9A001F0A7FA04F028FA012003F0AE
:102C00007BF818B9EFA001F09EFA0AE0F6A001F0F7
:102C10009AFA06E04FF40051FE48FDF77CFC00BF35
:102C2000FEE770BD2DE9F04F89B0FB48FB49FC4B36
:102C3000FC4ACDE90010FC49FC4804F0C1F8F74813
:102C4000008800F4807000287AD0F649086804F003
:102C50002FFD04464FF09D4104F064FBF4490860E9
:102C6000F049486804F024FD04464FF09D4104F00B
:102C700059FBF0490860EB49886804F019FD0446E7
:102C80004FF09D4104F04EFBEB490860E549C868F0
:102C900004F00EFD04464FF09D4104F043FBE7496C
:102CA0000860E34801684FF0804004F009FB06909B
:102CB000E1480168069804F003FB8246DD4801689C
:102CC0004FF0404004F0FCFA0690DC48016806989A
:102CD00004F0F6FA8346514604F09AFA079004F09D
:102CE00033FD064605F072FC80464FF06632D44B49
:102CF00004F0FDFB044604F053FDD2490860CE48C1
:102D000001684FF0804004F0DBFA0390CA48016884
:102D1000039804F0D5FA8246C64801684FF0404057
:102D200004F0CEFA0390C3480168039804F0C8FA8F
:102D30008346514604F0BEFA81464FF07E5183E14E
:102D40000CE200006D707520696E697469616C69D0
:102D50007A6174696F6E20636F6D706C6574652E37
:102D60002E2E2E2E2E0A20006D70755F7365745FF7
:102D700073656E736F7220636F6D706C6574652020
:102D80002E2E2E2E2E2E0A006D70755F7365745FC9
:102D900073656E736F7220636F6D65206163726F10
:102DA0007373206572726F72202E2E2E2E2E2E0AB5
:102DB000000000006D70755F636F6E666967757205
:102DC000655F6669666F20636F6D706C6574652002
:102DD0002E2E2E2E2E2E0A006D70755F636F6E667E
:102DE00069677572655F6669666F20636F6D6520E0
:102DF0006163726F7373206572726F72202E2E2E54
:102E00002E2E2E0A000000006D70755F7365745FD2
:102E100073616D706C655F7261746520636F6D7056
:102E20006C657465202E2E2E2E2E2E0A00000000BA
:102E30006D70755F7365745F73616D706C655F72E3
:102E4000617465206572726F72202E2E2E2E2E2ECA
:102E50000A000000646D705F6C6F61645F6D6F7479
:102E6000696F6E5F6472697665725F6669726D77AD
:102E700061726520636F6D706C657465202E2E2EF7
:102E80002E2E2E0A00000000646D705F6C6F61646E
:102E90005F6D6F74696F6E5F6472697665725F668D
:102EA00069726D7761726520636F6D652061637211
:102EB0006F7373206572726F72202E2E2E2E2E2E3F
:102EC0000A00000028000020646D705F7365745F65
:102ED0006F7269656E746174696F6E20636F6D7077
:102EE0006C657465202E2E2E2E2E2E0A00000000FA
:102EF000646D705F7365745F6F7269656E74617421
:102F0000696F6E20636F6D65206163726F737320EC
:102F10006572726F72202E2E2E2E2E2E0A00000049
:102F2000646D705F656E61626C655F666561747526
:102F3000726520636F6D706C657465202E2E2E2E69
:102F40002E2E0A00646D705F656E61626C655F664F
:102F500065617475726520636F6D65206163726F62
:102F60007373206572726F72202E2E2E2E2E2E0AF3
:102F700000000000646D705F7365745F6669666F62
:102F80005F7261746520636F6D706C657465202E6F
:102F90002E2E2E2E2E0A0000646D705F7365745FF6
:102FA0006669666F5F7261746520636F6D6520612D
:102FB00063726F7373206572726F72202E2E2E2EC5
:102FC0002E2E0A006D70755F7365745F646D705F9F
:102FD000737461746520636F6D706C657465202E09
:102FE0002E2E2E2E2E0A00006D70755F7365745F95
:102FF000646D705F737461746520636F6D652061CB
:1030000063726F7373206572726F72202E2E2E2E74
:103010002E2E0A00001001406200002060000020F7
:1030200050000020B80100205A0000205400002069
:1030300034000020380000203C0000204000002028
:1030400066A64C404400002004F0E2F8044604F078
:103050007BFBCDE90401434801684FF0804004F058
:103060002FF9834640480168584604F029F9814603
:103070003E4801684FF0804004F022F983463C4806
:103080000168584604F01CF98246494604F0C0F82D
:10309000044604F059FB0746DDE9042305F0DEFC95
:1030A0004FF06632334BCDE9060104F020FA0546B5
:1030B00004F076FB304908602D480168006804F090
:1030C000FFF8039029480168006804F0F9F80290BD
:1030D00025480168006804F0F3F883462148016838
:1030E000006804F0EDF85946019004F091F882462A
:1030F000029904F0DFF88146039904F0DBF80446F6
:1031000004F022FBCDE90401194801681548006864
:1031100004F0D6F88246154801681348006804F0A8
:10312000CFF88346514604F073F881464FF0804152
:1031300004F0C6F8044604F007FB0746DDE9042363
:1031400005F08CFC4FF066320A4BCDE9060104F025
:10315000CEF9054604F024FB0849086009B0BDE833
:10316000F08F000034000020380000203C000020D8
:103170004000002066A64C40480000204C00002083
:10318000704700BFFEE700BFFEE700BFFEE700BFDD
:10319000FEE770477047704710B51D480078401C27
:1031A0001B4908701B480078401C1A4908701A48CF
:1031B0000078401C1849087000F0FEFA17480078A3
:1031C000401C1649087016480078401C14490870C5
:1031D00014480078401C134908700E4800780228F3
:1031E00006DB01F072F800F0CCFB00200949087002
:1031F00009480078082806DB00F00BFB0020064990
:1032000008700649087000F0FFF800F015FA10BDCC
:103210007000002075000020710000207200002066
:10322000730000207400002030B527480068C822D1
:10323000B0FBF2F1B1F1807F01D301201DE021F05C
:103240007F40401E4FF0E022506150170F220028AF
:1032500007DA13071D0E1D4B00F00F04241F1D5528
:1032600003E013071C0E1A4B1C5400BF00204FF044
:10327000E022906107201061002008B100BFFEE746
:103280004FF0E020006920F001004FF0E0210861DC
:1032900030BD01B50F49009808604FF0E02000698B
:1032A00040F001004FF0E021086100BF09480068CC
:1032B0000028FBD108BD0748006820B10548006818
:1032C000401E0449086070471400002018ED00E01B
:1032D00000E400E064000020002107E042F6E06125
:1032E00000BF0A1EA1F1010399B2FAD1021EA0F19A
:1032F000010398B2F2D170470020FB490880FB49D6
:103300000880FB490860FB490860FB490860FB49ED
:103310000860FB490860FB490860FB490860FB49FD
:103320000860FB490860FB490860FB490860FB49ED
:103330000860FB490860FB490860FB490860FB49DD
:103340000860FB490860FB490870FB490870FB49AD
:103350000870FB49086070472DE9F041F9480068A2
:1033600004F0F2F90446F848D0E9006332462046FA
:1033700004F0FEF907D0F448D0E90021104604F02B
:103380000FFAF0490860F148006804F0DDF90446DE
:10339000ED48D0E902633246204604F0E9F907D04F
:1033A000E949D1E90221104604F0FAF9E749086039
:1033B000E748006804F0C8F90446E348D0E904632C
:1033C0003246204604F0D4F907D0DF48D0E9042182
:1033D000104604F0E5F9DE490860DE48006804F0B4
:1033E000B3F90446D848D0E906633246204604F0D3
:1033F000BFF907D0D448D0E90621104604F0D0F92F
:10340000D4490860BDE8F0812DE9F041D248006858
:10341000012810D10020CB490860D048006804F092
:1034200055F906460022CE4B04F061F8044604F03C
:10343000B7F9C4490860C8480068022812D10020C2
:10344000C2490860C7490968A1F1400004F03EF98B
:1034500006460022C44B04F04AF8044604F0A0F9E2
:10346000BA490860C149B1F9040004F021F9C04922
:103470000860C049B1F9040004F01AF9BE490860B7
:103480000021BE48006804F0A7F90BD0BC49BB4836
:10349000006804F0A1F905D3BA49B848006804F0FF
:1034A000A5F905D24FF40051B748FDF734F804E010
:1034B0004FF40051B448FDF72CF8B449B448006803
:1034C00003F0F8FE8F490860AA49B1F9000004F042
:1034D000EFF806469D480168304603F0F1FE0446C9
:1034E000984801688748006803F0EAFE05462146CF
:1034F00003F08EFE87490860BDE8F0812DE9F041B8
:1035000004460D46002C0CDA4FF48041A148FDF72B
:1035100000F84FF400419F48FCF7FDFF604204B201
:103520000AE04FF400419B48FCF7F3FF4FF4804161
:103530009848FCF7F0FF00BF002D0CDA4FF4005163
:103540009448FCF7E6FF4FF480519248FCF7E3FF04
:10355000684205B20AE04FF480518E48FCF7D9FF6B
:103560004FF400518B48FCF7D6FF00BFAFB2A6B2B4
:1035700031464FF08040FEF70BF939464FF080405E
:10358000FEF708F984497D48006804F02FF923D339
:1035900082497A48006804F01FF902D24FF001080E
:1035A00001E04FF0000800216048006804F014F9C1
:1035B00001D1012000E0002008EA000800215C4859
:1035C000006804F009F901D1012000E0002008EAB8
:1035D0000008B8F1000F0DD000214FF08040FEF739
:1035E000D7F800214FF08040FEF7D4F801206C4955
:1035F000086002E000206A4908606A4941480068A2
:1036000004F0F4F805D368493E48006804F0E4F893
:103610000DD200214FF08040FEF7BAF800214FF0A4
:103620008040FEF7B7F801205D49086002E0002005
:103630005B490860BDE8F08170B55C4801683548B9
:10364000006803F0E5FD044630480168204603F0B9
:10365000DFFD32490860554801682E48006803F0D4
:10366000D7FD044629480168204603F023FE2A4975
:1036700008602A48006804F03AF800B2B0F57A7F92
:1036800002DD4B48254908602448006804F02FF803
:1036900000B210F57A7F02DA4648204908601E48D9
:1036A000006804F024F800B2B0F57A7F02DD4048EB
:1036B000194908601848006804F019F800B210F5BC
:1036C0007A7F02DA3B48144908601348006804F026
:1036D0000EF804B21148006804F009F805B221465A
:1036E0002846FFF70BFF70BDBE000020BC00002085
:1036F000CC000020C8000020D4000020D000002012
:10370000D80000209800002088000020F40000204D
:103710007C0000208C0000209400002090000020FD
:10372000F00000203401002030010020FC000020C7
:10373000F8000020700000207100002072000020BE
:10374000E8000020A8000020288C0008AC00002021
:10375000B0000020B4000020180100200801002063
:103760000080FB3F0C0100200000C43F5A000020F5
:1037700028010020540000202C01002044000020DB
:103780000000A0C10000A04100100140CDCCCCBE83
:1037900048000020000C014000002041000020C132
:1037A000E400002000004842000048C284000020DD
:1037B00000007A4400007AC470B5FA48FEF703F8B6
:1037C0000446F948FDF7FFFF0546F8480460F8484D
:1037D00005600021F348FDF7D3FF0021F248FDF713
:1037E000CFFF20B2F3490880684200B2F249088056
:1037F000F2480068EF49B1F900100844EF49086049
:10380000EF480068EC49B1F900100844EC49086041
:1038100070BD2DE9F05FE9490968E94A1268881826
:1038200003F046FFE74908600020E5490860E349E6
:103830000860E548006803F087FF06464FF06632EF
:10384000E24B03F054FE044603F0AAFFDE49086091
:10385000DC48006803F078FF80464FF03332DC4BE1
:1038600003F045FE04460D46D748006803F06CFFA0
:10387000064622462B4603F093FD824603F090FF56
:10388000D149086008460168D248006803F0C0FCCE
:10389000D0490860D0480168CE48006803F0B8FC01
:1038A000CC490860CD480168CA48006803F0B0FC04
:1038B000C8490860CA480068012801D10020086092
:1038C000C448006803F013FFB0F5FA5F02DDC54895
:1038D000C0490860BF48006803F009FF10F5FA5FAF
:1038E00002DAC148BB490860C0480068032812D109
:1038F0000020BF490860BF490968A1F1800003F0BA
:10390000E5FE06460022BC4B03F0F1FD044603F041
:1039100047FFB7490860B5480068042812D1002065
:10392000B6490860B6490968A1F1C00003F0CEFEAF
:1039300006460022B34B03F0DAFD044603F030FFE5
:10394000AE4908600021A348006803F0B3FC0646B6
:10395000AA480168304603F0B3FC044600219A48A7
:10396000006803F0A7FC0646A1480168304603F052
:10397000A7FC0546214603F04BFCA3490860BDE8BF
:10398000F09F2DE9F041A148006800283ED1A048F1
:10399000FDF719FF00EB800000EB0010440020460B
:1039A00003F094FE054600229A4B03F012FE0746F0
:1039B00003F0F6FE984908600846006803F0C4FE6C
:1039C00004460022954B03F0D3FE03D89448834964
:1039D00008601BE093499048006803F007FF01D896
:1039E000012400E000244FF082418B48006803F07E
:1039F000F3FE01D8012000E0002004401CB18A48F9
:103A00007649086002E0002074490860BDE8F08152
:103A10002DE9FC5F85480068012878D18448D0F8FA
:103A200000B08448006801908348B0F90290834850
:103A3000B0F900A078480468484603F039FE06460D
:103A40004FF08D4103F06EFC05467D4903F038FCD4
:103A50007C490860504603F02BFE06467A4903F085
:103A600029FC0546794903F05DFC79490860584610
:103A700003F06AFE0746774A774B03F0AAFD054636
:103A800003F08EFE8346019803F05EFE0546714A00
:103A9000714B03F09EFD074603F082FE019050211A
:103AA0006E4803F091FB6D486DA1096801600A2121
:103AB0006C4803F089FB6C48002101604160018182
:103AC0000A216A4803F080FB6948002101604160D7
:103AD00001810A21674803F077FB674800210160F4
:103AE000416001816549584603F076FE10D864496B
:103AF000584603F07BFE0BD8584603F025FE0546DA
:103B00002A460B465FA1574804F05CF802E046E104
:103B1000BDE8FC9F5949019803F05EFE0FD8584953
:103B2000019803F063FE0AD8019803F00DFE0546E4
:103B30002A460B4653A14C4804F044F800E0E7E75E
:103B400052494048006803F051FE11D250493D48A7
:103B5000006803F041FE0BD23A48006803F0F4FD20
:103B600005462A460B4647A1404804F02BF800E0E2
:103B7000CEE748493648006803F038FE11D246497E
:103B80003348006803F028FE0BD23148006803F088
:103B9000DBFD05462A460B463AA1354804F012F8EB
:103BA0007DE07BE00004004000080040DC000020D5
:103BB000E0000020BC000020BE000020C800002063
:103BC000CC000020D0000020D40000206666E63F34
:103BD0003333D33FD8000020F0000020E80000205D
:103BE000E40000200000FA450000FAC5180100209A
:103BF000B0000020100100200000DE3FB4000020D3
:103C0000140100200000C43F8400002000010020B7
:103C1000002C014000006940EC0000200000104032
:103C2000000096C30000A0400000FA431C010020E1
:103C300090000020940000205A0000205400002032
:103C4000CDCC1C41280100209A19004300000343F9
:103C50002C01002048E17A14AE470F40C801002033
:103C6000244C5600E0020020EA020020F40200206A
:103C7000FE020020080300201203002000007A4406
:103C800000007AC425332E32660000000000A0C177
:103C90000000A04100803BC500803B4538E7002183
:103CA000204603F0A3FD10D84F49204603F094FDB1
:103CB0000BD2204603F048FD05462A460B46AFF2DC
:103CC0003C014A4803F07EFF00E021E7002000F0BD
:103CD00053FB0090009803F0F4FC0746444903F0BE
:103CE000EFFA06464FF08B4103F01CFB05464149B5
:103CF00003F0E0FA4049086000213F48006803F003
:103D000075FD12D83D493C48006803F065FD0CD2B2
:103D10003948006803F018FD05462A460B46AFF205
:103D20009C01374803F04EFF00E0F1E63549364884
:103D300003F055FA35A1344803F051FA34493248BA
:103D400003F04DFA33A1304803F049FA32492E48C6
:103D500003F045FA31A12C4803F041FA30492A48D2
:103D600003F03DFA2FA1284803F039FA1F492648ED
:103D700003F035FA2DA1244803F031FA20492248F6
:103D800003F02DFA2AA1204803F029FA50212948EE
:103D900003F01AFA50221C49264803F0FCF900BF30
:103DA000B6E610B524480068401E23490860234841
:103DB0000068012807D10846006820B9FFF728FEEF
:103DC0001C4800F0B4F91C48006818B941F288306A
:103DD0001949086010BD0020194908601949086098
:103DE000012019490860704700401C460803002064
:103DF000CDCC5441CDCC4C3E780000200000A041F9
:103E000012030020E0020020C80100202C525600BE
:103E1000EA0200202C414300F40200202C47590004
:103E2000FE0200202C435342000000002C56540098
:103E30002300000018020020200100201C010020A7
:103E4000F0000020F40000200001002000B585B043
:103E5000012144F20400FCF76BFD4FF40070ADF853
:103E6000100018208DF8130003208DF8120004A90B
:103E7000BB48FCF7A1FA4FF48060ADF810000420B5
:103E80008DF8130004A9B648FCF796FA4FF4E13018
:103E900000900020ADF80400ADF80600ADF8080071
:103EA000ADF80C000C20ADF80A006946AD48FDF7EE
:103EB000F4FC0121AB48FDF77CFD05B000BD08B561
:103EC0004FF48060FCF71CF927208DF800000420D7
:103ED0008DF8010001208DF802008DF8030068467E
:103EE000FCF713F908BD00B585B001218804FCF783
:103EF0002CFD01210820FCF71BFD4FF48060ADF87C
:103F0000100018208DF8130003208DF8120004A96A
:103F10009548FCF751FA4FF40060ADF8100004200A
:103F20008DF8130004A99048FCF746FAFFF7C7FF85
:103F30004FF4165000900020ADF80400ADF80600D4
:103F4000ADF80800ADF80C000C20ADF80A00694689
:103F50008648FDF7A2FC012240F225518348FDF777
:103F600034FD01218148FDF724FD05B000BD70B589
:103F700004460D46E1B27B48FDF788FD00BF4021B5
:103F80007848FDF7F1FD0128F9D1204670BDF0B564
:103F900003460D461646002729460A2E03D0002068
:103FA00008702846F0BD33B9302001F8010B00201D
:103FB00008702846F6E7002B03DA2D2001F8010BE4
:103FC0005B4242F210720DE093FBF2F404B937B198
:103FD00004F1300001F8010B04FB123301270A2021
:103FE00092FBF0F2002AEFDC002008702846D9E7A7
:103FF0000FB470B586B006460CA8019073E00B981C
:1040000000785C281CD10B98401C0B9000786E281F
:1040100009D072280FD10D213046FDF737FD0B98DE
:10402000401C0B900BE00A213046FDF72FFD0B984A
:10403000401C0B9003E00B98401C0B9000BF4BE022
:104040000B980078252840D10B98401C0B900078E5
:10405000642818D0732833D1019810C801900BE060
:1040600021783046FDF712FD00BF40213046FDF7B4
:104070007BFD0028F9D0641C20780028F0D10B9833
:10408000401C0B9020E0019820C801900A2202A950
:104090002846FFF77CFF02AC0BE021783046FDF7A5
:1040A000F5FC00BF40213046FDF75EFD0028F9D049
:1040B000641C20780028F0D10B98401C0B9003E082
:1040C0000B98401C0B9000BF06E00B9810F8011BEA
:1040D0000B903046FDF7DAFC00BF40213046FDF77B
:1040E00043FD0028F9D00B980078002887D106B04E
:1040F00070BC5DF814FB10B5044621461948FDF765
:10410000C5FC00BF40211748FDF72EFD0128F9D15D
:1041100010BD10B5044621461448FDF7B7FC00BF9A
:1041200040211248FDF720FD0128F9D110BD70B5DE
:1041300005462C4603E02078FFF7EBFF641C20784F
:104140000028F8D170BD70B505462C4603E02078F4
:10415000FFF7D1FF641C20780028F8D170BD000063
:104160000008014000380140000C014000480040B8
:104170007FB504460D460121C802FCF7D9FB41F288
:104180008830ADF8080041F61F40ADF8040001206A
:10419000ADF80A000020ADF8060001A91148FCF7AF
:1041A000FFFC012241210F48FDF771F819208DF81D
:1041B000000003208DF8010000208DF8020001208E
:1041C0008DF803006846FBF7A0FF7FBD10B5012105
:1041D0000448FDF70AFB18B101210248FDF716FB60
:1041E00010BD0000002C01401FB501213D48FCF727
:1041F000B4F901210920FCF79BFB0120ADF80C006C
:1042000010208DF80F0003208DF80E0003A936480A
:10421000FCF7D2F80220ADF80C0028208DF80F0032
:1042200003A93148FCF7C8F801210846FCF7DAF980
:104230000220019000208DF8080008208DF8090068
:1042400001208DF80A0001A8FBF7D6FF07208DF8A2
:10425000000003208DF8010001208DF802008DF888
:1042600003006846FBF751FF1FBD10B50220FCF7A5
:1042700029F848B300211D48FDF782FA01211B48A7
:10428000FCF7EAFF01201A49086012E01748FDF721
:104290009AFA0A2807DB00211448FCF7DDFF00200A
:1042A0001349086005E002210F48FCF718F910498E
:1042B00008600F4800680028E8D100210B48FCF78F
:1042C000CBFF0220FCF70FF810BD10B50121064806
:1042D000FCF71FF90C20FDF7B9FF01210248FCF79C
:1042E0001AF910BD00023000000C0140002C014002
:1042F0008401002000B587B001214FF40170FCF764
:1043000017FB4FF40040FCF777FA0120ADF80400EA
:1043100000208DF8070001A92348FCF74DF8234839
:10432000FDF77CFC002002908DF80C008DF80D004C
:104330004FF4602004900020059001208DF81800B3
:1043400002A91A48FDF791FC01211848FDF7B9FCB4
:104350001648FDF7D8FC00BF1448FDF7D9FC00282B
:10436000FAD11248FDF7DEFC00BF1048FDF7DFFC74
:104370000028FAD107B000BD10B50446072301227A
:1043800021460A48FDF709FD01210848FDF7D9FC3F
:1043900000BF02210548FDF745FE0028F9D003487B
:1043A000FDF762FD10BD000000080140002401403F
:1043B0000648804706480047FEE7FEE7FEE7FEE7BF
:1043C000FEE7FEE7FEE7FEE7FEE7FEE74B2100081B
:1043D000ED00000838B50446FB4890F82400C0B151
:1043E00014B10220009001E000200090F64A12680B
:1043F000D17BF54A526810786B460122FEF793F89C
:1044000010B14FF0FF3038BD9DF80010EE484174F8
:1044100023E0ED48807A10B94FF0FF30F3E724B184
:10442000E948407C08B10020EDE714B1012000907C
:1044300001E000200090E44A1268D17BE24A526811
:1044400010786B460122FEF76EF810B14FF0FF3086
:10445000D9E79DF80010DC4841740020D3E738B557
:10446000002419E0D8480068C07AA04204D0D64899
:104470000068407DA04200D10CE0D349496808782B
:104480006B4601222146FEF79DF810B14FF0FF3038
:1044900038BD00BF601CC4B2CB4840680079A04260
:1044A000E0DC0020F4E770B504460D46C64800681D
:1044B000C07AA04204D0C4480068407DA04202D126
:1044C0004FF0FF3070BDC04840680079A04202DC68
:1044D0004FF0FF30F6E7BC49496808782B460122C7
:1044E0002146FEF76FF8EDE738B50446B64890F878
:1044F0002300A04201D1002038BD14B1302000902B
:1045000001E000200090B048807C20B19DF80000C0
:1045100040F002000090AC4890F8220020B19DF8D5
:10452000000040F080000090A74A1268117DA64A62
:10453000526810786B460122FDF7F5FF10B14FF07D
:10454000FF30D9E7A04880F823400020D4E738B5F1
:10455000044604F0700010B10120009005E014B191
:104560000020009001E040200090974A1268917C62
:10457000954A526810786B460122FDF7D4FF20B1AE
:10458000002191488172481E38BD9DF8000020F03E
:1045900040018D4801730020009004F0400020B9D4
:1045A0009DF8000040F00400009004F0200020B9C5
:1045B0009DF8000040F00200009004F0100020B9C7
:1045C0009DF8000040F00100009004F0080020B9C0
:1045D0009DF8000040F0380000907B4A1268D17CC2
:1045E000794A526810786B460122FDF79CFF20B192
:1045F000002175488172481EC6E724B1082C02D0FC
:104600000020FFF771FF704884720021017532208D
:10461000FDF729FE0020B7E738B504466A48807CDC
:10462000A04201D1002038BD002C46D0664A126855
:104630001179654A526810786B460122FDF7C2FF76
:1046400010B14FF0FF30EEE79DF8000020F02000A1
:1046500000905D4A126811795B4A526810786B4687
:104660000122FDF760FF10B14FF0FF30DBE70320C0
:10467000FDF7F9FD02200090534890F8220020B188
:104680009DF8000040F0800000904F4890F8230013
:1046900020B19DF8000040F0300000904A4A1268B6
:1046A000117D494A526810786B460122FDF73BFFA5
:1046B000002851D04FF0FF30B5E7434A1268117916
:1046C000414A526810786B460122FDF77BFF10B11A
:1046D0004FF0FF30A7E73C48807A00F0010028B196
:1046E0009DF8000040F02000009004E09DF80000DC
:1046F00020F020000090344A12681179324A526842
:1047000010786B460122FDF70EFF10B14FF0FF301D
:1047100089E70320FDF7A7FD2B4890F8220010B190
:104720008020009001E000200090274890F82300AE
:1047300020B19DF8000040F030000090224A12683D
:10474000117D214A526810786B460122FDF7EBFE7D
:1047500010B14FF0FF3066E71B488474002062E719
:1047600008B51948807A10B94FF0FF3008BD002015
:104770000090154A1268D17B134A526810786B4634
:104780000122FDF7D0FE10B14FF0FF30EEE70E4AE8
:10479000126851790C4A526810786B460122FDF775
:1047A000C2FE10B14FF0FF30E0E7074A12681179FE
:1047B000054A526810786B460122FDF7B4FE28B115
:1047C0004FF0FF30D2E7000088010020F74890F852
:1047D0002400002853D00C200090F44A126811796C
:1047E000F24A526810786B460122FDF79CFE10B128
:1047F0004FF0FF30BAE73220FDF735FDC0200090C2
:10480000EA48807A00F0010020B19DF8000040F0F5
:1048100020000090E54A12681179E44A5268107845
:104820006B460122FDF77FFE10B14FF0FF309DE790
:10483000DE48407C10B10220009001E00020009092
:10484000DA4A1268D17BD94A526810786B46012245
:10485000FDF769FE10B14FF0FF3087E700200090B0
:10486000D24A12685179D14A526810786B460122B7
:10487000FDF759FE002855D04FF0FF3076E70420B1
:104880000090CA4A12681179C84A526810786B467B
:104890000122FDF748FE10B14FF0FF3066E7C34834
:1048A000807C20B9C148807A00F0010010B9402016
:1048B000009001E060200090BC4A12681179BB4A68
:1048C000526810786B460122FDF72DFE10B14FF0B3
:1048D000FF304BE73220FDF7C6FCB448407C10B1F6
:1048E0000120009001E000200090B04A1268D17BC6
:1048F000AE4A526810786B460122FDF714FE10B1E3
:104900004FF0FF3032E7A94A12685179A74A52683E
:104910001078A64B10330122FDF705FE10B14FF0C1
:10492000FF3023E7002021E770B50446002624F07D
:1049300001049E4890F8240008B1002070BD9B48F7
:10494000807A10B94FF0FF30F8E79848057C807AFC
:104950002040964908740846007CA04202D04FF0DF
:10496000FF3600E0002614B99048007D18B1012000
:10497000FFF730FD02E00020FFF72CFD3CB1FFF710
:10498000EFFE20B1894805744FF0FF30D6E730467E
:10499000D4E738B504468548807A10B94FF0FF3027
:1049A00038BDBC2C02DB0120009015E0622C02DB3C
:1049B0000220009010E02A2C02DB032000900BE084
:1049C000142C02DB0420009006E00A2C02DB0520F8
:1049D000009001E0062000907448C07A9DF8001015
:1049E000884201D10020DBE7704A126891786F4A53
:1049F000526810786B460122FDF795FD10B14FF01B
:104A0000FF30CDE79DF800106848C1720020C7E76D
:104A100038B50446282C02DD4FF0FF3038BDDCB934
:104A20000020FFF761FD00208DF8000007208DF8C1
:104A300001005E4A1268917C5C4A526810786B46AD
:104A40000222FDF770FD10B14FF0FF30E6E70021C4
:104A5000564801750020E1E70120FFF745FD2020C1
:104A60008DF80000012C06D100208DF801000520F2
:104A7000FFF78FFF17E0052C06DC01208DF8010001
:104A80000520FFF786FF0EE0142C06DC02208DF8CF
:104A900001000A20FFF77DFF05E003208DF80100EB
:104AA0001420FFF776FF9DF80100072101EB80102D
:104AB000C0B28DF801003D4A1268917C3B4A5268B1
:104AC00010786B460222FDF72EFD10B14FF0FF303B
:104AD000A4E7082135488172002101730121017585
:104AE0000020FFF721FF002098E738B504462F4843
:104AF000807A10B94FF0FF3038BD2C4890F8240070
:104B000010B14FF0FF30F7E72848007D50B134B1C5
:104B1000282C04DCE0B2FFF77BFF0020ECE700204C
:104B2000FFF776FF042C01DA042404E0B4F57A7F61
:104B300001DD4FF47A744FF47A7090FBF4F0401E6C
:104B4000C0B20090194A12685178184A5268107819
:104B50006B460122FDF7E7FC10B14FF0FF30CBE7C9
:104B60009DF80000401C4FF47A7191FBF0F081B287
:104B70000E48C1810146C9894810FFF70AFF00208D
:104B8000BAE738B504460948807A10B94FF0FF30CB
:104B900038BD022C06D0042C0AD0082C0BD0102CC7
:104BA0000FD10BE0002000900EE0000088010020F3
:104BB0000820009008E01020009005E018200090E8
:104BC00002E04FF0FF30E3E700BFF848407A9DF87D
:104BD0000010B0EBE10F01D10020D9E7F34A1268D1
:104BE000D179F24A526810786B460122FDF79BFC9E
:104BF00010B14FF0FF30CBE79DF80000C110EB483B
:104C000041720020C4E738B50446E848807A10B9FC
:104C10004FF0FF3038BDFA2C09D0B4F5FA7F09D037
:104C2000B4F57A7F09D0B4F5FA6F0CD108E0002012
:104C300000900BE00820009008E01020009005E0B4
:104C40001820009002E04FF0FF30E3E700BFD748A4
:104C5000007A9DF80010B0EBE10F01D10020D9E7F8
:104C6000D24A12689179D14A526810786B46012273
:104C7000FDF759FC10B14FF0FF30CBE79DF8000075
:104C8000C010CA4908720020C4E71CB580208DF806
:104C90000000C64A1268917CC44A526810786B467C
:104CA0000122FDF740FC10B14FF0FF301CBD642025
:104CB000FDF7D9FA00208DF80000BC4A1268917CFB
:104CC000BA4A526810786B460122FDF72CFC10B1ED
:104CD0004FF0FF30EAE7B54A1268917DB34A526857
:104CE00010786B460622FDF76DFC10B14FF0FF30D7
:104CF000DCE79DF80500C007400F9DF8031001F0A8
:104D0000010140EA41009DF8011001F0010140EA73
:104D100001048CB1012C03D10121A448C17430E0FD
:104D2000022C03D10021A148C1742AE0A0A0FFF702
:104D30000AFA4FF0FF30B9E79C4A1268D1789B4AD3
:104D4000526810786B460122FDF73CFC10B14FF021
:104D5000FF30ABE79DF8000000F00F042CB99E482F
:104D6000FFF7F1F94FF0FF30A0E7042C06D19BA02C
:104D7000FFF7E9F901218D48C17402E000218B4859
:104D8000C174FF2189488172FF2088490872FF2180
:104D900086484172C1724FF6FF71C181FF210174D3
:104DA00081740121017380F82210002180F8231002
:104DB000417501751630016041608160163880F8D8
:104DC000241080F82510C1844FF4FA60FFF71BFF10
:104DD00010B14FF0FF3069E70220FFF7D2FE10B1AB
:104DE0004FF0FF3062E72A20FFF7D3FD10B14FF0FC
:104DF000FF305BE73220FFF778FE10B14FF0FF3055
:104E000054E70020FFF790FD10B14FF0FF304DE761
:104E10000020FFF701FC10B14FF0FF3046E7002003
:104E2000FFF795FB002041E77CB504460D465F483F
:104E3000807A00F0700010B94FF0FF307CBD5B4A03
:104E40001268117B594A526810786B460622FDF7AA
:104E5000B9FB10B14FF0FF30F0E79DF801009DF86D
:104E6000001040EA012000B220809DF803009DF868
:104E7000021040EA012000B260809DF805009DF814
:104E8000041040EA012000B2A08015B12846FDF7C9
:104E9000F6F90020D2E77CB504460D464348807AF7
:104EA00000F0080010B94FF0FF307CBD3F4A126897
:104EB000517B3E4A526810786B460622FDF782FB12
:104EC00010B14FF0FF30F0E79DF801009DF80010A1
:104ED00040EA012000B220809DF803009DF80210F6
:104EE00040EA012000B260809DF805009DF80410A2
:104EF00040EA012000B2A08015B12846FDF7BFF9B5
:104F00000020D2E72DE9FE4F05460C462748807A5F
:104F100018B94FF0FF30BDE8FE8F244A1268917B2C
:104F2000224A5268107802AB0222FDF74BFB10B107
:104F30004FF0FF30EFE79DF809009DF8081040EAB8
:104F4000012006B214B12046FDF799F917494968C6
:104F5000C88802F0B6FB154901904968B1F908000C
:104F600002F0A6FB8346304602F0A2FB59460090B1
:104F700002F0A0F98246019902F0D4F981461F4956
:104F800002F046F980464FF08F4102F099F907464A
:104F900002F0ADFB28600020BDE710B588B00446E4
:104FA0001CB94FF0FF3008B010BD29E08801002087
:104FB000556E737570706F7274656420736F66746C
:104FC000776172652070726F6475637420726576A4
:104FD0002025642E0A0000008099000848616C6654
:104FE0002073656E73697469766974792070617273
:104FF0007420666F756E642E0A00000000000C427B
:10500000206830B9606820B9A06810B9002008B0E5
:1050100010BDFA494968087806AB03221146FDF72E
:10502000D1FA10B14FF0FF30F1E79DF818000821D8
:1050300001EB201000F00F00ADF800009DF8190002
:1050400001EB201000F00F00ADF802009DF81A00EF
:1050500001EB201000F00F00ADF8040020684100C3
:10506000BDF90000403091FBF0F000B2ADF8100047
:1050700060684100BDF90200403091FBF0F000B2E1
:10508000ADF81200A0684100BDF90400403091FB6A
:10509000F0F000B2ADF81400D8494968087806ABC2
:1050A00006221146FDF78EFA10B14FF0FF30AEE741
:1050B0009DF819009DF8181040EA012000B2ADF8E3
:1050C00008009DF81B009DF81A1040EA012000B26C
:1050D000ADF80A009DF81D009DF81C1040EA012063
:1050E00000B2ADF80C00BDF81000BDF8081008447F
:1050F00000B2ADF81000BDF81200BDF80A10084467
:1051000000B2ADF81200BDF81400BDF80C10084450
:1051100000B2ADF81400BDF81000000A8DF81800B8
:10512000BDF81000C0B28DF81900BDF81200000AD9
:105130008DF81A00BDF81200C0B28DF81B00BDF842
:105140001400000A8DF81C00BDF81400C0B28DF8E0
:105150001D00AA494968087806AB06221146FDF7EA
:10516000E2F910B14FF0FF3051E700204FE7014660
:10517000A248007A30B1012807D0022809D00328BC
:105180000FD10AE0FA2008800EE04FF4FA70088090
:105190000AE04FF47A70088006E04FF4FA60088065
:1051A00002E00020088000BF00BF002070470146D9
:1051B0009248407A30B1012807D0022808D003284D
:1051C0000CD108E0022008700BE00420087008E011
:1051D0000820087005E01020087002E04FF0FF3052
:1051E000704700BF8548C07C18B108784006000EA3
:1051F00008700020F4E701468048C07A082817D2DA
:10520000DFE800F01704070A0D101318BC2008800F
:1052100013E06220088010E02A2008800DE01420AE
:1052200008800AE00A20088007E00520088004E0E2
:1052300000BF00BF0020088000BF00BF00207047F3
:1052400001466E4890F8240010B14FF0FF307047CF
:105250006A48C08908800020F9E7014600200880DC
:10526000401E704701464FF0FF30704701466348CB
:10527000007A30B1012807D0022808D003280CD1C9
:1052800008E05F4808600BE05E48086008E05E48A0
:10529000086005E05D48086002E04FF0FF307047AD
:1052A00000BF0020FBE701465448407A30B1012896
:1052B00008D002280AD0032810D10BE04FF4804018
:1052C00008800EE041F69C7008800AE04FF48050A0
:1052D000088006E04FF40060088002E04FF0FF30E5
:1052E000704700BF4548C07C10B108884010088056
:1052F0000020F5E701464148007C08700020704717
:1053000001463E48807A10B10120087001E000207B
:1053100008700020704738B504463848807A10B9C4
:105320004FF0FF3038BD354A1268117C334A52685D
:1053300010786B460222FDF745F910B14FF0FF30AF
:10534000F0E79DF801009DF8001040EA012000B24E
:1053500020800020E6E72DE9FE4F0746884692466A
:105360001D46DDF830B000260024244890F82400C3
:1053700010B1601EBDE8FE8F002028701F48807AA3
:1053800010B94FF0FF30F5E71C48007C10B94FF022
:10539000FF30EFE71948007C00F0400008B1B01C76
:1053A000C6B21648007C00F0200008B1B01CC6B29E
:1053B0001248007C00F0100008B1B01CC6B20F48C3
:1053C000007C00F0080008B1B01DC6B20B4A12689C
:1053D000917A0A4A526810786B460222FDF7F2F879
:1053E00010B14FF0FF30C5E79DF801009DF80010A7
:1053F00040EA0129B1450BDA0020BBE78801002013
:1054000000000343000083423333034233338341BC
:10541000FC4840684088B9EB600F17DDF94A126814
:10542000517CF84A526810786B460122FDF7CAF8A1
:1054300010B14FF0FF309DE79DF8000000F0100024
:1054400020B1FFF78DF96FF0010093E75046FCF7AC
:1054500016FFEC4A1268D17AEA4A526810786B4615
:105460003246FDF7AFF810B14FF0FF3082E799FBFD
:10547000F6F0401E8BF8000000202870B4422AD0BD
:10548000E048007C00F0080028B3601C1DF8000014
:105490001DF8041040EA012000B2A8F80000E01C4A
:1054A0001DF80010A01C1DF8000041EA002000B209
:1054B000A8F80200601D1DF80010201D1DF8000056
:1054C00041EA002000B2A8F80400287840F0080063
:1054D0002870A01D84B2B44213D0CA48007C00F0EA
:1054E000400070B1601C1DF800001DF8041040EA77
:1054F000012000B23880287840F040002870A01CBD
:1055000084B2B44213D0BF48007C00F0200070B1D8
:10551000601C1DF800001DF8041040EA012000B2D4
:105520007880287840F020002870A01C84B2B44213
:1055300013D0B448007C00F0100070B1601C1DF85E
:1055400000001DF8041040EA012000B2B88028785D
:1055500040F010002870A01C84B200200AE7F8B5C3
:1055600004460F461646A74890F8240010B94FF09D
:10557000FF30F8BDA348807A10B94FF0FF30F8E74C
:10558000A04A1268917A9F4A526810786B460222AC
:10559000FDF718F810B14FF0FF30EAE79DF8010071
:1055A0009DF8001040EA0125A54203DA0020307082
:1055B000401EDEE7934840684088B5EB600F17DD7A
:1055C000904A1268517C8F4A526810786B460122CB
:1055D000FCF7F8FF10B14FF0FF30CAE79DF800006C
:1055E00000F0100020B1FFF7BBF86FF00100C0E73A
:1055F000E2B2844B1B68D97A824B5B6818783B46D1
:10560000FCF7E0FF10B14FF0FF30B2E795FBF4F08C
:10561000401E30700020ACE701467A4880F8221026
:10562000002070477CB5054676494968087801AB8B
:1056300004220D21FCF7C6FF08B107207CBD9DF8B0
:105640000700C0F301109DF8041001F0E00140EAEA
:10565000E1008DF800009DF80700C0F381009DF87F
:10566000051001F0E00140EAE1008DF801009DF82D
:10567000070000F003009DF8061001F0E00140EA89
:10568000E1008DF8020000241CE01DF8040018B9A8
:10569000002045F8240013E05B4845F8240006E0AC
:1056A00055F82400594901F00BFE45F824001DF877
:1056B0000400401EC0B20DF804000028F0D100BF65
:1056C000601CC4B2032CE0DB0020B7E72DE9FE4FDD
:1056D00006460F4600256846FFF7A4FF002442E077
:1056E00056F8240057F82410A0EB010ABAF1000F75
:1056F00001DB514601E0CAF10001084601F0D8FF84
:1057000083464FF08F4101F00DFE80465DF8240086
:10571000002102F061F816D05DF82410404601F037
:1057200001FE82464FF07E5101F0C4FD814629F012
:10573000004A3748416A504602F058F812D2012018
:10574000A04005430EE03248C169404602F044F8EB
:1057500005D32F48016A404602F048F802D20120E2
:10576000A0400543641C032CBADB2846BDE8FE8F2D
:105770002DE9FC5F06460F46002522494968087856
:1057800001AB03220D21FCF71DFF10B10720BDE87E
:10579000FC9F9DF8040000F01F008DF804009DF8A8
:1057A000050000F01F008DF805009DF8060000F0D0
:1057B0001F008DF80600002462E056F8240057F818
:1057C0002410A0EB010BBBF1000F01DB594601E0F7
:1057D000CBF10001084601F06BFF4FF08F410090C4
:1057E00001F0A0FD814601A8005DC0B3084908682A
:1057F00001F067FF83465946064801F093FD804655
:105800000FE00000880100207B14AE3E1D5A843F4B
:10581000708C000800B04C45FE49404601F050FD38
:10582000804601A8005D401EC0B201A908550028AD
:10583000F2D14146484601F075FD83464FF07E5156
:1058400001F038FD82462AF0004BF3488169584642
:1058500001F0CCFF13D20120A04005430FE0FFE789
:10586000ED480169484601F0B7FF05D3EA484169B0
:10587000484601F0BBFF02D20120A0400543641C52
:10588000032C9ADB284682E72DE9F04F87B00546C6
:105890000C46914601208DF8100000208DF8110073
:1058A000DE4A1268917CDD4A5268107804AB02220D
:1058B000FCF739FE20B14FF0FF3007B0BDE8F08FA4
:1058C000C820FCF7D0FC00208DF81000D34A1268E5
:1058D000D17BD24A5268107804AB0122FCF723FE38
:1058E00010B14FF0FF30E8E7CC4A12685179CB4A4B
:1058F0005268107804AB0122FCF715FE10B14FF08E
:10590000FF30DAE7C54A1268917CC44A52681078C1
:1059100004AB0122FCF707FE10B14FF0FF30CCE7DB
:10592000BE4A1268D17DBD4A5268107804AB01228C
:10593000FCF7F9FD10B14FF0FF30BEE7B74A12682F
:105940001179B64A5268107804AB0122FCF7EBFDDE
:1059500010B14FF0FF30B0E70C208DF81000AF4AC7
:1059600012681179AD4A5268107804AB0122FCF735
:10597000DAFD10B14FF0FF309FE70F20FCF773FC0A
:10598000A648806A407A8DF81000A44A126891787F
:10599000A24A5268107804AB0122FCF7C4FD10B192
:1059A0004FF0FF3089E79D48806A007A8DF810003B
:1059B0009A4A12685178994A5268107804AB0122C9
:1059C000FCF7B1FD10B14FF0FF3076E7B9F1000FF1
:1059D00007D09248806A807A40F0E0008DF810008D
:1059E00004E08E48806A807A8DF810008B4A126835
:1059F00091798A4A5268107804AB0122FCF793FD32
:105A000010B14FF0FF3058E7B9F1000F07D08348CD
:105A1000806AC07A40F0E0008DF8100003E07E4814
:105A2000C07A8DF810007D4A1268D1797B4A52689D
:105A3000107804AB0122FCF776FD10B14FF0FF3077
:105A40003BE7B9F1000F02D0C820FCF70CFC402066
:105A50008DF81000714A12681179704A52681078F6
:105A600004AB0122FCF75FFD10B14FF0FF3024E7DB
:105A700078208DF81000694A12685179674A526897
:105A8000107804AB0122FCF74EFD10B14FF0FF304F
:105A900013E761498889FCF7E6FB00208DF81000C8
:105AA0005E4A126851795D4A5268107804AB01224F
:105AB000FCF739FD10B14FF0FF30FEE6574A12688F
:105AC000917A564A5268107804AB0222FCF77AFDAC
:105AD00010B14FF0FF30F0E69DF811009DF8101066
:105AE00040EA012B0C209BFBF0F0C6B20020A8601E
:105AF00068602860A06060602060824665E0474A78
:105B00001268D17A454A5268107804AB0C22FCF72F
:105B100059FD10B14FF0FF30CFE69DF811009DF810
:105B2000101040EA012000B2ADF808009DF8130003
:105B30009DF8121040EA012000B2ADF80A009DF86D
:105B400015009DF8141040EA012000B2ADF80C00D9
:105B5000BDF90810206808442060BDF90A1060688B
:105B600008446060BDF90C10A0680844A0609DF86E
:105B700017009DF8161040EA012000B2ADF80000B1
:105B80009DF819009DF8181040EA012000B2ADF808
:105B900002009DF81B009DF81A1040EA012000B297
:105BA000ADF80400BDF90010286808442860BDF96C
:105BB0000210686808446860BDF90410A8680844C9
:105BC000A8600AF1010000F0FF0AB24597DB124815
:105BD000D0F800C02868C117090441EA1041070441
:105BE00062460023384601F0A5FA32460023CDE98B
:105BF000020101F09FFA28600748D0F800C06868E9
:105C0000C117090441EA10410704624600233846DF
:105C100006E0000054E3853F708C000888010020F6
:105C200001F088FA32460023CDE9020101F082FA40
:105C30006860FE48D0F800C0A868C117090441EAAE
:105C40001041070462460023384601F073FA3246D9
:105C50000023CDE9020101F06DFAA860F348D0F805
:105C600004C02168C817000440EA11480F046246C6
:105C700000233846414601F05DFA32460023CDE963
:105C8000020101F057FA2060E848D0F804C06068CB
:105C9000C117090441EA104107046246002338464F
:105CA00001F048FA32460023CDE9020101F042FA40
:105CB0006060DE48D0F804C0A068C117090441EA5A
:105CC0001041070462460023384601F033FA324699
:105CD0000023CDE9020101F02DFAA060A0680028A0
:105CE00004DDA068A0F58030A06003E0A06800F5A6
:105CF0008030A0600020E0E538B50446CC4890F83C
:105D00002400A04201D1002038BD24B3C84890F837
:105D1000250010B94FF0FF30F6E70020FEF75AFBE0
:105D20000020FEF779FCC249C88CFEF7DEFE002099
:105D30000090BF49496808786B4601222321FCF78F
:105D4000F2FB0121BA4880F824100120FEF742FB43
:105D5000FEF706FD13E00020FEF73CFBB448007C94
:105D60000090B349496808786B4601222321FCF76B
:105D7000DAFB0021AE4880F82410FEF7F1FC002089
:105D8000C2E72DE9F04F8DB083460F4602200C90FC
:105D9000A74890F8240020B10020FFF7ADFF0126AE
:105DA00000E0002603A8FFF7E2F905A8FFF7FFF9D6
:105DB00001A8FFF720FA02A8FFF742FA9C4890F8E2
:105DC0000AA004A8FFF796FA002407E0002239464B
:105DD0005846FFF759FD00B902E0641C022CF5DBC0
:105DE00000BF022C01D1002528E0002407E0012299
:105DF00006A909A8FFF748FD00B902E0641C022CBF
:105E0000F5DB00BF022C01D1002517E006A93846BA
:105E1000FFF75CFC00F0FF0809A95846FFF7A8FC53
:105E200000F0FF090025B9F1000F01D145F001058F
:105E3000B8F1000F01D145F0020500BFFF207C49F9
:105E40000872FF217A484172C1724FF6FF71C18119
:105E5000FF218172017401210173BDF80C00FEF76E
:105E6000D2FE9DF81400FEF78CFEBDF80400FEF78C
:105E700090FDBDF80800FEF738FE5046FEF767FBC0
:105E80009DF81000FEF750FD16B10120FFF734FF1A
:105E900028460DB0BDE8F08FF8B504460D4616460D
:105EA00016B94FF0FF30F8BD6148807A10B94FF055
:105EB000FF30F8E720128DF80000E0B28DF8010005
:105EC0009DF8010028445A4949684989884202DD01
:105ED0004FF0FF30E7E7564A1268117E544A526885
:105EE00010786B460222FCF71EFB10B14FF0FF301A
:105EF000D9E7EAB24E4B1B68597D4D4B5B68187869
:105F00003346FCF710FB10B14FF0FF30CBE7002019
:105F1000C9E7F8B504460D46164616B94FF0FF30EE
:105F2000F8BD4348807A10B94FF0FF30F8E72012EF
:105F30008DF80000E0B28DF801009DF801002844C2
:105F40003B4949684989884202DD4FF0FF30E7E765
:105F5000374A1268117E364A526810786B46022220
:105F6000FCF7E1FA10B14FF0FF30D9E7EAB2304B5D
:105F70001B68597D2E4B5B6818783346FCF722FB73
:105F800010B14FF0FF30CBE70020C9E72DE9F04317
:105F900085B005460E4690469946254890F825005E
:105FA00020B14FF0FF3005B0BDE8F08316B94FF0D7
:105FB000FF30F8E7002423E0281B102801DD102023
:105FC00000E0281B87B2321939462046FFF764FFEC
:105FD00010B14FF0FF30E6E701AA39462046FFF73F
:105FE00098FF10B14FF0FF30DDE730193A4601A9B4
:105FF00001F001F910B16FF00100D4E7E01984B2AB
:10600000AC42D9DB4FEA28208DF8000008F0FF00F1
:106010008DF80100064A1268917E054A5268107890
:106020006B460222FCF77FFA38B103E0708C00085F
:10603000880100204FF0FF30B5E701218A4880F841
:106040002510A0F826900020ADE70146864890F87C
:10605000240008700020704702464FF0FF30704760
:1060600001464FF0FF307047F8B505460F4614461D
:10607000002C70D0B5F5FF5F01DDFF2605E0202D77
:1060800001DA012601E0C5F3471607B90127282CDC
:1060900002DD4FF0FF30F8BD7348407D28BB7248E9
:1060A00090F8240038B10020FFF726FE01216E4849
:1060B00080F8201003E000216B4880F820106A4827
:1060C0001630FFF754F868481830FFF770F8664844
:1060D0001A30FFF790F864481C30FFF7B1F86248B7
:1060E000817A81771F30FFF705F90020FEF772F9FA
:1060F0000020FEF78DFC00208DF800005A4A12683F
:106100009178594A526810786B460122FCF70BFAD5
:1061100010B14FF0FF30BEE740208DF80000524A2A
:106120001268D17B504A526810786B460122FCF706
:10613000FAF900B165E08DF800608DF801704A4A07
:106140001268117A484A526810786B460222FCF7AE
:10615000EAF908B155E047E00520FCF784F8424829
:10616000407A072101EBC000C0B28DF800003E4A22
:106170001268D1793C4A526810786B460122FCF7CC
:10618000D2F900B13DE020208DF80000012C03D1B0
:1061900000208DF801000EE0052C03DC01208DF8B5
:1061A000010008E0142C03DC02208DF8010002E05D
:1061B00003208DF801009DF80100072101EB8010FC
:1061C000C0B28DF80100284A1268917C264A5268B4
:1061D00010786B460222FCF7A6F900B111E001210C
:1061E00021484175002056E71F4A1632002103E07E
:1061F000505C00B105E0491C0C29F9D34FF0FF3089
:1062000049E7FF2018490872FF2117484172C172FF
:106210004FF6FF71C181FF21817201740121017369
:106220000146887FFEF793F90F49C88AFEF7EBFC19
:106230000D49087EFEF7A5FC0B49488BFEF7A9FB2C
:106240000949888BFEF751FC0749C87FFEF76CFBB4
:10625000054890F8200010B10120FFF74DFD002106
:1062600001484175002016E78801002010B5C823B9
:106270004FF48062F74940F6F630FFF787FE10BD15
:1062800010B586B00446F4A000680390F3A000683F
:106290000290F3A000680190F2A00068009004F062
:1062A000030003A9085C8DF8140003A8C4F3C1011E
:1062B000405C8DF8150003A8C4F38111405C8DF893
:1062C000160004F0030002A9085C8DF8100002A873
:1062D000C4F3C101405C8DF8110002A8C4F3811120
:1062E000405C8DF8120005AA032140F22640FFF71A
:1062F000D3FD18B14FF0FF3006B010BD04AA032142
:1063000040F22A40FFF7C8FD10B14FF0FF30F3E72D
:10631000019805900098049004F0040058B19DF88D
:10632000140040F001008DF814009DF8100040F0BA
:1063300001008DF8100004F0200058B19DF8150000
:1063400040F001008DF815009DF8110040F00100AB
:106350008DF8110004F4807058B19DF8160040F0DB
:1063600001008DF816009DF8120040F001008DF834
:10637000120005AA03214FF48860FFF78DFD10B1CC
:106380004FF0FF30B8E704AA032140F23140FFF795
:1063900083FD10B14FF0FF30AEE7B3480481002019
:1063A000AAE71FB50446B048007A00F0030054F88D
:1063B00020000190AC48007A00F0040010B1019870
:1063C00040420190A848007AC0F3C10054F8200070
:1063D0000290A548007A00F0200010B102984042D7
:1063E0000290A148007AC0F3811054F82000039075
:1063F0009D48008900F4807010B1039840420390DA
:106400009A49019880FB0101800F40EA81000190C8
:106410009649029880FB0110820042EA9170029036
:106420009249039880FB0110820042EA9170039028
:106430000198000E8DF800000198000C8DF8010005
:106440000198000A8DF802000198C0B28DF803008F
:106450006A4604214FF47470FFF71EFD18B14FF027
:10646000FF3004B010BD0298000E8DF800000298B5
:10647000000C8DF801000298000A8DF802000298C5
:10648000C0B28DF803006A4604214FF47570FFF71F
:1064900003FD10B14FF0FF30E3E70398000E8DF8D5
:1064A00000000398000C8DF801000398000A8DF895
:1064B00002000398C0B28DF803006A4604214FF42D
:1064C0007670FFF7E9FCCCE770B588B0064601A806
:1064D000FEF7E9FEBDF804000021C90341EA50457A
:1064E000C4036148007A00F0030056F820000590CC
:1064F0005D48007A00F0040010B105984042059014
:106500005948007AC0F3C10056F82000069056485A
:10651000007A00F0200010B10698404206905248E0
:10652000007AC0F3811056F8200007904E48008989
:1065300000F4807010B10798404207900598C11789
:10654000A0FB042301FB043100FB0510810041EA9C
:10655000927005900698C117A0FB042301FB04313B
:1065600000FB0510810041EA927006900798C11760
:10657000A0FB042301FB043100FB0510810041EA6C
:10658000927007900598000E8DF808000598000C91
:106590008DF809000598000A8DF80A000598C0B228
:1065A0008DF80B000698000E8DF80C000698000C74
:1065B0008DF80D000698000A8DF80E000698C0B2FE
:1065C0008DF80F000798000E8DF810000798000C4A
:1065D0008DF811000798000A8DF812000798C0B2D4
:1065E0008DF8130002AA0C214FF42570FFF754FC1C
:1065F00008B070BD30B585B004461DA207CA02AB15
:1066000007C3C82C03DD4FF0FF3005B030BDC820F4
:1066100090FBF4F0401E85B2280A8DF80000E8B225
:106620008DF801006A46022140F21620FFF734FC83
:1066300010B14FF0FF30E8E702AA0C2140F6C1206C
:10664000FFF72AFC10B14FF0FF30DEE706488481E7
:106650000020DAE7988C00084CCD6C000CC92C00A7
:1066600036567600264666002C03002009E3CA024F
:10667000FEF2ABC4AAF1DFDFBBAFDFDF0146FC48AF
:1066800080890880002070472DE9FC4706460F46A8
:1066900006F0070010B1B7F5C86F03DD4FF0FF300B
:1066A000BDE8FC87384601F00CF88146F14900F05E
:1066B00039FE80466846FEF77AFD9DF80000022804
:1066C00006D0042816D0082826D0102848D135E056
:1066D0004FF08D41404600F0F3FD814601F020F877
:1066E00084B2E549404600F0EBFD814601F018F820
:1066F00085B238E04FF08C41404600F0E1FD814624
:1067000001F00EF884B2DD49404600F0D9FD814623
:1067100001F006F885B226E04FF08B41404600F0CC
:10672000CFFD814600F0FCFF84B2D549404600F021
:10673000C7FD814600F0F4FF85B214E04FF08A41B6
:10674000404600F0BDFD814600F0EAFF84B2CD492D
:10675000404600F0B5FD814600F0E2FF85B202E060
:106760004FF0FF309CE700BF20128DF80400E0B22C
:106770008DF8050028128DF80600E8B28DF80700A4
:1067800006F00100A0B101AA02214FF4EA70FFF760
:1067900083FB10B14FF0FF3082E70DF106020221BA
:1067A0004FF49270FFF778FB10B14FF0FF3077E7AE
:1067B00006F00200A0B101AA02214FF4EC70FFF72D
:1067C0006BFB10B14FF0FF306AE70DF106020221BA
:1067D0004FF49470FFF760FB10B14FF0FF305FE7AC
:1067E00006F00400A0B101AA02214FF4EE70FFF7F9
:1067F00053FB10B14FF0FF3052E70DF106020221BA
:106800004FF49670FFF748FB10B14FF0FF3047E7A9
:10681000002045E738B504460020009004F0010050
:1068200020B19DF8000040F03000009004F002001C
:1068300020B19DF8000040F00C00009004F004002E
:1068400020B19DF8000040F0030000906A4601214D
:106850004FF4A470FFF720FB38BD38B50446012C77
:1068600001DA012402E0042C00DD0424601EC0B221
:1068700000906A46012140F24F10FFF70DFB38BD32
:1068800038B50446052094FBF0F085B228128DF847
:106890000000E8B28DF801006A4602214FF4EF7063
:1068A000FFF7FAFA38BD38B50446052094FBF0F03E
:1068B00085B228128DF80000E8B28DF801006A4612
:1068C00002214FF4ED70FFF7E7FA38BDF8B5054641
:1068D0000E464FF47A7095FBF0F000FB06F4200EA4
:1068E0008DF80000200C8DF80100200A8DF80200C0
:1068F000E0B28DF803006A4604214FF4AE70FFF752
:10690000CBFAF8BD38B50446052094FBF0F084B20C
:1069100020128DF80000E0B28DF801006A460221D5
:106920004FF4AD70FFF7B8FA38BD38B5044605200E
:1069300094FBF0F084B220128DF80000E0B28DF8E4
:1069400001006A4602214FF4AC70FFF7A5FA38BD8A
:1069500038B5044614B94FF0FF3038BD6A460421FB
:106960004FF45870FFF7D5FA10B14FF0FF30F4E74D
:106970009DF8000000069DF8011040EA01409DF8D6
:10698000021040EA01209DF8031008432060002017
:10699000E3E738B50446200E8DF80000200C8DF892
:1069A0000100200A8DF80200E0B28DF803006A466B
:1069B00004214FF45870FFF76FFA38BD38B504461C
:1069C00014B94FF0FF3038BD6A4604214FF471709E
:1069D000FFF79FFA10B14FF0FF30F4E79DF8000089
:1069E00000069DF8011040EA01409DF8021040EABF
:1069F00001209DF80310084300EB80008000206018
:106A00000020E0E738B504461420B4FBF0F4200E73
:106A10008DF80000200C8DF80100200A8DF802008E
:106A2000E0B28DF803006A4604214FF47170FFF75D
:106A300033FA38BD38B5044664B120208DF8000023
:106A400028208DF8010030208DF8020038208DF8C4
:106A5000030004E0A3220421684600F0AEFB6A466E
:106A6000042140F69E20FFF717FAFDF779FE38BDA6
:106A70002C03002000004843000040460000C045B1
:106A8000000040450000C04438B5044664B1C02051
:106A90008DF80000C2208DF80100C4208DF802009E
:106AA000C6208DF8030004E08B220421684600F024
:106AB00084FB6A46042140F69820FFF7EDF9FDF7C4
:106AC0004FFE38BD3EB504466CB1FDA1D1E90020B2
:106AD0008968CDE9002002916A4609214FF4976048
:106AE000FFF7DAF93EBDF9A2D2E900109268CDE9CC
:106AF000010200916A4609214FF49760FFF7CCF933
:106B0000F0E73EB5044602208DF80000CA208DF85B
:106B10000100E3208DF8020009208DF803006A4689
:106B200004216820FFF7B8F9A3208DF8000004F0D5
:106B3000400048B1C0208DF80100C8208DF8020047
:106B4000C2208DF8030006E0A3208DF801008DF827
:106B500002008DF8030004F4C07048B1C4208DF821
:106B60000400CC208DF80500C6208DF8060006E054
:106B7000A3208DF804008DF805008DF80600A320F1
:106B80008DF807008DF808008DF809006A460A2183
:106B900040F6A720FFF780F904F0030018B1202089
:106BA0008DF8000002E0D8208DF800006A4601212F
:106BB00040F6B620FFF770F904F0200018B101206C
:106BC000FFF780FF02E00020FFF77CFF04F4C070B5
:106BD00008B304F4807060B1B2208DF800008B20FF
:106BE0008DF80100B6208DF802009B208DF803007F
:106BF0000BE0B0208DF8000080208DF80100B4205B
:106C00008DF8020090208DF803006A46042140F6BA
:106C1000A220FFF741F904F0010020B3F8208DF81D
:106C200000006A4601214FF40B60FFF735F9FA21A5
:106C30000720FFF729FD0720FFF7ECFD0120FFF7F4
:106C40000CFE6420FFF71CFE4FF4FA70FFF72BFEDA
:106C5000C821A148FFF73AFE2820FFF753FE0A207B
:106C6000FFF763FE08E0D8208DF800006A46012196
:106C70004FF40B60FFF710F904F0020018B1D920AF
:106C80008DF8000002E0D8208DF800006A4601214E
:106C900040F23D70FFF700F904F0040018B1012044
:106CA000FFF7F2FE02E00020FFF7EEFE04F0100016
:106CB00018B10120FFF7BEFE02E00020FFF7BAFE88
:106CC00044F0080085494881FDF74AFD00208349CA
:106CD000887304F0400018B10846807B801D8873DB
:106CE00004F4C07020B17D48807B801D7B4988738F
:106CF00004F0140020B17948807B10307749887304
:106D000004F0030020B17548807B001D734988732F
:106D100000203EBD01467148408908800020704730
:106D20002DE9F0410446E07800F0C006E07800F07C
:106D30003F05607800F0010098B1EF102846E91790
:106D400005EB5171C910A5EBC101491C01F0FF0809
:106D50006248006820B16148414602683846904761
:106D600000BF607800F0080030B15C48406818B19E
:106D7000B0115A4A516888470020BDE8F08110B52B
:106D800086B0044656A207CA03AB07C357A207CA78
:106D90008DE80700012C09D0022C0ED103AA0B218B
:106DA00040F68220FFF778F806B010BD6A460B2146
:106DB00040F68220FFF770F8F6E74FF0FF30F3E778
:106DC0002DE9F04F8DB00746884615469946DDE916
:106DD000166B0024002030804049887B5A4605A964
:106DE000FEF7BDFB18B1601E0DB0BDE8F08F3B484B
:106DF000807A00F01400002861D09DF8140000068D
:106E00009DF8151040EA01409DF8161040EA012057
:106E10009DF81710084328609DF8180000069DF89B
:106E2000191040EA01409DF81A1040EA01209DF82F
:106E30001B10084368609DF81C0000069DF81D109B
:106E400040EA01409DF81E1040EA01209DF81F1005
:106E50000843A8609DF8200000069DF8211040EA34
:106E600001409DF8221040EA01209DF823100843BC
:106E7000E86004F11000C4B228680014019068684A
:106E800000140290A86800140390E86800140490AD
:106E900001984043029901FB0100039901FB0100A5
:106EA000049901FB010ABAF1706F02DBBAF1885F45
:106EB00022DDFDF755FC00203080401E94E721E0E4
:106EC000B8AAB38DB4980D355D000000B8AAAAAA7F
:106ED000B088C3C5C700000009E3CA022C03002024
:106EE000D8B1B9F38BA391B609B4D900DAB1B9F32B
:106EF0008BA391B6DAB4DA00B6F9000040F48070E2
:106F0000308000BF7848807A00F0400020B305A9A7
:106F1000601C085C095D40EA012000B2A8F800008E
:106F200005A9E01C095C05AAA01C105C41EA002030
:106F300000B2A8F8020005A9601D095C201D105CC4
:106F400041EA002000B2A8F80400A01DC4B2B6F9BE
:106F5000000040F0080030806348408900F4C070B1
:106F600008B305A9601C085C095D40EA012000B275
:106F7000388005A9E01C095C05AAA01C105C41EA48
:106F8000002000B2788005A9601D095C201D105CFE
:106F900041EA002000B2B880A01DC4B2B6F90000DA
:106FA00040F0700030805048807A00F0030018B143
:106FB00005A90819FFF7B4FE4846FBF760F9002061
:106FC00012E70146484801600020704701464648E4
:106FD000416000207047014691F90020002A01DD40
:106FE00000201EE091F90020002A01DA042018E0B8
:106FF00091F90120002A01DD012012E091F9012020
:10700000002A01DA05200CE091F90220002A01DDB6
:10701000022006E091F90220002A01DA062000E0B1
:107020000720704770B505462846FFF7D4FF044691
:10703000E81CFFF7D0FF44EAC00084B2A81DFFF7A8
:10704000CAFF44EA801084B2204670BD70B588B093
:1070500002A905A8FEF795FE0446032C3FD101A81E
:10706000FEF704F9059800F023FB0646019900F0AD
:1070700027F9054600F03BFB0590069800F018FB49
:107080000646019900F01CF9054600F030FB069019
:10709000079800F00DFB0646019900F011F905462E
:1070A00000F025FB079005A8FFF77BF96846FEF77F
:1070B000FAF8BDF80010029848430290BDF800109D
:1070C000039848430390BDF8001004984843049087
:1070D00002A8FFF7F9F905A0FDF735F802E00CA0CA
:1070E000FDF731F808B070BD2C030020736574748F
:1070F000696E672062696173207375636365736687
:10710000756C6C79202E2E2E2E2E2E0A000000007B
:107110006269617320686173206E6F7420626565B7
:107120006E206D6F646966696564202E2E2E2E2E8A
:107130002E0A00002DE9F0410024061B254671F1BE
:10714000000605DA01240027D0EB070067EB0101F8
:10715000161E73F1000605DA0027D2EB070201259F
:1071600067EB030300F062FB86460E4617469C461B
:10717000AC4204D00025D0EB050E65EB010624B12E
:107180000020D2EB000760EB030C704631463A4614
:107190006346BDE8F08140EA01039B0703D009E0A4
:1071A00008C9121F08C0042AFAD203E011F8013BF3
:1071B00000F8013B521EF9D27047D2B201E000F84C
:1071C000012B491EFBD270470022F6E710B513468B
:1071D0000A4604461946FFF7F0FF204610BD421E3E
:1071E00012F8013F002BFBD111F8013B02F8013BE3
:1071F000002BF9D1704730B504460020034600E06B
:107200005B1C934203D2E05CCD5C401BF8D030BDE8
:10721000F0B480EA0102D40F4200B2EB410F02D277
:107220000246084611464A0042D0C30DDDB2C1F302
:10723000C752AD1A202D35DAC1F3160141F4000210
:1072400004B15242C5F1200602FA06F12A41104467
:10725000B3EBD05F23D0C4B1012DA0EBC35009DC48
:10726000F0BC4FF0004202EAC352DBB200F500006E
:1072700000F037BB400000F1807000EBC350A0F17C
:10728000807040EAD170490009E0490841EAC071C4
:10729000A0EBC35000F50000400800EBC350F0BC69
:1072A00000F016BB6142012202EB4101001BF6E730
:1072B000F0BC704781F00041AAE780F00040A7E7EA
:1072C00080EA010210B502F00043400022D04A00DB
:1072D0001FD0010E01EB1261C0F35600C2F356023B
:1072E00040F4000042F40002A0FB022000047F39B9
:1072F000140400D0401C50EA124001D44000491E42
:10730000C2B20C0604EBD010401C4008802A02D008
:1073100003E0002010BD20F00100002900DA002069
:10732000184310BD30B480EA010202F0004530F08D
:10733000004221F0004013D090B1C30DD40DC2F330
:107340001601C0F31600E41A41F4000140F40002F3
:107350007D34914201D3641C00E04900002C02DA24
:1073600030BC002070474FF400000023914201D34D
:10737000891A034340084FEA4101F7D151B19142C4
:1073800002D14FF0004105E002D24FF0010101E0CF
:107390006FF0010103EBC450284430BC00F098BAF0
:1073A0002DE9FE4F804681EA0300C00F0C46009095
:1073B00021F0004123F00045B8EB0200A94105D2BD
:1073C0004046214690461C460B46024623F00040AC
:1073D000104347D0270DC7F30A00C3F30A510290A8
:1073E000401A019040286BDAC3F3130040F4801B6D
:1073F0000098924620B10023D2EB030A63EB0B0BFB
:1074000001985946C0F14002504600F040FA064645
:107410000D4650465946019A00F048FA10EB080014
:107420006141002487EA115284EAE7731A4340D08D
:10743000009A62B3019A012A4FEA075215DC001B39
:1074400061EB02014FF0004202EA0752CDE900422F
:10745000001C41F5801132462B4600F07FFA03B044
:10746000BDE8F08F40462146F9E7001B61EB0201C1
:10747000001C41F5801300185B412018A2F500178D
:1074800047EB030140EAD570B6196D4111E06D0874
:107490004FEA360645EAC0754FEA0752001B61EB1A
:1074A0000201001C41F5801149084FEA3000001923
:1074B000514132462B4603B0BDE8F04F00F03FBAD1
:1074C0000098012240000023D0EB020263EBE0733E
:1074D000009821464FEAE074B8EB000061EB04012C
:1074E000E9E783F000435BE781F0004158E72DE9CD
:1074F000FE4F81EA030404F0004421F000410094AF
:107500004FF0000B23F0004350EA01045ED052EA32
:1075100003045BD0C3F30A54C1F30A552C44A4F20C
:10752000F3340194A0FB0254C1F3130141F4801120
:10753000C3F3130343F4801301FB024400FB034E27
:10754000840A970A44EA815447EA8357A4FB0768F0
:1075500002958D0A05FB07854FEA932C04FB0C541A
:107560002705029D4FEA065847EA1637B5EB08058E
:107570006EEB070C870E920E47EA811742EA8312E0
:10758000A7FB0201B6EB0B0164EB00042B0D43EAF1
:107590000C335E1844EB1C50DA465146E7FB0201FF
:1075A000C5F313044FEA0B3343EA14534FEA043292
:1075B000019C43EA0603A4F10C040294009CCDE96B
:1075C00000B400F0CBF903B0BDE8F08F0020014615
:1075D000F9E72DE9F04D81EA030404F0004B21F0B6
:1075E000004514464FF0000A23F0004150EA05021E
:1075F00020D054EA01021DD0C5F30A570246C5F354
:107600001303C1F31300C1F30A5640F4801543F489
:107610008013A7EB0608101BD64608F2FD3873EB63
:10762000050002D308F1010801E092185B41B8F1AE
:10763000000F03DA00200146BDE8F08D00204FF472
:107640008011064684460EE0171B73EB050705D331
:10765000121B63EB050306434CEA010C49084FEA91
:10766000300092185B4150EA0107EDD152EA030065
:1076700012D082EA040083EA0501084305D0101BFA
:10768000AB4106D20122002306E000224FF0004366
:1076900002E06FF0010253101AEB06004CEB0851A8
:1076A00010EB0A0041EB0B01BDE8F04D00F047B9CB
:1076B000C10F80EAE0700844CA079623002100F059
:1076C00010B996230022114600F00BB90EB5C10F78
:1076D00080EAE0700844CA07002140F233438DE895
:1076E0000E000A460B4600F039F903B000BD00F069
:1076F000004220F00040C10DC0F3160040F400002D
:107700007F2901DA00207047962903DCC1F1960138
:10771000C84001E096398840002AF4D040427047C2
:1077200020F00040C10DC0F3160040F400007F2996
:1077300001DA00207047962903DCC1F19601C840A8
:10774000704796398840704700F0004230F00040A2
:107750000AD0C10D01F56071C0F3160042EA015173
:10776000C2084007114370470020014670470000DF
:1077700030B5041E71F1000404DB4FF000444042B8
:1077800064EB0101141E73F1000405DB1C464FF08D
:107790000043524263EB04038B4208BF824230BD78
:1077A00001F0004330B421F0004150EA010206D05C
:1077B0000A0DA2F56072C1F31301002A02DC30BC8D
:1077C00000207047440F44EAC104C100E01830BCF7
:1077D00000EBC25000F07CB8002801DBC0F1004093
:1077E000002901DBC1F1004181427047002801DB23
:1077F000C0F10040002901DBC1F10041884270471F
:1078000030B50B46014600202022012409E021FA70
:1078100002F59D4205D303FA02F5491B04FA02F56D
:107820002844151EA2F10102F1DC30BD2DE9F05F04
:107830000546002092469B468846064681464024DF
:107840001BE0284641464746224600F02FF95346A2
:107850005A46C01A914110D311461846224600F0EC
:1078600016F82D1A67EB01084F4622460120002129
:1078700000F00DF817EB00094E41201EA4F10104A1
:10788000DFDC484631462A464346BDE8F09F202AC1
:1078900004DB203A00FA02F1002070479140C2F167
:1078A000200320FA03F3194390407047202A06DB97
:1078B000CB17203A41FA02F043EAE07306E041FABE
:1078C00002F3D040C2F120029140084319467047AC
:1078D0000029A8BF7047401C490008BF20F00100E4
:1078E000704710B4B0FA80FC00FA0CF050EA0104C2
:1078F00004BF10BC704749B1CCF1200421FA04F454
:1079000011FA0CF118BF012121430843A3EB0C012C
:10791000CB1D4FEA00614FEA102042BF002010BC8F
:10792000704700EBC35010440029A4BF10BC70473F
:10793000401C490008BF20F0010010BC704710B582
:10794000141E73F1000408DA401C41F10001921882
:107950005B411A4301D120F0010010BD2DE9F04D2B
:1079600092469B4611B1B1FA81F202E0B0FA80F280
:1079700020329046FFF78BFF04460F4640EA0A008C
:1079800041EA0B0153465A46084313D0114653EAC5
:10799000010019D0C8F14002504600F087F80546B2
:1079A0000E46504659464246FFF771FF084305D040
:1079B000012004E020463946BDE8F08D0020054353
:1079C00046EAE0762C4337430A986305E40AA0EBC5
:1079D00008000022FD0A44EA47540A3002D500207C
:1079E0000146E9E7010510196941DDE9084500197B
:1079F0006941BDE8F04DA2E770B521F000430343B3
:107A00000CD0C1F30A550024D5EB040564EB040344
:107A1000D617AD1AB34102DB0020014670BD201815
:107A200041EB025170BDC1F30A52C1F3130140F2A0
:107A3000FF3341F480119A4202DA00200146704778
:107A400040F233439A42A2F2334202DC524200F047
:107A50002DB8FFF71CBF000030B5041E71F1000403
:107A600004DB4FF00044404264EB0101141E73F14B
:107A7000000405DB1C464FF00043524263EB040355
:107A8000994208BF904230BD064C074D06E0E068C1
:107A900040F0010394E8070098471034AC42F6D355
:107AA000F8F728FBD0990008F0990008202A04DB99
:107AB000203A21FA02F00021704721FA02F3D04067
:107AC000C2F1200291400843194670472DE9F04D5C
:107AD00000231A461B1A8A4103DB00200146BDE839
:107AE000F08DC1F30A52C1F3130141F480154FF038
:107AF000000BD10702D100186D41521E0027044629
:107B000040F2FF11384601EB620A3E4680460246CB
:107B100000204FF48011FFF7C9FFC2197141BB1853
:107B200046EB0100B4EB030C75EB000C04D3E41A34
:107B300065EB000517460E46241908F101006D415A
:107B400080463428E3DDF91946EB0600091BA841FD
:107B500003D24FF0FF32134601E0002213461BEB25
:107B6000070046EB0A51BDE8F04DFFF7E8BE70B5DF
:107B70008C1810F8015B15F0070301D110F8013BD8
:107B80002A1106D110F8012B03E010F8016B01F85F
:107B9000016B5B1EF9D12B0705D40023521E0DD4B7
:107BA00001F8013BFAE710F8013BCB1A921C03E005
:107BB00013F8015B01F8015B521EF9D5A142D8D33D
:107BC000002070BD0FB4084B10B504A902AA039899
:107BD00000F060F9044602A9002000F0F2FC204603
:107BE00010BC5DF814FB0000C3850008490050EA92
:107BF000C12018BF04204A0D18BF40F0010040F218
:107C0000FF72B2EB515F08BF40F00200012808BFCD
:107C1000052070472DE9F0414F1E00EBC7010446D7
:107C2000D1E9000115461E4637F006020DD02A465E
:107C30003346FFF75CFC7F1E04EBC703D3E9002348
:107C4000FFF7AEFB37F00602F1D1022F25D0042F4B
:107C500013D0062F18BFBDE8F0812A463346FFF740
:107C600046FCD4E90A23FFF79BFB2A463346FFF77D
:107C70003EFCD4E90823FFF793FB2A463346FFF77F
:107C800036FCD4E90623FFF78BFB2A463346FFF781
:107C90002EFCD4E90423FFF783FB2A463346FFF783
:107CA00026FCD4E90223FFF77BFB2A463346FFF785
:107CB0001EFCD4E90023BDE8F041FFF771BB0122AF
:107CC000FFF79ABEFFF76CBB002213461046114621
:107CD000FFF77FBC024A00201107FFF78DBE0000AE
:107CE00001FDFFFF02E008C8121F08C1002AFAD1F7
:107CF00070477047002001E001C1121F002AFBD12C
:107D0000704700000149086070470000B40100207E
:107D10002DE9FF5F82B00021DDE90430020DDDF8BE
:107D200040B0034318D044F61050A2F2FF32424351
:107D30001514119801281FD0A5EB0B00401C5FEA19
:107D4000000A4FF000064E4FDFF83891B04650461B
:107D500015D5CAF1000413E0119801244AA30128A3
:107D600001D16FEA0B010298119AC0E90031C0E914
:107D7000024206B0BDE8F09FCBF10000DFE7044609
:107D80000021404A491842EB0450CDE9001012E0AE
:107D9000E00707D032463B4640464946FFF7A7FB7F
:107DA0008046894632463B4610461946FFF79FFB00
:107DB00006460F466410002CEAD1DDE90401DDE936
:107DC0000023BAF1000F06DAFFF791FB42464B465B
:107DD000FFF78DFB05E0FFF7FCFB42464B46FFF744
:107DE000F8FB04460E460022284BFFF735FE03D869
:107DF0004FF0FF30014607E00022254B2046314678
:107E0000FFF7CEFAFFF70FFE102409E0002C0ADB83
:107E10000A220023FFF70AFD039B30321A55641E25
:107E200050EA0102F2D1641C039AC4F11103144414
:107E3000119A012A03D0012208430DD10AE0084318
:107E400004D000204FF0110B119072E7A3EB0B054B
:107E50006D1E0DE05B4504DD4FF0000205F10105EC
:107E600004E003DA4FF00002A5F10105002AECD08E
:107E700002981199C0E90231C0E9004579E7000094
:107E8000000014400000F03F300000000000F0430C
:107E90000000E03F2DE9FF4F95B09B46894606461E
:107EA00000250FE2252877D100242746F84A012132
:107EB000059400E0044316F8013F203B01FA03F06B
:107EC0001042F7D130782A2811D06FF02F03307884
:107ED000A0F13002092A16D8059A44F0020402EBF8
:107EE000820203EB42021044761C0590EFE759F83A
:107EF000042B0592002A03DA504244F40054059002
:107F000044F00204761C30782E2816D116F8010FA2
:107F100044F004042A280DD06FF02F023078A0F12D
:107F20003003092B09D807EB870302EB4303C7187B
:107F3000761CF3E759F8047B761C30786C280FD058
:107F400006DC4C2817D068280DD06A2814D104E02C
:107F5000742810D07A280FD10DE044F400140AE000
:107F600044F4801401E044F440147278824202D157
:107F700004F58014761C761C307866280BD013DC50
:107F8000582877D009DC002875D04528F6D0462837
:107F9000F4D047281AD19DE118E0632835D0642831
:107FA00079D0652812D195E1702873D008DC672854
:107FB000F1D069286FD06E280DD06F2806D1B5E0BA
:107FC00073282CD0752875D0782874D05A46179904
:107FD00090476D1C75E1C4F30250022809D00328B4
:107FE0000DD0D9F8001004280DD00D6009F1040956
:107FF00067E1D9F80010EA17C1E90052F6E7D9F8AD
:1080000000100D80F2E70D70F0E719F8041B8DF8F1
:10801000001000208DF80100EA46012003E059F825
:1080200004AB4FF0FF3061074FF0000102D40DE0C8
:1080300008F101018846B9420FDA8045F8DB1AF8E9
:1080400008100029F4D108E008F1010188468142B6
:10805000FADB1AF808100029F6D105985B46A0EB68
:10806000080721463846179A00F094FA284400EB96
:10807000080507E04DE029E10DE01AF8010B5A462A
:1080800017999047B8F10108F7D25B462146384668
:10809000179A13E142E00A220092C4F302524FF011
:1080A000000A022A08D059F804CB032A4FEAEC71DF
:1080B0000AD00DE029E02AE009F1070121F00702CA
:1080C000F2E802C1914609E00FFA8CFC4FEAEC712C
:1080D000042A03D14FFA8CFC4FEAEC71002907DA2D
:1080E0000A460021DCF1000C61EB02012D2202E0C6
:1080F000220504D52B228DF80420012203E0E2079B
:1081000001D02022F7E7904659E00A2102E0102230
:108110000DE010214FF0000A00910BE010224FF00B
:10812000000A44F004040827009203E008224FF0FC
:10813000000A0092C4F30252022A05D059F804CB77
:108140000021032A08D009E009F1070121F0070204
:10815000F2E802C1914605E01FFA8CFC042A01D125
:108160000CF0FF0C4FF00008220728D5702806D02D
:10817000009B83F0100353EA0A0305D00EE040226F
:108180008DF80420012208E05CEA010206D03022CA
:108190008DF804208DF8050002229046009B83F0A4
:1081A000080353EA0A030AD15CEA010201D162071B
:1081B00005D530228DF804204FF001087F1E582885
:1081C00004D034A003900EA802900DE036A0F9E789
:1081D00053466046009AFFF729FB84460398825C69
:1081E0000298401E029002705CEA0100F0D10298F1
:1081F00006A9081A00F1200A600702D524F4803489
:1082000000E00127574502DDA7EB0A0000E000204F
:1082100000EB0A01009005984144401A0590E003E4
:1082200006D45B462146179A059800F0B3F9054439
:10823000002706E001A85A46C05D179990476D1CBB
:108240007F1C4745F6DBE0030CD55B462146179AB9
:10825000059800F09FF9054404E030205A4617992C
:1082600090476D1C0099481E00900029F5DC08E03D
:10827000029802995A460078491C02911799904732
:108280006D1CBAF10001AAF1010AF1DC65E1000000
:1082900009280100303132333435363738396162DC
:1082A00063646566000000003031323334353637A0
:1082B00038394142434445460000000000F058F977
:1082C0000544761C307800287FF4ECAD19B02846C0
:1082D000BDE8F08F620700D4062709F1070222F0FB
:1082E000070CFCE80223E14603F000485FEA080CB3
:1082F00002D00FF2702C0DE05FEA045C02D50FF2A1
:10830000682C07E05FEAC47C02D00FF2602C01E029
:10831000AFF2700C4FF0FF3823F00043CDF850C09F
:1083200065280CD006DC452809D046281DD04728F2
:108330003DD13DE0662818D067287ED138E0002185
:10834000112F01DB112000E0781CCDE9000106A906
:108350000EA8FFF7DDFCDDE90F010E9A0391002165
:10836000009207F1010A04914DE04FF000400097A0
:10837000CDE9011006A90EA8FFF7CAFCDDE90F023E
:1083800003920E9B11990022DDF80CA00093049239
:1083900011B9791C00EB010AB7EB0A0004D4C0F153
:1083A000FF3007F1010A0490AAEB0700019044E0B6
:1083B000012F00DA01270021112F01DD112000E03B
:1083C0003846CDE9000106A90EA8FFF7A1FCDDE9BA
:1083D0000F010E9A0391002104910092BA462107E1
:1083E0000CD40399514500DA8A46BAF1010F05DD34
:1083F000009AAAF10101515C302908D0B84202DA92
:1084000010F1040F06DA0121CDE9011015E0AAF1FF
:108410000101E9E7002805DC049901440491AAEB75
:10842000000102E0411C514500DD8A460499401AD2
:10843000401C01904FF000400290200704D40198A6
:10844000504501DBCDF8048000208DF84F000298E4
:108450000DF14F07B0F1004F25D02B200E90029860
:108460004FF0020800280CDA404202902D200E90B6
:1084700007E00A210298FFF7C3F93031029007F8AC
:10848000011DB8F10001A8F10108F2DC02980028F2
:10849000EFD1791E0E980870307800F0200040F07F
:1084A000450007F8020D12A8C01B00F10708149838
:1084B000007800B1012000EB0A01019801EBE071A6
:1084C00005984144401A401E0590E00306D45B46DF
:1084D0002146179A059800F05DF805441498007835
:1084E00018B15A46179990476D1CE00324D55B4696
:1084F0002146179A059800F04DF805441CE00498B1
:10850000002807DBDDE90301884203DD0098405CB9
:10851000179901E0179930205A469047049805F1C1
:108520000105401C04900198401E019004D12E20AA
:108530005A46179990476D1CBAF10001AAF1010A39
:10854000DDDC05E017F8010B5A46179990476D1CC2
:10855000B8F10001A8F10108F4DC5B462146179A46
:108560000598ABE62D0000002B0000002000000065
:108570002DE9F041044600251E461746880404D420
:1085800005E039462020B0476D1C641EF9D5284609
:10859000BDE8F0812DE9F041044600251E469046D5
:1085A000C80301D5302700E02027880404D505E062
:1085B00041463846B0476D1C641EF9D52846BDE8D3
:1085C000F0810A68531C0B60107070472DE9F04D64
:1085D0008D4F21F0004A86B005460C46BA452ADB8D
:1085E000AAEB070028430AD08848824501DC1AD14B
:1085F000CDB106B02846BDE8F04DFFF760BB844A18
:10860000844B2846FEF773FF07460E46824A834B8B
:1086100028462146FEF76BFF06B03A463346BDE8D2
:10862000F04DFEF7BDBE0120FFF76CFB06B0BDE8C4
:10863000F04DFFF749BB7A48824542DABAF1795FDB
:108640000BDA2846FFF7D2FA042808BFFFF742FBEF
:10865000284606B02146BDE8F08D2A460B46104656
:10866000FEF745FF834602466E480E460B4606213E
:108670007844FFF7CFFA5A463346FEF738FF804674
:1086800069488A465A46334604217844FFF7C2FABD
:108690005A463346FEF72BFF00223B46FEF780FE8C
:1086A00002460B4640465146FEF793FF2A462346B4
:1086B000FEF71DFF06B02A462346BDE8F04DFEF743
:1086C0006FBE284624F0004100223D463B46FEF79F
:1086D0000BFF4FF0FF32FFF78FF906460246534873
:1086E0000F460B4606217844FFF794FA32463B4684
:1086F000FEF7FDFECDE900014D4832463B46042120
:108700007844FFF787FA32463B46FEF7F0FE002238
:108710002B46FEF745FE834602913046394600F06F
:108720005DFA804643480D46504517DCDDE90001FF
:108730005A46029BFEF74DFF42462B46FEF7D7FEF8
:1087400042462B46FEF72CFE0122FFF755F9304A30
:10875000304BFEF7C6FE304A304B4CE04FF0000A7B
:1087600052460B464046FEF71BFECDE9031052462B
:108770002B4610461946FEF7BAFE32463B46FEF738
:10878000B3FEDDE90332FEF724FF06460F46DDE9BE
:1087900000015A46029BFEF71CFF8346009101220E
:1087A00030463946FFF728F9194A1A4BFEF79CFE66
:1087B00006460F46012240462946FFF71DF95A4654
:1087C000009BFEF794FE32463B46FEF78AFE0646C5
:1087D0000F46012250462946FFF70EF90E4DDFF8ED
:1087E00058802A464346FEF77FFE32463B46FEF758
:1087F0007BFE2A464346FEF777FE002CD8BF81F069
:10880000004106B0BDE8F08D0000F03F0000F07FB1
:10881000075C143326A6913C182D4454FB21F93FE4
:108820000000E03F1C12000032120000A611000000
:10883000BC1100003333EF3FFB21E93F2DE9F84F36
:1088400004460D4621F0004000917349814211DC3D
:108850007249884201DC06D12CB120462946BDE888
:10886000F84FFFF72CBA6E48002DCCBF6D496E490A
:10887000BDE8F88F6D49814211DD6D498142D8BF55
:108880004FF0FF366DDD20462946FFF7AFF904288B
:1088900008BFFFF71FFA20462946BDE8F88F654953
:1088A000654F25F00045814233DD6449814219DD81
:1088B000002632464FF0804320462946FEF770FDE1
:1088C00080468A46012220462946FFF795F8002275
:1088D0003B46FEF706FE42465346FEF77AFE044646
:1088E0000D463EE001260022BA463B462046294678
:1088F000FEF756FD80460F46002253462046294685
:10890000FEF7EFFD42463B46FEF763FE04460D468A
:1089100027E04B4981421BDDDFF828A10226002217
:10892000534620462946FEF7E2FD00223B46FEF76D
:1089300037FD80460F460022534620462946FEF763
:10894000D0FD42463B46FEF744FE04460D4608E095
:10895000032622462B4600203B49FEF73AFE0446FA
:108960000D4622462B4610461946FEF7C0FD8B46A3
:10897000824602460B46FEF7BAFD074602463348DA
:1089800088460B4606217844FFF744F952465B4679
:10899000FEF7ADFD82462E488B463A4643460521FA
:1089A0007844FFF737F93A464346FEF7A0FD024602
:1089B0000B46002E504659460CDAFEF7F1FC2246D3
:1089C0002B46FEF794FD01B022462B46BDE8F04F42
:1089D000FEF78ABDFEF7E4FC22462B46FEF787FD34
:1089E0001C4A7A4402EBC603D3E90023FEF779FD63
:1089F00022462B46FEF775FD174A7A4402EBC60362
:108A0000D3E90023FEF770FD009A002AB8BF81F079
:108A10000041BDE8F88F0000000010440000F07F26
:108A2000182D4454FB21F93FFB21F9BF0000DC3F26
:108A30000000203E0000F33F0000F03F0000E63F52
:108A4000008003400000F83F0000F0BFBE0F0000B0
:108A50007C0F00001A0F0000E20E00002DE9F04D1F
:108A60009446CCF1000423F000464CEA0404524F33
:108A700046EAD4749A46884621F00042BC4206D8A1
:108A8000454240EA050442EAD474BC4204D9BDE838
:108A9000F04D6246FFF716B9AAF14055A5F17F6582
:108AA00055EA0C040BD0022404EAAA74434DDFF803
:108AB00010E144EAD87452EA000B04D00CE0BDE89F
:108AC000F04DFFF7BBBE002C14BF012CBDE8F08DAC
:108AD000022C30D0032C32D056EA0C0B0AD0BE4206
:108AE00020D1BA4209D126F0804622F08042334696
:108AF000114617E000291ADB25E0DFF8C8B0FB4477
:108B0000002C04BFDBE90001BDE8F08D012C02BFA1
:108B1000DBE9000181F00041BDE8F08D022C0AD0B4
:108B2000032C0CD0BA4212D1B8F1000F0BDA234853
:108B30002549BDE8F08D28462449BDE8F08D28463A
:108B40007146BDE8F08D1D482149BDE8F08D921BAE
:108B500012153C2AC4BF19481D490EDCBAF1000F9A
:108B6000BEBF12F13C0F0020014606DB6246FEF755
:108B700030FD21F00041FFF761FE002C08BFBDE889
:108B8000F08D012C04BF81F00041BDE8F08D114A49
:108B9000114B022C07D0FEF7A4FC2A46BDE8F04D8D
:108BA0000A4BFEF79EBCFEF79CFC2A46BDE8F04D42
:108BB000064BFEF799BC00000000F07F182D4454CE
:108BC000FB2109C0760E0000FB21F9BFFB21094003
:108BD000FB21F93F075C143326A6A13C2DE9F041A7
:108BE00006460F46FEF772FF041E0D4618BF012011
:108BF000284320F00040C0F17F6000F1E040C00F4A
:108C00000ED0301C18BF0120384320F00040C0F1C6
:108C10007F6000F1E040C00F04BF0120FFF772F851
:108C200020462946BDE8F0819A99999999E96740CB
:108C3000E17A14AE47E1CA3F000000000000204086
:108C40009A9999999999D93F68000004760054013E
:108C5000F7FD000175191A0C6A231B1C1F20727482
:108C6000433B4138393A6B6C376F06246D6E7000A8
:108C70008300000000080000000100183200050019
:108C8000000020410000D242295C0F3E9A99993E93
:108C90003333733F295C0F3E000070000000002456
:108CA000000000020003000000650054FFEF000018
:108CB000FA80000B12820001030C30C30E8C8CE989
:108CC00014D5400213710F8E3883F8833000F88377
:108CD000258EF8833000F883FFFFFFFF0FFEA9D633
:108CE000240004001A8279A10000003CFFFF00006C
:108CF0000010000038836FA2003E033040000000E7
:108D000002CAE3093E8000002000000000000000CD
:108D10004000000060000000000C0000000C186E15
:108D2000000006920A16C0DFFFFF0256FD8CD377C3
:108D3000FFE1C496E0C5BEAA00000000FFFF0B2BB8
:108D400000001657000003594000000000001DFA03
:108D500000026C1D000000003FFFDFEB003EB3B6D9
:108D6000000D227800002F3C00000000001942B5E1
:108D7000000039A20000B365D90E9FC91DCF4C3445
:108D800030000000500000003BB67AE800640000AC
:108D900000C8000000000000100000001000FA925F
:108DA0001000225E000D229F000100000032000032
:108DB000FF46000063D400001000000004D600004D
:108DC00004CC000004CC0000000010720000004041
:108DD000000000000000000000060002000500077F
:108DE000000000000064000000000000000000051A
:108DF00000050064002000000000000000000000EA
:108E0000000040000000030000000032F89800005D
:108E1000FF650000830F0000FF9BFC0000000000C6
:108E20000000000000000000000000000000000042
:108E30000000000000000000000000000000000032
:108E400000000000000010004000000000000006CC
:108E50000000B26A000200000001FB83006800000D
:108E600000D9FC007CF1FF830000000000650000D9
:108E7000006403E8006400280000002500000000F2
:108E800016A000000000100000001000002F0000DD
:108E9000000001F40000100000280000FFFF4581E1
:108EA000FFFFFA720000000000000000004400050F
:108EB0000005BAC6004778A20000000100000000CB
:108EC00000000600000000140000254D002F706D0A
:108ED000000005AE000C02D0000000000000000001
:108EE0000000000000000000001B00000000000067
:108EF0000000000000000000006400000008000006
:108F00000000000000000000000000000000000061
:108F10000000000000000000000000000000000051
:108F20000000000000000000000000000000000041
:108F30000000000000000000000000000000000031
:108F40000000000000000000000000000000000021
:108F50000000000000000000001B000000000000F6
:108F600000000000000E000E00000AC70004000010
:108F700000000032FFFFFF9C00000B2B00000002EE
:108F80000000000100000064FFE500000000000098
:108F900000000000000000000000000100000000D0
:108FA00000010000000000000001800000018000BE
:108FB00000018000002426D3000000000000000013
:108FC000000600100096003C0000000000000000B9
:108FD00000000000000000000C0A4E68CDCF7709A9
:108FE00050166759C619CE8200000000000000002C
:108FF0000000000000000000000000000000000071
:1090000017D78400030000000000000000000000EB
:10901000C7938F9D1E1B1C1900000000000000005C
:109020000000000000000000000000000000000040
:109030000203188500004000000000030000000348
:1090400000000000000000004000000000000000E0
:109050000000000000000000000000000000000010
:109060000000000000000000000000000000000000
:10907000000000000000000000000000677DDF7EAF
:1090800072902E554CF6E6880000000000000000AB
:109090000000000000000000D8DCB4B8B0D8B9ABC4
:1090A000F3F8FAB3B7BB8E9EAEF132F51BF1B4B84C
:1090B000B08097F1A9DFDFDFAADFDFDFF2AAC5CD3D
:1090C000C7A90CC92C97F1A989264666B28999A926
:1090D0002D557DB0B08AA896365676F1BAA3B4B2B3
:1090E00080C0B8A89711B28398BAA3F0240844109E
:1090F0006418B2B9B49883F1A329557DBAB5B1A368
:109100008393F0002850F5B2B6AA839328547CF1DB
:10911000B9A3829361BAA2DADEDFDB819AB9AEF538
:10912000606870F1DABAA2DFD9BAA2FAB9A3829262
:10913000DB31BAA2D9BAA2F8DF85A4D0C1BBAD8316
:10914000C2C5C7B8A2DFDFDFBAA0DFDFDFD8D8F142
:10915000B8AAB38DB4980D355DB2B6BAAF8C961976
:109160008F9FA70E161EB49AB8AA872C547CBAA457
:10917000B08AB691325676B28494A4C808CDD8B8D5
:10918000B4B0F19982A82D557D98A80E161EA22C78
:10919000547C92A4F02C5078F184A898C4CDFCD8CB
:1091A0000DDBA8FC2DF3D9BAA6F8DABAA6DED8BA38
:1091B000B2B68696A6D0F3C841DAA6C8F8D8B0B43D
:1091C000B882A892F52C548898F135D9F418D8F1C2
:1091D000A2D0F8F9A884D9C7DFF8F883C5DADF6927
:1091E000DF83C1D8F40114F1A8824EA884F311D111
:1091F00082F5D992289788F109F41C1CD884A8F329
:10920000C0F9D1D99782F129F40DD8F3F9F9D1D960
:1092100082F4C203D8DEDF1AD8F1A2FAF9A8849842
:10922000D9C7DFF8F8F883C7DADF69DFF883C3D876
:10923000F40114F198A8822EA884F311D182F5D9F3
:1092400092509788F109F41CD884A8F3C0F8F9D19A
:10925000D99782F149F40DD8F3F9F9D1D982F4C440
:1092600003D8DEDFD8F1AD8898CCA809F9D982926D
:10927000A8F57CF1883ACF944A6E98DB6931DAAD73
:10928000F2DEF9D88795A8F221D1DAA5F9F417D939
:10929000F1AE8ED0C0C3AE82C684C3A88595C8A5E2
:1092A00088F2C0F1F4010EF18E9EA8C63E56F55428
:1092B000F18872F40115F19845856EF58E9E04884B
:1092C000F142985A8E9E068869F4011CF1981E118D
:1092D00008D0F504F11E970202983625DBF9D985EE
:1092E000A5F3C1DA85A5F3DFD88595A8F309DAA53A
:1092F000FAD88292A8F578F1881A849F2688982156
:10930000DAF41DF3D8879F39D1AFD9DFDFFBF9F449
:109310000CF3D8FAD0F8DAF9F9D0DFD9F9D8F40B90
:10932000D8F3879F39D1AFD9DFDFF41DF3D8FAFC2A
:10933000A869F9F9AFD0DADEFAD9F88F9FA8F1CC95
:10934000F398DB45D9AFDFD0F8D8F18F9FA8CAF3E7
:109350008809DAAF8FCBF8D8F2AD978D0CD9A5DF9D
:10936000F9BAA6F3FAF412F2D8950DD1D9BAA6F348
:10937000FADAA5F2C1BAA6F3DFD8F1BAB2B6869688
:10938000A6D0CAF349DAA6CBF8D8B0B4B8D8AD8421
:10939000F2C0DFF18FCBC3A8B2B68696C8C1CBC3EB
:1093A000F3B0B48898A821DB718D9D71859521D982
:1093B000ADF2FAD88597A828D9F408D8F28D29DA21
:1093C000F405D9F285A4C2F2D8A88D9401D1D9F4BC
:1093D00011F2D88721D8F40AD8F28498A8C801D10C
:1093E000D9F411D8F3A4C8BBAFD0F2DEF8F8F8F87E
:1093F000F8F8F8F8D8F1B8F6B5B9B08A95A3DE3C1C
:10940000A3D9F8D85CA3D9F8D87CA3D9F8D8F8F9AF
:10941000D1A5D9DFDAFAD8B18530F7D9DED8F8305E
:10942000ADDADED8F2B48C99A32D557DA083DFDFB1
:10943000DFB591A0F629D9FBD8A0FC29D9FAD8A08C
:10944000D051D9F8D8FC51D9F9D879D9FBD8A0D0C6
:10945000FC79D9FAD8A1F9F9F9F9F9A0DADFDFDF57
:10946000D8A1F8F8F8F8F8ACDEF8ADDE8393AC2CB0
:10947000547CF1A8DFDFDFF69D2CDAA0DFD9FADB20
:109480002DF8D8A850DAA0D0DED9D0F8F8F8DB55FE
:10949000F8D8A878DAA0D0DFD9D0FAF8F8F8F8DB55
:1094A0007DF8D89CA88CF530DB38D9D0DEDFA0D091
:1094B000DEDFD8A848DB58D9DFD0DEA0DFD0DED889
:1094C000A868DB70D9DFDFA0DFDFD8F1A888902C97
:1094D000547C98A8D05C38D1DAF2AE8CDFF9D8B0E1
:1094E00087A8C1C1B188A8C6F9F9DA36D8A8F9DACF
:1094F00036D8A8F9DA36D8A8F9DA36D8A8F9DA369B
:10950000D8F78D9DADF818DAF2AEDFD8F7ADFA30A6
:10951000D9A4DEF9D8F2AEDEFAF983A7D9C3C5C75C
:10952000F1889BA77AADF7DEDFA4F8849408A797AB
:10953000F300AEF29819A488C6A39488F632DFF23D
:109540008393DB09D9F2AADFD8D8AEF8F9D1DAF3E0
:10955000A4DEA7F1889B7AD8F38494AE19F9DAAA2D
:10956000F1DFD8A881C0C3C5C7A39283F628ADDEBA
:10957000D9F8D8A350ADD9F8D8A378ADD9F8D8F890
:10958000F9D1A1DADEC3C5C7D8A18194F818F2B029
:1095900089ACC3C5C7F1D8B8B4B09786A8319B06CB
:1095A0009907AB9728889BF00C201440B0B4B8F012
:1095B000A88A9A285078B79BA829517924705944D1
:1095C0006938644831F1BBAB88002C547CF0B38B14
:1095D000B8A804285078F1B088B49726A85998BB49
:1095E000ABB38B02264666B0B8F08A9CA8295179A5
:1095F0008B2951798A2470598B2058718A44693893
:109600008B3940688A6448318B30496088F1AC00FE
:109610002C547CF08CA804285078F1889726A859FF
:1096200098AC8C02264666F0899CA8295179247052
:1096300059446938644831A98809205970AB1138F8
:109640004069A8193148608CA83C415C207C00F13D
:1096500087981986A86E767EA999882D557DD8B1F0
:10966000B5B9A3DFDFDFAED0DFAAD0DEF2ABF8F909
:10967000D9B087C4AAF1DFDFBBAFDFDFB9D8B1F162
:10968000A3978E60DFB084F2C8F8F9D9DED893854D
:10969000F14AB183A308B5839A0810B79F10D8F197
:1096A000B0BAAEB08AC2B2B68E9EF1FBD9F41DD864
:1096B000F9D90CF1D8F8F8AD61D9AEFBD8F40CF1BA
:1096C000D8F8F8AD19D9AEFBDFD8F416F1D8F8AD5B
:1096D0008D61D9F4F4ACF59C9C8DDF2BBAB6AEFA53
:1096E000F8F40BD8F1AED0F8AD51DAAEFAF8F1D803
:1096F000B9B1B6A3839C08B9B1839AB5AAC0FD30AD
:1097000083B79F10B58B93F20202D1ABDADED8F1AA
:10971000B080BAABC0C3B284C1C3D8B1B9F38BA314
:1097200091B609B4D9ABDEB0879CB9A3DDF1B38B98
:109730008B8B8B8BB087A3A3A3A3B28BB69BF2A317
:10974000A3A3A3A3A3A3A3A3A3F1B087B59AA3F351
:109750009BA3A3DCBAACDFB9A3A3A3A3A3A3A3A336
:10976000A3A3A3A3A3A3A3A3D8D8D8BBB3B7F1AA99
:10977000F9DAFFD9809AAA28B48098A720B79787EA
:10978000A86688F07951F1902C870CA78197629395
:10979000F071716085940129517990A5F1284C6C84
:1097A000870C95188578A38390284C6C886CD8F327
:1097B000A28200F210A8921980A2F2D926D8F188CC
:1097C000A84DD948D896A83980D93CD89580A839D1
:1097D000A68698D92CDA87A72CD8A8899519A980AC
:1097E000D938D8A88939A980DA3CD8A82EA83990C8
:1097F000D90CD8A8953198D90CD8A809D9FFD80187
:10980000DAFFD89539A9DA26FFD890A80D8999A84A
:1098100010809821DA2ED88999A83180DA2ED8A81C
:1098200086963180DA2ED8A8873180DA2ED8A882A1
:1098300092F34180F1D92ED8A882F31980F1D92E64
:10984000D882ACF3C0A28022F1A62EA72EA922981E
:10985000A829DAACDEFFD8A2F22AF1A92E8292A8BA
:10986000F23180A696F1D900AC8C9C0C30ACDED0E5
:10987000DEFFD88C9CACD010ACDE8092A2F24C8281
:10988000A8F1CAF235F19688A6D900D8F1FF0000F8
:10989000555555555555C53F7D6FEB0312D6D4BF71
:1098A0005544880E55C1C93F3B8F68B52882A4BF77
:1098B00088B20175E0EF493F09F7FD0DE13D023F38
:1098C0004B2D8A1C273A03C0C88A599CE52A0040C0
:1098D00059018D1B6C06E6BF82922EB1C5B8B33F0D
:1098E0004FBB610567ACDD3F182D4454FB21E93FB8
:1098F0009BF681D20B73EF3F182D4454FB21F93FA7
:10990000E2652F227F2B7A3C075C143326A6813C2C
:10991000BDCBF07A8807703C075C143326A6913CD7
:10992000C4EB98999999C9BF711623FEC671BCBF43
:109930006D9A74AFF2B0B3BF9AFDDE522DDEADBFAB
:109940002F6C6A2C44B4A2BF0D5555555555D53FC3
:10995000FF8300922449C23F6E204CC5CD45B73FDE
:10996000513DD0A0660DB13FEB0D76244B7BA93F56
:1099700011DA22E33AAD903F000000000000000041
:109980002050726F6475637420494420726561646D
:10999000206173203020696E64696361746573208F
:1099A00064657669636520697320656974686572AA
:1099B00020696E636F6D70617469626C65206F728F
:1099C00020616E204D5055333035302E0A00000096
:1099D000F099000800000020B80100006E7B00082C
:1099E000509A0008B801002088050000F47C0008A7
:1099F000412D0102030404100906070809020406A8
:109A00000884A24A04691832FF29045201034280E3
:109A10003F032C40413009CD4C3F433D0A573E2D7A
:109A200041CDCCCC080165031688132320033009EF
:109A30006F12833AA69B443B07293F0AD7A33B01F9
:109A4000EB803F0C13548C1B08480401205A7024EF
:04000005080000ED02
:00000001FF
