:020000040800F2
:10000000A8070020094F0008C1310008C3310008CB
:10001000C7310008CB310008CF31000800000000D4
:10002000000000000000000000000000D3310008C4
:10003000D531000800000000D7310008D931000890
:10004000234F0008234F0008234F0008234F0008C8
:10005000234F0008234F0008234F0008C34D00081A
:10006000234F0008234F0008234F0008234F0008A8
:10007000234F0008234F0008234F0008234F000898
:10008000234F0008234F0008234F0008234F000888
:10009000234F0008234F0008234F0008234F000878
:1000A000234F0008254D0008234F0008234F000868
:1000B000234F00086D2800087D280008234F000802
:1000C000234F0008234F0008234F0008234F000848
:1000D000234F0008234F0008234F0008234F000838
:1000E000234F0008234F0008234F0008DFF80CD0EF
:1000F00008F076FA0048004781260008A80700208B
:1001000031490143314A1160704770B50021002325
:100110000F22C47804B32D4C246804F4E064C4F5C1
:10012000E064210AC1F10403CA40447804FA03F1EF
:100130008478144021430901254C0678A1550478A0
:1001400004F01F050124AC4005786D11AD0005F1E8
:10015000E025C5F8004109E0047804F01F050124FA
:10016000AC401C4D0678761145F8264070BD1A4A01
:100170000A400243154B1B1F1A60704739B1134ADE
:10018000121D12680243114B1B1D1A6006E00F4A34
:10019000121D126882430D4B1B1D1A607047042804
:1001A00008D14FF0E021096941F004014FF0E0224D
:1001B000116107E04FF0E021096921F004014FF0DF
:1001C000E0221161704700000000FA050CED00E02C
:1001D00000E400E080E100E080FFFF1F00204449D0
:1001E0000860091D0860091D0860091D0860414874
:1001F0003F4914310860704700213D498279002A47
:100200003AD00A46126803689A430B461A600A1DE0
:10021000126803689A430B1D1A60027911440A6838
:1002200003681A430A60324A0832126803689A4324
:100230002F4B08331A601A1D126803689A432C4B1F
:100240000C331A604279102A0ED11A1F1268036803
:100250001A43274B08331A601A1D126803681A43A1
:10026000234B0C331A600DE02149427911440A688E
:1002700003681A430A6005E0027911440A680368BA
:100280009A430A6070470021016001710C2141719D
:100290000021817170471649103109680143144AE1
:1002A00010321160704701460020114A1432126862
:1002B0000A400AB1012000E0002070470C491431C7
:1002C00008607047014600200022094B1B6803EAC2
:1002D0000102074B14331B680B4013B10AB1012014
:1002E00000E00020704702491431086070470000A8
:1002F00000040140FFFF0F0010B50446CC488442C3
:1003000008D10121042000F02DFB0021042000F081
:1003100029FB46E0C748844208D10121082000F0AB
:1003200021FB0021082000F01DFB3AE0C248844276
:1003300008D10121102000F015FB0021102000F051
:1003400011FB2EE0BD48844208D10121202000F09D
:1003500009FB0021202000F005FB22E0B848844280
:1003600008D10121402000F0FDFA0021402000F0DA
:10037000F9FA16E0B348844208D10121802000F048
:10038000F1FA0021802000F0EDFA0AE0AE48844244
:1003900007D10121801500F0E5FA0021A01500F039
:1003A000E1FA10BD10B50121084600F0DBFA00218A
:1003B000012000F0D7FA10BD2DE9F04102460025DA
:1003C0000026002000230024002791F803C00CF031
:1003D0000F0591F803C00CF0100CBCF1000F03D016
:1003E00091F802C04CEA050591F800C0BCF1000F7D
:1003F00031D0146800202BE04FF0010C0CFA00F310
:10040000B1F800C00CEA03069E4220D183004FF0F1
:100410000F0C0CFA03F7BC4305FA03FC4CEA040486
:1004200091F803C0BCF1280F06D14FF0010C0CFA73
:1004300000FCC2F814C00AE091F803C0BCF1480FF8
:1004400005D14FF0010C0CFA00FCC2F810C0401CA2
:100450000828D1D31460B1F800C0BCF1FF0F34DD1F
:10046000546800202EE000F1080C4FF0010808FA53
:100470000CF3B1F800C00CEA03069E4221D18300C0
:100480004FF00F0C0CFA03F7BC4305FA03FC4CEADF
:10049000040491F803C0BCF1280F05D100F1080C49
:1004A00008FA0CF8C2F8148091F803C0BCF1480FA8
:1004B00007D100F1080C4FF0010808FA0CF8C2F857
:1004C0001080401C0828CED35460BDE8F0814FF660
:1004D000FF710180022181700421C17070470246C2
:1004E000002093680B400BB1012000E00020704712
:1004F0000146886880B2704702460020D3680B40EE
:100500000BB1012000E0002070470146C86880B2AE
:10051000704701617047416170470AB1016100E0B5
:1005200041617047C16070474FF480320A43826175
:100530008161826182698269704702460020434B73
:1005400018684FF68073184040EA021008433F4B8A
:10055000186070473E49C8617047F0B50A460023ED
:1005600000240021002500F00046B6F1004F02D122
:10057000364EF16901E0354E7168C0F3034583B230
:1005800000F44016B6F5401F08D121F070612F4EDF
:10059000766826F070662D4F7E6012E000F48016BB
:1005A000B6F5801F06D1032606FA05F4A14341F0F3
:1005B000706106E0460D360103FA06F6B14341F0DC
:1005C000706122B1460D360103FA06F6314300F0A0
:1005D0000046B6F1004F02D11C4EF16101E01B4E06
:1005E0007160F0BD30B500228B071C0F0F2303FA9A
:1005F00004F2164B08338C1053F824309343134CF9
:1006000008348D1044F8253023468C1053F82430DC
:100610008C07240F00FA04F423430C4C08348D108B
:1006200044F8253030BD0A49DC31086070470000CD
:1006300000080140000C014000100140001401407E
:1006400000180140001C0140002001400000014052
:1006500000002042DF48006840F00100DD490860EA
:1006600008464068DC490840DA49486008460068A6
:10067000DA490840D74908600846006820F480201D
:1006800008600846406820F4FE0048604FF41F00F0
:1006900088607047CF49096821F48031CD4A1160E4
:1006A0001146096821F480211160B0F5803F03D024
:1006B000B0F5802F0ED106E0C649096841F48031BB
:1006C000C44A116007E0C349096841F4A021C14A46
:1006D000116000E000BF00BF704710B50146002266
:1006E000002300204A11012A02D1BA4C236806E0F7
:1006F000022A02D1B74C236A01E0B64C636A01F0CA
:100700001F02012494401C400CB1012000E0002095
:1007100010BD38B5002000900024002500BF312016
:10072000FFF7DBFF05460098401C00900098B0F5ED
:10073000A06F01D0002DF2D03120FFF7CEFF08B11D
:10074000012400E00024204638BD01460020A14AD3
:10075000106820F0F80040EAC10010607047A0491E
:1007600008607047024600209A4B586820F47C10BD
:1007700042EA01031843974B58607047984908664E
:10078000704701460020934A506820F00300084358
:10079000506070478F48406800F00C007047014679
:1007A00000208C4A506820F0F000084350607047E9
:1007B00001460020874A506820F4E06008435060FA
:1007C000704701460020834A506820F4605040EA98
:1007D000C1005060704729B17E4A527A02437D4B76
:1007E0005A7204E07B4A527A82437A4B5A727047BB
:1007F0007B49D8310860704701460020754A50682F
:1008000020F440400843506070470021714A203274
:100810001170704A82F82010012802D004280AD1F1
:1008200004E001216B4A2032117005E00521694A7C
:100830002032117000E000BF00BF704769490860B6
:1008400070476449096A0143624A11627047654909
:1008500044390860704730B500210022002400238D
:100860005C4D6D6805F00C0121B1042905D0082903
:1008700023D105E05C4D056022E05B4D05601FE083
:10088000544D6D6805F47012524D6D6805F4803456
:10089000022505EB92421CB9544D554305600BE00F
:1008A0004C4D6D6805F400351DB1504D5543056044
:1008B00002E04D4D5543056002E04B4D056000BF21
:1008C00000BF444D6D6805F0F0010909484D6B5CAF
:1008D0000568DD4045603F4D6D6805F4E061090A3B
:1008E000434D6B5C4568DD4085603A4D6D6805F4AD
:1008F0006051C90A3E4D6B5C4568DD40C560354DB1
:100900006D6805F44041890B3A4D6B5CC568B5FBD9
:10091000F3F5056130BD29B12E4A526902432D4BD2
:100920005A6104E02B4A526982432A4B5A6170474C
:1009300029B1284A92690243264B9A6104E0254A6C
:1009400092698243234B9A61704729B1214AD26947
:100950000243204BDA6104E01E4AD26982431D4BF8
:10096000DA61704729B11B4AD2680243194BDA6039
:1009700004E0184AD2688243164BDA60704729B106
:10098000144A12690243134B1A6104E0114A1269B6
:100990008243104B1A617047124940390860704712
:1009A0000F49C86470470B49C87170470948406ACD
:1009B00040F0807007494862704701460020054AB0
:1009C00092680A400AB1012000E000207047014906
:1009D00088727047001002400000FFF8FFFFF6FE2B
:1009E000000042428004424200127A0000093D00A9
:1009F000000000201000002010B50446FE4884428C
:100A000008D10121C014FFF7ADFF0021E014FFF76A
:100A1000A9FFC4E0B4F1804F08D101210846FFF7D7
:100A2000AEFF00210120FFF7AAFFB8E0F34884429F
:100A300008D101210220FFF7A2FF00210220FFF7C9
:100A40009EFFACE0EE48844208D101210420FFF76C
:100A500096FF00210420FFF792FFA0E0E9488442BE
:100A600008D101210820FFF78AFF00210820FFF7A5
:100A700086FF94E0E448844208D101211020FFF76A
:100A80007EFF00211020FFF77AFF88E0DF488442D4
:100A900008D101212020FFF772FF00212020FFF75D
:100AA0006EFF7CE0DA48844208D101214014FFF750
:100AB00059FF00216014FFF755FF70E0D5488442CC
:100AC00009D10121C804FFF74DFF00214FF4002098
:100AD000FFF748FF63E0D048844209D101210805AF
:100AE000FFF740FF00214FF48010FFF73BFF56E077
:100AF000CA48844209D101214805FFF733FF00218C
:100B00004FF40010FFF72EFF49E0C548844208D19A
:100B100001214020FFF733FF00214020FFF72FFF86
:100B20003DE0C048844208D101218020FFF727FF23
:100B300000218020FFF723FF31E0BB48844208D129
:100B400001218015FFF71BFF0021A015FFF717FFFC
:100B500025E0B648844209D101210804FFF702FFCD
:100B600000214FF48030FFF7FDFE18E0B0488442CA
:100B700009D101214804FFF7F5FE00214FF40030B0
:100B8000FFF7F0FE0BE0AB48844208D10121880456
:100B9000FFF7E8FE00214FF48020FFF7E3FE10BDD1
:100BA00000220288944B98420ED0994B98420BD069
:100BB000B0F1804F08D0914B984205D0904B9842AD
:100BC00002D0904B984204D14FF68F731A404B8855
:100BD0001A438D4B984207D08C4B984204D04FF665
:100BE000FF431A40CB881A4302808B8883850B8889
:100BF0000385814B98420BD0854B984208D08B4B94
:100C0000984205D08A4B984202D08A4B984201D133
:100C10000B7A038601238382704770B5002400227B
:100C20000023058C4FF6FE7635400584028C8388C0
:100C3000048B4FF68F752C40B51E2C400D882C432D
:100C4000751E2A400D892A434D882A436A4DA842C1
:100C50000BD06F4DA84208D0744DA84205D0744DFA
:100C6000A84202D0734DA84213D14FF6F7752A401F
:100C70004D892A434FF6FB752A408D882A434FF64B
:100C8000FF652B404FF6FF552B408D892B43CD89B7
:100C90002B4383800483CD888586028470BD70B524
:100CA000002400220023058C4FF6EF7635400584A2
:100CB000028C8388048B48F6FF752C404FF6FF4565
:100CC0002C400D884FF6FF7606EA05252C434FF69B
:100CD000DF752A400D8906EA05152A434D8806EA84
:100CE00005152A43444DA84202D0494DA8421DD1C2
:100CF0004FF67F752A404D894FF6FF7606EA0515B7
:100D00002A434FF6BF752A408D8806EA05152A4307
:100D10004FF6FF352B404FF2FF752B408D8906EAC9
:100D200085052B43CD8906EA85052B438380048303
:100D3000CD880587028470BD70B500240022002391
:100D4000058C4FF6FF6635400584028C8388848BC2
:100D50004FF68F752C404FF6FC752C400D882C43B8
:100D60004FF6FF552A400D894FF6FF7606EA052516
:100D70002A434D8806EA05252A431F4DA84202D082
:100D8000234DA8421DD14FF2FF752A404D894FF6E1
:100D9000FF7606EA05252A434FF6FF352A408D885F
:100DA00006EA05252A434EF6FF752B404DF6FF75E2
:100DB0002B408D8906EA05152B43CD8906EA0515DA
:100DC0002B4383808483CD888587028470BD70B572
:100DD000002200230024058C4EF6FF763540058462
:100DE000038C8488828B48F6FF752A404FF6FF45B6
:100DF0002A400D8820E00000002C01400004004043
:100E000000080040000C00400010004000140040AA
:100E100000340140004C01400050014000540140AA
:100E200000180040001C004000200040004001402D
:100E300000440140004801404FF6FF7606EA0525D0
:100E40002A434DF6FF752B400D8906EA05352B43E5
:100E50004D8806EA05352B43FA4DA84202D0FA4DDB
:100E6000A84208D14BF6FF752C408D894FF6FF76CE
:100E700006EA85152C4384808283CD88A0F84050F3
:100E8000038470BD828B4FF2FF331A408283828BC2
:100E90004FF6FF7303EA01231A4382837047F0B5CC
:100EA0000C461546002200210026078C4EF6FF7CDA
:100EB00007EA0C070784828B018C4FF6FF7707EA5D
:100EC000043640F6FF473A404FF6FF7707EA05271A
:100ED0003A434FF6FF7707EA03373A43D94FB84210
:100EE0000ED0D94FB8420BD0B0F1804F08D0D74FB9
:100EF000B84205D0D64FB84202D0D64FB84206D13C
:100F00004DF6FF77394046F48057394305E047F600
:100F1000FF57394044F48057394382830184F0BD40
:100F2000828B4FF6F3731A408283828B0A4382834B
:100F30007047F0B50C461546002200210026078CAC
:100F40004FF6FF6C07EA0C070784828B018C4FF683
:100F5000FF7707EA04264FF60C773A404FF6FF7703
:100F600007EA03172F433A43B64FB8420ED0B64FA5
:100F7000B8420BD0B0F1804F08D0B44FB84205D082
:100F8000B34FB84202D0B34FB84206D14FF6FF5725
:100F9000394046F48077394305E04FF2FF57394036
:100FA00044F48077394382830184F0BD028B4FF291
:100FB000FF331A400283028B4FF6FF7303EA0123CB
:100FC0001A4302837047F0B50C46154600220021F3
:100FD0000026078C4FF6EF7C07EA0C070784028B8C
:100FE000018C4FF6FF7707EA041640F6FF473A40B8
:100FF0004FF6FF7707EA03373A434FF6FF7707EAE2
:1010000005273A438F4FB8420ED08F4FB8420BD0CE
:10101000B0F1804F08D08D4FB84205D08C4FB84208
:1010200002D08C4FB84206D14FF6DF77394046F0F8
:101030001007394305E04FF65F77394044F0100759
:10104000394302830184F0BD028B4FF6F3731A40DB
:101050000283028B0A4302837047F0B50C461546A3
:1010600000220021068C4FF6FE773E400684028B5C
:10107000018C4FF60C7632407E1C06EA03162E4396
:101080003243704EB0420ED06F4EB0420BD0B0F132
:10109000804F08D06D4EB04205D06D4EB04202D0A8
:1010A0006C4EB04206D14FF6FD76314044F0010659
:1010B000314305E04FF6F576314044F00106314307
:1010C00002830184F0BD70B505460C465D4885423B
:1010D0000ED05D4885420BD0B5F1804F08D05B48FB
:1010E000854205D05A48854202D05A48854200D1EF
:1010F00000E000BF208850B92389A2886188284673
:10110000FFF7ABFFE1882846FFF79EFF25E0208828
:1011100004280AD12389A28861882846FFF753FF53
:10112000E1882846FFF742FF17E0208808280AD107
:101130002389A28861882846FFF7FBFEE1882846BC
:10114000FFF7EEFE09E02389A28861882846FFF7B1
:10115000A6FEE1882846FFF795FE70BD2DE9F04117
:1011600005460C4600260127608808B9022600E0E3
:101170000026A088012801D1022700E0012720884D
:10118000A0B92389A28861882846FFF766FFE18815
:101190002846FFF759FF23893A4631462846FFF78C
:1011A00012FFE1882846FFF701FF13E02389A28898
:1011B00061882846FFF707FFE1882846FFF7F6FE1B
:1011C00023893A4631462846FFF747FFE1882846FB
:1011D000FFF73AFFBDE8F0810A884B881A438B88F5
:1011E0001A43CB881A430B891A434B891A438B89BC
:1011F0001A43A0F8442070474FF6FF718180002108
:101200000180C180418001727047002101804180CE
:101210008180C180018141818181C181704700212C
:1012200001804180012181800021C18001817047BE
:101230000021018041808180C180018141818181C3
:1012400070470000002C01400034014000040040C1
:1012500000080040000C004021B1028842F0010269
:10126000028004E002884FF6FE731A400280704745
:1012700031B1B0F8442042F40042A0F8442005E027
:10128000B0F84420C2F30E02A0F8442070471AB10F
:1012900083890B43838102E083898B438381704779
:1012A0008182704741EA0203A0F8483070471AB1C2
:1012B00083890B43838102E083898B438381704759
:1012C00001894FF6F8721140018170470A460021EA
:1012D00001894FF68F73194011430181704730B572
:1012E00004460D4629462046FFF7F0FF208940F0CE
:1012F0000700208130BD2DE9F04104460D46164619
:101300001F46602D06D13B46012231462046FFF79D
:101310005AFE05E03B46012231462046FFF79DFE7E
:1013200029462046FFF7D2FF208940F007002081A0
:10133000BDE8F08130B50C4600210189C9B24FF6F5
:10134000FF7505EA0325154325432943018130BD77
:101350002DE9F04105460E461746984600244346BF
:101360003A4631462846FFF7E5FF2C894FF6F870DC
:10137000044044F007044FF68F70044044F07004BA
:101380002C81BDE8F081F0B504460D4616461F4697
:101390003B46324629462046FFF7CCFF208940F4E1
:1013A00080402081F0BD0185828270470A4600217D
:1013B00001884FF68F731940114301807047F0B5D3
:1013C0000C4615461E460021002200230189028B8F
:1013D000038C4FF6F877394021434FF6FC473A40EB
:1013E00040F201173A434FF6DD773B404FF6FF7767
:1013F00007EA06172F433B43018102830384F0BDB4
:101400000A460021018B4FF68F7319401143018367
:1014100070470A460021018B48F6FF7319404FF6CA
:10142000FF7303EA02231943018370470A46002130
:10143000818B4FF68F7319401143818370470A46A1
:101440000021818B48F6FF7319404FF6FF7303EAC2
:10145000022319438183704721B1028842F0800240
:10146000028004E002884FF67F731A4002807047C2
:1014700021B1828842F00402828004E082884FF623
:10148000FB731A408280704721B1828842F00802C3
:10149000828004E082884FF6F7731A40828070479A
:1014A00021B1828842F00102828004E082884FF6F6
:1014B000FE731A40828070470A460021018B4FF666
:1014C000F77319401143018370470A460021018BCD
:1014D0004FF2FF7319404FF6FF7303EA02231943DB
:1014E000018370470A460021818B4FF6F77319403C
:1014F0001143818370470A460021818B4FF2FF73AD
:1015000019404FF6FF7303EA0223194381837047A2
:101510000A460021018B4FF6FB73194011430183EA
:1015200070470A460021018B4FF6FF3319404FF6F2
:10153000FF7303EA02231943018370470A4600211F
:10154000818B4FF6FB7319401143818370470A4624
:101550000021818B4FF6FF3319404FF6FF7303EAEA
:1015600002231943818370470A460021018B4FF6FD
:101570007F7319401143018370470A460021018B94
:10158000C1F30E014FF6FF7303EA022319430183EF
:1015900070470A460021818B4FF67F731940114333
:1015A000818370470A460021818BC1F30E014FF6FB
:1015B000FF7303EA02231943818370470A4600211F
:1015C000018C4FF6FD7319401143018470470A46A0
:1015D0000021018C4FF6F7731940114301847047C5
:1015E0000A460021018C4FF6DF7319404FF6FF7356
:1015F00003EA02131943018470470A460021018C53
:101600004FF67F7319404FF6FF7303EA0213194335
:10161000018470470A460021018C4FF6FF531940A0
:101620004FF6FF7303EA02231943018470470A4609
:101630000021018C4FF2FF7319404FF6FF7303EA4C
:1016400002231943018470470A460021018C4DF69C
:10165000FF7319404FF6FF7303EA02331943018405
:10166000704730B5002301248C40A3B2048C9C4306
:101670000484048C02FA01F5ADB22C43048430BD1D
:1016800030B5002304248C40A3B2048C9C43048412
:10169000048C02FA01F5ADB22C43048430BD70B560
:1016A0000346002000241846183001258D40ACB2B6
:1016B0001D8CA5431D8409B1082909D100EB6100E7
:1016C000056825F0700505600568154305600EE0A6
:1016D0000D1FC5F34E052844056825F4E045056057
:1016E00005684FF6FF7606EA02263543056070BDB1
:1016F00021B1028842F00202028004E002884FF623
:10170000FD731A400280704721B1028842F0040242
:10171000028004E002884FF6FB731A400280704793
:1017200021B1828842F08002828004E082884FF6F4
:101730007F731A408280704702884FF6F7731A4011
:10174000028002880A430280704782884FF68F73B6
:101750001A40828082880A438280704702894FF64D
:10176000F8731A40028102890A4302817047028994
:101770004FF67F731A40028102890A430281704743
:1017800081847047818570478186704701877047E3
:1017900081877047A0F84010704702884FF6FF43DA
:1017A0001A40028002880A43028070470146888EF0
:1017B00070470146088F70470146888F7047014681
:1017C000B1F8400070470146888C70470146088D8B
:1017D000704702460020138A0B400BB1012000E045
:1017E00000207047CA430282704730B5024600208D
:1017F00000230024158A05EA0103958905EA0104FE
:1018000013B10CB1012000E0002030BDCA430282B8
:101810007047000010B50446FB48844209D10121FD
:101820008803FFF79FF800214FF48040FFF79AF8F4
:1018300032E0F648844209D101214804FFF79FF8BD
:1018400000214FF40030FFF79AF825E0F048844279
:1018500009D101218804FFF792F800214FF480207C
:10186000FFF78DF818E0EB48844209D10121C80444
:10187000FFF785F800214FF40020FFF780F80BE018
:10188000E548844208D101210805FFF778F80021D6
:101890004FF48010FFF773F810BD2DE9F04786B0C4
:1018A00005460E460024A24600BFA1460027B08987
:1018B00000B100BF2F462C8A4CF6FF700440F08820
:1018C00004432C82AC894EF6F3100440B088318971
:1018D0000843718908430443AC81AC8A4FF6FF404A
:1018E0000440B0890443AC8201A8FEF7B4FFC648A7
:1018F000874202D1DDF810A001E0DDF80CA0A88934
:1019000000F4004040B10AEBCA0000EB0A10316855
:101910004900B0FBF1F807E00AEBCA0000EB0A103F
:1019200031688900B0FBF1F86420B8FBF0F00401E5
:101930002009642101FB1089A88900F4004040B10E
:10194000322000EBC900B0FBF1F000F007000443C7
:1019500008E0322000EB09106421B0FBF1F000F048
:101960000F0004432C8106B0BDE8F0874FF41651F8
:10197000016000218180C18001810C214181002111
:101980008181704710B502460020108A4FF2FF0394
:1019900018400B884C8823438C882343CC882343EE
:1019A0001843108210BD0021018041808180C180D8
:1019B000704721B1828942F40052828104E0828919
:1019C0004DF6FF731A4082817047F0B5034600243C
:1019D00000260025002040F66A17B94200D100BF5A
:1019E0001846C1F3421401F01F06012707FA06F555
:1019F000012C01D10C3004E0022C01D1103000E0A8
:101A000014301AB107682F43076002E00768AF433C
:101A10000760F0BD1AB1838A0B43838202E0838A98
:101A20008B4383827047028A4FF6F0731A4002821A
:101A3000028A0A430282704782894FF2FF731A407A
:101A4000828182890A438281704721B1828942F072
:101A50000202828104E082894FF6FD731A4082817E
:101A60007047028A4FF6DF731A400282028A0A43E5
:101A70000282704721B1028A42F48042028204E06D
:101A8000028A4BF6FF731A4002827047C1F30802C4
:101A90008280704701468888C0F3080070478189BA
:101AA00041F0010181817047028BD2B20283028B27
:101AB00042EA012202837047028B02F47F420283D2
:101AC000028B0A430283704721B1828A42F02002CE
:101AD000828204E0828A4FF6DF731A408282704766
:101AE00021B1828A42F01002828204E0828A4FF69B
:101AF000EF731A408282704721B1828A42F0080255
:101B0000828204E0828A4FF6F7731A40828270471D
:101B100021B1828942F40042828103E08289C2F3CA
:101B20000E028281704721B1828A42F40062828271
:101B300004E0828A4FF2FF731A4082827047828AE1
:101B40004FF6FB731A408282828A0A438282704770
:101B500021B1828A42F00202828204E0828A4FF638
:101B6000FD731A408282704702460020B1F5007F63
:101B700000D100BF13880B400BB1012000E0002012
:101B8000704701F40072B2F5007F00D100BFCA4374
:101B90000280704770B50246002400230025002013
:101BA00040F66A16B14200D100BFC1F3421501F000
:101BB0001F03012606FA03F3012D02D19689334053
:101BC00006E0022D02D1168A334001E0968A3340A6
:101BD0000C12012606FA04F41688344013B10CB135
:101BE000012000E0002070BD10B50022002340F667
:101BF0006A14A14200D100BF0A1201249440A3B28A
:101C0000DC43048010BD0000003801400044004067
:101C100000480040004C00400050004010B5044611
:101C2000FA48844208D101214015FEF79BFE0021AD
:101C30006015FEF797FE17E0F548844208D10121B0
:101C40000015FEF78FFE00212015FEF78BFE0BE03E
:101C5000F048844208D10121C803FEF783FE002129
:101C60004FF40040FEF77EFE10BD30B50246002066
:101C700000235068E84C20400D790C6844EA0524A4
:101C8000204350609068E54C2040D1E902542C4339
:101C90004D7944EA450420439060D06A20F47000F6
:101CA0000C7C641EE4B2234340EA0350D06230BD92
:101CB00000210160017141718160C16001210174E5
:101CC000704721B1826842F00102826003E08268BD
:101CD00022F001028260704721B1826842F4807272
:101CE000826003E0826822F480728260704710B5DF
:101CF0000023CBB21AB144681C43446002E044683C
:101D00009C43446010BD816841F0080181607047C8
:101D1000014600208A6802F008020AB1012000E0B2
:101D200000207047816841F00401816070470146DE
:101D300000208A6802F004020AB1012000E00020BD
:101D4000704721B1826842F4A002826003E0826899
:101D500022F4A00282607047014600208A6802F4E3
:101D600080020AB1012000E00020704710B50A4649
:101D700000210023416821F46041531E41EA4331B0
:101D8000416010BD21B1426842F40062426003E04C
:101D9000426822F4006242607047F0B504460D4686
:101DA00000200021092D11DDE068A5F10A0606EBEF
:101DB0004607072606FA07F18843A5F10A0606EB4F
:101DC000460603FA06F10843E0600CE0206905EBE3
:101DD0004507072606FA07F1884305EB450603FA8F
:101DE00006F108432061072A0FDA606B561E06EBE6
:101DF00086071F2606FA07F18843561E06EB86065D
:101E000005FA06F10843606322E00D2A0FDA206B21
:101E1000D61F06EB86071F2606FA07F18843D61F52
:101E200006EB860605FA06F10843206310E0E06A37
:101E3000A2F10D0606EB86071F2606FA07F1884376
:101E4000A2F10D0606EB860605FA06F10843E062EC
:101E5000F0BD21B1826842F48012826003E08268A2
:101E600022F48012826070470146C86C80B27047CD
:101E700066484C300068704721B1426842F4806285
:101E8000426003E0426822F480624260704721B100
:101E9000426842F48052426003E0426822F4805279
:101EA000426070470A460021816821F4E0411143F5
:101EB0008160704721B1826842F40042826003E091
:101EC000826822F400428260704721B1826842F445
:101ED0000212826003E0826822F40212826070477C
:101EE000014600208A6802F400120AB1012000E0D5
:101EF00000207047F0B50446154600200022002659
:101F0000092911DDE068A1F10A0707EB470C072753
:101F100007FA0CF29043A1F10A0707EB470703FA0F
:101F200007F21043E0600CE0206901EB410C072749
:101F300007FA0CF2904301EB410703FA07F2104352
:101F40002061A06BC0F30156EF1C06F1010CA7EB5A
:101F50000C0707EB870C1F2707FA0CF29043EF1CC6
:101F600006F1010CA7EB0C0707EB870701FA07F254
:101F70001043A063F0BD10B50A4600210023816B19
:101F800021F44011531E41EA0351816310BD08B58D
:101F9000002300930090009B0B440093009B1A6069
:101FA00008BD08B5024600200090009201F128000B
:101FB000009B184400900098006880B208BD0A4653
:101FC00000214168164B194011434160704741623E
:101FD000826270470A460021416821F01F011143C7
:101FE0004160704740B109490831096841F4000176
:101FF000064A0832116007E004490831096821F4F3
:102000000001024A083211607047000000240140BC
:1020100000280140003C0140FFFEF0FFFDF7F1FF0A
:10202000FFFD3FFF0246002013680B400BB101206B
:1020300000E000207047CA430260704770B5024656
:102040000020002300240B125568CEB205EA0604D6
:1020500015681D4015B10CB1012000E0002070BDD5
:1020600000220A12D3430360704700000CB5002021
:10207000019000906C48006840F480306A49086024
:1020800000BF6948006800F4003000900198401CCF
:102090000190009818B90198B0F5A06FF1D162488D
:1020A000006800F4003010B10120009001E0002031
:1020B00000900098012843D15C48006840F010006F
:1020C0005A4908600846006820F003000860084686
:1020D000006840F002000860534840685249486078
:1020E0000846406848600846406840F480604860A0
:1020F0000846406820F47C1048600846406840F478
:10210000E81048600846006840F08070086000BF32
:102110004548006800F000700028F9D04248406847
:1021200020F00300404948600846406840F0020043
:10213000486000BF3C48406800F00C000828F9D116
:102140000CBD10B5FFF792FF10BD10B53648006802
:1021500040F00100344908600846406834490840AE
:102160003149486008460068324908402E490860F5
:102170000846006820F4802008600846406820F483
:10218000FE0048604FF41F008860FFF7DAFF4FF051
:1021900000602949086010BD10B500210020002210
:1021A000214B5B6803F00C0121B1042906D00829FA
:1021B00028D107E0214B224C236027E01F4B204C05
:1021C000236023E0184B5B6803F47010164B5B68C8
:1021D00003F48032022303EB904022B9194B4343AE
:1021E000174C23600DE0104B5B6803F4003323B100
:1021F000144B4343124C236003E0104B4343104CF9
:10220000236003E00D4B0E4C236000BF00BF064B64
:102210005B68C3F303130C4CE15C094B1B68CB40B8
:10222000074C236010BD0000001002400020024057
:102230000000FFF8FFFFF6FE08ED00E000127A0054
:102240001400002000093D0018000020014605E0B0
:10225000002001E0421CD0B20A28FBDB0A1EA1F1DB
:102260000101F5D1704710B5044603E04FF47A70D0
:10227000FFF7ECFF201EA4F10104F7D110BD704759
:1022800008B50720009002E00098401E00900098DA
:102290000028F9D108BD10B54FF40070E649086078
:1022A00040100860FFF7ECFFE3480838006808B901
:1022B000012000E0002000F4007008B1002010BDF3
:1022C0004FF40070DC49091D0860FFF7D9FFDA48B8
:1022D0000838006800F4007008B10020EFE74FF400
:1022E0000070D549091D0860FFF7CAFF0120E6E725
:1022F00010B54FF48070D049091D0860FFF7C0FF8A
:102300004FF40070CC49091D0860FFF7B9FF4FF486
:102310008070C9490860FFF7B3FF4FF40070C649E9
:102320000860FFF7ADFF10BD10B54FF48070C249D3
:10233000091D0860FFF7A4FF4FF40070BE49091D96
:102340000860FFF79DFF4FF48070BB490860FFF7FE
:1023500097FF4FF48070B849091D0860FFF790FFA0
:1023600010BD10B54FF48070B349091D0860FFF728
:1023700087FF4FF40070B0490860FFF781FF4FF40A
:102380008070AD490860FFF77BFF4FF48070AA4969
:10239000091D0860FFF774FF10BD10B54FF4807081
:1023A000A549091D0860FFF76BFF4FF40070A249B3
:1023B0000860FFF765FF4FF480709F490860FFF7E2
:1023C0005FFF9D480838006800F4007030B14FF49A
:1023D00080709949091D0860002010BD4FF480707D
:1023E0009549091D08600120F7E770B504460825E6
:1023F0001DE04FF480709049091D0860FFF740FF11
:1024000004F0800020B14FF400708B49086004E0B4
:102410004FF400708849091D08606006040EFFF73C
:102420002FFF4FF4807084490860FFF729FF281EB2
:10243000A5F10101CDB2DCD14FF480707E49091DB8
:10244000086070BD70B508250024A8017A490860AD
:1024500016E06006040E4FF480707749091D08608D
:10246000FFF70EFF4FF4807073490860FFF708FF15
:1024700071480838006800F4007008B144F00104A5
:10248000281EA5F10101CDB2E3D14FF480706A4955
:10249000091D0860204670BD08B501210820FEF71F
:1024A00047FA4FF44070ADF8000002208DF80200AA
:1024B00014208DF8030069465F481038FDF77CFF53
:1024C00008BD2DE9F04105460E4617469846FFF730
:1024D000E2FE10B90020BDE8F081002141EA45018B
:1024E000C8B2FFF782FFFFF758FF18B9FFF700FFE8
:1024F0000020F0E73046FFF778FFFFF74EFF00249B
:102500000BE018F80400FFF770FFFFF746FF18B95B
:10251000FFF7EEFE0020DEE7641CBC42F1DBFFF7B4
:10252000E7FE0120D7E72DE9F04104460D461646A7
:102530001F463B46324629462046FFF7C2FF10B1F0
:102540000020BDE8F0814FF0FF30FAE72DE9F041BF
:1025500005460F4614461E46FFF79DFE10B90020A3
:10256000BDE8F081002141EA4501C8B2FFF73DFF17
:10257000FFF713FF18B9FFF7BBFE0020F0E738465E
:10258000FFF733FFFFF709FFFFF785FE012101EB9E
:102590004501C8B2FFF729FFFFF7FFFE0CE0FFF788
:1025A00051FF3070012C02D1FFF7DBFE01E0FFF795
:1025B000BBFE761C601EC4B2002CF0D1FFF798FE63
:1025C0000120CDE72DE9F04104460D4616461F4691
:1025D0003B46324629462046FFF7B8FF10B100209F
:1025E000BDE8F0814FF0FF30FAE770B504460D46C4
:1025F0001646FFF750FE08B9002070BD002141EAE1
:102600004401C8B2FFF7F1FEFFF7C7FE18B9FFF7A4
:102610006FFE0020F1E72846FFF7E7FEFFF7BDFE5B
:102620003046FFF7E2FEFFF7B8FEFFF761FE01203C
:10263000E3E7002070470000100C014008B50121BD
:102640001120FEF775F901210B48FDF786FF4FF4C5
:10265000C040ADF8000003208DF8020010208DF876
:10266000030069460548FDF7A7FE4FF4C041034843
:10267000FDF74FFF08BD00000002300000100140D0
:10268000002400270026FFF760FD41F61F4141F2BC
:10269000883002F019FB02F053FB02F083F900F0DE
:1026A000DFF800F041F8FFF7C9FF02F0CFFB00F0C0
:1026B000EDF800F054F9FFF7EFFE0A2000F02CFED1
:1026C00000F060FA00F0D0FD00F05CFE002108464A
:1026D00001F0ECFF114807784FF0E020006940F06E
:1026E00001004FF0E021086117E000F0BBFA86B965
:1026F0000A480578E81BC0B204442F46322C07D3A1
:1027000000234CF250320649064801F057FE0126DC
:1027100000BF02F0E1F801F069FDE6E7D800002013
:10272000CDCCCC3D0000C84208B501210820FEF701
:10273000FFF84FF47040ADF8000010208DF8030052
:1027400003208DF802006946FE48FDF735FE4FF480
:102750007041FC48FDF7DDFE08BD08B501210846C3
:10276000FEF7F3F801210420FEF7E2F80C20ADF8A3
:10277000000018208DF8030003208DF80200694640
:10278000F148FDF719FE08BD30B587B000250024DB
:1027900040F2E730ADF814000020ADF81000ADF8BD
:1027A0001600ADF8120004A94FF08040FEF7F8F9CA
:1027B0006020ADF800000120ADF80200ADF8065031
:1027C0000020ADF8080069464FF08040FEF7B4FAEB
:1027D0000821C806FEF786FE0120ADF80200ADF81C
:1027E00006400020ADF8080069464FF08040FEF733
:1027F000EEFA0821C806FEF77EFE01218807FEF7E3
:102800002BFE01218807FEF727FD07B030BD2DE91B
:10281000FF4104460D4627462E466020ADF80000D5
:102820000120ADF80200ADF806700020ADF80800F8
:1028300069464FF08040FEF77FFA0821C806FEF790
:1028400051FE0120ADF80200ADF806606946800730
:10285000FEF7BDFA0821C806FEF74DFEBDE8FF8170
:1028600010B5FFF77AFFFFF78FFF10BDB749088853
:10287000098821F00101B54A11807047B4490888E0
:10288000098821F00101B24A1180704700B589B072
:1028900001210220FEF759F801210420FEF748F833
:1028A00001A8FDF714FEC020ADF8040004208DF847
:1028B000070003208DF8060001A9A348FDF77CFD61
:1028C0004FF4A060FDF71CFC1D208DF808000120CE
:1028D0008DF8090003208DF80A0001208DF80B0007
:1028E00002A8FDF712FC99481038FEF785F806A8F3
:1028F000FEF782FC0020ADF818004FF6FF70ADF82F
:102900001C000020ADF81E00ADF81A0006A98F4883
:102910001038FEF745F90A231A4603218B48103870
:10292000FEF74DFD03A8FEF77AFC0620ADF8140073
:1029300003A986481038FEF7C6FB012183481038EA
:10294000FEF750FF0122114680481038FEF79FFC29
:1029500001217E481038FEF77FFC09B000BD00B5AC
:1029600089B001210420FDF7F0FF01210820FDF7C7
:10297000DFFF01A8FDF7ABFDC020ADF80400042087
:102980008DF8070003208DF8060001A96D48FDF7BA
:1029900013FD4FF4A060FDF7B3FB1E208DF8080077
:1029A00001208DF8090003208DF80A0001208DF820
:1029B0000B0002A8FDF7A9FB65481038FEF71CF8CC
:1029C00006A8FEF719FC0020ADF818004FF6FF70BE
:1029D000ADF81C000020ADF81E00ADF81A0006A9E5
:1029E0005B481038FEF7DCF80A231A4603215848E2
:1029F0001038FEF7E4FC03A8FEF711FC0620ADF842
:102A0000140003A952481038FEF75DFB012150481D
:102A10001038FEF7E7FE012211464D481038FEF748
:102A200036FC01214A481038FEF716FC09B000BDFB
:102A300000B585B001210420FDF77AFF01210220B5
:102A4000FDF783FF8020ADF8100004208DF81300FF
:102A500003208DF8120004A93B48FDF7ADFC4FF4AC
:102A6000A060FDF74DFB1D208DF8000001208DF8C2
:102A7000010003208DF8020001208DF80300684654
:102A8000FDF743FB31481038FDF7B6FF4FF6FF70F6
:102A9000ADF808000020ADF80400ADF80A00ADF86C
:102AA000060001A929481038FEF77AF800231A46D3
:102AB000602126481038FEF71EFC002123481038FC
:102AC000FEF75EFE012121481038FEF7C5FB05B078
:102AD00000BD00B585B001210820FDF729FF0121C7
:102AE0000420FDF732FF8020ADF8100004208DF89F
:102AF000130003208DF8120004A91248FDF75CFCB6
:102B00004FF4A060FDF7FCFA1E208DF800000120B4
:102B10008DF8010003208DF8020001208DF80300DC
:102B20006846FDF7F2FA0A481038FDF765FF4FF6E0
:102B3000FF70ADF808000020ADF80400ADF80A0001
:102B400008E00000000C01400008014010040040B3
:102B500010080040ADF8060001A90948FEF720F86A
:102B600000231A4660210648FEF7C5FB00210448F1
:102B7000FEF706FE01210248FEF76EFB05B000BD20
:102B80000008004070B5002402F02BFE0446002C23
:102B900060D17CA002F083F8782002F084FA18B9A2
:102BA00081A002F07CF802E087A002F078F878209B
:102BB00002F066FC18B98FA002F071F802E096A04E
:102BC00002F06DF8642002F03CFD18B99EA002F0FE
:102BD00066F802E0A6A002F062F804F0F3F818B973
:102BE000ACA002F05CF802E0B7A002F058F8C548CB
:102BF00004F0C4FF054604F0EFF818B9C2A002F0D3
:102C00004EF802E0CAA002F04AF840F2731004F055
:102C100024FD18B9D2A002F042F802E0D9A002F0D7
:102C20003EF8642004F092FA18B9E2A002F037F8F6
:102C300002E0E9A002F033F804F0B4FF012003F051
:102C400007FE18B9EFA002F02AF80AE0F6A002F099
:102C500026F806E04FF40051FE48FDF75CFC00BF8B
:102C6000FEE770BD2DE9F04F89B0FB48FB49FC4BF6
:102C7000FC4ACDE90010FC49FC4804F04DFEF74841
:102C8000008800F4807000287AD0F649086805F0C2
:102C9000BBFA04464FF09D4105F0F0F8F449086096
:102CA000F049486805F0B0FA04464FF09D4105F040
:102CB000E5F8F0490860EB49886805F0A5FA044694
:102CC0004FF09D4105F0DAF8EB490860E549C86826
:102CD00005F09AFA04464FF09D4105F0CFF8E74918
:102CE0000860E34801684FF0804005F095F80690D1
:102CF000E1480168069805F08FF88246DD480168D2
:102D00004FF0404005F088F80690DC4801680698CE
:102D100005F082F88346514605F026F8079005F045
:102D2000BFFA064606F0F4FC80464FF06632D44BFC
:102D300005F089F9044605F0DFFAD2490860CE486B
:102D400001684FF0804005F067F80390CA480168B9
:102D5000039805F061F88246C64801684FF040408C
:102D600005F05AF80390C3480168039805F054F839
:102D70008346514605F04AF881464FF07E5183E183
:102D80000CE200006D707520696E697469616C6990
:102D90007A6174696F6E20636F6D706C6574652EF7
:102DA0002E2E2E2E2E0A20006D70755F7365745FB7
:102DB00073656E736F7220636F6D706C65746520E0
:102DC0002E2E2E2E2E2E0A006D70755F7365745F89
:102DD00073656E736F7220636F6D65206163726FD0
:102DE0007373206572726F72202E2E2E2E2E2E0A75
:102DF000000000006D70755F636F6E6669677572C5
:102E0000655F6669666F20636F6D706C65746520C1
:102E10002E2E2E2E2E2E0A006D70755F636F6E663D
:102E200069677572655F6669666F20636F6D65209F
:102E30006163726F7373206572726F72202E2E2E13
:102E40002E2E2E0A000000006D70755F7365745F92
:102E500073616D706C655F7261746520636F6D7016
:102E60006C657465202E2E2E2E2E2E0A000000007A
:102E70006D70755F7365745F73616D706C655F72A3
:102E8000617465206572726F72202E2E2E2E2E2E8A
:102E90000A000000646D705F6C6F61645F6D6F7439
:102EA000696F6E5F6472697665725F6669726D776D
:102EB00061726520636F6D706C657465202E2E2EB7
:102EC0002E2E2E0A00000000646D705F6C6F61642E
:102ED0005F6D6F74696F6E5F6472697665725F664D
:102EE00069726D7761726520636F6D6520616372D1
:102EF0006F7373206572726F72202E2E2E2E2E2EFF
:102F00000A00000028000020646D705F7365745F24
:102F10006F7269656E746174696F6E20636F6D7036
:102F20006C657465202E2E2E2E2E2E0A00000000B9
:102F3000646D705F7365745F6F7269656E746174E0
:102F4000696F6E20636F6D65206163726F737320AC
:102F50006572726F72202E2E2E2E2E2E0A00000009
:102F6000646D705F656E61626C655F6665617475E6
:102F7000726520636F6D706C657465202E2E2E2E29
:102F80002E2E0A00646D705F656E61626C655F660F
:102F900065617475726520636F6D65206163726F22
:102FA0007373206572726F72202E2E2E2E2E2E0AB3
:102FB00000000000646D705F7365745F6669666F22
:102FC0005F7261746520636F6D706C657465202E2F
:102FD0002E2E2E2E2E0A0000646D705F7365745FB6
:102FE0006669666F5F7261746520636F6D652061ED
:102FF00063726F7373206572726F72202E2E2E2E85
:103000002E2E0A006D70755F7365745F646D705F5E
:10301000737461746520636F6D706C657465202EC8
:103020002E2E2E2E2E0A00006D70755F7365745F54
:10303000646D705F737461746520636F6D6520618A
:1030400063726F7373206572726F72202E2E2E2E34
:103050002E2E0A00001001406200002060000020B7
:1030600050000020200200205A00002054000020C0
:1030700034000020380000203C00002040000020E8
:1030800066A64C404400002004F06EFE044605F0A5
:1030900007F9CDE90401434801684FF0804004F08E
:1030A000BBFE834640480168584604F0B5FE8146A1
:1030B0003E4801684FF0804004F0AEFE83463C4835
:1030C0000168584604F0A8FE8246494604F04CFECA
:1030D000044605F0E5F80746DDE9042306F060FD47
:1030E0004FF06632334BCDE9060104F0ACFF0546E4
:1030F00005F002F9304908602D480168006804F0C5
:103100008BFE039029480168006804F085FE029058
:1031100025480168006804F07FFE83462148016865
:10312000006804F079FE5946019004F01DFE8246C5
:10313000029904F06BFE8146039904F067FE044691
:1031400005F0AEF8CDE9040119480168154800689A
:1031500004F062FE8246154801681348006804F0D6
:103160005BFE8346514604F0FFFD81464FF08041EF
:1031700004F052FE044605F093F80746DDE9042307
:1031800006F00EFD4FF066320A4BCDE9060104F061
:103190005AFF054605F0B0F80849086009B0BDE8D7
:1031A000F08F000034000020380000203C00002098
:1031B0004000002066A64C40480000204C00002043
:1031C000704700BFFEE700BFFEE700BFFEE700BF9D
:1031D000FEE770477047704710B51D480078401CE7
:1031E0001B4908701B480078401C1A4908701A488F
:1031F0000078401C1849087000F08DFB17480078D3
:10320000401C1649087016480078401C1449087084
:1032100014480078401C134908700E4800780228B2
:1032200006DB01F0FEFD00F0C7FD00200949087033
:1032300009480078082806DB00F09AFB00200649C0
:1032400008700649087000F04FF900F0EEFA10BD62
:10325000D8000020DD000020D9000020DA00002086
:10326000DB000020DC00002030B527480068C822C1
:10327000B0FBF2F1B1F1807F01D301201DE021F01C
:103280007F40401E4FF0E022506150170F2200286F
:1032900007DA13071D0E1D4B00F00F04241F1D55E8
:1032A00003E013071C0E1A4B1C5400BF00204FF004
:1032B000E022906107201061002008B100BFFEE706
:1032C0004FF0E020006920F001004FF0E02108619C
:1032D00030BD01B50F49009808604FF0E02000694B
:1032E00040F001004FF0E021086100BF094800688C
:1032F0000028FBD108BD0748006820B105480068D8
:10330000401E0449086070471400002018ED00E0DA
:1033100000E400E064000020002107E042F6E061E4
:1033200000BF0A1EA1F1010399B2FAD1021EA0F159
:10333000010398B2F2D170470020F849087608706E
:1033400048608860F6480068C8600020C8827047FE
:1033500000B502460020F3490870F3480260FFF709
:10336000EBFF0020F1490870F1490870F14800783E
:10337000F14908700020F1490860EE480078F049F2
:10338000087000BD00B50020EE490880EE490880B5
:10339000EE490860EE490860EE490860EE490860B1
:1033A000EE490860EE490860EE490860EE490860A1
:1033B000EE490860EE490860EE490860D8490860A7
:1033C000ED490860ED490860ED490860ED49086085
:1033D000D8490870EC490870EC490870D548007865
:1033E000D54908700020D5490860D2480078D449F2
:1033F00008704FF46170E6490880E648E6490860C5
:103400000120E64908700020E5490870E549087088
:10341000E5490860E5490860E5490860E548FFF7C7
:1034200097FF0020E449086000BD2DE9F041E34822
:10343000006804F035FF0446E148D0E900633246F5
:10344000204604F041FF07D0DD48D0E900211046B6
:1034500004F052FFD9490860DA48006804F020FF00
:103460000446D748D0E902633246204604F02CFFD8
:1034700007D0D348D0E90221104604F03DFFD149DE
:103480000860D148006804F00BFF0446CC48D0E93E
:1034900004633246204604F017FF07D0C848D0E93D
:1034A0000421104604F028FFC7490860C748006897
:1034B00004F0F6FE0446C248D0E9066332462046D0
:1034C00004F002FF07D0BE48D0E90621104604F000
:1034D00013FFBE4908600020B3490860B349086083
:1034E000B3490860BDE8F0812DE9F041B8480068B3
:1034F000012810D10020B1490860B648006804F0E6
:1035000091FE06460022B44B04F09DFD044604F0F3
:10351000F3FEAA490860AE480068022812D10020D4
:10352000A8490860AD490968A1F1400004F07AFE9D
:1035300006460022AA4B04F086FD044604F0DCFE99
:10354000A0490860A749B1F9040004F05DFEA6494E
:103550000860A649B1F9040004F056FEA4490860C9
:103560000021A448006804F0E3FE0BD0A249A14862
:10357000006804F0DDFE05D3A0499E48006804F011
:10358000E1FE05D24FF400519D48FCF7C4FF04E072
:103590004FF400519A48FCF7BCFF0021994800689D
:1035A00004F034FC6D4908609049B1F9000004F062
:1035B0002BFE064683480168304604F02DFC044685
:1035C000674801686548006804F020FC06467B48AF
:1035D0000168304604F020FC0546214604F0C4FB97
:1035E00062490860BDE8F0812DE9F04104460D46CE
:1035F000002C0CDA4FF480418348FCF78AFF4FF42B
:1036000000418148FCF787FF604204B20AE04FF4B2
:1036100000417D48FCF77DFF4FF480417A48FCF77C
:103620007AFF00BF002D0CDA4FF400517648FCF70A
:1036300070FF4FF480517448FCF76DFF684205B28B
:103640000AE04FF480517048FCF763FF4FF40051DB
:103650006D48FCF760FF00BFAFB2A6B231464FF035
:103660008040FEF795F839464FF08040FEF792F81B
:1036700066496048006804F065FE23D364495D48EC
:10368000006804F055FE02D24FF0010801E04FF04F
:10369000000800213A48006804F04AFE01D10120E8
:1036A00000E0002008EA000800213648006804F025
:1036B0003FFE01D1012000E0002008EA0008B8F137
:1036C000000F0DD000214FF08040FEF761F800217F
:1036D0004FF08040FEF75EF801204E49086002E09E
:1036E00000204C4908604C491C48006804F02AFE40
:1036F00005D34A491948006804F01AFE0DD200218A
:103700004FF08040FEF744F800214FF08040FEF774
:1037100041F801203F49086085E081E0A0000020D9
:1037200054010020750000208C000020C7000020FC
:10373000C8000020D8000020740000207000002085
:10374000C9000020260100202401002034010020AF
:10375000300100203C010020380100200001002041
:10376000F000002058010020E4000020F4000020B8
:10377000FC000020F80000209801002094010020A7
:10378000600100205C010020D9000020DA00002048
:10379000BC0000203333B33EC0000020C400002032
:1037A000C5000020C6000020CC000020D000002072
:1037B000D40000200000C8424C010020100100206D
:1037C000109E000814010020180100201C01002098
:1037D0007C0100206C0100200080FB3F7001002074
:1037E0000000C43F5A0000208C010020540000203B
:1037F00090010020440000200000A0C10000A04172
:103800000010014048000020000C01400000204151
:10381000000020C14801002000004842000048C2CA
:103820000020F7490860BDE8F0812DE9F041F54836
:103830000468F5480168204604F096FA044600251D
:103840000026EF48006898B9F048006820F000476B
:10385000EF49384604F076FD0AD8EA48006820F0BF
:103860000047EC49384604F063FD01D800BF00BFB3
:103870002146E948006804F077FA0746294604F033
:1038800073FAE64908602146E348006804F0BEFA8E
:103890000746314604F068FAE1490860DF480068ED
:1038A00004F0D1FC00B2B0F57A7F02DDDD48DB49DF
:1038B0000860DA48006804F0C6FC00B210F57A7FB0
:1038C00002DAD948D5490860D548006804F0BBFC45
:1038D00000B2B0F57A7F02DDD248D1490860D04805
:1038E000006804F0B0FC00B210F57A7F02DACE482E
:1038F000CB490860CA48006804F0A5FC07B2C74875
:10390000006804F0A0FC0FFA80F839464046FFF743
:103910006BFEBDE8F08170B5C448FDF754FF044666
:10392000C348FDF750FF0546C2480460C248056021
:103930000021BE48FDF724FF0021BD48FDF720FF10
:1039400020B2BE490880684200B2BD490880BD4827
:103950000068BA49B1F900100844BA490860BA4889
:103960000068B749B1F900100844B749086070BD54
:103970002DE9F04F87B0B3490968B34A1268881837
:1039800004F042FCB1490860AF490968AD4A1268C9
:10399000881A04F039FC07464FF07E5104F03CFAD7
:1039A0000446002006909648006898B99748006839
:1039B00020F000479649384604F0C4FC0AD89148E4
:1039C000006820F000479349384604F0B1FC01D864
:1039D000002006902046069904F018FA04464FF09D
:1039E0004041204604F0AEFC06D24FF08041204614
:1039F00004F09EFC00D20024002093490860914905
:103A000008609348006804F04BFC82464FF0663231
:103A1000904B04F018FB074604F06EFC8C490860DC
:103A20008A48006804F03CFC07464FF033328A4B6A
:103A300004F009FBCDE900018548006804F030FC82
:103A40008246DDE9002304F057FACDE9020104F0D3
:103A500053FC7F49086081496C48006804F0DCF938
:103A600005907B480168059804F0D0F904907C48E3
:103A70000499006804F078F9794908607949784830
:103A8000006804F05FFC02D2764875490860764908
:103A90007348006804F04CFC02D273487049086017
:103AA00072480068032812D10020714908607149EA
:103AB0000968A1F1800004F0B5FB074600226E4BB7
:103AC00004F0C1FA824604F017FC694908606748AF
:103AD0000068042812D10020684908606849096814
:103AE000A1F1C00004F09EFB82460022654B04F069
:103AF000AAFA074604F000FC604908605F480168C4
:103B00005748006804F088F9074659480168049846
:103B100004F082F98046394604F026F980F000402E
:103B20005949086059495A48006804F00BFC05D30C
:103B300058495748006804F0FBFB0BD25248006814
:103B400080F0004752480168384604F097F952491E
:103B5000086002E000205049086050494E48006863
:103B600004F0F0FB02D24D484B4908604C494A48EA
:103B7000006804F0DDFB02D249484749086020484C
:103B8000006800283AD12148006820F000474549E4
:103B9000384604F0D7FB31D824F00046424800688C
:103BA00020F000474149384604F0CCFB07D2404999
:103BB0004048006804F030F93E490860A4E0002164
:103BC000204604F0B5FB07D13B493A48006804F0B1
:103BD00023F93849086097E03849304604F0A8FBDB
:103BE00070D83749204604F017F907463148016874
:103BF000384604F0B9F82F4908606AE0CBE061E08C
:103C00004801002058010020D0000020540100206D
:103C10000000F0410000C841F4000020F80000203E
:103C2000FC00002000007A4400007AC40004004038
:103C30000008004040010020440100202401002031
:103C4000260100203001002034010020380100202E
:103C50003C0100206666E63F3333D33F000080BF5F
:103C6000D40000200000FA450000FAC57C010020C5
:103C700018010020740100200000DE3F1C0100201C
:103C8000780100200000C43FEC0000206F12833A4E
:103C9000100100206F1283BAF00000200000C04025
:103CA0000000C0C00000A042000100200000A040B1
:103CB0008FC2753FCC00002048E17A3F00002042CF
:103CC0003480B739FD49FE48006804F0A5F8FC4986
:103CD00008602146FA48006804F09EF80746002173
:103CE00004F026FB10D2F749204604F095F88046F0
:103CF0004FF0804104F090F80746F14801683846DB
:103D000004F032F8EE490860EF49ED48006804F02D
:103D100019FB02D2EC48EA490860EC49E84800681F
:103D200004F006FB02D2E948E5490860E84920466C
:103D300004F072F80746E2480168384604F014F8C7
:103D40008146E449484604F0FDFA01D2DFF8849345
:103D5000E149484604F0ECFA01D2DFF87C93DF48F1
:103D60000168484604F052F805464FF08141284664
:103D700004F0E8FA01D24FF08145D949284604F011
:103D8000D7FA00D2D64D2946D448006803F0ECFF9C
:103D9000D24908600DE0D349C948006804F03CF8F6
:103DA000C7490860CF49CD48006804F035F8CB49D1
:103DB000086007B0BDE8F08F2DE9F041CA480068FF
:103DC000002850D1C948FDF7FEFC00EB800000EB55
:103DD00000104400204604F025FA05460022C44B9A
:103DE00004F0A3F9074604F087FAC24908600846C0
:103DF000006804F055FA044622460B46BEA004F0C3
:103E0000B9FCC048007820B90020BF490860BDE86F
:103E1000F081B848006804F043FA04460022BB4B26
:103E200004F052FA03D8BA48B74908601BE0B94910
:103E3000B048006804F086FA01D8012400E00024AC
:103E40004FF08241AB48006804F072FA01D80120BB
:103E500000E0002004401CB1AF48AB49086002E01C
:103E60000020A949086000BFD1E72DE9FC5FAB48FD
:103E70000068012878D1AA48D0F800B0A9480068A5
:103E80000190A948B0F90290A848B0F900A099485B
:103E90000468484604F0B8F906464FF08D4103F037
:103EA000EDFF0546A24903F0B7FFA249086050465E
:103EB00004F0AAF90646A04903F0A8FF05469F4969
:103EC00003F0DCFF9E490860584604F0E9F9074614
:103ED0009C4A9D4B04F029F9054604F00DFA8346EF
:103EE000019804F0DDF90546964A974B04F01DF958
:103EF000074604F001FA01905021944803F010FFA6
:103F0000924893A1096801600A21924803F008FFD2
:103F1000914800210160416001810A218F4803F02E
:103F2000FFFE8F4800210160416001810A218D4818
:103F300003F0F6FE8C4800210160416001818B494D
:103F4000584604F0F5F910D88949584604F0FAF9B2
:103F50000BD8584604F0A4F905462A460B4685A11D
:103F60007C4804F017FC02E03EE1BDE8FC9F7F497D
:103F7000019804F0DDF90FD87D49019804F0E2F9C9
:103F80000AD8019804F08CF905462A460B4679A117
:103F9000714804F0FFFB00E0E7E7784965480068F6
:103FA00004F0D0F911D276496248006804F0C0F9F3
:103FB0000BD26048006804F073F905462A460B46A8
:103FC0006CA1664804F0E6FB00E0CEE76D495C4872
:103FD000006804F0B7F911D26B495948006804F041
:103FE000A7F90BD25648006804F05AF905462A464C
:103FF0000B4660A15A4804F0CDFB00E0B5E7002174
:10400000204604F09FF90FD86049204604F090F94B
:104010000AD2204604F044F905462A460B4655A12B
:10402000504804F0B7FB00E09FE7002000F050FF8D
:104030000090009804F0F1F80746554903F0ECFEB3
:1040400006464FF08B4103F019FF0546514903F036
:10405000DDFE5149086000214F48006804F072F904
:1040600011D847494C48006804F062F90BD24A481D
:10407000006804F015F905462A460B463DA13A486A
:1040800004F088FB00E070E73249304803F053FE4B
:1040900042A12E4803F04FFE2F492C4803F04BFE5F
:1040A0003FA12A4803F047FE2C49284803F043FE6D
:1040B0003CA1264803F03FFE294975E052B87E3FF7
:1040C000CC0000203480B7390000C8410000C8C1CE
:1040D0000AD7A33B0000A0420000A0C2D0000020ED
:1040E000000080C0CDCC4C3F64010020002C01407A
:1040F00000006940500100206A756C693D25660A20
:1041000000000000750000204C010020000010405D
:10411000000096C30000A0400000FA438001002088
:10412000F8000020FC0000205A000020540000206D
:10413000CDCC1C418C0100209A19004300000343A0
:104140009001002048E17A14AE470F403002002071
:10415000244C560048030020520300205C0300203A
:1041600066030020700300207A03002000007A44D8
:1041700000007AC425332E32660000000000A0C182
:104180000000A04100803BC500803B4500401C462C
:10419000CDCC5441CDCC4C3EE00000202C525600FA
:1041A0002C4143002C475900FE4803F0C4FDFEA1FA
:1041B000FC4803F0C0FDFE49FA4803F0BCFDFDA138
:1041C000F84803F0B8FDFC49F64803F0B4FDFBA144
:1041D000F44803F0B0FD5021F94803F0A1FD50224E
:1041E000F049F74803F083FD00BFBEE610B5F5487F
:1041F0000068401EF3490860F3480068012807D1B1
:104200000846006820B9FFF730FEED4800F03BFD9E
:10421000EC48006818B941F28830EA49086010BDDE
:1042200070B506460D4614462146304604F08AF81D
:1042300001D2204670BD2946304604F079F801D2FB
:104240002846F7E73046F5E72DE9F04704460E46E5
:1042500017461D46DDE90889DC4ADD493046FFF78F
:10426000DFFF0646D94ADA493846FFF7D9FF074645
:104270000021284604F05CF801D285F00045D54ABB
:10428000D5492846FFF7CCFF0546B8F1000F01D10C
:104290004FF0010841F28830804500D98046012C5A
:1042A00000D10027042C00D10026CC4804704660C1
:1042B0008760CB480068C949C86008460561A0F816
:1042C00014800020C88201200876B9F1000F06D0C2
:1042D0000320C4490870C4480078C4490870BDE888
:1042E000F0872DE9F04780460C461546BB48007E16
:1042F00020B9002020602860BDE8F08700263DE05E
:10430000B64AD168506803F081FD074627F000499E
:10431000B2480169484604F00BF804D8AF48406839
:10432000AE49C86013E00021384604F00BF807D20C
:10433000AA4A1169D06803F017FDA849C86006E0D1
:10434000A64A1169D06803F061FDA449C860A3487A
:10435000C08AA249898A884204DAA048C08A401CDF
:104360009E49C8829D48C08A9C49898A884203DB4D
:1043700000209A49087603E0701CC6B24645BFDBB0
:1043800000BF9648C06820609448806828609348C1
:10439000007E08B90220AFE70120ADE77CB50446F6
:1043A0000D46164600209249087001202B46002237
:1043B0002146CDE90060FFF747FF7CBD2DE9FC41B8
:1043C00004460D4616461F460FB1012000E00020AE
:1043D00087490870002087490870874908700120C4
:1043E0002B4600222146CDE90060FFF72DFFBDE8F6
:1043F000FC8108B1012100E000217D4A11700021FB
:104400007C4A11707C4A117070477CB504460D4699
:1044100016460120794B2A462146CDE9006002204C
:10442000FFF712FF7CBD7CB504460D461646012001
:10443000724B2A462146CDE900600320FFF704FFB6
:104440007CBD7CB504460D4601206C4B2246002104
:10445000CDE900500420FFF7F7FE7CBD70B505469E
:104460000C460021284603F063FF01D285F0004589
:104470000021204603F05CFF01D284F00044604834
:1044800005606048046070BD2DE9F04705460C46A4
:1044900016461F46DDF8208025F0004524F0004434
:1044A0004A4A00212846FFF7BBFE57490860474AA1
:1044B00000212046FFF7B4FE534948605348068068
:1044C000008810B90120514908805048008841F205
:1044D0008831884202D908464C49088027F00049B3
:1044E0003C4A3D494846FFF79BFE49490860B8F100
:1044F000000F01D0012000E0002046490870002094
:10450000454908704148008803F087FE82464349C8
:1045100003F082FC81464946414803F0AFFC3A492A
:1045200088603C48007808B13E4800E03E48364983
:10453000C86000200861FEF7FFFE012029490870CD
:104540002948007829490870002038490860BDE8EA
:10455000F0872DE9FF4F85B0834614461D46344948
:10456000204603F0E5FE00D2314C0021129803F002
:10457000DFFE01D2002012902E49129803F0E2FED5
:1045800001D22C4812902146254803F077FC0746BB
:10459000224903F073FC06464FF07E51304603F08B
:1045A000C7FE49E0300200202C43534200000000C7
:1045B000700300202C5654007A03002023000000D2
:1045C000800200208401002080010020000082433E
:1045D000000082C3000040400AD7233CA000002016
:1045E0005401002075000020D80000207400002035
:1045F000C6000020C7000020C80000203333B33EAF
:10460000980000209C00002078000020BC000020C2
:10461000C0000020C4000020C50000200AD7A33B32
:10462000DB0FC940DA0FC93FDA0FC9BF70000020A5
:10463000CDCCCC3D6666E63E01D24FF07E56B94900
:10464000304603F07FFE00D2B64E4FF07C5130462C
:1046500003F08AFB074603F00FFE1FFA80F9B24908
:10466000129803F0D9FB0746B04903F07DFB824660
:10467000284603F015FE074605F052FBCDE9000180
:1046800003F03AFE0021029003F05CFE01D8012005
:1046900000E000200390039853464A460090584695
:1046A0000699FFF7F1FE09B0BDE8F08F00B50346AB
:1046B0000A4602209E490870FEF73EFE9D480360B0
:1046C0009D4802609D4800789D49087000209D49E2
:1046D000086000BD2DE9F05F04460D46D4F8009057
:1046E000D5F800A0984F9949384603F021FE00D82C
:1046F000974F9848D0F800809749404603F022FE33
:1047000018D89649404603F013FE13D80020944968
:10471000087094480078FF2804D292480078401C22
:10472000904908708F480078042836D34FF000096C
:10473000CA4632E08949404603F004FE28D2394691
:10474000404603F0F5FD23D80020864908708448D0
:104750000078FF2804D282480078401C8049087005
:104760007F4800780C2818D37F48D0F800907F4805
:10477000D0F800A029F0004B7D49584603F04CFBCF
:1047800006463146504603F0DDFD06D2B24604E04F
:1047900000207349087073490870C4F80090C5F888
:1047A00000A0BDE8F09F1CB5724800680190002091
:1047B0000090694601A8FFF78DFF6F4901980860D6
:1047C0006E490098086000206D4908606D490860D6
:1047D0001CBD2DE9FF415948057859480078281A31
:1047E000C6B2574805706848007E40BB67480078ED
:1047F00000F0010058B96648007810B1654840687B
:1048000003E06448406880F0004007460AE06048E2
:10481000007820B15F48406880F0004001E05D48CA
:104820004068074600205C490988CDE900105948D6
:1048300001685A483A4603680220FFF705FD02AABC
:1048400003A93046FFF74DFD0446022C05D14F4821
:10485000007880F001004D490870474903980860CE
:1048600046490298086001204549086000204549F2
:104870000860BDE8FF817CB5304804783048007896
:10488000201AC5B22E4804706A4601A92846FFF7CF
:1048900028FD064616B90020019000903A4800789D
:1048A000012807D13E48007820B1694601A8FFF7EA
:1048B00011FF04E000202A4908702A4908702E4997
:1048C000019808602D490098086001202C49086073
:1048D00000202C4908607CBD10B515480078E0B177
:1048E000012804D0022808D0032815D102E0FFF7E0
:1048F00070FF15E0FFF7BFFF12E00E4800681E4989
:1049000008600D4800681D49086001201C490860C6
:1049100000201C49086003E000BFFFF744FF00BF10
:1049200000BF10BD00409C459A99993F3333B33E78
:10493000750000209000002094000020D800002086
:1049400074000020700000200000C84100003041C9
:104950000000904150010020000020400000204154
:10496000C7000020C8000020980000209C00002004
:10497000CDCC4C3F8C000020540100205801002079
:10498000640100204C010020A0000020C500002090
:10499000C400002078000020BC000020C0000020DF
:1049A000C600002000B585B0012144F20400FBF7E9
:1049B000BFFF4FF40070ADF8100018208DF8130001
:1049C00003208DF8120004A9BB48FBF7F5FC4FF457
:1049D0008060ADF8100004208DF8130004A9B648DB
:1049E000FBF7EAFC4FF4E13000900020ADF8040042
:1049F000ADF80600ADF80800ADF80C000C20ADF8DD
:104A00000A006946AD48FCF748FF0121AB48FCF7B6
:104A1000D0FF05B000BD08B54FF48060FBF770FB18
:104A200027208DF8000004208DF8010001208DF86A
:104A300002008DF803006846FBF767FB08BD00B570
:104A400085B001218804FBF780FF01210820FBF7D6
:104A50006FFF4FF48060ADF8100018208DF8130040
:104A600003208DF8120004A99548FBF7A5FC4FF42C
:104A70000060ADF8100004208DF8130004A99048E0
:104A8000FBF79AFCFFF7C7FF4FF416500090002089
:104A9000ADF80400ADF80600ADF80800ADF80C0064
:104AA0000C20ADF80A0069468648FCF7F6FE0122A4
:104AB00040F225518348FCF788FF01218148FCF72B
:104AC00078FF05B000BD70B504460D46E1B27B48E5
:104AD000FCF7DCFF00BF40217848FDF745F80128CE
:104AE000F9D1204670BDF0B503460D4616460027A5
:104AF00029460A2E03D0002008702846F0BD33B99D
:104B0000302001F8010B002008702846F6E7002B42
:104B100003DA2D2001F8010B5B4242F210720DE026
:104B200093FBF2F404B937B104F1300001F8010B42
:104B300004FB123301270A2092FBF0F2002AEFDC7B
:104B4000002008702846D9E70FB470B586B0064635
:104B50000CA8019073E00B9800785C281CD10B988E
:104B6000401C0B9000786E2809D072280FD10D21BF
:104B70003046FCF78BFF0B98401C0B900BE00A2192
:104B80003046FCF783FF0B98401C0B9003E00B981A
:104B9000401C0B9000BF4BE00B980078252840D1BB
:104BA0000B98401C0B900078642818D0732833D1E0
:104BB000019810C801900BE021783046FCF766FFA1
:104BC00000BF40213046FCF7CFFF0028F9D0641C1D
:104BD00020780028F0D10B98401C0B9020E0019821
:104BE00020C801900A2202A92846FFF77CFF02ACE8
:104BF0000BE021783046FCF749FF00BF40213046EA
:104C0000FCF7B2FF0028F9D0641C20780028F0D10E
:104C10000B98401C0B9003E00B98401C0B9000BFBE
:104C200006E00B9810F8011B0B903046FCF72EFFA6
:104C300000BF40213046FCF797FF0028F9D00B98C1
:104C40000078002887D106B070BC5DF814FB10B561
:104C5000044621461948FCF719FF00BF40211748B8
:104C6000FCF782FF0128F9D110BD10B5044621469A
:104C70001448FCF70BFF00BF40211248FCF774FFFB
:104C80000128F9D110BD70B505462C4603E0207807
:104C9000FFF7EBFF641C20780028F8D170BD70B5D9
:104CA00005462C4603E02078FFF7D1FF641C2078EE
:104CB0000028F8D170BD0000000801400038014014
:104CC000000C0140004800407FB504460D4601211C
:104CD000C802FBF72DFE41F28830ADF8080041F61E
:104CE0001F40ADF804000120ADF80A000020ADF827
:104CF000060001A91148FBF753FF012241210F488B
:104D0000FCF7C5FA19208DF8000003208DF801008A
:104D100000208DF8020001208DF803006846FBF7A3
:104D2000F4F97FBD10B501210448FCF75EFD18B110
:104D300001210248FCF76AFD10BD0000002C014073
:104D40001FB501213D48FBF708FC01210920FBF7B5
:104D5000EFFD0120ADF80C0010208DF80F000320AE
:104D60008DF80E0003A93648FBF726FB0220ADF8AC
:104D70000C0028208DF80F0003A93148FBF71CFB1D
:104D800001210846FBF72EFC0220019000208DF83F
:104D9000080008208DF8090001208DF80A0001A8FC
:104DA000FBF72AFA07208DF8000003208DF8010098
:104DB00001208DF802008DF803006846FBF7A5F985
:104DC0001FBD10B50220FBF77DFA48B300211D4836
:104DD000FCF7D6FC01211B48FCF73EFA01201A49DA
:104DE000086012E01748FCF7EEFC3C2807DB0021C6
:104DF0001448FCF731FA00201349086005E002214D
:104E00000F48FBF76CFB104908600F48006800284A
:104E1000E8D100210B48FCF71FFA0220FBF763FAE8
:104E200010BD10B501210648FBF773FB0C20FDF700
:104E30000DFA01210248FBF76EFB10BD00023000A5
:104E4000000C0140002C0140E801002000B587B0B3
:104E500001214FF40170FBF76BFD4FF40040FBF7AD
:104E6000CBFC0120ADF8040000208DF8070001A95B
:104E70002348FBF7A1FA2348FCF7D0FE002002905C
:104E80008DF80C008DF80D004FF460200490002088
:104E9000059001208DF8180002A91A48FCF7E5FEDC
:104EA00001211848FCF70DFF1648FCF72CFF00BF46
:104EB0001448FCF72DFF0028FAD11248FCF732FF06
:104EC00000BF1048FCF733FF0028FAD107B000BD3F
:104ED00010B504460723012221460A48FCF75DFF6E
:104EE00001210848FCF72DFF00BF02210548FDF70E
:104EF00099F80028F9D00348FCF7B6FF10BD000070
:104F00000008014000240140064880470648004749
:104F1000FEE7FEE7FEE7FEE7FEE7FEE7FEE7FEE769
:104F2000FEE7FEE74B210008ED00000838B5044617
:104F3000FB4890F82400C0B114B10220009001E0B9
:104F400000200090F64A1268D17BF54A526810782A
:104F50006B460122FDF7E7FA10B14FF0FF3038BD84
:104F60009DF80010EE48417423E0ED48807A10B9B6
:104F70004FF0FF30F3E724B1E948407C08B100204E
:104F8000EDE714B10120009001E000200090E44A18
:104F90001268D17BE24A526810786B460122FDF715
:104FA000C2FA10B14FF0FF30D9E79DF80010DC488D
:104FB00041740020D3E738B5002419E0D8480068D0
:104FC000C07AA04204D0D6480068407DA04200D1FB
:104FD0000CE0D349496808786B4601222146FDF769
:104FE000F1FA10B14FF0FF3038BD00BF601CC4B201
:104FF000CB4840680079A042E0DC0020F4E770B5BF
:1050000004460D46C6480068C07AA04204D0C44891
:105010000068407DA04202D14FF0FF3070BDC04813
:1050200040680079A04202DC4FF0FF30F6E7BC494F
:10503000496808782B4601222146FDF7C3FAEDE7BF
:1050400038B50446B64890F82300A04201D10020AC
:1050500038BD14B13020009001E000200090B0482D
:10506000807C20B19DF8000040F002000090AC4828
:1050700090F8220020B19DF8000040F080000090E0
:10508000A74A1268117DA64A526810786B46012221
:10509000FDF749FA10B14FF0FF30D9E7A04880F88A
:1050A00023400020D4E738B5044604F0700010B166
:1050B0000120009005E014B10020009001E04020A4
:1050C0000090974A1268917C954A526810786B4616
:1050D0000122FDF728FA20B1002191488172481E73
:1050E00038BD9DF8000020F040018D48017300207C
:1050F000009004F0400020B99DF8000040F004004A
:10510000009004F0200020B99DF8000040F002005B
:10511000009004F0100020B99DF8000040F001005C
:10512000009004F0080020B99DF8000040F038001D
:1051300000907B4A1268D17C794A526810786B469D
:105140000122FDF7F0F920B1002175488172481E57
:10515000C6E724B1082C02D00020FFF771FF704889
:105160008472002101753220FDF77DF80020B7E739
:1051700038B504466A48807CA04201D1002038BD81
:10518000002C46D0664A12681179654A5268107838
:105190006B460122FDF716FA10B14FF0FF30EEE733
:1051A0009DF8000020F0200000905D4A12681179FF
:1051B0005B4A526810786B460122FDF7B4F910B1D2
:1051C0004FF0FF30DBE70320FDF74DF802200090A1
:1051D000534890F8220020B19DF8000040F0800074
:1051E00000904F4890F8230020B19DF8000040F057
:1051F000300000904A4A1268117D494A526810787E
:105200006B460122FDF78FF9002851D04FF0FF3097
:10521000B5E7434A12681179414A526810786B46E3
:105220000122FDF7CFF910B14FF0FF30A7E73C485E
:10523000807A00F0010028B19DF8000040F02000C5
:10524000009004E09DF8000020F020000090344A17
:1052500012681179324A526810786B460122FDF7C4
:1052600062F910B14FF0FF3089E70320FCF7FBFF34
:105270002B4890F8220010B18020009001E000201F
:105280000090274890F8230020B19DF8000040F0DE
:1052900030000090224A1268117D214A526810782D
:1052A0006B460122FDF73FF910B14FF0FF3066E782
:1052B0001B488474002062E708B51948807A10B949
:1052C0004FF0FF3008BD00200090154A1268D17BD6
:1052D000134A526810786B460122FDF724F910B189
:1052E0004FF0FF30EEE70E4A126851790C4A5268CF
:1052F00010786B460122FDF716F910B14FF0FF3020
:10530000E0E7074A12681179054A526810786B463F
:105310000122FDF708F928B14FF0FF30D2E7000075
:10532000EC010020F74890F82400002853D00C200E
:105330000090F44A12681179F24A526810786B466C
:105340000122FDF7F0F810B14FF0FF30BAE732203C
:10535000FCF789FFC0200090EA48807A00F0010045
:1053600020B19DF8000040F020000090E54A12684E
:105370001179E44A526810786B460122FDF7D3F8A0
:1053800010B14FF0FF309DE7DE48407C10B10220A5
:10539000009001E000200090DA4A1268D17BD94ADF
:1053A000526810786B460122FDF7BDF810B14FF03E
:1053B000FF3087E700200090D24A12685179D14A25
:1053C000526810786B460122FDF7ADF8002855D0E1
:1053D0004FF0FF3076E704200090CA4A1268117936
:1053E000C84A526810786B460122FDF79CF810B14C
:1053F0004FF0FF3066E7C348807C20B9C148807A0F
:1054000000F0010010B94020009001E06020009001
:10541000BC4A12681179BB4A526810786B46012267
:10542000FDF781F810B14FF0FF304BE73220FCF769
:105430001AFFB448407C10B10120009001E0002028
:105440000090B04A1268D17BAE4A526810786B4621
:105450000122FDF768F810B14FF0FF3032E7A94A9A
:1054600012685179A74A52681078A64B103301226E
:10547000FDF759F810B14FF0FF3023E7002021E786
:1054800070B50446002624F001049E4890F82400DC
:1054900008B1002070BD9B48807A10B94FF0FF30F2
:1054A000F8E79848057C807A2040964908740846B9
:1054B000007CA04202D04FF0FF3600E0002614B975
:1054C0009048007D18B10120FFF730FD02E0002078
:1054D000FFF72CFD3CB1FFF7EFFE20B189480574C2
:1054E0004FF0FF30D6E73046D4E738B5044685485C
:1054F000807A10B94FF0FF3038BDBC2C02DB0120A0
:10550000009015E0622C02DB0220009010E02A2CB3
:1055100002DB032000900BE0142C02DB042000903F
:1055200006E00A2C02DB0520009001E00620009036
:105530007448C07A9DF80010884201D10020DBE752
:10554000704A126891786F4A526810786B4601224F
:10555000FCF7E9FF10B14FF0FF30CDE79DF80010E8
:105560006848C1720020C7E738B50446282C02DD20
:105570004FF0FF3038BDDCB90020FFF761FD00209F
:105580008DF8000007208DF801005E4A1268917CBA
:105590005C4A526810786B460222FCF7C4FF10B1D7
:1055A0004FF0FF30E6E70021564801750020E1E7A3
:1055B0000120FFF745FD20208DF80000012C06D1C9
:1055C00000208DF801000520FFF78FFF17E0052C64
:1055D00006DC01208DF801000520FFF786FF0EE0B4
:1055E000142C06DC02208DF801000A20FFF77DFF55
:1055F00005E003208DF801001420FFF776FF9DF8E9
:105600000100072101EB8010C0B28DF801003D4A76
:105610001268917C3B4A526810786B460222FCF774
:1056200082FF10B14FF0FF30A4E7082135488172A6
:1056300000210173012101750020FFF721FF0020E7
:1056400098E738B504462F48807A10B94FF0FF30FC
:1056500038BD2C4890F8240010B14FF0FF30F7E728
:105660002848007D50B134B1282C04DCE0B2FFF7AB
:105670007BFF0020ECE70020FFF776FF042C01DA27
:10568000042404E0B4F57A7F01DD4FF47A744FF41A
:105690007A7090FBF4F0401EC0B20090194A126874
:1056A0005178184A526810786B460122FCF73BFF8C
:1056B00010B14FF0FF30CBE79DF80000401C4FF4D5
:1056C0007A7191FBF0F081B20E48C1810146C9891F
:1056D0004810FFF70AFF0020BAE738B5044609482A
:1056E000807A10B94FF0FF3038BD022C06D0042C60
:1056F0000AD0082C0BD0102C0FD10BE0002000900A
:105700000EE00000EC0100200820009008E01020CE
:10571000009005E01820009002E04FF0FF30E3E732
:1057200000BFF848407A9DF80010B0EBE10F01D1BE
:105730000020D9E7F34A1268D179F24A526810780A
:105740006B460122FCF7EFFE10B14FF0FF30CBE7C4
:105750009DF80000C110EB4841720020C4E738B545
:105760000446E848807A10B94FF0FF3038BDFA2C73
:1057700009D0B4F5FA7F09D0B4F57A7F09D0B4F531
:10578000FA6F0CD108E0002000900BE00820009098
:1057900008E01020009005E01820009002E04FF093
:1057A000FF30E3E700BFD748007A9DF80010B0EB68
:1057B000E10F01D10020D9E7D24A12689179D14A8C
:1057C000526810786B460122FCF7ADFE10B14FF025
:1057D000FF30CBE79DF80000C010CA4908720020D6
:1057E000C4E71CB580208DF80000C64A1268917C81
:1057F000C44A526810786B460122FCF794FE10B13F
:105800004FF0FF301CBD6420FCF72DFD00208DF80B
:105810000000BC4A1268917CBA4A526810786B4604
:105820000122FCF780FE10B14FF0FF30EAE7B54AE5
:105830001268917DB34A526810786B460622FCF7D5
:10584000C1FE10B14FF0FF30DCE79DF80500C00746
:10585000400F9DF8031001F0010140EA41009DF85E
:10586000011001F0010140EA01048CB1012C03D1C7
:105870000121A448C17430E0022C03D10021A148C9
:10588000C1742AE0A0A0FFF70AFA4FF0FF30B9E791
:105890009C4A1268D1789B4A526810786B46012264
:1058A000FCF790FE10B14FF0FF30ABE79DF8000021
:1058B00000F00F042CB99E48FFF7F1F94FF0FF30CC
:1058C000A0E7042C06D19BA0FFF7E9F901218D4840
:1058D000C17402E000218B48C174FF2189488172A4
:1058E000FF2088490872FF2186484172C1724FF635
:1058F000FF71C181FF21017481740121017380F85E
:105900002210002180F823104175017516300160C6
:1059100041608160163880F8241080F82510C18419
:105920004FF4FA60FFF71BFF10B14FF0FF3069E74B
:105930000220FFF7D2FE10B14FF0FF3062E72A20BD
:10594000FFF7D3FD10B14FF0FF305BE73220FFF7D8
:1059500078FE10B14FF0FF3054E70020FFF790FDC4
:1059600010B14FF0FF304DE70020FFF701FC10B100
:105970004FF0FF3046E70020FFF795FB002041E79E
:105980007CB504460D465F48807A00F0700010B97F
:105990004FF0FF307CBD5B4A1268117B594A526858
:1059A00010786B460622FCF70DFE10B14FF0FF3069
:1059B000F0E79DF801009DF8001040EA012000B2D8
:1059C00020809DF803009DF8021040EA012000B2FB
:1059D00060809DF805009DF8041040EA012000B2A7
:1059E000A08015B12846FCF74AFC0020D2E77CB520
:1059F00004460D464348807A00F0080010B94FF085
:105A0000FF307CBD3F4A1268517B3E4A5268107895
:105A10006B460622FCF7D6FD10B14FF0FF30F0E7E1
:105A20009DF801009DF8001040EA012000B220809E
:105A30009DF803009DF8021040EA012000B260804A
:105A40009DF805009DF8041040EA012000B2A080F6
:105A500015B12846FCF713FC0020D2E72DE9FE4FD4
:105A600005460C462748807A18B94FF0FF30BDE84C
:105A7000FE8F244A1268917B224A5268107802AB4A
:105A80000222FCF79FFD10B14FF0FF30EFE79DF8C9
:105A900009009DF8081040EA012006B214B1204622
:105AA000FCF7EDFB17494968C88802F0B6FB1549B9
:105AB00001904968B1F9080002F0A6FB8346304620
:105AC00002F0A2FB5946009002F0A0F9824601992B
:105AD00002F0D4F981461F4902F046F980464FF0A2
:105AE0008F4102F099F9074602F0ADFB28600020D3
:105AF000BDE710B588B004461CB94FF0FF3008B0C0
:105B000010BD29E0EC010020556E737570706F7246
:105B100074656420736F6674776172652070726F4C
:105B200064756374207265762025642E0A00000077
:105B300088AC000848616C662073656E736974698F
:105B400076697479207061727420666F756E642E48
:105B50000A00000000000C42206830B9606820B9DB
:105B6000A06810B9002008B010BDFA49496808784B
:105B700006AB03221146FCF725FD10B14FF0FF30B4
:105B8000F1E79DF81800082101EB201000F00F004C
:105B9000ADF800009DF8190001EB201000F00F0097
:105BA000ADF802009DF81A0001EB201000F00F0084
:105BB000ADF8040020684100BDF90000403091FBC1
:105BC000F0F000B2ADF8100060684100BDF90200CD
:105BD000403091FBF0F000B2ADF81200A068410037
:105BE000BDF90400403091FBF0F000B2ADF81400B4
:105BF000D8494968087806AB06221146FCF7E2FC52
:105C000010B14FF0FF30AEE79DF819009DF8181065
:105C100040EA012000B2ADF808009DF81B009DF895
:105C20001A1040EA012000B2ADF80A009DF81D00EC
:105C30009DF81C1040EA012000B2ADF80C00BDF840
:105C40001000BDF80810084400B2ADF81000BDF80F
:105C50001200BDF80A10084400B2ADF81200BDF8F9
:105C60001400BDF80C10084400B2ADF81400BDF8E3
:105C70001000000A8DF81800BDF81000C0B28DF8B1
:105C80001900BDF81200000A8DF81A00BDF81200C4
:105C9000C0B28DF81B00BDF81400000A8DF81C007E
:105CA000BDF81400C0B28DF81D00AA4949680878F3
:105CB00006AB06221146FCF736FC10B14FF0FF3060
:105CC00051E700204FE70146A248007A30B1012891
:105CD00007D0022809D003280FD10AE0FA20088053
:105CE0000EE04FF4FA7008800AE04FF47A700880F2
:105CF00006E04FF4FA60088002E00020088000BF50
:105D000000BF0020704701469248407A30B1012818
:105D100007D0022808D003280CD108E00220087020
:105D20000BE00420087008E00820087005E010204F
:105D3000087002E04FF0FF30704700BF8548C07C1C
:105D400018B108784006000E08700020F4E70146FC
:105D50008048C07A082817D2DFE800F01704070A45
:105D60000D101318BC20088013E06220088010E09A
:105D70002A2008800DE0142008800AE00A2008800C
:105D800007E00520088004E000BF00BF0020088075
:105D900000BF00BF0020704701466E4890F8240005
:105DA00010B14FF0FF3070476A48C089088000206A
:105DB000F9E7014600200880401E704701464FF079
:105DC000FF30704701466348007A30B1012807D0A0
:105DD000022808D003280CD108E05F4808600BE0D7
:105DE0005E48086008E05E48086005E05D480860BD
:105DF00002E04FF0FF30704700BF0020FBE7014694
:105E00005448407A30B1012808D002280AD003282B
:105E100010D10BE04FF4804008800EE041F69C70FA
:105E200008800AE04FF48050088006E04FF40060DC
:105E3000088002E04FF0FF30704700BF4548C07C4B
:105E400010B10888401008800020F5E7014641485D
:105E5000007C08700020704701463E48807A10B1EF
:105E60000120087001E0002008700020704738B55C
:105E700004463848807A10B94FF0FF3038BD354AB3
:105E80001268117C334A526810786B460222FCF784
:105E900099FB10B14FF0FF30F0E79DF801009DF83D
:105EA000001040EA012000B220800020E6E72DE942
:105EB000FE4F0746884692461D46DDF830B0002664
:105EC0000024244890F8240010B1601EBDE8FE8F25
:105ED000002028701F48807A10B94FF0FF30F5E796
:105EE0001C48007C10B94FF0FF30EFE71948007CE8
:105EF00000F0400008B1B01CC6B21648007C00F0AB
:105F0000200008B1B01CC6B21248007C00F010009E
:105F100008B1B01CC6B20F48007C00F0080008B100
:105F2000B01DC6B20B4A1268917A0A4A52681078BC
:105F30006B460222FCF746FB10B14FF0FF30C5E77D
:105F40009DF801009DF8001040EA0129B1450BDAE7
:105F50000020BBE7EC010020000003430000834267
:105F60003333034233338341FC4840684088B9EB04
:105F7000600F17DDF94A1268517CF84A52681078B0
:105F80006B460122FCF71EFB10B14FF0FF309DE77E
:105F90009DF8000000F0100020B1FFF78DF96FF0C0
:105FA000010093E75046FCF76AF9EC4A1268D17A8F
:105FB000EA4A526810786B463246FCF703FB10B190
:105FC0004FF0FF3082E799FBF6F0401E8BF800009F
:105FD00000202870B4422AD0E048007C00F008007D
:105FE00028B3601C1DF800001DF8041040EA0120D1
:105FF00000B2A8F80000E01C1DF80010A01C1DF85D
:10600000000041EA002000B2A8F80200601D1DF85F
:106010000010201D1DF8000041EA002000B2A8F881
:106020000400287840F008002870A01D84B2B44213
:1060300013D0CA48007C00F0400070B1601C1DF80D
:1060400000001DF8041040EA012000B238802878D2
:1060500040F040002870A01C84B2B44213D0BF4866
:10606000007C00F0200070B1601C1DF800001DF8DD
:10607000041040EA012000B27880287840F0200027
:106080002870A01C84B2B44213D0B448007C00F045
:10609000100070B1601C1DF800001DF8041040EAEB
:1060A000012000B2B880287840F010002870A01CB1
:1060B00084B200200AE7F8B504460F461646A74802
:1060C00090F8240010B94FF0FF30F8BDA348807A53
:1060D00010B94FF0FF30F8E7A04A1268917A9F4A52
:1060E000526810786B460222FCF76CFA10B14FF040
:1060F000FF30EAE79DF801009DF8001040EA012515
:10610000A54203DA00203070401EDEE79348406865
:106110004088B5EB600F17DD904A1268517C8F4ABA
:10612000526810786B460122FCF74CFA10B14FF020
:10613000FF30CAE79DF8000000F0100020B1FFF723
:10614000BBF86FF00100C0E7E2B2844B1B68D97A5C
:10615000824B5B6818783B46FCF734FA10B14FF07D
:10616000FF30B2E795FBF4F0401E30700020ACE742
:1061700001467A4880F82210002070477CB5054619
:1061800076494968087801AB04220D21FCF71AFA18
:1061900008B107207CBD9DF80700C0F301109DF8F1
:1061A000041001F0E00140EAE1008DF800009DF8E4
:1061B0000700C0F381009DF8051001F0E00140EAFE
:1061C000E1008DF801009DF8070000F003009DF844
:1061D000061001F0E00140EAE1008DF80200002421
:1061E0001CE01DF8040018B9002045F8240013E055
:1061F0005B4845F8240006E055F82400594901F0B1
:106200000BFE45F824001DF80400401EC0B20DF836
:1062100004000028F0D100BF601CC4B2032CE0DBF6
:106220000020B7E72DE9FE4F06460F4600256846D9
:10623000FFF7A4FF002442E056F8240057F824108A
:10624000A0EB010ABAF1000F01DB514601E0CAF1EF
:106250000001084601F0D8FF83464FF08F4101F05E
:106260000DFE80465DF82400002102F061F816D092
:106270005DF82410404601F001FE82464FF07E5149
:1062800001F0C4FD814629F0004A3748416A504672
:1062900002F058F812D20120A04005430EE0324827
:1062A000C169404602F044F805D32F48016A4046D0
:1062B00002F048F802D20120A0400543641C032CE0
:1062C000BADB2846BDE8FE8F2DE9FC5F06460F4687
:1062D000002522494968087801AB03220D21FCF70B
:1062E00071F910B10720BDE8FC9F9DF8040000F093
:1062F0001F008DF804009DF8050000F01F008DF8C8
:1063000005009DF8060000F01F008DF8060000242F
:1063100062E056F8240057F82410A0EB010BBBF103
:10632000000F01DB594601E0CBF10001084601F006
:106330006BFF4FF08F41009001F0A0FD814601A856
:10634000005DC0B30849086801F067FF83465946FD
:10635000064801F093FD80460FE00000EC010020AC
:106360007B14AE3E1D5A843F589E000800B04C4539
:10637000FE49404601F050FD804601A8005D401EE8
:10638000C0B201A908550028F2D14146484601F0A3
:1063900075FD83464FF07E5101F038FD82462AF0AC
:1063A000004BF3488169584601F0CCFF13D201201D
:1063B000A04005430FE0FFE7ED480169484601F0C2
:1063C000B7FF05D3EA484169484601F0BBFF02D256
:1063D0000120A0400543641C032C9ADB284682E779
:1063E0002DE9F04F87B005460C46914601208DF807
:1063F000100000208DF81100DE4A1268917CDD4A01
:106400005268107804AB0222FCF78DF820B14FF0EF
:10641000FF3007B0BDE8F08FC820FBF724FF002055
:106420008DF81000D34A1268D17BD24A5268107896
:1064300004AB0122FCF777F810B14FF0FF30E8E72A
:10644000CC4A12685179CB4A5268107804AB0122C9
:10645000FCF769F810B14FF0FF30DAE7C54A12686F
:10646000917CC44A5268107804AB0122FCF75BF8B7
:1064700010B14FF0FF30CCE7BE4A1268D17DBD4A63
:106480005268107804AB0122FCF74DF810B14FF0C0
:10649000FF30BEE7B74A12681179B64A52681078E1
:1064A00004AB0122FCF73FF810B14FF0FF30B0E72A
:1064B0000C208DF81000AF4A12681179AD4A52686D
:1064C000107804AB0122FCF72EF810B14FF0FF302A
:1064D0009FE70F20FBF7C7FEA648806A407A8DF839
:1064E0001000A44A12689178A24A5268107804AB4E
:1064F0000122FCF718F810B14FF0FF3089E79D48F2
:10650000806A007A8DF810009A4A12685178994A88
:106510005268107804AB0122FCF705F810B14FF077
:10652000FF3076E7B9F1000F07D09248806A807A91
:1065300040F0E0008DF8100004E08E48806A807A18
:106540008DF810008B4A126891798A4A5268107847
:1065500004AB0122FBF7E7FF10B14FF0FF3058E723
:10656000B9F1000F07D08348806AC07A40F0E0009C
:106570008DF8100003E07E48C07A8DF810007D4A47
:106580001268D1797B4A5268107804AB0122FBF77C
:10659000CAFF10B14FF0FF303BE7B9F1000F02D056
:1065A000C820FBF760FE40208DF81000714A126889
:1065B0001179704A5268107804AB0122FBF7B3FFDF
:1065C00010B14FF0FF3024E778208DF81000694AB1
:1065D00012685179674A5268107804AB0122FBF7C0
:1065E000A2FF10B14FF0FF3013E761498889FBF734
:1065F0003AFE00208DF810005E4A126851795D4A1B
:106600005268107804AB0122FBF78DFF10B14FF0F8
:10661000FF30FEE6574A1268917A564A526810785F
:1066200004AB0222FBF7CEFF10B14FF0FF30F0E6D3
:106630009DF811009DF8101040EA012B0C209BFBE7
:10664000F0F0C6B20020A86068602860A0606060BA
:106650002060824665E0474A1268D17A454A52680E
:10666000107804AB0C22FBF7ADFF10B14FF0FF30F8
:10667000CFE69DF811009DF8101040EA012000B20D
:10668000ADF808009DF813009DF8121040EA0120B3
:1066900000B2ADF80A009DF815009DF8141040EA0C
:1066A000012000B2ADF80C00BDF9081020680844C4
:1066B0002060BDF90A10606808446060BDF90C10E4
:1066C000A0680844A0609DF817009DF8161040EAE5
:1066D000012000B2ADF800009DF819009DF81810D7
:1066E00040EA012000B2ADF802009DF81B009DF8C1
:1066F0001A1040EA012000B2ADF80400BDF9001004
:10670000286808442860BDF9021068680844686079
:10671000BDF90410A8680844A8600AF1010000F05F
:10672000FF0AB24597DB1248D0F800C02868C117AD
:10673000090441EA1041070462460023384601F08B
:10674000A5FA32460023CDE9020101F09FFA286044
:106750000748D0F800C06868C117090441EA104131
:10676000070462460023384606E0000054E3853FF4
:10677000589E0008EC01002001F088FA3246002300
:10678000CDE9020101F082FA6860FE48D0F800C04D
:10679000A868C117090441EA1041070462460023B2
:1067A000384601F073FA32460023CDE9020101F0C8
:1067B0006DFAA860F348D0F804C02168C817000437
:1067C00040EA11480F04624600233846414601F072
:1067D0005DFA32460023CDE9020101F057FA20604C
:1067E000E848D0F804C06068C117090441EA1041C4
:1067F000070462460023384601F048FA3246002377
:10680000CDE9020101F042FA6060DE48D0F804C030
:10681000A068C117090441EA104107046246002339
:10682000384601F033FA32460023CDE9020101F087
:106830002DFAA060A068002804DDA068A0F58030D3
:10684000A06003E0A06800F58030A0600020E0E5D3
:1068500038B50446CC4890F82400A04201D100206D
:1068600038BD24B3C84890F8250010B94FF0FF3068
:10687000F6E70020FEF75AFB0020FEF779FCC2493C
:10688000C88CFEF7DEFE00200090BF4949680878FA
:106890006B4601222321FBF746FE0121BA4880F80E
:1068A00024100120FEF742FBFEF706FD13E0002056
:1068B000FEF73CFBB448007C0090B3494968087877
:1068C0006B4601222321FBF72EFE0021AE4880F803
:1068D0002410FEF7F1FC0020C2E72DE9F04F8DB047
:1068E00083460F4602200C90A74890F8240020B160
:1068F0000020FFF7ADFF012600E0002603A8FFF708
:10690000E2F905A8FFF7FFF901A8FFF720FA02A8AE
:10691000FFF742FA9C4890F80AA004A8FFF796FAFD
:10692000002407E0002239465846FFF759FD00B918
:1069300002E0641C022CF5DB00BF022C01D1002513
:1069400028E0002407E0012206A909A8FFF748FD76
:1069500000B902E0641C022CF5DB00BF022C01D15F
:10696000002517E006A93846FFF75CFC00F0FF0899
:1069700009A95846FFF7A8FC00F0FF090025B9F166
:10698000000F01D145F00105B8F1000F01D145F02C
:10699000020500BFFF207C490872FF217A4841723E
:1069A000C1724FF6FF71C181FF2181720174012113
:1069B0000173BDF80C00FEF7D2FE9DF81400FEF73F
:1069C0008CFEBDF80400FEF790FDBDF80800FEF750
:1069D00038FE5046FEF767FB9DF81000FEF750FDAD
:1069E00016B10120FFF734FF28460DB0BDE8F08F47
:1069F000F8B504460D46164616B94FF0FF30F8BDFF
:106A00006148807A10B94FF0FF30F8E720128DF816
:106A10000000E0B28DF801009DF8010028445A49B9
:106A200049684989884202DD4FF0FF30E7E7564A5E
:106A30001268117E544A526810786B460222FBF7A6
:106A400072FD10B14FF0FF30D9E7EAB24E4B1B6830
:106A5000597D4D4B5B6818783346FBF764FD10B1E8
:106A60004FF0FF30CBE70020C9E7F8B504460D46EC
:106A7000164616B94FF0FF30F8BD4348807A10B97A
:106A80004FF0FF30F8E720128DF80000E0B28DF8EB
:106A900001009DF8010028443B4949684989884222
:106AA00002DD4FF0FF30E7E7374A1268117E364AC1
:106AB000526810786B460222FBF735FD10B14FF09B
:106AC000FF30D9E7EAB2304B1B68597D2E4B5B682B
:106AD00018783346FBF776FD10B14FF0FF30CBE767
:106AE0000020C9E72DE9F04385B005460E469046E3
:106AF0009946254890F8250020B14FF0FF3005B0A9
:106B0000BDE8F08316B94FF0FF30F8E7002423E02A
:106B1000281B102801DD102000E0281B87B2321945
:106B200039462046FFF764FF10B14FF0FF30E6E72B
:106B300001AA39462046FFF798FF10B14FF0FF3009
:106B4000DDE730193A4601A901F001F910B16FF003
:106B50000100D4E7E01984B2AC42D9DB4FEA282027
:106B60008DF8000008F0FF008DF80100064A126859
:106B7000917E054A526810786B460222FBF7D3FCDF
:106B800038B103E0589E0008EC0100204FF0FF30C0
:106B9000B5E701218A4880F82510A0F8269000204A
:106BA000ADE70146864890F8240008700020704741
:106BB00002464FF0FF30704701464FF0FF307047FC
:106BC000F8B505460F461446002C70D0B5F5FF5FAA
:106BD00001DDFF2605E0202D01DA012601E0C5F3E5
:106BE000471607B90127282C02DD4FF0FF30F8BD0A
:106BF0007348407D28BB724890F8240038B10020CB
:106C0000FFF726FE01216E4880F8201003E00021E6
:106C10006B4880F820106A481630FFF754F868482F
:106C20001830FFF770F866481A30FFF790F864489C
:106C30001C30FFF7B1F86248817A81771F30FFF787
:106C400005F90020FEF772F90020FEF78DFC002008
:106C50008DF800005A4A12689178594A52681078A3
:106C60006B460122FBF75FFC10B14FF0FF30BEE72F
:106C700040208DF80000524A1268D17B504A526879
:106C800010786B460122FBF74EFC00B165E08DF8F1
:106C900000608DF801704A4A1268117A484A5268B9
:106CA00010786B460222FBF73EFC08B155E047E046
:106CB0000520FBF7D8FA4248407A072101EBC000D3
:106CC000C0B28DF800003E4A1268D1793C4A526841
:106CD00010786B460122FBF726FC00B13DE0202036
:106CE0008DF80000012C03D100208DF801000EE08A
:106CF000052C03DC01208DF8010008E0142C03DCD6
:106D000002208DF8010002E003208DF801009DF8BB
:106D10000100072101EB8010C0B28DF80100284A64
:106D20001268917C264A526810786B460222FBF763
:106D3000FAFB00B111E0012121484175002056E71E
:106D40001F4A1632002103E0505C00B105E0491CE7
:106D50000C29F9D34FF0FF3049E7FF20184908729A
:106D6000FF2117484172C1724FF6FF71C181FF21A7
:106D700081720174012101730146887FFEF793F946
:106D80000F49C88AFEF7EBFC0D49087EFEF7A5FC0B
:106D90000B49488BFEF7A9FB0949888BFEF751FC8C
:106DA0000749C87FFEF76CFB054890F8200010B13A
:106DB0000120FFF74DFD002101484175002016E735
:106DC000EC01002010B5C8234FF48062F74940F66B
:106DD000F630FFF787FE10BD10B586B00446F4A06C
:106DE00000680390F3A000680290F3A0006801908F
:106DF000F2A00068009004F0030003A9085C8DF87D
:106E0000140003A8C4F3C101405C8DF8150003A869
:106E1000C4F38111405C8DF8160004F0030002A950
:106E2000085C8DF8100002A8C4F3C101405C8DF825
:106E3000110002A8C4F38111405C8DF8120005AA6C
:106E4000032140F22640FFF7D3FD18B14FF0FF3089
:106E500006B010BD04AA032140F22A40FFF7C8FD86
:106E600010B14FF0FF30F3E70198059000980490BF
:106E700004F0040058B19DF8140040F001008DF8B2
:106E800014009DF8100040F001008DF8100004F08F
:106E9000200058B19DF8150040F001008DF8150054
:106EA0009DF8110040F001008DF8110004F480708D
:106EB00058B19DF8160040F001008DF816009DF8BD
:106EC000120040F001008DF8120005AA03214FF4D2
:106ED0008860FFF78DFD10B14FF0FF30B8E704AACE
:106EE000032140F23140FFF783FD10B14FF0FF3036
:106EF000AEE7B34804810020AAE71FB50446B048B6
:106F0000007A00F0030054F820000190AC48007AA9
:106F100000F0040010B1019840420190A848007AA6
:106F2000C0F3C10054F820000290A548007A00F098
:106F3000200010B1029840420290A148007AC0F3AC
:106F4000811054F8200003909D48008900F480705F
:106F500010B10398404203909A49019880FB0101C7
:106F6000800F40EA810001909649029880FB011051
:106F7000820042EA917002909249039880FB0110CE
:106F8000820042EA917003900198000E8DF8000093
:106F90000198000C8DF801000198000A8DF802009C
:106FA0000198C0B28DF803006A4604214FF4747052
:106FB000FFF71EFD18B14FF0FF3004B010BD02986E
:106FC000000E8DF800000298000C8DF80100029868
:106FD000000A8DF802000298C0B28DF803006A46DC
:106FE00004214FF47570FFF703FD10B14FF0FF302F
:106FF000E3E70398000E8DF800000398000C8DF86D
:1070000001000398000A8DF802000398C0B28DF8C1
:1070100003006A4604214FF47670FFF7E9FCCCE7E1
:1070200070B588B0064601A8FEF7E9FEBDF8040079
:107030000021C90341EA5045C4036148007A00F0C9
:10704000030056F8200005905D48007A00F0040027
:1070500010B10598404205905948007AC0F3C1002C
:1070600056F8200006905648007A00F0200010B133
:107070000698404206905248007AC0F3811056F8B4
:10708000200007904E48008900F4807010B10798E6
:10709000404207900598C117A0FB042301FB04316F
:1070A00000FB0510810041EA927005900698C11717
:1070B000A0FB042301FB043100FB0510810041EA21
:1070C000927006900798C117A0FB042301FB0431BE
:1070D00000FB0510810041EA927007900598000EB0
:1070E0008DF808000598000C8DF809000598000A35
:1070F0008DF80A000598C0B28DF80B000698000EB6
:107100008DF80C000698000C8DF80D000698000A0A
:107110008DF80E000698C0B28DF80F000798000E8B
:107120008DF810000798000C8DF811000798000AE0
:107130008DF812000798C0B28DF8130002AA0C2136
:107140004FF42570FFF754FC08B070BD30B585B022
:1071500004461DA207CA02AB07C3C82C03DD4FF0CB
:10716000FF3005B030BDC82090FBF4F0401E85B262
:10717000280A8DF80000E8B28DF801006A46022165
:1071800040F21620FFF734FC10B14FF0FF30E8E773
:1071900002AA0C2140F6C120FFF72AFC10B14FF0E3
:1071A000FF30DEE7064884810020DAE7809E000891
:1071B0004CCD6C000CC92C00365676002646660075
:1071C0009403002009E3CA02FEF2ABC4AAF1DFDF98
:1071D000BBAFDFDF0146FC48808908800020704794
:1071E0002DE9FC4706460F4606F0070010B1B7F53B
:1071F000C86F03DD4FF0FF30BDE8FC87384601F073
:107200000CF88146F14900F039FE80466846FEF7E9
:107210007AFD9DF80000022806D0042816D0082820
:1072200026D0102848D135E04FF08D41404600F07F
:10723000F3FD814601F020F884B2E549404600F0B4
:10724000EBFD814601F018F885B238E04FF08C4133
:10725000404600F0E1FD814601F00EF884B2DD49C0
:10726000404600F0D9FD814601F006F885B226E0DF
:107270004FF08B41404600F0CFFD814600F0FCFF0F
:1072800084B2D549404600F0C7FD814600F0F4FFC6
:1072900085B214E04FF08A41404600F0BDFD8146C2
:1072A00000F0EAFF84B2CD49404600F0B5FD8146CA
:1072B00000F0E2FF85B202E04FF0FF309CE700BF34
:1072C00020128DF80400E0B28DF8050028128DF828
:1072D0000600E8B28DF8070006F00100A0B101AA8F
:1072E00002214FF4EA70FFF783FB10B14FF0FF303B
:1072F00082E70DF1060202214FF49270FFF778FB4E
:1073000010B14FF0FF3077E706F00200A0B101AAFC
:1073100002214FF4EC70FFF76BFB10B14FF0FF3020
:107320006AE70DF1060202214FF49470FFF760FB4B
:1073300010B14FF0FF305FE706F00400A0B101AAE2
:1073400002214FF4EE70FFF753FB10B14FF0FF3006
:1073500052E70DF1060202214FF49670FFF748FB49
:1073600010B14FF0FF3047E7002045E738B504463D
:107370000020009004F0010020B19DF8000040F0D2
:107380003000009004F0020020B19DF8000040F0B1
:107390000C00009004F0040020B19DF8000040F0C3
:1073A000030000906A4601214FF4A470FFF720FB10
:1073B00038BD38B50446012C01DA012402E0042C62
:1073C00000DD0424601EC0B200906A46012140F234
:1073D0004F10FFF70DFB38BD38B50446052094FB70
:1073E000F0F085B228128DF80000E8B28DF80100A7
:1073F0006A4602214FF4EF70FFF7FAFA38BD38B54C
:107400000446052094FBF0F085B228128DF80000A8
:10741000E8B28DF801006A4602214FF4ED70FFF7E3
:10742000E7FA38BDF8B505460E464FF47A7095FB7D
:10743000F0F000FB06F4200E8DF80000200C8DF813
:107440000100200A8DF80200E0B28DF803006A46C0
:1074500004214FF4AE70FFF7CBFAF8BD38B50446FF
:10746000052094FBF0F084B220128DF80000E0B209
:107470008DF801006A4602214FF4AD70FFF7B8FAAB
:1074800038BD38B50446052094FBF0F084B22012D4
:107490008DF80000E0B28DF801006A4602214FF439
:1074A000AC70FFF7A5FA38BD38B5044614B94FF0F3
:1074B000FF3038BD6A4604214FF45870FFF7D5FA03
:1074C00010B14FF0FF30F4E79DF8000000069DF882
:1074D000011040EA01409DF8021040EA01209DF8A9
:1074E0000310084320600020E3E738B50446200E6F
:1074F0008DF80000200C8DF80100200A8DF80200A4
:10750000E0B28DF803006A4604214FF45870FFF78B
:107510006FFA38BD38B5044614B94FF0FF3038BDA6
:107520006A4604214FF47170FFF79FFA10B14FF0D3
:10753000FF30F4E79DF8000000069DF8011040EAD6
:1075400001409DF8021040EA01209DF80310084315
:1075500000EB8000800020600020E0E738B50446A2
:107560001420B4FBF0F4200E8DF80000200C8DF8F0
:107570000100200A8DF80200E0B28DF803006A468F
:1075800004214FF47170FFF733FA38BD38B5044663
:1075900064B120208DF8000028208DF801003020F3
:1075A0008DF8020038208DF8030004E0A3220421A6
:1075B000684600F0AEFB6A46042140F69E20FFF7C5
:1075C00017FAFDF779FE38BD940300200000484308
:1075D000000040460000C045000040450000C04497
:1075E00038B5044664B1C0208DF80000C2208DF883
:1075F0000100C4208DF80200C6208DF8030004E0CD
:107600008B220421684600F084FB6A46042140F680
:107610009820FFF7EDF9FDF74FFE38BD3EB5044663
:107620006CB1FDA1D1E900208968CDE9002002916B
:107630006A4609214FF49760FFF7DAF93EBDF9A2D7
:10764000D2E900109268CDE9010200916A46092151
:107650004FF49760FFF7CCF9F0E73EB504460220FF
:107660008DF80000CA208DF80100E3208DF802009B
:1076700009208DF803006A4604216820FFF7B8F955
:10768000A3208DF8000004F0400048B1C0208DF820
:107690000100C8208DF80200C2208DF8030006E02A
:1076A000A3208DF801008DF802008DF8030004F48A
:1076B000C07048B1C4208DF80400CC208DF80500BE
:1076C000C6208DF8060006E0A3208DF804008DF892
:1076D00005008DF80600A3208DF807008DF808003E
:1076E0008DF809006A460A2140F6A720FFF780F9C5
:1076F00004F0030018B120208DF8000002E0D8202B
:107700008DF800006A46012140F6B620FFF770F9B7
:1077100004F0200018B10120FFF780FF02E00020F4
:10772000FFF77CFF04F4C07008B304F4807060B10C
:10773000B2208DF800008B208DF80100B6208DF866
:1077400002009B208DF803000BE0B0208DF80000B4
:1077500080208DF80100B4208DF8020090208DF873
:1077600003006A46042140F6A220FFF741F904F025
:10777000010020B3F8208DF800006A4601214FF483
:107780000B60FFF735F9FA210720FFF729FD0720E5
:10779000FFF7ECFD0120FFF70CFE6420FFF71CFE55
:1077A0004FF4FA70FFF72BFEC821A148FFF73AFE0D
:1077B0002820FFF753FE0A20FFF763FE08E0D820D9
:1077C0008DF800006A4601214FF40B60FFF710F9B5
:1077D00004F0020018B1D9208DF8000002E0D82092
:1077E0008DF800006A46012140F23D70FFF700F974
:1077F00004F0040018B10120FFF7F2FE02E00020BF
:10780000FFF7EEFE04F0100018B10120FFF7BEFEF6
:1078100002E00020FFF7BAFE44F0080085494881E5
:10782000FDF74AFD00208349887304F0400018B139
:107830000846807B801D887304F4C07020B17D48A9
:10784000807B801D7B49887304F0140020B1794847
:10785000807B10307749887304F0030020B17548AD
:10786000807B001D7349887300203EBD014671482E
:1078700040890880002070472DE9F0410446E078F7
:1078800000F0C006E07800F03F05607800F00100ED
:1078900098B1EF102846E91705EB5171C910A5EB17
:1078A000C101491C01F0FF086248006820B161482D
:1078B000414602683846904700BF607800F00800F3
:1078C00030B15C48406818B1B0115A4A51688847D5
:1078D0000020BDE8F08110B586B0044656A207CA64
:1078E00003AB07C357A207CA8DE80700012C09D0D4
:1078F000022C0ED103AA0B2140F68220FFF778F864
:1079000006B010BD6A460B2140F68220FFF770F8E2
:10791000F6E74FF0FF30F3E72DE9F04F8DB0074663
:10792000884615469946DDE9166B00240020308014
:107930004049887B5A4605A9FEF7BDFB18B1601E79
:107940000DB0BDE8F08F3B48807A00F014000028AD
:1079500061D09DF8140000069DF8151040EA014022
:107960009DF8161040EA01209DF817100843286082
:107970009DF8180000069DF8191040EA01409DF896
:107980001A1040EA01209DF81B10084368609DF81A
:107990001C0000069DF81D1040EA01409DF81E10D5
:1079A00040EA01209DF81F100843A8609DF82000C0
:1079B00000069DF8211040EA01409DF8221040EA9F
:1079C00001209DF823100843E86004F11000C4B2C0
:1079D000286800140190686800140290A8680014D8
:1079E0000390E8680014049001984043029901FB59
:1079F0000100039901FB0100049901FB010ABAF19E
:107A0000706F02DBBAF1885F22DDFDF755FC0020C4
:107A10003080401E94E721E0B8AAB38DB4980D35AC
:107A20005D000000B8AAAAAAB088C3C5C7000000BC
:107A300009E3CA0294030020D8B1B9F38BA391B62D
:107A400009B4D900DAB1B9F38BA391B6DAB4DA008C
:107A5000B6F9000040F48070308000BF7848807A2A
:107A600000F0400020B305A9601C085C095D40EAF5
:107A7000012000B2A8F8000005A9E01C095C05AAD5
:107A8000A01C105C41EA002000B2A8F8020005A981
:107A9000601D095C201D105C41EA002000B2A8F8BE
:107AA0000400A01DC4B2B6F9000040F00800308008
:107AB0006348408900F4C07008B305A9601C085CE5
:107AC000095D40EA012000B2388005A9E01C095C8C
:107AD00005AAA01C105C41EA002000B2788005A92C
:107AE000601D095C201D105C41EA002000B2B880D6
:107AF000A01DC4B2B6F9000040F0700030805048BC
:107B0000807A00F0030018B105A90819FFF7B4FE48
:107B10004846FAF7B4FB002012E7014648480160E6
:107B200000207047014646484160002070470146EA
:107B300091F90020002A01DD00201EE091F90020CB
:107B4000002A01DA042018E091F90120002A01DD61
:107B5000012012E091F90120002A01DA05200CE051
:107B600091F90220002A01DD022006E091F90220AD
:107B7000002A01DA062000E00720704770B50546AC
:107B80002846FFF7D4FF0446E81CFFF7D0FF44EA7D
:107B9000C00084B2A81DFFF7CAFF44EA801084B277
:107BA000204670BD70B588B002A905A8FEF795FE05
:107BB0000446032C3FD101A8FEF704F9059800F014
:107BC00023FB0646019900F027F9054600F03BFB30
:107BD0000590069800F018FB0646019900F01CF984
:107BE000054600F030FB0690079800F00DFB0646B6
:107BF000019900F011F9054600F025FB079005A852
:107C0000FFF77BF96846FEF7FAF8BDF80010029816
:107C100048430290BDF80010039848430390BDF814
:107C2000001004984843049002A8FFF7F9F905A052
:107C3000FDF735F802E00CA0FDF731F808B070BD93
:107C40009403002073657474696E672062696173C0
:107C50002073756363657366756C6C79202E2E2EA8
:107C60002E2E2E0A00000000626961732068617385
:107C7000206E6F74206265656E206D6F6469666941
:107C80006564202E2E2E2E2E2E0A00002DE9F041A6
:107C90000024061B254671F1000605DA01240027A1
:107CA000D0EB070067EB0101161E73F1000605DA41
:107CB0000027D2EB0702012567EB030300F062FB0C
:107CC00086460E4617469C46AC4204D00025D0EBB3
:107CD000050E65EB010624B10020D2EB000760EB36
:107CE000030C704631463A466346BDE8F08140EAEF
:107CF00001039B0703D009E008C9121F08C0042A2A
:107D0000FAD203E011F8013B00F8013B521EF9D210
:107D10007047D2B201E000F8012B491EFBD2704738
:107D20000022F6E710B513460A4604461946FFF747
:107D3000F0FF204610BD421E12F8013F002BFBD180
:107D400011F8013B02F8013B002BF9D1704730B527
:107D500004460020034600E05B1C934203D2E05C33
:107D6000CD5C401BF8D030BDF0B480EA0102D40FE6
:107D70004200B2EB410F02D20246084611464A00C9
:107D800042D0C30DDDB2C1F3C752AD1A202D35DA92
:107D9000C1F3160141F4000204B15242C5F12006BC
:107DA00002FA06F12A411044B3EBD05F23D0C4B1EC
:107DB000012DA0EBC35009DCF0BC4FF0004202EAF9
:107DC000C352DBB200F5000000F037BB400000F109
:107DD000807000EBC350A0F1807040EAD170490080
:107DE00009E0490841EAC071A0EBC35000F500006A
:107DF000400800EBC350F0BC00F016BB614201220A
:107E000002EB4101001BF6E7F0BC704781F0004136
:107E1000AAE780F00040A7E780EA010210B502F06F
:107E20000043400022D04A001FD0010E01EB126136
:107E3000C0F35600C2F3560240F4000042F40002C0
:107E4000A0FB022000047F39140400D0401C50EA3B
:107E5000124001D44000491EC2B20C0604EBD010FF
:107E6000401C4008802A02D003E0002010BD20F012
:107E70000100002900DA0020184310BD30B480EA68
:107E8000010202F0004530F0004221F0004013D022
:107E900090B1C30DD40DC2F31601C0F31600E41A5D
:107EA00041F4000140F400027D34914201D3641C8E
:107EB00000E04900002C02DA30BC002070474FF48B
:107EC00000000023914201D3891A034340084FEA7E
:107ED0004101F7D151B1914202D14FF0004105E08B
:107EE00002D24FF0010101E06FF0010103EBC45039
:107EF000284430BC00F098BA2DE9FE4F804681EA54
:107F00000300C00F0C46009021F0004123F0004513
:107F1000B8EB0200A94105D24046214690461C46D6
:107F20000B46024623F00040104347D0270DC7F30D
:107F30000A00C3F30A510290401A019040286BDAFC
:107F4000C3F3130040F4801B0098924620B1002335
:107F5000D2EB030A63EB0B0B01985946C0F14002C8
:107F6000504600F040FA06460D4650465946019AE2
:107F700000F048FA10EB08006141002487EA115232
:107F800084EAE7731A4340D0009A62B3019A012A47
:107F90004FEA075215DC001B61EB02014FF0004273
:107FA00002EA0752CDE90042001C41F58011324639
:107FB0002B4600F07FFA03B0BDE8F08F4046214623
:107FC000F9E7001B61EB0201001C41F5801300186A
:107FD0005B412018A2F5001747EB030140EAD5707A
:107FE000B6196D4111E06D084FEA360645EAC075D5
:107FF0004FEA0752001B61EB0201001C41F58011A2
:1080000049084FEA30000019514132462B4603B06F
:10801000BDE8F04F00F03FBA009801224000002375
:10802000D0EB020263EBE073009821464FEAE07464
:10803000B8EB000061EB0401E9E783F000435BE784
:1080400081F0004158E72DE9FE4F81EA030404F076
:10805000004421F0004100944FF0000B23F0004356
:1080600050EA01045ED052EA03045BD0C3F30A5421
:10807000C1F30A552C44A4F2F3340194A0FB02543A
:10808000C1F3130141F48011C3F3130343F48013CC
:1080900001FB024400FB034E840A970A44EA815420
:1080A00047EA8357A4FB076802958D0A05FB0785FD
:1080B0004FEA932C04FB0C542705029D4FEA065807
:1080C00047EA1637B5EB08056EEB070C870E920EE4
:1080D00047EA811742EA8312A7FB0201B6EB0B01C4
:1080E00064EB00042B0D43EA0C335E1844EB1C5088
:1080F000DA465146E7FB0201C5F313044FEA0B339E
:1081000043EA14534FEA0432019C43EA0603A4F104
:108110000C040294009CCDE900B400F0CBF903B04C
:10812000BDE8F08F00200146F9E72DE9F04D81EA26
:10813000030404F0004B21F0004514464FF0000A00
:1081400023F0004150EA050220D054EA01021DD07C
:10815000C5F30A570246C5F31303C1F31300C1F375
:108160000A5640F4801543F48013A7EB0608101B51
:10817000D64608F2FD3873EB050002D308F101087A
:1081800001E092185B41B8F1000F03DA00200146CC
:10819000BDE8F08D00204FF48011064684460EE0C5
:1081A000171B73EB050705D3121B63EB050306438F
:1081B0004CEA010C49084FEA300092185B4150EA42
:1081C0000107EDD152EA030012D082EA040083EAEB
:1081D0000501084305D0101BAB4106D20122002344
:1081E00006E000224FF0004302E06FF0010253105E
:1081F0001AEB06004CEB085110EB0A0041EB0B01A7
:10820000BDE8F04D00F047B9C10F80EAE0700844C6
:10821000CA079623002100F010B9962300221146C8
:1082200000F00BB90EB5C10F80EAE0700844CA0730
:10823000002140F233438DE80E000A460B4600F061
:1082400039F903B000BD00F0004220F00040C10D3C
:10825000C0F3160040F400007F2901DA00207047C7
:10826000962903DCC1F19601C84001E096398840A7
:10827000002AF4D04042704720F00040C10DC0F306
:10828000160040F400007F2901DA0020704796298B
:1082900003DCC1F19601C8407047963988407047A9
:1082A00000F0004230F000400AD0C10D01F56071CD
:1082B000C0F3160042EA0151C2084007114370475B
:1082C000002001467047000030B5041E71F1000423
:1082D00004DB4FF00044404264EB0101141E73F1D3
:1082E000000405DB1C464FF00043524263EB0403DD
:1082F0008B4208BF824230BD01F0004330B421F010
:10830000004150EA010206D00A0DA2F56072C1F3E5
:108310001301002A02DC30BC00207047440F44EAFD
:10832000C104C100E01830BC00EBC25000F07CB8C2
:10833000002801DBC0F10040002901DBC1F1004150
:1083400081427047002801DBC0F10040002901DBB9
:10835000C1F100418842704730B50B46014600200C
:108360002022012409E021FA02F59D4205D303FAF7
:1083700002F5491B04FA02F52844151EA2F1010278
:10838000F1DC30BD2DE9F05F0546002092469B46AA
:1083900088460646814640241BE02846414647461B
:1083A000224600F02FF953465A46C01A914110D385
:1083B00011461846224600F016F82D1A67EB010800
:1083C0004F4622460120002100F00DF817EB00096E
:1083D0004E41201EA4F10104DFDC484631462A4606
:1083E0004346BDE8F09F202A04DB203A00FA02F160
:1083F000002070479140C2F1200320FA03F3194393
:1084000090407047202A06DBCB17203A41FA02F051
:1084100043EAE07306E041FA02F3D040C2F12002E1
:1084200091400843194670470029A8BF7047401C77
:10843000490008BF20F00100704710B4B0FA80FC7A
:1084400000FA0CF050EA010404BF10BC704749B1B7
:10845000CCF1200421FA04F411FA0CF118BF012127
:1084600021430843A3EB0C01CB1D4FEA00614FEA07
:10847000102042BF002010BC704700EBC3501044D6
:108480000029A4BF10BC7047401C490008BF20F061
:10849000010010BC704710B5141E73F1000408DA17
:1084A000401C41F1000192185B411A4301D120F0B8
:1084B000010010BD2DE9F04D92469B4611B1B1FA75
:1084C00081F202E0B0FA80F220329046FFF78BFF93
:1084D00004460F4640EA0A0041EA0B0153465A4659
:1084E000084313D0114653EA010019D0C8F14002E5
:1084F000504600F087F805460E465046594642461B
:10850000FFF771FF084305D0012004E020463946FB
:10851000BDE8F08D0020054346EAE0762C43374362
:108520000A986305E40AA0EB08000022FD0A44EA69
:1085300047540A3002D500200146E9E70105101929
:108540006941DDE9084500196941BDE8F04DA2E740
:1085500070B521F0004303430CD0C1F30A55002449
:10856000D5EB040564EB0403D617AD1AB34102DB67
:108570000020014670BD201841EB025170BDC1F3CF
:108580000A52C1F3130140F2FF3341F480119A42C1
:1085900002DA00200146704740F233439A42A2F2C9
:1085A000334202DC524200F02DB8FFF71CBF00003E
:1085B00030B5041E71F1000404DB4FF0004440426A
:1085C00064EB0101141E73F1000405DB1C464FF03F
:1085D0000043524263EB0403994208BF904230BD0E
:1085E000064C074D06E0E06840F0010394E8070000
:1085F00098471034AC42F6D3F7F77CFDD8AC0008AE
:10860000F8AC0008202A04DB203A21FA02F000210D
:10861000704721FA02F3D040C2F120029140084392
:10862000194670472DE9F04D00231A461B1A8A415E
:1086300003DB00200146BDE8F08DC1F30A52C1F30F
:10864000130141F480154FF0000BD10702D100183F
:108650006D41521E0027044640F2FF11384601EBDF
:10866000620A3E468046024600204FF48011FFF722
:10867000C9FFC2197141BB1846EB0100B4EB030CF2
:1086800075EB000C04D3E41A65EB000517460E46A3
:10869000241908F101006D4180463428E3DDF91901
:1086A00046EB0600091BA84103D24FF0FF321346E8
:1086B00001E0002213461BEB070046EB0A51BDE820
:1086C000F04DFFF7E8BE0EB540F2334102910021B4
:1086D000CDE900110A460B46FFF7ECFE03B000BDE2
:1086E00070B5C1F30A5201F000450024C1F3130133
:1086F00040F2FF3341F480119A4201DA002070BD4C
:1087000040F233439A42A2F2334203DC5242FFF773
:1087100079FF00E090402C43F1D0404270BD70B52D
:108720008C1810F8015B15F0070301D110F8013B1C
:108730002A1106D110F8012B03E010F8016B01F8A3
:10874000016B5B1EF9D12B0705D40023521E0DD4FB
:1087500001F8013BFAE710F8013BCB1A921C03E049
:1087600013F8015B01F8015B521EF9D5A142D8D381
:10877000002070BD0FB4054B10B503A9044A029840
:1087800000F02AFC10BC5DF814FB0000C74A00088A
:10879000180200200FB4084B10B504A902AA0398D0
:1087A00000F01AFC044602A9002000F0ACFF2046AD
:1087B00010BC5DF814FB000007970008490050EA60
:1087C000C12018BF04204A0D18BF40F0010040F23C
:1087D000FF72B2EB515F08BF40F00200012808BFF2
:1087E000052070472DE9F74F144694B00021C4E9E5
:1087F00002111599079121F00045C9498D4206DC07
:108800001599C4E9000117B00020BDE8F08FC549F3
:10881000DFF814A3A9423CDD0799C44E0029C44FD8
:10882000C44A1599534619DDFFF707FC554506D094
:10883000C14AC24BFFF701FCC4E900010AE04FF056
:10884000D352BE4BFFF7F9FB32463B46FFF7F5FB31
:10885000C4E9000117B00120BDE8F08FFFF74CFB21
:10886000554506D0B44AB54BFFF746FBC4E90001B5
:108870000AE04FF0D352B14BFFF73EFB32463B4686
:10888000FFF73AFBC4E9000117B04FF0FF30BDE835
:10889000F08FAB49A942159978DB21F0004183465E
:1088A0008846A84AA84BFFF7CEFB0022A74BFFF74C
:1088B00023FBFFF715FF0990FFF7B4FC06460F46B0
:1088C0009C4A5346FFF7BFFB43465A46FFF7B8FBA7
:1088D00080468A46984A994B30463946FFF7B3FBA3
:1088E0002A0D01250B9242465346FFF7A9FB032DA3
:1088F000C4E9000139D00B98C1F30A51401A05EBC5
:1089000045111139814230DA9148C346784400EB71
:108910000510CDF80CA00C90D0E900233046394664
:10892000FFF791FB02460B460491069058460399C7
:10893000FFF783FB80468A4602460B46584603995A
:10894000FFF77BFB049B069AFFF777FB83460C98A7
:1089500003913946D0E902233046FFF774FB5A46AB
:10896000039BFFF76AFB6D1CBDE707980028A2BFB9
:10897000099817B0BDE8F08F616881F0004161602F
:10898000099817B04042BDE8F08FFFE7844615987C
:10899000C1F31301C0F30A50A0F2F5304FEA60189A
:1089A00000F01F06C6F120001390002006900790EB
:1089B00041F4801E05206D4676B1664A08EB000141
:1089C0007A4452F8213002EB8101B3404A6813998E
:1089D00022FA01F1194305E05F4908EB00027944EE
:1089E00051F82210A1FB0E27A1FB0C131A449A4246
:1089F00034BF0123002303EB070A05EB8003D3E90F
:108A000001B70F448F4234BF0121002193448B44AE
:108A100011B1934502D903E0934501D2012100E051
:108A20000021C3E901B7514445F82010011EA0F10F
:108A30000100C1DC0298059F00F10050800F1290E8
:108A40000298DDE903568000FFF7ECFB83462846D9
:108A50000D91FFF738FE6FF01D02FFF779FDCDE9AC
:108A60000E013046FFF72FFE6FF03D02FFF770FD5D
:108A700080468A463846FFF726FE6FF05D02FFF714
:108A800067FD0746424653461191FFF735FADDE987
:108A90000E23FFF731FA5A460D9BFFF72DFA0025FA
:108AA0000E465A4628460D9BFFF7C7FADDE90E230E
:108AB000FFF7C3FA42465346FFF7BFFA3A46119B07
:108AC000FFF7BEFADFF898A0244A5346FFF7BBFA37
:108AD00007468846234A244B31462846FFF7B3FA17
:108AE0003A464346FFF708FA074688464FF0A84241
:108AF000534631462846FFF7A6FA3A464346FFF763
:108B0000FBF9159A12F0004F04D0129A81F000413F
:108B100052421292C4E90001129817B0BDE8F08FDA
:108B2000FB21E93F7CD90240FB21F93F7370032E02
:108B30008A19A33B000040543163621A61B4D03DEE
:108B4000FB21394183C8C96D305FE43F0000E03F3D
:108B50008822000004220000E6210000182D445461
:108B6000FB21F93D3326A611460B113C2DE9FF4DA3
:108B700021F0004807460C46B8F1795F08DAFFF7A4
:108B8000AFFD002801BF0020324904B0BDE8F08DE0
:108B90003A46234610461946FFF755FA054602465F
:108BA0002D480E460B460621784400F05DF82A4613
:108BB0003346FFF748FADDE9022382468B46384602
:108BC0002146FFF740FA04460F4652465B462846C8
:108BD0003146FFF738FA22463B46FFF72EFA0746A2
:108BE0008A464FF0FF3228463146FFF7B1FC1B4A58
:108BF00090450ADA3A465346FFF71FFA04B00022BE
:108C0000BDE8F04D134BFFF71BBA154A4245A8BF0C
:108C1000A8F500154FF00004B8BF124D22462B46B0
:108C2000FFF70BFA0646884622462B4600200949E4
:108C3000FFF703FA04460D463A465346304641468E
:108C4000FFF7FBF904B022462B46BDE8F04DFFF7D5
:108C5000F7B900000000F03FB41F00003333D33FEA
:108C60000000E93F0000D23F2DE9F0414F1E00EB2C
:108C7000C7010446D1E9000115461E4637F0060239
:108C80000DD02A463346FFF7DEF97F1E04EBC703FB
:108C9000D3E90023FFF730F937F00602F1D1022FB4
:108CA00025D0042F13D0062F18BFBDE8F0812A4627
:108CB0003346FFF7C8F9D4E90A23FFF71DF92A461E
:108CC0003346FFF7C0F9D4E90823FFF715F92A4620
:108CD0003346FFF7B8F9D4E90623FFF70DF92A4622
:108CE0003346FFF7B0F9D4E90423FFF705F92A4624
:108CF0003346FFF7A8F9D4E90223FFF7FDF82A4627
:108D00003346FFF7A0F9D4E90023BDE8F041FFF7AF
:108D1000F3B800002DE9FF4D054621F0004084B076
:108D20000C46B0F1795F0BDA2846FFF747FD0428BF
:108D300008BF00F071F8284608B02146BDE8F08D64
:108D40002A460B461046FFF77EF906460F462A468E
:108D50002346FFF778F9804626488A4632463B4646
:108D600005217844FFF780FF83461098029160B395
:108D7000214A224B40465146FFF765F9CDE90001F3
:108D80005A4640465146029BFFF75DF982468846A7
:108D9000DDE906014FF0FF32FFF7DAFB52464346AA
:108DA000FFF74BF932463B46FFF74DF9DDE9062365
:108DB000FFF743F9DDE90023FFF73FF908B02A4642
:108DC0002346BDE8F04DFFF73BB90B465A46304607
:108DD0003946FFF738F9084A084BFFF78DF8424645
:108DE0005346FFF730F908B02A462346BDE8F04D58
:108DF000FFF782B8FA1E0000495555555555C5BFB5
:108E00000122FFF7A5BBFFF777B8002213461046F3
:108E10001146FFF78AB90000024A00201107FFF748
:108E200097BB000001FDFFFF02E008C8121F08C148
:108E3000002AFAD170477047002001E001C1121FDB
:108E4000002AFBD17047000001490860704700000C
:108E50001C0200202DE9FF5F82B00021DDE9043013
:108E6000020DDDF840B0034318D044F61050A2F2D2
:108E7000FF3242431514119801281FD0A5EB0B00B7
:108E8000401C5FEA000A4FF000064E4FDFF83891B1
:108E9000B046504615D5CAF1000413E011980124DC
:108EA0004AA3012801D16FEA0B010298119AC0E987
:108EB0000031C0E9024206B0BDE8F09FCBF10000EE
:108EC000DFE704460021404A491842EB0450CDE94F
:108ED000001012E0E00707D032463B4640464946C4
:108EE000FFF7B1F88046894632463B4610461946A0
:108EF000FFF7A9F806460F466410002CEAD1DDE919
:108F00000401DDE90023BAF1000F06DAFFF79BF850
:108F100042464B46FFF797F805E0FFF706F9424651
:108F20004B46FFF702F904460E460022284BFFF796
:108F30003FFB03D84FF0FF30014607E00022254BEE
:108F400020463146FEF7D8FFFFF719FB102409E051
:108F5000002C0ADB0A220023FFF714FA039B3032AD
:108F60001A55641E50EA0102F2D1641C039AC4F13E
:108F700011031444119A012A03D0012208430DD190
:108F80000AE0084304D000204FF0110B119072E763
:108F9000A3EB0B056D1E0DE05B4504DD4FF00002F9
:108FA00005F1010504E003DA4FF00002A5F1010527
:108FB000002AECD002981199C0E90231C0E90045BD
:108FC00079E70000000014400000F03F300000008E
:108FD0000000F0430000E03F2DE9FF4F95B09B46B5
:108FE0008946064600250FE2252877D1002427462A
:108FF000F84A0121059400E0044316F8013F203BA4
:1090000001FA03F01042F7D130782A2811D06FF01E
:109010002F033078A0F13002092A16D8059A44F0BF
:10902000020402EB820203EB42021044761C05901C
:10903000EFE759F8042B0592002A03DA504244F472
:109040000054059044F00204761C30782E2816D186
:1090500016F8010F44F004042A280DD06FF02F02F7
:109060003078A0F13003092B09D807EB870302EB16
:109070004303C718761CF3E759F8047B761C307855
:109080006C280FD006DC4C2817D068280DD06A2831
:1090900014D104E0742810D07A280FD10DE044F4E4
:1090A00000140AE044F4801401E044F4401472789F
:1090B000824202D104F58014761C761C3078662832
:1090C0000BD013DC582877D009DC002875D0452850
:1090D000F6D04628F4D047281AD19DE118E063283D
:1090E00035D0642879D0652812D195E1702873D0E5
:1090F00008DC6728F1D069286FD06E280DD06F2862
:1091000006D1B5E073282CD0752875D0782874D096
:109110005A46179990476D1C75E1C4F30250022816
:1091200009D003280DD0D9F8001004280DD00D6007
:1091300009F1040967E1D9F80010EA17C1E9005202
:10914000F6E7D9F800100D80F2E70D70F0E719F896
:10915000041B8DF8001000208DF80100EA46012064
:1091600003E059F804AB4FF0FF3061074FF0000106
:1091700002D40DE008F101018846B9420FDA8045BA
:10918000F8DB1AF808100029F4D108E008F1010111
:1091900088468142FADB1AF808100029F6D10598B2
:1091A0005B46A0EB080721463846179A00F094FA70
:1091B000284400EB080507E04DE029E10DE01AF82E
:1091C000010B5A4617999047B8F10108F7D25B4650
:1091D00021463846179A13E142E00A220092C4F36E
:1091E00002524FF0000A022A08D059F804CB032A91
:1091F0004FEAEC710AD00DE029E02AE009F10701FD
:1092000021F00702F2E802C1914609E00FFA8CFC56
:109210004FEAEC71042A03D14FFA8CFC4FEAEC714F
:10922000002907DA0A460021DCF1000C61EB02019B
:109230002D2202E0220504D52B228DF804200122E4
:1092400003E0E20701D02022F7E7904659E00A2127
:1092500002E010220DE010214FF0000A00910BE017
:1092600010224FF0000A44F004040827009203E0A3
:1092700008224FF0000A0092C4F30252022A05D0DD
:1092800059F804CB0021032A08D009E009F10701AD
:1092900021F00702F2E802C1914605E01FFA8CFCBA
:1092A000042A01D10CF0FF0C4FF00008220728D54A
:1092B000702806D0009B83F0100353EA0A0305D000
:1092C0000EE040228DF80420012208E05CEA010251
:1092D00006D030228DF804208DF805000222904639
:1092E000009B83F0080353EA0A030AD15CEA0102F7
:1092F00001D1620705D530228DF804204FF0010816
:109300007F1E582804D034A003900EA802900DE0D0
:1093100036A0F9E753466046009AFFF733F88446D3
:109320000398825C0298401E029002705CEA010081
:10933000F0D1029806A9081A00F1200A600702D5A8
:1093400024F4803400E00127574502DDA7EB0A0032
:1093500000E0002000EB0A01009005984144401A0B
:109360000590E00306D45B462146179A059800F065
:10937000B3F90544002706E001A85A46C05D1799D5
:1093800090476D1C7F1C4745F6DBE0030CD55B4620
:109390002146179A059800F09FF9054404E0302013
:1093A0005A46179990476D1C0099481E0090002955
:1093B000F5DC08E0029802995A460078491C0291AF
:1093C000179990476D1CBAF10001AAF1010AF1DC6E
:1093D00065E1000009280100303132333435363779
:1093E00038396162636465660000000030313233F1
:1093F0003435363738394142434445460000000091
:1094000000F058F90544761C307800287FF4ECAD64
:1094100019B02846BDE8F08F620700D4062709F18D
:10942000070222F0070CFCE80223E14603F00048A3
:109430005FEA080C02D00FF2702C0DE05FEA045CCA
:1094400002D50FF2682C07E05FEAC47C02D00FF26D
:10945000602C01E0AFF2700C4FF0FF3823F00043B6
:10946000CDF850C065280CD006DC452809D0462828
:109470001DD047283DD13DE0662818D067287ED111
:1094800038E00021112F01DB112000E0781CCDE92C
:10949000000106A90EA8FFF7DDFCDDE90F010E9A19
:1094A00003910021009207F1010A04914DE04FF071
:1094B00000400097CDE9011006A90EA8FFF7CAFCED
:1094C000DDE90F0203920E9B11990022DDF80CA03A
:1094D0000093049211B9791C00EB010AB7EB0A0062
:1094E00004D4C0F1FF3007F1010A0490AAEB070091
:1094F000019044E0012F00DA01270021112F01DD46
:10950000112000E03846CDE9000106A90EA8FFF7BA
:10951000A1FCDDE90F010E9A039100210491009254
:10952000BA4621070CD40399514500DA8A46BAF1AC
:10953000010F05DD009AAAF10101515C302908D024
:10954000B84202DA10F1040F06DA0121CDE9011068
:1095500015E0AAF10101E9E7002805DC04990144BE
:109560000491AAEB000102E0411C514500DD8A464E
:109570000499401A401C01904FF0004002902007CF
:1095800004D40198504501DBCDF8048000208DF80B
:109590004F0002980DF14F07B0F1004F25D02B205E
:1095A0000E9002984FF0020800280CDA4042029018
:1095B0002D200E9007E00A210298FEF7CDFE3031F3
:1095C000029007F8011DB8F10001A8F10108F2DCD2
:1095D00002980028EFD1791E0E980870307800F0BC
:1095E000200040F0450007F8020D12A8C01B00F152
:1095F00007081498007800B1012000EB0A010198D7
:1096000001EBE07105984144401A401E0590E003CB
:1096100006D45B462146179A059800F05DF805448C
:109620001498007818B15A46179990476D1CE003BA
:1096300024D55B462146179A059800F04DF805445D
:109640001CE00498002807DBDDE90301884203DD04
:109650000098405C179901E0179930205A469047CE
:10966000049805F10105401C04900198401E0190EA
:1096700004D12E205A46179990476D1CBAF100016B
:10968000AAF1010ADDDC05E017F8010B5A4617992B
:1096900090476D1CB8F10001A8F10108F4DC5B46AD
:1096A0002146179A0598ABE62D0000002B0000001C
:1096B000200000002DE9F041044600251E46174613
:1096C000880404D405E039462020B0476D1C641E90
:1096D000F9D52846BDE8F0812DE9F0410446002582
:1096E0001E469046C80301D5302700E02027880495
:1096F00004D505E041463846B0476D1C641EF9D5D7
:109700002846BDE8F0810A68531C0B601070704752
:109710002DE9F04D8D4F21F0004A86B005460C46EC
:10972000BA452ADBAAEB070028430AD088488245BD
:1097300001DC1AD1CDB106B02846BDE8F04DFFF7E7
:109740005FBB844A844B2846FEF77DFC07460E46E5
:10975000824A834B28462146FEF775FC06B03A46FE
:109760003346BDE8F04DFEF7C7BB0120FFF76CFBA9
:1097700006B0BDE8F04DFFF748BB7A48824542DAB3
:10978000BAF1795F0BDA2846FFF718F8042808BF0A
:10979000FFF742FB284606B02146BDE8F08D2A4679
:1097A0000B461046FEF74FFC834602466E480E46B7
:1097B0000B4606217844FFF757FA5A463346FEF720
:1097C00042FC804669488A465A463346042178441A
:1097D000FFF74AFA5A463346FEF735FC00223B466D
:1097E000FEF78AFB02460B4640465146FEF79DFCBB
:1097F0002A462346FEF727FC06B02A462346BDE844
:10980000F04DFEF779BB284624F0004100223D468A
:109810003B46FEF715FC4FF0FF32FEF799FE064679
:10982000024653480F460B4606217844FFF71CFAC0
:1098300032463B46FEF707FCCDE900014D48324673
:109840003B4604217844FFF70FFA32463B46FEF7C9
:10985000FAFB00222B46FEF74FFB8346029130466F
:10986000394600F0ADFA804643480D46504517DCB6
:10987000DDE900015A46029BFEF757FC42462B46A3
:10988000FEF7E1FB42462B46FEF736FB0122FEF7D0
:109890005FFE304A304BFEF7D0FB304A304B4CE095
:1098A0004FF0000A52460B464046FEF725FBCDE935
:1098B000031052462B4610461946FEF7C4FB3246AB
:1098C0003B46FEF7BDFBDDE90332FEF72EFC064604
:1098D0000F46DDE900015A46029BFEF726FC83464F
:1098E0000091012230463946FEF732FE194A1A4BE2
:1098F000FEF7A6FB06460F46012240462946FEF724
:1099000027FE5A46009BFEF79EFB32463B46FEF77B
:1099100094FB06460F46012250462946FEF718FEE4
:109920000E4DDFF858802A464346FEF789FB324643
:109930003B46FEF785FB2A464346FEF781FB002C9B
:10994000D8BF81F0004106B0BDE8F08D0000F03FC7
:109950000000F07F075C143326A6913C182D445478
:10996000FB21F93F0000E03FC0120000D6120000CA
:109970004A120000601200003333EF3FFB21E93F41
:109980002DE9F84F04460D4621F00040009173493F
:10999000814211DC7249884201DC06D12CB120469B
:1099A0002946BDE8F84FFFF72BBA6E48002DCCBF13
:1099B0006D496E49BDE8F88F6D49814211DD6D49F1
:1099C0008142D8BF4FF0FF366DDD20462946FEF7B5
:1099D000F5FE042808BFFFF71FFA20462946BDE818
:1099E000F88F6549654F25F00045814233DD6449B4
:1099F000814219DD002632464FF080432046294639
:109A0000FEF77AFA80468A46012220462946FEF76A
:109A10009FFD00223B46FEF710FB42465346FEF7F1
:109A200084FB04460D463EE001260022BA463B4632
:109A300020462946FEF760FA80460F46002253462C
:109A400020462946FEF7F9FA42463B46FEF76DFBF3
:109A500004460D4627E04B4981421BDDDFF828A173
:109A600002260022534620462946FEF7ECFA002241
:109A70003B46FEF741FA80460F46002253462046F9
:109A80002946FEF7DAFA42463B46FEF74EFB04460D
:109A90000D4608E0032622462B4600203B49FEF7F0
:109AA00044FB04460D4622462B4610461946FEF757
:109AB000CAFA8B46824602460B46FEF7C4FA0746B0
:109AC0000246334888460B4606217844FFF7CCF817
:109AD00052465B46FEF7B7FA82462E488B463A4618
:109AE000434605217844FFF7BFF83A464346FEF760
:109AF000AAFA02460B46002E504659460CDAFEF7EB
:109B0000FBF922462B46FEF79EFA01B022462B4671
:109B1000BDE8F04FFEF794BAFEF7EEF922462B4669
:109B2000FEF791FA1C4A7A4402EBC603D3E90023FC
:109B3000FEF783FA22462B46FEF77FFA174A7A444D
:109B400002EBC603D3E90023FEF77AFA009A002A53
:109B5000B8BF81F00041BDE8F88F0000000010445C
:109B60000000F07F182D4454FB21F93FFB21F9BF81
:109B70000000DC3F0000203E0000F33F0000F03F0B
:109B80000000E63F008003400000F83F0000F0BF07
:109B90006210000020100000BE0F0000860F0000C1
:109BA0002DE9F04D9446CCF1000423F000464CEA38
:109BB0000404524F46EAD4749A46884621F0004283
:109BC000BC4206D8454240EA050442EAD474BC428D
:109BD00004D9BDE8F04D6246FFF715B9AAF140552A
:109BE000A5F17F6555EA0C040BD0022404EAAA749F
:109BF000434DDFF810E144EAD87452EA000B04D078
:109C00000CE0BDE8F04DFFF7BBBE002C14BF012CEB
:109C1000BDE8F08D022C30D0032C32D056EA0C0B6C
:109C20000AD0BE4220D1BA4209D126F0804622F0A5
:109C300080423346114617E000291ADB25E0DFF8A1
:109C4000C8B0FB44002C04BFDBE90001BDE8F08D87
:109C5000012C02BFDBE9000181F00041BDE8F08D7D
:109C6000022C0AD0032C0CD0BA4212D1B8F1000F4A
:109C70000BDA23482549BDE8F08D28462449BDE884
:109C8000F08D28467146BDE8F08D1D482149BDE89C
:109C9000F08D921B12153C2AC4BF19481D490EDCD9
:109CA000BAF1000FBEBF12F13C0F0020014606DBE7
:109CB0006246FEF73AFA21F00041FFF761FE002C00
:109CC00008BFBDE8F08D012C04BF81F00041BDE864
:109CD000F08D114A114B022C07D0FEF7AEF92A463F
:109CE000BDE8F04D0A4BFEF7A8B9FEF7A6F92A46E3
:109CF000BDE8F04D064BFEF7A3B900000000F07F71
:109D0000182D4454FB2109C04A0F0000FB21F9BF64
:109D1000FB210940FB21F93F075C143326A6A13C37
:109D200000B5254B21F0004287B09A4203DC0022A7
:109D3000134600922BE0214B9A4208D140B94FF0D4
:109D40000100FFF781F8FFF760F807B000BD03DB03
:109D5000FFF756F807B000BD02AAFEF743FD10F06A
:109D600003014FF001000DD0012914D002291AD0AF
:109D70000DF1080C9CE80F00FEF7F8FE07B081F02B
:109D8000004100BD0DF1080C00909CE80F00FEF7AB
:109D9000C1FF07B000BD0DF1080C9CE80F00FEF7F5
:109DA000E5FE07B000BD0DF1080C00909CE80F0027
:109DB000FEF7B0FFE2E70000FB21E93F0000F07F83
:109DC0002DE9F04106460F46FEF72CFC041E0D4619
:109DD00018BF0120284320F00040C0F17F6000F14F
:109DE000E040C00F0ED0301C18BF0120384320F0D7
:109DF0000040C0F17F6000F1E040C00F04BF0120CF
:109E0000FFF722F820462946BDE8F0810000000057
:109E10000000000000406540B81E85EB51B8CE3F01
:109E20000000000000001240B81E85EB51B8BE3F94
:109E30006800000476005401F7FD000175191A0C42
:109E40006A231B1C1F207274433B4138393A6B6CE8
:109E5000376F06246D6E700083000000000800005C
:109E60000001001832000500000020410000D2422D
:109E7000295C0F3E9A99993E3333733F295C0F3E1C
:109E80000000700000000024000000020003000039
:109E900000650054FFEF0000FA80000B1282000101
:109EA000030C30C30E8C8CE914D5400213710F8E55
:109EB0003883F8833000F883258EF8833000F883E8
:109EC000FFFFFFFF0FFEA9D6240004001A8279A12C
:109ED0000000003CFFFF00000010000038836FA26C
:109EE000003E03304000000002CAE3093E8000004B
:109EF00020000000000000004000000060000000A2
:109F0000000C0000000C186E000006920A16C0DF5C
:109F1000FFFF0256FD8CD377FFE1C496E0C5BEAAD1
:109F200000000000FFFF0B2B000016570000035934
:109F30004000000000001DFA00026C1D000000003F
:109F40003FFFDFEB003EB3B6000D227800002F3C50
:109F500000000000001942B5000039A20000B365FE
:109F6000D90E9FC91DCF4C343000000050000000B6
:109F70003BB67AE80064000000C800000000000062
:109F8000100000001000FA921000225E000D229FC7
:109F90000001000000320000FF46000063D4000012
:109FA0001000000004D6000004CC000004CC000027
:109FB00000001072000000400000000000000000DF
:109FC0000006000200050007000000000064000019
:109FD00000000000000000050005006400200000F3
:109FE000000000000000000000004000000003002E
:109FF00000000032F8980000FF650000830F0000A9
:10A00000FF9BFC00000000000000000000000000BA
:10A010000000000000000000000000000000000040
:10A020000000000000000000000000000000100020
:10A0300040000000000000060000B26A00020000BC
:10A040000001FB830068000000D9FC007CF1FF8365
:10A050000000000000650000006403E800640028C0
:10A06000000000250000000016A000000000100005
:10A0700000001000002F0000000001F4000010009C
:10A0800000280000FFFF4581FFFFFA72000000007A
:10A0900000000000004400050005BAC6004778A291
:10A0A0000000000100000000000006000000001495
:10A0B0000000254D002F706D000005AE000C02D091
:10A0C0000000000000000000000000000000000090
:10A0D000001B000000000000000000000000000065
:10A0E0000064000000080000000000000000000004
:10A0F0000000000000000000000000000000000060
:10A10000000000000000000000000000000000004F
:10A11000000000000000000000000000000000003F
:10A12000000000000000000000000000000000002F
:10A13000000000000000000000000000000000001F
:10A14000001B00000000000000000000000E000ED8
:10A1500000000AC70004000000000032FFFFFF9C5F
:10A1600000000B2B00000002000000010000006452
:10A17000FFE50000000000000000000000000000FB
:10A1800000000001000000000001000000000000CD
:10A19000000180000001800000018000002426D31F
:10A1A0000000000000000000000600100096003CC7
:10A1B000000000000000000000000000000000009F
:10A1C0000C0A4E68CDCF770950166759C619CE8252
:10A1D000000000000000000000000000000000007F
:10A1E000000000000000000017D7840003000000FA
:10A1F0000000000000000000C7938F9D1E1B1C196B
:10A20000000000000000000000000000000000004E
:10A21000000000000000000002031885000040005C
:10A220000000000300000003000000000000000028
:10A2300040000000000000000000000000000000DE
:10A24000000000000000000000000000000000000E
:10A2500000000000000000000000000000000000FE
:10A2600000000000677DDF7E72902E554CF6E68878
:10A2700000000000000000000000000000000000DE
:10A28000D8DCB4B8B0D8B9ABF3F8FAB3B7BB8E9E8C
:10A29000AEF132F51BF1B4B8B08097F1A9DFDFDF82
:10A2A000AADFDFDFF2AAC5CDC7A90CC92C97F1A997
:10A2B00089264666B28999A92D557DB0B08AA8969F
:10A2C000365676F1BAA3B4B280C0B8A89711B2835B
:10A2D00098BAA3F0240844106418B2B9B49883F172
:10A2E000A329557DBAB5B1A38393F0002850F5B2E8
:10A2F000B6AA839328547CF1B9A3829361BAA2DAF7
:10A30000DEDFDB819AB9AEF5606870F1DABAA2DF00
:10A31000D9BAA2FAB9A38292DB31BAA2D9BAA2F809
:10A32000DF85A4D0C1BBAD83C2C5C7B8A2DFDFDF64
:10A33000BAA0DFDFDFD8D8F1B8AAB38DB4980D3555
:10A340005DB2B6BAAF8C96198F9FA70E161EB49A3F
:10A35000B8AA872C547CBAA4B08AB691325676B289
:10A360008494A4C808CDD8B8B4B0F19982A82D556A
:10A370007D98A80E161EA22C547C92A4F02C507826
:10A38000F184A898C4CDFCD80DDBA8FC2DF3D9BA74
:10A39000A6F8DABAA6DED8BAB2B68696A6D0F3C8C0
:10A3A00041DAA6C8F8D8B0B4B882A892F52C54887F
:10A3B00098F135D9F418D8F1A2D0F8F9A884D9C702
:10A3C000DFF8F883C5DADF69DF83C1D8F40114F15F
:10A3D000A8824EA884F311D182F5D992289788F1EA
:10A3E00009F41C1CD884A8F3C0F9D1D99782F129AB
:10A3F000F40DD8F3F9F9D1D982F4C203D8DEDF1A0B
:10A40000D8F1A2FAF9A88498D9C7DFF8F8F883C779
:10A41000DADF69DFF883C3D8F40114F198A8822E3B
:10A42000A884F311D182F5D992509788F109F41CD0
:10A43000D884A8F3C0F8F9D1D99782F149F40DD89E
:10A44000F3F9F9D1D982F4C403D8DEDFD8F1AD88AD
:10A4500098CCA809F9D98292A8F57CF1883ACF94D2
:10A460004A6E98DB6931DAADF2DEF9D88795A8F249
:10A4700021D1DAA5F9F417D9F1AE8ED0C0C3AE82DE
:10A48000C684C3A88595C8A588F2C0F1F4010EF171
:10A490008E9EA8C63E56F554F18872F40115F198C7
:10A4A00045856EF58E9E0488F142985A8E9E0688E8
:10A4B00069F4011CF1981E1108D0F504F11E9702F1
:10A4C00002983625DBF9D985A5F3C1DA85A5F3DF36
:10A4D000D88595A8F309DAA5FAD88292A8F578F17B
:10A4E000881A849F26889821DAF41DF3D8879F392B
:10A4F000D1AFD9DFDFFBF9F40CF3D8FAD0F8DAF9F1
:10A50000F9D0DFD9F9D8F40BD8F3879F39D1AFD977
:10A51000DFDFF41DF3D8FAFCA869F9F9AFD0DADE71
:10A52000FAD9F88F9FA8F1CCF398DB45D9AFDFD0EB
:10A53000F8D8F18F9FA8CAF38809DAAF8FCBF8D883
:10A54000F2AD978D0CD9A5DFF9BAA6F3FAF412F2A1
:10A55000D8950DD1D9BAA6F3FADAA5F2C1BAA6F305
:10A56000DFD8F1BAB2B68696A6D0CAF349DAA6CB3E
:10A57000F8D8B0B4B8D8AD84F2C0DFF18FCBC3A89F
:10A58000B2B68696C8C1CBC3F3B0B48898A821DB15
:10A59000718D9D71859521D9ADF2FAD88597A8283E
:10A5A000D9F408D8F28D29DAF405D9F285A4C2F2DB
:10A5B000D8A88D9401D1D9F411F2D88721D8F40A02
:10A5C000D8F28498A8C801D1D9F411D8F3A4C8BB93
:10A5D000AFD0F2DEF8F8F8F8F8F8F8F8D8F1B8F6F5
:10A5E000B5B9B08A95A3DE3CA3D9F8D85CA3D9F855
:10A5F000D87CA3D9F8D8F8F9D1A5D9DFDAFAD8B13F
:10A600008530F7D9DED8F830ADDADED8F2B48C99DF
:10A61000A32D557DA083DFDFDFB591A0F629D9FBFF
:10A62000D8A0FC29D9FAD8A0D051D9F8D8FC51D952
:10A63000F9D879D9FBD8A0D0FC79D9FAD8A1F9F901
:10A64000F9F9F9A0DADFDFDFD8A1F8F8F8F8F8AC0B
:10A65000DEF8ADDE8393AC2C547CF1A8DFDFDFF6AF
:10A660009D2CDAA0DFD9FADB2DF8D8A850DAA0D0DB
:10A67000DED9D0F8F8F8DB55F8D8A878DAA0D0DF22
:10A68000D9D0FAF8F8F8F8DB7DF8D89CA88CF5302A
:10A69000DB38D9D0DEDFA0D0DEDFD8A848DB58D940
:10A6A000DFD0DEA0DFD0DED8A868DB70D9DFDFA086
:10A6B000DFDFD8F1A888902C547C98A8D05C38D1E2
:10A6C000DAF2AE8CDFF9D8B087A8C1C1B188A8C6CC
:10A6D000F9F9DA36D8A8F9DA36D8A8F9DA36D8A8E6
:10A6E000F9DA36D8A8F9DA36D8F78D9DADF818DA48
:10A6F000F2AEDFD8F7ADFA30D9A4DEF9D8F2AEDE8B
:10A70000FAF983A7D9C3C5C7F1889BA77AADF7DE4D
:10A71000DFA4F8849408A797F300AEF29819A488F0
:10A72000C6A39488F632DFF28393DB09D9F2AADF5D
:10A73000D8D8AEF8F9D1DAF3A4DEA7F1889B7AD89D
:10A74000F38494AE19F9DAAAF1DFD8A881C0C3C5A1
:10A75000C7A39283F628ADDED9F8D8A350ADD9F8B7
:10A76000D8A378ADD9F8D8F8F9D1A1DADEC3C5C736
:10A77000D8A18194F818F2B089ACC3C5C7F1D8B894
:10A78000B4B09786A8319B069907AB9728889BF0B1
:10A790000C201440B0B4B8F0A88A9A285078B79B1F
:10A7A000A8295179247059446938644831F1BBAB08
:10A7B00088002C547CF0B38BB8A804285078F1B0F2
:10A7C00088B49726A85998BBABB38B02264666B0CF
:10A7D000B8F08A9CA82951798B2951798A2470591B
:10A7E0008B2058718A4469388B3940688A644831B3
:10A7F0008B30496088F1AC002C547CF08CA8042884
:10A800005078F1889726A85998AC8C02264666F0B5
:10A81000899CA8295179247059446938644831A920
:10A820008809205970AB11384069A8193148608CEB
:10A83000A83C415C207C00F187981986A86E767E42
:10A84000A999882D557DD8B1B5B9A3DFDFDFAED08A
:10A85000DFAAD0DEF2ABF8F9D9B087C4AAF1DFDF06
:10A86000BBAFDFDFB9D8B1F1A3978E60DFB084F260
:10A87000C8F8F9D9DED89385F14AB183A308B58326
:10A880009A0810B79F10D8F1B0BAAEB08AC2B2B66B
:10A890008E9EF1FBD9F41DD8F9D90CF1D8F8F8AD9A
:10A8A00061D9AEFBD8F40CF1D8F8F8AD19D9AEFBEC
:10A8B000DFD8F416F1D8F8AD8D61D9F4F4ACF59C7D
:10A8C0009C8DDF2BBAB6AEFAF8F40BD8F1AED0F807
:10A8D000AD51DAAEFAF8F1D8B9B1B6A3839C08B994
:10A8E000B1839AB5AAC0FD3083B79F10B58B93F2A0
:10A8F0000202D1ABDADED8F1B080BAABC0C3B28409
:10A90000C1C3D8B1B9F38BA391B609B4D9ABDEB04A
:10A91000879CB9A3DDF1B38B8B8B8B8BB087A3A303
:10A92000A3A3B28BB69BF2A3A3A3A3A3A3A3A3A3A6
:10A93000A3F1B087B59AA3F39BA3A3DCBAACDFB9AC
:10A94000A3A3A3A3A3A3A3A3A3A3A3A3A3A3A3A3D7
:10A95000D8D8D8BBB3B7F1AAF9DAFFD9809AAA2818
:10A96000B48098A720B79787A86688F07951F190AE
:10A970002C870CA781976293F071716085940129EF
:10A98000517990A5F1284C6C870C95188578A38394
:10A9900090284C6C886CD8F3A28200F210A892190F
:10A9A00080A2F2D926D8F188A84DD948D896A839DE
:10A9B00080D93CD89580A839A68698D92CDA87A763
:10A9C0002CD8A8899519A980D938D8A88939A980FF
:10A9D000DA3CD8A82EA83990D90CD8A8953198D9A6
:10A9E0000CD8A809D9FFD801DAFFD89539A9DA26F9
:10A9F000FFD890A80D8999A810809821DA2ED889BF
:10AA000099A83180DA2ED8A886963180DA2ED8A877
:10AA1000873180DA2ED8A88292F34180F1D92ED8DE
:10AA2000A882F31980F1D92ED882ACF3C0A280227B
:10AA3000F1A62EA72EA92298A829DAACDEFFD8A26B
:10AA4000F22AF1A92E8292A8F23180A696F1D900BD
:10AA5000AC8C9C0C30ACDED0DEFFD88C9CACD01023
:10AA6000ACDE8092A2F24C82A8F1CAF235F196884F
:10AA7000A6D900D8F1FF0000555555555555C53F8D
:10AA80007D6FEB0312D6D4BF5544880E55C1C93F24
:10AA90003B8F68B52882A4BF88B20175E0EF493FBB
:10AAA00009F7FD0DE13D023F4B2D8A1C273A03C0FB
:10AAB000C88A599CE52A004059018D1B6C06E6BFE7
:10AAC00082922EB1C5B8B33F4FBB610567ACDD3F85
:10AAD000182D4454FB21E93F9BF681D20B73EF3FC5
:10AAE000182D4454FB21F93FE2652F227F2B7A3C3D
:10AAF000075C143326A6813CBDCBF07A8807703CF6
:10AB0000075C143326A6913CC4EB98999999C9BF68
:10AB1000711623FEC671BCBF6D9A74AFF2B0B3BF9D
:10AB20009AFDDE522DDEADBF2F6C6A2C44B4A2BF5D
:10AB30000D5555555555D53FFF8300922449C23FC9
:10AB40006E204CC5CD45B73F513DD0A0660DB13FFD
:10AB5000EB0D76244B7BA93F11DA22E33AAD903F0F
:10AB60004C5555555555A53F7751C1166CC156BF2B
:10AB70009015CB19A001FA3EAD529C804F7E92BE3B
:10AB8000C4B1B4BD9EEE213ED43888BEE9FAA8BD5A
:10AB9000000000000000000000004054FB21F93FCD
:10ABA0003163621A61B4D03D0000601A61B4D03DD7
:10ABB0007370032E8A19A33B0000002E8A19A33B51
:10ABC000C14920259A837B39000000000000000065
:10ABD0006E83F9A22915444ED15727FCC0DD34F508
:10ABE000999562DB4190433CAB6351FE61C5BBDE8E
:10ABF0003A6E24B7E0D24D42EA2E49061C92D109A2
:10AC00001CEB1DFE3EA729B1F53582E88444BB2E1E
:10AC100026709CE9417E5FB439D69139F43953836B
:10AC20008B5F849C3B28F9BDFF97F81F0F9805DECA
:10AC30008B112FEF1F6D0A5ACF7E366DB709CB27C8
:10AC4000663F464F2DEA5F9EC7BA27757BF1E5EB5D
:10AC5000F739073DEA92528AB15FFB6B085D8D1FA1
:10AC6000A6F810111111813FD561C119A0012ABFA9
:10AC70007DFEB157E31DC73EEB9C2B8AE6E55ABE2D
:10AC80007CD5CF5A3AD9E53D2050726F6475637414
:10AC90002049442072656164206173203020696E10
:10ACA00064696361746573206465766963652069AE
:10ACB000732065697468657220696E636F6D706179
:10ACC0007469626C65206F7220616E204D5055333F
:10ACD0003035302E0A000000F8AC000800000020DB
:10ACE000200200001E87000880AD0008200200201E
:10ACF00088050000388E0008412D0102030404106D
:10AD000009060708090204060884A24A04691832E1
:10AD1000FF290452010342803F234843280FC842C1
:10AD20009A99993FDA0FC93F9A99193E10A11AB41E
:10AD30000C2904E14D3333B33E8421CB840310014D
:10AD400016032E40411E1643295C8F8C07649040E9
:10AD50008FC2F53D031688131A20E030096F128365
:10AD60003AA69B443B0E1C3F0AD7A33BECC1EB80A9
:10AD70003F0C133C9E1B08300401209A582400000D
:04000005080000ED02
:00000001FF
