:020000040800F2
:10000000A0070020214D00081D3200081F32000803
:1000100023320008273200082B32000800000000BD
:100020000000000000000000000000002F32000867
:100030003132000800000000333200083532000879
:100040003B4D00083B4D00083B4D00083B4D000870
:100050003B4D00083B4D00083B4D0008DB4B0008C2
:100060003B4D00083B4D00083B4D00083B4D000850
:100070003B4D00083B4D00083B4D00083B4D000840
:100080003B4D00083B4D00083B4D00083B4D000830
:100090003B4D00083B4D00083B4D00083B4D000820
:1000A0003B4D00083D4B00083B4D00083B4D000810
:1000B0003B4D0008C9280008D92800083B4D00081E
:1000C0003B4D00083B4D00083B4D00083B4D0008F0
:1000D0003B4D00083B4D00083B4D00083B4D0008E0
:1000E0003B4D00083B4D00083B4D0008DFF80CD0AD
:1000F00008F082F90048004781260008A007002088
:1001000031490143314A1160704770B50021002325
:100110000F22C47804B32D4C246804F4E064C4F5C1
:10012000E064210AC1F10403CA40447804FA03F1EF
:100130008478144021430901254C0678A1550478A0
:1001400004F01F050124AC4005786D11AD0005F1E8
:10015000E025C5F8004109E0047804F01F050124FA
:10016000AC401C4D0678761145F8264070BD1A4A01
:100170000A400243154B1B1F1A60704739B1134ADE
:10018000121D12680243114B1B1D1A6006E00F4A34
:10019000121D126882430D4B1B1D1A607047042804
:1001A00008D14FF0E021096941F004014FF0E0224D
:1001B000116107E04FF0E021096921F004014FF0DF
:1001C000E0221161704700000000FA050CED00E02C
:1001D00000E400E080E100E080FFFF1F00204449D0
:1001E0000860091D0860091D0860091D0860414874
:1001F0003F4914310860704700213D498279002A47
:100200003AD00A46126803689A430B461A600A1DE0
:10021000126803689A430B1D1A60027911440A6838
:1002200003681A430A60324A0832126803689A4324
:100230002F4B08331A601A1D126803689A432C4B1F
:100240000C331A604279102A0ED11A1F1268036803
:100250001A43274B08331A601A1D126803681A43A1
:10026000234B0C331A600DE02149427911440A688E
:1002700003681A430A6005E0027911440A680368BA
:100280009A430A6070470021016001710C2141719D
:100290000021817170471649103109680143144AE1
:1002A00010321160704701460020114A1432126862
:1002B0000A400AB1012000E0002070470C491431C7
:1002C00008607047014600200022094B1B6803EAC2
:1002D0000102074B14331B680B4013B10AB1012014
:1002E00000E00020704702491431086070470000A8
:1002F00000040140FFFF0F0010B50446CC488442C3
:1003000008D10121042000F02DFB0021042000F081
:1003100029FB46E0C748844208D10121082000F0AB
:1003200021FB0021082000F01DFB3AE0C248844276
:1003300008D10121102000F015FB0021102000F051
:1003400011FB2EE0BD48844208D10121202000F09D
:1003500009FB0021202000F005FB22E0B848844280
:1003600008D10121402000F0FDFA0021402000F0DA
:10037000F9FA16E0B348844208D10121802000F048
:10038000F1FA0021802000F0EDFA0AE0AE48844244
:1003900007D10121801500F0E5FA0021A01500F039
:1003A000E1FA10BD10B50121084600F0DBFA00218A
:1003B000012000F0D7FA10BD2DE9F04102460025DA
:1003C0000026002000230024002791F803C00CF031
:1003D0000F0591F803C00CF0100CBCF1000F03D016
:1003E00091F802C04CEA050591F800C0BCF1000F7D
:1003F00031D0146800202BE04FF0010C0CFA00F310
:10040000B1F800C00CEA03069E4220D183004FF0F1
:100410000F0C0CFA03F7BC4305FA03FC4CEA040486
:1004200091F803C0BCF1280F06D14FF0010C0CFA73
:1004300000FCC2F814C00AE091F803C0BCF1480FF8
:1004400005D14FF0010C0CFA00FCC2F810C0401CA2
:100450000828D1D31460B1F800C0BCF1FF0F34DD1F
:10046000546800202EE000F1080C4FF0010808FA53
:100470000CF3B1F800C00CEA03069E4221D18300C0
:100480004FF00F0C0CFA03F7BC4305FA03FC4CEADF
:10049000040491F803C0BCF1280F05D100F1080C49
:1004A00008FA0CF8C2F8148091F803C0BCF1480FA8
:1004B00007D100F1080C4FF0010808FA0CF8C2F857
:1004C0001080401C0828CED35460BDE8F0814FF660
:1004D000FF710180022181700421C17070470246C2
:1004E000002093680B400BB1012000E00020704712
:1004F0000146886880B2704702460020D3680B40EE
:100500000BB1012000E0002070470146C86880B2AE
:10051000704701617047416170470AB1016100E0B5
:1005200041617047C16070474FF480320A43826175
:100530008161826182698269704702460020434B73
:1005400018684FF68073184040EA021008433F4B8A
:10055000186070473E49C8617047F0B50A460023ED
:1005600000240021002500F00046B6F1004F02D122
:10057000364EF16901E0354E7168C0F3034583B230
:1005800000F44016B6F5401F08D121F070612F4EDF
:10059000766826F070662D4F7E6012E000F48016BB
:1005A000B6F5801F06D1032606FA05F4A14341F0F3
:1005B000706106E0460D360103FA06F6B14341F0DC
:1005C000706122B1460D360103FA06F6314300F0A0
:1005D0000046B6F1004F02D11C4EF16101E01B4E06
:1005E0007160F0BD30B500228B071C0F0F2303FA9A
:1005F00004F2164B08338C1053F824309343134CF9
:1006000008348D1044F8253023468C1053F82430DC
:100610008C07240F00FA04F423430C4C08348D108B
:1006200044F8253030BD0A49DC31086070470000CD
:1006300000080140000C014000100140001401407E
:1006400000180140001C0140002001400000014052
:1006500000002042DF48006840F00100DD490860EA
:1006600008464068DC490840DA49486008460068A6
:10067000DA490840D74908600846006820F480201D
:1006800008600846406820F4FE0048604FF41F00F0
:1006900088607047CF49096821F48031CD4A1160E4
:1006A0001146096821F480211160B0F5803F03D024
:1006B000B0F5802F0ED106E0C649096841F48031BB
:1006C000C44A116007E0C349096841F4A021C14A46
:1006D000116000E000BF00BF704710B50146002266
:1006E000002300204A11012A02D1BA4C236806E0F7
:1006F000022A02D1B74C236A01E0B64C636A01F0CA
:100700001F02012494401C400CB1012000E0002095
:1007100010BD38B5002000900024002500BF312016
:10072000FFF7DBFF05460098401C00900098B0F5ED
:10073000A06F01D0002DF2D03120FFF7CEFF08B11D
:10074000012400E00024204638BD01460020A14AD3
:10075000106820F0F80040EAC10010607047A0491E
:1007600008607047024600209A4B586820F47C10BD
:1007700042EA01031843974B58607047984908664E
:10078000704701460020934A506820F00300084358
:10079000506070478F48406800F00C007047014679
:1007A00000208C4A506820F0F000084350607047E9
:1007B00001460020874A506820F4E06008435060FA
:1007C000704701460020834A506820F4605040EA98
:1007D000C1005060704729B17E4A527A02437D4B76
:1007E0005A7204E07B4A527A82437A4B5A727047BB
:1007F0007B49D8310860704701460020754A50682F
:1008000020F440400843506070470021714A203274
:100810001170704A82F82010012802D004280AD1F1
:1008200004E001216B4A2032117005E00521694A7C
:100830002032117000E000BF00BF704769490860B6
:1008400070476449096A0143624A11627047654909
:1008500044390860704730B500210022002400238D
:100860005C4D6D6805F00C0121B1042905D0082903
:1008700023D105E05C4D056022E05B4D05601FE083
:10088000544D6D6805F47012524D6D6805F4803456
:10089000022505EB92421CB9544D554305600BE00F
:1008A0004C4D6D6805F400351DB1504D5543056044
:1008B00002E04D4D5543056002E04B4D056000BF21
:1008C00000BF444D6D6805F0F0010909484D6B5CAF
:1008D0000568DD4045603F4D6D6805F4E061090A3B
:1008E000434D6B5C4568DD4085603A4D6D6805F4AD
:1008F0006051C90A3E4D6B5C4568DD40C560354DB1
:100900006D6805F44041890B3A4D6B5CC568B5FBD9
:10091000F3F5056130BD29B12E4A526902432D4BD2
:100920005A6104E02B4A526982432A4B5A6170474C
:1009300029B1284A92690243264B9A6104E0254A6C
:1009400092698243234B9A61704729B1214AD26947
:100950000243204BDA6104E01E4AD26982431D4BF8
:10096000DA61704729B11B4AD2680243194BDA6039
:1009700004E0184AD2688243164BDA60704729B106
:10098000144A12690243134B1A6104E0114A1269B6
:100990008243104B1A617047124940390860704712
:1009A0000F49C86470470B49C87170470948406ACD
:1009B00040F0807007494862704701460020054AB0
:1009C00092680A400AB1012000E000207047014906
:1009D00088727047001002400000FFF8FFFFF6FE2B
:1009E000000042428004424200127A0000093D00A9
:1009F000000000201000002010B50446FE4884428C
:100A000008D10121C014FFF7ADFF0021E014FFF76A
:100A1000A9FFC4E0B4F1804F08D101210846FFF7D7
:100A2000AEFF00210120FFF7AAFFB8E0F34884429F
:100A300008D101210220FFF7A2FF00210220FFF7C9
:100A40009EFFACE0EE48844208D101210420FFF76C
:100A500096FF00210420FFF792FFA0E0E9488442BE
:100A600008D101210820FFF78AFF00210820FFF7A5
:100A700086FF94E0E448844208D101211020FFF76A
:100A80007EFF00211020FFF77AFF88E0DF488442D4
:100A900008D101212020FFF772FF00212020FFF75D
:100AA0006EFF7CE0DA48844208D101214014FFF750
:100AB00059FF00216014FFF755FF70E0D5488442CC
:100AC00009D10121C804FFF74DFF00214FF4002098
:100AD000FFF748FF63E0D048844209D101210805AF
:100AE000FFF740FF00214FF48010FFF73BFF56E077
:100AF000CA48844209D101214805FFF733FF00218C
:100B00004FF40010FFF72EFF49E0C548844208D19A
:100B100001214020FFF733FF00214020FFF72FFF86
:100B20003DE0C048844208D101218020FFF727FF23
:100B300000218020FFF723FF31E0BB48844208D129
:100B400001218015FFF71BFF0021A015FFF717FFFC
:100B500025E0B648844209D101210804FFF702FFCD
:100B600000214FF48030FFF7FDFE18E0B0488442CA
:100B700009D101214804FFF7F5FE00214FF40030B0
:100B8000FFF7F0FE0BE0AB48844208D10121880456
:100B9000FFF7E8FE00214FF48020FFF7E3FE10BDD1
:100BA00000220288944B98420ED0994B98420BD069
:100BB000B0F1804F08D0914B984205D0904B9842AD
:100BC00002D0904B984204D14FF68F731A404B8855
:100BD0001A438D4B984207D08C4B984204D04FF665
:100BE000FF431A40CB881A4302808B8883850B8889
:100BF0000385814B98420BD0854B984208D08B4B94
:100C0000984205D08A4B984202D08A4B984201D133
:100C10000B7A038601238382704770B5002400227B
:100C20000023058C4FF6FE7635400584028C8388C0
:100C3000048B4FF68F752C40B51E2C400D882C432D
:100C4000751E2A400D892A434D882A436A4DA842C1
:100C50000BD06F4DA84208D0744DA84205D0744DFA
:100C6000A84202D0734DA84213D14FF6F7752A401F
:100C70004D892A434FF6FB752A408D882A434FF64B
:100C8000FF652B404FF6FF552B408D892B43CD89B7
:100C90002B4383800483CD888586028470BD70B524
:100CA000002400220023058C4FF6EF7635400584A2
:100CB000028C8388048B48F6FF752C404FF6FF4565
:100CC0002C400D884FF6FF7606EA05252C434FF69B
:100CD000DF752A400D8906EA05152A434D8806EA84
:100CE00005152A43444DA84202D0494DA8421DD1C2
:100CF0004FF67F752A404D894FF6FF7606EA0515B7
:100D00002A434FF6BF752A408D8806EA05152A4307
:100D10004FF6FF352B404FF2FF752B408D8906EAC9
:100D200085052B43CD8906EA85052B438380048303
:100D3000CD880587028470BD70B500240022002391
:100D4000058C4FF6FF6635400584028C8388848BC2
:100D50004FF68F752C404FF6FC752C400D882C43B8
:100D60004FF6FF552A400D894FF6FF7606EA052516
:100D70002A434D8806EA05252A431F4DA84202D082
:100D8000234DA8421DD14FF2FF752A404D894FF6E1
:100D9000FF7606EA05252A434FF6FF352A408D885F
:100DA00006EA05252A434EF6FF752B404DF6FF75E2
:100DB0002B408D8906EA05152B43CD8906EA0515DA
:100DC0002B4383808483CD888587028470BD70B572
:100DD000002200230024058C4EF6FF763540058462
:100DE000038C8488828B48F6FF752A404FF6FF45B6
:100DF0002A400D8820E00000002C01400004004043
:100E000000080040000C00400010004000140040AA
:100E100000340140004C01400050014000540140AA
:100E200000180040001C004000200040004001402D
:100E300000440140004801404FF6FF7606EA0525D0
:100E40002A434DF6FF752B400D8906EA05352B43E5
:100E50004D8806EA05352B43FA4DA84202D0FA4DDB
:100E6000A84208D14BF6FF752C408D894FF6FF76CE
:100E700006EA85152C4384808283CD88A0F84050F3
:100E8000038470BD828B4FF2FF331A408283828BC2
:100E90004FF6FF7303EA01231A4382837047F0B5CC
:100EA0000C461546002200210026078C4EF6FF7CDA
:100EB00007EA0C070784828B018C4FF6FF7707EA5D
:100EC000043640F6FF473A404FF6FF7707EA05271A
:100ED0003A434FF6FF7707EA03373A43D94FB84210
:100EE0000ED0D94FB8420BD0B0F1804F08D0D74FB9
:100EF000B84205D0D64FB84202D0D64FB84206D13C
:100F00004DF6FF77394046F48057394305E047F600
:100F1000FF57394044F48057394382830184F0BD40
:100F2000828B4FF6F3731A408283828B0A4382834B
:100F30007047F0B50C461546002200210026078CAC
:100F40004FF6FF6C07EA0C070784828B018C4FF683
:100F5000FF7707EA04264FF60C773A404FF6FF7703
:100F600007EA03172F433A43B64FB8420ED0B64FA5
:100F7000B8420BD0B0F1804F08D0B44FB84205D082
:100F8000B34FB84202D0B34FB84206D14FF6FF5725
:100F9000394046F48077394305E04FF2FF57394036
:100FA00044F48077394382830184F0BD028B4FF291
:100FB000FF331A400283028B4FF6FF7303EA0123CB
:100FC0001A4302837047F0B50C46154600220021F3
:100FD0000026078C4FF6EF7C07EA0C070784028B8C
:100FE000018C4FF6FF7707EA041640F6FF473A40B8
:100FF0004FF6FF7707EA03373A434FF6FF7707EAE2
:1010000005273A438F4FB8420ED08F4FB8420BD0CE
:10101000B0F1804F08D08D4FB84205D08C4FB84208
:1010200002D08C4FB84206D14FF6DF77394046F0F8
:101030001007394305E04FF65F77394044F0100759
:10104000394302830184F0BD028B4FF6F3731A40DB
:101050000283028B0A4302837047F0B50C461546A3
:1010600000220021068C4FF6FE773E400684028B5C
:10107000018C4FF60C7632407E1C06EA03162E4396
:101080003243704EB0420ED06F4EB0420BD0B0F132
:10109000804F08D06D4EB04205D06D4EB04202D0A8
:1010A0006C4EB04206D14FF6FD76314044F0010659
:1010B000314305E04FF6F576314044F00106314307
:1010C00002830184F0BD70B505460C465D4885423B
:1010D0000ED05D4885420BD0B5F1804F08D05B48FB
:1010E000854205D05A48854202D05A48854200D1EF
:1010F00000E000BF208850B92389A2886188284673
:10110000FFF7ABFFE1882846FFF79EFF25E0208828
:1011100004280AD12389A28861882846FFF753FF53
:10112000E1882846FFF742FF17E0208808280AD107
:101130002389A28861882846FFF7FBFEE1882846BC
:10114000FFF7EEFE09E02389A28861882846FFF7B1
:10115000A6FEE1882846FFF795FE70BD2DE9F04117
:1011600005460C4600260127608808B9022600E0E3
:101170000026A088012801D1022700E0012720884D
:10118000A0B92389A28861882846FFF766FFE18815
:101190002846FFF759FF23893A4631462846FFF78C
:1011A00012FFE1882846FFF701FF13E02389A28898
:1011B00061882846FFF707FFE1882846FFF7F6FE1B
:1011C00023893A4631462846FFF747FFE1882846FB
:1011D000FFF73AFFBDE8F0810A884B881A438B88F5
:1011E0001A43CB881A430B891A434B891A438B89BC
:1011F0001A43A0F8442070474FF6FF718180002108
:101200000180C180418001727047002101804180CE
:101210008180C180018141818181C181704700212C
:1012200001804180012181800021C18001817047BE
:101230000021018041808180C180018141818181C3
:1012400070470000002C01400034014000040040C1
:1012500000080040000C004021B1028842F0010269
:10126000028004E002884FF6FE731A400280704745
:1012700031B1B0F8442042F40042A0F8442005E027
:10128000B0F84420C2F30E02A0F8442070471AB10F
:1012900083890B43838102E083898B438381704779
:1012A0008182704741EA0203A0F8483070471AB1C2
:1012B00083890B43838102E083898B438381704759
:1012C00001894FF6F8721140018170470A460021EA
:1012D00001894FF68F73194011430181704730B572
:1012E00004460D4629462046FFF7F0FF208940F0CE
:1012F0000700208130BD2DE9F04104460D46164619
:101300001F46602D06D13B46012231462046FFF79D
:101310005AFE05E03B46012231462046FFF79DFE7E
:1013200029462046FFF7D2FF208940F007002081A0
:10133000BDE8F08130B50C4600210189C9B24FF6F5
:10134000FF7505EA0325154325432943018130BD77
:101350002DE9F04105460E461746984600244346BF
:101360003A4631462846FFF7E5FF2C894FF6F870DC
:10137000044044F007044FF68F70044044F07004BA
:101380002C81BDE8F081F0B504460D4616461F4697
:101390003B46324629462046FFF7CCFF208940F4E1
:1013A00080402081F0BD0185828270470A4600217D
:1013B00001884FF68F731940114301807047F0B5D3
:1013C0000C4615461E460021002200230189028B8F
:1013D000038C4FF6F877394021434FF6FC473A40EB
:1013E00040F201173A434FF6DD773B404FF6FF7767
:1013F00007EA06172F433B43018102830384F0BDB4
:101400000A460021018B4FF68F7319401143018367
:1014100070470A460021018B48F6FF7319404FF6CA
:10142000FF7303EA02231943018370470A46002130
:10143000818B4FF68F7319401143818370470A46A1
:101440000021818B48F6FF7319404FF6FF7303EAC2
:10145000022319438183704721B1028842F0800240
:10146000028004E002884FF67F731A4002807047C2
:1014700021B1828842F00402828004E082884FF623
:10148000FB731A408280704721B1828842F00802C3
:10149000828004E082884FF6F7731A40828070479A
:1014A00021B1828842F00102828004E082884FF6F6
:1014B000FE731A40828070470A460021018B4FF666
:1014C000F77319401143018370470A460021018BCD
:1014D0004FF2FF7319404FF6FF7303EA02231943DB
:1014E000018370470A460021818B4FF6F77319403C
:1014F0001143818370470A460021818B4FF2FF73AD
:1015000019404FF6FF7303EA0223194381837047A2
:101510000A460021018B4FF6FB73194011430183EA
:1015200070470A460021018B4FF6FF3319404FF6F2
:10153000FF7303EA02231943018370470A4600211F
:10154000818B4FF6FB7319401143818370470A4624
:101550000021818B4FF6FF3319404FF6FF7303EAEA
:1015600002231943818370470A460021018B4FF6FD
:101570007F7319401143018370470A460021018B94
:10158000C1F30E014FF6FF7303EA022319430183EF
:1015900070470A460021818B4FF67F731940114333
:1015A000818370470A460021818BC1F30E014FF6FB
:1015B000FF7303EA02231943818370470A4600211F
:1015C000018C4FF6FD7319401143018470470A46A0
:1015D0000021018C4FF6F7731940114301847047C5
:1015E0000A460021018C4FF6DF7319404FF6FF7356
:1015F00003EA02131943018470470A460021018C53
:101600004FF67F7319404FF6FF7303EA0213194335
:10161000018470470A460021018C4FF6FF531940A0
:101620004FF6FF7303EA02231943018470470A4609
:101630000021018C4FF2FF7319404FF6FF7303EA4C
:1016400002231943018470470A460021018C4DF69C
:10165000FF7319404FF6FF7303EA02331943018405
:10166000704730B5002301248C40A3B2048C9C4306
:101670000484048C02FA01F5ADB22C43048430BD1D
:1016800030B5002304248C40A3B2048C9C43048412
:10169000048C02FA01F5ADB22C43048430BD70B560
:1016A0000346002000241846183001258D40ACB2B6
:1016B0001D8CA5431D8409B1082909D100EB6100E7
:1016C000056825F0700505600568154305600EE0A6
:1016D0000D1FC5F34E052844056825F4E045056057
:1016E00005684FF6FF7606EA02263543056070BDB1
:1016F00021B1028842F00202028004E002884FF623
:10170000FD731A400280704721B1028842F0040242
:10171000028004E002884FF6FB731A400280704793
:1017200021B1828842F08002828004E082884FF6F4
:101730007F731A408280704702884FF6F7731A4011
:10174000028002880A430280704782884FF68F73B6
:101750001A40828082880A438280704702894FF64D
:10176000F8731A40028102890A4302817047028994
:101770004FF67F731A40028102890A430281704743
:1017800081847047818570478186704701877047E3
:1017900081877047A0F84010704702884FF6FF43DA
:1017A0001A40028002880A43028070470146888EF0
:1017B00070470146088F70470146888F7047014681
:1017C000B1F8400070470146888C70470146088D8B
:1017D000704702460020138A0B400BB1012000E045
:1017E00000207047CA430282704730B5024600208D
:1017F00000230024158A05EA0103958905EA0104FE
:1018000013B10CB1012000E0002030BDCA430282B8
:101810007047000010B50446FB48844209D10121FD
:101820008803FFF79FF800214FF48040FFF79AF8F4
:1018300032E0F648844209D101214804FFF79FF8BD
:1018400000214FF40030FFF79AF825E0F048844279
:1018500009D101218804FFF792F800214FF480207C
:10186000FFF78DF818E0EB48844209D10121C80444
:10187000FFF785F800214FF40020FFF780F80BE018
:10188000E548844208D101210805FFF778F80021D6
:101890004FF48010FFF773F810BD2DE9F04786B0C4
:1018A00005460E460024A24600BFA1460027B08987
:1018B00000B100BF2F462C8A4CF6FF700440F08820
:1018C00004432C82AC894EF6F3100440B088318971
:1018D0000843718908430443AC81AC8A4FF6FF404A
:1018E0000440B0890443AC8201A8FEF7B4FFC648A7
:1018F000874202D1DDF810A001E0DDF80CA0A88934
:1019000000F4004040B10AEBCA0000EB0A10316855
:101910004900B0FBF1F807E00AEBCA0000EB0A103F
:1019200031688900B0FBF1F86420B8FBF0F00401E5
:101930002009642101FB1089A88900F4004040B10E
:10194000322000EBC900B0FBF1F000F007000443C7
:1019500008E0322000EB09106421B0FBF1F000F048
:101960000F0004432C8106B0BDE8F0874FF41651F8
:10197000016000218180C18001810C214181002111
:101980008181704710B502460020108A4FF2FF0394
:1019900018400B884C8823438C882343CC882343EE
:1019A0001843108210BD0021018041808180C180D8
:1019B000704721B1828942F40052828104E0828919
:1019C0004DF6FF731A4082817047F0B5034600243C
:1019D00000260025002040F66A17B94200D100BF5A
:1019E0001846C1F3421401F01F06012707FA06F555
:1019F000012C01D10C3004E0022C01D1103000E0A8
:101A000014301AB107682F43076002E00768AF433C
:101A10000760F0BD1AB1838A0B43838202E0838A98
:101A20008B4383827047028A4FF6F0731A4002821A
:101A3000028A0A430282704782894FF2FF731A407A
:101A4000828182890A438281704721B1828942F072
:101A50000202828104E082894FF6FD731A4082817E
:101A60007047028A4FF6DF731A400282028A0A43E5
:101A70000282704721B1028A42F48042028204E06D
:101A8000028A4BF6FF731A4002827047C1F30802C4
:101A90008280704701468888C0F3080070478189BA
:101AA00041F0010181817047028BD2B20283028B27
:101AB00042EA012202837047028B02F47F420283D2
:101AC000028B0A430283704721B1828A42F02002CE
:101AD000828204E0828A4FF6DF731A408282704766
:101AE00021B1828A42F01002828204E0828A4FF69B
:101AF000EF731A408282704721B1828A42F0080255
:101B0000828204E0828A4FF6F7731A40828270471D
:101B100021B1828942F40042828103E08289C2F3CA
:101B20000E028281704721B1828A42F40062828271
:101B300004E0828A4FF2FF731A4082827047828AE1
:101B40004FF6FB731A408282828A0A438282704770
:101B500021B1828A42F00202828204E0828A4FF638
:101B6000FD731A408282704702460020B1F5007F63
:101B700000D100BF13880B400BB1012000E0002012
:101B8000704701F40072B2F5007F00D100BFCA4374
:101B90000280704770B50246002400230025002013
:101BA00040F66A16B14200D100BFC1F3421501F000
:101BB0001F03012606FA03F3012D02D19689334053
:101BC00006E0022D02D1168A334001E0968A3340A6
:101BD0000C12012606FA04F41688344013B10CB135
:101BE000012000E0002070BD10B50022002340F667
:101BF0006A14A14200D100BF0A1201249440A3B28A
:101C0000DC43048010BD0000003801400044004067
:101C100000480040004C00400050004010B5044611
:101C2000FA48844208D101214015FEF79BFE0021AD
:101C30006015FEF797FE17E0F548844208D10121B0
:101C40000015FEF78FFE00212015FEF78BFE0BE03E
:101C5000F048844208D10121C803FEF783FE002129
:101C60004FF40040FEF77EFE10BD30B50246002066
:101C700000235068E84C20400D790C6844EA0524A4
:101C8000204350609068E54C2040D1E902542C4339
:101C90004D7944EA450420439060D06A20F47000F6
:101CA0000C7C641EE4B2234340EA0350D06230BD92
:101CB00000210160017141718160C16001210174E5
:101CC000704721B1826842F00102826003E08268BD
:101CD00022F001028260704721B1826842F4807272
:101CE000826003E0826822F480728260704710B5DF
:101CF0000023CBB21AB144681C43446002E044683C
:101D00009C43446010BD816841F0080181607047C8
:101D1000014600208A6802F008020AB1012000E0B2
:101D200000207047816841F00401816070470146DE
:101D300000208A6802F004020AB1012000E00020BD
:101D4000704721B1826842F4A002826003E0826899
:101D500022F4A00282607047014600208A6802F4E3
:101D600080020AB1012000E00020704710B50A4649
:101D700000210023416821F46041531E41EA4331B0
:101D8000416010BD21B1426842F40062426003E04C
:101D9000426822F4006242607047F0B504460D4686
:101DA00000200021092D11DDE068A5F10A0606EBEF
:101DB0004607072606FA07F18843A5F10A0606EB4F
:101DC000460603FA06F10843E0600CE0206905EBE3
:101DD0004507072606FA07F1884305EB450603FA8F
:101DE00006F108432061072A0FDA606B561E06EBE6
:101DF00086071F2606FA07F18843561E06EB86065D
:101E000005FA06F10843606322E00D2A0FDA206B21
:101E1000D61F06EB86071F2606FA07F18843D61F52
:101E200006EB860605FA06F10843206310E0E06A37
:101E3000A2F10D0606EB86071F2606FA07F1884376
:101E4000A2F10D0606EB860605FA06F10843E062EC
:101E5000F0BD21B1826842F48012826003E08268A2
:101E600022F48012826070470146C86C80B27047CD
:101E700066484C300068704721B1426842F4806285
:101E8000426003E0426822F480624260704721B100
:101E9000426842F48052426003E0426822F4805279
:101EA000426070470A460021816821F4E0411143F5
:101EB0008160704721B1826842F40042826003E091
:101EC000826822F400428260704721B1826842F445
:101ED0000212826003E0826822F40212826070477C
:101EE000014600208A6802F400120AB1012000E0D5
:101EF00000207047F0B50446154600200022002659
:101F0000092911DDE068A1F10A0707EB470C072753
:101F100007FA0CF29043A1F10A0707EB470703FA0F
:101F200007F21043E0600CE0206901EB410C072749
:101F300007FA0CF2904301EB410703FA07F2104352
:101F40002061A06BC0F30156EF1C06F1010CA7EB5A
:101F50000C0707EB870C1F2707FA0CF29043EF1CC6
:101F600006F1010CA7EB0C0707EB870701FA07F254
:101F70001043A063F0BD10B50A4600210023816B19
:101F800021F44011531E41EA0351816310BD08B58D
:101F9000002300930090009B0B440093009B1A6069
:101FA00008BD08B5024600200090009201F128000B
:101FB000009B184400900098006880B208BD0A4653
:101FC00000214168164B194011434160704741623E
:101FD000826270470A460021416821F01F011143C7
:101FE0004160704740B109490831096841F4000176
:101FF000064A0832116007E004490831096821F4F3
:102000000001024A083211607047000000240140BC
:1020100000280140003C0140FFFEF0FFFDF7F1FF0A
:10202000FFFD3FFF0246002013680B400BB101206B
:1020300000E000207047CA430260704770B5024656
:102040000020002300240B125568CEB205EA0604D6
:1020500015681D4015B10CB1012000E0002070BDD5
:1020600000220A12D3430360704700000CB5002021
:10207000019000906C48006840F480306A49086024
:1020800000BF6948006800F4003000900198401CCF
:102090000190009818B90198B0F5A06FF1D162488D
:1020A000006800F4003010B10120009001E0002031
:1020B00000900098012843D15C48006840F010006F
:1020C0005A4908600846006820F003000860084686
:1020D000006840F002000860534840685249486078
:1020E0000846406848600846406840F480604860A0
:1020F0000846406820F47C1048600846406840F478
:10210000E81048600846006840F08070086000BF32
:102110004548006800F000700028F9D04248406847
:1021200020F00300404948600846406840F0020043
:10213000486000BF3C48406800F00C000828F9D116
:102140000CBD10B5FFF792FF10BD10B53648006802
:1021500040F00100344908600846406834490840AE
:102160003149486008460068324908402E490860F5
:102170000846006820F4802008600846406820F483
:10218000FE0048604FF41F008860FFF7DAFF4FF051
:1021900000602949086010BD10B500210020002210
:1021A000214B5B6803F00C0121B1042906D00829FA
:1021B00028D107E0214B224C236027E01F4B204C05
:1021C000236023E0184B5B6803F47010164B5B68C8
:1021D00003F48032022303EB904022B9194B4343AE
:1021E000174C23600DE0104B5B6803F4003323B100
:1021F000144B4343124C236003E0104B4343104CF9
:10220000236003E00D4B0E4C236000BF00BF064B64
:102210005B68C3F303130C4CE15C094B1B68CB40B8
:10222000074C236010BD0000001002400020024057
:102230000000FFF8FFFFF6FE08ED00E000127A0054
:102240001400002000093D0018000020014605E0B0
:10225000002001E0421CD0B20A28FBDB0A1EA1F1DB
:102260000101F5D1704710B5044603E04FF47A70D0
:10227000FFF7ECFF201EA4F10104F7D110BD704759
:1022800008B50720009002E00098401E00900098DA
:102290000028F9D108BD10B54FF40070E649086078
:1022A00040100860FFF7ECFFE3480838006808B901
:1022B000012000E0002000F4007008B1002010BDF3
:1022C0004FF40070DC49091D0860FFF7D9FFDA48B8
:1022D0000838006800F4007008B10020EFE74FF400
:1022E0000070D549091D0860FFF7CAFF0120E6E725
:1022F00010B54FF48070D049091D0860FFF7C0FF8A
:102300004FF40070CC49091D0860FFF7B9FF4FF486
:102310008070C9490860FFF7B3FF4FF40070C649E9
:102320000860FFF7ADFF10BD10B54FF48070C249D3
:10233000091D0860FFF7A4FF4FF40070BE49091D96
:102340000860FFF79DFF4FF48070BB490860FFF7FE
:1023500097FF4FF48070B849091D0860FFF790FFA0
:1023600010BD10B54FF48070B349091D0860FFF728
:1023700087FF4FF40070B0490860FFF781FF4FF40A
:102380008070AD490860FFF77BFF4FF48070AA4969
:10239000091D0860FFF774FF10BD10B54FF4807081
:1023A000A549091D0860FFF76BFF4FF40070A249B3
:1023B0000860FFF765FF4FF480709F490860FFF7E2
:1023C0005FFF9D480838006800F4007030B14FF49A
:1023D00080709949091D0860002010BD4FF480707D
:1023E0009549091D08600120F7E770B504460825E6
:1023F0001DE04FF480709049091D0860FFF740FF11
:1024000004F0800020B14FF400708B49086004E0B4
:102410004FF400708849091D08606006040EFFF73C
:102420002FFF4FF4807084490860FFF729FF281EB2
:10243000A5F10101CDB2DCD14FF480707E49091DB8
:10244000086070BD70B508250024A8017A490860AD
:1024500016E06006040E4FF480707749091D08608D
:10246000FFF70EFF4FF4807073490860FFF708FF15
:1024700071480838006800F4007008B144F00104A5
:10248000281EA5F10101CDB2E3D14FF480706A4955
:10249000091D0860204670BD08B501210820FEF71F
:1024A00047FA4FF44070ADF8000002208DF80200AA
:1024B00014208DF8030069465F481038FDF77CFF53
:1024C00008BD2DE9F04105460E4617469846FFF730
:1024D000E2FE10B90020BDE8F081002141EA45018B
:1024E000C8B2FFF782FFFFF758FF18B9FFF700FFE8
:1024F0000020F0E73046FFF778FFFFF74EFF00249B
:102500000BE018F80400FFF770FFFFF746FF18B95B
:10251000FFF7EEFE0020DEE7641CBC42F1DBFFF7B4
:10252000E7FE0120D7E72DE9F04104460D461646A7
:102530001F463B46324629462046FFF7C2FF10B1F0
:102540000020BDE8F0814FF0FF30FAE72DE9F041BF
:1025500005460F4614461E46FFF79DFE10B90020A3
:10256000BDE8F081002141EA4501C8B2FFF73DFF17
:10257000FFF713FF18B9FFF7BBFE0020F0E738465E
:10258000FFF733FFFFF709FFFFF785FE012101EB9E
:102590004501C8B2FFF729FFFFF7FFFE0CE0FFF788
:1025A00051FF3070012C02D1FFF7DBFE01E0FFF795
:1025B000BBFE761C601EC4B2002CF0D1FFF798FE63
:1025C0000120CDE72DE9F04104460D4616461F4691
:1025D0003B46324629462046FFF7B8FF10B100209F
:1025E000BDE8F0814FF0FF30FAE770B504460D46C4
:1025F0001646FFF750FE08B9002070BD002141EAE1
:102600004401C8B2FFF7F1FEFFF7C7FE18B9FFF7A4
:102610006FFE0020F1E72846FFF7E7FEFFF7BDFE5B
:102620003046FFF7E2FEFFF7B8FEFFF761FE01203C
:10263000E3E7002070470000100C014008B50121BD
:102640001120FEF775F901210B48FDF786FF4FF4C5
:10265000C040ADF8000003208DF8020010208DF876
:10266000030069460548FDF7A7FE4FF4C041034843
:10267000FDF74FFF08BD00000002300000100140D0
:102680000024002700250026FFF75FFD41F61F41CB
:1026900041F2883002F024FA02F05EFA02F08EF87D
:1026A00000F00CF900F06EF8FFF7C8FF02F0DAFA5C
:1026B00000F01AF900F081F9FFF7EEFE0A2000F0B1
:1026C00059FE00F08DFA00F0FDFD00F089FE0021BA
:1026D000084601F0CAFE274807784FF0E02000695D
:1026E00040F001004FF0E021086142E000F0E8FA1C
:1026F00020490878C11BC9B20C440746062E31D2C6
:10270000DFE806F0030912181F31322C02D300242F
:102710000025012628E04FF496721749174801F06A
:102720000FFD002402261FE0B4F5967F01D300249C
:10273000032619E0B421124801F0ADFD002404265F
:1027400012E0B42C0DD30024681CC5B2042D07D3AD
:1027500000F020FE0021084601F087FE052600E07B
:10276000012601E000BF00BF00BF01F0E7FF01F05C
:102770000FFCBBE7D0000020CDCCCC3D0000C84210
:102780000000FAC308B501210820FEF7D1F84FF484
:102790007040ADF8000010208DF8030003208DF884
:1027A00002006946FE48FDF707FE4FF47041FC4801
:1027B000FDF7AFFE08BD08B501210846FEF7C5F8D4
:1027C00001210420FEF7B4F80C20ADF80000182019
:1027D0008DF8030003208DF802006946F148FDF7EB
:1027E000EBFD08BD30B587B00025002440F2E7308E
:1027F000ADF814000020ADF81000ADF81600ADF8EB
:10280000120004A94FF08040FEF7CAF96020ADF82D
:1028100000000120ADF80200ADF806500020ADF830
:10282000080069464FF08040FEF786FA0821C80686
:10283000FEF758FE0120ADF80200ADF8064000207A
:10284000ADF8080069464FF08040FEF7C0FA082155
:10285000C806FEF750FE01218807FEF7FDFD0121A5
:102860008807FEF7F9FC07B030BD2DE9FF410446AB
:102870000D4627462E466020ADF800000120ADF839
:102880000200ADF806700020ADF8080069464FF070
:102890008040FEF751FA0821C806FEF723FE01200A
:1028A000ADF80200ADF8066069468007FEF78FFAC2
:1028B0000821C806FEF71FFEBDE8FF8110B5FFF72F
:1028C0007AFFFFF78FFF10BDB7490888098821F00C
:1028D0000101B54A11807047B4490888098821F080
:1028E0000101B24A1180704700B589B00121022070
:1028F000FEF72BF801210420FEF71AF801A8FDF7D6
:10290000E6FDC020ADF8040004208DF80700032088
:102910008DF8060001A9A348FDF74EFD4FF4A06015
:10292000FDF7EEFB1D208DF8080001208DF8090051
:1029300003208DF80A0001208DF80B0002A8FDF796
:10294000E4FB99481038FEF757F806A8FEF754FC48
:102950000020ADF818004FF6FF70ADF81C00002005
:10296000ADF81E00ADF81A0006A98F481038FEF722
:1029700017F90A231A4603218B481038FEF71FFD6A
:1029800003A8FEF74CFC0620ADF8140003A9864806
:102990001038FEF798FB012183481038FEF722FF1C
:1029A0000122114680481038FEF771FC01217E4853
:1029B0001038FEF751FC09B000BD00B589B0012107
:1029C0000420FDF7C2FF01210820FDF7B1FF01A897
:1029D000FDF77DFDC020ADF8040004208DF8070050
:1029E00003208DF8060001A96D48FDF7E5FC4FF4C2
:1029F000A060FDF785FB1E208DF8080001208DF8F2
:102A0000090003208DF80A0001208DF80B0002A8B0
:102A1000FDF77BFB65481038FDF7EEFF06A8FEF7D3
:102A2000EBFB0020ADF818004FF6FF70ADF81C006E
:102A30000020ADF81E00ADF81A0006A95B4810385A
:102A4000FEF7AEF80A231A46032158481038FEF75D
:102A5000B6FC03A8FEF7E3FB0620ADF8140003A9BB
:102A600052481038FEF72FFB012150481038FEF76E
:102A7000B9FE012211464D481038FEF708FC01212D
:102A80004A481038FEF7E8FB09B000BD00B585B034
:102A900001210420FDF74CFF01210220FDF755FF25
:102AA0008020ADF8100004208DF8130003208DF86D
:102AB000120004A93B48FDF77FFC4FF4A060FDF72E
:102AC0001FFB1D208DF8000001208DF80100032060
:102AD0008DF8020001208DF803006846FDF715FB14
:102AE00031481038FDF788FF4FF6FF70ADF8080049
:102AF0000020ADF80400ADF80A00ADF8060001A909
:102B000029481038FEF74CF800231A466021264861
:102B10001038FEF7F0FB002123481038FEF730FE96
:102B2000012121481038FEF797FB05B000BD00B524
:102B300085B001210820FDF7FBFE01210420FDF7EF
:102B400004FF8020ADF8100004208DF8130003204E
:102B50008DF8120004A91248FDF72EFC4FF4A06076
:102B6000FDF7CEFA1E208DF8000001208DF801003F
:102B700003208DF8020001208DF803006846FDF760
:102B8000C4FA0A481038FDF737FF4FF6FF70ADF86A
:102B900008000020ADF80400ADF80A0008E00000CD
:102BA000000C0140000801401004004010080040E3
:102BB000ADF8060001A90948FDF7F2FF00231A4607
:102BC00060210648FEF797FB00210448FEF7D8FD78
:102BD00001210248FEF740FB05B000BD000800409F
:102BE00070B5002402F009FD0446002C60D17CA0E1
:102BF00001F061FF782002F062F918B981A001F0BC
:102C00005AFF02E087A001F056FF782002F044FB53
:102C100018B98FA001F04FFF02E096A001F04BFF22
:102C2000642002F01AFC18B99EA001F044FF02E0F3
:102C3000A6A001F040FF03F0D1FF18B9ACA001F04D
:102C40003AFF02E0B7A001F036FFC54804F0A2FE4B
:102C5000054603F0CDFF18B9C2A001F02CFF02E039
:102C6000CAA001F028FF40F2731004F002FC18B96A
:102C7000D2A001F020FF02E0D9A001F01CFF6420E7
:102C800004F070F918B9E2A001F015FF02E0E9A024
:102C900001F011FF04F092FE012003F0E5FC18B9E9
:102CA000EFA001F008FF0AE0F6A001F004FF06E043
:102CB0004FF40051FE48FDF72EFC00BFFEE770BD4B
:102CC0002DE9F04F89B0FB48FB49FC4BFC4ACDE9AC
:102CD0000010FC49FC4804F02BFDF748008800F484
:102CE000807000287AD0F649086805F099F9044602
:102CF0004FF09D4104F0CEFFF4490860F049486868
:102D000005F08EF904464FF09D4104F0C3FFF049F1
:102D10000860EB49886805F083F904464FF09D414F
:102D200004F0B8FFEB490860E549C86805F078F998
:102D300004464FF09D4104F0ADFFE7490860E348C9
:102D400001684FF0804004F073FF0690E14801688D
:102D5000069804F06DFF8246DD4801684FF0404060
:102D600004F066FF0690DC480168069804F060FFF6
:102D70008346514604F004FF079005F09DF906468E
:102D800006F0D2FB80464FF06632D44B05F067F870
:102D9000044605F0BDF9D2490860CE4801684FF0FD
:102DA000804004F045FF0390CA480168039804F08E
:102DB0003FFF8246C64801684FF0404004F038FFAC
:102DC0000390C3480168039804F032FF83465146DC
:102DD00004F028FF81464FF07E5183E10CE20000B1
:102DE0006D707520696E697469616C697A61746966
:102DF0006F6E20636F6D706C6574652E2E2E2E2E97
:102E00002E0A20006D70755F7365745F73656E7355
:102E10006F7220636F6D706C657465202E2E2E2E80
:102E20002E2E0A006D70755F7365745F73656E7327
:102E30006F7220636F6D65206163726F73732065BD
:102E400072726F72202E2E2E2E2E2E0A000000007F
:102E50006D70755F636F6E6669677572655F6669D1
:102E6000666F20636F6D706C657465202E2E2E2E3C
:102E70002E2E0A006D70755F636F6E6669677572DE
:102E8000655F6669666F20636F6D65206163726F51
:102E90007373206572726F72202E2E2E2E2E2E0AC4
:102EA000000000006D70755F7365745F73616D7015
:102EB0006C655F7261746520636F6D706C657465BD
:102EC000202E2E2E2E2E2E0A000000006D70755F13
:102ED0007365745F73616D706C655F72617465209A
:102EE0006572726F72202E2E2E2E2E2E0A0000007A
:102EF000646D705F6C6F61645F6D6F74696F6E5F3E
:102F00006472697665725F6669726D776172652059
:102F1000636F6D706C657465202E2E2E2E2E2E0A1A
:102F200000000000646D705F6C6F61645F6D6F74B2
:102F3000696F6E5F6472697665725F6669726D77DC
:102F400061726520636F6D65206163726F737320BA
:102F50006572726F72202E2E2E2E2E2E0A00000009
:102F600028000020646D705F7365745F6F7269651F
:102F70006E746174696F6E20636F6D706C657465DB
:102F8000202E2E2E2E2E2E0A00000000646D705F63
:102F90007365745F6F7269656E746174696F6E20BA
:102FA000636F6D65206163726F7373206572726FFA
:102FB00072202E2E2E2E2E2E0A000000646D705FC1
:102FC000656E61626C655F666561747572652063CC
:102FD0006F6D706C657465202E2E2E2E2E2E0A00BD
:102FE000646D705F656E61626C655F666561747566
:102FF000726520636F6D65206163726F7373206506
:1030000072726F72202E2E2E2E2E2E0A00000000BD
:10301000646D705F7365745F6669666F5F7261741B
:103020006520636F6D706C657465202E2E2E2E2EBC
:103030002E0A0000646D705F7365745F6669666F69
:103040005F7261746520636F6D65206163726F7379
:1030500073206572726F72202E2E2E2E2E2E0A0075
:103060006D70755F7365745F646D705F73746174A8
:103070006520636F6D706C657465202E2E2E2E2E6C
:103080002E0A00006D70755F7365745F646D705F0C
:10309000737461746520636F6D65206163726F7313
:1030A00073206572726F72202E2E2E2E2E2E0A0025
:1030B000001001406200002060000020500000204D
:1030C000180200205A000020540000203400002084
:1030D000380000203C0000204000002066A64C4044
:1030E0004400002004F04CFD044604F0E5FFCDE967
:1030F0000401434801684FF0804004F099FD834685
:1031000040480168584604F093FD81463E480168F6
:103110004FF0804004F08CFD83463C4801685846DF
:1031200004F086FD8246494604F02AFD044604F078
:10313000C3FF0746DDE9042306F03EFC4FF066328C
:10314000334BCDE9060104F08AFE054604F0E0FFAA
:10315000304908602D480168006804F069FD03905B
:1031600029480168006804F063FD02902548016861
:10317000006804F05DFD834621480168006804F0A2
:1031800057FD5946019004F0FBFC8246029904F079
:1031900049FD8146039904F045FD044604F08CFF87
:1031A000CDE90401194801681548006804F040FDA4
:1031B0008246154801681348006804F039FD8346CB
:1031C000514604F0DDFC81464FF0804104F030FDB3
:1031D000044604F071FF0746DDE9042306F0ECFB2A
:1031E0004FF066320A4BCDE9060104F038FE054681
:1031F00004F08EFF0849086009B0BDE8F08F0000B8
:1032000034000020380000203C0000204000002056
:1032100066A64C40480000204C000020704700BFCC
:10322000FEE700BFFEE700BFFEE700BFFEE7704716
:103230007047704710B51D480078401C1B49087046
:103240001B480078401C1A4908701A480078401C36
:103250001849087000F07DFB17480078401C16499B
:10326000087016480078401C14490870144800780B
:10327000401C134908700E480078022806DB01F054
:10328000DCFC00F062FC0020094908700948007865
:10329000082806DB00F08AFB002006490870064972
:1032A000087000F049F900F0E3FA10BDD0000020EA
:1032B000D5000020D1000020D2000020D300002043
:1032C000D400002030B527480068C822B0FBF2F1D6
:1032D000B1F1807F01D301201DE021F07F40401E2D
:1032E0004FF0E022506150170F22002807DA130731
:1032F0001D0E1D4B00F00F04241F1D5503E0130786
:103300001C0E1A4B1C5400BF00204FF0E0229061AD
:1033100007201061002008B100BFFEE74FF0E02059
:10332000006920F001004FF0E021086130BD01B5D7
:103330000F49009808604FF0E020006940F001005C
:103340004FF0E021086100BF094800680028FBD168
:1033500008BD0748006820B105480068401E0449C0
:10336000086070471400002018ED00E000E400E061
:1033700064000020002107E042F6E06100BF0A1E61
:10338000A1F1010399B2FAD1021EA0F1010398B292
:10339000F2D170470020F7490876087048608860CD
:1033A000F5480068C8600020C882704700B5024632
:1033B0000020F2490870F2480260FFF7EBFF00209E
:1033C000F0490870F0490870F0480078F04908703A
:1033D0000020F0490860ED480078EF49087000BD12
:1033E00000B50020ED490880ED490880ED490860EE
:1033F000ED490860ED490860ED490860ED49086055
:10340000ED490860ED490860ED490860ED49086044
:10341000ED490860ED490860D7490860EC4908604B
:10342000EC490860EC490860EC490860D74908702D
:10343000EB490870EB490870D4480078D44908700B
:103440000020D4490860D1480078D34908704FF46F
:103450006170E5490880E548E54908600120E549D3
:1034600008700020E4490870E4490870E4490860E5
:10347000E448FFF79BFF0020E349086000BD2DE909
:10348000F041E248006804F017FE0446E048D0E945
:1034900000633246204604F023FE07D0DC49D1E920
:1034A0000021104604F034FED8490860D94800686D
:1034B00004F002FE0446D648D0E9026332462046B4
:1034C00004F00EFE07D0D248D0E90221104604F0E5
:1034D0001FFED0490860D048006804F0EDFD0446A6
:1034E0000D46CB49D1E904633246294604F0F8FD84
:1034F00007D0C748D0E90421104604F009FEC649A8
:103500000860C648006804F0D7FD04460D46C0496F
:10351000D1E906633246294604F0E2FD07D0BC48F3
:10352000D0E90621104604F0F3FDBC4908600020F4
:10353000B3490860BDE8F0812DE9F041B848006862
:10354000012810D10020B1490860B648006804F095
:1035500075FD06460022B44B04F081FC044604F0DD
:10356000D7FDAA490860AE480068022812D10020A1
:10357000A8490860AD490968A1F1400004F05EFD6A
:1035800006460022AA4B04F06AFC044604F0C0FD83
:10359000A0490860A749B1F9040004F041FDA6491B
:1035A0000860A649B1F9040004F03AFDA449086096
:1035B0000021A448006804F0C7FD0BD0A249A1482F
:1035C000006804F0C1FD05D3A0499E48006804F0DE
:1035D000C5FD05D24FF400519D48FCF79CFF04E067
:1035E0004FF400519A48FCF794FF00219948006875
:1035F00004F018FB6F4908609049B1F9000004F02D
:103600000FFD064683480168304604F011FB04466E
:10361000694801686748006804F004FB06467B4877
:103620000168304604F004FB0546214604F0A8FA80
:1036300064490860BDE8F0812DE9F04104460D467B
:10364000002C0CDA4FF480418348FCF762FF4FF402
:1036500000418148FCF75FFF604204B20AE04FF48A
:1036600000417D48FCF755FF4FF480417A48FCF754
:1036700052FF00BF002D0CDA4FF400517648FCF7E2
:1036800048FF4FF480517448FCF745FF684205B28B
:103690000AE04FF480517048FCF73BFF4FF40051B3
:1036A0006D48FCF738FF00BFAFB2A6B231464FF00D
:1036B0008040FEF76DF839464FF08040FEF76AF81B
:1036C00066496048006804F049FD23D364495D48B9
:1036D000006804F039FD02D24FF0010801E04FF01C
:1036E000000800213C48006804F02EFD01D10120B3
:1036F00000E0002008EA000800213848006804F0D3
:1037000023FD01D1012000E0002008EA0008B8F103
:10371000000F0DD000214FF08040FEF739F8002156
:103720004FF08040FEF736F801204E49086002E075
:1037300000204C4908604C491E48006804F00EFD0A
:1037400005D34A491B48006804F0FEFC0DD2002155
:103750004FF08040FEF71CF800214FF08040FEF74C
:1037600019F801203F49086002E000203D49086047
:10377000BDE8F081A00000204C0100207500002071
:103780008C000020C7000020C8000020D0000020CE
:103790007400002070000020C90000201E010020DD
:1037A0001C0100202C0100202801002034010020F1
:1037B00030010020F8000020E80000205001002027
:1037C000DC000020EC000020F4000020F0000020CD
:1037D000900100208C01002058010020540100209D
:1037E000D1000020D2000020BC0000203333B33EC3
:1037F000C0000020C4000020C5000020C60000203A
:10380000CC0000200000C842440100200801002034
:10381000289C00080C010020100100201401002049
:1038200074010020640100200080FB3F680100203B
:103830000000C43F5A0000208401002054000020F2
:1038400088010020440000200000A0C10000A04129
:103850000010014048000020000C01400000204101
:10386000000020C14001002000004842000048C282
:103870002DE9F041FE48046800250026FD48006857
:10388000A0B9FD48006820F00047FC49384604F024
:1038900065FC0BD8F648006820F00047F849384628
:1038A00004F052FC02D800BF4FF082462146F54892
:1038B000006804F065F90746294604F061F9F24909
:1038C00008602146EF48006804F0ACF9074631462D
:1038D00004F056F9ED490860EB48006804F0BFFBBE
:1038E00000B2B0F57A7F02DDE948E7490860E648B2
:1038F000006804F0B4FB00B210F57A7F02DAE54804
:10390000E1490860E148006804F0A9FB00B2B0F5A5
:103910007A7F02DDDE48DD490860DC48006804F09B
:103920009EFB00B210F57A7F02DADA48D7490860C8
:10393000D648006804F093FB07B2D348006804F04F
:103940008EFB0FFA80F839464046FFF775FEBDE85A
:10395000F08170B5D048FDF736FF0446CF48FDF73B
:1039600032FF0546CE480460CE4805600021CA48B3
:10397000FDF706FF0021C948FDF702FF20B2CA4942
:103980000880684200B2C9490880C9480068C64931
:10399000B1F900100844C6490860C6480068C34928
:1039A000B1F900100844C349086070BD2DE9FC5FFF
:1039B000BF490968BF4A1268881804F031FBBE4944
:1039C00008600020BB490860B9490860BB4800682E
:1039D00004F072FB06464FF06632B94B04F03FFA32
:1039E000044604F095FBB5490860B348006804F04C
:1039F00063FB82464FF03332B24B04F030FA064696
:103A00000F46AE48006804F057FB804632463B46FE
:103A100004F07EF9044604F07BFBA8490860AA493B
:103A20009548006804F004F90190A44801680198E1
:103A300004F0F8F80090A5480099006804F0A0F898
:103A4000A2490860A249A148006804F087FB02D29D
:103A50009F489E4908609F499C48006804F074FB99
:103A600002D29C48994908609B480068032812D1FB
:103A700000209A4908609A490968A1F1800004F081
:103A8000DDFA06460022974B04F0E9F9044604F0FB
:103A90003FFB9249086090480068042812D100203A
:103AA0009149086091490968A1F1C00004F0C6FA83
:103AB000064600228E4B04F0D2F9044604F028FB9F
:103AC00089490860884801688048006804F0B0F8B7
:103AD000044682480168009804F0AAF80546214689
:103AE00004F04EF880F00040824908608249834823
:103AF000006804F033FB05D381498048006804F076
:103B000023FB0BD27B48006880F000447B480168AF
:103B1000204604F0BFF87B49086002E000207949A4
:103B2000086079497748006804F018FB02D27648AB
:103B30007449086075497348006804F005FB02D2B7
:103B4000724870490860BDE8FC9F2DE9F04170485B
:103B50000068002850D16F48FDF735FE00EB80006B
:103B600000EB00104400204604F068FA05460022ED
:103B7000694B04F0E6F9074604F0CAFA67490860A1
:103B80000846006804F098FA044622460B4664A0F2
:103B900004F0FCFC6548007820B900206449086006
:103BA000BDE8F0815D48006804F086FA0446002212
:103BB000604B04F095FA03D85F485D4908601BE04C
:103BC0005E495648006804F0C9FA01D8012400E0B3
:103BD00000244FF082415148006804F0B5FA01D842
:103BE000012000E0002004401CB155485049086005
:103BF00002E000204E49086000BFD1E72DE9FC5FDC
:103C000050480068012831D11F48D0F800B01F4843
:103C1000006801904C48B0F902904C48B0F900A0FF
:103C20003E480468484604F0FBF906464FF08D41D3
:103C300004F030F80546464903F0FAFF45490860AC
:103C4000504604F0EDF90646434903F0EBFF054604
:103C5000424904F01FF842490860584604F02CFA23
:103C60000746404A404B04F06CF97FE08EE10000CB
:103C700050010020400100204C0100200000F041D4
:103C80000000C841EC000020F0000020F4000020FB
:103C900000007A4400007AC400040040000800409C
:103CA000380100203C0100201C0100201E010020E2
:103CB000280100202C0100203001002034010020C8
:103CC0006666E63F3333D33F000080BFCC00002060
:103CD0000000FA450000FAC5740100201001002020
:103CE0006C0100200000DE3F140100207001002064
:103CF0000000C43FE40000206F12833A0801002056
:103D00006F1283BAE80000200000C0400000C0C06D
:103D10005C010020002C01400000694048010020A7
:103D20006A756C693D25660A000000007500002078
:103D30004401002000001040000096C30000A04095
:103D40000000FA43780100205A00002054000020AF
:103D5000CDCC1C41840100209A190043000003438C
:103D60008801002048E17A14AE470F40054604F070
:103D7000CFF98346019804F09FF90546F84AF94BBC
:103D800004F0DFF8074604F0C3F901905021F6482B
:103D900003F0D2FEF448F5A1096801600A21F44855
:103DA00003F0CAFEF34800210160416001810A214D
:103DB000F14803F0C1FEF14800210160416001813A
:103DC0000A21EF4803F0B8FEEE480021016041608F
:103DD0000181ED49584604F0B7F90FD8EB49584630
:103DE00004F0BCF90AD8584604F066F905462A469C
:103DF0000B46E7A1DE4804F0D9FB01E0BDE8FC9FDB
:103E0000E149019804F0A0F90FD8E049019804F0C5
:103E1000A5F90AD8019804F04FF905462A460B4641
:103E2000DBA1D44804F0C2FB00E0E7E7DA49DB4855
:103E3000006804F093F911D2D949D848006804F019
:103E400083F90BD2D548006804F036F905462A46B6
:103E50000B46CFA1C84804F0A9FB00E0CEE7D1494A
:103E6000D148006804F07AF911D2D049CE480068F0
:103E700004F06AF90BD2CC48006804F01DF905463D
:103E80002A460B46C2A1BD4804F090FB00E0B5E70E
:103E90000021204604F062F90FD8C549204604F0FD
:103EA00053F90AD2204604F007F905462A460B4684
:103EB000B7A1B34804F07AFB00E09FE7002000F0D0
:103EC00013FF0090009804F0B4F80746B94903F0D6
:103ED000AFFE06464FF08B4103F0DCFE0546B649C7
:103EE00003F0A0FEB54908600021B448006804F062
:103EF00035F911D8AA49B148006804F025F90BD268
:103F0000AE48006804F0D8F805462A460B46A0A142
:103F10009C4804F04BFB00E070E79549924803F0A1
:103F200016FEA7A1904803F012FE92498E4803F0B6
:103F30000EFEA4A18C4803F00AFE8F498A4803F0C4
:103F400006FEA1A1884803F002FE8C49864803F0D2
:103F5000FEFD9EA1844803F0FAFD8949824803F0E2
:103F6000F6FD9CA1804803F0F2FD86497E4803F0EF
:103F7000EEFD99A17C4803F0EAFD5021974803F03B
:103F8000DBFD50227849954803F0BDFD00BF35E7C1
:103F900010B593480068401E914908609148006838
:103FA000012807D10846006820B9FFF727FE8B4893
:103FB00000F075FD8A48006818B941F288308849D8
:103FC000086010BD70B506460D46144621463046C1
:103FD00004F0C4F801D2204670BD2946304604F0F2
:103FE000B3F801D22846F7E73046F5E72DE9F04768
:103FF00004460E4617461D46DDE908897A4A7B4984
:104000003046FFF7DFFF0646774A78493846FFF724
:10401000D9FF07460021284604F096F801D285F022
:104020000045734A73492846FFF7CCFF0546B8F1AF
:10403000000F01D14FF0010841F28830804500D9CE
:104040008046012C00D10027042C00D100266A48AC
:10405000047046608760694800686749C860084620
:104060000561A0F814800020C88201200876B9F10B
:10407000000F06D003206249087062480078624948
:104080000870BDE8F0872DE9F04780460C461546DC
:104090005948007E20B9002020602860BDE8F087E4
:1040A00000263DE0544AD168506803F0BBFD074646
:1040B00027F0004950480169484604F045F804D803
:1040C0004D4840684C49C86013E00021384604F070
:1040D00045F807D2484A1169D06803F051FD4649B6
:1040E000C86006E0444A1169D06803F09BFD42496C
:1040F000C8604148C08A4049898A884204DA3E48FB
:10410000C08A401C3C49C8823B48C08A3A49898AD7
:10411000884203DB00203849087603E0701CC6B2F1
:104120004645BFDB00BF3448C06820603248806825
:1041300028603148007E08B90220AFE70120ADE7D2
:104140007CB504460D461646002030490870012013
:104150002B4600222146CDE90060FFF747FF7CBDDA
:1041600048E17A14AE470F4028020020244C560044
:10417000400300204A030020540300205E03002077
:10418000680300207203002000007A4400007AC413
:1041900025332E32660000000000A0C184010020FB
:1041A0000000A04100803BC58801002000803B4505
:1041B00000401C46CDCC5441CDCC4C3ED800002014
:1041C0002C5256002C4143002C4759002C4353429B
:1041D000000000002C56540023000000780200204C
:1041E0007C0100207801002000008243000082C38F
:1041F000000040400AD7233CA00000204C010020D2
:1042000075000020D000002074000020C6000020AF
:104210002DE9FC4104460D4616461F460FB101200C
:1042200000E00020FE4908700020FE490870FE49A9
:10423000087001202B4600222146CDE90060FFF7DF
:10424000D5FEBDE8FC8108B1012100E00021F44A5F
:1042500011700021F34A1170F34A117070477CB558
:1042600004460D4616460120F04B2A462146CDE96C
:1042700000600220FFF7BAFE7CBD7CB504460D4607
:1042800016460120E94B2A462146CDE9006003206D
:10429000FFF7ACFE7CBD7CB504460D460120E34B28
:1042A00022460021CDE900500420FFF79FFE7CBD8F
:1042B00070B505460C460021284603F045FF01D2A3
:1042C00085F000450021204603F03EFF01D284F036
:1042D0000044D7480560D748046070BD2DE9F04719
:1042E00005460C4616461F46DDF8208025F00045A1
:1042F00024F00044D04A00212846FFF763FECF494E
:104300000860CD4A00212046FFF75CFECB4948609B
:10431000CB480680008810B90120C9490880C848E8
:10432000008841F28831884202D90846C449088091
:1043300027F00049C34AC4494846FFF743FEC34932
:104340000860B8F1000F01D0012000E00020C04952
:1043500008700020BF490870B948008803F069FE62
:104360008246BD4903F064FC81464946BB4803F0E0
:1043700091FCB2498860B648007808B1B84800E0BE
:10438000B848AE49C86000200861FFF703F8012073
:10439000B5490870B5480078B54908700020B5499E
:1043A0000860BDE8F0872DE9FF4F85B083461446CD
:1043B0001D46B149204603F0C7FE00D2AE4C002195
:1043C000129803F0C1FE01D200201290AB4912985E
:1043D00003F0C4FE01D2A948129021469F4803F081
:1043E00059FC07469C4903F055FC06464FF07E51A8
:1043F000304603F0A9FE01D24FF07E56A049304668
:1044000003F0ACFE00D29E4E4FF07C51304603F0DC
:10441000B7FB074603F03CFE1FFA80F99949129852
:1044200003F006FC0746814903F0AAFB82462846B2
:1044300003F042FE074605F07FFBCDE9000103F0E3
:1044400067FE0021029003F089FE01D8012000E000
:1044500000200390039853464A4600905846069918
:10446000FFF73CFF09B0BDE8F08F00B503460A46F0
:1044700002207D490870FEF78DFF83480360834862
:1044800002607A4800787A4908700020794908600B
:1044900000BD2DE9F05F04460D46D4F80090D5F834
:1044A00000A07B4F7B49384603F04EFE00D87A4F80
:1044B0007A48D0F800807A49404603F04FFE18D879
:1044C0007849404603F040FE13D800205549087053
:1044D00055480078FF2804D253480078401C5249C0
:1044E000087051480078042836D34FF00009CA46B6
:1044F00032E06C49404603F031FE28D2394640464E
:1045000003F022FE23D80020474908704548007870
:10451000FF2804D243480078401C424908704148B3
:1045200000780C2818D34248D0F800904148D0F8C1
:1045300000A029F0004B5C49584603F079FB064681
:104540003146504603F00AFE06D2B24604E000208F
:104550003449087034490870C4F80090C5F800A0C8
:10456000BDE8F09F1CB55148006801900020009004
:10457000694601A8FFF78DFF4D49019808604D4934
:104580000098086000204C4908604C4908601CBD38
:104590002DE9FF413548057835480078281AC6B21C
:1045A000334805704648007E40BB2A48007800F03A
:1045B000010058B92648007810B12048406803E04F
:1045C0001E48406880F0004007460AE02048007816
:1045D00020B11A48406880F0004001E01748406868
:1045E0000746002016490988CDE9001013480168E4
:1045F00016483A4603680220FFF7F8FC02AA03A90E
:104600003046FFF740FD0446022C05D111480078E2
:1046100080F001000F49087025490398086051E0B7
:10462000C6000020C7000020C80000203333B33E7E
:10463000980000209C0000200000824378000020A9
:10464000BC000020000040400AD7233CC0000020EE
:10465000C4000020C50000200AD7A33BDB0FC940DF
:10466000DA0FC93FDA0FC9BF75000020D000002063
:104670007400002070000020CDCCCC3D6666E63E84
:1046800000409C459A99993F90000020940000209A
:104690000000C84100003041000090414801002066
:1046A0000000204000002041CDCC4C3F8C00002079
:1046B0004C010020500100205C010020440100203A
:1046C000A000002030490298086001202F490860AE
:1046D00000202F490860BDE8FF817CB52D48047893
:1046E0002D480078201AC5B22B4804706A4601A9EB
:1046F0002846FFF7C8FC064616B900200190009036
:1047000026480078012807D12548007820B169465D
:1047100001A8FFF7BEFE04E00020224908702249EC
:104720000870224901980860174900980860012024
:10473000164908600020164908607CBD10B51C4869
:104740000078E0B1012804D0022808D0032815D150
:1047500002E0FFF71DFF15E0FFF7BFFF12E015486D
:104760000068124908601448006807490860012081
:104770000649086000200649086003E000BFFFF713
:10478000F1FE00BF00BF10BD500100205C01002001
:1047900044010020D000002074000020A000002070
:1047A000C6000020C7000020C80000204C010020E7
:1047B00075000020900000209400002000B585B016
:1047C000012144F20400FCF7B3F84FF40070ADF897
:1047D000100018208DF8130003208DF8120004A992
:1047E000BB48FBF7E9FD4FF48060ADF810000420F2
:1047F0008DF8130004A9B648FBF7DEFD4FF4E13055
:1048000000900020ADF80400ADF80600ADF80800F7
:10481000ADF80C000C20ADF80A006946AD48FDF774
:104820003CF80121AB48FDF7C4F805B000BD08B560
:104830004FF48060FBF764FC27208DF80000042013
:104840008DF8010001208DF802008DF80300684604
:10485000FBF75BFC08BD00B585B001218804FCF7BF
:1048600074F801210820FCF763F84FF48060ADF87C
:10487000100018208DF8130003208DF8120004A9F1
:104880009548FBF799FD4FF40060ADF81000042047
:104890008DF8130004A99048FBF78EFDFFF7C7FFC2
:1048A0004FF4165000900020ADF80400ADF806005B
:1048B000ADF80800ADF80C000C20ADF80A00694610
:1048C0008648FCF7EAFF012240F225518348FDF7B4
:1048D0007CF801218148FDF76CF805B000BD70B58A
:1048E00004460D46E1B27B48FDF7D0F800BF4021F9
:1048F0007848FDF739F90128F9D1204670BDF0B5A7
:1049000003460D461646002729460A2E03D00020EE
:1049100008702846F0BD33B9302001F8010B0020A3
:1049200008702846F6E7002B03DA2D2001F8010B6A
:104930005B4242F210720DE093FBF2F404B937B11E
:1049400004F1300001F8010B04FB123301270A20A7
:1049500092FBF0F2002AEFDC002008702846D9E72D
:104960000FB470B586B006460CA8019073E00B98A2
:1049700000785C281CD10B98401C0B9000786E28A6
:1049800009D072280FD10D213046FDF77FF80B9822
:10499000401C0B900BE00A213046FDF777F80B988E
:1049A000401C0B9003E00B98401C0B9000BF4BE0A9
:1049B0000B980078252840D10B98401C0B9000786C
:1049C000642818D0732833D1019810C801900BE0E7
:1049D00021783046FDF75AF800BF40213046FDF7F8
:1049E000C3F80028F9D0641C20780028F0D10B9877
:1049F000401C0B9020E0019820C801900A2202A9D7
:104A00002846FFF77CFF02AC0BE021783046FDF72B
:104A10003DF800BF40213046FDF7A6F80028F9D048
:104A2000641C20780028F0D10B98401C0B9003E008
:104A30000B98401C0B9000BF06E00B9810F8011B70
:104A40000B903046FDF722F800BF40213046FDF7BD
:104A50008BF80028F9D00B980078002887D106B091
:104A600070BC5DF814FB10B5044621461948FDF7EB
:104A70000DF800BF40211748FDF776F80128F9D15D
:104A800010BD10B5044621461448FCF7FFFF00BFD7
:104A900040211248FDF768F80128F9D110BD70B522
:104AA00005462C4603E02078FFF7EBFF641C2078D6
:104AB0000028F8D170BD70B505462C4603E020787B
:104AC000FFF7D1FF641C20780028F8D170BD0000EA
:104AD0000008014000380140000C0140004800403F
:104AE0007FB504460D460121C802FBF721FF41F2C4
:104AF0008830ADF8080041F61F40ADF804000120F1
:104B0000ADF80A000020ADF8060001A91148FCF735
:104B100047F8012241210F48FCF7B9FB19208DF815
:104B2000000003208DF8010000208DF80200012014
:104B30008DF803006846FBF7E8FA7FBD10B5012148
:104B40000448FCF752FE18B101210248FCF75EFE52
:104B500010BD0000002C01401FB501213D48FBF7AE
:104B6000FCFC01210920FBF7E3FE0120ADF80C005D
:104B700010208DF80F0003208DF80E0003A9364891
:104B8000FBF71AFC0220ADF80C0028208DF80F006E
:104B900003A93148FBF710FC01210846FBF722FD71
:104BA0000220019000208DF8080008208DF80900EF
:104BB00001208DF80A0001A8FBF71EFB07208DF8E5
:104BC000000003208DF8010001208DF802008DF80F
:104BD00003006846FBF799FA1FBD10B50220FBF7EA
:104BE00071FB48B300211D48FCF7CAFD01211B4899
:104BF000FCF732FB01201A49086012E01748FCF765
:104C0000E2FD3C2807DB00211448FCF725FB0020CF
:104C10001349086005E002210F48FBF760FC1049CA
:104C200008600F4800680028E8D100210B48FCF715
:104C300013FB0220FBF757FB10BD10B501210648FE
:104C4000FBF767FC0C20FDF701FB01210248FBF795
:104C500062FC10BD00023000000C0140002C01403D
:104C6000E001002000B587B001214FF40170FBF78F
:104C70005FFE4FF40040FBF7BFFD0120ADF80400DC
:104C800000208DF8070001A92348FBF795FB234876
:104C9000FCF7C4FF002002908DF80C008DF80D0089
:104CA0004FF4602004900020059001208DF818003A
:104CB00002A91A48FCF7D9FF01211848FDF701F8AD
:104CC0001648FDF720F800BF1448FDF721F800282A
:104CD000FAD11248FDF726F800BF1048FDF727F873
:104CE0000028FAD107B000BD10B504460723012201
:104CF00021460A48FDF751F801210848FDF721F83F
:104D000000BF02210548FDF78DF90028F9D00348BE
:104D1000FDF7AAF810BD0000000801400024014082
:104D20000648804706480047FEE7FEE7FEE7FEE745
:104D3000FEE7FEE7FEE7FEE7FEE7FEE74B210008A1
:104D4000ED00000838B50446FB4890F82400C0B1D7
:104D500014B10220009001E000200090F64A126891
:104D6000D17BF54A526810786B460122FDF7DBFBD8
:104D700010B14FF0FF3038BD9DF80010EE4841747F
:104D800023E0ED48807A10B94FF0FF30F3E724B10B
:104D9000E948407C08B10020EDE714B10120009003
:104DA00001E000200090E44A1268D17BE24A526898
:104DB00010786B460122FDF7B6FB10B14FF0FF30C3
:104DC000D9E79DF80010DC4841740020D3E738B5DE
:104DD000002419E0D8480068C07AA04204D0D64820
:104DE0000068407DA04200D10CE0D34949680878B2
:104DF0006B4601222146FDF7E5FB10B14FF0FF3075
:104E000038BD00BF601CC4B2CB4840680079A042E6
:104E1000E0DC0020F4E770B504460D46C6480068A3
:104E2000C07AA04204D0C4480068407DA04202D1AC
:104E30004FF0FF3070BDC04840680079A04202DCEE
:104E40004FF0FF30F6E7BC49496808782B4601224D
:104E50002146FDF7B7FBEDE738B50446B64890F8B4
:104E60002300A04201D1002038BD14B130200090B1
:104E700001E000200090B048807C20B19DF8000047
:104E800040F002000090AC4890F8220020B19DF85C
:104E9000000040F080000090A74A1268117DA64AE9
:104EA000526810786B460122FDF73DFB10B14FF0C0
:104EB000FF30D9E7A04880F823400020D4E738B578
:104EC000044604F0700010B10120009005E014B118
:104ED0000020009001E040200090974A1268917CE9
:104EE000954A526810786B460122FDF71CFB20B1F1
:104EF000002191488172481E38BD9DF8000020F0C5
:104F000040018D4801730020009004F0400020B95A
:104F10009DF8000040F00400009004F0200020B94B
:104F20009DF8000040F00200009004F0100020B94D
:104F30009DF8000040F00100009004F0080020B946
:104F40009DF8000040F0380000907B4A1268D17C48
:104F5000794A526810786B460122FDF7E4FA20B1D5
:104F6000002175488172481EC6E724B1082C02D082
:104F70000020FFF771FF7048847200210175322014
:104F8000FDF771F90020B7E738B504466A48807C20
:104F9000A04201D1002038BD002C46D0664A1268DC
:104FA0001179654A526810786B460122FDF70AFBB9
:104FB00010B14FF0FF30EEE79DF8000020F0200028
:104FC00000905D4A126811795B4A526810786B460E
:104FD0000122FDF7A8FA10B14FF0FF30DBE7032004
:104FE000FDF741F902200090534890F8220020B1CB
:104FF0009DF8000040F0800000904F4890F823009A
:1050000020B19DF8000040F0300000904A4A12683C
:10501000117D494A526810786B460122FDF783FAE8
:10502000002851D04FF0FF30B5E7434A126811799C
:10503000414A526810786B460122FDF7C3FA10B15D
:105040004FF0FF30A7E73C48807A00F0010028B11C
:105050009DF8000040F02000009004E09DF8000062
:1050600020F020000090344A12681179324A5268C8
:1050700010786B460122FDF756FA10B14FF0FF3061
:1050800089E70320FDF7EFF82B4890F8220010B1D4
:105090008020009001E000200090274890F8230035
:1050A00020B19DF8000040F030000090224A1268C4
:1050B000117D214A526810786B460122FDF733FAC0
:1050C00010B14FF0FF3066E71B488474002062E7A0
:1050D00008B51948807A10B94FF0FF3008BD00209C
:1050E0000090154A1268D17B134A526810786B46BB
:1050F0000122FDF718FA10B14FF0FF30EEE70E4A2B
:10510000126851790C4A526810786B460122FDF7FB
:105110000AFA10B14FF0FF30E0E7074A1268117940
:10512000054A526810786B460122FDF7FCF928B158
:105130004FF0FF30D2E70000E4010020F74890F87C
:105140002400002853D00C200090F44A12681179F2
:10515000F24A526810786B460122FDF7E4F910B16B
:105160004FF0FF30BAE73220FDF77DF8C020009005
:10517000EA48807A00F0010020B19DF8000040F07C
:1051800020000090E54A12681179E44A52681078CC
:105190006B460122FDF7C7F910B14FF0FF309DE7D4
:1051A000DE48407C10B10220009001E00020009019
:1051B000DA4A1268D17BD94A526810786B460122CC
:1051C000FDF7B1F910B14FF0FF3087E700200090F4
:1051D000D24A12685179D14A526810786B4601223E
:1051E000FDF7A1F9002855D04FF0FF3076E70420F5
:1051F0000090CA4A12681179C84A526810786B4602
:105200000122FDF790F910B14FF0FF3066E7C34877
:10521000807C20B9C148807A00F0010010B940209C
:10522000009001E060200090BC4A12681179BB4AEE
:10523000526810786B460122FDF775F910B14FF0F6
:10524000FF304BE73220FDF70EF8B448407C10B138
:105250000120009001E000200090B04A1268D17B4C
:10526000AE4A526810786B460122FDF75CF910B126
:105270004FF0FF3032E7A94A12685179A74A5268C5
:105280001078A64B10330122FDF74DF910B14FF005
:10529000FF3023E7002021E770B50446002624F004
:1052A00001049E4890F8240008B1002070BD9B487E
:1052B000807A10B94FF0FF30F8E79848057C807A83
:1052C0002040964908740846007CA04202D04FF066
:1052D000FF3600E0002614B99048007D18B1012087
:1052E000FFF730FD02E00020FFF72CFD3CB1FFF797
:1052F000EFFE20B1894805744FF0FF30D6E7304605
:10530000D4E738B504468548807A10B94FF0FF30AD
:1053100038BDBC2C02DB0120009015E0622C02DBC2
:105320000220009010E02A2C02DB032000900BE00A
:10533000142C02DB0420009006E00A2C02DB05207E
:10534000009001E0062000907448C07A9DF800109B
:10535000884201D10020DBE7704A126891786F4AD9
:10536000526810786B460122FDF7DDF810B14FF05E
:10537000FF30CDE79DF800106848C1720020C7E7F4
:1053800038B50446282C02DD4FF0FF3038BDDCB9BB
:105390000020FFF761FD00208DF8000007208DF848
:1053A00001005E4A1268917C5C4A526810786B4634
:1053B0000222FDF7B8F810B14FF0FF30E6E7002108
:1053C000564801750020E1E70120FFF745FD202048
:1053D0008DF80000012C06D100208DF80100052079
:1053E000FFF78FFF17E0052C06DC01208DF8010088
:1053F0000520FFF786FF0EE0142C06DC02208DF856
:1054000001000A20FFF77DFF05E003208DF8010071
:105410001420FFF776FF9DF80100072101EB8010B3
:10542000C0B28DF801003D4A1268917C3B4A526837
:1054300010786B460222FDF776F810B14FF0FF307E
:10544000A4E708213548817200210173012101750B
:105450000020FFF721FF002098E738B504462F48C9
:10546000807A10B94FF0FF3038BD2C4890F82400F6
:1054700010B14FF0FF30F7E72848007D50B134B14C
:10548000282C04DCE0B2FFF77BFF0020ECE70020D3
:10549000FFF776FF042C01DA042404E0B4F57A7FE8
:1054A00001DD4FF47A744FF47A7090FBF4F0401EF3
:1054B000C0B20090194A12685178184A52681078A0
:1054C0006B460122FDF72FF810B14FF0FF30CBE70C
:1054D0009DF80000401C4FF47A7191FBF0F081B20E
:1054E0000E48C1810146C9894810FFF70AFF002014
:1054F000BAE738B504460948807A10B94FF0FF3052
:1055000038BD022C06D0042C0AD0082C0BD0102C4D
:105510000FD10BE0002000900EE00000E40100201D
:105520000820009008E01020009005E0182000906E
:1055300002E04FF0FF30E3E700BFF848407A9DF803
:105540000010B0EBE10F01D10020D9E7F34A126857
:10555000D179F24A526810786B460122FCF7E3FFDA
:1055600010B14FF0FF30CBE79DF80000C110EB48C1
:1055700041720020C4E738B50446E848807A10B983
:105580004FF0FF3038BDFA2C09D0B4F5FA7F09D0BE
:10559000B4F57A7F09D0B4F5FA6F0CD108E0002099
:1055A00000900BE00820009008E01020009005E03B
:1055B0001820009002E04FF0FF30E3E700BFD7482B
:1055C000007A9DF80010B0EBE10F01D10020D9E77F
:1055D000D24A12689179D14A526810786B460122FA
:1055E000FCF7A1FF10B14FF0FF30CBE79DF80000B2
:1055F000C010CA4908720020C4E71CB580208DF88D
:105600000000C64A1268917CC44A526810786B4602
:105610000122FCF788FF10B14FF0FF301CBD642061
:10562000FCF721FE00208DF80000BC4A1268917C36
:10563000BA4A526810786B460122FCF774FF10B129
:105640004FF0FF30EAE7B54A1268917DB34A5268DD
:1056500010786B460622FCF7B5FF10B14FF0FF3013
:10566000DCE79DF80500C007400F9DF8031001F02E
:10567000010140EA41009DF8011001F0010140EAFA
:1056800001048CB1012C03D10121A448C17430E084
:10569000022C03D10021A148C1742AE0A0A0FFF789
:1056A0000AFA4FF0FF30B9E79C4A1268D1789B4A5A
:1056B000526810786B460122FCF784FF10B14FF05E
:1056C000FF30ABE79DF8000000F00F042CB99E48B6
:1056D000FFF7F1F94FF0FF30A0E7042C06D19BA0B3
:1056E000FFF7E9F901218D48C17402E000218B48E0
:1056F000C174FF2189488172FF2088490872FF2107
:1057000086484172C1724FF6FF71C181FF21017459
:1057100081740121017380F82210002180F8231088
:10572000417501751630016041608160163880F85E
:10573000241080F82510C1844FF4FA60FFF71BFF96
:1057400010B14FF0FF3069E70220FFF7D2FE10B131
:105750004FF0FF3062E72A20FFF7D3FD10B14FF082
:10576000FF305BE73220FFF778FE10B14FF0FF30DB
:1057700054E70020FFF790FD10B14FF0FF304DE7E8
:105780000020FFF701FC10B14FF0FF3046E700208A
:10579000FFF795FB002041E77CB504460D465F48C6
:1057A000807A00F0700010B94FF0FF307CBD5B4A8A
:1057B0001268117B594A526810786B460622FCF732
:1057C00001FF10B14FF0FF30F0E79DF801009DF8A8
:1057D000001040EA012000B220809DF803009DF8EF
:1057E000021040EA012000B260809DF805009DF89B
:1057F000041040EA012000B2A08015B12846FCF751
:105800003EFD0020D2E77CB504460D464348807A31
:1058100000F0080010B94FF0FF307CBD3F4A12681D
:10582000517B3E4A526810786B460622FCF7CAFE4E
:1058300010B14FF0FF30F0E79DF801009DF8001027
:1058400040EA012000B220809DF803009DF802107C
:1058500040EA012000B260809DF805009DF8041028
:1058600040EA012000B2A08015B12846FCF707FDF0
:105870000020D2E72DE9FE4F05460C462748807AE6
:1058800018B94FF0FF30BDE8FE8F244A1268917BB3
:10589000224A5268107802AB0222FCF793FE10B144
:1058A0004FF0FF30EFE79DF809009DF8081040EA3F
:1058B000012006B214B12046FCF7E1FC1749496803
:1058C000C88802F0B6FB154901904968B1F9080093
:1058D00002F0A6FB8346304602F0A2FB5946009038
:1058E00002F0A0F98246019902F0D4F981461F49DD
:1058F00002F046F980464FF08F4102F099F90746D1
:1059000002F0ADFB28600020BDE710B588B004466A
:105910001CB94FF0FF3008B010BD29E0E4010020B1
:10592000556E737570706F7274656420736F6674F2
:10593000776172652070726F64756374207265762A
:105940002025642E0A000000A0AA000848616C66A9
:105950002073656E736974697669747920706172F9
:105960007420666F756E642E0A00000000000C4201
:10597000206830B9606820B9A06810B9002008B06C
:1059800010BDFA494968087806AB03221146FCF7B6
:1059900019FE10B14FF0FF30F1E79DF81800082113
:1059A00001EB201000F00F00ADF800009DF8190089
:1059B00001EB201000F00F00ADF802009DF81A0076
:1059C00001EB201000F00F00ADF80400206841004A
:1059D000BDF90000403091FBF0F000B2ADF81000CE
:1059E00060684100BDF90200403091FBF0F000B268
:1059F000ADF81200A0684100BDF90400403091FBF1
:105A0000F0F000B2ADF81400D8494968087806AB48
:105A100006221146FCF7D6FD10B14FF0FF30AEE77D
:105A20009DF819009DF8181040EA012000B2ADF869
:105A300008009DF81B009DF81A1040EA012000B2F2
:105A4000ADF80A009DF81D009DF81C1040EA0120E9
:105A500000B2ADF80C00BDF81000BDF80810084405
:105A600000B2ADF81000BDF81200BDF80A100844ED
:105A700000B2ADF81200BDF81400BDF80C100844D7
:105A800000B2ADF81400BDF81000000A8DF818003F
:105A9000BDF81000C0B28DF81900BDF81200000A60
:105AA0008DF81A00BDF81200C0B28DF81B00BDF8C9
:105AB0001400000A8DF81C00BDF81400C0B28DF867
:105AC0001D00AA494968087806AB06221146FCF772
:105AD0002AFD10B14FF0FF3051E700204FE701469B
:105AE000A248007A30B1012807D0022809D0032843
:105AF0000FD10AE0FA2008800EE04FF4FA70088017
:105B00000AE04FF47A70088006E04FF4FA600880EB
:105B100002E00020088000BF00BF0020704701465F
:105B20009248407A30B1012807D0022808D00328D3
:105B30000CD108E0022008700BE00420087008E097
:105B40000820087005E01020087002E04FF0FF30D8
:105B5000704700BF8548C07C18B108784006000E29
:105B600008700020F4E701468048C07A082817D260
:105B7000DFE800F01704070A0D101318BC20088096
:105B800013E06220088010E02A2008800DE0142035
:105B900008800AE00A20088007E00520088004E069
:105BA00000BF00BF0020088000BF00BF002070477A
:105BB00001466E4890F8240010B14FF0FF30704756
:105BC0006A48C08908800020F9E701460020088063
:105BD000401E704701464FF0FF3070470146634852
:105BE000007A30B1012807D0022808D003280CD150
:105BF00008E05F4808600BE05E48086008E05E4827
:105C0000086005E05D48086002E04FF0FF30704733
:105C100000BF0020FBE701465448407A30B101281C
:105C200008D002280AD0032810D10BE04FF480409E
:105C300008800EE041F69C7008800AE04FF4805026
:105C4000088006E04FF40060088002E04FF0FF306B
:105C5000704700BF4548C07C10B1088840100880DC
:105C60000020F5E701464148007C0870002070479D
:105C700001463E48807A10B10120087001E0002002
:105C800008700020704738B504463848807A10B94B
:105C90004FF0FF3038BD354A1268117C334A5268E4
:105CA00010786B460222FCF78DFC10B14FF0FF30EC
:105CB000F0E79DF801009DF8001040EA012000B2D5
:105CC00020800020E6E72DE9FE4F074688469246F1
:105CD0001D46DDF830B000260024244890F824004A
:105CE00010B1601EBDE8FE8F002028701F48807A2A
:105CF00010B94FF0FF30F5E71C48007C10B94FF0A9
:105D0000FF30EFE71948007C00F0400008B1B01CFC
:105D1000C6B21648007C00F0200008B1B01CC6B224
:105D20001248007C00F0100008B1B01CC6B20F4849
:105D3000007C00F0080008B1B01DC6B20B4A126822
:105D4000917A0A4A526810786B460222FCF73AFCB4
:105D500010B14FF0FF30C5E79DF801009DF800102D
:105D600040EA0129B1450BDA0020BBE7E40100203D
:105D70000000034300008342333303423333834143
:105D8000FC4840684088B9EB600F17DDF94A12689B
:105D9000517CF84A526810786B460122FCF712FCDD
:105DA00010B14FF0FF309DE79DF8000000F01000AB
:105DB00020B1FFF78DF96FF0010093E75046FCF733
:105DC0005EFAEC4A1268D17AEA4A526810786B4659
:105DD0003246FCF7F7FB10B14FF0FF3082E799FB3A
:105DE000F6F0401E8BF8000000202870B4422AD044
:105DF000E048007C00F0080028B3601C1DF800009B
:105E00001DF8041040EA012000B2A8F80000E01CD0
:105E10001DF80010A01C1DF8000041EA002000B28F
:105E2000A8F80200601D1DF80010201D1DF80000DC
:105E300041EA002000B2A8F80400287840F00800E9
:105E40002870A01D84B2B44213D0CA48007C00F070
:105E5000400070B1601C1DF800001DF8041040EAFD
:105E6000012000B23880287840F040002870A01C43
:105E700084B2B44213D0BF48007C00F0200070B15F
:105E8000601C1DF800001DF8041040EA012000B25B
:105E90007880287840F020002870A01C84B2B4429A
:105EA00013D0B448007C00F0100070B1601C1DF8E5
:105EB00000001DF8041040EA012000B2B8802878E4
:105EC00040F010002870A01C84B200200AE7F8B54A
:105ED00004460F461646A74890F8240010B94FF024
:105EE000FF30F8BDA348807A10B94FF0FF30F8E7D3
:105EF000A04A1268917A9F4A526810786B46022233
:105F0000FCF760FB10B14FF0FF30EAE79DF80100AD
:105F10009DF8001040EA0125A54203DA0020307008
:105F2000401EDEE7934840684088B5EB600F17DD00
:105F3000904A1268517C8F4A526810786B46012251
:105F4000FCF740FB10B14FF0FF30CAE79DF80000AE
:105F500000F0100020B1FFF7BBF86FF00100C0E7C0
:105F6000E2B2844B1B68D97A824B5B6818783B4657
:105F7000FCF728FB10B14FF0FF30B2E795FBF4F0CF
:105F8000401E30700020ACE701467A4880F82210AD
:105F9000002070477CB5054676494968087801AB12
:105FA00004220D21FCF70EFB08B107207CBD9DF8F3
:105FB0000700C0F301109DF8041001F0E00140EA71
:105FC000E1008DF800009DF80700C0F381009DF806
:105FD000051001F0E00140EAE1008DF801009DF8B4
:105FE000070000F003009DF8061001F0E00140EA10
:105FF000E1008DF8020000241CE01DF8040018B92F
:10600000002045F8240013E05B4845F8240006E032
:1060100055F82400594901F00BFE45F824001DF8FD
:106020000400401EC0B20DF804000028F0D100BFEB
:10603000601CC4B2032CE0DB0020B7E72DE9FE4F63
:1060400006460F4600256846FFF7A4FF002442E0FD
:1060500056F8240057F82410A0EB010ABAF1000FFB
:1060600001DB514601E0CAF10001084601F0D8FF0A
:1060700083464FF08F4101F00DFE80465DF824000D
:10608000002102F061F816D05DF82410404601F0BE
:1060900001FE82464FF07E5101F0C4FD814629F099
:1060A000004A3748416A504602F058F812D201209F
:1060B000A04005430EE03248C169404602F044F872
:1060C00005D32F48016A404602F048F802D2012069
:1060D000A0400543641C032CBADB2846BDE8FE8FB4
:1060E0002DE9FC5F06460F460025224949680878DD
:1060F00001AB03220D21FCF765FA10B10720BDE8C2
:10610000FC9F9DF8040000F01F008DF804009DF82E
:10611000050000F01F008DF805009DF8060000F056
:106120001F008DF80600002462E056F8240057F89E
:106130002410A0EB010BBBF1000F01DB594601E07D
:10614000CBF10001084601F06BFF4FF08F4100904A
:1061500001F0A0FD814601A8005DC0B308490868B0
:1061600001F067FF83465946064801F093FD8046DB
:106170000FE00000E40100207B14AE3E1D5A843F76
:10618000709C000800B04C45FE49404601F050FDAF
:10619000804601A8005D401EC0B201A90855002834
:1061A000F2D14146484601F075FD83464FF07E51DD
:1061B00001F038FD82462AF0004BF34881695846C9
:1061C00001F0CCFF13D20120A04005430FE0FFE710
:1061D000ED480169484601F0B7FF05D3EA48416937
:1061E000484601F0BBFF02D20120A0400543641CD9
:1061F000032C9ADB284682E72DE9F04F87B005464D
:106200000C46914601208DF8100000208DF81100F9
:10621000DE4A1268917CDD4A5268107804AB022293
:10622000FCF781F920B14FF0FF3007B0BDE8F08FE7
:10623000C820FCF718F800208DF81000D34A126827
:10624000D17BD24A5268107804AB0122FCF76BF97B
:1062500010B14FF0FF30E8E7CC4A12685179CB4AD1
:106260005268107804AB0122FCF75DF910B14FF0D1
:10627000FF30DAE7C54A1268917CC44A5268107848
:1062800004AB0122FCF74FF910B14FF0FF30CCE71F
:10629000BE4A1268D17DBD4A5268107804AB012213
:1062A000FCF741F910B14FF0FF30BEE7B74A126872
:1062B0001179B64A5268107804AB0122FCF733F921
:1062C00010B14FF0FF30B0E70C208DF81000AF4A4E
:1062D00012681179AD4A5268107804AB0122FCF7BC
:1062E00022F910B14FF0FF309FE70F20FBF7BBFF03
:1062F000A648806A407A8DF81000A44A1268917806
:10630000A24A5268107804AB0122FCF70CF910B1D4
:106310004FF0FF3089E79D48806A007A8DF81000C1
:106320009A4A12685178994A5268107804AB01224F
:10633000FCF7F9F810B14FF0FF3076E7B9F1000F34
:1063400007D09248806A807A40F0E0008DF8100013
:1063500004E08E48806A807A8DF810008B4A1268BB
:1063600091798A4A5268107804AB0122FCF7DBF875
:1063700010B14FF0FF3058E7B9F1000F07D0834854
:10638000806AC07A40F0E0008DF8100003E07E489B
:10639000C07A8DF810007D4A1268D1797B4A526824
:1063A000107804AB0122FCF7BEF810B14FF0FF30BB
:1063B0003BE7B9F1000F02D0C820FBF754FF4020A3
:1063C0008DF81000714A12681179704A526810787D
:1063D00004AB0122FCF7A7F810B14FF0FF3024E71F
:1063E00078208DF81000694A12685179674A52681E
:1063F000107804AB0122FCF796F810B14FF0FF3093
:1064000013E761498889FBF72EFF00208DF8100003
:106410005E4A126851795D4A5268107804AB0122D5
:10642000FCF781F810B14FF0FF30FEE6574A1268D2
:10643000917A564A5268107804AB0222FCF7C2F8EF
:1064400010B14FF0FF30F0E69DF811009DF81010EC
:1064500040EA012B0C209BFBF0F0C6B20020A860A4
:1064600068602860A06060602060824665E0474AFE
:106470001268D17A454A5268107804AB0C22FCF7B6
:10648000A1F810B14FF0FF30CFE69DF811009DF854
:10649000101040EA012000B2ADF808009DF813008A
:1064A0009DF8121040EA012000B2ADF80A009DF8F4
:1064B00015009DF8141040EA012000B2ADF80C0060
:1064C000BDF90810206808442060BDF90A10606812
:1064D00008446060BDF90C10A0680844A0609DF8F5
:1064E00017009DF8161040EA012000B2ADF8000038
:1064F0009DF819009DF8181040EA012000B2ADF88F
:1065000002009DF81B009DF81A1040EA012000B21D
:10651000ADF80400BDF90010286808442860BDF9F2
:106520000210686808446860BDF90410A86808444F
:10653000A8600AF1010000F0FF0AB24597DB12489B
:10654000D0F800C02868C117090441EA10410704C7
:1065500062460023384601F0A5FA32460023CDE911
:10656000020101F09FFA28600748D0F800C068686F
:10657000C117090441EA1041070462460023384666
:1065800006E0000054E3853F709C0008E401002011
:1065900001F088FA32460023CDE9020101F082FAC7
:1065A0006860FE48D0F800C0A868C117090441EA35
:1065B0001041070462460023384601F073FA324660
:1065C0000023CDE9020101F06DFAA860F348D0F88C
:1065D00004C02168C817000440EA11480F0462464D
:1065E00000233846414601F05DFA32460023CDE9EA
:1065F000020101F057FA2060E848D0F804C0606852
:10660000C117090441EA10410704624600233846D5
:1066100001F048FA32460023CDE9020101F042FAC6
:106620006060DE48D0F804C0A068C117090441EAE0
:106630001041070462460023384601F033FA32461F
:106640000023CDE9020101F02DFAA060A068002826
:1066500004DDA068A0F58030A06003E0A06800F52C
:106660008030A0600020E0E538B50446CC4890F8C2
:106670002400A04201D1002038BD24B3C84890F8BE
:10668000250010B94FF0FF30F6E70020FEF75AFB67
:106690000020FEF779FCC249C88CFEF7DEFE002020
:1066A0000090BF49496808786B4601222321FBF717
:1066B0003AFF0121BA4880F824100120FEF742FB7E
:1066C000FEF706FD13E00020FEF73CFBB448007C1B
:1066D0000090B349496808786B4601222321FBF7F3
:1066E00022FF0021AE4880F82410FEF7F1FC0020C4
:1066F000C2E72DE9F04F8DB083460F4602200C9083
:10670000A74890F8240020B10020FFF7ADFF012634
:1067100000E0002603A8FFF7E2F905A8FFF7FFF95C
:1067200001A8FFF720FA02A8FFF742FA9C4890F868
:106730000AA004A8FFF796FA002407E000223946D1
:106740005846FFF759FD00B902E0641C022CF5DB46
:1067500000BF022C01D1002528E0002407E001221F
:1067600006A909A8FFF748FD00B902E0641C022C45
:10677000F5DB00BF022C01D1002517E006A9384641
:10678000FFF75CFC00F0FF0809A95846FFF7A8FCDA
:1067900000F0FF090025B9F1000F01D145F0010516
:1067A000B8F1000F01D145F0020500BFFF207C4980
:1067B0000872FF217A484172C1724FF6FF71C181A0
:1067C000FF218172017401210173BDF80C00FEF7F5
:1067D000D2FE9DF81400FEF78CFEBDF80400FEF713
:1067E00090FDBDF80800FEF738FE5046FEF767FB47
:1067F0009DF81000FEF750FD16B10120FFF734FFA1
:1068000028460DB0BDE8F08FF8B504460D46164693
:1068100016B94FF0FF30F8BD6148807A10B94FF0DB
:10682000FF30F8E720128DF80000E0B28DF801008B
:106830009DF8010028445A4949684989884202DD87
:106840004FF0FF30E7E7564A1268117E544A52680B
:1068500010786B460222FBF766FE10B14FF0FF3056
:10686000D9E7EAB24E4B1B68597D4D4B5B681878EF
:106870003346FBF758FE10B14FF0FF30CBE7002056
:10688000C9E7F8B504460D46164616B94FF0FF3075
:10689000F8BD4348807A10B94FF0FF30F8E7201276
:1068A0008DF80000E0B28DF801009DF80100284449
:1068B0003B4949684989884202DD4FF0FF30E7E7EC
:1068C000374A1268117E364A526810786B460222A7
:1068D000FBF729FE10B14FF0FF30D9E7EAB2304B99
:1068E0001B68597D2E4B5B6818783346FBF76AFEB0
:1068F00010B14FF0FF30CBE70020C9E72DE9F0439E
:1069000085B005460E4690469946254890F82500E4
:1069100020B14FF0FF3005B0BDE8F08316B94FF05D
:10692000FF30F8E7002423E0281B102801DD1020A9
:1069300000E0281B87B2321939462046FFF764FF72
:1069400010B14FF0FF30E6E701AA39462046FFF7C5
:1069500098FF10B14FF0FF30DDE730193A4601A93A
:1069600001F001F910B16FF00100D4E7E01984B231
:10697000AC42D9DB4FEA28208DF8000008F0FF0078
:106980008DF80100064A1268917E054A5268107817
:106990006B460222FBF7C7FD38B103E0709C00088C
:1069A000E40100204FF0FF30B5E701218A4880F86C
:1069B0002510A0F826900020ADE70146864890F803
:1069C000240008700020704702464FF0FF307047E7
:1069D00001464FF0FF307047F8B505460F461446A4
:1069E000002C70D0B5F5FF5F01DDFF2605E0202DFE
:1069F00001DA012601E0C5F3471607B90127282C63
:106A000002DD4FF0FF30F8BD7348407D28BB72486F
:106A100090F8240038B10020FFF726FE01216E48CF
:106A200080F8201003E000216B4880F820106A48AD
:106A30001630FFF754F868481830FFF770F86648CA
:106A40001A30FFF790F864481C30FFF7B1F862483D
:106A5000817A81771F30FFF705F90020FEF772F980
:106A60000020FEF78DFC00208DF800005A4A1268C5
:106A70009178594A526810786B460122FBF753FD12
:106A800010B14FF0FF30BEE740208DF80000524AB1
:106A90001268D17B504A526810786B460122FBF78E
:106AA00042FD00B165E08DF800608DF801704A4A42
:106AB0001268117A484A526810786B460222FBF736
:106AC00032FD08B155E047E00520FBF7CCFB42481A
:106AD000407A072101EBC000C0B28DF800003E4AA9
:106AE0001268D1793C4A526810786B460122FBF754
:106AF0001AFD00B13DE020208DF80000012C03D1EB
:106B000000208DF801000EE0052C03DC01208DF83B
:106B1000010008E0142C03DC02208DF8010002E0E3
:106B200003208DF801009DF80100072101EB801082
:106B3000C0B28DF80100284A1268917C264A52683A
:106B400010786B460222FBF7EEFC00B111E0012148
:106B500021484175002056E71F4A1632002103E004
:106B6000505C00B105E0491C0C29F9D34FF0FF300F
:106B700049E7FF2018490872FF2117484172C17286
:106B80004FF6FF71C181FF218172017401210173F0
:106B90000146887FFEF793F90F49C88AFEF7EBFCA0
:106BA0000D49087EFEF7A5FC0B49488BFEF7A9FBB3
:106BB0000949888BFEF751FC0749C87FFEF76CFB3B
:106BC000054890F8200010B10120FFF74DFD00218D
:106BD00001484175002016E7E401002010B5C823E4
:106BE0004FF48062F74940F6F630FFF787FE10BD9C
:106BF00010B586B00446F4A000680390F3A00068C6
:106C00000290F3A000680190F2A00068009004F0E8
:106C1000030003A9085C8DF8140003A8C4F3C101A4
:106C2000405C8DF8150003A8C4F38111405C8DF819
:106C3000160004F0030002A9085C8DF8100002A8F9
:106C4000C4F3C101405C8DF8110002A8C4F38111A6
:106C5000405C8DF8120005AA032140F22640FFF7A0
:106C6000D3FD18B14FF0FF3006B010BD04AA0321C8
:106C700040F22A40FFF7C8FD10B14FF0FF30F3E7B4
:106C8000019805900098049004F0040058B19DF814
:106C9000140040F001008DF814009DF8100040F041
:106CA00001008DF8100004F0200058B19DF8150087
:106CB00040F001008DF815009DF8110040F0010032
:106CC0008DF8110004F4807058B19DF8160040F062
:106CD00001008DF816009DF8120040F001008DF8BB
:106CE000120005AA03214FF48860FFF78DFD10B153
:106CF0004FF0FF30B8E704AA032140F23140FFF71C
:106D000083FD10B14FF0FF30AEE7B348048100209F
:106D1000AAE71FB50446B048007A00F0030054F813
:106D200020000190AC48007A00F0040010B10198F6
:106D300040420190A848007AC0F3C10054F82000F6
:106D40000290A548007A00F0200010B1029840425D
:106D50000290A148007AC0F3811054F820000390FB
:106D60009D48008900F4807010B103984042039060
:106D70009A49019880FB0101800F40EA810001904F
:106D80009649029880FB0110820042EA91700290BD
:106D90009249039880FB0110820042EA91700390AF
:106DA0000198000E8DF800000198000C8DF801008C
:106DB0000198000A8DF802000198C0B28DF8030016
:106DC0006A4604214FF47470FFF71EFD18B14FF0AE
:106DD000FF3004B010BD0298000E8DF8000002983C
:106DE000000C8DF801000298000A8DF8020002984C
:106DF000C0B28DF803006A4604214FF47570FFF7A6
:106E000003FD10B14FF0FF30E3E70398000E8DF85B
:106E100000000398000C8DF801000398000A8DF81B
:106E200002000398C0B28DF803006A4604214FF4B3
:106E30007670FFF7E9FCCCE770B588B0064601A88C
:106E4000FEF7E9FEBDF804000021C90341EA504500
:106E5000C4036148007A00F0030056F82000059052
:106E60005D48007A00F0040010B10598404205909A
:106E70005948007AC0F3C10056F8200006905648E1
:106E8000007A00F0200010B1069840420690524867
:106E9000007AC0F3811056F8200007904E48008910
:106EA00000F4807010B10798404207900598C11710
:106EB000A0FB042301FB043100FB0510810041EA23
:106EC000927005900698C117A0FB042301FB0431C2
:106ED00000FB0510810041EA927006900798C117E7
:106EE000A0FB042301FB043100FB0510810041EAF3
:106EF000927007900598000E8DF808000598000C18
:106F00008DF809000598000A8DF80A000598C0B2AE
:106F10008DF80B000698000E8DF80C000698000CFA
:106F20008DF80D000698000A8DF80E000698C0B284
:106F30008DF80F000798000E8DF810000798000CD0
:106F40008DF811000798000A8DF812000798C0B25A
:106F50008DF8130002AA0C214FF42570FFF754FCA2
:106F600008B070BD30B585B004461DA207CA02AB9B
:106F700007C3C82C03DD4FF0FF3005B030BDC8207B
:106F800090FBF4F0401E85B2280A8DF80000E8B2AC
:106F90008DF801006A46022140F21620FFF734FC0A
:106FA00010B14FF0FF30E8E702AA0C2140F6C120F3
:106FB000FFF72AFC10B14FF0FF30DEE7064884816E
:106FC0000020DAE7989C00084CCD6C000CC92C001E
:106FD00036567600264666008C03002009E3CA0276
:106FE000FEF2ABC4AAF1DFDFBBAFDFDF0146FC4836
:106FF00080890880002070472DE9FC4706460F462F
:1070000006F0070010B1B7F5C86F03DD4FF0FF3091
:10701000BDE8FC87384601F00CF88146F14900F0E4
:1070200039FE80466846FEF77AFD9DF8000002288A
:1070300006D0042816D0082826D0102848D135E0DC
:107040004FF08D41404600F0F3FD814601F020F8FD
:1070500084B2E549404600F0EBFD814601F018F8A6
:1070600085B238E04FF08C41404600F0E1FD8146AA
:1070700001F00EF884B2DD49404600F0D9FD8146AA
:1070800001F006F885B226E04FF08B41404600F053
:10709000CFFD814600F0FCFF84B2D549404600F0A8
:1070A000C7FD814600F0F4FF85B214E04FF08A413D
:1070B000404600F0BDFD814600F0EAFF84B2CD49B4
:1070C000404600F0B5FD814600F0E2FF85B202E0E7
:1070D0004FF0FF309CE700BF20128DF80400E0B2B3
:1070E0008DF8050028128DF80600E8B28DF807002B
:1070F00006F00100A0B101AA02214FF4EA70FFF7E7
:1071000083FB10B14FF0FF3082E70DF10602022140
:107110004FF49270FFF778FB10B14FF0FF3077E734
:1071200006F00200A0B101AA02214FF4EC70FFF7B3
:107130006BFB10B14FF0FF306AE70DF10602022140
:107140004FF49470FFF760FB10B14FF0FF305FE732
:1071500006F00400A0B101AA02214FF4EE70FFF77F
:1071600053FB10B14FF0FF3052E70DF10602022140
:107170004FF49670FFF748FB10B14FF0FF3047E730
:10718000002045E738B504460020009004F00100D7
:1071900020B19DF8000040F03000009004F00200A3
:1071A00020B19DF8000040F00C00009004F00400B5
:1071B00020B19DF8000040F0030000906A460121D4
:1071C0004FF4A470FFF720FB38BD38B50446012CFE
:1071D00001DA012402E0042C00DD0424601EC0B2A8
:1071E00000906A46012140F24F10FFF70DFB38BDB9
:1071F00038B50446052094FBF0F085B228128DF8CE
:107200000000E8B28DF801006A4602214FF4EF70E9
:10721000FFF7FAFA38BD38B50446052094FBF0F0C4
:1072200085B228128DF80000E8B28DF801006A4698
:1072300002214FF4ED70FFF7E7FA38BDF8B50546C7
:107240000E464FF47A7095FBF0F000FB06F4200E2A
:107250008DF80000200C8DF80100200A8DF8020046
:10726000E0B28DF803006A4604214FF4AE70FFF7D8
:10727000CBFAF8BD38B50446052094FBF0F084B293
:1072800020128DF80000E0B28DF801006A4602215C
:107290004FF4AD70FFF7B8FA38BD38B50446052095
:1072A00094FBF0F084B220128DF80000E0B28DF86B
:1072B00001006A4602214FF4AC70FFF7A5FA38BD11
:1072C00038B5044614B94FF0FF3038BD6A46042182
:1072D0004FF45870FFF7D5FA10B14FF0FF30F4E7D4
:1072E0009DF8000000069DF8011040EA01409DF85D
:1072F000021040EA01209DF803100843206000209E
:10730000E3E738B50446200E8DF80000200C8DF818
:107310000100200A8DF80200E0B28DF803006A46F1
:1073200004214FF45870FFF76FFA38BD38B50446A2
:1073300014B94FF0FF3038BD6A4604214FF4717024
:10734000FFF79FFA10B14FF0FF30F4E79DF800000F
:1073500000069DF8011040EA01409DF8021040EA45
:1073600001209DF80310084300EB8000800020609E
:107370000020E0E738B504461420B4FBF0F4200EFA
:107380008DF80000200C8DF80100200A8DF8020015
:10739000E0B28DF803006A4604214FF47170FFF7E4
:1073A00033FA38BD38B5044664B120208DF80000AA
:1073B00028208DF8010030208DF8020038208DF84B
:1073C000030004E0A3220421684600F0AEFB6A46F5
:1073D000042140F69E20FFF717FAFDF779FE38BD2D
:1073E0008C03002000004843000040460000C045D8
:1073F000000040450000C04438B5044664B1C020D8
:107400008DF80000C2208DF80100C4208DF8020024
:10741000C6208DF8030004E08B220421684600F0AA
:1074200084FB6A46042140F69820FFF7EDF9FDF74A
:107430004FFE38BD3EB504466CB1FDA1D1E9002038
:107440008968CDE9002002916A4609214FF49760CE
:10745000FFF7DAF93EBDF9A2D2E900109268CDE952
:10746000010200916A4609214FF49760FFF7CCF9B9
:10747000F0E73EB5044602208DF80000CA208DF8E2
:107480000100E3208DF8020009208DF803006A4610
:1074900004216820FFF7B8F9A3208DF8000004F05C
:1074A000400048B1C0208DF80100C8208DF80200CE
:1074B000C2208DF8030006E0A3208DF801008DF8AE
:1074C00002008DF8030004F4C07048B1C4208DF8A8
:1074D0000400CC208DF80500C6208DF8060006E0DB
:1074E000A3208DF804008DF805008DF80600A32078
:1074F0008DF807008DF808008DF809006A460A210A
:1075000040F6A720FFF780F904F0030018B120200F
:107510008DF8000002E0D8208DF800006A460121B5
:1075200040F6B620FFF770F904F0200018B10120F2
:10753000FFF780FF02E00020FFF77CFF04F4C0703B
:1075400008B304F4807060B1B2208DF800008B2085
:107550008DF80100B6208DF802009B208DF8030005
:107560000BE0B0208DF8000080208DF80100B420E1
:107570008DF8020090208DF803006A46042140F641
:10758000A220FFF741F904F0010020B3F8208DF8A4
:1075900000006A4601214FF40B60FFF735F9FA212C
:1075A0000720FFF729FD0720FFF7ECFD0120FFF77B
:1075B0000CFE6420FFF71CFE4FF4FA70FFF72BFE61
:1075C000C821A148FFF73AFE2820FFF753FE0A2002
:1075D000FFF763FE08E0D8208DF800006A4601211D
:1075E0004FF40B60FFF710F904F0020018B1D92036
:1075F0008DF8000002E0D8208DF800006A460121D5
:1076000040F23D70FFF700F904F0040018B10120CA
:10761000FFF7F2FE02E00020FFF7EEFE04F010009C
:1076200018B10120FFF7BEFE02E00020FFF7BAFE0E
:1076300044F0080085494881FDF74AFD0020834950
:10764000887304F0400018B10846807B801D887361
:1076500004F4C07020B17D48807B801D7B49887315
:1076600004F0140020B17948807B1030774988738A
:1076700004F0030020B17548807B001D73498873B6
:1076800000203EBD014671484089088000207047B7
:107690002DE9F0410446E07800F0C006E07800F003
:1076A0003F05607800F0010098B1EF102846E91717
:1076B00005EB5171C910A5EBC101491C01F0FF0890
:1076C0006248006820B161484146026838469047E8
:1076D00000BF607800F0080030B15C48406818B125
:1076E000B0115A4A516888470020BDE8F08110B5B2
:1076F00086B0044656A207CA03AB07C357A207CAFF
:107700008DE80700012C09D0022C0ED103AA0B2111
:1077100040F68220FFF778F806B010BD6A460B21CC
:1077200040F68220FFF770F8F6E74FF0FF30F3E7FE
:107730002DE9F04F8DB00746884615469946DDE99C
:10774000166B0024002030804049887B5A4605A9EA
:10775000FEF7BDFB18B1601E0DB0BDE8F08F3B48D1
:10776000807A00F01400002861D09DF81400000613
:107770009DF8151040EA01409DF8161040EA0120DE
:107780009DF81710084328609DF8180000069DF822
:10779000191040EA01409DF81A1040EA01209DF8B6
:1077A0001B10084368609DF81C0000069DF81D1022
:1077B00040EA01409DF81E1040EA01209DF81F108C
:1077C0000843A8609DF8200000069DF8211040EABB
:1077D00001409DF8221040EA01209DF82310084343
:1077E000E86004F11000C4B22868001401906868D1
:1077F00000140290A86800140390E8680014049034
:1078000001984043029901FB0100039901FB01002B
:10781000049901FB010ABAF1706F02DBBAF1885FCB
:1078200022DDFDF755FC00203080401E94E721E06A
:10783000B8AAB38DB4980D355D000000B8AAAAAA05
:10784000B088C3C5C700000009E3CA028C0300204A
:10785000D8B1B9F38BA391B609B4D900DAB1B9F3B1
:107860008BA391B6DAB4DA00B6F9000040F4807068
:10787000308000BF7848807A00F0400020B305A92E
:10788000601C085C095D40EA012000B2A8F8000015
:1078900005A9E01C095C05AAA01C105C41EA0020B7
:1078A00000B2A8F8020005A9601D095C201D105C4B
:1078B00041EA002000B2A8F80400A01DC4B2B6F945
:1078C000000040F0080030806348408900F4C07038
:1078D00008B305A9601C085C095D40EA012000B2FC
:1078E000388005A9E01C095C05AAA01C105C41EACF
:1078F000002000B2788005A9601D095C201D105C85
:1079000041EA002000B2B880A01DC4B2B6F9000060
:1079100040F0700030805048807A00F0030018B1C9
:1079200005A90819FFF7B4FE4846FAF7A8FC00209D
:1079300012E701464848016000207047014646486A
:10794000416000207047014691F90020002A01DDC6
:1079500000201EE091F90020002A01DA042018E03E
:1079600091F90120002A01DD012012E091F90120A6
:10797000002A01DA05200CE091F90220002A01DD3D
:10798000022006E091F90220002A01DA062000E038
:107990000720704770B505462846FFF7D4FF044618
:1079A000E81CFFF7D0FF44EAC00084B2A81DFFF72F
:1079B000CAFF44EA801084B2204670BD70B588B01A
:1079C00002A905A8FEF795FE0446032C3FD101A8A5
:1079D000FEF704F9059800F023FB0646019900F034
:1079E00027F9054600F03BFB0590069800F018FBD0
:1079F0000646019900F01CF9054600F030FB0690A0
:107A0000079800F00DFB0646019900F011F90546B4
:107A100000F025FB079005A8FFF77BF96846FEF705
:107A2000FAF8BDF80010029848430290BDF8001023
:107A3000039848430390BDF800100498484304900D
:107A400002A8FFF7F9F905A0FDF735F802E00CA050
:107A5000FDF731F808B070BD8C03002073657474B5
:107A6000696E67206269617320737563636573660D
:107A7000756C6C79202E2E2E2E2E2E0A0000000002
:107A80006269617320686173206E6F74206265653E
:107A90006E206D6F646966696564202E2E2E2E2E11
:107AA0002E0A00002DE9F0410024061B254671F145
:107AB000000605DA01240027D0EB070067EB01017F
:107AC000161E73F1000605DA0027D2EB0702012526
:107AD00067EB030300F062FB86460E4617469C46A2
:107AE000AC4204D00025D0EB050E65EB010624B1B5
:107AF0000020D2EB000760EB030C704631463A469B
:107B00006346BDE8F08140EA01039B0703D009E02A
:107B100008C9121F08C0042AFAD203E011F8013B79
:107B200000F8013B521EF9D27047D2B201E000F8D2
:107B3000012B491EFBD270470022F6E710B5134611
:107B40000A4604461946FFF7F0FF204610BD421EC4
:107B500012F8013F002BFBD111F8013B02F8013B69
:107B6000002BF9D1704730B504460020034600E0F1
:107B70005B1C934203D2E05CCD5C401BF8D030BD6F
:107B8000F0B480EA0102D40F4200B2EB410F02D2FE
:107B90000246084611464A0042D0C30DDDB2C1F389
:107BA000C752AD1A202D35DAC1F3160141F4000297
:107BB00004B15242C5F1200602FA06F12A411044EE
:107BC000B3EBD05F23D0C4B1012DA0EBC35009DCCF
:107BD000F0BC4FF0004202EAC352DBB200F50000F5
:107BE00000F037BB400000F1807000EBC350A0F103
:107BF000807040EAD170490009E0490841EAC0714B
:107C0000A0EBC35000F50000400800EBC350F0BCEF
:107C100000F016BB6142012202EB4101001BF6E7B6
:107C2000F0BC704781F00041AAE780F00040A7E770
:107C300080EA010210B502F00043400022D04A0061
:107C40001FD0010E01EB1261C0F35600C2F35602C1
:107C500040F4000042F40002A0FB022000047F393F
:107C6000140400D0401C50EA124001D44000491EC8
:107C7000C2B20C0604EBD010401C4008802A02D08F
:107C800003E0002010BD20F00100002900DA0020F0
:107C9000184310BD30B480EA010202F0004530F014
:107CA000004221F0004013D090B1C30DD40DC2F3B7
:107CB0001601C0F31600E41A41F4000140F400027A
:107CC0007D34914201D3641C00E04900002C02DAAB
:107CD00030BC002070474FF400000023914201D3D4
:107CE000891A034340084FEA4101F7D151B191424B
:107CF00002D14FF0004105E002D24FF0010101E056
:107D00006FF0010103EBC450284430BC00F098BA76
:107D10002DE9FE4F804681EA0300C00F0C4600901B
:107D200021F0004123F00045B8EB0200A94105D243
:107D30004046214690461C460B46024623F0004032
:107D4000104347D0270DC7F30A00C3F30A5102902E
:107D5000401A019040286BDAC3F3130040F4801BF3
:107D60000098924620B10023D2EB030A63EB0B0B81
:107D700001985946C0F14002504600F040FA0646CC
:107D80000D4650465946019A00F048FA10EB08009B
:107D90006141002487EA115284EAE7731A4340D014
:107DA000009A62B3019A012A4FEA075215DC001BC0
:107DB00061EB02014FF0004202EA0752CDE90042B6
:107DC000001C41F5801132462B4600F07FFA03B0CB
:107DD000BDE8F08F40462146F9E7001B61EB020148
:107DE000001C41F5801300185B412018A2F5001714
:107DF00047EB030140EAD570B6196D4111E06D08FB
:107E00004FEA360645EAC0754FEA0752001B61EBA0
:107E10000201001C41F5801149084FEA30000019A9
:107E2000514132462B4603B0BDE8F04F00F03FBA57
:107E30000098012240000023D0EB020263EBE073C4
:107E4000009821464FEAE074B8EB000061EB0401B2
:107E5000E9E783F000435BE781F0004158E72DE953
:107E6000FE4F81EA030404F0004421F00041009435
:107E70004FF0000B23F0004350EA01045ED052EAB9
:107E800003045BD0C3F30A54C1F30A552C44A4F293
:107E9000F3340194A0FB0254C1F3130141F48011A7
:107EA000C3F3130343F4801301FB024400FB034EAE
:107EB000840A970A44EA815447EA8357A4FB076877
:107EC00002958D0A05FB07854FEA932C04FB0C54A1
:107ED0002705029D4FEA065847EA1637B5EB080515
:107EE0006EEB070C870E920E47EA811742EA831267
:107EF000A7FB0201B6EB0B0164EB00042B0D43EA78
:107F00000C335E1844EB1C50DA465146E7FB020185
:107F1000C5F313044FEA0B3343EA14534FEA043218
:107F2000019C43EA0603A4F10C040294009CCDE9F1
:107F300000B400F0CBF903B0BDE8F08F002001469B
:107F4000F9E72DE9F04D81EA030404F0004B21F03C
:107F5000004514464FF0000A23F0004150EA0502A4
:107F600020D054EA01021DD0C5F30A570246C5F3DA
:107F70001303C1F31300C1F30A5640F4801543F410
:107F80008013A7EB0608101BD64608F2FD3873EBEA
:107F9000050002D308F1010801E092185B41B8F135
:107FA000000F03DA00200146BDE8F08D00204FF4F9
:107FB0008011064684460EE0171B73EB050705D3B8
:107FC000121B63EB050306434CEA010C49084FEA18
:107FD000300092185B4150EA0107EDD152EA0300EC
:107FE00012D082EA040083EA0501084305D0101B81
:107FF000AB4106D20122002306E000224FF00043ED
:1080000002E06FF0010253101AEB06004CEB08512E
:1080100010EB0A0041EB0B01BDE8F04D00F047B951
:10802000C10F80EAE0700844CA079623002100F0DF
:1080300010B996230022114600F00BB90EB5C10FFE
:1080400080EAE0700844CA07002140F233438DE81B
:108050000E000A460B4600F039F903B000BD00F0EF
:10806000004220F00040C10DC0F3160040F40000B3
:108070007F2901DA00207047962903DCC1F19601BF
:10808000C84001E096398840002AF4D04042704749
:1080900020F00040C10DC0F3160040F400007F291D
:1080A00001DA00207047962903DCC1F19601C8402F
:1080B000704796398840704700F0004230F0004029
:1080C0000AD0C10D01F56071C0F3160042EA0151FA
:1080D000C208400711437047002001467047000066
:1080E00030B5041E71F1000404DB4FF0004440423F
:1080F00064EB0101141E73F1000405DB1C464FF014
:108100000043524263EB04038B4208BF824230BDFE
:1081100001F0004330B421F0004150EA010206D0E2
:108120000A0DA2F56072C1F31301002A02DC30BC13
:1081300000207047440F44EAC104C100E01830BC7D
:1081400000EBC25000F07CB8002801DBC0F1004019
:10815000002901DBC1F1004181427047002801DBA9
:10816000C0F10040002901DBC1F1004188427047A5
:1081700030B50B46014600202022012409E021FAF7
:1081800002F59D4205D303FA02F5491B04FA02F5F4
:108190002844151EA2F10102F1DC30BD2DE9F05F8B
:1081A0000546002092469B46884606468146402466
:1081B0001BE0284641464746224600F02FF9534629
:1081C0005A46C01A914110D311461846224600F073
:1081D00016F82D1A67EB01084F46224601200021B0
:1081E00000F00DF817EB00094E41201EA4F1010428
:1081F000DFDC484631462A464346BDE8F09F202A48
:1082000004DB203A00FA02F1002070479140C2F1ED
:10821000200320FA03F3194390407047202A06DB1D
:10822000CB17203A41FA02F043EAE07306E041FA44
:1082300002F3D040C2F12002914008431946704732
:108240000029A8BF7047401C490008BF20F001006A
:10825000704710B4B0FA80FC00FA0CF050EA010448
:1082600004BF10BC704749B1CCF1200421FA04F4DA
:1082700011FA0CF118BF012121430843A3EB0C01B3
:10828000CB1D4FEA00614FEA102042BF002010BC16
:10829000704700EBC35010440029A4BF10BC7047C6
:1082A000401C490008BF20F0010010BC704710B509
:1082B000141E73F1000408DA401C41F10001921809
:1082C0005B411A4301D120F0010010BD2DE9F04DB2
:1082D00092469B4611B1B1FA81F202E0B0FA80F207
:1082E00020329046FFF78BFF04460F4640EA0A0013
:1082F00041EA0B0153465A46084313D0114653EA4C
:10830000010019D0C8F14002504600F087F8054638
:108310000E46504659464246FFF771FF084305D0C6
:10832000012004E020463946BDE8F08D00200543D9
:1083300046EAE0762C4337430A986305E40AA0EB4B
:1083400008000022FD0A44EA47540A3002D5002002
:108350000146E9E7010510196941DDE90845001901
:108360006941BDE8F04DA2E770B521F00043034339
:108370000CD0C1F30A550024D5EB040564EB0403CB
:10838000D617AD1AB34102DB0020014670BD20189C
:1083900041EB025170BDC1F30A52C1F3130140F227
:1083A000FF3341F480119A4202DA002001467047FF
:1083B00040F233439A42A2F2334202DC524200F0CE
:1083C0002DB8FFF71CBF000030B5041E71F100048A
:1083D00004DB4FF00044404264EB0101141E73F1D2
:1083E000000405DB1C464FF00043524263EB0403DC
:1083F000994208BF904230BD064C074D06E0E06848
:1084000040F0010394E8070098471034AC42F6D3DB
:10841000F7F770FEF0AA000810AB0008202A04DB72
:10842000203A21FA02F00021704721FA02F3D040ED
:10843000C2F1200291400843194670472DE9F04DE2
:1084400000231A461B1A8A4103DB00200146BDE8BF
:10845000F08DC1F30A52C1F3130141F480154FF0BE
:10846000000BD10702D100186D41521E00270446AF
:1084700040F2FF11384601EB620A3E468046024652
:1084800000204FF48011FFF7C9FFC2197141BB18DA
:1084900046EB0100B4EB030C75EB000C04D3E41ABB
:1084A00065EB000517460E46241908F101006D41E1
:1084B00080463428E3DDF91946EB0600091BA84184
:1084C00003D24FF0FF32134601E0002213461BEBAC
:1084D000070046EB0A51BDE8F04DFFF7E8BE0EB5C8
:1084E00040F2334102910021CDE900110A460B46CA
:1084F000FFF7ECFE03B000BD70B5C1F30A5201F006
:1085000000450024C1F3130140F2FF3341F4801110
:108510009A4201DA002070BD40F233439A42A2F23F
:10852000334203DC5242FFF779FF00E090402C43D6
:10853000F1D0404270BD70B58C1810F8015B15F099
:10854000070301D110F8013B2A1106D110F8012BC5
:1085500003E010F8016B01F8016B5B1EF9D12B07EA
:1085600005D40023521E0DD401F8013BFAE710F8A0
:10857000013BCB1A921C03E013F8015B01F8015B8D
:10858000521EF9D5A142D8D3002070BD0FB4054BBF
:1085900010B503A9044A029800F02AFC10BC5DF84B
:1085A00014FB0000DF480008100200200FB4084B45
:1085B00010B504A902AA039800F01AFC044602A907
:1085C000002000F0ACFF204610BC5DF814FB00005A
:1085D0001F950008490050EAC12018BF04204A0D29
:1085E00018BF40F0010040F2FF72B2EB515F08BFCC
:1085F00040F00200012808BF052070472DE9F74F21
:10860000144694B00021C4E902111599079121F094
:108610000045C9498D4206DC1599C4E9000117B02F
:108620000020BDE8F08FC549DFF814A3A9423CDD66
:108630000799C44E0029C44FC44A1599534619DD01
:10864000FFF707FC554506D0C14AC24BFFF701FCB6
:10865000C4E900010AE04FF0D352BE4BFFF7F9FB2B
:1086600032463B46FFF7F5FBC4E9000117B0012095
:10867000BDE8F08FFFF74CFB554506D0B44AB54B2B
:10868000FFF746FBC4E900010AE04FF0D352B14BBB
:10869000FFF73EFB32463B46FFF73AFBC4E90001D9
:1086A00017B04FF0FF30BDE8F08FAB49A9421599E4
:1086B00078DB21F0004183468846A84AA84BFFF7A3
:1086C000CEFB0022A74BFFF723FBFFF715FF099016
:1086D000FFF7B4FC06460F469C4A5346FFF7BFFB24
:1086E00043465A46FFF7B8FB80468A46984A994B5C
:1086F00030463946FFF7B3FB2A0D01250B9242465F
:108700005346FFF7A9FB032DC4E9000139D00B98AC
:10871000C1F30A51401A05EB45111139814230DA93
:108720009148C346784400EB0510CDF80CA00C909E
:10873000D0E9002330463946FFF791FB02460B464D
:108740000491069058460399FFF783FB80468A46BA
:1087500002460B4658460399FFF77BFB049B069A9B
:10876000FFF777FB83460C9803913946D0E9022343
:108770003046FFF774FB5A46039BFFF76AFB6D1CFC
:10878000BDE707980028A2BF099817B0BDE8F08F91
:10879000616881F000416160099817B04042BDE80E
:1087A000F08FFFE784461598C1F31301C0F30A5018
:1087B000A0F2F5304FEA601800F01F06C6F1200065
:1087C000139000200690079041F4801E05206D460E
:1087D00076B1664A08EB00017A4452F8213002EB88
:1087E0008101B3404A68139922FA01F1194305E067
:1087F0005F4908EB0002794451F82210A1FB0E27D3
:10880000A1FB0C131A449A4234BF0123002303EB4B
:10881000070A05EB8003D3E901B70F448F4234BF49
:108820000121002193448B4411B1934502D903E007
:10883000934501D2012100E00021C3E901B7514471
:1088400045F82010011EA0F10100C1DC0298059F2F
:1088500000F10050800F12900298DDE9035680006D
:10886000FFF7ECFB834628460D91FFF738FE6FF0CB
:108870001D02FFF779FDCDE90E013046FFF72FFE0F
:108880006FF03D02FFF770FD80468A463846FFF7DD
:1088900026FE6FF05D02FFF767FD0746424653462E
:1088A0001191FFF735FADDE90E23FFF731FA5A4649
:1088B0000D9BFFF72DFA00250E465A4628460D9BC4
:1088C000FFF7C7FADDE90E23FFF7C3FA4246534626
:1088D000FFF7BFFA3A46119BFFF7BEFADFF898A000
:1088E000244A5346FFF7BBFA07468846234A244BDF
:1088F00031462846FFF7B3FA3A464346FFF708FAEF
:10890000074688464FF0A842534631462846FFF7AF
:10891000A6FA3A464346FFF7FBF9159A12F0004FC4
:1089200004D0129A81F0004152421292C4E900012F
:10893000129817B0BDE8F08FFB21E93F7CD90240C7
:10894000FB21F93F7370032E8A19A33B00004054AA
:108950003163621A61B4D03DFB21394183C8C96DCE
:10896000305FE43F0000E03F882200000422000066
:10897000E6210000182D4454FB21F93D3326A611B1
:10898000460B113C2DE9FF4D21F0004807460C46EF
:10899000B8F1795F08DAFFF7AFFD002801BF0020CA
:1089A000324904B0BDE8F08D3A46234610461946D8
:1089B000FFF755FA054602462D480E460B4606219E
:1089C000784400F05DF82A463346FFF748FADDE9BF
:1089D000022382468B4638462146FFF740FA04467A
:1089E0000F4652465B4628463146FFF738FA224684
:1089F0003B46FFF72EFA07468A464FF0FF322846DD
:108A00003146FFF7B1FC1B4A90450ADA3A46534615
:108A1000FFF71FFA04B00022BDE8F04D134BFFF73B
:108A20001BBA154A4245A8BFA8F500154FF000042F
:108A3000B8BF124D22462B46FFF70BFA0646884672
:108A400022462B4600200949FFF703FA04460D464B
:108A50003A46534630464146FFF7FBF904B02246FA
:108A60002B46BDE8F04DFFF7F7B900000000F03FDE
:108A7000B41F00003333D33F0000E93F0000D23F72
:108A80002DE9F0414F1E00EBC7010446D1E900017A
:108A900015461E4637F006020DD02A463346FFF72C
:108AA000DEF97F1E04EBC703D3E90023FFF730F99B
:108AB00037F00602F1D1022F25D0042F13D0062F54
:108AC00018BFBDE8F0812A463346FFF7C8F9D4E95C
:108AD0000A23FFF71DF92A463346FFF7C0F9D4E908
:108AE0000823FFF715F92A463346FFF7B8F9D4E90A
:108AF0000623FFF70DF92A463346FFF7B0F9D4E90C
:108B00000423FFF705F92A463346FFF7A8F9D4E90D
:108B10000223FFF7FDF82A463346FFF7A0F9D4E910
:108B20000023BDE8F041FFF7F3B800002DE9FF4D49
:108B3000054621F0004084B00C46B0F1795F0BDAB5
:108B40002846FFF747FD042808BF00F071F82846C3
:108B500008B02146BDE8F08D2A460B461046FFF7C7
:108B60007EF906460F462A462346FFF778F98046E7
:108B700026488A4632463B4605217844FFF780FF67
:108B800083461098029160B3214A224B40465146D9
:108B9000FFF765F9CDE900015A4640465146029B70
:108BA000FFF75DF982468846DDE906014FF0FF32A6
:108BB000FFF7DAFB52464346FFF74BF932463B4696
:108BC000FFF74DF9DDE90623FFF743F9DDE900235F
:108BD000FFF73FF908B02A462346BDE8F04DFFF7FE
:108BE0003BB90B465A4630463946FFF738F9084A32
:108BF000084BFFF78DF842465346FFF730F908B0AF
:108C00002A462346BDE8F04DFFF782B8FA1E000061
:108C1000495555555555C5BF0122FFF7A5BBFFF76F
:108C200077B80022134610461146FFF78AB90000B4
:108C3000024A00201107FFF797BB000001FDFFFF6C
:108C400002E008C8121F08C1002AFAD17047704715
:108C5000002001E001C1121F002AFBD17047000073
:108C60000149086070470000140200202DE9FF5FF1
:108C700082B00021DDE90430020DDDF840B003438D
:108C800018D044F61050A2F2FF3242431514119846
:108C900001281FD0A5EB0B00401C5FEA000A4FF033
:108CA00000064E4FDFF83891B046504615D5CAF150
:108CB000000413E0119801244AA3012801D16FEAAE
:108CC0000B010298119AC0E90031C0E9024206B0D6
:108CD000BDE8F09FCBF10000DFE704460021404AE9
:108CE000491842EB0450CDE9001012E0E00707D02C
:108CF00032463B4640464946FFF7B1F88046894632
:108D000032463B4610461946FFF7A9F806460F467D
:108D10006410002CEAD1DDE90401DDE90023BAF199
:108D2000000F06DAFFF79BF842464B46FFF797F82D
:108D300005E0FFF706F942464B46FFF702F9044605
:108D40000E460022284BFFF73FFB03D84FF0FF30C1
:108D5000014607E00022254B20463146FEF7D8FFAA
:108D6000FFF719FB102409E0002C0ADB0A2200237C
:108D7000FFF714FA039B30321A55641E50EA0102C1
:108D8000F2D1641C039AC4F111031444119A012A0C
:108D900003D0012208430DD10AE0084304D000208B
:108DA0004FF0110B119072E7A3EB0B056D1E0DE058
:108DB0005B4504DD4FF0000205F1010504E003DA34
:108DC0004FF00002A5F10105002AECD0029811999C
:108DD000C0E90231C0E9004579E700000000144015
:108DE0000000F03F300000000000F0430000E03FD2
:108DF0002DE9FF4F95B09B468946064600250FE2B8
:108E0000252877D100242746F84A0121059400E05F
:108E1000044316F8013F203B01FA03F01042F7D15A
:108E200030782A2811D06FF02F033078A0F130026B
:108E3000092A16D8059A44F0020402EB820203EBD9
:108E400042021044761C0590EFE759F8042B059276
:108E5000002A03DA504244F40054059044F002041E
:108E6000761C30782E2816D116F8010F44F0040431
:108E70002A280DD06FF02F023078A0F13003092B93
:108E800009D807EB870302EB4303C718761CF3E707
:108E900059F8047B761C30786C280FD006DC4C28FF
:108EA00017D068280DD06A2814D104E0742810D097
:108EB0007A280FD10DE044F400140AE044F4801441
:108EC00001E044F440147278824202D104F5801427
:108ED000761C761C307866280BD013DC582877D0A7
:108EE00009DC002875D04528F6D04628F4D047285C
:108EF0001AD19DE118E0632835D0642879D065281F
:108F000012D195E1702873D008DC6728F1D0692868
:108F10006FD06E280DD06F2806D1B5E073282CD005
:108F2000752875D0782874D05A46179990476D1CCB
:108F300075E1C4F30250022809D003280DD0D9F8F6
:108F4000001004280DD00D6009F1040967E1D9F87B
:108F50000010EA17C1E90052F6E7D9F800100D80B9
:108F6000F2E70D70F0E719F8041B8DF800100020EF
:108F70008DF80100EA46012003E059F804AB4FF0F8
:108F8000FF3061074FF0000102D40DE008F101014C
:108F90008846B9420FDA8045F8DB1AF80810002934
:108FA000F4D108E008F1010188468142FADB1AF8A1
:108FB00008100029F6D105985B46A0EB080721466A
:108FC0003846179A00F094FA284400EB080507E0A9
:108FD0004DE029E10DE01AF8010B5A461799904728
:108FE000B8F10108F7D25B4621463846179A13E1DB
:108FF00042E00A220092C4F302524FF0000A022A11
:1090000008D059F804CB032A4FEAEC710AD00DE0DE
:1090100029E02AE009F1070121F00702F2E802C184
:10902000914609E00FFA8CFC4FEAEC71042A03D157
:109030004FFA8CFC4FEAEC71002907DA0A4600214E
:10904000DCF1000C61EB02012D2202E0220504D5C7
:109050002B228DF80420012203E0E20701D0202218
:10906000F7E7904659E00A2102E010220DE01021B6
:109070004FF0000A00910BE010224FF0000A44F07C
:1090800004040827009203E008224FF0000A00922F
:10909000C4F30252022A05D059F804CB0021032A56
:1090A00008D009E009F1070121F00702F2E802C146
:1090B000914605E01FFA8CFC042A01D10CF0FF0C4C
:1090C0004FF00008220728D5702806D0009B83F0B7
:1090D000100353EA0A0305D00EE040228DF8042065
:1090E000012208E05CEA010206D030228DF804205B
:1090F0008DF8050002229046009B83F0080353EA96
:109100000A030AD15CEA010201D1620705D53022C7
:109110008DF804204FF001087F1E582804D034A099
:1091200003900EA802900DE036A0F9E75346604682
:10913000009AFFF733F884460398825C0298401E39
:10914000029002705CEA0100F0D1029806A9081AA8
:1091500000F1200A600702D524F4803400E00127E2
:10916000574502DDA7EB0A0000E0002000EB0A01F2
:10917000009005984144401A0590E00306D45B46F0
:109180002146179A059800F0B3F90544002706E038
:1091900001A85A46C05D179990476D1C7F1C474532
:1091A000F6DBE0030CD55B462146179A059800F0E4
:1091B0009FF9054404E030205A46179990476D1CEA
:1091C0000099481E00900029F5DC08E002980299F9
:1091D0005A460078491C0291179990476D1CBAF1C4
:1091E0000001AAF1010AF1DC65E100000928010093
:1091F000303132333435363738396162636465660D
:1092000000000000303132333435363738394142CE
:10921000434445460000000000F058F90544761C20
:10922000307800287FF4ECAD19B02846BDE8F08F07
:10923000620700D4062709F1070222F0070CFCE8B8
:109240000223E14603F000485FEA080C02D00FF267
:10925000702C0DE05FEA045C02D50FF2682C07E089
:109260005FEAC47C02D00FF2602C01E0AFF2700C18
:109270004FF0FF3823F00043CDF850C065280CD0E4
:1092800006DC452809D046281DD047283DD13DE0C1
:10929000662818D067287ED138E00021112F01DB25
:1092A000112000E0781CCDE9000106A90EA8FFF707
:1092B000DDFCDDE90F010E9A03910021009207F118
:1092C000010A04914DE04FF000400097CDE90110F4
:1092D00006A90EA8FFF7CAFCDDE90F0203920E9B58
:1092E00011990022DDF80CA00093049211B9791CA9
:1092F00000EB010AB7EB0A0004D4C0F1FF3007F11C
:10930000010A0490AAEB0700019044E0012F00DA63
:1093100001270021112F01DD112000E03846CDE9A1
:10932000000106A90EA8FFF7A1FCDDE90F010E9AC6
:109330000391002104910092BA4621070CD40399AD
:10934000514500DA8A46BAF1010F05DD009AAAF10B
:109350000101515C302908D0B84202DA10F1040F43
:1093600006DA0121CDE9011015E0AAF10101E9E7D2
:10937000002805DC049901440491AAEB000102E0F5
:10938000411C514500DD8A460499401A401C019059
:109390004FF000400290200704D40198504501DBB3
:1093A000CDF8048000208DF84F0002980DF14F0792
:1093B000B0F1004F25D02B200E9002984FF00208FC
:1093C00000280CDA404202902D200E9007E00A217E
:1093D0000298FEF7CDFE3031029007F8011DB8F17A
:1093E0000001A8F10108F2DC02980028EFD1791EF3
:1093F0000E980870307800F0200040F0450007F823
:10940000020D12A8C01B00F107081498007800B1E3
:10941000012000EB0A01019801EBE071059841443D
:10942000401A401E0590E00306D45B462146179A79
:10943000059800F05DF805441498007818B15A4674
:10944000179990476D1CE00324D55B462146179A77
:10945000059800F04DF805441CE00498002807DB4F
:10946000DDE90301884203DD0098405C179901E0C3
:10947000179930205A469047049805F10105401C81
:1094800004900198401E019004D12E205A4617994D
:1094900090476D1CBAF10001AAF1010ADDDC05E07C
:1094A00017F8010B5A46179990476D1CB8F1000147
:1094B000A8F10108F4DC5B462146179A0598ABE653
:1094C0002D0000002B000000200000002DE9F041DD
:1094D000044600251E461746880404D405E0394694
:1094E0002020B0476D1C641EF9D52846BDE8F081E8
:1094F0002DE9F041044600251E469046C80301D5DB
:10950000302700E02027880404D505E0414638468E
:10951000B0476D1C641EF9D52846BDE8F0810A6885
:10952000531C0B60107070472DE9F04D8D4F21F0EA
:10953000004A86B005460C46BA452ADBAAEB07006E
:1095400028430AD08848824501DC1AD1CDB106B043
:109550002846BDE8F04DFFF75FBB844A844B2846A0
:10956000FEF77DFC07460E46824A834B284621467D
:10957000FEF775FC06B03A463346BDE8F04DFEF7FF
:10958000C7BB0120FFF76CFB06B0BDE8F04DFFF74D
:1095900048BB7A48824542DABAF1795F0BDA28464D
:1095A000FFF718F8042808BFFFF742FB284606B06B
:1095B0002146BDE8F08D2A460B461046FEF74FFCCB
:1095C000834602466E480E460B4606217844FFF756
:1095D00057FA5A463346FEF742FC804669488A46A7
:1095E0005A46334604217844FFF74AFA5A4633462E
:1095F000FEF735FC00223B46FEF78AFB02460B468F
:1096000040465146FEF79DFC2A462346FEF727FCBE
:1096100006B02A462346BDE8F04DFEF779BB284642
:1096200024F0004100223D463B46FEF715FC4FF07A
:10963000FF32FEF799FE0646024653480F460B4698
:1096400006217844FFF71CFA32463B46FEF707FC3A
:10965000CDE900014D4832463B4604217844FFF7EE
:109660000FFA32463B46FEF7FAFB00222B46FEF786
:109670004FFB834602913046394600F0ADFA8046F2
:1096800043480D46504517DCDDE900015A46029B70
:10969000FEF757FC42462B46FEF7E1FB42462B46BF
:1096A000FEF736FB0122FEF75FFE304A304BFEF735
:1096B000D0FB304A304B4CE04FF0000A52460B468C
:1096C0004046FEF725FBCDE9031052462B461046D7
:1096D0001946FEF7C4FB32463B46FEF7BDFBDDE90B
:1096E0000332FEF72EFC06460F46DDE900015A461E
:1096F000029BFEF726FC8346009101223046394644
:10970000FEF732FE194A1A4BFEF7A6FB06460F4635
:10971000012240462946FEF727FE5A46009BFEF7E7
:109720009EFB32463B46FEF794FB06460F4601225F
:1097300050462946FEF718FE0E4DDFF858802A469F
:109740004346FEF789FB32463B46FEF785FB2A4639
:109750004346FEF781FB002CD8BF81F0004106B0E4
:10976000BDE8F08D0000F03F0000F07F075C14338F
:1097700026A6913C182D4454FB21F93F0000E03F00
:10978000C0120000D61200004A1200006012000051
:109790003333EF3FFB21E93F2DE9F84F04460D46F7
:1097A00021F0004000917349814211DC72498842E6
:1097B00001DC06D12CB120462946BDE8F84FFFF761
:1097C0002BBA6E48002DCCBF6D496E49BDE8F88FAD
:1097D0006D49814211DD6D498142D8BF4FF0FF369E
:1097E0006DDD20462946FEF7F5FE042808BFFFF789
:1097F0001FFA20462946BDE8F88F6549654F25F0D8
:109800000045814233DD6449814219DD002632463C
:109810004FF0804320462946FEF77AFA80468A4672
:10982000012220462946FEF79FFD00223B46FEF717
:1098300010FB42465346FEF784FB04460D463EE0CD
:1098400001260022BA463B4620462946FEF760FA2A
:1098500080460F460022534620462946FEF7F9FA75
:1098600042463B46FEF76DFB04460D4627E04B495A
:1098700081421BDDDFF828A1022600225346204644
:109880002946FEF7ECFA00223B46FEF741FA8046F5
:109890000F460022534620462946FEF7DAFA424692
:1098A0003B46FEF74EFB04460D4608E003262246E3
:1098B0002B4600203B49FEF744FB04460D4622465A
:1098C0002B4610461946FEF7CAFA8B4682460246D8
:1098D0000B46FEF7C4FA07460246334888460B4655
:1098E00006217844FFF7CCF852465B46FEF7B7FAFC
:1098F00082462E488B463A46434605217844FFF778
:10990000BFF83A464346FEF7AAFA02460B46002E37
:10991000504659460CDAFEF7FBF922462B46FEF775
:109920009EFA01B022462B46BDE8F04FFEF794BAEE
:10993000FEF7EEF922462B46FEF791FA1C4A7A44CE
:1099400002EBC603D3E90023FEF783FA22462B4637
:10995000FEF77FFA174A7A4402EBC603D3E90023E5
:10996000FEF77AFA009A002AB8BF81F00041BDE8FC
:10997000F88F0000000010440000F07F182D4454C0
:10998000FB21F93FFB21F9BF0000DC3F0000203E36
:109990000000F33F0000F03F0000E63F008003407E
:1099A0000000F83F0000F0BF62100000201000002F
:1099B000BE0F0000860F00002DE9F04D9446CCF15B
:1099C000000423F000464CEA0404524F46EAD474E3
:1099D0009A46884621F00042BC4206D8454240EAF9
:1099E000050442EAD474BC4204D9BDE8F04D624695
:1099F000FFF715B9AAF14055A5F17F6555EA0C04AA
:109A00000BD0022404EAAA74434DDFF810E144EAC3
:109A1000D87452EA000B04D00CE0BDE8F04DFFF71B
:109A2000BBBE002C14BF012CBDE8F08D022C30D041
:109A3000032C32D056EA0C0B0AD0BE4220D1BA42D7
:109A400009D126F0804622F080423346114617E0C5
:109A500000291ADB25E0DFF8C8B0FB44002C04BF66
:109A6000DBE90001BDE8F08D012C02BFDBE900015C
:109A700081F00041BDE8F08D022C0AD0032C0CD0FF
:109A8000BA4212D1B8F1000F0BDA23482549BDE8DC
:109A9000F08D28462449BDE8F08D28467146BDE882
:109AA000F08D1D482149BDE8F08D921B12153C2A0E
:109AB000C4BF19481D490EDCBAF1000FBEBF12F138
:109AC0003C0F0020014606DB6246FEF73AFA21F021
:109AD0000041FFF761FE002C08BFBDE8F08D012CAE
:109AE00004BF81F00041BDE8F08D114A114B022CFA
:109AF00007D0FEF7AEF92A46BDE8F04D0A4BFEF757
:109B0000A8B9FEF7A6F92A46BDE8F04D064BFEF7C8
:109B1000A3B900000000F07F182D4454FB2109C0B8
:109B20004A0F0000FB21F9BFFB210940FB21F93F4F
:109B3000075C143326A6A13C00B5254B21F000425A
:109B400087B09A4203DC0022134600922BE0214B9F
:109B50009A4208D140B94FF00100FFF781F8FFF7B2
:109B600060F807B000BD03DBFFF756F807B000BD93
:109B700002AAFEF743FD10F003014FF001000DD0E3
:109B8000012914D002291AD00DF1080C9CE80F000D
:109B9000FEF7F8FE07B081F0004100BD0DF1080CA2
:109BA00000909CE80F00FEF7C1FF07B000BD0DF16B
:109BB000080C9CE80F00FEF7E5FE07B000BD0DF1B4
:109BC000080C00909CE80F00FEF7B0FFE2E70000F1
:109BD000FB21E93F0000F07F2DE9F04106460F46EA
:109BE000FEF72CFC041E0D4618BF0120284320F070
:109BF0000040C0F17F6000F1E040C00F0ED0301C8B
:109C000018BF0120384320F00040C0F17F6000F110
:109C1000E040C00F04BF0120FFF722F8204629468C
:109C2000BDE8F08100000000000000000040654039
:109C3000B81E85EB51B8CE3F000000000000124076
:109C4000B81E85EB51B8BE3F680000047600540191
:109C5000F7FD000175191A0C6A231B1C1F20727472
:109C6000433B4138393A6B6C376F06246D6E700098
:109C70008300000000080000000100183200050009
:109C8000000020410000D242295C0F3E9A99993E83
:109C90003333733F295C0F3E000070000000002446
:109CA000000000020003000000650054FFEF000008
:109CB000FA80000B12820001030C30C30E8C8CE979
:109CC00014D5400213710F8E3883F8833000F88367
:109CD000258EF8833000F883FFFFFFFF0FFEA9D623
:109CE000240004001A8279A10000003CFFFF00005C
:109CF0000010000038836FA2003E033040000000D7
:109D000002CAE3093E8000002000000000000000BD
:109D10004000000060000000000C0000000C186E05
:109D2000000006920A16C0DFFFFF0256FD8CD377B3
:109D3000FFE1C496E0C5BEAA00000000FFFF0B2BA8
:109D400000001657000003594000000000001DFAF3
:109D500000026C1D000000003FFFDFEB003EB3B6C9
:109D6000000D227800002F3C00000000001942B5D1
:109D7000000039A20000B365D90E9FC91DCF4C3435
:109D800030000000500000003BB67AE8006400009C
:109D900000C8000000000000100000001000FA924F
:109DA0001000225E000D229F000100000032000022
:109DB000FF46000063D400001000000004D600003D
:109DC00004CC000004CC0000000010720000004031
:109DD000000000000000000000060002000500076F
:109DE000000000000064000000000000000000050A
:109DF00000050064002000000000000000000000DA
:109E0000000040000000030000000032F89800004D
:109E1000FF650000830F0000FF9BFC0000000000B6
:109E20000000000000000000000000000000000032
:109E30000000000000000000000000000000000022
:109E400000000000000010004000000000000006BC
:109E50000000B26A000200000001FB8300680000FD
:109E600000D9FC007CF1FF830000000000650000C9
:109E7000006403E8006400280000002500000000E2
:109E800016A000000000100000001000002F0000CD
:109E9000000001F40000100000280000FFFF4581D1
:109EA000FFFFFA72000000000000000000440005FF
:109EB0000005BAC6004778A20000000100000000BB
:109EC00000000600000000140000254D002F706DFA
:109ED000000005AE000C02D00000000000000000F1
:109EE0000000000000000000001B00000000000057
:109EF00000000000000000000064000000080000F6
:109F00000000000000000000000000000000000051
:109F10000000000000000000000000000000000041
:109F20000000000000000000000000000000000031
:109F30000000000000000000000000000000000021
:109F40000000000000000000000000000000000011
:109F50000000000000000000001B000000000000E6
:109F600000000000000E000E00000AC70004000000
:109F700000000032FFFFFF9C00000B2B00000002DE
:109F80000000000100000064FFE500000000000088
:109F900000000000000000000000000100000000C0
:109FA00000010000000000000001800000018000AE
:109FB00000018000002426D3000000000000000003
:109FC000000600100096003C0000000000000000A9
:109FD00000000000000000000C0A4E68CDCF770999
:109FE00050166759C619CE8200000000000000001C
:109FF0000000000000000000000000000000000061
:10A0000017D78400030000000000000000000000DB
:10A01000C7938F9D1E1B1C1900000000000000004C
:10A020000000000000000000000000000000000030
:10A030000203188500004000000000030000000338
:10A0400000000000000000004000000000000000D0
:10A050000000000000000000000000000000000000
:10A0600000000000000000000000000000000000F0
:10A07000000000000000000000000000677DDF7E9F
:10A0800072902E554CF6E68800000000000000009B
:10A090000000000000000000D8DCB4B8B0D8B9ABB4
:10A0A000F3F8FAB3B7BB8E9EAEF132F51BF1B4B83C
:10A0B000B08097F1A9DFDFDFAADFDFDFF2AAC5CD2D
:10A0C000C7A90CC92C97F1A989264666B28999A916
:10A0D0002D557DB0B08AA896365676F1BAA3B4B2A3
:10A0E00080C0B8A89711B28398BAA3F0240844108E
:10A0F0006418B2B9B49883F1A329557DBAB5B1A358
:10A100008393F0002850F5B2B6AA839328547CF1CB
:10A11000B9A3829361BAA2DADEDFDB819AB9AEF528
:10A12000606870F1DABAA2DFD9BAA2FAB9A3829252
:10A13000DB31BAA2D9BAA2F8DF85A4D0C1BBAD8306
:10A14000C2C5C7B8A2DFDFDFBAA0DFDFDFD8D8F132
:10A15000B8AAB38DB4980D355DB2B6BAAF8C961966
:10A160008F9FA70E161EB49AB8AA872C547CBAA447
:10A17000B08AB691325676B28494A4C808CDD8B8C5
:10A18000B4B0F19982A82D557D98A80E161EA22C68
:10A19000547C92A4F02C5078F184A898C4CDFCD8BB
:10A1A0000DDBA8FC2DF3D9BAA6F8DABAA6DED8BA28
:10A1B000B2B68696A6D0F3C841DAA6C8F8D8B0B42D
:10A1C000B882A892F52C548898F135D9F418D8F1B2
:10A1D000A2D0F8F9A884D9C7DFF8F883C5DADF6917
:10A1E000DF83C1D8F40114F1A8824EA884F311D101
:10A1F00082F5D992289788F109F41C1CD884A8F319
:10A20000C0F9D1D99782F129F40DD8F3F9F9D1D950
:10A2100082F4C203D8DEDF1AD8F1A2FAF9A8849832
:10A22000D9C7DFF8F8F883C7DADF69DFF883C3D866
:10A23000F40114F198A8822EA884F311D182F5D9E3
:10A2400092509788F109F41CD884A8F3C0F8F9D18A
:10A25000D99782F149F40DD8F3F9F9D1D982F4C430
:10A2600003D8DEDFD8F1AD8898CCA809F9D982925D
:10A27000A8F57CF1883ACF944A6E98DB6931DAAD63
:10A28000F2DEF9D88795A8F221D1DAA5F9F417D929
:10A29000F1AE8ED0C0C3AE82C684C3A88595C8A5D2
:10A2A00088F2C0F1F4010EF18E9EA8C63E56F55418
:10A2B000F18872F40115F19845856EF58E9E04883B
:10A2C000F142985A8E9E068869F4011CF1981E117D
:10A2D00008D0F504F11E970202983625DBF9D985DE
:10A2E000A5F3C1DA85A5F3DFD88595A8F309DAA52A
:10A2F000FAD88292A8F578F1881A849F2688982146
:10A30000DAF41DF3D8879F39D1AFD9DFDFFBF9F439
:10A310000CF3D8FAD0F8DAF9F9D0DFD9F9D8F40B80
:10A32000D8F3879F39D1AFD9DFDFF41DF3D8FAFC1A
:10A33000A869F9F9AFD0DADEFAD9F88F9FA8F1CC85
:10A34000F398DB45D9AFDFD0F8D8F18F9FA8CAF3D7
:10A350008809DAAF8FCBF8D8F2AD978D0CD9A5DF8D
:10A36000F9BAA6F3FAF412F2D8950DD1D9BAA6F338
:10A37000FADAA5F2C1BAA6F3DFD8F1BAB2B6869678
:10A38000A6D0CAF349DAA6CBF8D8B0B4B8D8AD8411
:10A39000F2C0DFF18FCBC3A8B2B68696C8C1CBC3DB
:10A3A000F3B0B48898A821DB718D9D71859521D972
:10A3B000ADF2FAD88597A828D9F408D8F28D29DA11
:10A3C000F405D9F285A4C2F2D8A88D9401D1D9F4AC
:10A3D00011F2D88721D8F40AD8F28498A8C801D1FC
:10A3E000D9F411D8F3A4C8BBAFD0F2DEF8F8F8F86E
:10A3F000F8F8F8F8D8F1B8F6B5B9B08A95A3DE3C0C
:10A40000A3D9F8D85CA3D9F8D87CA3D9F8D8F8F99F
:10A41000D1A5D9DFDAFAD8B18530F7D9DED8F8304E
:10A42000ADDADED8F2B48C99A32D557DA083DFDFA1
:10A43000DFB591A0F629D9FBD8A0FC29D9FAD8A07C
:10A44000D051D9F8D8FC51D9F9D879D9FBD8A0D0B6
:10A45000FC79D9FAD8A1F9F9F9F9F9A0DADFDFDF47
:10A46000D8A1F8F8F8F8F8ACDEF8ADDE8393AC2CA0
:10A47000547CF1A8DFDFDFF69D2CDAA0DFD9FADB10
:10A480002DF8D8A850DAA0D0DED9D0F8F8F8DB55EE
:10A49000F8D8A878DAA0D0DFD9D0FAF8F8F8F8DB45
:10A4A0007DF8D89CA88CF530DB38D9D0DEDFA0D081
:10A4B000DEDFD8A848DB58D9DFD0DEA0DFD0DED879
:10A4C000A868DB70D9DFDFA0DFDFD8F1A888902C87
:10A4D000547C98A8D05C38D1DAF2AE8CDFF9D8B0D1
:10A4E00087A8C1C1B188A8C6F9F9DA36D8A8F9DABF
:10A4F00036D8A8F9DA36D8A8F9DA36D8A8F9DA368B
:10A50000D8F78D9DADF818DAF2AEDFD8F7ADFA3096
:10A51000D9A4DEF9D8F2AEDEFAF983A7D9C3C5C74C
:10A52000F1889BA77AADF7DEDFA4F8849408A7979B
:10A53000F300AEF29819A488C6A39488F632DFF22D
:10A540008393DB09D9F2AADFD8D8AEF8F9D1DAF3D0
:10A55000A4DEA7F1889B7AD8F38494AE19F9DAAA1D
:10A56000F1DFD8A881C0C3C5C7A39283F628ADDEAA
:10A57000D9F8D8A350ADD9F8D8A378ADD9F8D8F880
:10A58000F9D1A1DADEC3C5C7D8A18194F818F2B019
:10A5900089ACC3C5C7F1D8B8B4B09786A8319B06BB
:10A5A0009907AB9728889BF00C201440B0B4B8F002
:10A5B000A88A9A285078B79BA829517924705944C1
:10A5C0006938644831F1BBAB88002C547CF0B38B04
:10A5D000B8A804285078F1B088B49726A85998BB39
:10A5E000ABB38B02264666B0B8F08A9CA829517995
:10A5F0008B2951798A2470598B2058718A44693883
:10A600008B3940688A6448318B30496088F1AC00EE
:10A610002C547CF08CA804285078F1889726A859EF
:10A6200098AC8C02264666F0899CA8295179247042
:10A6300059446938644831A98809205970AB1138E8
:10A640004069A8193148608CA83C415C207C00F12D
:10A6500087981986A86E767EA999882D557DD8B1E0
:10A66000B5B9A3DFDFDFAED0DFAAD0DEF2ABF8F9F9
:10A67000D9B087C4AAF1DFDFBBAFDFDFB9D8B1F152
:10A68000A3978E60DFB084F2C8F8F9D9DED893853D
:10A69000F14AB183A308B5839A0810B79F10D8F187
:10A6A000B0BAAEB08AC2B2B68E9EF1FBD9F41DD854
:10A6B000F9D90CF1D8F8F8AD61D9AEFBD8F40CF1AA
:10A6C000D8F8F8AD19D9AEFBDFD8F416F1D8F8AD4B
:10A6D0008D61D9F4F4ACF59C9C8DDF2BBAB6AEFA43
:10A6E000F8F40BD8F1AED0F8AD51DAAEFAF8F1D8F3
:10A6F000B9B1B6A3839C08B9B1839AB5AAC0FD309D
:10A7000083B79F10B58B93F20202D1ABDADED8F19A
:10A71000B080BAABC0C3B284C1C3D8B1B9F38BA304
:10A7200091B609B4D9ABDEB0879CB9A3DDF1B38B88
:10A730008B8B8B8BB087A3A3A3A3B28BB69BF2A307
:10A74000A3A3A3A3A3A3A3A3A3F1B087B59AA3F341
:10A750009BA3A3DCBAACDFB9A3A3A3A3A3A3A3A326
:10A76000A3A3A3A3A3A3A3A3D8D8D8BBB3B7F1AA89
:10A77000F9DAFFD9809AAA28B48098A720B79787DA
:10A78000A86688F07951F1902C870CA78197629385
:10A79000F071716085940129517990A5F1284C6C74
:10A7A000870C95188578A38390284C6C886CD8F317
:10A7B000A28200F210A8921980A2F2D926D8F188BC
:10A7C000A84DD948D896A83980D93CD89580A839C1
:10A7D000A68698D92CDA87A72CD8A8899519A9809C
:10A7E000D938D8A88939A980DA3CD8A82EA83990B8
:10A7F000D90CD8A8953198D90CD8A809D9FFD80177
:10A80000DAFFD89539A9DA26FFD890A80D8999A83A
:10A8100010809821DA2ED88999A83180DA2ED8A80C
:10A8200086963180DA2ED8A8873180DA2ED8A88291
:10A8300092F34180F1D92ED8A882F31980F1D92E54
:10A84000D882ACF3C0A28022F1A62EA72EA922980E
:10A85000A829DAACDEFFD8A2F22AF1A92E8292A8AA
:10A86000F23180A696F1D900AC8C9C0C30ACDED0D5
:10A87000DEFFD88C9CACD010ACDE8092A2F24C8271
:10A88000A8F1CAF235F19688A6D900D8F1FF0000E8
:10A89000555555555555C53F7D6FEB0312D6D4BF61
:10A8A0005544880E55C1C93F3B8F68B52882A4BF67
:10A8B00088B20175E0EF493F09F7FD0DE13D023F28
:10A8C0004B2D8A1C273A03C0C88A599CE52A0040B0
:10A8D00059018D1B6C06E6BF82922EB1C5B8B33FFD
:10A8E0004FBB610567ACDD3F182D4454FB21E93FA8
:10A8F0009BF681D20B73EF3F182D4454FB21F93F97
:10A90000E2652F227F2B7A3C075C143326A6813C1C
:10A91000BDCBF07A8807703C075C143326A6913CC7
:10A92000C4EB98999999C9BF711623FEC671BCBF33
:10A930006D9A74AFF2B0B3BF9AFDDE522DDEADBF9B
:10A940002F6C6A2C44B4A2BF0D5555555555D53FB3
:10A95000FF8300922449C23F6E204CC5CD45B73FCE
:10A96000513DD0A0660DB13FEB0D76244B7BA93F46
:10A9700011DA22E33AAD903F4C5555555555A53F58
:10A980007751C1166CC156BF9015CB19A001FA3E84
:10A99000AD529C804F7E92BEC4B1B4BD9EEE213EAE
:10A9A000D43888BEE9FAA8BD00000000000000000D
:10A9B00000004054FB21F93F3163621A61B4D03D7D
:10A9C0000000601A61B4D03D7370032E8A19A33B56
:10A9D0000000002E8A19A33BC14920259A837B39A8
:10A9E00000000000000000006E83F9A22915444E0B
:10A9F000D15727FCC0DD34F5999562DB4190433C8B
:10AA0000AB6351FE61C5BBDE3A6E24B7E0D24D4266
:10AA1000EA2E49061C92D1091CEB1DFE3EA729B166
:10AA2000F53582E88444BB2E26709CE9417E5FB4F4
:10AA300039D69139F43953838B5F849C3B28F9BD17
:10AA4000FF97F81F0F9805DE8B112FEF1F6D0A5A25
:10AA5000CF7E366DB709CB27663F464F2DEA5F9E06
:10AA6000C7BA27757BF1E5EBF739073DEA92528AC1
:10AA7000B15FFB6B085D8D1FA6F810111111813FAE
:10AA8000D561C119A0012ABF7DFEB157E31DC73EA4
:10AA9000EB9C2B8AE6E55ABE7CD5CF5A3AD9E53DE8
:10AAA0002050726F6475637420494420726561643C
:10AAB000206173203020696E64696361746573205E
:10AAC0006465766963652069732065697468657279
:10AAD00020696E636F6D70617469626C65206F725E
:10AAE00020616E204D5055333035302E0A00000065
:10AAF00010AB000800000020180200003685000896
:10AB000098AB00081802002088050000508C00084F
:10AB1000412D010203040410090607080902040676
:10AB20000884A24A04691832FF29045201034280B2
:10AB30003F234843280FC8429A99993FDA0FC93FEB
:10AB40009A99193E10A11AB40C2904E14D3333B37C
:10AB50003E8421CB840310E1032E40411E1643297D
:10AB60005C8F84076490408FC2F53D031688131AEA
:10AB700020D830096F12833AA69B443B0E143F0A3B
:10AB8000D7A33BE40114EB803F0C13549C1B0848F3
:08AB90000401209A702400006A
:04000005080000ED02
:00000001FF
